Timestamp,Interface Name,Point ID,Flow (MWH),Positive Limit (MWH),Negative Limit (MWH)
01/08/2025 00:00,CENTRAL EAST - VC,23330,2553.87,2625,-9999
01/08/2025 00:00,DYSINGER EAST,23326,1988.52,3200,-9999
01/08/2025 00:00,MOSES SOUTH,23319,246.28,900,-1100
01/08/2025 00:00,SCH - HQ - NY,23324,0,0,0
01/08/2025 00:00,SCH - HQ_CEDARS,325274,-25,90,-100
01/08/2025 00:00,SCH - HQ_IMPORT_EXPORT,325376,0,0,0
01/08/2025 00:00,SCH - NE - NY,23318,-245.33,1400,-1800
01/08/2025 00:00,SCH - NPX_1385,325277,0,0,0
01/08/2025 00:00,SCH - NPX_CSC,325154,25,330,-330
01/08/2025 00:00,SCH - OH - NY,23317,1435.89,2200,-1850
01/08/2025 00:00,SCH - PJ - NY,23316,1409.06,1700,-2400
01/08/2025 00:00,SCH - PJM_HTP,325905,300,660,-660
01/08/2025 00:00,SCH - PJM_NEPTUNE,325305,660,660,-660
01/08/2025 00:00,SCH - PJM_VFT,325658,232,315,-315
01/08/2025 00:00,SPR/DUN-SOUTH,23320,1960.74,4600,-9999
01/08/2025 00:00,TOTAL EAST,23314,4347.73,7550,-9999
01/08/2025 00:00,UPNY CONED,23315,3727.38,6385,-9999
01/08/2025 00:00,WEST CENTRAL,23312,1386.84,9999,-9999
01/08/2025 00:05,CENTRAL EAST - VC,23330,2549.84,2625,-9999
01/08/2025 00:05,DYSINGER EAST,23326,2072.22,3200,-9999
01/08/2025 00:05,MOSES SOUTH,23319,200.43,900,-1100
01/08/2025 00:05,SCH - HQ - NY,23324,0,0,0
01/08/2025 00:05,SCH - HQ_CEDARS,325274,39,90,-100
01/08/2025 00:05,SCH - HQ_IMPORT_EXPORT,325376,0,0,0
01/08/2025 00:05,SCH - NE - NY,23318,-279.39,1400,-1800
01/08/2025 00:05,SCH - NPX_1385,325277,0,0,0
01/08/2025 00:05,SCH - NPX_CSC,325154,0,330,-330
01/08/2025 00:05,SCH - OH - NY,23317,1454.82,2200,-1850
01/08/2025 00:05,SCH - PJ - NY,23316,1411.06,1700,-2400
01/08/2025 00:05,SCH - PJM_HTP,325905,300,660,-660
01/08/2025 00:05,SCH - PJM_NEPTUNE,325305,660,660,-660
01/08/2025 00:05,SCH - PJM_VFT,325658,232,315,-315
01/08/2025 00:05,SPR/DUN-SOUTH,23320,1974.29,4600,-9999
01/08/2025 00:05,TOTAL EAST,23314,4360.31,7550,-9999
01/08/2025 00:05,UPNY CONED,23315,3727.65,6385,-9999
01/08/2025 00:05,WEST CENTRAL,23312,1469.72,9999,-9999
01/08/2025 00:10,CENTRAL EAST - VC,23330,2536,2610,-9999
01/08/2025 00:10,DYSINGER EAST,23326,2091.39,3200,-9999
01/08/2025 00:10,MOSES SOUTH,23319,136.46,900,-1100
01/08/2025 00:10,SCH - HQ - NY,23324,0,0,0
01/08/2025 00:10,SCH - HQ_CEDARS,325274,40,90,-100
01/08/2025 00:10,SCH - HQ_IMPORT_EXPORT,325376,0,0,0
01/08/2025 00:10,SCH - NE - NY,23318,-281.54,1400,-1800
01/08/2025 00:10,SCH - NPX_1385,325277,0,0,0
01/08/2025 00:10,SCH - NPX_CSC,325154,0,330,-330
01/08/2025 00:10,SCH - OH - NY,23317,1454.86,2200,-1850
01/08/2025 00:10,SCH - PJ - NY,23316,1412.23,1700,-2400
01/08/2025 00:10,SCH - PJM_HTP,325905,300,660,-660
01/08/2025 00:10,SCH - PJM_NEPTUNE,325305,660,660,-660
01/08/2025 00:10,SCH - PJM_VFT,325658,232,315,-315
01/08/2025 00:10,SPR/DUN-SOUTH,23320,2003.06,4600,-9999
01/08/2025 00:10,TOTAL EAST,23314,4247.66,7550,-9999
01/08/2025 00:10,UPNY CONED,23315,3717.09,6385,-9999
01/08/2025 00:10,WEST CENTRAL,23312,1491.69,9999,-9999
01/08/2025 00:15,CENTRAL EAST - VC,23330,2520.77,2610,-9999
01/08/2025 00:15,DYSINGER EAST,23326,2087.68,3200,-9999
01/08/2025 00:15,MOSES SOUTH,23319,55.49,900,-1100
01/08/2025 00:15,SCH - HQ - NY,23324,0,0,0
01/08/2025 00:15,SCH - HQ_CEDARS,325274,40,90,-100
01/08/2025 00:15,SCH - HQ_IMPORT_EXPORT,325376,0,0,0
01/08/2025 00:15,SCH - NE - NY,23318,-200.76,1400,-1800
01/08/2025 00:15,SCH - NPX_1385,325277,0,0,0
01/08/2025 00:15,SCH - NPX_CSC,325154,0,330,-330
01/08/2025 00:15,SCH - OH - NY,23317,1450.41,2200,-1850
01/08/2025 00:15,SCH - PJ - NY,23316,1416.84,1700,-2400
01/08/2025 00:15,SCH - PJM_HTP,325905,300,660,-660
01/08/2025 00:15,SCH - PJM_NEPTUNE,325305,660,660,-660
01/08/2025 00:15,SCH - PJM_VFT,325658,232,315,-315
01/08/2025 00:15,SPR/DUN-SOUTH,23320,2016.96,4600,-9999
01/08/2025 00:15,TOTAL EAST,23314,4180.79,7550,-9999
01/08/2025 00:15,UPNY CONED,23315,3731.12,6385,-9999
01/08/2025 00:15,WEST CENTRAL,23312,1497.17,9999,-9999
01/08/2025 00:20,CENTRAL EAST - VC,23330,2520.92,2610,-9999
01/08/2025 00:20,DYSINGER EAST,23326,2009.47,3200,-9999
01/08/2025 00:20,MOSES SOUTH,23319,148.84,900,-1100
01/08/2025 00:20,SCH - HQ - NY,23324,0,0,0
01/08/2025 00:20,SCH - HQ_CEDARS,325274,40,90,-100
01/08/2025 00:20,SCH - HQ_IMPORT_EXPORT,325376,0,0,0
01/08/2025 00:20,SCH - NE - NY,23318,-121.27,1400,-1800
01/08/2025 00:20,SCH - NPX_1385,325277,0,0,0
01/08/2025 00:20,SCH - NPX_CSC,325154,0,330,-330
01/08/2025 00:20,SCH - OH - NY,23317,1451.64,2200,-1850
01/08/2025 00:20,SCH - PJ - NY,23316,1417.22,1700,-2400
01/08/2025 00:20,SCH - PJM_HTP,325905,300,660,-660
01/08/2025 00:20,SCH - PJM_NEPTUNE,325305,660,660,-660
01/08/2025 00:20,SCH - PJM_VFT,325658,232,315,-315
01/08/2025 00:20,SPR/DUN-SOUTH,23320,2046.91,4600,-9999
01/08/2025 00:20,TOTAL EAST,23314,4171.97,7550,-9999
01/08/2025 00:20,UPNY CONED,23315,3793.33,6385,-9999
01/08/2025 00:20,WEST CENTRAL,23312,1432.78,9999,-9999
01/08/2025 00:25,CENTRAL EAST - VC,23330,2518.5,2610,-9999
01/08/2025 00:25,DYSINGER EAST,23326,2104.81,3200,-9999
01/08/2025 00:25,MOSES SOUTH,23319,192.46,900,-1100
01/08/2025 00:25,SCH - HQ - NY,23324,0,0,0
01/08/2025 00:25,SCH - HQ_CEDARS,325274,40,90,-100
01/08/2025 00:25,SCH - HQ_IMPORT_EXPORT,325376,0,0,0
01/08/2025 00:25,SCH - NE - NY,23318,-121.29,1400,-1800
01/08/2025 00:25,SCH - NPX_1385,325277,0,0,0
01/08/2025 00:25,SCH - NPX_CSC,325154,0,330,-330
01/08/2025 00:25,SCH - OH - NY,23317,1452.9,2200,-1850
01/08/2025 00:25,SCH - PJ - NY,23316,1414.11,1700,-2400
01/08/2025 00:25,SCH - PJM_HTP,325905,300,660,-660
01/08/2025 00:25,SCH - PJM_NEPTUNE,325305,660,660,-660
01/08/2025 00:25,SCH - PJM_VFT,325658,232,315,-315
01/08/2025 00:25,SPR/DUN-SOUTH,23320,2050.55,4600,-9999
01/08/2025 00:25,TOTAL EAST,23314,4196.81,7550,-9999
01/08/2025 00:25,UPNY CONED,23315,3801.41,6385,-9999
01/08/2025 00:25,WEST CENTRAL,23312,1527.16,9999,-9999
01/08/2025 00:30,CENTRAL EAST - VC,23330,2519.26,2610,-9999
01/08/2025 00:30,DYSINGER EAST,23326,1907.77,3200,-9999
01/08/2025 00:30,MOSES SOUTH,23319,304.62,900,-1100
01/08/2025 00:30,SCH - HQ - NY,23324,0,0,0
01/08/2025 00:30,SCH - HQ_CEDARS,325274,40,90,-100
01/08/2025 00:30,SCH - HQ_IMPORT_EXPORT,325376,0,0,0
01/08/2025 00:30,SCH - NE - NY,23318,1.33,1400,-1800
01/08/2025 00:30,SCH - NPX_1385,325277,0,0,0
01/08/2025 00:30,SCH - NPX_CSC,325154,0,330,-330
01/08/2025 00:30,SCH - OH - NY,23317,1450.73,2200,-1850
01/08/2025 00:30,SCH - PJ - NY,23316,1418.33,1700,-2400
01/08/2025 00:30,SCH - PJM_HTP,325905,300,660,-660
01/08/2025 00:30,SCH - PJM_NEPTUNE,325305,660,660,-660
01/08/2025 00:30,SCH - PJM_VFT,325658,232,315,-315
01/08/2025 00:30,SPR/DUN-SOUTH,23320,2125.93,4600,-9999
01/08/2025 00:30,TOTAL EAST,23314,4267.6,7550,-9999
01/08/2025 00:30,UPNY CONED,23315,3874.06,6385,-9999
01/08/2025 00:30,WEST CENTRAL,23312,1336.59,9999,-9999
01/08/2025 00:35,CENTRAL EAST - VC,23330,2504.04,2610,-9999
01/08/2025 00:35,DYSINGER EAST,23326,1794.83,3200,-9999
01/08/2025 00:35,MOSES SOUTH,23319,346.46,900,-1100
01/08/2025 00:35,SCH - HQ - NY,23324,0,0,0
01/08/2025 00:35,SCH - HQ_CEDARS,325274,40,90,-100
01/08/2025 00:35,SCH - HQ_IMPORT_EXPORT,325376,0,0,0
01/08/2025 00:35,SCH - NE - NY,23318,125.04,1400,-1800
01/08/2025 00:35,SCH - NPX_1385,325277,0,0,0
01/08/2025 00:35,SCH - NPX_CSC,325154,0,330,-330
01/08/2025 00:35,SCH - OH - NY,23317,1454.81,2200,-1850
01/08/2025 00:35,SCH - PJ - NY,23316,1417.98,1700,-2400
01/08/2025 00:35,SCH - PJM_HTP,325905,300,660,-660
01/08/2025 00:35,SCH - PJM_NEPTUNE,325305,660,660,-660
01/08/2025 00:35,SCH - PJM_VFT,325658,232,315,-315
01/08/2025 00:35,SPR/DUN-SOUTH,23320,2216.26,4600,-9999
01/08/2025 00:35,TOTAL EAST,23314,4343.21,7550,-9999
01/08/2025 00:35,UPNY CONED,23315,3970.65,6385,-9999
01/08/2025 00:35,WEST CENTRAL,23312,1232.46,9999,-9999
01/08/2025 00:40,CENTRAL EAST - VC,23330,2504.68,2610,-9999
01/08/2025 00:40,DYSINGER EAST,23326,1882.06,3200,-9999
01/08/2025 00:40,MOSES SOUTH,23319,258.36,900,-1100
01/08/2025 00:40,SCH - HQ - NY,23324,0,0,0
01/08/2025 00:40,SCH - HQ_CEDARS,325274,40,90,-100
01/08/2025 00:40,SCH - HQ_IMPORT_EXPORT,325376,0,0,0
01/08/2025 00:40,SCH - NE - NY,23318,125.08,1400,-1800
01/08/2025 00:40,SCH - NPX_1385,325277,0,0,0
01/08/2025 00:40,SCH - NPX_CSC,325154,0,330,-330
01/08/2025 00:40,SCH - OH - NY,23317,1454.63,2200,-1850
01/08/2025 00:40,SCH - PJ - NY,23316,1412,1700,-2400
01/08/2025 00:40,SCH - PJM_HTP,325905,300,660,-660
01/08/2025 00:40,SCH - PJM_NEPTUNE,325305,660,660,-660
01/08/2025 00:40,SCH - PJM_VFT,325658,232,315,-315
01/08/2025 00:40,SPR/DUN-SOUTH,23320,2245.39,4600,-9999
01/08/2025 00:40,TOTAL EAST,23314,4414.93,7550,-9999
01/08/2025 00:40,UPNY CONED,23315,3998.98,6385,-9999
01/08/2025 00:40,WEST CENTRAL,23312,1308.36,9999,-9999
01/08/2025 00:45,CENTRAL EAST - VC,23330,2473.44,2585,-9999
01/08/2025 00:45,DYSINGER EAST,23326,1746.91,3200,-9999
01/08/2025 00:45,MOSES SOUTH,23319,210.95,900,-1100
01/08/2025 00:45,SCH - HQ - NY,23324,0,0,0
01/08/2025 00:45,SCH - HQ_CEDARS,325274,40,90,-100
01/08/2025 00:45,SCH - HQ_IMPORT_EXPORT,325376,0,0,0
01/08/2025 00:45,SCH - NE - NY,23318,155.08,1400,-1800
01/08/2025 00:45,SCH - NPX_1385,325277,0,0,0
01/08/2025 00:45,SCH - NPX_CSC,325154,0,330,-330
01/08/2025 00:45,SCH - OH - NY,23317,1454.44,2200,-1850
01/08/2025 00:45,SCH - PJ - NY,23316,1415.81,1700,-2400
01/08/2025 00:45,SCH - PJM_HTP,325905,300,660,-660
01/08/2025 00:45,SCH - PJM_NEPTUNE,325305,660,660,-660
01/08/2025 00:45,SCH - PJM_VFT,325658,232,315,-315
01/08/2025 00:45,SPR/DUN-SOUTH,23320,2200.49,4600,-9999
01/08/2025 00:45,TOTAL EAST,23314,4328.01,7550,-9999
01/08/2025 00:45,UPNY CONED,23315,3941.36,6385,-9999
01/08/2025 00:45,WEST CENTRAL,23312,1175.25,9999,-9999
01/08/2025 00:50,CENTRAL EAST - VC,23330,2472.13,2585,-9999
01/08/2025 00:50,DYSINGER EAST,23326,1714.19,3200,-9999
01/08/2025 00:50,MOSES SOUTH,23319,227.3,900,-1100
01/08/2025 00:50,SCH - HQ - NY,23324,0,0,0
01/08/2025 00:50,SCH - HQ_CEDARS,325274,40,90,-100
01/08/2025 00:50,SCH - HQ_IMPORT_EXPORT,325376,0,0,0
01/08/2025 00:50,SCH - NE - NY,23318,185.96,1400,-1800
01/08/2025 00:50,SCH - NPX_1385,325277,0,0,0
01/08/2025 00:50,SCH - NPX_CSC,325154,0,330,-330
01/08/2025 00:50,SCH - OH - NY,23317,1454.42,2200,-1850
01/08/2025 00:50,SCH - PJ - NY,23316,1416.67,1700,-2400
01/08/2025 00:50,SCH - PJM_HTP,325905,300,660,-660
01/08/2025 00:50,SCH - PJM_NEPTUNE,325305,660,660,-660
01/08/2025 00:50,SCH - PJM_VFT,325658,232,315,-315
01/08/2025 00:50,SPR/DUN-SOUTH,23320,2212.92,4600,-9999
01/08/2025 00:50,TOTAL EAST,23314,4308.71,7550,-9999
01/08/2025 00:50,UPNY CONED,23315,3951.15,6385,-9999
01/08/2025 00:50,WEST CENTRAL,23312,1154.12,9999,-9999
01/08/2025 00:55,CENTRAL EAST - VC,23330,2495.99,2585,-9999
01/08/2025 00:55,DYSINGER EAST,23326,1757.85,3200,-9999
01/08/2025 00:55,MOSES SOUTH,23319,392.95,900,-1100
01/08/2025 00:55,SCH - HQ - NY,23324,0,0,0
01/08/2025 00:55,SCH - HQ_CEDARS,325274,40,90,-100
01/08/2025 00:55,SCH - HQ_IMPORT_EXPORT,325376,0,0,0
01/08/2025 00:55,SCH - NE - NY,23318,185.98,1400,-1800
01/08/2025 00:55,SCH - NPX_1385,325277,0,0,0
01/08/2025 00:55,SCH - NPX_CSC,325154,0,330,-330
01/08/2025 00:55,SCH - OH - NY,23317,1450.01,2200,-1850
01/08/2025 00:55,SCH - PJ - NY,23316,1419.34,1700,-2400
01/08/2025 00:55,SCH - PJM_HTP,325905,300,660,-660
01/08/2025 00:55,SCH - PJM_NEPTUNE,325305,660,660,-660
01/08/2025 00:55,SCH - PJM_VFT,325658,232,315,-315
01/08/2025 00:55,SPR/DUN-SOUTH,23320,2217.39,4600,-9999
01/08/2025 00:55,TOTAL EAST,23314,4283.59,7550,-9999
01/08/2025 00:55,UPNY CONED,23315,3967.36,6385,-9999
01/08/2025 00:55,WEST CENTRAL,23312,1197.51,9999,-9999
01/08/2025 01:00,CENTRAL EAST - VC,23330,2490.68,2585,-9999
01/08/2025 01:00,DYSINGER EAST,23326,1809.93,3200,-9999
01/08/2025 01:00,MOSES SOUTH,23319,358.1,900,-1100
01/08/2025 01:00,SCH - HQ - NY,23324,0,0,0
01/08/2025 01:00,SCH - HQ_CEDARS,325274,-16,90,-100
01/08/2025 01:00,SCH - HQ_IMPORT_EXPORT,325376,0,0,0
01/08/2025 01:00,SCH - NE - NY,23318,36.21,1400,-1800
01/08/2025 01:00,SCH - NPX_1385,325277,0,0,0
01/08/2025 01:00,SCH - NPX_CSC,325154,0,330,-330
01/08/2025 01:00,SCH - OH - NY,23317,1526.78,2200,-1850
01/08/2025 01:00,SCH - PJ - NY,23316,1415.22,1700,-2400
01/08/2025 01:00,SCH - PJM_HTP,325905,300,660,-660
01/08/2025 01:00,SCH - PJM_NEPTUNE,325305,660,660,-660
01/08/2025 01:00,SCH - PJM_VFT,325658,232,315,-315
01/08/2025 01:00,SPR/DUN-SOUTH,23320,2180.71,4600,-9999
01/08/2025 01:00,TOTAL EAST,23314,4364.05,7550,-9999
01/08/2025 01:00,UPNY CONED,23315,3930.26,6385,-9999
01/08/2025 01:00,WEST CENTRAL,23312,1247.72,9999,-9999
01/08/2025 01:05,CENTRAL EAST - VC,23330,2491.03,2585,-9999
01/08/2025 01:05,DYSINGER EAST,23326,1790.61,3200,-9999
01/08/2025 01:05,MOSES SOUTH,23319,329.25,900,-1100
01/08/2025 01:05,SCH - HQ - NY,23324,0,0,0
01/08/2025 01:05,SCH - HQ_CEDARS,325274,-71,90,-100
01/08/2025 01:05,SCH - HQ_IMPORT_EXPORT,325376,0,0,0
01/08/2025 01:05,SCH - NE - NY,23318,-113.24,1400,-1800
01/08/2025 01:05,SCH - NPX_1385,325277,0,0,0
01/08/2025 01:05,SCH - NPX_CSC,325154,0,330,-330
01/08/2025 01:05,SCH - OH - NY,23317,1599.95,2200,-1850
01/08/2025 01:05,SCH - PJ - NY,23316,1415.03,1700,-2400
01/08/2025 01:05,SCH - PJM_HTP,325905,300,660,-660
01/08/2025 01:05,SCH - PJM_NEPTUNE,325305,660,660,-660
01/08/2025 01:05,SCH - PJM_VFT,325658,232,315,-315
01/08/2025 01:05,SPR/DUN-SOUTH,23320,2121.5,4600,-9999
01/08/2025 01:05,TOTAL EAST,23314,4407.97,7550,-9999
01/08/2025 01:05,UPNY CONED,23315,3860,6385,-9999
01/08/2025 01:05,WEST CENTRAL,23312,1228.69,9999,-9999
01/08/2025 01:10,CENTRAL EAST - VC,23330,2491.01,2585,-9999
01/08/2025 01:10,DYSINGER EAST,23326,1707.54,3200,-9999
01/08/2025 01:10,MOSES SOUTH,23319,318.24,900,-1100
01/08/2025 01:10,SCH - HQ - NY,23324,0,0,0
01/08/2025 01:10,SCH - HQ_CEDARS,325274,-71,90,-100
01/08/2025 01:10,SCH - HQ_IMPORT_EXPORT,325376,0,0,0
01/08/2025 01:10,SCH - NE - NY,23318,-115.01,1400,-1800
01/08/2025 01:10,SCH - NPX_1385,325277,0,0,0
01/08/2025 01:10,SCH - NPX_CSC,325154,0,330,-330
01/08/2025 01:10,SCH - OH - NY,23317,1599.98,2200,-1850
01/08/2025 01:10,SCH - PJ - NY,23316,1415,1700,-2400
01/08/2025 01:10,SCH - PJM_HTP,325905,300,660,-660
01/08/2025 01:10,SCH - PJM_NEPTUNE,325305,660,660,-660
01/08/2025 01:10,SCH - PJM_VFT,325658,232,315,-315
01/08/2025 01:10,SPR/DUN-SOUTH,23320,2116.61,4600,-9999
01/08/2025 01:10,TOTAL EAST,23314,4409.65,7550,-9999
01/08/2025 01:10,UPNY CONED,23315,3839.72,6385,-9999
01/08/2025 01:10,WEST CENTRAL,23312,1153.72,9999,-9999
01/08/2025 01:15,CENTRAL EAST - VC,23330,2481.31,2585,-9999
01/08/2025 01:15,DYSINGER EAST,23326,1714.06,3200,-9999
01/08/2025 01:15,MOSES SOUTH,23319,352.25,900,-1100
01/08/2025 01:15,SCH - HQ - NY,23324,0,0,0
01/08/2025 01:15,SCH - HQ_CEDARS,325274,-71,90,-100
01/08/2025 01:15,SCH - HQ_IMPORT_EXPORT,325376,0,0,0
01/08/2025 01:15,SCH - NE - NY,23318,-55.06,1400,-1800
01/08/2025 01:15,SCH - NPX_1385,325277,0,0,0
01/08/2025 01:15,SCH - NPX_CSC,325154,0,330,-330
01/08/2025 01:15,SCH - OH - NY,23317,1600.11,2200,-1850
01/08/2025 01:15,SCH - PJ - NY,23316,1414.57,1700,-2400
01/08/2025 01:15,SCH - PJM_HTP,325905,300,660,-660
01/08/2025 01:15,SCH - PJM_NEPTUNE,325305,660,660,-660
01/08/2025 01:15,SCH - PJM_VFT,325658,232,315,-315
01/08/2025 01:15,SPR/DUN-SOUTH,23320,2135.7,4600,-9999
01/08/2025 01:15,TOTAL EAST,23314,4447.51,7550,-9999
01/08/2025 01:15,UPNY CONED,23315,3848.56,6385,-9999
01/08/2025 01:15,WEST CENTRAL,23312,1163.72,9999,-9999
01/08/2025 01:20,CENTRAL EAST - VC,23330,2473,2585,-9999
01/08/2025 01:20,DYSINGER EAST,23326,1661.39,3200,-9999
01/08/2025 01:20,MOSES SOUTH,23319,333.58,900,-1100
01/08/2025 01:20,SCH - HQ - NY,23324,0,0,0
01/08/2025 01:20,SCH - HQ_CEDARS,325274,-71,90,-100
01/08/2025 01:20,SCH - HQ_IMPORT_EXPORT,325376,0,0,0
01/08/2025 01:20,SCH - NE - NY,23318,4.93,1400,-1800
01/08/2025 01:20,SCH - NPX_1385,325277,0,0,0
01/08/2025 01:20,SCH - NPX_CSC,325154,0,330,-330
01/08/2025 01:20,SCH - OH - NY,23317,1600.11,2200,-1850
01/08/2025 01:20,SCH - PJ - NY,23316,1413.3,1700,-2400
01/08/2025 01:20,SCH - PJM_HTP,325905,300,660,-660
01/08/2025 01:20,SCH - PJM_NEPTUNE,325305,660,660,-660
01/08/2025 01:20,SCH - PJM_VFT,325658,232,315,-315
01/08/2025 01:20,SPR/DUN-SOUTH,23320,2181.77,4600,-9999
01/08/2025 01:20,TOTAL EAST,23314,4421.99,7550,-9999
01/08/2025 01:20,UPNY CONED,23315,3891.11,6385,-9999
01/08/2025 01:20,WEST CENTRAL,23312,1111.79,9999,-9999
01/08/2025 01:25,CENTRAL EAST - VC,23330,2473.93,2585,-9999
01/08/2025 01:25,DYSINGER EAST,23326,1602.14,3200,-9999
01/08/2025 01:25,MOSES SOUTH,23319,308.51,900,-1100
01/08/2025 01:25,SCH - HQ - NY,23324,0,0,0
01/08/2025 01:25,SCH - HQ_CEDARS,325274,-71,90,-100
01/08/2025 01:25,SCH - HQ_IMPORT_EXPORT,325376,0,0,0
01/08/2025 01:25,SCH - NE - NY,23318,4.95,1400,-1800
01/08/2025 01:25,SCH - NPX_1385,325277,0,0,0
01/08/2025 01:25,SCH - NPX_CSC,325154,0,330,-330
01/08/2025 01:25,SCH - OH - NY,23317,1600.21,2200,-1850
01/08/2025 01:25,SCH - PJ - NY,23316,1415.18,1700,-2400
01/08/2025 01:25,SCH - PJM_HTP,325905,300,660,-660
01/08/2025 01:25,SCH - PJM_NEPTUNE,325305,660,660,-660
01/08/2025 01:25,SCH - PJM_VFT,325658,232,315,-315
01/08/2025 01:25,SPR/DUN-SOUTH,23320,2215.99,4600,-9999
01/08/2025 01:25,TOTAL EAST,23314,4463.04,7550,-9999
01/08/2025 01:25,UPNY CONED,23315,3921.55,6385,-9999
01/08/2025 01:25,WEST CENTRAL,23312,1053.1,9999,-9999
01/08/2025 01:30,CENTRAL EAST - VC,23330,2484.18,2585,-9999
01/08/2025 01:30,DYSINGER EAST,23326,1795.94,3200,-9999
01/08/2025 01:30,MOSES SOUTH,23319,314.24,900,-1100
01/08/2025 01:30,SCH - HQ - NY,23324,0,0,0
01/08/2025 01:30,SCH - HQ_CEDARS,325274,-71,90,-100
01/08/2025 01:30,SCH - HQ_IMPORT_EXPORT,325376,0,0,0
01/08/2025 01:30,SCH - NE - NY,23318,-27.97,1400,-1800
01/08/2025 01:30,SCH - NPX_1385,325277,0,0,0
01/08/2025 01:30,SCH - NPX_CSC,325154,0,330,-330
01/08/2025 01:30,SCH - OH - NY,23317,1600.2,2200,-1850
01/08/2025 01:30,SCH - PJ - NY,23316,1408.59,1700,-2400
01/08/2025 01:30,SCH - PJM_HTP,325905,300,660,-660
01/08/2025 01:30,SCH - PJM_NEPTUNE,325305,660,660,-660
01/08/2025 01:30,SCH - PJM_VFT,325658,232,315,-315
01/08/2025 01:30,SPR/DUN-SOUTH,23320,2199.4,4600,-9999
01/08/2025 01:30,TOTAL EAST,23314,4598.7,7550,-9999
01/08/2025 01:30,UPNY CONED,23315,3907.59,6385,-9999
01/08/2025 01:30,WEST CENTRAL,23312,1238.46,9999,-9999
01/08/2025 01:35,CENTRAL EAST - VC,23330,2473.59,2585,-9999
01/08/2025 01:35,DYSINGER EAST,23326,1749.56,3200,-9999
01/08/2025 01:35,MOSES SOUTH,23319,336.76,900,-1100
01/08/2025 01:35,SCH - HQ - NY,23324,0,0,0
01/08/2025 01:35,SCH - HQ_CEDARS,325274,-71,90,-100
01/08/2025 01:35,SCH - HQ_IMPORT_EXPORT,325376,0,0,0
01/08/2025 01:35,SCH - NE - NY,23318,-62.02,1400,-1800
01/08/2025 01:35,SCH - NPX_1385,325277,0,0,0
01/08/2025 01:35,SCH - NPX_CSC,325154,0,330,-330
01/08/2025 01:35,SCH - OH - NY,23317,1600.15,2200,-1850
01/08/2025 01:35,SCH - PJ - NY,23316,1417.76,1700,-2400
01/08/2025 01:35,SCH - PJM_HTP,325905,300,660,-660
01/08/2025 01:35,SCH - PJM_NEPTUNE,325305,660,660,-660
01/08/2025 01:35,SCH - PJM_VFT,325658,232,315,-315
01/08/2025 01:35,SPR/DUN-SOUTH,23320,2155.7,4600,-9999
01/08/2025 01:35,TOTAL EAST,23314,4496.74,7550,-9999
01/08/2025 01:35,UPNY CONED,23315,3864.65,6385,-9999
01/08/2025 01:35,WEST CENTRAL,23312,1194.64,9999,-9999
01/08/2025 01:39,CENTRAL EAST - VC,23330,2484.01,2585,-9999
01/08/2025 01:39,DYSINGER EAST,23326,1764.92,3200,-9999
01/08/2025 01:39,MOSES SOUTH,23319,282.7,900,-1100
01/08/2025 01:39,SCH - HQ - NY,23324,0,0,0
01/08/2025 01:39,SCH - HQ_CEDARS,325274,-71,90,-100
01/08/2025 01:39,SCH - HQ_IMPORT_EXPORT,325376,0,0,0
01/08/2025 01:39,SCH - NE - NY,23318,-62.07,1400,-1800
01/08/2025 01:39,SCH - NPX_1385,325277,0,0,0
01/08/2025 01:39,SCH - NPX_CSC,325154,0,330,-330
01/08/2025 01:39,SCH - OH - NY,23317,1600.06,2200,-1850
01/08/2025 01:39,SCH - PJ - NY,23316,1421.84,1700,-2400
01/08/2025 01:39,SCH - PJM_HTP,325905,300,660,-660
01/08/2025 01:39,SCH - PJM_NEPTUNE,325305,660,660,-660
01/08/2025 01:39,SCH - PJM_VFT,325658,232,315,-315
01/08/2025 01:39,SPR/DUN-SOUTH,23320,2117.2,4600,-9999
01/08/2025 01:39,TOTAL EAST,23314,4404.09,7550,-9999
01/08/2025 01:39,UPNY CONED,23315,3799.83,6385,-9999
01/08/2025 01:39,WEST CENTRAL,23312,1210.77,9999,-9999
01/08/2025 01:40,CENTRAL EAST - VC,23330,2477.45,2585,-9999
01/08/2025 01:40,CENTRAL EAST - VC,23330,2474.43,2585,-9999
01/08/2025 01:40,DYSINGER EAST,23326,1701.93,3200,-9999
01/08/2025 01:40,DYSINGER EAST,23326,1750.92,3200,-9999
01/08/2025 01:40,MOSES SOUTH,23319,337.85,900,-1100
01/08/2025 01:40,MOSES SOUTH,23319,273.29,900,-1100
01/08/2025 01:40,SCH - HQ - NY,23324,0,0,0
01/08/2025 01:40,SCH - HQ - NY,23324,0,0,0
01/08/2025 01:40,SCH - HQ_CEDARS,325274,-71,90,-100
01/08/2025 01:40,SCH - HQ_CEDARS,325274,-71,90,-100
01/08/2025 01:40,SCH - HQ_IMPORT_EXPORT,325376,0,0,0
01/08/2025 01:40,SCH - HQ_IMPORT_EXPORT,325376,0,0,0
01/08/2025 01:40,SCH - NE - NY,23318,-62.05,1400,-1800
01/08/2025 01:40,SCH - NE - NY,23318,-62.06,1400,-1800
01/08/2025 01:40,SCH - NPX_1385,325277,0,0,0
01/08/2025 01:40,SCH - NPX_1385,325277,0,0,0
01/08/2025 01:40,SCH - NPX_CSC,325154,0,330,-330
01/08/2025 01:40,SCH - NPX_CSC,325154,0,330,-330
01/08/2025 01:40,SCH - OH - NY,23317,1600.09,2200,-1850
01/08/2025 01:40,SCH - OH - NY,23317,1600.15,2200,-1850
01/08/2025 01:40,SCH - PJ - NY,23316,1414.49,1700,-2400
01/08/2025 01:40,SCH - PJ - NY,23316,1415.88,1700,-2400
01/08/2025 01:40,SCH - PJM_HTP,325905,300,660,-660
01/08/2025 01:40,SCH - PJM_HTP,325905,300,660,-660
01/08/2025 01:40,SCH - PJM_NEPTUNE,325305,660,660,-660
01/08/2025 01:40,SCH - PJM_NEPTUNE,325305,660,660,-660
01/08/2025 01:40,SCH - PJM_VFT,325658,232,315,-315
01/08/2025 01:40,SCH - PJM_VFT,325658,232,315,-315
01/08/2025 01:40,SPR/DUN-SOUTH,23320,2164.92,4600,-9999
01/08/2025 01:40,SPR/DUN-SOUTH,23320,2125.42,4600,-9999
01/08/2025 01:40,TOTAL EAST,23314,4405.74,7550,-9999
01/08/2025 01:40,TOTAL EAST,23314,4473.87,7550,-9999
01/08/2025 01:40,UPNY CONED,23315,3803.89,6385,-9999
01/08/2025 01:40,UPNY CONED,23315,3843.86,6385,-9999
01/08/2025 01:40,WEST CENTRAL,23312,1153.13,9999,-9999
01/08/2025 01:40,WEST CENTRAL,23312,1198.1,9999,-9999
01/08/2025 01:50,CENTRAL EAST - VC,23330,2478.16,2585,-9999
01/08/2025 01:50,DYSINGER EAST,23326,1713.7,3200,-9999
01/08/2025 01:50,MOSES SOUTH,23319,271.86,900,-1100
01/08/2025 01:50,SCH - HQ - NY,23324,0,0,0
01/08/2025 01:50,SCH - HQ_CEDARS,325274,-71,90,-100
01/08/2025 01:50,SCH - HQ_IMPORT_EXPORT,325376,0,0,0
01/08/2025 01:50,SCH - NE - NY,23318,139.94,1400,-1800
01/08/2025 01:50,SCH - NPX_1385,325277,0,0,0
01/08/2025 01:50,SCH - NPX_CSC,325154,0,330,-330
01/08/2025 01:50,SCH - OH - NY,23317,1600.27,2200,-1850
01/08/2025 01:50,SCH - PJ - NY,23316,1416.79,1700,-2400
01/08/2025 01:50,SCH - PJM_HTP,325905,300,660,-660
01/08/2025 01:50,SCH - PJM_NEPTUNE,325305,660,660,-660
01/08/2025 01:50,SCH - PJM_VFT,325658,232,315,-315
01/08/2025 01:50,SPR/DUN-SOUTH,23320,2366.76,4600,-9999
01/08/2025 01:50,TOTAL EAST,23314,4450.86,7550,-9999
01/08/2025 01:50,UPNY CONED,23315,4050.29,6385,-9999
01/08/2025 01:50,WEST CENTRAL,23312,1164.12,9999,-9999
01/08/2025 01:55,CENTRAL EAST - VC,23330,2485.13,2585,-9999
01/08/2025 01:55,DYSINGER EAST,23326,1845.75,3200,-9999
01/08/2025 01:55,MOSES SOUTH,23319,284.65,900,-1100
01/08/2025 01:55,SCH - HQ - NY,23324,0,0,0
01/08/2025 01:55,SCH - HQ_CEDARS,325274,-71,90,-100
01/08/2025 01:55,SCH - HQ_IMPORT_EXPORT,325376,0,0,0
01/08/2025 01:55,SCH - NE - NY,23318,139.96,1400,-1800
01/08/2025 01:55,SCH - NPX_1385,325277,0,0,0
01/08/2025 01:55,SCH - NPX_CSC,325154,0,330,-330
01/08/2025 01:55,SCH - OH - NY,23317,1600.27,2200,-1850
01/08/2025 01:55,SCH - PJ - NY,23316,1419.16,1700,-2400
01/08/2025 01:55,SCH - PJM_HTP,325905,300,660,-660
01/08/2025 01:55,SCH - PJM_NEPTUNE,325305,660,660,-660
01/08/2025 01:55,SCH - PJM_VFT,325658,232,315,-315
01/08/2025 01:55,SPR/DUN-SOUTH,23320,2325.05,4600,-9999
01/08/2025 01:55,TOTAL EAST,23314,4556,7550,-9999
01/08/2025 01:55,UPNY CONED,23315,4012.18,6385,-9999
01/08/2025 01:55,WEST CENTRAL,23312,1292.59,9999,-9999
01/08/2025 02:00,CENTRAL EAST - VC,23330,2488.82,2585,-9999
01/08/2025 02:00,DYSINGER EAST,23326,1810.07,3200,-9999
01/08/2025 02:00,MOSES SOUTH,23319,281.33,900,-1100
01/08/2025 02:00,SCH - HQ - NY,23324,0,0,0
01/08/2025 02:00,SCH - HQ_CEDARS,325274,-71,90,-100
01/08/2025 02:00,SCH - HQ_IMPORT_EXPORT,325376,0,0,0
01/08/2025 02:00,SCH - NE - NY,23318,5.94,1400,-1800
01/08/2025 02:00,SCH - NPX_1385,325277,0,0,0
01/08/2025 02:00,SCH - NPX_CSC,325154,0,330,-330
01/08/2025 02:00,SCH - OH - NY,23317,1537.21,2200,-1850
01/08/2025 02:00,SCH - PJ - NY,23316,1417.07,1700,-2400
01/08/2025 02:00,SCH - PJM_HTP,325905,300,660,-660
01/08/2025 02:00,SCH - PJM_NEPTUNE,325305,660,660,-660
01/08/2025 02:00,SCH - PJM_VFT,325658,232,315,-315
01/08/2025 02:00,SPR/DUN-SOUTH,23320,2305.87,4600,-9999
01/08/2025 02:00,TOTAL EAST,23314,4490.27,7550,-9999
01/08/2025 02:00,UPNY CONED,23315,3990.09,6385,-9999
01/08/2025 02:00,WEST CENTRAL,23312,1256.56,9999,-9999
01/08/2025 02:05,CENTRAL EAST - VC,23330,2478.98,2585,-9999
01/08/2025 02:05,DYSINGER EAST,23326,1597.95,3200,-9999
01/08/2025 02:05,MOSES SOUTH,23319,285.69,900,-1100
01/08/2025 02:05,SCH - HQ - NY,23324,0,0,0
01/08/2025 02:05,SCH - HQ_CEDARS,325274,-71,90,-100
01/08/2025 02:05,SCH - HQ_IMPORT_EXPORT,325376,0,0,0
01/08/2025 02:05,SCH - NE - NY,23318,-126.94,1400,-1800
01/08/2025 02:05,SCH - NPX_1385,325277,0,0,0
01/08/2025 02:05,SCH - NPX_CSC,325154,0,330,-330
01/08/2025 02:05,SCH - OH - NY,23317,1475.51,2200,-1850
01/08/2025 02:05,SCH - PJ - NY,23316,1415.25,1700,-2400
01/08/2025 02:05,SCH - PJM_HTP,325905,300,660,-660
01/08/2025 02:05,SCH - PJM_NEPTUNE,325305,660,660,-660
01/08/2025 02:05,SCH - PJM_VFT,325658,232,315,-315
01/08/2025 02:05,SPR/DUN-SOUTH,23320,2221.09,4600,-9999
01/08/2025 02:05,TOTAL EAST,23314,4536.34,7550,-9999
01/08/2025 02:05,UPNY CONED,23315,3898.92,6385,-9999
01/08/2025 02:05,WEST CENTRAL,23312,1060.29,9999,-9999
01/08/2025 02:10,CENTRAL EAST - VC,23330,2493.61,2585,-9999
01/08/2025 02:10,DYSINGER EAST,23326,1708.31,3200,-9999
01/08/2025 02:10,MOSES SOUTH,23319,307.57,900,-1100
01/08/2025 02:10,SCH - HQ - NY,23324,0,0,0
01/08/2025 02:10,SCH - HQ_CEDARS,325274,-71,90,-100
01/08/2025 02:10,SCH - HQ_IMPORT_EXPORT,325376,0,0,0
01/08/2025 02:10,SCH - NE - NY,23318,-128.13,1400,-1800
01/08/2025 02:10,SCH - NPX_1385,325277,0,0,0
01/08/2025 02:10,SCH - NPX_CSC,325154,0,330,-330
01/08/2025 02:10,SCH - OH - NY,23317,1475.23,2200,-1850
01/08/2025 02:10,SCH - PJ - NY,23316,1418.45,1700,-2400
01/08/2025 02:10,SCH - PJM_HTP,325905,300,660,-660
01/08/2025 02:10,SCH - PJM_NEPTUNE,325305,660,660,-660
01/08/2025 02:10,SCH - PJM_VFT,325658,232,315,-315
01/08/2025 02:10,SPR/DUN-SOUTH,23320,2216.26,4600,-9999
01/08/2025 02:10,TOTAL EAST,23314,4469.09,7550,-9999
01/08/2025 02:10,UPNY CONED,23315,3889.99,6385,-9999
01/08/2025 02:10,WEST CENTRAL,23312,1165.53,9999,-9999
01/08/2025 02:15,CENTRAL EAST - VC,23330,2483.91,2585,-9999
01/08/2025 02:15,DYSINGER EAST,23326,1658.57,3200,-9999
01/08/2025 02:15,MOSES SOUTH,23319,302.16,900,-1100
01/08/2025 02:15,SCH - HQ - NY,23324,0,0,0
01/08/2025 02:15,SCH - HQ_CEDARS,325274,-71,90,-100
01/08/2025 02:15,SCH - HQ_IMPORT_EXPORT,325376,0,0,0
01/08/2025 02:15,SCH - NE - NY,23318,-90.99,1400,-1800
01/08/2025 02:15,SCH - NPX_1385,325277,0,0,0
01/08/2025 02:15,SCH - NPX_CSC,325154,0,330,-330
01/08/2025 02:15,SCH - OH - NY,23317,1475.25,2200,-1850
01/08/2025 02:15,SCH - PJ - NY,23316,1418.33,1700,-2400
01/08/2025 02:15,SCH - PJM_HTP,325905,300,660,-660
01/08/2025 02:15,SCH - PJM_NEPTUNE,325305,660,660,-660
01/08/2025 02:15,SCH - PJM_VFT,325658,232,315,-315
01/08/2025 02:15,SPR/DUN-SOUTH,23320,2230.48,4600,-9999
01/08/2025 02:15,TOTAL EAST,23314,4499.16,7550,-9999
01/08/2025 02:15,UPNY CONED,23315,3900.97,6385,-9999
01/08/2025 02:15,WEST CENTRAL,23312,1114.64,9999,-9999
01/08/2025 02:20,CENTRAL EAST - VC,23330,2484.58,2585,-9999
01/08/2025 02:20,DYSINGER EAST,23326,1709.2,3200,-9999
01/08/2025 02:20,MOSES SOUTH,23319,296.91,900,-1100
01/08/2025 02:20,SCH - HQ - NY,23324,0,0,0
01/08/2025 02:20,SCH - HQ_CEDARS,325274,-71,90,-100
01/08/2025 02:20,SCH - HQ_IMPORT_EXPORT,325376,0,0,0
01/08/2025 02:20,SCH - NE - NY,23318,-54.98,1400,-1800
01/08/2025 02:20,SCH - NPX_1385,325277,0,0,0
01/08/2025 02:20,SCH - NPX_CSC,325154,0,330,-330
01/08/2025 02:20,SCH - OH - NY,23317,1475.21,2200,-1850
01/08/2025 02:20,SCH - PJ - NY,23316,1419.38,1700,-2400
01/08/2025 02:20,SCH - PJM_HTP,325905,300,660,-660
01/08/2025 02:20,SCH - PJM_NEPTUNE,325305,660,660,-660
01/08/2025 02:20,SCH - PJM_VFT,325658,232,315,-315
01/08/2025 02:20,SPR/DUN-SOUTH,23320,2261.06,4600,-9999
01/08/2025 02:20,TOTAL EAST,23314,4484.59,7550,-9999
01/08/2025 02:20,UPNY CONED,23315,3921.49,6385,-9999
01/08/2025 02:20,WEST CENTRAL,23312,1163.58,9999,-9999
01/08/2025 02:25,CENTRAL EAST - VC,23330,2484.2,2585,-9999
01/08/2025 02:25,DYSINGER EAST,23326,1678.67,3200,-9999
01/08/2025 02:25,MOSES SOUTH,23319,295.87,900,-1100
01/08/2025 02:25,SCH - HQ - NY,23324,0,0,0
01/08/2025 02:25,SCH - HQ_CEDARS,325274,-71,90,-100
01/08/2025 02:25,SCH - HQ_IMPORT_EXPORT,325376,0,0,0
01/08/2025 02:25,SCH - NE - NY,23318,-54.92,1400,-1800
01/08/2025 02:25,SCH - NPX_1385,325277,0,0,0
01/08/2025 02:25,SCH - NPX_CSC,325154,0,330,-330
01/08/2025 02:25,SCH - OH - NY,23317,1475.24,2200,-1850
01/08/2025 02:25,SCH - PJ - NY,23316,1419.3,1700,-2400
01/08/2025 02:25,SCH - PJM_HTP,325905,300,660,-660
01/08/2025 02:25,SCH - PJM_NEPTUNE,325305,660,660,-660
01/08/2025 02:25,SCH - PJM_VFT,325658,232,315,-315
01/08/2025 02:25,SPR/DUN-SOUTH,23320,2234,4600,-9999
01/08/2025 02:25,TOTAL EAST,23314,4519.42,7550,-9999
01/08/2025 02:25,UPNY CONED,23315,3897.19,6385,-9999
01/08/2025 02:25,WEST CENTRAL,23312,1131.81,9999,-9999
01/08/2025 02:30,CENTRAL EAST - VC,23330,2484.71,2585,-9999
01/08/2025 02:30,DYSINGER EAST,23326,1752.67,3200,-9999
01/08/2025 02:30,MOSES SOUTH,23319,302.25,900,-1100
01/08/2025 02:30,SCH - HQ - NY,23324,0,0,0
01/08/2025 02:30,SCH - HQ_CEDARS,325274,-71,90,-100
01/08/2025 02:30,SCH - HQ_IMPORT_EXPORT,325376,0,0,0
01/08/2025 02:30,SCH - NE - NY,23318,-19.89,1400,-1800
01/08/2025 02:30,SCH - NPX_1385,325277,0,0,0
01/08/2025 02:30,SCH - NPX_CSC,325154,0,330,-330
01/08/2025 02:30,SCH - OH - NY,23317,1475.13,2200,-1850
01/08/2025 02:30,SCH - PJ - NY,23316,1418.3,1700,-2400
01/08/2025 02:30,SCH - PJM_HTP,325905,300,660,-660
01/08/2025 02:30,SCH - PJM_NEPTUNE,325305,660,660,-660
01/08/2025 02:30,SCH - PJM_VFT,325658,232,315,-315
01/08/2025 02:30,SPR/DUN-SOUTH,23320,2256.36,4600,-9999
01/08/2025 02:30,TOTAL EAST,23314,4477.86,7550,-9999
01/08/2025 02:30,UPNY CONED,23315,3911.66,6385,-9999
01/08/2025 02:30,WEST CENTRAL,23312,1204.4,9999,-9999
01/08/2025 02:35,CENTRAL EAST - VC,23330,2483.4,2585,-9999
01/08/2025 02:35,DYSINGER EAST,23326,1738.74,3200,-9999
01/08/2025 02:35,MOSES SOUTH,23319,296.74,900,-1100
01/08/2025 02:35,SCH - HQ - NY,23324,0,0,0
01/08/2025 02:35,SCH - HQ_CEDARS,325274,-71,90,-100
01/08/2025 02:35,SCH - HQ_IMPORT_EXPORT,325376,0,0,0
01/08/2025 02:35,SCH - NE - NY,23318,14.09,1400,-1800
01/08/2025 02:35,SCH - NPX_1385,325277,0,0,0
01/08/2025 02:35,SCH - NPX_CSC,325154,0,330,-330
01/08/2025 02:35,SCH - OH - NY,23317,1475.12,2200,-1850
01/08/2025 02:35,SCH - PJ - NY,23316,1418.43,1700,-2400
01/08/2025 02:35,SCH - PJM_HTP,325905,300,660,-660
01/08/2025 02:35,SCH - PJM_NEPTUNE,325305,660,660,-660
01/08/2025 02:35,SCH - PJM_VFT,325658,232,315,-315
01/08/2025 02:35,SPR/DUN-SOUTH,23320,2265.26,4600,-9999
01/08/2025 02:35,TOTAL EAST,23314,4464.72,7550,-9999
01/08/2025 02:35,UPNY CONED,23315,3922.87,6385,-9999
01/08/2025 02:35,WEST CENTRAL,23312,1191.39,9999,-9999
01/08/2025 02:40,CENTRAL EAST - VC,23330,2481.78,2585,-9999
01/08/2025 02:40,DYSINGER EAST,23326,1771.16,3200,-9999
01/08/2025 02:40,MOSES SOUTH,23319,314.59,900,-1100
01/08/2025 02:40,SCH - HQ - NY,23324,0,0,0
01/08/2025 02:40,SCH - HQ_CEDARS,325274,-71,90,-100
01/08/2025 02:40,SCH - HQ_IMPORT_EXPORT,325376,0,0,0
01/08/2025 02:40,SCH - NE - NY,23318,14.14,1400,-1800
01/08/2025 02:40,SCH - NPX_1385,325277,0,0,0
01/08/2025 02:40,SCH - NPX_CSC,325154,0,330,-330
01/08/2025 02:40,SCH - OH - NY,23317,1475.13,2200,-1850
01/08/2025 02:40,SCH - PJ - NY,23316,1419.31,1700,-2400
01/08/2025 02:40,SCH - PJM_HTP,325905,300,660,-660
01/08/2025 02:40,SCH - PJM_NEPTUNE,325305,660,660,-660
01/08/2025 02:40,SCH - PJM_VFT,325658,232,315,-315
01/08/2025 02:40,SPR/DUN-SOUTH,23320,2246.37,4600,-9999
01/08/2025 02:40,TOTAL EAST,23314,4478.41,7550,-9999
01/08/2025 02:40,UPNY CONED,23315,3915.28,6385,-9999
01/08/2025 02:40,WEST CENTRAL,23312,1224.92,9999,-9999
01/08/2025 02:45,CENTRAL EAST - VC,23330,2480.12,2585,-9999
01/08/2025 02:45,DYSINGER EAST,23326,1699.25,3200,-9999
01/08/2025 02:45,MOSES SOUTH,23319,314.12,900,-1100
01/08/2025 02:45,SCH - HQ - NY,23324,0,0,0
01/08/2025 02:45,SCH - HQ_CEDARS,325274,-71,90,-100
01/08/2025 02:45,SCH - HQ_IMPORT_EXPORT,325376,0,0,0
01/08/2025 02:45,SCH - NE - NY,23318,-50.92,1400,-1800
01/08/2025 02:45,SCH - NPX_1385,325277,0,0,0
01/08/2025 02:45,SCH - NPX_CSC,325154,0,330,-330
01/08/2025 02:45,SCH - OH - NY,23317,1475.22,2200,-1850
01/08/2025 02:45,SCH - PJ - NY,23316,1419.39,1700,-2400
01/08/2025 02:45,SCH - PJM_HTP,325905,300,660,-660
01/08/2025 02:45,SCH - PJM_NEPTUNE,325305,660,660,-660
01/08/2025 02:45,SCH - PJM_VFT,325658,232,315,-315
01/08/2025 02:45,SPR/DUN-SOUTH,23320,2231.48,4600,-9999
01/08/2025 02:45,TOTAL EAST,23314,4473.63,7550,-9999
01/08/2025 02:45,UPNY CONED,23315,3894.92,6385,-9999
01/08/2025 02:45,WEST CENTRAL,23312,1156.78,9999,-9999
01/08/2025 02:50,CENTRAL EAST - VC,23330,2480.2,2585,-9999
01/08/2025 02:50,DYSINGER EAST,23326,1723.8,3200,-9999
01/08/2025 02:50,MOSES SOUTH,23319,318.33,900,-1100
01/08/2025 02:50,SCH - HQ - NY,23324,0,0,0
01/08/2025 02:50,SCH - HQ_CEDARS,325274,-71,90,-100
01/08/2025 02:50,SCH - HQ_IMPORT_EXPORT,325376,0,0,0
01/08/2025 02:50,SCH - NE - NY,23318,-117.02,1400,-1800
01/08/2025 02:50,SCH - NPX_1385,325277,0,0,0
01/08/2025 02:50,SCH - NPX_CSC,325154,0,330,-330
01/08/2025 02:50,SCH - OH - NY,23317,1475.17,2200,-1850
01/08/2025 02:50,SCH - PJ - NY,23316,1417.41,1700,-2400
01/08/2025 02:50,SCH - PJM_HTP,325905,300,660,-660
01/08/2025 02:50,SCH - PJM_NEPTUNE,325305,660,660,-660
01/08/2025 02:50,SCH - PJM_VFT,325658,232,315,-315
01/08/2025 02:50,SPR/DUN-SOUTH,23320,2174.61,4600,-9999
01/08/2025 02:50,TOTAL EAST,23314,4467.73,7550,-9999
01/08/2025 02:50,UPNY CONED,23315,3823.8,6385,-9999
01/08/2025 02:50,WEST CENTRAL,23312,1182.11,9999,-9999
01/08/2025 02:55,CENTRAL EAST - VC,23330,2504.63,2585,-9999
01/08/2025 02:55,DYSINGER EAST,23326,1725.13,3200,-9999
01/08/2025 02:55,MOSES SOUTH,23319,317.63,900,-1100
01/08/2025 02:55,SCH - HQ - NY,23324,0,0,0
01/08/2025 02:55,SCH - HQ_CEDARS,325274,-71,90,-100
01/08/2025 02:55,SCH - HQ_IMPORT_EXPORT,325376,0,0,0
01/08/2025 02:55,SCH - NE - NY,23318,-117.08,1400,-1800
01/08/2025 02:55,SCH - NPX_1385,325277,0,0,0
01/08/2025 02:55,SCH - NPX_CSC,325154,0,330,-330
01/08/2025 02:55,SCH - OH - NY,23317,1475.2,2200,-1850
01/08/2025 02:55,SCH - PJ - NY,23316,1418.51,1700,-2400
01/08/2025 02:55,SCH - PJM_HTP,325905,300,660,-660
01/08/2025 02:55,SCH - PJM_NEPTUNE,325305,660,660,-660
01/08/2025 02:55,SCH - PJM_VFT,325658,232,315,-315
01/08/2025 02:55,SPR/DUN-SOUTH,23320,2207.51,4600,-9999
01/08/2025 02:55,TOTAL EAST,23314,4500.03,7550,-9999
01/08/2025 02:55,UPNY CONED,23315,3841.46,6385,-9999
01/08/2025 02:55,WEST CENTRAL,23312,1180.2,9999,-9999
01/08/2025 03:00,CENTRAL EAST - VC,23330,2481.46,2585,-9999
01/08/2025 03:00,DYSINGER EAST,23326,1684.81,3200,-9999
01/08/2025 03:00,MOSES SOUTH,23319,324.03,900,-1100
01/08/2025 03:00,SCH - HQ - NY,23324,0,0,0
01/08/2025 03:00,SCH - HQ_CEDARS,325274,-77,90,-100
01/08/2025 03:00,SCH - HQ_IMPORT_EXPORT,325376,0,0,0
01/08/2025 03:00,SCH - NE - NY,23318,-156.9,1400,-1800
01/08/2025 03:00,SCH - NPX_1385,325277,0,0,0
01/08/2025 03:00,SCH - NPX_CSC,325154,0,330,-330
01/08/2025 03:00,SCH - OH - NY,23317,1412.22,2200,-1850
01/08/2025 03:00,SCH - PJ - NY,23316,1416.78,1700,-2400
01/08/2025 03:00,SCH - PJM_HTP,325905,300,660,-660
01/08/2025 03:00,SCH - PJM_NEPTUNE,325305,660,660,-660
01/08/2025 03:00,SCH - PJM_VFT,325658,232,315,-315
01/08/2025 03:00,SPR/DUN-SOUTH,23320,2170.38,4600,-9999
01/08/2025 03:00,TOTAL EAST,23314,4475.46,7550,-9999
01/08/2025 03:00,UPNY CONED,23315,3799.42,6385,-9999
01/08/2025 03:00,WEST CENTRAL,23312,1141.69,9999,-9999
01/08/2025 03:05,CENTRAL EAST - VC,23330,2482.42,2585,-9999
01/08/2025 03:05,DYSINGER EAST,23326,1620.89,3200,-9999
01/08/2025 03:05,MOSES SOUTH,23319,368.46,900,-1100
01/08/2025 03:05,SCH - HQ - NY,23324,0,0,0
01/08/2025 03:05,SCH - HQ_CEDARS,325274,-84,90,-100
01/08/2025 03:05,SCH - HQ_IMPORT_EXPORT,325376,0,0,0
01/08/2025 03:05,SCH - NE - NY,23318,-197.98,1400,-1800
01/08/2025 03:05,SCH - NPX_1385,325277,0,0,0
01/08/2025 03:05,SCH - NPX_CSC,325154,0,330,-330
01/08/2025 03:05,SCH - OH - NY,23317,1350.22,2200,-1850
01/08/2025 03:05,SCH - PJ - NY,23316,1416.88,1700,-2400
01/08/2025 03:05,SCH - PJM_HTP,325905,300,660,-660
01/08/2025 03:05,SCH - PJM_NEPTUNE,325305,660,660,-660
01/08/2025 03:05,SCH - PJM_VFT,325658,232,315,-315
01/08/2025 03:05,SPR/DUN-SOUTH,23320,2131.04,4600,-9999
01/08/2025 03:05,TOTAL EAST,23314,4433.27,7550,-9999
01/08/2025 03:05,UPNY CONED,23315,3767.07,6385,-9999
01/08/2025 03:05,WEST CENTRAL,23312,1079.08,9999,-9999
01/08/2025 03:10,CENTRAL EAST - VC,23330,2499.24,2585,-9999
01/08/2025 03:10,DYSINGER EAST,23326,1610.33,3200,-9999
01/08/2025 03:10,MOSES SOUTH,23319,383.92,900,-1100
01/08/2025 03:10,SCH - HQ - NY,23324,0,0,0
01/08/2025 03:10,SCH - HQ_CEDARS,325274,-84,90,-100
01/08/2025 03:10,SCH - HQ_IMPORT_EXPORT,325376,0,0,0
01/08/2025 03:10,SCH - NE - NY,23318,-197.78,1400,-1800
01/08/2025 03:10,SCH - NPX_1385,325277,0,0,0
01/08/2025 03:10,SCH - NPX_CSC,325154,0,330,-330
01/08/2025 03:10,SCH - OH - NY,23317,1350.15,2200,-1850
01/08/2025 03:10,SCH - PJ - NY,23316,1417.1,1700,-2400
01/08/2025 03:10,SCH - PJM_HTP,325905,300,660,-660
01/08/2025 03:10,SCH - PJM_NEPTUNE,325305,660,660,-660
01/08/2025 03:10,SCH - PJM_VFT,325658,232,315,-315
01/08/2025 03:10,SPR/DUN-SOUTH,23320,2144.06,4600,-9999
01/08/2025 03:10,TOTAL EAST,23314,4373.61,7550,-9999
01/08/2025 03:10,UPNY CONED,23315,3778.35,6385,-9999
01/08/2025 03:10,WEST CENTRAL,23312,1067.21,9999,-9999
01/08/2025 03:15,CENTRAL EAST - VC,23330,2500.31,2585,-9999
01/08/2025 03:15,DYSINGER EAST,23326,1566.69,3200,-9999
01/08/2025 03:15,MOSES SOUTH,23319,382.99,900,-1100
01/08/2025 03:15,SCH - HQ - NY,23324,0,0,0
01/08/2025 03:15,SCH - HQ_CEDARS,325274,-84,90,-100
01/08/2025 03:15,SCH - HQ_IMPORT_EXPORT,325376,0,0,0
01/08/2025 03:15,SCH - NE - NY,23318,-178.75,1400,-1800
01/08/2025 03:15,SCH - NPX_1385,325277,0,0,0
01/08/2025 03:15,SCH - NPX_CSC,325154,0,330,-330
01/08/2025 03:15,SCH - OH - NY,23317,1350.06,2200,-1850
01/08/2025 03:15,SCH - PJ - NY,23316,1417.72,1700,-2400
01/08/2025 03:15,SCH - PJM_HTP,325905,300,660,-660
01/08/2025 03:15,SCH - PJM_NEPTUNE,325305,660,660,-660
01/08/2025 03:15,SCH - PJM_VFT,325658,232,315,-315
01/08/2025 03:15,SPR/DUN-SOUTH,23320,2048.59,4600,-9999
01/08/2025 03:15,TOTAL EAST,23314,4288.46,7550,-9999
01/08/2025 03:15,UPNY CONED,23315,3680.89,6385,-9999
01/08/2025 03:15,WEST CENTRAL,23312,1026.47,9999,-9999
01/08/2025 03:20,CENTRAL EAST - VC,23330,2497.65,2585,-9999
01/08/2025 03:20,DYSINGER EAST,23326,1523.65,3200,-9999
01/08/2025 03:20,MOSES SOUTH,23319,357.3,900,-1100
01/08/2025 03:20,SCH - HQ - NY,23324,0,0,0
01/08/2025 03:20,SCH - HQ_CEDARS,325274,-84,90,-100
01/08/2025 03:20,SCH - HQ_IMPORT_EXPORT,325376,0,0,0
01/08/2025 03:20,SCH - NE - NY,23318,-160.79,1400,-1800
01/08/2025 03:20,SCH - NPX_1385,325277,0,0,0
01/08/2025 03:20,SCH - NPX_CSC,325154,0,330,-330
01/08/2025 03:20,SCH - OH - NY,23317,1350.11,2200,-1850
01/08/2025 03:20,SCH - PJ - NY,23316,1417.39,1700,-2400
01/08/2025 03:20,SCH - PJM_HTP,325905,300,660,-660
01/08/2025 03:20,SCH - PJM_NEPTUNE,325305,660,660,-660
01/08/2025 03:20,SCH - PJM_VFT,325658,232,315,-315
01/08/2025 03:20,SPR/DUN-SOUTH,23320,2076.44,4600,-9999
01/08/2025 03:20,TOTAL EAST,23314,4308.01,7550,-9999
01/08/2025 03:20,UPNY CONED,23315,3705.99,6385,-9999
01/08/2025 03:20,WEST CENTRAL,23312,983.69,9999,-9999
01/08/2025 03:25,CENTRAL EAST - VC,23330,2498.2,2585,-9999
01/08/2025 03:25,DYSINGER EAST,23326,1686.2,3200,-9999
01/08/2025 03:25,MOSES SOUTH,23319,335.25,900,-1100
01/08/2025 03:25,SCH - HQ - NY,23324,0,0,0
01/08/2025 03:25,SCH - HQ_CEDARS,325274,-84,90,-100
01/08/2025 03:25,SCH - HQ_IMPORT_EXPORT,325376,0,0,0
01/08/2025 03:25,SCH - NE - NY,23318,-160.76,1400,-1800
01/08/2025 03:25,SCH - NPX_1385,325277,0,0,0
01/08/2025 03:25,SCH - NPX_CSC,325154,0,330,-330
01/08/2025 03:25,SCH - OH - NY,23317,1350,2200,-1850
01/08/2025 03:25,SCH - PJ - NY,23316,1421.09,1700,-2400
01/08/2025 03:25,SCH - PJM_HTP,325905,300,660,-660
01/08/2025 03:25,SCH - PJM_NEPTUNE,325305,660,660,-660
01/08/2025 03:25,SCH - PJM_VFT,325658,232,315,-315
01/08/2025 03:25,SPR/DUN-SOUTH,23320,2068.82,4600,-9999
01/08/2025 03:25,TOTAL EAST,23314,4320.18,7550,-9999
01/08/2025 03:25,UPNY CONED,23315,3704.44,6385,-9999
01/08/2025 03:25,WEST CENTRAL,23312,1138.89,9999,-9999
01/08/2025 03:30,CENTRAL EAST - VC,23330,2491.31,2585,-9999
01/08/2025 03:30,DYSINGER EAST,23326,1718.32,3200,-9999
01/08/2025 03:30,MOSES SOUTH,23319,322.1,900,-1100
01/08/2025 03:30,SCH - HQ - NY,23324,0,0,0
01/08/2025 03:30,SCH - HQ_CEDARS,325274,-84,90,-100
01/08/2025 03:30,SCH - HQ_IMPORT_EXPORT,325376,0,0,0
01/08/2025 03:30,SCH - NE - NY,23318,-111.84,1400,-1800
01/08/2025 03:30,SCH - NPX_1385,325277,0,0,0
01/08/2025 03:30,SCH - NPX_CSC,325154,0,330,-330
01/08/2025 03:30,SCH - OH - NY,23317,1350.02,2200,-1850
01/08/2025 03:30,SCH - PJ - NY,23316,1415.92,1700,-2400
01/08/2025 03:30,SCH - PJM_HTP,325905,300,660,-660
01/08/2025 03:30,SCH - PJM_NEPTUNE,325305,660,660,-660
01/08/2025 03:30,SCH - PJM_VFT,325658,232,315,-315
01/08/2025 03:30,SPR/DUN-SOUTH,23320,2095.72,4600,-9999
01/08/2025 03:30,TOTAL EAST,23314,4370.01,7550,-9999
01/08/2025 03:30,UPNY CONED,23315,3734.78,6385,-9999
01/08/2025 03:30,WEST CENTRAL,23312,1167.01,9999,-9999
01/08/2025 03:35,CENTRAL EAST - VC,23330,2482.89,2585,-9999
01/08/2025 03:35,DYSINGER EAST,23326,1690.37,3200,-9999
01/08/2025 03:35,MOSES SOUTH,23319,305.58,900,-1100
01/08/2025 03:35,SCH - HQ - NY,23324,0,0,0
01/08/2025 03:35,SCH - HQ_CEDARS,325274,-84,90,-100
01/08/2025 03:35,SCH - HQ_IMPORT_EXPORT,325376,0,0,0
01/08/2025 03:35,SCH - NE - NY,23318,-62.86,1400,-1800
01/08/2025 03:35,SCH - NPX_1385,325277,0,0,0
01/08/2025 03:35,SCH - NPX_CSC,325154,0,330,-330
01/08/2025 03:35,SCH - OH - NY,23317,1350.06,2200,-1850
01/08/2025 03:35,SCH - PJ - NY,23316,1417.42,1700,-2400
01/08/2025 03:35,SCH - PJM_HTP,325905,300,660,-660
01/08/2025 03:35,SCH - PJM_NEPTUNE,325305,660,660,-660
01/08/2025 03:35,SCH - PJM_VFT,325658,232,315,-315
01/08/2025 03:35,SPR/DUN-SOUTH,23320,2095.97,4600,-9999
01/08/2025 03:35,TOTAL EAST,23314,4434.86,7550,-9999
01/08/2025 03:35,UPNY CONED,23315,3743.35,6385,-9999
01/08/2025 03:35,WEST CENTRAL,23312,1144.94,9999,-9999
01/08/2025 03:40,CENTRAL EAST - VC,23330,2484.74,2585,-9999
01/08/2025 03:40,DYSINGER EAST,23326,1610.85,3200,-9999
01/08/2025 03:40,MOSES SOUTH,23319,319.05,900,-1100
01/08/2025 03:40,SCH - HQ - NY,23324,0,0,0
01/08/2025 03:40,SCH - HQ_CEDARS,325274,-84,90,-100
01/08/2025 03:40,SCH - HQ_IMPORT_EXPORT,325376,0,0,0
01/08/2025 03:40,SCH - NE - NY,23318,-62.79,1400,-1800
01/08/2025 03:40,SCH - NPX_1385,325277,0,0,0
01/08/2025 03:40,SCH - NPX_CSC,325154,0,330,-330
01/08/2025 03:40,SCH - OH - NY,23317,1350.17,2200,-1850
01/08/2025 03:40,SCH - PJ - NY,23316,1416.32,1700,-2400
01/08/2025 03:40,SCH - PJM_HTP,325905,300,660,-660
01/08/2025 03:40,SCH - PJM_NEPTUNE,325305,660,660,-660
01/08/2025 03:40,SCH - PJM_VFT,325658,232,315,-315
01/08/2025 03:40,SPR/DUN-SOUTH,23320,2117.93,4600,-9999
01/08/2025 03:40,TOTAL EAST,23314,4484.45,7550,-9999
01/08/2025 03:40,UPNY CONED,23315,3779.86,6385,-9999
01/08/2025 03:40,WEST CENTRAL,23312,1073.12,9999,-9999
01/08/2025 03:45,CENTRAL EAST - VC,23330,2486.93,2585,-9999
01/08/2025 03:45,DYSINGER EAST,23326,1634.54,3200,-9999
01/08/2025 03:45,MOSES SOUTH,23319,343.97,900,-1100
01/08/2025 03:45,SCH - HQ - NY,23324,0,0,0
01/08/2025 03:45,SCH - HQ_CEDARS,325274,-84,90,-100
01/08/2025 03:45,SCH - HQ_IMPORT_EXPORT,325376,0,0,0
01/08/2025 03:45,SCH - NE - NY,23318,-38.85,1400,-1800
01/08/2025 03:45,SCH - NPX_1385,325277,0,0,0
01/08/2025 03:45,SCH - NPX_CSC,325154,0,330,-330
01/08/2025 03:45,SCH - OH - NY,23317,1350.08,2200,-1850
01/08/2025 03:45,SCH - PJ - NY,23316,1305.44,1700,-2400
01/08/2025 03:45,SCH - PJM_HTP,325905,300,660,-660
01/08/2025 03:45,SCH - PJM_NEPTUNE,325305,660,660,-660
01/08/2025 03:45,SCH - PJM_VFT,325658,232,315,-315
01/08/2025 03:45,SPR/DUN-SOUTH,23320,2109.79,4600,-9999
01/08/2025 03:45,TOTAL EAST,23314,4332.03,7550,-9999
01/08/2025 03:45,UPNY CONED,23315,3748.52,6385,-9999
01/08/2025 03:45,WEST CENTRAL,23312,1097.21,9999,-9999
01/08/2025 03:50,CENTRAL EAST - VC,23330,2483.05,2585,-9999
01/08/2025 03:50,DYSINGER EAST,23326,1619.39,3200,-9999
01/08/2025 03:50,MOSES SOUTH,23319,336.98,900,-1100
01/08/2025 03:50,SCH - HQ - NY,23324,0,0,0
01/08/2025 03:50,SCH - HQ_CEDARS,325274,-84,90,-100
01/08/2025 03:50,SCH - HQ_IMPORT_EXPORT,325376,0,0,0
01/08/2025 03:50,SCH - NE - NY,23318,-15.76,1400,-1800
01/08/2025 03:50,SCH - NPX_1385,325277,0,0,0
01/08/2025 03:50,SCH - NPX_CSC,325154,0,330,-330
01/08/2025 03:50,SCH - OH - NY,23317,1350.08,2200,-1850
01/08/2025 03:50,SCH - PJ - NY,23316,1200.13,1700,-2400
01/08/2025 03:50,SCH - PJM_HTP,325905,300,660,-660
01/08/2025 03:50,SCH - PJM_NEPTUNE,325305,660,660,-660
01/08/2025 03:50,SCH - PJM_VFT,325658,232,315,-315
01/08/2025 03:50,SPR/DUN-SOUTH,23320,2093.63,4600,-9999
01/08/2025 03:50,TOTAL EAST,23314,4360.04,7550,-9999
01/08/2025 03:50,UPNY CONED,23315,3717.45,6385,-9999
01/08/2025 03:50,WEST CENTRAL,23312,1080.2,9999,-9999
01/08/2025 03:55,CENTRAL EAST - VC,23330,2482.96,2585,-9999
01/08/2025 03:55,DYSINGER EAST,23326,1659.51,3200,-9999
01/08/2025 03:55,MOSES SOUTH,23319,352.48,900,-1100
01/08/2025 03:55,SCH - HQ - NY,23324,0,0,0
01/08/2025 03:55,SCH - HQ_CEDARS,325274,-84,90,-100
01/08/2025 03:55,SCH - HQ_IMPORT_EXPORT,325376,0,0,0
01/08/2025 03:55,SCH - NE - NY,23318,-15.84,1400,-1800
01/08/2025 03:55,SCH - NPX_1385,325277,0,0,0
01/08/2025 03:55,SCH - NPX_CSC,325154,0,330,-330
01/08/2025 03:55,SCH - OH - NY,23317,1350.06,2200,-1850
01/08/2025 03:55,SCH - PJ - NY,23316,1197.17,1700,-2400
01/08/2025 03:55,SCH - PJM_HTP,325905,300,660,-660
01/08/2025 03:55,SCH - PJM_NEPTUNE,325305,660,660,-660
01/08/2025 03:55,SCH - PJM_VFT,325658,232,315,-315
01/08/2025 03:55,SPR/DUN-SOUTH,23320,2112.65,4600,-9999
01/08/2025 03:55,TOTAL EAST,23314,4333.68,7550,-9999
01/08/2025 03:55,UPNY CONED,23315,3734.12,6385,-9999
01/08/2025 03:55,WEST CENTRAL,23312,1115.09,9999,-9999
01/08/2025 04:00,CENTRAL EAST - VC,23330,2481.59,2585,-9999
01/08/2025 04:00,DYSINGER EAST,23326,1557.26,3200,-9999
01/08/2025 04:00,MOSES SOUTH,23319,328.5,900,-1100
01/08/2025 04:00,SCH - HQ - NY,23324,0,0,0
01/08/2025 04:00,SCH - HQ_CEDARS,325274,-78,90,-100
01/08/2025 04:00,SCH - HQ_IMPORT_EXPORT,325376,0,0,0
01/08/2025 04:00,SCH - NE - NY,23318,-106.9,1400,-1800
01/08/2025 04:00,SCH - NPX_1385,325277,0,0,0
01/08/2025 04:00,SCH - NPX_CSC,325154,0,330,-330
01/08/2025 04:00,SCH - OH - NY,23317,1305.19,2200,-1850
01/08/2025 04:00,SCH - PJ - NY,23316,1209.13,1700,-2400
01/08/2025 04:00,SCH - PJM_HTP,325905,300,660,-660
01/08/2025 04:00,SCH - PJM_NEPTUNE,325305,660,660,-660
01/08/2025 04:00,SCH - PJM_VFT,325658,232,315,-315
01/08/2025 04:00,SPR/DUN-SOUTH,23320,2075,4600,-9999
01/08/2025 04:00,TOTAL EAST,23314,4379.42,7550,-9999
01/08/2025 04:00,UPNY CONED,23315,3693.74,6385,-9999
01/08/2025 04:00,WEST CENTRAL,23312,1016.71,9999,-9999
01/08/2025 04:05,CENTRAL EAST - VC,23330,2480.74,2585,-9999
01/08/2025 04:05,DYSINGER EAST,23326,1559.69,3200,-9999
01/08/2025 04:05,MOSES SOUTH,23319,341.79,900,-1100
01/08/2025 04:05,SCH - HQ - NY,23324,0,0,0
01/08/2025 04:05,SCH - HQ_CEDARS,325274,-73,90,-100
01/08/2025 04:05,SCH - HQ_IMPORT_EXPORT,325376,0,0,0
01/08/2025 04:05,SCH - NE - NY,23318,-198.85,1400,-1800
01/08/2025 04:05,SCH - NPX_1385,325277,0,0,0
01/08/2025 04:05,SCH - NPX_CSC,325154,0,330,-330
01/08/2025 04:05,SCH - OH - NY,23317,1260.11,2200,-1850
01/08/2025 04:05,SCH - PJ - NY,23316,1223.95,1700,-2400
01/08/2025 04:05,SCH - PJM_HTP,325905,300,660,-660
01/08/2025 04:05,SCH - PJM_NEPTUNE,325305,660,660,-660
01/08/2025 04:05,SCH - PJM_VFT,325658,232,315,-315
01/08/2025 04:05,SPR/DUN-SOUTH,23320,2045.06,4600,-9999
01/08/2025 04:05,TOTAL EAST,23314,4306.46,7550,-9999
01/08/2025 04:05,UPNY CONED,23315,3655.48,6385,-9999
01/08/2025 04:05,WEST CENTRAL,23312,1018.58,9999,-9999
01/08/2025 04:10,CENTRAL EAST - VC,23330,2482.73,2585,-9999
01/08/2025 04:10,DYSINGER EAST,23326,1566.9,3200,-9999
01/08/2025 04:10,MOSES SOUTH,23319,334.85,900,-1100
01/08/2025 04:10,SCH - HQ - NY,23324,0,0,0
01/08/2025 04:10,SCH - HQ_CEDARS,325274,-73,90,-100
01/08/2025 04:10,SCH - HQ_IMPORT_EXPORT,325376,0,0,0
01/08/2025 04:10,SCH - NE - NY,23318,-200.1,1400,-1800
01/08/2025 04:10,SCH - NPX_1385,325277,0,0,0
01/08/2025 04:10,SCH - NPX_CSC,325154,0,330,-330
01/08/2025 04:10,SCH - OH - NY,23317,1260.1,2200,-1850
01/08/2025 04:10,SCH - PJ - NY,23316,1221.26,1700,-2400
01/08/2025 04:10,SCH - PJM_HTP,325905,300,660,-660
01/08/2025 04:10,SCH - PJM_NEPTUNE,325305,660,660,-660
01/08/2025 04:10,SCH - PJM_VFT,325658,232,315,-315
01/08/2025 04:10,SPR/DUN-SOUTH,23320,1998.81,4600,-9999
01/08/2025 04:10,TOTAL EAST,23314,4314.82,7550,-9999
01/08/2025 04:10,UPNY CONED,23315,3612.76,6385,-9999
01/08/2025 04:10,WEST CENTRAL,23312,1020.45,9999,-9999
01/08/2025 04:15,CENTRAL EAST - VC,23330,2483.19,2585,-9999
01/08/2025 04:15,DYSINGER EAST,23326,1601.75,3200,-9999
01/08/2025 04:15,MOSES SOUTH,23319,341.25,900,-1100
01/08/2025 04:15,SCH - HQ - NY,23324,0,0,0
01/08/2025 04:15,SCH - HQ_CEDARS,325274,-73,90,-100
01/08/2025 04:15,SCH - HQ_IMPORT_EXPORT,325376,0,0,0
01/08/2025 04:15,SCH - NE - NY,23318,-216.46,1400,-1800
01/08/2025 04:15,SCH - NPX_1385,325277,0,0,0
01/08/2025 04:15,SCH - NPX_CSC,325154,0,330,-330
01/08/2025 04:15,SCH - OH - NY,23317,1260.05,2200,-1850
01/08/2025 04:15,SCH - PJ - NY,23316,1320.05,1700,-2400
01/08/2025 04:15,SCH - PJM_HTP,325905,300,660,-660
01/08/2025 04:15,SCH - PJM_NEPTUNE,325305,660,660,-660
01/08/2025 04:15,SCH - PJM_VFT,325658,232,315,-315
01/08/2025 04:15,SPR/DUN-SOUTH,23320,1990.27,4600,-9999
01/08/2025 04:15,TOTAL EAST,23314,4339.43,7550,-9999
01/08/2025 04:15,UPNY CONED,23315,3612.39,6385,-9999
01/08/2025 04:15,WEST CENTRAL,23312,1050.66,9999,-9999
01/08/2025 04:20,CENTRAL EAST - VC,23330,2498.84,2585,-9999
01/08/2025 04:20,DYSINGER EAST,23326,1515.37,3200,-9999
01/08/2025 04:20,MOSES SOUTH,23319,356.51,900,-1100
01/08/2025 04:20,SCH - HQ - NY,23324,0,0,0
01/08/2025 04:20,SCH - HQ_CEDARS,325274,-73,90,-100
01/08/2025 04:20,SCH - HQ_IMPORT_EXPORT,325376,0,0,0
01/08/2025 04:20,SCH - NE - NY,23318,-235.7,1400,-1800
01/08/2025 04:20,SCH - NPX_1385,325277,0,0,0
01/08/2025 04:20,SCH - NPX_CSC,325154,0,330,-330
01/08/2025 04:20,SCH - OH - NY,23317,1260.01,2200,-1850
01/08/2025 04:20,SCH - PJ - NY,23316,1419.16,1700,-2400
01/08/2025 04:20,SCH - PJM_HTP,325905,300,660,-660
01/08/2025 04:20,SCH - PJM_NEPTUNE,325305,660,660,-660
01/08/2025 04:20,SCH - PJM_VFT,325658,232,315,-315
01/08/2025 04:20,SPR/DUN-SOUTH,23320,1987.06,4600,-9999
01/08/2025 04:20,TOTAL EAST,23314,4325.67,7550,-9999
01/08/2025 04:20,UPNY CONED,23315,3610.19,6385,-9999
01/08/2025 04:20,WEST CENTRAL,23312,962.93,9999,-9999
01/08/2025 04:25,CENTRAL EAST - VC,23330,2648.08,3140,-9999
01/08/2025 04:25,DYSINGER EAST,23326,1410.1,3200,-9999
01/08/2025 04:25,MOSES SOUTH,23319,672.2,1550,-1600
01/08/2025 04:25,SCH - HQ - NY,23324,0,0,0
01/08/2025 04:25,SCH - HQ_CEDARS,325274,-73,279,-100
01/08/2025 04:25,SCH - HQ_IMPORT_EXPORT,325376,0,0,0
01/08/2025 04:25,SCH - NE - NY,23318,-231.71,1400,-1800
01/08/2025 04:25,SCH - NPX_1385,325277,0,0,0
01/08/2025 04:25,SCH - NPX_CSC,325154,0,330,-330
01/08/2025 04:25,SCH - OH - NY,23317,1260.09,2200,-1850
01/08/2025 04:25,SCH - PJ - NY,23316,1410.63,1700,-2400
01/08/2025 04:25,SCH - PJM_HTP,325905,300,660,-660
01/08/2025 04:25,SCH - PJM_NEPTUNE,325305,660,660,-660
01/08/2025 04:25,SCH - PJM_VFT,325658,232,315,-315
01/08/2025 04:25,SPR/DUN-SOUTH,23320,2046.14,4600,-9999
01/08/2025 04:25,TOTAL EAST,23314,4506.3,7550,-9999
01/08/2025 04:25,UPNY CONED,23315,3679.26,6385,-9999
01/08/2025 04:25,WEST CENTRAL,23312,862.58,9999,-9999
01/08/2025 04:30,CENTRAL EAST - VC,23330,2700.71,3140,-9999
01/08/2025 04:30,DYSINGER EAST,23326,1514.35,3200,-9999
01/08/2025 04:30,MOSES SOUTH,23319,693.91,1550,-1600
01/08/2025 04:30,SCH - HQ - NY,23324,0,0,0
01/08/2025 04:30,SCH - HQ_CEDARS,325274,-73,279,-100
01/08/2025 04:30,SCH - HQ_IMPORT_EXPORT,325376,0,0,0
01/08/2025 04:30,SCH - NE - NY,23318,-197.87,1400,-1800
01/08/2025 04:30,SCH - NPX_1385,325277,0,0,0
01/08/2025 04:30,SCH - NPX_CSC,325154,0,330,-330
01/08/2025 04:30,SCH - OH - NY,23317,1259.93,2200,-1850
01/08/2025 04:30,SCH - PJ - NY,23316,1347.07,1700,-2400
01/08/2025 04:30,SCH - PJM_HTP,325905,300,660,-660
01/08/2025 04:30,SCH - PJM_NEPTUNE,325305,660,660,-660
01/08/2025 04:30,SCH - PJM_VFT,325658,232,315,-315
01/08/2025 04:30,SPR/DUN-SOUTH,23320,2099.37,4600,-9999
01/08/2025 04:30,TOTAL EAST,23314,4587.27,7550,-9999
01/08/2025 04:30,UPNY CONED,23315,3744.46,6385,-9999
01/08/2025 04:30,WEST CENTRAL,23312,958.32,9999,-9999
01/08/2025 04:35,CENTRAL EAST - VC,23330,2661.57,3140,-9999
01/08/2025 04:35,DYSINGER EAST,23326,1459.84,3200,-9999
01/08/2025 04:35,MOSES SOUTH,23319,670.7,1550,-1600
01/08/2025 04:35,SCH - HQ - NY,23324,0,0,0
01/08/2025 04:35,SCH - HQ_CEDARS,325274,-73,279,-100
01/08/2025 04:35,SCH - HQ_IMPORT_EXPORT,325376,0,0,0
01/08/2025 04:35,SCH - NE - NY,23318,-164,1400,-1800
01/08/2025 04:35,SCH - NPX_1385,325277,0,0,0
01/08/2025 04:35,SCH - NPX_CSC,325154,0,330,-330
01/08/2025 04:35,SCH - OH - NY,23317,1260.11,2200,-1850
01/08/2025 04:35,SCH - PJ - NY,23316,1287.58,1700,-2400
01/08/2025 04:35,SCH - PJM_HTP,325905,300,660,-660
01/08/2025 04:35,SCH - PJM_NEPTUNE,325305,660,660,-660
01/08/2025 04:35,SCH - PJM_VFT,325658,232,315,-315
01/08/2025 04:35,SPR/DUN-SOUTH,23320,2096.79,4600,-9999
01/08/2025 04:35,TOTAL EAST,23314,4613.02,7550,-9999
01/08/2025 04:35,UPNY CONED,23315,3762.91,6385,-9999
01/08/2025 04:35,WEST CENTRAL,23312,900.55,9999,-9999
01/08/2025 04:40,CENTRAL EAST - VC,23330,2759.85,3140,-9999
01/08/2025 04:40,DYSINGER EAST,23326,1335.02,3200,-9999
01/08/2025 04:40,MOSES SOUTH,23319,653.93,1550,-1600
01/08/2025 04:40,SCH - HQ - NY,23324,0,0,0
01/08/2025 04:40,SCH - HQ_CEDARS,325274,-73,279,-100
01/08/2025 04:40,SCH - HQ_IMPORT_EXPORT,325376,0,0,0
01/08/2025 04:40,SCH - NE - NY,23318,-167.68,1400,-1800
01/08/2025 04:40,SCH - NPX_1385,325277,0,0,0
01/08/2025 04:40,SCH - NPX_CSC,325154,0,330,-330
01/08/2025 04:40,SCH - OH - NY,23317,1260.25,2200,-1850
01/08/2025 04:40,SCH - PJ - NY,23316,1291.79,1700,-2400
01/08/2025 04:40,SCH - PJM_HTP,325905,300,660,-660
01/08/2025 04:40,SCH - PJM_NEPTUNE,325305,660,660,-660
01/08/2025 04:40,SCH - PJM_VFT,325658,232,315,-315
01/08/2025 04:40,SPR/DUN-SOUTH,23320,2149.24,4600,-9999
01/08/2025 04:40,TOTAL EAST,23314,4782.07,7550,-9999
01/08/2025 04:40,UPNY CONED,23315,3819.09,6385,-9999
01/08/2025 04:40,WEST CENTRAL,23312,777.12,9999,-9999
01/08/2025 04:45,CENTRAL EAST - VC,23330,2849.19,3140,-9999
01/08/2025 04:45,DYSINGER EAST,23326,1459.05,3200,-9999
01/08/2025 04:45,MOSES SOUTH,23319,676.12,1550,-1600
01/08/2025 04:45,SCH - HQ - NY,23324,0,0,0
01/08/2025 04:45,SCH - HQ_CEDARS,325274,-73,279,-100
01/08/2025 04:45,SCH - HQ_IMPORT_EXPORT,325376,0,0,0
01/08/2025 04:45,SCH - NE - NY,23318,-313.79,1400,-1800
01/08/2025 04:45,SCH - NPX_1385,325277,0,0,0
01/08/2025 04:45,SCH - NPX_CSC,325154,0,330,-330
01/08/2025 04:45,SCH - OH - NY,23317,1260,2200,-1850
01/08/2025 04:45,SCH - PJ - NY,23316,1351.25,1700,-2400
01/08/2025 04:45,SCH - PJM_HTP,325905,300,660,-660
01/08/2025 04:45,SCH - PJM_NEPTUNE,325305,660,660,-660
01/08/2025 04:45,SCH - PJM_VFT,325658,232,315,-315
01/08/2025 04:45,SPR/DUN-SOUTH,23320,2175.18,4600,-9999
01/08/2025 04:45,TOTAL EAST,23314,4942.02,7550,-9999
01/08/2025 04:45,UPNY CONED,23315,3858.78,6385,-9999
01/08/2025 04:45,WEST CENTRAL,23312,897.21,9999,-9999
01/08/2025 04:50,CENTRAL EAST - VC,23330,2853.58,3140,-9999
01/08/2025 04:50,DYSINGER EAST,23326,1413.46,3200,-9999
01/08/2025 04:50,MOSES SOUTH,23319,668.88,1550,-1600
01/08/2025 04:50,SCH - HQ - NY,23324,0,0,0
01/08/2025 04:50,SCH - HQ_CEDARS,325274,-73,279,-100
01/08/2025 04:50,SCH - HQ_IMPORT_EXPORT,325376,0,0,0
01/08/2025 04:50,SCH - NE - NY,23318,-463.11,1400,-1800
01/08/2025 04:50,SCH - NPX_1385,325277,0,0,0
01/08/2025 04:50,SCH - NPX_CSC,325154,0,330,-330
01/08/2025 04:50,SCH - OH - NY,23317,1260.14,2200,-1850
01/08/2025 04:50,SCH - PJ - NY,23316,1407.64,1700,-2400
01/08/2025 04:50,SCH - PJM_HTP,325905,300,660,-660
01/08/2025 04:50,SCH - PJM_NEPTUNE,325305,660,660,-660
01/08/2025 04:50,SCH - PJM_VFT,325658,232,315,-315
01/08/2025 04:50,SPR/DUN-SOUTH,23320,2146.2,4600,-9999
01/08/2025 04:50,TOTAL EAST,23314,5057.5,7550,-9999
01/08/2025 04:50,UPNY CONED,23315,3833.21,6385,-9999
01/08/2025 04:50,WEST CENTRAL,23312,846.16,9999,-9999
01/08/2025 04:55,CENTRAL EAST - VC,23330,2844.73,3140,-9999
01/08/2025 04:55,DYSINGER EAST,23326,1363.61,3200,-9999
01/08/2025 04:55,MOSES SOUTH,23319,680.68,1550,-1600
01/08/2025 04:55,SCH - HQ - NY,23324,0,0,0
01/08/2025 04:55,SCH - HQ_CEDARS,325274,-73,279,-100
01/08/2025 04:55,SCH - HQ_IMPORT_EXPORT,325376,0,0,0
01/08/2025 04:55,SCH - NE - NY,23318,-463.21,1400,-1800
01/08/2025 04:55,SCH - NPX_1385,325277,0,0,0
01/08/2025 04:55,SCH - NPX_CSC,325154,0,330,-330
01/08/2025 04:55,SCH - OH - NY,23317,1260.13,2200,-1850
01/08/2025 04:55,SCH - PJ - NY,23316,1407.84,1700,-2400
01/08/2025 04:55,SCH - PJM_HTP,325905,300,660,-660
01/08/2025 04:55,SCH - PJM_NEPTUNE,325305,660,660,-660
01/08/2025 04:55,SCH - PJM_VFT,325658,232,315,-315
01/08/2025 04:55,SPR/DUN-SOUTH,23320,2121.15,4600,-9999
01/08/2025 04:55,TOTAL EAST,23314,5058.65,7550,-9999
01/08/2025 04:55,UPNY CONED,23315,3814.35,6385,-9999
01/08/2025 04:55,WEST CENTRAL,23312,795.27,9999,-9999
01/08/2025 05:00,CENTRAL EAST - VC,23330,2848.57,3140,-9999
01/08/2025 05:00,DYSINGER EAST,23326,1391.23,3200,-9999
01/08/2025 05:00,MOSES SOUTH,23319,700.95,1550,-1600
01/08/2025 05:00,SCH - HQ - NY,23324,0,0,0
01/08/2025 05:00,SCH - HQ_CEDARS,325274,-56,279,-100
01/08/2025 05:00,SCH - HQ_IMPORT_EXPORT,325376,0,0,0
01/08/2025 05:00,SCH - NE - NY,23318,-607.68,1400,-1800
01/08/2025 05:00,SCH - NPX_1385,325277,0,0,0
01/08/2025 05:00,SCH - NPX_CSC,325154,0,330,-330
01/08/2025 05:00,SCH - OH - NY,23317,1315.14,2200,-1850
01/08/2025 05:00,SCH - PJ - NY,23316,1407.55,1700,-2400
01/08/2025 05:00,SCH - PJM_HTP,325905,300,660,-660
01/08/2025 05:00,SCH - PJM_NEPTUNE,325305,660,660,-660
01/08/2025 05:00,SCH - PJM_VFT,325658,232,315,-315
01/08/2025 05:00,SPR/DUN-SOUTH,23320,2032.37,4600,-9999
01/08/2025 05:00,TOTAL EAST,23314,5045.24,7550,-9999
01/08/2025 05:00,UPNY CONED,23315,3716.84,6385,-9999
01/08/2025 05:00,WEST CENTRAL,23312,811.2,9999,-9999
01/08/2025 05:05,CENTRAL EAST - VC,23330,2939.58,3140,-9999
01/08/2025 05:05,DYSINGER EAST,23326,1411.35,3200,-9999
01/08/2025 05:05,MOSES SOUTH,23319,716.68,1550,-1600
01/08/2025 05:05,SCH - HQ - NY,23324,0,0,0
01/08/2025 05:05,SCH - HQ_CEDARS,325274,-40,279,-100
01/08/2025 05:05,SCH - HQ_IMPORT_EXPORT,325376,0,0,0
01/08/2025 05:05,SCH - NE - NY,23318,-752.19,1400,-1800
01/08/2025 05:05,SCH - NPX_1385,325277,0,0,0
01/08/2025 05:05,SCH - NPX_CSC,325154,0,330,-330
01/08/2025 05:05,SCH - OH - NY,23317,1370.21,2200,-1850
01/08/2025 05:05,SCH - PJ - NY,23316,1407.32,1700,-2400
01/08/2025 05:05,SCH - PJM_HTP,325905,300,660,-660
01/08/2025 05:05,SCH - PJM_NEPTUNE,325305,660,660,-660
01/08/2025 05:05,SCH - PJM_VFT,325658,232,315,-315
01/08/2025 05:05,SPR/DUN-SOUTH,23320,2040.59,4600,-9999
01/08/2025 05:05,TOTAL EAST,23314,5115.64,7550,-9999
01/08/2025 05:05,UPNY CONED,23315,3720.01,6385,-9999
01/08/2025 05:05,WEST CENTRAL,23312,817.11,9999,-9999
01/08/2025 05:10,CENTRAL EAST - VC,23330,2960.8,3255,-9999
01/08/2025 05:10,DYSINGER EAST,23326,1404.79,3200,-9999
01/08/2025 05:10,MOSES SOUTH,23319,716.19,1550,-1600
01/08/2025 05:10,SCH - HQ - NY,23324,0,0,0
01/08/2025 05:10,SCH - HQ_CEDARS,325274,-40,279,-100
01/08/2025 05:10,SCH - HQ_IMPORT_EXPORT,325376,0,0,0
01/08/2025 05:10,SCH - NE - NY,23318,-755.45,1400,-1800
01/08/2025 05:10,SCH - NPX_1385,325277,0,0,0
01/08/2025 05:10,SCH - NPX_CSC,325154,0,330,-330
01/08/2025 05:10,SCH - OH - NY,23317,1370.33,2200,-1850
01/08/2025 05:10,SCH - PJ - NY,23316,1409.26,1700,-2400
01/08/2025 05:10,SCH - PJM_HTP,325905,300,660,-660
01/08/2025 05:10,SCH - PJM_NEPTUNE,325305,660,660,-660
01/08/2025 05:10,SCH - PJM_VFT,325658,232,315,-315
01/08/2025 05:10,SPR/DUN-SOUTH,23320,2045.85,4600,-9999
01/08/2025 05:10,TOTAL EAST,23314,5108.55,7550,-9999
01/08/2025 05:10,UPNY CONED,23315,3740.07,6385,-9999
01/08/2025 05:10,WEST CENTRAL,23312,803.61,9999,-9999
01/08/2025 05:15,CENTRAL EAST - VC,23330,2939.48,3280,-9999
01/08/2025 05:15,DYSINGER EAST,23326,1395.57,3200,-9999
01/08/2025 05:15,MOSES SOUTH,23319,708.6,1550,-1600
01/08/2025 05:15,SCH - HQ - NY,23324,0,0,0
01/08/2025 05:15,SCH - HQ_CEDARS,325274,-40,279,-100
01/08/2025 05:15,SCH - HQ_IMPORT_EXPORT,325376,0,0,0
01/08/2025 05:15,SCH - NE - NY,23318,-720.34,1400,-1800
01/08/2025 05:15,SCH - NPX_1385,325277,0,0,0
01/08/2025 05:15,SCH - NPX_CSC,325154,0,330,-330
01/08/2025 05:15,SCH - OH - NY,23317,1370.42,2200,-1850
01/08/2025 05:15,SCH - PJ - NY,23316,1411.08,1700,-2400
01/08/2025 05:15,SCH - PJM_HTP,325905,300,660,-660
01/08/2025 05:15,SCH - PJM_NEPTUNE,325305,660,660,-660
01/08/2025 05:15,SCH - PJM_VFT,325658,232,315,-315
01/08/2025 05:15,SPR/DUN-SOUTH,23320,2025.68,4600,-9999
01/08/2025 05:15,TOTAL EAST,23314,5099.69,7550,-9999
01/08/2025 05:15,UPNY CONED,23315,3736.61,6385,-9999
01/08/2025 05:15,WEST CENTRAL,23312,790.68,9999,-9999
01/08/2025 05:20,CENTRAL EAST - VC,23330,2884.15,3280,-9999
01/08/2025 05:20,DYSINGER EAST,23326,1373.44,3200,-9999
01/08/2025 05:20,MOSES SOUTH,23319,731.67,1550,-1600
01/08/2025 05:20,SCH - HQ - NY,23324,0,0,0
01/08/2025 05:20,SCH - HQ_CEDARS,325274,-40,279,-100
01/08/2025 05:20,SCH - HQ_IMPORT_EXPORT,325376,0,0,0
01/08/2025 05:20,SCH - NE - NY,23318,-685.18,1400,-1800
01/08/2025 05:20,SCH - NPX_1385,325277,0,0,0
01/08/2025 05:20,SCH - NPX_CSC,325154,0,330,-330
01/08/2025 05:20,SCH - OH - NY,23317,1370.49,2200,-1850
01/08/2025 05:20,SCH - PJ - NY,23316,1411.69,1700,-2400
01/08/2025 05:20,SCH - PJM_HTP,325905,300,660,-660
01/08/2025 05:20,SCH - PJM_NEPTUNE,325305,660,660,-660
01/08/2025 05:20,SCH - PJM_VFT,325658,232,315,-315
01/08/2025 05:20,SPR/DUN-SOUTH,23320,2013,4600,-9999
01/08/2025 05:20,TOTAL EAST,23314,5081.14,7550,-9999
01/08/2025 05:20,UPNY CONED,23315,3730.99,6385,-9999
01/08/2025 05:20,WEST CENTRAL,23312,758.12,9999,-9999
01/08/2025 05:25,CENTRAL EAST - VC,23330,2943.79,3280,-9999
01/08/2025 05:25,DYSINGER EAST,23326,1473.05,3200,-9999
01/08/2025 05:25,MOSES SOUTH,23319,738.15,1550,-1600
01/08/2025 05:25,SCH - HQ - NY,23324,0,0,0
01/08/2025 05:25,SCH - HQ_CEDARS,325274,-40,279,-100
01/08/2025 05:25,SCH - HQ_IMPORT_EXPORT,325376,0,0,0
01/08/2025 05:25,SCH - NE - NY,23318,-685.17,1400,-1800
01/08/2025 05:25,SCH - NPX_1385,325277,0,0,0
01/08/2025 05:25,SCH - NPX_CSC,325154,0,330,-330
01/08/2025 05:25,SCH - OH - NY,23317,1370.5,2200,-1850
01/08/2025 05:25,SCH - PJ - NY,23316,1407.69,1700,-2400
01/08/2025 05:25,SCH - PJM_HTP,325905,300,660,-660
01/08/2025 05:25,SCH - PJM_NEPTUNE,325305,660,660,-660
01/08/2025 05:25,SCH - PJM_VFT,325658,232,315,-315
01/08/2025 05:25,SPR/DUN-SOUTH,23320,2046.02,4600,-9999
01/08/2025 05:25,TOTAL EAST,23314,5138.12,7550,-9999
01/08/2025 05:25,UPNY CONED,23315,3784.53,6385,-9999
01/08/2025 05:25,WEST CENTRAL,23312,845.87,9999,-9999
01/08/2025 05:30,CENTRAL EAST - VC,23330,2957.2,3280,-9999
01/08/2025 05:30,DYSINGER EAST,23326,1537.07,3200,-9999
01/08/2025 05:30,MOSES SOUTH,23319,734.97,1550,-1600
01/08/2025 05:30,SCH - HQ - NY,23324,0,0,0
01/08/2025 05:30,SCH - HQ_CEDARS,325274,-40,279,-100
01/08/2025 05:30,SCH - HQ_IMPORT_EXPORT,325376,0,0,0
01/08/2025 05:30,SCH - NE - NY,23318,-635.17,1400,-1800
01/08/2025 05:30,SCH - NPX_1385,325277,0,0,0
01/08/2025 05:30,SCH - NPX_CSC,325154,0,330,-330
01/08/2025 05:30,SCH - OH - NY,23317,1370.41,2200,-1850
01/08/2025 05:30,SCH - PJ - NY,23316,1407.73,1700,-2400
01/08/2025 05:30,SCH - PJM_HTP,325905,300,660,-660
01/08/2025 05:30,SCH - PJM_NEPTUNE,325305,660,660,-660
01/08/2025 05:30,SCH - PJM_VFT,325658,232,315,-315
01/08/2025 05:30,SPR/DUN-SOUTH,23320,2074.55,4600,-9999
01/08/2025 05:30,TOTAL EAST,23314,5140.14,7550,-9999
01/08/2025 05:30,UPNY CONED,23315,3829.43,6385,-9999
01/08/2025 05:30,WEST CENTRAL,23312,900.54,9999,-9999
01/08/2025 05:35,CENTRAL EAST - VC,23330,2943.19,3280,-9999
01/08/2025 05:35,DYSINGER EAST,23326,1538,3200,-9999
01/08/2025 05:35,MOSES SOUTH,23319,744.56,1550,-1600
01/08/2025 05:35,SCH - HQ - NY,23324,0,0,0
01/08/2025 05:35,SCH - HQ_CEDARS,325274,-40,279,-100
01/08/2025 05:35,SCH - HQ_IMPORT_EXPORT,325376,0,0,0
01/08/2025 05:35,SCH - NE - NY,23318,-586.1,1400,-1800
01/08/2025 05:35,SCH - NPX_1385,325277,0,0,0
01/08/2025 05:35,SCH - NPX_CSC,325154,0,330,-330
01/08/2025 05:35,SCH - OH - NY,23317,1370.27,2200,-1850
01/08/2025 05:35,SCH - PJ - NY,23316,1409.72,1700,-2400
01/08/2025 05:35,SCH - PJM_HTP,325905,300,660,-660
01/08/2025 05:35,SCH - PJM_NEPTUNE,325305,660,660,-660
01/08/2025 05:35,SCH - PJM_VFT,325658,232,315,-315
01/08/2025 05:35,SPR/DUN-SOUTH,23320,2066.77,4600,-9999
01/08/2025 05:35,TOTAL EAST,23314,5111.29,7550,-9999
01/08/2025 05:35,UPNY CONED,23315,3843.43,6385,-9999
01/08/2025 05:35,WEST CENTRAL,23312,900.77,9999,-9999
01/08/2025 05:40,CENTRAL EAST - VC,23330,2951.55,3280,-9999
01/08/2025 05:40,DYSINGER EAST,23326,1545.86,3200,-9999
01/08/2025 05:40,MOSES SOUTH,23319,749.5,1550,-1600
01/08/2025 05:40,SCH - HQ - NY,23324,0,0,0
01/08/2025 05:40,SCH - HQ_CEDARS,325274,-40,279,-100
01/08/2025 05:40,SCH - HQ_IMPORT_EXPORT,325376,0,0,0
01/08/2025 05:40,SCH - NE - NY,23318,-586.12,1400,-1800
01/08/2025 05:40,SCH - NPX_1385,325277,0,0,0
01/08/2025 05:40,SCH - NPX_CSC,325154,0,330,-330
01/08/2025 05:40,SCH - OH - NY,23317,1370.31,2200,-1850
01/08/2025 05:40,SCH - PJ - NY,23316,1406.7,1700,-2400
01/08/2025 05:40,SCH - PJM_HTP,325905,300,660,-660
01/08/2025 05:40,SCH - PJM_NEPTUNE,325305,660,660,-660
01/08/2025 05:40,SCH - PJM_VFT,325658,232,315,-315
01/08/2025 05:40,SPR/DUN-SOUTH,23320,2068,4600,-9999
01/08/2025 05:40,TOTAL EAST,23314,5143.36,7550,-9999
01/08/2025 05:40,UPNY CONED,23315,3862.34,6385,-9999
01/08/2025 05:40,WEST CENTRAL,23312,906.99,9999,-9999
01/08/2025 05:45,CENTRAL EAST - VC,23330,2924.79,3280,-9999
01/08/2025 05:45,DYSINGER EAST,23326,1597.42,3200,-9999
01/08/2025 05:45,MOSES SOUTH,23319,729.67,1550,-1600
01/08/2025 05:45,SCH - HQ - NY,23324,0,0,0
01/08/2025 05:45,SCH - HQ_CEDARS,325274,-40,279,-100
01/08/2025 05:45,SCH - HQ_IMPORT_EXPORT,325376,0,0,0
01/08/2025 05:45,SCH - NE - NY,23318,-633.15,1400,-1800
01/08/2025 05:45,SCH - NPX_1385,325277,0,0,0
01/08/2025 05:45,SCH - NPX_CSC,325154,0,330,-330
01/08/2025 05:45,SCH - OH - NY,23317,1370.45,2200,-1850
01/08/2025 05:45,SCH - PJ - NY,23316,1408.55,1700,-2400
01/08/2025 05:45,SCH - PJM_HTP,325905,300,660,-660
01/08/2025 05:45,SCH - PJM_NEPTUNE,325305,660,660,-660
01/08/2025 05:45,SCH - PJM_VFT,325658,232,315,-315
01/08/2025 05:45,SPR/DUN-SOUTH,23320,2008.87,4600,-9999
01/08/2025 05:45,TOTAL EAST,23314,5183.22,7550,-9999
01/08/2025 05:45,UPNY CONED,23315,3819.09,6385,-9999
01/08/2025 05:45,WEST CENTRAL,23312,952.99,9999,-9999
01/08/2025 05:50,CENTRAL EAST - VC,23330,2965.98,3280,-9999
01/08/2025 05:50,DYSINGER EAST,23326,1641.22,3200,-9999
01/08/2025 05:50,MOSES SOUTH,23319,725.99,1550,-1600
01/08/2025 05:50,SCH - HQ - NY,23324,0,0,0
01/08/2025 05:50,SCH - HQ_CEDARS,325274,-40,279,-100
01/08/2025 05:50,SCH - HQ_IMPORT_EXPORT,325376,0,0,0
01/08/2025 05:50,SCH - NE - NY,23318,-681.22,1400,-1800
01/08/2025 05:50,SCH - NPX_1385,325277,0,0,0
01/08/2025 05:50,SCH - NPX_CSC,325154,0,330,-330
01/08/2025 05:50,SCH - OH - NY,23317,1370.44,2200,-1850
01/08/2025 05:50,SCH - PJ - NY,23316,1405.66,1700,-2400
01/08/2025 05:50,SCH - PJM_HTP,325905,300,660,-660
01/08/2025 05:50,SCH - PJM_NEPTUNE,325305,660,660,-660
01/08/2025 05:50,SCH - PJM_VFT,325658,232,315,-315
01/08/2025 05:50,SPR/DUN-SOUTH,23320,1968.37,4600,-9999
01/08/2025 05:50,TOTAL EAST,23314,5196.06,7550,-9999
01/08/2025 05:50,UPNY CONED,23315,3779.83,6385,-9999
01/08/2025 05:50,WEST CENTRAL,23312,986.58,9999,-9999
01/08/2025 05:55,CENTRAL EAST - VC,23330,2912.51,3280,-9999
01/08/2025 05:55,DYSINGER EAST,23326,1644.53,3200,-9999
01/08/2025 05:55,MOSES SOUTH,23319,708.98,1550,-1600
01/08/2025 05:55,SCH - HQ - NY,23324,0,0,0
01/08/2025 05:55,SCH - HQ_CEDARS,325274,-40,279,-100
01/08/2025 05:55,SCH - HQ_IMPORT_EXPORT,325376,0,0,0
01/08/2025 05:55,SCH - NE - NY,23318,-681.2,1400,-1800
01/08/2025 05:55,SCH - NPX_1385,325277,0,0,0
01/08/2025 05:55,SCH - NPX_CSC,325154,0,330,-330
01/08/2025 05:55,SCH - OH - NY,23317,1370.36,2200,-1850
01/08/2025 05:55,SCH - PJ - NY,23316,1412.66,1700,-2400
01/08/2025 05:55,SCH - PJM_HTP,325905,300,660,-660
01/08/2025 05:55,SCH - PJM_NEPTUNE,325305,660,660,-660
01/08/2025 05:55,SCH - PJM_VFT,325658,232,315,-315
01/08/2025 05:55,SPR/DUN-SOUTH,23320,1901.72,4600,-9999
01/08/2025 05:55,TOTAL EAST,23314,5140.08,7550,-9999
01/08/2025 05:55,UPNY CONED,23315,3708.53,6385,-9999
01/08/2025 05:55,WEST CENTRAL,23312,982.46,9999,-9999
01/08/2025 06:00,CENTRAL EAST - VC,23330,2967.36,3280,-9999
01/08/2025 06:00,DYSINGER EAST,23326,1606.3,3200,-9999
01/08/2025 06:00,MOSES SOUTH,23319,836.61,1550,-1600
01/08/2025 06:00,SCH - HQ - NY,23324,0,0,0
01/08/2025 06:00,SCH - HQ_CEDARS,325274,62,279,-100
01/08/2025 06:00,SCH - HQ_IMPORT_EXPORT,325376,0,0,0
01/08/2025 06:00,SCH - NE - NY,23318,-777.32,1400,-1800
01/08/2025 06:00,SCH - NPX_1385,325277,0,0,0
01/08/2025 06:00,SCH - NPX_CSC,325154,0,330,-330
01/08/2025 06:00,SCH - OH - NY,23317,1331.5,2200,-1850
01/08/2025 06:00,SCH - PJ - NY,23316,1409.77,1700,-2400
01/08/2025 06:00,SCH - PJM_HTP,325905,300,660,-660
01/08/2025 06:00,SCH - PJM_NEPTUNE,325305,660,660,-660
01/08/2025 06:00,SCH - PJM_VFT,325658,232,315,-315
01/08/2025 06:00,SPR/DUN-SOUTH,23320,1934.48,4600,-9999
01/08/2025 06:00,TOTAL EAST,23314,5226.73,7550,-9999
01/08/2025 06:00,UPNY CONED,23315,3771.44,6385,-9999
01/08/2025 06:00,WEST CENTRAL,23312,931.32,9999,-9999
01/08/2025 06:05,CENTRAL EAST - VC,23330,3019.08,3280,-9999
01/08/2025 06:05,DYSINGER EAST,23326,1554.22,3200,-9999
01/08/2025 06:05,MOSES SOUTH,23319,946.69,1550,-1600
01/08/2025 06:05,SCH - HQ - NY,23324,0,0,0
01/08/2025 06:05,SCH - HQ_CEDARS,325274,164,279,-100
01/08/2025 06:05,SCH - HQ_IMPORT_EXPORT,325376,0,0,0
01/08/2025 06:05,SCH - NE - NY,23318,-873.41,1400,-1800
01/08/2025 06:05,SCH - NPX_1385,325277,0,0,0
01/08/2025 06:05,SCH - NPX_CSC,325154,0,330,-330
01/08/2025 06:05,SCH - OH - NY,23317,1292.69,2200,-1850
01/08/2025 06:05,SCH - PJ - NY,23316,1412.82,1700,-2400
01/08/2025 06:05,SCH - PJM_HTP,325905,300,660,-660
01/08/2025 06:05,SCH - PJM_NEPTUNE,325305,660,660,-660
01/08/2025 06:05,SCH - PJM_VFT,325658,232,315,-315
01/08/2025 06:05,SPR/DUN-SOUTH,23320,1928.24,4600,-9999
01/08/2025 06:05,TOTAL EAST,23314,5270.67,7550,-9999
01/08/2025 06:05,UPNY CONED,23315,3797.61,6385,-9999
01/08/2025 06:05,WEST CENTRAL,23312,862.58,9999,-9999
01/08/2025 06:10,CENTRAL EAST - VC,23330,3047.8,3360,-9999
01/08/2025 06:10,DYSINGER EAST,23326,1609.71,3200,-9999
01/08/2025 06:10,MOSES SOUTH,23319,887.8,1550,-1600
01/08/2025 06:10,SCH - HQ - NY,23324,0,0,0
01/08/2025 06:10,SCH - HQ_CEDARS,325274,164,279,-100
01/08/2025 06:10,SCH - HQ_IMPORT_EXPORT,325376,0,0,0
01/08/2025 06:10,SCH - NE - NY,23318,-873.74,1400,-1800
01/08/2025 06:10,SCH - NPX_1385,325277,0,0,0
01/08/2025 06:10,SCH - NPX_CSC,325154,0,330,-330
01/08/2025 06:10,SCH - OH - NY,23317,1292.76,2200,-1850
01/08/2025 06:10,SCH - PJ - NY,23316,1408.58,1700,-2400
01/08/2025 06:10,SCH - PJM_HTP,325905,300,660,-660
01/08/2025 06:10,SCH - PJM_NEPTUNE,325305,660,660,-660
01/08/2025 06:10,SCH - PJM_VFT,325658,232,315,-315
01/08/2025 06:10,SPR/DUN-SOUTH,23320,1931.3,4600,-9999
01/08/2025 06:10,TOTAL EAST,23314,5237.85,7550,-9999
01/08/2025 06:10,UPNY CONED,23315,3831.66,6385,-9999
01/08/2025 06:10,WEST CENTRAL,23312,906,9999,-9999
01/08/2025 06:15,CENTRAL EAST - VC,23330,3000.75,3360,-9999
01/08/2025 06:15,DYSINGER EAST,23326,1604.36,3200,-9999
01/08/2025 06:15,MOSES SOUTH,23319,900.85,1550,-1600
01/08/2025 06:15,SCH - HQ - NY,23324,0,0,0
01/08/2025 06:15,SCH - HQ_CEDARS,325274,164,279,-100
01/08/2025 06:15,SCH - HQ_IMPORT_EXPORT,325376,0,0,0
01/08/2025 06:15,SCH - NE - NY,23318,-850.52,1400,-1800
01/08/2025 06:15,SCH - NPX_1385,325277,0,0,0
01/08/2025 06:15,SCH - NPX_CSC,325154,0,330,-330
01/08/2025 06:15,SCH - OH - NY,23317,1292.64,2200,-1850
01/08/2025 06:15,SCH - PJ - NY,23316,1412.23,1700,-2400
01/08/2025 06:15,SCH - PJM_HTP,325905,300,660,-660
01/08/2025 06:15,SCH - PJM_NEPTUNE,325305,660,660,-660
01/08/2025 06:15,SCH - PJM_VFT,325658,232,315,-315
01/08/2025 06:15,SPR/DUN-SOUTH,23320,1928.49,4600,-9999
01/08/2025 06:15,TOTAL EAST,23314,5223.33,7550,-9999
01/08/2025 06:15,UPNY CONED,23315,3857.95,6385,-9999
01/08/2025 06:15,WEST CENTRAL,23312,891.59,9999,-9999
01/08/2025 06:20,CENTRAL EAST - VC,23330,2983.73,3360,-9999
01/08/2025 06:20,DYSINGER EAST,23326,1631.72,3200,-9999
01/08/2025 06:20,MOSES SOUTH,23319,945.92,1550,-1600
01/08/2025 06:20,SCH - HQ - NY,23324,0,0,0
01/08/2025 06:20,SCH - HQ_CEDARS,325274,164,279,-100
01/08/2025 06:20,SCH - HQ_IMPORT_EXPORT,325376,0,0,0
01/08/2025 06:20,SCH - NE - NY,23318,-828.42,1400,-1800
01/08/2025 06:20,SCH - NPX_1385,325277,0,0,0
01/08/2025 06:20,SCH - NPX_CSC,325154,0,330,-330
01/08/2025 06:20,SCH - OH - NY,23317,1292.44,2200,-1850
01/08/2025 06:20,SCH - PJ - NY,23316,1409.14,1700,-2400
01/08/2025 06:20,SCH - PJM_HTP,325905,300,660,-660
01/08/2025 06:20,SCH - PJM_NEPTUNE,325305,660,660,-660
01/08/2025 06:20,SCH - PJM_VFT,325658,232,315,-315
01/08/2025 06:20,SPR/DUN-SOUTH,23320,1950.43,4600,-9999
01/08/2025 06:20,TOTAL EAST,23314,5217.75,7550,-9999
01/08/2025 06:20,UPNY CONED,23315,3887.44,6385,-9999
01/08/2025 06:20,WEST CENTRAL,23312,911,9999,-9999
01/08/2025 06:25,CENTRAL EAST - VC,23330,3020.61,3400,-9999
01/08/2025 06:25,DYSINGER EAST,23326,1653.5,3200,-9999
01/08/2025 06:25,MOSES SOUTH,23319,923.48,1550,-1600
01/08/2025 06:25,SCH - HQ - NY,23324,0,0,0
01/08/2025 06:25,SCH - HQ_CEDARS,325274,164,279,-100
01/08/2025 06:25,SCH - HQ_IMPORT_EXPORT,325376,0,0,0
01/08/2025 06:25,SCH - NE - NY,23318,-828.61,1400,-1800
01/08/2025 06:25,SCH - NPX_1385,325277,0,0,0
01/08/2025 06:25,SCH - NPX_CSC,325154,0,330,-330
01/08/2025 06:25,SCH - OH - NY,23317,1292.48,2200,-1850
01/08/2025 06:25,SCH - PJ - NY,23316,1411.42,1700,-2400
01/08/2025 06:25,SCH - PJM_HTP,325905,300,660,-660
01/08/2025 06:25,SCH - PJM_NEPTUNE,325305,660,660,-660
01/08/2025 06:25,SCH - PJM_VFT,325658,232,315,-315
01/08/2025 06:25,SPR/DUN-SOUTH,23320,1932.3,4600,-9999
01/08/2025 06:25,TOTAL EAST,23314,5191.83,7550,-9999
01/08/2025 06:25,UPNY CONED,23315,3857,6385,-9999
01/08/2025 06:25,WEST CENTRAL,23312,930.26,9999,-9999
01/08/2025 06:30,CENTRAL EAST - VC,23330,2954.79,3320,-9999
01/08/2025 06:30,DYSINGER EAST,23326,1604.08,3200,-9999
01/08/2025 06:30,MOSES SOUTH,23319,921.74,1550,-1600
01/08/2025 06:30,SCH - HQ - NY,23324,0,0,0
01/08/2025 06:30,SCH - HQ_CEDARS,325274,164,279,-100
01/08/2025 06:30,SCH - HQ_IMPORT_EXPORT,325376,0,0,0
01/08/2025 06:30,SCH - NE - NY,23318,-693.36,1400,-1800
01/08/2025 06:30,SCH - NPX_1385,325277,0,0,0
01/08/2025 06:30,SCH - NPX_CSC,325154,0,330,-330
01/08/2025 06:30,SCH - OH - NY,23317,1292.53,2200,-1850
01/08/2025 06:30,SCH - PJ - NY,23316,1411.15,1700,-2400
01/08/2025 06:30,SCH - PJM_HTP,325905,300,660,-660
01/08/2025 06:30,SCH - PJM_NEPTUNE,325305,660,660,-660
01/08/2025 06:30,SCH - PJM_VFT,325658,232,315,-315
01/08/2025 06:30,SPR/DUN-SOUTH,23320,1943.19,4600,-9999
01/08/2025 06:30,TOTAL EAST,23314,5125.58,7550,-9999
01/08/2025 06:30,UPNY CONED,23315,3902.2,6385,-9999
01/08/2025 06:30,WEST CENTRAL,23312,877.13,9999,-9999
01/08/2025 06:35,CENTRAL EAST - VC,23330,2933.48,3320,-9999
01/08/2025 06:35,DYSINGER EAST,23326,1585.49,3200,-9999
01/08/2025 06:35,MOSES SOUTH,23319,906.31,1550,-1600
01/08/2025 06:35,SCH - HQ - NY,23324,0,0,0
01/08/2025 06:35,SCH - HQ_CEDARS,325274,164,279,-100
01/08/2025 06:35,SCH - HQ_IMPORT_EXPORT,325376,0,0,0
01/08/2025 06:35,SCH - NE - NY,23318,-558.2,1400,-1800
01/08/2025 06:35,SCH - NPX_1385,325277,0,0,0
01/08/2025 06:35,SCH - NPX_CSC,325154,0,330,-330
01/08/2025 06:35,SCH - OH - NY,23317,1292.58,2200,-1850
01/08/2025 06:35,SCH - PJ - NY,23316,1409.07,1700,-2400
01/08/2025 06:35,SCH - PJM_HTP,325905,300,660,-660
01/08/2025 06:35,SCH - PJM_NEPTUNE,325305,660,660,-660
01/08/2025 06:35,SCH - PJM_VFT,325658,232,315,-315
01/08/2025 06:35,SPR/DUN-SOUTH,23320,1997.22,4600,-9999
01/08/2025 06:35,TOTAL EAST,23314,5093.84,7550,-9999
01/08/2025 06:35,UPNY CONED,23315,3966.3,6385,-9999
01/08/2025 06:35,WEST CENTRAL,23312,855.08,9999,-9999
01/08/2025 06:40,CENTRAL EAST - VC,23330,2981.94,3320,-9999
01/08/2025 06:40,DYSINGER EAST,23326,1667.23,3200,-9999
01/08/2025 06:40,MOSES SOUTH,23319,890.77,1550,-1600
01/08/2025 06:40,SCH - HQ - NY,23324,0,0,0
01/08/2025 06:40,SCH - HQ_CEDARS,325274,164,279,-100
01/08/2025 06:40,SCH - HQ_IMPORT_EXPORT,325376,0,0,0
01/08/2025 06:40,SCH - NE - NY,23318,-558.28,1400,-1800
01/08/2025 06:40,SCH - NPX_1385,325277,0,0,0
01/08/2025 06:40,SCH - NPX_CSC,325154,0,330,-330
01/08/2025 06:40,SCH - OH - NY,23317,1292.55,2200,-1850
01/08/2025 06:40,SCH - PJ - NY,23316,1409.23,1700,-2400
01/08/2025 06:40,SCH - PJM_HTP,325905,300,660,-660
01/08/2025 06:40,SCH - PJM_NEPTUNE,325305,660,660,-660
01/08/2025 06:40,SCH - PJM_VFT,325658,232,315,-315
01/08/2025 06:40,SPR/DUN-SOUTH,23320,2020.69,4600,-9999
01/08/2025 06:40,TOTAL EAST,23314,5106.05,7550,-9999
01/08/2025 06:40,UPNY CONED,23315,4007.34,6385,-9999
01/08/2025 06:40,WEST CENTRAL,23312,925.03,9999,-9999
01/08/2025 06:45,CENTRAL EAST - VC,23330,2875.71,3320,-9999
01/08/2025 06:45,DYSINGER EAST,23326,1610.8,3200,-9999
01/08/2025 06:45,MOSES SOUTH,23319,886.23,1550,-1600
01/08/2025 06:45,SCH - HQ - NY,23324,0,0,0
01/08/2025 06:45,SCH - HQ_CEDARS,325274,164,279,-100
01/08/2025 06:45,SCH - HQ_IMPORT_EXPORT,325376,0,0,0
01/08/2025 06:45,SCH - NE - NY,23318,-516.1,1400,-1800
01/08/2025 06:45,SCH - NPX_1385,325277,0,0,0
01/08/2025 06:45,SCH - NPX_CSC,325154,0,330,-330
01/08/2025 06:45,SCH - OH - NY,23317,1292.56,2200,-1850
01/08/2025 06:45,SCH - PJ - NY,23316,1409.98,1700,-2400
01/08/2025 06:45,SCH - PJM_HTP,325905,300,660,-660
01/08/2025 06:45,SCH - PJM_NEPTUNE,325305,660,660,-660
01/08/2025 06:45,SCH - PJM_VFT,325658,232,315,-315
01/08/2025 06:45,SPR/DUN-SOUTH,23320,2087.05,4600,-9999
01/08/2025 06:45,TOTAL EAST,23314,5027.8,7550,-9999
01/08/2025 06:45,UPNY CONED,23315,4072.52,6385,-9999
01/08/2025 06:45,WEST CENTRAL,23312,868.77,9999,-9999
01/08/2025 06:50,CENTRAL EAST - VC,23330,2904.03,3320,-9999
01/08/2025 06:50,DYSINGER EAST,23326,1644.08,3200,-9999
01/08/2025 06:50,MOSES SOUTH,23319,886.94,1550,-1600
01/08/2025 06:50,SCH - HQ - NY,23324,0,0,0
01/08/2025 06:50,SCH - HQ_CEDARS,325274,164,279,-100
01/08/2025 06:50,SCH - HQ_IMPORT_EXPORT,325376,0,0,0
01/08/2025 06:50,SCH - NE - NY,23318,-475.14,1400,-1800
01/08/2025 06:50,SCH - NPX_1385,325277,0,0,0
01/08/2025 06:50,SCH - NPX_CSC,325154,0,330,-330
01/08/2025 06:50,SCH - OH - NY,23317,1292.39,2200,-1850
01/08/2025 06:50,SCH - PJ - NY,23316,1409.17,1700,-2400
01/08/2025 06:50,SCH - PJM_HTP,325905,300,660,-660
01/08/2025 06:50,SCH - PJM_NEPTUNE,325305,660,660,-660
01/08/2025 06:50,SCH - PJM_VFT,325658,232,315,-315
01/08/2025 06:50,SPR/DUN-SOUTH,23320,2150.68,4600,-9999
01/08/2025 06:50,TOTAL EAST,23314,4990.95,7550,-9999
01/08/2025 06:50,UPNY CONED,23315,4137.89,6385,-9999
01/08/2025 06:50,WEST CENTRAL,23312,899.33,9999,-9999
01/08/2025 06:55,CENTRAL EAST - VC,23330,2917.46,3320,-9999
01/08/2025 06:55,DYSINGER EAST,23326,1584.85,3200,-9999
01/08/2025 06:55,MOSES SOUTH,23319,867.6,1550,-1600
01/08/2025 06:55,SCH - HQ - NY,23324,0,0,0
01/08/2025 06:55,SCH - HQ_CEDARS,325274,164,279,-100
01/08/2025 06:55,SCH - HQ_IMPORT_EXPORT,325376,0,0,0
01/08/2025 06:55,SCH - NE - NY,23318,-475.2,1400,-1800
01/08/2025 06:55,SCH - NPX_1385,325277,0,0,0
01/08/2025 06:55,SCH - NPX_CSC,325154,0,330,-330
01/08/2025 06:55,SCH - OH - NY,23317,1292.63,2200,-1850
01/08/2025 06:55,SCH - PJ - NY,23316,1410.32,1700,-2400
01/08/2025 06:55,SCH - PJM_HTP,325905,300,660,-660
01/08/2025 06:55,SCH - PJM_NEPTUNE,325305,660,660,-660
01/08/2025 06:55,SCH - PJM_VFT,325658,232,315,-315
01/08/2025 06:55,SPR/DUN-SOUTH,23320,2148.04,4600,-9999
01/08/2025 06:55,TOTAL EAST,23314,4963.31,7550,-9999
01/08/2025 06:55,UPNY CONED,23315,4140.76,6385,-9999
01/08/2025 06:55,WEST CENTRAL,23312,832.03,9999,-9999
01/08/2025 07:00,CENTRAL EAST - VC,23330,2992.98,3320,-9999
01/08/2025 07:00,DYSINGER EAST,23326,2010.26,3200,-9999
01/08/2025 07:00,MOSES SOUTH,23319,790.01,1550,-1600
01/08/2025 07:00,SCH - HQ - NY,23324,0,0,0
01/08/2025 07:00,SCH - HQ_CEDARS,325274,120,279,-100
01/08/2025 07:00,SCH - HQ_IMPORT_EXPORT,325376,0,0,0
01/08/2025 07:00,SCH - NE - NY,23318,-575.24,1400,-1800
01/08/2025 07:00,SCH - NPX_1385,325277,0,0,0
01/08/2025 07:00,SCH - NPX_CSC,325154,0,330,-330
01/08/2025 07:00,SCH - OH - NY,23317,1571.75,2200,-1850
01/08/2025 07:00,SCH - PJ - NY,23316,1407.51,1700,-2400
01/08/2025 07:00,SCH - PJM_HTP,325905,300,660,-660
01/08/2025 07:00,SCH - PJM_NEPTUNE,325305,660,660,-660
01/08/2025 07:00,SCH - PJM_VFT,325658,203,315,-315
01/08/2025 07:00,SPR/DUN-SOUTH,23320,2273.18,4600,-9999
01/08/2025 07:00,TOTAL EAST,23314,5243.71,7550,-9999
01/08/2025 07:00,UPNY CONED,23315,4284.7,6720,-9999
01/08/2025 07:00,WEST CENTRAL,23312,1228.57,9999,-9999
01/08/2025 07:05,CENTRAL EAST - VC,23330,3118.83,3400,-9999
01/08/2025 07:05,DYSINGER EAST,23326,2275.88,3200,-9999
01/08/2025 07:05,MOSES SOUTH,23319,760.13,1550,-1600
01/08/2025 07:05,SCH - HQ - NY,23324,0,0,0
01/08/2025 07:05,SCH - HQ_CEDARS,325274,76,279,-100
01/08/2025 07:05,SCH - HQ_IMPORT_EXPORT,325376,0,0,0
01/08/2025 07:05,SCH - NE - NY,23318,-676.4,1400,-1800
01/08/2025 07:05,SCH - NPX_1385,325277,0,0,0
01/08/2025 07:05,SCH - NPX_CSC,325154,0,330,-330
01/08/2025 07:05,SCH - OH - NY,23317,1850.73,2200,-1850
01/08/2025 07:05,SCH - PJ - NY,23316,1411.32,1700,-2400
01/08/2025 07:05,SCH - PJM_HTP,325905,300,660,-660
01/08/2025 07:05,SCH - PJM_NEPTUNE,325305,660,660,-660
01/08/2025 07:05,SCH - PJM_VFT,325658,175,315,-315
01/08/2025 07:05,SPR/DUN-SOUTH,23320,2373.03,4600,-9999
01/08/2025 07:05,TOTAL EAST,23314,5444.97,7550,-9999
01/08/2025 07:05,UPNY CONED,23315,4392.08,6720,-9999
01/08/2025 07:05,WEST CENTRAL,23312,1467.16,9999,-9999
01/08/2025 07:10,CENTRAL EAST - VC,23330,3082.97,3400,-9999
01/08/2025 07:10,DYSINGER EAST,23326,2111,3200,-9999
01/08/2025 07:10,MOSES SOUTH,23319,815.89,1550,-1600
01/08/2025 07:10,SCH - HQ - NY,23324,0,0,0
01/08/2025 07:10,SCH - HQ_CEDARS,325274,76,279,-100
01/08/2025 07:10,SCH - HQ_IMPORT_EXPORT,325376,0,0,0
01/08/2025 07:10,SCH - NE - NY,23318,-676.49,1400,-1800
01/08/2025 07:10,SCH - NPX_1385,325277,0,0,0
01/08/2025 07:10,SCH - NPX_CSC,325154,0,330,-330
01/08/2025 07:10,SCH - OH - NY,23317,1851.21,2200,-1850
01/08/2025 07:10,SCH - PJ - NY,23316,1405.79,1700,-2400
01/08/2025 07:10,SCH - PJM_HTP,325905,300,660,-660
01/08/2025 07:10,SCH - PJM_NEPTUNE,325305,660,660,-660
01/08/2025 07:10,SCH - PJM_VFT,325658,175,315,-315
01/08/2025 07:10,SPR/DUN-SOUTH,23320,2369.21,4600,-9999
01/08/2025 07:10,TOTAL EAST,23314,5479.76,7550,-9999
01/08/2025 07:10,UPNY CONED,23315,4390.26,6720,-9999
01/08/2025 07:10,WEST CENTRAL,23312,1321.98,9999,-9999
01/08/2025 07:15,CENTRAL EAST - VC,23330,3062.77,3400,-9999
01/08/2025 07:15,DYSINGER EAST,23326,1851.52,3200,-9999
01/08/2025 07:15,MOSES SOUTH,23319,880.11,1550,-1600
01/08/2025 07:15,SCH - HQ - NY,23324,0,0,0
01/08/2025 07:15,SCH - HQ_CEDARS,325274,76,279,-100
01/08/2025 07:15,SCH - HQ_IMPORT_EXPORT,325376,0,0,0
01/08/2025 07:15,SCH - NE - NY,23318,-635.43,1400,-1800
01/08/2025 07:15,SCH - NPX_1385,325277,0,0,0
01/08/2025 07:15,SCH - NPX_CSC,325154,0,330,-330
01/08/2025 07:15,SCH - OH - NY,23317,1852.24,2200,-1850
01/08/2025 07:15,SCH - PJ - NY,23316,1407.02,1700,-2400
01/08/2025 07:15,SCH - PJM_HTP,325905,300,660,-660
01/08/2025 07:15,SCH - PJM_NEPTUNE,325305,660,660,-660
01/08/2025 07:15,SCH - PJM_VFT,325658,175,315,-315
01/08/2025 07:15,SPR/DUN-SOUTH,23320,2389.22,4600,-9999
01/08/2025 07:15,TOTAL EAST,23314,5474.56,7550,-9999
01/08/2025 07:15,UPNY CONED,23315,4426.97,6720,-9999
01/08/2025 07:15,WEST CENTRAL,23312,1085.95,9999,-9999
01/08/2025 07:20,CENTRAL EAST - VC,23330,2998.08,3400,-9999
01/08/2025 07:20,DYSINGER EAST,23326,1770.19,3200,-9999
01/08/2025 07:20,MOSES SOUTH,23319,872.44,1550,-1600
01/08/2025 07:20,SCH - HQ - NY,23324,0,0,0
01/08/2025 07:20,SCH - HQ_CEDARS,325274,76,279,-100
01/08/2025 07:20,SCH - HQ_IMPORT_EXPORT,325376,0,0,0
01/08/2025 07:20,SCH - NE - NY,23318,-594.36,1400,-1800
01/08/2025 07:20,SCH - NPX_1385,325277,0,0,0
01/08/2025 07:20,SCH - NPX_CSC,325154,0,330,-330
01/08/2025 07:20,SCH - OH - NY,23317,1853.54,2200,-1850
01/08/2025 07:20,SCH - PJ - NY,23316,1406.92,1700,-2400
01/08/2025 07:20,SCH - PJM_HTP,325905,300,660,-660
01/08/2025 07:20,SCH - PJM_NEPTUNE,325305,660,660,-660
01/08/2025 07:20,SCH - PJM_VFT,325658,175,315,-315
01/08/2025 07:20,SPR/DUN-SOUTH,23320,2483.93,4600,-9999
01/08/2025 07:20,TOTAL EAST,23314,5528.79,7550,-9999
01/08/2025 07:20,UPNY CONED,23315,4519.86,6720,-9999
01/08/2025 07:20,WEST CENTRAL,23312,1005.16,9999,-9999
01/08/2025 07:25,CENTRAL EAST - VC,23330,3022.53,3400,-9999
01/08/2025 07:25,DYSINGER EAST,23326,1795.92,3200,-9999
01/08/2025 07:25,MOSES SOUTH,23319,878.91,1550,-1600
01/08/2025 07:25,SCH - HQ - NY,23324,0,0,0
01/08/2025 07:25,SCH - HQ_CEDARS,325274,76,279,-100
01/08/2025 07:25,SCH - HQ_IMPORT_EXPORT,325376,0,0,0
01/08/2025 07:25,SCH - NE - NY,23318,-594.61,1400,-1800
01/08/2025 07:25,SCH - NPX_1385,325277,0,0,0
01/08/2025 07:25,SCH - NPX_CSC,325154,0,330,-330
01/08/2025 07:25,SCH - OH - NY,23317,1853.39,2200,-1850
01/08/2025 07:25,SCH - PJ - NY,23316,1407.79,1700,-2400
01/08/2025 07:25,SCH - PJM_HTP,325905,300,660,-660
01/08/2025 07:25,SCH - PJM_NEPTUNE,325305,660,660,-660
01/08/2025 07:25,SCH - PJM_VFT,325658,175,315,-315
01/08/2025 07:25,SPR/DUN-SOUTH,23320,2522.1,4600,-9999
01/08/2025 07:25,TOTAL EAST,23314,5532.11,7550,-9999
01/08/2025 07:25,UPNY CONED,23315,4561,6720,-9999
01/08/2025 07:25,WEST CENTRAL,23312,1014.05,9999,-9999
01/08/2025 07:30,CENTRAL EAST - VC,23330,3031.64,3400,-9999
01/08/2025 07:30,DYSINGER EAST,23326,1846.43,3200,-9999
01/08/2025 07:30,MOSES SOUTH,23319,911.51,1550,-1600
01/08/2025 07:30,SCH - HQ - NY,23324,0,0,0
01/08/2025 07:30,SCH - HQ_CEDARS,325274,76,279,-100
01/08/2025 07:30,SCH - HQ_IMPORT_EXPORT,325376,0,0,0
01/08/2025 07:30,SCH - NE - NY,23318,-634.39,1400,-1800
01/08/2025 07:30,SCH - NPX_1385,325277,0,0,0
01/08/2025 07:30,SCH - NPX_CSC,325154,0,330,-330
01/08/2025 07:30,SCH - OH - NY,23317,1853.09,2200,-1850
01/08/2025 07:30,SCH - PJ - NY,23316,1399.28,1700,-2400
01/08/2025 07:30,SCH - PJM_HTP,325905,300,660,-660
01/08/2025 07:30,SCH - PJM_NEPTUNE,325305,660,660,-660
01/08/2025 07:30,SCH - PJM_VFT,325658,175,315,-315
01/08/2025 07:30,SPR/DUN-SOUTH,23320,2508.34,4600,-9999
01/08/2025 07:30,TOTAL EAST,23314,5549.4,7550,-9999
01/08/2025 07:30,UPNY CONED,23315,4552.3,6720,-9999
01/08/2025 07:30,WEST CENTRAL,23312,1044.62,9999,-9999
01/08/2025 07:35,CENTRAL EAST - VC,23330,3101.64,3400,-9999
01/08/2025 07:35,DYSINGER EAST,23326,1915.18,3200,-9999
01/08/2025 07:35,MOSES SOUTH,23319,943.03,1550,-1600
01/08/2025 07:35,SCH - HQ - NY,23324,0,0,0
01/08/2025 07:35,SCH - HQ_CEDARS,325274,76,279,-100
01/08/2025 07:35,SCH - HQ_IMPORT_EXPORT,325376,0,0,0
01/08/2025 07:35,SCH - NE - NY,23318,-675.59,1400,-1800
01/08/2025 07:35,SCH - NPX_1385,325277,0,0,0
01/08/2025 07:35,SCH - NPX_CSC,325154,0,330,-330
01/08/2025 07:35,SCH - OH - NY,23317,1852.52,2200,-1850
01/08/2025 07:35,SCH - PJ - NY,23316,1409.98,1700,-2400
01/08/2025 07:35,SCH - PJM_HTP,325905,300,660,-660
01/08/2025 07:35,SCH - PJM_NEPTUNE,325305,660,660,-660
01/08/2025 07:35,SCH - PJM_VFT,325658,175,315,-315
01/08/2025 07:35,SPR/DUN-SOUTH,23320,2527.45,4600,-9999
01/08/2025 07:35,TOTAL EAST,23314,5553.64,7550,-9999
01/08/2025 07:35,UPNY CONED,23315,4567.44,6720,-9999
01/08/2025 07:35,WEST CENTRAL,23312,1104.11,9999,-9999
01/08/2025 07:40,CENTRAL EAST - VC,23330,3069.96,3400,-9999
01/08/2025 07:40,DYSINGER EAST,23326,1866.55,3200,-9999
01/08/2025 07:40,MOSES SOUTH,23319,985.22,2650,-1600
01/08/2025 07:40,SCH - HQ - NY,23324,0,1100,-490
01/08/2025 07:40,SCH - HQ_CEDARS,325274,76,279,-100
01/08/2025 07:40,SCH - HQ_IMPORT_EXPORT,325376,0,1310,-9999
01/08/2025 07:40,SCH - NE - NY,23318,-675.52,1400,-1800
01/08/2025 07:40,SCH - NPX_1385,325277,0,0,0
01/08/2025 07:40,SCH - NPX_CSC,325154,0,330,-330
01/08/2025 07:40,SCH - OH - NY,23317,1852.48,2200,-1850
01/08/2025 07:40,SCH - PJ - NY,23316,1412.81,1700,-2400
01/08/2025 07:40,SCH - PJM_HTP,325905,300,660,-660
01/08/2025 07:40,SCH - PJM_NEPTUNE,325305,660,660,-660
01/08/2025 07:40,SCH - PJM_VFT,325658,175,315,-315
01/08/2025 07:40,SPR/DUN-SOUTH,23320,2541.03,4600,-9999
01/08/2025 07:40,TOTAL EAST,23314,5557.26,7550,-9999
01/08/2025 07:40,UPNY CONED,23315,4588.99,6720,-9999
01/08/2025 07:40,WEST CENTRAL,23312,1060.01,9999,-9999
01/08/2025 07:45,CENTRAL EAST - VC,23330,3049.06,3400,-9999
01/08/2025 07:45,DYSINGER EAST,23326,1806.27,3200,-9999
01/08/2025 07:45,MOSES SOUTH,23319,991.4,2650,-1600
01/08/2025 07:45,SCH - HQ - NY,23324,0,1100,-490
01/08/2025 07:45,SCH - HQ_CEDARS,325274,76,279,-100
01/08/2025 07:45,SCH - HQ_IMPORT_EXPORT,325376,0,1310,-9999
01/08/2025 07:45,SCH - NE - NY,23318,-625.45,1400,-1800
01/08/2025 07:45,SCH - NPX_1385,325277,0,0,0
01/08/2025 07:45,SCH - NPX_CSC,325154,0,330,-330
01/08/2025 07:45,SCH - OH - NY,23317,1852.49,2200,-1850
01/08/2025 07:45,SCH - PJ - NY,23316,1409.86,1700,-2400
01/08/2025 07:45,SCH - PJM_HTP,325905,300,660,-660
01/08/2025 07:45,SCH - PJM_NEPTUNE,325305,660,660,-660
01/08/2025 07:45,SCH - PJM_VFT,325658,175,315,-315
01/08/2025 07:45,SPR/DUN-SOUTH,23320,2584.95,4600,-9999
01/08/2025 07:45,TOTAL EAST,23314,5484.83,7550,-9999
01/08/2025 07:45,UPNY CONED,23315,4631.75,6720,-9999
01/08/2025 07:45,WEST CENTRAL,23312,1005.8,9999,-9999
01/08/2025 07:50,CENTRAL EAST - VC,23330,2999.3,3400,-9999
01/08/2025 07:50,DYSINGER EAST,23326,1688.74,3200,-9999
01/08/2025 07:50,MOSES SOUTH,23319,1002.62,2650,-1600
01/08/2025 07:50,SCH - HQ - NY,23324,0,1100,-490
01/08/2025 07:50,SCH - HQ_CEDARS,325274,76,279,-100
01/08/2025 07:50,SCH - HQ_IMPORT_EXPORT,325376,0,1310,-9999
01/08/2025 07:50,SCH - NE - NY,23318,-576.31,1400,-1800
01/08/2025 07:50,SCH - NPX_1385,325277,0,0,0
01/08/2025 07:50,SCH - NPX_CSC,325154,0,330,-330
01/08/2025 07:50,SCH - OH - NY,23317,1852.89,2200,-1850
01/08/2025 07:50,SCH - PJ - NY,23316,1409.47,1700,-2400
01/08/2025 07:50,SCH - PJM_HTP,325905,300,660,-660
01/08/2025 07:50,SCH - PJM_NEPTUNE,325305,660,660,-660
01/08/2025 07:50,SCH - PJM_VFT,325658,175,315,-315
01/08/2025 07:50,SPR/DUN-SOUTH,23320,2583.01,4600,-9999
01/08/2025 07:50,TOTAL EAST,23314,5451.29,7550,-9999
01/08/2025 07:50,UPNY CONED,23315,4632.35,6720,-9999
01/08/2025 07:50,WEST CENTRAL,23312,897.01,9999,-9999
01/08/2025 07:55,CENTRAL EAST - VC,23330,3037.62,3400,-9999
01/08/2025 07:55,DYSINGER EAST,23326,1760.4,3200,-9999
01/08/2025 07:55,MOSES SOUTH,23319,1066.75,2650,-1600
01/08/2025 07:55,SCH - HQ - NY,23324,0,1100,-490
01/08/2025 07:55,SCH - HQ_CEDARS,325274,76,279,-100
01/08/2025 07:55,SCH - HQ_IMPORT_EXPORT,325376,0,1310,-9999
01/08/2025 07:55,SCH - NE - NY,23318,-576.3,1400,-1800
01/08/2025 07:55,SCH - NPX_1385,325277,0,0,0
01/08/2025 07:55,SCH - NPX_CSC,325154,0,330,-330
01/08/2025 07:55,SCH - OH - NY,23317,1851.65,2200,-1850
01/08/2025 07:55,SCH - PJ - NY,23316,1412.33,1700,-2400
01/08/2025 07:55,SCH - PJM_HTP,325905,300,660,-660
01/08/2025 07:55,SCH - PJM_NEPTUNE,325305,660,660,-660
01/08/2025 07:55,SCH - PJM_VFT,325658,175,315,-315
01/08/2025 07:55,SPR/DUN-SOUTH,23320,2524.34,4600,-9999
01/08/2025 07:55,TOTAL EAST,23314,5390.57,7550,-9999
01/08/2025 07:55,UPNY CONED,23315,4569.07,6720,-9999
01/08/2025 07:55,WEST CENTRAL,23312,961.56,9999,-9999
01/08/2025 08:00,CENTRAL EAST - VC,23330,3158.98,3400,-9999
01/08/2025 08:00,CENTRAL EAST - VC,23330,3218.12,3400,-9999
01/08/2025 08:00,DYSINGER EAST,23326,1965.57,3200,-9999
01/08/2025 08:00,DYSINGER EAST,23326,1910.76,3200,-9999
01/08/2025 08:00,MOSES SOUTH,23319,1226.08,2650,-1600
01/08/2025 08:00,MOSES SOUTH,23319,1255.37,2650,-1600
01/08/2025 08:00,SCH - HQ - NY,23324,100,1100,-490
01/08/2025 08:00,SCH - HQ - NY,23324,100,1100,-490
01/08/2025 08:00,SCH - HQ_CEDARS,325274,143,279,-100
01/08/2025 08:00,SCH - HQ_CEDARS,325274,143,279,-100
01/08/2025 08:00,SCH - HQ_IMPORT_EXPORT,325376,100,1310,-9999
01/08/2025 08:00,SCH - HQ_IMPORT_EXPORT,325376,100,1310,-9999
01/08/2025 08:00,SCH - NE - NY,23318,-677.51,1400,-1800
01/08/2025 08:00,SCH - NE - NY,23318,-677.52,1400,-1800
01/08/2025 08:00,SCH - NPX_1385,325277,0,0,0
01/08/2025 08:00,SCH - NPX_1385,325277,0,0,0
01/08/2025 08:00,SCH - NPX_CSC,325154,0,330,-330
01/08/2025 08:00,SCH - NPX_CSC,325154,0,330,-330
01/08/2025 08:00,SCH - OH - NY,23317,1667.19,2200,-1850
01/08/2025 08:00,SCH - OH - NY,23317,1667.34,2200,-1850
01/08/2025 08:00,SCH - PJ - NY,23316,1343.43,1700,-2400
01/08/2025 08:00,SCH - PJ - NY,23316,1342.31,1700,-2400
01/08/2025 08:00,SCH - PJM_HTP,325905,300,660,-660
01/08/2025 08:00,SCH - PJM_HTP,325905,300,660,-660
01/08/2025 08:00,SCH - PJM_NEPTUNE,325305,660,660,-660
01/08/2025 08:00,SCH - PJM_NEPTUNE,325305,660,660,-660
01/08/2025 08:00,SCH - PJM_VFT,325658,203,315,-315
01/08/2025 08:00,SCH - PJM_VFT,325658,203,315,-315
01/08/2025 08:00,SPR/DUN-SOUTH,23320,2654.94,4600,-9999
01/08/2025 08:00,SPR/DUN-SOUTH,23320,2588.73,4600,-9999
01/08/2025 08:00,TOTAL EAST,23314,5380.11,7550,-9999
01/08/2025 08:00,TOTAL EAST,23314,5458.13,7550,-9999
01/08/2025 08:00,UPNY CONED,23315,4598.5,6720,-9999
01/08/2025 08:00,UPNY CONED,23315,4704.28,6720,-9999
01/08/2025 08:00,WEST CENTRAL,23312,1144.54,9999,-9999
01/08/2025 08:00,WEST CENTRAL,23312,1091.83,9999,-9999
01/08/2025 08:02,CENTRAL EAST - VC,23330,3127.94,3400,-9999
01/08/2025 08:02,DYSINGER EAST,23326,1911.93,3200,-9999
01/08/2025 08:02,MOSES SOUTH,23319,1329.66,2650,-1600
01/08/2025 08:02,SCH - HQ - NY,23324,140,1100,-490
01/08/2025 08:02,SCH - HQ_CEDARS,325274,170,279,-100
01/08/2025 08:02,SCH - HQ_IMPORT_EXPORT,325376,140,1310,-9999
01/08/2025 08:02,SCH - NE - NY,23318,-718.52,1400,-1800
01/08/2025 08:02,SCH - NPX_1385,325277,0,0,0
01/08/2025 08:02,SCH - NPX_CSC,325154,0,330,-330
01/08/2025 08:02,SCH - OH - NY,23317,1593.99,2200,-1850
01/08/2025 08:02,SCH - PJ - NY,23316,1314.65,1700,-2400
01/08/2025 08:02,SCH - PJM_HTP,325905,300,660,-660
01/08/2025 08:02,SCH - PJM_NEPTUNE,325305,660,660,-660
01/08/2025 08:02,SCH - PJM_VFT,325658,214,315,-315
01/08/2025 08:02,SPR/DUN-SOUTH,23320,2579.39,4600,-9999
01/08/2025 08:02,TOTAL EAST,23314,5345.43,7550,-9999
01/08/2025 08:02,UPNY CONED,23315,4579.56,6720,-9999
01/08/2025 08:02,WEST CENTRAL,23312,1100.06,9999,-9999
01/08/2025 08:10,CENTRAL EAST - VC,23330,3218.01,3400,-9999
01/08/2025 08:10,DYSINGER EAST,23326,2018.75,3200,-9999
01/08/2025 08:10,MOSES SOUTH,23319,1388.48,2650,-1600
01/08/2025 08:10,SCH - HQ - NY,23324,201,1100,-490
01/08/2025 08:10,SCH - HQ_CEDARS,325274,210,279,-100
01/08/2025 08:10,SCH - HQ_IMPORT_EXPORT,325376,201,1310,-9999
01/08/2025 08:10,SCH - NE - NY,23318,-779.66,1400,-1800
01/08/2025 08:10,SCH - NPX_1385,325277,0,0,0
01/08/2025 08:10,SCH - NPX_CSC,325154,0,330,-330
01/08/2025 08:10,SCH - OH - NY,23317,1484.99,2200,-1850
01/08/2025 08:10,SCH - PJ - NY,23316,1283.83,1700,-2400
01/08/2025 08:10,SCH - PJM_HTP,325905,300,660,-660
01/08/2025 08:10,SCH - PJM_NEPTUNE,325305,660,660,-660
01/08/2025 08:10,SCH - PJM_VFT,325658,232,315,-315
01/08/2025 08:10,SPR/DUN-SOUTH,23320,2568.1,4600,-9999
01/08/2025 08:10,TOTAL EAST,23314,5463.57,7550,-9999
01/08/2025 08:10,UPNY CONED,23315,4607.64,6720,-9999
01/08/2025 08:10,WEST CENTRAL,23312,1199.35,9999,-9999
01/08/2025 08:15,CENTRAL EAST - VC,23330,3209.49,3400,-9999
01/08/2025 08:15,DYSINGER EAST,23326,2058.25,3200,-9999
01/08/2025 08:15,MOSES SOUTH,23319,1242.78,2650,-1600
01/08/2025 08:15,SCH - HQ - NY,23324,201,1100,-490
01/08/2025 08:15,SCH - HQ_CEDARS,325274,210,279,-100
01/08/2025 08:15,SCH - HQ_IMPORT_EXPORT,325376,201,1310,-9999
01/08/2025 08:15,SCH - NE - NY,23318,-725.52,1400,-1800
01/08/2025 08:15,SCH - NPX_1385,325277,0,0,0
01/08/2025 08:15,SCH - NPX_CSC,325154,0,330,-330
01/08/2025 08:15,SCH - OH - NY,23317,1485.54,2200,-1850
01/08/2025 08:15,SCH - PJ - NY,23316,1313.64,1700,-2400
01/08/2025 08:15,SCH - PJM_HTP,325905,300,660,-660
01/08/2025 08:15,SCH - PJM_NEPTUNE,325305,660,660,-660
01/08/2025 08:15,SCH - PJM_VFT,325658,232,315,-315
01/08/2025 08:15,SPR/DUN-SOUTH,23320,2762.19,4600,-9999
01/08/2025 08:15,TOTAL EAST,23314,5595.16,7550,-9999
01/08/2025 08:15,UPNY CONED,23315,4801.2,6720,-9999
01/08/2025 08:15,WEST CENTRAL,23312,1234.84,9999,-9999
01/08/2025 08:20,CENTRAL EAST - VC,23330,3188.44,3400,-9999
01/08/2025 08:20,DYSINGER EAST,23326,1884.64,3200,-9999
01/08/2025 08:20,MOSES SOUTH,23319,1180.7,2650,-1600
01/08/2025 08:20,SCH - HQ - NY,23324,201,1100,-490
01/08/2025 08:20,SCH - HQ_CEDARS,325274,210,279,-100
01/08/2025 08:20,SCH - HQ_IMPORT_EXPORT,325376,201,1310,-9999
01/08/2025 08:20,SCH - NE - NY,23318,-672.43,1400,-1800
01/08/2025 08:20,SCH - NPX_1385,325277,0,0,0
01/08/2025 08:20,SCH - NPX_CSC,325154,0,330,-330
01/08/2025 08:20,SCH - OH - NY,23317,1486.37,2200,-1850
01/08/2025 08:20,SCH - PJ - NY,23316,1363.26,1700,-2400
01/08/2025 08:20,SCH - PJM_HTP,325905,300,660,-660
01/08/2025 08:20,SCH - PJM_NEPTUNE,325305,660,660,-660
01/08/2025 08:20,SCH - PJM_VFT,325658,232,315,-315
01/08/2025 08:20,SPR/DUN-SOUTH,23320,2825.27,4600,-9999
01/08/2025 08:20,TOTAL EAST,23314,5638.44,7550,-9999
01/08/2025 08:20,UPNY CONED,23315,4866,6720,-9999
01/08/2025 08:20,WEST CENTRAL,23312,1073.99,9999,-9999
01/08/2025 08:25,CENTRAL EAST - VC,23330,3151.45,3400,-9999
01/08/2025 08:25,DYSINGER EAST,23326,1833.49,3200,-9999
01/08/2025 08:25,MOSES SOUTH,23319,1112.73,2650,-1600
01/08/2025 08:25,SCH - HQ - NY,23324,201,1100,-490
01/08/2025 08:25,SCH - HQ_CEDARS,325274,210,279,-100
01/08/2025 08:25,SCH - HQ_IMPORT_EXPORT,325376,201,1310,-9999
01/08/2025 08:25,SCH - NE - NY,23318,-672.68,1400,-1800
01/08/2025 08:25,SCH - NPX_1385,325277,0,0,0
01/08/2025 08:25,SCH - NPX_CSC,325154,0,330,-330
01/08/2025 08:25,SCH - OH - NY,23317,1486.87,2200,-1850
01/08/2025 08:25,SCH - PJ - NY,23316,1363.72,1700,-2400
01/08/2025 08:25,SCH - PJM_HTP,325905,300,660,-660
01/08/2025 08:25,SCH - PJM_NEPTUNE,325305,660,660,-660
01/08/2025 08:25,SCH - PJM_VFT,325658,232,315,-315
01/08/2025 08:25,SPR/DUN-SOUTH,23320,2852.8,4600,-9999
01/08/2025 08:25,TOTAL EAST,23314,5622.1,7550,-9999
01/08/2025 08:25,UPNY CONED,23315,4893.03,6720,-9999
01/08/2025 08:25,WEST CENTRAL,23312,1033.57,9999,-9999
01/08/2025 08:30,CENTRAL EAST - VC,23330,3077.57,3400,-9999
01/08/2025 08:30,DYSINGER EAST,23326,1825.58,3200,-9999
01/08/2025 08:30,MOSES SOUTH,23319,1084.91,2650,-1600
01/08/2025 08:30,SCH - HQ - NY,23324,201,1100,-490
01/08/2025 08:30,SCH - HQ_CEDARS,325274,210,279,-100
01/08/2025 08:30,SCH - HQ_IMPORT_EXPORT,325376,201,1310,-9999
01/08/2025 08:30,SCH - NE - NY,23318,-642.36,1400,-1800
01/08/2025 08:30,SCH - NPX_1385,325277,0,0,0
01/08/2025 08:30,SCH - NPX_CSC,325154,0,330,-330
01/08/2025 08:30,SCH - OH - NY,23317,1486.99,2200,-1850
01/08/2025 08:30,SCH - PJ - NY,23316,1363.77,1700,-2400
01/08/2025 08:30,SCH - PJM_HTP,325905,300,660,-660
01/08/2025 08:30,SCH - PJM_NEPTUNE,325305,660,660,-660
01/08/2025 08:30,SCH - PJM_VFT,325658,232,315,-315
01/08/2025 08:30,SPR/DUN-SOUTH,23320,2835.62,4600,-9999
01/08/2025 08:30,TOTAL EAST,23314,5623.75,7550,-9999
01/08/2025 08:30,UPNY CONED,23315,4850.55,6720,-9999
01/08/2025 08:30,WEST CENTRAL,23312,1023.59,9999,-9999
01/08/2025 08:35,CENTRAL EAST - VC,23330,3087.01,3400,-9999
01/08/2025 08:35,DYSINGER EAST,23326,1914.64,3200,-9999
01/08/2025 08:35,MOSES SOUTH,23319,1090.04,2650,-1600
01/08/2025 08:35,SCH - HQ - NY,23324,201,1100,-490
01/08/2025 08:35,SCH - HQ_CEDARS,325274,210,279,-100
01/08/2025 08:35,SCH - HQ_IMPORT_EXPORT,325376,201,1310,-9999
01/08/2025 08:35,SCH - NE - NY,23318,-613.32,1400,-1800
01/08/2025 08:35,SCH - NPX_1385,325277,0,0,0
01/08/2025 08:35,SCH - NPX_CSC,325154,0,330,-330
01/08/2025 08:35,SCH - OH - NY,23317,1486.58,2200,-1850
01/08/2025 08:35,SCH - PJ - NY,23316,1362.97,1700,-2400
01/08/2025 08:35,SCH - PJM_HTP,325905,300,660,-660
01/08/2025 08:35,SCH - PJM_NEPTUNE,325305,660,660,-660
01/08/2025 08:35,SCH - PJM_VFT,325658,232,315,-315
01/08/2025 08:35,SPR/DUN-SOUTH,23320,2858.83,4600,-9999
01/08/2025 08:35,TOTAL EAST,23314,5624.64,7550,-9999
01/08/2025 08:35,UPNY CONED,23315,4867.56,6720,-9999
01/08/2025 08:35,WEST CENTRAL,23312,1100.02,9999,-9999
01/08/2025 08:40,CENTRAL EAST - VC,23330,3055.35,3400,-9999
01/08/2025 08:40,DYSINGER EAST,23326,1855.41,3200,-9999
01/08/2025 08:40,MOSES SOUTH,23319,1084.76,2650,-1600
01/08/2025 08:40,SCH - HQ - NY,23324,201,1100,-490
01/08/2025 08:40,SCH - HQ_CEDARS,325274,210,279,-100
01/08/2025 08:40,SCH - HQ_IMPORT_EXPORT,325376,201,1310,-9999
01/08/2025 08:40,SCH - NE - NY,23318,-613.28,1400,-1800
01/08/2025 08:40,SCH - NPX_1385,325277,0,0,0
01/08/2025 08:40,SCH - NPX_CSC,325154,0,330,-330
01/08/2025 08:40,SCH - OH - NY,23317,1486.87,2200,-1850
01/08/2025 08:40,SCH - PJ - NY,23316,1361.76,1700,-2400
01/08/2025 08:40,SCH - PJM_HTP,325905,300,660,-660
01/08/2025 08:40,SCH - PJM_NEPTUNE,325305,660,660,-660
01/08/2025 08:40,SCH - PJM_VFT,325658,232,315,-315
01/08/2025 08:40,SPR/DUN-SOUTH,23320,2838.04,4600,-9999
01/08/2025 08:40,TOTAL EAST,23314,5609.66,7550,-9999
01/08/2025 08:40,UPNY CONED,23315,4846.17,6720,-9999
01/08/2025 08:40,WEST CENTRAL,23312,1035.88,9999,-9999
01/08/2025 08:45,CENTRAL EAST - VC,23330,3096.72,3400,-9999
01/08/2025 08:45,DYSINGER EAST,23326,1845.62,3200,-9999
01/08/2025 08:45,MOSES SOUTH,23319,1079.72,2650,-1600
01/08/2025 08:45,SCH - HQ - NY,23324,201,1100,-490
01/08/2025 08:45,SCH - HQ_CEDARS,325274,210,279,-100
01/08/2025 08:45,SCH - HQ_IMPORT_EXPORT,325376,201,1310,-9999
01/08/2025 08:45,SCH - NE - NY,23318,-552.31,1400,-1800
01/08/2025 08:45,SCH - NPX_1385,325277,0,0,0
01/08/2025 08:45,SCH - NPX_CSC,325154,0,330,-330
01/08/2025 08:45,SCH - OH - NY,23317,1487.02,2200,-1850
01/08/2025 08:45,SCH - PJ - NY,23316,1384.68,1700,-2400
01/08/2025 08:45,SCH - PJM_HTP,325905,300,660,-660
01/08/2025 08:45,SCH - PJM_NEPTUNE,325305,660,660,-660
01/08/2025 08:45,SCH - PJM_VFT,325658,232,315,-315
01/08/2025 08:45,SPR/DUN-SOUTH,23320,2859.73,4600,-9999
01/08/2025 08:45,TOTAL EAST,23314,5670.04,7550,-9999
01/08/2025 08:45,UPNY CONED,23315,4864.67,6720,-9999
01/08/2025 08:45,WEST CENTRAL,23312,1037.67,9999,-9999
01/08/2025 08:50,CENTRAL EAST - VC,23330,3002.06,3400,-9999
01/08/2025 08:50,DYSINGER EAST,23326,1917.84,3200,-9999
01/08/2025 08:50,MOSES SOUTH,23319,1041.63,2650,-1600
01/08/2025 08:50,SCH - HQ - NY,23324,201,1100,-490
01/08/2025 08:50,SCH - HQ_CEDARS,325274,210,279,-100
01/08/2025 08:50,SCH - HQ_IMPORT_EXPORT,325376,201,1310,-9999
01/08/2025 08:50,SCH - NE - NY,23318,-492.12,1400,-1800
01/08/2025 08:50,SCH - NPX_1385,325277,0,0,0
01/08/2025 08:50,SCH - NPX_CSC,325154,0,330,-330
01/08/2025 08:50,SCH - OH - NY,23317,1486.27,2200,-1850
01/08/2025 08:50,SCH - PJ - NY,23316,1411.13,1700,-2400
01/08/2025 08:50,SCH - PJM_HTP,325905,300,660,-660
01/08/2025 08:50,SCH - PJM_NEPTUNE,325305,660,660,-660
01/08/2025 08:50,SCH - PJM_VFT,325658,232,315,-315
01/08/2025 08:50,SPR/DUN-SOUTH,23320,2845.7,4600,-9999
01/08/2025 08:50,TOTAL EAST,23314,5542.07,7550,-9999
01/08/2025 08:50,UPNY CONED,23315,4838.58,6720,-9999
01/08/2025 08:50,WEST CENTRAL,23312,1113.67,9999,-9999
01/08/2025 08:55,CENTRAL EAST - VC,23330,2925.29,3400,-9999
01/08/2025 08:55,DYSINGER EAST,23326,1823.73,3200,-9999
01/08/2025 08:55,MOSES SOUTH,23319,1100.91,2650,-1600
01/08/2025 08:55,SCH - HQ - NY,23324,201,1100,-490
01/08/2025 08:55,SCH - HQ_CEDARS,325274,210,279,-100
01/08/2025 08:55,SCH - HQ_IMPORT_EXPORT,325376,201,1310,-9999
01/08/2025 08:55,SCH - NE - NY,23318,-492.1,1400,-1800
01/08/2025 08:55,SCH - NPX_1385,325277,0,0,0
01/08/2025 08:55,SCH - NPX_CSC,325154,0,330,-330
01/08/2025 08:55,SCH - OH - NY,23317,1486.37,2200,-1850
01/08/2025 08:55,SCH - PJ - NY,23316,1415.13,1700,-2400
01/08/2025 08:55,SCH - PJM_HTP,325905,300,660,-660
01/08/2025 08:55,SCH - PJM_NEPTUNE,325305,660,660,-660
01/08/2025 08:55,SCH - PJM_VFT,325658,232,315,-315
01/08/2025 08:55,SPR/DUN-SOUTH,23320,2661.98,4600,-9999
01/08/2025 08:55,TOTAL EAST,23314,5503.62,7550,-9999
01/08/2025 08:55,UPNY CONED,23315,4634.66,6720,-9999
01/08/2025 08:55,WEST CENTRAL,23312,1031.09,9999,-9999
01/08/2025 09:00,CENTRAL EAST - VC,23330,3083.01,3400,-9999
01/08/2025 09:00,DYSINGER EAST,23326,1922.21,3200,-9999
01/08/2025 09:00,MOSES SOUTH,23319,1308.81,2650,-1600
01/08/2025 09:00,SCH - HQ - NY,23324,464,1100,-490
01/08/2025 09:00,SCH - HQ_CEDARS,325274,219,279,-100
01/08/2025 09:00,SCH - HQ_IMPORT_EXPORT,325376,464,1310,-9999
01/08/2025 09:00,SCH - NE - NY,23318,-642.28,1400,-1800
01/08/2025 09:00,SCH - NPX_1385,325277,0,0,0
01/08/2025 09:00,SCH - NPX_CSC,325154,75,330,-330
01/08/2025 09:00,SCH - OH - NY,23317,1579.48,2200,-1850
01/08/2025 09:00,SCH - PJ - NY,23316,1340.09,1700,-2400
01/08/2025 09:00,SCH - PJM_HTP,325905,300,660,-660
01/08/2025 09:00,SCH - PJM_NEPTUNE,325305,660,660,-660
01/08/2025 09:00,SCH - PJM_VFT,325658,232,315,-315
01/08/2025 09:00,SPR/DUN-SOUTH,23320,2967.64,4600,-9999
01/08/2025 09:00,TOTAL EAST,23314,5643.67,7550,-9999
01/08/2025 09:00,UPNY CONED,23315,4808.47,6720,-9999
01/08/2025 09:00,WEST CENTRAL,23312,1119.18,9999,-9999
01/08/2025 09:05,CENTRAL EAST - VC,23330,3235.72,3400,-9999
01/08/2025 09:05,DYSINGER EAST,23326,2055.42,3200,-9999
01/08/2025 09:05,MOSES SOUTH,23319,1574.8,2650,-1600
01/08/2025 09:05,SCH - HQ - NY,23324,727,1100,-490
01/08/2025 09:05,SCH - HQ_CEDARS,325274,229,279,-100
01/08/2025 09:05,SCH - HQ_IMPORT_EXPORT,325376,727,1310,-9999
01/08/2025 09:05,SCH - NE - NY,23318,-792.58,1400,-1800
01/08/2025 09:05,SCH - NPX_1385,325277,0,0,0
01/08/2025 09:05,SCH - NPX_CSC,325154,150,330,-330
01/08/2025 09:05,SCH - OH - NY,23317,1672.17,2200,-1850
01/08/2025 09:05,SCH - PJ - NY,23316,1261.46,1700,-2400
01/08/2025 09:05,SCH - PJM_HTP,325905,300,660,-660
01/08/2025 09:05,SCH - PJM_NEPTUNE,325305,660,660,-660
01/08/2025 09:05,SCH - PJM_VFT,325658,232,315,-315
01/08/2025 09:05,SPR/DUN-SOUTH,23320,2970.6,4600,-9999
01/08/2025 09:05,TOTAL EAST,23314,5752.67,7550,-9999
01/08/2025 09:05,UPNY CONED,23315,4746.09,6720,-9999
01/08/2025 09:05,WEST CENTRAL,23312,1232.31,9999,-9999
01/08/2025 09:10,CENTRAL EAST - VC,23330,3242.25,3400,-9999
01/08/2025 09:10,DYSINGER EAST,23326,2019.66,3200,-9999
01/08/2025 09:10,MOSES SOUTH,23319,1586.86,2650,-1600
01/08/2025 09:10,SCH - HQ - NY,23324,727,1100,-490
01/08/2025 09:10,SCH - HQ_CEDARS,325274,229,279,-100
01/08/2025 09:10,SCH - HQ_IMPORT_EXPORT,325376,727,1310,-9999
01/08/2025 09:10,SCH - NE - NY,23318,-792.4,1400,-1800
01/08/2025 09:10,SCH - NPX_1385,325277,0,0,0
01/08/2025 09:10,SCH - NPX_CSC,325154,150,330,-330
01/08/2025 09:10,SCH - OH - NY,23317,1672.22,2200,-1850
01/08/2025 09:10,SCH - PJ - NY,23316,1261.95,1700,-2400
01/08/2025 09:10,SCH - PJM_HTP,325905,300,660,-660
01/08/2025 09:10,SCH - PJM_NEPTUNE,325305,660,660,-660
01/08/2025 09:10,SCH - PJM_VFT,325658,232,315,-315
01/08/2025 09:10,SPR/DUN-SOUTH,23320,3004.72,4600,-9999
01/08/2025 09:10,TOTAL EAST,23314,5838.57,7550,-9999
01/08/2025 09:10,UPNY CONED,23315,4772.74,6720,-9999
01/08/2025 09:10,WEST CENTRAL,23312,1201.4,9999,-9999
01/08/2025 09:15,CENTRAL EAST - VC,23330,3240.37,3400,-9999
01/08/2025 09:15,DYSINGER EAST,23326,1891.67,3200,-9999
01/08/2025 09:15,MOSES SOUTH,23319,1555.71,2650,-1600
01/08/2025 09:15,SCH - HQ - NY,23324,727,1100,-490
01/08/2025 09:15,SCH - HQ_CEDARS,325274,229,279,-100
01/08/2025 09:15,SCH - HQ_IMPORT_EXPORT,325376,727,1310,-9999
01/08/2025 09:15,SCH - NE - NY,23318,-786.49,1400,-1800
01/08/2025 09:15,SCH - NPX_1385,325277,0,0,0
01/08/2025 09:15,SCH - NPX_CSC,325154,150,330,-330
01/08/2025 09:15,SCH - OH - NY,23317,1672.72,2200,-1850
01/08/2025 09:15,SCH - PJ - NY,23316,1152.78,1700,-2400
01/08/2025 09:15,SCH - PJM_HTP,325905,300,660,-660
01/08/2025 09:15,SCH - PJM_NEPTUNE,325305,660,660,-660
01/08/2025 09:15,SCH - PJM_VFT,325658,232,315,-315
01/08/2025 09:15,SPR/DUN-SOUTH,23320,3067.64,4600,-9999
01/08/2025 09:15,TOTAL EAST,23314,5709.51,7550,-9999
01/08/2025 09:15,UPNY CONED,23315,4838.65,6720,-9999
01/08/2025 09:15,WEST CENTRAL,23312,1098.17,9999,-9999
01/08/2025 09:20,CENTRAL EAST - VC,23330,3142.12,3400,-9999
01/08/2025 09:20,DYSINGER EAST,23326,1944.59,3200,-9999
01/08/2025 09:20,MOSES SOUTH,23319,1516.69,2650,-1600
01/08/2025 09:20,SCH - HQ - NY,23324,727,1100,-490
01/08/2025 09:20,SCH - HQ_CEDARS,325274,229,279,-100
01/08/2025 09:20,SCH - HQ_IMPORT_EXPORT,325376,727,1310,-9999
01/08/2025 09:20,SCH - NE - NY,23318,-781.27,1400,-1800
01/08/2025 09:20,SCH - NPX_1385,325277,0,0,0
01/08/2025 09:20,SCH - NPX_CSC,325154,150,330,-330
01/08/2025 09:20,SCH - OH - NY,23317,1672.51,2200,-1850
01/08/2025 09:20,SCH - PJ - NY,23316,1044.74,1700,-2400
01/08/2025 09:20,SCH - PJM_HTP,325905,300,660,-660
01/08/2025 09:20,SCH - PJM_NEPTUNE,325305,660,660,-660
01/08/2025 09:20,SCH - PJM_VFT,325658,232,315,-315
01/08/2025 09:20,SPR/DUN-SOUTH,23320,3049.58,4600,-9999
01/08/2025 09:20,TOTAL EAST,23314,5619.95,7550,-9999
01/08/2025 09:20,UPNY CONED,23315,4798.6,6720,-9999
01/08/2025 09:20,WEST CENTRAL,23312,1158.86,9999,-9999
01/08/2025 09:25,CENTRAL EAST - VC,23330,3170.63,3400,-9999
01/08/2025 09:25,DYSINGER EAST,23326,1879.5,3200,-9999
01/08/2025 09:25,MOSES SOUTH,23319,1508.52,2650,-1600
01/08/2025 09:25,SCH - HQ - NY,23324,727,1100,-490
01/08/2025 09:25,SCH - HQ_CEDARS,325274,229,279,-100
01/08/2025 09:25,SCH - HQ_IMPORT_EXPORT,325376,727,1310,-9999
01/08/2025 09:25,SCH - NE - NY,23318,-781.3,1400,-1800
01/08/2025 09:25,SCH - NPX_1385,325277,0,0,0
01/08/2025 09:25,SCH - NPX_CSC,325154,150,330,-330
01/08/2025 09:25,SCH - OH - NY,23317,1672.73,2200,-1850
01/08/2025 09:25,SCH - PJ - NY,23316,1041.55,1700,-2400
01/08/2025 09:25,SCH - PJM_HTP,325905,300,660,-660
01/08/2025 09:25,SCH - PJM_NEPTUNE,325305,660,660,-660
01/08/2025 09:25,SCH - PJM_VFT,325658,232,315,-315
01/08/2025 09:25,SPR/DUN-SOUTH,23320,3005.46,4600,-9999
01/08/2025 09:25,TOTAL EAST,23314,5656.21,7550,-9999
01/08/2025 09:25,UPNY CONED,23315,4735.95,6720,-9999
01/08/2025 09:25,WEST CENTRAL,23312,1089.85,9999,-9999
01/08/2025 09:30,CENTRAL EAST - VC,23330,3190.89,3400,-9999
01/08/2025 09:30,DYSINGER EAST,23326,1938.21,3200,-9999
01/08/2025 09:30,MOSES SOUTH,23319,1514.05,2650,-1600
01/08/2025 09:30,SCH - HQ - NY,23324,727,1100,-490
01/08/2025 09:30,SCH - HQ_CEDARS,325274,229,279,-100
01/08/2025 09:30,SCH - HQ_IMPORT_EXPORT,325376,727,1310,-9999
01/08/2025 09:30,SCH - NE - NY,23318,-919.42,1400,-1800
01/08/2025 09:30,SCH - NPX_1385,325277,0,0,0
01/08/2025 09:30,SCH - NPX_CSC,325154,150,330,-330
01/08/2025 09:30,SCH - OH - NY,23317,1672.26,2200,-1850
01/08/2025 09:30,SCH - PJ - NY,23316,1207.96,1700,-2400
01/08/2025 09:30,SCH - PJM_HTP,325905,300,660,-660
01/08/2025 09:30,SCH - PJM_NEPTUNE,325305,660,660,-660
01/08/2025 09:30,SCH - PJM_VFT,325658,218,315,-315
01/08/2025 09:30,SPR/DUN-SOUTH,23320,3022.63,4600,-9999
01/08/2025 09:30,TOTAL EAST,23314,5708.34,7550,-9999
01/08/2025 09:30,UPNY CONED,23315,4728.84,6720,-9999
01/08/2025 09:30,WEST CENTRAL,23312,1137.44,9999,-9999
01/08/2025 09:35,CENTRAL EAST - VC,23330,3215.62,3400,-9999
01/08/2025 09:35,DYSINGER EAST,23326,1770.63,3200,-9999
01/08/2025 09:35,MOSES SOUTH,23319,1499.48,2650,-1600
01/08/2025 09:35,SCH - HQ - NY,23324,727,1100,-490
01/08/2025 09:35,SCH - HQ_CEDARS,325274,229,279,-100
01/08/2025 09:35,SCH - HQ_IMPORT_EXPORT,325376,727,1310,-9999
01/08/2025 09:35,SCH - NE - NY,23318,-1058.6,1400,-1800
01/08/2025 09:35,SCH - NPX_1385,325277,0,0,0
01/08/2025 09:35,SCH - NPX_CSC,325154,150,330,-330
01/08/2025 09:35,SCH - OH - NY,23317,1672.52,2200,-1850
01/08/2025 09:35,SCH - PJ - NY,23316,1378.18,1700,-2400
01/08/2025 09:35,SCH - PJM_HTP,325905,300,660,-660
01/08/2025 09:35,SCH - PJM_NEPTUNE,325305,660,660,-660
01/08/2025 09:35,SCH - PJM_VFT,325658,205,315,-315
01/08/2025 09:35,SPR/DUN-SOUTH,23320,3027.61,4600,-9999
01/08/2025 09:35,TOTAL EAST,23314,5803.98,7550,-9999
01/08/2025 09:35,UPNY CONED,23315,4718.72,6720,-9999
01/08/2025 09:35,WEST CENTRAL,23312,966.62,9999,-9999
01/08/2025 09:40,CENTRAL EAST - VC,23330,3261.74,3400,-9999
01/08/2025 09:40,DYSINGER EAST,23326,1764.97,3200,-9999
01/08/2025 09:40,MOSES SOUTH,23319,1562.95,2650,-1600
01/08/2025 09:40,SCH - HQ - NY,23324,727,1100,-490
01/08/2025 09:40,SCH - HQ_CEDARS,325274,229,279,-100
01/08/2025 09:40,SCH - HQ_IMPORT_EXPORT,325376,727,1310,-9999
01/08/2025 09:40,SCH - NE - NY,23318,-1058.63,1400,-1800
01/08/2025 09:40,SCH - NPX_1385,325277,0,0,0
01/08/2025 09:40,SCH - NPX_CSC,325154,150,330,-330
01/08/2025 09:40,SCH - OH - NY,23317,1672.45,2200,-1850
01/08/2025 09:40,SCH - PJ - NY,23316,1375.3,1700,-2400
01/08/2025 09:40,SCH - PJM_HTP,325905,300,660,-660
01/08/2025 09:40,SCH - PJM_NEPTUNE,325305,660,660,-660
01/08/2025 09:40,SCH - PJM_VFT,325658,205,315,-315
01/08/2025 09:40,SPR/DUN-SOUTH,23320,2991.62,4600,-9999
01/08/2025 09:40,TOTAL EAST,23314,5875.49,7550,-9999
01/08/2025 09:40,UPNY CONED,23315,4662.33,6720,-9999
01/08/2025 09:40,WEST CENTRAL,23312,965.62,9999,-9999
01/08/2025 09:45,CENTRAL EAST - VC,23330,3225.72,3400,-9999
01/08/2025 09:45,DYSINGER EAST,23326,1843.38,3200,-9999
01/08/2025 09:45,MOSES SOUTH,23319,1493.02,2650,-1600
01/08/2025 09:45,SCH - HQ - NY,23324,727,1100,-490
01/08/2025 09:45,SCH - HQ_CEDARS,325274,229,279,-100
01/08/2025 09:45,SCH - HQ_IMPORT_EXPORT,325376,727,1310,-9999
01/08/2025 09:45,SCH - NE - NY,23318,-1049.57,1400,-1800
01/08/2025 09:45,SCH - NPX_1385,325277,0,0,0
01/08/2025 09:45,SCH - NPX_CSC,325154,150,330,-330
01/08/2025 09:45,SCH - OH - NY,23317,1672.13,2200,-1850
01/08/2025 09:45,SCH - PJ - NY,23316,1384.39,1700,-2400
01/08/2025 09:45,SCH - PJM_HTP,325905,300,660,-660
01/08/2025 09:45,SCH - PJM_NEPTUNE,325305,660,660,-660
01/08/2025 09:45,SCH - PJM_VFT,325658,205,315,-315
01/08/2025 09:45,SPR/DUN-SOUTH,23320,3062.52,4600,-9999
01/08/2025 09:45,TOTAL EAST,23314,5811.16,7550,-9999
01/08/2025 09:45,UPNY CONED,23315,4732.21,6720,-9999
01/08/2025 09:45,WEST CENTRAL,23312,1038.64,9999,-9999
01/08/2025 09:50,CENTRAL EAST - VC,23330,3208.69,3400,-9999
01/08/2025 09:50,DYSINGER EAST,23326,1934.51,3200,-9999
01/08/2025 09:50,MOSES SOUTH,23319,1488.48,2650,-1600
01/08/2025 09:50,SCH - HQ - NY,23324,727,1100,-490
01/08/2025 09:50,SCH - HQ_CEDARS,325274,229,279,-100
01/08/2025 09:50,SCH - HQ_IMPORT_EXPORT,325376,727,1310,-9999
01/08/2025 09:50,SCH - NE - NY,23318,-1041.49,1400,-1800
01/08/2025 09:50,SCH - NPX_1385,325277,0,0,0
01/08/2025 09:50,SCH - NPX_CSC,325154,150,330,-330
01/08/2025 09:50,SCH - OH - NY,23317,1672.18,2200,-1850
01/08/2025 09:50,SCH - PJ - NY,23316,1399.14,1700,-2400
01/08/2025 09:50,SCH - PJM_HTP,325905,300,660,-660
01/08/2025 09:50,SCH - PJM_NEPTUNE,325305,660,660,-660
01/08/2025 09:50,SCH - PJM_VFT,325658,205,315,-315
01/08/2025 09:50,SPR/DUN-SOUTH,23320,3061.63,4600,-9999
01/08/2025 09:50,TOTAL EAST,23314,5801.65,7550,-9999
01/08/2025 09:50,UPNY CONED,23315,4736.12,6720,-9999
01/08/2025 09:50,WEST CENTRAL,23312,1119.71,9999,-9999
01/08/2025 09:55,CENTRAL EAST - VC,23330,3195.18,3400,-9999
01/08/2025 09:55,DYSINGER EAST,23326,1972.46,3200,-9999
01/08/2025 09:55,MOSES SOUTH,23319,1517.23,2650,-1600
01/08/2025 09:55,SCH - HQ - NY,23324,727,1100,-490
01/08/2025 09:55,SCH - HQ_CEDARS,325274,229,279,-100
01/08/2025 09:55,SCH - HQ_IMPORT_EXPORT,325376,727,1310,-9999
01/08/2025 09:55,SCH - NE - NY,23318,-1041.54,1400,-1800
01/08/2025 09:55,SCH - NPX_1385,325277,0,0,0
01/08/2025 09:55,SCH - NPX_CSC,325154,150,330,-330
01/08/2025 09:55,SCH - OH - NY,23317,1672.09,2200,-1850
01/08/2025 09:55,SCH - PJ - NY,23316,1394.21,1700,-2400
01/08/2025 09:55,SCH - PJM_HTP,325905,300,660,-660
01/08/2025 09:55,SCH - PJM_NEPTUNE,325305,660,660,-660
01/08/2025 09:55,SCH - PJM_VFT,325658,205,315,-315
01/08/2025 09:55,SPR/DUN-SOUTH,23320,3047.18,4600,-9999
01/08/2025 09:55,TOTAL EAST,23314,5792.07,7550,-9999
01/08/2025 09:55,UPNY CONED,23315,4701.2,6720,-9999
01/08/2025 09:55,WEST CENTRAL,23312,1165,9999,-9999
01/08/2025 10:00,CENTRAL EAST - VC,23330,3209.85,3400,-9999
01/08/2025 10:00,DYSINGER EAST,23326,1935.85,3200,-9999
01/08/2025 10:00,MOSES SOUTH,23319,1515.45,2650,-1600
01/08/2025 10:00,SCH - HQ - NY,23324,703,1100,-490
01/08/2025 10:00,SCH - HQ_CEDARS,325274,254,279,-100
01/08/2025 10:00,SCH - HQ_IMPORT_EXPORT,325376,703,1310,-9999
01/08/2025 10:00,SCH - NE - NY,23318,-890.34,1400,-1800
01/08/2025 10:00,SCH - NPX_1385,325277,0,0,0
01/08/2025 10:00,SCH - NPX_CSC,325154,150,330,-330
01/08/2025 10:00,SCH - OH - NY,23317,1684.24,2200,-1850
01/08/2025 10:00,SCH - PJ - NY,23316,1351.93,1700,-2400
01/08/2025 10:00,SCH - PJM_HTP,325905,300,660,-660
01/08/2025 10:00,SCH - PJM_NEPTUNE,325305,660,660,-660
01/08/2025 10:00,SCH - PJM_VFT,325658,218,315,-315
01/08/2025 10:00,SPR/DUN-SOUTH,23320,3050.08,4600,-9999
01/08/2025 10:00,TOTAL EAST,23314,5792.98,7550,-9999
01/08/2025 10:00,UPNY CONED,23315,4763.19,6720,-9999
01/08/2025 10:00,WEST CENTRAL,23312,1146.91,9999,-9999
01/08/2025 10:05,CENTRAL EAST - VC,23330,3113.61,3400,-9999
01/08/2025 10:05,DYSINGER EAST,23326,1832.31,3200,-9999
01/08/2025 10:05,MOSES SOUTH,23319,1515.04,2650,-1600
01/08/2025 10:05,SCH - HQ - NY,23324,679,1100,-490
01/08/2025 10:05,SCH - HQ_CEDARS,325274,279,279,-100
01/08/2025 10:05,SCH - HQ_IMPORT_EXPORT,325376,679,1310,-9999
01/08/2025 10:05,SCH - NE - NY,23318,-740.16,1400,-1800
01/08/2025 10:05,SCH - NPX_1385,325277,0,0,0
01/08/2025 10:05,SCH - NPX_CSC,325154,150,330,-330
01/08/2025 10:05,SCH - OH - NY,23317,1697.25,2200,-1850
01/08/2025 10:05,SCH - PJ - NY,23316,1312.83,1700,-2400
01/08/2025 10:05,SCH - PJM_HTP,325905,300,660,-660
01/08/2025 10:05,SCH - PJM_NEPTUNE,325305,660,660,-660
01/08/2025 10:05,SCH - PJM_VFT,325658,232,315,-315
01/08/2025 10:05,SPR/DUN-SOUTH,23320,3072.63,4600,-9999
01/08/2025 10:05,TOTAL EAST,23314,5662.67,7550,-9999
01/08/2025 10:05,UPNY CONED,23315,4773.34,6720,-9999
01/08/2025 10:05,WEST CENTRAL,23312,1056.01,9999,-9999
01/08/2025 10:10,CENTRAL EAST - VC,23330,3085.6,3400,-9999
01/08/2025 10:10,DYSINGER EAST,23326,1863.16,3200,-9999
01/08/2025 10:10,MOSES SOUTH,23319,1551.66,2650,-1600
01/08/2025 10:10,SCH - HQ - NY,23324,679,1100,-490
01/08/2025 10:10,SCH - HQ_CEDARS,325274,279,279,-100
01/08/2025 10:10,SCH - HQ_IMPORT_EXPORT,325376,679,1310,-9999
01/08/2025 10:10,SCH - NE - NY,23318,-740.12,1400,-1800
01/08/2025 10:10,SCH - NPX_1385,325277,0,0,0
01/08/2025 10:10,SCH - NPX_CSC,325154,150,330,-330
01/08/2025 10:10,SCH - OH - NY,23317,1697.5,2200,-1850
01/08/2025 10:10,SCH - PJ - NY,23316,1314.85,1700,-2400
01/08/2025 10:10,SCH - PJM_HTP,325905,300,660,-660
01/08/2025 10:10,SCH - PJM_NEPTUNE,325305,660,660,-660
01/08/2025 10:10,SCH - PJM_VFT,325658,232,315,-315
01/08/2025 10:10,SPR/DUN-SOUTH,23320,3109.19,4600,-9999
01/08/2025 10:10,TOTAL EAST,23314,5699.05,7550,-9999
01/08/2025 10:10,UPNY CONED,23315,4798.91,6720,-9999
01/08/2025 10:10,WEST CENTRAL,23312,1081.2,9999,-9999
01/08/2025 10:15,CENTRAL EAST - VC,23330,3105.02,3400,-9999
01/08/2025 10:15,DYSINGER EAST,23326,1793.58,3200,-9999
01/08/2025 10:15,MOSES SOUTH,23319,1541.89,2650,-1600
01/08/2025 10:15,SCH - HQ - NY,23324,679,1100,-490
01/08/2025 10:15,SCH - HQ_CEDARS,325274,279,279,-100
01/08/2025 10:15,SCH - HQ_IMPORT_EXPORT,325376,679,1310,-9999
01/08/2025 10:15,SCH - NE - NY,23318,-640.16,1400,-1800
01/08/2025 10:15,SCH - NPX_1385,325277,0,0,0
01/08/2025 10:15,SCH - NPX_CSC,325154,150,330,-330
01/08/2025 10:15,SCH - OH - NY,23317,1697.68,2200,-1850
01/08/2025 10:15,SCH - PJ - NY,23316,1363.87,1700,-2400
01/08/2025 10:15,SCH - PJM_HTP,325905,300,660,-660
01/08/2025 10:15,SCH - PJM_NEPTUNE,325305,660,660,-660
01/08/2025 10:15,SCH - PJM_VFT,325658,232,315,-315
01/08/2025 10:15,SPR/DUN-SOUTH,23320,3198.25,4600,-9999
01/08/2025 10:15,TOTAL EAST,23314,5688.21,7550,-9999
01/08/2025 10:15,UPNY CONED,23315,4895.04,6720,-9999
01/08/2025 10:15,WEST CENTRAL,23312,1001.38,9999,-9999
01/08/2025 10:20,CENTRAL EAST - VC,23330,3070.74,3400,-9999
01/08/2025 10:20,DYSINGER EAST,23326,1544.65,3200,-9999
01/08/2025 10:20,MOSES SOUTH,23319,1548.01,2650,-1600
01/08/2025 10:20,SCH - HQ - NY,23324,679,1100,-490
01/08/2025 10:20,SCH - HQ_CEDARS,325274,279,279,-100
01/08/2025 10:20,SCH - HQ_IMPORT_EXPORT,325376,679,1310,-9999
01/08/2025 10:20,SCH - NE - NY,23318,-540.1,1400,-1800
01/08/2025 10:20,SCH - NPX_1385,325277,0,0,0
01/08/2025 10:20,SCH - NPX_CSC,325154,150,330,-330
01/08/2025 10:20,SCH - OH - NY,23317,1697.97,2200,-1850
01/08/2025 10:20,SCH - PJ - NY,23316,1412.9,1700,-2400
01/08/2025 10:20,SCH - PJM_HTP,325905,300,660,-660
01/08/2025 10:20,SCH - PJM_NEPTUNE,325305,660,660,-660
01/08/2025 10:20,SCH - PJM_VFT,325658,232,315,-315
01/08/2025 10:20,SPR/DUN-SOUTH,23320,3218.42,4600,-9999
01/08/2025 10:20,TOTAL EAST,23314,5588.56,7550,-9999
01/08/2025 10:20,UPNY CONED,23315,4902.51,6720,-9999
01/08/2025 10:20,WEST CENTRAL,23312,763.03,9999,-9999
01/08/2025 10:23,CENTRAL EAST - VC,23330,2924.2,3400,-9999
01/08/2025 10:23,DYSINGER EAST,23326,1174.1,3200,-9999
01/08/2025 10:23,MOSES SOUTH,23319,1559.13,2650,-1600
01/08/2025 10:23,SCH - HQ - NY,23324,679,1100,-490
01/08/2025 10:23,SCH - HQ_CEDARS,325274,279,279,-100
01/08/2025 10:23,SCH - HQ_IMPORT_EXPORT,325376,679,1310,-9999
01/08/2025 10:23,SCH - NE - NY,23318,-535.19,1400,-1800
01/08/2025 10:23,SCH - NPX_1385,325277,0,0,0
01/08/2025 10:23,SCH - NPX_CSC,325154,150,330,-330
01/08/2025 10:23,SCH - OH - NY,23317,939.86,2200,-1850
01/08/2025 10:23,SCH - PJ - NY,23316,1409.51,1700,-2400
01/08/2025 10:23,SCH - PJM_HTP,325905,300,660,-660
01/08/2025 10:23,SCH - PJM_NEPTUNE,325305,660,660,-660
01/08/2025 10:23,SCH - PJM_VFT,325658,232,315,-315
01/08/2025 10:23,SPR/DUN-SOUTH,23320,3082.67,4600,-9999
01/08/2025 10:23,TOTAL EAST,23314,5309.01,7550,-9999
01/08/2025 10:23,UPNY CONED,23315,4740.83,6720,-9999
01/08/2025 10:23,WEST CENTRAL,23312,407.3,9999,-9999
01/08/2025 10:24,CENTRAL EAST - VC,23330,2862.17,3400,-9999
01/08/2025 10:24,DYSINGER EAST,23326,1168.69,3200,-9999
01/08/2025 10:24,MOSES SOUTH,23319,1548.39,2650,-1600
01/08/2025 10:24,SCH - HQ - NY,23324,679,1100,-490
01/08/2025 10:24,SCH - HQ_CEDARS,325274,279,279,-100
01/08/2025 10:24,SCH - HQ_IMPORT_EXPORT,325376,679,1310,-9999
01/08/2025 10:24,SCH - NE - NY,23318,-540.27,1400,-1800
01/08/2025 10:24,SCH - NPX_1385,325277,0,0,0
01/08/2025 10:24,SCH - NPX_CSC,325154,150,330,-330
01/08/2025 10:24,SCH - OH - NY,23317,894.65,2200,-1850
01/08/2025 10:24,SCH - PJ - NY,23316,1409.12,1700,-2400
01/08/2025 10:24,SCH - PJM_HTP,325905,300,660,-660
01/08/2025 10:24,SCH - PJM_NEPTUNE,325305,660,660,-660
01/08/2025 10:24,SCH - PJM_VFT,325658,232,315,-315
01/08/2025 10:24,SPR/DUN-SOUTH,23320,3076.08,4600,-9999
01/08/2025 10:24,TOTAL EAST,23314,5210.68,7550,-9999
01/08/2025 10:24,UPNY CONED,23315,4729.98,6720,-9999
01/08/2025 10:24,WEST CENTRAL,23312,402.23,9999,-9999
01/08/2025 10:25,CENTRAL EAST - VC,23330,3076.02,3400,-9999
01/08/2025 10:25,DYSINGER EAST,23326,1520.2,3200,-9999
01/08/2025 10:25,MOSES SOUTH,23319,1567.62,2650,-1600
01/08/2025 10:25,SCH - HQ - NY,23324,679,1100,-490
01/08/2025 10:25,SCH - HQ_CEDARS,325274,279,279,-100
01/08/2025 10:25,SCH - HQ_IMPORT_EXPORT,325376,679,1310,-9999
01/08/2025 10:25,SCH - NE - NY,23318,-535.09,1400,-1800
01/08/2025 10:25,SCH - NPX_1385,325277,0,0,0
01/08/2025 10:25,SCH - NPX_CSC,325154,150,330,-330
01/08/2025 10:25,SCH - OH - NY,23317,1697.69,2200,-1850
01/08/2025 10:25,SCH - PJ - NY,23316,1391.55,1700,-2400
01/08/2025 10:25,SCH - PJM_HTP,325905,300,660,-660
01/08/2025 10:25,SCH - PJM_NEPTUNE,325305,660,660,-660
01/08/2025 10:25,SCH - PJM_VFT,325658,232,315,-315
01/08/2025 10:25,SPR/DUN-SOUTH,23320,3215.03,4600,-9999
01/08/2025 10:25,TOTAL EAST,23314,5602,7550,-9999
01/08/2025 10:25,UPNY CONED,23315,4887.88,6720,-9999
01/08/2025 10:25,WEST CENTRAL,23312,743.27,9999,-9999
01/08/2025 10:35,CENTRAL EAST - VC,23330,2946,3400,-9999
01/08/2025 10:35,DYSINGER EAST,23326,1534.62,3200,-9999
01/08/2025 10:35,MOSES SOUTH,23319,1527.31,2650,-1600
01/08/2025 10:35,SCH - HQ - NY,23324,679,1100,-490
01/08/2025 10:35,SCH - HQ_CEDARS,325274,279,279,-100
01/08/2025 10:35,SCH - HQ_IMPORT_EXPORT,325376,679,1310,-9999
01/08/2025 10:35,SCH - NE - NY,23318,-477.48,1400,-1800
01/08/2025 10:35,SCH - NPX_1385,325277,0,0,0
01/08/2025 10:35,SCH - NPX_CSC,325154,150,330,-330
01/08/2025 10:35,SCH - OH - NY,23317,850.19,2200,-1850
01/08/2025 10:35,SCH - PJ - NY,23316,1411.15,1700,-2400
01/08/2025 10:35,SCH - PJM_HTP,325905,300,660,-660
01/08/2025 10:35,SCH - PJM_NEPTUNE,325305,660,660,-660
01/08/2025 10:35,SCH - PJM_VFT,325658,232,315,-315
01/08/2025 10:35,SPR/DUN-SOUTH,23320,3191.58,4600,-9999
01/08/2025 10:35,TOTAL EAST,23314,5283.63,7550,-9999
01/08/2025 10:35,UPNY CONED,23315,4832.23,6720,-9999
01/08/2025 10:35,WEST CENTRAL,23312,743.64,9999,-9999
01/08/2025 10:38,CENTRAL EAST - VC,23330,2924.72,3400,-9999
01/08/2025 10:38,DYSINGER EAST,23326,1312.48,3200,-9999
01/08/2025 10:38,MOSES SOUTH,23319,1635.81,2650,-1600
01/08/2025 10:38,SCH - HQ - NY,23324,679,1100,-490
01/08/2025 10:38,SCH - HQ_CEDARS,325274,279,279,-100
01/08/2025 10:38,SCH - HQ_IMPORT_EXPORT,325376,679,1310,-9999
01/08/2025 10:38,SCH - NE - NY,23318,-477.5,1400,-1800
01/08/2025 10:38,SCH - NPX_1385,325277,0,0,0
01/08/2025 10:38,SCH - NPX_CSC,325154,150,330,-330
01/08/2025 10:38,SCH - OH - NY,23317,850.26,2200,-1850
01/08/2025 10:38,SCH - PJ - NY,23316,1391.29,1700,-2400
01/08/2025 10:38,SCH - PJM_HTP,325905,300,660,-660
01/08/2025 10:38,SCH - PJM_NEPTUNE,325305,660,660,-660
01/08/2025 10:38,SCH - PJM_VFT,325658,232,315,-315
01/08/2025 10:38,SPR/DUN-SOUTH,23320,3124.52,4600,-9999
01/08/2025 10:38,TOTAL EAST,23314,5101.47,7550,-9999
01/08/2025 10:38,UPNY CONED,23315,4720.26,6720,-9999
01/08/2025 10:38,WEST CENTRAL,23312,550.77,9999,-9999
01/08/2025 10:39,CENTRAL EAST - VC,23330,2872.24,3400,-9999
01/08/2025 10:39,DYSINGER EAST,23326,1223.35,3200,-9999
01/08/2025 10:39,MOSES SOUTH,23319,1620.63,2650,-1600
01/08/2025 10:39,SCH - HQ - NY,23324,679,1100,-490
01/08/2025 10:39,SCH - HQ_CEDARS,325274,279,279,-100
01/08/2025 10:39,SCH - HQ_IMPORT_EXPORT,325376,679,1310,-9999
01/08/2025 10:39,SCH - NE - NY,23318,-477.71,1400,-1800
01/08/2025 10:39,SCH - NPX_1385,325277,0,0,0
01/08/2025 10:39,SCH - NPX_CSC,325154,150,330,-330
01/08/2025 10:39,SCH - OH - NY,23317,850.3,2200,-1850
01/08/2025 10:39,SCH - PJ - NY,23316,1397.52,1700,-2400
01/08/2025 10:39,SCH - PJM_HTP,325905,300,660,-660
01/08/2025 10:39,SCH - PJM_NEPTUNE,325305,660,660,-660
01/08/2025 10:39,SCH - PJM_VFT,325658,232,315,-315
01/08/2025 10:39,SPR/DUN-SOUTH,23320,3117.47,4600,-9999
01/08/2025 10:39,TOTAL EAST,23314,5040.86,7550,-9999
01/08/2025 10:39,UPNY CONED,23315,4691.98,6720,-9999
01/08/2025 10:39,WEST CENTRAL,23312,465.01,9999,-9999
01/08/2025 10:40,CENTRAL EAST - VC,23330,2969.18,3400,-9999
01/08/2025 10:40,DYSINGER EAST,23326,1384.45,3200,-9999
01/08/2025 10:40,MOSES SOUTH,23319,1646.8,2650,-1600
01/08/2025 10:40,SCH - HQ - NY,23324,679,1100,-490
01/08/2025 10:40,SCH - HQ_CEDARS,325274,279,279,-100
01/08/2025 10:40,SCH - HQ_IMPORT_EXPORT,325376,679,1310,-9999
01/08/2025 10:40,SCH - NE - NY,23318,-477.35,1400,-1800
01/08/2025 10:40,SCH - NPX_1385,325277,0,0,0
01/08/2025 10:40,SCH - NPX_CSC,325154,150,330,-330
01/08/2025 10:40,SCH - OH - NY,23317,850.11,2200,-1850
01/08/2025 10:40,SCH - PJ - NY,23316,1415.15,1700,-2400
01/08/2025 10:40,SCH - PJM_HTP,325905,300,660,-660
01/08/2025 10:40,SCH - PJM_NEPTUNE,325305,660,660,-660
01/08/2025 10:40,SCH - PJM_VFT,325658,232,315,-315
01/08/2025 10:40,SPR/DUN-SOUTH,23320,3106.82,4600,-9999
01/08/2025 10:40,TOTAL EAST,23314,5071.46,7550,-9999
01/08/2025 10:40,UPNY CONED,23315,4702.61,6720,-9999
01/08/2025 10:40,WEST CENTRAL,23312,599.17,9999,-9999
01/08/2025 10:50,CENTRAL EAST - VC,23330,2890.18,3400,-9999
01/08/2025 10:50,DYSINGER EAST,23326,1229.21,3200,-9999
01/08/2025 10:50,MOSES SOUTH,23319,1657.28,2650,-1600
01/08/2025 10:50,SCH - HQ - NY,23324,679,1100,-490
01/08/2025 10:50,SCH - HQ_CEDARS,325274,279,279,-100
01/08/2025 10:50,SCH - HQ_IMPORT_EXPORT,325376,679,1310,-9999
01/08/2025 10:50,SCH - NE - NY,23318,-375.57,1400,-1800
01/08/2025 10:50,SCH - NPX_1385,325277,0,0,0
01/08/2025 10:50,SCH - NPX_CSC,325154,150,330,-330
01/08/2025 10:50,SCH - OH - NY,23317,850.15,2200,-1850
01/08/2025 10:50,SCH - PJ - NY,23316,1413.61,1700,-2400
01/08/2025 10:50,SCH - PJM_HTP,325905,300,660,-660
01/08/2025 10:50,SCH - PJM_NEPTUNE,325305,660,660,-660
01/08/2025 10:50,SCH - PJM_VFT,325658,232,315,-315
01/08/2025 10:50,SPR/DUN-SOUTH,23320,3020.79,4600,-9999
01/08/2025 10:50,TOTAL EAST,23314,5000,7550,-9999
01/08/2025 10:50,UPNY CONED,23315,4584.13,6720,-9999
01/08/2025 10:50,WEST CENTRAL,23312,480.91,9999,-9999
01/08/2025 10:55,CENTRAL EAST - VC,23330,2956.88,3400,-9999
01/08/2025 10:55,DYSINGER EAST,23326,1252.5,3200,-9999
01/08/2025 10:55,MOSES SOUTH,23319,1634.86,2650,-1600
01/08/2025 10:55,SCH - HQ - NY,23324,679,1100,-490
01/08/2025 10:55,SCH - HQ_CEDARS,325274,279,279,-100
01/08/2025 10:55,SCH - HQ_IMPORT_EXPORT,325376,679,1310,-9999
01/08/2025 10:55,SCH - NE - NY,23318,-375.22,1400,-1800
01/08/2025 10:55,SCH - NPX_1385,325277,0,0,0
01/08/2025 10:55,SCH - NPX_CSC,325154,150,330,-330
01/08/2025 10:55,SCH - OH - NY,23317,850.1,1150,-1000
01/08/2025 10:55,SCH - PJ - NY,23316,1414.21,1700,-2400
01/08/2025 10:55,SCH - PJM_HTP,325905,300,660,-660
01/08/2025 10:55,SCH - PJM_NEPTUNE,325305,660,660,-660
01/08/2025 10:55,SCH - PJM_VFT,325658,232,315,-315
01/08/2025 10:55,SPR/DUN-SOUTH,23320,2990.14,4600,-9999
01/08/2025 10:55,TOTAL EAST,23314,5037.04,7550,-9999
01/08/2025 10:55,UPNY CONED,23315,4585.35,6720,-9999
01/08/2025 10:55,WEST CENTRAL,23312,499.72,9999,-9999
01/08/2025 11:00,CENTRAL EAST - VC,23330,2810.83,3400,-9999
01/08/2025 11:00,DYSINGER EAST,23326,1128.15,3200,-9999
01/08/2025 11:00,MOSES SOUTH,23319,1493.76,2650,-1600
01/08/2025 11:00,SCH - HQ - NY,23324,656,1100,-490
01/08/2025 11:00,SCH - HQ_CEDARS,325274,149,279,-100
01/08/2025 11:00,SCH - HQ_IMPORT_EXPORT,325376,656,1310,-9999
01/08/2025 11:00,SCH - NE - NY,23318,-226.26,1400,-1800
01/08/2025 11:00,SCH - NPX_1385,325277,0,0,0
01/08/2025 11:00,SCH - NPX_CSC,325154,150,330,-330
01/08/2025 11:00,SCH - OH - NY,23317,850.11,1150,-1000
01/08/2025 11:00,SCH - PJ - NY,23316,1409.21,1700,-2400
01/08/2025 11:00,SCH - PJM_HTP,325905,300,660,-660
01/08/2025 11:00,SCH - PJM_NEPTUNE,325305,660,660,-660
01/08/2025 11:00,SCH - PJM_VFT,325658,232,315,-315
01/08/2025 11:00,SPR/DUN-SOUTH,23320,2964.95,4600,-9999
01/08/2025 11:00,TOTAL EAST,23314,4840.89,7550,-9999
01/08/2025 11:00,UPNY CONED,23315,4579.43,6720,-9999
01/08/2025 11:00,WEST CENTRAL,23312,378.87,9999,-9999
01/08/2025 11:05,CENTRAL EAST - VC,23330,2654.45,3400,-9999
01/08/2025 11:05,DYSINGER EAST,23326,1060.87,3200,-9999
01/08/2025 11:05,MOSES SOUTH,23319,1345.02,2650,-1600
01/08/2025 11:05,SCH - HQ - NY,23324,634,1100,-490
01/08/2025 11:05,SCH - HQ_CEDARS,325274,19,279,-100
01/08/2025 11:05,SCH - HQ_IMPORT_EXPORT,325376,634,1310,-9999
01/08/2025 11:05,SCH - NE - NY,23318,-77.69,1400,-1800
01/08/2025 11:05,SCH - NPX_1385,325277,0,0,0
01/08/2025 11:05,SCH - NPX_CSC,325154,150,330,-330
01/08/2025 11:05,SCH - OH - NY,23317,850.05,1150,-1000
01/08/2025 11:05,SCH - PJ - NY,23316,1417.22,1700,-2400
01/08/2025 11:05,SCH - PJM_HTP,325905,300,660,-660
01/08/2025 11:05,SCH - PJM_NEPTUNE,325305,660,660,-660
01/08/2025 11:05,SCH - PJM_VFT,325658,232,315,-315
01/08/2025 11:05,SPR/DUN-SOUTH,23320,2984.1,4600,-9999
01/08/2025 11:05,TOTAL EAST,23314,4684.34,7550,-9999
01/08/2025 11:05,UPNY CONED,23315,4611.63,6720,-9999
01/08/2025 11:05,WEST CENTRAL,23312,319.36,9999,-9999
01/08/2025 11:10,CENTRAL EAST - VC,23330,2763.85,3400,-9999
01/08/2025 11:10,DYSINGER EAST,23326,1024.32,3200,-9999
01/08/2025 11:10,MOSES SOUTH,23319,1416.56,2650,-1600
01/08/2025 11:10,SCH - HQ - NY,23324,684,1100,-490
01/08/2025 11:10,SCH - HQ_CEDARS,325274,66,279,-100
01/08/2025 11:10,SCH - HQ_IMPORT_EXPORT,325376,684,1310,-9999
01/08/2025 11:10,SCH - NE - NY,23318,-77.4,1400,-1800
01/08/2025 11:10,SCH - NPX_1385,325277,0,0,0
01/08/2025 11:10,SCH - NPX_CSC,325154,150,330,-330
01/08/2025 11:10,SCH - OH - NY,23317,850.01,1150,-1000
01/08/2025 11:10,SCH - PJ - NY,23316,1421.71,1700,-2400
01/08/2025 11:10,SCH - PJM_HTP,325905,300,660,-660
01/08/2025 11:10,SCH - PJM_NEPTUNE,325305,660,660,-660
01/08/2025 11:10,SCH - PJM_VFT,325658,232,315,-315
01/08/2025 11:10,SPR/DUN-SOUTH,23320,3016.5,4600,-9999
01/08/2025 11:10,TOTAL EAST,23314,4681.04,7550,-9999
01/08/2025 11:10,UPNY CONED,23315,4613.36,6720,-9999
01/08/2025 11:10,WEST CENTRAL,23312,271.71,9999,-9999
01/08/2025 11:15,CENTRAL EAST - VC,23330,2717.08,3325,-9999
01/08/2025 11:15,DYSINGER EAST,23326,1044.42,3200,-9999
01/08/2025 11:15,MOSES SOUTH,23319,1435.3,2650,-1600
01/08/2025 11:15,SCH - HQ - NY,23324,684,1100,-490
01/08/2025 11:15,SCH - HQ_CEDARS,325274,66,279,-100
01/08/2025 11:15,SCH - HQ_IMPORT_EXPORT,325376,684,1310,-9999
01/08/2025 11:15,SCH - NE - NY,23318,72.11,1400,-1800
01/08/2025 11:15,SCH - NPX_1385,325277,0,0,0
01/08/2025 11:15,SCH - NPX_CSC,325154,150,330,-330
01/08/2025 11:15,SCH - OH - NY,23317,849.99,1150,-1000
01/08/2025 11:15,SCH - PJ - NY,23316,1417.6,1700,-2400
01/08/2025 11:15,SCH - PJM_HTP,325905,300,660,-660
01/08/2025 11:15,SCH - PJM_NEPTUNE,325305,660,660,-660
01/08/2025 11:15,SCH - PJM_VFT,325658,232,315,-315
01/08/2025 11:15,SPR/DUN-SOUTH,23320,2980.38,4600,-9999
01/08/2025 11:15,TOTAL EAST,23314,4622.57,7550,-9999
01/08/2025 11:15,UPNY CONED,23315,4545.7,6555,-9999
01/08/2025 11:15,WEST CENTRAL,23312,289.94,9999,-9999
01/08/2025 11:20,CENTRAL EAST - VC,23330,2653.54,3325,-9999
01/08/2025 11:20,DYSINGER EAST,23326,941.12,3200,-9999
01/08/2025 11:20,MOSES SOUTH,23319,1447.47,2650,-1600
01/08/2025 11:20,SCH - HQ - NY,23324,684,1100,-490
01/08/2025 11:20,SCH - HQ_CEDARS,325274,66,279,-100
01/08/2025 11:20,SCH - HQ_IMPORT_EXPORT,325376,684,1310,-9999
01/08/2025 11:20,SCH - NE - NY,23318,221.16,1400,-1800
01/08/2025 11:20,SCH - NPX_1385,325277,0,0,0
01/08/2025 11:20,SCH - NPX_CSC,325154,150,330,-330
01/08/2025 11:20,SCH - OH - NY,23317,850,1150,-1000
01/08/2025 11:20,SCH - PJ - NY,23316,1414.2,1700,-2400
01/08/2025 11:20,SCH - PJM_HTP,325905,300,660,-660
01/08/2025 11:20,SCH - PJM_NEPTUNE,325305,660,660,-660
01/08/2025 11:20,SCH - PJM_VFT,325658,232,315,-315
01/08/2025 11:20,SPR/DUN-SOUTH,23320,2977.35,4600,-9999
01/08/2025 11:20,TOTAL EAST,23314,4527.16,7550,-9999
01/08/2025 11:20,UPNY CONED,23315,4548.98,6555,-9999
01/08/2025 11:20,WEST CENTRAL,23312,191.36,9999,-9999
01/08/2025 11:25,CENTRAL EAST - VC,23330,2659.17,3325,-9999
01/08/2025 11:25,DYSINGER EAST,23326,961.86,3200,-9999
01/08/2025 11:25,MOSES SOUTH,23319,1380.93,2650,-1600
01/08/2025 11:25,SCH - HQ - NY,23324,684,1100,-490
01/08/2025 11:25,SCH - HQ_CEDARS,325274,66,279,-100
01/08/2025 11:25,SCH - HQ_IMPORT_EXPORT,325376,684,1310,-9999
01/08/2025 11:25,SCH - NE - NY,23318,221.45,1400,-1800
01/08/2025 11:25,SCH - NPX_1385,325277,0,0,0
01/08/2025 11:25,SCH - NPX_CSC,325154,150,330,-330
01/08/2025 11:25,SCH - OH - NY,23317,850.16,1150,-1000
01/08/2025 11:25,SCH - PJ - NY,23316,1397.66,1700,-2400
01/08/2025 11:25,SCH - PJM_HTP,325905,300,660,-660
01/08/2025 11:25,SCH - PJM_NEPTUNE,325305,660,660,-660
01/08/2025 11:25,SCH - PJM_VFT,325658,232,315,-315
01/08/2025 11:25,SPR/DUN-SOUTH,23320,3116.11,4600,-9999
01/08/2025 11:25,TOTAL EAST,23314,4646.68,7550,-9999
01/08/2025 11:25,UPNY CONED,23315,4712.79,6555,-9999
01/08/2025 11:25,WEST CENTRAL,23312,215.19,9999,-9999
01/08/2025 11:30,CENTRAL EAST - VC,23330,2699.57,3325,-9999
01/08/2025 11:30,DYSINGER EAST,23326,952.13,3200,-9999
01/08/2025 11:30,MOSES SOUTH,23319,1356.2,2650,-1600
01/08/2025 11:30,SCH - HQ - NY,23324,684,1100,-490
01/08/2025 11:30,SCH - HQ_CEDARS,325274,66,279,-100
01/08/2025 11:30,SCH - HQ_IMPORT_EXPORT,325376,684,1310,-9999
01/08/2025 11:30,SCH - NE - NY,23318,255.49,1400,-1800
01/08/2025 11:30,SCH - NPX_1385,325277,0,0,0
01/08/2025 11:30,SCH - NPX_CSC,325154,150,330,-330
01/08/2025 11:30,SCH - OH - NY,23317,850.24,1150,-1000
01/08/2025 11:30,SCH - PJ - NY,23316,1391.54,1700,-2400
01/08/2025 11:30,SCH - PJM_HTP,325905,300,660,-660
01/08/2025 11:30,SCH - PJM_NEPTUNE,325305,660,660,-660
01/08/2025 11:30,SCH - PJM_VFT,325658,232,315,-315
01/08/2025 11:30,SPR/DUN-SOUTH,23320,3160.8,4600,-9999
01/08/2025 11:30,TOTAL EAST,23314,4668.67,7550,-9999
01/08/2025 11:30,UPNY CONED,23315,4770.48,6555,-9999
01/08/2025 11:30,WEST CENTRAL,23312,198.69,9999,-9999
01/08/2025 11:35,CENTRAL EAST - VC,23330,2699.4,3325,-9999
01/08/2025 11:35,DYSINGER EAST,23326,888.01,3200,-9999
01/08/2025 11:35,MOSES SOUTH,23319,1330.88,2650,-1600
01/08/2025 11:35,SCH - HQ - NY,23324,684,1100,-490
01/08/2025 11:35,SCH - HQ_CEDARS,325274,66,279,-100
01/08/2025 11:35,SCH - HQ_IMPORT_EXPORT,325376,684,1310,-9999
01/08/2025 11:35,SCH - NE - NY,23318,289.83,1400,-1800
01/08/2025 11:35,SCH - NPX_1385,325277,0,0,0
01/08/2025 11:35,SCH - NPX_CSC,325154,150,330,-330
01/08/2025 11:35,SCH - OH - NY,23317,850.18,1150,-1000
01/08/2025 11:35,SCH - PJ - NY,23316,1403.64,1700,-2400
01/08/2025 11:35,SCH - PJM_HTP,325905,300,660,-660
01/08/2025 11:35,SCH - PJM_NEPTUNE,325305,660,660,-660
01/08/2025 11:35,SCH - PJM_VFT,325658,232,315,-315
01/08/2025 11:35,SPR/DUN-SOUTH,23320,3228.35,4600,-9999
01/08/2025 11:35,TOTAL EAST,23314,4633.66,7550,-9999
01/08/2025 11:35,UPNY CONED,23315,4831.96,6555,-9999
01/08/2025 11:35,WEST CENTRAL,23312,136.45,9999,-9999
01/08/2025 11:40,CENTRAL EAST - VC,23330,2684.24,3325,-9999
01/08/2025 11:40,DYSINGER EAST,23326,897.12,3200,-9999
01/08/2025 11:40,MOSES SOUTH,23319,1323.79,2650,-1600
01/08/2025 11:40,SCH - HQ - NY,23324,684,1100,-490
01/08/2025 11:40,SCH - HQ_CEDARS,325274,66,279,-100
01/08/2025 11:40,SCH - HQ_IMPORT_EXPORT,325376,684,1310,-9999
01/08/2025 11:40,SCH - NE - NY,23318,289.74,1400,-1800
01/08/2025 11:40,SCH - NPX_1385,325277,0,0,0
01/08/2025 11:40,SCH - NPX_CSC,325154,150,330,-330
01/08/2025 11:40,SCH - OH - NY,23317,850.2,1150,-1000
01/08/2025 11:40,SCH - PJ - NY,23316,1399.61,1700,-2400
01/08/2025 11:40,SCH - PJM_HTP,325905,300,660,-660
01/08/2025 11:40,SCH - PJM_NEPTUNE,325305,660,660,-660
01/08/2025 11:40,SCH - PJM_VFT,325658,232,315,-315
01/08/2025 11:40,SPR/DUN-SOUTH,23320,3248.26,4600,-9999
01/08/2025 11:40,TOTAL EAST,23314,4671.89,7550,-9999
01/08/2025 11:40,UPNY CONED,23315,4868.41,6555,-9999
01/08/2025 11:40,WEST CENTRAL,23312,148.51,9999,-9999
01/08/2025 11:45,CENTRAL EAST - VC,23330,2704.67,3325,-9999
01/08/2025 11:45,DYSINGER EAST,23326,812.73,3200,-9999
01/08/2025 11:45,MOSES SOUTH,23319,1336.62,2650,-1600
01/08/2025 11:45,SCH - HQ - NY,23324,684,1100,-490
01/08/2025 11:45,SCH - HQ_CEDARS,325274,66,279,-100
01/08/2025 11:45,SCH - HQ_IMPORT_EXPORT,325376,684,1310,-9999
01/08/2025 11:45,SCH - NE - NY,23318,254.99,1400,-1800
01/08/2025 11:45,SCH - NPX_1385,325277,0,0,0
01/08/2025 11:45,SCH - NPX_CSC,325154,150,330,-330
01/08/2025 11:45,SCH - OH - NY,23317,850.23,1150,-1000
01/08/2025 11:45,SCH - PJ - NY,23316,1400.44,1700,-2400
01/08/2025 11:45,SCH - PJM_HTP,325905,300,660,-660
01/08/2025 11:45,SCH - PJM_NEPTUNE,325305,660,660,-660
01/08/2025 11:45,SCH - PJM_VFT,325658,232,315,-315
01/08/2025 11:45,SPR/DUN-SOUTH,23320,3207.41,4600,-9999
01/08/2025 11:45,TOTAL EAST,23314,4677.11,7550,-9999
01/08/2025 11:45,UPNY CONED,23315,4847.97,6555,-9999
01/08/2025 11:45,WEST CENTRAL,23312,70.61,9999,-9999
01/08/2025 11:50,CENTRAL EAST - VC,23330,2806.9,3325,-9999
01/08/2025 11:50,DYSINGER EAST,23326,920.13,3200,-9999
01/08/2025 11:50,MOSES SOUTH,23319,1360.61,2650,-1600
01/08/2025 11:50,SCH - HQ - NY,23324,684,1100,-490
01/08/2025 11:50,SCH - HQ_CEDARS,325274,66,279,-100
01/08/2025 11:50,SCH - HQ_IMPORT_EXPORT,325376,684,1310,-9999
01/08/2025 11:50,SCH - NE - NY,23318,220.99,1400,-1800
01/08/2025 11:50,SCH - NPX_1385,325277,0,0,0
01/08/2025 11:50,SCH - NPX_CSC,325154,150,330,-330
01/08/2025 11:50,SCH - OH - NY,23317,850.19,1150,-1000
01/08/2025 11:50,SCH - PJ - NY,23316,1412.4,1700,-2400
01/08/2025 11:50,SCH - PJM_HTP,325905,300,660,-660
01/08/2025 11:50,SCH - PJM_NEPTUNE,325305,660,660,-660
01/08/2025 11:50,SCH - PJM_VFT,325658,232,315,-315
01/08/2025 11:50,SPR/DUN-SOUTH,23320,3230.12,4600,-9999
01/08/2025 11:50,TOTAL EAST,23314,4811.61,7550,-9999
01/08/2025 11:50,UPNY CONED,23315,4835.49,6555,-9999
01/08/2025 11:50,WEST CENTRAL,23312,186.01,9999,-9999
01/08/2025 11:55,CENTRAL EAST - VC,23330,2775.12,3325,-9999
01/08/2025 11:55,DYSINGER EAST,23326,994.39,3200,-9999
01/08/2025 11:55,MOSES SOUTH,23319,1358.16,2650,-1600
01/08/2025 11:55,SCH - HQ - NY,23324,684,1100,-490
01/08/2025 11:55,SCH - HQ_CEDARS,325274,66,279,-100
01/08/2025 11:55,SCH - HQ_IMPORT_EXPORT,325376,684,1310,-9999
01/08/2025 11:55,SCH - NE - NY,23318,220.78,1400,-1800
01/08/2025 11:55,SCH - NPX_1385,325277,0,0,0
01/08/2025 11:55,SCH - NPX_CSC,325154,150,330,-330
01/08/2025 11:55,SCH - OH - NY,23317,850.21,1150,-1000
01/08/2025 11:55,SCH - PJ - NY,23316,1396.71,1700,-2400
01/08/2025 11:55,SCH - PJM_HTP,325905,300,660,-660
01/08/2025 11:55,SCH - PJM_NEPTUNE,325305,660,660,-660
01/08/2025 11:55,SCH - PJM_VFT,325658,232,315,-315
01/08/2025 11:55,SPR/DUN-SOUTH,23320,3205.84,4600,-9999
01/08/2025 11:55,TOTAL EAST,23314,4806.41,7550,-9999
01/08/2025 11:55,UPNY CONED,23315,4844.64,6555,-9999
01/08/2025 11:55,WEST CENTRAL,23312,265.04,9999,-9999
01/08/2025 12:00,CENTRAL EAST - VC,23330,2758.56,3325,-9999
01/08/2025 12:00,DYSINGER EAST,23326,1109.06,3200,-9999
01/08/2025 12:00,MOSES SOUTH,23319,1008.04,2650,-1600
01/08/2025 12:00,SCH - HQ - NY,23324,362,1100,-490
01/08/2025 12:00,SCH - HQ_CEDARS,325274,33,279,-100
01/08/2025 12:00,SCH - HQ_IMPORT_EXPORT,325376,362,1310,-9999
01/08/2025 12:00,SCH - NE - NY,23318,290.44,1400,-1800
01/08/2025 12:00,SCH - NPX_1385,325277,0,0,0
01/08/2025 12:00,SCH - NPX_CSC,325154,150,330,-330
01/08/2025 12:00,SCH - OH - NY,23317,758.12,1150,-1000
01/08/2025 12:00,SCH - PJ - NY,23316,1415.32,1700,-2400
01/08/2025 12:00,SCH - PJM_HTP,325905,300,660,-660
01/08/2025 12:00,SCH - PJM_NEPTUNE,325305,660,660,-660
01/08/2025 12:00,SCH - PJM_VFT,325658,232,315,-315
01/08/2025 12:00,SPR/DUN-SOUTH,23320,3127.32,4600,-9999
01/08/2025 12:00,TOTAL EAST,23314,4910.01,7550,-9999
01/08/2025 12:00,UPNY CONED,23315,4811.15,6555,-9999
01/08/2025 12:00,WEST CENTRAL,23312,383.42,9999,-9999
01/08/2025 12:05,CENTRAL EAST - VC,23330,2592.92,3325,-9999
01/08/2025 12:05,DYSINGER EAST,23326,1019.68,3200,-9999
01/08/2025 12:05,MOSES SOUTH,23319,702.37,2650,-1600
01/08/2025 12:05,SCH - HQ - NY,23324,40,1100,-490
01/08/2025 12:05,SCH - HQ_CEDARS,325274,0,279,-100
01/08/2025 12:05,SCH - HQ_IMPORT_EXPORT,325376,40,1310,-9999
01/08/2025 12:05,SCH - NE - NY,23318,361.11,1400,-1800
01/08/2025 12:05,SCH - NPX_1385,325277,0,0,0
01/08/2025 12:05,SCH - NPX_CSC,325154,150,330,-330
01/08/2025 12:05,SCH - OH - NY,23317,667.24,1150,-1000
01/08/2025 12:05,SCH - PJ - NY,23316,1408.67,1700,-2400
01/08/2025 12:05,SCH - PJM_HTP,325905,300,660,-660
01/08/2025 12:05,SCH - PJM_NEPTUNE,325305,660,660,-660
01/08/2025 12:05,SCH - PJM_VFT,325658,232,315,-315
01/08/2025 12:05,SPR/DUN-SOUTH,23320,3158.17,4600,-9999
01/08/2025 12:05,TOTAL EAST,23314,4706.91,7550,-9999
01/08/2025 12:05,UPNY CONED,23315,4797.62,6555,-9999
01/08/2025 12:05,WEST CENTRAL,23312,305.98,9999,-9999
01/08/2025 12:10,CENTRAL EAST - VC,23330,2689.06,3325,-9999
01/08/2025 12:10,DYSINGER EAST,23326,1124.79,3200,-9999
01/08/2025 12:10,MOSES SOUTH,23319,713.37,2650,-1600
01/08/2025 12:10,SCH - HQ - NY,23324,40,1100,-490
01/08/2025 12:10,SCH - HQ_CEDARS,325274,0,279,-100
01/08/2025 12:10,SCH - HQ_IMPORT_EXPORT,325376,40,1310,-9999
01/08/2025 12:10,SCH - NE - NY,23318,361.05,1400,-1800
01/08/2025 12:10,SCH - NPX_1385,325277,0,0,0
01/08/2025 12:10,SCH - NPX_CSC,325154,150,330,-330
01/08/2025 12:10,SCH - OH - NY,23317,667.07,1150,-1000
01/08/2025 12:10,SCH - PJ - NY,23316,1415.45,1700,-2400
01/08/2025 12:10,SCH - PJM_HTP,325905,300,660,-660
01/08/2025 12:10,SCH - PJM_NEPTUNE,325305,660,660,-660
01/08/2025 12:10,SCH - PJM_VFT,325658,232,315,-315
01/08/2025 12:10,SPR/DUN-SOUTH,23320,3225.51,4600,-9999
01/08/2025 12:10,TOTAL EAST,23314,4852.45,7550,-9999
01/08/2025 12:10,UPNY CONED,23315,4851.84,6555,-9999
01/08/2025 12:10,WEST CENTRAL,23312,411.22,9999,-9999
01/08/2025 12:15,CENTRAL EAST - VC,23330,2815.59,3325,-9999
01/08/2025 12:15,DYSINGER EAST,23326,1281.93,3200,-9999
01/08/2025 12:15,MOSES SOUTH,23319,827.72,2650,-1600
01/08/2025 12:15,SCH - HQ - NY,23324,40,1100,-490
01/08/2025 12:15,SCH - HQ_CEDARS,325274,0,279,-100
01/08/2025 12:15,SCH - HQ_IMPORT_EXPORT,325376,40,1310,-9999
01/08/2025 12:15,SCH - NE - NY,23318,211.23,1400,-1800
01/08/2025 12:15,SCH - NPX_1385,325277,0,0,0
01/08/2025 12:15,SCH - NPX_CSC,325154,150,330,-330
01/08/2025 12:15,SCH - OH - NY,23317,666.94,1150,-1000
01/08/2025 12:15,SCH - PJ - NY,23316,1412.13,1700,-2400
01/08/2025 12:15,SCH - PJM_HTP,325905,300,660,-660
01/08/2025 12:15,SCH - PJM_NEPTUNE,325305,660,660,-660
01/08/2025 12:15,SCH - PJM_VFT,325658,232,315,-315
01/08/2025 12:15,SPR/DUN-SOUTH,23320,3116.86,4600,-9999
01/08/2025 12:15,TOTAL EAST,23314,5082.57,7550,-9999
01/08/2025 12:15,UPNY CONED,23315,4732.36,6600,-9999
01/08/2025 12:15,WEST CENTRAL,23312,562.1,9999,-9999
01/08/2025 12:20,CENTRAL EAST - VC,23330,2974.42,3325,-9999
01/08/2025 12:20,DYSINGER EAST,23326,1151.32,3200,-9999
01/08/2025 12:20,MOSES SOUTH,23319,844.99,2650,-1600
01/08/2025 12:20,SCH - HQ - NY,23324,40,1100,-490
01/08/2025 12:20,SCH - HQ_CEDARS,325274,0,279,-100
01/08/2025 12:20,SCH - HQ_IMPORT_EXPORT,325376,40,1310,-9999
01/08/2025 12:20,SCH - NE - NY,23318,62.54,1400,-1800
01/08/2025 12:20,SCH - NPX_1385,325277,0,0,0
01/08/2025 12:20,SCH - NPX_CSC,325154,150,330,-330
01/08/2025 12:20,SCH - OH - NY,23317,667.17,1150,-1000
01/08/2025 12:20,SCH - PJ - NY,23316,1410.03,1700,-2400
01/08/2025 12:20,SCH - PJM_HTP,325905,300,660,-660
01/08/2025 12:20,SCH - PJM_NEPTUNE,325305,660,660,-660
01/08/2025 12:20,SCH - PJM_VFT,325658,232,315,-315
01/08/2025 12:20,SPR/DUN-SOUTH,23320,3153.24,4600,-9999
01/08/2025 12:20,TOTAL EAST,23314,5232.48,7550,-9999
01/08/2025 12:20,UPNY CONED,23315,4792.04,6600,-9999
01/08/2025 12:20,WEST CENTRAL,23312,439.07,9999,-9999
01/08/2025 12:25,CENTRAL EAST - VC,23330,2935.57,3325,-9999
01/08/2025 12:25,DYSINGER EAST,23326,1209.52,3200,-9999
01/08/2025 12:25,MOSES SOUTH,23319,802.09,2650,-1600
01/08/2025 12:25,SCH - HQ - NY,23324,40,1100,-490
01/08/2025 12:25,SCH - HQ_CEDARS,325274,0,279,-100
01/08/2025 12:25,SCH - HQ_IMPORT_EXPORT,325376,40,1310,-9999
01/08/2025 12:25,SCH - NE - NY,23318,62.1,1400,-1800
01/08/2025 12:25,SCH - NPX_1385,325277,0,0,0
01/08/2025 12:25,SCH - NPX_CSC,325154,150,330,-330
01/08/2025 12:25,SCH - OH - NY,23317,667.15,1150,-1000
01/08/2025 12:25,SCH - PJ - NY,23316,1409.38,1700,-2400
01/08/2025 12:25,SCH - PJM_HTP,325905,300,660,-660
01/08/2025 12:25,SCH - PJM_NEPTUNE,325305,660,660,-660
01/08/2025 12:25,SCH - PJM_VFT,325658,232,315,-315
01/08/2025 12:25,SPR/DUN-SOUTH,23320,3167.5,4600,-9999
01/08/2025 12:25,TOTAL EAST,23314,5278.93,7550,-9999
01/08/2025 12:25,UPNY CONED,23315,4799.61,6600,-9999
01/08/2025 12:25,WEST CENTRAL,23312,494.89,9999,-9999
01/08/2025 12:30,CENTRAL EAST - VC,23330,2905.5,3325,-9999
01/08/2025 12:30,DYSINGER EAST,23326,1056.26,3200,-9999
01/08/2025 12:30,MOSES SOUTH,23319,837.74,2650,-1600
01/08/2025 12:30,SCH - HQ - NY,23324,40,1100,-490
01/08/2025 12:30,SCH - HQ_CEDARS,325274,0,279,-100
01/08/2025 12:30,SCH - HQ_IMPORT_EXPORT,325376,40,1310,-9999
01/08/2025 12:30,SCH - NE - NY,23318,67.86,1400,-1800
01/08/2025 12:30,SCH - NPX_1385,325277,0,0,0
01/08/2025 12:30,SCH - NPX_CSC,325154,150,330,-330
01/08/2025 12:30,SCH - OH - NY,23317,667.17,1150,-1000
01/08/2025 12:30,SCH - PJ - NY,23316,1412.79,1700,-2400
01/08/2025 12:30,SCH - PJM_HTP,325905,300,660,-660
01/08/2025 12:30,SCH - PJM_NEPTUNE,325305,660,660,-660
01/08/2025 12:30,SCH - PJM_VFT,325658,232,315,-315
01/08/2025 12:30,SPR/DUN-SOUTH,23320,3180.59,4600,-9999
01/08/2025 12:30,TOTAL EAST,23314,5183.66,7550,-9999
01/08/2025 12:30,UPNY CONED,23315,4829.35,6600,-9999
01/08/2025 12:30,WEST CENTRAL,23312,336.55,9999,-9999
01/08/2025 12:35,CENTRAL EAST - VC,23330,2887.56,3325,-9999
01/08/2025 12:35,DYSINGER EAST,23326,1072.37,3200,-9999
01/08/2025 12:35,MOSES SOUTH,23319,837.07,2650,-1600
01/08/2025 12:35,SCH - HQ - NY,23324,40,1100,-490
01/08/2025 12:35,SCH - HQ_CEDARS,325274,0,279,-100
01/08/2025 12:35,SCH - HQ_IMPORT_EXPORT,325376,40,1310,-9999
01/08/2025 12:35,SCH - NE - NY,23318,74.82,1400,-1800
01/08/2025 12:35,SCH - NPX_1385,325277,0,0,0
01/08/2025 12:35,SCH - NPX_CSC,325154,150,330,-330
01/08/2025 12:35,SCH - OH - NY,23317,667.21,1150,-1000
01/08/2025 12:35,SCH - PJ - NY,23316,1412.79,1700,-2400
01/08/2025 12:35,SCH - PJM_HTP,325905,300,660,-660
01/08/2025 12:35,SCH - PJM_NEPTUNE,325305,660,660,-660
01/08/2025 12:35,SCH - PJM_VFT,325658,232,315,-315
01/08/2025 12:35,SPR/DUN-SOUTH,23320,3180.88,4600,-9999
01/08/2025 12:35,TOTAL EAST,23314,5224.57,7550,-9999
01/08/2025 12:35,UPNY CONED,23315,4819.92,6600,-9999
01/08/2025 12:35,WEST CENTRAL,23312,347.17,9999,-9999
01/08/2025 12:40,CENTRAL EAST - VC,23330,2873.62,3325,-9999
01/08/2025 12:40,DYSINGER EAST,23326,1040.63,3200,-9999
01/08/2025 12:40,MOSES SOUTH,23319,828.1,2650,-1600
01/08/2025 12:40,SCH - HQ - NY,23324,40,1100,-490
01/08/2025 12:40,SCH - HQ_CEDARS,325274,0,279,-100
01/08/2025 12:40,SCH - HQ_IMPORT_EXPORT,325376,40,1310,-9999
01/08/2025 12:40,SCH - NE - NY,23318,74.74,1400,-1800
01/08/2025 12:40,SCH - NPX_1385,325277,0,0,0
01/08/2025 12:40,SCH - NPX_CSC,325154,150,330,-330
01/08/2025 12:40,SCH - OH - NY,23317,667.26,1150,-1000
01/08/2025 12:40,SCH - PJ - NY,23316,1411,1700,-2400
01/08/2025 12:40,SCH - PJM_HTP,325905,300,660,-660
01/08/2025 12:40,SCH - PJM_NEPTUNE,325305,660,660,-660
01/08/2025 12:40,SCH - PJM_VFT,325658,232,315,-315
01/08/2025 12:40,SPR/DUN-SOUTH,23320,3191.45,4600,-9999
01/08/2025 12:40,TOTAL EAST,23314,5201.57,7550,-9999
01/08/2025 12:40,UPNY CONED,23315,4834.38,6600,-9999
01/08/2025 12:40,WEST CENTRAL,23312,309.33,9999,-9999
01/08/2025 12:45,CENTRAL EAST - VC,23330,2872.09,3325,-9999
01/08/2025 12:45,DYSINGER EAST,23326,1031.75,3200,-9999
01/08/2025 12:45,MOSES SOUTH,23319,817.52,2650,-1600
01/08/2025 12:45,SCH - HQ - NY,23324,40,1100,-490
01/08/2025 12:45,SCH - HQ_CEDARS,325274,0,279,-100
01/08/2025 12:45,SCH - HQ_IMPORT_EXPORT,325376,40,1310,-9999
01/08/2025 12:45,SCH - NE - NY,23318,30.79,1400,-1800
01/08/2025 12:45,SCH - NPX_1385,325277,0,0,0
01/08/2025 12:45,SCH - NPX_CSC,325154,150,330,-330
01/08/2025 12:45,SCH - OH - NY,23317,667.29,1150,-1000
01/08/2025 12:45,SCH - PJ - NY,23316,1413.99,1700,-2400
01/08/2025 12:45,SCH - PJM_HTP,325905,300,660,-660
01/08/2025 12:45,SCH - PJM_NEPTUNE,325305,660,660,-660
01/08/2025 12:45,SCH - PJM_VFT,325658,232,315,-315
01/08/2025 12:45,SPR/DUN-SOUTH,23320,3178.24,4600,-9999
01/08/2025 12:45,TOTAL EAST,23314,5246.31,7550,-9999
01/08/2025 12:45,UPNY CONED,23315,4807.67,6600,-9999
01/08/2025 12:45,WEST CENTRAL,23312,297.7,9999,-9999
01/08/2025 12:50,CENTRAL EAST - VC,23330,2944.37,3325,-9999
01/08/2025 12:50,DYSINGER EAST,23326,1042.73,3200,-9999
01/08/2025 12:50,MOSES SOUTH,23319,862.34,2650,-1600
01/08/2025 12:50,SCH - HQ - NY,23324,40,1100,-490
01/08/2025 12:50,SCH - HQ_CEDARS,325274,0,279,-100
01/08/2025 12:50,SCH - HQ_IMPORT_EXPORT,325376,40,1310,-9999
01/08/2025 12:50,SCH - NE - NY,23318,-11.63,1400,-1800
01/08/2025 12:50,SCH - NPX_1385,325277,0,0,0
01/08/2025 12:50,SCH - NPX_CSC,325154,150,330,-330
01/08/2025 12:50,SCH - OH - NY,23317,667.34,1150,-1000
01/08/2025 12:50,SCH - PJ - NY,23316,1409.02,1700,-2400
01/08/2025 12:50,SCH - PJM_HTP,325905,300,660,-660
01/08/2025 12:50,SCH - PJM_NEPTUNE,325305,660,660,-660
01/08/2025 12:50,SCH - PJM_VFT,325658,232,315,-315
01/08/2025 12:50,SPR/DUN-SOUTH,23320,3225.61,4600,-9999
01/08/2025 12:50,TOTAL EAST,23314,5293.61,7550,-9999
01/08/2025 12:50,UPNY CONED,23315,4837.18,6600,-9999
01/08/2025 12:50,WEST CENTRAL,23312,307.23,9999,-9999
01/08/2025 12:55,CENTRAL EAST - VC,23330,2923.89,3325,-9999
01/08/2025 12:55,DYSINGER EAST,23326,982.38,3200,-9999
01/08/2025 12:55,MOSES SOUTH,23319,852.61,2650,-1600
01/08/2025 12:55,SCH - HQ - NY,23324,40,1100,-490
01/08/2025 12:55,SCH - HQ_CEDARS,325274,0,279,-100
01/08/2025 12:55,SCH - HQ_IMPORT_EXPORT,325376,40,1310,-9999
01/08/2025 12:55,SCH - NE - NY,23318,-11.73,1400,-1800
01/08/2025 12:55,SCH - NPX_1385,325277,0,0,0
01/08/2025 12:55,SCH - NPX_CSC,325154,150,330,-330
01/08/2025 12:55,SCH - OH - NY,23317,667.51,1150,-1000
01/08/2025 12:55,SCH - PJ - NY,23316,1403.92,1700,-2400
01/08/2025 12:55,SCH - PJM_HTP,325905,300,660,-660
01/08/2025 12:55,SCH - PJM_NEPTUNE,325305,660,660,-660
01/08/2025 12:55,SCH - PJM_VFT,325658,232,315,-315
01/08/2025 12:55,SPR/DUN-SOUTH,23320,3212.06,4600,-9999
01/08/2025 12:55,TOTAL EAST,23314,5352.51,7550,-9999
01/08/2025 12:55,UPNY CONED,23315,4822.9,6600,-9999
01/08/2025 12:55,WEST CENTRAL,23312,251.35,9999,-9999
01/08/2025 13:00,CENTRAL EAST - VC,23330,2970.6,3325,-9999
01/08/2025 13:00,DYSINGER EAST,23326,979.4,3200,-9999
01/08/2025 13:00,MOSES SOUTH,23319,1083.59,2650,-1600
01/08/2025 13:00,SCH - HQ - NY,23324,330,1100,-490
01/08/2025 13:00,SCH - HQ_CEDARS,325274,-25,279,-100
01/08/2025 13:00,SCH - HQ_IMPORT_EXPORT,325376,330,1310,-9999
01/08/2025 13:00,SCH - NE - NY,23318,-57.65,1400,-1800
01/08/2025 13:00,SCH - NPX_1385,325277,0,0,0
01/08/2025 13:00,SCH - NPX_CSC,325154,150,330,-330
01/08/2025 13:00,SCH - OH - NY,23317,757.39,1150,-1000
01/08/2025 13:00,SCH - PJ - NY,23316,1403.15,1700,-2400
01/08/2025 13:00,SCH - PJM_HTP,325905,300,660,-660
01/08/2025 13:00,SCH - PJM_NEPTUNE,325305,660,660,-660
01/08/2025 13:00,SCH - PJM_VFT,325658,232,315,-315
01/08/2025 13:00,SPR/DUN-SOUTH,23320,3314.03,4600,-9999
01/08/2025 13:00,TOTAL EAST,23314,5395.68,7550,-9999
01/08/2025 13:00,UPNY CONED,23315,4914.74,6600,-9999
01/08/2025 13:00,WEST CENTRAL,23312,248.71,9999,-9999
01/08/2025 13:05,CENTRAL EAST - VC,23330,2956.76,3325,-9999
01/08/2025 13:05,DYSINGER EAST,23326,877.94,3200,-9999
01/08/2025 13:05,MOSES SOUTH,23319,1327.23,2650,-1600
01/08/2025 13:05,SCH - HQ - NY,23324,620,1100,-490
01/08/2025 13:05,SCH - HQ_CEDARS,325274,-50,279,-100
01/08/2025 13:05,SCH - HQ_IMPORT_EXPORT,325376,620,1310,-9999
01/08/2025 13:05,SCH - NE - NY,23318,-104.57,1400,-1800
01/08/2025 13:05,SCH - NPX_1385,325277,0,0,0
01/08/2025 13:05,SCH - NPX_CSC,325154,150,330,-330
01/08/2025 13:05,SCH - OH - NY,23317,848.45,1150,-1000
01/08/2025 13:05,SCH - PJ - NY,23316,1405.15,1700,-2400
01/08/2025 13:05,SCH - PJM_HTP,325905,300,660,-660
01/08/2025 13:05,SCH - PJM_NEPTUNE,325305,660,660,-660
01/08/2025 13:05,SCH - PJM_VFT,325658,232,315,-315
01/08/2025 13:05,SPR/DUN-SOUTH,23320,3305.21,4600,-9999
01/08/2025 13:05,TOTAL EAST,23314,5424.64,7550,-9999
01/08/2025 13:05,UPNY CONED,23315,4921.63,6600,-9999
01/08/2025 13:05,WEST CENTRAL,23312,147.68,9999,-9999
01/08/2025 13:10,CENTRAL EAST - VC,23330,2965.22,3325,-9999
01/08/2025 13:10,DYSINGER EAST,23326,1004.04,3200,-9999
01/08/2025 13:10,MOSES SOUTH,23319,1304.95,2650,-1600
01/08/2025 13:10,SCH - HQ - NY,23324,620,1100,-490
01/08/2025 13:10,SCH - HQ_CEDARS,325274,-50,279,-100
01/08/2025 13:10,SCH - HQ_IMPORT_EXPORT,325376,620,1310,-9999
01/08/2025 13:10,SCH - NE - NY,23318,-105.48,1400,-1800
01/08/2025 13:10,SCH - NPX_1385,325277,0,0,0
01/08/2025 13:10,SCH - NPX_CSC,325154,150,330,-330
01/08/2025 13:10,SCH - OH - NY,23317,848.35,1150,-1000
01/08/2025 13:10,SCH - PJ - NY,23316,1414.6,1700,-2400
01/08/2025 13:10,SCH - PJM_HTP,325905,300,660,-660
01/08/2025 13:10,SCH - PJM_NEPTUNE,325305,660,660,-660
01/08/2025 13:10,SCH - PJM_VFT,325658,232,315,-315
01/08/2025 13:10,SPR/DUN-SOUTH,23320,3266.22,4600,-9999
01/08/2025 13:10,TOTAL EAST,23314,5416.07,7550,-9999
01/08/2025 13:10,UPNY CONED,23315,4875.33,6600,-9999
01/08/2025 13:10,WEST CENTRAL,23312,261.67,9999,-9999
01/08/2025 13:15,CENTRAL EAST - VC,23330,3057.35,3325,-9999
01/08/2025 13:15,DYSINGER EAST,23326,1078.91,3200,-9999
01/08/2025 13:15,MOSES SOUTH,23319,1284.22,2650,-1600
01/08/2025 13:15,SCH - HQ - NY,23324,620,1100,-490
01/08/2025 13:15,SCH - HQ_CEDARS,325274,-50,279,-100
01/08/2025 13:15,SCH - HQ_IMPORT_EXPORT,325376,620,1310,-9999
01/08/2025 13:15,SCH - NE - NY,23318,-69.42,1400,-1800
01/08/2025 13:15,SCH - NPX_1385,325277,0,0,0
01/08/2025 13:15,SCH - NPX_CSC,325154,150,330,-330
01/08/2025 13:15,SCH - OH - NY,23317,848.23,1150,-1000
01/08/2025 13:15,SCH - PJ - NY,23316,1402.41,1700,-2400
01/08/2025 13:15,SCH - PJM_HTP,325905,300,660,-660
01/08/2025 13:15,SCH - PJM_NEPTUNE,325305,660,660,-660
01/08/2025 13:15,SCH - PJM_VFT,325658,232,315,-315
01/08/2025 13:15,SPR/DUN-SOUTH,23320,3366.67,4600,-9999
01/08/2025 13:15,TOTAL EAST,23314,5429.52,7550,-9999
01/08/2025 13:15,UPNY CONED,23315,4982.14,6600,-9999
01/08/2025 13:15,WEST CENTRAL,23312,328.57,9999,-9999
01/08/2025 13:20,CENTRAL EAST - VC,23330,3009.1,3325,-9999
01/08/2025 13:20,DYSINGER EAST,23326,1166.17,3200,-9999
01/08/2025 13:20,MOSES SOUTH,23319,1316.16,2650,-1600
01/08/2025 13:20,SCH - HQ - NY,23324,620,1100,-490
01/08/2025 13:20,SCH - HQ_CEDARS,325274,-50,279,-100
01/08/2025 13:20,SCH - HQ_IMPORT_EXPORT,325376,620,1310,-9999
01/08/2025 13:20,SCH - NE - NY,23318,-34.49,1400,-1800
01/08/2025 13:20,SCH - NPX_1385,325277,0,0,0
01/08/2025 13:20,SCH - NPX_CSC,325154,150,330,-330
01/08/2025 13:20,SCH - OH - NY,23317,848.15,1150,-1000
01/08/2025 13:20,SCH - PJ - NY,23316,1403.09,1700,-2400
01/08/2025 13:20,SCH - PJM_HTP,325905,300,660,-660
01/08/2025 13:20,SCH - PJM_NEPTUNE,325305,660,660,-660
01/08/2025 13:20,SCH - PJM_VFT,325658,232,315,-315
01/08/2025 13:20,SPR/DUN-SOUTH,23320,3355.49,4600,-9999
01/08/2025 13:20,TOTAL EAST,23314,5343.26,7550,-9999
01/08/2025 13:20,UPNY CONED,23315,4973.26,6600,-9999
01/08/2025 13:20,WEST CENTRAL,23312,416.54,9999,-9999
01/08/2025 13:25,CENTRAL EAST - VC,23330,2986.62,3400,-9999
01/08/2025 13:25,DYSINGER EAST,23326,1127.7,3200,-9999
01/08/2025 13:25,MOSES SOUTH,23319,1291.09,2650,-1600
01/08/2025 13:25,SCH - HQ - NY,23324,620,1100,-490
01/08/2025 13:25,SCH - HQ_CEDARS,325274,-50,279,-100
01/08/2025 13:25,SCH - HQ_IMPORT_EXPORT,325376,620,1310,-9999
01/08/2025 13:25,SCH - NE - NY,23318,-34.67,1400,-1800
01/08/2025 13:25,SCH - NPX_1385,325277,0,0,0
01/08/2025 13:25,SCH - NPX_CSC,325154,150,330,-330
01/08/2025 13:25,SCH - OH - NY,23317,848.22,1150,-1000
01/08/2025 13:25,SCH - PJ - NY,23316,1400.59,1700,-2400
01/08/2025 13:25,SCH - PJM_HTP,325905,300,660,-660
01/08/2025 13:25,SCH - PJM_NEPTUNE,325305,660,660,-660
01/08/2025 13:25,SCH - PJM_VFT,325658,232,315,-315
01/08/2025 13:25,SPR/DUN-SOUTH,23320,3279.28,4600,-9999
01/08/2025 13:25,TOTAL EAST,23314,5344.39,7550,-9999
01/08/2025 13:25,UPNY CONED,23315,4901.1,6600,-9999
01/08/2025 13:25,WEST CENTRAL,23312,387.22,9999,-9999
01/08/2025 13:30,CENTRAL EAST - VC,23330,2968.14,3400,-9999
01/08/2025 13:30,DYSINGER EAST,23326,1066.65,3200,-9999
01/08/2025 13:30,MOSES SOUTH,23319,1274.08,2650,-1600
01/08/2025 13:30,SCH - HQ - NY,23324,620,1100,-490
01/08/2025 13:30,SCH - HQ_CEDARS,325274,-50,279,-100
01/08/2025 13:30,SCH - HQ_IMPORT_EXPORT,325376,620,1310,-9999
01/08/2025 13:30,SCH - NE - NY,23318,-7.54,1400,-1800
01/08/2025 13:30,SCH - NPX_1385,325277,0,0,0
01/08/2025 13:30,SCH - NPX_CSC,325154,150,330,-330
01/08/2025 13:30,SCH - OH - NY,23317,848.29,1150,-1000
01/08/2025 13:30,SCH - PJ - NY,23316,1405.66,1700,-2400
01/08/2025 13:30,SCH - PJM_HTP,325905,300,660,-660
01/08/2025 13:30,SCH - PJM_NEPTUNE,325305,660,660,-660
01/08/2025 13:30,SCH - PJM_VFT,325658,232,315,-315
01/08/2025 13:30,SPR/DUN-SOUTH,23320,3314.06,4600,-9999
01/08/2025 13:30,TOTAL EAST,23314,5332.64,7550,-9999
01/08/2025 13:30,UPNY CONED,23315,4933.87,6600,-9999
01/08/2025 13:30,WEST CENTRAL,23312,333.93,9999,-9999
01/08/2025 13:35,CENTRAL EAST - VC,23330,2968.15,3400,-9999
01/08/2025 13:35,DYSINGER EAST,23326,974.79,3200,-9999
01/08/2025 13:35,MOSES SOUTH,23319,1280.06,2650,-1600
01/08/2025 13:35,SCH - HQ - NY,23324,620,1100,-490
01/08/2025 13:35,SCH - HQ_CEDARS,325274,-50,279,-100
01/08/2025 13:35,SCH - HQ_IMPORT_EXPORT,325376,620,1310,-9999
01/08/2025 13:35,SCH - NE - NY,23318,18.4,1400,-1800
01/08/2025 13:35,SCH - NPX_1385,325277,0,0,0
01/08/2025 13:35,SCH - NPX_CSC,325154,150,330,-330
01/08/2025 13:35,SCH - OH - NY,23317,848.44,1150,-1000
01/08/2025 13:35,SCH - PJ - NY,23316,1405.05,1700,-2400
01/08/2025 13:35,SCH - PJM_HTP,325905,300,660,-660
01/08/2025 13:35,SCH - PJM_NEPTUNE,325305,660,660,-660
01/08/2025 13:35,SCH - PJM_VFT,325658,232,315,-315
01/08/2025 13:35,SPR/DUN-SOUTH,23320,3323.09,4600,-9999
01/08/2025 13:35,TOTAL EAST,23314,5310.67,7550,-9999
01/08/2025 13:35,UPNY CONED,23315,4920.44,6600,-9999
01/08/2025 13:35,WEST CENTRAL,23312,246.09,9999,-9999
01/08/2025 13:40,CENTRAL EAST - VC,23330,2964.52,3400,-9999
01/08/2025 13:40,DYSINGER EAST,23326,981.97,3200,-9999
01/08/2025 13:40,MOSES SOUTH,23319,1262.5,2650,-1600
01/08/2025 13:40,SCH - HQ - NY,23324,620,1100,-490
01/08/2025 13:40,SCH - HQ_CEDARS,325274,-50,279,-100
01/08/2025 13:40,SCH - HQ_IMPORT_EXPORT,325376,620,1310,-9999
01/08/2025 13:40,SCH - NE - NY,23318,18.42,1400,-1800
01/08/2025 13:40,SCH - NPX_1385,325277,0,0,0
01/08/2025 13:40,SCH - NPX_CSC,325154,150,330,-330
01/08/2025 13:40,SCH - OH - NY,23317,848.41,1150,-1000
01/08/2025 13:40,SCH - PJ - NY,23316,1414.89,1700,-2400
01/08/2025 13:40,SCH - PJM_HTP,325905,300,660,-660
01/08/2025 13:40,SCH - PJM_NEPTUNE,325305,660,660,-660
01/08/2025 13:40,SCH - PJM_VFT,325658,232,315,-315
01/08/2025 13:40,SPR/DUN-SOUTH,23320,3329.03,4600,-9999
01/08/2025 13:40,TOTAL EAST,23314,5325.95,7550,-9999
01/08/2025 13:40,UPNY CONED,23315,4904.94,6600,-9999
01/08/2025 13:40,WEST CENTRAL,23312,252.98,9999,-9999
01/08/2025 13:45,CENTRAL EAST - VC,23330,3009.44,3400,-9999
01/08/2025 13:45,DYSINGER EAST,23326,1066.8,3200,-9999
01/08/2025 13:45,MOSES SOUTH,23319,1267.86,2650,-1600
01/08/2025 13:45,SCH - HQ - NY,23324,620,1100,-490
01/08/2025 13:45,SCH - HQ_CEDARS,325274,-50,279,-100
01/08/2025 13:45,SCH - HQ_IMPORT_EXPORT,325376,620,1310,-9999
01/08/2025 13:45,SCH - NE - NY,23318,-71.39,1400,-1800
01/08/2025 13:45,SCH - NPX_1385,325277,0,0,0
01/08/2025 13:45,SCH - NPX_CSC,325154,150,330,-330
01/08/2025 13:45,SCH - OH - NY,23317,848.34,1150,-1000
01/08/2025 13:45,SCH - PJ - NY,23316,1411.45,1700,-2400
01/08/2025 13:45,SCH - PJM_HTP,325905,300,660,-660
01/08/2025 13:45,SCH - PJM_NEPTUNE,325305,660,660,-660
01/08/2025 13:45,SCH - PJM_VFT,325658,232,315,-315
01/08/2025 13:45,SPR/DUN-SOUTH,23320,3206.9,4600,-9999
01/08/2025 13:45,TOTAL EAST,23314,5410.99,7550,-9999
01/08/2025 13:45,UPNY CONED,23315,4793.35,6600,-9999
01/08/2025 13:45,WEST CENTRAL,23312,328.46,9999,-9999
01/08/2025 13:50,CENTRAL EAST - VC,23330,3066.16,3400,-9999
01/08/2025 13:50,DYSINGER EAST,23326,1059.8,3200,-9999
01/08/2025 13:50,MOSES SOUTH,23319,1280.15,2650,-1600
01/08/2025 13:50,SCH - HQ - NY,23324,620,1100,-490
01/08/2025 13:50,SCH - HQ_CEDARS,325274,-50,279,-100
01/08/2025 13:50,SCH - HQ_IMPORT_EXPORT,325376,620,1310,-9999
01/08/2025 13:50,SCH - NE - NY,23318,-160.91,1400,-1800
01/08/2025 13:50,SCH - NPX_1385,325277,0,0,0
01/08/2025 13:50,SCH - NPX_CSC,325154,150,330,-330
01/08/2025 13:50,SCH - OH - NY,23317,848.37,1150,-1000
01/08/2025 13:50,SCH - PJ - NY,23316,1411.39,1700,-2400
01/08/2025 13:50,SCH - PJM_HTP,325905,300,660,-660
01/08/2025 13:50,SCH - PJM_NEPTUNE,325305,660,660,-660
01/08/2025 13:50,SCH - PJM_VFT,325658,232,315,-315
01/08/2025 13:50,SPR/DUN-SOUTH,23320,3220.17,4600,-9999
01/08/2025 13:50,TOTAL EAST,23314,5479.18,7550,-9999
01/08/2025 13:50,UPNY CONED,23315,4818.14,6600,-9999
01/08/2025 13:50,WEST CENTRAL,23312,323.73,9999,-9999
01/08/2025 13:55,CENTRAL EAST - VC,23330,2988.74,3400,-9999
01/08/2025 13:55,DYSINGER EAST,23326,1005.14,3200,-9999
01/08/2025 13:55,MOSES SOUTH,23319,1259.82,2650,-1600
01/08/2025 13:55,SCH - HQ - NY,23324,620,1100,-490
01/08/2025 13:55,SCH - HQ_CEDARS,325274,-50,279,-100
01/08/2025 13:55,SCH - HQ_IMPORT_EXPORT,325376,620,1310,-9999
01/08/2025 13:55,SCH - NE - NY,23318,-160.98,1400,-1800
01/08/2025 13:55,SCH - NPX_1385,325277,0,0,0
01/08/2025 13:55,SCH - NPX_CSC,325154,150,330,-330
01/08/2025 13:55,SCH - OH - NY,23317,848.44,1150,-1000
01/08/2025 13:55,SCH - PJ - NY,23316,1400.74,1700,-2400
01/08/2025 13:55,SCH - PJM_HTP,325905,300,660,-660
01/08/2025 13:55,SCH - PJM_NEPTUNE,325305,660,660,-660
01/08/2025 13:55,SCH - PJM_VFT,325658,232,315,-315
01/08/2025 13:55,SPR/DUN-SOUTH,23320,3226.45,4600,-9999
01/08/2025 13:55,TOTAL EAST,23314,5343.43,7550,-9999
01/08/2025 13:55,UPNY CONED,23315,4838.67,6600,-9999
01/08/2025 13:55,WEST CENTRAL,23312,280.09,9999,-9999
01/08/2025 14:00,CENTRAL EAST - VC,23330,3173.23,3400,-9999
01/08/2025 14:00,DYSINGER EAST,23326,1079.12,3200,-9999
01/08/2025 14:00,MOSES SOUTH,23319,1390.3,2650,-1600
01/08/2025 14:00,SCH - HQ - NY,23324,679,1100,-490
01/08/2025 14:00,SCH - HQ_CEDARS,325274,-15,279,-100
01/08/2025 14:00,SCH - HQ_IMPORT_EXPORT,325376,649,1310,-9999
01/08/2025 14:00,SCH - NE - NY,23318,-269.78,1400,-1800
01/08/2025 14:00,SCH - NPX_1385,325277,0,0,0
01/08/2025 14:00,SCH - NPX_CSC,325154,150,330,-330
01/08/2025 14:00,SCH - OH - NY,23317,849.33,1150,-1000
01/08/2025 14:00,SCH - PJ - NY,23316,1414.56,1700,-2400
01/08/2025 14:00,SCH - PJM_HTP,325905,300,660,-660
01/08/2025 14:00,SCH - PJM_NEPTUNE,325305,660,660,-660
01/08/2025 14:00,SCH - PJM_VFT,325658,232,315,-315
01/08/2025 14:00,SPR/DUN-SOUTH,23320,3141.68,4600,-9999
01/08/2025 14:00,TOTAL EAST,23314,5667.15,7550,-9999
01/08/2025 14:00,UPNY CONED,23315,4753.72,6600,-9999
01/08/2025 14:00,WEST CENTRAL,23312,352.19,9999,-9999
01/08/2025 14:05,CENTRAL EAST - VC,23330,3244.7,3400,-9999
01/08/2025 14:05,DYSINGER EAST,23326,1066.75,3200,-9999
01/08/2025 14:05,MOSES SOUTH,23319,1475.96,2650,-1600
01/08/2025 14:05,SCH - HQ - NY,23324,739,1100,-490
01/08/2025 14:05,SCH - HQ_CEDARS,325274,21,279,-100
01/08/2025 14:05,SCH - HQ_IMPORT_EXPORT,325376,678,1310,-9999
01/08/2025 14:05,SCH - NE - NY,23318,-378.2,1400,-1800
01/08/2025 14:05,SCH - NPX_1385,325277,0,0,0
01/08/2025 14:05,SCH - NPX_CSC,325154,150,330,-330
01/08/2025 14:05,SCH - OH - NY,23317,850.33,1150,-1000
01/08/2025 14:05,SCH - PJ - NY,23316,1411.08,1700,-2400
01/08/2025 14:05,SCH - PJM_HTP,325905,300,660,-660
01/08/2025 14:05,SCH - PJM_NEPTUNE,325305,660,660,-660
01/08/2025 14:05,SCH - PJM_VFT,325658,232,315,-315
01/08/2025 14:05,SPR/DUN-SOUTH,23320,3152.25,4600,-9999
01/08/2025 14:05,TOTAL EAST,23314,5757.71,7550,-9999
01/08/2025 14:05,UPNY CONED,23315,4766.62,6600,-9999
01/08/2025 14:05,WEST CENTRAL,23312,337.58,9999,-9999
01/08/2025 14:10,CENTRAL EAST - VC,23330,3178.59,3400,-9999
01/08/2025 14:10,DYSINGER EAST,23326,1079.16,3200,-9999
01/08/2025 14:10,MOSES SOUTH,23319,1415.01,2650,-1600
01/08/2025 14:10,SCH - HQ - NY,23324,739,1100,-490
01/08/2025 14:10,SCH - HQ_CEDARS,325274,21,279,-100
01/08/2025 14:10,SCH - HQ_IMPORT_EXPORT,325376,678,1310,-9999
01/08/2025 14:10,SCH - NE - NY,23318,-378.84,1400,-1800
01/08/2025 14:10,SCH - NPX_1385,325277,0,0,0
01/08/2025 14:10,SCH - NPX_CSC,325154,150,330,-330
01/08/2025 14:10,SCH - OH - NY,23317,850.35,1150,-1000
01/08/2025 14:10,SCH - PJ - NY,23316,1395.68,1700,-2400
01/08/2025 14:10,SCH - PJM_HTP,325905,300,660,-660
01/08/2025 14:10,SCH - PJM_NEPTUNE,325305,660,660,-660
01/08/2025 14:10,SCH - PJM_VFT,325658,232,315,-315
01/08/2025 14:10,SPR/DUN-SOUTH,23320,3079.97,4600,-9999
01/08/2025 14:10,TOTAL EAST,23314,5638.26,7550,-9999
01/08/2025 14:10,UPNY CONED,23315,4696.1,6600,-9999
01/08/2025 14:10,WEST CENTRAL,23312,352,9999,-9999
01/08/2025 14:15,CENTRAL EAST - VC,23330,3030.49,3400,-9999
01/08/2025 14:15,DYSINGER EAST,23326,909.28,3200,-9999
01/08/2025 14:15,MOSES SOUTH,23319,1387.92,2650,-1600
01/08/2025 14:15,SCH - HQ - NY,23324,739,1100,-490
01/08/2025 14:15,SCH - HQ_CEDARS,325274,21,279,-100
01/08/2025 14:15,SCH - HQ_IMPORT_EXPORT,325376,678,1310,-9999
01/08/2025 14:15,SCH - NE - NY,23318,-512.54,1400,-1800
01/08/2025 14:15,SCH - NPX_1385,325277,0,0,0
01/08/2025 14:15,SCH - NPX_CSC,325154,150,330,-330
01/08/2025 14:15,SCH - OH - NY,23317,850.34,1150,-1000
01/08/2025 14:15,SCH - PJ - NY,23316,1397.41,1700,-2400
01/08/2025 14:15,SCH - PJM_HTP,325905,300,660,-660
01/08/2025 14:15,SCH - PJM_NEPTUNE,325305,660,660,-660
01/08/2025 14:15,SCH - PJM_VFT,325658,232,315,-315
01/08/2025 14:15,SPR/DUN-SOUTH,23320,2981.27,4600,-9999
01/08/2025 14:15,TOTAL EAST,23314,5430.5,7550,-9999
01/08/2025 14:15,UPNY CONED,23315,4615.1,6600,-9999
01/08/2025 14:15,WEST CENTRAL,23312,182.44,9999,-9999
01/08/2025 14:20,CENTRAL EAST - VC,23330,3115.43,3400,-9999
01/08/2025 14:20,DYSINGER EAST,23326,1051.37,3200,-9999
01/08/2025 14:20,MOSES SOUTH,23319,1401.04,2650,-1600
01/08/2025 14:20,SCH - HQ - NY,23324,739,1100,-490
01/08/2025 14:20,SCH - HQ_CEDARS,325274,21,279,-100
01/08/2025 14:20,SCH - HQ_IMPORT_EXPORT,325376,678,1310,-9999
01/08/2025 14:20,SCH - NE - NY,23318,-645.4,1400,-1800
01/08/2025 14:20,SCH - NPX_1385,325277,0,0,0
01/08/2025 14:20,SCH - NPX_CSC,325154,150,330,-330
01/08/2025 14:20,SCH - OH - NY,23317,850.37,1150,-1000
01/08/2025 14:20,SCH - PJ - NY,23316,1391.13,1700,-2400
01/08/2025 14:20,SCH - PJM_HTP,325905,300,660,-660
01/08/2025 14:20,SCH - PJM_NEPTUNE,325305,660,660,-660
01/08/2025 14:20,SCH - PJM_VFT,325658,232,315,-315
01/08/2025 14:20,SPR/DUN-SOUTH,23320,2942.46,4600,-9999
01/08/2025 14:20,TOTAL EAST,23314,5555.78,7550,-9999
01/08/2025 14:20,UPNY CONED,23315,4589.25,6600,-9999
01/08/2025 14:20,WEST CENTRAL,23312,319.02,9999,-9999
01/08/2025 14:25,CENTRAL EAST - VC,23330,3192.35,3400,-9999
01/08/2025 14:25,DYSINGER EAST,23326,1175.73,3200,-9999
01/08/2025 14:25,MOSES SOUTH,23319,1372.43,2650,-1600
01/08/2025 14:25,SCH - HQ - NY,23324,739,1100,-490
01/08/2025 14:25,SCH - HQ_CEDARS,325274,21,279,-100
01/08/2025 14:25,SCH - HQ_IMPORT_EXPORT,325376,678,1310,-9999
01/08/2025 14:25,SCH - NE - NY,23318,-644.97,1400,-1800
01/08/2025 14:25,SCH - NPX_1385,325277,0,0,0
01/08/2025 14:25,SCH - NPX_CSC,325154,150,330,-330
01/08/2025 14:25,SCH - OH - NY,23317,850.29,1150,-1000
01/08/2025 14:25,SCH - PJ - NY,23316,1389.29,1700,-2400
01/08/2025 14:25,SCH - PJM_HTP,325905,300,660,-660
01/08/2025 14:25,SCH - PJM_NEPTUNE,325305,660,660,-660
01/08/2025 14:25,SCH - PJM_VFT,325658,232,315,-315
01/08/2025 14:25,SPR/DUN-SOUTH,23320,2943.51,4600,-9999
01/08/2025 14:25,TOTAL EAST,23314,5577.36,7550,-9999
01/08/2025 14:25,UPNY CONED,23315,4606.28,6600,-9999
01/08/2025 14:25,WEST CENTRAL,23312,446.55,9999,-9999
01/08/2025 14:30,CENTRAL EAST - VC,23330,3177.45,3400,-9999
01/08/2025 14:30,DYSINGER EAST,23326,1147.69,3200,-9999
01/08/2025 14:30,MOSES SOUTH,23319,1386.98,2650,-1600
01/08/2025 14:30,SCH - HQ - NY,23324,739,1100,-490
01/08/2025 14:30,SCH - HQ_CEDARS,325274,21,279,-100
01/08/2025 14:30,SCH - HQ_IMPORT_EXPORT,325376,678,1310,-9999
01/08/2025 14:30,SCH - NE - NY,23318,-631.52,1400,-1800
01/08/2025 14:30,SCH - NPX_1385,325277,0,0,0
01/08/2025 14:30,SCH - NPX_CSC,325154,150,330,-330
01/08/2025 14:30,SCH - OH - NY,23317,850.27,1150,-1000
01/08/2025 14:30,SCH - PJ - NY,23316,1392.08,1700,-2400
01/08/2025 14:30,SCH - PJM_HTP,325905,300,660,-660
01/08/2025 14:30,SCH - PJM_NEPTUNE,325305,660,660,-660
01/08/2025 14:30,SCH - PJM_VFT,325658,232,315,-315
01/08/2025 14:30,SPR/DUN-SOUTH,23320,2901,4600,-9999
01/08/2025 14:30,TOTAL EAST,23314,5592.82,7550,-9999
01/08/2025 14:30,UPNY CONED,23315,4585.08,6600,-9999
01/08/2025 14:30,WEST CENTRAL,23312,422.89,9999,-9999
01/08/2025 14:35,CENTRAL EAST - VC,23330,3147.58,3400,-9999
01/08/2025 14:35,DYSINGER EAST,23326,1108.4,3200,-9999
01/08/2025 14:35,MOSES SOUTH,23319,1410.64,2650,-1600
01/08/2025 14:35,SCH - HQ - NY,23324,739,1100,-490
01/08/2025 14:35,SCH - HQ_CEDARS,325274,21,279,-100
01/08/2025 14:35,SCH - HQ_IMPORT_EXPORT,325376,678,1310,-9999
01/08/2025 14:35,SCH - NE - NY,23318,-617.91,1400,-1800
01/08/2025 14:35,SCH - NPX_1385,325277,0,0,0
01/08/2025 14:35,SCH - NPX_CSC,325154,150,330,-330
01/08/2025 14:35,SCH - OH - NY,23317,850.3,1150,-1000
01/08/2025 14:35,SCH - PJ - NY,23316,1391.07,1700,-2400
01/08/2025 14:35,SCH - PJM_HTP,325905,300,660,-660
01/08/2025 14:35,SCH - PJM_NEPTUNE,325305,660,660,-660
01/08/2025 14:35,SCH - PJM_VFT,325658,232,315,-315
01/08/2025 14:35,SPR/DUN-SOUTH,23320,2850.01,4600,-9999
01/08/2025 14:35,TOTAL EAST,23314,5551.79,7550,-9999
01/08/2025 14:35,UPNY CONED,23315,4525.8,6600,-9999
01/08/2025 14:35,WEST CENTRAL,23312,381.11,9999,-9999
01/08/2025 14:40,CENTRAL EAST - VC,23330,3182.99,3430,-9999
01/08/2025 14:40,DYSINGER EAST,23326,1071.06,3200,-9999
01/08/2025 14:40,MOSES SOUTH,23319,1395.56,2650,-1600
01/08/2025 14:40,SCH - HQ - NY,23324,739,1100,-490
01/08/2025 14:40,SCH - HQ_CEDARS,325274,21,279,-100
01/08/2025 14:40,SCH - HQ_IMPORT_EXPORT,325376,678,1310,-9999
01/08/2025 14:40,SCH - NE - NY,23318,-617.72,1400,-1800
01/08/2025 14:40,SCH - NPX_1385,325277,0,0,0
01/08/2025 14:40,SCH - NPX_CSC,325154,150,330,-330
01/08/2025 14:40,SCH - OH - NY,23317,850.37,1150,-1000
01/08/2025 14:40,SCH - PJ - NY,23316,1393.88,1700,-2400
01/08/2025 14:40,SCH - PJM_HTP,325905,300,660,-660
01/08/2025 14:40,SCH - PJM_NEPTUNE,325305,660,660,-660
01/08/2025 14:40,SCH - PJM_VFT,325658,232,315,-315
01/08/2025 14:40,SPR/DUN-SOUTH,23320,2901.82,4600,-9999
01/08/2025 14:40,TOTAL EAST,23314,5628.05,7550,-9999
01/08/2025 14:40,UPNY CONED,23315,4573.18,6600,-9999
01/08/2025 14:40,WEST CENTRAL,23312,341.39,9999,-9999
01/08/2025 14:45,CENTRAL EAST - VC,23330,3225.68,3430,-9999
01/08/2025 14:45,DYSINGER EAST,23326,1053.65,3200,-9999
01/08/2025 14:45,MOSES SOUTH,23319,1384.5,2650,-1600
01/08/2025 14:45,SCH - HQ - NY,23324,739,1100,-490
01/08/2025 14:45,SCH - HQ_CEDARS,325274,21,279,-100
01/08/2025 14:45,SCH - HQ_IMPORT_EXPORT,325376,678,1310,-9999
01/08/2025 14:45,SCH - NE - NY,23318,-628.58,1400,-1800
01/08/2025 14:45,SCH - NPX_1385,325277,0,0,0
01/08/2025 14:45,SCH - NPX_CSC,325154,150,330,-330
01/08/2025 14:45,SCH - OH - NY,23317,850.42,1150,-1000
01/08/2025 14:45,SCH - PJ - NY,23316,1396.23,1700,-2400
01/08/2025 14:45,SCH - PJM_HTP,325905,300,660,-660
01/08/2025 14:45,SCH - PJM_NEPTUNE,325305,660,660,-660
01/08/2025 14:45,SCH - PJM_VFT,325658,232,315,-315
01/08/2025 14:45,SPR/DUN-SOUTH,23320,2888.45,4600,-9999
01/08/2025 14:45,TOTAL EAST,23314,5670.62,7550,-9999
01/08/2025 14:45,UPNY CONED,23315,4565.87,6600,-9999
01/08/2025 14:45,WEST CENTRAL,23312,317.53,9999,-9999
01/08/2025 14:50,CENTRAL EAST - VC,23330,3238.81,3430,-9999
01/08/2025 14:50,DYSINGER EAST,23326,1136.68,3200,-9999
01/08/2025 14:50,MOSES SOUTH,23319,1403.01,2650,-1600
01/08/2025 14:50,SCH - HQ - NY,23324,739,1100,-490
01/08/2025 14:50,SCH - HQ_CEDARS,325274,21,279,-100
01/08/2025 14:50,SCH - HQ_IMPORT_EXPORT,325376,678,1310,-9999
01/08/2025 14:50,SCH - NE - NY,23318,-640.64,1400,-1800
01/08/2025 14:50,SCH - NPX_1385,325277,0,0,0
01/08/2025 14:50,SCH - NPX_CSC,325154,150,330,-330
01/08/2025 14:50,SCH - OH - NY,23317,850.24,1150,-1000
01/08/2025 14:50,SCH - PJ - NY,23316,1397.65,1700,-2400
01/08/2025 14:50,SCH - PJM_HTP,325905,300,660,-660
01/08/2025 14:50,SCH - PJM_NEPTUNE,325305,660,660,-660
01/08/2025 14:50,SCH - PJM_VFT,325658,232,315,-315
01/08/2025 14:50,SPR/DUN-SOUTH,23320,2864.65,4600,-9999
01/08/2025 14:50,TOTAL EAST,23314,5713.85,7550,-9999
01/08/2025 14:50,UPNY CONED,23315,4551.79,6600,-9999
01/08/2025 14:50,WEST CENTRAL,23312,394.15,9999,-9999
01/08/2025 14:55,CENTRAL EAST - VC,23330,3291.21,3430,-9999
01/08/2025 14:55,DYSINGER EAST,23326,1106.55,3200,-9999
01/08/2025 14:55,MOSES SOUTH,23319,1388.36,2650,-1600
01/08/2025 14:55,SCH - HQ - NY,23324,739,1100,-490
01/08/2025 14:55,SCH - HQ_CEDARS,325274,21,279,-100
01/08/2025 14:55,SCH - HQ_IMPORT_EXPORT,325376,678,1310,-9999
01/08/2025 14:55,SCH - NE - NY,23318,-640.34,1400,-1800
01/08/2025 14:55,SCH - NPX_1385,325277,0,0,0
01/08/2025 14:55,SCH - NPX_CSC,325154,150,330,-330
01/08/2025 14:55,SCH - OH - NY,23317,850.28,1150,-1000
01/08/2025 14:55,SCH - PJ - NY,23316,1396.25,1700,-2400
01/08/2025 14:55,SCH - PJM_HTP,325905,300,660,-660
01/08/2025 14:55,SCH - PJM_NEPTUNE,325305,660,660,-660
01/08/2025 14:55,SCH - PJM_VFT,325658,232,315,-315
01/08/2025 14:55,SPR/DUN-SOUTH,23320,2897.34,4600,-9999
01/08/2025 14:55,TOTAL EAST,23314,5737.14,7550,-9999
01/08/2025 14:55,UPNY CONED,23315,4595.31,6600,-9999
01/08/2025 14:55,WEST CENTRAL,23312,368.93,9999,-9999
01/08/2025 15:00,CENTRAL EAST - VC,23330,3103.42,3430,-9999
01/08/2025 15:00,DYSINGER EAST,23326,973.26,3200,-9999
01/08/2025 15:00,MOSES SOUTH,23319,1375.93,2650,-1600
01/08/2025 15:00,SCH - HQ - NY,23324,730,1100,-490
01/08/2025 15:00,SCH - HQ_CEDARS,325274,24,279,-100
01/08/2025 15:00,SCH - HQ_IMPORT_EXPORT,325376,700,1310,-9999
01/08/2025 15:00,SCH - NE - NY,23318,-744.79,1400,-1800
01/08/2025 15:00,SCH - NPX_1385,325277,0,0,0
01/08/2025 15:00,SCH - NPX_CSC,325154,169,330,-330
01/08/2025 15:00,SCH - OH - NY,23317,669.22,1150,-1000
01/08/2025 15:00,SCH - PJ - NY,23316,1403.84,1700,-2400
01/08/2025 15:00,SCH - PJM_HTP,325905,300,660,-660
01/08/2025 15:00,SCH - PJM_NEPTUNE,325305,660,660,-660
01/08/2025 15:00,SCH - PJM_VFT,325658,232,315,-315
01/08/2025 15:00,SPR/DUN-SOUTH,23320,2870.6,4600,-9999
01/08/2025 15:00,TOTAL EAST,23314,5409.33,7550,-9999
01/08/2025 15:00,UPNY CONED,23315,4548.22,6600,-9999
01/08/2025 15:00,WEST CENTRAL,23312,239.95,9999,-9999
01/08/2025 15:05,CENTRAL EAST - VC,23330,3207.08,3430,-9999
01/08/2025 15:05,DYSINGER EAST,23326,960.18,3200,-9999
01/08/2025 15:05,MOSES SOUTH,23319,1381.66,2650,-1600
01/08/2025 15:05,SCH - HQ - NY,23324,723,1100,-490
01/08/2025 15:05,SCH - HQ_CEDARS,325274,28,279,-100
01/08/2025 15:05,SCH - HQ_IMPORT_EXPORT,325376,723,1310,-9999
01/08/2025 15:05,SCH - NE - NY,23318,-849.41,1400,-1800
01/08/2025 15:05,SCH - NPX_1385,325277,0,0,0
01/08/2025 15:05,SCH - NPX_CSC,325154,188,330,-330
01/08/2025 15:05,SCH - OH - NY,23317,489.21,1150,-1000
01/08/2025 15:05,SCH - PJ - NY,23316,1395.04,1700,-2400
01/08/2025 15:05,SCH - PJM_HTP,325905,300,660,-660
01/08/2025 15:05,SCH - PJM_NEPTUNE,325305,660,660,-660
01/08/2025 15:05,SCH - PJM_VFT,325658,232,315,-315
01/08/2025 15:05,SPR/DUN-SOUTH,23320,2850.39,4600,-9999
01/08/2025 15:05,TOTAL EAST,23314,5529.12,7550,-9999
01/08/2025 15:05,UPNY CONED,23315,4513.01,6600,-9999
01/08/2025 15:05,WEST CENTRAL,23312,222.04,9999,-9999
01/08/2025 15:10,CENTRAL EAST - VC,23330,3299.6,3495,-9999
01/08/2025 15:10,DYSINGER EAST,23326,929.38,3200,-9999
01/08/2025 15:10,MOSES SOUTH,23319,1412.81,2650,-1600
01/08/2025 15:10,SCH - HQ - NY,23324,723,1100,-490
01/08/2025 15:10,SCH - HQ_CEDARS,325274,28,279,-100
01/08/2025 15:10,SCH - HQ_IMPORT_EXPORT,325376,723,1310,-9999
01/08/2025 15:10,SCH - NE - NY,23318,-854.23,1400,-1800
01/08/2025 15:10,SCH - NPX_1385,325277,0,0,0
01/08/2025 15:10,SCH - NPX_CSC,325154,188,330,-330
01/08/2025 15:10,SCH - OH - NY,23317,489.06,1150,-1000
01/08/2025 15:10,SCH - PJ - NY,23316,1418.81,1700,-2400
01/08/2025 15:10,SCH - PJM_HTP,325905,300,660,-660
01/08/2025 15:10,SCH - PJM_NEPTUNE,325305,660,660,-660
01/08/2025 15:10,SCH - PJM_VFT,325658,232,315,-315
01/08/2025 15:10,SPR/DUN-SOUTH,23320,2770.41,4600,-9999
01/08/2025 15:10,TOTAL EAST,23314,5477.45,7550,-9999
01/08/2025 15:10,UPNY CONED,23315,4418.55,6600,-9999
01/08/2025 15:10,WEST CENTRAL,23312,185.62,9999,-9999
01/08/2025 15:15,CENTRAL EAST - VC,23330,3273.36,3495,-9999
01/08/2025 15:15,DYSINGER EAST,23326,1020.86,3200,-9999
01/08/2025 15:15,MOSES SOUTH,23319,1420.3,2650,-1600
01/08/2025 15:15,SCH - HQ - NY,23324,723,1100,-490
01/08/2025 15:15,SCH - HQ_CEDARS,325274,28,279,-100
01/08/2025 15:15,SCH - HQ_IMPORT_EXPORT,325376,723,1310,-9999
01/08/2025 15:15,SCH - NE - NY,23318,-847.21,1400,-1800
01/08/2025 15:15,SCH - NPX_1385,325277,0,0,0
01/08/2025 15:15,SCH - NPX_CSC,325154,188,330,-330
01/08/2025 15:15,SCH - OH - NY,23317,488.97,1150,-1000
01/08/2025 15:15,SCH - PJ - NY,23316,1413.37,1700,-2400
01/08/2025 15:15,SCH - PJM_HTP,325905,300,660,-660
01/08/2025 15:15,SCH - PJM_NEPTUNE,325305,660,660,-660
01/08/2025 15:15,SCH - PJM_VFT,325658,232,315,-315
01/08/2025 15:15,SPR/DUN-SOUTH,23320,2661.3,4600,-9999
01/08/2025 15:15,TOTAL EAST,23314,5402.77,7550,-9999
01/08/2025 15:15,UPNY CONED,23315,4325.44,6600,-9999
01/08/2025 15:15,WEST CENTRAL,23312,269.6,9999,-9999
01/08/2025 15:20,CENTRAL EAST - VC,23330,3120.52,3495,-9999
01/08/2025 15:20,DYSINGER EAST,23326,1047.63,3200,-9999
01/08/2025 15:20,MOSES SOUTH,23319,1435.12,2650,-1600
01/08/2025 15:20,SCH - HQ - NY,23324,723,1100,-490
01/08/2025 15:20,SCH - HQ_CEDARS,325274,28,279,-100
01/08/2025 15:20,SCH - HQ_IMPORT_EXPORT,325376,723,1310,-9999
01/08/2025 15:20,SCH - NE - NY,23318,-846.5,1400,-1800
01/08/2025 15:20,SCH - NPX_1385,325277,0,0,0
01/08/2025 15:20,SCH - NPX_CSC,325154,188,330,-330
01/08/2025 15:20,SCH - OH - NY,23317,488.95,1150,-1000
01/08/2025 15:20,SCH - PJ - NY,23316,1409.45,1700,-2400
01/08/2025 15:20,SCH - PJM_HTP,325905,300,660,-660
01/08/2025 15:20,SCH - PJM_NEPTUNE,325305,660,660,-660
01/08/2025 15:20,SCH - PJM_VFT,325658,232,315,-315
01/08/2025 15:20,SPR/DUN-SOUTH,23320,2569.9,4600,-9999
01/08/2025 15:20,TOTAL EAST,23314,5266.85,7550,-9999
01/08/2025 15:20,UPNY CONED,23315,4230.02,6600,-9999
01/08/2025 15:20,WEST CENTRAL,23312,289.87,9999,-9999
01/08/2025 15:25,CENTRAL EAST - VC,23330,3241.2,3495,-9999
01/08/2025 15:25,DYSINGER EAST,23326,1137.05,3200,-9999
01/08/2025 15:25,MOSES SOUTH,23319,1411.93,2650,-1600
01/08/2025 15:25,SCH - HQ - NY,23324,723,1100,-490
01/08/2025 15:25,SCH - HQ_CEDARS,325274,28,279,-100
01/08/2025 15:25,SCH - HQ_IMPORT_EXPORT,325376,723,1310,-9999
01/08/2025 15:25,SCH - NE - NY,23318,-845.81,1400,-1800
01/08/2025 15:25,SCH - NPX_1385,325277,0,0,0
01/08/2025 15:25,SCH - NPX_CSC,325154,188,330,-330
01/08/2025 15:25,SCH - OH - NY,23317,488.98,1150,-1000
01/08/2025 15:25,SCH - PJ - NY,23316,1392.01,1700,-2400
01/08/2025 15:25,SCH - PJM_HTP,325905,300,660,-660
01/08/2025 15:25,SCH - PJM_NEPTUNE,325305,660,660,-660
01/08/2025 15:25,SCH - PJM_VFT,325658,232,315,-315
01/08/2025 15:25,SPR/DUN-SOUTH,23320,2652.28,4600,-9999
01/08/2025 15:25,TOTAL EAST,23314,5474.5,7550,-9999
01/08/2025 15:25,UPNY CONED,23315,4329.79,6600,-9999
01/08/2025 15:25,WEST CENTRAL,23312,381.39,9999,-9999
01/08/2025 15:30,CENTRAL EAST - VC,23330,3281.31,3495,-9999
01/08/2025 15:30,DYSINGER EAST,23326,1095.37,3200,-9999
01/08/2025 15:30,MOSES SOUTH,23319,1379.22,2650,-1600
01/08/2025 15:30,SCH - HQ - NY,23324,723,1100,-490
01/08/2025 15:30,SCH - HQ_CEDARS,325274,28,279,-100
01/08/2025 15:30,SCH - HQ_IMPORT_EXPORT,325376,723,1310,-9999
01/08/2025 15:30,SCH - NE - NY,23318,-860.3,1400,-1800
01/08/2025 15:30,SCH - NPX_1385,325277,0,0,0
01/08/2025 15:30,SCH - NPX_CSC,325154,188,330,-330
01/08/2025 15:30,SCH - OH - NY,23317,489,1150,-1000
01/08/2025 15:30,SCH - PJ - NY,23316,1413.49,1700,-2400
01/08/2025 15:30,SCH - PJM_HTP,325905,300,660,-660
01/08/2025 15:30,SCH - PJM_NEPTUNE,325305,660,660,-660
01/08/2025 15:30,SCH - PJM_VFT,325658,232,315,-315
01/08/2025 15:30,SPR/DUN-SOUTH,23320,2621.99,4600,-9999
01/08/2025 15:30,TOTAL EAST,23314,5426.47,7550,-9999
01/08/2025 15:30,UPNY CONED,23315,4315.94,6600,-9999
01/08/2025 15:30,WEST CENTRAL,23312,336.46,9999,-9999
01/08/2025 15:35,CENTRAL EAST - VC,23330,3273.64,3495,-9999
01/08/2025 15:35,DYSINGER EAST,23326,1148.07,3200,-9999
01/08/2025 15:35,MOSES SOUTH,23319,1406.27,2650,-1600
01/08/2025 15:35,SCH - HQ - NY,23324,723,1100,-490
01/08/2025 15:35,SCH - HQ_CEDARS,325274,28,279,-100
01/08/2025 15:35,SCH - HQ_IMPORT_EXPORT,325376,723,1310,-9999
01/08/2025 15:35,SCH - NE - NY,23318,-876.58,1400,-1800
01/08/2025 15:35,SCH - NPX_1385,325277,0,0,0
01/08/2025 15:35,SCH - NPX_CSC,325154,188,330,-330
01/08/2025 15:35,SCH - OH - NY,23317,489.01,1150,-1000
01/08/2025 15:35,SCH - PJ - NY,23316,1410.91,1700,-2400
01/08/2025 15:35,SCH - PJM_HTP,325905,300,660,-660
01/08/2025 15:35,SCH - PJM_NEPTUNE,325305,660,660,-660
01/08/2025 15:35,SCH - PJM_VFT,325658,232,315,-315
01/08/2025 15:35,SPR/DUN-SOUTH,23320,2576.61,4600,-9999
01/08/2025 15:35,TOTAL EAST,23314,5443.23,7550,-9999
01/08/2025 15:35,UPNY CONED,23315,4282.16,6600,-9999
01/08/2025 15:35,WEST CENTRAL,23312,389.01,9999,-9999
01/08/2025 15:40,CENTRAL EAST - VC,23330,3270.99,3495,-9999
01/08/2025 15:40,DYSINGER EAST,23326,1082.96,3200,-9999
01/08/2025 15:40,MOSES SOUTH,23319,1362.99,2650,-1600
01/08/2025 15:40,SCH - HQ - NY,23324,723,1100,-490
01/08/2025 15:40,SCH - HQ_CEDARS,325274,28,279,-100
01/08/2025 15:40,SCH - HQ_IMPORT_EXPORT,325376,723,1310,-9999
01/08/2025 15:40,SCH - NE - NY,23318,-876.33,1400,-1800
01/08/2025 15:40,SCH - NPX_1385,325277,0,0,0
01/08/2025 15:40,SCH - NPX_CSC,325154,188,330,-330
01/08/2025 15:40,SCH - OH - NY,23317,489.04,1150,-1000
01/08/2025 15:40,SCH - PJ - NY,23316,1413.56,1700,-2400
01/08/2025 15:40,SCH - PJM_HTP,325905,300,660,-660
01/08/2025 15:40,SCH - PJM_NEPTUNE,325305,660,660,-660
01/08/2025 15:40,SCH - PJM_VFT,325658,232,315,-315
01/08/2025 15:40,SPR/DUN-SOUTH,23320,2589.27,4600,-9999
01/08/2025 15:40,TOTAL EAST,23314,5460.79,7550,-9999
01/08/2025 15:40,UPNY CONED,23315,4320.91,6600,-9999
01/08/2025 15:40,WEST CENTRAL,23312,323.23,9999,-9999
01/08/2025 15:45,CENTRAL EAST - VC,23330,3258.05,3495,-9999
01/08/2025 15:45,DYSINGER EAST,23326,1122.7,3200,-9999
01/08/2025 15:45,MOSES SOUTH,23319,1372.59,2650,-1600
01/08/2025 15:45,SCH - HQ - NY,23324,723,1100,-490
01/08/2025 15:45,SCH - HQ_CEDARS,325274,28,279,-100
01/08/2025 15:45,SCH - HQ_IMPORT_EXPORT,325376,723,1310,-9999
01/08/2025 15:45,SCH - NE - NY,23318,-832.76,1400,-1800
01/08/2025 15:45,SCH - NPX_1385,325277,0,0,0
01/08/2025 15:45,SCH - NPX_CSC,325154,188,330,-330
01/08/2025 15:45,SCH - OH - NY,23317,489,1150,-1000
01/08/2025 15:45,SCH - PJ - NY,23316,1412.08,1700,-2400
01/08/2025 15:45,SCH - PJM_HTP,325905,300,660,-660
01/08/2025 15:45,SCH - PJM_NEPTUNE,325305,660,660,-660
01/08/2025 15:45,SCH - PJM_VFT,325658,232,315,-315
01/08/2025 15:45,SPR/DUN-SOUTH,23320,2555.04,4600,-9999
01/08/2025 15:45,TOTAL EAST,23314,5403.31,7550,-9999
01/08/2025 15:45,UPNY CONED,23315,4302.44,6600,-9999
01/08/2025 15:45,WEST CENTRAL,23312,363.15,9999,-9999
01/08/2025 15:50,CENTRAL EAST - VC,23330,3235.23,3495,-9999
01/08/2025 15:50,DYSINGER EAST,23326,1053.04,3200,-9999
01/08/2025 15:50,MOSES SOUTH,23319,1358.13,2650,-1600
01/08/2025 15:50,SCH - HQ - NY,23324,723,1100,-490
01/08/2025 15:50,SCH - HQ_CEDARS,325274,28,279,-100
01/08/2025 15:50,SCH - HQ_IMPORT_EXPORT,325376,723,1310,-9999
01/08/2025 15:50,SCH - NE - NY,23318,-790.07,1400,-1800
01/08/2025 15:50,SCH - NPX_1385,325277,0,0,0
01/08/2025 15:50,SCH - NPX_CSC,325154,188,330,-330
01/08/2025 15:50,SCH - OH - NY,23317,489.06,1150,-1000
01/08/2025 15:50,SCH - PJ - NY,23316,1410.19,1700,-2400
01/08/2025 15:50,SCH - PJM_HTP,325905,300,660,-660
01/08/2025 15:50,SCH - PJM_NEPTUNE,325305,660,660,-660
01/08/2025 15:50,SCH - PJM_VFT,325658,232,315,-315
01/08/2025 15:50,SPR/DUN-SOUTH,23320,2621.11,4600,-9999
01/08/2025 15:50,TOTAL EAST,23314,5436.52,7550,-9999
01/08/2025 15:50,UPNY CONED,23315,4379.28,6600,-9999
01/08/2025 15:50,WEST CENTRAL,23312,286.12,9999,-9999
01/08/2025 15:55,CENTRAL EAST - VC,23330,3220.45,3495,-9999
01/08/2025 15:55,DYSINGER EAST,23326,1041.99,3200,-9999
01/08/2025 15:55,MOSES SOUTH,23319,1351.11,2650,-1600
01/08/2025 15:55,SCH - HQ - NY,23324,723,1100,-490
01/08/2025 15:55,SCH - HQ_CEDARS,325274,28,279,-100
01/08/2025 15:55,SCH - HQ_IMPORT_EXPORT,325376,723,1310,-9999
01/08/2025 15:55,SCH - NE - NY,23318,-790.22,1400,-1800
01/08/2025 15:55,SCH - NPX_1385,325277,0,0,0
01/08/2025 15:55,SCH - NPX_CSC,325154,188,330,-330
01/08/2025 15:55,SCH - OH - NY,23317,489.11,2200,-1850
01/08/2025 15:55,SCH - PJ - NY,23316,1395.98,1700,-2400
01/08/2025 15:55,SCH - PJM_HTP,325905,300,660,-660
01/08/2025 15:55,SCH - PJM_NEPTUNE,325305,660,660,-660
01/08/2025 15:55,SCH - PJM_VFT,325658,232,315,-315
01/08/2025 15:55,SPR/DUN-SOUTH,23320,2555.2,4600,-9999
01/08/2025 15:55,TOTAL EAST,23314,5352.54,7550,-9999
01/08/2025 15:55,UPNY CONED,23315,4335.01,6600,-9999
01/08/2025 15:55,WEST CENTRAL,23312,265.13,9999,-9999
01/08/2025 16:00,CENTRAL EAST - VC,23330,3285.87,3465,-9999
01/08/2025 16:00,DYSINGER EAST,23326,1143.48,3200,-9999
01/08/2025 16:00,MOSES SOUTH,23319,1388.08,2650,-1600
01/08/2025 16:00,SCH - HQ - NY,23324,670,1100,-490
01/08/2025 16:00,SCH - HQ_CEDARS,325274,141,279,-100
01/08/2025 16:00,SCH - HQ_IMPORT_EXPORT,325376,670,1310,-9999
01/08/2025 16:00,SCH - NE - NY,23318,-929.2,1400,-1800
01/08/2025 16:00,SCH - NPX_1385,325277,0,0,0
01/08/2025 16:00,SCH - NPX_CSC,325154,175,330,-330
01/08/2025 16:00,SCH - OH - NY,23317,669.2,2200,-1850
01/08/2025 16:00,SCH - PJ - NY,23316,1400.75,1700,-2400
01/08/2025 16:00,SCH - PJM_HTP,325905,300,660,-660
01/08/2025 16:00,SCH - PJM_NEPTUNE,325305,660,660,-660
01/08/2025 16:00,SCH - PJM_VFT,325658,232,315,-315
01/08/2025 16:00,SPR/DUN-SOUTH,23320,2534.53,4600,-9999
01/08/2025 16:00,TOTAL EAST,23314,5468.59,7550,-9999
01/08/2025 16:00,UPNY CONED,23315,4288.14,6600,-9999
01/08/2025 16:00,WEST CENTRAL,23312,357.57,9999,-9999
01/08/2025 16:05,CENTRAL EAST - VC,23330,3321.3,3425,-9999
01/08/2025 16:05,DYSINGER EAST,23326,1213.04,3200,-9999
01/08/2025 16:05,MOSES SOUTH,23319,1443.85,2650,-1600
01/08/2025 16:05,SCH - HQ - NY,23324,618,1100,-490
01/08/2025 16:05,SCH - HQ_CEDARS,325274,254,279,-100
01/08/2025 16:05,SCH - HQ_IMPORT_EXPORT,325376,618,1310,-9999
01/08/2025 16:05,SCH - NE - NY,23318,-1064.38,1400,-1800
01/08/2025 16:05,SCH - NPX_1385,325277,0,0,0
01/08/2025 16:05,SCH - NPX_CSC,325154,162,330,-330
01/08/2025 16:05,SCH - OH - NY,23317,850.15,2200,-1850
01/08/2025 16:05,SCH - PJ - NY,23316,1418.2,1700,-2400
01/08/2025 16:05,SCH - PJM_HTP,325905,300,660,-660
01/08/2025 16:05,SCH - PJM_NEPTUNE,325305,660,660,-660
01/08/2025 16:05,SCH - PJM_VFT,325658,232,315,-315
01/08/2025 16:05,SPR/DUN-SOUTH,23320,2421.05,4600,-9999
01/08/2025 16:05,TOTAL EAST,23314,5485.14,7550,-9999
01/08/2025 16:05,UPNY CONED,23315,4195.53,6600,-9999
01/08/2025 16:05,WEST CENTRAL,23312,412.85,9999,-9999
01/08/2025 16:10,CENTRAL EAST - VC,23330,3316.83,3425,-9999
01/08/2025 16:10,DYSINGER EAST,23326,1295.23,3200,-9999
01/08/2025 16:10,MOSES SOUTH,23319,1414.74,2650,-1600
01/08/2025 16:10,SCH - HQ - NY,23324,618,1100,-490
01/08/2025 16:10,SCH - HQ_CEDARS,325274,255,279,-100
01/08/2025 16:10,SCH - HQ_IMPORT_EXPORT,325376,618,1310,-9999
01/08/2025 16:10,SCH - NE - NY,23318,-1064.47,1400,-1800
01/08/2025 16:10,SCH - NPX_1385,325277,0,0,0
01/08/2025 16:10,SCH - NPX_CSC,325154,162,330,-330
01/08/2025 16:10,SCH - OH - NY,23317,850.28,2200,-1850
01/08/2025 16:10,SCH - PJ - NY,23316,1407.62,1700,-2400
01/08/2025 16:10,SCH - PJM_HTP,325905,300,660,-660
01/08/2025 16:10,SCH - PJM_NEPTUNE,325305,660,660,-660
01/08/2025 16:10,SCH - PJM_VFT,325658,232,315,-315
01/08/2025 16:10,SPR/DUN-SOUTH,23320,2490.13,4600,-9999
01/08/2025 16:10,TOTAL EAST,23314,5674.4,7550,-9999
01/08/2025 16:10,UPNY CONED,23315,4299.64,6600,-9999
01/08/2025 16:10,WEST CENTRAL,23312,496.43,9999,-9999
01/08/2025 16:15,CENTRAL EAST - VC,23330,3194.37,3425,-9999
01/08/2025 16:15,DYSINGER EAST,23326,1177.49,3200,-9999
01/08/2025 16:15,MOSES SOUTH,23319,1366.46,2650,-1600
01/08/2025 16:15,SCH - HQ - NY,23324,618,1100,-490
01/08/2025 16:15,SCH - HQ_CEDARS,325274,255,279,-100
01/08/2025 16:15,SCH - HQ_IMPORT_EXPORT,325376,618,1310,-9999
01/08/2025 16:15,SCH - NE - NY,23318,-931.19,1400,-1800
01/08/2025 16:15,SCH - NPX_1385,325277,0,0,0
01/08/2025 16:15,SCH - NPX_CSC,325154,162,330,-330
01/08/2025 16:15,SCH - OH - NY,23317,850.64,2200,-1850
01/08/2025 16:15,SCH - PJ - NY,23316,1389.08,1700,-2400
01/08/2025 16:15,SCH - PJM_HTP,325905,300,660,-660
01/08/2025 16:15,SCH - PJM_NEPTUNE,325305,660,660,-660
01/08/2025 16:15,SCH - PJM_VFT,325658,232,315,-315
01/08/2025 16:15,SPR/DUN-SOUTH,23320,2394.25,4600,-9999
01/08/2025 16:15,TOTAL EAST,23314,5578.94,7550,-9999
01/08/2025 16:15,UPNY CONED,23315,4214,6600,-9999
01/08/2025 16:15,WEST CENTRAL,23312,383.02,9999,-9999
01/08/2025 16:20,CENTRAL EAST - VC,23330,3111.75,3425,-9999
01/08/2025 16:20,DYSINGER EAST,23326,1075.83,3200,-9999
01/08/2025 16:20,MOSES SOUTH,23319,1327.84,2650,-1600
01/08/2025 16:20,SCH - HQ - NY,23324,618,1100,-490
01/08/2025 16:20,SCH - HQ_CEDARS,325274,255,279,-100
01/08/2025 16:20,SCH - HQ_IMPORT_EXPORT,325376,618,1310,-9999
01/08/2025 16:20,SCH - NE - NY,23318,-794.35,1400,-1800
01/08/2025 16:20,SCH - NPX_1385,325277,0,0,0
01/08/2025 16:20,SCH - NPX_CSC,325154,162,330,-330
01/08/2025 16:20,SCH - OH - NY,23317,851.08,2200,-1850
01/08/2025 16:20,SCH - PJ - NY,23316,1380.46,1700,-2400
01/08/2025 16:20,SCH - PJM_HTP,325905,300,660,-660
01/08/2025 16:20,SCH - PJM_NEPTUNE,325305,660,660,-660
01/08/2025 16:20,SCH - PJM_VFT,325658,232,315,-315
01/08/2025 16:20,SPR/DUN-SOUTH,23320,2337.5,4600,-9999
01/08/2025 16:20,TOTAL EAST,23314,5489.71,7550,-9999
01/08/2025 16:20,UPNY CONED,23315,4194.69,6600,-9999
01/08/2025 16:20,WEST CENTRAL,23312,279.43,9999,-9999
01/08/2025 16:25,CENTRAL EAST - VC,23330,3168.42,3425,-9999
01/08/2025 16:25,DYSINGER EAST,23326,1112.34,3200,-9999
01/08/2025 16:25,MOSES SOUTH,23319,1309.72,2650,-1600
01/08/2025 16:25,SCH - HQ - NY,23324,618,1100,-490
01/08/2025 16:25,SCH - HQ_CEDARS,325274,255,279,-100
01/08/2025 16:25,SCH - HQ_IMPORT_EXPORT,325376,618,1310,-9999
01/08/2025 16:25,SCH - NE - NY,23318,-799.33,1400,-1800
01/08/2025 16:25,SCH - NPX_1385,325277,0,0,0
01/08/2025 16:25,SCH - NPX_CSC,325154,162,330,-330
01/08/2025 16:25,SCH - OH - NY,23317,851.35,2200,-1850
01/08/2025 16:25,SCH - PJ - NY,23316,1395.6,1700,-2400
01/08/2025 16:25,SCH - PJM_HTP,325905,300,660,-660
01/08/2025 16:25,SCH - PJM_NEPTUNE,325305,660,660,-660
01/08/2025 16:25,SCH - PJM_VFT,325658,232,315,-315
01/08/2025 16:25,SPR/DUN-SOUTH,23320,2418.92,4600,-9999
01/08/2025 16:25,TOTAL EAST,23314,5595.32,7550,-9999
01/08/2025 16:25,UPNY CONED,23315,4314.78,6600,-9999
01/08/2025 16:25,WEST CENTRAL,23312,301.83,9999,-9999
01/08/2025 16:30,CENTRAL EAST - VC,23330,3179.93,3425,-9999
01/08/2025 16:30,DYSINGER EAST,23326,1167.95,3200,-9999
01/08/2025 16:30,MOSES SOUTH,23319,1339.88,2650,-1600
01/08/2025 16:30,SCH - HQ - NY,23324,618,1100,-490
01/08/2025 16:30,SCH - HQ_CEDARS,325274,255,279,-100
01/08/2025 16:30,SCH - HQ_IMPORT_EXPORT,325376,618,1310,-9999
01/08/2025 16:30,SCH - NE - NY,23318,-794.1,1400,-1800
01/08/2025 16:30,SCH - NPX_1385,325277,0,0,0
01/08/2025 16:30,SCH - NPX_CSC,325154,162,330,-330
01/08/2025 16:30,SCH - OH - NY,23317,851.02,2200,-1850
01/08/2025 16:30,SCH - PJ - NY,23316,1392.19,1700,-2400
01/08/2025 16:30,SCH - PJM_HTP,325905,300,660,-660
01/08/2025 16:30,SCH - PJM_NEPTUNE,325305,660,660,-660
01/08/2025 16:30,SCH - PJM_VFT,325658,232,315,-315
01/08/2025 16:30,SPR/DUN-SOUTH,23320,2388.99,4600,-9999
01/08/2025 16:30,TOTAL EAST,23314,5596.05,7550,-9999
01/08/2025 16:30,UPNY CONED,23315,4312.91,6600,-9999
01/08/2025 16:30,WEST CENTRAL,23312,347.46,9999,-9999
01/08/2025 16:35,CENTRAL EAST - VC,23330,3230.46,3425,-9999
01/08/2025 16:35,DYSINGER EAST,23326,1147.47,3200,-9999
01/08/2025 16:35,MOSES SOUTH,23319,1313.64,2650,-1600
01/08/2025 16:35,SCH - HQ - NY,23324,618,1100,-490
01/08/2025 16:35,SCH - HQ_CEDARS,325274,255,279,-100
01/08/2025 16:35,SCH - HQ_IMPORT_EXPORT,325376,618,1310,-9999
01/08/2025 16:35,SCH - NE - NY,23318,-799.19,1400,-1800
01/08/2025 16:35,SCH - NPX_1385,325277,0,0,0
01/08/2025 16:35,SCH - NPX_CSC,325154,162,330,-330
01/08/2025 16:35,SCH - OH - NY,23317,851,2200,-1850
01/08/2025 16:35,SCH - PJ - NY,23316,1403.82,1700,-2400
01/08/2025 16:35,SCH - PJM_HTP,325905,300,660,-660
01/08/2025 16:35,SCH - PJM_NEPTUNE,325305,660,660,-660
01/08/2025 16:35,SCH - PJM_VFT,325658,232,315,-315
01/08/2025 16:35,SPR/DUN-SOUTH,23320,2460.47,4600,-9999
01/08/2025 16:35,TOTAL EAST,23314,5633.59,7550,-9999
01/08/2025 16:35,UPNY CONED,23315,4392.97,6600,-9999
01/08/2025 16:35,WEST CENTRAL,23312,322.21,9999,-9999
01/08/2025 16:40,CENTRAL EAST - VC,23330,3241.65,3425,-9999
01/08/2025 16:40,DYSINGER EAST,23326,1144.35,3200,-9999
01/08/2025 16:40,MOSES SOUTH,23319,1317.55,2650,-1600
01/08/2025 16:40,SCH - HQ - NY,23324,618,1100,-490
01/08/2025 16:40,SCH - HQ_CEDARS,325274,255,279,-100
01/08/2025 16:40,SCH - HQ_IMPORT_EXPORT,325376,618,1310,-9999
01/08/2025 16:40,SCH - NE - NY,23318,-799.18,1400,-1800
01/08/2025 16:40,SCH - NPX_1385,325277,0,0,0
01/08/2025 16:40,SCH - NPX_CSC,325154,162,330,-330
01/08/2025 16:40,SCH - OH - NY,23317,851.12,2200,-1850
01/08/2025 16:40,SCH - PJ - NY,23316,1399.72,1700,-2400
01/08/2025 16:40,SCH - PJM_HTP,325905,300,660,-660
01/08/2025 16:40,SCH - PJM_NEPTUNE,325305,660,660,-660
01/08/2025 16:40,SCH - PJM_VFT,325658,232,315,-315
01/08/2025 16:40,SPR/DUN-SOUTH,23320,2460.78,4600,-9999
01/08/2025 16:40,TOTAL EAST,23314,5641.66,7550,-9999
01/08/2025 16:40,UPNY CONED,23315,4407,6600,-9999
01/08/2025 16:40,WEST CENTRAL,23312,321.25,9999,-9999
01/08/2025 16:45,CENTRAL EAST - VC,23330,3223.04,3425,-9999
01/08/2025 16:45,DYSINGER EAST,23326,1136.14,3200,-9999
01/08/2025 16:45,MOSES SOUTH,23319,1333.43,2650,-1600
01/08/2025 16:45,SCH - HQ - NY,23324,618,1100,-490
01/08/2025 16:45,SCH - HQ_CEDARS,325274,255,279,-100
01/08/2025 16:45,SCH - HQ_IMPORT_EXPORT,325376,618,1310,-9999
01/08/2025 16:45,SCH - NE - NY,23318,-774.15,1400,-1800
01/08/2025 16:45,SCH - NPX_1385,325277,0,0,0
01/08/2025 16:45,SCH - NPX_CSC,325154,162,330,-330
01/08/2025 16:45,SCH - OH - NY,23317,851.1,2200,-1850
01/08/2025 16:45,SCH - PJ - NY,23316,1402.66,1700,-2400
01/08/2025 16:45,SCH - PJM_HTP,325905,300,660,-660
01/08/2025 16:45,SCH - PJM_NEPTUNE,325305,660,660,-660
01/08/2025 16:45,SCH - PJM_VFT,325658,232,315,-315
01/08/2025 16:45,SPR/DUN-SOUTH,23320,2433.29,4600,-9999
01/08/2025 16:45,TOTAL EAST,23314,5615.85,7550,-9999
01/08/2025 16:45,UPNY CONED,23315,4399.48,6600,-9999
01/08/2025 16:45,WEST CENTRAL,23312,317.42,9999,-9999
01/08/2025 16:50,CENTRAL EAST - VC,23330,3219.32,3425,-9999
01/08/2025 16:50,DYSINGER EAST,23326,1135.86,3200,-9999
01/08/2025 16:50,MOSES SOUTH,23319,1312.9,2650,-1600
01/08/2025 16:50,SCH - HQ - NY,23324,618,1100,-490
01/08/2025 16:50,SCH - HQ_CEDARS,325274,255,279,-100
01/08/2025 16:50,SCH - HQ_IMPORT_EXPORT,325376,618,1310,-9999
01/08/2025 16:50,SCH - NE - NY,23318,-749.13,1400,-1800
01/08/2025 16:50,SCH - NPX_1385,325277,0,0,0
01/08/2025 16:50,SCH - NPX_CSC,325154,162,330,-330
01/08/2025 16:50,SCH - OH - NY,23317,851.19,2200,-1850
01/08/2025 16:50,SCH - PJ - NY,23316,1404.54,1700,-2400
01/08/2025 16:50,SCH - PJM_HTP,325905,300,660,-660
01/08/2025 16:50,SCH - PJM_NEPTUNE,325305,660,660,-660
01/08/2025 16:50,SCH - PJM_VFT,325658,232,315,-315
01/08/2025 16:50,SPR/DUN-SOUTH,23320,2452.26,4600,-9999
01/08/2025 16:50,TOTAL EAST,23314,5632.93,7550,-9999
01/08/2025 16:50,UPNY CONED,23315,4429.27,6600,-9999
01/08/2025 16:50,WEST CENTRAL,23312,308,9999,-9999
01/08/2025 16:55,CENTRAL EAST - VC,23330,3256.75,3425,-9999
01/08/2025 16:55,DYSINGER EAST,23326,1218.87,3200,-9999
01/08/2025 16:55,MOSES SOUTH,23319,1321.56,2650,-1600
01/08/2025 16:55,SCH - HQ - NY,23324,618,1100,-490
01/08/2025 16:55,SCH - HQ_CEDARS,325274,255,279,-100
01/08/2025 16:55,SCH - HQ_IMPORT_EXPORT,325376,618,1310,-9999
01/08/2025 16:55,SCH - NE - NY,23318,-749.13,1400,-1800
01/08/2025 16:55,SCH - NPX_1385,325277,0,0,0
01/08/2025 16:55,SCH - NPX_CSC,325154,162,330,-330
01/08/2025 16:55,SCH - OH - NY,23317,851.15,2200,-1850
01/08/2025 16:55,SCH - PJ - NY,23316,1395.68,1700,-2400
01/08/2025 16:55,SCH - PJM_HTP,325905,300,660,-660
01/08/2025 16:55,SCH - PJM_NEPTUNE,325305,660,660,-660
01/08/2025 16:55,SCH - PJM_VFT,325658,232,315,-315
01/08/2025 16:55,SPR/DUN-SOUTH,23320,2415.24,4600,-9999
01/08/2025 16:55,TOTAL EAST,23314,5623.17,7550,-9999
01/08/2025 16:55,UPNY CONED,23315,4398.26,6600,-9999
01/08/2025 16:55,WEST CENTRAL,23312,377.91,9999,-9999
01/08/2025 17:00,CENTRAL EAST - VC,23330,3264.96,3465,-9999
01/08/2025 17:00,DYSINGER EAST,23326,1320.74,3200,-9999
01/08/2025 17:00,MOSES SOUTH,23319,1336.95,2650,-1600
01/08/2025 17:00,SCH - HQ - NY,23324,634,1100,-490
01/08/2025 17:00,SCH - HQ_CEDARS,325274,253,279,-100
01/08/2025 17:00,SCH - HQ_IMPORT_EXPORT,325376,634,1310,-9999
01/08/2025 17:00,SCH - NE - NY,23318,-759.14,1400,-1800
01/08/2025 17:00,SCH - NPX_1385,325277,0,0,0
01/08/2025 17:00,SCH - NPX_CSC,325154,181,330,-330
01/08/2025 17:00,SCH - OH - NY,23317,729.96,2200,-1850
01/08/2025 17:00,SCH - PJ - NY,23316,1403.68,1700,-2400
01/08/2025 17:00,SCH - PJM_HTP,325905,300,660,-660
01/08/2025 17:00,SCH - PJM_NEPTUNE,325305,660,660,-660
01/08/2025 17:00,SCH - PJM_VFT,325658,232,315,-315
01/08/2025 17:00,SPR/DUN-SOUTH,23320,2419.09,4600,-9999
01/08/2025 17:00,TOTAL EAST,23314,5678.71,7550,-9999
01/08/2025 17:00,UPNY CONED,23315,4419.75,6600,-9999
01/08/2025 17:00,WEST CENTRAL,23312,475.38,9999,-9999
01/08/2025 17:05,CENTRAL EAST - VC,23330,3273.08,3465,-9999
01/08/2025 17:05,DYSINGER EAST,23326,1205.49,3200,-9999
01/08/2025 17:05,MOSES SOUTH,23319,1376.88,2650,-1600
01/08/2025 17:05,SCH - HQ - NY,23324,649,1100,-490
01/08/2025 17:05,SCH - HQ_CEDARS,325274,250,279,-100
01/08/2025 17:05,SCH - HQ_IMPORT_EXPORT,325376,649,1310,-9999
01/08/2025 17:05,SCH - NE - NY,23318,-769.16,1400,-1800
01/08/2025 17:05,SCH - NPX_1385,325277,0,0,0
01/08/2025 17:05,SCH - NPX_CSC,325154,200,330,-330
01/08/2025 17:05,SCH - OH - NY,23317,609.03,2200,-1850
01/08/2025 17:05,SCH - PJ - NY,23316,1408.87,1700,-2400
01/08/2025 17:05,SCH - PJM_HTP,325905,300,660,-660
01/08/2025 17:05,SCH - PJM_NEPTUNE,325305,660,660,-660
01/08/2025 17:05,SCH - PJM_VFT,325658,232,315,-315
01/08/2025 17:05,SPR/DUN-SOUTH,23320,2387.09,4600,-9999
01/08/2025 17:05,TOTAL EAST,23314,5602.03,7550,-9999
01/08/2025 17:05,UPNY CONED,23315,4360.22,6600,-9999
01/08/2025 17:05,WEST CENTRAL,23312,361.84,9999,-9999
01/08/2025 17:10,CENTRAL EAST - VC,23330,3238.25,3465,-9999
01/08/2025 17:10,DYSINGER EAST,23326,1226.59,3200,-9999
01/08/2025 17:10,MOSES SOUTH,23319,1320.39,2650,-1600
01/08/2025 17:10,SCH - HQ - NY,23324,649,1100,-490
01/08/2025 17:10,SCH - HQ_CEDARS,325274,250,279,-100
01/08/2025 17:10,SCH - HQ_IMPORT_EXPORT,325376,649,1310,-9999
01/08/2025 17:10,SCH - NE - NY,23318,-769.26,1400,-1800
01/08/2025 17:10,SCH - NPX_1385,325277,0,0,0
01/08/2025 17:10,SCH - NPX_CSC,325154,200,330,-330
01/08/2025 17:10,SCH - OH - NY,23317,609.27,2200,-1850
01/08/2025 17:10,SCH - PJ - NY,23316,1405.45,1700,-2400
01/08/2025 17:10,SCH - PJM_HTP,325905,300,660,-660
01/08/2025 17:10,SCH - PJM_NEPTUNE,325305,660,660,-660
01/08/2025 17:10,SCH - PJM_VFT,325658,232,315,-315
01/08/2025 17:10,SPR/DUN-SOUTH,23320,2373.09,4600,-9999
01/08/2025 17:10,TOTAL EAST,23314,5639.62,7550,-9999
01/08/2025 17:10,UPNY CONED,23315,4370.93,6600,-9999
01/08/2025 17:10,WEST CENTRAL,23312,384.99,9999,-9999
01/08/2025 17:15,CENTRAL EAST - VC,23330,3273.09,3465,-9999
01/08/2025 17:15,DYSINGER EAST,23326,1310.76,3200,-9999
01/08/2025 17:15,MOSES SOUTH,23319,1328.84,2650,-1600
01/08/2025 17:15,SCH - HQ - NY,23324,649,1100,-490
01/08/2025 17:15,SCH - HQ_CEDARS,325274,250,279,-100
01/08/2025 17:15,SCH - HQ_IMPORT_EXPORT,325376,649,1310,-9999
01/08/2025 17:15,SCH - NE - NY,23318,-771.29,1400,-1800
01/08/2025 17:15,SCH - NPX_1385,325277,0,0,0
01/08/2025 17:15,SCH - NPX_CSC,325154,200,330,-330
01/08/2025 17:15,SCH - OH - NY,23317,608.8,2200,-1850
01/08/2025 17:15,SCH - PJ - NY,23316,1403.94,1700,-2400
01/08/2025 17:15,SCH - PJM_HTP,325905,300,660,-660
01/08/2025 17:15,SCH - PJM_NEPTUNE,325305,660,660,-660
01/08/2025 17:15,SCH - PJM_VFT,325658,232,315,-315
01/08/2025 17:15,SPR/DUN-SOUTH,23320,2285,4600,-9999
01/08/2025 17:15,TOTAL EAST,23314,5555.76,7550,-9999
01/08/2025 17:15,UPNY CONED,23315,4290.18,6600,-9999
01/08/2025 17:15,WEST CENTRAL,23312,462.14,9999,-9999
01/08/2025 17:20,CENTRAL EAST - VC,23330,3251.26,3465,-9999
01/08/2025 17:20,DYSINGER EAST,23326,1330.03,3200,-9999
01/08/2025 17:20,MOSES SOUTH,23319,1315.22,2650,-1600
01/08/2025 17:20,SCH - HQ - NY,23324,649,1100,-490
01/08/2025 17:20,SCH - HQ_CEDARS,325274,250,279,-100
01/08/2025 17:20,SCH - HQ_IMPORT_EXPORT,325376,649,1310,-9999
01/08/2025 17:20,SCH - NE - NY,23318,-774.28,1400,-1800
01/08/2025 17:20,SCH - NPX_1385,325277,0,0,0
01/08/2025 17:20,SCH - NPX_CSC,325154,200,330,-330
01/08/2025 17:20,SCH - OH - NY,23317,609,2200,-1850
01/08/2025 17:20,SCH - PJ - NY,23316,1412.69,1700,-2400
01/08/2025 17:20,SCH - PJM_HTP,325905,300,660,-660
01/08/2025 17:20,SCH - PJM_NEPTUNE,325305,660,660,-660
01/08/2025 17:20,SCH - PJM_VFT,325658,232,315,-315
01/08/2025 17:20,SPR/DUN-SOUTH,23320,2290.34,4600,-9999
01/08/2025 17:20,TOTAL EAST,23314,5543.82,7550,-9999
01/08/2025 17:20,UPNY CONED,23315,4314.25,6600,-9999
01/08/2025 17:20,WEST CENTRAL,23312,467.86,9999,-9999
01/08/2025 17:25,CENTRAL EAST - VC,23330,3231.58,3465,-9999
01/08/2025 17:25,DYSINGER EAST,23326,1275.62,3200,-9999
01/08/2025 17:25,MOSES SOUTH,23319,1313.01,2650,-1600
01/08/2025 17:25,SCH - HQ - NY,23324,649,1100,-490
01/08/2025 17:25,SCH - HQ_CEDARS,325274,250,279,-100
01/08/2025 17:25,SCH - HQ_IMPORT_EXPORT,325376,649,1310,-9999
01/08/2025 17:25,SCH - NE - NY,23318,-774.28,1400,-1800
01/08/2025 17:25,SCH - NPX_1385,325277,0,0,0
01/08/2025 17:25,SCH - NPX_CSC,325154,200,330,-330
01/08/2025 17:25,SCH - OH - NY,23317,609.19,2200,-1850
01/08/2025 17:25,SCH - PJ - NY,23316,1411.59,1700,-2400
01/08/2025 17:25,SCH - PJM_HTP,325905,300,660,-660
01/08/2025 17:25,SCH - PJM_NEPTUNE,325305,660,660,-660
01/08/2025 17:25,SCH - PJM_VFT,325658,232,315,-315
01/08/2025 17:25,SPR/DUN-SOUTH,23320,2283.16,4600,-9999
01/08/2025 17:25,TOTAL EAST,23314,5520.28,7550,-9999
01/08/2025 17:25,UPNY CONED,23315,4327.61,6600,-9999
01/08/2025 17:25,WEST CENTRAL,23312,395.44,9999,-9999
01/08/2025 17:30,CENTRAL EAST - VC,23330,3221.87,3465,-9999
01/08/2025 17:30,DYSINGER EAST,23326,1258.87,3200,-9999
01/08/2025 17:30,MOSES SOUTH,23319,1306.98,2650,-1600
01/08/2025 17:30,SCH - HQ - NY,23324,649,1100,-490
01/08/2025 17:30,SCH - HQ_CEDARS,325274,250,279,-100
01/08/2025 17:30,SCH - HQ_IMPORT_EXPORT,325376,649,1310,-9999
01/08/2025 17:30,SCH - NE - NY,23318,-770.25,1400,-1800
01/08/2025 17:30,SCH - NPX_1385,325277,0,0,0
01/08/2025 17:30,SCH - NPX_CSC,325154,200,330,-330
01/08/2025 17:30,SCH - OH - NY,23317,609.27,2200,-1850
01/08/2025 17:30,SCH - PJ - NY,23316,1408.49,1700,-2400
01/08/2025 17:30,SCH - PJM_HTP,325905,300,660,-660
01/08/2025 17:30,SCH - PJM_NEPTUNE,325305,660,660,-660
01/08/2025 17:30,SCH - PJM_VFT,325658,232,315,-315
01/08/2025 17:30,SPR/DUN-SOUTH,23320,2317.15,4600,-9999
01/08/2025 17:30,TOTAL EAST,23314,5528.84,7550,-9999
01/08/2025 17:30,UPNY CONED,23315,4368.22,6600,-9999
01/08/2025 17:30,WEST CENTRAL,23312,366.99,9999,-9999
01/08/2025 17:35,CENTRAL EAST - VC,23330,3228.84,3465,-9999
01/08/2025 17:35,DYSINGER EAST,23326,1151.65,3200,-9999
01/08/2025 17:35,MOSES SOUTH,23319,1396.36,2650,-1600
01/08/2025 17:35,SCH - HQ - NY,23324,649,1100,-490
01/08/2025 17:35,SCH - HQ_CEDARS,325274,250,279,-100
01/08/2025 17:35,SCH - HQ_IMPORT_EXPORT,325376,649,1310,-9999
01/08/2025 17:35,SCH - NE - NY,23318,-766.26,1400,-1800
01/08/2025 17:35,SCH - NPX_1385,325277,0,0,0
01/08/2025 17:35,SCH - NPX_CSC,325154,200,330,-330
01/08/2025 17:35,SCH - OH - NY,23317,609.51,2200,-1850
01/08/2025 17:35,SCH - PJ - NY,23316,1408.57,1700,-2400
01/08/2025 17:35,SCH - PJM_HTP,325905,300,660,-660
01/08/2025 17:35,SCH - PJM_NEPTUNE,325305,660,660,-660
01/08/2025 17:35,SCH - PJM_VFT,325658,232,315,-315
01/08/2025 17:35,SPR/DUN-SOUTH,23320,2305.91,4600,-9999
01/08/2025 17:35,TOTAL EAST,23314,5482.07,7550,-9999
01/08/2025 17:35,UPNY CONED,23315,4358.01,6600,-9999
01/08/2025 17:35,WEST CENTRAL,23312,255.03,9999,-9999
01/08/2025 17:40,CENTRAL EAST - VC,23330,3237.39,3465,-9999
01/08/2025 17:40,DYSINGER EAST,23326,1216.6,3200,-9999
01/08/2025 17:40,MOSES SOUTH,23319,1341.41,2650,-1600
01/08/2025 17:40,SCH - HQ - NY,23324,649,1100,-490
01/08/2025 17:40,SCH - HQ_CEDARS,325274,250,279,-100
01/08/2025 17:40,SCH - HQ_IMPORT_EXPORT,325376,649,1310,-9999
01/08/2025 17:40,SCH - NE - NY,23318,-766.29,1400,-1800
01/08/2025 17:40,SCH - NPX_1385,325277,0,0,0
01/08/2025 17:40,SCH - NPX_CSC,325154,200,330,-330
01/08/2025 17:40,SCH - OH - NY,23317,609.3,2200,-1850
01/08/2025 17:40,SCH - PJ - NY,23316,1409.68,1700,-2400
01/08/2025 17:40,SCH - PJM_HTP,325905,300,660,-660
01/08/2025 17:40,SCH - PJM_NEPTUNE,325305,660,660,-660
01/08/2025 17:40,SCH - PJM_VFT,325658,232,315,-315
01/08/2025 17:40,SPR/DUN-SOUTH,23320,2319.21,4600,-9999
01/08/2025 17:40,TOTAL EAST,23314,5511.04,7550,-9999
01/08/2025 17:40,UPNY CONED,23315,4375.27,6600,-9999
01/08/2025 17:40,WEST CENTRAL,23312,324.6,9999,-9999
01/08/2025 17:45,CENTRAL EAST - VC,23330,3258.43,3465,-9999
01/08/2025 17:45,DYSINGER EAST,23326,1199.28,3200,-9999
01/08/2025 17:45,MOSES SOUTH,23319,1389.37,2650,-1600
01/08/2025 17:45,SCH - HQ - NY,23324,649,1100,-490
01/08/2025 17:45,SCH - HQ_CEDARS,325274,250,279,-100
01/08/2025 17:45,SCH - HQ_IMPORT_EXPORT,325376,649,1310,-9999
01/08/2025 17:45,SCH - NE - NY,23318,-681.25,1400,-1800
01/08/2025 17:45,SCH - NPX_1385,325277,0,0,0
01/08/2025 17:45,SCH - NPX_CSC,325154,200,330,-330
01/08/2025 17:45,SCH - OH - NY,23317,608.69,2200,-1850
01/08/2025 17:45,SCH - PJ - NY,23316,1396.45,1700,-2400
01/08/2025 17:45,SCH - PJM_HTP,325905,300,660,-660
01/08/2025 17:45,SCH - PJM_NEPTUNE,325305,660,660,-660
01/08/2025 17:45,SCH - PJM_VFT,325658,232,315,-315
01/08/2025 17:45,SPR/DUN-SOUTH,23320,2317.77,4600,-9999
01/08/2025 17:45,TOTAL EAST,23314,5342.77,7550,-9999
01/08/2025 17:45,UPNY CONED,23315,4376,6600,-9999
01/08/2025 17:45,WEST CENTRAL,23312,311.65,9999,-9999
01/08/2025 17:46,CENTRAL EAST - VC,23330,3217.2,3465,-9999
01/08/2025 17:46,DYSINGER EAST,23326,1303.44,3200,-9999
01/08/2025 17:46,MOSES SOUTH,23319,1436.54,2650,-1600
01/08/2025 17:46,SCH - HQ - NY,23324,649,1100,-490
01/08/2025 17:46,SCH - HQ_CEDARS,325274,250,279,-100
01/08/2025 17:46,SCH - HQ_IMPORT_EXPORT,325376,649,1310,-9999
01/08/2025 17:46,SCH - NE - NY,23318,-664.2,1400,-1800
01/08/2025 17:46,SCH - NPX_1385,325277,0,0,0
01/08/2025 17:46,SCH - NPX_CSC,325154,200,330,-330
01/08/2025 17:46,SCH - OH - NY,23317,608.24,2200,-1850
01/08/2025 17:46,SCH - PJ - NY,23316,1388.49,1700,-2400
01/08/2025 17:46,SCH - PJM_HTP,325905,300,660,-660
01/08/2025 17:46,SCH - PJM_NEPTUNE,325305,660,660,-660
01/08/2025 17:46,SCH - PJM_VFT,325658,232,315,-315
01/08/2025 17:46,SPR/DUN-SOUTH,23320,2230.65,4600,-9999
01/08/2025 17:46,TOTAL EAST,23314,5227.29,7550,-9999
01/08/2025 17:46,UPNY CONED,23315,4305.52,6600,-9999
01/08/2025 17:46,WEST CENTRAL,23312,418.61,9999,-9999
01/08/2025 17:49,CENTRAL EAST - VC,23330,3157.94,3465,-9999
01/08/2025 17:49,DYSINGER EAST,23326,1201.22,3200,-9999
01/08/2025 17:49,MOSES SOUTH,23319,1413.91,2650,-1600
01/08/2025 17:49,SCH - HQ - NY,23324,649,1100,-490
01/08/2025 17:49,SCH - HQ_CEDARS,325274,250,279,-100
01/08/2025 17:49,SCH - HQ_IMPORT_EXPORT,325376,649,1310,-9999
01/08/2025 17:49,SCH - NE - NY,23318,-613.15,1400,-1800
01/08/2025 17:49,SCH - NPX_1385,325277,0,0,0
01/08/2025 17:49,SCH - NPX_CSC,325154,200,330,-330
01/08/2025 17:49,SCH - OH - NY,23317,608.18,2200,-1850
01/08/2025 17:49,SCH - PJ - NY,23316,1426.51,1700,-2400
01/08/2025 17:49,SCH - PJM_HTP,325905,300,660,-660
01/08/2025 17:49,SCH - PJM_NEPTUNE,325305,660,660,-660
01/08/2025 17:49,SCH - PJM_VFT,325658,232,315,-315
01/08/2025 17:49,SPR/DUN-SOUTH,23320,2188.37,4600,-9999
01/08/2025 17:49,TOTAL EAST,23314,5043.4,7550,-9999
01/08/2025 17:49,UPNY CONED,23315,4110.37,6600,-9999
01/08/2025 17:49,WEST CENTRAL,23312,316.46,9999,-9999
01/08/2025 18:00,CENTRAL EAST - VC,23330,3178.15,3465,-9999
01/08/2025 18:00,DYSINGER EAST,23326,1300.38,3200,-9999
01/08/2025 18:00,MOSES SOUTH,23319,1415.95,2650,-1600
01/08/2025 18:00,SCH - HQ - NY,23324,624,1100,-490
01/08/2025 18:00,SCH - HQ_CEDARS,325274,250,279,-100
01/08/2025 18:00,SCH - HQ_IMPORT_EXPORT,325376,624,1310,-9999
01/08/2025 18:00,SCH - NE - NY,23318,-723.21,1400,-1800
01/08/2025 18:00,SCH - NPX_1385,325277,0,0,0
01/08/2025 18:00,SCH - NPX_CSC,325154,200,330,-330
01/08/2025 18:00,SCH - OH - NY,23317,616.08,2200,-1850
01/08/2025 18:00,SCH - PJ - NY,23316,1424.27,1700,-2400
01/08/2025 18:00,SCH - PJM_HTP,325905,300,660,-660
01/08/2025 18:00,SCH - PJM_NEPTUNE,325305,660,660,-660
01/08/2025 18:00,SCH - PJM_VFT,325658,232,315,-315
01/08/2025 18:00,SPR/DUN-SOUTH,23320,2061.25,4600,-9999
01/08/2025 18:00,TOTAL EAST,23314,5073.16,7550,-9999
01/08/2025 18:00,UPNY CONED,23315,3969.7,6600,-9999
01/08/2025 18:00,WEST CENTRAL,23312,416.53,9999,-9999
01/08/2025 18:05,CENTRAL EAST - VC,23330,3262.37,3465,-9999
01/08/2025 18:05,DYSINGER EAST,23326,1476.1,3200,-9999
01/08/2025 18:05,MOSES SOUTH,23319,1405.81,2650,-1600
01/08/2025 18:05,SCH - HQ - NY,23324,599,1100,-490
01/08/2025 18:05,SCH - HQ_CEDARS,325274,250,279,-100
01/08/2025 18:05,SCH - HQ_IMPORT_EXPORT,325376,599,1310,-9999
01/08/2025 18:05,SCH - NE - NY,23318,-849.35,1400,-1800
01/08/2025 18:05,SCH - NPX_1385,325277,0,0,0
01/08/2025 18:05,SCH - NPX_CSC,325154,200,330,-330
01/08/2025 18:05,SCH - OH - NY,23317,625.02,2200,-1850
01/08/2025 18:05,SCH - PJ - NY,23316,1420.53,1700,-2400
01/08/2025 18:05,SCH - PJM_HTP,325905,300,660,-660
01/08/2025 18:05,SCH - PJM_NEPTUNE,325305,660,660,-660
01/08/2025 18:05,SCH - PJM_VFT,325658,232,315,-315
01/08/2025 18:05,SPR/DUN-SOUTH,23320,2002.43,4600,-9999
01/08/2025 18:05,TOTAL EAST,23314,5103.13,7550,-9999
01/08/2025 18:05,UPNY CONED,23315,3901.03,6600,-9999
01/08/2025 18:05,WEST CENTRAL,23312,597.14,9999,-9999
01/08/2025 18:10,CENTRAL EAST - VC,23330,3235.82,3465,-9999
01/08/2025 18:10,DYSINGER EAST,23326,1436.53,3200,-9999
01/08/2025 18:10,MOSES SOUTH,23319,1422.41,2650,-1600
01/08/2025 18:10,SCH - HQ - NY,23324,599,1100,-490
01/08/2025 18:10,SCH - HQ_CEDARS,325274,250,279,-100
01/08/2025 18:10,SCH - HQ_IMPORT_EXPORT,325376,599,1310,-9999
01/08/2025 18:10,SCH - NE - NY,23318,-849.35,1400,-1800
01/08/2025 18:10,SCH - NPX_1385,325277,0,0,0
01/08/2025 18:10,SCH - NPX_CSC,325154,200,330,-330
01/08/2025 18:10,SCH - OH - NY,23317,624.98,2200,-1850
01/08/2025 18:10,SCH - PJ - NY,23316,1417.26,1700,-2400
01/08/2025 18:10,SCH - PJM_HTP,325905,300,660,-660
01/08/2025 18:10,SCH - PJM_NEPTUNE,325305,660,660,-660
01/08/2025 18:10,SCH - PJM_VFT,325658,232,315,-315
01/08/2025 18:10,SPR/DUN-SOUTH,23320,1977.09,4600,-9999
01/08/2025 18:10,TOTAL EAST,23314,5085.7,7550,-9999
01/08/2025 18:10,UPNY CONED,23315,3889.5,6600,-9999
01/08/2025 18:10,WEST CENTRAL,23312,565.04,9999,-9999
01/08/2025 18:15,CENTRAL EAST - VC,23330,3212.24,3465,-9999
01/08/2025 18:15,DYSINGER EAST,23326,1384.64,3200,-9999
01/08/2025 18:15,MOSES SOUTH,23319,1463.92,2650,-1600
01/08/2025 18:15,SCH - HQ - NY,23324,599,1100,-490
01/08/2025 18:15,SCH - HQ_CEDARS,325274,250,279,-100
01/08/2025 18:15,SCH - HQ_IMPORT_EXPORT,325376,599,1310,-9999
01/08/2025 18:15,SCH - NE - NY,23318,-808.32,1400,-1800
01/08/2025 18:15,SCH - NPX_1385,325277,0,0,0
01/08/2025 18:15,SCH - NPX_CSC,325154,200,330,-330
01/08/2025 18:15,SCH - OH - NY,23317,624.99,2200,-1850
01/08/2025 18:15,SCH - PJ - NY,23316,1401.5,1700,-2400
01/08/2025 18:15,SCH - PJM_HTP,325905,300,660,-660
01/08/2025 18:15,SCH - PJM_NEPTUNE,325305,660,660,-660
01/08/2025 18:15,SCH - PJM_VFT,325658,232,315,-315
01/08/2025 18:15,SPR/DUN-SOUTH,23320,1982.19,4600,-9999
01/08/2025 18:15,TOTAL EAST,23314,4949.49,7550,-9999
01/08/2025 18:15,UPNY CONED,23315,3834.66,6600,-9999
01/08/2025 18:15,WEST CENTRAL,23312,522.38,9999,-9999
01/08/2025 18:20,CENTRAL EAST - VC,23330,3160.69,3465,-9999
01/08/2025 18:20,DYSINGER EAST,23326,1419.98,3200,-9999
01/08/2025 18:20,MOSES SOUTH,23319,1467.72,2650,-1600
01/08/2025 18:20,SCH - HQ - NY,23324,599,1100,-490
01/08/2025 18:20,SCH - HQ_CEDARS,325274,250,279,-100
01/08/2025 18:20,SCH - HQ_IMPORT_EXPORT,325376,599,1310,-9999
01/08/2025 18:20,SCH - NE - NY,23318,-767.25,1400,-1800
01/08/2025 18:20,SCH - NPX_1385,325277,0,0,0
01/08/2025 18:20,SCH - NPX_CSC,325154,200,330,-330
01/08/2025 18:20,SCH - OH - NY,23317,624.99,2200,-1850
01/08/2025 18:20,SCH - PJ - NY,23316,1385.59,1700,-2400
01/08/2025 18:20,SCH - PJM_HTP,325905,300,660,-660
01/08/2025 18:20,SCH - PJM_NEPTUNE,325305,660,660,-660
01/08/2025 18:20,SCH - PJM_VFT,325658,232,315,-315
01/08/2025 18:20,SPR/DUN-SOUTH,23320,1975.04,4600,-9999
01/08/2025 18:20,TOTAL EAST,23314,4897.27,7550,-9999
01/08/2025 18:20,UPNY CONED,23315,3837.85,6600,-9999
01/08/2025 18:20,WEST CENTRAL,23312,559.11,9999,-9999
01/08/2025 18:25,CENTRAL EAST - VC,23330,3131.61,3465,-9999
01/08/2025 18:25,DYSINGER EAST,23326,1454.52,3200,-9999
01/08/2025 18:25,MOSES SOUTH,23319,1488.44,2650,-1600
01/08/2025 18:25,SCH - HQ - NY,23324,599,1100,-490
01/08/2025 18:25,SCH - HQ_CEDARS,325274,250,279,-100
01/08/2025 18:25,SCH - HQ_IMPORT_EXPORT,325376,599,1310,-9999
01/08/2025 18:25,SCH - NE - NY,23318,-767.22,1400,-1800
01/08/2025 18:25,SCH - NPX_1385,325277,0,0,0
01/08/2025 18:25,SCH - NPX_CSC,325154,200,330,-330
01/08/2025 18:25,SCH - OH - NY,23317,624.97,2200,-1850
01/08/2025 18:25,SCH - PJ - NY,23316,1383.07,1700,-2400
01/08/2025 18:25,SCH - PJM_HTP,325905,300,660,-660
01/08/2025 18:25,SCH - PJM_NEPTUNE,325305,660,660,-660
01/08/2025 18:25,SCH - PJM_VFT,325658,232,315,-315
01/08/2025 18:25,SPR/DUN-SOUTH,23320,1971,4600,-9999
01/08/2025 18:25,TOTAL EAST,23314,4918.02,7550,-9999
01/08/2025 18:25,UPNY CONED,23315,3847.83,6600,-9999
01/08/2025 18:25,WEST CENTRAL,23312,593.86,9999,-9999
01/08/2025 18:29,CENTRAL EAST - VC,23330,3193.92,3465,-9999
01/08/2025 18:29,DYSINGER EAST,23326,1494.89,3200,-9999
01/08/2025 18:29,MOSES SOUTH,23319,1497.39,2650,-1600
01/08/2025 18:29,SCH - HQ - NY,23324,599,1100,-490
01/08/2025 18:29,SCH - HQ_CEDARS,325274,250,279,-100
01/08/2025 18:29,SCH - HQ_IMPORT_EXPORT,325376,599,1310,-9999
01/08/2025 18:29,SCH - NE - NY,23318,-792.23,1400,-1800
01/08/2025 18:29,SCH - NPX_1385,325277,0,0,0
01/08/2025 18:29,SCH - NPX_CSC,325154,200,330,-330
01/08/2025 18:29,SCH - OH - NY,23317,624.94,2200,-1850
01/08/2025 18:29,SCH - PJ - NY,23316,1368.96,1700,-2400
01/08/2025 18:29,SCH - PJM_HTP,325905,300,660,-660
01/08/2025 18:29,SCH - PJM_NEPTUNE,325305,660,660,-660
01/08/2025 18:29,SCH - PJM_VFT,325658,232,315,-315
01/08/2025 18:29,SPR/DUN-SOUTH,23320,2051.4,4600,-9999
01/08/2025 18:29,TOTAL EAST,23314,4959.15,7550,-9999
01/08/2025 18:29,UPNY CONED,23315,3846.55,6600,-9999
01/08/2025 18:29,WEST CENTRAL,23312,633.73,9999,-9999
01/08/2025 18:30,CENTRAL EAST - VC,23330,3172.73,3465,-9999
01/08/2025 18:30,DYSINGER EAST,23326,1433.57,3200,-9999
01/08/2025 18:30,MOSES SOUTH,23319,1488.31,2650,-1600
01/08/2025 18:30,SCH - HQ - NY,23324,599,1100,-490
01/08/2025 18:30,SCH - HQ_CEDARS,325274,250,279,-100
01/08/2025 18:30,SCH - HQ_IMPORT_EXPORT,325376,599,1310,-9999
01/08/2025 18:30,SCH - NE - NY,23318,-799.27,1400,-1800
01/08/2025 18:30,SCH - NPX_1385,325277,0,0,0
01/08/2025 18:30,SCH - NPX_CSC,325154,200,330,-330
01/08/2025 18:30,SCH - OH - NY,23317,624.96,2200,-1850
01/08/2025 18:30,SCH - PJ - NY,23316,1402.44,1700,-2400
01/08/2025 18:30,SCH - PJM_HTP,325905,300,660,-660
01/08/2025 18:30,SCH - PJM_NEPTUNE,325305,660,660,-660
01/08/2025 18:30,SCH - PJM_VFT,325658,232,315,-315
01/08/2025 18:30,SPR/DUN-SOUTH,23320,1999.01,4600,-9999
01/08/2025 18:30,TOTAL EAST,23314,4933.28,7550,-9999
01/08/2025 18:30,UPNY CONED,23315,3832.39,6600,-9999
01/08/2025 18:30,WEST CENTRAL,23312,574.59,9999,-9999
01/08/2025 18:31,CENTRAL EAST - VC,23330,3189.06,3465,-9999
01/08/2025 18:31,DYSINGER EAST,23326,1521.88,3200,-9999
01/08/2025 18:31,MOSES SOUTH,23319,1493.28,2650,-1600
01/08/2025 18:31,SCH - HQ - NY,23324,599,1100,-490
01/08/2025 18:31,SCH - HQ_CEDARS,325274,250,279,-100
01/08/2025 18:31,SCH - HQ_IMPORT_EXPORT,325376,599,1310,-9999
01/08/2025 18:31,SCH - NE - NY,23318,-805.22,1400,-1800
01/08/2025 18:31,SCH - NPX_1385,325277,0,0,0
01/08/2025 18:31,SCH - NPX_CSC,325154,200,330,-330
01/08/2025 18:31,SCH - OH - NY,23317,624.93,2200,-1850
01/08/2025 18:31,SCH - PJ - NY,23316,1380.04,1700,-2400
01/08/2025 18:31,SCH - PJM_HTP,325905,300,660,-660
01/08/2025 18:31,SCH - PJM_NEPTUNE,325305,660,660,-660
01/08/2025 18:31,SCH - PJM_VFT,325658,232,315,-315
01/08/2025 18:31,SPR/DUN-SOUTH,23320,2028.39,4600,-9999
01/08/2025 18:31,TOTAL EAST,23314,4958.77,7550,-9999
01/08/2025 18:31,UPNY CONED,23315,3817.06,6600,-9999
01/08/2025 18:31,WEST CENTRAL,23312,653.69,9999,-9999
01/08/2025 18:40,CENTRAL EAST - VC,23330,3189.14,3465,-9999
01/08/2025 18:40,DYSINGER EAST,23326,1421.54,3200,-9999
01/08/2025 18:40,MOSES SOUTH,23319,1470.2,2650,-1600
01/08/2025 18:40,SCH - HQ - NY,23324,599,1100,-490
01/08/2025 18:40,SCH - HQ_CEDARS,325274,250,279,-100
01/08/2025 18:40,SCH - HQ_IMPORT_EXPORT,325376,599,1310,-9999
01/08/2025 18:40,SCH - NE - NY,23318,-831.3,1400,-1800
01/08/2025 18:40,SCH - NPX_1385,325277,0,0,0
01/08/2025 18:40,SCH - NPX_CSC,325154,200,330,-330
01/08/2025 18:40,SCH - OH - NY,23317,624.96,2200,-1850
01/08/2025 18:40,SCH - PJ - NY,23316,1418.35,1700,-2400
01/08/2025 18:40,SCH - PJM_HTP,325905,300,660,-660
01/08/2025 18:40,SCH - PJM_NEPTUNE,325305,660,660,-660
01/08/2025 18:40,SCH - PJM_VFT,325658,232,315,-315
01/08/2025 18:40,SPR/DUN-SOUTH,23320,2037.59,4600,-9999
01/08/2025 18:40,TOTAL EAST,23314,4899.01,7550,-9999
01/08/2025 18:40,UPNY CONED,23315,3778.28,6600,-9999
01/08/2025 18:40,WEST CENTRAL,23312,562.47,9999,-9999
01/08/2025 18:45,CENTRAL EAST - VC,23330,3266.95,3465,-9999
01/08/2025 18:45,DYSINGER EAST,23326,1403.69,3200,-9999
01/08/2025 18:45,MOSES SOUTH,23319,1456.04,2650,-1600
01/08/2025 18:45,SCH - HQ - NY,23324,599,1100,-490
01/08/2025 18:45,SCH - HQ_CEDARS,325274,250,279,-100
01/08/2025 18:45,SCH - HQ_IMPORT_EXPORT,325376,599,1310,-9999
01/08/2025 18:45,SCH - NE - NY,23318,-785.28,1400,-1800
01/08/2025 18:45,SCH - NPX_1385,325277,0,0,0
01/08/2025 18:45,SCH - NPX_CSC,325154,200,330,-330
01/08/2025 18:45,SCH - OH - NY,23317,624.96,2200,-1850
01/08/2025 18:45,SCH - PJ - NY,23316,1391.55,1700,-2400
01/08/2025 18:45,SCH - PJM_HTP,325905,300,660,-660
01/08/2025 18:45,SCH - PJM_NEPTUNE,325305,660,660,-660
01/08/2025 18:45,SCH - PJM_VFT,325658,232,315,-315
01/08/2025 18:45,SPR/DUN-SOUTH,23320,2080.57,4600,-9999
01/08/2025 18:45,TOTAL EAST,23314,4919.53,7550,-9999
01/08/2025 18:45,UPNY CONED,23315,3709.47,6600,-9999
01/08/2025 18:45,WEST CENTRAL,23312,537.09,9999,-9999
01/08/2025 18:50,CENTRAL EAST - VC,23330,3234.32,3465,-9999
01/08/2025 18:50,DYSINGER EAST,23326,1455.75,3200,-9999
01/08/2025 18:50,MOSES SOUTH,23319,1475.14,2650,-1600
01/08/2025 18:50,SCH - HQ - NY,23324,599,1100,-490
01/08/2025 18:50,SCH - HQ_CEDARS,325274,250,279,-100
01/08/2025 18:50,SCH - HQ_IMPORT_EXPORT,325376,599,1310,-9999
01/08/2025 18:50,SCH - NE - NY,23318,-740.23,1400,-1800
01/08/2025 18:50,SCH - NPX_1385,325277,0,0,0
01/08/2025 18:50,SCH - NPX_CSC,325154,200,330,-330
01/08/2025 18:50,SCH - OH - NY,23317,620.58,2200,-1850
01/08/2025 18:50,SCH - PJ - NY,23316,1362.7,1700,-2400
01/08/2025 18:50,SCH - PJM_HTP,325905,300,660,-660
01/08/2025 18:50,SCH - PJM_NEPTUNE,325305,660,660,-660
01/08/2025 18:50,SCH - PJM_VFT,325658,232,315,-315
01/08/2025 18:50,SPR/DUN-SOUTH,23320,2120.62,4600,-9999
01/08/2025 18:50,TOTAL EAST,23314,4847.3,7550,-9999
01/08/2025 18:50,UPNY CONED,23315,3707.38,6600,-9999
01/08/2025 18:50,WEST CENTRAL,23312,588.42,9999,-9999
01/08/2025 18:55,CENTRAL EAST - VC,23330,3218.46,3465,-9999
01/08/2025 18:55,DYSINGER EAST,23326,1487.76,3200,-9999
01/08/2025 18:55,MOSES SOUTH,23319,1465.76,2650,-1600
01/08/2025 18:55,SCH - HQ - NY,23324,599,1100,-490
01/08/2025 18:55,SCH - HQ_CEDARS,325274,250,279,-100
01/08/2025 18:55,SCH - HQ_IMPORT_EXPORT,325376,599,1310,-9999
01/08/2025 18:55,SCH - NE - NY,23318,-740.24,1400,-1800
01/08/2025 18:55,SCH - NPX_1385,325277,0,0,0
01/08/2025 18:55,SCH - NPX_CSC,325154,200,330,-330
01/08/2025 18:55,SCH - OH - NY,23317,620.45,2200,-1850
01/08/2025 18:55,SCH - PJ - NY,23316,1363.81,1700,-2400
01/08/2025 18:55,SCH - PJM_HTP,325905,300,660,-660
01/08/2025 18:55,SCH - PJM_NEPTUNE,325305,660,660,-660
01/08/2025 18:55,SCH - PJM_VFT,325658,232,315,-315
01/08/2025 18:55,SPR/DUN-SOUTH,23320,2115.99,4600,-9999
01/08/2025 18:55,TOTAL EAST,23314,4813.17,7550,-9999
01/08/2025 18:55,UPNY CONED,23315,3699.88,6600,-9999
01/08/2025 18:55,WEST CENTRAL,23312,628.1,9999,-9999
01/08/2025 19:00,CENTRAL EAST - VC,23330,3248.74,3465,-9999
01/08/2025 19:00,DYSINGER EAST,23326,1497.53,3200,-9999
01/08/2025 19:00,MOSES SOUTH,23319,1471.15,2650,-1600
01/08/2025 19:00,SCH - HQ - NY,23324,626,1100,-490
01/08/2025 19:00,SCH - HQ_CEDARS,325274,229,279,-100
01/08/2025 19:00,SCH - HQ_IMPORT_EXPORT,325376,626,1310,-9999
01/08/2025 19:00,SCH - NE - NY,23318,-824.32,1400,-1800
01/08/2025 19:00,SCH - NPX_1385,325277,0,0,0
01/08/2025 19:00,SCH - NPX_CSC,325154,200,330,-330
01/08/2025 19:00,SCH - OH - NY,23317,738.95,2200,-1850
01/08/2025 19:00,SCH - PJ - NY,23316,1328.57,1700,-2400
01/08/2025 19:00,SCH - PJM_HTP,325905,300,660,-660
01/08/2025 19:00,SCH - PJM_NEPTUNE,325305,660,660,-660
01/08/2025 19:00,SCH - PJM_VFT,325658,232,315,-315
01/08/2025 19:00,SPR/DUN-SOUTH,23320,2092.21,4600,-9999
01/08/2025 19:00,TOTAL EAST,23314,4802.28,7550,-9999
01/08/2025 19:00,UPNY CONED,23315,3607.99,6600,-9999
01/08/2025 19:00,WEST CENTRAL,23312,647.69,9999,-9999
01/08/2025 19:05,CENTRAL EAST - VC,23330,3358.2,3465,-9999
01/08/2025 19:05,DYSINGER EAST,23326,1592.25,3200,-9999
01/08/2025 19:05,MOSES SOUTH,23319,1491.13,2650,-1600
01/08/2025 19:05,SCH - HQ - NY,23324,653,1100,-490
01/08/2025 19:05,SCH - HQ_CEDARS,325274,208,279,-100
01/08/2025 19:05,SCH - HQ_IMPORT_EXPORT,325376,653,1310,-9999
01/08/2025 19:05,SCH - NE - NY,23318,-908.45,1400,-1800
01/08/2025 19:05,SCH - NPX_1385,325277,0,0,0
01/08/2025 19:05,SCH - NPX_CSC,325154,200,330,-330
01/08/2025 19:05,SCH - OH - NY,23317,852.93,2200,-1850
01/08/2025 19:05,SCH - PJ - NY,23316,1305.33,1700,-2400
01/08/2025 19:05,SCH - PJM_HTP,325905,300,660,-660
01/08/2025 19:05,SCH - PJM_NEPTUNE,325305,660,660,-660
01/08/2025 19:05,SCH - PJM_VFT,325658,232,315,-315
01/08/2025 19:05,SPR/DUN-SOUTH,23320,2257.8,4600,-9999
01/08/2025 19:05,TOTAL EAST,23314,5001.02,7550,-9999
01/08/2025 19:05,UPNY CONED,23315,3707.26,6600,-9999
01/08/2025 19:05,WEST CENTRAL,23312,747.37,9999,-9999
01/08/2025 19:10,CENTRAL EAST - VC,23330,3356.63,3465,-9999
01/08/2025 19:10,DYSINGER EAST,23326,1573.46,3200,-9999
01/08/2025 19:10,MOSES SOUTH,23319,1517.63,2650,-1600
01/08/2025 19:10,SCH - HQ - NY,23324,653,1100,-490
01/08/2025 19:10,SCH - HQ_CEDARS,325274,208,279,-100
01/08/2025 19:10,SCH - HQ_IMPORT_EXPORT,325376,653,1310,-9999
01/08/2025 19:10,SCH - NE - NY,23318,-908.5,1400,-1800
01/08/2025 19:10,SCH - NPX_1385,325277,0,0,0
01/08/2025 19:10,SCH - NPX_CSC,325154,200,330,-330
01/08/2025 19:10,SCH - OH - NY,23317,852.91,2200,-1850
01/08/2025 19:10,SCH - PJ - NY,23316,1297.17,1700,-2400
01/08/2025 19:10,SCH - PJM_HTP,325905,300,660,-660
01/08/2025 19:10,SCH - PJM_NEPTUNE,325305,660,660,-660
01/08/2025 19:10,SCH - PJM_VFT,325658,232,315,-315
01/08/2025 19:10,SPR/DUN-SOUTH,23320,2283.09,4600,-9999
01/08/2025 19:10,TOTAL EAST,23314,4963.79,7550,-9999
01/08/2025 19:10,UPNY CONED,23315,3692.88,6600,-9999
01/08/2025 19:10,WEST CENTRAL,23312,730.63,9999,-9999
01/08/2025 19:15,CENTRAL EAST - VC,23330,3327.27,3465,-9999
01/08/2025 19:15,DYSINGER EAST,23326,1540.67,3200,-9999
01/08/2025 19:15,MOSES SOUTH,23319,1507.89,2650,-1600
01/08/2025 19:15,SCH - HQ - NY,23324,653,1100,-490
01/08/2025 19:15,SCH - HQ_CEDARS,325274,208,279,-100
01/08/2025 19:15,SCH - HQ_IMPORT_EXPORT,325376,653,1310,-9999
01/08/2025 19:15,SCH - NE - NY,23318,-893.45,1400,-1800
01/08/2025 19:15,SCH - NPX_1385,325277,0,0,0
01/08/2025 19:15,SCH - NPX_CSC,325154,200,330,-330
01/08/2025 19:15,SCH - OH - NY,23317,852.93,2200,-1850
01/08/2025 19:15,SCH - PJ - NY,23316,1309.28,1700,-2400
01/08/2025 19:15,SCH - PJM_HTP,325905,300,660,-660
01/08/2025 19:15,SCH - PJM_NEPTUNE,325305,660,660,-660
01/08/2025 19:15,SCH - PJM_VFT,325658,232,315,-315
01/08/2025 19:15,SPR/DUN-SOUTH,23320,2116.96,4600,-9999
01/08/2025 19:15,TOTAL EAST,23314,4941.24,7550,-9999
01/08/2025 19:15,UPNY CONED,23315,3694.94,6600,-9999
01/08/2025 19:15,WEST CENTRAL,23312,703.16,9999,-9999
01/08/2025 19:20,CENTRAL EAST - VC,23330,3342.6,3465,-9999
01/08/2025 19:20,DYSINGER EAST,23326,1628.04,3200,-9999
01/08/2025 19:20,MOSES SOUTH,23319,1403.81,2650,-1600
01/08/2025 19:20,SCH - HQ - NY,23324,653,1100,-490
01/08/2025 19:20,SCH - HQ_CEDARS,325274,208,279,-100
01/08/2025 19:20,SCH - HQ_IMPORT_EXPORT,325376,653,1310,-9999
01/08/2025 19:20,SCH - NE - NY,23318,-879.42,1400,-1800
01/08/2025 19:20,SCH - NPX_1385,325277,0,0,0
01/08/2025 19:20,SCH - NPX_CSC,325154,200,330,-330
01/08/2025 19:20,SCH - OH - NY,23317,848.42,2200,-1850
01/08/2025 19:20,SCH - PJ - NY,23316,1323.51,1700,-2400
01/08/2025 19:20,SCH - PJM_HTP,325905,300,660,-660
01/08/2025 19:20,SCH - PJM_NEPTUNE,325305,660,660,-660
01/08/2025 19:20,SCH - PJM_VFT,325658,232,315,-315
01/08/2025 19:20,SPR/DUN-SOUTH,23320,2146.96,4600,-9999
01/08/2025 19:20,TOTAL EAST,23314,5054.91,7550,-9999
01/08/2025 19:20,UPNY CONED,23315,3812.42,6600,-9999
01/08/2025 19:20,WEST CENTRAL,23312,786.02,9999,-9999
01/08/2025 19:25,CENTRAL EAST - VC,23330,3323.44,3465,-9999
01/08/2025 19:25,DYSINGER EAST,23326,1636.3,3200,-9999
01/08/2025 19:25,MOSES SOUTH,23319,1395.95,2650,-1600
01/08/2025 19:25,SCH - HQ - NY,23324,653,1100,-490
01/08/2025 19:25,SCH - HQ_CEDARS,325274,208,279,-100
01/08/2025 19:25,SCH - HQ_IMPORT_EXPORT,325376,653,1310,-9999
01/08/2025 19:25,SCH - NE - NY,23318,-879.39,1400,-1800
01/08/2025 19:25,SCH - NPX_1385,325277,0,0,0
01/08/2025 19:25,SCH - NPX_CSC,325154,200,330,-330
01/08/2025 19:25,SCH - OH - NY,23317,848.19,2200,-1850
01/08/2025 19:25,SCH - PJ - NY,23316,1327.62,1700,-2400
01/08/2025 19:25,SCH - PJM_HTP,325905,300,660,-660
01/08/2025 19:25,SCH - PJM_NEPTUNE,325305,660,660,-660
01/08/2025 19:25,SCH - PJM_VFT,325658,232,315,-315
01/08/2025 19:25,SPR/DUN-SOUTH,23320,2114.03,4600,-9999
01/08/2025 19:25,TOTAL EAST,23314,5051.13,7550,-9999
01/08/2025 19:25,UPNY CONED,23315,3798.27,6600,-9999
01/08/2025 19:25,WEST CENTRAL,23312,795.8,9999,-9999
01/08/2025 19:30,CENTRAL EAST - VC,23330,3335.72,3465,-9999
01/08/2025 19:30,DYSINGER EAST,23326,1756.73,3200,-9999
01/08/2025 19:30,MOSES SOUTH,23319,1284.5,2650,-1600
01/08/2025 19:30,SCH - HQ - NY,23324,653,1100,-490
01/08/2025 19:30,SCH - HQ_CEDARS,325274,208,279,-100
01/08/2025 19:30,SCH - HQ_IMPORT_EXPORT,325376,653,1310,-9999
01/08/2025 19:30,SCH - NE - NY,23318,-936.47,1400,-1800
01/08/2025 19:30,SCH - NPX_1385,325277,0,0,0
01/08/2025 19:30,SCH - NPX_CSC,325154,200,330,-330
01/08/2025 19:30,SCH - OH - NY,23317,852.88,2200,-1850
01/08/2025 19:30,SCH - PJ - NY,23316,1311.99,1700,-2400
01/08/2025 19:30,SCH - PJM_HTP,325905,300,660,-660
01/08/2025 19:30,SCH - PJM_NEPTUNE,325305,660,660,-660
01/08/2025 19:30,SCH - PJM_VFT,325658,232,315,-315
01/08/2025 19:30,SPR/DUN-SOUTH,23320,2205.06,4600,-9999
01/08/2025 19:30,TOTAL EAST,23314,5199.07,7550,-9999
01/08/2025 19:30,UPNY CONED,23315,3857.2,6600,-9999
01/08/2025 19:30,WEST CENTRAL,23312,914.83,9999,-9999
01/08/2025 19:35,CENTRAL EAST - VC,23330,3361.78,3465,-9999
01/08/2025 19:35,DYSINGER EAST,23326,1615.44,3200,-9999
01/08/2025 19:35,MOSES SOUTH,23319,1280.46,2650,-1600
01/08/2025 19:35,SCH - HQ - NY,23324,653,1100,-490
01/08/2025 19:35,SCH - HQ_CEDARS,325274,208,279,-100
01/08/2025 19:35,SCH - HQ_IMPORT_EXPORT,325376,653,1310,-9999
01/08/2025 19:35,SCH - NE - NY,23318,-993.61,1400,-1800
01/08/2025 19:35,SCH - NPX_1385,325277,0,0,0
01/08/2025 19:35,SCH - NPX_CSC,325154,200,330,-330
01/08/2025 19:35,SCH - OH - NY,23317,853.04,2200,-1850
01/08/2025 19:35,SCH - PJ - NY,23316,1346.18,1700,-2400
01/08/2025 19:35,SCH - PJM_HTP,325905,300,660,-660
01/08/2025 19:35,SCH - PJM_NEPTUNE,325305,660,660,-660
01/08/2025 19:35,SCH - PJM_VFT,325658,232,315,-315
01/08/2025 19:35,SPR/DUN-SOUTH,23320,2204.66,4600,-9999
01/08/2025 19:35,TOTAL EAST,23314,5283.03,7550,-9999
01/08/2025 19:35,UPNY CONED,23315,3842.33,6600,-9999
01/08/2025 19:35,WEST CENTRAL,23312,777.77,9999,-9999
01/08/2025 19:40,CENTRAL EAST - VC,23330,3337.1,3440,-9999
01/08/2025 19:40,DYSINGER EAST,23326,1593.95,3200,-9999
01/08/2025 19:40,MOSES SOUTH,23319,1261.5,2650,-1600
01/08/2025 19:40,SCH - HQ - NY,23324,653,1100,-490
01/08/2025 19:40,SCH - HQ_CEDARS,325274,208,279,-100
01/08/2025 19:40,SCH - HQ_IMPORT_EXPORT,325376,653,1310,-9999
01/08/2025 19:40,SCH - NE - NY,23318,-993.58,1400,-1800
01/08/2025 19:40,SCH - NPX_1385,325277,0,0,0
01/08/2025 19:40,SCH - NPX_CSC,325154,200,330,-330
01/08/2025 19:40,SCH - OH - NY,23317,853.05,2200,-1850
01/08/2025 19:40,SCH - PJ - NY,23316,1348.18,1700,-2400
01/08/2025 19:40,SCH - PJM_HTP,325905,300,660,-660
01/08/2025 19:40,SCH - PJM_NEPTUNE,325305,660,660,-660
01/08/2025 19:40,SCH - PJM_VFT,325658,232,315,-315
01/08/2025 19:40,SPR/DUN-SOUTH,23320,2194.33,4600,-9999
01/08/2025 19:40,TOTAL EAST,23314,5276.48,7550,-9999
01/08/2025 19:40,UPNY CONED,23315,3818.69,6600,-9999
01/08/2025 19:40,WEST CENTRAL,23312,756.02,9999,-9999
01/08/2025 19:45,CENTRAL EAST - VC,23330,3336.77,3440,-9999
01/08/2025 19:45,DYSINGER EAST,23326,1556.74,3200,-9999
01/08/2025 19:45,MOSES SOUTH,23319,1258.98,2650,-1600
01/08/2025 19:45,SCH - HQ - NY,23324,653,1100,-490
01/08/2025 19:45,SCH - HQ_CEDARS,325274,208,279,-100
01/08/2025 19:45,SCH - HQ_IMPORT_EXPORT,325376,653,1310,-9999
01/08/2025 19:45,SCH - NE - NY,23318,-964.53,1400,-1800
01/08/2025 19:45,SCH - NPX_1385,325277,0,0,0
01/08/2025 19:45,SCH - NPX_CSC,325154,200,330,-330
01/08/2025 19:45,SCH - OH - NY,23317,853.11,2200,-1850
01/08/2025 19:45,SCH - PJ - NY,23316,1381.3,1700,-2400
01/08/2025 19:45,SCH - PJM_HTP,325905,300,660,-660
01/08/2025 19:45,SCH - PJM_NEPTUNE,325305,660,660,-660
01/08/2025 19:45,SCH - PJM_VFT,325658,232,315,-315
01/08/2025 19:45,SPR/DUN-SOUTH,23320,2180.95,4600,-9999
01/08/2025 19:45,TOTAL EAST,23314,5286.25,7550,-9999
01/08/2025 19:45,UPNY CONED,23315,3890.09,6600,-9999
01/08/2025 19:45,WEST CENTRAL,23312,725.27,9999,-9999
01/08/2025 19:50,CENTRAL EAST - VC,23330,3268.38,3440,-9999
01/08/2025 19:50,DYSINGER EAST,23326,1440.79,3200,-9999
01/08/2025 19:50,MOSES SOUTH,23319,1256.7,2650,-1600
01/08/2025 19:50,SCH - HQ - NY,23324,653,1100,-490
01/08/2025 19:50,SCH - HQ_CEDARS,325274,208,279,-100
01/08/2025 19:50,SCH - HQ_IMPORT_EXPORT,325376,653,1310,-9999
01/08/2025 19:50,SCH - NE - NY,23318,-936.38,1400,-1800
01/08/2025 19:50,SCH - NPX_1385,325277,0,0,0
01/08/2025 19:50,SCH - NPX_CSC,325154,200,330,-330
01/08/2025 19:50,SCH - OH - NY,23317,853.09,2200,-1850
01/08/2025 19:50,SCH - PJ - NY,23316,1413.22,1700,-2400
01/08/2025 19:50,SCH - PJM_HTP,325905,300,660,-660
01/08/2025 19:50,SCH - PJM_NEPTUNE,325305,660,660,-660
01/08/2025 19:50,SCH - PJM_VFT,325658,232,315,-315
01/08/2025 19:50,SPR/DUN-SOUTH,23320,2152.99,4600,-9999
01/08/2025 19:50,TOTAL EAST,23314,5261.61,7550,-9999
01/08/2025 19:50,UPNY CONED,23315,3868.6,6600,-9999
01/08/2025 19:50,WEST CENTRAL,23312,621.31,9999,-9999
01/08/2025 19:55,CENTRAL EAST - VC,23330,3297.93,3440,-9999
01/08/2025 19:55,DYSINGER EAST,23326,1426.87,3200,-9999
01/08/2025 19:55,MOSES SOUTH,23319,1261.3,2650,-1600
01/08/2025 19:55,SCH - HQ - NY,23324,653,1100,-490
01/08/2025 19:55,SCH - HQ_CEDARS,325274,208,279,-100
01/08/2025 19:55,SCH - HQ_IMPORT_EXPORT,325376,653,1310,-9999
01/08/2025 19:55,SCH - NE - NY,23318,-936.46,1400,-1800
01/08/2025 19:55,SCH - NPX_1385,325277,0,0,0
01/08/2025 19:55,SCH - NPX_CSC,325154,200,330,-330
01/08/2025 19:55,SCH - OH - NY,23317,853.12,2200,-1850
01/08/2025 19:55,SCH - PJ - NY,23316,1417.46,1700,-2400
01/08/2025 19:55,SCH - PJM_HTP,325905,300,660,-660
01/08/2025 19:55,SCH - PJM_NEPTUNE,325305,660,660,-660
01/08/2025 19:55,SCH - PJM_VFT,325658,232,315,-315
01/08/2025 19:55,SPR/DUN-SOUTH,23320,2131.66,4600,-9999
01/08/2025 19:55,TOTAL EAST,23314,5279.81,7550,-9999
01/08/2025 19:55,UPNY CONED,23315,3848.79,6600,-9999
01/08/2025 19:55,WEST CENTRAL,23312,614.59,9999,-9999
01/08/2025 20:00,CENTRAL EAST - VC,23330,3311.97,3440,-9999
01/08/2025 20:00,DYSINGER EAST,23326,1435.02,3200,-9999
01/08/2025 20:00,MOSES SOUTH,23319,1209.15,2650,-1600
01/08/2025 20:00,SCH - HQ - NY,23324,634,1100,-490
01/08/2025 20:00,SCH - HQ_CEDARS,325274,176,279,-100
01/08/2025 20:00,SCH - HQ_IMPORT_EXPORT,325376,634,1310,-9999
01/08/2025 20:00,SCH - NE - NY,23318,-990.49,1400,-1800
01/08/2025 20:00,SCH - NPX_1385,325277,0,0,0
01/08/2025 20:00,SCH - NPX_CSC,325154,200,330,-330
01/08/2025 20:00,SCH - OH - NY,23317,724.13,2200,-1850
01/08/2025 20:00,SCH - PJ - NY,23316,1415.36,1700,-2400
01/08/2025 20:00,SCH - PJM_HTP,325905,300,660,-660
01/08/2025 20:00,SCH - PJM_NEPTUNE,325305,660,660,-660
01/08/2025 20:00,SCH - PJM_VFT,325658,232,315,-315
01/08/2025 20:00,SPR/DUN-SOUTH,23320,2033.98,4600,-9999
01/08/2025 20:00,TOTAL EAST,23314,5333.79,7550,-9999
01/08/2025 20:00,UPNY CONED,23315,3889.31,6600,-9999
01/08/2025 20:00,WEST CENTRAL,23312,622.54,9999,-9999
01/08/2025 20:05,CENTRAL EAST - VC,23330,3286.89,3440,-9999
01/08/2025 20:05,DYSINGER EAST,23326,1553.94,3200,-9999
01/08/2025 20:05,MOSES SOUTH,23319,1190.31,2650,-1600
01/08/2025 20:05,SCH - HQ - NY,23324,616,1100,-490
01/08/2025 20:05,SCH - HQ_CEDARS,325274,145,279,-100
01/08/2025 20:05,SCH - HQ_IMPORT_EXPORT,325376,616,1310,-9999
01/08/2025 20:05,SCH - NE - NY,23318,-1044.63,1400,-1800
01/08/2025 20:05,SCH - NPX_1385,325277,0,0,0
01/08/2025 20:05,SCH - NPX_CSC,325154,200,330,-330
01/08/2025 20:05,SCH - OH - NY,23317,596.04,2200,-1850
01/08/2025 20:05,SCH - PJ - NY,23316,1412.06,1700,-2400
01/08/2025 20:05,SCH - PJM_HTP,325905,300,660,-660
01/08/2025 20:05,SCH - PJM_NEPTUNE,325305,660,660,-660
01/08/2025 20:05,SCH - PJM_VFT,325658,232,315,-315
01/08/2025 20:05,SPR/DUN-SOUTH,23320,2122.14,4600,-9999
01/08/2025 20:05,TOTAL EAST,23314,5370.76,7550,-9999
01/08/2025 20:05,UPNY CONED,23315,3967.91,6600,-9999
01/08/2025 20:05,WEST CENTRAL,23312,736.82,9999,-9999
01/08/2025 20:10,CENTRAL EAST - VC,23330,3337.75,3440,-9999
01/08/2025 20:10,DYSINGER EAST,23326,1524.76,3200,-9999
01/08/2025 20:10,MOSES SOUTH,23319,1109.07,2650,-1600
01/08/2025 20:10,SCH - HQ - NY,23324,616,1100,-490
01/08/2025 20:10,SCH - HQ_CEDARS,325274,145,279,-100
01/08/2025 20:10,SCH - HQ_IMPORT_EXPORT,325376,616,1310,-9999
01/08/2025 20:10,SCH - NE - NY,23318,-1044.79,1400,-1800
01/08/2025 20:10,SCH - NPX_1385,325277,0,0,0
01/08/2025 20:10,SCH - NPX_CSC,325154,200,330,-330
01/08/2025 20:10,SCH - OH - NY,23317,596.12,2200,-1850
01/08/2025 20:10,SCH - PJ - NY,23316,1412.8,1700,-2400
01/08/2025 20:10,SCH - PJM_HTP,325905,300,660,-660
01/08/2025 20:10,SCH - PJM_NEPTUNE,325305,660,660,-660
01/08/2025 20:10,SCH - PJM_VFT,325658,232,315,-315
01/08/2025 20:10,SPR/DUN-SOUTH,23320,2180.59,4600,-9999
01/08/2025 20:10,TOTAL EAST,23314,5411.56,7550,-9999
01/08/2025 20:10,UPNY CONED,23315,4057.84,6600,-9999
01/08/2025 20:10,WEST CENTRAL,23312,712.84,9999,-9999
01/08/2025 20:15,CENTRAL EAST - VC,23330,3330.67,3440,-9999
01/08/2025 20:15,DYSINGER EAST,23326,1565.29,3200,-9999
01/08/2025 20:15,MOSES SOUTH,23319,1046.62,2650,-1600
01/08/2025 20:15,SCH - HQ - NY,23324,616,1100,-490
01/08/2025 20:15,SCH - HQ_CEDARS,325274,145,279,-100
01/08/2025 20:15,SCH - HQ_IMPORT_EXPORT,325376,616,1310,-9999
01/08/2025 20:15,SCH - NE - NY,23318,-1110.88,1400,-1800
01/08/2025 20:15,SCH - NPX_1385,325277,0,0,0
01/08/2025 20:15,SCH - NPX_CSC,325154,200,330,-330
01/08/2025 20:15,SCH - OH - NY,23317,596.08,2200,-1850
01/08/2025 20:15,SCH - PJ - NY,23316,1409.74,1700,-2400
01/08/2025 20:15,SCH - PJM_HTP,325905,300,660,-660
01/08/2025 20:15,SCH - PJM_NEPTUNE,325305,660,660,-660
01/08/2025 20:15,SCH - PJM_VFT,325658,232,315,-315
01/08/2025 20:15,SPR/DUN-SOUTH,23320,2117.53,4600,-9999
01/08/2025 20:15,TOTAL EAST,23314,5492.75,7550,-9999
01/08/2025 20:15,UPNY CONED,23315,4086.55,6600,-9999
01/08/2025 20:15,WEST CENTRAL,23312,756.67,9999,-9999
01/08/2025 20:20,CENTRAL EAST - VC,23330,3326.97,3440,-9999
01/08/2025 20:20,DYSINGER EAST,23326,1620.92,3200,-9999
01/08/2025 20:20,MOSES SOUTH,23319,1057.39,2650,-1600
01/08/2025 20:20,SCH - HQ - NY,23324,616,1100,-490
01/08/2025 20:20,SCH - HQ_CEDARS,325274,145,279,-100
01/08/2025 20:20,SCH - HQ_IMPORT_EXPORT,325376,616,1310,-9999
01/08/2025 20:20,SCH - NE - NY,23318,-1176.96,1400,-1800
01/08/2025 20:20,SCH - NPX_1385,325277,0,0,0
01/08/2025 20:20,SCH - NPX_CSC,325154,200,330,-330
01/08/2025 20:20,SCH - OH - NY,23317,595.99,2200,-1850
01/08/2025 20:20,SCH - PJ - NY,23316,1407.72,1700,-2400
01/08/2025 20:20,SCH - PJM_HTP,325905,300,660,-660
01/08/2025 20:20,SCH - PJM_NEPTUNE,325305,660,660,-660
01/08/2025 20:20,SCH - PJM_VFT,325658,232,315,-315
01/08/2025 20:20,SPR/DUN-SOUTH,23320,2101.89,4600,-9999
01/08/2025 20:20,TOTAL EAST,23314,5470.21,7550,-9999
01/08/2025 20:20,UPNY CONED,23315,4045.01,6600,-9999
01/08/2025 20:20,WEST CENTRAL,23312,818.62,9999,-9999
01/08/2025 20:25,CENTRAL EAST - VC,23330,3310.21,3440,-9999
01/08/2025 20:25,DYSINGER EAST,23326,1571.35,3200,-9999
01/08/2025 20:25,MOSES SOUTH,23319,1055.2,2650,-1600
01/08/2025 20:25,SCH - HQ - NY,23324,616,1100,-490
01/08/2025 20:25,SCH - HQ_CEDARS,325274,145,279,-100
01/08/2025 20:25,SCH - HQ_IMPORT_EXPORT,325376,616,1310,-9999
01/08/2025 20:25,SCH - NE - NY,23318,-1176.88,1400,-1800
01/08/2025 20:25,SCH - NPX_1385,325277,0,0,0
01/08/2025 20:25,SCH - NPX_CSC,325154,200,330,-330
01/08/2025 20:25,SCH - OH - NY,23317,596.11,2200,-1850
01/08/2025 20:25,SCH - PJ - NY,23316,1405.56,1700,-2400
01/08/2025 20:25,SCH - PJM_HTP,325905,300,660,-660
01/08/2025 20:25,SCH - PJM_NEPTUNE,325305,660,660,-660
01/08/2025 20:25,SCH - PJM_VFT,325658,232,315,-315
01/08/2025 20:25,SPR/DUN-SOUTH,23320,2159.41,4600,-9999
01/08/2025 20:25,TOTAL EAST,23314,5519.09,7550,-9999
01/08/2025 20:25,UPNY CONED,23315,4072.33,6600,-9999
01/08/2025 20:25,WEST CENTRAL,23312,776.09,9999,-9999
01/08/2025 20:30,CENTRAL EAST - VC,23330,3330.47,3440,-9999
01/08/2025 20:30,DYSINGER EAST,23326,1580.29,3200,-9999
01/08/2025 20:30,MOSES SOUTH,23319,1081.9,2650,-1600
01/08/2025 20:30,SCH - HQ - NY,23324,616,1100,-490
01/08/2025 20:30,SCH - HQ_CEDARS,325274,145,279,-100
01/08/2025 20:30,SCH - HQ_IMPORT_EXPORT,325376,616,1310,-9999
01/08/2025 20:30,SCH - NE - NY,23318,-1093.68,1400,-1800
01/08/2025 20:30,SCH - NPX_1385,325277,0,0,0
01/08/2025 20:30,SCH - NPX_CSC,325154,200,330,-330
01/08/2025 20:30,SCH - OH - NY,23317,596.13,2200,-1850
01/08/2025 20:30,SCH - PJ - NY,23316,1343.37,1700,-2400
01/08/2025 20:30,SCH - PJM_HTP,325905,300,660,-660
01/08/2025 20:30,SCH - PJM_NEPTUNE,325305,660,660,-660
01/08/2025 20:30,SCH - PJM_VFT,325658,232,315,-315
01/08/2025 20:30,SPR/DUN-SOUTH,23320,2130.25,4600,-9999
01/08/2025 20:30,TOTAL EAST,23314,5471.73,7550,-9999
01/08/2025 20:30,UPNY CONED,23315,4039.62,6600,-9999
01/08/2025 20:30,WEST CENTRAL,23312,789.23,9999,-9999
01/08/2025 20:35,CENTRAL EAST - VC,23330,3297.65,3440,-9999
01/08/2025 20:35,DYSINGER EAST,23326,1555.14,3200,-9999
01/08/2025 20:35,MOSES SOUTH,23319,1058.02,2650,-1600
01/08/2025 20:35,SCH - HQ - NY,23324,616,1100,-490
01/08/2025 20:35,SCH - HQ_CEDARS,325274,145,279,-100
01/08/2025 20:35,SCH - HQ_IMPORT_EXPORT,325376,616,1310,-9999
01/08/2025 20:35,SCH - NE - NY,23318,-1010.64,1400,-1800
01/08/2025 20:35,SCH - NPX_1385,325277,0,0,0
01/08/2025 20:35,SCH - NPX_CSC,325154,200,330,-330
01/08/2025 20:35,SCH - OH - NY,23317,596.11,2200,-1850
01/08/2025 20:35,SCH - PJ - NY,23316,1302.33,1700,-2400
01/08/2025 20:35,SCH - PJM_HTP,325905,300,660,-660
01/08/2025 20:35,SCH - PJM_NEPTUNE,325305,660,660,-660
01/08/2025 20:35,SCH - PJM_VFT,325658,232,315,-315
01/08/2025 20:35,SPR/DUN-SOUTH,23320,2181.79,4600,-9999
01/08/2025 20:35,TOTAL EAST,23314,5426.97,7550,-9999
01/08/2025 20:35,UPNY CONED,23315,4077.56,6600,-9999
01/08/2025 20:35,WEST CENTRAL,23312,766.12,9999,-9999
01/08/2025 20:40,CENTRAL EAST - VC,23330,3333.38,3440,-9999
01/08/2025 20:40,DYSINGER EAST,23326,1564.68,3200,-9999
01/08/2025 20:40,MOSES SOUTH,23319,1058.39,2650,-1600
01/08/2025 20:40,SCH - HQ - NY,23324,616,1100,-490
01/08/2025 20:40,SCH - HQ_CEDARS,325274,145,279,-100
01/08/2025 20:40,SCH - HQ_IMPORT_EXPORT,325376,616,1310,-9999
01/08/2025 20:40,SCH - NE - NY,23318,-1010.62,1400,-1800
01/08/2025 20:40,SCH - NPX_1385,325277,0,0,0
01/08/2025 20:40,SCH - NPX_CSC,325154,200,330,-330
01/08/2025 20:40,SCH - OH - NY,23317,596.1,2200,-1850
01/08/2025 20:40,SCH - PJ - NY,23316,1297.25,1700,-2400
01/08/2025 20:40,SCH - PJM_HTP,325905,300,660,-660
01/08/2025 20:40,SCH - PJM_NEPTUNE,325305,660,660,-660
01/08/2025 20:40,SCH - PJM_VFT,325658,232,315,-315
01/08/2025 20:40,SPR/DUN-SOUTH,23320,2154.9,4600,-9999
01/08/2025 20:40,TOTAL EAST,23314,5502.73,7550,-9999
01/08/2025 20:40,UPNY CONED,23315,4072.06,6600,-9999
01/08/2025 20:40,WEST CENTRAL,23312,776.24,9999,-9999
01/08/2025 20:45,CENTRAL EAST - VC,23330,3327.32,3440,-9999
01/08/2025 20:45,DYSINGER EAST,23326,1590.24,3200,-9999
01/08/2025 20:45,MOSES SOUTH,23319,1059.96,2650,-1600
01/08/2025 20:45,SCH - HQ - NY,23324,616,1100,-490
01/08/2025 20:45,SCH - HQ_CEDARS,325274,145,279,-100
01/08/2025 20:45,SCH - HQ_IMPORT_EXPORT,325376,616,1310,-9999
01/08/2025 20:45,SCH - NE - NY,23318,-1134.75,1400,-1800
01/08/2025 20:45,SCH - NPX_1385,325277,0,0,0
01/08/2025 20:45,SCH - NPX_CSC,325154,200,330,-330
01/08/2025 20:45,SCH - OH - NY,23317,596.13,2200,-1850
01/08/2025 20:45,SCH - PJ - NY,23316,1353.28,1700,-2400
01/08/2025 20:45,SCH - PJM_HTP,325905,300,660,-660
01/08/2025 20:45,SCH - PJM_NEPTUNE,325305,660,660,-660
01/08/2025 20:45,SCH - PJM_VFT,325658,232,315,-315
01/08/2025 20:45,SPR/DUN-SOUTH,23320,2127.78,4600,-9999
01/08/2025 20:45,TOTAL EAST,23314,5549.31,7550,-9999
01/08/2025 20:45,UPNY CONED,23315,4046.99,6600,-9999
01/08/2025 20:45,WEST CENTRAL,23312,807.86,9999,-9999
01/08/2025 20:50,CENTRAL EAST - VC,23330,3324.6,3440,-9999
01/08/2025 20:50,DYSINGER EAST,23326,1643.4,3200,-9999
01/08/2025 20:50,MOSES SOUTH,23319,1097.25,2650,-1600
01/08/2025 20:50,SCH - HQ - NY,23324,616,1100,-490
01/08/2025 20:50,SCH - HQ_CEDARS,325274,145,279,-100
01/08/2025 20:50,SCH - HQ_IMPORT_EXPORT,325376,616,1310,-9999
01/08/2025 20:50,SCH - NE - NY,23318,-1259.78,1400,-1800
01/08/2025 20:50,SCH - NPX_1385,325277,0,0,0
01/08/2025 20:50,SCH - NPX_CSC,325154,200,330,-330
01/08/2025 20:50,SCH - OH - NY,23317,596.03,2200,-1850
01/08/2025 20:50,SCH - PJ - NY,23316,1406.18,1700,-2400
01/08/2025 20:50,SCH - PJM_HTP,325905,300,660,-660
01/08/2025 20:50,SCH - PJM_NEPTUNE,325305,660,660,-660
01/08/2025 20:50,SCH - PJM_VFT,325658,232,315,-315
01/08/2025 20:50,SPR/DUN-SOUTH,23320,2059.73,4600,-9999
01/08/2025 20:50,TOTAL EAST,23314,5631.35,7550,-9999
01/08/2025 20:50,UPNY CONED,23315,3974.88,6600,-9999
01/08/2025 20:50,WEST CENTRAL,23312,863.64,9999,-9999
01/08/2025 20:55,CENTRAL EAST - VC,23330,3325.97,3440,-9999
01/08/2025 20:55,DYSINGER EAST,23326,1552.61,3200,-9999
01/08/2025 20:55,MOSES SOUTH,23319,1113.78,2650,-1600
01/08/2025 20:55,SCH - HQ - NY,23324,616,1100,-490
01/08/2025 20:55,SCH - HQ_CEDARS,325274,145,279,-100
01/08/2025 20:55,SCH - HQ_IMPORT_EXPORT,325376,616,1310,-9999
01/08/2025 20:55,SCH - NE - NY,23318,-1259.9,1400,-1800
01/08/2025 20:55,SCH - NPX_1385,325277,0,0,0
01/08/2025 20:55,SCH - NPX_CSC,325154,200,330,-330
01/08/2025 20:55,SCH - OH - NY,23317,596.16,2200,-1850
01/08/2025 20:55,SCH - PJ - NY,23316,1405.45,1700,-2400
01/08/2025 20:55,SCH - PJM_HTP,325905,300,660,-660
01/08/2025 20:55,SCH - PJM_NEPTUNE,325305,660,660,-660
01/08/2025 20:55,SCH - PJM_VFT,325658,232,315,-315
01/08/2025 20:55,SPR/DUN-SOUTH,23320,2152.16,4600,-9999
01/08/2025 20:55,TOTAL EAST,23314,5612.17,7550,-9999
01/08/2025 20:55,UPNY CONED,23315,4030.46,6600,-9999
01/08/2025 20:55,WEST CENTRAL,23312,780.87,9999,-9999
01/08/2025 21:00,CENTRAL EAST - VC,23330,3307.63,3440,-9999
01/08/2025 21:00,DYSINGER EAST,23326,1668.31,3200,-9999
01/08/2025 21:00,MOSES SOUTH,23319,911.11,2650,-1600
01/08/2025 21:00,SCH - HQ - NY,23324,499,1100,-490
01/08/2025 21:00,SCH - HQ_CEDARS,325274,58,279,-100
01/08/2025 21:00,SCH - HQ_IMPORT_EXPORT,325376,431,1310,-9999
01/08/2025 21:00,SCH - NE - NY,23318,-1127.88,1400,-1800
01/08/2025 21:00,SCH - NPX_1385,325277,0,0,0
01/08/2025 21:00,SCH - NPX_CSC,325154,200,330,-330
01/08/2025 21:00,SCH - OH - NY,23317,628.07,2200,-1850
01/08/2025 21:00,SCH - PJ - NY,23316,1412.58,1700,-2400
01/08/2025 21:00,SCH - PJM_HTP,325905,300,660,-660
01/08/2025 21:00,SCH - PJM_NEPTUNE,325305,660,660,-660
01/08/2025 21:00,SCH - PJM_VFT,325658,232,315,-315
01/08/2025 21:00,SPR/DUN-SOUTH,23320,2105.99,4600,-9999
01/08/2025 21:00,TOTAL EAST,23314,5467.07,7550,-9999
01/08/2025 21:00,UPNY CONED,23315,4067.79,6600,-9999
01/08/2025 21:00,WEST CENTRAL,23312,897.77,9999,-9999
01/08/2025 21:05,CENTRAL EAST - VC,23330,3210.62,3440,-9999
01/08/2025 21:05,DYSINGER EAST,23326,1628.62,3200,-9999
01/08/2025 21:05,MOSES SOUTH,23319,688.28,2650,-1600
01/08/2025 21:05,SCH - HQ - NY,23324,382,1100,-490
01/08/2025 21:05,SCH - HQ_CEDARS,325274,-29,279,-100
01/08/2025 21:05,SCH - HQ_IMPORT_EXPORT,325376,246,1310,-9999
01/08/2025 21:05,SCH - NE - NY,23318,-995.85,1400,-1800
01/08/2025 21:05,SCH - NPX_1385,325277,0,0,0
01/08/2025 21:05,SCH - NPX_CSC,325154,200,330,-330
01/08/2025 21:05,SCH - OH - NY,23317,661.12,2200,-1850
01/08/2025 21:05,SCH - PJ - NY,23316,1415.17,1700,-2400
01/08/2025 21:05,SCH - PJM_HTP,325905,300,660,-660
01/08/2025 21:05,SCH - PJM_NEPTUNE,325305,660,660,-660
01/08/2025 21:05,SCH - PJM_VFT,325658,232,315,-315
01/08/2025 21:05,SPR/DUN-SOUTH,23320,2140.59,4600,-9999
01/08/2025 21:05,TOTAL EAST,23314,5329.78,7550,-9999
01/08/2025 21:05,UPNY CONED,23315,4074.96,6600,-9999
01/08/2025 21:05,WEST CENTRAL,23312,861.31,9999,-9999
01/08/2025 21:10,CENTRAL EAST - VC,23330,3182.89,3440,-9999
01/08/2025 21:10,DYSINGER EAST,23326,1622.49,3200,-9999
01/08/2025 21:10,MOSES SOUTH,23319,766.43,2650,-1600
01/08/2025 21:10,SCH - HQ - NY,23324,382,1100,-490
01/08/2025 21:10,SCH - HQ_CEDARS,325274,-29,279,-100
01/08/2025 21:10,SCH - HQ_IMPORT_EXPORT,325376,246,1310,-9999
01/08/2025 21:10,SCH - NE - NY,23318,-995.52,1400,-1800
01/08/2025 21:10,SCH - NPX_1385,325277,0,0,0
01/08/2025 21:10,SCH - NPX_CSC,325154,200,330,-330
01/08/2025 21:10,SCH - OH - NY,23317,661.18,2200,-1850
01/08/2025 21:10,SCH - PJ - NY,23316,1413.37,1700,-2400
01/08/2025 21:10,SCH - PJM_HTP,325905,300,660,-660
01/08/2025 21:10,SCH - PJM_NEPTUNE,325305,660,660,-660
01/08/2025 21:10,SCH - PJM_VFT,325658,232,315,-315
01/08/2025 21:10,SPR/DUN-SOUTH,23320,2138.1,4600,-9999
01/08/2025 21:10,TOTAL EAST,23314,5351.27,7550,-9999
01/08/2025 21:10,UPNY CONED,23315,4057.92,6600,-9999
01/08/2025 21:10,WEST CENTRAL,23312,865.52,9999,-9999
01/08/2025 21:12,CENTRAL EAST - VC,23330,3207.01,3440,-9999
01/08/2025 21:12,DYSINGER EAST,23326,1820.07,3200,-9999
01/08/2025 21:12,MOSES SOUTH,23319,834.02,2650,-1600
01/08/2025 21:12,SCH - HQ - NY,23324,382,1100,-490
01/08/2025 21:12,SCH - HQ_CEDARS,325274,-29,279,-100
01/08/2025 21:12,SCH - HQ_IMPORT_EXPORT,325376,246,1310,-9999
01/08/2025 21:12,SCH - NE - NY,23318,-1029.59,1400,-1800
01/08/2025 21:12,SCH - NPX_1385,325277,0,0,0
01/08/2025 21:12,SCH - NPX_CSC,325154,200,330,-330
01/08/2025 21:12,SCH - OH - NY,23317,661.12,2200,-1850
01/08/2025 21:12,SCH - PJ - NY,23316,1414.06,1700,-2400
01/08/2025 21:12,SCH - PJM_HTP,325905,300,660,-660
01/08/2025 21:12,SCH - PJM_NEPTUNE,325305,660,660,-660
01/08/2025 21:12,SCH - PJM_VFT,325658,248,315,-315
01/08/2025 21:12,SPR/DUN-SOUTH,23320,2292.82,4600,-9999
01/08/2025 21:12,TOTAL EAST,23314,5507.8,7550,-9999
01/08/2025 21:12,UPNY CONED,23315,4205.21,6600,-9999
01/08/2025 21:12,WEST CENTRAL,23312,1063.93,9999,-9999
01/08/2025 21:14,CENTRAL EAST - VC,23330,3231.36,3440,-9999
01/08/2025 21:14,DYSINGER EAST,23326,1734.84,3200,-9999
01/08/2025 21:14,MOSES SOUTH,23319,900.4,2650,-1600
01/08/2025 21:14,SCH - HQ - NY,23324,382,1100,-490
01/08/2025 21:14,SCH - HQ_CEDARS,325274,-29,279,-100
01/08/2025 21:14,SCH - HQ_IMPORT_EXPORT,325376,246,1310,-9999
01/08/2025 21:14,SCH - NE - NY,23318,-1064.69,1400,-1800
01/08/2025 21:14,SCH - NPX_1385,325277,0,0,0
01/08/2025 21:14,SCH - NPX_CSC,325154,200,330,-330
01/08/2025 21:14,SCH - OH - NY,23317,661.22,2200,-1850
01/08/2025 21:14,SCH - PJ - NY,23316,1412.18,1700,-2400
01/08/2025 21:14,SCH - PJM_HTP,325905,300,660,-660
01/08/2025 21:14,SCH - PJM_NEPTUNE,325305,660,660,-660
01/08/2025 21:14,SCH - PJM_VFT,325658,265,315,-315
01/08/2025 21:14,SPR/DUN-SOUTH,23320,2289.03,4600,-9999
01/08/2025 21:14,TOTAL EAST,23314,5508.26,7550,-9999
01/08/2025 21:14,UPNY CONED,23315,4196.46,6600,-9999
01/08/2025 21:14,WEST CENTRAL,23312,984.29,9999,-9999
01/08/2025 21:15,CENTRAL EAST - VC,23330,3180.77,3440,-9999
01/08/2025 21:15,DYSINGER EAST,23326,1822.63,3200,-9999
01/08/2025 21:15,MOSES SOUTH,23319,835.88,2650,-1600
01/08/2025 21:15,SCH - HQ - NY,23324,382,1100,-490
01/08/2025 21:15,SCH - HQ_CEDARS,325274,-29,279,-100
01/08/2025 21:15,SCH - HQ_IMPORT_EXPORT,325376,246,1310,-9999
01/08/2025 21:15,SCH - NE - NY,23318,-1081.52,1400,-1800
01/08/2025 21:15,SCH - NPX_1385,325277,0,0,0
01/08/2025 21:15,SCH - NPX_CSC,325154,200,330,-330
01/08/2025 21:15,SCH - OH - NY,23317,661.1,2200,-1850
01/08/2025 21:15,SCH - PJ - NY,23316,1411.92,1700,-2400
01/08/2025 21:15,SCH - PJM_HTP,325905,300,660,-660
01/08/2025 21:15,SCH - PJM_NEPTUNE,325305,660,660,-660
01/08/2025 21:15,SCH - PJM_VFT,325658,273,315,-315
01/08/2025 21:15,SPR/DUN-SOUTH,23320,2231.63,4600,-9999
01/08/2025 21:15,TOTAL EAST,23314,5507.17,7550,-9999
01/08/2025 21:15,UPNY CONED,23315,4129.85,6600,-9999
01/08/2025 21:15,WEST CENTRAL,23312,1067.46,9999,-9999
01/08/2025 21:25,CENTRAL EAST - VC,23330,3324.46,3440,-9999
01/08/2025 21:25,DYSINGER EAST,23326,1767.82,3200,-9999
01/08/2025 21:25,MOSES SOUTH,23319,902.42,2650,-1600
01/08/2025 21:25,SCH - HQ - NY,23324,382,1100,-490
01/08/2025 21:25,SCH - HQ_CEDARS,325274,-29,279,-100
01/08/2025 21:25,SCH - HQ_IMPORT_EXPORT,325376,246,1310,-9999
01/08/2025 21:25,SCH - NE - NY,23318,-1169.01,1400,-1800
01/08/2025 21:25,SCH - NPX_1385,325277,0,0,0
01/08/2025 21:25,SCH - NPX_CSC,325154,200,330,-330
01/08/2025 21:25,SCH - OH - NY,23317,661.22,2200,-1850
01/08/2025 21:25,SCH - PJ - NY,23316,1415.56,1700,-2400
01/08/2025 21:25,SCH - PJM_HTP,325905,300,660,-660
01/08/2025 21:25,SCH - PJM_NEPTUNE,325305,660,660,-660
01/08/2025 21:25,SCH - PJM_VFT,325658,315,315,-315
01/08/2025 21:25,SPR/DUN-SOUTH,23320,2311.91,4600,-9999
01/08/2025 21:25,TOTAL EAST,23314,5553.08,7550,-9999
01/08/2025 21:25,UPNY CONED,23315,4185.48,6600,-9999
01/08/2025 21:25,WEST CENTRAL,23312,1033.83,9999,-9999
01/08/2025 21:30,CENTRAL EAST - VC,23330,3292.13,3440,-9999
01/08/2025 21:30,DYSINGER EAST,23326,1631.17,3200,-9999
01/08/2025 21:30,MOSES SOUTH,23319,852.98,2650,-1600
01/08/2025 21:30,SCH - HQ - NY,23324,382,1100,-490
01/08/2025 21:30,SCH - HQ_CEDARS,325274,-29,279,-100
01/08/2025 21:30,SCH - HQ_IMPORT_EXPORT,325376,246,1310,-9999
01/08/2025 21:30,SCH - NE - NY,23318,-1118.84,1400,-1800
01/08/2025 21:30,SCH - NPX_1385,325277,0,0,0
01/08/2025 21:30,SCH - NPX_CSC,325154,200,330,-330
01/08/2025 21:30,SCH - OH - NY,23317,661.29,2200,-1850
01/08/2025 21:30,SCH - PJ - NY,23316,1416.8,1700,-2400
01/08/2025 21:30,SCH - PJM_HTP,325905,300,660,-660
01/08/2025 21:30,SCH - PJM_NEPTUNE,325305,660,660,-660
01/08/2025 21:30,SCH - PJM_VFT,325658,287,315,-315
01/08/2025 21:30,SPR/DUN-SOUTH,23320,2349.39,4600,-9999
01/08/2025 21:30,TOTAL EAST,23314,5446.98,7550,-9999
01/08/2025 21:30,UPNY CONED,23315,4180.42,6600,-9999
01/08/2025 21:30,WEST CENTRAL,23312,901.93,9999,-9999
01/08/2025 21:35,CENTRAL EAST - VC,23330,3033.92,3440,-9999
01/08/2025 21:35,DYSINGER EAST,23326,1263.19,3200,-9999
01/08/2025 21:35,MOSES SOUTH,23319,775.01,2650,-1600
01/08/2025 21:35,SCH - HQ - NY,23324,382,1100,-490
01/08/2025 21:35,SCH - HQ_CEDARS,325274,-29,279,-100
01/08/2025 21:35,SCH - HQ_IMPORT_EXPORT,325376,246,1310,-9999
01/08/2025 21:35,SCH - NE - NY,23318,-894.36,1400,-1800
01/08/2025 21:35,SCH - NPX_1385,325277,0,0,0
01/08/2025 21:35,SCH - NPX_CSC,325154,200,330,-330
01/08/2025 21:35,SCH - OH - NY,23317,361.56,2200,-1850
01/08/2025 21:35,SCH - PJ - NY,23316,1409.38,1700,-2400
01/08/2025 21:35,SCH - PJM_HTP,325905,300,660,-660
01/08/2025 21:35,SCH - PJM_NEPTUNE,325305,660,660,-660
01/08/2025 21:35,SCH - PJM_VFT,325658,259,315,-315
01/08/2025 21:35,SPR/DUN-SOUTH,23320,2303.63,4600,-9999
01/08/2025 21:35,TOTAL EAST,23314,5194.93,7550,-9999
01/08/2025 21:35,UPNY CONED,23315,4158.73,6600,-9999
01/08/2025 21:35,WEST CENTRAL,23312,552.67,9999,-9999
01/08/2025 21:40,CENTRAL EAST - VC,23330,3095.66,3440,-9999
01/08/2025 21:40,DYSINGER EAST,23326,1236.98,3200,-9999
01/08/2025 21:40,MOSES SOUTH,23319,818.24,2650,-1600
01/08/2025 21:40,SCH - HQ - NY,23324,382,1100,-490
01/08/2025 21:40,SCH - HQ_CEDARS,325274,-29,279,-100
01/08/2025 21:40,SCH - HQ_IMPORT_EXPORT,325376,246,1310,-9999
01/08/2025 21:40,SCH - NE - NY,23318,-894.67,1400,-1800
01/08/2025 21:40,SCH - NPX_1385,325277,0,0,0
01/08/2025 21:40,SCH - NPX_CSC,325154,200,330,-330
01/08/2025 21:40,SCH - OH - NY,23317,361.68,2200,-1850
01/08/2025 21:40,SCH - PJ - NY,23316,1413.43,1700,-2400
01/08/2025 21:40,SCH - PJM_HTP,325905,300,660,-660
01/08/2025 21:40,SCH - PJM_NEPTUNE,325305,660,660,-660
01/08/2025 21:40,SCH - PJM_VFT,325658,259,315,-315
01/08/2025 21:40,SPR/DUN-SOUTH,23320,2270.33,4600,-9999
01/08/2025 21:40,TOTAL EAST,23314,5180.63,7550,-9999
01/08/2025 21:40,UPNY CONED,23315,4143.34,6555,-9999
01/08/2025 21:40,WEST CENTRAL,23312,526.81,9999,-9999
01/08/2025 21:45,CENTRAL EAST - VC,23330,3152.9,3440,-9999
01/08/2025 21:45,DYSINGER EAST,23326,1225.82,3200,-9999
01/08/2025 21:45,MOSES SOUTH,23319,880.28,2650,-1600
01/08/2025 21:45,SCH - HQ - NY,23324,382,1100,-490
01/08/2025 21:45,SCH - HQ_CEDARS,325274,-29,279,-100
01/08/2025 21:45,SCH - HQ_IMPORT_EXPORT,325376,246,1310,-9999
01/08/2025 21:45,SCH - NE - NY,23318,-798.7,1400,-1800
01/08/2025 21:45,SCH - NPX_1385,325277,0,0,0
01/08/2025 21:45,SCH - NPX_CSC,325154,200,330,-330
01/08/2025 21:45,SCH - OH - NY,23317,361.77,2200,-1850
01/08/2025 21:45,SCH - PJ - NY,23316,1417.1,1700,-2400
01/08/2025 21:45,SCH - PJM_HTP,325905,300,660,-660
01/08/2025 21:45,SCH - PJM_NEPTUNE,325305,660,660,-660
01/08/2025 21:45,SCH - PJM_VFT,325658,281,315,-315
01/08/2025 21:45,SPR/DUN-SOUTH,23320,2391.43,4600,-9999
01/08/2025 21:45,TOTAL EAST,23314,5215.47,7550,-9999
01/08/2025 21:45,UPNY CONED,23315,4266.5,6555,-9999
01/08/2025 21:45,WEST CENTRAL,23312,508.17,9999,-9999
01/08/2025 21:50,CENTRAL EAST - VC,23330,3048.48,3440,-9999
01/08/2025 21:50,DYSINGER EAST,23326,1126.26,3200,-9999
01/08/2025 21:50,MOSES SOUTH,23319,843.15,2650,-1600
01/08/2025 21:50,SCH - HQ - NY,23324,382,1100,-490
01/08/2025 21:50,SCH - HQ_CEDARS,325274,-29,279,-100
01/08/2025 21:50,SCH - HQ_IMPORT_EXPORT,325376,246,1310,-9999
01/08/2025 21:50,SCH - NE - NY,23318,-702.52,1400,-1800
01/08/2025 21:50,SCH - NPX_1385,325277,0,0,0
01/08/2025 21:50,SCH - NPX_CSC,325154,200,330,-330
01/08/2025 21:50,SCH - OH - NY,23317,361.84,2200,-1850
01/08/2025 21:50,SCH - PJ - NY,23316,1412.54,1700,-2400
01/08/2025 21:50,SCH - PJM_HTP,325905,300,660,-660
01/08/2025 21:50,SCH - PJM_NEPTUNE,325305,660,660,-660
01/08/2025 21:50,SCH - PJM_VFT,325658,303,315,-315
01/08/2025 21:50,SPR/DUN-SOUTH,23320,2326.77,4600,-9999
01/08/2025 21:50,TOTAL EAST,23314,5089.75,7550,-9999
01/08/2025 21:50,UPNY CONED,23315,4215.47,6555,-9999
01/08/2025 21:50,WEST CENTRAL,23312,409.68,9999,-9999
01/08/2025 21:55,CENTRAL EAST - VC,23330,3124.5,3325,-9999
01/08/2025 21:55,DYSINGER EAST,23326,1206.82,3200,-9999
01/08/2025 21:55,MOSES SOUTH,23319,826,2650,-1600
01/08/2025 21:55,SCH - HQ - NY,23324,382,1100,-490
01/08/2025 21:55,SCH - HQ_CEDARS,325274,-29,279,-100
01/08/2025 21:55,SCH - HQ_IMPORT_EXPORT,325376,246,1310,-9999
01/08/2025 21:55,SCH - NE - NY,23318,-877.75,1400,-1800
01/08/2025 21:55,SCH - NPX_1385,325277,0,0,0
01/08/2025 21:55,SCH - NPX_CSC,325154,200,330,-330
01/08/2025 21:55,SCH - OH - NY,23317,662.07,2200,-1850
01/08/2025 21:55,SCH - PJ - NY,23316,1411.94,1700,-2400
01/08/2025 21:55,SCH - PJM_HTP,325905,300,660,-660
01/08/2025 21:55,SCH - PJM_NEPTUNE,325305,660,660,-660
01/08/2025 21:55,SCH - PJM_VFT,325658,303,315,-315
01/08/2025 21:55,SPR/DUN-SOUTH,23320,2235.9,4600,-9999
01/08/2025 21:55,TOTAL EAST,23314,5244.04,7550,-9999
01/08/2025 21:55,UPNY CONED,23315,4150.99,6555,-9999
01/08/2025 21:55,WEST CENTRAL,23312,494.99,9999,-9999
01/08/2025 22:00,CENTRAL EAST - VC,23330,3220.35,3325,-9999
01/08/2025 22:00,DYSINGER EAST,23326,1342.9,3200,-9999
01/08/2025 22:00,MOSES SOUTH,23319,990.46,2650,-1600
01/08/2025 22:00,SCH - HQ - NY,23324,535,1100,-490
01/08/2025 22:00,SCH - HQ_CEDARS,325274,30,279,-100
01/08/2025 22:00,SCH - HQ_IMPORT_EXPORT,325376,467,1310,-9999
01/08/2025 22:00,SCH - NE - NY,23318,-924.68,1400,-1800
01/08/2025 22:00,SCH - NPX_1385,325277,0,0,0
01/08/2025 22:00,SCH - NPX_CSC,325154,200,330,-330
01/08/2025 22:00,SCH - OH - NY,23317,833.71,2200,-1850
01/08/2025 22:00,SCH - PJ - NY,23316,1414.3,1700,-2400
01/08/2025 22:00,SCH - PJM_HTP,325905,300,660,-660
01/08/2025 22:00,SCH - PJM_NEPTUNE,325305,660,660,-660
01/08/2025 22:00,SCH - PJM_VFT,325658,284,315,-315
01/08/2025 22:00,SPR/DUN-SOUTH,23320,2208.34,4600,-9999
01/08/2025 22:00,TOTAL EAST,23314,5416.25,7550,-9999
01/08/2025 22:00,UPNY CONED,23315,4153.96,6555,-9999
01/08/2025 22:00,WEST CENTRAL,23312,639.58,9999,-9999
01/08/2025 22:05,CENTRAL EAST - VC,23330,3242.73,3325,-9999
01/08/2025 22:05,DYSINGER EAST,23326,1501.09,3200,-9999
01/08/2025 22:05,MOSES SOUTH,23319,1126.57,2650,-1600
01/08/2025 22:05,SCH - HQ - NY,23324,688,1100,-490
01/08/2025 22:05,SCH - HQ_CEDARS,325274,89,279,-100
01/08/2025 22:05,SCH - HQ_IMPORT_EXPORT,325376,688,1310,-9999
01/08/2025 22:05,SCH - NE - NY,23318,-972.62,1400,-1800
01/08/2025 22:05,SCH - NPX_1385,325277,0,0,0
01/08/2025 22:05,SCH - NPX_CSC,325154,200,330,-330
01/08/2025 22:05,SCH - OH - NY,23317,1005.26,2200,-1850
01/08/2025 22:05,SCH - PJ - NY,23316,1419.69,1700,-2400
01/08/2025 22:05,SCH - PJM_HTP,325905,300,660,-660
01/08/2025 22:05,SCH - PJM_NEPTUNE,325305,660,660,-660
01/08/2025 22:05,SCH - PJM_VFT,325658,265,315,-315
01/08/2025 22:05,SPR/DUN-SOUTH,23320,2157.06,4600,-9999
01/08/2025 22:05,TOTAL EAST,23314,5368.14,7550,-9999
01/08/2025 22:05,UPNY CONED,23315,4097.13,6555,-9999
01/08/2025 22:05,WEST CENTRAL,23312,815.67,9999,-9999
01/08/2025 22:10,CENTRAL EAST - VC,23330,3244.35,3325,-9999
01/08/2025 22:10,DYSINGER EAST,23326,1471.11,3200,-9999
01/08/2025 22:10,MOSES SOUTH,23319,1172.77,2650,-1600
01/08/2025 22:10,SCH - HQ - NY,23324,688,1100,-490
01/08/2025 22:10,SCH - HQ_CEDARS,325274,89,279,-100
01/08/2025 22:10,SCH - HQ_IMPORT_EXPORT,325376,688,1310,-9999
01/08/2025 22:10,SCH - NE - NY,23318,-972.62,1400,-1800
01/08/2025 22:10,SCH - NPX_1385,325277,0,0,0
01/08/2025 22:10,SCH - NPX_CSC,325154,200,330,-330
01/08/2025 22:10,SCH - OH - NY,23317,1005.18,2200,-1850
01/08/2025 22:10,SCH - PJ - NY,23316,1414.97,1700,-2400
01/08/2025 22:10,SCH - PJM_HTP,325905,300,660,-660
01/08/2025 22:10,SCH - PJM_NEPTUNE,325305,660,660,-660
01/08/2025 22:10,SCH - PJM_VFT,325658,265,315,-315
01/08/2025 22:10,SPR/DUN-SOUTH,23320,2180.61,4600,-9999
01/08/2025 22:10,TOTAL EAST,23314,5341.63,7550,-9999
01/08/2025 22:10,UPNY CONED,23315,4129.27,6555,-9999
01/08/2025 22:10,WEST CENTRAL,23312,794.03,9999,-9999
01/08/2025 22:15,CENTRAL EAST - VC,23330,3208.82,3325,-9999
01/08/2025 22:15,DYSINGER EAST,23326,1590.82,3200,-9999
01/08/2025 22:15,MOSES SOUTH,23319,1241.48,2650,-1600
01/08/2025 22:15,SCH - HQ - NY,23324,688,1100,-490
01/08/2025 22:15,SCH - HQ_CEDARS,325274,89,279,-100
01/08/2025 22:15,SCH - HQ_IMPORT_EXPORT,325376,688,1310,-9999
01/08/2025 22:15,SCH - NE - NY,23318,-822.39,1400,-1800
01/08/2025 22:15,SCH - NPX_1385,325277,0,0,0
01/08/2025 22:15,SCH - NPX_CSC,325154,200,330,-330
01/08/2025 22:15,SCH - OH - NY,23317,1005.2,2200,-1850
01/08/2025 22:15,SCH - PJ - NY,23316,1416.44,1700,-2400
01/08/2025 22:15,SCH - PJM_HTP,325905,300,660,-660
01/08/2025 22:15,SCH - PJM_NEPTUNE,325305,660,660,-660
01/08/2025 22:15,SCH - PJM_VFT,325658,262,315,-315
01/08/2025 22:15,SPR/DUN-SOUTH,23320,2327.77,4600,-9999
01/08/2025 22:15,TOTAL EAST,23314,5365.63,7550,-9999
01/08/2025 22:15,UPNY CONED,23315,4271.73,6555,-9999
01/08/2025 22:15,WEST CENTRAL,23312,918.9,9999,-9999
01/08/2025 22:20,CENTRAL EAST - VC,23330,3208.28,3325,-9999
01/08/2025 22:20,DYSINGER EAST,23326,1419.79,3200,-9999
01/08/2025 22:20,MOSES SOUTH,23319,1171.27,2650,-1600
01/08/2025 22:20,SCH - HQ - NY,23324,688,1100,-490
01/08/2025 22:20,SCH - HQ_CEDARS,325274,89,279,-100
01/08/2025 22:20,SCH - HQ_IMPORT_EXPORT,325376,688,1310,-9999
01/08/2025 22:20,SCH - NE - NY,23318,-672.21,1400,-1800
01/08/2025 22:20,SCH - NPX_1385,325277,0,0,0
01/08/2025 22:20,SCH - NPX_CSC,325154,200,330,-330
01/08/2025 22:20,SCH - OH - NY,23317,1005.36,2200,-1850
01/08/2025 22:20,SCH - PJ - NY,23316,1414.31,1700,-2400
01/08/2025 22:20,SCH - PJM_HTP,325905,300,660,-660
01/08/2025 22:20,SCH - PJM_NEPTUNE,325305,660,660,-660
01/08/2025 22:20,SCH - PJM_VFT,325658,259,315,-315
01/08/2025 22:20,SPR/DUN-SOUTH,23320,2391.03,4600,-9999
01/08/2025 22:20,TOTAL EAST,23314,5410.82,7550,-9999
01/08/2025 22:20,UPNY CONED,23315,4344.84,6555,-9999
01/08/2025 22:20,WEST CENTRAL,23312,763.61,9999,-9999
01/08/2025 22:25,CENTRAL EAST - VC,23330,3206.79,3325,-9999
01/08/2025 22:25,DYSINGER EAST,23326,1494.89,3200,-9999
01/08/2025 22:25,MOSES SOUTH,23319,1230.9,2650,-1600
01/08/2025 22:25,SCH - HQ - NY,23324,688,1100,-490
01/08/2025 22:25,SCH - HQ_CEDARS,325274,89,279,-100
01/08/2025 22:25,SCH - HQ_IMPORT_EXPORT,325376,688,1310,-9999
01/08/2025 22:25,SCH - NE - NY,23318,-672.14,1400,-1800
01/08/2025 22:25,SCH - NPX_1385,325277,0,0,0
01/08/2025 22:25,SCH - NPX_CSC,325154,200,330,-330
01/08/2025 22:25,SCH - OH - NY,23317,1005.2,2200,-1850
01/08/2025 22:25,SCH - PJ - NY,23316,1416.03,1700,-2400
01/08/2025 22:25,SCH - PJM_HTP,325905,300,660,-660
01/08/2025 22:25,SCH - PJM_NEPTUNE,325305,660,660,-660
01/08/2025 22:25,SCH - PJM_VFT,325658,259,315,-315
01/08/2025 22:25,SPR/DUN-SOUTH,23320,2346.34,4600,-9999
01/08/2025 22:25,TOTAL EAST,23314,5480.54,7550,-9999
01/08/2025 22:25,UPNY CONED,23315,4303.76,6555,-9999
01/08/2025 22:25,WEST CENTRAL,23312,845.51,9999,-9999
01/08/2025 22:30,CENTRAL EAST - VC,23330,3212.84,3325,-9999
01/08/2025 22:30,DYSINGER EAST,23326,1698.27,3200,-9999
01/08/2025 22:30,MOSES SOUTH,23319,1233.56,2650,-1600
01/08/2025 22:30,SCH - HQ - NY,23324,688,1100,-490
01/08/2025 22:30,SCH - HQ_CEDARS,325274,89,279,-100
01/08/2025 22:30,SCH - HQ_IMPORT_EXPORT,325376,688,1310,-9999
01/08/2025 22:30,SCH - NE - NY,23318,-810.3,1400,-1800
01/08/2025 22:30,SCH - NPX_1385,325277,0,0,0
01/08/2025 22:30,SCH - NPX_CSC,325154,200,330,-330
01/08/2025 22:30,SCH - OH - NY,23317,1005.03,2200,-1850
01/08/2025 22:30,SCH - PJ - NY,23316,1412.09,1700,-2400
01/08/2025 22:30,SCH - PJM_HTP,325905,300,660,-660
01/08/2025 22:30,SCH - PJM_NEPTUNE,325305,660,660,-660
01/08/2025 22:30,SCH - PJM_VFT,325658,259,315,-315
01/08/2025 22:30,SPR/DUN-SOUTH,23320,2373.95,4600,-9999
01/08/2025 22:30,TOTAL EAST,23314,5460.42,7550,-9999
01/08/2025 22:30,UPNY CONED,23315,4330.6,6555,-9999
01/08/2025 22:30,WEST CENTRAL,23312,1040.3,9999,-9999
01/08/2025 22:35,CENTRAL EAST - VC,23330,3225.91,3325,-9999
01/08/2025 22:35,DYSINGER EAST,23326,1634.41,3200,-9999
01/08/2025 22:35,MOSES SOUTH,23319,1216.45,2650,-1600
01/08/2025 22:35,SCH - HQ - NY,23324,688,1100,-490
01/08/2025 22:35,SCH - HQ_CEDARS,325274,89,279,-100
01/08/2025 22:35,SCH - HQ_IMPORT_EXPORT,325376,688,1310,-9999
01/08/2025 22:35,SCH - NE - NY,23318,-948.55,1400,-1800
01/08/2025 22:35,SCH - NPX_1385,325277,0,0,0
01/08/2025 22:35,SCH - NPX_CSC,325154,200,330,-330
01/08/2025 22:35,SCH - OH - NY,23317,1005.15,2200,-1850
01/08/2025 22:35,SCH - PJ - NY,23316,1414.31,1700,-2400
01/08/2025 22:35,SCH - PJM_HTP,325905,300,660,-660
01/08/2025 22:35,SCH - PJM_NEPTUNE,325305,660,660,-660
01/08/2025 22:35,SCH - PJM_VFT,325658,259,315,-315
01/08/2025 22:35,SPR/DUN-SOUTH,23320,2322.15,4600,-9999
01/08/2025 22:35,TOTAL EAST,23314,5517.85,7550,-9999
01/08/2025 22:35,UPNY CONED,23315,4282.28,6555,-9999
01/08/2025 22:35,WEST CENTRAL,23312,981.79,9999,-9999
01/08/2025 22:40,CENTRAL EAST - VC,23330,3211.71,3325,-9999
01/08/2025 22:40,DYSINGER EAST,23326,1508.82,3200,-9999
01/08/2025 22:40,MOSES SOUTH,23319,1217.68,2650,-1600
01/08/2025 22:40,SCH - HQ - NY,23324,688,1100,-490
01/08/2025 22:40,SCH - HQ_CEDARS,325274,89,279,-100
01/08/2025 22:40,SCH - HQ_IMPORT_EXPORT,325376,688,1310,-9999
01/08/2025 22:40,SCH - NE - NY,23318,-948.6,1400,-1800
01/08/2025 22:40,SCH - NPX_1385,325277,0,0,0
01/08/2025 22:40,SCH - NPX_CSC,325154,200,330,-330
01/08/2025 22:40,SCH - OH - NY,23317,1005.33,2200,-1850
01/08/2025 22:40,SCH - PJ - NY,23316,1415.52,1700,-2400
01/08/2025 22:40,SCH - PJM_HTP,325905,300,660,-660
01/08/2025 22:40,SCH - PJM_NEPTUNE,325305,660,660,-660
01/08/2025 22:40,SCH - PJM_VFT,325658,259,315,-315
01/08/2025 22:40,SPR/DUN-SOUTH,23320,2314.4,4600,-9999
01/08/2025 22:40,TOTAL EAST,23314,5469.5,7550,-9999
01/08/2025 22:40,UPNY CONED,23315,4249.47,6555,-9999
01/08/2025 22:40,WEST CENTRAL,23312,870.89,9999,-9999
01/08/2025 22:45,CENTRAL EAST - VC,23330,3216.35,3325,-9999
01/08/2025 22:45,DYSINGER EAST,23326,1469.7,3200,-9999
01/08/2025 22:45,MOSES SOUTH,23319,1225.43,2650,-1600
01/08/2025 22:45,SCH - HQ - NY,23324,688,1100,-490
01/08/2025 22:45,SCH - HQ_CEDARS,325274,89,279,-100
01/08/2025 22:45,SCH - HQ_IMPORT_EXPORT,325376,688,1310,-9999
01/08/2025 22:45,SCH - NE - NY,23318,-928.53,1400,-1800
01/08/2025 22:45,SCH - NPX_1385,325277,0,0,0
01/08/2025 22:45,SCH - NPX_CSC,325154,200,330,-330
01/08/2025 22:45,SCH - OH - NY,23317,1005.29,2200,-1850
01/08/2025 22:45,SCH - PJ - NY,23316,1413.42,1700,-2400
01/08/2025 22:45,SCH - PJM_HTP,325905,300,660,-660
01/08/2025 22:45,SCH - PJM_NEPTUNE,325305,660,660,-660
01/08/2025 22:45,SCH - PJM_VFT,325658,245,315,-315
01/08/2025 22:45,SPR/DUN-SOUTH,23320,2300.89,4600,-9999
01/08/2025 22:45,TOTAL EAST,23314,5503.75,7550,-9999
01/08/2025 22:45,UPNY CONED,23315,4224.34,6555,-9999
01/08/2025 22:45,WEST CENTRAL,23312,841.47,9999,-9999
01/08/2025 22:50,CENTRAL EAST - VC,23330,3209.63,3325,-9999
01/08/2025 22:50,DYSINGER EAST,23326,1510.44,3200,-9999
01/08/2025 22:50,MOSES SOUTH,23319,1246.39,2650,-1600
01/08/2025 22:50,SCH - HQ - NY,23324,688,1100,-490
01/08/2025 22:50,SCH - HQ_CEDARS,325274,89,279,-100
01/08/2025 22:50,SCH - HQ_IMPORT_EXPORT,325376,688,1310,-9999
01/08/2025 22:50,SCH - NE - NY,23318,-909.45,1400,-1800
01/08/2025 22:50,SCH - NPX_1385,325277,0,0,0
01/08/2025 22:50,SCH - NPX_CSC,325154,200,330,-330
01/08/2025 22:50,SCH - OH - NY,23317,1005.27,2200,-1850
01/08/2025 22:50,SCH - PJ - NY,23316,1414.39,1700,-2400
01/08/2025 22:50,SCH - PJM_HTP,325905,300,660,-660
01/08/2025 22:50,SCH - PJM_NEPTUNE,325305,660,660,-660
01/08/2025 22:50,SCH - PJM_VFT,325658,232,315,-315
01/08/2025 22:50,SPR/DUN-SOUTH,23320,2403.71,4600,-9999
01/08/2025 22:50,TOTAL EAST,23314,5448.86,7550,-9999
01/08/2025 22:50,UPNY CONED,23315,4293.17,6555,-9999
01/08/2025 22:50,WEST CENTRAL,23312,879.61,9999,-9999
01/08/2025 22:55,CENTRAL EAST - VC,23330,3209.11,3325,-9999
01/08/2025 22:55,DYSINGER EAST,23326,1553.55,3200,-9999
01/08/2025 22:55,MOSES SOUTH,23319,1266.23,2650,-1600
01/08/2025 22:55,SCH - HQ - NY,23324,688,1100,-490
01/08/2025 22:55,SCH - HQ_CEDARS,325274,89,279,-100
01/08/2025 22:55,SCH - HQ_IMPORT_EXPORT,325376,688,1310,-9999
01/08/2025 22:55,SCH - NE - NY,23318,-909.39,1400,-1800
01/08/2025 22:55,SCH - NPX_1385,325277,0,0,0
01/08/2025 22:55,SCH - NPX_CSC,325154,200,330,-330
01/08/2025 22:55,SCH - OH - NY,23317,1005.12,2200,-1850
01/08/2025 22:55,SCH - PJ - NY,23316,1415.26,1700,-2400
01/08/2025 22:55,SCH - PJM_HTP,325905,300,660,-660
01/08/2025 22:55,SCH - PJM_NEPTUNE,325305,660,660,-660
01/08/2025 22:55,SCH - PJM_VFT,325658,232,315,-315
01/08/2025 22:55,SPR/DUN-SOUTH,23320,2423.14,4600,-9999
01/08/2025 22:55,TOTAL EAST,23314,5467.13,7550,-9999
01/08/2025 22:55,UPNY CONED,23315,4310.76,6555,-9999
01/08/2025 22:55,WEST CENTRAL,23312,922.67,9999,-9999
01/08/2025 23:00,CENTRAL EAST - VC,23330,3214.68,3325,-9999
01/08/2025 23:00,DYSINGER EAST,23326,1358.03,3200,-9999
01/08/2025 23:00,MOSES SOUTH,23319,1399.5,2650,-1600
01/08/2025 23:00,SCH - HQ - NY,23324,821,1100,-490
01/08/2025 23:00,SCH - HQ_CEDARS,325274,94,279,-100
01/08/2025 23:00,SCH - HQ_IMPORT_EXPORT,325376,688,1310,-9999
01/08/2025 23:00,SCH - NE - NY,23318,-838.32,1400,-1800
01/08/2025 23:00,SCH - NPX_1385,325277,0,0,0
01/08/2025 23:00,SCH - NPX_CSC,325154,175,330,-330
01/08/2025 23:00,SCH - OH - NY,23317,1065.27,2200,-1850
01/08/2025 23:00,SCH - PJ - NY,23316,1415.38,1700,-2400
01/08/2025 23:00,SCH - PJM_HTP,325905,300,660,-660
01/08/2025 23:00,SCH - PJM_NEPTUNE,325305,660,660,-660
01/08/2025 23:00,SCH - PJM_VFT,325658,266,315,-315
01/08/2025 23:00,SPR/DUN-SOUTH,23320,2425.79,4600,-9999
01/08/2025 23:00,TOTAL EAST,23314,5465.72,7550,-9999
01/08/2025 23:00,UPNY CONED,23315,4340.84,6555,-9999
01/08/2025 23:00,WEST CENTRAL,23312,742.72,9999,-9999
01/08/2025 23:05,CENTRAL EAST - VC,23330,3278.27,3400,-9999
01/08/2025 23:05,DYSINGER EAST,23326,1431.02,3200,-9999
01/08/2025 23:05,MOSES SOUTH,23319,1527.68,2650,-1600
01/08/2025 23:05,SCH - HQ - NY,23324,953,1100,-490
01/08/2025 23:05,SCH - HQ_CEDARS,325274,100,279,-100
01/08/2025 23:05,SCH - HQ_IMPORT_EXPORT,325376,687,1310,-9999
01/08/2025 23:05,SCH - NE - NY,23318,-768.26,1400,-1800
01/08/2025 23:05,SCH - NPX_1385,325277,0,0,0
01/08/2025 23:05,SCH - NPX_CSC,325154,150,330,-330
01/08/2025 23:05,SCH - OH - NY,23317,1125.18,2200,-1850
01/08/2025 23:05,SCH - PJ - NY,23316,1418.39,1700,-2400
01/08/2025 23:05,SCH - PJM_HTP,325905,300,660,-660
01/08/2025 23:05,SCH - PJM_NEPTUNE,325305,660,660,-660
01/08/2025 23:05,SCH - PJM_VFT,325658,300,315,-315
01/08/2025 23:05,SPR/DUN-SOUTH,23320,2441.19,4600,-9999
01/08/2025 23:05,TOTAL EAST,23314,5535.8,7550,-9999
01/08/2025 23:05,UPNY CONED,23315,4409.03,6555,-9999
01/08/2025 23:05,WEST CENTRAL,23312,818.63,9999,-9999
01/08/2025 23:10,CENTRAL EAST - VC,23330,3225.99,3400,-9999
01/08/2025 23:10,DYSINGER EAST,23326,1422.09,3200,-9999
01/08/2025 23:10,MOSES SOUTH,23319,1464.17,2650,-1600
01/08/2025 23:10,SCH - HQ - NY,23324,953,1100,-490
01/08/2025 23:10,SCH - HQ_CEDARS,325274,100,279,-100
01/08/2025 23:10,SCH - HQ_IMPORT_EXPORT,325376,687,1310,-9999
01/08/2025 23:10,SCH - NE - NY,23318,-768.15,1400,-1800
01/08/2025 23:10,SCH - NPX_1385,325277,0,0,0
01/08/2025 23:10,SCH - NPX_CSC,325154,150,330,-330
01/08/2025 23:10,SCH - OH - NY,23317,1125.19,2200,-1850
01/08/2025 23:10,SCH - PJ - NY,23316,1418.34,1700,-2400
01/08/2025 23:10,SCH - PJM_HTP,325905,300,660,-660
01/08/2025 23:10,SCH - PJM_NEPTUNE,325305,660,660,-660
01/08/2025 23:10,SCH - PJM_VFT,325658,300,315,-315
01/08/2025 23:10,SPR/DUN-SOUTH,23320,2417.66,4600,-9999
01/08/2025 23:10,TOTAL EAST,23314,5505.5,7550,-9999
01/08/2025 23:10,UPNY CONED,23315,4358,6555,-9999
01/08/2025 23:10,WEST CENTRAL,23312,810.77,9999,-9999
01/08/2025 23:15,CENTRAL EAST - VC,23330,3292.52,3400,-9999
01/08/2025 23:15,DYSINGER EAST,23326,1535.94,3200,-9999
01/08/2025 23:15,MOSES SOUTH,23319,1463.93,2650,-1600
01/08/2025 23:15,SCH - HQ - NY,23324,953,1100,-490
01/08/2025 23:15,SCH - HQ_CEDARS,325274,100,279,-100
01/08/2025 23:15,SCH - HQ_IMPORT_EXPORT,325376,687,1310,-9999
01/08/2025 23:15,SCH - NE - NY,23318,-857.3,1400,-1800
01/08/2025 23:15,SCH - NPX_1385,325277,0,0,0
01/08/2025 23:15,SCH - NPX_CSC,325154,150,330,-330
01/08/2025 23:15,SCH - OH - NY,23317,1125.06,2200,-1850
01/08/2025 23:15,SCH - PJ - NY,23316,1414.41,1700,-2400
01/08/2025 23:15,SCH - PJM_HTP,325905,300,660,-660
01/08/2025 23:15,SCH - PJM_NEPTUNE,325305,660,660,-660
01/08/2025 23:15,SCH - PJM_VFT,325658,307,315,-315
01/08/2025 23:15,SPR/DUN-SOUTH,23320,2472.87,4600,-9999
01/08/2025 23:15,TOTAL EAST,23314,5558.42,7550,-9999
01/08/2025 23:15,UPNY CONED,23315,4384.63,6555,-9999
01/08/2025 23:15,WEST CENTRAL,23312,924.27,9999,-9999
01/08/2025 23:20,CENTRAL EAST - VC,23330,3291.93,3400,-9999
01/08/2025 23:20,DYSINGER EAST,23326,1685.78,3200,-9999
01/08/2025 23:20,MOSES SOUTH,23319,1499.38,2650,-1600
01/08/2025 23:20,SCH - HQ - NY,23324,953,1100,-490
01/08/2025 23:20,SCH - HQ_CEDARS,325274,100,279,-100
01/08/2025 23:20,SCH - HQ_IMPORT_EXPORT,325376,687,1310,-9999
01/08/2025 23:20,SCH - NE - NY,23318,-946.46,1400,-1800
01/08/2025 23:20,SCH - NPX_1385,325277,0,0,0
01/08/2025 23:20,SCH - NPX_CSC,325154,150,330,-330
01/08/2025 23:20,SCH - OH - NY,23317,1124.94,2200,-1850
01/08/2025 23:20,SCH - PJ - NY,23316,1415.35,1700,-2400
01/08/2025 23:20,SCH - PJM_HTP,325905,300,660,-660
01/08/2025 23:20,SCH - PJM_NEPTUNE,325305,660,660,-660
01/08/2025 23:20,SCH - PJM_VFT,325658,315,315,-315
01/08/2025 23:20,SPR/DUN-SOUTH,23320,2427.75,4600,-9999
01/08/2025 23:20,TOTAL EAST,23314,5548.34,7550,-9999
01/08/2025 23:20,UPNY CONED,23315,4315.97,6555,-9999
01/08/2025 23:20,WEST CENTRAL,23312,1080.61,9999,-9999
01/08/2025 23:25,CENTRAL EAST - VC,23330,3293.28,3400,-9999
01/08/2025 23:25,DYSINGER EAST,23326,1499.92,3200,-9999
01/08/2025 23:25,MOSES SOUTH,23319,1490.88,2650,-1600
01/08/2025 23:25,SCH - HQ - NY,23324,953,1100,-490
01/08/2025 23:25,SCH - HQ_CEDARS,325274,100,279,-100
01/08/2025 23:25,SCH - HQ_IMPORT_EXPORT,325376,687,1310,-9999
01/08/2025 23:25,SCH - NE - NY,23318,-946.52,1400,-1800
01/08/2025 23:25,SCH - NPX_1385,325277,0,0,0
01/08/2025 23:25,SCH - NPX_CSC,325154,150,330,-330
01/08/2025 23:25,SCH - OH - NY,23317,1125.07,2200,-1850
01/08/2025 23:25,SCH - PJ - NY,23316,1413.72,1700,-2400
01/08/2025 23:25,SCH - PJM_HTP,325905,300,660,-660
01/08/2025 23:25,SCH - PJM_NEPTUNE,325305,660,660,-660
01/08/2025 23:25,SCH - PJM_VFT,325658,315,315,-315
01/08/2025 23:25,SPR/DUN-SOUTH,23320,2456.08,4600,-9999
01/08/2025 23:25,TOTAL EAST,23314,5583.02,7550,-9999
01/08/2025 23:25,UPNY CONED,23315,4341.76,6555,-9999
01/08/2025 23:25,WEST CENTRAL,23312,909.49,9999,-9999
01/08/2025 23:30,CENTRAL EAST - VC,23330,3294.51,3400,-9999
01/08/2025 23:30,DYSINGER EAST,23326,1459.07,3200,-9999
01/08/2025 23:30,MOSES SOUTH,23319,1436.12,2650,-1600
01/08/2025 23:30,SCH - HQ - NY,23324,953,1100,-490
01/08/2025 23:30,SCH - HQ_CEDARS,325274,100,279,-100
01/08/2025 23:30,SCH - HQ_IMPORT_EXPORT,325376,687,1310,-9999
01/08/2025 23:30,SCH - NE - NY,23318,-959.44,1400,-1800
01/08/2025 23:30,SCH - NPX_1385,325277,0,0,0
01/08/2025 23:30,SCH - NPX_CSC,325154,150,330,-330
01/08/2025 23:30,SCH - OH - NY,23317,1125.13,2200,-1850
01/08/2025 23:30,SCH - PJ - NY,23316,1415.61,1700,-2400
01/08/2025 23:30,SCH - PJM_HTP,325905,300,660,-660
01/08/2025 23:30,SCH - PJM_NEPTUNE,325305,660,660,-660
01/08/2025 23:30,SCH - PJM_VFT,325658,287,315,-315
01/08/2025 23:30,SPR/DUN-SOUTH,23320,2433.18,4600,-9999
01/08/2025 23:30,TOTAL EAST,23314,5585.43,7550,-9999
01/08/2025 23:30,UPNY CONED,23315,4310,6555,-9999
01/08/2025 23:30,WEST CENTRAL,23312,880.45,9999,-9999
01/08/2025 23:35,CENTRAL EAST - VC,23330,3294.74,3400,-9999
01/08/2025 23:35,DYSINGER EAST,23326,1513.76,3200,-9999
01/08/2025 23:35,MOSES SOUTH,23319,1438.95,2650,-1600
01/08/2025 23:35,SCH - HQ - NY,23324,953,1100,-490
01/08/2025 23:35,SCH - HQ_CEDARS,325274,100,279,-100
01/08/2025 23:35,SCH - HQ_IMPORT_EXPORT,325376,687,1310,-9999
01/08/2025 23:35,SCH - NE - NY,23318,-973.5,1400,-1800
01/08/2025 23:35,SCH - NPX_1385,325277,0,0,0
01/08/2025 23:35,SCH - NPX_CSC,325154,150,330,-330
01/08/2025 23:35,SCH - OH - NY,23317,1125.08,2200,-1850
01/08/2025 23:35,SCH - PJ - NY,23316,1415.62,1700,-2400
01/08/2025 23:35,SCH - PJM_HTP,325905,300,660,-660
01/08/2025 23:35,SCH - PJM_NEPTUNE,325305,660,660,-660
01/08/2025 23:35,SCH - PJM_VFT,325658,259,315,-315
01/08/2025 23:35,SPR/DUN-SOUTH,23320,2457.46,4600,-9999
01/08/2025 23:35,TOTAL EAST,23314,5611.51,7550,-9999
01/08/2025 23:35,UPNY CONED,23315,4312.43,6555,-9999
01/08/2025 23:35,WEST CENTRAL,23312,925.08,9999,-9999
01/08/2025 23:40,CENTRAL EAST - VC,23330,3294.62,3400,-9999
01/08/2025 23:40,DYSINGER EAST,23326,1448.84,3200,-9999
01/08/2025 23:40,MOSES SOUTH,23319,1428.91,2650,-1600
01/08/2025 23:40,SCH - HQ - NY,23324,953,1100,-490
01/08/2025 23:40,SCH - HQ_CEDARS,325274,100,279,-100
01/08/2025 23:40,SCH - HQ_IMPORT_EXPORT,325376,687,1310,-9999
01/08/2025 23:40,SCH - NE - NY,23318,-973.49,1400,-1800
01/08/2025 23:40,SCH - NPX_1385,325277,0,0,0
01/08/2025 23:40,SCH - NPX_CSC,325154,150,330,-330
01/08/2025 23:40,SCH - OH - NY,23317,1125.14,2200,-1850
01/08/2025 23:40,SCH - PJ - NY,23316,1414.58,1700,-2400
01/08/2025 23:40,SCH - PJM_HTP,325905,300,660,-660
01/08/2025 23:40,SCH - PJM_NEPTUNE,325305,660,660,-660
01/08/2025 23:40,SCH - PJM_VFT,325658,259,315,-315
01/08/2025 23:40,SPR/DUN-SOUTH,23320,2504.41,4600,-9999
01/08/2025 23:40,TOTAL EAST,23314,5698.85,7550,-9999
01/08/2025 23:40,UPNY CONED,23315,4358.81,6555,-9999
01/08/2025 23:40,WEST CENTRAL,23312,859.62,9999,-9999
01/08/2025 23:45,CENTRAL EAST - VC,23330,3220.39,3400,-9999
01/08/2025 23:45,DYSINGER EAST,23326,1487.11,3200,-9999
01/08/2025 23:45,MOSES SOUTH,23319,1401.56,2650,-1600
01/08/2025 23:45,SCH - HQ - NY,23324,933,1100,-490
01/08/2025 23:45,SCH - HQ_CEDARS,325274,100,279,-100
01/08/2025 23:45,SCH - HQ_IMPORT_EXPORT,325376,667,1310,-9999
01/08/2025 23:45,SCH - NE - NY,23318,-874.28,1400,-1800
01/08/2025 23:45,SCH - NPX_1385,325277,0,0,0
01/08/2025 23:45,SCH - NPX_CSC,325154,150,330,-330
01/08/2025 23:45,SCH - OH - NY,23317,1125.11,2200,-1850
01/08/2025 23:45,SCH - PJ - NY,23316,1410.25,1700,-2400
01/08/2025 23:45,SCH - PJM_HTP,325905,300,660,-660
01/08/2025 23:45,SCH - PJM_NEPTUNE,325305,660,660,-660
01/08/2025 23:45,SCH - PJM_VFT,325658,245,315,-315
01/08/2025 23:45,SPR/DUN-SOUTH,23320,2446.03,4600,-9999
01/08/2025 23:45,TOTAL EAST,23314,5608.92,7550,-9999
01/08/2025 23:45,UPNY CONED,23315,4298.33,6555,-9999
01/08/2025 23:45,WEST CENTRAL,23312,899.1,9999,-9999
01/08/2025 23:50,CENTRAL EAST - VC,23330,3207.74,3400,-9999
01/08/2025 23:50,DYSINGER EAST,23326,1311.86,3200,-9999
01/08/2025 23:50,MOSES SOUTH,23319,1386.09,2650,-1600
01/08/2025 23:50,SCH - HQ - NY,23324,913,1100,-490
01/08/2025 23:50,SCH - HQ_CEDARS,325274,100,279,-100
01/08/2025 23:50,SCH - HQ_IMPORT_EXPORT,325376,647,1310,-9999
01/08/2025 23:50,SCH - NE - NY,23318,-775.2,1400,-1800
01/08/2025 23:50,SCH - NPX_1385,325277,0,0,0
01/08/2025 23:50,SCH - NPX_CSC,325154,150,330,-330
01/08/2025 23:50,SCH - OH - NY,23317,1125.14,2200,-1850
01/08/2025 23:50,SCH - PJ - NY,23316,1415.25,1700,-2400
01/08/2025 23:50,SCH - PJM_HTP,325905,300,660,-660
01/08/2025 23:50,SCH - PJM_NEPTUNE,325305,660,660,-660
01/08/2025 23:50,SCH - PJM_VFT,325658,232,315,-315
01/08/2025 23:50,SPR/DUN-SOUTH,23320,2520.61,4600,-9999
01/08/2025 23:50,TOTAL EAST,23314,5638.66,7550,-9999
01/08/2025 23:50,UPNY CONED,23315,4363.46,6555,-9999
01/08/2025 23:50,WEST CENTRAL,23312,732.12,9999,-9999
01/08/2025 23:55,CENTRAL EAST - VC,23330,3183.72,3400,-9999
01/08/2025 23:55,DYSINGER EAST,23326,1305.9,3200,-9999
01/08/2025 23:55,MOSES SOUTH,23319,1393.36,2650,-1600
01/08/2025 23:55,SCH - HQ - NY,23324,913,1100,-490
01/08/2025 23:55,SCH - HQ_CEDARS,325274,100,279,-100
01/08/2025 23:55,SCH - HQ_IMPORT_EXPORT,325376,647,1310,-9999
01/08/2025 23:55,SCH - NE - NY,23318,-775.18,1400,-1800
01/08/2025 23:55,SCH - NPX_1385,325277,0,0,0
01/08/2025 23:55,SCH - NPX_CSC,325154,150,330,-330
01/08/2025 23:55,SCH - OH - NY,23317,1125.18,2200,-1850
01/08/2025 23:55,SCH - PJ - NY,23316,1415.19,1700,-2400
01/08/2025 23:55,SCH - PJM_HTP,325905,300,660,-660
01/08/2025 23:55,SCH - PJM_NEPTUNE,325305,660,660,-660
01/08/2025 23:55,SCH - PJM_VFT,325658,232,315,-315
01/08/2025 23:55,SPR/DUN-SOUTH,23320,2508.04,4600,-9999
01/08/2025 23:55,TOTAL EAST,23314,5656.64,7550,-9999
01/08/2025 23:55,UPNY CONED,23315,4345.31,6555,-9999
01/08/2025 23:55,WEST CENTRAL,23312,731.76,9999,-9999
