Timestamp,Interface Name,Point ID,Flow (MWH),Positive Limit (MWH),Negative Limit (MWH)
07/23/2019 00:00,CENTRAL EAST - VC,23330,2213.72,2530,-9999
07/23/2019 00:00,DYSINGER EAST,23326,819.31,3150,-9999
07/23/2019 00:00,MOSES SOUTH,23319,2248.62,3150,-1600
07/23/2019 00:00,SCH - HQ - NY,23324,1500,1500,-800
07/23/2019 00:00,SCH - HQ_CEDARS,325274,190,190,-40
07/23/2019 00:00,SCH - HQ_IMPORT_EXPORT,325376,1200,1310,-9999
07/23/2019 00:00,SCH - NE - NY,23318,-1278.12,1400,-1600
07/23/2019 00:00,SCH - NPX_1385,325277,-13,200,-200
07/23/2019 00:00,SCH - NPX_CSC,325154,272,330,-330
07/23/2019 00:00,SCH - OH - NY,23317,841.66,1500,-1700
07/23/2019 00:00,SCH - PJ - NY,23316,387.44,2050,-1150
07/23/2019 00:00,SCH - PJM_HTP,325905,200,660,-660
07/23/2019 00:00,SCH - PJM_NEPTUNE,325305,418,660,-660
07/23/2019 00:00,SCH - PJM_VFT,325658,315,315,-315
07/23/2019 00:00,SPR/DUN-SOUTH,23320,3726.24,4350,-9999
07/23/2019 00:00,TOTAL EAST,23314,4050.88,6800,-9999
07/23/2019 00:00,UPNY CONED,23315,3431.1,5700,-9999
07/23/2019 00:00,WEST CENTRAL,23312,350.33,9999,-9999
07/23/2019 00:05,CENTRAL EAST - VC,23330,2204.73,2530,-9999
07/23/2019 00:05,DYSINGER EAST,23326,823.03,3150,-9999
07/23/2019 00:05,MOSES SOUTH,23319,2134.18,3150,-1600
07/23/2019 00:05,SCH - HQ - NY,23324,1500,1500,-800
07/23/2019 00:05,SCH - HQ_CEDARS,325274,190,190,-40
07/23/2019 00:05,SCH - HQ_IMPORT_EXPORT,325376,1200,1310,-9999
07/23/2019 00:05,SCH - NE - NY,23318,-1218.12,1400,-1600
07/23/2019 00:05,SCH - NPX_1385,325277,0,200,-200
07/23/2019 00:05,SCH - NPX_CSC,325154,330,330,-330
07/23/2019 00:05,SCH - OH - NY,23317,898.59,1500,-1700
07/23/2019 00:05,SCH - PJ - NY,23316,378.53,2050,-1150
07/23/2019 00:05,SCH - PJM_HTP,325905,200,660,-660
07/23/2019 00:05,SCH - PJM_NEPTUNE,325305,559,660,-660
07/23/2019 00:05,SCH - PJM_VFT,325658,315,315,-315
07/23/2019 00:05,SPR/DUN-SOUTH,23320,3717.07,4350,-9999
07/23/2019 00:05,TOTAL EAST,23314,3957.67,6800,-9999
07/23/2019 00:05,UPNY CONED,23315,3311.51,5700,-9999
07/23/2019 00:05,WEST CENTRAL,23312,359.56,9999,-9999
07/23/2019 00:10,CENTRAL EAST - VC,23330,2138.04,2530,-9999
07/23/2019 00:10,DYSINGER EAST,23326,796.27,3150,-9999
07/23/2019 00:10,MOSES SOUTH,23319,2144.87,3150,-1600
07/23/2019 00:10,SCH - HQ - NY,23324,1500,1500,-800
07/23/2019 00:10,SCH - HQ_CEDARS,325274,190,190,-40
07/23/2019 00:10,SCH - HQ_IMPORT_EXPORT,325376,1200,1310,-9999
07/23/2019 00:10,SCH - NE - NY,23318,-1213.42,1400,-1600
07/23/2019 00:10,SCH - NPX_1385,325277,0,200,-200
07/23/2019 00:10,SCH - NPX_CSC,325154,330,330,-330
07/23/2019 00:10,SCH - OH - NY,23317,898.68,1500,-1700
07/23/2019 00:10,SCH - PJ - NY,23316,373.05,2050,-1150
07/23/2019 00:10,SCH - PJM_HTP,325905,200,660,-660
07/23/2019 00:10,SCH - PJM_NEPTUNE,325305,559,660,-660
07/23/2019 00:10,SCH - PJM_VFT,325658,315,315,-315
07/23/2019 00:10,SPR/DUN-SOUTH,23320,3723.72,4350,-9999
07/23/2019 00:10,TOTAL EAST,23314,3902.16,6800,-9999
07/23/2019 00:10,UPNY CONED,23315,3352.41,5700,-9999
07/23/2019 00:10,WEST CENTRAL,23312,335.71,9999,-9999
07/23/2019 00:15,CENTRAL EAST - VC,23330,2247.26,2530,-9999
07/23/2019 00:15,DYSINGER EAST,23326,974.16,3150,-9999
07/23/2019 00:15,MOSES SOUTH,23319,2087.74,3150,-1600
07/23/2019 00:15,SCH - HQ - NY,23324,1500,1500,-800
07/23/2019 00:15,SCH - HQ_CEDARS,325274,190,190,-40
07/23/2019 00:15,SCH - HQ_IMPORT_EXPORT,325376,1200,1310,-9999
07/23/2019 00:15,SCH - NE - NY,23318,-1217.13,1400,-1600
07/23/2019 00:15,SCH - NPX_1385,325277,0,200,-200
07/23/2019 00:15,SCH - NPX_CSC,325154,330,330,-330
07/23/2019 00:15,SCH - OH - NY,23317,898.68,1500,-1700
07/23/2019 00:15,SCH - PJ - NY,23316,377.6,2050,-1150
07/23/2019 00:15,SCH - PJM_HTP,325905,200,660,-660
07/23/2019 00:15,SCH - PJM_NEPTUNE,325305,584,660,-660
07/23/2019 00:15,SCH - PJM_VFT,325658,315,315,-315
07/23/2019 00:15,SPR/DUN-SOUTH,23320,3708.4,4350,-9999
07/23/2019 00:15,TOTAL EAST,23314,3919.42,6800,-9999
07/23/2019 00:15,UPNY CONED,23315,3413.66,5700,-9999
07/23/2019 00:15,WEST CENTRAL,23312,513.77,9999,-9999
07/23/2019 00:20,CENTRAL EAST - VC,23330,2217.23,2530,-9999
07/23/2019 00:20,DYSINGER EAST,23326,967.46,3150,-9999
07/23/2019 00:20,MOSES SOUTH,23319,2077.75,3150,-1600
07/23/2019 00:20,SCH - HQ - NY,23324,1500,1500,-800
07/23/2019 00:20,SCH - HQ_CEDARS,325274,190,190,-40
07/23/2019 00:20,SCH - HQ_IMPORT_EXPORT,325376,1200,1310,-9999
07/23/2019 00:20,SCH - NE - NY,23318,-1216.11,1400,-1600
07/23/2019 00:20,SCH - NPX_1385,325277,0,200,-200
07/23/2019 00:20,SCH - NPX_CSC,325154,330,330,-330
07/23/2019 00:20,SCH - OH - NY,23317,898.69,1500,-1700
07/23/2019 00:20,SCH - PJ - NY,23316,378.25,2050,-1150
07/23/2019 00:20,SCH - PJM_HTP,325905,200,660,-660
07/23/2019 00:20,SCH - PJM_NEPTUNE,325305,610,660,-660
07/23/2019 00:20,SCH - PJM_VFT,325658,315,315,-315
07/23/2019 00:20,SPR/DUN-SOUTH,23320,3706.97,4350,-9999
07/23/2019 00:20,TOTAL EAST,23314,3958.04,6800,-9999
07/23/2019 00:20,UPNY CONED,23315,3442.74,5700,-9999
07/23/2019 00:20,WEST CENTRAL,23312,508.25,9999,-9999
07/23/2019 00:25,CENTRAL EAST - VC,23330,2159.16,2530,-9999
07/23/2019 00:25,DYSINGER EAST,23326,884.83,3150,-9999
07/23/2019 00:25,MOSES SOUTH,23319,2053.64,3150,-1600
07/23/2019 00:25,SCH - HQ - NY,23324,1500,1500,-800
07/23/2019 00:25,SCH - HQ_CEDARS,325274,190,190,-40
07/23/2019 00:25,SCH - HQ_IMPORT_EXPORT,325376,1200,1310,-9999
07/23/2019 00:25,SCH - NE - NY,23318,-1211.04,1400,-1600
07/23/2019 00:25,SCH - NPX_1385,325277,0,200,-200
07/23/2019 00:25,SCH - NPX_CSC,325154,330,330,-330
07/23/2019 00:25,SCH - OH - NY,23317,898.61,1500,-1700
07/23/2019 00:25,SCH - PJ - NY,23316,371.89,2050,-1150
07/23/2019 00:25,SCH - PJM_HTP,325905,200,660,-660
07/23/2019 00:25,SCH - PJM_NEPTUNE,325305,610,660,-660
07/23/2019 00:25,SCH - PJM_VFT,325658,315,315,-315
07/23/2019 00:25,SPR/DUN-SOUTH,23320,3685.25,4350,-9999
07/23/2019 00:25,TOTAL EAST,23314,3900.03,6800,-9999
07/23/2019 00:25,UPNY CONED,23315,3449.76,5700,-9999
07/23/2019 00:25,WEST CENTRAL,23312,430.65,9999,-9999
07/23/2019 00:30,CENTRAL EAST - VC,23330,2196.4,2530,-9999
07/23/2019 00:30,DYSINGER EAST,23326,956.58,3150,-9999
07/23/2019 00:30,MOSES SOUTH,23319,2057.77,3150,-1600
07/23/2019 00:30,SCH - HQ - NY,23324,1500,1500,-800
07/23/2019 00:30,SCH - HQ_CEDARS,325274,190,190,-40
07/23/2019 00:30,SCH - HQ_IMPORT_EXPORT,325376,1200,1310,-9999
07/23/2019 00:30,SCH - NE - NY,23318,-1178.44,1400,-1600
07/23/2019 00:30,SCH - NPX_1385,325277,0,200,-200
07/23/2019 00:30,SCH - NPX_CSC,325154,330,330,-330
07/23/2019 00:30,SCH - OH - NY,23317,898.68,1500,-1700
07/23/2019 00:30,SCH - PJ - NY,23316,381.63,2050,-1150
07/23/2019 00:30,SCH - PJM_HTP,325905,200,660,-660
07/23/2019 00:30,SCH - PJM_NEPTUNE,325305,623,660,-660
07/23/2019 00:30,SCH - PJM_VFT,325658,315,315,-315
07/23/2019 00:30,SPR/DUN-SOUTH,23320,3685.66,4350,-9999
07/23/2019 00:30,TOTAL EAST,23314,3947.96,6800,-9999
07/23/2019 00:30,UPNY CONED,23315,3548.49,5700,-9999
07/23/2019 00:30,WEST CENTRAL,23312,504.98,9999,-9999
07/23/2019 00:35,CENTRAL EAST - VC,23330,2179.07,2530,-9999
07/23/2019 00:35,DYSINGER EAST,23326,934.52,3150,-9999
07/23/2019 00:35,MOSES SOUTH,23319,2071.69,3150,-1600
07/23/2019 00:35,SCH - HQ - NY,23324,1500,1500,-800
07/23/2019 00:35,SCH - HQ_CEDARS,325274,190,190,-40
07/23/2019 00:35,SCH - HQ_IMPORT_EXPORT,325376,1200,1310,-9999
07/23/2019 00:35,SCH - NE - NY,23318,-1136.48,1400,-1600
07/23/2019 00:35,SCH - NPX_1385,325277,0,200,-200
07/23/2019 00:35,SCH - NPX_CSC,325154,330,330,-330
07/23/2019 00:35,SCH - OH - NY,23317,898.72,1500,-1700
07/23/2019 00:35,SCH - PJ - NY,23316,372.56,2050,-1150
07/23/2019 00:35,SCH - PJM_HTP,325905,200,660,-660
07/23/2019 00:35,SCH - PJM_NEPTUNE,325305,637,660,-660
07/23/2019 00:35,SCH - PJM_VFT,325658,315,315,-315
07/23/2019 00:35,SPR/DUN-SOUTH,23320,3677.9,4350,-9999
07/23/2019 00:35,TOTAL EAST,23314,3924.3,6800,-9999
07/23/2019 00:35,UPNY CONED,23315,3530.46,5700,-9999
07/23/2019 00:35,WEST CENTRAL,23312,485.15,9999,-9999
07/23/2019 00:40,CENTRAL EAST - VC,23330,2184.4,2530,-9999
07/23/2019 00:40,DYSINGER EAST,23326,891.49,3150,-9999
07/23/2019 00:40,MOSES SOUTH,23319,2075.73,3150,-1600
07/23/2019 00:40,SCH - HQ - NY,23324,1500,1500,-800
07/23/2019 00:40,SCH - HQ_CEDARS,325274,190,190,-40
07/23/2019 00:40,SCH - HQ_IMPORT_EXPORT,325376,1200,1310,-9999
07/23/2019 00:40,SCH - NE - NY,23318,-1136.2,1400,-1600
07/23/2019 00:40,SCH - NPX_1385,325277,0,200,-200
07/23/2019 00:40,SCH - NPX_CSC,325154,330,330,-330
07/23/2019 00:40,SCH - OH - NY,23317,898.65,1500,-1700
07/23/2019 00:40,SCH - PJ - NY,23316,372.14,2050,-1150
07/23/2019 00:40,SCH - PJM_HTP,325905,200,660,-660
07/23/2019 00:40,SCH - PJM_NEPTUNE,325305,637,660,-660
07/23/2019 00:40,SCH - PJM_VFT,325658,315,315,-315
07/23/2019 00:40,SPR/DUN-SOUTH,23320,3678,4350,-9999
07/23/2019 00:40,TOTAL EAST,23314,3926.93,6800,-9999
07/23/2019 00:40,UPNY CONED,23315,3562.33,5700,-9999
07/23/2019 00:40,WEST CENTRAL,23312,448.68,9999,-9999
07/23/2019 00:45,CENTRAL EAST - VC,23330,2184.56,2530,-9999
07/23/2019 00:45,DYSINGER EAST,23326,878.59,3150,-9999
07/23/2019 00:45,MOSES SOUTH,23319,2081.05,3150,-1600
07/23/2019 00:45,SCH - HQ - NY,23324,1500,1500,-800
07/23/2019 00:45,SCH - HQ_CEDARS,325274,190,190,-40
07/23/2019 00:45,SCH - HQ_IMPORT_EXPORT,325376,1200,1310,-9999
07/23/2019 00:45,SCH - NE - NY,23318,-1048.33,1400,-1600
07/23/2019 00:45,SCH - NPX_1385,325277,0,200,-200
07/23/2019 00:45,SCH - NPX_CSC,325154,330,330,-330
07/23/2019 00:45,SCH - OH - NY,23317,898.68,1500,-1700
07/23/2019 00:45,SCH - PJ - NY,23316,375.37,2050,-1150
07/23/2019 00:45,SCH - PJM_HTP,325905,200,660,-660
07/23/2019 00:45,SCH - PJM_NEPTUNE,325305,623,660,-660
07/23/2019 00:45,SCH - PJM_VFT,325658,315,315,-315
07/23/2019 00:45,SPR/DUN-SOUTH,23320,3681.65,4350,-9999
07/23/2019 00:45,TOTAL EAST,23314,3950.3,6800,-9999
07/23/2019 00:45,UPNY CONED,23315,3647.79,5700,-9999
07/23/2019 00:45,WEST CENTRAL,23312,438.91,9999,-9999
07/23/2019 00:50,CENTRAL EAST - VC,23330,2163.1,2530,-9999
07/23/2019 00:50,DYSINGER EAST,23326,802.27,3150,-9999
07/23/2019 00:50,MOSES SOUTH,23319,2093.06,3150,-1600
07/23/2019 00:50,SCH - HQ - NY,23324,1500,1500,-800
07/23/2019 00:50,SCH - HQ_CEDARS,325274,190,190,-40
07/23/2019 00:50,SCH - HQ_IMPORT_EXPORT,325376,1200,1310,-9999
07/23/2019 00:50,SCH - NE - NY,23318,-960.88,1400,-1600
07/23/2019 00:50,SCH - NPX_1385,325277,0,200,-200
07/23/2019 00:50,SCH - NPX_CSC,325154,330,330,-330
07/23/2019 00:50,SCH - OH - NY,23317,898.65,1500,-1700
07/23/2019 00:50,SCH - PJ - NY,23316,371.86,2050,-1150
07/23/2019 00:50,SCH - PJM_HTP,325905,200,660,-660
07/23/2019 00:50,SCH - PJM_NEPTUNE,325305,610,660,-660
07/23/2019 00:50,SCH - PJM_VFT,325658,315,315,-315
07/23/2019 00:50,SPR/DUN-SOUTH,23320,3686.54,4350,-9999
07/23/2019 00:50,TOTAL EAST,23314,3893.98,6800,-9999
07/23/2019 00:50,UPNY CONED,23315,3683.17,5700,-9999
07/23/2019 00:50,WEST CENTRAL,23312,366.26,9999,-9999
07/23/2019 00:55,CENTRAL EAST - VC,23330,2132.41,2530,-9999
07/23/2019 00:55,DYSINGER EAST,23326,794.97,3150,-9999
07/23/2019 00:55,MOSES SOUTH,23319,2093.32,3150,-1600
07/23/2019 00:55,SCH - HQ - NY,23324,1500,1500,-800
07/23/2019 00:55,SCH - HQ_CEDARS,325274,190,190,-40
07/23/2019 00:55,SCH - HQ_IMPORT_EXPORT,325376,1200,1310,-9999
07/23/2019 00:55,SCH - NE - NY,23318,-961.41,1400,-1600
07/23/2019 00:55,SCH - NPX_1385,325277,0,200,-200
07/23/2019 00:55,SCH - NPX_CSC,325154,330,330,-330
07/23/2019 00:55,SCH - OH - NY,23317,898.63,1500,-1700
07/23/2019 00:55,SCH - PJ - NY,23316,373.76,2050,-1150
07/23/2019 00:55,SCH - PJM_HTP,325905,200,660,-660
07/23/2019 00:55,SCH - PJM_NEPTUNE,325305,610,660,-660
07/23/2019 00:55,SCH - PJM_VFT,325658,315,315,-315
07/23/2019 00:55,SPR/DUN-SOUTH,23320,3674.74,4350,-9999
07/23/2019 00:55,TOTAL EAST,23314,3948.02,6800,-9999
07/23/2019 00:55,UPNY CONED,23315,3667.82,5700,-9999
07/23/2019 00:55,WEST CENTRAL,23312,363.84,9999,-9999
07/23/2019 01:00,CENTRAL EAST - VC,23330,2131.77,2530,-9999
07/23/2019 01:00,DYSINGER EAST,23326,834.04,3150,-9999
07/23/2019 01:00,MOSES SOUTH,23319,2096.58,3150,-1600
07/23/2019 01:00,SCH - HQ - NY,23324,1500,1500,-800
07/23/2019 01:00,SCH - HQ_CEDARS,325274,190,190,-40
07/23/2019 01:00,SCH - HQ_IMPORT_EXPORT,325376,1200,1310,-9999
07/23/2019 01:00,SCH - NE - NY,23318,-855.75,1400,-1600
07/23/2019 01:00,SCH - NPX_1385,325277,41,200,-200
07/23/2019 01:00,SCH - NPX_CSC,325154,280,330,-330
07/23/2019 01:00,SCH - OH - NY,23317,898.75,1500,-1700
07/23/2019 01:00,SCH - PJ - NY,23316,328.24,2050,-1150
07/23/2019 01:00,SCH - PJM_HTP,325905,150,660,-660
07/23/2019 01:00,SCH - PJM_NEPTUNE,325305,635,660,-660
07/23/2019 01:00,SCH - PJM_VFT,325658,315,315,-315
07/23/2019 01:00,SPR/DUN-SOUTH,23320,3675.04,4350,-9999
07/23/2019 01:00,TOTAL EAST,23314,3883.12,6800,-9999
07/23/2019 01:00,UPNY CONED,23315,3685.29,5700,-9999
07/23/2019 01:00,WEST CENTRAL,23312,405.46,9999,-9999
07/23/2019 01:05,CENTRAL EAST - VC,23330,2154.87,2530,-9999
07/23/2019 01:05,DYSINGER EAST,23326,841.78,3150,-9999
07/23/2019 01:05,MOSES SOUTH,23319,2106.33,3150,-1600
07/23/2019 01:05,SCH - HQ - NY,23324,1500,1500,-800
07/23/2019 01:05,SCH - HQ_CEDARS,325274,190,190,-40
07/23/2019 01:05,SCH - HQ_IMPORT_EXPORT,325376,1200,1310,-9999
07/23/2019 01:05,SCH - NE - NY,23318,-750.92,1400,-1600
07/23/2019 01:05,SCH - NPX_1385,325277,83,200,-200
07/23/2019 01:05,SCH - NPX_CSC,325154,230,330,-330
07/23/2019 01:05,SCH - OH - NY,23317,898.71,1500,-1700
07/23/2019 01:05,SCH - PJ - NY,23316,281.4,2050,-1150
07/23/2019 01:05,SCH - PJM_HTP,325905,100,660,-660
07/23/2019 01:05,SCH - PJM_NEPTUNE,325305,660,660,-660
07/23/2019 01:05,SCH - PJM_VFT,325658,315,315,-315
07/23/2019 01:05,SPR/DUN-SOUTH,23320,3685.34,4350,-9999
07/23/2019 01:05,TOTAL EAST,23314,3840.33,6800,-9999
07/23/2019 01:05,UPNY CONED,23315,3687.24,5700,-9999
07/23/2019 01:05,WEST CENTRAL,23312,415.34,9999,-9999
07/23/2019 01:10,CENTRAL EAST - VC,23330,2151.08,2530,-9999
07/23/2019 01:10,DYSINGER EAST,23326,846.9,3150,-9999
07/23/2019 01:10,MOSES SOUTH,23319,2121.87,3150,-1600
07/23/2019 01:10,SCH - HQ - NY,23324,1500,1500,-800
07/23/2019 01:10,SCH - HQ_CEDARS,325274,190,190,-40
07/23/2019 01:10,SCH - HQ_IMPORT_EXPORT,325376,1200,1310,-9999
07/23/2019 01:10,SCH - NE - NY,23318,-751.1,1400,-1600
07/23/2019 01:10,SCH - NPX_1385,325277,83,200,-200
07/23/2019 01:10,SCH - NPX_CSC,325154,230,330,-330
07/23/2019 01:10,SCH - OH - NY,23317,898.72,1500,-1700
07/23/2019 01:10,SCH - PJ - NY,23316,284.67,2050,-1150
07/23/2019 01:10,SCH - PJM_HTP,325905,100,660,-660
07/23/2019 01:10,SCH - PJM_NEPTUNE,325305,660,660,-660
07/23/2019 01:10,SCH - PJM_VFT,325658,315,315,-315
07/23/2019 01:10,SPR/DUN-SOUTH,23320,3677.49,4350,-9999
07/23/2019 01:10,TOTAL EAST,23314,3858.07,6800,-9999
07/23/2019 01:10,UPNY CONED,23315,3667.19,5700,-9999
07/23/2019 01:10,WEST CENTRAL,23312,423.41,9999,-9999
07/23/2019 01:15,CENTRAL EAST - VC,23330,2144.45,2530,-9999
07/23/2019 01:15,DYSINGER EAST,23326,882.66,3150,-9999
07/23/2019 01:15,MOSES SOUTH,23319,2078.25,3150,-1600
07/23/2019 01:15,SCH - HQ - NY,23324,1500,1500,-800
07/23/2019 01:15,SCH - HQ_CEDARS,325274,190,190,-40
07/23/2019 01:15,SCH - HQ_IMPORT_EXPORT,325376,1200,1310,-9999
07/23/2019 01:15,SCH - NE - NY,23318,-750.72,1400,-1600
07/23/2019 01:15,SCH - NPX_1385,325277,83,200,-200
07/23/2019 01:15,SCH - NPX_CSC,325154,230,330,-330
07/23/2019 01:15,SCH - OH - NY,23317,898.65,1500,-1700
07/23/2019 01:15,SCH - PJ - NY,23316,280.27,2050,-1150
07/23/2019 01:15,SCH - PJM_HTP,325905,96,660,-660
07/23/2019 01:15,SCH - PJM_NEPTUNE,325305,660,660,-660
07/23/2019 01:15,SCH - PJM_VFT,325658,315,315,-315
07/23/2019 01:15,SPR/DUN-SOUTH,23320,3675.84,4350,-9999
07/23/2019 01:15,TOTAL EAST,23314,3879.54,6800,-9999
07/23/2019 01:15,UPNY CONED,23315,3648.11,5700,-9999
07/23/2019 01:15,WEST CENTRAL,23312,464.16,9999,-9999
07/23/2019 01:20,CENTRAL EAST - VC,23330,2097.77,2530,-9999
07/23/2019 01:20,DYSINGER EAST,23326,789.88,3150,-9999
07/23/2019 01:20,MOSES SOUTH,23319,2092.39,3150,-1600
07/23/2019 01:20,SCH - HQ - NY,23324,1500,1500,-800
07/23/2019 01:20,SCH - HQ_CEDARS,325274,190,190,-40
07/23/2019 01:20,SCH - HQ_IMPORT_EXPORT,325376,1200,1310,-9999
07/23/2019 01:20,SCH - NE - NY,23318,-750.66,1400,-1600
07/23/2019 01:20,SCH - NPX_1385,325277,83,200,-200
07/23/2019 01:20,SCH - NPX_CSC,325154,230,330,-330
07/23/2019 01:20,SCH - OH - NY,23317,898.71,1500,-1700
07/23/2019 01:20,SCH - PJ - NY,23316,282.06,2050,-1150
07/23/2019 01:20,SCH - PJM_HTP,325905,93,660,-660
07/23/2019 01:20,SCH - PJM_NEPTUNE,325305,660,660,-660
07/23/2019 01:20,SCH - PJM_VFT,325658,315,315,-315
07/23/2019 01:20,SPR/DUN-SOUTH,23320,3670.16,4350,-9999
07/23/2019 01:20,TOTAL EAST,23314,3824.18,6800,-9999
07/23/2019 01:20,UPNY CONED,23315,3612.48,5700,-9999
07/23/2019 01:20,WEST CENTRAL,23312,376.08,9999,-9999
07/23/2019 01:25,CENTRAL EAST - VC,23330,2072.85,2530,-9999
07/23/2019 01:25,DYSINGER EAST,23326,772.47,3150,-9999
07/23/2019 01:25,MOSES SOUTH,23319,2081.59,3150,-1600
07/23/2019 01:25,SCH - HQ - NY,23324,1500,1500,-800
07/23/2019 01:25,SCH - HQ_CEDARS,325274,190,190,-40
07/23/2019 01:25,SCH - HQ_IMPORT_EXPORT,325376,1200,1310,-9999
07/23/2019 01:25,SCH - NE - NY,23318,-750.8,1400,-1600
07/23/2019 01:25,SCH - NPX_1385,325277,83,200,-200
07/23/2019 01:25,SCH - NPX_CSC,325154,230,330,-330
07/23/2019 01:25,SCH - OH - NY,23317,898.69,1500,-1700
07/23/2019 01:25,SCH - PJ - NY,23316,280.22,2050,-1150
07/23/2019 01:25,SCH - PJM_HTP,325905,93,660,-660
07/23/2019 01:25,SCH - PJM_NEPTUNE,325305,660,660,-660
07/23/2019 01:25,SCH - PJM_VFT,325658,315,315,-315
07/23/2019 01:25,SPR/DUN-SOUTH,23320,3657.2,4350,-9999
07/23/2019 01:25,TOTAL EAST,23314,3833.95,6800,-9999
07/23/2019 01:25,UPNY CONED,23315,3644.92,5700,-9999
07/23/2019 01:25,WEST CENTRAL,23312,360.7,9999,-9999
07/23/2019 01:28,CENTRAL EAST - VC,23330,2096.63,2530,-9999
07/23/2019 01:28,DYSINGER EAST,23326,764.33,3150,-9999
07/23/2019 01:28,MOSES SOUTH,23319,2060.91,3150,-1600
07/23/2019 01:28,SCH - HQ - NY,23324,1500,1500,-800
07/23/2019 01:28,SCH - HQ_CEDARS,325274,190,190,-40
07/23/2019 01:28,SCH - HQ_IMPORT_EXPORT,325376,1200,1310,-9999
07/23/2019 01:28,SCH - NE - NY,23318,-719.76,1400,-1600
07/23/2019 01:28,SCH - NPX_1385,325277,83,200,-200
07/23/2019 01:28,SCH - NPX_CSC,325154,230,330,-330
07/23/2019 01:28,SCH - OH - NY,23317,898.59,1500,-1700
07/23/2019 01:28,SCH - PJ - NY,23316,283.08,2050,-1150
07/23/2019 01:28,SCH - PJM_HTP,325905,92,660,-660
07/23/2019 01:28,SCH - PJM_NEPTUNE,325305,660,660,-660
07/23/2019 01:28,SCH - PJM_VFT,325658,315,315,-315
07/23/2019 01:28,SPR/DUN-SOUTH,23320,3578.21,4350,-9999
07/23/2019 01:28,TOTAL EAST,23314,3780.79,6800,-9999
07/23/2019 01:28,UPNY CONED,23315,3582.5,5700,-9999
07/23/2019 01:28,WEST CENTRAL,23312,350.64,9999,-9999
07/23/2019 01:30,CENTRAL EAST - VC,23330,2095.18,2530,-9999
07/23/2019 01:30,CENTRAL EAST - VC,23330,2081.53,2530,-9999
07/23/2019 01:30,DYSINGER EAST,23326,784.25,3150,-9999
07/23/2019 01:30,DYSINGER EAST,23326,760.76,3150,-9999
07/23/2019 01:30,MOSES SOUTH,23319,2067.24,3150,-1600
07/23/2019 01:30,MOSES SOUTH,23319,2090.29,3150,-1600
07/23/2019 01:30,SCH - HQ - NY,23324,1500,1500,-800
07/23/2019 01:30,SCH - HQ - NY,23324,1500,1500,-800
07/23/2019 01:30,SCH - HQ_CEDARS,325274,190,190,-40
07/23/2019 01:30,SCH - HQ_CEDARS,325274,190,190,-40
07/23/2019 01:30,SCH - HQ_IMPORT_EXPORT,325376,1200,1310,-9999
07/23/2019 01:30,SCH - HQ_IMPORT_EXPORT,325376,1200,1310,-9999
07/23/2019 01:30,SCH - NE - NY,23318,-699.83,1400,-1600
07/23/2019 01:30,SCH - NE - NY,23318,-699.83,1400,-1600
07/23/2019 01:30,SCH - NPX_1385,325277,83,200,-200
07/23/2019 01:30,SCH - NPX_1385,325277,83,200,-200
07/23/2019 01:30,SCH - NPX_CSC,325154,230,330,-330
07/23/2019 01:30,SCH - NPX_CSC,325154,230,330,-330
07/23/2019 01:30,SCH - OH - NY,23317,898.66,1500,-1700
07/23/2019 01:30,SCH - OH - NY,23317,898.63,1500,-1700
07/23/2019 01:30,SCH - PJ - NY,23316,282.24,2050,-1150
07/23/2019 01:30,SCH - PJ - NY,23316,281.25,2050,-1150
07/23/2019 01:30,SCH - PJM_HTP,325905,92,660,-660
07/23/2019 01:30,SCH - PJM_HTP,325905,92,660,-660
07/23/2019 01:30,SCH - PJM_NEPTUNE,325305,660,660,-660
07/23/2019 01:30,SCH - PJM_NEPTUNE,325305,660,660,-660
07/23/2019 01:30,SCH - PJM_VFT,325658,315,315,-315
07/23/2019 01:30,SCH - PJM_VFT,325658,315,315,-315
07/23/2019 01:30,SPR/DUN-SOUTH,23320,3655.33,4350,-9999
07/23/2019 01:30,SPR/DUN-SOUTH,23320,3662.96,4350,-9999
07/23/2019 01:30,TOTAL EAST,23314,3824.98,6800,-9999
07/23/2019 01:30,TOTAL EAST,23314,3833.04,6800,-9999
07/23/2019 01:30,UPNY CONED,23315,3661.33,5700,-9999
07/23/2019 01:30,UPNY CONED,23315,3652.55,5700,-9999
07/23/2019 01:30,WEST CENTRAL,23312,372.14,9999,-9999
07/23/2019 01:30,WEST CENTRAL,23312,350.2,9999,-9999
07/23/2019 01:40,CENTRAL EAST - VC,23330,2081.11,2530,-9999
07/23/2019 01:40,DYSINGER EAST,23326,748.67,3150,-9999
07/23/2019 01:40,MOSES SOUTH,23319,2084.06,3150,-1600
07/23/2019 01:40,SCH - HQ - NY,23324,1500,1500,-800
07/23/2019 01:40,SCH - HQ_CEDARS,325274,190,190,-40
07/23/2019 01:40,SCH - HQ_IMPORT_EXPORT,325376,1200,1310,-9999
07/23/2019 01:40,SCH - NE - NY,23318,-650.21,1400,-1600
07/23/2019 01:40,SCH - NPX_1385,325277,83,200,-200
07/23/2019 01:40,SCH - NPX_CSC,325154,230,330,-330
07/23/2019 01:40,SCH - OH - NY,23317,898.74,1500,-1700
07/23/2019 01:40,SCH - PJ - NY,23316,282.56,2050,-1150
07/23/2019 01:40,SCH - PJM_HTP,325905,92,660,-660
07/23/2019 01:40,SCH - PJM_NEPTUNE,325305,660,660,-660
07/23/2019 01:40,SCH - PJM_VFT,325658,315,315,-315
07/23/2019 01:40,SPR/DUN-SOUTH,23320,3637.41,4350,-9999
07/23/2019 01:40,TOTAL EAST,23314,3753.39,6800,-9999
07/23/2019 01:40,UPNY CONED,23315,3602.34,5700,-9999
07/23/2019 01:40,WEST CENTRAL,23312,343.29,9999,-9999
07/23/2019 01:45,CENTRAL EAST - VC,23330,2122.01,2530,-9999
07/23/2019 01:45,DYSINGER EAST,23326,751.44,3150,-9999
07/23/2019 01:45,MOSES SOUTH,23319,2094.28,3150,-1600
07/23/2019 01:45,SCH - HQ - NY,23324,1500,1500,-800
07/23/2019 01:45,SCH - HQ_CEDARS,325274,190,190,-40
07/23/2019 01:45,SCH - HQ_IMPORT_EXPORT,325376,1200,1310,-9999
07/23/2019 01:45,SCH - NE - NY,23318,-610.07,1400,-1600
07/23/2019 01:45,SCH - NPX_1385,325277,83,200,-200
07/23/2019 01:45,SCH - NPX_CSC,325154,230,330,-330
07/23/2019 01:45,SCH - OH - NY,23317,898.74,1500,-1700
07/23/2019 01:45,SCH - PJ - NY,23316,283.35,2050,-1150
07/23/2019 01:45,SCH - PJM_HTP,325905,46,660,-660
07/23/2019 01:45,SCH - PJM_NEPTUNE,325305,660,660,-660
07/23/2019 01:45,SCH - PJM_VFT,325658,315,315,-315
07/23/2019 01:45,SPR/DUN-SOUTH,23320,3652.98,4350,-9999
07/23/2019 01:45,TOTAL EAST,23314,3744.66,6800,-9999
07/23/2019 01:45,UPNY CONED,23315,3617.97,5700,-9999
07/23/2019 01:45,WEST CENTRAL,23312,349.31,9999,-9999
07/23/2019 01:50,CENTRAL EAST - VC,23330,2084.06,2530,-9999
07/23/2019 01:50,DYSINGER EAST,23326,726.55,3150,-9999
07/23/2019 01:50,MOSES SOUTH,23319,2105.64,3150,-1600
07/23/2019 01:50,SCH - HQ - NY,23324,1500,1500,-800
07/23/2019 01:50,SCH - HQ_CEDARS,325274,190,190,-40
07/23/2019 01:50,SCH - HQ_IMPORT_EXPORT,325376,1200,1310,-9999
07/23/2019 01:50,SCH - NE - NY,23318,-571.48,1400,-1600
07/23/2019 01:50,SCH - NPX_1385,325277,83,200,-200
07/23/2019 01:50,SCH - NPX_CSC,325154,230,330,-330
07/23/2019 01:50,SCH - OH - NY,23317,898.8,1500,-1700
07/23/2019 01:50,SCH - PJ - NY,23316,281.83,2050,-1150
07/23/2019 01:50,SCH - PJM_HTP,325905,0,660,-660
07/23/2019 01:50,SCH - PJM_NEPTUNE,325305,660,660,-660
07/23/2019 01:50,SCH - PJM_VFT,325658,315,315,-315
07/23/2019 01:50,SPR/DUN-SOUTH,23320,3652.06,4350,-9999
07/23/2019 01:50,TOTAL EAST,23314,3747.77,6800,-9999
07/23/2019 01:50,UPNY CONED,23315,3610.73,5700,-9999
07/23/2019 01:50,WEST CENTRAL,23312,326.18,9999,-9999
07/23/2019 01:55,CENTRAL EAST - VC,23330,2091.15,2530,-9999
07/23/2019 01:55,DYSINGER EAST,23326,728.73,3150,-9999
07/23/2019 01:55,MOSES SOUTH,23319,2104.75,3150,-1600
07/23/2019 01:55,SCH - HQ - NY,23324,1500,1500,-800
07/23/2019 01:55,SCH - HQ_CEDARS,325274,190,190,-40
07/23/2019 01:55,SCH - HQ_IMPORT_EXPORT,325376,1200,1310,-9999
07/23/2019 01:55,SCH - NE - NY,23318,-571.56,1400,-1600
07/23/2019 01:55,SCH - NPX_1385,325277,83,200,-200
07/23/2019 01:55,SCH - NPX_CSC,325154,230,330,-330
07/23/2019 01:55,SCH - OH - NY,23317,898.78,1500,-1700
07/23/2019 01:55,SCH - PJ - NY,23316,282.94,2050,-1150
07/23/2019 01:55,SCH - PJM_HTP,325905,0,660,-660
07/23/2019 01:55,SCH - PJM_NEPTUNE,325305,660,660,-660
07/23/2019 01:55,SCH - PJM_VFT,325658,315,315,-315
07/23/2019 01:55,SPR/DUN-SOUTH,23320,3641.34,4350,-9999
07/23/2019 01:55,TOTAL EAST,23314,3726.09,6800,-9999
07/23/2019 01:55,UPNY CONED,23315,3599.7,5700,-9999
07/23/2019 01:55,WEST CENTRAL,23312,330.57,9999,-9999
07/23/2019 02:00,CENTRAL EAST - VC,23330,2077.43,2530,-9999
07/23/2019 02:00,DYSINGER EAST,23326,763.02,3150,-9999
07/23/2019 02:00,MOSES SOUTH,23319,2096.06,3150,-1600
07/23/2019 02:00,SCH - HQ - NY,23324,1500,1500,-800
07/23/2019 02:00,SCH - HQ_CEDARS,325274,190,190,-40
07/23/2019 02:00,SCH - HQ_IMPORT_EXPORT,325376,1200,1310,-9999
07/23/2019 02:00,SCH - NE - NY,23318,-587.31,1400,-1600
07/23/2019 02:00,SCH - NPX_1385,325277,83,200,-200
07/23/2019 02:00,SCH - NPX_CSC,325154,222,330,-330
07/23/2019 02:00,SCH - OH - NY,23317,898.77,1500,-1700
07/23/2019 02:00,SCH - PJ - NY,23316,283.69,2050,-1150
07/23/2019 02:00,SCH - PJM_HTP,325905,0,660,-660
07/23/2019 02:00,SCH - PJM_NEPTUNE,325305,660,660,-660
07/23/2019 02:00,SCH - PJM_VFT,325658,315,315,-315
07/23/2019 02:00,SPR/DUN-SOUTH,23320,3643.68,4350,-9999
07/23/2019 02:00,TOTAL EAST,23314,3709.15,6800,-9999
07/23/2019 02:00,UPNY CONED,23315,3603.08,5700,-9999
07/23/2019 02:00,WEST CENTRAL,23312,366.74,9999,-9999
07/23/2019 02:05,CENTRAL EAST - VC,23330,2105.32,2530,-9999
07/23/2019 02:05,DYSINGER EAST,23326,786.27,3150,-9999
07/23/2019 02:05,MOSES SOUTH,23319,2083.4,3150,-1600
07/23/2019 02:05,SCH - HQ - NY,23324,1500,1500,-800
07/23/2019 02:05,SCH - HQ_CEDARS,325274,190,190,-40
07/23/2019 02:05,SCH - HQ_IMPORT_EXPORT,325376,1200,1310,-9999
07/23/2019 02:05,SCH - NE - NY,23318,-603.86,1400,-1600
07/23/2019 02:05,SCH - NPX_1385,325277,83,200,-200
07/23/2019 02:05,SCH - NPX_CSC,325154,215,330,-330
07/23/2019 02:05,SCH - OH - NY,23317,898.75,1500,-1700
07/23/2019 02:05,SCH - PJ - NY,23316,284.11,2050,-1150
07/23/2019 02:05,SCH - PJM_HTP,325905,0,660,-660
07/23/2019 02:05,SCH - PJM_NEPTUNE,325305,660,660,-660
07/23/2019 02:05,SCH - PJM_VFT,325658,315,315,-315
07/23/2019 02:05,SPR/DUN-SOUTH,23320,3639.15,4350,-9999
07/23/2019 02:05,TOTAL EAST,23314,3691.22,6800,-9999
07/23/2019 02:05,UPNY CONED,23315,3597.2,5700,-9999
07/23/2019 02:05,WEST CENTRAL,23312,392.05,9999,-9999
07/23/2019 02:10,CENTRAL EAST - VC,23330,2085.19,2530,-9999
07/23/2019 02:10,DYSINGER EAST,23326,796.12,3150,-9999
07/23/2019 02:10,MOSES SOUTH,23319,2047.83,3150,-1600
07/23/2019 02:10,SCH - HQ - NY,23324,1500,1500,-800
07/23/2019 02:10,SCH - HQ_CEDARS,325274,190,190,-40
07/23/2019 02:10,SCH - HQ_IMPORT_EXPORT,325376,1200,1310,-9999
07/23/2019 02:10,SCH - NE - NY,23318,-603.91,1400,-1600
07/23/2019 02:10,SCH - NPX_1385,325277,83,200,-200
07/23/2019 02:10,SCH - NPX_CSC,325154,215,330,-330
07/23/2019 02:10,SCH - OH - NY,23317,898.66,1500,-1700
07/23/2019 02:10,SCH - PJ - NY,23316,287.27,2050,-1150
07/23/2019 02:10,SCH - PJM_HTP,325905,0,660,-660
07/23/2019 02:10,SCH - PJM_NEPTUNE,325305,660,660,-660
07/23/2019 02:10,SCH - PJM_VFT,325658,315,315,-315
07/23/2019 02:10,SPR/DUN-SOUTH,23320,3644.15,4350,-9999
07/23/2019 02:10,TOTAL EAST,23314,3696.94,6800,-9999
07/23/2019 02:10,UPNY CONED,23315,3589.11,5700,-9999
07/23/2019 02:10,WEST CENTRAL,23312,403.83,9999,-9999
07/23/2019 02:15,CENTRAL EAST - VC,23330,2054,2530,-9999
07/23/2019 02:15,DYSINGER EAST,23326,805.41,3150,-9999
07/23/2019 02:15,MOSES SOUTH,23319,2016.8,3150,-1600
07/23/2019 02:15,SCH - HQ - NY,23324,1500,1500,-800
07/23/2019 02:15,SCH - HQ_CEDARS,325274,190,190,-40
07/23/2019 02:15,SCH - HQ_IMPORT_EXPORT,325376,1200,1310,-9999
07/23/2019 02:15,SCH - NE - NY,23318,-650.9,1400,-1600
07/23/2019 02:15,SCH - NPX_1385,325277,83,200,-200
07/23/2019 02:15,SCH - NPX_CSC,325154,215,330,-330
07/23/2019 02:15,SCH - OH - NY,23317,898.68,1500,-1700
07/23/2019 02:15,SCH - PJ - NY,23316,285.4,2050,-1150
07/23/2019 02:15,SCH - PJM_HTP,325905,0,660,-660
07/23/2019 02:15,SCH - PJM_NEPTUNE,325305,660,660,-660
07/23/2019 02:15,SCH - PJM_VFT,325658,315,315,-315
07/23/2019 02:15,SPR/DUN-SOUTH,23320,3634.24,4350,-9999
07/23/2019 02:15,TOTAL EAST,23314,3699.48,6800,-9999
07/23/2019 02:15,UPNY CONED,23315,3566.68,5700,-9999
07/23/2019 02:15,WEST CENTRAL,23312,413.91,9999,-9999
07/23/2019 02:20,CENTRAL EAST - VC,23330,2080.1,2530,-9999
07/23/2019 02:20,DYSINGER EAST,23326,809.24,3150,-9999
07/23/2019 02:20,MOSES SOUTH,23319,2012.04,3150,-1600
07/23/2019 02:20,SCH - HQ - NY,23324,1500,1500,-800
07/23/2019 02:20,SCH - HQ_CEDARS,325274,190,190,-40
07/23/2019 02:20,SCH - HQ_IMPORT_EXPORT,325376,1200,1310,-9999
07/23/2019 02:20,SCH - NE - NY,23318,-697.96,1400,-1600
07/23/2019 02:20,SCH - NPX_1385,325277,83,200,-200
07/23/2019 02:20,SCH - NPX_CSC,325154,215,330,-330
07/23/2019 02:20,SCH - OH - NY,23317,898.61,1500,-1700
07/23/2019 02:20,SCH - PJ - NY,23316,286.27,2050,-1150
07/23/2019 02:20,SCH - PJM_HTP,325905,0,660,-660
07/23/2019 02:20,SCH - PJM_NEPTUNE,325305,660,660,-660
07/23/2019 02:20,SCH - PJM_VFT,325658,315,315,-315
07/23/2019 02:20,SPR/DUN-SOUTH,23320,3616.06,4350,-9999
07/23/2019 02:20,TOTAL EAST,23314,3715.99,6800,-9999
07/23/2019 02:20,UPNY CONED,23315,3534.1,5700,-9999
07/23/2019 02:20,WEST CENTRAL,23312,419.89,9999,-9999
07/23/2019 02:25,CENTRAL EAST - VC,23330,2119.63,2530,-9999
07/23/2019 02:25,DYSINGER EAST,23326,837.57,3150,-9999
07/23/2019 02:25,MOSES SOUTH,23319,2012.04,3150,-1600
07/23/2019 02:25,SCH - HQ - NY,23324,1500,1500,-800
07/23/2019 02:25,SCH - HQ_CEDARS,325274,190,190,-40
07/23/2019 02:25,SCH - HQ_IMPORT_EXPORT,325376,1200,1310,-9999
07/23/2019 02:25,SCH - NE - NY,23318,-697.7,1400,-1600
07/23/2019 02:25,SCH - NPX_1385,325277,83,200,-200
07/23/2019 02:25,SCH - NPX_CSC,325154,215,330,-330
07/23/2019 02:25,SCH - OH - NY,23317,898.58,1500,-1700
07/23/2019 02:25,SCH - PJ - NY,23316,285.88,2050,-1150
07/23/2019 02:25,SCH - PJM_HTP,325905,0,660,-660
07/23/2019 02:25,SCH - PJM_NEPTUNE,325305,660,660,-660
07/23/2019 02:25,SCH - PJM_VFT,325658,315,315,-315
07/23/2019 02:25,SPR/DUN-SOUTH,23320,3631.03,4350,-9999
07/23/2019 02:25,TOTAL EAST,23314,3718.13,6800,-9999
07/23/2019 02:25,UPNY CONED,23315,3539.65,5700,-9999
07/23/2019 02:25,WEST CENTRAL,23312,452.24,9999,-9999
07/23/2019 02:30,CENTRAL EAST - VC,23330,2103.38,2530,-9999
07/23/2019 02:30,DYSINGER EAST,23326,794.9,3150,-9999
07/23/2019 02:30,MOSES SOUTH,23319,2009.99,3150,-1600
07/23/2019 02:30,SCH - HQ - NY,23324,1500,1500,-800
07/23/2019 02:30,SCH - HQ_CEDARS,325274,190,190,-40
07/23/2019 02:30,SCH - HQ_IMPORT_EXPORT,325376,1200,1310,-9999
07/23/2019 02:30,SCH - NE - NY,23318,-716.67,1400,-1600
07/23/2019 02:30,SCH - NPX_1385,325277,83,200,-200
07/23/2019 02:30,SCH - NPX_CSC,325154,215,330,-330
07/23/2019 02:30,SCH - OH - NY,23317,898.52,1500,-1700
07/23/2019 02:30,SCH - PJ - NY,23316,284.79,2050,-1150
07/23/2019 02:30,SCH - PJM_HTP,325905,0,660,-660
07/23/2019 02:30,SCH - PJM_NEPTUNE,325305,660,660,-660
07/23/2019 02:30,SCH - PJM_VFT,325658,315,315,-315
07/23/2019 02:30,SPR/DUN-SOUTH,23320,3607.28,4350,-9999
07/23/2019 02:30,TOTAL EAST,23314,3738.09,6800,-9999
07/23/2019 02:30,UPNY CONED,23315,3539.86,5700,-9999
07/23/2019 02:30,WEST CENTRAL,23312,410.87,9999,-9999
07/23/2019 02:35,CENTRAL EAST - VC,23330,2109.82,2530,-9999
07/23/2019 02:35,DYSINGER EAST,23326,802.82,3150,-9999
07/23/2019 02:35,MOSES SOUTH,23319,2015.36,3150,-1600
07/23/2019 02:35,SCH - HQ - NY,23324,1500,1500,-800
07/23/2019 02:35,SCH - HQ_CEDARS,325274,190,190,-40
07/23/2019 02:35,SCH - HQ_IMPORT_EXPORT,325376,1200,1310,-9999
07/23/2019 02:35,SCH - NE - NY,23318,-735.77,1400,-1600
07/23/2019 02:35,SCH - NPX_1385,325277,83,200,-200
07/23/2019 02:35,SCH - NPX_CSC,325154,215,330,-330
07/23/2019 02:35,SCH - OH - NY,23317,898.59,1500,-1700
07/23/2019 02:35,SCH - PJ - NY,23316,285.03,2050,-1150
07/23/2019 02:35,SCH - PJM_HTP,325905,0,660,-660
07/23/2019 02:35,SCH - PJM_NEPTUNE,325305,660,660,-660
07/23/2019 02:35,SCH - PJM_VFT,325658,315,315,-315
07/23/2019 02:35,SPR/DUN-SOUTH,23320,3588.67,4350,-9999
07/23/2019 02:35,TOTAL EAST,23314,3736.55,6800,-9999
07/23/2019 02:35,UPNY CONED,23315,3511.33,5700,-9999
07/23/2019 02:35,WEST CENTRAL,23312,422.71,9999,-9999
07/23/2019 02:40,CENTRAL EAST - VC,23330,2114.39,2530,-9999
07/23/2019 02:40,DYSINGER EAST,23326,820.9,3150,-9999
07/23/2019 02:40,MOSES SOUTH,23319,2003.44,3150,-1600
07/23/2019 02:40,SCH - HQ - NY,23324,1500,1500,-800
07/23/2019 02:40,SCH - HQ_CEDARS,325274,190,190,-40
07/23/2019 02:40,SCH - HQ_IMPORT_EXPORT,325376,1200,1310,-9999
07/23/2019 02:40,SCH - NE - NY,23318,-735.9,1400,-1600
07/23/2019 02:40,SCH - NPX_1385,325277,83,200,-200
07/23/2019 02:40,SCH - NPX_CSC,325154,215,330,-330
07/23/2019 02:40,SCH - OH - NY,23317,898.59,1500,-1700
07/23/2019 02:40,SCH - PJ - NY,23316,286.35,2050,-1150
07/23/2019 02:40,SCH - PJM_HTP,325905,0,660,-660
07/23/2019 02:40,SCH - PJM_NEPTUNE,325305,660,660,-660
07/23/2019 02:40,SCH - PJM_VFT,325658,315,315,-315
07/23/2019 02:40,SPR/DUN-SOUTH,23320,3577.13,4350,-9999
07/23/2019 02:40,TOTAL EAST,23314,3739.99,6800,-9999
07/23/2019 02:40,UPNY CONED,23315,3483.97,5700,-9999
07/23/2019 02:40,WEST CENTRAL,23312,442.61,9999,-9999
07/23/2019 02:45,CENTRAL EAST - VC,23330,2113.11,2530,-9999
07/23/2019 02:45,DYSINGER EAST,23326,781.06,3150,-9999
07/23/2019 02:45,MOSES SOUTH,23319,2016.9,3150,-1600
07/23/2019 02:45,SCH - HQ - NY,23324,1500,1500,-800
07/23/2019 02:45,SCH - HQ_CEDARS,325274,190,190,-40
07/23/2019 02:45,SCH - HQ_IMPORT_EXPORT,325376,1200,1310,-9999
07/23/2019 02:45,SCH - NE - NY,23318,-735.84,1400,-1600
07/23/2019 02:45,SCH - NPX_1385,325277,83,200,-200
07/23/2019 02:45,SCH - NPX_CSC,325154,215,330,-330
07/23/2019 02:45,SCH - OH - NY,23317,898.59,1500,-1700
07/23/2019 02:45,SCH - PJ - NY,23316,285.17,2050,-1150
07/23/2019 02:45,SCH - PJM_HTP,325905,0,660,-660
07/23/2019 02:45,SCH - PJM_NEPTUNE,325305,660,660,-660
07/23/2019 02:45,SCH - PJM_VFT,325658,315,315,-315
07/23/2019 02:45,SPR/DUN-SOUTH,23320,3564.47,4350,-9999
07/23/2019 02:45,TOTAL EAST,23314,3750.27,6800,-9999
07/23/2019 02:45,UPNY CONED,23315,3465.99,5700,-9999
07/23/2019 02:45,WEST CENTRAL,23312,404.09,9999,-9999
07/23/2019 02:50,CENTRAL EAST - VC,23330,2119.41,2530,-9999
07/23/2019 02:50,DYSINGER EAST,23326,750.07,3150,-9999
07/23/2019 02:50,MOSES SOUTH,23319,2023.43,3150,-1600
07/23/2019 02:50,SCH - HQ - NY,23324,1500,1500,-800
07/23/2019 02:50,SCH - HQ_CEDARS,325274,190,190,-40
07/23/2019 02:50,SCH - HQ_IMPORT_EXPORT,325376,1200,1310,-9999
07/23/2019 02:50,SCH - NE - NY,23318,-736.04,1400,-1600
07/23/2019 02:50,SCH - NPX_1385,325277,83,200,-200
07/23/2019 02:50,SCH - NPX_CSC,325154,215,330,-330
07/23/2019 02:50,SCH - OH - NY,23317,898.59,1500,-1700
07/23/2019 02:50,SCH - PJ - NY,23316,286.38,2050,-1150
07/23/2019 02:50,SCH - PJM_HTP,325905,0,660,-660
07/23/2019 02:50,SCH - PJM_NEPTUNE,325305,660,660,-660
07/23/2019 02:50,SCH - PJM_VFT,325658,315,315,-315
07/23/2019 02:50,SPR/DUN-SOUTH,23320,3544.9,4350,-9999
07/23/2019 02:50,TOTAL EAST,23314,3782.45,6800,-9999
07/23/2019 02:50,UPNY CONED,23315,3444.69,5700,-9999
07/23/2019 02:50,WEST CENTRAL,23312,374.28,9999,-9999
07/23/2019 02:55,CENTRAL EAST - VC,23330,2149.42,2530,-9999
07/23/2019 02:55,DYSINGER EAST,23326,813.87,3150,-9999
07/23/2019 02:55,MOSES SOUTH,23319,2032.42,3150,-1600
07/23/2019 02:55,SCH - HQ - NY,23324,1500,1500,-800
07/23/2019 02:55,SCH - HQ_CEDARS,325274,190,190,-40
07/23/2019 02:55,SCH - HQ_IMPORT_EXPORT,325376,1200,1310,-9999
07/23/2019 02:55,SCH - NE - NY,23318,-735.87,1400,-1600
07/23/2019 02:55,SCH - NPX_1385,325277,83,200,-200
07/23/2019 02:55,SCH - NPX_CSC,325154,215,330,-330
07/23/2019 02:55,SCH - OH - NY,23317,898.71,1500,-1700
07/23/2019 02:55,SCH - PJ - NY,23316,283.3,2050,-1150
07/23/2019 02:55,SCH - PJM_HTP,325905,0,660,-660
07/23/2019 02:55,SCH - PJM_NEPTUNE,325305,660,660,-660
07/23/2019 02:55,SCH - PJM_VFT,325658,315,315,-315
07/23/2019 02:55,SPR/DUN-SOUTH,23320,3556.43,4350,-9999
07/23/2019 02:55,TOTAL EAST,23314,3762.77,6800,-9999
07/23/2019 02:55,UPNY CONED,23315,3436.83,5700,-9999
07/23/2019 02:55,WEST CENTRAL,23312,438.55,9999,-9999
07/23/2019 03:00,CENTRAL EAST - VC,23330,2164.05,2530,-9999
07/23/2019 03:00,DYSINGER EAST,23326,819.91,3150,-9999
07/23/2019 03:00,MOSES SOUTH,23319,2033.92,3150,-1600
07/23/2019 03:00,SCH - HQ - NY,23324,1500,1500,-800
07/23/2019 03:00,SCH - HQ_CEDARS,325274,190,190,-40
07/23/2019 03:00,SCH - HQ_IMPORT_EXPORT,325376,1200,1310,-9999
07/23/2019 03:00,SCH - NE - NY,23318,-756.91,1400,-1600
07/23/2019 03:00,SCH - NPX_1385,325277,124,200,-200
07/23/2019 03:00,SCH - NPX_CSC,325154,163,330,-330
07/23/2019 03:00,SCH - OH - NY,23317,898.71,1500,-1700
07/23/2019 03:00,SCH - PJ - NY,23316,289.24,2050,-1150
07/23/2019 03:00,SCH - PJM_HTP,325905,0,660,-660
07/23/2019 03:00,SCH - PJM_NEPTUNE,325305,660,660,-660
07/23/2019 03:00,SCH - PJM_VFT,325658,315,315,-315
07/23/2019 03:00,SPR/DUN-SOUTH,23320,3547.82,4350,-9999
07/23/2019 03:00,TOTAL EAST,23314,3766.08,6800,-9999
07/23/2019 03:00,UPNY CONED,23315,3428.03,5700,-9999
07/23/2019 03:00,WEST CENTRAL,23312,445.64,9999,-9999
07/23/2019 03:05,CENTRAL EAST - VC,23330,2174.55,2530,-9999
07/23/2019 03:05,DYSINGER EAST,23326,845.95,3150,-9999
07/23/2019 03:05,MOSES SOUTH,23319,2036.22,3150,-1600
07/23/2019 03:05,SCH - HQ - NY,23324,1500,1500,-800
07/23/2019 03:05,SCH - HQ_CEDARS,325274,190,190,-40
07/23/2019 03:05,SCH - HQ_IMPORT_EXPORT,325376,1200,1310,-9999
07/23/2019 03:05,SCH - NE - NY,23318,-778.61,1400,-1600
07/23/2019 03:05,SCH - NPX_1385,325277,165,200,-200
07/23/2019 03:05,SCH - NPX_CSC,325154,111,330,-330
07/23/2019 03:05,SCH - OH - NY,23317,898.74,1500,-1700
07/23/2019 03:05,SCH - PJ - NY,23316,289.92,2050,-1150
07/23/2019 03:05,SCH - PJM_HTP,325905,0,660,-660
07/23/2019 03:05,SCH - PJM_NEPTUNE,325305,660,660,-660
07/23/2019 03:05,SCH - PJM_VFT,325658,315,315,-315
07/23/2019 03:05,SPR/DUN-SOUTH,23320,3541.34,4350,-9999
07/23/2019 03:05,TOTAL EAST,23314,3766.89,6800,-9999
07/23/2019 03:05,UPNY CONED,23315,3428.13,5700,-9999
07/23/2019 03:05,WEST CENTRAL,23312,471.45,9999,-9999
07/23/2019 03:10,CENTRAL EAST - VC,23330,2170.86,2530,-9999
07/23/2019 03:10,DYSINGER EAST,23326,872.71,3150,-9999
07/23/2019 03:10,MOSES SOUTH,23319,2001,3150,-1600
07/23/2019 03:10,SCH - HQ - NY,23324,1500,1500,-800
07/23/2019 03:10,SCH - HQ_CEDARS,325274,190,190,-40
07/23/2019 03:10,SCH - HQ_IMPORT_EXPORT,325376,1200,1310,-9999
07/23/2019 03:10,SCH - NE - NY,23318,-778.83,1400,-1600
07/23/2019 03:10,SCH - NPX_1385,325277,165,200,-200
07/23/2019 03:10,SCH - NPX_CSC,325154,111,330,-330
07/23/2019 03:10,SCH - OH - NY,23317,898.63,1500,-1700
07/23/2019 03:10,SCH - PJ - NY,23316,293.32,2050,-1150
07/23/2019 03:10,SCH - PJM_HTP,325905,0,660,-660
07/23/2019 03:10,SCH - PJM_NEPTUNE,325305,660,660,-660
07/23/2019 03:10,SCH - PJM_VFT,325658,315,315,-315
07/23/2019 03:10,SPR/DUN-SOUTH,23320,3528.38,4350,-9999
07/23/2019 03:10,TOTAL EAST,23314,3771.56,6800,-9999
07/23/2019 03:10,UPNY CONED,23315,3406.66,5700,-9999
07/23/2019 03:10,WEST CENTRAL,23312,500.01,9999,-9999
07/23/2019 03:15,CENTRAL EAST - VC,23330,2171.83,2530,-9999
07/23/2019 03:15,DYSINGER EAST,23326,862.11,3150,-9999
07/23/2019 03:15,MOSES SOUTH,23319,1983.51,3150,-1600
07/23/2019 03:15,SCH - HQ - NY,23324,1500,1500,-800
07/23/2019 03:15,SCH - HQ_CEDARS,325274,190,190,-40
07/23/2019 03:15,SCH - HQ_IMPORT_EXPORT,325376,1200,1310,-9999
07/23/2019 03:15,SCH - NE - NY,23318,-778.69,1400,-1600
07/23/2019 03:15,SCH - NPX_1385,325277,165,200,-200
07/23/2019 03:15,SCH - NPX_CSC,325154,111,330,-330
07/23/2019 03:15,SCH - OH - NY,23317,898.5,1500,-1700
07/23/2019 03:15,SCH - PJ - NY,23316,291.97,2050,-1150
07/23/2019 03:15,SCH - PJM_HTP,325905,0,660,-660
07/23/2019 03:15,SCH - PJM_NEPTUNE,325305,660,660,-660
07/23/2019 03:15,SCH - PJM_VFT,325658,315,315,-315
07/23/2019 03:15,SPR/DUN-SOUTH,23320,3522.11,4350,-9999
07/23/2019 03:15,TOTAL EAST,23314,3779.34,6800,-9999
07/23/2019 03:15,UPNY CONED,23315,3391.97,5700,-9999
07/23/2019 03:15,WEST CENTRAL,23312,489.68,9999,-9999
07/23/2019 03:20,CENTRAL EAST - VC,23330,2172.31,2530,-9999
07/23/2019 03:20,DYSINGER EAST,23326,857.29,3150,-9999
07/23/2019 03:20,MOSES SOUTH,23319,1991.1,3150,-1600
07/23/2019 03:20,SCH - HQ - NY,23324,1500,1500,-800
07/23/2019 03:20,SCH - HQ_CEDARS,325274,190,190,-40
07/23/2019 03:20,SCH - HQ_IMPORT_EXPORT,325376,1200,1310,-9999
07/23/2019 03:20,SCH - NE - NY,23318,-778.68,1400,-1600
07/23/2019 03:20,SCH - NPX_1385,325277,165,200,-200
07/23/2019 03:20,SCH - NPX_CSC,325154,111,330,-330
07/23/2019 03:20,SCH - OH - NY,23317,898.58,1500,-1700
07/23/2019 03:20,SCH - PJ - NY,23316,290.99,2050,-1150
07/23/2019 03:20,SCH - PJM_HTP,325905,0,660,-660
07/23/2019 03:20,SCH - PJM_NEPTUNE,325305,660,660,-660
07/23/2019 03:20,SCH - PJM_VFT,325658,315,315,-315
07/23/2019 03:20,SPR/DUN-SOUTH,23320,3515.14,4350,-9999
07/23/2019 03:20,TOTAL EAST,23314,3772.31,6800,-9999
07/23/2019 03:20,UPNY CONED,23315,3377.13,5700,-9999
07/23/2019 03:20,WEST CENTRAL,23312,485.83,9999,-9999
07/23/2019 03:25,CENTRAL EAST - VC,23330,2182.61,2530,-9999
07/23/2019 03:25,DYSINGER EAST,23326,875.86,3150,-9999
07/23/2019 03:25,MOSES SOUTH,23319,1992.39,3150,-1600
07/23/2019 03:25,SCH - HQ - NY,23324,1500,1500,-800
07/23/2019 03:25,SCH - HQ_CEDARS,325274,190,190,-40
07/23/2019 03:25,SCH - HQ_IMPORT_EXPORT,325376,1200,1310,-9999
07/23/2019 03:25,SCH - NE - NY,23318,-778.26,1400,-1600
07/23/2019 03:25,SCH - NPX_1385,325277,165,200,-200
07/23/2019 03:25,SCH - NPX_CSC,325154,111,330,-330
07/23/2019 03:25,SCH - OH - NY,23317,898.57,1500,-1700
07/23/2019 03:25,SCH - PJ - NY,23316,292.47,2050,-1150
07/23/2019 03:25,SCH - PJM_HTP,325905,0,660,-660
07/23/2019 03:25,SCH - PJM_NEPTUNE,325305,660,660,-660
07/23/2019 03:25,SCH - PJM_VFT,325658,315,315,-315
07/23/2019 03:25,SPR/DUN-SOUTH,23320,3505.17,4350,-9999
07/23/2019 03:25,TOTAL EAST,23314,3773.06,6800,-9999
07/23/2019 03:25,UPNY CONED,23315,3361.54,5700,-9999
07/23/2019 03:25,WEST CENTRAL,23312,506.27,9999,-9999
07/23/2019 03:30,CENTRAL EAST - VC,23330,2151.9,2500,-9999
07/23/2019 03:30,DYSINGER EAST,23326,843.15,3150,-9999
07/23/2019 03:30,MOSES SOUTH,23319,1994.17,3150,-1600
07/23/2019 03:30,SCH - HQ - NY,23324,1500,1500,-800
07/23/2019 03:30,SCH - HQ_CEDARS,325274,190,190,-40
07/23/2019 03:30,SCH - HQ_IMPORT_EXPORT,325376,1200,1310,-9999
07/23/2019 03:30,SCH - NE - NY,23318,-778.31,1400,-1600
07/23/2019 03:30,SCH - NPX_1385,325277,165,200,-200
07/23/2019 03:30,SCH - NPX_CSC,325154,111,330,-330
07/23/2019 03:30,SCH - OH - NY,23317,898.57,1500,-1700
07/23/2019 03:30,SCH - PJ - NY,23316,292.55,2050,-1150
07/23/2019 03:30,SCH - PJM_HTP,325905,36,660,-660
07/23/2019 03:30,SCH - PJM_NEPTUNE,325305,660,660,-660
07/23/2019 03:30,SCH - PJM_VFT,325658,315,315,-315
07/23/2019 03:30,SPR/DUN-SOUTH,23320,3450.21,4350,-9999
07/23/2019 03:30,TOTAL EAST,23314,3745.59,6800,-9999
07/23/2019 03:30,UPNY CONED,23315,3305.01,5700,-9999
07/23/2019 03:30,WEST CENTRAL,23312,473.77,9999,-9999
07/23/2019 03:35,CENTRAL EAST - VC,23330,2132.09,2500,-9999
07/23/2019 03:35,DYSINGER EAST,23326,785.57,3150,-9999
07/23/2019 03:35,MOSES SOUTH,23319,1983.54,3150,-1600
07/23/2019 03:35,SCH - HQ - NY,23324,1500,1500,-800
07/23/2019 03:35,SCH - HQ_CEDARS,325274,190,190,-40
07/23/2019 03:35,SCH - HQ_IMPORT_EXPORT,325376,1200,1310,-9999
07/23/2019 03:35,SCH - NE - NY,23318,-778.6,1400,-1600
07/23/2019 03:35,SCH - NPX_1385,325277,165,200,-200
07/23/2019 03:35,SCH - NPX_CSC,325154,111,330,-330
07/23/2019 03:35,SCH - OH - NY,23317,898.51,1500,-1700
07/23/2019 03:35,SCH - PJ - NY,23316,288.71,2050,-1150
07/23/2019 03:35,SCH - PJM_HTP,325905,72,660,-660
07/23/2019 03:35,SCH - PJM_NEPTUNE,325305,660,660,-660
07/23/2019 03:35,SCH - PJM_VFT,325658,315,315,-315
07/23/2019 03:35,SPR/DUN-SOUTH,23320,3427.94,4350,-9999
07/23/2019 03:35,TOTAL EAST,23314,3698.66,6800,-9999
07/23/2019 03:35,UPNY CONED,23315,3278.54,5700,-9999
07/23/2019 03:35,WEST CENTRAL,23312,417.7,9999,-9999
07/23/2019 03:40,CENTRAL EAST - VC,23330,2142.96,2500,-9999
07/23/2019 03:40,DYSINGER EAST,23326,797.02,3150,-9999
07/23/2019 03:40,MOSES SOUTH,23319,1974.04,3150,-1600
07/23/2019 03:40,SCH - HQ - NY,23324,1500,1500,-800
07/23/2019 03:40,SCH - HQ_CEDARS,325274,190,190,-40
07/23/2019 03:40,SCH - HQ_IMPORT_EXPORT,325376,1200,1310,-9999
07/23/2019 03:40,SCH - NE - NY,23318,-778.41,1400,-1600
07/23/2019 03:40,SCH - NPX_1385,325277,165,200,-200
07/23/2019 03:40,SCH - NPX_CSC,325154,111,330,-330
07/23/2019 03:40,SCH - OH - NY,23317,898.48,1500,-1700
07/23/2019 03:40,SCH - PJ - NY,23316,290.48,2050,-1150
07/23/2019 03:40,SCH - PJM_HTP,325905,72,660,-660
07/23/2019 03:40,SCH - PJM_NEPTUNE,325305,660,660,-660
07/23/2019 03:40,SCH - PJM_VFT,325658,315,315,-315
07/23/2019 03:40,SPR/DUN-SOUTH,23320,3429.56,4350,-9999
07/23/2019 03:40,TOTAL EAST,23314,3702.15,6800,-9999
07/23/2019 03:40,UPNY CONED,23315,3288.86,5700,-9999
07/23/2019 03:40,WEST CENTRAL,23312,429.12,9999,-9999
07/23/2019 03:45,CENTRAL EAST - VC,23330,2157.06,2500,-9999
07/23/2019 03:45,DYSINGER EAST,23326,818.52,3150,-9999
07/23/2019 03:45,MOSES SOUTH,23319,1968.45,3150,-1600
07/23/2019 03:45,SCH - HQ - NY,23324,1500,1500,-800
07/23/2019 03:45,SCH - HQ_CEDARS,325274,190,190,-40
07/23/2019 03:45,SCH - HQ_IMPORT_EXPORT,325376,1200,1310,-9999
07/23/2019 03:45,SCH - NE - NY,23318,-778.27,1400,-1600
07/23/2019 03:45,SCH - NPX_1385,325277,165,200,-200
07/23/2019 03:45,SCH - NPX_CSC,325154,111,330,-330
07/23/2019 03:45,SCH - OH - NY,23317,898.47,1500,-1700
07/23/2019 03:45,SCH - PJ - NY,23316,291.34,2050,-1150
07/23/2019 03:45,SCH - PJM_HTP,325905,36,660,-660
07/23/2019 03:45,SCH - PJM_NEPTUNE,325305,660,660,-660
07/23/2019 03:45,SCH - PJM_VFT,325658,315,315,-315
07/23/2019 03:45,SPR/DUN-SOUTH,23320,3468.2,4350,-9999
07/23/2019 03:45,TOTAL EAST,23314,3722.38,6800,-9999
07/23/2019 03:45,UPNY CONED,23315,3313.14,5700,-9999
07/23/2019 03:45,WEST CENTRAL,23312,449.47,9999,-9999
07/23/2019 03:50,CENTRAL EAST - VC,23330,2190.47,2500,-9999
07/23/2019 03:50,DYSINGER EAST,23326,869.56,3150,-9999
07/23/2019 03:50,MOSES SOUTH,23319,1990.76,3150,-1600
07/23/2019 03:50,SCH - HQ - NY,23324,1500,1500,-800
07/23/2019 03:50,SCH - HQ_CEDARS,325274,190,190,-40
07/23/2019 03:50,SCH - HQ_IMPORT_EXPORT,325376,1200,1310,-9999
07/23/2019 03:50,SCH - NE - NY,23318,-778.26,1400,-1600
07/23/2019 03:50,SCH - NPX_1385,325277,165,200,-200
07/23/2019 03:50,SCH - NPX_CSC,325154,111,330,-330
07/23/2019 03:50,SCH - OH - NY,23317,898.59,1500,-1700
07/23/2019 03:50,SCH - PJ - NY,23316,285.43,2050,-1150
07/23/2019 03:50,SCH - PJM_HTP,325905,0,660,-660
07/23/2019 03:50,SCH - PJM_NEPTUNE,325305,660,660,-660
07/23/2019 03:50,SCH - PJM_VFT,325658,315,315,-315
07/23/2019 03:50,SPR/DUN-SOUTH,23320,3506.58,4350,-9999
07/23/2019 03:50,TOTAL EAST,23314,3747.09,6800,-9999
07/23/2019 03:50,UPNY CONED,23315,3348.83,5700,-9999
07/23/2019 03:50,WEST CENTRAL,23312,501.09,9999,-9999
07/23/2019 03:55,CENTRAL EAST - VC,23330,2185.42,2500,-9999
07/23/2019 03:55,DYSINGER EAST,23326,879.98,3150,-9999
07/23/2019 03:55,MOSES SOUTH,23319,1985.84,3150,-1600
07/23/2019 03:55,SCH - HQ - NY,23324,1500,1500,-800
07/23/2019 03:55,SCH - HQ_CEDARS,325274,190,190,-40
07/23/2019 03:55,SCH - HQ_IMPORT_EXPORT,325376,1200,1310,-9999
07/23/2019 03:55,SCH - NE - NY,23318,-778.52,1400,-1600
07/23/2019 03:55,SCH - NPX_1385,325277,165,200,-200
07/23/2019 03:55,SCH - NPX_CSC,325154,111,330,-330
07/23/2019 03:55,SCH - OH - NY,23317,898.59,1500,-1700
07/23/2019 03:55,SCH - PJ - NY,23316,287.8,2050,-1150
07/23/2019 03:55,SCH - PJM_HTP,325905,0,660,-660
07/23/2019 03:55,SCH - PJM_NEPTUNE,325305,660,660,-660
07/23/2019 03:55,SCH - PJM_VFT,325658,315,315,-315
07/23/2019 03:55,SPR/DUN-SOUTH,23320,3497.67,4350,-9999
07/23/2019 03:55,TOTAL EAST,23314,3726.48,6800,-9999
07/23/2019 03:55,UPNY CONED,23315,3333.63,5700,-9999
07/23/2019 03:55,WEST CENTRAL,23312,512.41,9999,-9999
07/23/2019 04:00,CENTRAL EAST - VC,23330,2164.67,2500,-9999
07/23/2019 04:00,DYSINGER EAST,23326,823.89,3150,-9999
07/23/2019 04:00,MOSES SOUTH,23319,1973.73,3150,-1600
07/23/2019 04:00,SCH - HQ - NY,23324,1500,1500,-800
07/23/2019 04:00,SCH - HQ_CEDARS,325274,190,190,-40
07/23/2019 04:00,SCH - HQ_IMPORT_EXPORT,325376,1200,1310,-9999
07/23/2019 04:00,SCH - NE - NY,23318,-784.33,1400,-1600
07/23/2019 04:00,SCH - NPX_1385,325277,173,200,-200
07/23/2019 04:00,SCH - NPX_CSC,325154,163,330,-330
07/23/2019 04:00,SCH - OH - NY,23317,898.49,1500,-1700
07/23/2019 04:00,SCH - PJ - NY,23316,215.5,2050,-1150
07/23/2019 04:00,SCH - PJM_HTP,325905,0,660,-660
07/23/2019 04:00,SCH - PJM_NEPTUNE,325305,660,660,-660
07/23/2019 04:00,SCH - PJM_VFT,325658,315,315,-315
07/23/2019 04:00,SPR/DUN-SOUTH,23320,3498.23,4350,-9999
07/23/2019 04:00,TOTAL EAST,23314,3649.44,6800,-9999
07/23/2019 04:00,UPNY CONED,23315,3275.5,5700,-9999
07/23/2019 04:00,WEST CENTRAL,23312,454.84,9999,-9999
07/23/2019 04:05,CENTRAL EAST - VC,23330,2131.54,2500,-9999
07/23/2019 04:05,DYSINGER EAST,23326,807.1,3150,-9999
07/23/2019 04:05,MOSES SOUTH,23319,1979.35,3150,-1600
07/23/2019 04:05,SCH - HQ - NY,23324,1500,1500,-800
07/23/2019 04:05,SCH - HQ_CEDARS,325274,190,190,-40
07/23/2019 04:05,SCH - HQ_IMPORT_EXPORT,325376,1200,1310,-9999
07/23/2019 04:05,SCH - NE - NY,23318,-790.26,1400,-1600
07/23/2019 04:05,SCH - NPX_1385,325277,182,200,-200
07/23/2019 04:05,SCH - NPX_CSC,325154,215,330,-330
07/23/2019 04:05,SCH - OH - NY,23317,898.55,1500,-1700
07/23/2019 04:05,SCH - PJ - NY,23316,141.66,2050,-1150
07/23/2019 04:05,SCH - PJM_HTP,325905,0,660,-660
07/23/2019 04:05,SCH - PJM_NEPTUNE,325305,660,660,-660
07/23/2019 04:05,SCH - PJM_VFT,325658,315,315,-315
07/23/2019 04:05,SPR/DUN-SOUTH,23320,3453.02,4350,-9999
07/23/2019 04:05,TOTAL EAST,23314,3556.65,6800,-9999
07/23/2019 04:05,UPNY CONED,23315,3172.58,5700,-9999
07/23/2019 04:05,WEST CENTRAL,23312,435.93,9999,-9999
07/23/2019 04:10,CENTRAL EAST - VC,23330,2088.89,2500,-9999
07/23/2019 04:10,DYSINGER EAST,23326,757.96,3150,-9999
07/23/2019 04:10,MOSES SOUTH,23319,1966.48,3150,-1600
07/23/2019 04:10,SCH - HQ - NY,23324,1500,1500,-800
07/23/2019 04:10,SCH - HQ_CEDARS,325274,190,190,-40
07/23/2019 04:10,SCH - HQ_IMPORT_EXPORT,325376,1200,1310,-9999
07/23/2019 04:10,SCH - NE - NY,23318,-790.8,1400,-1600
07/23/2019 04:10,SCH - NPX_1385,325277,182,200,-200
07/23/2019 04:10,SCH - NPX_CSC,325154,215,330,-330
07/23/2019 04:10,SCH - OH - NY,23317,898.45,1500,-1700
07/23/2019 04:10,SCH - PJ - NY,23316,141.35,2050,-1150
07/23/2019 04:10,SCH - PJM_HTP,325905,0,660,-660
07/23/2019 04:10,SCH - PJM_NEPTUNE,325305,660,660,-660
07/23/2019 04:10,SCH - PJM_VFT,325658,315,315,-315
07/23/2019 04:10,SPR/DUN-SOUTH,23320,3431.72,4350,-9999
07/23/2019 04:10,TOTAL EAST,23314,3560.72,6800,-9999
07/23/2019 04:10,UPNY CONED,23315,3168.97,5700,-9999
07/23/2019 04:10,WEST CENTRAL,23312,384.99,9999,-9999
07/23/2019 04:15,CENTRAL EAST - VC,23330,2163.99,2500,-9999
07/23/2019 04:15,DYSINGER EAST,23326,763.47,3150,-9999
07/23/2019 04:15,MOSES SOUTH,23319,2081.91,3150,-1600
07/23/2019 04:15,SCH - HQ - NY,23324,1500,1500,-800
07/23/2019 04:15,SCH - HQ_CEDARS,325274,190,190,-40
07/23/2019 04:15,SCH - HQ_IMPORT_EXPORT,325376,1200,1310,-9999
07/23/2019 04:15,SCH - NE - NY,23318,-790.9,1400,-1600
07/23/2019 04:15,SCH - NPX_1385,325277,182,200,-200
07/23/2019 04:15,SCH - NPX_CSC,325154,215,330,-330
07/23/2019 04:15,SCH - OH - NY,23317,898.87,1500,-1700
07/23/2019 04:15,SCH - PJ - NY,23316,137.24,2050,-1150
07/23/2019 04:15,SCH - PJM_HTP,325905,0,660,-660
07/23/2019 04:15,SCH - PJM_NEPTUNE,325305,660,660,-660
07/23/2019 04:15,SCH - PJM_VFT,325658,315,315,-315
07/23/2019 04:15,SPR/DUN-SOUTH,23320,3461.96,4350,-9999
07/23/2019 04:15,TOTAL EAST,23314,3567.44,6800,-9999
07/23/2019 04:15,UPNY CONED,23315,3200.96,5700,-9999
07/23/2019 04:15,WEST CENTRAL,23312,390.56,9999,-9999
07/23/2019 04:20,CENTRAL EAST - VC,23330,2236.29,2500,-9999
07/23/2019 04:20,DYSINGER EAST,23326,821.15,3150,-9999
07/23/2019 04:20,MOSES SOUTH,23319,2085.85,3150,-1600
07/23/2019 04:20,SCH - HQ - NY,23324,1500,1500,-800
07/23/2019 04:20,SCH - HQ_CEDARS,325274,190,190,-40
07/23/2019 04:20,SCH - HQ_IMPORT_EXPORT,325376,1200,1310,-9999
07/23/2019 04:20,SCH - NE - NY,23318,-795.43,1400,-1600
07/23/2019 04:20,SCH - NPX_1385,325277,182,200,-200
07/23/2019 04:20,SCH - NPX_CSC,325154,215,330,-330
07/23/2019 04:20,SCH - OH - NY,23317,898.85,1500,-1700
07/23/2019 04:20,SCH - PJ - NY,23316,139.41,2050,-1150
07/23/2019 04:20,SCH - PJM_HTP,325905,0,660,-660
07/23/2019 04:20,SCH - PJM_NEPTUNE,325305,660,660,-660
07/23/2019 04:20,SCH - PJM_VFT,325658,315,315,-315
07/23/2019 04:20,SPR/DUN-SOUTH,23320,3497.65,4350,-9999
07/23/2019 04:20,TOTAL EAST,23314,3553.09,6800,-9999
07/23/2019 04:20,UPNY CONED,23315,3216.43,5700,-9999
07/23/2019 04:20,WEST CENTRAL,23312,446.3,9999,-9999
07/23/2019 04:25,CENTRAL EAST - VC,23330,2151.66,2500,-9999
07/23/2019 04:25,DYSINGER EAST,23326,736.35,3150,-9999
07/23/2019 04:25,MOSES SOUTH,23319,2105.07,3150,-1600
07/23/2019 04:25,SCH - HQ - NY,23324,1500,1500,-800
07/23/2019 04:25,SCH - HQ_CEDARS,325274,190,190,-40
07/23/2019 04:25,SCH - HQ_IMPORT_EXPORT,325376,1200,1310,-9999
07/23/2019 04:25,SCH - NE - NY,23318,-790.94,1400,-1600
07/23/2019 04:25,SCH - NPX_1385,325277,182,200,-200
07/23/2019 04:25,SCH - NPX_CSC,325154,215,330,-330
07/23/2019 04:25,SCH - OH - NY,23317,898.84,1500,-1700
07/23/2019 04:25,SCH - PJ - NY,23316,138.16,2050,-1150
07/23/2019 04:25,SCH - PJM_HTP,325905,0,660,-660
07/23/2019 04:25,SCH - PJM_NEPTUNE,325305,660,660,-660
07/23/2019 04:25,SCH - PJM_VFT,325658,315,315,-315
07/23/2019 04:25,SPR/DUN-SOUTH,23320,3448.84,4350,-9999
07/23/2019 04:25,TOTAL EAST,23314,3541.03,6800,-9999
07/23/2019 04:25,UPNY CONED,23315,3175.3,5700,-9999
07/23/2019 04:25,WEST CENTRAL,23312,361.63,9999,-9999
07/23/2019 04:30,CENTRAL EAST - VC,23330,2154.92,2500,-9999
07/23/2019 04:30,DYSINGER EAST,23326,726.82,3150,-9999
07/23/2019 04:30,MOSES SOUTH,23319,2101.42,3150,-1600
07/23/2019 04:30,SCH - HQ - NY,23324,1500,1500,-800
07/23/2019 04:30,SCH - HQ_CEDARS,325274,190,190,-40
07/23/2019 04:30,SCH - HQ_IMPORT_EXPORT,325376,1200,1310,-9999
07/23/2019 04:30,SCH - NE - NY,23318,-790.83,1400,-1600
07/23/2019 04:30,SCH - NPX_1385,325277,182,200,-200
07/23/2019 04:30,SCH - NPX_CSC,325154,215,330,-330
07/23/2019 04:30,SCH - OH - NY,23317,898.83,1500,-1700
07/23/2019 04:30,SCH - PJ - NY,23316,139.99,2050,-1150
07/23/2019 04:30,SCH - PJM_HTP,325905,0,660,-660
07/23/2019 04:30,SCH - PJM_NEPTUNE,325305,660,660,-660
07/23/2019 04:30,SCH - PJM_VFT,325658,315,315,-315
07/23/2019 04:30,SPR/DUN-SOUTH,23320,3447.24,4350,-9999
07/23/2019 04:30,TOTAL EAST,23314,3539.62,6800,-9999
07/23/2019 04:30,UPNY CONED,23315,3165.72,5700,-9999
07/23/2019 04:30,WEST CENTRAL,23312,352.12,9999,-9999
07/23/2019 04:35,CENTRAL EAST - VC,23330,2151.26,2500,-9999
07/23/2019 04:35,DYSINGER EAST,23326,743.52,3150,-9999
07/23/2019 04:35,MOSES SOUTH,23319,2093.64,3150,-1600
07/23/2019 04:35,SCH - HQ - NY,23324,1500,1500,-800
07/23/2019 04:35,SCH - HQ_CEDARS,325274,190,190,-40
07/23/2019 04:35,SCH - HQ_IMPORT_EXPORT,325376,1200,1310,-9999
07/23/2019 04:35,SCH - NE - NY,23318,-790.96,1400,-1600
07/23/2019 04:35,SCH - NPX_1385,325277,182,200,-200
07/23/2019 04:35,SCH - NPX_CSC,325154,215,330,-330
07/23/2019 04:35,SCH - OH - NY,23317,898.83,1500,-1700
07/23/2019 04:35,SCH - PJ - NY,23316,141.23,2050,-1150
07/23/2019 04:35,SCH - PJM_HTP,325905,0,660,-660
07/23/2019 04:35,SCH - PJM_NEPTUNE,325305,660,660,-660
07/23/2019 04:35,SCH - PJM_VFT,325658,315,315,-315
07/23/2019 04:35,SPR/DUN-SOUTH,23320,3450.77,4350,-9999
07/23/2019 04:35,TOTAL EAST,23314,3551.98,6800,-9999
07/23/2019 04:35,UPNY CONED,23315,3165.49,5700,-9999
07/23/2019 04:35,WEST CENTRAL,23312,366.71,9999,-9999
07/23/2019 04:40,CENTRAL EAST - VC,23330,2132.31,2500,-9999
07/23/2019 04:40,DYSINGER EAST,23326,728.17,3150,-9999
07/23/2019 04:40,MOSES SOUTH,23319,2039.57,3150,-1600
07/23/2019 04:40,SCH - HQ - NY,23324,1500,1500,-800
07/23/2019 04:40,SCH - HQ_CEDARS,325274,190,190,-40
07/23/2019 04:40,SCH - HQ_IMPORT_EXPORT,325376,1200,1310,-9999
07/23/2019 04:40,SCH - NE - NY,23318,-790.78,1400,-1600
07/23/2019 04:40,SCH - NPX_1385,325277,182,200,-200
07/23/2019 04:40,SCH - NPX_CSC,325154,215,330,-330
07/23/2019 04:40,SCH - OH - NY,23317,898.63,1500,-1700
07/23/2019 04:40,SCH - PJ - NY,23316,139.87,2050,-1150
07/23/2019 04:40,SCH - PJM_HTP,325905,0,660,-660
07/23/2019 04:40,SCH - PJM_NEPTUNE,325305,660,660,-660
07/23/2019 04:40,SCH - PJM_VFT,325658,315,315,-315
07/23/2019 04:40,SPR/DUN-SOUTH,23320,3448.96,4350,-9999
07/23/2019 04:40,TOTAL EAST,23314,3546.32,6800,-9999
07/23/2019 04:40,UPNY CONED,23315,3167.38,5700,-9999
07/23/2019 04:40,WEST CENTRAL,23312,351.67,9999,-9999
07/23/2019 04:45,CENTRAL EAST - VC,23330,2092.13,2500,-9999
07/23/2019 04:45,DYSINGER EAST,23326,639.33,3150,-9999
07/23/2019 04:45,MOSES SOUTH,23319,2034.2,3150,-1600
07/23/2019 04:45,SCH - HQ - NY,23324,1500,1500,-800
07/23/2019 04:45,SCH - HQ_CEDARS,325274,190,190,-40
07/23/2019 04:45,SCH - HQ_IMPORT_EXPORT,325376,1200,1310,-9999
07/23/2019 04:45,SCH - NE - NY,23318,-791.06,1400,-1600
07/23/2019 04:45,SCH - NPX_1385,325277,182,200,-200
07/23/2019 04:45,SCH - NPX_CSC,325154,215,330,-330
07/23/2019 04:45,SCH - OH - NY,23317,898.51,1500,-1700
07/23/2019 04:45,SCH - PJ - NY,23316,141.07,2050,-1150
07/23/2019 04:45,SCH - PJM_HTP,325905,45,660,-660
07/23/2019 04:45,SCH - PJM_NEPTUNE,325305,660,660,-660
07/23/2019 04:45,SCH - PJM_VFT,325658,315,315,-315
07/23/2019 04:45,SPR/DUN-SOUTH,23320,3397.05,4350,-9999
07/23/2019 04:45,TOTAL EAST,23314,3533.74,6800,-9999
07/23/2019 04:45,UPNY CONED,23315,3141.11,5700,-9999
07/23/2019 04:45,WEST CENTRAL,23312,259.1,9999,-9999
07/23/2019 04:50,CENTRAL EAST - VC,23330,2100.37,2500,-9999
07/23/2019 04:50,DYSINGER EAST,23326,643.12,3150,-9999
07/23/2019 04:50,MOSES SOUTH,23319,2030.97,3150,-1600
07/23/2019 04:50,SCH - HQ - NY,23324,1500,1500,-800
07/23/2019 04:50,SCH - HQ_CEDARS,325274,190,190,-40
07/23/2019 04:50,SCH - HQ_IMPORT_EXPORT,325376,1200,1310,-9999
07/23/2019 04:50,SCH - NE - NY,23318,-790.79,1400,-1600
07/23/2019 04:50,SCH - NPX_1385,325277,182,200,-200
07/23/2019 04:50,SCH - NPX_CSC,325154,215,330,-330
07/23/2019 04:50,SCH - OH - NY,23317,898.49,1500,-1700
07/23/2019 04:50,SCH - PJ - NY,23316,138.62,2050,-1150
07/23/2019 04:50,SCH - PJM_HTP,325905,90,660,-660
07/23/2019 04:50,SCH - PJM_NEPTUNE,325305,660,660,-660
07/23/2019 04:50,SCH - PJM_VFT,325658,315,315,-315
07/23/2019 04:50,SPR/DUN-SOUTH,23320,3380.16,4350,-9999
07/23/2019 04:50,TOTAL EAST,23314,3506.82,6800,-9999
07/23/2019 04:50,UPNY CONED,23315,3128.71,5700,-9999
07/23/2019 04:50,WEST CENTRAL,23312,257.92,9999,-9999
07/23/2019 04:55,CENTRAL EAST - VC,23330,2095.62,2500,-9999
07/23/2019 04:55,DYSINGER EAST,23326,639.25,3150,-9999
07/23/2019 04:55,MOSES SOUTH,23319,2018.37,3150,-1600
07/23/2019 04:55,SCH - HQ - NY,23324,1500,1500,-800
07/23/2019 04:55,SCH - HQ_CEDARS,325274,190,190,-40
07/23/2019 04:55,SCH - HQ_IMPORT_EXPORT,325376,1200,1310,-9999
07/23/2019 04:55,SCH - NE - NY,23318,-791.02,1400,-1600
07/23/2019 04:55,SCH - NPX_1385,325277,182,200,-200
07/23/2019 04:55,SCH - NPX_CSC,325154,215,330,-330
07/23/2019 04:55,SCH - OH - NY,23317,898.41,1500,-1700
07/23/2019 04:55,SCH - PJ - NY,23316,135.87,2050,-1150
07/23/2019 04:55,SCH - PJM_HTP,325905,90,660,-660
07/23/2019 04:55,SCH - PJM_NEPTUNE,325305,660,660,-660
07/23/2019 04:55,SCH - PJM_VFT,325658,315,315,-315
07/23/2019 04:55,SPR/DUN-SOUTH,23320,3385.66,4350,-9999
07/23/2019 04:55,TOTAL EAST,23314,3507.04,6800,-9999
07/23/2019 04:55,UPNY CONED,23315,3127.35,5700,-9999
07/23/2019 04:55,WEST CENTRAL,23312,251.13,9999,-9999
07/23/2019 05:00,CENTRAL EAST - VC,23330,2105.38,2500,-9999
07/23/2019 05:00,DYSINGER EAST,23326,627.74,3150,-9999
07/23/2019 05:00,MOSES SOUTH,23319,2027.09,3150,-1600
07/23/2019 05:00,SCH - HQ - NY,23324,1500,1500,-800
07/23/2019 05:00,SCH - HQ_CEDARS,325274,190,190,-40
07/23/2019 05:00,SCH - HQ_IMPORT_EXPORT,325376,1200,1310,-9999
07/23/2019 05:00,SCH - NE - NY,23318,-787.85,1400,-1600
07/23/2019 05:00,SCH - NPX_1385,325277,158,200,-200
07/23/2019 05:00,SCH - NPX_CSC,325154,215,330,-330
07/23/2019 05:00,SCH - OH - NY,23317,898.48,1500,-1700
07/23/2019 05:00,SCH - PJ - NY,23316,151.68,2050,-1150
07/23/2019 05:00,SCH - PJM_HTP,325905,95,660,-660
07/23/2019 05:00,SCH - PJM_NEPTUNE,325305,660,660,-660
07/23/2019 05:00,SCH - PJM_VFT,325658,315,315,-315
07/23/2019 05:00,SPR/DUN-SOUTH,23320,3391.84,4350,-9999
07/23/2019 05:00,TOTAL EAST,23314,3532.16,6800,-9999
07/23/2019 05:00,UPNY CONED,23315,3171.45,5700,-9999
07/23/2019 05:00,WEST CENTRAL,23312,233.41,9999,-9999
07/23/2019 05:05,CENTRAL EAST - VC,23330,2122.07,2500,-9999
07/23/2019 05:05,DYSINGER EAST,23326,671.46,3150,-9999
07/23/2019 05:05,MOSES SOUTH,23319,2025.93,3150,-1600
07/23/2019 05:05,SCH - HQ - NY,23324,1500,1500,-800
07/23/2019 05:05,SCH - HQ_CEDARS,325274,190,190,-40
07/23/2019 05:05,SCH - HQ_IMPORT_EXPORT,325376,1200,1310,-9999
07/23/2019 05:05,SCH - NE - NY,23318,-785.11,1400,-1600
07/23/2019 05:05,SCH - NPX_1385,325277,134,200,-200
07/23/2019 05:05,SCH - NPX_CSC,325154,215,330,-330
07/23/2019 05:05,SCH - OH - NY,23317,898.46,1500,-1700
07/23/2019 05:05,SCH - PJ - NY,23316,168.09,2050,-1150
07/23/2019 05:05,SCH - PJM_HTP,325905,100,660,-660
07/23/2019 05:05,SCH - PJM_NEPTUNE,325305,660,660,-660
07/23/2019 05:05,SCH - PJM_VFT,325658,315,315,-315
07/23/2019 05:05,SPR/DUN-SOUTH,23320,3422.74,4350,-9999
07/23/2019 05:05,TOTAL EAST,23314,3590.58,6800,-9999
07/23/2019 05:05,UPNY CONED,23315,3224.49,5700,-9999
07/23/2019 05:05,WEST CENTRAL,23312,268.04,9999,-9999
07/23/2019 05:10,CENTRAL EAST - VC,23330,2148.2,2500,-9999
07/23/2019 05:10,DYSINGER EAST,23326,661.95,3150,-9999
07/23/2019 05:10,MOSES SOUTH,23319,2068.13,3150,-1600
07/23/2019 05:10,SCH - HQ - NY,23324,1500,1500,-800
07/23/2019 05:10,SCH - HQ_CEDARS,325274,190,190,-40
07/23/2019 05:10,SCH - HQ_IMPORT_EXPORT,325376,1200,1310,-9999
07/23/2019 05:10,SCH - NE - NY,23318,-784.86,1400,-1600
07/23/2019 05:10,SCH - NPX_1385,325277,134,200,-200
07/23/2019 05:10,SCH - NPX_CSC,325154,215,330,-330
07/23/2019 05:10,SCH - OH - NY,23317,898.54,1500,-1700
07/23/2019 05:10,SCH - PJ - NY,23316,164.6,2050,-1150
07/23/2019 05:10,SCH - PJM_HTP,325905,100,660,-660
07/23/2019 05:10,SCH - PJM_NEPTUNE,325305,660,660,-660
07/23/2019 05:10,SCH - PJM_VFT,325658,315,315,-315
07/23/2019 05:10,SPR/DUN-SOUTH,23320,3446.46,4350,-9999
07/23/2019 05:10,TOTAL EAST,23314,3600.45,6800,-9999
07/23/2019 05:10,UPNY CONED,23315,3247.24,5700,-9999
07/23/2019 05:10,WEST CENTRAL,23312,253.55,9999,-9999
07/23/2019 05:15,CENTRAL EAST - VC,23330,2130.1,2600,-9999
07/23/2019 05:15,DYSINGER EAST,23326,598.21,3150,-9999
07/23/2019 05:15,MOSES SOUTH,23319,2080.57,3150,-1600
07/23/2019 05:15,SCH - HQ - NY,23324,1500,1500,-800
07/23/2019 05:15,SCH - HQ_CEDARS,325274,190,190,-40
07/23/2019 05:15,SCH - HQ_IMPORT_EXPORT,325376,1200,1310,-9999
07/23/2019 05:15,SCH - NE - NY,23318,-793.06,1400,-1600
07/23/2019 05:15,SCH - NPX_1385,325277,134,200,-200
07/23/2019 05:15,SCH - NPX_CSC,325154,215,330,-330
07/23/2019 05:15,SCH - OH - NY,23317,898.53,1500,-1700
07/23/2019 05:15,SCH - PJ - NY,23316,166.95,2050,-1150
07/23/2019 05:15,SCH - PJM_HTP,325905,100,660,-660
07/23/2019 05:15,SCH - PJM_NEPTUNE,325305,660,660,-660
07/23/2019 05:15,SCH - PJM_VFT,325658,315,315,-315
07/23/2019 05:15,SPR/DUN-SOUTH,23320,3446.94,4350,-9999
07/23/2019 05:15,TOTAL EAST,23314,3631.69,6800,-9999
07/23/2019 05:15,UPNY CONED,23315,3255.77,5700,-9999
07/23/2019 05:15,WEST CENTRAL,23312,184.59,9999,-9999
07/23/2019 05:20,CENTRAL EAST - VC,23330,2112.76,2600,-9999
07/23/2019 05:20,DYSINGER EAST,23326,596.51,3150,-9999
07/23/2019 05:20,MOSES SOUTH,23319,2075.69,3150,-1600
07/23/2019 05:20,SCH - HQ - NY,23324,1500,1500,-800
07/23/2019 05:20,SCH - HQ_CEDARS,325274,190,190,-40
07/23/2019 05:20,SCH - HQ_IMPORT_EXPORT,325376,1200,1310,-9999
07/23/2019 05:20,SCH - NE - NY,23318,-801.09,1400,-1600
07/23/2019 05:20,SCH - NPX_1385,325277,134,200,-200
07/23/2019 05:20,SCH - NPX_CSC,325154,215,330,-330
07/23/2019 05:20,SCH - OH - NY,23317,898.56,1500,-1700
07/23/2019 05:20,SCH - PJ - NY,23316,168.08,2050,-1150
07/23/2019 05:20,SCH - PJM_HTP,325905,100,660,-660
07/23/2019 05:20,SCH - PJM_NEPTUNE,325305,660,660,-660
07/23/2019 05:20,SCH - PJM_VFT,325658,315,315,-315
07/23/2019 05:20,SPR/DUN-SOUTH,23320,3441.31,4350,-9999
07/23/2019 05:20,TOTAL EAST,23314,3614.46,6800,-9999
07/23/2019 05:20,UPNY CONED,23315,3255.89,5700,-9999
07/23/2019 05:20,WEST CENTRAL,23312,178.68,9999,-9999
07/23/2019 05:25,CENTRAL EAST - VC,23330,2146.59,2600,-9999
07/23/2019 05:25,DYSINGER EAST,23326,595.1,3150,-9999
07/23/2019 05:25,MOSES SOUTH,23319,2078.65,3150,-1600
07/23/2019 05:25,SCH - HQ - NY,23324,1500,1500,-800
07/23/2019 05:25,SCH - HQ_CEDARS,325274,190,190,-40
07/23/2019 05:25,SCH - HQ_IMPORT_EXPORT,325376,1200,1310,-9999
07/23/2019 05:25,SCH - NE - NY,23318,-801.05,1400,-1600
07/23/2019 05:25,SCH - NPX_1385,325277,134,200,-200
07/23/2019 05:25,SCH - NPX_CSC,325154,215,330,-330
07/23/2019 05:25,SCH - OH - NY,23317,898.56,1500,-1700
07/23/2019 05:25,SCH - PJ - NY,23316,166.95,2050,-1150
07/23/2019 05:25,SCH - PJM_HTP,325905,100,660,-660
07/23/2019 05:25,SCH - PJM_NEPTUNE,325305,660,660,-660
07/23/2019 05:25,SCH - PJM_VFT,325658,315,315,-315
07/23/2019 05:25,SPR/DUN-SOUTH,23320,3455.22,4350,-9999
07/23/2019 05:25,TOTAL EAST,23314,3646.71,6800,-9999
07/23/2019 05:25,UPNY CONED,23315,3269.03,5700,-9999
07/23/2019 05:25,WEST CENTRAL,23312,175.29,9999,-9999
07/23/2019 05:30,CENTRAL EAST - VC,23330,2146.97,2600,-9999
07/23/2019 05:30,DYSINGER EAST,23326,586.79,3150,-9999
07/23/2019 05:30,MOSES SOUTH,23319,2065.06,3150,-1600
07/23/2019 05:30,SCH - HQ - NY,23324,1500,1500,-800
07/23/2019 05:30,SCH - HQ_CEDARS,325274,190,190,-40
07/23/2019 05:30,SCH - HQ_IMPORT_EXPORT,325376,1200,1310,-9999
07/23/2019 05:30,SCH - NE - NY,23318,-816.93,1400,-1600
07/23/2019 05:30,SCH - NPX_1385,325277,134,200,-200
07/23/2019 05:30,SCH - NPX_CSC,325154,215,330,-330
07/23/2019 05:30,SCH - OH - NY,23317,898.53,1500,-1700
07/23/2019 05:30,SCH - PJ - NY,23316,168.87,2050,-1150
07/23/2019 05:30,SCH - PJM_HTP,325905,100,660,-660
07/23/2019 05:30,SCH - PJM_NEPTUNE,325305,660,660,-660
07/23/2019 05:30,SCH - PJM_VFT,325658,315,315,-315
07/23/2019 05:30,SPR/DUN-SOUTH,23320,3442.83,4350,-9999
07/23/2019 05:30,TOTAL EAST,23314,3683.28,6800,-9999
07/23/2019 05:30,UPNY CONED,23315,3265.93,5700,-9999
07/23/2019 05:30,WEST CENTRAL,23312,161.84,9999,-9999
07/23/2019 05:35,CENTRAL EAST - VC,23330,2150.69,2600,-9999
07/23/2019 05:35,DYSINGER EAST,23326,582.75,3150,-9999
07/23/2019 05:35,MOSES SOUTH,23319,2052.52,3150,-1600
07/23/2019 05:35,SCH - HQ - NY,23324,1500,1500,-800
07/23/2019 05:35,SCH - HQ_CEDARS,325274,190,190,-40
07/23/2019 05:35,SCH - HQ_IMPORT_EXPORT,325376,1200,1310,-9999
07/23/2019 05:35,SCH - NE - NY,23318,-833.41,1400,-1600
07/23/2019 05:35,SCH - NPX_1385,325277,134,200,-200
07/23/2019 05:35,SCH - NPX_CSC,325154,215,330,-330
07/23/2019 05:35,SCH - OH - NY,23317,898.48,1500,-1700
07/23/2019 05:35,SCH - PJ - NY,23316,166.08,2050,-1150
07/23/2019 05:35,SCH - PJM_HTP,325905,100,660,-660
07/23/2019 05:35,SCH - PJM_NEPTUNE,325305,660,660,-660
07/23/2019 05:35,SCH - PJM_VFT,325658,315,315,-315
07/23/2019 05:35,SPR/DUN-SOUTH,23320,3457.13,4350,-9999
07/23/2019 05:35,TOTAL EAST,23314,3658.1,6800,-9999
07/23/2019 05:35,UPNY CONED,23315,3289.44,5700,-9999
07/23/2019 05:35,WEST CENTRAL,23312,152.88,9999,-9999
07/23/2019 05:40,CENTRAL EAST - VC,23330,2129.9,2600,-9999
07/23/2019 05:40,DYSINGER EAST,23326,548.69,3150,-9999
07/23/2019 05:40,MOSES SOUTH,23319,2047.44,3150,-1600
07/23/2019 05:40,SCH - HQ - NY,23324,1500,1500,-800
07/23/2019 05:40,SCH - HQ_CEDARS,325274,190,190,-40
07/23/2019 05:40,SCH - HQ_IMPORT_EXPORT,325376,1200,1310,-9999
07/23/2019 05:40,SCH - NE - NY,23318,-833.85,1400,-1600
07/23/2019 05:40,SCH - NPX_1385,325277,134,200,-200
07/23/2019 05:40,SCH - NPX_CSC,325154,215,330,-330
07/23/2019 05:40,SCH - OH - NY,23317,898.5,1500,-1700
07/23/2019 05:40,SCH - PJ - NY,23316,169.87,2050,-1150
07/23/2019 05:40,SCH - PJM_HTP,325905,100,660,-660
07/23/2019 05:40,SCH - PJM_NEPTUNE,325305,660,660,-660
07/23/2019 05:40,SCH - PJM_VFT,325658,315,315,-315
07/23/2019 05:40,SPR/DUN-SOUTH,23320,3442.86,4350,-9999
07/23/2019 05:40,TOTAL EAST,23314,3693.19,6800,-9999
07/23/2019 05:40,UPNY CONED,23315,3285.75,5700,-9999
07/23/2019 05:40,WEST CENTRAL,23312,115.26,9999,-9999
07/23/2019 05:45,CENTRAL EAST - VC,23330,2183.89,2600,-9999
07/23/2019 05:45,DYSINGER EAST,23326,591.36,3150,-9999
07/23/2019 05:45,MOSES SOUTH,23319,2046.3,3150,-1600
07/23/2019 05:45,SCH - HQ - NY,23324,1500,1500,-800
07/23/2019 05:45,SCH - HQ_CEDARS,325274,190,190,-40
07/23/2019 05:45,SCH - HQ_IMPORT_EXPORT,325376,1200,1310,-9999
07/23/2019 05:45,SCH - NE - NY,23318,-852.32,1400,-1600
07/23/2019 05:45,SCH - NPX_1385,325277,134,200,-200
07/23/2019 05:45,SCH - NPX_CSC,325154,215,330,-330
07/23/2019 05:45,SCH - OH - NY,23317,898.55,1500,-1700
07/23/2019 05:45,SCH - PJ - NY,23316,166.13,2050,-1150
07/23/2019 05:45,SCH - PJM_HTP,325905,100,660,-660
07/23/2019 05:45,SCH - PJM_NEPTUNE,325305,660,660,-660
07/23/2019 05:45,SCH - PJM_VFT,325658,315,315,-315
07/23/2019 05:45,SPR/DUN-SOUTH,23320,3462.19,4350,-9999
07/23/2019 05:45,TOTAL EAST,23314,3714.23,6800,-9999
07/23/2019 05:45,UPNY CONED,23315,3309.42,5700,-9999
07/23/2019 05:45,WEST CENTRAL,23312,155.08,9999,-9999
07/23/2019 05:50,CENTRAL EAST - VC,23330,2205.01,2600,-9999
07/23/2019 05:50,DYSINGER EAST,23326,625.06,3150,-9999
07/23/2019 05:50,MOSES SOUTH,23319,2046.11,3150,-1600
07/23/2019 05:50,SCH - HQ - NY,23324,1500,1500,-800
07/23/2019 05:50,SCH - HQ_CEDARS,325274,190,190,-40
07/23/2019 05:50,SCH - HQ_IMPORT_EXPORT,325376,1200,1310,-9999
07/23/2019 05:50,SCH - NE - NY,23318,-872.75,1400,-1600
07/23/2019 05:50,SCH - NPX_1385,325277,134,200,-200
07/23/2019 05:50,SCH - NPX_CSC,325154,215,330,-330
07/23/2019 05:50,SCH - OH - NY,23317,898.47,1500,-1700
07/23/2019 05:50,SCH - PJ - NY,23316,161.77,2050,-1150
07/23/2019 05:50,SCH - PJM_HTP,325905,100,660,-660
07/23/2019 05:50,SCH - PJM_NEPTUNE,325305,660,660,-660
07/23/2019 05:50,SCH - PJM_VFT,325658,315,315,-315
07/23/2019 05:50,SPR/DUN-SOUTH,23320,3456.25,4350,-9999
07/23/2019 05:50,TOTAL EAST,23314,3799.09,6800,-9999
07/23/2019 05:50,UPNY CONED,23315,3312.26,5700,-9999
07/23/2019 05:50,WEST CENTRAL,23312,186.88,9999,-9999
07/23/2019 05:55,CENTRAL EAST - VC,23330,2219.66,2600,-9999
07/23/2019 05:55,DYSINGER EAST,23326,694.5,3150,-9999
07/23/2019 05:55,MOSES SOUTH,23319,2061.59,3150,-1600
07/23/2019 05:55,SCH - HQ - NY,23324,1500,1500,-800
07/23/2019 05:55,SCH - HQ_CEDARS,325274,190,190,-40
07/23/2019 05:55,SCH - HQ_IMPORT_EXPORT,325376,1200,1310,-9999
07/23/2019 05:55,SCH - NE - NY,23318,-872.57,1400,-1600
07/23/2019 05:55,SCH - NPX_1385,325277,134,200,-200
07/23/2019 05:55,SCH - NPX_CSC,325154,215,330,-330
07/23/2019 05:55,SCH - OH - NY,23317,898.61,1500,-1700
07/23/2019 05:55,SCH - PJ - NY,23316,165.71,2050,-1150
07/23/2019 05:55,SCH - PJM_HTP,325905,100,660,-660
07/23/2019 05:55,SCH - PJM_NEPTUNE,325305,660,660,-660
07/23/2019 05:55,SCH - PJM_VFT,325658,315,315,-315
07/23/2019 05:55,SPR/DUN-SOUTH,23320,3476.69,4350,-9999
07/23/2019 05:55,TOTAL EAST,23314,3797.27,6800,-9999
07/23/2019 05:55,UPNY CONED,23315,3341.91,5700,-9999
07/23/2019 05:55,WEST CENTRAL,23312,255.1,9999,-9999
07/23/2019 06:00,CENTRAL EAST - VC,23330,2300.97,2600,-9999
07/23/2019 06:00,DYSINGER EAST,23326,758.25,3150,-9999
07/23/2019 06:00,MOSES SOUTH,23319,2053.7,3150,-1600
07/23/2019 06:00,SCH - HQ - NY,23324,1500,1500,-800
07/23/2019 06:00,SCH - HQ_CEDARS,325274,190,190,-40
07/23/2019 06:00,SCH - HQ_IMPORT_EXPORT,325376,1200,1310,-9999
07/23/2019 06:00,SCH - NE - NY,23318,-874.49,1400,-1600
07/23/2019 06:00,SCH - NPX_1385,325277,155,200,-200
07/23/2019 06:00,SCH - NPX_CSC,325154,235,330,-330
07/23/2019 06:00,SCH - OH - NY,23317,898.58,1500,-1700
07/23/2019 06:00,SCH - PJ - NY,23316,87.83,2050,-1150
07/23/2019 06:00,SCH - PJM_HTP,325905,50,660,-660
07/23/2019 06:00,SCH - PJM_NEPTUNE,325305,660,660,-660
07/23/2019 06:00,SCH - PJM_VFT,325658,315,315,-315
07/23/2019 06:00,SPR/DUN-SOUTH,23320,3532.59,4350,-9999
07/23/2019 06:00,TOTAL EAST,23314,3922.07,6800,-9999
07/23/2019 06:00,UPNY CONED,23315,3404.51,5700,-9999
07/23/2019 06:00,WEST CENTRAL,23312,307.59,9999,-9999
07/23/2019 06:05,CENTRAL EAST - VC,23330,2243.74,2600,-9999
07/23/2019 06:05,DYSINGER EAST,23326,705.93,3150,-9999
07/23/2019 06:05,MOSES SOUTH,23319,2052.21,3150,-1600
07/23/2019 06:05,SCH - HQ - NY,23324,1500,1500,-800
07/23/2019 06:05,SCH - HQ_CEDARS,325274,190,190,-40
07/23/2019 06:05,SCH - HQ_IMPORT_EXPORT,325376,1200,1310,-9999
07/23/2019 06:05,SCH - NE - NY,23318,-876.63,1400,-1600
07/23/2019 06:05,SCH - NPX_1385,325277,177,200,-200
07/23/2019 06:05,SCH - NPX_CSC,325154,256,330,-330
07/23/2019 06:05,SCH - OH - NY,23317,898.53,1500,-1700
07/23/2019 06:05,SCH - PJ - NY,23316,11.19,2050,-1150
07/23/2019 06:05,SCH - PJM_HTP,325905,0,660,-660
07/23/2019 06:05,SCH - PJM_NEPTUNE,325305,660,660,-660
07/23/2019 06:05,SCH - PJM_VFT,325658,315,315,-315
07/23/2019 06:05,SPR/DUN-SOUTH,23320,3614.33,4350,-9999
07/23/2019 06:05,TOTAL EAST,23314,3883.4,6800,-9999
07/23/2019 06:05,UPNY CONED,23315,3461.95,5700,-9999
07/23/2019 06:05,WEST CENTRAL,23312,243.88,9999,-9999
07/23/2019 06:10,CENTRAL EAST - VC,23330,2275.11,2600,-9999
07/23/2019 06:10,DYSINGER EAST,23326,736.86,3150,-9999
07/23/2019 06:10,MOSES SOUTH,23319,2060.58,3150,-1600
07/23/2019 06:10,SCH - HQ - NY,23324,1500,1500,-800
07/23/2019 06:10,SCH - HQ_CEDARS,325274,190,190,-40
07/23/2019 06:10,SCH - HQ_IMPORT_EXPORT,325376,1200,1310,-9999
07/23/2019 06:10,SCH - NE - NY,23318,-876.62,1400,-1600
07/23/2019 06:10,SCH - NPX_1385,325277,177,200,-200
07/23/2019 06:10,SCH - NPX_CSC,325154,256,330,-330
07/23/2019 06:10,SCH - OH - NY,23317,898.47,1500,-1700
07/23/2019 06:10,SCH - PJ - NY,23316,11.74,2050,-1150
07/23/2019 06:10,SCH - PJM_HTP,325905,0,660,-660
07/23/2019 06:10,SCH - PJM_NEPTUNE,325305,660,660,-660
07/23/2019 06:10,SCH - PJM_VFT,325658,315,315,-315
07/23/2019 06:10,SPR/DUN-SOUTH,23320,3660.49,4350,-9999
07/23/2019 06:10,TOTAL EAST,23314,3956.21,6800,-9999
07/23/2019 06:10,UPNY CONED,23315,3526.07,5700,-9999
07/23/2019 06:10,WEST CENTRAL,23312,270.84,9999,-9999
07/23/2019 06:15,CENTRAL EAST - VC,23330,2255.95,2630,-9999
07/23/2019 06:15,DYSINGER EAST,23326,707.29,3150,-9999
07/23/2019 06:15,MOSES SOUTH,23319,2059.71,3150,-1600
07/23/2019 06:15,SCH - HQ - NY,23324,1500,1500,-800
07/23/2019 06:15,SCH - HQ_CEDARS,325274,190,190,-40
07/23/2019 06:15,SCH - HQ_IMPORT_EXPORT,325376,1200,1310,-9999
07/23/2019 06:15,SCH - NE - NY,23318,-876.83,1400,-1600
07/23/2019 06:15,SCH - NPX_1385,325277,177,200,-200
07/23/2019 06:15,SCH - NPX_CSC,325154,256,330,-330
07/23/2019 06:15,SCH - OH - NY,23317,898.45,1500,-1700
07/23/2019 06:15,SCH - PJ - NY,23316,9.91,2050,-1150
07/23/2019 06:15,SCH - PJM_HTP,325905,43,660,-660
07/23/2019 06:15,SCH - PJM_NEPTUNE,325305,660,660,-660
07/23/2019 06:15,SCH - PJM_VFT,325658,315,315,-315
07/23/2019 06:15,SPR/DUN-SOUTH,23320,3624.27,4350,-9999
07/23/2019 06:15,TOTAL EAST,23314,3938.9,6800,-9999
07/23/2019 06:15,UPNY CONED,23315,3504.63,5700,-9999
07/23/2019 06:15,WEST CENTRAL,23312,233.88,9999,-9999
07/23/2019 06:20,CENTRAL EAST - VC,23330,2279.37,2630,-9999
07/23/2019 06:20,DYSINGER EAST,23326,711.26,3150,-9999
07/23/2019 06:20,MOSES SOUTH,23319,2063.41,3150,-1600
07/23/2019 06:20,SCH - HQ - NY,23324,1500,1500,-800
07/23/2019 06:20,SCH - HQ_CEDARS,325274,190,190,-40
07/23/2019 06:20,SCH - HQ_IMPORT_EXPORT,325376,1200,1310,-9999
07/23/2019 06:20,SCH - NE - NY,23318,-876.38,1400,-1600
07/23/2019 06:20,SCH - NPX_1385,325277,177,200,-200
07/23/2019 06:20,SCH - NPX_CSC,325154,256,330,-330
07/23/2019 06:20,SCH - OH - NY,23317,898.41,1500,-1700
07/23/2019 06:20,SCH - PJ - NY,23316,8.13,2050,-1150
07/23/2019 06:20,SCH - PJM_HTP,325905,87,660,-660
07/23/2019 06:20,SCH - PJM_NEPTUNE,325305,660,660,-660
07/23/2019 06:20,SCH - PJM_VFT,325658,315,315,-315
07/23/2019 06:20,SPR/DUN-SOUTH,23320,3648.77,4350,-9999
07/23/2019 06:20,TOTAL EAST,23314,3904.81,6800,-9999
07/23/2019 06:20,UPNY CONED,23315,3544.28,5700,-9999
07/23/2019 06:20,WEST CENTRAL,23312,231.13,9999,-9999
07/23/2019 06:25,CENTRAL EAST - VC,23330,2341.3,2630,-9999
07/23/2019 06:25,DYSINGER EAST,23326,788.33,3150,-9999
07/23/2019 06:25,MOSES SOUTH,23319,2105.29,3150,-1600
07/23/2019 06:25,SCH - HQ - NY,23324,1500,1500,-800
07/23/2019 06:25,SCH - HQ_CEDARS,325274,190,190,-40
07/23/2019 06:25,SCH - HQ_IMPORT_EXPORT,325376,1200,1310,-9999
07/23/2019 06:25,SCH - NE - NY,23318,-881.42,1400,-1600
07/23/2019 06:25,SCH - NPX_1385,325277,177,200,-200
07/23/2019 06:25,SCH - NPX_CSC,325154,256,330,-330
07/23/2019 06:25,SCH - OH - NY,23317,898.53,1500,-1700
07/23/2019 06:25,SCH - PJ - NY,23316,15.17,2050,-1150
07/23/2019 06:25,SCH - PJM_HTP,325905,87,660,-660
07/23/2019 06:25,SCH - PJM_NEPTUNE,325305,660,660,-660
07/23/2019 06:25,SCH - PJM_VFT,325658,315,315,-315
07/23/2019 06:25,SPR/DUN-SOUTH,23320,3645.02,4350,-9999
07/23/2019 06:25,TOTAL EAST,23314,3893.64,6800,-9999
07/23/2019 06:25,UPNY CONED,23315,3545.92,5700,-9999
07/23/2019 06:25,WEST CENTRAL,23312,299.87,9999,-9999
07/23/2019 06:30,CENTRAL EAST - VC,23330,2311.74,2630,-9999
07/23/2019 06:30,DYSINGER EAST,23326,733.57,3150,-9999
07/23/2019 06:30,MOSES SOUTH,23319,2113.39,3150,-1600
07/23/2019 06:30,SCH - HQ - NY,23324,1500,1500,-800
07/23/2019 06:30,SCH - HQ_CEDARS,325274,190,190,-40
07/23/2019 06:30,SCH - HQ_IMPORT_EXPORT,325376,1200,1310,-9999
07/23/2019 06:30,SCH - NE - NY,23318,-876.5,1400,-1600
07/23/2019 06:30,SCH - NPX_1385,325277,177,200,-200
07/23/2019 06:30,SCH - NPX_CSC,325154,256,330,-330
07/23/2019 06:30,SCH - OH - NY,23317,898.51,1500,-1700
07/23/2019 06:30,SCH - PJ - NY,23316,7.22,2050,-1150
07/23/2019 06:30,SCH - PJM_HTP,325905,93,660,-660
07/23/2019 06:30,SCH - PJM_NEPTUNE,325305,660,660,-660
07/23/2019 06:30,SCH - PJM_VFT,325658,315,315,-315
07/23/2019 06:30,SPR/DUN-SOUTH,23320,3607.37,4350,-9999
07/23/2019 06:30,TOTAL EAST,23314,3912.92,6800,-9999
07/23/2019 06:30,UPNY CONED,23315,3497.26,5700,-9999
07/23/2019 06:30,WEST CENTRAL,23312,243.98,9999,-9999
07/23/2019 06:35,CENTRAL EAST - VC,23330,2277.19,2630,-9999
07/23/2019 06:35,DYSINGER EAST,23326,711.04,3150,-9999
07/23/2019 06:35,MOSES SOUTH,23319,2106.22,3150,-1600
07/23/2019 06:35,SCH - HQ - NY,23324,1500,1500,-800
07/23/2019 06:35,SCH - HQ_CEDARS,325274,190,190,-40
07/23/2019 06:35,SCH - HQ_IMPORT_EXPORT,325376,1200,1310,-9999
07/23/2019 06:35,SCH - NE - NY,23318,-876.57,1400,-1600
07/23/2019 06:35,SCH - NPX_1385,325277,177,200,-200
07/23/2019 06:35,SCH - NPX_CSC,325154,256,330,-330
07/23/2019 06:35,SCH - OH - NY,23317,898.49,1500,-1700
07/23/2019 06:35,SCH - PJ - NY,23316,11.31,2050,-1150
07/23/2019 06:35,SCH - PJM_HTP,325905,100,660,-660
07/23/2019 06:35,SCH - PJM_NEPTUNE,325305,660,660,-660
07/23/2019 06:35,SCH - PJM_VFT,325658,315,315,-315
07/23/2019 06:35,SPR/DUN-SOUTH,23320,3627.41,4350,-9999
07/23/2019 06:35,TOTAL EAST,23314,3883.54,6800,-9999
07/23/2019 06:35,UPNY CONED,23315,3520.74,5700,-9999
07/23/2019 06:35,WEST CENTRAL,23312,215.36,9999,-9999
07/23/2019 06:40,CENTRAL EAST - VC,23330,2255.73,2630,-9999
07/23/2019 06:40,DYSINGER EAST,23326,684.92,3150,-9999
07/23/2019 06:40,MOSES SOUTH,23319,2110.24,3150,-1600
07/23/2019 06:40,SCH - HQ - NY,23324,1500,1500,-800
07/23/2019 06:40,SCH - HQ_CEDARS,325274,190,190,-40
07/23/2019 06:40,SCH - HQ_IMPORT_EXPORT,325376,1200,1310,-9999
07/23/2019 06:40,SCH - NE - NY,23318,-876.65,1400,-1600
07/23/2019 06:40,SCH - NPX_1385,325277,177,200,-200
07/23/2019 06:40,SCH - NPX_CSC,325154,256,330,-330
07/23/2019 06:40,SCH - OH - NY,23317,898.51,1500,-1700
07/23/2019 06:40,SCH - PJ - NY,23316,10.44,2050,-1150
07/23/2019 06:40,SCH - PJM_HTP,325905,100,660,-660
07/23/2019 06:40,SCH - PJM_NEPTUNE,325305,660,660,-660
07/23/2019 06:40,SCH - PJM_VFT,325658,315,315,-315
07/23/2019 06:40,SPR/DUN-SOUTH,23320,3636.34,4350,-9999
07/23/2019 06:40,TOTAL EAST,23314,3893.09,6800,-9999
07/23/2019 06:40,UPNY CONED,23315,3523.69,5700,-9999
07/23/2019 06:40,WEST CENTRAL,23312,184.9,9999,-9999
07/23/2019 06:45,CENTRAL EAST - VC,23330,2264.17,2630,-9999
07/23/2019 06:45,DYSINGER EAST,23326,686.11,3150,-9999
07/23/2019 06:45,MOSES SOUTH,23319,2099.46,3150,-1600
07/23/2019 06:45,SCH - HQ - NY,23324,1500,1500,-800
07/23/2019 06:45,SCH - HQ_CEDARS,325274,190,190,-40
07/23/2019 06:45,SCH - HQ_IMPORT_EXPORT,325376,1200,1310,-9999
07/23/2019 06:45,SCH - NE - NY,23318,-876.8,1400,-1600
07/23/2019 06:45,SCH - NPX_1385,325277,177,200,-200
07/23/2019 06:45,SCH - NPX_CSC,325154,256,330,-330
07/23/2019 06:45,SCH - OH - NY,23317,898.47,1500,-1700
07/23/2019 06:45,SCH - PJ - NY,23316,19.54,2050,-1150
07/23/2019 06:45,SCH - PJM_HTP,325905,100,660,-660
07/23/2019 06:45,SCH - PJM_NEPTUNE,325305,660,660,-660
07/23/2019 06:45,SCH - PJM_VFT,325658,315,315,-315
07/23/2019 06:45,SPR/DUN-SOUTH,23320,3673,4350,-9999
07/23/2019 06:45,TOTAL EAST,23314,3888,6800,-9999
07/23/2019 06:45,UPNY CONED,23315,3552.67,5700,-9999
07/23/2019 06:45,WEST CENTRAL,23312,181.22,9999,-9999
07/23/2019 06:50,CENTRAL EAST - VC,23330,2237.7,2630,-9999
07/23/2019 06:50,DYSINGER EAST,23326,694.73,3150,-9999
07/23/2019 06:50,MOSES SOUTH,23319,2088.83,3150,-1600
07/23/2019 06:50,SCH - HQ - NY,23324,1500,1500,-800
07/23/2019 06:50,SCH - HQ_CEDARS,325274,190,190,-40
07/23/2019 06:50,SCH - HQ_IMPORT_EXPORT,325376,1200,1310,-9999
07/23/2019 06:50,SCH - NE - NY,23318,-876.84,1400,-1600
07/23/2019 06:50,SCH - NPX_1385,325277,177,200,-200
07/23/2019 06:50,SCH - NPX_CSC,325154,256,330,-330
07/23/2019 06:50,SCH - OH - NY,23317,898.44,1500,-1700
07/23/2019 06:50,SCH - PJ - NY,23316,12.71,2050,-1150
07/23/2019 06:50,SCH - PJM_HTP,325905,100,660,-660
07/23/2019 06:50,SCH - PJM_NEPTUNE,325305,660,660,-660
07/23/2019 06:50,SCH - PJM_VFT,325658,315,315,-315
07/23/2019 06:50,SPR/DUN-SOUTH,23320,3667.39,4350,-9999
07/23/2019 06:50,TOTAL EAST,23314,3916.59,6800,-9999
07/23/2019 06:50,UPNY CONED,23315,3562.45,5700,-9999
07/23/2019 06:50,WEST CENTRAL,23312,183.59,9999,-9999
07/23/2019 06:55,CENTRAL EAST - VC,23330,2280.8,2630,-9999
07/23/2019 06:55,DYSINGER EAST,23326,751.09,3150,-9999
07/23/2019 06:55,MOSES SOUTH,23319,2084.37,3150,-1600
07/23/2019 06:55,SCH - HQ - NY,23324,1500,1500,-800
07/23/2019 06:55,SCH - HQ_CEDARS,325274,190,190,-40
07/23/2019 06:55,SCH - HQ_IMPORT_EXPORT,325376,1200,1310,-9999
07/23/2019 06:55,SCH - NE - NY,23318,-876.76,1400,-1600
07/23/2019 06:55,SCH - NPX_1385,325277,177,200,-200
07/23/2019 06:55,SCH - NPX_CSC,325154,256,330,-330
07/23/2019 06:55,SCH - OH - NY,23317,898.45,1500,-1700
07/23/2019 06:55,SCH - PJ - NY,23316,11.68,2050,-1150
07/23/2019 06:55,SCH - PJM_HTP,325905,100,660,-660
07/23/2019 06:55,SCH - PJM_NEPTUNE,325305,660,660,-660
07/23/2019 06:55,SCH - PJM_VFT,325658,315,315,-315
07/23/2019 06:55,SPR/DUN-SOUTH,23320,3670.41,4350,-9999
07/23/2019 06:55,TOTAL EAST,23314,3938.71,6800,-9999
07/23/2019 06:55,UPNY CONED,23315,3557.5,5700,-9999
07/23/2019 06:55,WEST CENTRAL,23312,235.91,9999,-9999
07/23/2019 07:00,CENTRAL EAST - VC,23330,2270,2630,-9999
07/23/2019 07:00,DYSINGER EAST,23326,733.62,3150,-9999
07/23/2019 07:00,MOSES SOUTH,23319,2048.48,3150,-1600
07/23/2019 07:00,SCH - HQ - NY,23324,1481,1500,-800
07/23/2019 07:00,SCH - HQ_CEDARS,325274,190,190,-40
07/23/2019 07:00,SCH - HQ_IMPORT_EXPORT,325376,1181,1310,-9999
07/23/2019 07:00,SCH - NE - NY,23318,-727.98,1400,-1600
07/23/2019 07:00,SCH - NPX_1385,325277,156,200,-200
07/23/2019 07:00,SCH - NPX_CSC,325154,285,330,-330
07/23/2019 07:00,SCH - OH - NY,23317,898.47,1500,-1700
07/23/2019 07:00,SCH - PJ - NY,23316,17.22,2050,-1150
07/23/2019 07:00,SCH - PJM_HTP,325905,134,660,-660
07/23/2019 07:00,SCH - PJM_NEPTUNE,325305,660,660,-660
07/23/2019 07:00,SCH - PJM_VFT,325658,315,315,-315
07/23/2019 07:00,SPR/DUN-SOUTH,23320,3687.81,4350,-9999
07/23/2019 07:00,TOTAL EAST,23314,3963.5,6800,-9999
07/23/2019 07:00,UPNY CONED,23315,3572.94,5700,-9999
07/23/2019 07:00,WEST CENTRAL,23312,205.61,9999,-9999
07/23/2019 07:05,CENTRAL EAST - VC,23330,2273.58,2630,-9999
07/23/2019 07:05,DYSINGER EAST,23326,709.62,3150,-9999
07/23/2019 07:05,MOSES SOUTH,23319,2031.06,3150,-1600
07/23/2019 07:05,SCH - HQ - NY,23324,1462,1500,-800
07/23/2019 07:05,SCH - HQ_CEDARS,325274,190,190,-40
07/23/2019 07:05,SCH - HQ_IMPORT_EXPORT,325376,1162,1310,-9999
07/23/2019 07:05,SCH - NE - NY,23318,-578.61,1400,-1600
07/23/2019 07:05,SCH - NPX_1385,325277,135,200,-200
07/23/2019 07:05,SCH - NPX_CSC,325154,315,330,-330
07/23/2019 07:05,SCH - OH - NY,23317,898.45,1500,-1700
07/23/2019 07:05,SCH - PJ - NY,23316,22.03,2050,-1150
07/23/2019 07:05,SCH - PJM_HTP,325905,168,660,-660
07/23/2019 07:05,SCH - PJM_NEPTUNE,325305,660,660,-660
07/23/2019 07:05,SCH - PJM_VFT,325658,315,315,-315
07/23/2019 07:05,SPR/DUN-SOUTH,23320,3687.56,4350,-9999
07/23/2019 07:05,TOTAL EAST,23314,3950.12,6800,-9999
07/23/2019 07:05,UPNY CONED,23315,3566.96,5700,-9999
07/23/2019 07:05,WEST CENTRAL,23312,167.4,9999,-9999
07/23/2019 07:10,CENTRAL EAST - VC,23330,2248.94,2630,-9999
07/23/2019 07:10,DYSINGER EAST,23326,707.32,3150,-9999
07/23/2019 07:10,MOSES SOUTH,23319,2010.41,3150,-1600
07/23/2019 07:10,SCH - HQ - NY,23324,1462,1500,-800
07/23/2019 07:10,SCH - HQ_CEDARS,325274,190,190,-40
07/23/2019 07:10,SCH - HQ_IMPORT_EXPORT,325376,1162,1310,-9999
07/23/2019 07:10,SCH - NE - NY,23318,-578.16,1400,-1600
07/23/2019 07:10,SCH - NPX_1385,325277,135,200,-200
07/23/2019 07:10,SCH - NPX_CSC,325154,315,330,-330
07/23/2019 07:10,SCH - OH - NY,23317,898.32,1500,-1700
07/23/2019 07:10,SCH - PJ - NY,23316,19.54,2050,-1150
07/23/2019 07:10,SCH - PJM_HTP,325905,168,660,-660
07/23/2019 07:10,SCH - PJM_NEPTUNE,325305,660,660,-660
07/23/2019 07:10,SCH - PJM_VFT,325658,315,315,-315
07/23/2019 07:10,SPR/DUN-SOUTH,23320,3715.93,4350,-9999
07/23/2019 07:10,TOTAL EAST,23314,3899.7,6800,-9999
07/23/2019 07:10,UPNY CONED,23315,3595.54,5700,-9999
07/23/2019 07:10,WEST CENTRAL,23312,162.33,9999,-9999
07/23/2019 07:15,CENTRAL EAST - VC,23330,2202.83,2630,-9999
07/23/2019 07:15,DYSINGER EAST,23326,720.4,3150,-9999
07/23/2019 07:15,MOSES SOUTH,23319,1907.58,3150,-1600
07/23/2019 07:15,SCH - HQ - NY,23324,1462,1500,-800
07/23/2019 07:15,SCH - HQ_CEDARS,325274,190,190,-40
07/23/2019 07:15,SCH - HQ_IMPORT_EXPORT,325376,1162,1310,-9999
07/23/2019 07:15,SCH - NE - NY,23318,-596.28,1400,-1600
07/23/2019 07:15,SCH - NPX_1385,325277,135,200,-200
07/23/2019 07:15,SCH - NPX_CSC,325154,315,330,-330
07/23/2019 07:15,SCH - OH - NY,23317,897.89,1500,-1700
07/23/2019 07:15,SCH - PJ - NY,23316,41.99,2050,-1150
07/23/2019 07:15,SCH - PJM_HTP,325905,184,660,-660
07/23/2019 07:15,SCH - PJM_NEPTUNE,325305,660,660,-660
07/23/2019 07:15,SCH - PJM_VFT,325658,315,315,-315
07/23/2019 07:15,SPR/DUN-SOUTH,23320,3722.49,4350,-9999
07/23/2019 07:15,TOTAL EAST,23314,3909.58,6800,-9999
07/23/2019 07:15,UPNY CONED,23315,3591.12,5700,-9999
07/23/2019 07:15,WEST CENTRAL,23312,173.31,9999,-9999
07/23/2019 07:20,CENTRAL EAST - VC,23330,2182.82,2630,-9999
07/23/2019 07:20,DYSINGER EAST,23326,668.2,3150,-9999
07/23/2019 07:20,MOSES SOUTH,23319,1904.88,3150,-1600
07/23/2019 07:20,SCH - HQ - NY,23324,1462,1500,-800
07/23/2019 07:20,SCH - HQ_CEDARS,325274,190,190,-40
07/23/2019 07:20,SCH - HQ_IMPORT_EXPORT,325376,1162,1310,-9999
07/23/2019 07:20,SCH - NE - NY,23318,-613.99,1400,-1600
07/23/2019 07:20,SCH - NPX_1385,325277,135,200,-200
07/23/2019 07:20,SCH - NPX_CSC,325154,315,330,-330
07/23/2019 07:20,SCH - OH - NY,23317,897.94,1500,-1700
07/23/2019 07:20,SCH - PJ - NY,23316,59.53,2050,-1150
07/23/2019 07:20,SCH - PJM_HTP,325905,200,660,-660
07/23/2019 07:20,SCH - PJM_NEPTUNE,325305,660,660,-660
07/23/2019 07:20,SCH - PJM_VFT,325658,315,315,-315
07/23/2019 07:20,SPR/DUN-SOUTH,23320,3631.31,4350,-9999
07/23/2019 07:20,TOTAL EAST,23314,3900.07,6800,-9999
07/23/2019 07:20,UPNY CONED,23315,3523.99,5700,-9999
07/23/2019 07:20,WEST CENTRAL,23312,114.97,9999,-9999
07/23/2019 07:25,CENTRAL EAST - VC,23330,2201.71,2630,-9999
07/23/2019 07:25,DYSINGER EAST,23326,574.84,3150,-9999
07/23/2019 07:25,MOSES SOUTH,23319,2022.41,3150,-1600
07/23/2019 07:25,SCH - HQ - NY,23324,1462,1500,-800
07/23/2019 07:25,SCH - HQ_CEDARS,325274,190,190,-40
07/23/2019 07:25,SCH - HQ_IMPORT_EXPORT,325376,1162,1310,-9999
07/23/2019 07:25,SCH - NE - NY,23318,-613.84,1400,-1600
07/23/2019 07:25,SCH - NPX_1385,325277,135,200,-200
07/23/2019 07:25,SCH - NPX_CSC,325154,315,330,-330
07/23/2019 07:25,SCH - OH - NY,23317,898.39,1500,-1700
07/23/2019 07:25,SCH - PJ - NY,23316,57.97,2050,-1150
07/23/2019 07:25,SCH - PJM_HTP,325905,200,660,-660
07/23/2019 07:25,SCH - PJM_NEPTUNE,325305,660,660,-660
07/23/2019 07:25,SCH - PJM_VFT,325658,315,315,-315
07/23/2019 07:25,SPR/DUN-SOUTH,23320,3614.53,4350,-9999
07/23/2019 07:25,TOTAL EAST,23314,3893.88,6800,-9999
07/23/2019 07:25,UPNY CONED,23315,3515.66,5700,-9999
07/23/2019 07:25,WEST CENTRAL,23312,15.08,9999,-9999
07/23/2019 07:30,CENTRAL EAST - VC,23330,2169.9,2630,-9999
07/23/2019 07:30,DYSINGER EAST,23326,576.95,3150,-9999
07/23/2019 07:30,MOSES SOUTH,23319,2013.7,3150,-1600
07/23/2019 07:30,SCH - HQ - NY,23324,1462,1500,-800
07/23/2019 07:30,SCH - HQ_CEDARS,325274,190,190,-40
07/23/2019 07:30,SCH - HQ_IMPORT_EXPORT,325376,1162,1310,-9999
07/23/2019 07:30,SCH - NE - NY,23318,-602.38,1400,-1600
07/23/2019 07:30,SCH - NPX_1385,325277,135,200,-200
07/23/2019 07:30,SCH - NPX_CSC,325154,315,330,-330
07/23/2019 07:30,SCH - OH - NY,23317,898.4,1500,-1700
07/23/2019 07:30,SCH - PJ - NY,23316,44.99,2050,-1150
07/23/2019 07:30,SCH - PJM_HTP,325905,179,660,-660
07/23/2019 07:30,SCH - PJM_NEPTUNE,325305,660,660,-660
07/23/2019 07:30,SCH - PJM_VFT,325658,315,315,-315
07/23/2019 07:30,SPR/DUN-SOUTH,23320,3627.61,4350,-9999
07/23/2019 07:30,TOTAL EAST,23314,3926.33,6800,-9999
07/23/2019 07:30,UPNY CONED,23315,3526.2,5700,-9999
07/23/2019 07:30,WEST CENTRAL,23312,5.69,9999,-9999
07/23/2019 07:35,CENTRAL EAST - VC,23330,2225.22,2630,-9999
07/23/2019 07:35,DYSINGER EAST,23326,710.52,3150,-9999
07/23/2019 07:35,MOSES SOUTH,23319,2029.53,3150,-1600
07/23/2019 07:35,SCH - HQ - NY,23324,1462,1500,-800
07/23/2019 07:35,SCH - HQ_CEDARS,325274,190,190,-40
07/23/2019 07:35,SCH - HQ_IMPORT_EXPORT,325376,1162,1310,-9999
07/23/2019 07:35,SCH - NE - NY,23318,-591.12,1400,-1600
07/23/2019 07:35,SCH - NPX_1385,325277,135,200,-200
07/23/2019 07:35,SCH - NPX_CSC,325154,315,330,-330
07/23/2019 07:35,SCH - OH - NY,23317,898.4,1500,-1700
07/23/2019 07:35,SCH - PJ - NY,23316,20.34,2050,-1150
07/23/2019 07:35,SCH - PJM_HTP,325905,158,660,-660
07/23/2019 07:35,SCH - PJM_NEPTUNE,325305,660,660,-660
07/23/2019 07:35,SCH - PJM_VFT,325658,315,315,-315
07/23/2019 07:35,SPR/DUN-SOUTH,23320,3696.71,4350,-9999
07/23/2019 07:35,TOTAL EAST,23314,3903.53,6800,-9999
07/23/2019 07:35,UPNY CONED,23315,3609.65,5700,-9999
07/23/2019 07:35,WEST CENTRAL,23312,125.53,9999,-9999
07/23/2019 07:40,CENTRAL EAST - VC,23330,2211.31,2630,-9999
07/23/2019 07:40,DYSINGER EAST,23326,729.27,3150,-9999
07/23/2019 07:40,MOSES SOUTH,23319,2058.46,3150,-1600
07/23/2019 07:40,SCH - HQ - NY,23324,1462,1500,-800
07/23/2019 07:40,SCH - HQ_CEDARS,325274,190,190,-40
07/23/2019 07:40,SCH - HQ_IMPORT_EXPORT,325376,1162,1310,-9999
07/23/2019 07:40,SCH - NE - NY,23318,-591.28,1400,-1600
07/23/2019 07:40,SCH - NPX_1385,325277,135,200,-200
07/23/2019 07:40,SCH - NPX_CSC,325154,315,330,-330
07/23/2019 07:40,SCH - OH - NY,23317,898.44,1500,-1700
07/23/2019 07:40,SCH - PJ - NY,23316,17.5,2050,-1150
07/23/2019 07:40,SCH - PJM_HTP,325905,158,660,-660
07/23/2019 07:40,SCH - PJM_NEPTUNE,325305,660,660,-660
07/23/2019 07:40,SCH - PJM_VFT,325658,315,315,-315
07/23/2019 07:40,SPR/DUN-SOUTH,23320,3722.96,4350,-9999
07/23/2019 07:40,TOTAL EAST,23314,3865.66,6800,-9999
07/23/2019 07:40,UPNY CONED,23315,3630.31,5700,-9999
07/23/2019 07:40,WEST CENTRAL,23312,141.03,9999,-9999
07/23/2019 07:45,CENTRAL EAST - VC,23330,2187.72,2630,-9999
07/23/2019 07:45,DYSINGER EAST,23326,664.36,3150,-9999
07/23/2019 07:45,MOSES SOUTH,23319,2066.02,3150,-1600
07/23/2019 07:45,SCH - HQ - NY,23324,1462,1500,-800
07/23/2019 07:45,SCH - HQ_CEDARS,325274,190,190,-40
07/23/2019 07:45,SCH - HQ_IMPORT_EXPORT,325376,1162,1310,-9999
07/23/2019 07:45,SCH - NE - NY,23318,-592.21,1400,-1600
07/23/2019 07:45,SCH - NPX_1385,325277,135,200,-200
07/23/2019 07:45,SCH - NPX_CSC,325154,315,330,-330
07/23/2019 07:45,SCH - OH - NY,23317,898.42,1500,-1700
07/23/2019 07:45,SCH - PJ - NY,23316,45.27,2050,-1150
07/23/2019 07:45,SCH - PJM_HTP,325905,129,660,-660
07/23/2019 07:45,SCH - PJM_NEPTUNE,325305,660,660,-660
07/23/2019 07:45,SCH - PJM_VFT,325658,315,315,-315
07/23/2019 07:45,SPR/DUN-SOUTH,23320,3719.06,4350,-9999
07/23/2019 07:45,TOTAL EAST,23314,3885.64,6800,-9999
07/23/2019 07:45,UPNY CONED,23315,3627.5,5700,-9999
07/23/2019 07:45,WEST CENTRAL,23312,75.99,9999,-9999
07/23/2019 07:50,CENTRAL EAST - VC,23330,2167.64,2630,-9999
07/23/2019 07:50,DYSINGER EAST,23326,704.17,3150,-9999
07/23/2019 07:50,MOSES SOUTH,23319,2072.79,3150,-1600
07/23/2019 07:50,SCH - HQ - NY,23324,1462,1500,-800
07/23/2019 07:50,SCH - HQ_CEDARS,325274,190,190,-40
07/23/2019 07:50,SCH - HQ_IMPORT_EXPORT,325376,1162,1310,-9999
07/23/2019 07:50,SCH - NE - NY,23318,-594.36,1400,-1600
07/23/2019 07:50,SCH - NPX_1385,325277,135,200,-200
07/23/2019 07:50,SCH - NPX_CSC,325154,315,330,-330
07/23/2019 07:50,SCH - OH - NY,23317,898.44,1500,-1700
07/23/2019 07:50,SCH - PJ - NY,23316,60,2050,-1150
07/23/2019 07:50,SCH - PJM_HTP,325905,100,660,-660
07/23/2019 07:50,SCH - PJM_NEPTUNE,325305,660,660,-660
07/23/2019 07:50,SCH - PJM_VFT,325658,315,315,-315
07/23/2019 07:50,SPR/DUN-SOUTH,23320,3727.63,4350,-9999
07/23/2019 07:50,TOTAL EAST,23314,3909.03,6800,-9999
07/23/2019 07:50,UPNY CONED,23315,3646.4,5700,-9999
07/23/2019 07:50,WEST CENTRAL,23312,107.48,9999,-9999
07/23/2019 07:55,CENTRAL EAST - VC,23330,2141.71,2630,-9999
07/23/2019 07:55,DYSINGER EAST,23326,677.68,3150,-9999
07/23/2019 07:55,MOSES SOUTH,23319,2084.32,3150,-1600
07/23/2019 07:55,SCH - HQ - NY,23324,1462,1500,-800
07/23/2019 07:55,SCH - HQ_CEDARS,325274,190,190,-40
07/23/2019 07:55,SCH - HQ_IMPORT_EXPORT,325376,1162,1310,-9999
07/23/2019 07:55,SCH - NE - NY,23318,-594.34,1400,-1600
07/23/2019 07:55,SCH - NPX_1385,325277,135,200,-200
07/23/2019 07:55,SCH - NPX_CSC,325154,315,330,-330
07/23/2019 07:55,SCH - OH - NY,23317,898.44,1500,-1700
07/23/2019 07:55,SCH - PJ - NY,23316,57.17,2050,-1150
07/23/2019 07:55,SCH - PJM_HTP,325905,100,660,-660
07/23/2019 07:55,SCH - PJM_NEPTUNE,325305,660,660,-660
07/23/2019 07:55,SCH - PJM_VFT,325658,315,315,-315
07/23/2019 07:55,SPR/DUN-SOUTH,23320,3730.68,4350,-9999
07/23/2019 07:55,TOTAL EAST,23314,3831.21,6800,-9999
07/23/2019 07:55,UPNY CONED,23315,3604.16,5700,-9999
07/23/2019 07:55,WEST CENTRAL,23312,67.66,9999,-9999
07/23/2019 08:00,CENTRAL EAST - VC,23330,2207.12,2630,-9999
07/23/2019 08:00,DYSINGER EAST,23326,815.97,3150,-9999
07/23/2019 08:00,MOSES SOUTH,23319,2083.16,3150,-1600
07/23/2019 08:00,SCH - HQ - NY,23324,1463,1500,-800
07/23/2019 08:00,SCH - HQ_CEDARS,325274,190,190,-40
07/23/2019 08:00,SCH - HQ_IMPORT_EXPORT,325376,1163,1310,-9999
07/23/2019 08:00,SCH - NE - NY,23318,-743.9,1400,-1600
07/23/2019 08:00,SCH - NPX_1385,325277,146,200,-200
07/23/2019 08:00,SCH - NPX_CSC,325154,278,330,-330
07/23/2019 08:00,SCH - OH - NY,23317,1022.93,1450,-1700
07/23/2019 08:00,SCH - PJ - NY,23316,120.58,2050,-1150
07/23/2019 08:00,SCH - PJM_HTP,325905,180,660,-660
07/23/2019 08:00,SCH - PJM_NEPTUNE,325305,629,660,-660
07/23/2019 08:00,SCH - PJM_VFT,325658,315,315,-315
07/23/2019 08:00,SPR/DUN-SOUTH,23320,3779.45,4350,-9999
07/23/2019 08:00,TOTAL EAST,23314,4071.76,6800,-9999
07/23/2019 08:00,UPNY CONED,23315,3658.63,5700,-9999
07/23/2019 08:00,WEST CENTRAL,23312,199.08,9999,-9999
07/23/2019 08:05,CENTRAL EAST - VC,23330,2332.16,2630,-9999
07/23/2019 08:05,DYSINGER EAST,23326,1008.74,3150,-9999
07/23/2019 08:05,MOSES SOUTH,23319,2069.74,3150,-1600
07/23/2019 08:05,SCH - HQ - NY,23324,1464,1500,-800
07/23/2019 08:05,SCH - HQ_CEDARS,325274,190,190,-40
07/23/2019 08:05,SCH - HQ_IMPORT_EXPORT,325376,1164,1310,-9999
07/23/2019 08:05,SCH - NE - NY,23318,-892.04,1400,-1600
07/23/2019 08:05,SCH - NPX_1385,325277,158,200,-200
07/23/2019 08:05,SCH - NPX_CSC,325154,241,330,-330
07/23/2019 08:05,SCH - OH - NY,23317,1147.29,1450,-1700
07/23/2019 08:05,SCH - PJ - NY,23316,182.32,2050,-1150
07/23/2019 08:05,SCH - PJM_HTP,325905,260,660,-660
07/23/2019 08:05,SCH - PJM_NEPTUNE,325305,599,660,-660
07/23/2019 08:05,SCH - PJM_VFT,325658,315,315,-315
07/23/2019 08:05,SPR/DUN-SOUTH,23320,3644.35,4350,-9999
07/23/2019 08:05,TOTAL EAST,23314,4222.25,6800,-9999
07/23/2019 08:05,UPNY CONED,23315,3593.2,5700,-9999
07/23/2019 08:05,WEST CENTRAL,23312,383.33,9999,-9999
07/23/2019 08:10,CENTRAL EAST - VC,23330,2336.07,2630,-9999
07/23/2019 08:10,DYSINGER EAST,23326,956.59,3150,-9999
07/23/2019 08:10,MOSES SOUTH,23319,2154.54,3150,-1600
07/23/2019 08:10,SCH - HQ - NY,23324,1464,1500,-800
07/23/2019 08:10,SCH - HQ_CEDARS,325274,190,190,-40
07/23/2019 08:10,SCH - HQ_IMPORT_EXPORT,325376,1164,1310,-9999
07/23/2019 08:10,SCH - NE - NY,23318,-892.45,1400,-1600
07/23/2019 08:10,SCH - NPX_1385,325277,158,200,-200
07/23/2019 08:10,SCH - NPX_CSC,325154,241,330,-330
07/23/2019 08:10,SCH - OH - NY,23317,1147.36,1450,-1700
07/23/2019 08:10,SCH - PJ - NY,23316,183.65,2050,-1150
07/23/2019 08:10,SCH - PJM_HTP,325905,260,660,-660
07/23/2019 08:10,SCH - PJM_NEPTUNE,325305,599,660,-660
07/23/2019 08:10,SCH - PJM_VFT,325658,315,315,-315
07/23/2019 08:10,SPR/DUN-SOUTH,23320,3640.61,4350,-9999
07/23/2019 08:10,TOTAL EAST,23314,4220.29,6800,-9999
07/23/2019 08:10,UPNY CONED,23315,3599.06,5700,-9999
07/23/2019 08:10,WEST CENTRAL,23312,322.11,9999,-9999
07/23/2019 08:15,CENTRAL EAST - VC,23330,2319.98,2630,-9999
07/23/2019 08:15,DYSINGER EAST,23326,861.32,3150,-9999
07/23/2019 08:15,MOSES SOUTH,23319,2217.38,3150,-1600
07/23/2019 08:15,SCH - HQ - NY,23324,1464,1500,-800
07/23/2019 08:15,SCH - HQ_CEDARS,325274,190,190,-40
07/23/2019 08:15,SCH - HQ_IMPORT_EXPORT,325376,1164,1310,-9999
07/23/2019 08:15,SCH - NE - NY,23318,-814.12,1400,-1600
07/23/2019 08:15,SCH - NPX_1385,325277,158,200,-200
07/23/2019 08:15,SCH - NPX_CSC,325154,241,330,-330
07/23/2019 08:15,SCH - OH - NY,23317,1147.31,1450,-1700
07/23/2019 08:15,SCH - PJ - NY,23316,180.45,2050,-1150
07/23/2019 08:15,SCH - PJM_HTP,325905,260,660,-660
07/23/2019 08:15,SCH - PJM_NEPTUNE,325305,629,660,-660
07/23/2019 08:15,SCH - PJM_VFT,325658,315,315,-315
07/23/2019 08:15,SPR/DUN-SOUTH,23320,3655.45,4350,-9999
07/23/2019 08:15,TOTAL EAST,23314,4206.79,6800,-9999
07/23/2019 08:15,UPNY CONED,23315,3663.28,5700,-9999
07/23/2019 08:15,WEST CENTRAL,23312,221.96,9999,-9999
07/23/2019 08:20,CENTRAL EAST - VC,23330,2239.01,2630,-9999
07/23/2019 08:20,DYSINGER EAST,23326,820.77,3150,-9999
07/23/2019 08:20,MOSES SOUTH,23319,2154.12,3150,-1600
07/23/2019 08:20,SCH - HQ - NY,23324,1464,1500,-800
07/23/2019 08:20,SCH - HQ_CEDARS,325274,190,190,-40
07/23/2019 08:20,SCH - HQ_IMPORT_EXPORT,325376,1164,1310,-9999
07/23/2019 08:20,SCH - NE - NY,23318,-735.7,1400,-1600
07/23/2019 08:20,SCH - NPX_1385,325277,158,200,-200
07/23/2019 08:20,SCH - NPX_CSC,325154,241,330,-330
07/23/2019 08:20,SCH - OH - NY,23317,1147.37,1450,-1700
07/23/2019 08:20,SCH - PJ - NY,23316,192.26,2050,-1150
07/23/2019 08:20,SCH - PJM_HTP,325905,260,660,-660
07/23/2019 08:20,SCH - PJM_NEPTUNE,325305,660,660,-660
07/23/2019 08:20,SCH - PJM_VFT,325658,315,315,-315
07/23/2019 08:20,SPR/DUN-SOUTH,23320,3673.12,4350,-9999
07/23/2019 08:20,TOTAL EAST,23314,4167.49,6800,-9999
07/23/2019 08:20,UPNY CONED,23315,3664.38,5700,-9999
07/23/2019 08:20,WEST CENTRAL,23312,177.27,9999,-9999
07/23/2019 08:25,CENTRAL EAST - VC,23330,2227.4,2630,-9999
07/23/2019 08:25,DYSINGER EAST,23326,873.95,3150,-9999
07/23/2019 08:25,MOSES SOUTH,23319,2097.03,3150,-1600
07/23/2019 08:25,SCH - HQ - NY,23324,1464,1500,-800
07/23/2019 08:25,SCH - HQ_CEDARS,325274,190,190,-40
07/23/2019 08:25,SCH - HQ_IMPORT_EXPORT,325376,1164,1310,-9999
07/23/2019 08:25,SCH - NE - NY,23318,-735.71,1400,-1600
07/23/2019 08:25,SCH - NPX_1385,325277,158,200,-200
07/23/2019 08:25,SCH - NPX_CSC,325154,241,330,-330
07/23/2019 08:25,SCH - OH - NY,23317,1147.32,1450,-1700
07/23/2019 08:25,SCH - PJ - NY,23316,181.6,2050,-1150
07/23/2019 08:25,SCH - PJM_HTP,325905,260,660,-660
07/23/2019 08:25,SCH - PJM_NEPTUNE,325305,660,660,-660
07/23/2019 08:25,SCH - PJM_VFT,325658,315,315,-315
07/23/2019 08:25,SPR/DUN-SOUTH,23320,3674.07,4350,-9999
07/23/2019 08:25,TOTAL EAST,23314,4184.32,6800,-9999
07/23/2019 08:25,UPNY CONED,23315,3668.34,5700,-9999
07/23/2019 08:25,WEST CENTRAL,23312,222.28,9999,-9999
07/23/2019 08:30,CENTRAL EAST - VC,23330,2185.86,2630,-9999
07/23/2019 08:30,DYSINGER EAST,23326,826.18,3150,-9999
07/23/2019 08:30,MOSES SOUTH,23319,2103.98,3150,-1600
07/23/2019 08:30,SCH - HQ - NY,23324,1464,1500,-800
07/23/2019 08:30,SCH - HQ_CEDARS,325274,190,190,-40
07/23/2019 08:30,SCH - HQ_IMPORT_EXPORT,325376,1164,1310,-9999
07/23/2019 08:30,SCH - NE - NY,23318,-641.2,1400,-1600
07/23/2019 08:30,SCH - NPX_1385,325277,158,200,-200
07/23/2019 08:30,SCH - NPX_CSC,325154,241,330,-330
07/23/2019 08:30,SCH - OH - NY,23317,1147.33,1450,-1700
07/23/2019 08:30,SCH - PJ - NY,23316,188.3,2050,-1150
07/23/2019 08:30,SCH - PJM_HTP,325905,260,660,-660
07/23/2019 08:30,SCH - PJM_NEPTUNE,325305,660,660,-660
07/23/2019 08:30,SCH - PJM_VFT,325658,315,315,-315
07/23/2019 08:30,SPR/DUN-SOUTH,23320,3696.54,4350,-9999
07/23/2019 08:30,TOTAL EAST,23314,4139.4,6800,-9999
07/23/2019 08:30,UPNY CONED,23315,3691.74,5700,-9999
07/23/2019 08:30,WEST CENTRAL,23312,172.4,9999,-9999
07/23/2019 08:35,CENTRAL EAST - VC,23330,2176.01,2630,-9999
07/23/2019 08:35,DYSINGER EAST,23326,859.4,3150,-9999
07/23/2019 08:35,MOSES SOUTH,23319,2129.16,3150,-1600
07/23/2019 08:35,SCH - HQ - NY,23324,1464,1500,-800
07/23/2019 08:35,SCH - HQ_CEDARS,325274,190,190,-40
07/23/2019 08:35,SCH - HQ_IMPORT_EXPORT,325376,1164,1310,-9999
07/23/2019 08:35,SCH - NE - NY,23318,-547.96,1400,-1600
07/23/2019 08:35,SCH - NPX_1385,325277,158,200,-200
07/23/2019 08:35,SCH - NPX_CSC,325154,241,330,-330
07/23/2019 08:35,SCH - OH - NY,23317,1147.36,1450,-1700
07/23/2019 08:35,SCH - PJ - NY,23316,184.68,2050,-1150
07/23/2019 08:35,SCH - PJM_HTP,325905,260,660,-660
07/23/2019 08:35,SCH - PJM_NEPTUNE,325305,660,660,-660
07/23/2019 08:35,SCH - PJM_VFT,325658,315,315,-315
07/23/2019 08:35,SPR/DUN-SOUTH,23320,3728.46,4350,-9999
07/23/2019 08:35,TOTAL EAST,23314,4094.52,6800,-9999
07/23/2019 08:35,UPNY CONED,23315,3719.13,5700,-9999
07/23/2019 08:35,WEST CENTRAL,23312,200.22,9999,-9999
07/23/2019 08:40,CENTRAL EAST - VC,23330,2198.64,2630,-9999
07/23/2019 08:40,DYSINGER EAST,23326,887.97,3150,-9999
07/23/2019 08:40,MOSES SOUTH,23319,2154.38,3150,-1600
07/23/2019 08:40,SCH - HQ - NY,23324,1464,1500,-800
07/23/2019 08:40,SCH - HQ_CEDARS,325274,190,190,-40
07/23/2019 08:40,SCH - HQ_IMPORT_EXPORT,325376,1164,1310,-9999
07/23/2019 08:40,SCH - NE - NY,23318,-547.93,1400,-1600
07/23/2019 08:40,SCH - NPX_1385,325277,158,200,-200
07/23/2019 08:40,SCH - NPX_CSC,325154,241,330,-330
07/23/2019 08:40,SCH - OH - NY,23317,1147.36,1450,-1700
07/23/2019 08:40,SCH - PJ - NY,23316,187.19,2050,-1150
07/23/2019 08:40,SCH - PJM_HTP,325905,260,660,-660
07/23/2019 08:40,SCH - PJM_NEPTUNE,325305,660,660,-660
07/23/2019 08:40,SCH - PJM_VFT,325658,315,315,-315
07/23/2019 08:40,SPR/DUN-SOUTH,23320,3734.59,4350,-9999
07/23/2019 08:40,TOTAL EAST,23314,4063.35,6800,-9999
07/23/2019 08:40,UPNY CONED,23315,3728.47,5700,-9999
07/23/2019 08:40,WEST CENTRAL,23312,222.74,9999,-9999
07/23/2019 08:45,CENTRAL EAST - VC,23330,2172.44,2630,-9999
07/23/2019 08:45,DYSINGER EAST,23326,887.84,3150,-9999
07/23/2019 08:45,MOSES SOUTH,23319,2165.9,3150,-1600
07/23/2019 08:45,SCH - HQ - NY,23324,1464,1500,-800
07/23/2019 08:45,SCH - HQ_CEDARS,325274,190,190,-40
07/23/2019 08:45,SCH - HQ_IMPORT_EXPORT,325376,1164,1310,-9999
07/23/2019 08:45,SCH - NE - NY,23318,-515.95,1400,-1600
07/23/2019 08:45,SCH - NPX_1385,325277,158,200,-200
07/23/2019 08:45,SCH - NPX_CSC,325154,241,330,-330
07/23/2019 08:45,SCH - OH - NY,23317,1147.37,1450,-1700
07/23/2019 08:45,SCH - PJ - NY,23316,206.43,2050,-1150
07/23/2019 08:45,SCH - PJM_HTP,325905,280,660,-660
07/23/2019 08:45,SCH - PJM_NEPTUNE,325305,660,660,-660
07/23/2019 08:45,SCH - PJM_VFT,325658,315,315,-315
07/23/2019 08:45,SPR/DUN-SOUTH,23320,3712.35,4350,-9999
07/23/2019 08:45,TOTAL EAST,23314,4042.85,6800,-9999
07/23/2019 08:45,UPNY CONED,23315,3711.93,5700,-9999
07/23/2019 08:45,WEST CENTRAL,23312,215.17,9999,-9999
07/23/2019 08:50,CENTRAL EAST - VC,23330,2179.86,2630,-9999
07/23/2019 08:50,DYSINGER EAST,23326,890.92,3150,-9999
07/23/2019 08:50,MOSES SOUTH,23319,2167.67,3150,-1600
07/23/2019 08:50,SCH - HQ - NY,23324,1464,1500,-800
07/23/2019 08:50,SCH - HQ_CEDARS,325274,190,190,-40
07/23/2019 08:50,SCH - HQ_IMPORT_EXPORT,325376,1164,1310,-9999
07/23/2019 08:50,SCH - NE - NY,23318,-484.91,1400,-1600
07/23/2019 08:50,SCH - NPX_1385,325277,158,200,-200
07/23/2019 08:50,SCH - NPX_CSC,325154,241,330,-330
07/23/2019 08:50,SCH - OH - NY,23317,1147.37,1450,-1700
07/23/2019 08:50,SCH - PJ - NY,23316,225.59,2050,-1150
07/23/2019 08:50,SCH - PJM_HTP,325905,300,660,-660
07/23/2019 08:50,SCH - PJM_NEPTUNE,325305,660,660,-660
07/23/2019 08:50,SCH - PJM_VFT,325658,315,315,-315
07/23/2019 08:50,SPR/DUN-SOUTH,23320,3734.26,4350,-9999
07/23/2019 08:50,TOTAL EAST,23314,4035.13,6800,-9999
07/23/2019 08:50,UPNY CONED,23315,3732.35,5700,-9999
07/23/2019 08:50,WEST CENTRAL,23312,208.28,9999,-9999
07/23/2019 08:55,CENTRAL EAST - VC,23330,2162.5,2630,-9999
07/23/2019 08:55,DYSINGER EAST,23326,897.38,3150,-9999
07/23/2019 08:55,MOSES SOUTH,23319,2159.26,3150,-1600
07/23/2019 08:55,SCH - HQ - NY,23324,1464,1500,-800
07/23/2019 08:55,SCH - HQ_CEDARS,325274,190,190,-40
07/23/2019 08:55,SCH - HQ_IMPORT_EXPORT,325376,1164,1310,-9999
07/23/2019 08:55,SCH - NE - NY,23318,-484.97,1400,-1600
07/23/2019 08:55,SCH - NPX_1385,325277,158,200,-200
07/23/2019 08:55,SCH - NPX_CSC,325154,241,330,-330
07/23/2019 08:55,SCH - OH - NY,23317,1147.38,1450,-1700
07/23/2019 08:55,SCH - PJ - NY,23316,227.61,2050,-1150
07/23/2019 08:55,SCH - PJM_HTP,325905,300,660,-660
07/23/2019 08:55,SCH - PJM_NEPTUNE,325305,660,660,-660
07/23/2019 08:55,SCH - PJM_VFT,325658,315,315,-315
07/23/2019 08:55,SPR/DUN-SOUTH,23320,3709.88,4350,-9999
07/23/2019 08:55,TOTAL EAST,23314,4015.94,6800,-9999
07/23/2019 08:55,UPNY CONED,23315,3714.18,5700,-9999
07/23/2019 08:55,WEST CENTRAL,23312,208.53,9999,-9999
07/23/2019 09:00,CENTRAL EAST - VC,23330,2223.59,2690,-9999
07/23/2019 09:00,DYSINGER EAST,23326,1008.14,3150,-9999
07/23/2019 09:00,MOSES SOUTH,23319,2156.81,3150,-1600
07/23/2019 09:00,SCH - HQ - NY,23324,1482,1500,-800
07/23/2019 09:00,SCH - HQ_CEDARS,325274,190,190,-40
07/23/2019 09:00,SCH - HQ_IMPORT_EXPORT,325376,1182,1310,-9999
07/23/2019 09:00,SCH - NE - NY,23318,-399.16,1400,-1600
07/23/2019 09:00,SCH - NPX_1385,325277,79,200,-200
07/23/2019 09:00,SCH - NPX_CSC,325154,285,330,-330
07/23/2019 09:00,SCH - OH - NY,23317,1147.37,1450,-1700
07/23/2019 09:00,SCH - PJ - NY,23316,190.53,2050,-1150
07/23/2019 09:00,SCH - PJM_HTP,325905,280,660,-660
07/23/2019 09:00,SCH - PJM_NEPTUNE,325305,660,660,-660
07/23/2019 09:00,SCH - PJM_VFT,325658,315,315,-315
07/23/2019 09:00,SPR/DUN-SOUTH,23320,3762.92,4350,-9999
07/23/2019 09:00,TOTAL EAST,23314,4118.54,6800,-9999
07/23/2019 09:00,UPNY CONED,23315,3804.74,5700,-9999
07/23/2019 09:00,WEST CENTRAL,23312,317.1,9999,-9999
07/23/2019 09:05,CENTRAL EAST - VC,23330,2143.28,2690,-9999
07/23/2019 09:05,DYSINGER EAST,23326,837.41,3150,-9999
07/23/2019 09:05,MOSES SOUTH,23319,2259.8,3150,-1600
07/23/2019 09:05,SCH - HQ - NY,23324,1500,1500,-800
07/23/2019 09:05,SCH - HQ_CEDARS,325274,190,190,-40
07/23/2019 09:05,SCH - HQ_IMPORT_EXPORT,325376,1200,1310,-9999
07/23/2019 09:05,SCH - NE - NY,23318,-313.79,1400,-1600
07/23/2019 09:05,SCH - NPX_1385,325277,0,200,-200
07/23/2019 09:05,SCH - NPX_CSC,325154,330,330,-330
07/23/2019 09:05,SCH - OH - NY,23317,1147.26,1450,-1700
07/23/2019 09:05,SCH - PJ - NY,23316,166.14,2050,-1150
07/23/2019 09:05,SCH - PJM_HTP,325905,260,660,-660
07/23/2019 09:05,SCH - PJM_NEPTUNE,325305,660,660,-660
07/23/2019 09:05,SCH - PJM_VFT,325658,315,315,-315
07/23/2019 09:05,SPR/DUN-SOUTH,23320,3768.11,4350,-9999
07/23/2019 09:05,TOTAL EAST,23314,3953.78,6800,-9999
07/23/2019 09:05,UPNY CONED,23315,3794.02,5700,-9999
07/23/2019 09:05,WEST CENTRAL,23312,143.31,9999,-9999
07/23/2019 09:10,CENTRAL EAST - VC,23330,2234.02,2690,-9999
07/23/2019 09:10,DYSINGER EAST,23326,991.67,3150,-9999
07/23/2019 09:10,MOSES SOUTH,23319,2211.73,3150,-1600
07/23/2019 09:10,SCH - HQ - NY,23324,1500,1500,-800
07/23/2019 09:10,SCH - HQ_CEDARS,325274,190,190,-40
07/23/2019 09:10,SCH - HQ_IMPORT_EXPORT,325376,1200,1310,-9999
07/23/2019 09:10,SCH - NE - NY,23318,-313.15,1400,-1600
07/23/2019 09:10,SCH - NPX_1385,325277,0,200,-200
07/23/2019 09:10,SCH - NPX_CSC,325154,330,330,-330
07/23/2019 09:10,SCH - OH - NY,23317,1147.36,1450,-1700
07/23/2019 09:10,SCH - PJ - NY,23316,158.5,2050,-1150
07/23/2019 09:10,SCH - PJM_HTP,325905,260,660,-660
07/23/2019 09:10,SCH - PJM_NEPTUNE,325305,660,660,-660
07/23/2019 09:10,SCH - PJM_VFT,325658,315,315,-315
07/23/2019 09:10,SPR/DUN-SOUTH,23320,3810.58,4350,-9999
07/23/2019 09:10,TOTAL EAST,23314,4088.03,6800,-9999
07/23/2019 09:10,UPNY CONED,23315,3847.62,5700,-9999
07/23/2019 09:10,WEST CENTRAL,23312,293.56,9999,-9999
07/23/2019 09:15,CENTRAL EAST - VC,23330,2156.29,2690,-9999
07/23/2019 09:15,DYSINGER EAST,23326,847.09,3150,-9999
07/23/2019 09:15,MOSES SOUTH,23319,2271.87,3150,-1600
07/23/2019 09:15,SCH - HQ - NY,23324,1500,1500,-800
07/23/2019 09:15,SCH - HQ_CEDARS,325274,190,190,-40
07/23/2019 09:15,SCH - HQ_IMPORT_EXPORT,325376,1200,1310,-9999
07/23/2019 09:15,SCH - NE - NY,23318,-279.31,1400,-1600
07/23/2019 09:15,SCH - NPX_1385,325277,0,200,-200
07/23/2019 09:15,SCH - NPX_CSC,325154,330,330,-330
07/23/2019 09:15,SCH - OH - NY,23317,1147.27,1450,-1700
07/23/2019 09:15,SCH - PJ - NY,23316,157,2050,-1150
07/23/2019 09:15,SCH - PJM_HTP,325905,260,660,-660
07/23/2019 09:15,SCH - PJM_NEPTUNE,325305,660,660,-660
07/23/2019 09:15,SCH - PJM_VFT,325658,315,315,-315
07/23/2019 09:15,SPR/DUN-SOUTH,23320,3798.54,4350,-9999
07/23/2019 09:15,TOTAL EAST,23314,3950.12,6800,-9999
07/23/2019 09:15,UPNY CONED,23315,3847.87,5700,-9999
07/23/2019 09:15,WEST CENTRAL,23312,145.81,9999,-9999
07/23/2019 09:20,CENTRAL EAST - VC,23330,2162.32,2690,-9999
07/23/2019 09:20,DYSINGER EAST,23326,904.7,3150,-9999
07/23/2019 09:20,MOSES SOUTH,23319,2206.86,3150,-1600
07/23/2019 09:20,SCH - HQ - NY,23324,1500,1500,-800
07/23/2019 09:20,SCH - HQ_CEDARS,325274,190,190,-40
07/23/2019 09:20,SCH - HQ_IMPORT_EXPORT,325376,1200,1310,-9999
07/23/2019 09:20,SCH - NE - NY,23318,-245.5,1400,-1600
07/23/2019 09:20,SCH - NPX_1385,325277,0,200,-200
07/23/2019 09:20,SCH - NPX_CSC,325154,330,330,-330
07/23/2019 09:20,SCH - OH - NY,23317,1147.33,1450,-1700
07/23/2019 09:20,SCH - PJ - NY,23316,149.49,2050,-1150
07/23/2019 09:20,SCH - PJM_HTP,325905,260,660,-660
07/23/2019 09:20,SCH - PJM_NEPTUNE,325305,660,660,-660
07/23/2019 09:20,SCH - PJM_VFT,325658,315,315,-315
07/23/2019 09:20,SPR/DUN-SOUTH,23320,3797.93,4350,-9999
07/23/2019 09:20,TOTAL EAST,23314,4004.26,6800,-9999
07/23/2019 09:20,UPNY CONED,23315,3858.81,5700,-9999
07/23/2019 09:20,WEST CENTRAL,23312,193.38,9999,-9999
07/23/2019 09:25,CENTRAL EAST - VC,23330,2122.75,2690,-9999
07/23/2019 09:25,DYSINGER EAST,23326,911.85,3150,-9999
07/23/2019 09:25,MOSES SOUTH,23319,2152.91,3150,-1600
07/23/2019 09:25,SCH - HQ - NY,23324,1500,1500,-800
07/23/2019 09:25,SCH - HQ_CEDARS,325274,190,190,-40
07/23/2019 09:25,SCH - HQ_IMPORT_EXPORT,325376,1200,1310,-9999
07/23/2019 09:25,SCH - NE - NY,23318,-245.71,1400,-1600
07/23/2019 09:25,SCH - NPX_1385,325277,0,200,-200
07/23/2019 09:25,SCH - NPX_CSC,325154,330,330,-330
07/23/2019 09:25,SCH - OH - NY,23317,1147.31,1450,-1700
07/23/2019 09:25,SCH - PJ - NY,23316,149.66,2050,-1150
07/23/2019 09:25,SCH - PJM_HTP,325905,260,660,-660
07/23/2019 09:25,SCH - PJM_NEPTUNE,325305,660,660,-660
07/23/2019 09:25,SCH - PJM_VFT,325658,315,315,-315
07/23/2019 09:25,SPR/DUN-SOUTH,23320,3825.71,4350,-9999
07/23/2019 09:25,TOTAL EAST,23314,3964.47,6800,-9999
07/23/2019 09:25,UPNY CONED,23315,3880.76,5700,-9999
07/23/2019 09:25,WEST CENTRAL,23312,194.37,9999,-9999
07/23/2019 09:30,CENTRAL EAST - VC,23330,2089.12,2690,-9999
07/23/2019 09:30,DYSINGER EAST,23326,834.17,3150,-9999
07/23/2019 09:30,MOSES SOUTH,23319,2152.36,3150,-1600
07/23/2019 09:30,SCH - HQ - NY,23324,1500,1500,-800
07/23/2019 09:30,SCH - HQ_CEDARS,325274,190,190,-40
07/23/2019 09:30,SCH - HQ_IMPORT_EXPORT,325376,1200,1310,-9999
07/23/2019 09:30,SCH - NE - NY,23318,-394.89,1400,-1600
07/23/2019 09:30,SCH - NPX_1385,325277,0,200,-200
07/23/2019 09:30,SCH - NPX_CSC,325154,330,330,-330
07/23/2019 09:30,SCH - OH - NY,23317,1147.34,1450,-1700
07/23/2019 09:30,SCH - PJ - NY,23316,168.68,2050,-1150
07/23/2019 09:30,SCH - PJM_HTP,325905,280,660,-660
07/23/2019 09:30,SCH - PJM_NEPTUNE,325305,660,660,-660
07/23/2019 09:30,SCH - PJM_VFT,325658,315,315,-315
07/23/2019 09:30,SPR/DUN-SOUTH,23320,3678.96,4350,-9999
07/23/2019 09:30,TOTAL EAST,23314,3863.06,6800,-9999
07/23/2019 09:30,UPNY CONED,23315,3742.14,5700,-9999
07/23/2019 09:30,WEST CENTRAL,23312,113.65,9999,-9999
07/23/2019 09:35,CENTRAL EAST - VC,23330,2087.28,2690,-9999
07/23/2019 09:35,DYSINGER EAST,23326,828.17,3150,-9999
07/23/2019 09:35,MOSES SOUTH,23319,2156.77,3150,-1600
07/23/2019 09:35,SCH - HQ - NY,23324,1500,1500,-800
07/23/2019 09:35,SCH - HQ_CEDARS,325274,190,190,-40
07/23/2019 09:35,SCH - HQ_IMPORT_EXPORT,325376,1200,1310,-9999
07/23/2019 09:35,SCH - NE - NY,23318,-544.25,1400,-1600
07/23/2019 09:35,SCH - NPX_1385,325277,0,200,-200
07/23/2019 09:35,SCH - NPX_CSC,325154,330,330,-330
07/23/2019 09:35,SCH - OH - NY,23317,1147.35,1450,-1700
07/23/2019 09:35,SCH - PJ - NY,23316,159.95,2050,-1150
07/23/2019 09:35,SCH - PJM_HTP,325905,300,660,-660
07/23/2019 09:35,SCH - PJM_NEPTUNE,325305,660,660,-660
07/23/2019 09:35,SCH - PJM_VFT,325658,315,315,-315
07/23/2019 09:35,SPR/DUN-SOUTH,23320,3544.84,4350,-9999
07/23/2019 09:35,TOTAL EAST,23314,3840.48,6800,-9999
07/23/2019 09:35,UPNY CONED,23315,3591.51,5700,-9999
07/23/2019 09:35,WEST CENTRAL,23312,102.28,9999,-9999
07/23/2019 09:40,CENTRAL EAST - VC,23330,2115.53,2690,-9999
07/23/2019 09:40,DYSINGER EAST,23326,863.16,3150,-9999
07/23/2019 09:40,MOSES SOUTH,23319,2148.17,3150,-1600
07/23/2019 09:40,SCH - HQ - NY,23324,1500,1500,-800
07/23/2019 09:40,SCH - HQ_CEDARS,325274,190,190,-40
07/23/2019 09:40,SCH - HQ_IMPORT_EXPORT,325376,1200,1310,-9999
07/23/2019 09:40,SCH - NE - NY,23318,-543.9,1400,-1600
07/23/2019 09:40,SCH - NPX_1385,325277,0,200,-200
07/23/2019 09:40,SCH - NPX_CSC,325154,330,330,-330
07/23/2019 09:40,SCH - OH - NY,23317,1147.34,1450,-1700
07/23/2019 09:40,SCH - PJ - NY,23316,168.54,2050,-1150
07/23/2019 09:40,SCH - PJM_HTP,325905,300,660,-660
07/23/2019 09:40,SCH - PJM_NEPTUNE,325305,660,660,-660
07/23/2019 09:40,SCH - PJM_VFT,325658,315,315,-315
07/23/2019 09:40,SPR/DUN-SOUTH,23320,3572.27,4350,-9999
07/23/2019 09:40,TOTAL EAST,23314,3829.79,6800,-9999
07/23/2019 09:40,UPNY CONED,23315,3587.31,5700,-9999
07/23/2019 09:40,WEST CENTRAL,23312,133.45,9999,-9999
07/23/2019 09:45,CENTRAL EAST - VC,23330,2178.82,2690,-9999
07/23/2019 09:45,DYSINGER EAST,23326,983.31,3150,-9999
07/23/2019 09:45,MOSES SOUTH,23319,2152.4,3150,-1600
07/23/2019 09:45,SCH - HQ - NY,23324,1500,1500,-800
07/23/2019 09:45,SCH - HQ_CEDARS,325274,190,190,-40
07/23/2019 09:45,SCH - HQ_IMPORT_EXPORT,325376,1200,1310,-9999
07/23/2019 09:45,SCH - NE - NY,23318,-491.1,1400,-1600
07/23/2019 09:45,SCH - NPX_1385,325277,0,200,-200
07/23/2019 09:45,SCH - NPX_CSC,325154,330,330,-330
07/23/2019 09:45,SCH - OH - NY,23317,1147.34,1450,-1700
07/23/2019 09:45,SCH - PJ - NY,23316,161.59,2050,-1150
07/23/2019 09:45,SCH - PJM_HTP,325905,300,660,-660
07/23/2019 09:45,SCH - PJM_NEPTUNE,325305,660,660,-660
07/23/2019 09:45,SCH - PJM_VFT,325658,315,315,-315
07/23/2019 09:45,SPR/DUN-SOUTH,23320,3754.75,4350,-9999
07/23/2019 09:45,TOTAL EAST,23314,3924.86,6800,-9999
07/23/2019 09:45,UPNY CONED,23315,3760.39,5700,-9999
07/23/2019 09:45,WEST CENTRAL,23312,249.14,9999,-9999
07/23/2019 09:50,CENTRAL EAST - VC,23330,2186.62,2690,-9999
07/23/2019 09:50,DYSINGER EAST,23326,1012.18,3150,-9999
07/23/2019 09:50,MOSES SOUTH,23319,2144.94,3150,-1600
07/23/2019 09:50,SCH - HQ - NY,23324,1500,1500,-800
07/23/2019 09:50,SCH - HQ_CEDARS,325274,190,190,-40
07/23/2019 09:50,SCH - HQ_IMPORT_EXPORT,325376,1200,1310,-9999
07/23/2019 09:50,SCH - NE - NY,23318,-438.76,1400,-1600
07/23/2019 09:50,SCH - NPX_1385,325277,0,200,-200
07/23/2019 09:50,SCH - NPX_CSC,325154,330,330,-330
07/23/2019 09:50,SCH - OH - NY,23317,1147.34,1450,-1700
07/23/2019 09:50,SCH - PJ - NY,23316,155.74,2050,-1150
07/23/2019 09:50,SCH - PJM_HTP,325905,300,660,-660
07/23/2019 09:50,SCH - PJM_NEPTUNE,325305,660,660,-660
07/23/2019 09:50,SCH - PJM_VFT,325658,315,315,-315
07/23/2019 09:50,SPR/DUN-SOUTH,23320,3776,4350,-9999
07/23/2019 09:50,TOTAL EAST,23314,3974.45,6800,-9999
07/23/2019 09:50,UPNY CONED,23315,3772.79,5700,-9999
07/23/2019 09:50,WEST CENTRAL,23312,273.52,9999,-9999
07/23/2019 09:55,CENTRAL EAST - VC,23330,2151.1,2690,-9999
07/23/2019 09:55,DYSINGER EAST,23326,968.76,3150,-9999
07/23/2019 09:55,MOSES SOUTH,23319,2158.9,3150,-1600
07/23/2019 09:55,SCH - HQ - NY,23324,1500,1500,-800
07/23/2019 09:55,SCH - HQ_CEDARS,325274,190,190,-40
07/23/2019 09:55,SCH - HQ_IMPORT_EXPORT,325376,1200,1310,-9999
07/23/2019 09:55,SCH - NE - NY,23318,-439.06,1400,-1600
07/23/2019 09:55,SCH - NPX_1385,325277,0,200,-200
07/23/2019 09:55,SCH - NPX_CSC,325154,330,330,-330
07/23/2019 09:55,SCH - OH - NY,23317,1147.36,1450,-1700
07/23/2019 09:55,SCH - PJ - NY,23316,146.6,2050,-1150
07/23/2019 09:55,SCH - PJM_HTP,325905,300,660,-660
07/23/2019 09:55,SCH - PJM_NEPTUNE,325305,660,660,-660
07/23/2019 09:55,SCH - PJM_VFT,325658,315,315,-315
07/23/2019 09:55,SPR/DUN-SOUTH,23320,3795.94,4350,-9999
07/23/2019 09:55,TOTAL EAST,23314,3932.37,6800,-9999
07/23/2019 09:55,UPNY CONED,23315,3779.9,5700,-9999
07/23/2019 09:55,WEST CENTRAL,23312,227.41,9999,-9999
07/23/2019 10:00,CENTRAL EAST - VC,23330,2147.19,2690,-9999
07/23/2019 10:00,DYSINGER EAST,23326,1060.19,3150,-9999
07/23/2019 10:00,MOSES SOUTH,23319,2037.3,3150,-1600
07/23/2019 10:00,SCH - HQ - NY,23324,1500,1500,-800
07/23/2019 10:00,SCH - HQ_CEDARS,325274,125,190,-40
07/23/2019 10:00,SCH - HQ_IMPORT_EXPORT,325376,1200,1310,-9999
07/23/2019 10:00,SCH - NE - NY,23318,-421.95,1400,-1600
07/23/2019 10:00,SCH - NPX_1385,325277,12,200,-200
07/23/2019 10:00,SCH - NPX_CSC,325154,300,330,-330
07/23/2019 10:00,SCH - OH - NY,23317,1147.25,1450,-1700
07/23/2019 10:00,SCH - PJ - NY,23316,253.9,2050,-1150
07/23/2019 10:00,SCH - PJM_HTP,325905,280,660,-660
07/23/2019 10:00,SCH - PJM_NEPTUNE,325305,660,660,-660
07/23/2019 10:00,SCH - PJM_VFT,325658,315,315,-315
07/23/2019 10:00,SPR/DUN-SOUTH,23320,3824.89,4350,-9999
07/23/2019 10:00,TOTAL EAST,23314,4010.09,6800,-9999
07/23/2019 10:00,UPNY CONED,23315,3790.96,5700,-9999
07/23/2019 10:00,WEST CENTRAL,23312,316.2,9999,-9999
07/23/2019 10:05,CENTRAL EAST - VC,23330,2123.53,2690,-9999
07/23/2019 10:05,DYSINGER EAST,23326,1090.41,3150,-9999
07/23/2019 10:05,MOSES SOUTH,23319,1977.39,3150,-1600
07/23/2019 10:05,SCH - HQ - NY,23324,1500,1500,-800
07/23/2019 10:05,SCH - HQ_CEDARS,325274,60,190,-40
07/23/2019 10:05,SCH - HQ_IMPORT_EXPORT,325376,1200,1310,-9999
07/23/2019 10:05,SCH - NE - NY,23318,-405.04,1400,-1600
07/23/2019 10:05,SCH - NPX_1385,325277,25,200,-200
07/23/2019 10:05,SCH - NPX_CSC,325154,270,330,-330
07/23/2019 10:05,SCH - OH - NY,23317,1147.25,1450,-1700
07/23/2019 10:05,SCH - PJ - NY,23316,344.36,2050,-1150
07/23/2019 10:05,SCH - PJM_HTP,325905,260,660,-660
07/23/2019 10:05,SCH - PJM_NEPTUNE,325305,660,660,-660
07/23/2019 10:05,SCH - PJM_VFT,325658,315,315,-315
07/23/2019 10:05,SPR/DUN-SOUTH,23320,3834.13,4350,-9999
07/23/2019 10:05,TOTAL EAST,23314,4039.66,6800,-9999
07/23/2019 10:05,UPNY CONED,23315,3801.58,5700,-9999
07/23/2019 10:05,WEST CENTRAL,23312,341.76,9999,-9999
07/23/2019 10:10,CENTRAL EAST - VC,23330,2073.15,2690,-9999
07/23/2019 10:10,DYSINGER EAST,23326,1009.59,3150,-9999
07/23/2019 10:10,MOSES SOUTH,23319,1975.32,3150,-1600
07/23/2019 10:10,SCH - HQ - NY,23324,1500,1500,-800
07/23/2019 10:10,SCH - HQ_CEDARS,325274,60,190,-40
07/23/2019 10:10,SCH - HQ_IMPORT_EXPORT,325376,1200,1310,-9999
07/23/2019 10:10,SCH - NE - NY,23318,-405.35,1400,-1600
07/23/2019 10:10,SCH - NPX_1385,325277,25,200,-200
07/23/2019 10:10,SCH - NPX_CSC,325154,270,330,-330
07/23/2019 10:10,SCH - OH - NY,23317,1147.23,1450,-1700
07/23/2019 10:10,SCH - PJ - NY,23316,349.37,2050,-1150
07/23/2019 10:10,SCH - PJM_HTP,325905,260,660,-660
07/23/2019 10:10,SCH - PJM_NEPTUNE,325305,660,660,-660
07/23/2019 10:10,SCH - PJM_VFT,325658,315,315,-315
07/23/2019 10:10,SPR/DUN-SOUTH,23320,3781.32,4350,-9999
07/23/2019 10:10,TOTAL EAST,23314,4053.28,6800,-9999
07/23/2019 10:10,UPNY CONED,23315,3788.44,5700,-9999
07/23/2019 10:10,WEST CENTRAL,23312,257.54,9999,-9999
07/23/2019 10:15,CENTRAL EAST - VC,23330,2105.99,2690,-9999
07/23/2019 10:15,DYSINGER EAST,23326,989.92,3150,-9999
07/23/2019 10:15,MOSES SOUTH,23319,1983.22,3150,-1600
07/23/2019 10:15,SCH - HQ - NY,23324,1500,1500,-800
07/23/2019 10:15,SCH - HQ_CEDARS,325274,60,190,-40
07/23/2019 10:15,SCH - HQ_IMPORT_EXPORT,325376,1200,1310,-9999
07/23/2019 10:15,SCH - NE - NY,23318,-356.62,1400,-1600
07/23/2019 10:15,SCH - NPX_1385,325277,25,200,-200
07/23/2019 10:15,SCH - NPX_CSC,325154,270,330,-330
07/23/2019 10:15,SCH - OH - NY,23317,1147.24,1450,-1700
07/23/2019 10:15,SCH - PJ - NY,23316,350.02,2050,-1150
07/23/2019 10:15,SCH - PJM_HTP,325905,260,660,-660
07/23/2019 10:15,SCH - PJM_NEPTUNE,325305,660,660,-660
07/23/2019 10:15,SCH - PJM_VFT,325658,315,315,-315
07/23/2019 10:15,SPR/DUN-SOUTH,23320,3780.5,4350,-9999
07/23/2019 10:15,TOTAL EAST,23314,4047.05,6800,-9999
07/23/2019 10:15,UPNY CONED,23315,3780.54,5700,-9999
07/23/2019 10:15,WEST CENTRAL,23312,232.13,9999,-9999
07/23/2019 10:20,CENTRAL EAST - VC,23330,2114.54,2690,-9999
07/23/2019 10:20,DYSINGER EAST,23326,999.83,3150,-9999
07/23/2019 10:20,MOSES SOUTH,23319,1985.75,3150,-1600
07/23/2019 10:20,SCH - HQ - NY,23324,1500,1500,-800
07/23/2019 10:20,SCH - HQ_CEDARS,325274,60,190,-40
07/23/2019 10:20,SCH - HQ_IMPORT_EXPORT,325376,1200,1310,-9999
07/23/2019 10:20,SCH - NE - NY,23318,-307.45,1400,-1600
07/23/2019 10:20,SCH - NPX_1385,325277,25,200,-200
07/23/2019 10:20,SCH - NPX_CSC,325154,270,330,-330
07/23/2019 10:20,SCH - OH - NY,23317,1147.25,1450,-1700
07/23/2019 10:20,SCH - PJ - NY,23316,349.05,2050,-1150
07/23/2019 10:20,SCH - PJM_HTP,325905,260,660,-660
07/23/2019 10:20,SCH - PJM_NEPTUNE,325305,660,660,-660
07/23/2019 10:20,SCH - PJM_VFT,325658,315,315,-315
07/23/2019 10:20,SPR/DUN-SOUTH,23320,3793.41,4350,-9999
07/23/2019 10:20,TOTAL EAST,23314,4031.07,6800,-9999
07/23/2019 10:20,UPNY CONED,23315,3803.55,5700,-9999
07/23/2019 10:20,WEST CENTRAL,23312,237.99,9999,-9999
07/23/2019 10:25,CENTRAL EAST - VC,23330,2148.68,2690,-9999
07/23/2019 10:25,DYSINGER EAST,23326,919.73,3150,-9999
07/23/2019 10:25,MOSES SOUTH,23319,2218.39,3150,-1600
07/23/2019 10:25,SCH - HQ - NY,23324,1500,1500,-800
07/23/2019 10:25,SCH - HQ_CEDARS,325274,60,190,-40
07/23/2019 10:25,SCH - HQ_IMPORT_EXPORT,325376,1200,1310,-9999
07/23/2019 10:25,SCH - NE - NY,23318,-307.66,1400,-1600
07/23/2019 10:25,SCH - NPX_1385,325277,25,200,-200
07/23/2019 10:25,SCH - NPX_CSC,325154,270,330,-330
07/23/2019 10:25,SCH - OH - NY,23317,1147.31,1450,-1700
07/23/2019 10:25,SCH - PJ - NY,23316,347.71,2050,-1150
07/23/2019 10:25,SCH - PJM_HTP,325905,260,660,-660
07/23/2019 10:25,SCH - PJM_NEPTUNE,325305,660,660,-660
07/23/2019 10:25,SCH - PJM_VFT,325658,315,315,-315
07/23/2019 10:25,SPR/DUN-SOUTH,23320,3782.78,4350,-9999
07/23/2019 10:25,TOTAL EAST,23314,4100.22,6800,-9999
07/23/2019 10:25,UPNY CONED,23315,3778.52,5700,-9999
07/23/2019 10:25,WEST CENTRAL,23312,155.68,9999,-9999
07/23/2019 10:30,CENTRAL EAST - VC,23330,2183.72,2690,-9999
07/23/2019 10:30,DYSINGER EAST,23326,938.51,3150,-9999
07/23/2019 10:30,MOSES SOUTH,23319,2282.94,3150,-1600
07/23/2019 10:30,SCH - HQ - NY,23324,1500,1500,-800
07/23/2019 10:30,SCH - HQ_CEDARS,325274,60,190,-40
07/23/2019 10:30,SCH - HQ_IMPORT_EXPORT,325376,1200,1310,-9999
07/23/2019 10:30,SCH - NE - NY,23318,-358.03,1400,-1600
07/23/2019 10:30,SCH - NPX_1385,325277,25,200,-200
07/23/2019 10:30,SCH - NPX_CSC,325154,270,330,-330
07/23/2019 10:30,SCH - OH - NY,23317,1147.35,1450,-1700
07/23/2019 10:30,SCH - PJ - NY,23316,355.18,2050,-1150
07/23/2019 10:30,SCH - PJM_HTP,325905,280,660,-660
07/23/2019 10:30,SCH - PJM_NEPTUNE,325305,660,660,-660
07/23/2019 10:30,SCH - PJM_VFT,325658,315,315,-315
07/23/2019 10:30,SPR/DUN-SOUTH,23320,3721.56,4350,-9999
07/23/2019 10:30,TOTAL EAST,23314,4120.27,6800,-9999
07/23/2019 10:30,UPNY CONED,23315,3715.47,5700,-9999
07/23/2019 10:30,WEST CENTRAL,23312,171.36,9999,-9999
07/23/2019 10:35,CENTRAL EAST - VC,23330,2173.91,2690,-9999
07/23/2019 10:35,DYSINGER EAST,23326,947.99,3150,-9999
07/23/2019 10:35,MOSES SOUTH,23319,2264.43,3150,-1600
07/23/2019 10:35,SCH - HQ - NY,23324,1500,1500,-800
07/23/2019 10:35,SCH - HQ_CEDARS,325274,60,190,-40
07/23/2019 10:35,SCH - HQ_IMPORT_EXPORT,325376,1200,1310,-9999
07/23/2019 10:35,SCH - NE - NY,23318,-409.8,1400,-1600
07/23/2019 10:35,SCH - NPX_1385,325277,25,200,-200
07/23/2019 10:35,SCH - NPX_CSC,325154,270,330,-330
07/23/2019 10:35,SCH - OH - NY,23317,1147.33,1450,-1700
07/23/2019 10:35,SCH - PJ - NY,23316,350.12,2050,-1150
07/23/2019 10:35,SCH - PJM_HTP,325905,300,660,-660
07/23/2019 10:35,SCH - PJM_NEPTUNE,325305,660,660,-660
07/23/2019 10:35,SCH - PJM_VFT,325658,315,315,-315
07/23/2019 10:35,SPR/DUN-SOUTH,23320,3694.23,4350,-9999
07/23/2019 10:35,TOTAL EAST,23314,4102.72,6800,-9999
07/23/2019 10:35,UPNY CONED,23315,3689.83,5700,-9999
07/23/2019 10:35,WEST CENTRAL,23312,176.52,9999,-9999
07/23/2019 10:40,CENTRAL EAST - VC,23330,2143.9,2690,-9999
07/23/2019 10:40,DYSINGER EAST,23326,1001.36,3150,-9999
07/23/2019 10:40,MOSES SOUTH,23319,2131.42,3150,-1600
07/23/2019 10:40,SCH - HQ - NY,23324,1500,1500,-800
07/23/2019 10:40,SCH - HQ_CEDARS,325274,60,190,-40
07/23/2019 10:40,SCH - HQ_IMPORT_EXPORT,325376,1200,1310,-9999
07/23/2019 10:40,SCH - NE - NY,23318,-409.77,1400,-1600
07/23/2019 10:40,SCH - NPX_1385,325277,25,200,-200
07/23/2019 10:40,SCH - NPX_CSC,325154,270,330,-330
07/23/2019 10:40,SCH - OH - NY,23317,1147.36,1450,-1700
07/23/2019 10:40,SCH - PJ - NY,23316,351.64,2050,-1150
07/23/2019 10:40,SCH - PJM_HTP,325905,300,660,-660
07/23/2019 10:40,SCH - PJM_NEPTUNE,325305,660,660,-660
07/23/2019 10:40,SCH - PJM_VFT,325658,315,315,-315
07/23/2019 10:40,SPR/DUN-SOUTH,23320,3715.55,4350,-9999
07/23/2019 10:40,TOTAL EAST,23314,4029.52,6800,-9999
07/23/2019 10:40,UPNY CONED,23315,3693.3,5700,-9999
07/23/2019 10:40,WEST CENTRAL,23312,225.8,9999,-9999
07/23/2019 10:45,CENTRAL EAST - VC,23330,2106.13,2690,-9999
07/23/2019 10:45,DYSINGER EAST,23326,982.07,3150,-9999
07/23/2019 10:45,MOSES SOUTH,23319,2080.23,3150,-1600
07/23/2019 10:45,SCH - HQ - NY,23324,1500,1500,-800
07/23/2019 10:45,SCH - HQ_CEDARS,325274,60,190,-40
07/23/2019 10:45,SCH - HQ_IMPORT_EXPORT,325376,1200,1310,-9999
07/23/2019 10:45,SCH - NE - NY,23318,-431.8,1400,-1600
07/23/2019 10:45,SCH - NPX_1385,325277,25,200,-200
07/23/2019 10:45,SCH - NPX_CSC,325154,270,330,-330
07/23/2019 10:45,SCH - OH - NY,23317,1147.35,1450,-1700
07/23/2019 10:45,SCH - PJ - NY,23316,355.03,2050,-1150
07/23/2019 10:45,SCH - PJM_HTP,325905,280,660,-660
07/23/2019 10:45,SCH - PJM_NEPTUNE,325305,660,660,-660
07/23/2019 10:45,SCH - PJM_VFT,325658,315,315,-315
07/23/2019 10:45,SPR/DUN-SOUTH,23320,3743.13,4350,-9999
07/23/2019 10:45,TOTAL EAST,23314,3989.24,6800,-9999
07/23/2019 10:45,UPNY CONED,23315,3706.25,5700,-9999
07/23/2019 10:45,WEST CENTRAL,23312,204.61,9999,-9999
07/23/2019 10:50,CENTRAL EAST - VC,23330,2111.91,2690,-9999
07/23/2019 10:50,DYSINGER EAST,23326,991.96,3150,-9999
07/23/2019 10:50,MOSES SOUTH,23319,2123.12,3150,-1600
07/23/2019 10:50,SCH - HQ - NY,23324,1500,1500,-800
07/23/2019 10:50,SCH - HQ_CEDARS,325274,60,190,-40
07/23/2019 10:50,SCH - HQ_IMPORT_EXPORT,325376,1200,1310,-9999
07/23/2019 10:50,SCH - NE - NY,23318,-454.74,1400,-1600
07/23/2019 10:50,SCH - NPX_1385,325277,25,200,-200
07/23/2019 10:50,SCH - NPX_CSC,325154,270,330,-330
07/23/2019 10:50,SCH - OH - NY,23317,1147.32,1450,-1700
07/23/2019 10:50,SCH - PJ - NY,23316,348.39,2050,-1150
07/23/2019 10:50,SCH - PJM_HTP,325905,260,660,-660
07/23/2019 10:50,SCH - PJM_NEPTUNE,325305,660,660,-660
07/23/2019 10:50,SCH - PJM_VFT,325658,315,315,-315
07/23/2019 10:50,SPR/DUN-SOUTH,23320,3770.55,4350,-9999
07/23/2019 10:50,TOTAL EAST,23314,3998.21,6800,-9999
07/23/2019 10:50,UPNY CONED,23315,3729.81,5700,-9999
07/23/2019 10:50,WEST CENTRAL,23312,211.31,9999,-9999
07/23/2019 10:55,CENTRAL EAST - VC,23330,2092.55,2690,-9999
07/23/2019 10:55,DYSINGER EAST,23326,1011.86,3150,-9999
07/23/2019 10:55,MOSES SOUTH,23319,2069.28,3150,-1600
07/23/2019 10:55,SCH - HQ - NY,23324,1500,1500,-800
07/23/2019 10:55,SCH - HQ_CEDARS,325274,60,190,-40
07/23/2019 10:55,SCH - HQ_IMPORT_EXPORT,325376,1200,1310,-9999
07/23/2019 10:55,SCH - NE - NY,23318,-454.57,1400,-1600
07/23/2019 10:55,SCH - NPX_1385,325277,25,200,-200
07/23/2019 10:55,SCH - NPX_CSC,325154,270,330,-330
07/23/2019 10:55,SCH - OH - NY,23317,1147.35,1450,-1700
07/23/2019 10:55,SCH - PJ - NY,23316,348.72,2050,-1150
07/23/2019 10:55,SCH - PJM_HTP,325905,260,660,-660
07/23/2019 10:55,SCH - PJM_NEPTUNE,325305,660,660,-660
07/23/2019 10:55,SCH - PJM_VFT,325658,315,315,-315
07/23/2019 10:55,SPR/DUN-SOUTH,23320,3769.33,4350,-9999
07/23/2019 10:55,TOTAL EAST,23314,3936.41,6800,-9999
07/23/2019 10:55,UPNY CONED,23315,3729.3,5700,-9999
07/23/2019 10:55,WEST CENTRAL,23312,230.23,9999,-9999
07/23/2019 11:00,CENTRAL EAST - VC,23330,2129.3,2690,-9999
07/23/2019 11:00,DYSINGER EAST,23326,1013.98,3150,-9999
07/23/2019 11:00,MOSES SOUTH,23319,2103.04,3150,-1600
07/23/2019 11:00,SCH - HQ - NY,23324,1500,1500,-800
07/23/2019 11:00,SCH - HQ_CEDARS,325274,125,190,-40
07/23/2019 11:00,SCH - HQ_IMPORT_EXPORT,325376,1200,1310,-9999
07/23/2019 11:00,SCH - NE - NY,23318,-564.21,1400,-1600
07/23/2019 11:00,SCH - NPX_1385,325277,74,200,-200
07/23/2019 11:00,SCH - NPX_CSC,325154,242,330,-330
07/23/2019 11:00,SCH - OH - NY,23317,1139.38,1450,-1700
07/23/2019 11:00,SCH - PJ - NY,23316,388.52,2050,-1150
07/23/2019 11:00,SCH - PJM_HTP,325905,278,660,-660
07/23/2019 11:00,SCH - PJM_NEPTUNE,325305,660,660,-660
07/23/2019 11:00,SCH - PJM_VFT,325658,315,315,-315
07/23/2019 11:00,SPR/DUN-SOUTH,23320,3765.32,4350,-9999
07/23/2019 11:00,TOTAL EAST,23314,3999.88,6800,-9999
07/23/2019 11:00,UPNY CONED,23315,3712.86,5700,-9999
07/23/2019 11:00,WEST CENTRAL,23312,228.29,9999,-9999
07/23/2019 11:05,CENTRAL EAST - VC,23330,2175.72,2690,-9999
07/23/2019 11:05,DYSINGER EAST,23326,1016.14,3150,-9999
07/23/2019 11:05,MOSES SOUTH,23319,2120.96,3150,-1600
07/23/2019 11:05,SCH - HQ - NY,23324,1500,1500,-800
07/23/2019 11:05,SCH - HQ_CEDARS,325274,190,190,-40
07/23/2019 11:05,SCH - HQ_IMPORT_EXPORT,325376,1200,1310,-9999
07/23/2019 11:05,SCH - NE - NY,23318,-673.44,1400,-1600
07/23/2019 11:05,SCH - NPX_1385,325277,123,200,-200
07/23/2019 11:05,SCH - NPX_CSC,325154,215,330,-330
07/23/2019 11:05,SCH - OH - NY,23317,1131.41,1450,-1700
07/23/2019 11:05,SCH - PJ - NY,23316,434.02,2050,-1150
07/23/2019 11:05,SCH - PJM_HTP,325905,296,660,-660
07/23/2019 11:05,SCH - PJM_NEPTUNE,325305,660,660,-660
07/23/2019 11:05,SCH - PJM_VFT,325658,315,315,-315
07/23/2019 11:05,SPR/DUN-SOUTH,23320,3732.37,4350,-9999
07/23/2019 11:05,TOTAL EAST,23314,4100.7,6800,-9999
07/23/2019 11:05,UPNY CONED,23315,3666.5,5700,-9999
07/23/2019 11:05,WEST CENTRAL,23312,232.64,9999,-9999
07/23/2019 11:10,CENTRAL EAST - VC,23330,2173.55,2690,-9999
07/23/2019 11:10,DYSINGER EAST,23326,1021.71,3150,-9999
07/23/2019 11:10,MOSES SOUTH,23319,2146.88,3150,-1600
07/23/2019 11:10,SCH - HQ - NY,23324,1500,1500,-800
07/23/2019 11:10,SCH - HQ_CEDARS,325274,190,190,-40
07/23/2019 11:10,SCH - HQ_IMPORT_EXPORT,325376,1200,1310,-9999
07/23/2019 11:10,SCH - NE - NY,23318,-673.7,1400,-1600
07/23/2019 11:10,SCH - NPX_1385,325277,123,200,-200
07/23/2019 11:10,SCH - NPX_CSC,325154,215,330,-330
07/23/2019 11:10,SCH - OH - NY,23317,1131.46,1450,-1700
07/23/2019 11:10,SCH - PJ - NY,23316,436.29,2050,-1150
07/23/2019 11:10,SCH - PJM_HTP,325905,296,660,-660
07/23/2019 11:10,SCH - PJM_NEPTUNE,325305,660,660,-660
07/23/2019 11:10,SCH - PJM_VFT,325658,315,315,-315
07/23/2019 11:10,SPR/DUN-SOUTH,23320,3729.87,4350,-9999
07/23/2019 11:10,TOTAL EAST,23314,4083.27,6800,-9999
07/23/2019 11:10,UPNY CONED,23315,3639.95,5700,-9999
07/23/2019 11:10,WEST CENTRAL,23312,235.04,9999,-9999
07/23/2019 11:15,CENTRAL EAST - VC,23330,2157.84,2690,-9999
07/23/2019 11:15,DYSINGER EAST,23326,978.71,3150,-9999
07/23/2019 11:15,MOSES SOUTH,23319,2149.7,3150,-1600
07/23/2019 11:15,SCH - HQ - NY,23324,1500,1500,-800
07/23/2019 11:15,SCH - HQ_CEDARS,325274,190,190,-40
07/23/2019 11:15,SCH - HQ_IMPORT_EXPORT,325376,1200,1310,-9999
07/23/2019 11:15,SCH - NE - NY,23318,-634.93,1400,-1600
07/23/2019 11:15,SCH - NPX_1385,325277,123,200,-200
07/23/2019 11:15,SCH - NPX_CSC,325154,215,330,-330
07/23/2019 11:15,SCH - OH - NY,23317,1131.42,1450,-1700
07/23/2019 11:15,SCH - PJ - NY,23316,442.07,2050,-1150
07/23/2019 11:15,SCH - PJM_HTP,325905,296,660,-660
07/23/2019 11:15,SCH - PJM_NEPTUNE,325305,660,660,-660
07/23/2019 11:15,SCH - PJM_VFT,325658,315,315,-315
07/23/2019 11:15,SPR/DUN-SOUTH,23320,3724.04,4350,-9999
07/23/2019 11:15,TOTAL EAST,23314,4107.28,6800,-9999
07/23/2019 11:15,UPNY CONED,23315,3623.81,5700,-9999
07/23/2019 11:15,WEST CENTRAL,23312,191.09,9999,-9999
07/23/2019 11:20,CENTRAL EAST - VC,23330,2143.64,2690,-9999
07/23/2019 11:20,DYSINGER EAST,23326,969.9,3150,-9999
07/23/2019 11:20,MOSES SOUTH,23319,2143.49,3150,-1600
07/23/2019 11:20,SCH - HQ - NY,23324,1500,1500,-800
07/23/2019 11:20,SCH - HQ_CEDARS,325274,190,190,-40
07/23/2019 11:20,SCH - HQ_IMPORT_EXPORT,325376,1200,1310,-9999
07/23/2019 11:20,SCH - NE - NY,23318,-596.27,1400,-1600
07/23/2019 11:20,SCH - NPX_1385,325277,123,200,-200
07/23/2019 11:20,SCH - NPX_CSC,325154,215,330,-330
07/23/2019 11:20,SCH - OH - NY,23317,1131.4,1450,-1700
07/23/2019 11:20,SCH - PJ - NY,23316,434.13,2050,-1150
07/23/2019 11:20,SCH - PJM_HTP,325905,296,660,-660
07/23/2019 11:20,SCH - PJM_NEPTUNE,325305,660,660,-660
07/23/2019 11:20,SCH - PJM_VFT,325658,315,315,-315
07/23/2019 11:20,SPR/DUN-SOUTH,23320,3769.98,4350,-9999
07/23/2019 11:20,TOTAL EAST,23314,4101.53,6800,-9999
07/23/2019 11:20,UPNY CONED,23315,3667.86,5700,-9999
07/23/2019 11:20,WEST CENTRAL,23312,178.29,9999,-9999
07/23/2019 11:25,CENTRAL EAST - VC,23330,2182.08,2690,-9999
07/23/2019 11:25,DYSINGER EAST,23326,1057.31,3150,-9999
07/23/2019 11:25,MOSES SOUTH,23319,2135.61,3150,-1600
07/23/2019 11:25,SCH - HQ - NY,23324,1500,1500,-800
07/23/2019 11:25,SCH - HQ_CEDARS,325274,190,190,-40
07/23/2019 11:25,SCH - HQ_IMPORT_EXPORT,325376,1200,1310,-9999
07/23/2019 11:25,SCH - NE - NY,23318,-596.04,1400,-1600
07/23/2019 11:25,SCH - NPX_1385,325277,123,200,-200
07/23/2019 11:25,SCH - NPX_CSC,325154,215,330,-330
07/23/2019 11:25,SCH - OH - NY,23317,1131.39,1450,-1700
07/23/2019 11:25,SCH - PJ - NY,23316,433.89,2050,-1150
07/23/2019 11:25,SCH - PJM_HTP,325905,296,660,-660
07/23/2019 11:25,SCH - PJM_NEPTUNE,325305,660,660,-660
07/23/2019 11:25,SCH - PJM_VFT,325658,315,315,-315
07/23/2019 11:25,SPR/DUN-SOUTH,23320,3778.48,4350,-9999
07/23/2019 11:25,TOTAL EAST,23314,4077.34,6800,-9999
07/23/2019 11:25,UPNY CONED,23315,3654.71,5700,-9999
07/23/2019 11:25,WEST CENTRAL,23312,262.37,9999,-9999
07/23/2019 11:30,CENTRAL EAST - VC,23330,2159.26,2690,-9999
07/23/2019 11:30,DYSINGER EAST,23326,1016.2,3150,-9999
07/23/2019 11:30,MOSES SOUTH,23319,2138.47,3150,-1600
07/23/2019 11:30,SCH - HQ - NY,23324,1500,1500,-800
07/23/2019 11:30,SCH - HQ_CEDARS,325274,190,190,-40
07/23/2019 11:30,SCH - HQ_IMPORT_EXPORT,325376,1200,1310,-9999
07/23/2019 11:30,SCH - NE - NY,23318,-487.59,1400,-1600
07/23/2019 11:30,SCH - NPX_1385,325277,123,200,-200
07/23/2019 11:30,SCH - NPX_CSC,325154,215,330,-330
07/23/2019 11:30,SCH - OH - NY,23317,1131.39,1450,-1700
07/23/2019 11:30,SCH - PJ - NY,23316,434.6,2050,-1150
07/23/2019 11:30,SCH - PJM_HTP,325905,296,660,-660
07/23/2019 11:30,SCH - PJM_NEPTUNE,325305,660,660,-660
07/23/2019 11:30,SCH - PJM_VFT,325658,315,315,-315
07/23/2019 11:30,SPR/DUN-SOUTH,23320,3786.79,4350,-9999
07/23/2019 11:30,TOTAL EAST,23314,4081.16,6800,-9999
07/23/2019 11:30,UPNY CONED,23315,3651.15,5700,-9999
07/23/2019 11:30,WEST CENTRAL,23312,217.3,9999,-9999
07/23/2019 11:35,CENTRAL EAST - VC,23330,2156.42,2690,-9999
07/23/2019 11:35,DYSINGER EAST,23326,1025.48,3150,-9999
07/23/2019 11:35,MOSES SOUTH,23319,2130.91,3150,-1600
07/23/2019 11:35,SCH - HQ - NY,23324,1500,1500,-800
07/23/2019 11:35,SCH - HQ_CEDARS,325274,190,190,-40
07/23/2019 11:35,SCH - HQ_IMPORT_EXPORT,325376,1200,1310,-9999
07/23/2019 11:35,SCH - NE - NY,23318,-380.04,1400,-1600
07/23/2019 11:35,SCH - NPX_1385,325277,123,200,-200
07/23/2019 11:35,SCH - NPX_CSC,325154,215,330,-330
07/23/2019 11:35,SCH - OH - NY,23317,1131.38,1450,-1700
07/23/2019 11:35,SCH - PJ - NY,23316,436.28,2050,-1150
07/23/2019 11:35,SCH - PJM_HTP,325905,296,660,-660
07/23/2019 11:35,SCH - PJM_NEPTUNE,325305,660,660,-660
07/23/2019 11:35,SCH - PJM_VFT,325658,315,315,-315
07/23/2019 11:35,SPR/DUN-SOUTH,23320,3831.18,4350,-9999
07/23/2019 11:35,TOTAL EAST,23314,4048.25,6800,-9999
07/23/2019 11:35,UPNY CONED,23315,3702.3,5700,-9999
07/23/2019 11:35,WEST CENTRAL,23312,225.62,9999,-9999
07/23/2019 11:40,CENTRAL EAST - VC,23330,2119.88,2690,-9999
07/23/2019 11:40,DYSINGER EAST,23326,989.42,3150,-9999
07/23/2019 11:40,MOSES SOUTH,23319,2137.69,3150,-1600
07/23/2019 11:40,SCH - HQ - NY,23324,1500,1500,-800
07/23/2019 11:40,SCH - HQ_CEDARS,325274,190,190,-40
07/23/2019 11:40,SCH - HQ_IMPORT_EXPORT,325376,1200,1310,-9999
07/23/2019 11:40,SCH - NE - NY,23318,-380.28,1400,-1600
07/23/2019 11:40,SCH - NPX_1385,325277,123,200,-200
07/23/2019 11:40,SCH - NPX_CSC,325154,215,330,-330
07/23/2019 11:40,SCH - OH - NY,23317,1131.39,1450,-1700
07/23/2019 11:40,SCH - PJ - NY,23316,436.42,2050,-1150
07/23/2019 11:40,SCH - PJM_HTP,325905,296,660,-660
07/23/2019 11:40,SCH - PJM_NEPTUNE,325305,660,660,-660
07/23/2019 11:40,SCH - PJM_VFT,325658,315,315,-315
07/23/2019 11:40,SPR/DUN-SOUTH,23320,3809.04,4350,-9999
07/23/2019 11:40,TOTAL EAST,23314,4037.85,6800,-9999
07/23/2019 11:40,UPNY CONED,23315,3668.2,5700,-9999
07/23/2019 11:40,WEST CENTRAL,23312,190.5,9999,-9999
07/23/2019 11:45,CENTRAL EAST - VC,23330,2104.76,2690,-9999
07/23/2019 11:45,DYSINGER EAST,23326,970.08,3150,-9999
07/23/2019 11:45,MOSES SOUTH,23319,2141.15,3150,-1600
07/23/2019 11:45,SCH - HQ - NY,23324,1500,1500,-800
07/23/2019 11:45,SCH - HQ_CEDARS,325274,190,190,-40
07/23/2019 11:45,SCH - HQ_IMPORT_EXPORT,325376,1200,1310,-9999
07/23/2019 11:45,SCH - NE - NY,23318,-368.32,1400,-1600
07/23/2019 11:45,SCH - NPX_1385,325277,123,200,-200
07/23/2019 11:45,SCH - NPX_CSC,325154,215,330,-330
07/23/2019 11:45,SCH - OH - NY,23317,1131.38,1450,-1700
07/23/2019 11:45,SCH - PJ - NY,23316,437.22,2050,-1150
07/23/2019 11:45,SCH - PJM_HTP,325905,296,660,-660
07/23/2019 11:45,SCH - PJM_NEPTUNE,325305,660,660,-660
07/23/2019 11:45,SCH - PJM_VFT,325658,288,315,-315
07/23/2019 11:45,SPR/DUN-SOUTH,23320,3815.81,4350,-9999
07/23/2019 11:45,TOTAL EAST,23314,4044.9,6800,-9999
07/23/2019 11:45,UPNY CONED,23315,3657.89,5700,-9999
07/23/2019 11:45,WEST CENTRAL,23312,166.06,9999,-9999
07/23/2019 11:50,CENTRAL EAST - VC,23330,2133.04,2690,-9999
07/23/2019 11:50,DYSINGER EAST,23326,1050.17,3150,-9999
07/23/2019 11:50,MOSES SOUTH,23319,2121.64,3150,-1600
07/23/2019 11:50,SCH - HQ - NY,23324,1500,1500,-800
07/23/2019 11:50,SCH - HQ_CEDARS,325274,190,190,-40
07/23/2019 11:50,SCH - HQ_IMPORT_EXPORT,325376,1200,1310,-9999
07/23/2019 11:50,SCH - NE - NY,23318,-356.99,1400,-1600
07/23/2019 11:50,SCH - NPX_1385,325277,123,200,-200
07/23/2019 11:50,SCH - NPX_CSC,325154,215,330,-330
07/23/2019 11:50,SCH - OH - NY,23317,1131.37,1450,-1700
07/23/2019 11:50,SCH - PJ - NY,23316,439.52,2050,-1150
07/23/2019 11:50,SCH - PJM_HTP,325905,296,660,-660
07/23/2019 11:50,SCH - PJM_NEPTUNE,325305,660,660,-660
07/23/2019 11:50,SCH - PJM_VFT,325658,262,315,-315
07/23/2019 11:50,SPR/DUN-SOUTH,23320,3863.84,4350,-9999
07/23/2019 11:50,TOTAL EAST,23314,4018.76,6800,-9999
07/23/2019 11:50,UPNY CONED,23315,3719.93,5700,-9999
07/23/2019 11:50,WEST CENTRAL,23312,243.94,9999,-9999
07/23/2019 11:55,CENTRAL EAST - VC,23330,2107.53,2690,-9999
07/23/2019 11:55,DYSINGER EAST,23326,998.37,3150,-9999
07/23/2019 11:55,MOSES SOUTH,23319,2118.01,3150,-1600
07/23/2019 11:55,SCH - HQ - NY,23324,1500,1500,-800
07/23/2019 11:55,SCH - HQ_CEDARS,325274,190,190,-40
07/23/2019 11:55,SCH - HQ_IMPORT_EXPORT,325376,1200,1310,-9999
07/23/2019 11:55,SCH - NE - NY,23318,-357.01,1400,-1600
07/23/2019 11:55,SCH - NPX_1385,325277,123,200,-200
07/23/2019 11:55,SCH - NPX_CSC,325154,215,330,-330
07/23/2019 11:55,SCH - OH - NY,23317,1131.33,1450,-1700
07/23/2019 11:55,SCH - PJ - NY,23316,437.25,2050,-1150
07/23/2019 11:55,SCH - PJM_HTP,325905,296,660,-660
07/23/2019 11:55,SCH - PJM_NEPTUNE,325305,660,660,-660
07/23/2019 11:55,SCH - PJM_VFT,325658,262,315,-315
07/23/2019 11:55,SPR/DUN-SOUTH,23320,3834.49,4350,-9999
07/23/2019 11:55,TOTAL EAST,23314,4004.05,6800,-9999
07/23/2019 11:55,UPNY CONED,23315,3724.8,5700,-9999
07/23/2019 11:55,WEST CENTRAL,23312,190.36,9999,-9999
07/23/2019 11:59,CENTRAL EAST - VC,23330,2178.76,2690,-9999
07/23/2019 11:59,DYSINGER EAST,23326,1062.17,3150,-9999
07/23/2019 11:59,MOSES SOUTH,23319,2194.51,3150,-1600
07/23/2019 11:59,SCH - HQ - NY,23324,1500,1500,-800
07/23/2019 11:59,SCH - HQ_CEDARS,325274,190,190,-40
07/23/2019 11:59,SCH - HQ_IMPORT_EXPORT,325376,1200,1310,-9999
07/23/2019 11:59,SCH - NE - NY,23318,-378.8,1400,-1600
07/23/2019 11:59,SCH - NPX_1385,325277,111,200,-200
07/23/2019 11:59,SCH - NPX_CSC,325154,215,330,-330
07/23/2019 11:59,SCH - OH - NY,23317,1133.43,1450,-1700
07/23/2019 11:59,SCH - PJ - NY,23316,478.74,2050,-1150
07/23/2019 11:59,SCH - PJM_HTP,325905,296,660,-660
07/23/2019 11:59,SCH - PJM_NEPTUNE,325305,660,660,-660
07/23/2019 11:59,SCH - PJM_VFT,325658,204,315,-315
07/23/2019 11:59,SPR/DUN-SOUTH,23320,3865.23,4350,-9999
07/23/2019 11:59,TOTAL EAST,23314,4065.37,6800,-9999
07/23/2019 11:59,UPNY CONED,23315,3751.41,5700,-9999
07/23/2019 11:59,WEST CENTRAL,23312,255.7,9999,-9999
07/23/2019 12:00,CENTRAL EAST - VC,23330,2159.01,2690,-9999
07/23/2019 12:00,DYSINGER EAST,23326,1043.57,3150,-9999
07/23/2019 12:00,MOSES SOUTH,23319,2141.89,3150,-1600
07/23/2019 12:00,SCH - HQ - NY,23324,1500,1500,-800
07/23/2019 12:00,SCH - HQ_CEDARS,325274,190,190,-40
07/23/2019 12:00,SCH - HQ_IMPORT_EXPORT,325376,1200,1310,-9999
07/23/2019 12:00,SCH - NE - NY,23318,-384.68,1400,-1600
07/23/2019 12:00,SCH - NPX_1385,325277,108,200,-200
07/23/2019 12:00,SCH - NPX_CSC,325154,215,330,-330
07/23/2019 12:00,SCH - OH - NY,23317,1134.35,1450,-1700
07/23/2019 12:00,SCH - PJ - NY,23316,491.83,2050,-1150
07/23/2019 12:00,SCH - PJM_HTP,325905,296,660,-660
07/23/2019 12:00,SCH - PJM_NEPTUNE,325305,660,660,-660
07/23/2019 12:00,SCH - PJM_VFT,325658,190,315,-315
07/23/2019 12:00,SPR/DUN-SOUTH,23320,3851.93,4350,-9999
07/23/2019 12:00,TOTAL EAST,23314,4043.78,6800,-9999
07/23/2019 12:00,UPNY CONED,23315,3788.54,5700,-9999
07/23/2019 12:00,WEST CENTRAL,23312,237.59,9999,-9999
07/23/2019 12:02,CENTRAL EAST - VC,23330,2119.06,2690,-9999
07/23/2019 12:02,DYSINGER EAST,23326,911.5,3150,-9999
07/23/2019 12:02,MOSES SOUTH,23319,2264.1,3150,-1600
07/23/2019 12:02,SCH - HQ - NY,23324,1500,1500,-800
07/23/2019 12:02,SCH - HQ_CEDARS,325274,190,190,-40
07/23/2019 12:02,SCH - HQ_IMPORT_EXPORT,325376,1200,1310,-9999
07/23/2019 12:02,SCH - NE - NY,23318,-396.18,1400,-1600
07/23/2019 12:02,SCH - NPX_1385,325277,102,200,-200
07/23/2019 12:02,SCH - NPX_CSC,325154,215,330,-330
07/23/2019 12:02,SCH - OH - NY,23317,1135.33,1450,-1700
07/23/2019 12:02,SCH - PJ - NY,23316,513.8,2050,-1150
07/23/2019 12:02,SCH - PJM_HTP,325905,296,660,-660
07/23/2019 12:02,SCH - PJM_NEPTUNE,325305,660,660,-660
07/23/2019 12:02,SCH - PJM_VFT,325658,161,315,-315
07/23/2019 12:02,SPR/DUN-SOUTH,23320,3865.96,4350,-9999
07/23/2019 12:02,TOTAL EAST,23314,3977.31,6800,-9999
07/23/2019 12:02,UPNY CONED,23315,3799.04,5700,-9999
07/23/2019 12:02,WEST CENTRAL,23312,103.84,9999,-9999
07/23/2019 12:07,CENTRAL EAST - VC,23330,2104.11,2690,-9999
07/23/2019 12:07,DYSINGER EAST,23326,929.95,3150,-9999
07/23/2019 12:07,MOSES SOUTH,23319,2270.62,3150,-1600
07/23/2019 12:07,SCH - HQ - NY,23324,1500,1500,-800
07/23/2019 12:07,SCH - HQ_CEDARS,325274,190,190,-40
07/23/2019 12:07,SCH - HQ_IMPORT_EXPORT,325376,1200,1310,-9999
07/23/2019 12:07,SCH - NE - NY,23318,-414.19,1400,-1600
07/23/2019 12:07,SCH - NPX_1385,325277,93,200,-200
07/23/2019 12:07,SCH - NPX_CSC,325154,215,330,-330
07/23/2019 12:07,SCH - OH - NY,23317,1138.32,1450,-1700
07/23/2019 12:07,SCH - PJ - NY,23316,548.45,2050,-1150
07/23/2019 12:07,SCH - PJM_HTP,325905,296,660,-660
07/23/2019 12:07,SCH - PJM_NEPTUNE,325305,660,660,-660
07/23/2019 12:07,SCH - PJM_VFT,325658,118,315,-315
07/23/2019 12:07,SPR/DUN-SOUTH,23320,3860.42,4350,-9999
07/23/2019 12:07,TOTAL EAST,23314,3954.35,6800,-9999
07/23/2019 12:07,UPNY CONED,23315,3782.05,5700,-9999
07/23/2019 12:07,WEST CENTRAL,23312,126,9999,-9999
07/23/2019 12:09,CENTRAL EAST - VC,23330,2116.82,2690,-9999
07/23/2019 12:09,DYSINGER EAST,23326,959.66,3150,-9999
07/23/2019 12:09,MOSES SOUTH,23319,2242.95,3150,-1600
07/23/2019 12:09,SCH - HQ - NY,23324,1500,1500,-800
07/23/2019 12:09,SCH - HQ_CEDARS,325274,190,190,-40
07/23/2019 12:09,SCH - HQ_IMPORT_EXPORT,325376,1200,1310,-9999
07/23/2019 12:09,SCH - NE - NY,23318,-413.97,1400,-1600
07/23/2019 12:09,SCH - NPX_1385,325277,93,200,-200
07/23/2019 12:09,SCH - NPX_CSC,325154,215,330,-330
07/23/2019 12:09,SCH - OH - NY,23317,1138.39,1450,-1700
07/23/2019 12:09,SCH - PJ - NY,23316,547.41,2050,-1150
07/23/2019 12:09,SCH - PJM_HTP,325905,296,660,-660
07/23/2019 12:09,SCH - PJM_NEPTUNE,325305,660,660,-660
07/23/2019 12:09,SCH - PJM_VFT,325658,118,315,-315
07/23/2019 12:09,SPR/DUN-SOUTH,23320,3859.64,4350,-9999
07/23/2019 12:09,TOTAL EAST,23314,3967.12,6800,-9999
07/23/2019 12:09,UPNY CONED,23315,3782.97,5700,-9999
07/23/2019 12:09,WEST CENTRAL,23312,155.82,9999,-9999
07/23/2019 12:20,CENTRAL EAST - VC,23330,1974.22,2690,-9999
07/23/2019 12:20,DYSINGER EAST,23326,677.68,3150,-9999
07/23/2019 12:20,MOSES SOUTH,23319,2254.8,3150,-1600
07/23/2019 12:20,SCH - HQ - NY,23324,1500,1500,-800
07/23/2019 12:20,SCH - HQ_CEDARS,325274,190,190,-40
07/23/2019 12:20,SCH - HQ_IMPORT_EXPORT,325376,1200,1310,-9999
07/23/2019 12:20,SCH - NE - NY,23318,-371.89,1400,-1600
07/23/2019 12:20,SCH - NPX_1385,325277,93,200,-200
07/23/2019 12:20,SCH - NPX_CSC,325154,215,330,-330
07/23/2019 12:20,SCH - OH - NY,23317,1138.4,1450,-1700
07/23/2019 12:20,SCH - PJ - NY,23316,519.28,2050,-1150
07/23/2019 12:20,SCH - PJM_HTP,325905,296,660,-660
07/23/2019 12:20,SCH - PJM_NEPTUNE,325305,660,660,-660
07/23/2019 12:20,SCH - PJM_VFT,325658,171,315,-315
07/23/2019 12:20,SPR/DUN-SOUTH,23320,3863.91,4350,-9999
07/23/2019 12:20,TOTAL EAST,23314,3596.75,6800,-9999
07/23/2019 12:20,UPNY CONED,23315,3727.74,5700,-9999
07/23/2019 12:20,WEST CENTRAL,23312,-131.09,9999,-9999
07/23/2019 12:25,CENTRAL EAST - VC,23330,1843.16,2690,-9999
07/23/2019 12:25,DYSINGER EAST,23326,621.04,3150,-9999
07/23/2019 12:25,MOSES SOUTH,23319,2144.32,3150,-1600
07/23/2019 12:25,SCH - HQ - NY,23324,1500,1500,-800
07/23/2019 12:25,SCH - HQ_CEDARS,325274,190,190,-40
07/23/2019 12:25,SCH - HQ_IMPORT_EXPORT,325376,1200,1310,-9999
07/23/2019 12:25,SCH - NE - NY,23318,-372.73,1400,-1600
07/23/2019 12:25,SCH - NPX_1385,325277,93,200,-200
07/23/2019 12:25,SCH - NPX_CSC,325154,215,330,-330
07/23/2019 12:25,SCH - OH - NY,23317,1138.48,1450,-1700
07/23/2019 12:25,SCH - PJ - NY,23316,515.78,2050,-1150
07/23/2019 12:25,SCH - PJM_HTP,325905,296,660,-660
07/23/2019 12:25,SCH - PJM_NEPTUNE,325305,660,660,-660
07/23/2019 12:25,SCH - PJM_VFT,325658,171,315,-315
07/23/2019 12:25,SPR/DUN-SOUTH,23320,3810.43,4350,-9999
07/23/2019 12:25,TOTAL EAST,23314,3465.28,6800,-9999
07/23/2019 12:25,UPNY CONED,23315,3635,5700,-9999
07/23/2019 12:25,WEST CENTRAL,23312,-190.88,9999,-9999
07/23/2019 12:30,CENTRAL EAST - VC,23330,1941.99,2690,-9999
07/23/2019 12:30,DYSINGER EAST,23326,768.09,3150,-9999
07/23/2019 12:30,MOSES SOUTH,23319,2156.5,3150,-1600
07/23/2019 12:30,SCH - HQ - NY,23324,1500,1500,-800
07/23/2019 12:30,SCH - HQ_CEDARS,325274,190,190,-40
07/23/2019 12:30,SCH - HQ_IMPORT_EXPORT,325376,1200,1310,-9999
07/23/2019 12:30,SCH - NE - NY,23318,-353.34,1400,-1600
07/23/2019 12:30,SCH - NPX_1385,325277,93,200,-200
07/23/2019 12:30,SCH - NPX_CSC,325154,215,330,-330
07/23/2019 12:30,SCH - OH - NY,23317,1138.52,1450,-1700
07/23/2019 12:30,SCH - PJ - NY,23316,505.81,2050,-1150
07/23/2019 12:30,SCH - PJM_HTP,325905,296,660,-660
07/23/2019 12:30,SCH - PJM_NEPTUNE,325305,660,660,-660
07/23/2019 12:30,SCH - PJM_VFT,325658,144,315,-315
07/23/2019 12:30,SPR/DUN-SOUTH,23320,3903.07,4350,-9999
07/23/2019 12:30,TOTAL EAST,23314,3552.44,6800,-9999
07/23/2019 12:30,UPNY CONED,23315,3720.94,5700,-9999
07/23/2019 12:30,WEST CENTRAL,23312,-42.12,9999,-9999
07/23/2019 12:35,CENTRAL EAST - VC,23330,2032.55,2690,-9999
07/23/2019 12:35,DYSINGER EAST,23326,931.9,3150,-9999
07/23/2019 12:35,MOSES SOUTH,23319,2132.26,3150,-1600
07/23/2019 12:35,SCH - HQ - NY,23324,1500,1500,-800
07/23/2019 12:35,SCH - HQ_CEDARS,325274,190,190,-40
07/23/2019 12:35,SCH - HQ_IMPORT_EXPORT,325376,1200,1310,-9999
07/23/2019 12:35,SCH - NE - NY,23318,-335.36,1400,-1600
07/23/2019 12:35,SCH - NPX_1385,325277,93,200,-200
07/23/2019 12:35,SCH - NPX_CSC,325154,215,330,-330
07/23/2019 12:35,SCH - OH - NY,23317,1138.51,1450,-1700
07/23/2019 12:35,SCH - PJ - NY,23316,489.17,2050,-1150
07/23/2019 12:35,SCH - PJM_HTP,325905,296,660,-660
07/23/2019 12:35,SCH - PJM_NEPTUNE,325305,660,660,-660
07/23/2019 12:35,SCH - PJM_VFT,325658,118,315,-315
07/23/2019 12:35,SPR/DUN-SOUTH,23320,3901.44,4350,-9999
07/23/2019 12:35,TOTAL EAST,23314,3668.7,6800,-9999
07/23/2019 12:35,UPNY CONED,23315,3712.68,5700,-9999
07/23/2019 12:35,WEST CENTRAL,23312,116.3,9999,-9999
07/23/2019 12:40,CENTRAL EAST - VC,23330,2084.64,2690,-9999
07/23/2019 12:40,DYSINGER EAST,23326,1023.79,3150,-9999
07/23/2019 12:40,MOSES SOUTH,23319,2116.43,3150,-1600
07/23/2019 12:40,SCH - HQ - NY,23324,1500,1500,-800
07/23/2019 12:40,SCH - HQ_CEDARS,325274,190,190,-40
07/23/2019 12:40,SCH - HQ_IMPORT_EXPORT,325376,1200,1310,-9999
07/23/2019 12:40,SCH - NE - NY,23318,-335.68,1400,-1600
07/23/2019 12:40,SCH - NPX_1385,325277,93,200,-200
07/23/2019 12:40,SCH - NPX_CSC,325154,215,330,-330
07/23/2019 12:40,SCH - OH - NY,23317,1138.43,1450,-1700
07/23/2019 12:40,SCH - PJ - NY,23316,493.45,2050,-1150
07/23/2019 12:40,SCH - PJM_HTP,325905,296,660,-660
07/23/2019 12:40,SCH - PJM_NEPTUNE,325305,660,660,-660
07/23/2019 12:40,SCH - PJM_VFT,325658,118,315,-315
07/23/2019 12:40,SPR/DUN-SOUTH,23320,3893.87,4350,-9999
07/23/2019 12:40,TOTAL EAST,23314,3768.42,6800,-9999
07/23/2019 12:40,UPNY CONED,23315,3688.67,5700,-9999
07/23/2019 12:40,WEST CENTRAL,23312,200.15,9999,-9999
07/23/2019 12:45,CENTRAL EAST - VC,23330,2056.38,2690,-9999
07/23/2019 12:45,DYSINGER EAST,23326,1044.64,3150,-9999
07/23/2019 12:45,MOSES SOUTH,23319,2109.02,3150,-1600
07/23/2019 12:45,SCH - HQ - NY,23324,1500,1500,-800
07/23/2019 12:45,SCH - HQ_CEDARS,325274,190,190,-40
07/23/2019 12:45,SCH - HQ_IMPORT_EXPORT,325376,1200,1310,-9999
07/23/2019 12:45,SCH - NE - NY,23318,-233.86,1400,-1600
07/23/2019 12:45,SCH - NPX_1385,325277,93,200,-200
07/23/2019 12:45,SCH - NPX_CSC,325154,215,330,-330
07/23/2019 12:45,SCH - OH - NY,23317,1138.46,1450,-1700
07/23/2019 12:45,SCH - PJ - NY,23316,520.19,2050,-1150
07/23/2019 12:45,SCH - PJM_HTP,325905,296,660,-660
07/23/2019 12:45,SCH - PJM_NEPTUNE,325305,660,660,-660
07/23/2019 12:45,SCH - PJM_VFT,325658,141,315,-315
07/23/2019 12:45,SPR/DUN-SOUTH,23320,3886.77,4350,-9999
07/23/2019 12:45,TOTAL EAST,23314,3704.17,6800,-9999
07/23/2019 12:45,UPNY CONED,23315,3674.39,5700,-9999
07/23/2019 12:45,WEST CENTRAL,23312,218.93,9999,-9999
07/23/2019 12:50,CENTRAL EAST - VC,23330,1976.63,2690,-9999
07/23/2019 12:50,DYSINGER EAST,23326,974.91,3150,-9999
07/23/2019 12:50,MOSES SOUTH,23319,2116.92,3150,-1600
07/23/2019 12:50,SCH - HQ - NY,23324,1500,1500,-800
07/23/2019 12:50,SCH - HQ_CEDARS,325274,190,190,-40
07/23/2019 12:50,SCH - HQ_IMPORT_EXPORT,325376,1200,1310,-9999
07/23/2019 12:50,SCH - NE - NY,23318,-133.25,1400,-1600
07/23/2019 12:50,SCH - NPX_1385,325277,93,200,-200
07/23/2019 12:50,SCH - NPX_CSC,325154,215,330,-330
07/23/2019 12:50,SCH - OH - NY,23317,1138.46,1450,-1700
07/23/2019 12:50,SCH - PJ - NY,23316,555.09,2050,-1150
07/23/2019 12:50,SCH - PJM_HTP,325905,296,660,-660
07/23/2019 12:50,SCH - PJM_NEPTUNE,325305,660,660,-660
07/23/2019 12:50,SCH - PJM_VFT,325658,165,315,-315
07/23/2019 12:50,SPR/DUN-SOUTH,23320,3892.03,4350,-9999
07/23/2019 12:50,TOTAL EAST,23314,3607.03,6800,-9999
07/23/2019 12:50,UPNY CONED,23315,3681.58,5700,-9999
07/23/2019 12:50,WEST CENTRAL,23312,144.26,9999,-9999
07/23/2019 12:55,CENTRAL EAST - VC,23330,1911.08,2690,-9999
07/23/2019 12:55,DYSINGER EAST,23326,867.6,3150,-9999
07/23/2019 12:55,MOSES SOUTH,23319,2117.01,3150,-1600
07/23/2019 12:55,SCH - HQ - NY,23324,1500,1500,-800
07/23/2019 12:55,SCH - HQ_CEDARS,325274,190,190,-40
07/23/2019 12:55,SCH - HQ_IMPORT_EXPORT,325376,1200,1310,-9999
07/23/2019 12:55,SCH - NE - NY,23318,-133.45,1400,-1600
07/23/2019 12:55,SCH - NPX_1385,325277,93,200,-200
07/23/2019 12:55,SCH - NPX_CSC,325154,215,330,-330
07/23/2019 12:55,SCH - OH - NY,23317,1138.49,1450,-1700
07/23/2019 12:55,SCH - PJ - NY,23316,548.15,2050,-1150
07/23/2019 12:55,SCH - PJM_HTP,325905,296,660,-660
07/23/2019 12:55,SCH - PJM_NEPTUNE,325305,660,660,-660
07/23/2019 12:55,SCH - PJM_VFT,325658,165,315,-315
07/23/2019 12:55,SPR/DUN-SOUTH,23320,3892.05,4350,-9999
07/23/2019 12:55,TOTAL EAST,23314,3541.39,6800,-9999
07/23/2019 12:55,UPNY CONED,23315,3686.31,5700,-9999
07/23/2019 12:55,WEST CENTRAL,23312,35.69,9999,-9999
07/23/2019 13:00,CENTRAL EAST - VC,23330,2034.38,2690,-9999
07/23/2019 13:00,DYSINGER EAST,23326,884.55,3150,-9999
07/23/2019 13:00,MOSES SOUTH,23319,2122.55,3150,-1600
07/23/2019 13:00,SCH - HQ - NY,23324,1500,1500,-800
07/23/2019 13:00,SCH - HQ_CEDARS,325274,190,190,-40
07/23/2019 13:00,SCH - HQ_IMPORT_EXPORT,325376,1200,1310,-9999
07/23/2019 13:00,SCH - NE - NY,23318,-167.95,1400,-1600
07/23/2019 13:00,SCH - NPX_1385,325277,146,200,-200
07/23/2019 13:00,SCH - NPX_CSC,325154,157,330,-330
07/23/2019 13:00,SCH - OH - NY,23317,956.34,1450,-1700
07/23/2019 13:00,SCH - PJ - NY,23316,328.89,2050,-1150
07/23/2019 13:00,SCH - PJM_HTP,325905,316,660,-660
07/23/2019 13:00,SCH - PJM_NEPTUNE,325305,660,660,-660
07/23/2019 13:00,SCH - PJM_VFT,325658,240,315,-315
07/23/2019 13:00,SPR/DUN-SOUTH,23320,3892.16,4350,-9999
07/23/2019 13:00,TOTAL EAST,23314,3501.94,6800,-9999
07/23/2019 13:00,UPNY CONED,23315,3690.34,5700,-9999
07/23/2019 13:00,WEST CENTRAL,23312,52.72,9999,-9999
07/23/2019 13:05,CENTRAL EAST - VC,23330,1815.68,2690,-9999
07/23/2019 13:05,DYSINGER EAST,23326,566.28,3150,-9999
07/23/2019 13:05,MOSES SOUTH,23319,2101.82,3150,-1600
07/23/2019 13:05,SCH - HQ - NY,23324,1500,1500,-800
07/23/2019 13:05,SCH - HQ_CEDARS,325274,190,190,-40
07/23/2019 13:05,SCH - HQ_IMPORT_EXPORT,325376,1200,1310,-9999
07/23/2019 13:05,SCH - NE - NY,23318,-202.53,1400,-1600
07/23/2019 13:05,SCH - NPX_1385,325277,200,200,-200
07/23/2019 13:05,SCH - NPX_CSC,325154,100,330,-330
07/23/2019 13:05,SCH - OH - NY,23317,773.96,1450,-1700
07/23/2019 13:05,SCH - PJ - NY,23316,118.21,2050,-1150
07/23/2019 13:05,SCH - PJM_HTP,325905,336,660,-660
07/23/2019 13:05,SCH - PJM_NEPTUNE,325305,660,660,-660
07/23/2019 13:05,SCH - PJM_VFT,325658,315,315,-315
07/23/2019 13:05,SPR/DUN-SOUTH,23320,3587.42,4350,-9999
07/23/2019 13:05,TOTAL EAST,23314,2990.65,6800,-9999
07/23/2019 13:05,UPNY CONED,23315,3366.74,5700,-9999
07/23/2019 13:05,WEST CENTRAL,23312,-271.99,9999,-9999
07/23/2019 13:10,CENTRAL EAST - VC,23330,1694.13,2690,-9999
07/23/2019 13:10,DYSINGER EAST,23326,434.8,3150,-9999
07/23/2019 13:10,MOSES SOUTH,23319,2052.31,3150,-1600
07/23/2019 13:10,SCH - HQ - NY,23324,1500,1500,-800
07/23/2019 13:10,SCH - HQ_CEDARS,325274,190,190,-40
07/23/2019 13:10,SCH - HQ_IMPORT_EXPORT,325376,1200,1310,-9999
07/23/2019 13:10,SCH - NE - NY,23318,-203.18,1400,-1600
07/23/2019 13:10,SCH - NPX_1385,325277,200,200,-200
07/23/2019 13:10,SCH - NPX_CSC,325154,100,330,-330
07/23/2019 13:10,SCH - OH - NY,23317,774.01,1450,-1700
07/23/2019 13:10,SCH - PJ - NY,23316,125.09,2050,-1150
07/23/2019 13:10,SCH - PJM_HTP,325905,336,660,-660
07/23/2019 13:10,SCH - PJM_NEPTUNE,325305,660,660,-660
07/23/2019 13:10,SCH - PJM_VFT,325658,315,315,-315
07/23/2019 13:10,SPR/DUN-SOUTH,23320,3587.25,4350,-9999
07/23/2019 13:10,TOTAL EAST,23314,2823.27,6800,-9999
07/23/2019 13:10,UPNY CONED,23315,3351.4,5700,-9999
07/23/2019 13:10,WEST CENTRAL,23312,-409.33,9999,-9999
07/23/2019 13:15,CENTRAL EAST - VC,23330,1896.5,2690,-9999
07/23/2019 13:15,DYSINGER EAST,23326,798.12,3150,-9999
07/23/2019 13:15,MOSES SOUTH,23319,1941.76,3150,-1600
07/23/2019 13:15,SCH - HQ - NY,23324,1500,1500,-800
07/23/2019 13:15,SCH - HQ_CEDARS,325274,190,190,-40
07/23/2019 13:15,SCH - HQ_IMPORT_EXPORT,325376,1200,1310,-9999
07/23/2019 13:15,SCH - NE - NY,23318,-203.02,1400,-1600
07/23/2019 13:15,SCH - NPX_1385,325277,200,200,-200
07/23/2019 13:15,SCH - NPX_CSC,325154,100,330,-330
07/23/2019 13:15,SCH - OH - NY,23317,774.04,1450,-1700
07/23/2019 13:15,SCH - PJ - NY,23316,271.77,2050,-1150
07/23/2019 13:15,SCH - PJM_HTP,325905,335,660,-660
07/23/2019 13:15,SCH - PJM_NEPTUNE,325305,660,660,-660
07/23/2019 13:15,SCH - PJM_VFT,325658,315,315,-315
07/23/2019 13:15,SPR/DUN-SOUTH,23320,3803.22,4350,-9999
07/23/2019 13:15,TOTAL EAST,23314,3107.42,6800,-9999
07/23/2019 13:15,UPNY CONED,23315,3588.41,5700,-9999
07/23/2019 13:15,WEST CENTRAL,23312,-39.25,9999,-9999
07/23/2019 13:20,CENTRAL EAST - VC,23330,2025.91,2690,-9999
07/23/2019 13:20,DYSINGER EAST,23326,1026.52,3150,-9999
07/23/2019 13:20,MOSES SOUTH,23319,1895.3,3150,-1600
07/23/2019 13:20,SCH - HQ - NY,23324,1500,1500,-800
07/23/2019 13:20,SCH - HQ_CEDARS,325274,190,190,-40
07/23/2019 13:20,SCH - HQ_IMPORT_EXPORT,325376,1200,1310,-9999
07/23/2019 13:20,SCH - NE - NY,23318,-202.94,1400,-1600
07/23/2019 13:20,SCH - NPX_1385,325277,200,200,-200
07/23/2019 13:20,SCH - NPX_CSC,325154,100,330,-330
07/23/2019 13:20,SCH - OH - NY,23317,773.9,1450,-1700
07/23/2019 13:20,SCH - PJ - NY,23316,428.43,2050,-1150
07/23/2019 13:20,SCH - PJM_HTP,325905,335,660,-660
07/23/2019 13:20,SCH - PJM_NEPTUNE,325305,660,660,-660
07/23/2019 13:20,SCH - PJM_VFT,325658,315,315,-315
07/23/2019 13:20,SPR/DUN-SOUTH,23320,3864.14,4350,-9999
07/23/2019 13:20,TOTAL EAST,23314,3397.35,6800,-9999
07/23/2019 13:20,UPNY CONED,23315,3669.92,5700,-9999
07/23/2019 13:20,WEST CENTRAL,23312,188.69,9999,-9999
07/23/2019 13:25,CENTRAL EAST - VC,23330,2060.66,2690,-9999
07/23/2019 13:25,DYSINGER EAST,23326,1070.81,3150,-9999
07/23/2019 13:25,MOSES SOUTH,23319,1906.26,3150,-1600
07/23/2019 13:25,SCH - HQ - NY,23324,1500,1500,-800
07/23/2019 13:25,SCH - HQ_CEDARS,325274,190,190,-40
07/23/2019 13:25,SCH - HQ_IMPORT_EXPORT,325376,1200,1310,-9999
07/23/2019 13:25,SCH - NE - NY,23318,-202.97,1400,-1600
07/23/2019 13:25,SCH - NPX_1385,325277,200,200,-200
07/23/2019 13:25,SCH - NPX_CSC,325154,100,330,-330
07/23/2019 13:25,SCH - OH - NY,23317,773.83,1450,-1700
07/23/2019 13:25,SCH - PJ - NY,23316,428.45,2050,-1150
07/23/2019 13:25,SCH - PJM_HTP,325905,335,660,-660
07/23/2019 13:25,SCH - PJM_NEPTUNE,325305,660,660,-660
07/23/2019 13:25,SCH - PJM_VFT,325658,315,315,-315
07/23/2019 13:25,SPR/DUN-SOUTH,23320,3889.15,4350,-9999
07/23/2019 13:25,TOTAL EAST,23314,3494.58,6800,-9999
07/23/2019 13:25,UPNY CONED,23315,3687.76,5700,-9999
07/23/2019 13:25,WEST CENTRAL,23312,230.8,9999,-9999
07/23/2019 13:30,CENTRAL EAST - VC,23330,2104.6,2690,-9999
07/23/2019 13:30,DYSINGER EAST,23326,1119.33,3150,-9999
07/23/2019 13:30,MOSES SOUTH,23319,1947.34,3150,-1600
07/23/2019 13:30,SCH - HQ - NY,23324,1500,1500,-800
07/23/2019 13:30,SCH - HQ_CEDARS,325274,190,190,-40
07/23/2019 13:30,SCH - HQ_IMPORT_EXPORT,325376,1200,1310,-9999
07/23/2019 13:30,SCH - NE - NY,23318,-202.82,1400,-1600
07/23/2019 13:30,SCH - NPX_1385,325277,200,200,-200
07/23/2019 13:30,SCH - NPX_CSC,325154,100,330,-330
07/23/2019 13:30,SCH - OH - NY,23317,773.95,1450,-1700
07/23/2019 13:30,SCH - PJ - NY,23316,422.51,2050,-1150
07/23/2019 13:30,SCH - PJM_HTP,325905,322,660,-660
07/23/2019 13:30,SCH - PJM_NEPTUNE,325305,660,660,-660
07/23/2019 13:30,SCH - PJM_VFT,325658,315,315,-315
07/23/2019 13:30,SPR/DUN-SOUTH,23320,3891.85,4350,-9999
07/23/2019 13:30,TOTAL EAST,23314,3561.14,6800,-9999
07/23/2019 13:30,UPNY CONED,23315,3698.35,5700,-9999
07/23/2019 13:30,WEST CENTRAL,23312,277.89,9999,-9999
07/23/2019 13:35,CENTRAL EAST - VC,23330,2116.94,2690,-9999
07/23/2019 13:35,DYSINGER EAST,23326,1120.54,3150,-9999
07/23/2019 13:35,MOSES SOUTH,23319,1961.34,3150,-1600
07/23/2019 13:35,SCH - HQ - NY,23324,1500,1500,-800
07/23/2019 13:35,SCH - HQ_CEDARS,325274,190,190,-40
07/23/2019 13:35,SCH - HQ_IMPORT_EXPORT,325376,1200,1310,-9999
07/23/2019 13:35,SCH - NE - NY,23318,-202.93,1400,-1600
07/23/2019 13:35,SCH - NPX_1385,325277,200,200,-200
07/23/2019 13:35,SCH - NPX_CSC,325154,100,330,-330
07/23/2019 13:35,SCH - OH - NY,23317,773.96,1450,-1700
07/23/2019 13:35,SCH - PJ - NY,23316,416.37,2050,-1150
07/23/2019 13:35,SCH - PJM_HTP,325905,309,660,-660
07/23/2019 13:35,SCH - PJM_NEPTUNE,325305,660,660,-660
07/23/2019 13:35,SCH - PJM_VFT,325658,315,315,-315
07/23/2019 13:35,SPR/DUN-SOUTH,23320,3888.46,4350,-9999
07/23/2019 13:35,TOTAL EAST,23314,3607.86,6800,-9999
07/23/2019 13:35,UPNY CONED,23315,3709.77,5700,-9999
07/23/2019 13:35,WEST CENTRAL,23312,276.99,9999,-9999
07/23/2019 13:40,CENTRAL EAST - VC,23330,2027.15,2690,-9999
07/23/2019 13:40,DYSINGER EAST,23326,933.15,3150,-9999
07/23/2019 13:40,MOSES SOUTH,23319,2016.21,3150,-1600
07/23/2019 13:40,SCH - HQ - NY,23324,1500,1500,-800
07/23/2019 13:40,SCH - HQ_CEDARS,325274,190,190,-40
07/23/2019 13:40,SCH - HQ_IMPORT_EXPORT,325376,1200,1310,-9999
07/23/2019 13:40,SCH - NE - NY,23318,-203.01,1400,-1600
07/23/2019 13:40,SCH - NPX_1385,325277,200,200,-200
07/23/2019 13:40,SCH - NPX_CSC,325154,100,330,-330
07/23/2019 13:40,SCH - OH - NY,23317,774.08,1450,-1700
07/23/2019 13:40,SCH - PJ - NY,23316,427.06,2050,-1150
07/23/2019 13:40,SCH - PJM_HTP,325905,309,660,-660
07/23/2019 13:40,SCH - PJM_NEPTUNE,325305,660,660,-660
07/23/2019 13:40,SCH - PJM_VFT,325658,315,315,-315
07/23/2019 13:40,SPR/DUN-SOUTH,23320,3886.58,4350,-9999
07/23/2019 13:40,TOTAL EAST,23314,3450.78,6800,-9999
07/23/2019 13:40,UPNY CONED,23315,3722.83,5700,-9999
07/23/2019 13:40,WEST CENTRAL,23312,87.01,9999,-9999
07/23/2019 13:45,CENTRAL EAST - VC,23330,1970.27,2690,-9999
07/23/2019 13:45,DYSINGER EAST,23326,824.35,3150,-9999
07/23/2019 13:45,MOSES SOUTH,23319,2011.34,3150,-1600
07/23/2019 13:45,SCH - HQ - NY,23324,1500,1500,-800
07/23/2019 13:45,SCH - HQ_CEDARS,325274,190,190,-40
07/23/2019 13:45,SCH - HQ_IMPORT_EXPORT,325376,1200,1310,-9999
07/23/2019 13:45,SCH - NE - NY,23318,-202.86,1400,-1600
07/23/2019 13:45,SCH - NPX_1385,325277,200,200,-200
07/23/2019 13:45,SCH - NPX_CSC,325154,100,330,-330
07/23/2019 13:45,SCH - OH - NY,23317,774.09,1450,-1700
07/23/2019 13:45,SCH - PJ - NY,23316,378.93,2050,-1150
07/23/2019 13:45,SCH - PJM_HTP,325905,285,660,-660
07/23/2019 13:45,SCH - PJM_NEPTUNE,325305,660,660,-660
07/23/2019 13:45,SCH - PJM_VFT,325658,315,315,-315
07/23/2019 13:45,SPR/DUN-SOUTH,23320,3834.98,4350,-9999
07/23/2019 13:45,TOTAL EAST,23314,3246.52,6800,-9999
07/23/2019 13:45,UPNY CONED,23315,3695.53,5700,-9999
07/23/2019 13:45,WEST CENTRAL,23312,-27.97,9999,-9999
07/23/2019 13:50,CENTRAL EAST - VC,23330,1982.64,2690,-9999
07/23/2019 13:50,DYSINGER EAST,23326,716.79,3150,-9999
07/23/2019 13:50,MOSES SOUTH,23319,2141.08,3150,-1600
07/23/2019 13:50,SCH - HQ - NY,23324,1500,1500,-800
07/23/2019 13:50,SCH - HQ_CEDARS,325274,190,190,-40
07/23/2019 13:50,SCH - HQ_IMPORT_EXPORT,325376,1200,1310,-9999
07/23/2019 13:50,SCH - NE - NY,23318,-202.85,1400,-1600
07/23/2019 13:50,SCH - NPX_1385,325277,200,200,-200
07/23/2019 13:50,SCH - NPX_CSC,325154,100,330,-330
07/23/2019 13:50,SCH - OH - NY,23317,774.07,1450,-1700
07/23/2019 13:50,SCH - PJ - NY,23316,330.59,2050,-1150
07/23/2019 13:50,SCH - PJM_HTP,325905,262,660,-660
07/23/2019 13:50,SCH - PJM_NEPTUNE,325305,660,660,-660
07/23/2019 13:50,SCH - PJM_VFT,325658,315,315,-315
07/23/2019 13:50,SPR/DUN-SOUTH,23320,3885.23,4350,-9999
07/23/2019 13:50,TOTAL EAST,23314,3269.92,6800,-9999
07/23/2019 13:50,UPNY CONED,23315,3734.84,5700,-9999
07/23/2019 13:50,WEST CENTRAL,23312,-133.09,9999,-9999
07/23/2019 13:55,CENTRAL EAST - VC,23330,1885.16,2690,-9999
07/23/2019 13:55,DYSINGER EAST,23326,589.69,3150,-9999
07/23/2019 13:55,MOSES SOUTH,23319,2154.09,3150,-1600
07/23/2019 13:55,SCH - HQ - NY,23324,1500,1500,-800
07/23/2019 13:55,SCH - HQ_CEDARS,325274,190,190,-40
07/23/2019 13:55,SCH - HQ_IMPORT_EXPORT,325376,1200,1310,-9999
07/23/2019 13:55,SCH - NE - NY,23318,-203.08,1400,-1600
07/23/2019 13:55,SCH - NPX_1385,325277,200,200,-200
07/23/2019 13:55,SCH - NPX_CSC,325154,100,330,-330
07/23/2019 13:55,SCH - OH - NY,23317,774,1450,-1700
07/23/2019 13:55,SCH - PJ - NY,23316,326.48,2050,-1150
07/23/2019 13:55,SCH - PJM_HTP,325905,262,660,-660
07/23/2019 13:55,SCH - PJM_NEPTUNE,325305,660,660,-660
07/23/2019 13:55,SCH - PJM_VFT,325658,315,315,-315
07/23/2019 13:55,SPR/DUN-SOUTH,23320,3844.84,4350,-9999
07/23/2019 13:55,TOTAL EAST,23314,3210.53,6800,-9999
07/23/2019 13:55,UPNY CONED,23315,3664.98,5700,-9999
07/23/2019 13:55,WEST CENTRAL,23312,-262.26,9999,-9999
07/23/2019 14:00,CENTRAL EAST - VC,23330,1950.22,2690,-9999
07/23/2019 14:00,DYSINGER EAST,23326,709.24,3150,-9999
07/23/2019 14:00,MOSES SOUTH,23319,2137.29,3150,-1600
07/23/2019 14:00,SCH - HQ - NY,23324,1500,1500,-800
07/23/2019 14:00,SCH - HQ_CEDARS,325274,190,190,-40
07/23/2019 14:00,SCH - HQ_IMPORT_EXPORT,325376,1200,1310,-9999
07/23/2019 14:00,SCH - NE - NY,23318,-143.11,1400,-1600
07/23/2019 14:00,SCH - NPX_1385,325277,169,200,-200
07/23/2019 14:00,SCH - NPX_CSC,325154,157,330,-330
07/23/2019 14:00,SCH - OH - NY,23317,749,1450,-1700
07/23/2019 14:00,SCH - PJ - NY,23316,361.79,2050,-1150
07/23/2019 14:00,SCH - PJM_HTP,325905,276,660,-660
07/23/2019 14:00,SCH - PJM_NEPTUNE,325305,660,660,-660
07/23/2019 14:00,SCH - PJM_VFT,325658,315,315,-315
07/23/2019 14:00,SPR/DUN-SOUTH,23320,3969.8,4350,-9999
07/23/2019 14:00,TOTAL EAST,23314,3372.36,6800,-9999
07/23/2019 14:00,UPNY CONED,23315,3811.85,5700,-9999
07/23/2019 14:00,WEST CENTRAL,23312,-144.17,9999,-9999
07/23/2019 14:05,CENTRAL EAST - VC,23330,2050.98,2690,-9999
07/23/2019 14:05,DYSINGER EAST,23326,846.57,3150,-9999
07/23/2019 14:05,MOSES SOUTH,23319,2216.32,3150,-1600
07/23/2019 14:05,SCH - HQ - NY,23324,1500,1500,-800
07/23/2019 14:05,SCH - HQ_CEDARS,325274,190,190,-40
07/23/2019 14:05,SCH - HQ_IMPORT_EXPORT,325376,1200,1310,-9999
07/23/2019 14:05,SCH - NE - NY,23318,-83.25,1400,-1600
07/23/2019 14:05,SCH - NPX_1385,325277,139,200,-200
07/23/2019 14:05,SCH - NPX_CSC,325154,215,330,-330
07/23/2019 14:05,SCH - OH - NY,23317,724.21,1450,-1700
07/23/2019 14:05,SCH - PJ - NY,23316,413.29,2050,-1150
07/23/2019 14:05,SCH - PJM_HTP,325905,291,660,-660
07/23/2019 14:05,SCH - PJM_NEPTUNE,325305,660,660,-660
07/23/2019 14:05,SCH - PJM_VFT,325658,315,315,-315
07/23/2019 14:05,SPR/DUN-SOUTH,23320,3960.58,4350,-9999
07/23/2019 14:05,TOTAL EAST,23314,3428.47,6800,-9999
07/23/2019 14:05,UPNY CONED,23315,3793.23,5700,-9999
07/23/2019 14:05,WEST CENTRAL,23312,-8.59,9999,-9999
07/23/2019 14:10,CENTRAL EAST - VC,23330,1982.08,2690,-9999
07/23/2019 14:10,DYSINGER EAST,23326,685.98,3150,-9999
07/23/2019 14:10,MOSES SOUTH,23319,2235.84,3150,-1600
07/23/2019 14:10,SCH - HQ - NY,23324,1500,1500,-800
07/23/2019 14:10,SCH - HQ_CEDARS,325274,190,190,-40
07/23/2019 14:10,SCH - HQ_IMPORT_EXPORT,325376,1200,1310,-9999
07/23/2019 14:10,SCH - NE - NY,23318,-83.28,1400,-1600
07/23/2019 14:10,SCH - NPX_1385,325277,139,200,-200
07/23/2019 14:10,SCH - NPX_CSC,325154,215,330,-330
07/23/2019 14:10,SCH - OH - NY,23317,724.2,1450,-1700
07/23/2019 14:10,SCH - PJ - NY,23316,421.79,2050,-1150
07/23/2019 14:10,SCH - PJM_HTP,325905,291,660,-660
07/23/2019 14:10,SCH - PJM_NEPTUNE,325305,660,660,-660
07/23/2019 14:10,SCH - PJM_VFT,325658,315,315,-315
07/23/2019 14:10,SPR/DUN-SOUTH,23320,3983.25,4350,-9999
07/23/2019 14:10,TOTAL EAST,23314,3382.77,6800,-9999
07/23/2019 14:10,UPNY CONED,23315,3814.4,5700,-9999
07/23/2019 14:10,WEST CENTRAL,23312,-172.62,9999,-9999
07/23/2019 14:15,CENTRAL EAST - VC,23330,1959.05,2690,-9999
07/23/2019 14:15,DYSINGER EAST,23326,675.11,3150,-9999
07/23/2019 14:15,MOSES SOUTH,23319,2252.83,3150,-1600
07/23/2019 14:15,SCH - HQ - NY,23324,1500,1500,-800
07/23/2019 14:15,SCH - HQ_CEDARS,325274,190,190,-40
07/23/2019 14:15,SCH - HQ_IMPORT_EXPORT,325376,1200,1310,-9999
07/23/2019 14:15,SCH - NE - NY,23318,-83.37,1400,-1600
07/23/2019 14:15,SCH - NPX_1385,325277,139,200,-200
07/23/2019 14:15,SCH - NPX_CSC,325154,215,330,-330
07/23/2019 14:15,SCH - OH - NY,23317,724.13,1450,-1700
07/23/2019 14:15,SCH - PJ - NY,23316,397.96,2050,-1150
07/23/2019 14:15,SCH - PJM_HTP,325905,291,660,-660
07/23/2019 14:15,SCH - PJM_NEPTUNE,325305,660,660,-660
07/23/2019 14:15,SCH - PJM_VFT,325658,315,315,-315
07/23/2019 14:15,SPR/DUN-SOUTH,23320,3984.13,4350,-9999
07/23/2019 14:15,TOTAL EAST,23314,3362.8,6800,-9999
07/23/2019 14:15,UPNY CONED,23315,3830.98,5700,-9999
07/23/2019 14:15,WEST CENTRAL,23312,-183.88,9999,-9999
07/23/2019 14:20,CENTRAL EAST - VC,23330,1977.79,2690,-9999
07/23/2019 14:20,DYSINGER EAST,23326,746.72,3150,-9999
07/23/2019 14:20,MOSES SOUTH,23319,2224.56,3150,-1600
07/23/2019 14:20,SCH - HQ - NY,23324,1500,1500,-800
07/23/2019 14:20,SCH - HQ_CEDARS,325274,190,190,-40
07/23/2019 14:20,SCH - HQ_IMPORT_EXPORT,325376,1200,1310,-9999
07/23/2019 14:20,SCH - NE - NY,23318,-83.29,1400,-1600
07/23/2019 14:20,SCH - NPX_1385,325277,139,200,-200
07/23/2019 14:20,SCH - NPX_CSC,325154,215,330,-330
07/23/2019 14:20,SCH - OH - NY,23317,724.17,1450,-1700
07/23/2019 14:20,SCH - PJ - NY,23316,371.85,2050,-1150
07/23/2019 14:20,SCH - PJM_HTP,325905,291,660,-660
07/23/2019 14:20,SCH - PJM_NEPTUNE,325305,660,660,-660
07/23/2019 14:20,SCH - PJM_VFT,325658,315,315,-315
07/23/2019 14:20,SPR/DUN-SOUTH,23320,3989.67,4350,-9999
07/23/2019 14:20,TOTAL EAST,23314,3420.28,6800,-9999
07/23/2019 14:20,UPNY CONED,23315,3852.98,5700,-9999
07/23/2019 14:20,WEST CENTRAL,23312,-110.7,9999,-9999
07/23/2019 14:25,CENTRAL EAST - VC,23330,2054.04,2690,-9999
07/23/2019 14:25,DYSINGER EAST,23326,866.26,3150,-9999
07/23/2019 14:25,MOSES SOUTH,23319,2197.69,3150,-1600
07/23/2019 14:25,SCH - HQ - NY,23324,1500,1500,-800
07/23/2019 14:25,SCH - HQ_CEDARS,325274,190,190,-40
07/23/2019 14:25,SCH - HQ_IMPORT_EXPORT,325376,1200,1310,-9999
07/23/2019 14:25,SCH - NE - NY,23318,-83.23,1400,-1600
07/23/2019 14:25,SCH - NPX_1385,325277,139,200,-200
07/23/2019 14:25,SCH - NPX_CSC,325154,215,330,-330
07/23/2019 14:25,SCH - OH - NY,23317,724.15,1450,-1700
07/23/2019 14:25,SCH - PJ - NY,23316,371.24,2050,-1150
07/23/2019 14:25,SCH - PJM_HTP,325905,291,660,-660
07/23/2019 14:25,SCH - PJM_NEPTUNE,325305,660,660,-660
07/23/2019 14:25,SCH - PJM_VFT,325658,315,315,-315
07/23/2019 14:25,SPR/DUN-SOUTH,23320,3985.05,4350,-9999
07/23/2019 14:25,TOTAL EAST,23314,3519.17,6800,-9999
07/23/2019 14:25,UPNY CONED,23315,3848.83,5700,-9999
07/23/2019 14:25,WEST CENTRAL,23312,9.65,9999,-9999
07/23/2019 14:30,CENTRAL EAST - VC,23330,1995.97,2690,-9999
07/23/2019 14:30,DYSINGER EAST,23326,779.45,3150,-9999
07/23/2019 14:30,MOSES SOUTH,23319,2205.3,3150,-1600
07/23/2019 14:30,SCH - HQ - NY,23324,1500,1500,-800
07/23/2019 14:30,SCH - HQ_CEDARS,325274,190,190,-40
07/23/2019 14:30,SCH - HQ_IMPORT_EXPORT,325376,1200,1310,-9999
07/23/2019 14:30,SCH - NE - NY,23318,-85.28,1400,-1600
07/23/2019 14:30,SCH - NPX_1385,325277,139,200,-200
07/23/2019 14:30,SCH - NPX_CSC,325154,215,330,-330
07/23/2019 14:30,SCH - OH - NY,23317,724.13,1450,-1700
07/23/2019 14:30,SCH - PJ - NY,23316,399.99,2050,-1150
07/23/2019 14:30,SCH - PJM_HTP,325905,291,660,-660
07/23/2019 14:30,SCH - PJM_NEPTUNE,325305,660,660,-660
07/23/2019 14:30,SCH - PJM_VFT,325658,315,315,-315
07/23/2019 14:30,SPR/DUN-SOUTH,23320,3992.5,4350,-9999
07/23/2019 14:30,TOTAL EAST,23314,3452.36,6800,-9999
07/23/2019 14:30,UPNY CONED,23315,3859.42,5700,-9999
07/23/2019 14:30,WEST CENTRAL,23312,-77.53,9999,-9999
07/23/2019 14:35,CENTRAL EAST - VC,23330,2005.52,2690,-9999
07/23/2019 14:35,DYSINGER EAST,23326,742.41,3150,-9999
07/23/2019 14:35,MOSES SOUTH,23319,2229.1,3150,-1600
07/23/2019 14:35,SCH - HQ - NY,23324,1500,1500,-800
07/23/2019 14:35,SCH - HQ_CEDARS,325274,190,190,-40
07/23/2019 14:35,SCH - HQ_IMPORT_EXPORT,325376,1200,1310,-9999
07/23/2019 14:35,SCH - NE - NY,23318,-87.23,1400,-1600
07/23/2019 14:35,SCH - NPX_1385,325277,139,200,-200
07/23/2019 14:35,SCH - NPX_CSC,325154,215,330,-330
07/23/2019 14:35,SCH - OH - NY,23317,724.03,1450,-1700
07/23/2019 14:35,SCH - PJ - NY,23316,436.1,2050,-1150
07/23/2019 14:35,SCH - PJM_HTP,325905,291,660,-660
07/23/2019 14:35,SCH - PJM_NEPTUNE,325305,660,660,-660
07/23/2019 14:35,SCH - PJM_VFT,325658,315,315,-315
07/23/2019 14:35,SPR/DUN-SOUTH,23320,3979.65,4350,-9999
07/23/2019 14:35,TOTAL EAST,23314,3487.97,6800,-9999
07/23/2019 14:35,UPNY CONED,23315,3848.07,5700,-9999
07/23/2019 14:35,WEST CENTRAL,23312,-116.58,9999,-9999
07/23/2019 14:40,CENTRAL EAST - VC,23330,2103.91,2690,-9999
07/23/2019 14:40,DYSINGER EAST,23326,900.57,3150,-9999
07/23/2019 14:40,MOSES SOUTH,23319,2190.01,3150,-1600
07/23/2019 14:40,SCH - HQ - NY,23324,1500,1500,-800
07/23/2019 14:40,SCH - HQ_CEDARS,325274,190,190,-40
07/23/2019 14:40,SCH - HQ_IMPORT_EXPORT,325376,1200,1310,-9999
07/23/2019 14:40,SCH - NE - NY,23318,-87.21,1400,-1600
07/23/2019 14:40,SCH - NPX_1385,325277,139,200,-200
07/23/2019 14:40,SCH - NPX_CSC,325154,215,330,-330
07/23/2019 14:40,SCH - OH - NY,23317,724.14,1450,-1700
07/23/2019 14:40,SCH - PJ - NY,23316,427.31,2050,-1150
07/23/2019 14:40,SCH - PJM_HTP,325905,291,660,-660
07/23/2019 14:40,SCH - PJM_NEPTUNE,325305,660,660,-660
07/23/2019 14:40,SCH - PJM_VFT,325658,315,315,-315
07/23/2019 14:40,SPR/DUN-SOUTH,23320,3988.85,4350,-9999
07/23/2019 14:40,TOTAL EAST,23314,3622.16,6800,-9999
07/23/2019 14:40,UPNY CONED,23315,3853.64,5700,-9999
07/23/2019 14:40,WEST CENTRAL,23312,39.2,9999,-9999
07/23/2019 14:45,CENTRAL EAST - VC,23330,2071.4,2690,-9999
07/23/2019 14:45,DYSINGER EAST,23326,841.19,3150,-9999
07/23/2019 14:45,MOSES SOUTH,23319,2217.11,3150,-1600
07/23/2019 14:45,SCH - HQ - NY,23324,1500,1500,-800
07/23/2019 14:45,SCH - HQ_CEDARS,325274,190,190,-40
07/23/2019 14:45,SCH - HQ_IMPORT_EXPORT,325376,1200,1310,-9999
07/23/2019 14:45,SCH - NE - NY,23318,-113.14,1400,-1600
07/23/2019 14:45,SCH - NPX_1385,325277,139,200,-200
07/23/2019 14:45,SCH - NPX_CSC,325154,215,330,-330
07/23/2019 14:45,SCH - OH - NY,23317,724.11,1450,-1700
07/23/2019 14:45,SCH - PJ - NY,23316,419.08,2050,-1150
07/23/2019 14:45,SCH - PJM_HTP,325905,291,660,-660
07/23/2019 14:45,SCH - PJM_NEPTUNE,325305,660,660,-660
07/23/2019 14:45,SCH - PJM_VFT,325658,315,315,-315
07/23/2019 14:45,SPR/DUN-SOUTH,23320,3970.05,4350,-9999
07/23/2019 14:45,TOTAL EAST,23314,3573.66,6800,-9999
07/23/2019 14:45,UPNY CONED,23315,3833.61,5700,-9999
07/23/2019 14:45,WEST CENTRAL,23312,-21.48,9999,-9999
07/23/2019 14:50,CENTRAL EAST - VC,23330,1986.33,2690,-9999
07/23/2019 14:50,DYSINGER EAST,23326,695.89,3150,-9999
07/23/2019 14:50,MOSES SOUTH,23319,2245.31,3150,-1600
07/23/2019 14:50,SCH - HQ - NY,23324,1500,1500,-800
07/23/2019 14:50,SCH - HQ_CEDARS,325274,190,190,-40
07/23/2019 14:50,SCH - HQ_IMPORT_EXPORT,325376,1200,1310,-9999
07/23/2019 14:50,SCH - NE - NY,23318,-140.14,1400,-1600
07/23/2019 14:50,SCH - NPX_1385,325277,139,200,-200
07/23/2019 14:50,SCH - NPX_CSC,325154,215,330,-330
07/23/2019 14:50,SCH - OH - NY,23317,724.07,1450,-1700
07/23/2019 14:50,SCH - PJ - NY,23316,419.61,2050,-1150
07/23/2019 14:50,SCH - PJM_HTP,325905,291,660,-660
07/23/2019 14:50,SCH - PJM_NEPTUNE,325305,660,660,-660
07/23/2019 14:50,SCH - PJM_VFT,325658,315,315,-315
07/23/2019 14:50,SPR/DUN-SOUTH,23320,3864.56,4350,-9999
07/23/2019 14:50,TOTAL EAST,23314,3407.41,6800,-9999
07/23/2019 14:50,UPNY CONED,23315,3736.08,5700,-9999
07/23/2019 14:50,WEST CENTRAL,23312,-173.27,9999,-9999
07/23/2019 14:55,CENTRAL EAST - VC,23330,2042.25,2690,-9999
07/23/2019 14:55,DYSINGER EAST,23326,825.82,3150,-9999
07/23/2019 14:55,MOSES SOUTH,23319,2211.78,3150,-1600
07/23/2019 14:55,SCH - HQ - NY,23324,1500,1500,-800
07/23/2019 14:55,SCH - HQ_CEDARS,325274,190,190,-40
07/23/2019 14:55,SCH - HQ_IMPORT_EXPORT,325376,1200,1310,-9999
07/23/2019 14:55,SCH - NE - NY,23318,-140.15,1400,-1600
07/23/2019 14:55,SCH - NPX_1385,325277,139,200,-200
07/23/2019 14:55,SCH - NPX_CSC,325154,215,330,-330
07/23/2019 14:55,SCH - OH - NY,23317,724.07,1450,-1700
07/23/2019 14:55,SCH - PJ - NY,23316,404.98,2050,-1150
07/23/2019 14:55,SCH - PJM_HTP,325905,291,660,-660
07/23/2019 14:55,SCH - PJM_NEPTUNE,325305,660,660,-660
07/23/2019 14:55,SCH - PJM_VFT,325658,315,315,-315
07/23/2019 14:55,SPR/DUN-SOUTH,23320,3953.76,4350,-9999
07/23/2019 14:55,TOTAL EAST,23314,3553.78,6800,-9999
07/23/2019 14:55,UPNY CONED,23315,3820.18,5700,-9999
07/23/2019 14:55,WEST CENTRAL,23312,-44.21,9999,-9999
07/23/2019 15:00,CENTRAL EAST - VC,23330,1984.1,2690,-9999
07/23/2019 15:00,DYSINGER EAST,23326,693.5,3150,-9999
07/23/2019 15:00,MOSES SOUTH,23319,2201.55,3150,-1600
07/23/2019 15:00,SCH - HQ - NY,23324,1500,1500,-800
07/23/2019 15:00,SCH - HQ_CEDARS,325274,190,190,-40
07/23/2019 15:00,SCH - HQ_IMPORT_EXPORT,325376,1200,1310,-9999
07/23/2019 15:00,SCH - NE - NY,23318,-174.1,1400,-1600
07/23/2019 15:00,SCH - NPX_1385,325277,121,200,-200
07/23/2019 15:00,SCH - NPX_CSC,325154,272,330,-330
07/23/2019 15:00,SCH - OH - NY,23317,674.24,1450,-1700
07/23/2019 15:00,SCH - PJ - NY,23316,416.5,2050,-1150
07/23/2019 15:00,SCH - PJM_HTP,325905,248,660,-660
07/23/2019 15:00,SCH - PJM_NEPTUNE,325305,660,660,-660
07/23/2019 15:00,SCH - PJM_VFT,325658,315,315,-315
07/23/2019 15:00,SPR/DUN-SOUTH,23320,3906.93,4350,-9999
07/23/2019 15:00,TOTAL EAST,23314,3375.72,6800,-9999
07/23/2019 15:00,UPNY CONED,23315,3726.15,5700,-9999
07/23/2019 15:00,WEST CENTRAL,23312,-178.31,9999,-9999
07/23/2019 15:05,CENTRAL EAST - VC,23330,1913.13,2690,-9999
07/23/2019 15:05,DYSINGER EAST,23326,582.08,3150,-9999
07/23/2019 15:05,MOSES SOUTH,23319,2215.99,3150,-1600
07/23/2019 15:05,SCH - HQ - NY,23324,1500,1500,-800
07/23/2019 15:05,SCH - HQ_CEDARS,325274,190,190,-40
07/23/2019 15:05,SCH - HQ_IMPORT_EXPORT,325376,1200,1310,-9999
07/23/2019 15:05,SCH - NE - NY,23318,-209.03,1400,-1600
07/23/2019 15:05,SCH - NPX_1385,325277,104,200,-200
07/23/2019 15:05,SCH - NPX_CSC,325154,330,330,-330
07/23/2019 15:05,SCH - OH - NY,23317,624.3,1450,-1700
07/23/2019 15:05,SCH - PJ - NY,23316,400.05,2050,-1150
07/23/2019 15:05,SCH - PJM_HTP,325905,205,660,-660
07/23/2019 15:05,SCH - PJM_NEPTUNE,325305,660,660,-660
07/23/2019 15:05,SCH - PJM_VFT,325658,315,315,-315
07/23/2019 15:05,SPR/DUN-SOUTH,23320,3863.97,4350,-9999
07/23/2019 15:05,TOTAL EAST,23314,3277.86,6800,-9999
07/23/2019 15:05,UPNY CONED,23315,3654.2,5700,-9999
07/23/2019 15:05,WEST CENTRAL,23312,-287.68,9999,-9999
07/23/2019 15:10,CENTRAL EAST - VC,23330,1929.55,2690,-9999
07/23/2019 15:10,DYSINGER EAST,23326,622.44,3150,-9999
07/23/2019 15:10,MOSES SOUTH,23319,2184.82,3150,-1600
07/23/2019 15:10,SCH - HQ - NY,23324,1500,1500,-800
07/23/2019 15:10,SCH - HQ_CEDARS,325274,190,190,-40
07/23/2019 15:10,SCH - HQ_IMPORT_EXPORT,325376,1200,1310,-9999
07/23/2019 15:10,SCH - NE - NY,23318,-208.89,1400,-1600
07/23/2019 15:10,SCH - NPX_1385,325277,104,200,-200
07/23/2019 15:10,SCH - NPX_CSC,325154,330,330,-330
07/23/2019 15:10,SCH - OH - NY,23317,624.33,1450,-1700
07/23/2019 15:10,SCH - PJ - NY,23316,398.11,2050,-1150
07/23/2019 15:10,SCH - PJM_HTP,325905,205,660,-660
07/23/2019 15:10,SCH - PJM_NEPTUNE,325305,660,660,-660
07/23/2019 15:10,SCH - PJM_VFT,325658,315,315,-315
07/23/2019 15:10,SPR/DUN-SOUTH,23320,3863.09,4350,-9999
07/23/2019 15:10,TOTAL EAST,23314,3279.16,6800,-9999
07/23/2019 15:10,UPNY CONED,23315,3671.86,5700,-9999
07/23/2019 15:10,WEST CENTRAL,23312,-247.46,9999,-9999
07/23/2019 15:15,CENTRAL EAST - VC,23330,1968.48,2690,-9999
07/23/2019 15:15,DYSINGER EAST,23326,723.1,3150,-9999
07/23/2019 15:15,MOSES SOUTH,23319,2166.47,3150,-1600
07/23/2019 15:15,SCH - HQ - NY,23324,1500,1500,-800
07/23/2019 15:15,SCH - HQ_CEDARS,325274,190,190,-40
07/23/2019 15:15,SCH - HQ_IMPORT_EXPORT,325376,1200,1310,-9999
07/23/2019 15:15,SCH - NE - NY,23318,-134.05,1400,-1600
07/23/2019 15:15,SCH - NPX_1385,325277,104,200,-200
07/23/2019 15:15,SCH - NPX_CSC,325154,330,330,-330
07/23/2019 15:15,SCH - OH - NY,23317,624.43,1450,-1700
07/23/2019 15:15,SCH - PJ - NY,23316,398.44,2050,-1150
07/23/2019 15:15,SCH - PJM_HTP,325905,205,660,-660
07/23/2019 15:15,SCH - PJM_NEPTUNE,325305,660,660,-660
07/23/2019 15:15,SCH - PJM_VFT,325658,315,315,-315
07/23/2019 15:15,SPR/DUN-SOUTH,23320,3912.6,4350,-9999
07/23/2019 15:15,TOTAL EAST,23314,3268.62,6800,-9999
07/23/2019 15:15,UPNY CONED,23315,3743.71,5700,-9999
07/23/2019 15:15,WEST CENTRAL,23312,-145.49,9999,-9999
07/23/2019 15:20,CENTRAL EAST - VC,23330,1981.54,2690,-9999
07/23/2019 15:20,DYSINGER EAST,23326,830.75,3150,-9999
07/23/2019 15:20,MOSES SOUTH,23319,2138.58,3150,-1600
07/23/2019 15:20,SCH - HQ - NY,23324,1500,1500,-800
07/23/2019 15:20,SCH - HQ_CEDARS,325274,190,190,-40
07/23/2019 15:20,SCH - HQ_IMPORT_EXPORT,325376,1200,1310,-9999
07/23/2019 15:20,SCH - NE - NY,23318,-59.53,1400,-1600
07/23/2019 15:20,SCH - NPX_1385,325277,104,200,-200
07/23/2019 15:20,SCH - NPX_CSC,325154,330,330,-330
07/23/2019 15:20,SCH - OH - NY,23317,624.4,1450,-1700
07/23/2019 15:20,SCH - PJ - NY,23316,386.08,2050,-1150
07/23/2019 15:20,SCH - PJM_HTP,325905,205,660,-660
07/23/2019 15:20,SCH - PJM_NEPTUNE,325305,660,660,-660
07/23/2019 15:20,SCH - PJM_VFT,325658,315,315,-315
07/23/2019 15:20,SPR/DUN-SOUTH,23320,3968.52,4350,-9999
07/23/2019 15:20,TOTAL EAST,23314,3415.53,6800,-9999
07/23/2019 15:20,UPNY CONED,23315,3817.45,5700,-9999
07/23/2019 15:20,WEST CENTRAL,23312,-37.19,9999,-9999
07/23/2019 15:25,CENTRAL EAST - VC,23330,1988.94,2690,-9999
07/23/2019 15:25,DYSINGER EAST,23326,836.56,3150,-9999
07/23/2019 15:25,MOSES SOUTH,23319,2151.22,3150,-1600
07/23/2019 15:25,SCH - HQ - NY,23324,1500,1500,-800
07/23/2019 15:25,SCH - HQ_CEDARS,325274,190,190,-40
07/23/2019 15:25,SCH - HQ_IMPORT_EXPORT,325376,1200,1310,-9999
07/23/2019 15:25,SCH - NE - NY,23318,-59.59,1400,-1600
07/23/2019 15:25,SCH - NPX_1385,325277,104,200,-200
07/23/2019 15:25,SCH - NPX_CSC,325154,330,330,-330
07/23/2019 15:25,SCH - OH - NY,23317,624.36,1450,-1700
07/23/2019 15:25,SCH - PJ - NY,23316,384.24,2050,-1150
07/23/2019 15:25,SCH - PJM_HTP,325905,205,660,-660
07/23/2019 15:25,SCH - PJM_NEPTUNE,325305,660,660,-660
07/23/2019 15:25,SCH - PJM_VFT,325658,315,315,-315
07/23/2019 15:25,SPR/DUN-SOUTH,23320,3979.74,4350,-9999
07/23/2019 15:25,TOTAL EAST,23314,3446.83,6800,-9999
07/23/2019 15:25,UPNY CONED,23315,3821.14,5700,-9999
07/23/2019 15:25,WEST CENTRAL,23312,-32.41,9999,-9999
07/23/2019 15:30,CENTRAL EAST - VC,23330,2040.72,2690,-9999
07/23/2019 15:30,DYSINGER EAST,23326,880.36,3150,-9999
07/23/2019 15:30,MOSES SOUTH,23319,2136.82,3150,-1600
07/23/2019 15:30,SCH - HQ - NY,23324,1500,1500,-800
07/23/2019 15:30,SCH - HQ_CEDARS,325274,190,190,-40
07/23/2019 15:30,SCH - HQ_IMPORT_EXPORT,325376,1200,1310,-9999
07/23/2019 15:30,SCH - NE - NY,23318,-37.4,1400,-1600
07/23/2019 15:30,SCH - NPX_1385,325277,104,200,-200
07/23/2019 15:30,SCH - NPX_CSC,325154,330,330,-330
07/23/2019 15:30,SCH - OH - NY,23317,624.4,1450,-1700
07/23/2019 15:30,SCH - PJ - NY,23316,414.13,2050,-1150
07/23/2019 15:30,SCH - PJM_HTP,325905,205,660,-660
07/23/2019 15:30,SCH - PJM_NEPTUNE,325305,660,660,-660
07/23/2019 15:30,SCH - PJM_VFT,325658,315,315,-315
07/23/2019 15:30,SPR/DUN-SOUTH,23320,3991.07,4350,-9999
07/23/2019 15:30,TOTAL EAST,23314,3487.03,6800,-9999
07/23/2019 15:30,UPNY CONED,23315,3782.78,5700,-9999
07/23/2019 15:30,WEST CENTRAL,23312,9.64,9999,-9999
07/23/2019 15:35,CENTRAL EAST - VC,23330,2054.25,2690,-9999
07/23/2019 15:35,DYSINGER EAST,23326,863.13,3150,-9999
07/23/2019 15:35,MOSES SOUTH,23319,2127.25,3150,-1600
07/23/2019 15:35,SCH - HQ - NY,23324,1500,1500,-800
07/23/2019 15:35,SCH - HQ_CEDARS,325274,190,190,-40
07/23/2019 15:35,SCH - HQ_IMPORT_EXPORT,325376,1200,1310,-9999
07/23/2019 15:35,SCH - NE - NY,23318,-15.4,1400,-1600
07/23/2019 15:35,SCH - NPX_1385,325277,104,200,-200
07/23/2019 15:35,SCH - NPX_CSC,325154,330,330,-330
07/23/2019 15:35,SCH - OH - NY,23317,624.32,1450,-1700
07/23/2019 15:35,SCH - PJ - NY,23316,448.46,2050,-1150
07/23/2019 15:35,SCH - PJM_HTP,325905,205,660,-660
07/23/2019 15:35,SCH - PJM_NEPTUNE,325305,660,660,-660
07/23/2019 15:35,SCH - PJM_VFT,325658,315,315,-315
07/23/2019 15:35,SPR/DUN-SOUTH,23320,4046.95,4350,-9999
07/23/2019 15:35,TOTAL EAST,23314,3557.96,6800,-9999
07/23/2019 15:35,UPNY CONED,23315,3844.3,5700,-9999
07/23/2019 15:35,WEST CENTRAL,23312,-8.34,9999,-9999
07/23/2019 15:40,CENTRAL EAST - VC,23330,2059.24,2690,-9999
07/23/2019 15:40,DYSINGER EAST,23326,842.25,3150,-9999
07/23/2019 15:40,MOSES SOUTH,23319,2148.01,3150,-1600
07/23/2019 15:40,SCH - HQ - NY,23324,1500,1500,-800
07/23/2019 15:40,SCH - HQ_CEDARS,325274,190,190,-40
07/23/2019 15:40,SCH - HQ_IMPORT_EXPORT,325376,1200,1310,-9999
07/23/2019 15:40,SCH - NE - NY,23318,-15.55,1400,-1600
07/23/2019 15:40,SCH - NPX_1385,325277,104,200,-200
07/23/2019 15:40,SCH - NPX_CSC,325154,330,330,-330
07/23/2019 15:40,SCH - OH - NY,23317,624.32,1450,-1700
07/23/2019 15:40,SCH - PJ - NY,23316,450.58,2050,-1150
07/23/2019 15:40,SCH - PJM_HTP,325905,205,660,-660
07/23/2019 15:40,SCH - PJM_NEPTUNE,325305,660,660,-660
07/23/2019 15:40,SCH - PJM_VFT,325658,315,315,-315
07/23/2019 15:40,SPR/DUN-SOUTH,23320,4030.04,4350,-9999
07/23/2019 15:40,TOTAL EAST,23314,3558.29,6800,-9999
07/23/2019 15:40,UPNY CONED,23315,3812.05,5700,-9999
07/23/2019 15:40,WEST CENTRAL,23312,-29.24,9999,-9999
07/23/2019 15:45,CENTRAL EAST - VC,23330,2042.29,2690,-9999
07/23/2019 15:45,DYSINGER EAST,23326,817.58,3150,-9999
07/23/2019 15:45,MOSES SOUTH,23319,2189.81,3150,-1600
07/23/2019 15:45,SCH - HQ - NY,23324,1500,1500,-800
07/23/2019 15:45,SCH - HQ_CEDARS,325274,190,190,-40
07/23/2019 15:45,SCH - HQ_IMPORT_EXPORT,325376,1200,1310,-9999
07/23/2019 15:45,SCH - NE - NY,23318,-15.48,1400,-1600
07/23/2019 15:45,SCH - NPX_1385,325277,104,200,-200
07/23/2019 15:45,SCH - NPX_CSC,325154,330,330,-330
07/23/2019 15:45,SCH - OH - NY,23317,624.34,1450,-1700
07/23/2019 15:45,SCH - PJ - NY,23316,414.05,2050,-1150
07/23/2019 15:45,SCH - PJM_HTP,325905,209,660,-660
07/23/2019 15:45,SCH - PJM_NEPTUNE,325305,660,660,-660
07/23/2019 15:45,SCH - PJM_VFT,325658,315,315,-315
07/23/2019 15:45,SPR/DUN-SOUTH,23320,4052.34,4350,-9999
07/23/2019 15:45,TOTAL EAST,23314,3506.26,6800,-9999
07/23/2019 15:45,UPNY CONED,23315,3865.54,5700,-9999
07/23/2019 15:45,WEST CENTRAL,23312,-51.17,9999,-9999
07/23/2019 15:50,CENTRAL EAST - VC,23330,1984.75,2690,-9999
07/23/2019 15:50,DYSINGER EAST,23326,735.16,3150,-9999
07/23/2019 15:50,MOSES SOUTH,23319,2190.82,3150,-1600
07/23/2019 15:50,SCH - HQ - NY,23324,1500,1500,-800
07/23/2019 15:50,SCH - HQ_CEDARS,325274,190,190,-40
07/23/2019 15:50,SCH - HQ_IMPORT_EXPORT,325376,1200,1310,-9999
07/23/2019 15:50,SCH - NE - NY,23318,-15.48,1400,-1600
07/23/2019 15:50,SCH - NPX_1385,325277,104,200,-200
07/23/2019 15:50,SCH - NPX_CSC,325154,330,330,-330
07/23/2019 15:50,SCH - OH - NY,23317,624.37,1450,-1700
07/23/2019 15:50,SCH - PJ - NY,23316,395.79,2050,-1150
07/23/2019 15:50,SCH - PJM_HTP,325905,213,660,-660
07/23/2019 15:50,SCH - PJM_NEPTUNE,325305,660,660,-660
07/23/2019 15:50,SCH - PJM_VFT,325658,315,315,-315
07/23/2019 15:50,SPR/DUN-SOUTH,23320,3973.91,4350,-9999
07/23/2019 15:50,TOTAL EAST,23314,3365.84,6800,-9999
07/23/2019 15:50,UPNY CONED,23315,3773.09,5700,-9999
07/23/2019 15:50,WEST CENTRAL,23312,-136.41,9999,-9999
07/23/2019 15:55,CENTRAL EAST - VC,23330,2058.73,2690,-9999
07/23/2019 15:55,DYSINGER EAST,23326,871.99,3150,-9999
07/23/2019 15:55,MOSES SOUTH,23319,2162.08,3150,-1600
07/23/2019 15:55,SCH - HQ - NY,23324,1500,1500,-800
07/23/2019 15:55,SCH - HQ_CEDARS,325274,190,190,-40
07/23/2019 15:55,SCH - HQ_IMPORT_EXPORT,325376,1200,1310,-9999
07/23/2019 15:55,SCH - NE - NY,23318,-15.44,1400,-1600
07/23/2019 15:55,SCH - NPX_1385,325277,104,200,-200
07/23/2019 15:55,SCH - NPX_CSC,325154,330,330,-330
07/23/2019 15:55,SCH - OH - NY,23317,624.37,1450,-1700
07/23/2019 15:55,SCH - PJ - NY,23316,385.17,2050,-1150
07/23/2019 15:55,SCH - PJM_HTP,325905,213,660,-660
07/23/2019 15:55,SCH - PJM_NEPTUNE,325305,660,660,-660
07/23/2019 15:55,SCH - PJM_VFT,325658,315,315,-315
07/23/2019 15:55,SPR/DUN-SOUTH,23320,4039.19,4350,-9999
07/23/2019 15:55,TOTAL EAST,23314,3510.87,6800,-9999
07/23/2019 15:55,UPNY CONED,23315,3824.88,5700,-9999
07/23/2019 15:55,WEST CENTRAL,23312,1.54,9999,-9999
07/23/2019 16:00,CENTRAL EAST - VC,23330,1979.14,2690,-9999
07/23/2019 16:00,DYSINGER EAST,23326,738.99,3150,-9999
07/23/2019 16:00,MOSES SOUTH,23319,2159.91,3150,-1600
07/23/2019 16:00,SCH - HQ - NY,23324,1500,1500,-800
07/23/2019 16:00,SCH - HQ_CEDARS,325274,190,190,-40
07/23/2019 16:00,SCH - HQ_IMPORT_EXPORT,325376,1200,1310,-9999
07/23/2019 16:00,SCH - NE - NY,23318,-88.34,1400,-1600
07/23/2019 16:00,SCH - NPX_1385,325277,119,200,-200
07/23/2019 16:00,SCH - NPX_CSC,325154,330,330,-330
07/23/2019 16:00,SCH - OH - NY,23317,586.52,1450,-1700
07/23/2019 16:00,SCH - PJ - NY,23316,315.44,2050,-1150
07/23/2019 16:00,SCH - PJM_HTP,325905,256,660,-660
07/23/2019 16:00,SCH - PJM_NEPTUNE,325305,660,660,-660
07/23/2019 16:00,SCH - PJM_VFT,325658,315,315,-315
07/23/2019 16:00,SPR/DUN-SOUTH,23320,3907.98,4350,-9999
07/23/2019 16:00,TOTAL EAST,23314,3260.45,6800,-9999
07/23/2019 16:00,UPNY CONED,23315,3664.74,5700,-9999
07/23/2019 16:00,WEST CENTRAL,23312,-130.47,9999,-9999
07/23/2019 16:05,CENTRAL EAST - VC,23330,1853.03,2690,-9999
07/23/2019 16:05,DYSINGER EAST,23326,538.93,3150,-9999
07/23/2019 16:05,MOSES SOUTH,23319,2172.07,3150,-1600
07/23/2019 16:05,SCH - HQ - NY,23324,1500,1500,-800
07/23/2019 16:05,SCH - HQ_CEDARS,325274,190,190,-40
07/23/2019 16:05,SCH - HQ_IMPORT_EXPORT,325376,1200,1310,-9999
07/23/2019 16:05,SCH - NE - NY,23318,-161.07,1400,-1600
07/23/2019 16:05,SCH - NPX_1385,325277,135,200,-200
07/23/2019 16:05,SCH - NPX_CSC,325154,330,330,-330
07/23/2019 16:05,SCH - OH - NY,23317,549.48,1450,-1700
07/23/2019 16:05,SCH - PJ - NY,23316,237.85,2050,-1150
07/23/2019 16:05,SCH - PJM_HTP,325905,300,660,-660
07/23/2019 16:05,SCH - PJM_NEPTUNE,325305,660,660,-660
07/23/2019 16:05,SCH - PJM_VFT,325658,315,315,-315
07/23/2019 16:05,SPR/DUN-SOUTH,23320,3760.19,4350,-9999
07/23/2019 16:05,TOTAL EAST,23314,3028.76,6800,-9999
07/23/2019 16:05,UPNY CONED,23315,3487.44,5700,-9999
07/23/2019 16:05,WEST CENTRAL,23312,-330.32,9999,-9999
07/23/2019 16:10,CENTRAL EAST - VC,23330,1883.42,2690,-9999
07/23/2019 16:10,DYSINGER EAST,23326,599.18,3150,-9999
07/23/2019 16:10,MOSES SOUTH,23319,2145.92,3150,-1600
07/23/2019 16:10,SCH - HQ - NY,23324,1500,1500,-800
07/23/2019 16:10,SCH - HQ_CEDARS,325274,190,190,-40
07/23/2019 16:10,SCH - HQ_IMPORT_EXPORT,325376,1200,1310,-9999
07/23/2019 16:10,SCH - NE - NY,23318,-160.78,1400,-1600
07/23/2019 16:10,SCH - NPX_1385,325277,135,200,-200
07/23/2019 16:10,SCH - NPX_CSC,325154,330,330,-330
07/23/2019 16:10,SCH - OH - NY,23317,549.52,1450,-1700
07/23/2019 16:10,SCH - PJ - NY,23316,238.8,2050,-1150
07/23/2019 16:10,SCH - PJM_HTP,325905,300,660,-660
07/23/2019 16:10,SCH - PJM_NEPTUNE,325305,660,660,-660
07/23/2019 16:10,SCH - PJM_VFT,325658,315,315,-315
07/23/2019 16:10,SPR/DUN-SOUTH,23320,3779.66,4350,-9999
07/23/2019 16:10,TOTAL EAST,23314,3020.94,6800,-9999
07/23/2019 16:10,UPNY CONED,23315,3504.02,5700,-9999
07/23/2019 16:10,WEST CENTRAL,23312,-271.05,9999,-9999
07/23/2019 16:15,CENTRAL EAST - VC,23330,1905.63,2690,-9999
07/23/2019 16:15,DYSINGER EAST,23326,667.46,3150,-9999
07/23/2019 16:15,MOSES SOUTH,23319,2146.39,3150,-1600
07/23/2019 16:15,SCH - HQ - NY,23324,1500,1500,-800
07/23/2019 16:15,SCH - HQ_CEDARS,325274,190,190,-40
07/23/2019 16:15,SCH - HQ_IMPORT_EXPORT,325376,1200,1310,-9999
07/23/2019 16:15,SCH - NE - NY,23318,-123.2,1400,-1600
07/23/2019 16:15,SCH - NPX_1385,325277,135,200,-200
07/23/2019 16:15,SCH - NPX_CSC,325154,330,330,-330
07/23/2019 16:15,SCH - OH - NY,23317,549.56,1450,-1700
07/23/2019 16:15,SCH - PJ - NY,23316,286.26,2050,-1150
07/23/2019 16:15,SCH - PJM_HTP,325905,300,660,-660
07/23/2019 16:15,SCH - PJM_NEPTUNE,325305,660,660,-660
07/23/2019 16:15,SCH - PJM_VFT,325658,315,315,-315
07/23/2019 16:15,SPR/DUN-SOUTH,23320,3824.33,4350,-9999
07/23/2019 16:15,TOTAL EAST,23314,3091.19,6800,-9999
07/23/2019 16:15,UPNY CONED,23315,3614.27,5700,-9999
07/23/2019 16:15,WEST CENTRAL,23312,-200.49,9999,-9999
07/23/2019 16:20,CENTRAL EAST - VC,23330,1958.71,2690,-9999
07/23/2019 16:20,DYSINGER EAST,23326,730.7,3150,-9999
07/23/2019 16:20,MOSES SOUTH,23319,2145.42,3150,-1600
07/23/2019 16:20,SCH - HQ - NY,23324,1500,1500,-800
07/23/2019 16:20,SCH - HQ_CEDARS,325274,190,190,-40
07/23/2019 16:20,SCH - HQ_IMPORT_EXPORT,325376,1200,1310,-9999
07/23/2019 16:20,SCH - NE - NY,23318,-86.33,1400,-1600
07/23/2019 16:20,SCH - NPX_1385,325277,135,200,-200
07/23/2019 16:20,SCH - NPX_CSC,325154,330,330,-330
07/23/2019 16:20,SCH - OH - NY,23317,549.54,1450,-1700
07/23/2019 16:20,SCH - PJ - NY,23316,332.76,2050,-1150
07/23/2019 16:20,SCH - PJM_HTP,325905,300,660,-660
07/23/2019 16:20,SCH - PJM_NEPTUNE,325305,660,660,-660
07/23/2019 16:20,SCH - PJM_VFT,325658,315,315,-315
07/23/2019 16:20,SPR/DUN-SOUTH,23320,3868.15,4350,-9999
07/23/2019 16:20,TOTAL EAST,23314,3177.15,6800,-9999
07/23/2019 16:20,UPNY CONED,23315,3650.59,5700,-9999
07/23/2019 16:20,WEST CENTRAL,23312,-135.33,9999,-9999
07/23/2019 16:25,CENTRAL EAST - VC,23330,2010.5,2690,-9999
07/23/2019 16:25,DYSINGER EAST,23326,776.96,3150,-9999
07/23/2019 16:25,MOSES SOUTH,23319,2150.95,3150,-1600
07/23/2019 16:25,SCH - HQ - NY,23324,1500,1500,-800
07/23/2019 16:25,SCH - HQ_CEDARS,325274,190,190,-40
07/23/2019 16:25,SCH - HQ_IMPORT_EXPORT,325376,1200,1310,-9999
07/23/2019 16:25,SCH - NE - NY,23318,-86.24,1400,-1600
07/23/2019 16:25,SCH - NPX_1385,325277,135,200,-200
07/23/2019 16:25,SCH - NPX_CSC,325154,330,330,-330
07/23/2019 16:25,SCH - OH - NY,23317,549.56,1450,-1700
07/23/2019 16:25,SCH - PJ - NY,23316,348.79,2050,-1150
07/23/2019 16:25,SCH - PJM_HTP,325905,300,660,-660
07/23/2019 16:25,SCH - PJM_NEPTUNE,325305,660,660,-660
07/23/2019 16:25,SCH - PJM_VFT,325658,315,315,-315
07/23/2019 16:25,SPR/DUN-SOUTH,23320,3902.77,4350,-9999
07/23/2019 16:25,TOTAL EAST,23314,3198.01,6800,-9999
07/23/2019 16:25,UPNY CONED,23315,3690.2,5700,-9999
07/23/2019 16:25,WEST CENTRAL,23312,-87.36,9999,-9999
07/23/2019 16:30,CENTRAL EAST - VC,23330,2025.1,2690,-9999
07/23/2019 16:30,DYSINGER EAST,23326,806.38,3150,-9999
07/23/2019 16:30,MOSES SOUTH,23319,2157.51,3150,-1600
07/23/2019 16:30,SCH - HQ - NY,23324,1500,1500,-800
07/23/2019 16:30,SCH - HQ_CEDARS,325274,190,190,-40
07/23/2019 16:30,SCH - HQ_IMPORT_EXPORT,325376,1200,1310,-9999
07/23/2019 16:30,SCH - NE - NY,23318,-116.27,1400,-1600
07/23/2019 16:30,SCH - NPX_1385,325277,135,200,-200
07/23/2019 16:30,SCH - NPX_CSC,325154,330,330,-330
07/23/2019 16:30,SCH - OH - NY,23317,549.44,1450,-1700
07/23/2019 16:30,SCH - PJ - NY,23316,336.05,2050,-1150
07/23/2019 16:30,SCH - PJM_HTP,325905,300,660,-660
07/23/2019 16:30,SCH - PJM_NEPTUNE,325305,660,660,-660
07/23/2019 16:30,SCH - PJM_VFT,325658,315,315,-315
07/23/2019 16:30,SPR/DUN-SOUTH,23320,3931.55,4350,-9999
07/23/2019 16:30,TOTAL EAST,23314,3378.32,6800,-9999
07/23/2019 16:30,UPNY CONED,23315,3733.73,5700,-9999
07/23/2019 16:30,WEST CENTRAL,23312,-55.78,9999,-9999
07/23/2019 16:35,CENTRAL EAST - VC,23330,2014.64,2690,-9999
07/23/2019 16:35,DYSINGER EAST,23326,843.45,3150,-9999
07/23/2019 16:35,MOSES SOUTH,23319,2072.53,3150,-1600
07/23/2019 16:35,SCH - HQ - NY,23324,1500,1500,-800
07/23/2019 16:35,SCH - HQ_CEDARS,325274,190,190,-40
07/23/2019 16:35,SCH - HQ_IMPORT_EXPORT,325376,1200,1310,-9999
07/23/2019 16:35,SCH - NE - NY,23318,-146.11,1400,-1600
07/23/2019 16:35,SCH - NPX_1385,325277,135,200,-200
07/23/2019 16:35,SCH - NPX_CSC,325154,330,330,-330
07/23/2019 16:35,SCH - OH - NY,23317,549.32,1450,-1700
07/23/2019 16:35,SCH - PJ - NY,23316,339.08,2050,-1150
07/23/2019 16:35,SCH - PJM_HTP,325905,300,660,-660
07/23/2019 16:35,SCH - PJM_NEPTUNE,325305,660,660,-660
07/23/2019 16:35,SCH - PJM_VFT,325658,315,315,-315
07/23/2019 16:35,SPR/DUN-SOUTH,23320,3929.93,4350,-9999
07/23/2019 16:35,TOTAL EAST,23314,3454.78,6800,-9999
07/23/2019 16:35,UPNY CONED,23315,3728.74,5700,-9999
07/23/2019 16:35,WEST CENTRAL,23312,-14.38,9999,-9999
07/23/2019 16:40,CENTRAL EAST - VC,23330,1985.52,2690,-9999
07/23/2019 16:40,DYSINGER EAST,23326,760.6,3150,-9999
07/23/2019 16:40,MOSES SOUTH,23319,2096.21,3150,-1600
07/23/2019 16:40,SCH - HQ - NY,23324,1500,1500,-800
07/23/2019 16:40,SCH - HQ_CEDARS,325274,190,190,-40
07/23/2019 16:40,SCH - HQ_IMPORT_EXPORT,325376,1200,1310,-9999
07/23/2019 16:40,SCH - NE - NY,23318,-146.19,1400,-1600
07/23/2019 16:40,SCH - NPX_1385,325277,135,200,-200
07/23/2019 16:40,SCH - NPX_CSC,325154,330,330,-330
07/23/2019 16:40,SCH - OH - NY,23317,549.34,1450,-1700
07/23/2019 16:40,SCH - PJ - NY,23316,338.14,2050,-1150
07/23/2019 16:40,SCH - PJM_HTP,325905,300,660,-660
07/23/2019 16:40,SCH - PJM_NEPTUNE,325305,660,660,-660
07/23/2019 16:40,SCH - PJM_VFT,325658,315,315,-315
07/23/2019 16:40,SPR/DUN-SOUTH,23320,3905.96,4350,-9999
07/23/2019 16:40,TOTAL EAST,23314,3447.98,6800,-9999
07/23/2019 16:40,UPNY CONED,23315,3703.41,5700,-9999
07/23/2019 16:40,WEST CENTRAL,23312,-95.55,9999,-9999
07/23/2019 16:45,CENTRAL EAST - VC,23330,1928.35,2690,-9999
07/23/2019 16:45,DYSINGER EAST,23326,696.69,3150,-9999
07/23/2019 16:45,MOSES SOUTH,23319,2062.61,3150,-1600
07/23/2019 16:45,SCH - HQ - NY,23324,1500,1500,-800
07/23/2019 16:45,SCH - HQ_CEDARS,325274,190,190,-40
07/23/2019 16:45,SCH - HQ_IMPORT_EXPORT,325376,1200,1310,-9999
07/23/2019 16:45,SCH - NE - NY,23318,-132.3,1400,-1600
07/23/2019 16:45,SCH - NPX_1385,325277,135,200,-200
07/23/2019 16:45,SCH - NPX_CSC,325154,330,330,-330
07/23/2019 16:45,SCH - OH - NY,23317,549.3,1450,-1700
07/23/2019 16:45,SCH - PJ - NY,23316,287.2,2050,-1150
07/23/2019 16:45,SCH - PJM_HTP,325905,300,660,-660
07/23/2019 16:45,SCH - PJM_NEPTUNE,325305,660,660,-660
07/23/2019 16:45,SCH - PJM_VFT,325658,315,315,-315
07/23/2019 16:45,SPR/DUN-SOUTH,23320,3848.24,4350,-9999
07/23/2019 16:45,TOTAL EAST,23314,3412.84,6800,-9999
07/23/2019 16:45,UPNY CONED,23315,3646.95,5700,-9999
07/23/2019 16:45,WEST CENTRAL,23312,-165.15,9999,-9999
07/23/2019 16:50,CENTRAL EAST - VC,23330,1919.99,2690,-9999
07/23/2019 16:50,DYSINGER EAST,23326,711.61,3150,-9999
07/23/2019 16:50,MOSES SOUTH,23319,2031.5,3150,-1600
07/23/2019 16:50,SCH - HQ - NY,23324,1500,1500,-800
07/23/2019 16:50,SCH - HQ_CEDARS,325274,190,190,-40
07/23/2019 16:50,SCH - HQ_IMPORT_EXPORT,325376,1200,1310,-9999
07/23/2019 16:50,SCH - NE - NY,23318,-119.25,1400,-1600
07/23/2019 16:50,SCH - NPX_1385,325277,135,200,-200
07/23/2019 16:50,SCH - NPX_CSC,325154,330,330,-330
07/23/2019 16:50,SCH - OH - NY,23317,549.26,1450,-1700
07/23/2019 16:50,SCH - PJ - NY,23316,238.17,2050,-1150
07/23/2019 16:50,SCH - PJM_HTP,325905,300,660,-660
07/23/2019 16:50,SCH - PJM_NEPTUNE,325305,660,660,-660
07/23/2019 16:50,SCH - PJM_VFT,325658,315,315,-315
07/23/2019 16:50,SPR/DUN-SOUTH,23320,3839.51,4350,-9999
07/23/2019 16:50,TOTAL EAST,23314,3351.53,6800,-9999
07/23/2019 16:50,UPNY CONED,23315,3635.21,5700,-9999
07/23/2019 16:50,WEST CENTRAL,23312,-151.21,9999,-9999
07/23/2019 16:55,CENTRAL EAST - VC,23330,1934.82,2690,-9999
07/23/2019 16:55,DYSINGER EAST,23326,720.01,3150,-9999
07/23/2019 16:55,MOSES SOUTH,23319,2040.68,3150,-1600
07/23/2019 16:55,SCH - HQ - NY,23324,1500,1500,-800
07/23/2019 16:55,SCH - HQ_CEDARS,325274,190,190,-40
07/23/2019 16:55,SCH - HQ_IMPORT_EXPORT,325376,1200,1310,-9999
07/23/2019 16:55,SCH - NE - NY,23318,-119.27,1400,-1600
07/23/2019 16:55,SCH - NPX_1385,325277,135,200,-200
07/23/2019 16:55,SCH - NPX_CSC,325154,330,330,-330
07/23/2019 16:55,SCH - OH - NY,23317,549.27,1450,-1700
07/23/2019 16:55,SCH - PJ - NY,23316,239.1,2050,-1150
07/23/2019 16:55,SCH - PJM_HTP,325905,300,660,-660
07/23/2019 16:55,SCH - PJM_NEPTUNE,325305,660,660,-660
07/23/2019 16:55,SCH - PJM_VFT,325658,315,315,-315
07/23/2019 16:55,SPR/DUN-SOUTH,23320,3835.6,4350,-9999
07/23/2019 16:55,TOTAL EAST,23314,3376.99,6800,-9999
07/23/2019 16:55,UPNY CONED,23315,3636.75,5700,-9999
07/23/2019 16:55,WEST CENTRAL,23312,-141.85,9999,-9999
07/23/2019 17:00,CENTRAL EAST - VC,23330,2000.41,2690,-9999
07/23/2019 17:00,DYSINGER EAST,23326,845.52,3150,-9999
07/23/2019 17:00,MOSES SOUTH,23319,2035.38,3150,-1600
07/23/2019 17:00,SCH - HQ - NY,23324,1500,1500,-800
07/23/2019 17:00,SCH - HQ_CEDARS,325274,190,190,-40
07/23/2019 17:00,SCH - HQ_IMPORT_EXPORT,325376,1200,1310,-9999
07/23/2019 17:00,SCH - NE - NY,23318,-191.11,1400,-1600
07/23/2019 17:00,SCH - NPX_1385,325277,111,200,-200
07/23/2019 17:00,SCH - NPX_CSC,325154,330,330,-330
07/23/2019 17:00,SCH - OH - NY,23317,561.25,1450,-1700
07/23/2019 17:00,SCH - PJ - NY,23316,265.17,2050,-1150
07/23/2019 17:00,SCH - PJM_HTP,325905,250,660,-660
07/23/2019 17:00,SCH - PJM_NEPTUNE,325305,660,660,-660
07/23/2019 17:00,SCH - PJM_VFT,325658,315,315,-315
07/23/2019 17:00,SPR/DUN-SOUTH,23320,3899.89,4350,-9999
07/23/2019 17:00,TOTAL EAST,23314,3526.94,6800,-9999
07/23/2019 17:00,UPNY CONED,23315,3701.39,5700,-9999
07/23/2019 17:00,WEST CENTRAL,23312,-13.38,9999,-9999
07/23/2019 17:05,CENTRAL EAST - VC,23330,2032.14,2690,-9999
07/23/2019 17:05,DYSINGER EAST,23326,894.69,3150,-9999
07/23/2019 17:05,MOSES SOUTH,23319,2030.8,3150,-1600
07/23/2019 17:05,SCH - HQ - NY,23324,1500,1500,-800
07/23/2019 17:05,SCH - HQ_CEDARS,325274,190,190,-40
07/23/2019 17:05,SCH - HQ_IMPORT_EXPORT,325376,1200,1310,-9999
07/23/2019 17:05,SCH - NE - NY,23318,-263.78,1400,-1600
07/23/2019 17:05,SCH - NPX_1385,325277,88,200,-200
07/23/2019 17:05,SCH - NPX_CSC,325154,330,330,-330
07/23/2019 17:05,SCH - OH - NY,23317,574.2,1450,-1700
07/23/2019 17:05,SCH - PJ - NY,23316,283.69,2050,-1150
07/23/2019 17:05,SCH - PJM_HTP,325905,200,660,-660
07/23/2019 17:05,SCH - PJM_NEPTUNE,325305,660,660,-660
07/23/2019 17:05,SCH - PJM_VFT,325658,315,315,-315
07/23/2019 17:05,SPR/DUN-SOUTH,23320,3911.33,4350,-9999
07/23/2019 17:05,TOTAL EAST,23314,3538.77,6800,-9999
07/23/2019 17:05,UPNY CONED,23315,3727.29,5700,-9999
07/23/2019 17:05,WEST CENTRAL,23312,36.09,9999,-9999
07/23/2019 17:10,CENTRAL EAST - VC,23330,2020,2690,-9999
07/23/2019 17:10,CENTRAL EAST - VC,23330,1815.51,2690,-9999
07/23/2019 17:10,DYSINGER EAST,23326,612.18,3150,-9999
07/23/2019 17:10,DYSINGER EAST,23326,862.64,3150,-9999
07/23/2019 17:10,MOSES SOUTH,23319,2032.55,3150,-1600
07/23/2019 17:10,MOSES SOUTH,23319,1957.35,3150,-1600
07/23/2019 17:10,SCH - HQ - NY,23324,1500,1500,-800
07/23/2019 17:10,SCH - HQ - NY,23324,1500,1500,-800
07/23/2019 17:10,SCH - HQ_CEDARS,325274,190,190,-40
07/23/2019 17:10,SCH - HQ_CEDARS,325274,190,190,-40
07/23/2019 17:10,SCH - HQ_IMPORT_EXPORT,325376,1200,1310,-9999
07/23/2019 17:10,SCH - HQ_IMPORT_EXPORT,325376,1200,1310,-9999
07/23/2019 17:10,SCH - NE - NY,23318,-81.52,1400,-1600
07/23/2019 17:10,SCH - NE - NY,23318,-263.43,1400,-1600
07/23/2019 17:10,SCH - NPX_1385,325277,88,200,-200
07/23/2019 17:10,SCH - NPX_1385,325277,88,200,-200
07/23/2019 17:10,SCH - NPX_CSC,325154,330,330,-330
07/23/2019 17:10,SCH - NPX_CSC,325154,330,330,-330
07/23/2019 17:10,SCH - OH - NY,23317,574.3,1450,-1700
07/23/2019 17:10,SCH - OH - NY,23317,258.83,1450,-1700
07/23/2019 17:10,SCH - PJ - NY,23316,292.42,2050,-1150
07/23/2019 17:10,SCH - PJ - NY,23316,289.75,2050,-1150
07/23/2019 17:10,SCH - PJM_HTP,325905,200,660,-660
07/23/2019 17:10,SCH - PJM_HTP,325905,200,660,-660
07/23/2019 17:10,SCH - PJM_NEPTUNE,325305,660,660,-660
07/23/2019 17:10,SCH - PJM_NEPTUNE,325305,660,660,-660
07/23/2019 17:10,SCH - PJM_VFT,325658,315,315,-315
07/23/2019 17:10,SCH - PJM_VFT,325658,315,315,-315
07/23/2019 17:10,SPR/DUN-SOUTH,23320,3905.68,4350,-9999
07/23/2019 17:10,SPR/DUN-SOUTH,23320,3836.67,4350,-9999
07/23/2019 17:10,TOTAL EAST,23314,3291.18,6800,-9999
07/23/2019 17:10,TOTAL EAST,23314,3540.05,6800,-9999
07/23/2019 17:10,UPNY CONED,23315,3728.25,5700,-9999
07/23/2019 17:10,UPNY CONED,23315,3658.23,5700,-9999
07/23/2019 17:10,WEST CENTRAL,23312,1.62,9999,-9999
07/23/2019 17:10,WEST CENTRAL,23312,-252.56,9999,-9999
07/23/2019 17:12,CENTRAL EAST - VC,23330,1799.48,2690,-9999
07/23/2019 17:12,DYSINGER EAST,23326,551.7,3150,-9999
07/23/2019 17:12,MOSES SOUTH,23319,1945.71,3150,-1600
07/23/2019 17:12,SCH - HQ - NY,23324,1500,1500,-800
07/23/2019 17:12,SCH - HQ_CEDARS,325274,190,190,-40
07/23/2019 17:12,SCH - HQ_IMPORT_EXPORT,325376,1200,1310,-9999
07/23/2019 17:12,SCH - NE - NY,23318,-81.49,1400,-1600
07/23/2019 17:12,SCH - NPX_1385,325277,88,200,-200
07/23/2019 17:12,SCH - NPX_CSC,325154,330,330,-330
07/23/2019 17:12,SCH - OH - NY,23317,259.05,1450,-1700
07/23/2019 17:12,SCH - PJ - NY,23316,289.67,2050,-1150
07/23/2019 17:12,SCH - PJM_HTP,325905,203,660,-660
07/23/2019 17:12,SCH - PJM_NEPTUNE,325305,660,660,-660
07/23/2019 17:12,SCH - PJM_VFT,325658,315,315,-315
07/23/2019 17:12,SPR/DUN-SOUTH,23320,3830.87,4350,-9999
07/23/2019 17:12,TOTAL EAST,23314,3298.51,6800,-9999
07/23/2019 17:12,UPNY CONED,23315,3653.44,5700,-9999
07/23/2019 17:12,WEST CENTRAL,23312,-315.66,9999,-9999
07/23/2019 17:20,CENTRAL EAST - VC,23330,1840.38,2690,-9999
07/23/2019 17:20,DYSINGER EAST,23326,520.85,3150,-9999
07/23/2019 17:20,MOSES SOUTH,23319,1955.09,3150,-1600
07/23/2019 17:20,SCH - HQ - NY,23324,1500,1500,-800
07/23/2019 17:20,SCH - HQ_CEDARS,325274,190,190,-40
07/23/2019 17:20,SCH - HQ_IMPORT_EXPORT,325376,1200,1310,-9999
07/23/2019 17:20,SCH - NE - NY,23318,-81.28,1400,-1600
07/23/2019 17:20,SCH - NPX_1385,325277,88,200,-200
07/23/2019 17:20,SCH - NPX_CSC,325154,330,330,-330
07/23/2019 17:20,SCH - OH - NY,23317,259.58,1450,-1700
07/23/2019 17:20,SCH - PJ - NY,23316,294.17,2050,-1150
07/23/2019 17:20,SCH - PJM_HTP,325905,217,660,-660
07/23/2019 17:20,SCH - PJM_NEPTUNE,325305,660,660,-660
07/23/2019 17:20,SCH - PJM_VFT,325658,315,315,-315
07/23/2019 17:20,SPR/DUN-SOUTH,23320,3832.11,4350,-9999
07/23/2019 17:20,TOTAL EAST,23314,3285.71,6800,-9999
07/23/2019 17:20,UPNY CONED,23315,3666.84,5700,-9999
07/23/2019 17:20,WEST CENTRAL,23312,-348.04,9999,-9999
07/23/2019 17:25,CENTRAL EAST - VC,23330,1901.84,2690,-9999
07/23/2019 17:25,DYSINGER EAST,23326,479.36,3150,-9999
07/23/2019 17:25,MOSES SOUTH,23319,2107.39,3150,-1600
07/23/2019 17:25,SCH - HQ - NY,23324,1500,1500,-800
07/23/2019 17:25,SCH - HQ_CEDARS,325274,190,190,-40
07/23/2019 17:25,SCH - HQ_IMPORT_EXPORT,325376,1200,1310,-9999
07/23/2019 17:25,SCH - NE - NY,23318,-81.28,1400,-1600
07/23/2019 17:25,SCH - NPX_1385,325277,88,200,-200
07/23/2019 17:25,SCH - NPX_CSC,325154,330,330,-330
07/23/2019 17:25,SCH - OH - NY,23317,260.03,1450,-1700
07/23/2019 17:25,SCH - PJ - NY,23316,291.96,2050,-1150
07/23/2019 17:25,SCH - PJM_HTP,325905,217,660,-660
07/23/2019 17:25,SCH - PJM_NEPTUNE,325305,660,660,-660
07/23/2019 17:25,SCH - PJM_VFT,325658,315,315,-315
07/23/2019 17:25,SPR/DUN-SOUTH,23320,3864.98,4350,-9999
07/23/2019 17:25,TOTAL EAST,23314,3291.99,6800,-9999
07/23/2019 17:25,UPNY CONED,23315,3693.34,5700,-9999
07/23/2019 17:25,WEST CENTRAL,23312,-393.25,9999,-9999
07/23/2019 17:30,CENTRAL EAST - VC,23330,1871.98,2690,-9999
07/23/2019 17:30,DYSINGER EAST,23326,442.33,3150,-9999
07/23/2019 17:30,MOSES SOUTH,23319,2100.78,3150,-1600
07/23/2019 17:30,SCH - HQ - NY,23324,1500,1500,-800
07/23/2019 17:30,SCH - HQ_CEDARS,325274,190,190,-40
07/23/2019 17:30,SCH - HQ_IMPORT_EXPORT,325376,1200,1310,-9999
07/23/2019 17:30,SCH - NE - NY,23318,-58.37,1400,-1600
07/23/2019 17:30,SCH - NPX_1385,325277,88,200,-200
07/23/2019 17:30,SCH - NPX_CSC,325154,330,330,-330
07/23/2019 17:30,SCH - OH - NY,23317,260.17,1450,-1700
07/23/2019 17:30,SCH - PJ - NY,23316,291.92,2050,-1150
07/23/2019 17:30,SCH - PJM_HTP,325905,208,660,-660
07/23/2019 17:30,SCH - PJM_NEPTUNE,325305,660,660,-660
07/23/2019 17:30,SCH - PJM_VFT,325658,315,315,-315
07/23/2019 17:30,SPR/DUN-SOUTH,23320,3851.07,4350,-9999
07/23/2019 17:30,TOTAL EAST,23314,3293.14,6800,-9999
07/23/2019 17:30,UPNY CONED,23315,3680.23,5700,-9999
07/23/2019 17:30,WEST CENTRAL,23312,-432.02,9999,-9999
07/23/2019 17:35,CENTRAL EAST - VC,23330,1893.69,2690,-9999
07/23/2019 17:35,DYSINGER EAST,23326,491.32,3150,-9999
07/23/2019 17:35,MOSES SOUTH,23319,2112.75,3150,-1600
07/23/2019 17:35,SCH - HQ - NY,23324,1500,1500,-800
07/23/2019 17:35,SCH - HQ_CEDARS,325274,190,190,-40
07/23/2019 17:35,SCH - HQ_IMPORT_EXPORT,325376,1200,1310,-9999
07/23/2019 17:35,SCH - NE - NY,23318,-55.4,1400,-1600
07/23/2019 17:35,SCH - NPX_1385,325277,88,200,-200
07/23/2019 17:35,SCH - NPX_CSC,325154,330,330,-330
07/23/2019 17:35,SCH - OH - NY,23317,291.81,1450,-1700
07/23/2019 17:35,SCH - PJ - NY,23316,294.34,2050,-1150
07/23/2019 17:35,SCH - PJM_HTP,325905,200,660,-660
07/23/2019 17:35,SCH - PJM_NEPTUNE,325305,660,660,-660
07/23/2019 17:35,SCH - PJM_VFT,325658,315,315,-315
07/23/2019 17:35,SPR/DUN-SOUTH,23320,3878.55,4350,-9999
07/23/2019 17:35,TOTAL EAST,23314,3272.39,6800,-9999
07/23/2019 17:35,UPNY CONED,23315,3703.98,5700,-9999
07/23/2019 17:35,WEST CENTRAL,23312,-386.35,9999,-9999
07/23/2019 17:40,CENTRAL EAST - VC,23330,1976.07,2690,-9999
07/23/2019 17:40,DYSINGER EAST,23326,621.88,3150,-9999
07/23/2019 17:40,MOSES SOUTH,23319,2113.35,3150,-1600
07/23/2019 17:40,SCH - HQ - NY,23324,1500,1500,-800
07/23/2019 17:40,SCH - HQ_CEDARS,325274,190,190,-40
07/23/2019 17:40,SCH - HQ_IMPORT_EXPORT,325376,1200,1310,-9999
07/23/2019 17:40,SCH - NE - NY,23318,-146.06,1400,-1600
07/23/2019 17:40,SCH - NPX_1385,325277,88,200,-200
07/23/2019 17:40,SCH - NPX_CSC,325154,330,330,-330
07/23/2019 17:40,SCH - OH - NY,23317,449.32,1450,-1700
07/23/2019 17:40,SCH - PJ - NY,23316,291.42,2050,-1150
07/23/2019 17:40,SCH - PJM_HTP,325905,200,660,-660
07/23/2019 17:40,SCH - PJM_NEPTUNE,325305,660,660,-660
07/23/2019 17:40,SCH - PJM_VFT,325658,315,315,-315
07/23/2019 17:40,SPR/DUN-SOUTH,23320,3914.98,4350,-9999
07/23/2019 17:40,TOTAL EAST,23314,3397.01,6800,-9999
07/23/2019 17:40,UPNY CONED,23315,3733.14,5700,-9999
07/23/2019 17:40,WEST CENTRAL,23312,-256.08,9999,-9999
07/23/2019 17:45,CENTRAL EAST - VC,23330,2029.44,2690,-9999
07/23/2019 17:45,DYSINGER EAST,23326,718.42,3150,-9999
07/23/2019 17:45,MOSES SOUTH,23319,2126.78,3150,-1600
07/23/2019 17:45,SCH - HQ - NY,23324,1500,1500,-800
07/23/2019 17:45,SCH - HQ_CEDARS,325274,190,190,-40
07/23/2019 17:45,SCH - HQ_IMPORT_EXPORT,325376,1200,1310,-9999
07/23/2019 17:45,SCH - NE - NY,23318,-240.44,1400,-1600
07/23/2019 17:45,SCH - NPX_1385,325277,88,200,-200
07/23/2019 17:45,SCH - NPX_CSC,325154,330,330,-330
07/23/2019 17:45,SCH - OH - NY,23317,574.79,1450,-1700
07/23/2019 17:45,SCH - PJ - NY,23316,236.67,2050,-1150
07/23/2019 17:45,SCH - PJM_HTP,325905,210,660,-660
07/23/2019 17:45,SCH - PJM_NEPTUNE,325305,660,660,-660
07/23/2019 17:45,SCH - PJM_VFT,325658,315,315,-315
07/23/2019 17:45,SPR/DUN-SOUTH,23320,3883.95,4350,-9999
07/23/2019 17:45,TOTAL EAST,23314,3453.82,6800,-9999
07/23/2019 17:45,UPNY CONED,23315,3700.89,5700,-9999
07/23/2019 17:45,WEST CENTRAL,23312,-160.9,9999,-9999
07/23/2019 17:50,CENTRAL EAST - VC,23330,1988.15,2690,-9999
07/23/2019 17:50,DYSINGER EAST,23326,742.97,3150,-9999
07/23/2019 17:50,MOSES SOUTH,23319,2131.04,3150,-1600
07/23/2019 17:50,SCH - HQ - NY,23324,1500,1500,-800
07/23/2019 17:50,SCH - HQ_CEDARS,325274,190,190,-40
07/23/2019 17:50,SCH - HQ_IMPORT_EXPORT,325376,1200,1310,-9999
07/23/2019 17:50,SCH - NE - NY,23318,-263.84,1400,-1600
07/23/2019 17:50,SCH - NPX_1385,325277,88,200,-200
07/23/2019 17:50,SCH - NPX_CSC,325154,330,330,-330
07/23/2019 17:50,SCH - OH - NY,23317,574.5,1450,-1700
07/23/2019 17:50,SCH - PJ - NY,23316,176.63,2050,-1150
07/23/2019 17:50,SCH - PJM_HTP,325905,221,660,-660
07/23/2019 17:50,SCH - PJM_NEPTUNE,325305,660,660,-660
07/23/2019 17:50,SCH - PJM_VFT,325658,315,315,-315
07/23/2019 17:50,SPR/DUN-SOUTH,23320,3774.29,4350,-9999
07/23/2019 17:50,TOTAL EAST,23314,3448.47,6800,-9999
07/23/2019 17:50,UPNY CONED,23315,3650.45,5700,-9999
07/23/2019 17:50,WEST CENTRAL,23312,-139.08,9999,-9999
07/23/2019 17:55,CENTRAL EAST - VC,23330,2030.4,2690,-9999
07/23/2019 17:55,DYSINGER EAST,23326,810.34,3150,-9999
07/23/2019 17:55,MOSES SOUTH,23319,2157.92,3150,-1600
07/23/2019 17:55,SCH - HQ - NY,23324,1500,1500,-800
07/23/2019 17:55,SCH - HQ_CEDARS,325274,190,190,-40
07/23/2019 17:55,SCH - HQ_IMPORT_EXPORT,325376,1200,1310,-9999
07/23/2019 17:55,SCH - NE - NY,23318,-263.96,1400,-1600
07/23/2019 17:55,SCH - NPX_1385,325277,88,200,-200
07/23/2019 17:55,SCH - NPX_CSC,325154,330,330,-330
07/23/2019 17:55,SCH - OH - NY,23317,574.37,1450,-1700
07/23/2019 17:55,SCH - PJ - NY,23316,179.85,2050,-1150
07/23/2019 17:55,SCH - PJM_HTP,325905,221,660,-660
07/23/2019 17:55,SCH - PJM_NEPTUNE,325305,660,660,-660
07/23/2019 17:55,SCH - PJM_VFT,325658,315,315,-315
07/23/2019 17:55,SPR/DUN-SOUTH,23320,3786.23,4350,-9999
07/23/2019 17:55,TOTAL EAST,23314,3433.12,6800,-9999
07/23/2019 17:55,UPNY CONED,23315,3682.9,5700,-9999
07/23/2019 17:55,WEST CENTRAL,23312,-71.4,9999,-9999
07/23/2019 18:00,CENTRAL EAST - VC,23330,2004.13,2690,-9999
07/23/2019 18:00,DYSINGER EAST,23326,774.37,3150,-9999
07/23/2019 18:00,MOSES SOUTH,23319,2167.34,3150,-1600
07/23/2019 18:00,SCH - HQ - NY,23324,1500,1500,-800
07/23/2019 18:00,SCH - HQ_CEDARS,325274,190,190,-40
07/23/2019 18:00,SCH - HQ_IMPORT_EXPORT,325376,1200,1310,-9999
07/23/2019 18:00,SCH - NE - NY,23318,-233.14,1400,-1600
07/23/2019 18:00,SCH - NPX_1385,325277,143,200,-200
07/23/2019 18:00,SCH - NPX_CSC,325154,330,330,-330
07/23/2019 18:00,SCH - OH - NY,23317,536.43,1450,-1700
07/23/2019 18:00,SCH - PJ - NY,23316,172.85,2050,-1150
07/23/2019 18:00,SCH - PJM_HTP,325905,260,660,-660
07/23/2019 18:00,SCH - PJM_NEPTUNE,325305,660,660,-660
07/23/2019 18:00,SCH - PJM_VFT,325658,315,315,-315
07/23/2019 18:00,SPR/DUN-SOUTH,23320,3731.39,4350,-9999
07/23/2019 18:00,TOTAL EAST,23314,3381.57,6800,-9999
07/23/2019 18:00,UPNY CONED,23315,3590.99,5700,-9999
07/23/2019 18:00,WEST CENTRAL,23312,-105.8,9999,-9999
07/23/2019 18:05,CENTRAL EAST - VC,23330,1977.16,2690,-9999
07/23/2019 18:05,DYSINGER EAST,23326,720.13,3150,-9999
07/23/2019 18:05,MOSES SOUTH,23319,2159.85,3150,-1600
07/23/2019 18:05,SCH - HQ - NY,23324,1500,1500,-800
07/23/2019 18:05,SCH - HQ_CEDARS,325274,190,190,-40
07/23/2019 18:05,SCH - HQ_IMPORT_EXPORT,325376,1200,1310,-9999
07/23/2019 18:05,SCH - NE - NY,23318,-202.3,1400,-1600
07/23/2019 18:05,SCH - NPX_1385,325277,199,200,-200
07/23/2019 18:05,SCH - NPX_CSC,325154,330,330,-330
07/23/2019 18:05,SCH - OH - NY,23317,499.54,1450,-1700
07/23/2019 18:05,SCH - PJ - NY,23316,164.01,2050,-1150
07/23/2019 18:05,SCH - PJM_HTP,325905,300,660,-660
07/23/2019 18:05,SCH - PJM_NEPTUNE,325305,660,660,-660
07/23/2019 18:05,SCH - PJM_VFT,325658,315,315,-315
07/23/2019 18:05,SPR/DUN-SOUTH,23320,3707.75,4350,-9999
07/23/2019 18:05,TOTAL EAST,23314,3317.71,6800,-9999
07/23/2019 18:05,UPNY CONED,23315,3498.71,5700,-9999
07/23/2019 18:05,WEST CENTRAL,23312,-154.21,9999,-9999
07/23/2019 18:10,CENTRAL EAST - VC,23330,2020.1,2690,-9999
07/23/2019 18:10,DYSINGER EAST,23326,783.88,3150,-9999
07/23/2019 18:10,MOSES SOUTH,23319,2166.37,3150,-1600
07/23/2019 18:10,SCH - HQ - NY,23324,1500,1500,-800
07/23/2019 18:10,SCH - HQ_CEDARS,325274,190,190,-40
07/23/2019 18:10,SCH - HQ_IMPORT_EXPORT,325376,1200,1310,-9999
07/23/2019 18:10,SCH - NE - NY,23318,-202.33,1400,-1600
07/23/2019 18:10,SCH - NPX_1385,325277,199,200,-200
07/23/2019 18:10,SCH - NPX_CSC,325154,330,330,-330
07/23/2019 18:10,SCH - OH - NY,23317,499.52,1450,-1700
07/23/2019 18:10,SCH - PJ - NY,23316,164.33,2050,-1150
07/23/2019 18:10,SCH - PJM_HTP,325905,300,660,-660
07/23/2019 18:10,SCH - PJM_NEPTUNE,325305,660,660,-660
07/23/2019 18:10,SCH - PJM_VFT,325658,315,315,-315
07/23/2019 18:10,SPR/DUN-SOUTH,23320,3720.22,4350,-9999
07/23/2019 18:10,TOTAL EAST,23314,3337.18,6800,-9999
07/23/2019 18:10,UPNY CONED,23315,3524.96,5700,-9999
07/23/2019 18:10,WEST CENTRAL,23312,-88.6,9999,-9999
07/23/2019 18:15,CENTRAL EAST - VC,23330,2031.79,2690,-9999
07/23/2019 18:15,DYSINGER EAST,23326,800.01,3150,-9999
07/23/2019 18:15,MOSES SOUTH,23319,2167.38,3150,-1600
07/23/2019 18:15,SCH - HQ - NY,23324,1500,1500,-800
07/23/2019 18:15,SCH - HQ_CEDARS,325274,190,190,-40
07/23/2019 18:15,SCH - HQ_IMPORT_EXPORT,325376,1200,1310,-9999
07/23/2019 18:15,SCH - NE - NY,23318,-183.22,1400,-1600
07/23/2019 18:15,SCH - NPX_1385,325277,199,200,-200
07/23/2019 18:15,SCH - NPX_CSC,325154,330,330,-330
07/23/2019 18:15,SCH - OH - NY,23317,499.5,1450,-1700
07/23/2019 18:15,SCH - PJ - NY,23316,164.24,2050,-1150
07/23/2019 18:15,SCH - PJM_HTP,325905,300,660,-660
07/23/2019 18:15,SCH - PJM_NEPTUNE,325305,660,660,-660
07/23/2019 18:15,SCH - PJM_VFT,325658,315,315,-315
07/23/2019 18:15,SPR/DUN-SOUTH,23320,3730.69,4350,-9999
07/23/2019 18:15,TOTAL EAST,23314,3341.52,6800,-9999
07/23/2019 18:15,UPNY CONED,23315,3553.98,5700,-9999
07/23/2019 18:15,WEST CENTRAL,23312,-74.4,9999,-9999
07/23/2019 18:20,CENTRAL EAST - VC,23330,1975.55,2690,-9999
07/23/2019 18:20,DYSINGER EAST,23326,720.21,3150,-9999
07/23/2019 18:20,MOSES SOUTH,23319,2170.41,3150,-1600
07/23/2019 18:20,SCH - HQ - NY,23324,1500,1500,-800
07/23/2019 18:20,SCH - HQ_CEDARS,325274,190,190,-40
07/23/2019 18:20,SCH - HQ_IMPORT_EXPORT,325376,1200,1310,-9999
07/23/2019 18:20,SCH - NE - NY,23318,-164.61,1400,-1600
07/23/2019 18:20,SCH - NPX_1385,325277,199,200,-200
07/23/2019 18:20,SCH - NPX_CSC,325154,330,330,-330
07/23/2019 18:20,SCH - OH - NY,23317,499.53,1450,-1700
07/23/2019 18:20,SCH - PJ - NY,23316,166.39,2050,-1150
07/23/2019 18:20,SCH - PJM_HTP,325905,300,660,-660
07/23/2019 18:20,SCH - PJM_NEPTUNE,325305,660,660,-660
07/23/2019 18:20,SCH - PJM_VFT,325658,315,315,-315
07/23/2019 18:20,SPR/DUN-SOUTH,23320,3702.58,4350,-9999
07/23/2019 18:20,TOTAL EAST,23314,3329.92,6800,-9999
07/23/2019 18:20,UPNY CONED,23315,3521.09,5700,-9999
07/23/2019 18:20,WEST CENTRAL,23312,-156.07,9999,-9999
07/23/2019 18:25,CENTRAL EAST - VC,23330,2027.53,2690,-9999
07/23/2019 18:25,DYSINGER EAST,23326,771.43,3150,-9999
07/23/2019 18:25,MOSES SOUTH,23319,2183.79,3150,-1600
07/23/2019 18:25,SCH - HQ - NY,23324,1500,1500,-800
07/23/2019 18:25,SCH - HQ_CEDARS,325274,190,190,-40
07/23/2019 18:25,SCH - HQ_IMPORT_EXPORT,325376,1200,1310,-9999
07/23/2019 18:25,SCH - NE - NY,23318,-164.39,1400,-1600
07/23/2019 18:25,SCH - NPX_1385,325277,199,200,-200
07/23/2019 18:25,SCH - NPX_CSC,325154,330,330,-330
07/23/2019 18:25,SCH - OH - NY,23317,499.49,1450,-1700
07/23/2019 18:25,SCH - PJ - NY,23316,164.31,2050,-1150
07/23/2019 18:25,SCH - PJM_HTP,325905,300,660,-660
07/23/2019 18:25,SCH - PJM_NEPTUNE,325305,660,660,-660
07/23/2019 18:25,SCH - PJM_VFT,325658,315,315,-315
07/23/2019 18:25,SPR/DUN-SOUTH,23320,3715.58,4350,-9999
07/23/2019 18:25,TOTAL EAST,23314,3318.47,6800,-9999
07/23/2019 18:25,UPNY CONED,23315,3525.69,5700,-9999
07/23/2019 18:25,WEST CENTRAL,23312,-102.28,9999,-9999
07/23/2019 18:30,CENTRAL EAST - VC,23330,2022.53,2690,-9999
07/23/2019 18:30,DYSINGER EAST,23326,758.04,3150,-9999
07/23/2019 18:30,MOSES SOUTH,23319,2168.28,3150,-1600
07/23/2019 18:30,SCH - HQ - NY,23324,1500,1500,-800
07/23/2019 18:30,SCH - HQ_CEDARS,325274,190,190,-40
07/23/2019 18:30,SCH - HQ_IMPORT_EXPORT,325376,1200,1310,-9999
07/23/2019 18:30,SCH - NE - NY,23318,-201.23,1400,-1600
07/23/2019 18:30,SCH - NPX_1385,325277,199,200,-200
07/23/2019 18:30,SCH - NPX_CSC,325154,330,330,-330
07/23/2019 18:30,SCH - OH - NY,23317,499.5,1450,-1700
07/23/2019 18:30,SCH - PJ - NY,23316,165.11,2050,-1150
07/23/2019 18:30,SCH - PJM_HTP,325905,300,660,-660
07/23/2019 18:30,SCH - PJM_NEPTUNE,325305,660,660,-660
07/23/2019 18:30,SCH - PJM_VFT,325658,315,315,-315
07/23/2019 18:30,SPR/DUN-SOUTH,23320,3683.09,4350,-9999
07/23/2019 18:30,TOTAL EAST,23314,3309.75,6800,-9999
07/23/2019 18:30,UPNY CONED,23315,3483.35,5700,-9999
07/23/2019 18:30,WEST CENTRAL,23312,-113.66,9999,-9999
07/23/2019 18:35,CENTRAL EAST - VC,23330,1952.59,2690,-9999
07/23/2019 18:35,DYSINGER EAST,23326,695.94,3150,-9999
07/23/2019 18:35,MOSES SOUTH,23319,2156.59,3150,-1600
07/23/2019 18:35,SCH - HQ - NY,23324,1500,1500,-800
07/23/2019 18:35,SCH - HQ_CEDARS,325274,190,190,-40
07/23/2019 18:35,SCH - HQ_IMPORT_EXPORT,325376,1200,1310,-9999
07/23/2019 18:35,SCH - NE - NY,23318,-238.52,1400,-1600
07/23/2019 18:35,SCH - NPX_1385,325277,199,200,-200
07/23/2019 18:35,SCH - NPX_CSC,325154,330,330,-330
07/23/2019 18:35,SCH - OH - NY,23317,499.49,1450,-1700
07/23/2019 18:35,SCH - PJ - NY,23316,163.95,2050,-1150
07/23/2019 18:35,SCH - PJM_HTP,325905,300,660,-660
07/23/2019 18:35,SCH - PJM_NEPTUNE,325305,660,660,-660
07/23/2019 18:35,SCH - PJM_VFT,325658,315,315,-315
07/23/2019 18:35,SPR/DUN-SOUTH,23320,3624.42,4350,-9999
07/23/2019 18:35,TOTAL EAST,23314,3328.53,6800,-9999
07/23/2019 18:35,UPNY CONED,23315,3426.99,5700,-9999
07/23/2019 18:35,WEST CENTRAL,23312,-174.7,9999,-9999
07/23/2019 18:40,CENTRAL EAST - VC,23330,2034.58,2690,-9999
07/23/2019 18:40,DYSINGER EAST,23326,751.98,3150,-9999
07/23/2019 18:40,MOSES SOUTH,23319,2153.85,3150,-1600
07/23/2019 18:40,SCH - HQ - NY,23324,1500,1500,-800
07/23/2019 18:40,SCH - HQ_CEDARS,325274,190,190,-40
07/23/2019 18:40,SCH - HQ_IMPORT_EXPORT,325376,1200,1310,-9999
07/23/2019 18:40,SCH - NE - NY,23318,-237.98,1400,-1600
07/23/2019 18:40,SCH - NPX_1385,325277,199,200,-200
07/23/2019 18:40,SCH - NPX_CSC,325154,330,330,-330
07/23/2019 18:40,SCH - OH - NY,23317,499.54,1450,-1700
07/23/2019 18:40,SCH - PJ - NY,23316,163.87,2050,-1150
07/23/2019 18:40,SCH - PJM_HTP,325905,300,660,-660
07/23/2019 18:40,SCH - PJM_NEPTUNE,325305,660,660,-660
07/23/2019 18:40,SCH - PJM_VFT,325658,315,315,-315
07/23/2019 18:40,SPR/DUN-SOUTH,23320,3670.97,4350,-9999
07/23/2019 18:40,TOTAL EAST,23314,3342.82,6800,-9999
07/23/2019 18:40,UPNY CONED,23315,3473.97,5700,-9999
07/23/2019 18:40,WEST CENTRAL,23312,-116.42,9999,-9999
07/23/2019 18:45,CENTRAL EAST - VC,23330,1987.18,2690,-9999
07/23/2019 18:45,DYSINGER EAST,23326,718.58,3150,-9999
07/23/2019 18:45,MOSES SOUTH,23319,2153.9,3150,-1600
07/23/2019 18:45,SCH - HQ - NY,23324,1500,1500,-800
07/23/2019 18:45,SCH - HQ_CEDARS,325274,190,190,-40
07/23/2019 18:45,SCH - HQ_IMPORT_EXPORT,325376,1200,1310,-9999
07/23/2019 18:45,SCH - NE - NY,23318,-236.31,1400,-1600
07/23/2019 18:45,SCH - NPX_1385,325277,199,200,-200
07/23/2019 18:45,SCH - NPX_CSC,325154,330,330,-330
07/23/2019 18:45,SCH - OH - NY,23317,499.5,1450,-1700
07/23/2019 18:45,SCH - PJ - NY,23316,163.93,2050,-1150
07/23/2019 18:45,SCH - PJM_HTP,325905,300,660,-660
07/23/2019 18:45,SCH - PJM_NEPTUNE,325305,660,660,-660
07/23/2019 18:45,SCH - PJM_VFT,325658,315,315,-315
07/23/2019 18:45,SPR/DUN-SOUTH,23320,3629.84,4350,-9999
07/23/2019 18:45,TOTAL EAST,23314,3339.99,6800,-9999
07/23/2019 18:45,UPNY CONED,23315,3469.73,5700,-9999
07/23/2019 18:45,WEST CENTRAL,23312,-150.52,9999,-9999
07/23/2019 18:50,CENTRAL EAST - VC,23330,1987.78,2690,-9999
07/23/2019 18:50,DYSINGER EAST,23326,714.11,3150,-9999
07/23/2019 18:50,MOSES SOUTH,23319,2163.77,3150,-1600
07/23/2019 18:50,SCH - HQ - NY,23324,1500,1500,-800
07/23/2019 18:50,SCH - HQ_CEDARS,325274,190,190,-40
07/23/2019 18:50,SCH - HQ_IMPORT_EXPORT,325376,1200,1310,-9999
07/23/2019 18:50,SCH - NE - NY,23318,-235.38,1400,-1600
07/23/2019 18:50,SCH - NPX_1385,325277,199,200,-200
07/23/2019 18:50,SCH - NPX_CSC,325154,330,330,-330
07/23/2019 18:50,SCH - OH - NY,23317,499.48,1450,-1700
07/23/2019 18:50,SCH - PJ - NY,23316,164.93,2050,-1150
07/23/2019 18:50,SCH - PJM_HTP,325905,300,660,-660
07/23/2019 18:50,SCH - PJM_NEPTUNE,325305,660,660,-660
07/23/2019 18:50,SCH - PJM_VFT,325658,315,315,-315
07/23/2019 18:50,SPR/DUN-SOUTH,23320,3632.52,4350,-9999
07/23/2019 18:50,TOTAL EAST,23314,3345.11,6800,-9999
07/23/2019 18:50,UPNY CONED,23315,3461.2,5700,-9999
07/23/2019 18:50,WEST CENTRAL,23312,-158.16,9999,-9999
07/23/2019 18:55,CENTRAL EAST - VC,23330,2030.72,2690,-9999
07/23/2019 18:55,DYSINGER EAST,23326,783.69,3150,-9999
07/23/2019 18:55,MOSES SOUTH,23319,2167.09,3150,-1600
07/23/2019 18:55,SCH - HQ - NY,23324,1500,1500,-800
07/23/2019 18:55,SCH - HQ_CEDARS,325274,190,190,-40
07/23/2019 18:55,SCH - HQ_IMPORT_EXPORT,325376,1200,1310,-9999
07/23/2019 18:55,SCH - NE - NY,23318,-235.2,1400,-1600
07/23/2019 18:55,SCH - NPX_1385,325277,199,200,-200
07/23/2019 18:55,SCH - NPX_CSC,325154,330,330,-330
07/23/2019 18:55,SCH - OH - NY,23317,499.44,1450,-1700
07/23/2019 18:55,SCH - PJ - NY,23316,164.86,2050,-1150
07/23/2019 18:55,SCH - PJM_HTP,325905,300,660,-660
07/23/2019 18:55,SCH - PJM_NEPTUNE,325305,660,660,-660
07/23/2019 18:55,SCH - PJM_VFT,325658,315,315,-315
07/23/2019 18:55,SPR/DUN-SOUTH,23320,3627.55,4350,-9999
07/23/2019 18:55,TOTAL EAST,23314,3338.48,6800,-9999
07/23/2019 18:55,UPNY CONED,23315,3450.17,5700,-9999
07/23/2019 18:55,WEST CENTRAL,23312,-85.99,9999,-9999
07/23/2019 18:56,CENTRAL EAST - VC,23330,2050.98,2690,-9999
07/23/2019 18:56,DYSINGER EAST,23326,706.96,3150,-9999
07/23/2019 18:56,MOSES SOUTH,23319,2284.45,3150,-1600
07/23/2019 18:56,SCH - HQ - NY,23324,1500,1500,-800
07/23/2019 18:56,SCH - HQ_CEDARS,325274,190,190,-40
07/23/2019 18:56,SCH - HQ_IMPORT_EXPORT,325376,1200,1310,-9999
07/23/2019 18:56,SCH - NE - NY,23318,-253.15,1400,-1600
07/23/2019 18:56,SCH - NPX_1385,325277,199,200,-200
07/23/2019 18:56,SCH - NPX_CSC,325154,325,330,-330
07/23/2019 18:56,SCH - OH - NY,23317,496.14,1450,-1700
07/23/2019 18:56,SCH - PJ - NY,23316,174.43,2050,-1150
07/23/2019 18:56,SCH - PJM_HTP,325905,300,660,-660
07/23/2019 18:56,SCH - PJM_NEPTUNE,325305,660,660,-660
07/23/2019 18:56,SCH - PJM_VFT,325658,315,315,-315
07/23/2019 18:56,SPR/DUN-SOUTH,23320,3566.17,4350,-9999
07/23/2019 18:56,TOTAL EAST,23314,3212.52,6800,-9999
07/23/2019 18:56,UPNY CONED,23315,3401.49,5700,-9999
07/23/2019 18:56,WEST CENTRAL,23312,-162.52,9999,-9999
07/23/2019 18:59,CENTRAL EAST - VC,23330,2101.19,2690,-9999
07/23/2019 18:59,DYSINGER EAST,23326,781.24,3150,-9999
07/23/2019 18:59,MOSES SOUTH,23319,2313.39,3150,-1600
07/23/2019 18:59,SCH - HQ - NY,23324,1500,1500,-800
07/23/2019 18:59,SCH - HQ_CEDARS,325274,190,190,-40
07/23/2019 18:59,SCH - HQ_IMPORT_EXPORT,325376,1200,1310,-9999
07/23/2019 18:59,SCH - NE - NY,23318,-311.09,1400,-1600
07/23/2019 18:59,SCH - NPX_1385,325277,199,200,-200
07/23/2019 18:59,SCH - NPX_CSC,325154,310,330,-330
07/23/2019 18:59,SCH - OH - NY,23317,489.04,1450,-1700
07/23/2019 18:59,SCH - PJ - NY,23316,207.12,2050,-1150
07/23/2019 18:59,SCH - PJM_HTP,325905,300,660,-660
07/23/2019 18:59,SCH - PJM_NEPTUNE,325305,660,660,-660
07/23/2019 18:59,SCH - PJM_VFT,325658,315,315,-315
07/23/2019 18:59,SPR/DUN-SOUTH,23320,3561.72,4350,-9999
07/23/2019 18:59,TOTAL EAST,23314,3267,6800,-9999
07/23/2019 18:59,UPNY CONED,23315,3407.29,5700,-9999
07/23/2019 18:59,WEST CENTRAL,23312,-83.9,9999,-9999
07/23/2019 19:01,CENTRAL EAST - VC,23330,2027.06,2690,-9999
07/23/2019 19:01,DYSINGER EAST,23326,825.86,3150,-9999
07/23/2019 19:01,MOSES SOUTH,23319,2177.09,3150,-1600
07/23/2019 19:01,SCH - HQ - NY,23324,1500,1500,-800
07/23/2019 19:01,SCH - HQ_CEDARS,325274,190,190,-40
07/23/2019 19:01,SCH - HQ_IMPORT_EXPORT,325376,1200,1310,-9999
07/23/2019 19:01,SCH - NE - NY,23318,-348.87,1400,-1600
07/23/2019 19:01,SCH - NPX_1385,325277,199,200,-200
07/23/2019 19:01,SCH - NPX_CSC,325154,300,330,-330
07/23/2019 19:01,SCH - OH - NY,23317,480.17,1450,-1700
07/23/2019 19:01,SCH - PJ - NY,23316,232.18,2050,-1150
07/23/2019 19:01,SCH - PJM_HTP,325905,300,660,-660
07/23/2019 19:01,SCH - PJM_NEPTUNE,325305,660,660,-660
07/23/2019 19:01,SCH - PJM_VFT,325658,315,315,-315
07/23/2019 19:01,SPR/DUN-SOUTH,23320,3438.83,4350,-9999
07/23/2019 19:01,TOTAL EAST,23314,3155.5,6800,-9999
07/23/2019 19:01,UPNY CONED,23315,3260.6,5700,-9999
07/23/2019 19:01,WEST CENTRAL,23312,-32.61,9999,-9999
07/23/2019 19:03,CENTRAL EAST - VC,23330,2017.95,2690,-9999
07/23/2019 19:03,DYSINGER EAST,23326,803.3,3150,-9999
07/23/2019 19:03,MOSES SOUTH,23319,2177.47,3150,-1600
07/23/2019 19:03,SCH - HQ - NY,23324,1500,1500,-800
07/23/2019 19:03,SCH - HQ_CEDARS,325274,190,190,-40
07/23/2019 19:03,SCH - HQ_IMPORT_EXPORT,325376,1200,1310,-9999
07/23/2019 19:03,SCH - NE - NY,23318,-386.81,1400,-1600
07/23/2019 19:03,SCH - NPX_1385,325277,199,200,-200
07/23/2019 19:03,SCH - NPX_CSC,325154,290,330,-330
07/23/2019 19:03,SCH - OH - NY,23317,475.23,1450,-1700
07/23/2019 19:03,SCH - PJ - NY,23316,253,2050,-1150
07/23/2019 19:03,SCH - PJM_HTP,325905,300,660,-660
07/23/2019 19:03,SCH - PJM_NEPTUNE,325305,660,660,-660
07/23/2019 19:03,SCH - PJM_VFT,325658,315,315,-315
07/23/2019 19:03,SPR/DUN-SOUTH,23320,3414.06,4350,-9999
07/23/2019 19:03,TOTAL EAST,23314,3155.68,6800,-9999
07/23/2019 19:03,UPNY CONED,23315,3238.8,5700,-9999
07/23/2019 19:03,WEST CENTRAL,23312,-53.37,9999,-9999
07/23/2019 19:15,CENTRAL EAST - VC,23330,1971.39,2690,-9999
07/23/2019 19:15,DYSINGER EAST,23326,707.32,3150,-9999
07/23/2019 19:15,MOSES SOUTH,23319,2152.8,3150,-1600
07/23/2019 19:15,SCH - HQ - NY,23324,1500,1500,-800
07/23/2019 19:15,SCH - HQ_CEDARS,325274,190,190,-40
07/23/2019 19:15,SCH - HQ_IMPORT_EXPORT,325376,1200,1310,-9999
07/23/2019 19:15,SCH - NE - NY,23318,-424.74,1400,-1600
07/23/2019 19:15,SCH - NPX_1385,325277,199,200,-200
07/23/2019 19:15,SCH - NPX_CSC,325154,280,330,-330
07/23/2019 19:15,SCH - OH - NY,23317,470.85,1450,-1700
07/23/2019 19:15,SCH - PJ - NY,23316,293.75,2050,-1150
07/23/2019 19:15,SCH - PJM_HTP,325905,300,660,-660
07/23/2019 19:15,SCH - PJM_NEPTUNE,325305,622,660,-660
07/23/2019 19:15,SCH - PJM_VFT,325658,315,315,-315
07/23/2019 19:15,SPR/DUN-SOUTH,23320,3312.32,4350,-9999
07/23/2019 19:15,TOTAL EAST,23314,3023.23,6800,-9999
07/23/2019 19:15,UPNY CONED,23315,3150.42,5700,-9999
07/23/2019 19:15,WEST CENTRAL,23312,-138.39,9999,-9999
07/23/2019 19:20,CENTRAL EAST - VC,23330,1987.65,2690,-9999
07/23/2019 19:20,DYSINGER EAST,23326,763.4,3150,-9999
07/23/2019 19:20,MOSES SOUTH,23319,2138.79,3150,-1600
07/23/2019 19:20,SCH - HQ - NY,23324,1500,1500,-800
07/23/2019 19:20,SCH - HQ_CEDARS,325274,190,190,-40
07/23/2019 19:20,SCH - HQ_IMPORT_EXPORT,325376,1200,1310,-9999
07/23/2019 19:20,SCH - NE - NY,23318,-424.88,1400,-1600
07/23/2019 19:20,SCH - NPX_1385,325277,199,200,-200
07/23/2019 19:20,SCH - NPX_CSC,325154,280,330,-330
07/23/2019 19:20,SCH - OH - NY,23317,469.99,1450,-1700
07/23/2019 19:20,SCH - PJ - NY,23316,276.57,2050,-1150
07/23/2019 19:20,SCH - PJM_HTP,325905,300,660,-660
07/23/2019 19:20,SCH - PJM_NEPTUNE,325305,585,660,-660
07/23/2019 19:20,SCH - PJM_VFT,325658,315,315,-315
07/23/2019 19:20,SPR/DUN-SOUTH,23320,3307.47,4350,-9999
07/23/2019 19:20,TOTAL EAST,23314,3081.98,6800,-9999
07/23/2019 19:20,UPNY CONED,23315,3163.64,5700,-9999
07/23/2019 19:20,WEST CENTRAL,23312,-78.95,9999,-9999
07/23/2019 19:25,CENTRAL EAST - VC,23330,2029.65,2690,-9999
07/23/2019 19:25,DYSINGER EAST,23326,853.36,3150,-9999
07/23/2019 19:25,MOSES SOUTH,23319,2136.67,3150,-1600
07/23/2019 19:25,SCH - HQ - NY,23324,1500,1500,-800
07/23/2019 19:25,SCH - HQ_CEDARS,325274,190,190,-40
07/23/2019 19:25,SCH - HQ_IMPORT_EXPORT,325376,1200,1310,-9999
07/23/2019 19:25,SCH - NE - NY,23318,-424.94,1400,-1600
07/23/2019 19:25,SCH - NPX_1385,325277,199,200,-200
07/23/2019 19:25,SCH - NPX_CSC,325154,280,330,-330
07/23/2019 19:25,SCH - OH - NY,23317,474.72,1450,-1700
07/23/2019 19:25,SCH - PJ - NY,23316,263.07,2050,-1150
07/23/2019 19:25,SCH - PJM_HTP,325905,300,660,-660
07/23/2019 19:25,SCH - PJM_NEPTUNE,325305,585,660,-660
07/23/2019 19:25,SCH - PJM_VFT,325658,315,315,-315
07/23/2019 19:25,SPR/DUN-SOUTH,23320,3349.7,4350,-9999
07/23/2019 19:25,TOTAL EAST,23314,3186.83,6800,-9999
07/23/2019 19:25,UPNY CONED,23315,3197.04,5700,-9999
07/23/2019 19:25,WEST CENTRAL,23312,15.44,9999,-9999
07/23/2019 19:30,CENTRAL EAST - VC,23330,2085.02,2690,-9999
07/23/2019 19:30,DYSINGER EAST,23326,941.89,3150,-9999
07/23/2019 19:30,MOSES SOUTH,23319,2124.98,3150,-1600
07/23/2019 19:30,SCH - HQ - NY,23324,1500,1500,-800
07/23/2019 19:30,SCH - HQ_CEDARS,325274,190,190,-40
07/23/2019 19:30,SCH - HQ_IMPORT_EXPORT,325376,1200,1310,-9999
07/23/2019 19:30,SCH - NE - NY,23318,-408.1,1400,-1600
07/23/2019 19:30,SCH - NPX_1385,325277,199,200,-200
07/23/2019 19:30,SCH - NPX_CSC,325154,280,330,-330
07/23/2019 19:30,SCH - OH - NY,23317,471.14,1450,-1700
07/23/2019 19:30,SCH - PJ - NY,23316,334.03,2050,-1150
07/23/2019 19:30,SCH - PJM_HTP,325905,300,660,-660
07/23/2019 19:30,SCH - PJM_NEPTUNE,325305,587,660,-660
07/23/2019 19:30,SCH - PJM_VFT,325658,315,315,-315
07/23/2019 19:30,SPR/DUN-SOUTH,23320,3491.36,4350,-9999
07/23/2019 19:30,TOTAL EAST,23314,3333.22,6800,-9999
07/23/2019 19:30,UPNY CONED,23315,3333.4,5700,-9999
07/23/2019 19:30,WEST CENTRAL,23312,111.42,9999,-9999
07/23/2019 19:35,CENTRAL EAST - VC,23330,2158.32,2690,-9999
07/23/2019 19:35,DYSINGER EAST,23326,1052.2,3150,-9999
07/23/2019 19:35,MOSES SOUTH,23319,2123.46,3150,-1600
07/23/2019 19:35,SCH - HQ - NY,23324,1500,1500,-800
07/23/2019 19:35,SCH - HQ_CEDARS,325274,190,190,-40
07/23/2019 19:35,SCH - HQ_IMPORT_EXPORT,325376,1200,1310,-9999
07/23/2019 19:35,SCH - NE - NY,23318,-391.04,1400,-1600
07/23/2019 19:35,SCH - NPX_1385,325277,199,200,-200
07/23/2019 19:35,SCH - NPX_CSC,325154,280,330,-330
07/23/2019 19:35,SCH - OH - NY,23317,474.74,1450,-1700
07/23/2019 19:35,SCH - PJ - NY,23316,401.33,2050,-1150
07/23/2019 19:35,SCH - PJM_HTP,325905,300,660,-660
07/23/2019 19:35,SCH - PJM_NEPTUNE,325305,590,660,-660
07/23/2019 19:35,SCH - PJM_VFT,325658,315,315,-315
07/23/2019 19:35,SPR/DUN-SOUTH,23320,3622.88,4350,-9999
07/23/2019 19:35,TOTAL EAST,23314,3521.47,6800,-9999
07/23/2019 19:35,UPNY CONED,23315,3453.23,5700,-9999
07/23/2019 19:35,WEST CENTRAL,23312,226.44,9999,-9999
07/23/2019 19:40,CENTRAL EAST - VC,23330,2158.3,2690,-9999
07/23/2019 19:40,DYSINGER EAST,23326,1050.84,3150,-9999
07/23/2019 19:40,MOSES SOUTH,23319,2123.97,3150,-1600
07/23/2019 19:40,SCH - HQ - NY,23324,1500,1500,-800
07/23/2019 19:40,SCH - HQ_CEDARS,325274,190,190,-40
07/23/2019 19:40,SCH - HQ_IMPORT_EXPORT,325376,1200,1310,-9999
07/23/2019 19:40,SCH - NE - NY,23318,-391.06,1400,-1600
07/23/2019 19:40,SCH - NPX_1385,325277,199,200,-200
07/23/2019 19:40,SCH - NPX_CSC,325154,280,330,-330
07/23/2019 19:40,SCH - OH - NY,23317,474.71,1450,-1700
07/23/2019 19:40,SCH - PJ - NY,23316,401.31,2050,-1150
07/23/2019 19:40,SCH - PJM_HTP,325905,300,660,-660
07/23/2019 19:40,SCH - PJM_NEPTUNE,325305,590,660,-660
07/23/2019 19:40,SCH - PJM_VFT,325658,315,315,-315
07/23/2019 19:40,SPR/DUN-SOUTH,23320,3586.76,4350,-9999
07/23/2019 19:40,TOTAL EAST,23314,3535.51,6800,-9999
07/23/2019 19:40,UPNY CONED,23315,3422.87,5700,-9999
07/23/2019 19:40,WEST CENTRAL,23312,229.17,9999,-9999
07/23/2019 19:45,CENTRAL EAST - VC,23330,2082.49,2690,-9999
07/23/2019 19:45,DYSINGER EAST,23326,942.76,3150,-9999
07/23/2019 19:45,MOSES SOUTH,23319,2104.17,3150,-1600
07/23/2019 19:45,SCH - HQ - NY,23324,1500,1500,-800
07/23/2019 19:45,SCH - HQ_CEDARS,325274,190,190,-40
07/23/2019 19:45,SCH - HQ_IMPORT_EXPORT,325376,1200,1310,-9999
07/23/2019 19:45,SCH - NE - NY,23318,-433.86,1400,-1600
07/23/2019 19:45,SCH - NPX_1385,325277,199,200,-200
07/23/2019 19:45,SCH - NPX_CSC,325154,280,330,-330
07/23/2019 19:45,SCH - OH - NY,23317,474.59,1450,-1700
07/23/2019 19:45,SCH - PJ - NY,23316,385.4,2050,-1150
07/23/2019 19:45,SCH - PJM_HTP,325905,300,660,-660
07/23/2019 19:45,SCH - PJM_NEPTUNE,325305,587,660,-660
07/23/2019 19:45,SCH - PJM_VFT,325658,315,315,-315
07/23/2019 19:45,SPR/DUN-SOUTH,23320,3495.59,4350,-9999
07/23/2019 19:45,TOTAL EAST,23314,3521.76,6800,-9999
07/23/2019 19:45,UPNY CONED,23315,3357.65,5700,-9999
07/23/2019 19:45,WEST CENTRAL,23312,126.48,9999,-9999
07/23/2019 19:50,CENTRAL EAST - VC,23330,2016.45,2690,-9999
07/23/2019 19:50,DYSINGER EAST,23326,840.28,3150,-9999
07/23/2019 19:50,MOSES SOUTH,23319,2078.09,3150,-1600
07/23/2019 19:50,SCH - HQ - NY,23324,1500,1500,-800
07/23/2019 19:50,SCH - HQ_CEDARS,325274,190,190,-40
07/23/2019 19:50,SCH - HQ_IMPORT_EXPORT,325376,1200,1310,-9999
07/23/2019 19:50,SCH - NE - NY,23318,-477.77,1400,-1600
07/23/2019 19:50,SCH - NPX_1385,325277,199,200,-200
07/23/2019 19:50,SCH - NPX_CSC,325154,280,330,-330
07/23/2019 19:50,SCH - OH - NY,23317,474.49,1450,-1700
07/23/2019 19:50,SCH - PJ - NY,23316,363.15,2050,-1150
07/23/2019 19:50,SCH - PJM_HTP,325905,300,660,-660
07/23/2019 19:50,SCH - PJM_NEPTUNE,325305,585,660,-660
07/23/2019 19:50,SCH - PJM_VFT,325658,315,315,-315
07/23/2019 19:50,SPR/DUN-SOUTH,23320,3436,4350,-9999
07/23/2019 19:50,TOTAL EAST,23314,3538.38,6800,-9999
07/23/2019 19:50,UPNY CONED,23315,3300.48,5700,-9999
07/23/2019 19:50,WEST CENTRAL,23312,29.92,9999,-9999
07/23/2019 19:55,CENTRAL EAST - VC,23330,2033.65,2690,-9999
07/23/2019 19:55,DYSINGER EAST,23326,810.34,3150,-9999
07/23/2019 19:55,MOSES SOUTH,23319,2104.07,3150,-1600
07/23/2019 19:55,SCH - HQ - NY,23324,1500,1500,-800
07/23/2019 19:55,SCH - HQ_CEDARS,325274,190,190,-40
07/23/2019 19:55,SCH - HQ_IMPORT_EXPORT,325376,1200,1310,-9999
07/23/2019 19:55,SCH - NE - NY,23318,-477.98,1400,-1600
07/23/2019 19:55,SCH - NPX_1385,325277,199,200,-200
07/23/2019 19:55,SCH - NPX_CSC,325154,280,330,-330
07/23/2019 19:55,SCH - OH - NY,23317,474.49,1450,-1700
07/23/2019 19:55,SCH - PJ - NY,23316,372.38,2050,-1150
07/23/2019 19:55,SCH - PJM_HTP,325905,300,660,-660
07/23/2019 19:55,SCH - PJM_NEPTUNE,325305,585,660,-660
07/23/2019 19:55,SCH - PJM_VFT,325658,315,315,-315
07/23/2019 19:55,SPR/DUN-SOUTH,23320,3476.88,4350,-9999
07/23/2019 19:55,TOTAL EAST,23314,3603.1,6800,-9999
07/23/2019 19:55,UPNY CONED,23315,3335.36,5700,-9999
07/23/2019 19:55,WEST CENTRAL,23312,4.05,9999,-9999
07/23/2019 20:00,CENTRAL EAST - VC,23330,1944.76,2690,-9999
07/23/2019 20:00,DYSINGER EAST,23326,737.94,3150,-9999
07/23/2019 20:00,MOSES SOUTH,23319,2040.32,3150,-1600
07/23/2019 20:00,SCH - HQ - NY,23324,1500,1500,-800
07/23/2019 20:00,SCH - HQ_CEDARS,325274,190,190,-40
07/23/2019 20:00,SCH - HQ_IMPORT_EXPORT,325376,1200,1310,-9999
07/23/2019 20:00,SCH - NE - NY,23318,-439.1,1400,-1600
07/23/2019 20:00,SCH - NPX_1385,325277,148,200,-200
07/23/2019 20:00,SCH - NPX_CSC,325154,280,330,-330
07/23/2019 20:00,SCH - OH - NY,23317,436.51,1450,-1700
07/23/2019 20:00,SCH - PJ - NY,23316,333.41,2050,-1150
07/23/2019 20:00,SCH - PJM_HTP,325905,300,660,-660
07/23/2019 20:00,SCH - PJM_NEPTUNE,325305,622,660,-660
07/23/2019 20:00,SCH - PJM_VFT,325658,315,315,-315
07/23/2019 20:00,SPR/DUN-SOUTH,23320,3318.67,4350,-9999
07/23/2019 20:00,TOTAL EAST,23314,3416.37,6800,-9999
07/23/2019 20:00,UPNY CONED,23315,3172.68,5700,-9999
07/23/2019 20:00,WEST CENTRAL,23312,-61.47,9999,-9999
07/23/2019 20:05,CENTRAL EAST - VC,23330,1896.46,2690,-9999
07/23/2019 20:05,DYSINGER EAST,23326,683.61,3150,-9999
07/23/2019 20:05,MOSES SOUTH,23319,2050.73,3150,-1600
07/23/2019 20:05,SCH - HQ - NY,23324,1500,1500,-800
07/23/2019 20:05,SCH - HQ_CEDARS,325274,190,190,-40
07/23/2019 20:05,SCH - HQ_IMPORT_EXPORT,325376,1200,1310,-9999
07/23/2019 20:05,SCH - NE - NY,23318,-401.45,1400,-1600
07/23/2019 20:05,SCH - NPX_1385,325277,98,200,-200
07/23/2019 20:05,SCH - NPX_CSC,325154,280,330,-330
07/23/2019 20:05,SCH - OH - NY,23317,399.58,1450,-1700
07/23/2019 20:05,SCH - PJ - NY,23316,296.28,2050,-1150
07/23/2019 20:05,SCH - PJM_HTP,325905,300,660,-660
07/23/2019 20:05,SCH - PJM_NEPTUNE,325305,660,660,-660
07/23/2019 20:05,SCH - PJM_VFT,325658,315,315,-315
07/23/2019 20:05,SPR/DUN-SOUTH,23320,3267.32,4350,-9999
07/23/2019 20:05,TOTAL EAST,23314,3346.79,6800,-9999
07/23/2019 20:05,UPNY CONED,23315,3125.18,5700,-9999
07/23/2019 20:05,WEST CENTRAL,23312,-109.43,9999,-9999
07/23/2019 20:10,CENTRAL EAST - VC,23330,1953.39,2690,-9999
07/23/2019 20:10,DYSINGER EAST,23326,734.37,3150,-9999
07/23/2019 20:10,MOSES SOUTH,23319,2065.84,3150,-1600
07/23/2019 20:10,SCH - HQ - NY,23324,1500,1500,-800
07/23/2019 20:10,SCH - HQ_CEDARS,325274,190,190,-40
07/23/2019 20:10,SCH - HQ_IMPORT_EXPORT,325376,1200,1310,-9999
07/23/2019 20:10,SCH - NE - NY,23318,-400.99,1400,-1600
07/23/2019 20:10,SCH - NPX_1385,325277,98,200,-200
07/23/2019 20:10,SCH - NPX_CSC,325154,280,330,-330
07/23/2019 20:10,SCH - OH - NY,23317,399.59,1450,-1700
07/23/2019 20:10,SCH - PJ - NY,23316,298.21,2050,-1150
07/23/2019 20:10,SCH - PJM_HTP,325905,300,660,-660
07/23/2019 20:10,SCH - PJM_NEPTUNE,325305,660,660,-660
07/23/2019 20:10,SCH - PJM_VFT,325658,315,315,-315
07/23/2019 20:10,SPR/DUN-SOUTH,23320,3311.01,4350,-9999
07/23/2019 20:10,TOTAL EAST,23314,3357.49,6800,-9999
07/23/2019 20:10,UPNY CONED,23315,3155.63,5700,-9999
07/23/2019 20:10,WEST CENTRAL,23312,-51.77,9999,-9999
07/23/2019 20:15,CENTRAL EAST - VC,23330,1988.5,2690,-9999
07/23/2019 20:15,DYSINGER EAST,23326,803.18,3150,-9999
07/23/2019 20:15,MOSES SOUTH,23319,2046.46,3150,-1600
07/23/2019 20:15,SCH - HQ - NY,23324,1500,1500,-800
07/23/2019 20:15,SCH - HQ_CEDARS,325274,190,190,-40
07/23/2019 20:15,SCH - HQ_IMPORT_EXPORT,325376,1200,1310,-9999
07/23/2019 20:15,SCH - NE - NY,23318,-400.97,1400,-1600
07/23/2019 20:15,SCH - NPX_1385,325277,98,200,-200
07/23/2019 20:15,SCH - NPX_CSC,325154,280,330,-330
07/23/2019 20:15,SCH - OH - NY,23317,399.58,1450,-1700
07/23/2019 20:15,SCH - PJ - NY,23316,295.38,2050,-1150
07/23/2019 20:15,SCH - PJM_HTP,325905,300,660,-660
07/23/2019 20:15,SCH - PJM_NEPTUNE,325305,654,660,-660
07/23/2019 20:15,SCH - PJM_VFT,325658,315,315,-315
07/23/2019 20:15,SPR/DUN-SOUTH,23320,3334.53,4350,-9999
07/23/2019 20:15,TOTAL EAST,23314,3358.76,6800,-9999
07/23/2019 20:15,UPNY CONED,23315,3176.85,5700,-9999
07/23/2019 20:15,WEST CENTRAL,23312,21.78,9999,-9999
07/23/2019 20:20,CENTRAL EAST - VC,23330,1972.05,2690,-9999
07/23/2019 20:20,DYSINGER EAST,23326,750.45,3150,-9999
07/23/2019 20:20,MOSES SOUTH,23319,2040.41,3150,-1600
07/23/2019 20:20,SCH - HQ - NY,23324,1500,1500,-800
07/23/2019 20:20,SCH - HQ_CEDARS,325274,190,190,-40
07/23/2019 20:20,SCH - HQ_IMPORT_EXPORT,325376,1200,1310,-9999
07/23/2019 20:20,SCH - NE - NY,23318,-401,1400,-1600
07/23/2019 20:20,SCH - NPX_1385,325277,98,200,-200
07/23/2019 20:20,SCH - NPX_CSC,325154,280,330,-330
07/23/2019 20:20,SCH - OH - NY,23317,399.56,1450,-1700
07/23/2019 20:20,SCH - PJ - NY,23316,298.53,2050,-1150
07/23/2019 20:20,SCH - PJM_HTP,325905,300,660,-660
07/23/2019 20:20,SCH - PJM_NEPTUNE,325305,648,660,-660
07/23/2019 20:20,SCH - PJM_VFT,325658,315,315,-315
07/23/2019 20:20,SPR/DUN-SOUTH,23320,3304.34,4350,-9999
07/23/2019 20:20,TOTAL EAST,23314,3401.09,6800,-9999
07/23/2019 20:20,UPNY CONED,23315,3163.85,5700,-9999
07/23/2019 20:20,WEST CENTRAL,23312,-27.96,9999,-9999
07/23/2019 20:25,CENTRAL EAST - VC,23330,2023.59,2690,-9999
07/23/2019 20:25,DYSINGER EAST,23326,822,3150,-9999
07/23/2019 20:25,MOSES SOUTH,23319,2043.31,3150,-1600
07/23/2019 20:25,SCH - HQ - NY,23324,1500,1500,-800
07/23/2019 20:25,SCH - HQ_CEDARS,325274,190,190,-40
07/23/2019 20:25,SCH - HQ_IMPORT_EXPORT,325376,1200,1310,-9999
07/23/2019 20:25,SCH - NE - NY,23318,-400.92,1400,-1600
07/23/2019 20:25,SCH - NPX_1385,325277,98,200,-200
07/23/2019 20:25,SCH - NPX_CSC,325154,280,330,-330
07/23/2019 20:25,SCH - OH - NY,23317,399.56,1450,-1700
07/23/2019 20:25,SCH - PJ - NY,23316,298.51,2050,-1150
07/23/2019 20:25,SCH - PJM_HTP,325905,300,660,-660
07/23/2019 20:25,SCH - PJM_NEPTUNE,325305,648,660,-660
07/23/2019 20:25,SCH - PJM_VFT,325658,315,315,-315
07/23/2019 20:25,SPR/DUN-SOUTH,23320,3349.51,4350,-9999
07/23/2019 20:25,TOTAL EAST,23314,3415.42,6800,-9999
07/23/2019 20:25,UPNY CONED,23315,3196.42,5700,-9999
07/23/2019 20:25,WEST CENTRAL,23312,47.99,9999,-9999
07/23/2019 20:30,CENTRAL EAST - VC,23330,2002.96,2690,-9999
07/23/2019 20:30,DYSINGER EAST,23326,817.79,3150,-9999
07/23/2019 20:30,MOSES SOUTH,23319,2046.84,3150,-1600
07/23/2019 20:30,SCH - HQ - NY,23324,1500,1500,-800
07/23/2019 20:30,SCH - HQ_CEDARS,325274,190,190,-40
07/23/2019 20:30,SCH - HQ_IMPORT_EXPORT,325376,1200,1310,-9999
07/23/2019 20:30,SCH - NE - NY,23318,-401.05,1400,-1600
07/23/2019 20:30,SCH - NPX_1385,325277,98,200,-200
07/23/2019 20:30,SCH - NPX_CSC,325154,280,330,-330
07/23/2019 20:30,SCH - OH - NY,23317,399.59,1450,-1700
07/23/2019 20:30,SCH - PJ - NY,23316,295.39,2050,-1150
07/23/2019 20:30,SCH - PJM_HTP,325905,300,660,-660
07/23/2019 20:30,SCH - PJM_NEPTUNE,325305,639,660,-660
07/23/2019 20:30,SCH - PJM_VFT,325658,315,315,-315
07/23/2019 20:30,SPR/DUN-SOUTH,23320,3337.24,4350,-9999
07/23/2019 20:30,TOTAL EAST,23314,3408.37,6800,-9999
07/23/2019 20:30,UPNY CONED,23315,3183.08,5700,-9999
07/23/2019 20:30,WEST CENTRAL,23312,46.56,9999,-9999
07/23/2019 20:35,CENTRAL EAST - VC,23330,2013.18,2690,-9999
07/23/2019 20:35,DYSINGER EAST,23326,817.61,3150,-9999
07/23/2019 20:35,MOSES SOUTH,23319,2038.26,3150,-1600
07/23/2019 20:35,SCH - HQ - NY,23324,1500,1500,-800
07/23/2019 20:35,SCH - HQ_CEDARS,325274,190,190,-40
07/23/2019 20:35,SCH - HQ_IMPORT_EXPORT,325376,1200,1310,-9999
07/23/2019 20:35,SCH - NE - NY,23318,-401.02,1400,-1600
07/23/2019 20:35,SCH - NPX_1385,325277,98,200,-200
07/23/2019 20:35,SCH - NPX_CSC,325154,280,330,-330
07/23/2019 20:35,SCH - OH - NY,23317,399.56,1450,-1700
07/23/2019 20:35,SCH - PJ - NY,23316,293.57,2050,-1150
07/23/2019 20:35,SCH - PJM_HTP,325905,300,660,-660
07/23/2019 20:35,SCH - PJM_NEPTUNE,325305,631,660,-660
07/23/2019 20:35,SCH - PJM_VFT,325658,315,315,-315
07/23/2019 20:35,SPR/DUN-SOUTH,23320,3342.65,4350,-9999
07/23/2019 20:35,TOTAL EAST,23314,3430.96,6800,-9999
07/23/2019 20:35,UPNY CONED,23315,3200.95,5700,-9999
07/23/2019 20:35,WEST CENTRAL,23312,49.61,9999,-9999
07/23/2019 20:40,CENTRAL EAST - VC,23330,2021.31,2690,-9999
07/23/2019 20:40,DYSINGER EAST,23326,786.75,3150,-9999
07/23/2019 20:40,MOSES SOUTH,23319,2028.08,3150,-1600
07/23/2019 20:40,SCH - HQ - NY,23324,1500,1500,-800
07/23/2019 20:40,SCH - HQ_CEDARS,325274,190,190,-40
07/23/2019 20:40,SCH - HQ_IMPORT_EXPORT,325376,1200,1310,-9999
07/23/2019 20:40,SCH - NE - NY,23318,-400.77,1400,-1600
07/23/2019 20:40,SCH - NPX_1385,325277,98,200,-200
07/23/2019 20:40,SCH - NPX_CSC,325154,280,330,-330
07/23/2019 20:40,SCH - OH - NY,23317,399.52,1450,-1700
07/23/2019 20:40,SCH - PJ - NY,23316,296.45,2050,-1150
07/23/2019 20:40,SCH - PJM_HTP,325905,300,660,-660
07/23/2019 20:40,SCH - PJM_NEPTUNE,325305,631,660,-660
07/23/2019 20:40,SCH - PJM_VFT,325658,315,315,-315
07/23/2019 20:40,SPR/DUN-SOUTH,23320,3353.11,4350,-9999
07/23/2019 20:40,TOTAL EAST,23314,3432.54,6800,-9999
07/23/2019 20:40,UPNY CONED,23315,3186.93,5700,-9999
07/23/2019 20:40,WEST CENTRAL,23312,21.02,9999,-9999
07/23/2019 20:45,CENTRAL EAST - VC,23330,2054.77,2690,-9999
07/23/2019 20:45,DYSINGER EAST,23326,814.9,3150,-9999
07/23/2019 20:45,MOSES SOUTH,23319,2036.74,3150,-1600
07/23/2019 20:45,SCH - HQ - NY,23324,1500,1500,-800
07/23/2019 20:45,SCH - HQ_CEDARS,325274,190,190,-40
07/23/2019 20:45,SCH - HQ_IMPORT_EXPORT,325376,1200,1310,-9999
07/23/2019 20:45,SCH - NE - NY,23318,-380.87,1400,-1600
07/23/2019 20:45,SCH - NPX_1385,325277,98,200,-200
07/23/2019 20:45,SCH - NPX_CSC,325154,280,330,-330
07/23/2019 20:45,SCH - OH - NY,23317,399.54,1450,-1700
07/23/2019 20:45,SCH - PJ - NY,23316,298.26,2050,-1150
07/23/2019 20:45,SCH - PJM_HTP,325905,300,660,-660
07/23/2019 20:45,SCH - PJM_NEPTUNE,325305,608,660,-660
07/23/2019 20:45,SCH - PJM_VFT,325658,315,315,-315
07/23/2019 20:45,SPR/DUN-SOUTH,23320,3396.5,4350,-9999
07/23/2019 20:45,TOTAL EAST,23314,3442.04,6800,-9999
07/23/2019 20:45,UPNY CONED,23315,3238.14,5700,-9999
07/23/2019 20:45,WEST CENTRAL,23312,48.4,9999,-9999
07/23/2019 20:50,CENTRAL EAST - VC,23330,2041.09,2690,-9999
07/23/2019 20:50,DYSINGER EAST,23326,806.84,3150,-9999
07/23/2019 20:50,MOSES SOUTH,23319,2039.75,3150,-1600
07/23/2019 20:50,SCH - HQ - NY,23324,1500,1500,-800
07/23/2019 20:50,SCH - HQ_CEDARS,325274,190,190,-40
07/23/2019 20:50,SCH - HQ_IMPORT_EXPORT,325376,1200,1310,-9999
07/23/2019 20:50,SCH - NE - NY,23318,-360.87,1400,-1600
07/23/2019 20:50,SCH - NPX_1385,325277,98,200,-200
07/23/2019 20:50,SCH - NPX_CSC,325154,280,330,-330
07/23/2019 20:50,SCH - OH - NY,23317,399.55,1450,-1700
07/23/2019 20:50,SCH - PJ - NY,23316,295.6,2050,-1150
07/23/2019 20:50,SCH - PJM_HTP,325905,300,660,-660
07/23/2019 20:50,SCH - PJM_NEPTUNE,325305,585,660,-660
07/23/2019 20:50,SCH - PJM_VFT,325658,315,315,-315
07/23/2019 20:50,SPR/DUN-SOUTH,23320,3375.35,4350,-9999
07/23/2019 20:50,TOTAL EAST,23314,3429.05,6800,-9999
07/23/2019 20:50,UPNY CONED,23315,3221.51,5700,-9999
07/23/2019 20:50,WEST CENTRAL,23312,39.19,9999,-9999
07/23/2019 20:55,CENTRAL EAST - VC,23330,2048.43,2690,-9999
07/23/2019 20:55,DYSINGER EAST,23326,846.36,3150,-9999
07/23/2019 20:55,MOSES SOUTH,23319,2061.02,3150,-1600
07/23/2019 20:55,SCH - HQ - NY,23324,1500,1500,-800
07/23/2019 20:55,SCH - HQ_CEDARS,325274,190,190,-40
07/23/2019 20:55,SCH - HQ_IMPORT_EXPORT,325376,1200,1310,-9999
07/23/2019 20:55,SCH - NE - NY,23318,-361.04,1400,-1600
07/23/2019 20:55,SCH - NPX_1385,325277,98,200,-200
07/23/2019 20:55,SCH - NPX_CSC,325154,280,330,-330
07/23/2019 20:55,SCH - OH - NY,23317,399.62,1450,-1700
07/23/2019 20:55,SCH - PJ - NY,23316,295.61,2050,-1150
07/23/2019 20:55,SCH - PJM_HTP,325905,300,660,-660
07/23/2019 20:55,SCH - PJM_NEPTUNE,325305,585,660,-660
07/23/2019 20:55,SCH - PJM_VFT,325658,315,315,-315
07/23/2019 20:55,SPR/DUN-SOUTH,23320,3372.15,4350,-9999
07/23/2019 20:55,TOTAL EAST,23314,3400.28,6800,-9999
07/23/2019 20:55,UPNY CONED,23315,3197.03,5700,-9999
07/23/2019 20:55,WEST CENTRAL,23312,75.46,9999,-9999
07/23/2019 21:00,CENTRAL EAST - VC,23330,1959.44,2690,-9999
07/23/2019 21:00,DYSINGER EAST,23326,746.33,3150,-9999
07/23/2019 21:00,MOSES SOUTH,23319,2061.68,3150,-1600
07/23/2019 21:00,SCH - HQ - NY,23324,1500,1500,-800
07/23/2019 21:00,SCH - HQ_CEDARS,325274,190,190,-40
07/23/2019 21:00,SCH - HQ_IMPORT_EXPORT,325376,1200,1310,-9999
07/23/2019 21:00,SCH - NE - NY,23318,-211.33,1400,-1600
07/23/2019 21:00,SCH - NPX_1385,325277,96,200,-200
07/23/2019 21:00,SCH - NPX_CSC,325154,280,330,-330
07/23/2019 21:00,SCH - OH - NY,23317,399.6,1450,-1700
07/23/2019 21:00,SCH - PJ - NY,23316,347.78,2050,-1150
07/23/2019 21:00,SCH - PJM_HTP,325905,250,660,-660
07/23/2019 21:00,SCH - PJM_NEPTUNE,325305,591,660,-660
07/23/2019 21:00,SCH - PJM_VFT,325658,315,315,-315
07/23/2019 21:00,SPR/DUN-SOUTH,23320,3392.29,4350,-9999
07/23/2019 21:00,TOTAL EAST,23314,3353.74,6800,-9999
07/23/2019 21:00,UPNY CONED,23315,3246.31,5700,-9999
07/23/2019 21:00,WEST CENTRAL,23312,-21.92,9999,-9999
07/23/2019 21:05,CENTRAL EAST - VC,23330,1994.64,2690,-9999
07/23/2019 21:05,DYSINGER EAST,23326,801.51,3150,-9999
07/23/2019 21:05,MOSES SOUTH,23319,2052.16,3150,-1600
07/23/2019 21:05,SCH - HQ - NY,23324,1500,1500,-800
07/23/2019 21:05,SCH - HQ_CEDARS,325274,190,190,-40
07/23/2019 21:05,SCH - HQ_IMPORT_EXPORT,325376,1200,1310,-9999
07/23/2019 21:05,SCH - NE - NY,23318,-61.7,1400,-1600
07/23/2019 21:05,SCH - NPX_1385,325277,94,200,-200
07/23/2019 21:05,SCH - NPX_CSC,325154,280,330,-330
07/23/2019 21:05,SCH - OH - NY,23317,399.6,1450,-1700
07/23/2019 21:05,SCH - PJ - NY,23316,395.71,2050,-1150
07/23/2019 21:05,SCH - PJM_HTP,325905,200,660,-660
07/23/2019 21:05,SCH - PJM_NEPTUNE,325305,597,660,-660
07/23/2019 21:05,SCH - PJM_VFT,325658,315,315,-315
07/23/2019 21:05,SPR/DUN-SOUTH,23320,3557.77,4350,-9999
07/23/2019 21:05,TOTAL EAST,23314,3414.83,6800,-9999
07/23/2019 21:05,UPNY CONED,23315,3428.4,5700,-9999
07/23/2019 21:05,WEST CENTRAL,23312,36.99,9999,-9999
07/23/2019 21:10,CENTRAL EAST - VC,23330,1987.73,2690,-9999
07/23/2019 21:10,DYSINGER EAST,23326,807.68,3150,-9999
07/23/2019 21:10,MOSES SOUTH,23319,2066.63,3150,-1600
07/23/2019 21:10,SCH - HQ - NY,23324,1500,1500,-800
07/23/2019 21:10,SCH - HQ_CEDARS,325274,190,190,-40
07/23/2019 21:10,SCH - HQ_IMPORT_EXPORT,325376,1200,1310,-9999
07/23/2019 21:10,SCH - NE - NY,23318,-61.64,1400,-1600
07/23/2019 21:10,SCH - NPX_1385,325277,94,200,-200
07/23/2019 21:10,SCH - NPX_CSC,325154,280,330,-330
07/23/2019 21:10,SCH - OH - NY,23317,399.62,1450,-1700
07/23/2019 21:10,SCH - PJ - NY,23316,397.47,2050,-1150
07/23/2019 21:10,SCH - PJM_HTP,325905,200,660,-660
07/23/2019 21:10,SCH - PJM_NEPTUNE,325305,597,660,-660
07/23/2019 21:10,SCH - PJM_VFT,325658,315,315,-315
07/23/2019 21:10,SPR/DUN-SOUTH,23320,3528.92,4350,-9999
07/23/2019 21:10,TOTAL EAST,23314,3415.48,6800,-9999
07/23/2019 21:10,UPNY CONED,23315,3382.28,5700,-9999
07/23/2019 21:10,WEST CENTRAL,23312,42.01,9999,-9999
07/23/2019 21:15,CENTRAL EAST - VC,23330,1930.77,2690,-9999
07/23/2019 21:15,DYSINGER EAST,23326,747.1,3150,-9999
07/23/2019 21:15,MOSES SOUTH,23319,2052.61,3150,-1600
07/23/2019 21:15,SCH - HQ - NY,23324,1500,1500,-800
07/23/2019 21:15,SCH - HQ_CEDARS,325274,190,190,-40
07/23/2019 21:15,SCH - HQ_IMPORT_EXPORT,325376,1200,1310,-9999
07/23/2019 21:15,SCH - NE - NY,23318,-52.56,1400,-1600
07/23/2019 21:15,SCH - NPX_1385,325277,94,200,-200
07/23/2019 21:15,SCH - NPX_CSC,325154,280,330,-330
07/23/2019 21:15,SCH - OH - NY,23317,399.6,1450,-1700
07/23/2019 21:15,SCH - PJ - NY,23316,397.06,2050,-1150
07/23/2019 21:15,SCH - PJM_HTP,325905,200,660,-660
07/23/2019 21:15,SCH - PJM_NEPTUNE,325305,610,660,-660
07/23/2019 21:15,SCH - PJM_VFT,325658,315,315,-315
07/23/2019 21:15,SPR/DUN-SOUTH,23320,3464.75,4350,-9999
07/23/2019 21:15,TOTAL EAST,23314,3374.32,6800,-9999
07/23/2019 21:15,UPNY CONED,23315,3311.42,5700,-9999
07/23/2019 21:15,WEST CENTRAL,23312,-16.89,9999,-9999
07/23/2019 21:20,CENTRAL EAST - VC,23330,1905.98,2690,-9999
07/23/2019 21:20,DYSINGER EAST,23326,724.18,3150,-9999
07/23/2019 21:20,MOSES SOUTH,23319,2042.94,3150,-1600
07/23/2019 21:20,SCH - HQ - NY,23324,1500,1500,-800
07/23/2019 21:20,SCH - HQ_CEDARS,325274,190,190,-40
07/23/2019 21:20,SCH - HQ_IMPORT_EXPORT,325376,1200,1310,-9999
07/23/2019 21:20,SCH - NE - NY,23318,-43.65,1400,-1600
07/23/2019 21:20,SCH - NPX_1385,325277,94,200,-200
07/23/2019 21:20,SCH - NPX_CSC,325154,280,330,-330
07/23/2019 21:20,SCH - OH - NY,23317,399.6,1450,-1700
07/23/2019 21:20,SCH - PJ - NY,23316,394.94,2050,-1150
07/23/2019 21:20,SCH - PJM_HTP,325905,200,660,-660
07/23/2019 21:20,SCH - PJM_NEPTUNE,325305,624,660,-660
07/23/2019 21:20,SCH - PJM_VFT,325658,315,315,-315
07/23/2019 21:20,SPR/DUN-SOUTH,23320,3457.35,4350,-9999
07/23/2019 21:20,TOTAL EAST,23314,3359.16,6800,-9999
07/23/2019 21:20,UPNY CONED,23315,3302.73,5700,-9999
07/23/2019 21:20,WEST CENTRAL,23312,-34.98,9999,-9999
07/23/2019 21:25,CENTRAL EAST - VC,23330,1938.8,2690,-9999
07/23/2019 21:25,DYSINGER EAST,23326,747.81,3150,-9999
07/23/2019 21:25,MOSES SOUTH,23319,2059.21,3150,-1600
07/23/2019 21:25,SCH - HQ - NY,23324,1500,1500,-800
07/23/2019 21:25,SCH - HQ_CEDARS,325274,190,190,-40
07/23/2019 21:25,SCH - HQ_IMPORT_EXPORT,325376,1200,1310,-9999
07/23/2019 21:25,SCH - NE - NY,23318,-43.57,1400,-1600
07/23/2019 21:25,SCH - NPX_1385,325277,94,200,-200
07/23/2019 21:25,SCH - NPX_CSC,325154,280,330,-330
07/23/2019 21:25,SCH - OH - NY,23317,399.64,1450,-1700
07/23/2019 21:25,SCH - PJ - NY,23316,395.93,2050,-1150
07/23/2019 21:25,SCH - PJM_HTP,325905,200,660,-660
07/23/2019 21:25,SCH - PJM_NEPTUNE,325305,624,660,-660
07/23/2019 21:25,SCH - PJM_VFT,325658,315,315,-315
07/23/2019 21:25,SPR/DUN-SOUTH,23320,3522.74,4350,-9999
07/23/2019 21:25,TOTAL EAST,23314,3383.66,6800,-9999
07/23/2019 21:25,UPNY CONED,23315,3354.38,5700,-9999
07/23/2019 21:25,WEST CENTRAL,23312,-3.97,9999,-9999
07/23/2019 21:30,CENTRAL EAST - VC,23330,1986.2,2690,-9999
07/23/2019 21:30,DYSINGER EAST,23326,759.34,3150,-9999
07/23/2019 21:30,MOSES SOUTH,23319,2032.17,3150,-1600
07/23/2019 21:30,SCH - HQ - NY,23324,1500,1500,-800
07/23/2019 21:30,SCH - HQ_CEDARS,325274,190,190,-40
07/23/2019 21:30,SCH - HQ_IMPORT_EXPORT,325376,1200,1310,-9999
07/23/2019 21:30,SCH - NE - NY,23318,-93.23,1400,-1600
07/23/2019 21:30,SCH - NPX_1385,325277,94,200,-200
07/23/2019 21:30,SCH - NPX_CSC,325154,280,330,-330
07/23/2019 21:30,SCH - OH - NY,23317,399.54,1450,-1700
07/23/2019 21:30,SCH - PJ - NY,23316,395,2050,-1150
07/23/2019 21:30,SCH - PJM_HTP,325905,200,660,-660
07/23/2019 21:30,SCH - PJM_NEPTUNE,325305,612,660,-660
07/23/2019 21:30,SCH - PJM_VFT,325658,315,315,-315
07/23/2019 21:30,SPR/DUN-SOUTH,23320,3532.11,4350,-9999
07/23/2019 21:30,TOTAL EAST,23314,3444.3,6800,-9999
07/23/2019 21:30,UPNY CONED,23315,3381.66,5700,-9999
07/23/2019 21:30,WEST CENTRAL,23312,16.32,9999,-9999
07/23/2019 21:35,CENTRAL EAST - VC,23330,2011.5,2690,-9999
07/23/2019 21:35,DYSINGER EAST,23326,756.03,3150,-9999
07/23/2019 21:35,MOSES SOUTH,23319,2060.24,3150,-1600
07/23/2019 21:35,SCH - HQ - NY,23324,1500,1500,-800
07/23/2019 21:35,SCH - HQ_CEDARS,325274,190,190,-40
07/23/2019 21:35,SCH - HQ_IMPORT_EXPORT,325376,1200,1310,-9999
07/23/2019 21:35,SCH - NE - NY,23318,-143.08,1400,-1600
07/23/2019 21:35,SCH - NPX_1385,325277,94,200,-200
07/23/2019 21:35,SCH - NPX_CSC,325154,280,330,-330
07/23/2019 21:35,SCH - OH - NY,23317,399.6,1450,-1700
07/23/2019 21:35,SCH - PJ - NY,23316,394.66,2050,-1150
07/23/2019 21:35,SCH - PJM_HTP,325905,200,660,-660
07/23/2019 21:35,SCH - PJM_NEPTUNE,325305,601,660,-660
07/23/2019 21:35,SCH - PJM_VFT,325658,315,315,-315
07/23/2019 21:35,SPR/DUN-SOUTH,23320,3524.99,4350,-9999
07/23/2019 21:35,TOTAL EAST,23314,3497.76,6800,-9999
07/23/2019 21:35,UPNY CONED,23315,3389.35,5700,-9999
07/23/2019 21:35,WEST CENTRAL,23312,24.15,9999,-9999
07/23/2019 21:40,CENTRAL EAST - VC,23330,2020.18,2690,-9999
07/23/2019 21:40,DYSINGER EAST,23326,769.88,3150,-9999
07/23/2019 21:40,MOSES SOUTH,23319,2068.62,3150,-1600
07/23/2019 21:40,SCH - HQ - NY,23324,1500,1500,-800
07/23/2019 21:40,SCH - HQ_CEDARS,325274,190,190,-40
07/23/2019 21:40,SCH - HQ_IMPORT_EXPORT,325376,1200,1310,-9999
07/23/2019 21:40,SCH - NE - NY,23318,-143.25,1400,-1600
07/23/2019 21:40,SCH - NPX_1385,325277,94,200,-200
07/23/2019 21:40,SCH - NPX_CSC,325154,280,330,-330
07/23/2019 21:40,SCH - OH - NY,23317,399.65,1450,-1700
07/23/2019 21:40,SCH - PJ - NY,23316,394.65,2050,-1150
07/23/2019 21:40,SCH - PJM_HTP,325905,200,660,-660
07/23/2019 21:40,SCH - PJM_NEPTUNE,325305,601,660,-660
07/23/2019 21:40,SCH - PJM_VFT,325658,315,315,-315
07/23/2019 21:40,SPR/DUN-SOUTH,23320,3545.82,4350,-9999
07/23/2019 21:40,TOTAL EAST,23314,3527.68,6800,-9999
07/23/2019 21:40,UPNY CONED,23315,3395.52,5700,-9999
07/23/2019 21:40,WEST CENTRAL,23312,46.01,9999,-9999
07/23/2019 21:45,CENTRAL EAST - VC,23330,2048.81,2690,-9999
07/23/2019 21:45,DYSINGER EAST,23326,773.71,3150,-9999
07/23/2019 21:45,MOSES SOUTH,23319,2057.23,3150,-1600
07/23/2019 21:45,SCH - HQ - NY,23324,1500,1500,-800
07/23/2019 21:45,SCH - HQ_CEDARS,325274,190,190,-40
07/23/2019 21:45,SCH - HQ_IMPORT_EXPORT,325376,1200,1310,-9999
07/23/2019 21:45,SCH - NE - NY,23318,-211.02,1400,-1600
07/23/2019 21:45,SCH - NPX_1385,325277,94,200,-200
07/23/2019 21:45,SCH - NPX_CSC,325154,280,330,-330
07/23/2019 21:45,SCH - OH - NY,23317,399.59,1450,-1700
07/23/2019 21:45,SCH - PJ - NY,23316,396.66,2050,-1150
07/23/2019 21:45,SCH - PJM_HTP,325905,200,660,-660
07/23/2019 21:45,SCH - PJM_NEPTUNE,325305,594,660,-660
07/23/2019 21:45,SCH - PJM_VFT,325658,315,315,-315
07/23/2019 21:45,SPR/DUN-SOUTH,23320,3541.25,4350,-9999
07/23/2019 21:45,TOTAL EAST,23314,3559.61,6800,-9999
07/23/2019 21:45,UPNY CONED,23315,3409.81,5700,-9999
07/23/2019 21:45,WEST CENTRAL,23312,60.34,9999,-9999
07/23/2019 21:50,CENTRAL EAST - VC,23330,2055.4,2690,-9999
07/23/2019 21:50,DYSINGER EAST,23326,755.82,3150,-9999
07/23/2019 21:50,MOSES SOUTH,23319,2062.28,3150,-1600
07/23/2019 21:50,SCH - HQ - NY,23324,1500,1500,-800
07/23/2019 21:50,SCH - HQ_CEDARS,325274,190,190,-40
07/23/2019 21:50,SCH - HQ_IMPORT_EXPORT,325376,1200,1310,-9999
07/23/2019 21:50,SCH - NE - NY,23318,-278.83,1400,-1600
07/23/2019 21:50,SCH - NPX_1385,325277,94,200,-200
07/23/2019 21:50,SCH - NPX_CSC,325154,280,330,-330
07/23/2019 21:50,SCH - OH - NY,23317,399.59,1450,-1700
07/23/2019 21:50,SCH - PJ - NY,23316,395.36,2050,-1150
07/23/2019 21:50,SCH - PJM_HTP,325905,200,660,-660
07/23/2019 21:50,SCH - PJM_NEPTUNE,325305,588,660,-660
07/23/2019 21:50,SCH - PJM_VFT,325658,315,315,-315
07/23/2019 21:50,SPR/DUN-SOUTH,23320,3495.24,4350,-9999
07/23/2019 21:50,TOTAL EAST,23314,3588.34,6800,-9999
07/23/2019 21:50,UPNY CONED,23315,3379.29,5700,-9999
07/23/2019 21:50,WEST CENTRAL,23312,52.58,9999,-9999
07/23/2019 21:55,CENTRAL EAST - VC,23330,2067.34,2690,-9999
07/23/2019 21:55,DYSINGER EAST,23326,735.13,3150,-9999
07/23/2019 21:55,MOSES SOUTH,23319,2078.62,3150,-1600
07/23/2019 21:55,SCH - HQ - NY,23324,1500,1500,-800
07/23/2019 21:55,SCH - HQ_CEDARS,325274,190,190,-40
07/23/2019 21:55,SCH - HQ_IMPORT_EXPORT,325376,1200,1310,-9999
07/23/2019 21:55,SCH - NE - NY,23318,-278.77,1400,-1600
07/23/2019 21:55,SCH - NPX_1385,325277,94,200,-200
07/23/2019 21:55,SCH - NPX_CSC,325154,280,330,-330
07/23/2019 21:55,SCH - OH - NY,23317,399.61,1450,-1700
07/23/2019 21:55,SCH - PJ - NY,23316,394.19,2050,-1150
07/23/2019 21:55,SCH - PJM_HTP,325905,200,660,-660
07/23/2019 21:55,SCH - PJM_NEPTUNE,325305,588,660,-660
07/23/2019 21:55,SCH - PJM_VFT,325658,315,315,-315
07/23/2019 21:55,SPR/DUN-SOUTH,23320,3511.45,4350,-9999
07/23/2019 21:55,TOTAL EAST,23314,3624.95,6800,-9999
07/23/2019 21:55,UPNY CONED,23315,3375.63,5700,-9999
07/23/2019 21:55,WEST CENTRAL,23312,41.97,9999,-9999
07/23/2019 22:00,CENTRAL EAST - VC,23330,2139.74,2690,-9999
07/23/2019 22:00,DYSINGER EAST,23326,802.26,3150,-9999
07/23/2019 22:00,MOSES SOUTH,23319,2071.08,3150,-1600
07/23/2019 22:00,SCH - HQ - NY,23324,1500,1500,-800
07/23/2019 22:00,SCH - HQ_CEDARS,325274,190,190,-40
07/23/2019 22:00,SCH - HQ_IMPORT_EXPORT,325376,1200,1310,-9999
07/23/2019 22:00,SCH - NE - NY,23318,-357.3,1400,-1600
07/23/2019 22:00,SCH - NPX_1385,325277,94,200,-200
07/23/2019 22:00,SCH - NPX_CSC,325154,280,330,-330
07/23/2019 22:00,SCH - OH - NY,23317,409.65,1450,-1700
07/23/2019 22:00,SCH - PJ - NY,23316,398.39,2050,-1150
07/23/2019 22:00,SCH - PJM_HTP,325905,200,660,-660
07/23/2019 22:00,SCH - PJM_NEPTUNE,325305,586,660,-660
07/23/2019 22:00,SCH - PJM_VFT,325658,315,315,-315
07/23/2019 22:00,SPR/DUN-SOUTH,23320,3420.11,4350,-9999
07/23/2019 22:00,TOTAL EAST,23314,3693.62,6800,-9999
07/23/2019 22:00,UPNY CONED,23315,3312.86,5700,-9999
07/23/2019 22:00,WEST CENTRAL,23312,119.61,9999,-9999
07/23/2019 22:05,CENTRAL EAST - VC,23330,2116.55,2690,-9999
07/23/2019 22:05,DYSINGER EAST,23326,748.26,3150,-9999
07/23/2019 22:05,MOSES SOUTH,23319,2065.15,3150,-1600
07/23/2019 22:05,SCH - HQ - NY,23324,1500,1500,-800
07/23/2019 22:05,SCH - HQ_CEDARS,325274,190,190,-40
07/23/2019 22:05,SCH - HQ_IMPORT_EXPORT,325376,1200,1310,-9999
07/23/2019 22:05,SCH - NE - NY,23318,-436.23,1400,-1600
07/23/2019 22:05,SCH - NPX_1385,325277,94,200,-200
07/23/2019 22:05,SCH - NPX_CSC,325154,280,330,-330
07/23/2019 22:05,SCH - OH - NY,23317,419.59,1450,-1700
07/23/2019 22:05,SCH - PJ - NY,23316,399.75,2050,-1150
07/23/2019 22:05,SCH - PJM_HTP,325905,200,660,-660
07/23/2019 22:05,SCH - PJM_NEPTUNE,325305,585,660,-660
07/23/2019 22:05,SCH - PJM_VFT,325658,315,315,-315
07/23/2019 22:05,SPR/DUN-SOUTH,23320,3321.8,4350,-9999
07/23/2019 22:05,TOTAL EAST,23314,3800.06,6800,-9999
07/23/2019 22:05,UPNY CONED,23315,3217.68,5700,-9999
07/23/2019 22:05,WEST CENTRAL,23312,79.51,9999,-9999
07/23/2019 22:10,CENTRAL EAST - VC,23330,2162.25,2690,-9999
07/23/2019 22:10,DYSINGER EAST,23326,806.39,3150,-9999
07/23/2019 22:10,MOSES SOUTH,23319,2074.95,3150,-1600
07/23/2019 22:10,SCH - HQ - NY,23324,1500,1500,-800
07/23/2019 22:10,SCH - HQ_CEDARS,325274,190,190,-40
07/23/2019 22:10,SCH - HQ_IMPORT_EXPORT,325376,1200,1310,-9999
07/23/2019 22:10,SCH - NE - NY,23318,-436.07,1400,-1600
07/23/2019 22:10,SCH - NPX_1385,325277,94,200,-200
07/23/2019 22:10,SCH - NPX_CSC,325154,280,330,-330
07/23/2019 22:10,SCH - OH - NY,23317,419.64,1450,-1700
07/23/2019 22:10,SCH - PJ - NY,23316,391.44,2050,-1150
07/23/2019 22:10,SCH - PJM_HTP,325905,200,660,-660
07/23/2019 22:10,SCH - PJM_NEPTUNE,325305,585,660,-660
07/23/2019 22:10,SCH - PJM_VFT,325658,315,315,-315
07/23/2019 22:10,SPR/DUN-SOUTH,23320,3281.1,4350,-9999
07/23/2019 22:10,TOTAL EAST,23314,3831.95,6800,-9999
07/23/2019 22:10,UPNY CONED,23315,3182.44,5700,-9999
07/23/2019 22:10,WEST CENTRAL,23312,146.63,9999,-9999
07/23/2019 22:15,CENTRAL EAST - VC,23330,2117.29,2690,-9999
07/23/2019 22:15,DYSINGER EAST,23326,714.41,3150,-9999
07/23/2019 22:15,MOSES SOUTH,23319,2037.24,3150,-1600
07/23/2019 22:15,SCH - HQ - NY,23324,1500,1500,-800
07/23/2019 22:15,SCH - HQ_CEDARS,325274,190,190,-40
07/23/2019 22:15,SCH - HQ_IMPORT_EXPORT,325376,1200,1310,-9999
07/23/2019 22:15,SCH - NE - NY,23318,-493.73,1400,-1600
07/23/2019 22:15,SCH - NPX_1385,325277,94,200,-200
07/23/2019 22:15,SCH - NPX_CSC,325154,280,330,-330
07/23/2019 22:15,SCH - OH - NY,23317,419.57,1450,-1700
07/23/2019 22:15,SCH - PJ - NY,23316,398.4,2050,-1150
07/23/2019 22:15,SCH - PJM_HTP,325905,200,660,-660
07/23/2019 22:15,SCH - PJM_NEPTUNE,325305,585,660,-660
07/23/2019 22:15,SCH - PJM_VFT,325658,315,315,-315
07/23/2019 22:15,SPR/DUN-SOUTH,23320,3276.47,4350,-9999
07/23/2019 22:15,TOTAL EAST,23314,3798.61,6800,-9999
07/23/2019 22:15,UPNY CONED,23315,3181.07,5700,-9999
07/23/2019 22:15,WEST CENTRAL,23312,62.94,9999,-9999
07/23/2019 22:20,CENTRAL EAST - VC,23330,2138.06,2690,-9999
07/23/2019 22:20,DYSINGER EAST,23326,711.92,3150,-9999
07/23/2019 22:20,MOSES SOUTH,23319,2044.88,3150,-1600
07/23/2019 22:20,SCH - HQ - NY,23324,1500,1500,-800
07/23/2019 22:20,SCH - HQ_CEDARS,325274,190,190,-40
07/23/2019 22:20,SCH - HQ_IMPORT_EXPORT,325376,1200,1310,-9999
07/23/2019 22:20,SCH - NE - NY,23318,-553.01,1400,-1600
07/23/2019 22:20,SCH - NPX_1385,325277,94,200,-200
07/23/2019 22:20,SCH - NPX_CSC,325154,280,330,-330
07/23/2019 22:20,SCH - OH - NY,23317,419.59,1450,-1700
07/23/2019 22:20,SCH - PJ - NY,23316,398.32,2050,-1150
07/23/2019 22:20,SCH - PJM_HTP,325905,200,660,-660
07/23/2019 22:20,SCH - PJM_NEPTUNE,325305,585,660,-660
07/23/2019 22:20,SCH - PJM_VFT,325658,315,315,-315
07/23/2019 22:20,SPR/DUN-SOUTH,23320,3281.39,4350,-9999
07/23/2019 22:20,TOTAL EAST,23314,3908.63,6800,-9999
07/23/2019 22:20,UPNY CONED,23315,3169.19,5700,-9999
07/23/2019 22:20,WEST CENTRAL,23312,70.5,9999,-9999
07/23/2019 22:25,CENTRAL EAST - VC,23330,2188.25,2690,-9999
07/23/2019 22:25,DYSINGER EAST,23326,733.32,3150,-9999
07/23/2019 22:25,MOSES SOUTH,23319,2044.72,3150,-1600
07/23/2019 22:25,SCH - HQ - NY,23324,1500,1500,-800
07/23/2019 22:25,SCH - HQ_CEDARS,325274,190,190,-40
07/23/2019 22:25,SCH - HQ_IMPORT_EXPORT,325376,1200,1310,-9999
07/23/2019 22:25,SCH - NE - NY,23318,-552.56,1400,-1600
07/23/2019 22:25,SCH - NPX_1385,325277,94,200,-200
07/23/2019 22:25,SCH - NPX_CSC,325154,280,330,-330
07/23/2019 22:25,SCH - OH - NY,23317,419.58,1450,-1700
07/23/2019 22:25,SCH - PJ - NY,23316,400.75,2050,-1150
07/23/2019 22:25,SCH - PJM_HTP,325905,200,660,-660
07/23/2019 22:25,SCH - PJM_NEPTUNE,325305,585,660,-660
07/23/2019 22:25,SCH - PJM_VFT,325658,315,315,-315
07/23/2019 22:25,SPR/DUN-SOUTH,23320,3324.88,4350,-9999
07/23/2019 22:25,TOTAL EAST,23314,3899.62,6800,-9999
07/23/2019 22:25,UPNY CONED,23315,3188.44,5700,-9999
07/23/2019 22:25,WEST CENTRAL,23312,97.5,9999,-9999
07/23/2019 22:30,CENTRAL EAST - VC,23330,2215.63,2690,-9999
07/23/2019 22:30,DYSINGER EAST,23326,736.21,3150,-9999
07/23/2019 22:30,MOSES SOUTH,23319,2057.43,3150,-1600
07/23/2019 22:30,SCH - HQ - NY,23324,1500,1500,-800
07/23/2019 22:30,SCH - HQ_CEDARS,325274,190,190,-40
07/23/2019 22:30,SCH - HQ_IMPORT_EXPORT,325376,1200,1310,-9999
07/23/2019 22:30,SCH - NE - NY,23318,-606.3,1400,-1600
07/23/2019 22:30,SCH - NPX_1385,325277,94,200,-200
07/23/2019 22:30,SCH - NPX_CSC,325154,280,330,-330
07/23/2019 22:30,SCH - OH - NY,23317,419.59,1450,-1700
07/23/2019 22:30,SCH - PJ - NY,23316,399.05,2050,-1150
07/23/2019 22:30,SCH - PJM_HTP,325905,200,660,-660
07/23/2019 22:30,SCH - PJM_NEPTUNE,325305,585,660,-660
07/23/2019 22:30,SCH - PJM_VFT,325658,315,315,-315
07/23/2019 22:30,SPR/DUN-SOUTH,23320,3324.56,4350,-9999
07/23/2019 22:30,TOTAL EAST,23314,3926.4,6800,-9999
07/23/2019 22:30,UPNY CONED,23315,3180.53,5700,-9999
07/23/2019 22:30,WEST CENTRAL,23312,110.65,9999,-9999
07/23/2019 22:35,CENTRAL EAST - VC,23330,2229.53,2690,-9999
07/23/2019 22:35,DYSINGER EAST,23326,732.16,3150,-9999
07/23/2019 22:35,MOSES SOUTH,23319,2040.81,3150,-1600
07/23/2019 22:35,SCH - HQ - NY,23324,1500,1500,-800
07/23/2019 22:35,SCH - HQ_CEDARS,325274,190,190,-40
07/23/2019 22:35,SCH - HQ_IMPORT_EXPORT,325376,1200,1310,-9999
07/23/2019 22:35,SCH - NE - NY,23318,-659.94,1400,-1600
07/23/2019 22:35,SCH - NPX_1385,325277,94,200,-200
07/23/2019 22:35,SCH - NPX_CSC,325154,280,330,-330
07/23/2019 22:35,SCH - OH - NY,23317,419.57,1450,-1700
07/23/2019 22:35,SCH - PJ - NY,23316,398.32,2050,-1150
07/23/2019 22:35,SCH - PJM_HTP,325905,200,660,-660
07/23/2019 22:35,SCH - PJM_NEPTUNE,325305,585,660,-660
07/23/2019 22:35,SCH - PJM_VFT,325658,315,315,-315
07/23/2019 22:35,SPR/DUN-SOUTH,23320,3348.49,4350,-9999
07/23/2019 22:35,TOTAL EAST,23314,3953.06,6800,-9999
07/23/2019 22:35,UPNY CONED,23315,3171.29,5700,-9999
07/23/2019 22:35,WEST CENTRAL,23312,117.94,9999,-9999
07/23/2019 22:40,CENTRAL EAST - VC,23330,2218.89,2690,-9999
07/23/2019 22:40,DYSINGER EAST,23326,701.41,3150,-9999
07/23/2019 22:40,MOSES SOUTH,23319,2056.4,3150,-1600
07/23/2019 22:40,SCH - HQ - NY,23324,1500,1500,-800
07/23/2019 22:40,SCH - HQ_CEDARS,325274,190,190,-40
07/23/2019 22:40,SCH - HQ_IMPORT_EXPORT,325376,1200,1310,-9999
07/23/2019 22:40,SCH - NE - NY,23318,-660.25,1400,-1600
07/23/2019 22:40,SCH - NPX_1385,325277,94,200,-200
07/23/2019 22:40,SCH - NPX_CSC,325154,280,330,-330
07/23/2019 22:40,SCH - OH - NY,23317,419.61,1450,-1700
07/23/2019 22:40,SCH - PJ - NY,23316,397.02,2050,-1150
07/23/2019 22:40,SCH - PJM_HTP,325905,200,660,-660
07/23/2019 22:40,SCH - PJM_NEPTUNE,325305,585,660,-660
07/23/2019 22:40,SCH - PJM_VFT,325658,315,315,-315
07/23/2019 22:40,SPR/DUN-SOUTH,23320,3400.67,4350,-9999
07/23/2019 22:40,TOTAL EAST,23314,3977.28,6800,-9999
07/23/2019 22:40,UPNY CONED,23315,3186.94,5700,-9999
07/23/2019 22:40,WEST CENTRAL,23312,98.24,9999,-9999
07/23/2019 22:45,CENTRAL EAST - VC,23330,2223.08,2690,-9999
07/23/2019 22:45,DYSINGER EAST,23326,710.2,3150,-9999
07/23/2019 22:45,MOSES SOUTH,23319,2054.96,3150,-1600
07/23/2019 22:45,SCH - HQ - NY,23324,1500,1500,-800
07/23/2019 22:45,SCH - HQ_CEDARS,325274,190,190,-40
07/23/2019 22:45,SCH - HQ_IMPORT_EXPORT,325376,1200,1310,-9999
07/23/2019 22:45,SCH - NE - NY,23318,-639.38,1400,-1600
07/23/2019 22:45,SCH - NPX_1385,325277,94,200,-200
07/23/2019 22:45,SCH - NPX_CSC,325154,280,330,-330
07/23/2019 22:45,SCH - OH - NY,23317,419.6,1450,-1700
07/23/2019 22:45,SCH - PJ - NY,23316,395.65,2050,-1150
07/23/2019 22:45,SCH - PJM_HTP,325905,200,660,-660
07/23/2019 22:45,SCH - PJM_NEPTUNE,325305,585,660,-660
07/23/2019 22:45,SCH - PJM_VFT,325658,207,315,-315
07/23/2019 22:45,SPR/DUN-SOUTH,23320,3473.52,4350,-9999
07/23/2019 22:45,TOTAL EAST,23314,4007.54,6800,-9999
07/23/2019 22:45,UPNY CONED,23315,3232.63,5700,-9999
07/23/2019 22:45,WEST CENTRAL,23312,115.2,9999,-9999
07/23/2019 22:50,CENTRAL EAST - VC,23330,2235.72,2690,-9999
07/23/2019 22:50,DYSINGER EAST,23326,730.05,3150,-9999
07/23/2019 22:50,MOSES SOUTH,23319,2065.15,3150,-1600
07/23/2019 22:50,SCH - HQ - NY,23324,1500,1500,-800
07/23/2019 22:50,SCH - HQ_CEDARS,325274,190,190,-40
07/23/2019 22:50,SCH - HQ_IMPORT_EXPORT,325376,1200,1310,-9999
07/23/2019 22:50,SCH - NE - NY,23318,-618.82,1400,-1600
07/23/2019 22:50,SCH - NPX_1385,325277,94,200,-200
07/23/2019 22:50,SCH - NPX_CSC,325154,280,330,-330
07/23/2019 22:50,SCH - OH - NY,23317,419.61,1450,-1700
07/23/2019 22:50,SCH - PJ - NY,23316,384,2050,-1150
07/23/2019 22:50,SCH - PJM_HTP,325905,200,660,-660
07/23/2019 22:50,SCH - PJM_NEPTUNE,325305,585,660,-660
07/23/2019 22:50,SCH - PJM_VFT,325658,100,315,-315
07/23/2019 22:50,SPR/DUN-SOUTH,23320,3563.71,4350,-9999
07/23/2019 22:50,TOTAL EAST,23314,4034.82,6800,-9999
07/23/2019 22:50,UPNY CONED,23315,3296.04,5700,-9999
07/23/2019 22:50,WEST CENTRAL,23312,144.23,9999,-9999
07/23/2019 22:55,CENTRAL EAST - VC,23330,2236.78,2690,-9999
07/23/2019 22:55,DYSINGER EAST,23326,684.01,3150,-9999
07/23/2019 22:55,MOSES SOUTH,23319,2062.04,3150,-1600
07/23/2019 22:55,SCH - HQ - NY,23324,1500,1500,-800
07/23/2019 22:55,SCH - HQ_CEDARS,325274,190,190,-40
07/23/2019 22:55,SCH - HQ_IMPORT_EXPORT,325376,1200,1310,-9999
07/23/2019 22:55,SCH - NE - NY,23318,-618.33,1400,-1600
07/23/2019 22:55,SCH - NPX_1385,325277,94,200,-200
07/23/2019 22:55,SCH - NPX_CSC,325154,280,330,-330
07/23/2019 22:55,SCH - OH - NY,23317,419.63,1450,-1700
07/23/2019 22:55,SCH - PJ - NY,23316,395.21,2050,-1150
07/23/2019 22:55,SCH - PJM_HTP,325905,200,660,-660
07/23/2019 22:55,SCH - PJM_NEPTUNE,325305,585,660,-660
07/23/2019 22:55,SCH - PJM_VFT,325658,100,315,-315
07/23/2019 22:55,SPR/DUN-SOUTH,23320,3529.4,4350,-9999
07/23/2019 22:55,TOTAL EAST,23314,4026.71,6800,-9999
07/23/2019 22:55,UPNY CONED,23315,3236.78,5700,-9999
07/23/2019 22:55,WEST CENTRAL,23312,108.51,9999,-9999
07/23/2019 23:00,CENTRAL EAST - VC,23330,2211.75,2690,-9999
07/23/2019 23:00,DYSINGER EAST,23326,756.36,3150,-9999
07/23/2019 23:00,MOSES SOUTH,23319,2059.41,3150,-1600
07/23/2019 23:00,SCH - HQ - NY,23324,1500,1500,-800
07/23/2019 23:00,SCH - HQ_CEDARS,325274,190,190,-40
07/23/2019 23:00,SCH - HQ_IMPORT_EXPORT,325376,1200,1310,-9999
07/23/2019 23:00,SCH - NE - NY,23318,-651.43,1400,-1600
07/23/2019 23:00,SCH - NPX_1385,325277,47,200,-200
07/23/2019 23:00,SCH - NPX_CSC,325154,255,330,-330
07/23/2019 23:00,SCH - OH - NY,23317,633.26,1450,-1700
07/23/2019 23:00,SCH - PJ - NY,23316,145.29,2050,-1150
07/23/2019 23:00,SCH - PJM_HTP,325905,200,660,-660
07/23/2019 23:00,SCH - PJM_NEPTUNE,325305,585,660,-660
07/23/2019 23:00,SCH - PJM_VFT,325658,196,315,-315
07/23/2019 23:00,SPR/DUN-SOUTH,23320,3390.22,4350,-9999
07/23/2019 23:00,TOTAL EAST,23314,3954.24,6800,-9999
07/23/2019 23:00,UPNY CONED,23315,3183.15,5700,-9999
07/23/2019 23:00,WEST CENTRAL,23312,190,9999,-9999
07/23/2019 23:05,CENTRAL EAST - VC,23330,2227.95,2690,-9999
07/23/2019 23:05,DYSINGER EAST,23326,889.04,3150,-9999
07/23/2019 23:05,MOSES SOUTH,23319,2057.22,3150,-1600
07/23/2019 23:05,SCH - HQ - NY,23324,1500,1500,-800
07/23/2019 23:05,SCH - HQ_CEDARS,325274,190,190,-40
07/23/2019 23:05,SCH - HQ_IMPORT_EXPORT,325376,1200,1310,-9999
07/23/2019 23:05,SCH - NE - NY,23318,-685.15,1400,-1600
07/23/2019 23:05,SCH - NPX_1385,325277,0,200,-200
07/23/2019 23:05,SCH - NPX_CSC,325154,230,330,-330
07/23/2019 23:05,SCH - OH - NY,23317,846.54,1450,-1700
07/23/2019 23:05,SCH - PJ - NY,23316,-119.14,2050,-1150
07/23/2019 23:05,SCH - PJM_HTP,325905,200,660,-660
07/23/2019 23:05,SCH - PJM_NEPTUNE,325305,585,660,-660
07/23/2019 23:05,SCH - PJM_VFT,325658,292,315,-315
07/23/2019 23:05,SPR/DUN-SOUTH,23320,3253.08,4350,-9999
07/23/2019 23:05,TOTAL EAST,23314,3928.22,6800,-9999
07/23/2019 23:05,UPNY CONED,23315,3097.53,5700,-9999
07/23/2019 23:05,WEST CENTRAL,23312,333.3,9999,-9999
07/23/2019 23:10,CENTRAL EAST - VC,23330,2161.47,2690,-9999
07/23/2019 23:10,DYSINGER EAST,23326,755.01,3150,-9999
07/23/2019 23:10,MOSES SOUTH,23319,2065.88,3150,-1600
07/23/2019 23:10,SCH - HQ - NY,23324,1500,1500,-800
07/23/2019 23:10,SCH - HQ_CEDARS,325274,190,190,-40
07/23/2019 23:10,SCH - HQ_IMPORT_EXPORT,325376,1200,1310,-9999
07/23/2019 23:10,SCH - NE - NY,23318,-685.22,1400,-1600
07/23/2019 23:10,SCH - NPX_1385,325277,0,200,-200
07/23/2019 23:10,SCH - NPX_CSC,325154,230,330,-330
07/23/2019 23:10,SCH - OH - NY,23317,846.57,1450,-1700
07/23/2019 23:10,SCH - PJ - NY,23316,-107.59,2050,-1150
07/23/2019 23:10,SCH - PJM_HTP,325905,200,660,-660
07/23/2019 23:10,SCH - PJM_NEPTUNE,325305,585,660,-660
07/23/2019 23:10,SCH - PJM_VFT,325658,292,315,-315
07/23/2019 23:10,SPR/DUN-SOUTH,23320,3238.71,4350,-9999
07/23/2019 23:10,TOTAL EAST,23314,3845.28,6800,-9999
07/23/2019 23:10,UPNY CONED,23315,3057.4,5700,-9999
07/23/2019 23:10,WEST CENTRAL,23312,208.29,9999,-9999
07/23/2019 23:15,CENTRAL EAST - VC,23330,2197.46,2660,-9999
07/23/2019 23:15,DYSINGER EAST,23326,741.22,3150,-9999
07/23/2019 23:15,MOSES SOUTH,23319,2058.92,3150,-1600
07/23/2019 23:15,SCH - HQ - NY,23324,1500,1500,-800
07/23/2019 23:15,SCH - HQ_CEDARS,325274,190,190,-40
07/23/2019 23:15,SCH - HQ_IMPORT_EXPORT,325376,1200,1310,-9999
07/23/2019 23:15,SCH - NE - NY,23318,-665.29,1400,-1600
07/23/2019 23:15,SCH - NPX_1385,325277,0,200,-200
07/23/2019 23:15,SCH - NPX_CSC,325154,230,330,-330
07/23/2019 23:15,SCH - OH - NY,23317,846.6,1450,-1700
07/23/2019 23:15,SCH - PJ - NY,23316,-105.16,2050,-1150
07/23/2019 23:15,SCH - PJM_HTP,325905,200,660,-660
07/23/2019 23:15,SCH - PJM_NEPTUNE,325305,585,660,-660
07/23/2019 23:15,SCH - PJM_VFT,325658,240,315,-315
07/23/2019 23:15,SPR/DUN-SOUTH,23320,3333.78,4350,-9999
07/23/2019 23:15,TOTAL EAST,23314,3840.53,6800,-9999
07/23/2019 23:15,UPNY CONED,23315,3138.78,5700,-9999
07/23/2019 23:15,WEST CENTRAL,23312,204.44,9999,-9999
07/23/2019 23:20,CENTRAL EAST - VC,23330,2259.17,2660,-9999
07/23/2019 23:20,DYSINGER EAST,23326,757.78,3150,-9999
07/23/2019 23:20,MOSES SOUTH,23319,2134.89,3150,-1600
07/23/2019 23:20,SCH - HQ - NY,23324,1500,1500,-800
07/23/2019 23:20,SCH - HQ_CEDARS,325274,190,190,-40
07/23/2019 23:20,SCH - HQ_IMPORT_EXPORT,325376,1200,1310,-9999
07/23/2019 23:20,SCH - NE - NY,23318,-645.26,1400,-1600
07/23/2019 23:20,SCH - NPX_1385,325277,0,200,-200
07/23/2019 23:20,SCH - NPX_CSC,325154,230,330,-330
07/23/2019 23:20,SCH - OH - NY,23317,846.63,1450,-1700
07/23/2019 23:20,SCH - PJ - NY,23316,-104.44,2050,-1150
07/23/2019 23:20,SCH - PJM_HTP,325905,200,660,-660
07/23/2019 23:20,SCH - PJM_NEPTUNE,325305,585,660,-660
07/23/2019 23:20,SCH - PJM_VFT,325658,188,315,-315
07/23/2019 23:20,SPR/DUN-SOUTH,23320,3397.98,4350,-9999
07/23/2019 23:20,TOTAL EAST,23314,3802.8,6800,-9999
07/23/2019 23:20,UPNY CONED,23315,3175.76,5700,-9999
07/23/2019 23:20,WEST CENTRAL,23312,231.22,9999,-9999
07/23/2019 23:25,CENTRAL EAST - VC,23330,2262.85,2660,-9999
07/23/2019 23:25,DYSINGER EAST,23326,764.03,3150,-9999
07/23/2019 23:25,MOSES SOUTH,23319,2179.79,3150,-1600
07/23/2019 23:25,SCH - HQ - NY,23324,1500,1500,-800
07/23/2019 23:25,SCH - HQ_CEDARS,325274,190,190,-40
07/23/2019 23:25,SCH - HQ_IMPORT_EXPORT,325376,1200,1310,-9999
07/23/2019 23:25,SCH - NE - NY,23318,-645.38,1400,-1600
07/23/2019 23:25,SCH - NPX_1385,325277,0,200,-200
07/23/2019 23:25,SCH - NPX_CSC,325154,230,330,-330
07/23/2019 23:25,SCH - OH - NY,23317,846.61,1450,-1700
07/23/2019 23:25,SCH - PJ - NY,23316,-104.71,2050,-1150
07/23/2019 23:25,SCH - PJM_HTP,325905,200,660,-660
07/23/2019 23:25,SCH - PJM_NEPTUNE,325305,585,660,-660
07/23/2019 23:25,SCH - PJM_VFT,325658,188,315,-315
07/23/2019 23:25,SPR/DUN-SOUTH,23320,3359.18,4350,-9999
07/23/2019 23:25,TOTAL EAST,23314,3805.98,6800,-9999
07/23/2019 23:25,UPNY CONED,23315,3109.28,5700,-9999
07/23/2019 23:25,WEST CENTRAL,23312,242.18,9999,-9999
07/23/2019 23:30,CENTRAL EAST - VC,23330,2293.82,2660,-9999
07/23/2019 23:30,DYSINGER EAST,23326,834.3,3150,-9999
07/23/2019 23:30,MOSES SOUTH,23319,2210.74,3150,-1600
07/23/2019 23:30,SCH - HQ - NY,23324,1500,1500,-800
07/23/2019 23:30,SCH - HQ_CEDARS,325274,190,190,-40
07/23/2019 23:30,SCH - HQ_IMPORT_EXPORT,325376,1200,1310,-9999
07/23/2019 23:30,SCH - NE - NY,23318,-678.1,1400,-1600
07/23/2019 23:30,SCH - NPX_1385,325277,0,200,-200
07/23/2019 23:30,SCH - NPX_CSC,325154,230,330,-330
07/23/2019 23:30,SCH - OH - NY,23317,846.64,1450,-1700
07/23/2019 23:30,SCH - PJ - NY,23316,-105.02,2050,-1150
07/23/2019 23:30,SCH - PJM_HTP,325905,200,660,-660
07/23/2019 23:30,SCH - PJM_NEPTUNE,325305,585,660,-660
07/23/2019 23:30,SCH - PJM_VFT,325658,107,315,-315
07/23/2019 23:30,SPR/DUN-SOUTH,23320,3408.63,4350,-9999
07/23/2019 23:30,TOTAL EAST,23314,3794.82,6800,-9999
07/23/2019 23:30,UPNY CONED,23315,3129.23,5700,-9999
07/23/2019 23:30,WEST CENTRAL,23312,322.31,9999,-9999
07/23/2019 23:35,CENTRAL EAST - VC,23330,2276.93,2660,-9999
07/23/2019 23:35,DYSINGER EAST,23326,812.5,3150,-9999
07/23/2019 23:35,MOSES SOUTH,23319,2211.04,3150,-1600
07/23/2019 23:35,SCH - HQ - NY,23324,1500,1500,-800
07/23/2019 23:35,SCH - HQ_CEDARS,325274,190,190,-40
07/23/2019 23:35,SCH - HQ_IMPORT_EXPORT,325376,1200,1310,-9999
07/23/2019 23:35,SCH - NE - NY,23318,-710.97,1400,-1600
07/23/2019 23:35,SCH - NPX_1385,325277,0,200,-200
07/23/2019 23:35,SCH - NPX_CSC,325154,230,330,-330
07/23/2019 23:35,SCH - OH - NY,23317,846.64,1450,-1700
07/23/2019 23:35,SCH - PJ - NY,23316,-102.21,2050,-1150
07/23/2019 23:35,SCH - PJM_HTP,325905,200,660,-660
07/23/2019 23:35,SCH - PJM_NEPTUNE,325305,585,660,-660
07/23/2019 23:35,SCH - PJM_VFT,325658,25,315,-315
07/23/2019 23:35,SPR/DUN-SOUTH,23320,3454.76,4350,-9999
07/23/2019 23:35,TOTAL EAST,23314,3817.48,6800,-9999
07/23/2019 23:35,UPNY CONED,23315,3143.65,5700,-9999
07/23/2019 23:35,WEST CENTRAL,23312,308.81,9999,-9999
07/23/2019 23:40,CENTRAL EAST - VC,23330,2280.97,2660,-9999
07/23/2019 23:40,DYSINGER EAST,23326,794.01,3150,-9999
07/23/2019 23:40,MOSES SOUTH,23319,2218.4,3150,-1600
07/23/2019 23:40,SCH - HQ - NY,23324,1500,1500,-800
07/23/2019 23:40,SCH - HQ_CEDARS,325274,190,190,-40
07/23/2019 23:40,SCH - HQ_IMPORT_EXPORT,325376,1200,1310,-9999
07/23/2019 23:40,SCH - NE - NY,23318,-710.98,1400,-1600
07/23/2019 23:40,SCH - NPX_1385,325277,0,200,-200
07/23/2019 23:40,SCH - NPX_CSC,325154,230,330,-330
07/23/2019 23:40,SCH - OH - NY,23317,846.62,1450,-1700
07/23/2019 23:40,SCH - PJ - NY,23316,-104.21,2050,-1150
07/23/2019 23:40,SCH - PJM_HTP,325905,200,660,-660
07/23/2019 23:40,SCH - PJM_NEPTUNE,325305,585,660,-660
07/23/2019 23:40,SCH - PJM_VFT,325658,26,315,-315
07/23/2019 23:40,SPR/DUN-SOUTH,23320,3427.74,4350,-9999
07/23/2019 23:40,TOTAL EAST,23314,3827.62,6800,-9999
07/23/2019 23:40,UPNY CONED,23315,3088.11,5700,-9999
07/23/2019 23:40,WEST CENTRAL,23312,295.46,9999,-9999
07/23/2019 23:45,CENTRAL EAST - VC,23330,2272.64,2660,-9999
07/23/2019 23:45,DYSINGER EAST,23326,858.52,3150,-9999
07/23/2019 23:45,MOSES SOUTH,23319,2142.59,3150,-1600
07/23/2019 23:45,SCH - HQ - NY,23324,1500,1500,-800
07/23/2019 23:45,SCH - HQ_CEDARS,325274,190,190,-40
07/23/2019 23:45,SCH - HQ_IMPORT_EXPORT,325376,1200,1310,-9999
07/23/2019 23:45,SCH - NE - NY,23318,-770.62,1400,-1600
07/23/2019 23:45,SCH - NPX_1385,325277,0,200,-200
07/23/2019 23:45,SCH - NPX_CSC,325154,230,330,-330
07/23/2019 23:45,SCH - OH - NY,23317,846.66,1450,-1700
07/23/2019 23:45,SCH - PJ - NY,23316,-97.62,2050,-1150
07/23/2019 23:45,SCH - PJM_HTP,325905,200,660,-660
07/23/2019 23:45,SCH - PJM_NEPTUNE,325305,585,660,-660
07/23/2019 23:45,SCH - PJM_VFT,325658,13,315,-315
07/23/2019 23:45,SPR/DUN-SOUTH,23320,3408.16,4350,-9999
07/23/2019 23:45,TOTAL EAST,23314,3806.38,6800,-9999
07/23/2019 23:45,UPNY CONED,23315,3052.67,5700,-9999
07/23/2019 23:45,WEST CENTRAL,23312,365.93,9999,-9999
07/23/2019 23:50,CENTRAL EAST - VC,23330,2245.44,2660,-9999
07/23/2019 23:50,DYSINGER EAST,23326,837.7,3150,-9999
07/23/2019 23:50,MOSES SOUTH,23319,2147.08,3150,-1600
07/23/2019 23:50,SCH - HQ - NY,23324,1500,1500,-800
07/23/2019 23:50,SCH - HQ_CEDARS,325274,190,190,-40
07/23/2019 23:50,SCH - HQ_IMPORT_EXPORT,325376,1200,1310,-9999
07/23/2019 23:50,SCH - NE - NY,23318,-830.34,1400,-1600
07/23/2019 23:50,SCH - NPX_1385,325277,0,200,-200
07/23/2019 23:50,SCH - NPX_CSC,325154,230,330,-330
07/23/2019 23:50,SCH - OH - NY,23317,846.71,1450,-1700
07/23/2019 23:50,SCH - PJ - NY,23316,-89.41,2050,-1150
07/23/2019 23:50,SCH - PJM_HTP,325905,200,660,-660
07/23/2019 23:50,SCH - PJM_NEPTUNE,325305,585,660,-660
07/23/2019 23:50,SCH - PJM_VFT,325658,0,315,-315
07/23/2019 23:50,SPR/DUN-SOUTH,23320,3356,4350,-9999
07/23/2019 23:50,TOTAL EAST,23314,3753.94,6800,-9999
07/23/2019 23:50,UPNY CONED,23315,2980.11,5700,-9999
07/23/2019 23:50,WEST CENTRAL,23312,352.14,9999,-9999
07/23/2019 23:55,CENTRAL EAST - VC,23330,2229.62,2660,-9999
07/23/2019 23:55,DYSINGER EAST,23326,768.05,3150,-9999
07/23/2019 23:55,MOSES SOUTH,23319,2163.98,3150,-1600
07/23/2019 23:55,SCH - HQ - NY,23324,1500,1500,-800
07/23/2019 23:55,SCH - HQ_CEDARS,325274,190,190,-40
07/23/2019 23:55,SCH - HQ_IMPORT_EXPORT,325376,1200,1310,-9999
07/23/2019 23:55,SCH - NE - NY,23318,-830.25,1400,-1600
07/23/2019 23:55,SCH - NPX_1385,325277,0,200,-200
07/23/2019 23:55,SCH - NPX_CSC,325154,230,330,-330
07/23/2019 23:55,SCH - OH - NY,23317,846.74,1450,-1700
07/23/2019 23:55,SCH - PJ - NY,23316,-90.75,2050,-1150
07/23/2019 23:55,SCH - PJM_HTP,325905,200,660,-660
07/23/2019 23:55,SCH - PJM_NEPTUNE,325305,585,660,-660
07/23/2019 23:55,SCH - PJM_VFT,325658,0,315,-315
07/23/2019 23:55,SPR/DUN-SOUTH,23320,3325.9,4350,-9999
07/23/2019 23:55,TOTAL EAST,23314,3675.75,6800,-9999
07/23/2019 23:55,UPNY CONED,23315,2927.3,5700,-9999
07/23/2019 23:55,WEST CENTRAL,23312,290.96,9999,-9999
