Timestamp,Interface Name,Point ID,Flow (MWH),Positive Limit (MWH),Negative Limit (MWH)
07/07/2019 00:00,CENTRAL EAST - VC,23330,2090.08,2600,-9999
07/07/2019 00:00,DYSINGER EAST,23326,649.2,3150,-9999
07/07/2019 00:00,MOSES SOUTH,23319,2151.14,3150,-1600
07/07/2019 00:00,SCH - HQ - NY,23324,1500,1500,-800
07/07/2019 00:00,SCH - HQ_CEDARS,325274,190,190,-40
07/07/2019 00:00,SCH - HQ_IMPORT_EXPORT,325376,1200,1310,-9999
07/07/2019 00:00,SCH - NE - NY,23318,-311.67,1400,-1600
07/07/2019 00:00,SCH - NPX_1385,325277,110,200,-200
07/07/2019 00:00,SCH - NPX_CSC,325154,330,330,-330
07/07/2019 00:00,SCH - OH - NY,23317,1059.76,1700,-1400
07/07/2019 00:00,SCH - PJ - NY,23316,489.18,2050,-1150
07/07/2019 00:00,SCH - PJM_HTP,325905,200,660,-660
07/07/2019 00:00,SCH - PJM_NEPTUNE,325305,660,660,-660
07/07/2019 00:00,SCH - PJM_VFT,325658,279,315,-315
07/07/2019 00:00,SPR/DUN-SOUTH,23320,3270.47,4350,-9999
07/07/2019 00:00,TOTAL EAST,23314,3846.12,6800,-9999
07/07/2019 00:00,UPNY CONED,23315,3010.9,5700,-9999
07/07/2019 00:00,WEST CENTRAL,23312,107.73,9999,-9999
07/07/2019 00:05,CENTRAL EAST - VC,23330,2019.2,2600,-9999
07/07/2019 00:05,DYSINGER EAST,23326,533.12,3150,-9999
07/07/2019 00:05,MOSES SOUTH,23319,2159.9,3150,-1600
07/07/2019 00:05,SCH - HQ - NY,23324,1500,1500,-800
07/07/2019 00:05,SCH - HQ_CEDARS,325274,190,190,-40
07/07/2019 00:05,SCH - HQ_IMPORT_EXPORT,325376,1200,1310,-9999
07/07/2019 00:05,SCH - NE - NY,23318,-236.07,1400,-1600
07/07/2019 00:05,SCH - NPX_1385,325277,75,200,-200
07/07/2019 00:05,SCH - NPX_CSC,325154,330,330,-330
07/07/2019 00:05,SCH - OH - NY,23317,1022.95,1700,-1400
07/07/2019 00:05,SCH - PJ - NY,23316,487.58,2050,-1150
07/07/2019 00:05,SCH - PJM_HTP,325905,200,660,-660
07/07/2019 00:05,SCH - PJM_NEPTUNE,325305,660,660,-660
07/07/2019 00:05,SCH - PJM_VFT,325658,315,315,-315
07/07/2019 00:05,SPR/DUN-SOUTH,23320,3061.65,4350,-9999
07/07/2019 00:05,TOTAL EAST,23314,3699.84,6800,-9999
07/07/2019 00:05,UPNY CONED,23315,2875.77,5700,-9999
07/07/2019 00:05,WEST CENTRAL,23312,-1.57,9999,-9999
07/07/2019 00:10,CENTRAL EAST - VC,23330,1970.9,2600,-9999
07/07/2019 00:10,DYSINGER EAST,23326,483.08,3150,-9999
07/07/2019 00:10,MOSES SOUTH,23319,2128.36,3150,-1600
07/07/2019 00:10,SCH - HQ - NY,23324,1500,1500,-800
07/07/2019 00:10,SCH - HQ_CEDARS,325274,190,190,-40
07/07/2019 00:10,SCH - HQ_IMPORT_EXPORT,325376,1200,1310,-9999
07/07/2019 00:10,SCH - NE - NY,23318,-236.05,1400,-1600
07/07/2019 00:10,SCH - NPX_1385,325277,75,200,-200
07/07/2019 00:10,SCH - NPX_CSC,325154,330,330,-330
07/07/2019 00:10,SCH - OH - NY,23317,1022.95,1700,-1400
07/07/2019 00:10,SCH - PJ - NY,23316,488.53,2050,-1150
07/07/2019 00:10,SCH - PJM_HTP,325905,200,660,-660
07/07/2019 00:10,SCH - PJM_NEPTUNE,325305,660,660,-660
07/07/2019 00:10,SCH - PJM_VFT,325658,315,315,-315
07/07/2019 00:10,SPR/DUN-SOUTH,23320,2937.03,4350,-9999
07/07/2019 00:10,TOTAL EAST,23314,3623.69,6800,-9999
07/07/2019 00:10,UPNY CONED,23315,2740.66,5700,-9999
07/07/2019 00:10,WEST CENTRAL,23312,-47.95,9999,-9999
07/07/2019 00:15,CENTRAL EAST - VC,23330,1983.12,2560,-9999
07/07/2019 00:15,DYSINGER EAST,23326,533.34,3150,-9999
07/07/2019 00:15,MOSES SOUTH,23319,2093.69,3150,-1600
07/07/2019 00:15,SCH - HQ - NY,23324,1500,1500,-800
07/07/2019 00:15,SCH - HQ_CEDARS,325274,190,190,-40
07/07/2019 00:15,SCH - HQ_IMPORT_EXPORT,325376,1200,1310,-9999
07/07/2019 00:15,SCH - NE - NY,23318,-300.78,1400,-1600
07/07/2019 00:15,SCH - NPX_1385,325277,75,200,-200
07/07/2019 00:15,SCH - NPX_CSC,325154,330,330,-330
07/07/2019 00:15,SCH - OH - NY,23317,1022.96,1700,-1400
07/07/2019 00:15,SCH - PJ - NY,23316,486.76,2050,-1150
07/07/2019 00:15,SCH - PJM_HTP,325905,200,660,-660
07/07/2019 00:15,SCH - PJM_NEPTUNE,325305,660,660,-660
07/07/2019 00:15,SCH - PJM_VFT,325658,315,315,-315
07/07/2019 00:15,SPR/DUN-SOUTH,23320,2902.02,4350,-9999
07/07/2019 00:15,TOTAL EAST,23314,3612.6,6800,-9999
07/07/2019 00:15,UPNY CONED,23315,2750.26,5700,-9999
07/07/2019 00:15,WEST CENTRAL,23312,7.02,9999,-9999
07/07/2019 00:20,CENTRAL EAST - VC,23330,2012.6,2560,-9999
07/07/2019 00:20,DYSINGER EAST,23326,580.45,3150,-9999
07/07/2019 00:20,MOSES SOUTH,23319,2102.02,3150,-1600
07/07/2019 00:20,SCH - HQ - NY,23324,1500,1500,-800
07/07/2019 00:20,SCH - HQ_CEDARS,325274,190,190,-40
07/07/2019 00:20,SCH - HQ_IMPORT_EXPORT,325376,1200,1310,-9999
07/07/2019 00:20,SCH - NE - NY,23318,-366.74,1400,-1600
07/07/2019 00:20,SCH - NPX_1385,325277,75,200,-200
07/07/2019 00:20,SCH - NPX_CSC,325154,330,330,-330
07/07/2019 00:20,SCH - OH - NY,23317,1023,1700,-1400
07/07/2019 00:20,SCH - PJ - NY,23316,488.14,2050,-1150
07/07/2019 00:20,SCH - PJM_HTP,325905,200,660,-660
07/07/2019 00:20,SCH - PJM_NEPTUNE,325305,660,660,-660
07/07/2019 00:20,SCH - PJM_VFT,325658,315,315,-315
07/07/2019 00:20,SPR/DUN-SOUTH,23320,2911.47,4350,-9999
07/07/2019 00:20,TOTAL EAST,23314,3643.72,6800,-9999
07/07/2019 00:20,UPNY CONED,23315,2728.08,5700,-9999
07/07/2019 00:20,WEST CENTRAL,23312,60.3,9999,-9999
07/07/2019 00:25,CENTRAL EAST - VC,23330,2029.27,2560,-9999
07/07/2019 00:25,DYSINGER EAST,23326,571.5,3150,-9999
07/07/2019 00:25,MOSES SOUTH,23319,2093.8,3150,-1600
07/07/2019 00:25,SCH - HQ - NY,23324,1500,1500,-800
07/07/2019 00:25,SCH - HQ_CEDARS,325274,190,190,-40
07/07/2019 00:25,SCH - HQ_IMPORT_EXPORT,325376,1200,1310,-9999
07/07/2019 00:25,SCH - NE - NY,23318,-366.86,1400,-1600
07/07/2019 00:25,SCH - NPX_1385,325277,75,200,-200
07/07/2019 00:25,SCH - NPX_CSC,325154,330,330,-330
07/07/2019 00:25,SCH - OH - NY,23317,1022.99,1700,-1400
07/07/2019 00:25,SCH - PJ - NY,23316,482.03,2050,-1150
07/07/2019 00:25,SCH - PJM_HTP,325905,200,660,-660
07/07/2019 00:25,SCH - PJM_NEPTUNE,325305,660,660,-660
07/07/2019 00:25,SCH - PJM_VFT,325658,315,315,-315
07/07/2019 00:25,SPR/DUN-SOUTH,23320,2896.5,4350,-9999
07/07/2019 00:25,TOTAL EAST,23314,3684.51,6800,-9999
07/07/2019 00:25,UPNY CONED,23315,2693.13,5700,-9999
07/07/2019 00:25,WEST CENTRAL,23312,57.53,9999,-9999
07/07/2019 00:30,CENTRAL EAST - VC,23330,2087.75,2560,-9999
07/07/2019 00:30,DYSINGER EAST,23326,587.18,3150,-9999
07/07/2019 00:30,MOSES SOUTH,23319,2107.24,3150,-1600
07/07/2019 00:30,SCH - HQ - NY,23324,1500,1500,-800
07/07/2019 00:30,SCH - HQ_CEDARS,325274,190,190,-40
07/07/2019 00:30,SCH - HQ_IMPORT_EXPORT,325376,1200,1310,-9999
07/07/2019 00:30,SCH - NE - NY,23318,-516.18,1400,-1600
07/07/2019 00:30,SCH - NPX_1385,325277,75,200,-200
07/07/2019 00:30,SCH - NPX_CSC,325154,330,330,-330
07/07/2019 00:30,SCH - OH - NY,23317,1022.96,1700,-1400
07/07/2019 00:30,SCH - PJ - NY,23316,487.94,2050,-1150
07/07/2019 00:30,SCH - PJM_HTP,325905,200,660,-660
07/07/2019 00:30,SCH - PJM_NEPTUNE,325305,660,660,-660
07/07/2019 00:30,SCH - PJM_VFT,325658,315,315,-315
07/07/2019 00:30,SPR/DUN-SOUTH,23320,2888.12,4350,-9999
07/07/2019 00:30,TOTAL EAST,23314,3727.05,6800,-9999
07/07/2019 00:30,UPNY CONED,23315,2708.17,5700,-9999
07/07/2019 00:30,WEST CENTRAL,23312,82.74,9999,-9999
07/07/2019 00:35,CENTRAL EAST - VC,23330,2163.01,2560,-9999
07/07/2019 00:35,DYSINGER EAST,23326,630.5,3150,-9999
07/07/2019 00:35,MOSES SOUTH,23319,2128.03,3150,-1600
07/07/2019 00:35,SCH - HQ - NY,23324,1500,1500,-800
07/07/2019 00:35,SCH - HQ_CEDARS,325274,190,190,-40
07/07/2019 00:35,SCH - HQ_IMPORT_EXPORT,325376,1200,1310,-9999
07/07/2019 00:35,SCH - NE - NY,23318,-665.06,1400,-1600
07/07/2019 00:35,SCH - NPX_1385,325277,75,200,-200
07/07/2019 00:35,SCH - NPX_CSC,325154,330,330,-330
07/07/2019 00:35,SCH - OH - NY,23317,1022.97,1700,-1400
07/07/2019 00:35,SCH - PJ - NY,23316,485.53,2050,-1150
07/07/2019 00:35,SCH - PJM_HTP,325905,200,660,-660
07/07/2019 00:35,SCH - PJM_NEPTUNE,325305,660,660,-660
07/07/2019 00:35,SCH - PJM_VFT,325658,315,315,-315
07/07/2019 00:35,SPR/DUN-SOUTH,23320,2867.92,4350,-9999
07/07/2019 00:35,TOTAL EAST,23314,3773.48,6800,-9999
07/07/2019 00:35,UPNY CONED,23315,2640.1,5700,-9999
07/07/2019 00:35,WEST CENTRAL,23312,131.44,9999,-9999
07/07/2019 00:40,CENTRAL EAST - VC,23330,2181.25,2560,-9999
07/07/2019 00:40,DYSINGER EAST,23326,614.57,3150,-9999
07/07/2019 00:40,MOSES SOUTH,23319,2121.38,3150,-1600
07/07/2019 00:40,SCH - HQ - NY,23324,1500,1500,-800
07/07/2019 00:40,SCH - HQ_CEDARS,325274,190,190,-40
07/07/2019 00:40,SCH - HQ_IMPORT_EXPORT,325376,1200,1310,-9999
07/07/2019 00:40,SCH - NE - NY,23318,-665.07,1400,-1600
07/07/2019 00:40,SCH - NPX_1385,325277,75,200,-200
07/07/2019 00:40,SCH - NPX_CSC,325154,330,330,-330
07/07/2019 00:40,SCH - OH - NY,23317,1022.95,1700,-1400
07/07/2019 00:40,SCH - PJ - NY,23316,483.52,2050,-1150
07/07/2019 00:40,SCH - PJM_HTP,325905,200,660,-660
07/07/2019 00:40,SCH - PJM_NEPTUNE,325305,660,660,-660
07/07/2019 00:40,SCH - PJM_VFT,325658,315,315,-315
07/07/2019 00:40,SPR/DUN-SOUTH,23320,2856.61,4350,-9999
07/07/2019 00:40,TOTAL EAST,23314,3793.72,6800,-9999
07/07/2019 00:40,UPNY CONED,23315,2623.34,5700,-9999
07/07/2019 00:40,WEST CENTRAL,23312,120.58,9999,-9999
07/07/2019 00:45,CENTRAL EAST - VC,23330,2162.41,2560,-9999
07/07/2019 00:45,DYSINGER EAST,23326,594.57,3150,-9999
07/07/2019 00:45,MOSES SOUTH,23319,2112.14,3150,-1600
07/07/2019 00:45,SCH - HQ - NY,23324,1500,1500,-800
07/07/2019 00:45,SCH - HQ_CEDARS,325274,190,190,-40
07/07/2019 00:45,SCH - HQ_IMPORT_EXPORT,325376,1200,1310,-9999
07/07/2019 00:45,SCH - NE - NY,23318,-515.97,1400,-1600
07/07/2019 00:45,SCH - NPX_1385,325277,75,200,-200
07/07/2019 00:45,SCH - NPX_CSC,325154,330,330,-330
07/07/2019 00:45,SCH - OH - NY,23317,1022.92,1700,-1400
07/07/2019 00:45,SCH - PJ - NY,23316,486.77,2050,-1150
07/07/2019 00:45,SCH - PJM_HTP,325905,200,660,-660
07/07/2019 00:45,SCH - PJM_NEPTUNE,325305,660,660,-660
07/07/2019 00:45,SCH - PJM_VFT,325658,315,315,-315
07/07/2019 00:45,SPR/DUN-SOUTH,23320,2970.16,4350,-9999
07/07/2019 00:45,TOTAL EAST,23314,3804.78,6800,-9999
07/07/2019 00:45,UPNY CONED,23315,2735.58,5700,-9999
07/07/2019 00:45,WEST CENTRAL,23312,107.76,9999,-9999
07/07/2019 00:50,CENTRAL EAST - VC,23330,2125.28,2560,-9999
07/07/2019 00:50,DYSINGER EAST,23326,597.99,3150,-9999
07/07/2019 00:50,MOSES SOUTH,23319,2100.15,3150,-1600
07/07/2019 00:50,SCH - HQ - NY,23324,1500,1500,-800
07/07/2019 00:50,SCH - HQ_CEDARS,325274,190,190,-40
07/07/2019 00:50,SCH - HQ_IMPORT_EXPORT,325376,1200,1310,-9999
07/07/2019 00:50,SCH - NE - NY,23318,-367.07,1400,-1600
07/07/2019 00:50,SCH - NPX_1385,325277,75,200,-200
07/07/2019 00:50,SCH - NPX_CSC,325154,330,330,-330
07/07/2019 00:50,SCH - OH - NY,23317,1022.9,1700,-1400
07/07/2019 00:50,SCH - PJ - NY,23316,488.19,2050,-1150
07/07/2019 00:50,SCH - PJM_HTP,325905,200,660,-660
07/07/2019 00:50,SCH - PJM_NEPTUNE,325305,660,660,-660
07/07/2019 00:50,SCH - PJM_VFT,325658,315,315,-315
07/07/2019 00:50,SPR/DUN-SOUTH,23320,3145.54,4350,-9999
07/07/2019 00:50,TOTAL EAST,23314,3815.99,6800,-9999
07/07/2019 00:50,UPNY CONED,23315,2888.06,5700,-9999
07/07/2019 00:50,WEST CENTRAL,23312,119.25,9999,-9999
07/07/2019 00:55,CENTRAL EAST - VC,23330,2150.96,2560,-9999
07/07/2019 00:55,DYSINGER EAST,23326,644.31,3150,-9999
07/07/2019 00:55,MOSES SOUTH,23319,2086.25,3150,-1600
07/07/2019 00:55,SCH - HQ - NY,23324,1500,1500,-800
07/07/2019 00:55,SCH - HQ_CEDARS,325274,190,190,-40
07/07/2019 00:55,SCH - HQ_IMPORT_EXPORT,325376,1200,1310,-9999
07/07/2019 00:55,SCH - NE - NY,23318,-366.97,1400,-1600
07/07/2019 00:55,SCH - NPX_1385,325277,75,200,-200
07/07/2019 00:55,SCH - NPX_CSC,325154,330,330,-330
07/07/2019 00:55,SCH - OH - NY,23317,1022.89,1700,-1400
07/07/2019 00:55,SCH - PJ - NY,23316,489.23,2050,-1150
07/07/2019 00:55,SCH - PJM_HTP,325905,200,660,-660
07/07/2019 00:55,SCH - PJM_NEPTUNE,325305,660,660,-660
07/07/2019 00:55,SCH - PJM_VFT,325658,315,315,-315
07/07/2019 00:55,SPR/DUN-SOUTH,23320,3208.68,4350,-9999
07/07/2019 00:55,TOTAL EAST,23314,3829.02,6800,-9999
07/07/2019 00:55,UPNY CONED,23315,2925.4,5700,-9999
07/07/2019 00:55,WEST CENTRAL,23312,171.86,9999,-9999
07/07/2019 01:00,CENTRAL EAST - VC,23330,2121.5,2560,-9999
07/07/2019 01:00,DYSINGER EAST,23326,584.89,3150,-9999
07/07/2019 01:00,MOSES SOUTH,23319,2095.08,3150,-1600
07/07/2019 01:00,SCH - HQ - NY,23324,1500,1500,-800
07/07/2019 01:00,SCH - HQ_CEDARS,325274,190,190,-40
07/07/2019 01:00,SCH - HQ_IMPORT_EXPORT,325376,1200,1310,-9999
07/07/2019 01:00,SCH - NE - NY,23318,-283.95,1400,-1600
07/07/2019 01:00,SCH - NPX_1385,325277,37,200,-200
07/07/2019 01:00,SCH - NPX_CSC,325154,330,330,-330
07/07/2019 01:00,SCH - OH - NY,23317,1059.78,1700,-1400
07/07/2019 01:00,SCH - PJ - NY,23316,504.23,2050,-1150
07/07/2019 01:00,SCH - PJM_HTP,325905,130,660,-660
07/07/2019 01:00,SCH - PJM_NEPTUNE,325305,660,660,-660
07/07/2019 01:00,SCH - PJM_VFT,325658,315,315,-315
07/07/2019 01:00,SPR/DUN-SOUTH,23320,3223.49,4350,-9999
07/07/2019 01:00,TOTAL EAST,23314,3786.1,6800,-9999
07/07/2019 01:00,UPNY CONED,23315,2971.08,5700,-9999
07/07/2019 01:00,WEST CENTRAL,23312,118.47,9999,-9999
07/07/2019 01:05,CENTRAL EAST - VC,23330,2147.97,2560,-9999
07/07/2019 01:05,DYSINGER EAST,23326,631.71,3150,-9999
07/07/2019 01:05,MOSES SOUTH,23319,2088.34,3150,-1600
07/07/2019 01:05,SCH - HQ - NY,23324,1500,1500,-800
07/07/2019 01:05,SCH - HQ_CEDARS,325274,190,190,-40
07/07/2019 01:05,SCH - HQ_IMPORT_EXPORT,325376,1200,1310,-9999
07/07/2019 01:05,SCH - NE - NY,23318,-201.33,1400,-1600
07/07/2019 01:05,SCH - NPX_1385,325277,0,200,-200
07/07/2019 01:05,SCH - NPX_CSC,325154,330,330,-330
07/07/2019 01:05,SCH - OH - NY,23317,1097.66,1700,-1400
07/07/2019 01:05,SCH - PJ - NY,23316,525.11,2050,-1150
07/07/2019 01:05,SCH - PJM_HTP,325905,59,660,-660
07/07/2019 01:05,SCH - PJM_NEPTUNE,325305,660,660,-660
07/07/2019 01:05,SCH - PJM_VFT,325658,315,315,-315
07/07/2019 01:05,SPR/DUN-SOUTH,23320,3345.12,4350,-9999
07/07/2019 01:05,TOTAL EAST,23314,3900.31,6800,-9999
07/07/2019 01:05,UPNY CONED,23315,3151.31,5700,-9999
07/07/2019 01:05,WEST CENTRAL,23312,175.38,9999,-9999
07/07/2019 01:10,CENTRAL EAST - VC,23330,2153.63,2560,-9999
07/07/2019 01:10,DYSINGER EAST,23326,663.09,3150,-9999
07/07/2019 01:10,MOSES SOUTH,23319,2087.56,3150,-1600
07/07/2019 01:10,SCH - HQ - NY,23324,1500,1500,-800
07/07/2019 01:10,SCH - HQ_CEDARS,325274,190,190,-40
07/07/2019 01:10,SCH - HQ_IMPORT_EXPORT,325376,1200,1310,-9999
07/07/2019 01:10,SCH - NE - NY,23318,-201.09,1400,-1600
07/07/2019 01:10,SCH - NPX_1385,325277,0,200,-200
07/07/2019 01:10,SCH - NPX_CSC,325154,330,330,-330
07/07/2019 01:10,SCH - OH - NY,23317,1097.73,1700,-1400
07/07/2019 01:10,SCH - PJ - NY,23316,525.91,2050,-1150
07/07/2019 01:10,SCH - PJM_HTP,325905,60,660,-660
07/07/2019 01:10,SCH - PJM_NEPTUNE,325305,660,660,-660
07/07/2019 01:10,SCH - PJM_VFT,325658,315,315,-315
07/07/2019 01:10,SPR/DUN-SOUTH,23320,3360.98,4350,-9999
07/07/2019 01:10,TOTAL EAST,23314,3915.7,6800,-9999
07/07/2019 01:10,UPNY CONED,23315,3144.3,5700,-9999
07/07/2019 01:10,WEST CENTRAL,23312,212.66,9999,-9999
07/07/2019 01:15,CENTRAL EAST - VC,23330,2142.74,2560,-9999
07/07/2019 01:15,DYSINGER EAST,23326,653.77,3150,-9999
07/07/2019 01:15,MOSES SOUTH,23319,2061.4,3150,-1600
07/07/2019 01:15,SCH - HQ - NY,23324,1500,1500,-800
07/07/2019 01:15,SCH - HQ_CEDARS,325274,190,190,-40
07/07/2019 01:15,SCH - HQ_IMPORT_EXPORT,325376,1200,1310,-9999
07/07/2019 01:15,SCH - NE - NY,23318,-257.83,1400,-1600
07/07/2019 01:15,SCH - NPX_1385,325277,0,200,-200
07/07/2019 01:15,SCH - NPX_CSC,325154,330,330,-330
07/07/2019 01:15,SCH - OH - NY,23317,1097.63,1700,-1400
07/07/2019 01:15,SCH - PJ - NY,23316,523.55,2050,-1150
07/07/2019 01:15,SCH - PJM_HTP,325905,60,660,-660
07/07/2019 01:15,SCH - PJM_NEPTUNE,325305,660,660,-660
07/07/2019 01:15,SCH - PJM_VFT,325658,315,315,-315
07/07/2019 01:15,SPR/DUN-SOUTH,23320,3325.34,4350,-9999
07/07/2019 01:15,TOTAL EAST,23314,3940.87,6800,-9999
07/07/2019 01:15,UPNY CONED,23315,3104.19,5700,-9999
07/07/2019 01:15,WEST CENTRAL,23312,209.66,9999,-9999
07/07/2019 01:20,CENTRAL EAST - VC,23330,2097.35,2560,-9999
07/07/2019 01:20,DYSINGER EAST,23326,605.19,3150,-9999
07/07/2019 01:20,MOSES SOUTH,23319,2048.82,3150,-1600
07/07/2019 01:20,SCH - HQ - NY,23324,1500,1500,-800
07/07/2019 01:20,SCH - HQ_CEDARS,325274,190,190,-40
07/07/2019 01:20,SCH - HQ_IMPORT_EXPORT,325376,1200,1310,-9999
07/07/2019 01:20,SCH - NE - NY,23318,-315.86,1400,-1600
07/07/2019 01:20,SCH - NPX_1385,325277,0,200,-200
07/07/2019 01:20,SCH - NPX_CSC,325154,330,330,-330
07/07/2019 01:20,SCH - OH - NY,23317,1097.65,1700,-1400
07/07/2019 01:20,SCH - PJ - NY,23316,526.42,2050,-1150
07/07/2019 01:20,SCH - PJM_HTP,325905,60,660,-660
07/07/2019 01:20,SCH - PJM_NEPTUNE,325305,660,660,-660
07/07/2019 01:20,SCH - PJM_VFT,325658,315,315,-315
07/07/2019 01:20,SPR/DUN-SOUTH,23320,3298.51,4350,-9999
07/07/2019 01:20,TOTAL EAST,23314,3967.68,6800,-9999
07/07/2019 01:20,UPNY CONED,23315,3062.4,5700,-9999
07/07/2019 01:20,WEST CENTRAL,23312,166.89,9999,-9999
07/07/2019 01:25,CENTRAL EAST - VC,23330,2139.81,2560,-9999
07/07/2019 01:25,DYSINGER EAST,23326,627.25,3150,-9999
07/07/2019 01:25,MOSES SOUTH,23319,2051.3,3150,-1600
07/07/2019 01:25,SCH - HQ - NY,23324,1500,1500,-800
07/07/2019 01:25,SCH - HQ_CEDARS,325274,190,190,-40
07/07/2019 01:25,SCH - HQ_IMPORT_EXPORT,325376,1200,1310,-9999
07/07/2019 01:25,SCH - NE - NY,23318,-315.3,1400,-1600
07/07/2019 01:25,SCH - NPX_1385,325277,0,200,-200
07/07/2019 01:25,SCH - NPX_CSC,325154,330,330,-330
07/07/2019 01:25,SCH - OH - NY,23317,1097.65,1700,-1400
07/07/2019 01:25,SCH - PJ - NY,23316,522.96,2050,-1150
07/07/2019 01:25,SCH - PJM_HTP,325905,60,660,-660
07/07/2019 01:25,SCH - PJM_NEPTUNE,325305,660,660,-660
07/07/2019 01:25,SCH - PJM_VFT,325658,315,315,-315
07/07/2019 01:25,SPR/DUN-SOUTH,23320,3333.61,4350,-9999
07/07/2019 01:25,TOTAL EAST,23314,3971.39,6800,-9999
07/07/2019 01:25,UPNY CONED,23315,3083.54,5700,-9999
07/07/2019 01:25,WEST CENTRAL,23312,194.04,9999,-9999
07/07/2019 01:30,CENTRAL EAST - VC,23330,2151.14,2560,-9999
07/07/2019 01:30,DYSINGER EAST,23326,627.13,3150,-9999
07/07/2019 01:30,MOSES SOUTH,23319,2048.42,3150,-1600
07/07/2019 01:30,SCH - HQ - NY,23324,1500,1500,-800
07/07/2019 01:30,SCH - HQ_CEDARS,325274,190,190,-40
07/07/2019 01:30,SCH - HQ_IMPORT_EXPORT,325376,1200,1310,-9999
07/07/2019 01:30,SCH - NE - NY,23318,-390.06,1400,-1600
07/07/2019 01:30,SCH - NPX_1385,325277,0,200,-200
07/07/2019 01:30,SCH - NPX_CSC,325154,330,330,-330
07/07/2019 01:30,SCH - OH - NY,23317,1097.64,1700,-1400
07/07/2019 01:30,SCH - PJ - NY,23316,524.68,2050,-1150
07/07/2019 01:30,SCH - PJM_HTP,325905,60,660,-660
07/07/2019 01:30,SCH - PJM_NEPTUNE,325305,660,660,-660
07/07/2019 01:30,SCH - PJM_VFT,325658,315,315,-315
07/07/2019 01:30,SPR/DUN-SOUTH,23320,3316.28,4350,-9999
07/07/2019 01:30,TOTAL EAST,23314,3995.09,6800,-9999
07/07/2019 01:30,UPNY CONED,23315,3055.53,5700,-9999
07/07/2019 01:30,WEST CENTRAL,23312,200.32,9999,-9999
07/07/2019 01:35,CENTRAL EAST - VC,23330,2152.53,2560,-9999
07/07/2019 01:35,DYSINGER EAST,23326,606.32,3150,-9999
07/07/2019 01:35,MOSES SOUTH,23319,2043.08,3150,-1600
07/07/2019 01:35,SCH - HQ - NY,23324,1500,1500,-800
07/07/2019 01:35,SCH - HQ_CEDARS,325274,190,190,-40
07/07/2019 01:35,SCH - HQ_IMPORT_EXPORT,325376,1200,1310,-9999
07/07/2019 01:35,SCH - NE - NY,23318,-465.75,1400,-1600
07/07/2019 01:35,SCH - NPX_1385,325277,0,200,-200
07/07/2019 01:35,SCH - NPX_CSC,325154,330,330,-330
07/07/2019 01:35,SCH - OH - NY,23317,1097.61,1700,-1400
07/07/2019 01:35,SCH - PJ - NY,23316,523.25,2050,-1150
07/07/2019 01:35,SCH - PJM_HTP,325905,60,660,-660
07/07/2019 01:35,SCH - PJM_NEPTUNE,325305,660,660,-660
07/07/2019 01:35,SCH - PJM_VFT,325658,315,315,-315
07/07/2019 01:35,SPR/DUN-SOUTH,23320,3300.63,4350,-9999
07/07/2019 01:35,TOTAL EAST,23314,4004.45,6800,-9999
07/07/2019 01:35,UPNY CONED,23315,3014.71,5700,-9999
07/07/2019 01:35,WEST CENTRAL,23312,184.79,9999,-9999
07/07/2019 01:40,CENTRAL EAST - VC,23330,2142.08,2560,-9999
07/07/2019 01:40,DYSINGER EAST,23326,602.02,3150,-9999
07/07/2019 01:40,MOSES SOUTH,23319,2050.09,3150,-1600
07/07/2019 01:40,SCH - HQ - NY,23324,1500,1500,-800
07/07/2019 01:40,SCH - HQ_CEDARS,325274,190,190,-40
07/07/2019 01:40,SCH - HQ_IMPORT_EXPORT,325376,1200,1310,-9999
07/07/2019 01:40,SCH - NE - NY,23318,-465.71,1400,-1600
07/07/2019 01:40,SCH - NPX_1385,325277,0,200,-200
07/07/2019 01:40,SCH - NPX_CSC,325154,330,330,-330
07/07/2019 01:40,SCH - OH - NY,23317,1097.65,1700,-1400
07/07/2019 01:40,SCH - PJ - NY,23316,523.19,2050,-1150
07/07/2019 01:40,SCH - PJM_HTP,325905,60,660,-660
07/07/2019 01:40,SCH - PJM_NEPTUNE,325305,660,660,-660
07/07/2019 01:40,SCH - PJM_VFT,325658,315,315,-315
07/07/2019 01:40,SPR/DUN-SOUTH,23320,3298.46,4350,-9999
07/07/2019 01:40,TOTAL EAST,23314,3995.18,6800,-9999
07/07/2019 01:40,UPNY CONED,23315,2996.83,5700,-9999
07/07/2019 01:40,WEST CENTRAL,23312,187.52,9999,-9999
07/07/2019 01:45,CENTRAL EAST - VC,23330,2171.08,2560,-9999
07/07/2019 01:45,DYSINGER EAST,23326,656.55,3150,-9999
07/07/2019 01:45,MOSES SOUTH,23319,2028.54,3150,-1600
07/07/2019 01:45,SCH - HQ - NY,23324,1500,1500,-800
07/07/2019 01:45,SCH - HQ_CEDARS,325274,190,190,-40
07/07/2019 01:45,SCH - HQ_IMPORT_EXPORT,325376,1200,1310,-9999
07/07/2019 01:45,SCH - NE - NY,23318,-465.47,1400,-1600
07/07/2019 01:45,SCH - NPX_1385,325277,0,200,-200
07/07/2019 01:45,SCH - NPX_CSC,325154,330,330,-330
07/07/2019 01:45,SCH - OH - NY,23317,1097.59,1700,-1400
07/07/2019 01:45,SCH - PJ - NY,23316,522.86,2050,-1150
07/07/2019 01:45,SCH - PJM_HTP,325905,60,660,-660
07/07/2019 01:45,SCH - PJM_NEPTUNE,325305,660,660,-660
07/07/2019 01:45,SCH - PJM_VFT,325658,315,315,-315
07/07/2019 01:45,SPR/DUN-SOUTH,23320,3320.52,4350,-9999
07/07/2019 01:45,TOTAL EAST,23314,3973.15,6800,-9999
07/07/2019 01:45,UPNY CONED,23315,3000.38,5700,-9999
07/07/2019 01:45,WEST CENTRAL,23312,247.24,9999,-9999
07/07/2019 01:50,CENTRAL EAST - VC,23330,2196.13,2560,-9999
07/07/2019 01:50,DYSINGER EAST,23326,694.48,3150,-9999
07/07/2019 01:50,MOSES SOUTH,23319,2055.27,3150,-1600
07/07/2019 01:50,SCH - HQ - NY,23324,1500,1500,-800
07/07/2019 01:50,SCH - HQ_CEDARS,325274,190,190,-40
07/07/2019 01:50,SCH - HQ_IMPORT_EXPORT,325376,1200,1310,-9999
07/07/2019 01:50,SCH - NE - NY,23318,-465.53,1400,-1600
07/07/2019 01:50,SCH - NPX_1385,325277,0,200,-200
07/07/2019 01:50,SCH - NPX_CSC,325154,330,330,-330
07/07/2019 01:50,SCH - OH - NY,23317,1097.71,1700,-1400
07/07/2019 01:50,SCH - PJ - NY,23316,522.99,2050,-1150
07/07/2019 01:50,SCH - PJM_HTP,325905,60,660,-660
07/07/2019 01:50,SCH - PJM_NEPTUNE,325305,660,660,-660
07/07/2019 01:50,SCH - PJM_VFT,325658,315,315,-315
07/07/2019 01:50,SPR/DUN-SOUTH,23320,3321.51,4350,-9999
07/07/2019 01:50,TOTAL EAST,23314,3976.91,6800,-9999
07/07/2019 01:50,UPNY CONED,23315,2987.83,5700,-9999
07/07/2019 01:50,WEST CENTRAL,23312,291.12,9999,-9999
07/07/2019 01:55,CENTRAL EAST - VC,23330,2204.87,2560,-9999
07/07/2019 01:55,DYSINGER EAST,23326,691.21,3150,-9999
07/07/2019 01:55,MOSES SOUTH,23319,2054.69,3150,-1600
07/07/2019 01:55,SCH - HQ - NY,23324,1500,1500,-800
07/07/2019 01:55,SCH - HQ_CEDARS,325274,190,190,-40
07/07/2019 01:55,SCH - HQ_IMPORT_EXPORT,325376,1200,1310,-9999
07/07/2019 01:55,SCH - NE - NY,23318,-465.53,1400,-1600
07/07/2019 01:55,SCH - NPX_1385,325277,0,200,-200
07/07/2019 01:55,SCH - NPX_CSC,325154,330,330,-330
07/07/2019 01:55,SCH - OH - NY,23317,1097.71,1700,-1400
07/07/2019 01:55,SCH - PJ - NY,23316,525.06,2050,-1150
07/07/2019 01:55,SCH - PJM_HTP,325905,60,660,-660
07/07/2019 01:55,SCH - PJM_NEPTUNE,325305,660,660,-660
07/07/2019 01:55,SCH - PJM_VFT,325658,315,315,-315
07/07/2019 01:55,SPR/DUN-SOUTH,23320,3322.42,4350,-9999
07/07/2019 01:55,TOTAL EAST,23314,4021.29,6800,-9999
07/07/2019 01:55,UPNY CONED,23315,2972.03,5700,-9999
07/07/2019 01:55,WEST CENTRAL,23312,292.63,9999,-9999
07/07/2019 02:00,CENTRAL EAST - VC,23330,2210.72,2560,-9999
07/07/2019 02:00,DYSINGER EAST,23326,748.26,3150,-9999
07/07/2019 02:00,MOSES SOUTH,23319,2008.27,3150,-1600
07/07/2019 02:00,SCH - HQ - NY,23324,1458,1500,-800
07/07/2019 02:00,SCH - HQ_CEDARS,325274,190,190,-40
07/07/2019 02:00,SCH - HQ_IMPORT_EXPORT,325376,1158,1310,-9999
07/07/2019 02:00,SCH - NE - NY,23318,-452.66,1400,-1600
07/07/2019 02:00,SCH - NPX_1385,325277,12,200,-200
07/07/2019 02:00,SCH - NPX_CSC,325154,330,330,-330
07/07/2019 02:00,SCH - OH - NY,23317,1097.76,1700,-1400
07/07/2019 02:00,SCH - PJ - NY,23316,599.36,2050,-1150
07/07/2019 02:00,SCH - PJM_HTP,325905,60,660,-660
07/07/2019 02:00,SCH - PJM_NEPTUNE,325305,577,660,-660
07/07/2019 02:00,SCH - PJM_VFT,325658,315,315,-315
07/07/2019 02:00,SPR/DUN-SOUTH,23320,3272.33,4350,-9999
07/07/2019 02:00,TOTAL EAST,23314,4069,6800,-9999
07/07/2019 02:00,UPNY CONED,23315,3009.99,5700,-9999
07/07/2019 02:00,WEST CENTRAL,23312,354.25,9999,-9999
07/07/2019 02:05,CENTRAL EAST - VC,23330,2220.76,2560,-9999
07/07/2019 02:05,DYSINGER EAST,23326,779.75,3150,-9999
07/07/2019 02:05,MOSES SOUTH,23319,1972.21,3150,-1600
07/07/2019 02:05,SCH - HQ - NY,23324,1417,1500,-800
07/07/2019 02:05,SCH - HQ_CEDARS,325274,190,190,-40
07/07/2019 02:05,SCH - HQ_IMPORT_EXPORT,325376,1117,1310,-9999
07/07/2019 02:05,SCH - NE - NY,23318,-439.68,1400,-1600
07/07/2019 02:05,SCH - NPX_1385,325277,25,200,-200
07/07/2019 02:05,SCH - NPX_CSC,325154,330,330,-330
07/07/2019 02:05,SCH - OH - NY,23317,1097.77,1700,-1400
07/07/2019 02:05,SCH - PJ - NY,23316,676.34,2050,-1150
07/07/2019 02:05,SCH - PJM_HTP,325905,60,660,-660
07/07/2019 02:05,SCH - PJM_NEPTUNE,325305,495,660,-660
07/07/2019 02:05,SCH - PJM_VFT,325658,315,315,-315
07/07/2019 02:05,SPR/DUN-SOUTH,23320,3261.33,4350,-9999
07/07/2019 02:05,TOTAL EAST,23314,4114.18,6800,-9999
07/07/2019 02:05,UPNY CONED,23315,3071.65,5700,-9999
07/07/2019 02:05,WEST CENTRAL,23312,389.58,9999,-9999
07/07/2019 02:10,CENTRAL EAST - VC,23330,2231.86,2560,-9999
07/07/2019 02:10,DYSINGER EAST,23326,766.43,3150,-9999
07/07/2019 02:10,MOSES SOUTH,23319,1969.5,3150,-1600
07/07/2019 02:10,SCH - HQ - NY,23324,1417,1500,-800
07/07/2019 02:10,SCH - HQ_CEDARS,325274,190,190,-40
07/07/2019 02:10,SCH - HQ_IMPORT_EXPORT,325376,1117,1310,-9999
07/07/2019 02:10,SCH - NE - NY,23318,-439.68,1400,-1600
07/07/2019 02:10,SCH - NPX_1385,325277,25,200,-200
07/07/2019 02:10,SCH - NPX_CSC,325154,330,330,-330
07/07/2019 02:10,SCH - OH - NY,23317,1097.65,1700,-1400
07/07/2019 02:10,SCH - PJ - NY,23316,676.23,2050,-1150
07/07/2019 02:10,SCH - PJM_HTP,325905,60,660,-660
07/07/2019 02:10,SCH - PJM_NEPTUNE,325305,495,660,-660
07/07/2019 02:10,SCH - PJM_VFT,325658,315,315,-315
07/07/2019 02:10,SPR/DUN-SOUTH,23320,3281.38,4350,-9999
07/07/2019 02:10,TOTAL EAST,23314,4138.21,6800,-9999
07/07/2019 02:10,UPNY CONED,23315,3077.61,5700,-9999
07/07/2019 02:10,WEST CENTRAL,23312,379.28,9999,-9999
07/07/2019 02:15,CENTRAL EAST - VC,23330,2111.7,2485,-9999
07/07/2019 02:15,DYSINGER EAST,23326,715.2,3150,-9999
07/07/2019 02:15,MOSES SOUTH,23319,1947.87,3150,-1600
07/07/2019 02:15,SCH - HQ - NY,23324,1417,1500,-800
07/07/2019 02:15,SCH - HQ_CEDARS,325274,190,190,-40
07/07/2019 02:15,SCH - HQ_IMPORT_EXPORT,325376,1117,1310,-9999
07/07/2019 02:15,SCH - NE - NY,23318,-476.82,1400,-1600
07/07/2019 02:15,SCH - NPX_1385,325277,25,200,-200
07/07/2019 02:15,SCH - NPX_CSC,325154,330,330,-330
07/07/2019 02:15,SCH - OH - NY,23317,1097.64,1700,-1400
07/07/2019 02:15,SCH - PJ - NY,23316,677.61,2050,-1150
07/07/2019 02:15,SCH - PJM_HTP,325905,60,660,-660
07/07/2019 02:15,SCH - PJM_NEPTUNE,325305,495,660,-660
07/07/2019 02:15,SCH - PJM_VFT,325658,315,315,-315
07/07/2019 02:15,SPR/DUN-SOUTH,23320,3256.03,4350,-9999
07/07/2019 02:15,TOTAL EAST,23314,4095.76,6800,-9999
07/07/2019 02:15,UPNY CONED,23315,3033.13,5700,-9999
07/07/2019 02:15,WEST CENTRAL,23312,333.93,9999,-9999
07/07/2019 02:20,CENTRAL EAST - VC,23330,2128.51,2485,-9999
07/07/2019 02:20,DYSINGER EAST,23326,741.59,3150,-9999
07/07/2019 02:20,MOSES SOUTH,23319,1959.52,3150,-1600
07/07/2019 02:20,SCH - HQ - NY,23324,1417,1500,-800
07/07/2019 02:20,SCH - HQ_CEDARS,325274,190,190,-40
07/07/2019 02:20,SCH - HQ_IMPORT_EXPORT,325376,1117,1310,-9999
07/07/2019 02:20,SCH - NE - NY,23318,-514.74,1400,-1600
07/07/2019 02:20,SCH - NPX_1385,325277,25,200,-200
07/07/2019 02:20,SCH - NPX_CSC,325154,330,330,-330
07/07/2019 02:20,SCH - OH - NY,23317,1097.76,1700,-1400
07/07/2019 02:20,SCH - PJ - NY,23316,679.57,2050,-1150
07/07/2019 02:20,SCH - PJM_HTP,325905,60,660,-660
07/07/2019 02:20,SCH - PJM_NEPTUNE,325305,495,660,-660
07/07/2019 02:20,SCH - PJM_VFT,325658,315,315,-315
07/07/2019 02:20,SPR/DUN-SOUTH,23320,3240.73,4350,-9999
07/07/2019 02:20,TOTAL EAST,23314,4110.86,6800,-9999
07/07/2019 02:20,UPNY CONED,23315,3006.07,5700,-9999
07/07/2019 02:20,WEST CENTRAL,23312,365.07,9999,-9999
07/07/2019 02:25,CENTRAL EAST - VC,23330,2118.04,2485,-9999
07/07/2019 02:25,DYSINGER EAST,23326,742.81,3150,-9999
07/07/2019 02:25,MOSES SOUTH,23319,1955.5,3150,-1600
07/07/2019 02:25,SCH - HQ - NY,23324,1417,1500,-800
07/07/2019 02:25,SCH - HQ_CEDARS,325274,190,190,-40
07/07/2019 02:25,SCH - HQ_IMPORT_EXPORT,325376,1117,1310,-9999
07/07/2019 02:25,SCH - NE - NY,23318,-514.94,1400,-1600
07/07/2019 02:25,SCH - NPX_1385,325277,25,200,-200
07/07/2019 02:25,SCH - NPX_CSC,325154,330,330,-330
07/07/2019 02:25,SCH - OH - NY,23317,1097.78,1700,-1400
07/07/2019 02:25,SCH - PJ - NY,23316,677.84,2050,-1150
07/07/2019 02:25,SCH - PJM_HTP,325905,60,660,-660
07/07/2019 02:25,SCH - PJM_NEPTUNE,325305,495,660,-660
07/07/2019 02:25,SCH - PJM_VFT,325658,315,315,-315
07/07/2019 02:25,SPR/DUN-SOUTH,23320,3241.62,4350,-9999
07/07/2019 02:25,TOTAL EAST,23314,4112.83,6800,-9999
07/07/2019 02:25,UPNY CONED,23315,3006.88,5700,-9999
07/07/2019 02:25,WEST CENTRAL,23312,371.27,9999,-9999
07/07/2019 02:30,CENTRAL EAST - VC,23330,2132.34,2485,-9999
07/07/2019 02:30,DYSINGER EAST,23326,757.53,3150,-9999
07/07/2019 02:30,MOSES SOUTH,23319,1954.73,3150,-1600
07/07/2019 02:30,SCH - HQ - NY,23324,1417,1500,-800
07/07/2019 02:30,SCH - HQ_CEDARS,325274,190,190,-40
07/07/2019 02:30,SCH - HQ_IMPORT_EXPORT,325376,1117,1310,-9999
07/07/2019 02:30,SCH - NE - NY,23318,-579.58,1400,-1600
07/07/2019 02:30,SCH - NPX_1385,325277,25,200,-200
07/07/2019 02:30,SCH - NPX_CSC,325154,330,330,-330
07/07/2019 02:30,SCH - OH - NY,23317,1097.77,1700,-1400
07/07/2019 02:30,SCH - PJ - NY,23316,675.38,2050,-1150
07/07/2019 02:30,SCH - PJM_HTP,325905,60,660,-660
07/07/2019 02:30,SCH - PJM_NEPTUNE,325305,495,660,-660
07/07/2019 02:30,SCH - PJM_VFT,325658,315,315,-315
07/07/2019 02:30,SPR/DUN-SOUTH,23320,3240.63,4350,-9999
07/07/2019 02:30,TOTAL EAST,23314,4110.19,6800,-9999
07/07/2019 02:30,UPNY CONED,23315,2992.26,5700,-9999
07/07/2019 02:30,WEST CENTRAL,23312,390.85,9999,-9999
07/07/2019 02:35,CENTRAL EAST - VC,23330,2169.13,2485,-9999
07/07/2019 02:35,DYSINGER EAST,23326,802.83,3150,-9999
07/07/2019 02:35,MOSES SOUTH,23319,1958.51,3150,-1600
07/07/2019 02:35,SCH - HQ - NY,23324,1417,1500,-800
07/07/2019 02:35,SCH - HQ_CEDARS,325274,190,190,-40
07/07/2019 02:35,SCH - HQ_IMPORT_EXPORT,325376,1117,1310,-9999
07/07/2019 02:35,SCH - NE - NY,23318,-643.85,1400,-1600
07/07/2019 02:35,SCH - NPX_1385,325277,25,200,-200
07/07/2019 02:35,SCH - NPX_CSC,325154,330,330,-330
07/07/2019 02:35,SCH - OH - NY,23317,1097.76,1700,-1400
07/07/2019 02:35,SCH - PJ - NY,23316,676.37,2050,-1150
07/07/2019 02:35,SCH - PJM_HTP,325905,60,660,-660
07/07/2019 02:35,SCH - PJM_NEPTUNE,325305,495,660,-660
07/07/2019 02:35,SCH - PJM_VFT,325658,315,315,-315
07/07/2019 02:35,SPR/DUN-SOUTH,23320,3253.6,4350,-9999
07/07/2019 02:35,TOTAL EAST,23314,4098.2,6800,-9999
07/07/2019 02:35,UPNY CONED,23315,2992.81,5700,-9999
07/07/2019 02:35,WEST CENTRAL,23312,439.63,9999,-9999
07/07/2019 02:40,CENTRAL EAST - VC,23330,2161.99,2485,-9999
07/07/2019 02:40,DYSINGER EAST,23326,782.02,3150,-9999
07/07/2019 02:40,MOSES SOUTH,23319,1958.86,3150,-1600
07/07/2019 02:40,SCH - HQ - NY,23324,1417,1500,-800
07/07/2019 02:40,SCH - HQ_CEDARS,325274,190,190,-40
07/07/2019 02:40,SCH - HQ_IMPORT_EXPORT,325376,1117,1310,-9999
07/07/2019 02:40,SCH - NE - NY,23318,-644.12,1400,-1600
07/07/2019 02:40,SCH - NPX_1385,325277,25,200,-200
07/07/2019 02:40,SCH - NPX_CSC,325154,330,330,-330
07/07/2019 02:40,SCH - OH - NY,23317,1097.76,1700,-1400
07/07/2019 02:40,SCH - PJ - NY,23316,674.72,2050,-1150
07/07/2019 02:40,SCH - PJM_HTP,325905,60,660,-660
07/07/2019 02:40,SCH - PJM_NEPTUNE,325305,495,660,-660
07/07/2019 02:40,SCH - PJM_VFT,325658,315,315,-315
07/07/2019 02:40,SPR/DUN-SOUTH,23320,3238.1,4350,-9999
07/07/2019 02:40,TOTAL EAST,23314,4102.74,6800,-9999
07/07/2019 02:40,UPNY CONED,23315,2960.51,5700,-9999
07/07/2019 02:40,WEST CENTRAL,23312,421.13,9999,-9999
07/07/2019 02:45,CENTRAL EAST - VC,23330,2172.59,2485,-9999
07/07/2019 02:45,DYSINGER EAST,23326,793.15,3150,-9999
07/07/2019 02:45,MOSES SOUTH,23319,1954.58,3150,-1600
07/07/2019 02:45,SCH - HQ - NY,23324,1417,1500,-800
07/07/2019 02:45,SCH - HQ_CEDARS,325274,190,190,-40
07/07/2019 02:45,SCH - HQ_IMPORT_EXPORT,325376,1117,1310,-9999
07/07/2019 02:45,SCH - NE - NY,23318,-688.13,1400,-1600
07/07/2019 02:45,SCH - NPX_1385,325277,25,200,-200
07/07/2019 02:45,SCH - NPX_CSC,325154,330,330,-330
07/07/2019 02:45,SCH - OH - NY,23317,1097.74,1700,-1400
07/07/2019 02:45,SCH - PJ - NY,23316,676.72,2050,-1150
07/07/2019 02:45,SCH - PJM_HTP,325905,60,660,-660
07/07/2019 02:45,SCH - PJM_NEPTUNE,325305,495,660,-660
07/07/2019 02:45,SCH - PJM_VFT,325658,315,315,-315
07/07/2019 02:45,SPR/DUN-SOUTH,23320,3228.74,4350,-9999
07/07/2019 02:45,TOTAL EAST,23314,4114.05,6800,-9999
07/07/2019 02:45,UPNY CONED,23315,2941.64,5700,-9999
07/07/2019 02:45,WEST CENTRAL,23312,435.22,9999,-9999
07/07/2019 02:50,CENTRAL EAST - VC,23330,2176.53,2485,-9999
07/07/2019 02:50,DYSINGER EAST,23326,784.72,3150,-9999
07/07/2019 02:50,MOSES SOUTH,23319,1948.23,3150,-1600
07/07/2019 02:50,SCH - HQ - NY,23324,1417,1500,-800
07/07/2019 02:50,SCH - HQ_CEDARS,325274,190,190,-40
07/07/2019 02:50,SCH - HQ_IMPORT_EXPORT,325376,1117,1310,-9999
07/07/2019 02:50,SCH - NE - NY,23318,-731.86,1400,-1600
07/07/2019 02:50,SCH - NPX_1385,325277,25,200,-200
07/07/2019 02:50,SCH - NPX_CSC,325154,330,330,-330
07/07/2019 02:50,SCH - OH - NY,23317,1097.73,1700,-1400
07/07/2019 02:50,SCH - PJ - NY,23316,676.42,2050,-1150
07/07/2019 02:50,SCH - PJM_HTP,325905,60,660,-660
07/07/2019 02:50,SCH - PJM_NEPTUNE,325305,495,660,-660
07/07/2019 02:50,SCH - PJM_VFT,325658,315,315,-315
07/07/2019 02:50,SPR/DUN-SOUTH,23320,3215.72,4350,-9999
07/07/2019 02:50,TOTAL EAST,23314,4158.09,6800,-9999
07/07/2019 02:50,UPNY CONED,23315,2924.79,5700,-9999
07/07/2019 02:50,WEST CENTRAL,23312,431.13,9999,-9999
07/07/2019 02:55,CENTRAL EAST - VC,23330,2194.44,2485,-9999
07/07/2019 02:55,DYSINGER EAST,23326,791.1,3150,-9999
07/07/2019 02:55,MOSES SOUTH,23319,1940.16,3150,-1600
07/07/2019 02:55,SCH - HQ - NY,23324,1417,1500,-800
07/07/2019 02:55,SCH - HQ_CEDARS,325274,190,190,-40
07/07/2019 02:55,SCH - HQ_IMPORT_EXPORT,325376,1117,1310,-9999
07/07/2019 02:55,SCH - NE - NY,23318,-731.73,1400,-1600
07/07/2019 02:55,SCH - NPX_1385,325277,25,200,-200
07/07/2019 02:55,SCH - NPX_CSC,325154,330,330,-330
07/07/2019 02:55,SCH - OH - NY,23317,1097.69,1700,-1400
07/07/2019 02:55,SCH - PJ - NY,23316,673.17,2050,-1150
07/07/2019 02:55,SCH - PJM_HTP,325905,60,660,-660
07/07/2019 02:55,SCH - PJM_NEPTUNE,325305,495,660,-660
07/07/2019 02:55,SCH - PJM_VFT,325658,315,315,-315
07/07/2019 02:55,SPR/DUN-SOUTH,23320,3220.48,4350,-9999
07/07/2019 02:55,TOTAL EAST,23314,4163.11,6800,-9999
07/07/2019 02:55,UPNY CONED,23315,2916.64,5700,-9999
07/07/2019 02:55,WEST CENTRAL,23312,441.44,9999,-9999
07/07/2019 03:00,CENTRAL EAST - VC,23330,2180.96,2485,-9999
07/07/2019 03:00,DYSINGER EAST,23326,729.21,3150,-9999
07/07/2019 03:00,MOSES SOUTH,23319,1981.49,3150,-1600
07/07/2019 03:00,SCH - HQ - NY,23324,1458,1500,-800
07/07/2019 03:00,SCH - HQ_CEDARS,325274,190,190,-40
07/07/2019 03:00,SCH - HQ_IMPORT_EXPORT,325376,1158,1310,-9999
07/07/2019 03:00,SCH - NE - NY,23318,-768.68,1400,-1600
07/07/2019 03:00,SCH - NPX_1385,325277,31,200,-200
07/07/2019 03:00,SCH - NPX_CSC,325154,272,330,-330
07/07/2019 03:00,SCH - OH - NY,23317,1079.78,1700,-1400
07/07/2019 03:00,SCH - PJ - NY,23316,711.78,2050,-1150
07/07/2019 03:00,SCH - PJM_HTP,325905,80,660,-660
07/07/2019 03:00,SCH - PJM_NEPTUNE,325305,495,660,-660
07/07/2019 03:00,SCH - PJM_VFT,325658,315,315,-315
07/07/2019 03:00,SPR/DUN-SOUTH,23320,3180.55,4350,-9999
07/07/2019 03:00,TOTAL EAST,23314,4166.74,6800,-9999
07/07/2019 03:00,UPNY CONED,23315,2917.87,5700,-9999
07/07/2019 03:00,WEST CENTRAL,23312,384.53,9999,-9999
07/07/2019 03:05,CENTRAL EAST - VC,23330,2231.01,2485,-9999
07/07/2019 03:05,DYSINGER EAST,23326,746.64,3150,-9999
07/07/2019 03:05,MOSES SOUTH,23319,2035.15,3150,-1600
07/07/2019 03:05,SCH - HQ - NY,23324,1500,1500,-800
07/07/2019 03:05,SCH - HQ_CEDARS,325274,190,190,-40
07/07/2019 03:05,SCH - HQ_IMPORT_EXPORT,325376,1200,1310,-9999
07/07/2019 03:05,SCH - NE - NY,23318,-806.43,1400,-1600
07/07/2019 03:05,SCH - NPX_1385,325277,38,200,-200
07/07/2019 03:05,SCH - NPX_CSC,325154,215,330,-330
07/07/2019 03:05,SCH - OH - NY,23317,1062.92,1700,-1400
07/07/2019 03:05,SCH - PJ - NY,23316,754.3,2050,-1150
07/07/2019 03:05,SCH - PJM_HTP,325905,100,660,-660
07/07/2019 03:05,SCH - PJM_NEPTUNE,325305,495,660,-660
07/07/2019 03:05,SCH - PJM_VFT,325658,315,315,-315
07/07/2019 03:05,SPR/DUN-SOUTH,23320,3152.54,4350,-9999
07/07/2019 03:05,TOTAL EAST,23314,4242.39,6800,-9999
07/07/2019 03:05,UPNY CONED,23315,2932.3,5700,-9999
07/07/2019 03:05,WEST CENTRAL,23312,403.79,9999,-9999
07/07/2019 03:10,CENTRAL EAST - VC,23330,2256.6,2485,-9999
07/07/2019 03:10,DYSINGER EAST,23326,774.81,3150,-9999
07/07/2019 03:10,MOSES SOUTH,23319,2027.91,3150,-1600
07/07/2019 03:10,SCH - HQ - NY,23324,1500,1500,-800
07/07/2019 03:10,SCH - HQ_CEDARS,325274,190,190,-40
07/07/2019 03:10,SCH - HQ_IMPORT_EXPORT,325376,1200,1310,-9999
07/07/2019 03:10,SCH - NE - NY,23318,-806.29,1400,-1600
07/07/2019 03:10,SCH - NPX_1385,325277,38,200,-200
07/07/2019 03:10,SCH - NPX_CSC,325154,215,330,-330
07/07/2019 03:10,SCH - OH - NY,23317,1062.91,1700,-1400
07/07/2019 03:10,SCH - PJ - NY,23316,754.03,2050,-1150
07/07/2019 03:10,SCH - PJM_HTP,325905,100,660,-660
07/07/2019 03:10,SCH - PJM_NEPTUNE,325305,495,660,-660
07/07/2019 03:10,SCH - PJM_VFT,325658,315,315,-315
07/07/2019 03:10,SPR/DUN-SOUTH,23320,3165.36,4350,-9999
07/07/2019 03:10,TOTAL EAST,23314,4238.11,6800,-9999
07/07/2019 03:10,UPNY CONED,23315,2938.02,5700,-9999
07/07/2019 03:10,WEST CENTRAL,23312,433.6,9999,-9999
07/07/2019 03:15,CENTRAL EAST - VC,23330,2211.23,2485,-9999
07/07/2019 03:15,DYSINGER EAST,23326,764.84,3150,-9999
07/07/2019 03:15,MOSES SOUTH,23319,1989.53,3150,-1600
07/07/2019 03:15,SCH - HQ - NY,23324,1500,1500,-800
07/07/2019 03:15,SCH - HQ_CEDARS,325274,190,190,-40
07/07/2019 03:15,SCH - HQ_IMPORT_EXPORT,325376,1200,1310,-9999
07/07/2019 03:15,SCH - NE - NY,23318,-807.44,1400,-1600
07/07/2019 03:15,SCH - NPX_1385,325277,38,200,-200
07/07/2019 03:15,SCH - NPX_CSC,325154,215,330,-330
07/07/2019 03:15,SCH - OH - NY,23317,1062.89,1700,-1400
07/07/2019 03:15,SCH - PJ - NY,23316,728.54,2050,-1150
07/07/2019 03:15,SCH - PJM_HTP,325905,100,660,-660
07/07/2019 03:15,SCH - PJM_NEPTUNE,325305,495,660,-660
07/07/2019 03:15,SCH - PJM_VFT,325658,315,315,-315
07/07/2019 03:15,SPR/DUN-SOUTH,23320,3145.33,4350,-9999
07/07/2019 03:15,TOTAL EAST,23314,4223.34,6800,-9999
07/07/2019 03:15,UPNY CONED,23315,2905.3,5700,-9999
07/07/2019 03:15,WEST CENTRAL,23312,424.6,9999,-9999
07/07/2019 03:20,CENTRAL EAST - VC,23330,2194.39,2485,-9999
07/07/2019 03:20,DYSINGER EAST,23326,740.34,3150,-9999
07/07/2019 03:20,MOSES SOUTH,23319,1997.76,3150,-1600
07/07/2019 03:20,SCH - HQ - NY,23324,1500,1500,-800
07/07/2019 03:20,SCH - HQ_CEDARS,325274,190,190,-40
07/07/2019 03:20,SCH - HQ_IMPORT_EXPORT,325376,1200,1310,-9999
07/07/2019 03:20,SCH - NE - NY,23318,-809.39,1400,-1600
07/07/2019 03:20,SCH - NPX_1385,325277,38,200,-200
07/07/2019 03:20,SCH - NPX_CSC,325154,215,330,-330
07/07/2019 03:20,SCH - OH - NY,23317,1062.92,1700,-1400
07/07/2019 03:20,SCH - PJ - NY,23316,701.48,2050,-1150
07/07/2019 03:20,SCH - PJM_HTP,325905,100,660,-660
07/07/2019 03:20,SCH - PJM_NEPTUNE,325305,495,660,-660
07/07/2019 03:20,SCH - PJM_VFT,325658,315,315,-315
07/07/2019 03:20,SPR/DUN-SOUTH,23320,3133.8,4350,-9999
07/07/2019 03:20,TOTAL EAST,23314,4195.07,6800,-9999
07/07/2019 03:20,UPNY CONED,23315,2886.25,5700,-9999
07/07/2019 03:20,WEST CENTRAL,23312,402.03,9999,-9999
07/07/2019 03:25,CENTRAL EAST - VC,23330,2205.72,2485,-9999
07/07/2019 03:25,DYSINGER EAST,23326,753.67,3150,-9999
07/07/2019 03:25,MOSES SOUTH,23319,1981.85,3150,-1600
07/07/2019 03:25,SCH - HQ - NY,23324,1500,1500,-800
07/07/2019 03:25,SCH - HQ_CEDARS,325274,190,190,-40
07/07/2019 03:25,SCH - HQ_IMPORT_EXPORT,325376,1200,1310,-9999
07/07/2019 03:25,SCH - NE - NY,23318,-808.94,1400,-1600
07/07/2019 03:25,SCH - NPX_1385,325277,38,200,-200
07/07/2019 03:25,SCH - NPX_CSC,325154,215,330,-330
07/07/2019 03:25,SCH - OH - NY,23317,1062.84,1700,-1400
07/07/2019 03:25,SCH - PJ - NY,23316,702.87,2050,-1150
07/07/2019 03:25,SCH - PJM_HTP,325905,100,660,-660
07/07/2019 03:25,SCH - PJM_NEPTUNE,325305,495,660,-660
07/07/2019 03:25,SCH - PJM_VFT,325658,315,315,-315
07/07/2019 03:25,SPR/DUN-SOUTH,23320,3145.88,4350,-9999
07/07/2019 03:25,TOTAL EAST,23314,4201.46,6800,-9999
07/07/2019 03:25,UPNY CONED,23315,2896.39,5700,-9999
07/07/2019 03:25,WEST CENTRAL,23312,420.46,9999,-9999
07/07/2019 03:30,CENTRAL EAST - VC,23330,2227.32,2485,-9999
07/07/2019 03:30,DYSINGER EAST,23326,791.8,3150,-9999
07/07/2019 03:30,MOSES SOUTH,23319,1984.52,3150,-1600
07/07/2019 03:30,SCH - HQ - NY,23324,1500,1500,-800
07/07/2019 03:30,SCH - HQ_CEDARS,325274,190,190,-40
07/07/2019 03:30,SCH - HQ_IMPORT_EXPORT,325376,1200,1310,-9999
07/07/2019 03:30,SCH - NE - NY,23318,-731.98,1400,-1600
07/07/2019 03:30,SCH - NPX_1385,325277,38,200,-200
07/07/2019 03:30,SCH - NPX_CSC,325154,215,330,-330
07/07/2019 03:30,SCH - OH - NY,23317,1062.85,1700,-1400
07/07/2019 03:30,SCH - PJ - NY,23316,699.9,2050,-1150
07/07/2019 03:30,SCH - PJM_HTP,325905,100,660,-660
07/07/2019 03:30,SCH - PJM_NEPTUNE,325305,495,660,-660
07/07/2019 03:30,SCH - PJM_VFT,325658,315,315,-315
07/07/2019 03:30,SPR/DUN-SOUTH,23320,3092.24,4350,-9999
07/07/2019 03:30,TOTAL EAST,23314,4207.62,6800,-9999
07/07/2019 03:30,UPNY CONED,23315,2824.4,5700,-9999
07/07/2019 03:30,WEST CENTRAL,23312,460.17,9999,-9999
07/07/2019 03:35,CENTRAL EAST - VC,23330,2189.55,2485,-9999
07/07/2019 03:35,DYSINGER EAST,23326,771.74,3150,-9999
07/07/2019 03:35,MOSES SOUTH,23319,1986.58,3150,-1600
07/07/2019 03:35,SCH - HQ - NY,23324,1500,1500,-800
07/07/2019 03:35,SCH - HQ_CEDARS,325274,190,190,-40
07/07/2019 03:35,SCH - HQ_IMPORT_EXPORT,325376,1200,1310,-9999
07/07/2019 03:35,SCH - NE - NY,23318,-655.97,1400,-1600
07/07/2019 03:35,SCH - NPX_1385,325277,38,200,-200
07/07/2019 03:35,SCH - NPX_CSC,325154,215,330,-330
07/07/2019 03:35,SCH - OH - NY,23317,1062.87,1700,-1400
07/07/2019 03:35,SCH - PJ - NY,23316,703.3,2050,-1150
07/07/2019 03:35,SCH - PJM_HTP,325905,100,660,-660
07/07/2019 03:35,SCH - PJM_NEPTUNE,325305,495,660,-660
07/07/2019 03:35,SCH - PJM_VFT,325658,315,315,-315
07/07/2019 03:35,SPR/DUN-SOUTH,23320,3093.69,4350,-9999
07/07/2019 03:35,TOTAL EAST,23314,4210.23,6800,-9999
07/07/2019 03:35,UPNY CONED,23315,2829.02,5700,-9999
07/07/2019 03:35,WEST CENTRAL,23312,442.4,9999,-9999
07/07/2019 03:40,CENTRAL EAST - VC,23330,2164.94,2485,-9999
07/07/2019 03:40,DYSINGER EAST,23326,747.32,3150,-9999
07/07/2019 03:40,MOSES SOUTH,23319,1990.23,3150,-1600
07/07/2019 03:40,SCH - HQ - NY,23324,1500,1500,-800
07/07/2019 03:40,SCH - HQ_CEDARS,325274,190,190,-40
07/07/2019 03:40,SCH - HQ_IMPORT_EXPORT,325376,1200,1310,-9999
07/07/2019 03:40,SCH - NE - NY,23318,-656.02,1400,-1600
07/07/2019 03:40,SCH - NPX_1385,325277,38,200,-200
07/07/2019 03:40,SCH - NPX_CSC,325154,215,330,-330
07/07/2019 03:40,SCH - OH - NY,23317,1062.87,1700,-1400
07/07/2019 03:40,SCH - PJ - NY,23316,702.4,2050,-1150
07/07/2019 03:40,SCH - PJM_HTP,325905,100,660,-660
07/07/2019 03:40,SCH - PJM_NEPTUNE,325305,495,660,-660
07/07/2019 03:40,SCH - PJM_VFT,325658,315,315,-315
07/07/2019 03:40,SPR/DUN-SOUTH,23320,3072.51,4350,-9999
07/07/2019 03:40,TOTAL EAST,23314,4217.54,6800,-9999
07/07/2019 03:40,UPNY CONED,23315,2800.29,5700,-9999
07/07/2019 03:40,WEST CENTRAL,23312,419.08,9999,-9999
07/07/2019 03:45,CENTRAL EAST - VC,23330,2184.36,2485,-9999
07/07/2019 03:45,DYSINGER EAST,23326,778.17,3150,-9999
07/07/2019 03:45,MOSES SOUTH,23319,1974.94,3150,-1600
07/07/2019 03:45,SCH - HQ - NY,23324,1500,1500,-800
07/07/2019 03:45,SCH - HQ_CEDARS,325274,190,190,-40
07/07/2019 03:45,SCH - HQ_IMPORT_EXPORT,325376,1200,1310,-9999
07/07/2019 03:45,SCH - NE - NY,23318,-697.57,1400,-1600
07/07/2019 03:45,SCH - NPX_1385,325277,38,200,-200
07/07/2019 03:45,SCH - NPX_CSC,325154,215,330,-330
07/07/2019 03:45,SCH - OH - NY,23317,1062.85,1700,-1400
07/07/2019 03:45,SCH - PJ - NY,23316,704.87,2050,-1150
07/07/2019 03:45,SCH - PJM_HTP,325905,100,660,-660
07/07/2019 03:45,SCH - PJM_NEPTUNE,325305,495,660,-660
07/07/2019 03:45,SCH - PJM_VFT,325658,315,315,-315
07/07/2019 03:45,SPR/DUN-SOUTH,23320,3068.68,4350,-9999
07/07/2019 03:45,TOTAL EAST,23314,4227.59,6800,-9999
07/07/2019 03:45,UPNY CONED,23315,2786.04,5700,-9999
07/07/2019 03:45,WEST CENTRAL,23312,451.78,9999,-9999
07/07/2019 03:50,CENTRAL EAST - VC,23330,2163.06,2485,-9999
07/07/2019 03:50,DYSINGER EAST,23326,752.44,3150,-9999
07/07/2019 03:50,MOSES SOUTH,23319,1980.58,3150,-1600
07/07/2019 03:50,SCH - HQ - NY,23324,1500,1500,-800
07/07/2019 03:50,SCH - HQ_CEDARS,325274,190,190,-40
07/07/2019 03:50,SCH - HQ_IMPORT_EXPORT,325376,1200,1310,-9999
07/07/2019 03:50,SCH - NE - NY,23318,-739.35,1400,-1600
07/07/2019 03:50,SCH - NPX_1385,325277,38,200,-200
07/07/2019 03:50,SCH - NPX_CSC,325154,215,330,-330
07/07/2019 03:50,SCH - OH - NY,23317,1062.86,1700,-1400
07/07/2019 03:50,SCH - PJ - NY,23316,705.55,2050,-1150
07/07/2019 03:50,SCH - PJM_HTP,325905,100,660,-660
07/07/2019 03:50,SCH - PJM_NEPTUNE,325305,495,660,-660
07/07/2019 03:50,SCH - PJM_VFT,325658,315,315,-315
07/07/2019 03:50,SPR/DUN-SOUTH,23320,3017.37,4350,-9999
07/07/2019 03:50,TOTAL EAST,23314,4232.29,6800,-9999
07/07/2019 03:50,UPNY CONED,23315,2787.89,5700,-9999
07/07/2019 03:50,WEST CENTRAL,23312,431.13,9999,-9999
07/07/2019 03:55,CENTRAL EAST - VC,23330,2167.51,2485,-9999
07/07/2019 03:55,DYSINGER EAST,23326,761.43,3150,-9999
07/07/2019 03:55,MOSES SOUTH,23319,1978.08,3150,-1600
07/07/2019 03:55,SCH - HQ - NY,23324,1500,1500,-800
07/07/2019 03:55,SCH - HQ_CEDARS,325274,190,190,-40
07/07/2019 03:55,SCH - HQ_IMPORT_EXPORT,325376,1200,1310,-9999
07/07/2019 03:55,SCH - NE - NY,23318,-739,1400,-1600
07/07/2019 03:55,SCH - NPX_1385,325277,38,200,-200
07/07/2019 03:55,SCH - NPX_CSC,325154,215,330,-330
07/07/2019 03:55,SCH - OH - NY,23317,1062.84,1700,-1400
07/07/2019 03:55,SCH - PJ - NY,23316,703.05,2050,-1150
07/07/2019 03:55,SCH - PJM_HTP,325905,100,660,-660
07/07/2019 03:55,SCH - PJM_NEPTUNE,325305,495,660,-660
07/07/2019 03:55,SCH - PJM_VFT,325658,315,315,-315
07/07/2019 03:55,SPR/DUN-SOUTH,23320,3014.99,4350,-9999
07/07/2019 03:55,TOTAL EAST,23314,4219.94,6800,-9999
07/07/2019 03:55,UPNY CONED,23315,2809.01,5700,-9999
07/07/2019 03:55,WEST CENTRAL,23312,440.79,9999,-9999
07/07/2019 04:00,CENTRAL EAST - VC,23330,2196.19,2485,-9999
07/07/2019 04:00,DYSINGER EAST,23326,809.22,3150,-9999
07/07/2019 04:00,MOSES SOUTH,23319,1969.11,3150,-1600
07/07/2019 04:00,SCH - HQ - NY,23324,1500,1500,-800
07/07/2019 04:00,SCH - HQ_CEDARS,325274,190,190,-40
07/07/2019 04:00,SCH - HQ_IMPORT_EXPORT,325376,1200,1310,-9999
07/07/2019 04:00,SCH - NE - NY,23318,-744.92,1400,-1600
07/07/2019 04:00,SCH - NPX_1385,325277,31,200,-200
07/07/2019 04:00,SCH - NPX_CSC,325154,215,330,-330
07/07/2019 04:00,SCH - OH - NY,23317,1072.76,1700,-1400
07/07/2019 04:00,SCH - PJ - NY,23316,703.01,2050,-1150
07/07/2019 04:00,SCH - PJM_HTP,325905,80,660,-660
07/07/2019 04:00,SCH - PJM_NEPTUNE,325305,480,660,-660
07/07/2019 04:00,SCH - PJM_VFT,325658,315,315,-315
07/07/2019 04:00,SPR/DUN-SOUTH,23320,3050.5,4350,-9999
07/07/2019 04:00,TOTAL EAST,23314,4232.63,6800,-9999
07/07/2019 04:00,UPNY CONED,23315,2844.73,5700,-9999
07/07/2019 04:00,WEST CENTRAL,23312,490.3,9999,-9999
07/07/2019 04:05,CENTRAL EAST - VC,23330,2206.32,2485,-9999
07/07/2019 04:05,DYSINGER EAST,23326,828.25,3150,-9999
07/07/2019 04:05,MOSES SOUTH,23319,1971.56,3150,-1600
07/07/2019 04:05,SCH - HQ - NY,23324,1500,1500,-800
07/07/2019 04:05,SCH - HQ_CEDARS,325274,190,190,-40
07/07/2019 04:05,SCH - HQ_IMPORT_EXPORT,325376,1200,1310,-9999
07/07/2019 04:05,SCH - NE - NY,23318,-750.93,1400,-1600
07/07/2019 04:05,SCH - NPX_1385,325277,25,200,-200
07/07/2019 04:05,SCH - NPX_CSC,325154,215,330,-330
07/07/2019 04:05,SCH - OH - NY,23317,1082.72,1700,-1400
07/07/2019 04:05,SCH - PJ - NY,23316,706.07,2050,-1150
07/07/2019 04:05,SCH - PJM_HTP,325905,59,660,-660
07/07/2019 04:05,SCH - PJM_NEPTUNE,325305,466,660,-660
07/07/2019 04:05,SCH - PJM_VFT,325658,315,315,-315
07/07/2019 04:05,SPR/DUN-SOUTH,23320,3072.94,4350,-9999
07/07/2019 04:05,TOTAL EAST,23314,4251.89,6800,-9999
07/07/2019 04:05,UPNY CONED,23315,2865.24,5700,-9999
07/07/2019 04:05,WEST CENTRAL,23312,510.09,9999,-9999
07/07/2019 04:10,CENTRAL EAST - VC,23330,2189.88,2485,-9999
07/07/2019 04:10,DYSINGER EAST,23326,782.99,3150,-9999
07/07/2019 04:10,MOSES SOUTH,23319,1989.4,3150,-1600
07/07/2019 04:10,SCH - HQ - NY,23324,1500,1500,-800
07/07/2019 04:10,SCH - HQ_CEDARS,325274,190,190,-40
07/07/2019 04:10,SCH - HQ_IMPORT_EXPORT,325376,1200,1310,-9999
07/07/2019 04:10,SCH - NE - NY,23318,-751.13,1400,-1600
07/07/2019 04:10,SCH - NPX_1385,325277,25,200,-200
07/07/2019 04:10,SCH - NPX_CSC,325154,215,330,-330
07/07/2019 04:10,SCH - OH - NY,23317,1082.75,1700,-1400
07/07/2019 04:10,SCH - PJ - NY,23316,703.3,2050,-1150
07/07/2019 04:10,SCH - PJM_HTP,325905,60,660,-660
07/07/2019 04:10,SCH - PJM_NEPTUNE,325305,466,660,-660
07/07/2019 04:10,SCH - PJM_VFT,325658,315,315,-315
07/07/2019 04:10,SPR/DUN-SOUTH,23320,3054.08,4350,-9999
07/07/2019 04:10,TOTAL EAST,23314,4255.63,6800,-9999
07/07/2019 04:10,UPNY CONED,23315,2843.21,5700,-9999
07/07/2019 04:10,WEST CENTRAL,23312,468.56,9999,-9999
07/07/2019 04:15,CENTRAL EAST - VC,23330,2209.8,2485,-9999
07/07/2019 04:15,DYSINGER EAST,23326,818.48,3150,-9999
07/07/2019 04:15,MOSES SOUTH,23319,2006.86,3150,-1600
07/07/2019 04:15,SCH - HQ - NY,23324,1500,1500,-800
07/07/2019 04:15,SCH - HQ_CEDARS,325274,190,190,-40
07/07/2019 04:15,SCH - HQ_IMPORT_EXPORT,325376,1200,1310,-9999
07/07/2019 04:15,SCH - NE - NY,23318,-738.99,1400,-1600
07/07/2019 04:15,SCH - NPX_1385,325277,25,200,-200
07/07/2019 04:15,SCH - NPX_CSC,325154,215,330,-330
07/07/2019 04:15,SCH - OH - NY,23317,1082.84,1700,-1400
07/07/2019 04:15,SCH - PJ - NY,23316,704.17,2050,-1150
07/07/2019 04:15,SCH - PJM_HTP,325905,60,660,-660
07/07/2019 04:15,SCH - PJM_NEPTUNE,325305,466,660,-660
07/07/2019 04:15,SCH - PJM_VFT,325658,315,315,-315
07/07/2019 04:15,SPR/DUN-SOUTH,23320,3053.29,4350,-9999
07/07/2019 04:15,TOTAL EAST,23314,4257.79,6800,-9999
07/07/2019 04:15,UPNY CONED,23315,2842.8,5700,-9999
07/07/2019 04:15,WEST CENTRAL,23312,504.75,9999,-9999
07/07/2019 04:20,CENTRAL EAST - VC,23330,2225.28,2485,-9999
07/07/2019 04:20,DYSINGER EAST,23326,826.79,3150,-9999
07/07/2019 04:20,MOSES SOUTH,23319,1992.83,3150,-1600
07/07/2019 04:20,SCH - HQ - NY,23324,1500,1500,-800
07/07/2019 04:20,SCH - HQ_CEDARS,325274,190,190,-40
07/07/2019 04:20,SCH - HQ_IMPORT_EXPORT,325376,1200,1310,-9999
07/07/2019 04:20,SCH - NE - NY,23318,-726.88,1400,-1600
07/07/2019 04:20,SCH - NPX_1385,325277,25,200,-200
07/07/2019 04:20,SCH - NPX_CSC,325154,215,330,-330
07/07/2019 04:20,SCH - OH - NY,23317,1082.78,1700,-1400
07/07/2019 04:20,SCH - PJ - NY,23316,705.89,2050,-1150
07/07/2019 04:20,SCH - PJM_HTP,325905,60,660,-660
07/07/2019 04:20,SCH - PJM_NEPTUNE,325305,466,660,-660
07/07/2019 04:20,SCH - PJM_VFT,325658,315,315,-315
07/07/2019 04:20,SPR/DUN-SOUTH,23320,3063.94,4350,-9999
07/07/2019 04:20,TOTAL EAST,23314,4259.92,6800,-9999
07/07/2019 04:20,UPNY CONED,23315,2853.48,5700,-9999
07/07/2019 04:20,WEST CENTRAL,23312,515.21,9999,-9999
07/07/2019 04:25,CENTRAL EAST - VC,23330,2252.38,2485,-9999
07/07/2019 04:25,DYSINGER EAST,23326,874.22,3150,-9999
07/07/2019 04:25,MOSES SOUTH,23319,2004.42,3150,-1600
07/07/2019 04:25,SCH - HQ - NY,23324,1500,1500,-800
07/07/2019 04:25,SCH - HQ_CEDARS,325274,190,190,-40
07/07/2019 04:25,SCH - HQ_IMPORT_EXPORT,325376,1200,1310,-9999
07/07/2019 04:25,SCH - NE - NY,23318,-726.86,1400,-1600
07/07/2019 04:25,SCH - NPX_1385,325277,25,200,-200
07/07/2019 04:25,SCH - NPX_CSC,325154,215,330,-330
07/07/2019 04:25,SCH - OH - NY,23317,1082.84,1700,-1400
07/07/2019 04:25,SCH - PJ - NY,23316,704.99,2050,-1150
07/07/2019 04:25,SCH - PJM_HTP,325905,60,660,-660
07/07/2019 04:25,SCH - PJM_NEPTUNE,325305,466,660,-660
07/07/2019 04:25,SCH - PJM_VFT,325658,315,315,-315
07/07/2019 04:25,SPR/DUN-SOUTH,23320,3067.14,4350,-9999
07/07/2019 04:25,TOTAL EAST,23314,4267.75,6800,-9999
07/07/2019 04:25,UPNY CONED,23315,2854.62,5700,-9999
07/07/2019 04:25,WEST CENTRAL,23312,563.86,9999,-9999
07/07/2019 04:30,CENTRAL EAST - VC,23330,2238.93,2485,-9999
07/07/2019 04:30,DYSINGER EAST,23326,842.57,3150,-9999
07/07/2019 04:30,MOSES SOUTH,23319,1991.23,3150,-1600
07/07/2019 04:30,SCH - HQ - NY,23324,1500,1500,-800
07/07/2019 04:30,SCH - HQ_CEDARS,325274,190,190,-40
07/07/2019 04:30,SCH - HQ_IMPORT_EXPORT,325376,1200,1310,-9999
07/07/2019 04:30,SCH - NE - NY,23318,-737.8,1400,-1600
07/07/2019 04:30,SCH - NPX_1385,325277,25,200,-200
07/07/2019 04:30,SCH - NPX_CSC,325154,215,330,-330
07/07/2019 04:30,SCH - OH - NY,23317,1082.76,1700,-1400
07/07/2019 04:30,SCH - PJ - NY,23316,704.76,2050,-1150
07/07/2019 04:30,SCH - PJM_HTP,325905,60,660,-660
07/07/2019 04:30,SCH - PJM_NEPTUNE,325305,466,660,-660
07/07/2019 04:30,SCH - PJM_VFT,325658,315,315,-315
07/07/2019 04:30,SPR/DUN-SOUTH,23320,3042.91,4350,-9999
07/07/2019 04:30,TOTAL EAST,23314,4277.51,6800,-9999
07/07/2019 04:30,UPNY CONED,23315,2832.07,5700,-9999
07/07/2019 04:30,WEST CENTRAL,23312,533.71,9999,-9999
07/07/2019 04:35,CENTRAL EAST - VC,23330,2233.78,2485,-9999
07/07/2019 04:35,DYSINGER EAST,23326,855.42,3150,-9999
07/07/2019 04:35,MOSES SOUTH,23319,2002.66,3150,-1600
07/07/2019 04:35,SCH - HQ - NY,23324,1500,1500,-800
07/07/2019 04:35,SCH - HQ_CEDARS,325274,190,190,-40
07/07/2019 04:35,SCH - HQ_IMPORT_EXPORT,325376,1200,1310,-9999
07/07/2019 04:35,SCH - NE - NY,23318,-748.99,1400,-1600
07/07/2019 04:35,SCH - NPX_1385,325277,25,200,-200
07/07/2019 04:35,SCH - NPX_CSC,325154,215,330,-330
07/07/2019 04:35,SCH - OH - NY,23317,1082.85,1700,-1400
07/07/2019 04:35,SCH - PJ - NY,23316,705.26,2050,-1150
07/07/2019 04:35,SCH - PJM_HTP,325905,60,660,-660
07/07/2019 04:35,SCH - PJM_NEPTUNE,325305,466,660,-660
07/07/2019 04:35,SCH - PJM_VFT,325658,315,315,-315
07/07/2019 04:35,SPR/DUN-SOUTH,23320,3038.94,4350,-9999
07/07/2019 04:35,TOTAL EAST,23314,4273.15,6800,-9999
07/07/2019 04:35,UPNY CONED,23315,2826.04,5700,-9999
07/07/2019 04:35,WEST CENTRAL,23312,547.24,9999,-9999
07/07/2019 04:40,CENTRAL EAST - VC,23330,2268.81,2485,-9999
07/07/2019 04:40,DYSINGER EAST,23326,852.61,3150,-9999
07/07/2019 04:40,MOSES SOUTH,23319,2005.44,3150,-1600
07/07/2019 04:40,SCH - HQ - NY,23324,1500,1500,-800
07/07/2019 04:40,SCH - HQ_CEDARS,325274,190,190,-40
07/07/2019 04:40,SCH - HQ_IMPORT_EXPORT,325376,1200,1310,-9999
07/07/2019 04:40,SCH - NE - NY,23318,-748.42,1400,-1600
07/07/2019 04:40,SCH - NPX_1385,325277,25,200,-200
07/07/2019 04:40,SCH - NPX_CSC,325154,215,330,-330
07/07/2019 04:40,SCH - OH - NY,23317,1082.8,1700,-1400
07/07/2019 04:40,SCH - PJ - NY,23316,703.25,2050,-1150
07/07/2019 04:40,SCH - PJM_HTP,325905,60,660,-660
07/07/2019 04:40,SCH - PJM_NEPTUNE,325305,466,660,-660
07/07/2019 04:40,SCH - PJM_VFT,325658,315,315,-315
07/07/2019 04:40,SPR/DUN-SOUTH,23320,3048.55,4350,-9999
07/07/2019 04:40,TOTAL EAST,23314,4291.14,6800,-9999
07/07/2019 04:40,UPNY CONED,23315,2835.73,5700,-9999
07/07/2019 04:40,WEST CENTRAL,23312,544.82,9999,-9999
07/07/2019 04:45,CENTRAL EAST - VC,23330,2272.82,2485,-9999
07/07/2019 04:45,DYSINGER EAST,23326,859.94,3150,-9999
07/07/2019 04:45,MOSES SOUTH,23319,2006.84,3150,-1600
07/07/2019 04:45,SCH - HQ - NY,23324,1500,1500,-800
07/07/2019 04:45,SCH - HQ_CEDARS,325274,190,190,-40
07/07/2019 04:45,SCH - HQ_IMPORT_EXPORT,325376,1200,1310,-9999
07/07/2019 04:45,SCH - NE - NY,23318,-767.62,1400,-1600
07/07/2019 04:45,SCH - NPX_1385,325277,25,200,-200
07/07/2019 04:45,SCH - NPX_CSC,325154,215,330,-330
07/07/2019 04:45,SCH - OH - NY,23317,1082.84,1700,-1400
07/07/2019 04:45,SCH - PJ - NY,23316,705.63,2050,-1150
07/07/2019 04:45,SCH - PJM_HTP,325905,60,660,-660
07/07/2019 04:45,SCH - PJM_NEPTUNE,325305,466,660,-660
07/07/2019 04:45,SCH - PJM_VFT,325658,315,315,-315
07/07/2019 04:45,SPR/DUN-SOUTH,23320,3035.43,4350,-9999
07/07/2019 04:45,TOTAL EAST,23314,4303.93,6800,-9999
07/07/2019 04:45,UPNY CONED,23315,2825.54,5700,-9999
07/07/2019 04:45,WEST CENTRAL,23312,552.89,9999,-9999
07/07/2019 04:50,CENTRAL EAST - VC,23330,2274.06,2485,-9999
07/07/2019 04:50,DYSINGER EAST,23326,864.97,3150,-9999
07/07/2019 04:50,MOSES SOUTH,23319,2022.97,3150,-1600
07/07/2019 04:50,SCH - HQ - NY,23324,1500,1500,-800
07/07/2019 04:50,SCH - HQ_CEDARS,325274,190,190,-40
07/07/2019 04:50,SCH - HQ_IMPORT_EXPORT,325376,1200,1310,-9999
07/07/2019 04:50,SCH - NE - NY,23318,-787.44,1400,-1600
07/07/2019 04:50,SCH - NPX_1385,325277,25,200,-200
07/07/2019 04:50,SCH - NPX_CSC,325154,215,330,-330
07/07/2019 04:50,SCH - OH - NY,23317,1082.88,1700,-1400
07/07/2019 04:50,SCH - PJ - NY,23316,706.31,2050,-1150
07/07/2019 04:50,SCH - PJM_HTP,325905,60,660,-660
07/07/2019 04:50,SCH - PJM_NEPTUNE,325305,466,660,-660
07/07/2019 04:50,SCH - PJM_VFT,325658,315,315,-315
07/07/2019 04:50,SPR/DUN-SOUTH,23320,3057.31,4350,-9999
07/07/2019 04:50,TOTAL EAST,23314,4282.39,6800,-9999
07/07/2019 04:50,UPNY CONED,23315,2846.61,5700,-9999
07/07/2019 04:50,WEST CENTRAL,23312,558.02,9999,-9999
07/07/2019 04:55,CENTRAL EAST - VC,23330,2285.78,2485,-9999
07/07/2019 04:55,DYSINGER EAST,23326,877,3150,-9999
07/07/2019 04:55,MOSES SOUTH,23319,2027.9,3150,-1600
07/07/2019 04:55,SCH - HQ - NY,23324,1500,1500,-800
07/07/2019 04:55,SCH - HQ_CEDARS,325274,190,190,-40
07/07/2019 04:55,SCH - HQ_IMPORT_EXPORT,325376,1200,1310,-9999
07/07/2019 04:55,SCH - NE - NY,23318,-787.51,1400,-1600
07/07/2019 04:55,SCH - NPX_1385,325277,25,200,-200
07/07/2019 04:55,SCH - NPX_CSC,325154,215,330,-330
07/07/2019 04:55,SCH - OH - NY,23317,1082.88,1700,-1400
07/07/2019 04:55,SCH - PJ - NY,23316,705.52,2050,-1150
07/07/2019 04:55,SCH - PJM_HTP,325905,60,660,-660
07/07/2019 04:55,SCH - PJM_NEPTUNE,325305,466,660,-660
07/07/2019 04:55,SCH - PJM_VFT,325658,315,315,-315
07/07/2019 04:55,SPR/DUN-SOUTH,23320,3062.08,4350,-9999
07/07/2019 04:55,TOTAL EAST,23314,4288.17,6800,-9999
07/07/2019 04:55,UPNY CONED,23315,2847.19,5700,-9999
07/07/2019 04:55,WEST CENTRAL,23312,568.79,9999,-9999
07/07/2019 05:00,CENTRAL EAST - VC,23330,2208.17,2485,-9999
07/07/2019 05:00,DYSINGER EAST,23326,903.98,3150,-9999
07/07/2019 05:00,MOSES SOUTH,23319,1850.44,2850,-1600
07/07/2019 05:00,SCH - HQ - NY,23324,1325,1150,-500
07/07/2019 05:00,SCH - HQ_CEDARS,325274,190,190,-40
07/07/2019 05:00,SCH - HQ_IMPORT_EXPORT,325376,1025,1310,-9999
07/07/2019 05:00,SCH - NE - NY,23318,-880.06,1400,-1600
07/07/2019 05:00,SCH - NPX_1385,325277,34,200,-200
07/07/2019 05:00,SCH - NPX_CSC,325154,215,330,-330
07/07/2019 05:00,SCH - OH - NY,23317,1089.86,1700,-1400
07/07/2019 05:00,SCH - PJ - NY,23316,724.01,2050,-1150
07/07/2019 05:00,SCH - PJM_HTP,325905,80,660,-660
07/07/2019 05:00,SCH - PJM_NEPTUNE,325305,449,660,-660
07/07/2019 05:00,SCH - PJM_VFT,325658,315,315,-315
07/07/2019 05:00,SPR/DUN-SOUTH,23320,2853.26,4350,-9999
07/07/2019 05:00,TOTAL EAST,23314,4151.29,6800,-9999
07/07/2019 05:00,UPNY CONED,23315,2643.93,5700,-9999
07/07/2019 05:00,WEST CENTRAL,23312,594.34,9999,-9999
07/07/2019 05:05,CENTRAL EAST - VC,23330,2138.72,2485,-9999
07/07/2019 05:05,DYSINGER EAST,23326,924.14,3150,-9999
07/07/2019 05:05,MOSES SOUTH,23319,1676.48,2850,-1600
07/07/2019 05:05,SCH - HQ - NY,23324,1150,1150,-500
07/07/2019 05:05,SCH - HQ_CEDARS,325274,190,190,-40
07/07/2019 05:05,SCH - HQ_IMPORT_EXPORT,325376,850,1310,-9999
07/07/2019 05:05,SCH - NE - NY,23318,-979.13,1400,-1600
07/07/2019 05:05,SCH - NPX_1385,325277,43,200,-200
07/07/2019 05:05,SCH - NPX_CSC,325154,215,330,-330
07/07/2019 05:05,SCH - OH - NY,23317,1097.83,1700,-1400
07/07/2019 05:05,SCH - PJ - NY,23316,748.14,2050,-1150
07/07/2019 05:05,SCH - PJM_HTP,325905,100,660,-660
07/07/2019 05:05,SCH - PJM_NEPTUNE,325305,433,660,-660
07/07/2019 05:05,SCH - PJM_VFT,325658,315,315,-315
07/07/2019 05:05,SPR/DUN-SOUTH,23320,2761.13,4350,-9999
07/07/2019 05:05,TOTAL EAST,23314,4015.78,6800,-9999
07/07/2019 05:05,UPNY CONED,23315,2551.91,5700,-9999
07/07/2019 05:05,WEST CENTRAL,23312,612.26,9999,-9999
07/07/2019 05:10,CENTRAL EAST - VC,23330,2117.73,2485,-9999
07/07/2019 05:10,DYSINGER EAST,23326,927.32,3150,-9999
07/07/2019 05:10,MOSES SOUTH,23319,1679.83,2850,-1600
07/07/2019 05:10,SCH - HQ - NY,23324,1150,1150,-500
07/07/2019 05:10,SCH - HQ_CEDARS,325274,190,190,-40
07/07/2019 05:10,SCH - HQ_IMPORT_EXPORT,325376,850,1310,-9999
07/07/2019 05:10,SCH - NE - NY,23318,-979.13,1400,-1600
07/07/2019 05:10,SCH - NPX_1385,325277,43,200,-200
07/07/2019 05:10,SCH - NPX_CSC,325154,215,330,-330
07/07/2019 05:10,SCH - OH - NY,23317,1097.82,1700,-1400
07/07/2019 05:10,SCH - PJ - NY,23316,748.29,2050,-1150
07/07/2019 05:10,SCH - PJM_HTP,325905,100,660,-660
07/07/2019 05:10,SCH - PJM_NEPTUNE,325305,433,660,-660
07/07/2019 05:10,SCH - PJM_VFT,325658,315,315,-315
07/07/2019 05:10,SPR/DUN-SOUTH,23320,2776.14,4350,-9999
07/07/2019 05:10,TOTAL EAST,23314,3999.39,6800,-9999
07/07/2019 05:10,UPNY CONED,23315,2567.61,5700,-9999
07/07/2019 05:10,WEST CENTRAL,23312,614.33,9999,-9999
07/07/2019 05:15,CENTRAL EAST - VC,23330,2130.92,2485,-9999
07/07/2019 05:15,DYSINGER EAST,23326,925.84,3150,-9999
07/07/2019 05:15,MOSES SOUTH,23319,1702.73,2850,-1600
07/07/2019 05:15,SCH - HQ - NY,23324,1150,1150,-500
07/07/2019 05:15,SCH - HQ_CEDARS,325274,190,190,-40
07/07/2019 05:15,SCH - HQ_IMPORT_EXPORT,325376,850,1310,-9999
07/07/2019 05:15,SCH - NE - NY,23318,-979.14,1400,-1600
07/07/2019 05:15,SCH - NPX_1385,325277,43,200,-200
07/07/2019 05:15,SCH - NPX_CSC,325154,215,330,-330
07/07/2019 05:15,SCH - OH - NY,23317,1097.83,1700,-1400
07/07/2019 05:15,SCH - PJ - NY,23316,759.9,2050,-1150
07/07/2019 05:15,SCH - PJM_HTP,325905,100,660,-660
07/07/2019 05:15,SCH - PJM_NEPTUNE,325305,433,660,-660
07/07/2019 05:15,SCH - PJM_VFT,325658,315,315,-315
07/07/2019 05:15,SPR/DUN-SOUTH,23320,2802.63,4350,-9999
07/07/2019 05:15,TOTAL EAST,23314,4002.12,6800,-9999
07/07/2019 05:15,UPNY CONED,23315,2598.95,5700,-9999
07/07/2019 05:15,WEST CENTRAL,23312,616.04,9999,-9999
07/07/2019 05:20,CENTRAL EAST - VC,23330,2133.73,2485,-9999
07/07/2019 05:20,DYSINGER EAST,23326,968.38,3150,-9999
07/07/2019 05:20,MOSES SOUTH,23319,1681.72,2850,-1600
07/07/2019 05:20,SCH - HQ - NY,23324,1150,1150,-500
07/07/2019 05:20,SCH - HQ_CEDARS,325274,190,190,-40
07/07/2019 05:20,SCH - HQ_IMPORT_EXPORT,325376,850,1310,-9999
07/07/2019 05:20,SCH - NE - NY,23318,-979.12,1400,-1600
07/07/2019 05:20,SCH - NPX_1385,325277,43,200,-200
07/07/2019 05:20,SCH - NPX_CSC,325154,215,330,-330
07/07/2019 05:20,SCH - OH - NY,23317,1097.84,1700,-1400
07/07/2019 05:20,SCH - PJ - NY,23316,772.42,2050,-1150
07/07/2019 05:20,SCH - PJM_HTP,325905,100,660,-660
07/07/2019 05:20,SCH - PJM_NEPTUNE,325305,433,660,-660
07/07/2019 05:20,SCH - PJM_VFT,325658,315,315,-315
07/07/2019 05:20,SPR/DUN-SOUTH,23320,2812.54,4350,-9999
07/07/2019 05:20,TOTAL EAST,23314,4004.01,6800,-9999
07/07/2019 05:20,UPNY CONED,23315,2604.88,5700,-9999
07/07/2019 05:20,WEST CENTRAL,23312,658.88,9999,-9999
07/07/2019 05:25,CENTRAL EAST - VC,23330,2113.03,2485,-9999
07/07/2019 05:25,DYSINGER EAST,23326,931.03,3150,-9999
07/07/2019 05:25,MOSES SOUTH,23319,1675.02,2850,-1600
07/07/2019 05:25,SCH - HQ - NY,23324,1150,1150,-500
07/07/2019 05:25,SCH - HQ_CEDARS,325274,190,190,-40
07/07/2019 05:25,SCH - HQ_IMPORT_EXPORT,325376,850,1310,-9999
07/07/2019 05:25,SCH - NE - NY,23318,-979.43,1400,-1600
07/07/2019 05:25,SCH - NPX_1385,325277,43,200,-200
07/07/2019 05:25,SCH - NPX_CSC,325154,215,330,-330
07/07/2019 05:25,SCH - OH - NY,23317,1097.84,1700,-1400
07/07/2019 05:25,SCH - PJ - NY,23316,769.77,2050,-1150
07/07/2019 05:25,SCH - PJM_HTP,325905,100,660,-660
07/07/2019 05:25,SCH - PJM_NEPTUNE,325305,433,660,-660
07/07/2019 05:25,SCH - PJM_VFT,325658,315,315,-315
07/07/2019 05:25,SPR/DUN-SOUTH,23320,2819.41,4350,-9999
07/07/2019 05:25,TOTAL EAST,23314,4010.12,6800,-9999
07/07/2019 05:25,UPNY CONED,23315,2612.88,5700,-9999
07/07/2019 05:25,WEST CENTRAL,23312,626.25,9999,-9999
07/07/2019 05:30,CENTRAL EAST - VC,23330,2115.28,2485,-9999
07/07/2019 05:30,DYSINGER EAST,23326,906.14,3150,-9999
07/07/2019 05:30,MOSES SOUTH,23319,1689.42,2850,-1600
07/07/2019 05:30,SCH - HQ - NY,23324,1150,1150,-500
07/07/2019 05:30,SCH - HQ_CEDARS,325274,190,190,-40
07/07/2019 05:30,SCH - HQ_IMPORT_EXPORT,325376,850,1310,-9999
07/07/2019 05:30,SCH - NE - NY,23318,-979.41,1400,-1600
07/07/2019 05:30,SCH - NPX_1385,325277,43,200,-200
07/07/2019 05:30,SCH - NPX_CSC,325154,215,330,-330
07/07/2019 05:30,SCH - OH - NY,23317,1097.83,1700,-1400
07/07/2019 05:30,SCH - PJ - NY,23316,753.74,2050,-1150
07/07/2019 05:30,SCH - PJM_HTP,325905,100,660,-660
07/07/2019 05:30,SCH - PJM_NEPTUNE,325305,433,660,-660
07/07/2019 05:30,SCH - PJM_VFT,325658,315,315,-315
07/07/2019 05:30,SPR/DUN-SOUTH,23320,2843.13,4350,-9999
07/07/2019 05:30,TOTAL EAST,23314,4043.33,6800,-9999
07/07/2019 05:30,UPNY CONED,23315,2629.64,5700,-9999
07/07/2019 05:30,WEST CENTRAL,23312,606.73,9999,-9999
07/07/2019 05:35,CENTRAL EAST - VC,23330,2151.46,2485,-9999
07/07/2019 05:35,DYSINGER EAST,23326,934.4,3150,-9999
07/07/2019 05:35,MOSES SOUTH,23319,1695.66,2850,-1600
07/07/2019 05:35,SCH - HQ - NY,23324,1150,1150,-500
07/07/2019 05:35,SCH - HQ_CEDARS,325274,190,190,-40
07/07/2019 05:35,SCH - HQ_IMPORT_EXPORT,325376,850,1310,-9999
07/07/2019 05:35,SCH - NE - NY,23318,-979.12,1400,-1600
07/07/2019 05:35,SCH - NPX_1385,325277,43,200,-200
07/07/2019 05:35,SCH - NPX_CSC,325154,215,330,-330
07/07/2019 05:35,SCH - OH - NY,23317,1097.84,1700,-1400
07/07/2019 05:35,SCH - PJ - NY,23316,731.35,2050,-1150
07/07/2019 05:35,SCH - PJM_HTP,325905,100,660,-660
07/07/2019 05:35,SCH - PJM_NEPTUNE,325305,433,660,-660
07/07/2019 05:35,SCH - PJM_VFT,325658,315,315,-315
07/07/2019 05:35,SPR/DUN-SOUTH,23320,2855.08,4350,-9999
07/07/2019 05:35,TOTAL EAST,23314,4064.67,6800,-9999
07/07/2019 05:35,UPNY CONED,23315,2636.38,5700,-9999
07/07/2019 05:35,WEST CENTRAL,23312,636.47,9999,-9999
07/07/2019 05:40,CENTRAL EAST - VC,23330,2145.35,2485,-9999
07/07/2019 05:40,DYSINGER EAST,23326,915.81,3150,-9999
07/07/2019 05:40,MOSES SOUTH,23319,1703.78,2850,-1600
07/07/2019 05:40,SCH - HQ - NY,23324,1150,1150,-500
07/07/2019 05:40,SCH - HQ_CEDARS,325274,190,190,-40
07/07/2019 05:40,SCH - HQ_IMPORT_EXPORT,325376,850,1310,-9999
07/07/2019 05:40,SCH - NE - NY,23318,-979.12,1400,-1600
07/07/2019 05:40,SCH - NPX_1385,325277,43,200,-200
07/07/2019 05:40,SCH - NPX_CSC,325154,215,330,-330
07/07/2019 05:40,SCH - OH - NY,23317,1097.83,1700,-1400
07/07/2019 05:40,SCH - PJ - NY,23316,732.3,2050,-1150
07/07/2019 05:40,SCH - PJM_HTP,325905,100,660,-660
07/07/2019 05:40,SCH - PJM_NEPTUNE,325305,433,660,-660
07/07/2019 05:40,SCH - PJM_VFT,325658,315,315,-315
07/07/2019 05:40,SPR/DUN-SOUTH,23320,2841.64,4350,-9999
07/07/2019 05:40,TOTAL EAST,23314,4081.22,6800,-9999
07/07/2019 05:40,UPNY CONED,23315,2620.7,5700,-9999
07/07/2019 05:40,WEST CENTRAL,23312,619.2,9999,-9999
07/07/2019 05:45,CENTRAL EAST - VC,23330,2136.32,2485,-9999
07/07/2019 05:45,DYSINGER EAST,23326,912.4,3150,-9999
07/07/2019 05:45,MOSES SOUTH,23319,1688.84,2850,-1600
07/07/2019 05:45,SCH - HQ - NY,23324,1150,1150,-500
07/07/2019 05:45,SCH - HQ_CEDARS,325274,190,190,-40
07/07/2019 05:45,SCH - HQ_IMPORT_EXPORT,325376,850,1310,-9999
07/07/2019 05:45,SCH - NE - NY,23318,-1004.12,1400,-1600
07/07/2019 05:45,SCH - NPX_1385,325277,43,200,-200
07/07/2019 05:45,SCH - NPX_CSC,325154,215,330,-330
07/07/2019 05:45,SCH - OH - NY,23317,1097.84,1700,-1400
07/07/2019 05:45,SCH - PJ - NY,23316,740.47,2050,-1150
07/07/2019 05:45,SCH - PJM_HTP,325905,100,660,-660
07/07/2019 05:45,SCH - PJM_NEPTUNE,325305,433,660,-660
07/07/2019 05:45,SCH - PJM_VFT,325658,315,315,-315
07/07/2019 05:45,SPR/DUN-SOUTH,23320,2825.36,4350,-9999
07/07/2019 05:45,TOTAL EAST,23314,4100,6800,-9999
07/07/2019 05:45,UPNY CONED,23315,2606.41,5700,-9999
07/07/2019 05:45,WEST CENTRAL,23312,616.64,9999,-9999
07/07/2019 05:50,CENTRAL EAST - VC,23330,2162,2485,-9999
07/07/2019 05:50,DYSINGER EAST,23326,908.12,3150,-9999
07/07/2019 05:50,MOSES SOUTH,23319,1694.86,2850,-1600
07/07/2019 05:50,SCH - HQ - NY,23324,1150,1150,-500
07/07/2019 05:50,SCH - HQ_CEDARS,325274,190,190,-40
07/07/2019 05:50,SCH - HQ_IMPORT_EXPORT,325376,850,1310,-9999
07/07/2019 05:50,SCH - NE - NY,23318,-1029.13,1400,-1600
07/07/2019 05:50,SCH - NPX_1385,325277,43,200,-200
07/07/2019 05:50,SCH - NPX_CSC,325154,215,330,-330
07/07/2019 05:50,SCH - OH - NY,23317,1097.82,1700,-1400
07/07/2019 05:50,SCH - PJ - NY,23316,753.22,2050,-1150
07/07/2019 05:50,SCH - PJM_HTP,325905,100,660,-660
07/07/2019 05:50,SCH - PJM_NEPTUNE,325305,433,660,-660
07/07/2019 05:50,SCH - PJM_VFT,325658,315,315,-315
07/07/2019 05:50,SPR/DUN-SOUTH,23320,2844.37,4350,-9999
07/07/2019 05:50,TOTAL EAST,23314,4136.16,6800,-9999
07/07/2019 05:50,UPNY CONED,23315,2630.42,5700,-9999
07/07/2019 05:50,WEST CENTRAL,23312,614.38,9999,-9999
07/07/2019 05:55,CENTRAL EAST - VC,23330,2154.62,2485,-9999
07/07/2019 05:55,DYSINGER EAST,23326,898.93,3150,-9999
07/07/2019 05:55,MOSES SOUTH,23319,1695.47,2850,-1600
07/07/2019 05:55,SCH - HQ - NY,23324,1150,1150,-500
07/07/2019 05:55,SCH - HQ_CEDARS,325274,190,190,-40
07/07/2019 05:55,SCH - HQ_IMPORT_EXPORT,325376,850,1310,-9999
07/07/2019 05:55,SCH - NE - NY,23318,-1029.13,1400,-1600
07/07/2019 05:55,SCH - NPX_1385,325277,43,200,-200
07/07/2019 05:55,SCH - NPX_CSC,325154,215,330,-330
07/07/2019 05:55,SCH - OH - NY,23317,1097.82,1700,-1400
07/07/2019 05:55,SCH - PJ - NY,23316,751.26,2050,-1150
07/07/2019 05:55,SCH - PJM_HTP,325905,100,660,-660
07/07/2019 05:55,SCH - PJM_NEPTUNE,325305,433,660,-660
07/07/2019 05:55,SCH - PJM_VFT,325658,315,315,-315
07/07/2019 05:55,SPR/DUN-SOUTH,23320,2851.03,4350,-9999
07/07/2019 05:55,TOTAL EAST,23314,4149.42,6800,-9999
07/07/2019 05:55,UPNY CONED,23315,2629.77,5700,-9999
07/07/2019 05:55,WEST CENTRAL,23312,606.12,9999,-9999
07/07/2019 06:00,CENTRAL EAST - VC,23330,2138.28,2485,-9999
07/07/2019 06:00,DYSINGER EAST,23326,896.41,3150,-9999
07/07/2019 06:00,MOSES SOUTH,23319,1688.89,2850,-1600
07/07/2019 06:00,SCH - HQ - NY,23324,1150,1150,-500
07/07/2019 06:00,SCH - HQ_CEDARS,325274,190,190,-40
07/07/2019 06:00,SCH - HQ_IMPORT_EXPORT,325376,850,1310,-9999
07/07/2019 06:00,SCH - NE - NY,23318,-976.43,1400,-1600
07/07/2019 06:00,SCH - NPX_1385,325277,58,200,-200
07/07/2019 06:00,SCH - NPX_CSC,325154,215,330,-330
07/07/2019 06:00,SCH - OH - NY,23317,1097.84,1700,-1400
07/07/2019 06:00,SCH - PJ - NY,23316,726.98,2050,-1150
07/07/2019 06:00,SCH - PJM_HTP,325905,100,660,-660
07/07/2019 06:00,SCH - PJM_NEPTUNE,325305,392,660,-660
07/07/2019 06:00,SCH - PJM_VFT,325658,315,315,-315
07/07/2019 06:00,SPR/DUN-SOUTH,23320,2863.42,4350,-9999
07/07/2019 06:00,TOTAL EAST,23314,4136.52,6800,-9999
07/07/2019 06:00,UPNY CONED,23315,2660.71,5700,-9999
07/07/2019 06:00,WEST CENTRAL,23312,601.57,9999,-9999
07/07/2019 06:05,CENTRAL EAST - VC,23330,2142.71,2485,-9999
07/07/2019 06:05,DYSINGER EAST,23326,918.26,3150,-9999
07/07/2019 06:05,MOSES SOUTH,23319,1691.67,2850,-1600
07/07/2019 06:05,SCH - HQ - NY,23324,1150,1150,-500
07/07/2019 06:05,SCH - HQ_CEDARS,325274,190,190,-40
07/07/2019 06:05,SCH - HQ_IMPORT_EXPORT,325376,850,1310,-9999
07/07/2019 06:05,SCH - NE - NY,23318,-918.24,1400,-1600
07/07/2019 06:05,SCH - NPX_1385,325277,73,200,-200
07/07/2019 06:05,SCH - NPX_CSC,325154,215,330,-330
07/07/2019 06:05,SCH - OH - NY,23317,1097.84,1700,-1400
07/07/2019 06:05,SCH - PJ - NY,23316,698.55,2050,-1150
07/07/2019 06:05,SCH - PJM_HTP,325905,100,660,-660
07/07/2019 06:05,SCH - PJM_NEPTUNE,325305,352,660,-660
07/07/2019 06:05,SCH - PJM_VFT,325658,315,315,-315
07/07/2019 06:05,SPR/DUN-SOUTH,23320,2904.56,4350,-9999
07/07/2019 06:05,TOTAL EAST,23314,4086.34,6800,-9999
07/07/2019 06:05,UPNY CONED,23315,2706.73,5700,-9999
07/07/2019 06:05,WEST CENTRAL,23312,618.23,9999,-9999
07/07/2019 06:10,CENTRAL EAST - VC,23330,2087.48,2485,-9999
07/07/2019 06:10,DYSINGER EAST,23326,854.1,3150,-9999
07/07/2019 06:10,MOSES SOUTH,23319,1699.56,2850,-1600
07/07/2019 06:10,SCH - HQ - NY,23324,1150,1150,-500
07/07/2019 06:10,SCH - HQ_CEDARS,325274,190,190,-40
07/07/2019 06:10,SCH - HQ_IMPORT_EXPORT,325376,850,1310,-9999
07/07/2019 06:10,SCH - NE - NY,23318,-918.65,1400,-1600
07/07/2019 06:10,SCH - NPX_1385,325277,73,200,-200
07/07/2019 06:10,SCH - NPX_CSC,325154,215,330,-330
07/07/2019 06:10,SCH - OH - NY,23317,1097.81,1700,-1400
07/07/2019 06:10,SCH - PJ - NY,23316,697.04,2050,-1150
07/07/2019 06:10,SCH - PJM_HTP,325905,100,660,-660
07/07/2019 06:10,SCH - PJM_NEPTUNE,325305,352,660,-660
07/07/2019 06:10,SCH - PJM_VFT,325658,315,315,-315
07/07/2019 06:10,SPR/DUN-SOUTH,23320,2897.55,4350,-9999
07/07/2019 06:10,TOTAL EAST,23314,4075.64,6800,-9999
07/07/2019 06:10,UPNY CONED,23315,2709.5,5700,-9999
07/07/2019 06:10,WEST CENTRAL,23312,553.01,9999,-9999
07/07/2019 06:15,CENTRAL EAST - VC,23330,2129.13,2560,-9999
07/07/2019 06:15,DYSINGER EAST,23326,908.71,3150,-9999
07/07/2019 06:15,MOSES SOUTH,23319,1700.34,2850,-1600
07/07/2019 06:15,SCH - HQ - NY,23324,1150,1150,-500
07/07/2019 06:15,SCH - HQ_CEDARS,325274,190,190,-40
07/07/2019 06:15,SCH - HQ_IMPORT_EXPORT,325376,850,1310,-9999
07/07/2019 06:15,SCH - NE - NY,23318,-943.24,1400,-1600
07/07/2019 06:15,SCH - NPX_1385,325277,73,200,-200
07/07/2019 06:15,SCH - NPX_CSC,325154,215,330,-330
07/07/2019 06:15,SCH - OH - NY,23317,1097.82,1700,-1400
07/07/2019 06:15,SCH - PJ - NY,23316,709.53,2050,-1150
07/07/2019 06:15,SCH - PJM_HTP,325905,100,660,-660
07/07/2019 06:15,SCH - PJM_NEPTUNE,325305,352,660,-660
07/07/2019 06:15,SCH - PJM_VFT,325658,315,315,-315
07/07/2019 06:15,SPR/DUN-SOUTH,23320,2910.18,4350,-9999
07/07/2019 06:15,TOTAL EAST,23314,4078.41,6800,-9999
07/07/2019 06:15,UPNY CONED,23315,2707.92,5700,-9999
07/07/2019 06:15,WEST CENTRAL,23312,604.96,9999,-9999
07/07/2019 06:20,CENTRAL EAST - VC,23330,2123.61,2560,-9999
07/07/2019 06:20,DYSINGER EAST,23326,904.65,3150,-9999
07/07/2019 06:20,MOSES SOUTH,23319,1695.35,2850,-1600
07/07/2019 06:20,SCH - HQ - NY,23324,1150,1150,-500
07/07/2019 06:20,SCH - HQ_CEDARS,325274,190,190,-40
07/07/2019 06:20,SCH - HQ_IMPORT_EXPORT,325376,850,1310,-9999
07/07/2019 06:20,SCH - NE - NY,23318,-973.12,1400,-1600
07/07/2019 06:20,SCH - NPX_1385,325277,73,200,-200
07/07/2019 06:20,SCH - NPX_CSC,325154,215,330,-330
07/07/2019 06:20,SCH - OH - NY,23317,1097.83,1700,-1400
07/07/2019 06:20,SCH - PJ - NY,23316,721.51,2050,-1150
07/07/2019 06:20,SCH - PJM_HTP,325905,100,660,-660
07/07/2019 06:20,SCH - PJM_NEPTUNE,325305,352,660,-660
07/07/2019 06:20,SCH - PJM_VFT,325658,315,315,-315
07/07/2019 06:20,SPR/DUN-SOUTH,23320,2879,4350,-9999
07/07/2019 06:20,TOTAL EAST,23314,4064.8,6800,-9999
07/07/2019 06:20,UPNY CONED,23315,2667.88,5700,-9999
07/07/2019 06:20,WEST CENTRAL,23312,598.93,9999,-9999
07/07/2019 06:25,CENTRAL EAST - VC,23330,2144.61,2560,-9999
07/07/2019 06:25,DYSINGER EAST,23326,903.36,3150,-9999
07/07/2019 06:25,MOSES SOUTH,23319,1678.7,2850,-1600
07/07/2019 06:25,SCH - HQ - NY,23324,1150,1150,-500
07/07/2019 06:25,SCH - HQ_CEDARS,325274,190,190,-40
07/07/2019 06:25,SCH - HQ_IMPORT_EXPORT,325376,850,1310,-9999
07/07/2019 06:25,SCH - NE - NY,23318,-973.12,1400,-1600
07/07/2019 06:25,SCH - NPX_1385,325277,73,200,-200
07/07/2019 06:25,SCH - NPX_CSC,325154,215,330,-330
07/07/2019 06:25,SCH - OH - NY,23317,1097.8,1700,-1400
07/07/2019 06:25,SCH - PJ - NY,23316,723.34,2050,-1150
07/07/2019 06:25,SCH - PJM_HTP,325905,100,660,-660
07/07/2019 06:25,SCH - PJM_NEPTUNE,325305,352,660,-660
07/07/2019 06:25,SCH - PJM_VFT,325658,315,315,-315
07/07/2019 06:25,SPR/DUN-SOUTH,23320,2934.12,4350,-9999
07/07/2019 06:25,TOTAL EAST,23314,4107.1,6800,-9999
07/07/2019 06:25,UPNY CONED,23315,2689.22,5700,-9999
07/07/2019 06:25,WEST CENTRAL,23312,599.05,9999,-9999
07/07/2019 06:30,CENTRAL EAST - VC,23330,2143.79,2560,-9999
07/07/2019 06:30,DYSINGER EAST,23326,911.23,3150,-9999
07/07/2019 06:30,MOSES SOUTH,23319,1672.05,2850,-1600
07/07/2019 06:30,SCH - HQ - NY,23324,1150,1150,-500
07/07/2019 06:30,SCH - HQ_CEDARS,325274,190,190,-40
07/07/2019 06:30,SCH - HQ_IMPORT_EXPORT,325376,850,1310,-9999
07/07/2019 06:30,SCH - NE - NY,23318,-952.13,1400,-1600
07/07/2019 06:30,SCH - NPX_1385,325277,73,200,-200
07/07/2019 06:30,SCH - NPX_CSC,325154,215,330,-330
07/07/2019 06:30,SCH - OH - NY,23317,1097.8,1700,-1400
07/07/2019 06:30,SCH - PJ - NY,23316,745.2,2050,-1150
07/07/2019 06:30,SCH - PJM_HTP,325905,100,660,-660
07/07/2019 06:30,SCH - PJM_NEPTUNE,325305,352,660,-660
07/07/2019 06:30,SCH - PJM_VFT,325658,315,315,-315
07/07/2019 06:30,SPR/DUN-SOUTH,23320,2954.99,4350,-9999
07/07/2019 06:30,TOTAL EAST,23314,4139.96,6800,-9999
07/07/2019 06:30,UPNY CONED,23315,2686.36,5700,-9999
07/07/2019 06:30,WEST CENTRAL,23312,606.82,9999,-9999
07/07/2019 06:35,CENTRAL EAST - VC,23330,2200.92,2560,-9999
07/07/2019 06:35,DYSINGER EAST,23326,960.08,3150,-9999
07/07/2019 06:35,MOSES SOUTH,23319,1670.07,2850,-1600
07/07/2019 06:35,SCH - HQ - NY,23324,1150,1150,-500
07/07/2019 06:35,SCH - HQ_CEDARS,325274,190,190,-40
07/07/2019 06:35,SCH - HQ_IMPORT_EXPORT,325376,850,1310,-9999
07/07/2019 06:35,SCH - NE - NY,23318,-942.12,1400,-1600
07/07/2019 06:35,SCH - NPX_1385,325277,73,200,-200
07/07/2019 06:35,SCH - NPX_CSC,325154,215,330,-330
07/07/2019 06:35,SCH - OH - NY,23317,1097.8,1700,-1400
07/07/2019 06:35,SCH - PJ - NY,23316,773.06,2050,-1150
07/07/2019 06:35,SCH - PJM_HTP,325905,100,660,-660
07/07/2019 06:35,SCH - PJM_NEPTUNE,325305,352,660,-660
07/07/2019 06:35,SCH - PJM_VFT,325658,315,315,-315
07/07/2019 06:35,SPR/DUN-SOUTH,23320,2986.69,4350,-9999
07/07/2019 06:35,TOTAL EAST,23314,4151.84,6800,-9999
07/07/2019 06:35,UPNY CONED,23315,2725.2,5700,-9999
07/07/2019 06:35,WEST CENTRAL,23312,652.6,9999,-9999
07/07/2019 06:40,CENTRAL EAST - VC,23330,2174.16,2560,-9999
07/07/2019 06:40,DYSINGER EAST,23326,944.33,3150,-9999
07/07/2019 06:40,MOSES SOUTH,23319,1662.54,2850,-1600
07/07/2019 06:40,SCH - HQ - NY,23324,1150,1150,-500
07/07/2019 06:40,SCH - HQ_CEDARS,325274,190,190,-40
07/07/2019 06:40,SCH - HQ_IMPORT_EXPORT,325376,850,1310,-9999
07/07/2019 06:40,SCH - NE - NY,23318,-937.31,1400,-1600
07/07/2019 06:40,SCH - NPX_1385,325277,73,200,-200
07/07/2019 06:40,SCH - NPX_CSC,325154,215,330,-330
07/07/2019 06:40,SCH - OH - NY,23317,1097.84,1700,-1400
07/07/2019 06:40,SCH - PJ - NY,23316,770.54,2050,-1150
07/07/2019 06:40,SCH - PJM_HTP,325905,100,660,-660
07/07/2019 06:40,SCH - PJM_NEPTUNE,325305,352,660,-660
07/07/2019 06:40,SCH - PJM_VFT,325658,315,315,-315
07/07/2019 06:40,SPR/DUN-SOUTH,23320,2971.48,4350,-9999
07/07/2019 06:40,TOTAL EAST,23314,4153.85,6800,-9999
07/07/2019 06:40,UPNY CONED,23315,2673.14,5700,-9999
07/07/2019 06:40,WEST CENTRAL,23312,634.03,9999,-9999
07/07/2019 06:45,CENTRAL EAST - VC,23330,2223.33,2560,-9999
07/07/2019 06:45,DYSINGER EAST,23326,1007.28,3150,-9999
07/07/2019 06:45,MOSES SOUTH,23319,1654.24,2850,-1600
07/07/2019 06:45,SCH - HQ - NY,23324,1150,1150,-500
07/07/2019 06:45,SCH - HQ_CEDARS,325274,190,190,-40
07/07/2019 06:45,SCH - HQ_IMPORT_EXPORT,325376,850,1310,-9999
07/07/2019 06:45,SCH - NE - NY,23318,-957.42,1400,-1600
07/07/2019 06:45,SCH - NPX_1385,325277,73,200,-200
07/07/2019 06:45,SCH - NPX_CSC,325154,215,330,-330
07/07/2019 06:45,SCH - OH - NY,23317,1097.83,1700,-1400
07/07/2019 06:45,SCH - PJ - NY,23316,757.08,2050,-1150
07/07/2019 06:45,SCH - PJM_HTP,325905,100,660,-660
07/07/2019 06:45,SCH - PJM_NEPTUNE,325305,352,660,-660
07/07/2019 06:45,SCH - PJM_VFT,325658,315,315,-315
07/07/2019 06:45,SPR/DUN-SOUTH,23320,3020.29,4350,-9999
07/07/2019 06:45,TOTAL EAST,23314,4235.76,6800,-9999
07/07/2019 06:45,UPNY CONED,23315,2692.31,5700,-9999
07/07/2019 06:45,WEST CENTRAL,23312,695.87,9999,-9999
07/07/2019 06:50,CENTRAL EAST - VC,23330,2246.67,2560,-9999
07/07/2019 06:50,DYSINGER EAST,23326,1033.11,3150,-9999
07/07/2019 06:50,MOSES SOUTH,23319,1668.83,2850,-1600
07/07/2019 06:50,SCH - HQ - NY,23324,1150,1150,-500
07/07/2019 06:50,SCH - HQ_CEDARS,325274,190,190,-40
07/07/2019 06:50,SCH - HQ_IMPORT_EXPORT,325376,850,1310,-9999
07/07/2019 06:50,SCH - NE - NY,23318,-973.12,1400,-1600
07/07/2019 06:50,SCH - NPX_1385,325277,73,200,-200
07/07/2019 06:50,SCH - NPX_CSC,325154,215,330,-330
07/07/2019 06:50,SCH - OH - NY,23317,1097.83,1700,-1400
07/07/2019 06:50,SCH - PJ - NY,23316,739.66,2050,-1150
07/07/2019 06:50,SCH - PJM_HTP,325905,100,660,-660
07/07/2019 06:50,SCH - PJM_NEPTUNE,325305,352,660,-660
07/07/2019 06:50,SCH - PJM_VFT,325658,315,315,-315
07/07/2019 06:50,SPR/DUN-SOUTH,23320,3001.47,4350,-9999
07/07/2019 06:50,TOTAL EAST,23314,4230.11,6800,-9999
07/07/2019 06:50,UPNY CONED,23315,2677.3,5700,-9999
07/07/2019 06:50,WEST CENTRAL,23312,718,9999,-9999
07/07/2019 06:55,CENTRAL EAST - VC,23330,2262.49,2560,-9999
07/07/2019 06:55,DYSINGER EAST,23326,1061.59,3150,-9999
07/07/2019 06:55,MOSES SOUTH,23319,1666.23,2850,-1600
07/07/2019 06:55,SCH - HQ - NY,23324,1150,1150,-500
07/07/2019 06:55,SCH - HQ_CEDARS,325274,190,190,-40
07/07/2019 06:55,SCH - HQ_IMPORT_EXPORT,325376,850,1310,-9999
07/07/2019 06:55,SCH - NE - NY,23318,-973.13,1400,-1600
07/07/2019 06:55,SCH - NPX_1385,325277,73,200,-200
07/07/2019 06:55,SCH - NPX_CSC,325154,215,330,-330
07/07/2019 06:55,SCH - OH - NY,23317,1097.81,1700,-1400
07/07/2019 06:55,SCH - PJ - NY,23316,738.62,2050,-1150
07/07/2019 06:55,SCH - PJM_HTP,325905,100,660,-660
07/07/2019 06:55,SCH - PJM_NEPTUNE,325305,352,660,-660
07/07/2019 06:55,SCH - PJM_VFT,325658,315,315,-315
07/07/2019 06:55,SPR/DUN-SOUTH,23320,3035.3,4350,-9999
07/07/2019 06:55,TOTAL EAST,23314,4305.8,6800,-9999
07/07/2019 06:55,UPNY CONED,23315,2716.11,5700,-9999
07/07/2019 06:55,WEST CENTRAL,23312,744.87,9999,-9999
07/07/2019 07:00,CENTRAL EAST - VC,23330,2320.64,2560,-9999
07/07/2019 07:00,DYSINGER EAST,23326,1158.97,3150,-9999
07/07/2019 07:00,MOSES SOUTH,23319,1663.77,2850,-1600
07/07/2019 07:00,SCH - HQ - NY,23324,1150,1150,-500
07/07/2019 07:00,SCH - HQ_CEDARS,325274,190,190,-40
07/07/2019 07:00,SCH - HQ_IMPORT_EXPORT,325376,850,1310,-9999
07/07/2019 07:00,SCH - NE - NY,23318,-897.12,1400,-1600
07/07/2019 07:00,SCH - NPX_1385,325277,88,200,-200
07/07/2019 07:00,SCH - NPX_CSC,325154,215,330,-330
07/07/2019 07:00,SCH - OH - NY,23317,1097.8,1700,-1400
07/07/2019 07:00,SCH - PJ - NY,23316,733.05,2050,-1150
07/07/2019 07:00,SCH - PJM_HTP,325905,50,660,-660
07/07/2019 07:00,SCH - PJM_NEPTUNE,325305,374,660,-660
07/07/2019 07:00,SCH - PJM_VFT,325658,315,315,-315
07/07/2019 07:00,SPR/DUN-SOUTH,23320,3313.04,4350,-9999
07/07/2019 07:00,TOTAL EAST,23314,4425.66,6800,-9999
07/07/2019 07:00,UPNY CONED,23315,2892.45,5700,-9999
07/07/2019 07:00,WEST CENTRAL,23312,838.37,9999,-9999
07/07/2019 07:05,CENTRAL EAST - VC,23330,2307.34,2560,-9999
07/07/2019 07:05,DYSINGER EAST,23326,1187.84,3150,-9999
07/07/2019 07:05,MOSES SOUTH,23319,1654.93,2850,-1600
07/07/2019 07:05,SCH - HQ - NY,23324,1150,1150,-500
07/07/2019 07:05,SCH - HQ_CEDARS,325274,190,190,-40
07/07/2019 07:05,SCH - HQ_IMPORT_EXPORT,325376,850,1310,-9999
07/07/2019 07:05,SCH - NE - NY,23318,-817.41,1400,-1600
07/07/2019 07:05,SCH - NPX_1385,325277,103,200,-200
07/07/2019 07:05,SCH - NPX_CSC,325154,215,330,-330
07/07/2019 07:05,SCH - OH - NY,23317,1097.76,1700,-1400
07/07/2019 07:05,SCH - PJ - NY,23316,726.2,2050,-1150
07/07/2019 07:05,SCH - PJM_HTP,325905,0,660,-660
07/07/2019 07:05,SCH - PJM_NEPTUNE,325305,396,660,-660
07/07/2019 07:05,SCH - PJM_VFT,325658,315,315,-315
07/07/2019 07:05,SPR/DUN-SOUTH,23320,3411.44,4350,-9999
07/07/2019 07:05,TOTAL EAST,23314,4482.55,6800,-9999
07/07/2019 07:05,UPNY CONED,23315,2987.6,5700,-9999
07/07/2019 07:05,WEST CENTRAL,23312,856.59,9999,-9999
07/07/2019 07:10,CENTRAL EAST - VC,23330,2287.02,2560,-9999
07/07/2019 07:10,DYSINGER EAST,23326,1180.83,3150,-9999
07/07/2019 07:10,MOSES SOUTH,23319,1643.43,2850,-1600
07/07/2019 07:10,SCH - HQ - NY,23324,1150,1150,-500
07/07/2019 07:10,SCH - HQ_CEDARS,325274,190,190,-40
07/07/2019 07:10,SCH - HQ_IMPORT_EXPORT,325376,850,1310,-9999
07/07/2019 07:10,SCH - NE - NY,23318,-818.27,1400,-1600
07/07/2019 07:10,SCH - NPX_1385,325277,103,200,-200
07/07/2019 07:10,SCH - NPX_CSC,325154,215,330,-330
07/07/2019 07:10,SCH - OH - NY,23317,1097.72,1700,-1400
07/07/2019 07:10,SCH - PJ - NY,23316,727.48,2050,-1150
07/07/2019 07:10,SCH - PJM_HTP,325905,0,660,-660
07/07/2019 07:10,SCH - PJM_NEPTUNE,325305,396,660,-660
07/07/2019 07:10,SCH - PJM_VFT,325658,315,315,-315
07/07/2019 07:10,SPR/DUN-SOUTH,23320,3409.47,4350,-9999
07/07/2019 07:10,TOTAL EAST,23314,4529.28,6800,-9999
07/07/2019 07:10,UPNY CONED,23315,3008.47,5700,-9999
07/07/2019 07:10,WEST CENTRAL,23312,851.68,9999,-9999
07/07/2019 07:15,CENTRAL EAST - VC,23330,2370.64,2600,-9999
07/07/2019 07:15,DYSINGER EAST,23326,1261.59,3150,-9999
07/07/2019 07:15,MOSES SOUTH,23319,1649.16,2850,-1600
07/07/2019 07:15,SCH - HQ - NY,23324,1150,1150,-500
07/07/2019 07:15,SCH - HQ_CEDARS,325274,190,190,-40
07/07/2019 07:15,SCH - HQ_IMPORT_EXPORT,325376,850,1310,-9999
07/07/2019 07:15,SCH - NE - NY,23318,-789.33,1400,-1600
07/07/2019 07:15,SCH - NPX_1385,325277,103,200,-200
07/07/2019 07:15,SCH - NPX_CSC,325154,215,330,-330
07/07/2019 07:15,SCH - OH - NY,23317,1097.74,1700,-1400
07/07/2019 07:15,SCH - PJ - NY,23316,726.34,2050,-1150
07/07/2019 07:15,SCH - PJM_HTP,325905,0,660,-660
07/07/2019 07:15,SCH - PJM_NEPTUNE,325305,396,660,-660
07/07/2019 07:15,SCH - PJM_VFT,325658,315,315,-315
07/07/2019 07:15,SPR/DUN-SOUTH,23320,3498.33,4350,-9999
07/07/2019 07:15,TOTAL EAST,23314,4645.63,6800,-9999
07/07/2019 07:15,UPNY CONED,23315,3124.7,5700,-9999
07/07/2019 07:15,WEST CENTRAL,23312,928.99,9999,-9999
07/07/2019 07:20,CENTRAL EAST - VC,23330,2389.98,2600,-9999
07/07/2019 07:20,DYSINGER EAST,23326,1298.85,3150,-9999
07/07/2019 07:20,MOSES SOUTH,23319,1639.96,2850,-1600
07/07/2019 07:20,SCH - HQ - NY,23324,1150,1150,-500
07/07/2019 07:20,SCH - HQ_CEDARS,325274,190,190,-40
07/07/2019 07:20,SCH - HQ_IMPORT_EXPORT,325376,850,1310,-9999
07/07/2019 07:20,SCH - NE - NY,23318,-762.16,1400,-1600
07/07/2019 07:20,SCH - NPX_1385,325277,103,200,-200
07/07/2019 07:20,SCH - NPX_CSC,325154,215,330,-330
07/07/2019 07:20,SCH - OH - NY,23317,1097.72,1700,-1400
07/07/2019 07:20,SCH - PJ - NY,23316,726.01,2050,-1150
07/07/2019 07:20,SCH - PJM_HTP,325905,0,660,-660
07/07/2019 07:20,SCH - PJM_NEPTUNE,325305,396,660,-660
07/07/2019 07:20,SCH - PJM_VFT,325658,315,315,-315
07/07/2019 07:20,SPR/DUN-SOUTH,23320,3541.09,4350,-9999
07/07/2019 07:20,TOTAL EAST,23314,4688.54,6800,-9999
07/07/2019 07:20,UPNY CONED,23315,3173.97,5700,-9999
07/07/2019 07:20,WEST CENTRAL,23312,961.25,9999,-9999
07/07/2019 07:25,CENTRAL EAST - VC,23330,2376.34,2600,-9999
07/07/2019 07:25,DYSINGER EAST,23326,1256.15,3150,-9999
07/07/2019 07:25,MOSES SOUTH,23319,1636.1,2850,-1600
07/07/2019 07:25,SCH - HQ - NY,23324,1150,1150,-500
07/07/2019 07:25,SCH - HQ_CEDARS,325274,190,190,-40
07/07/2019 07:25,SCH - HQ_IMPORT_EXPORT,325376,850,1310,-9999
07/07/2019 07:25,SCH - NE - NY,23318,-762.44,1400,-1600
07/07/2019 07:25,SCH - NPX_1385,325277,103,200,-200
07/07/2019 07:25,SCH - NPX_CSC,325154,215,330,-330
07/07/2019 07:25,SCH - OH - NY,23317,1097.65,1700,-1400
07/07/2019 07:25,SCH - PJ - NY,23316,727.8,2050,-1150
07/07/2019 07:25,SCH - PJM_HTP,325905,0,660,-660
07/07/2019 07:25,SCH - PJM_NEPTUNE,325305,396,660,-660
07/07/2019 07:25,SCH - PJM_VFT,325658,315,315,-315
07/07/2019 07:25,SPR/DUN-SOUTH,23320,3520.48,4350,-9999
07/07/2019 07:25,TOTAL EAST,23314,4718.08,6800,-9999
07/07/2019 07:25,UPNY CONED,23315,3143.09,5700,-9999
07/07/2019 07:25,WEST CENTRAL,23312,923.35,9999,-9999
07/07/2019 07:30,CENTRAL EAST - VC,23330,2347.12,2600,-9999
07/07/2019 07:30,DYSINGER EAST,23326,1202.71,3150,-9999
07/07/2019 07:30,MOSES SOUTH,23319,1642.72,2850,-1600
07/07/2019 07:30,SCH - HQ - NY,23324,1150,1150,-500
07/07/2019 07:30,SCH - HQ_CEDARS,325274,190,190,-40
07/07/2019 07:30,SCH - HQ_IMPORT_EXPORT,325376,850,1310,-9999
07/07/2019 07:30,SCH - NE - NY,23318,-722.38,1400,-1600
07/07/2019 07:30,SCH - NPX_1385,325277,103,200,-200
07/07/2019 07:30,SCH - NPX_CSC,325154,215,330,-330
07/07/2019 07:30,SCH - OH - NY,23317,1097.68,1700,-1400
07/07/2019 07:30,SCH - PJ - NY,23316,726.74,2050,-1150
07/07/2019 07:30,SCH - PJM_HTP,325905,0,660,-660
07/07/2019 07:30,SCH - PJM_NEPTUNE,325305,396,660,-660
07/07/2019 07:30,SCH - PJM_VFT,325658,315,315,-315
07/07/2019 07:30,SPR/DUN-SOUTH,23320,3437.65,4350,-9999
07/07/2019 07:30,TOTAL EAST,23314,4727.26,6800,-9999
07/07/2019 07:30,UPNY CONED,23315,3075.01,5700,-9999
07/07/2019 07:30,WEST CENTRAL,23312,870.51,9999,-9999
07/07/2019 07:35,CENTRAL EAST - VC,23330,2322.15,2600,-9999
07/07/2019 07:35,DYSINGER EAST,23326,1180.41,3150,-9999
07/07/2019 07:35,MOSES SOUTH,23319,1659.84,2850,-1600
07/07/2019 07:35,SCH - HQ - NY,23324,1150,1150,-500
07/07/2019 07:35,SCH - HQ_CEDARS,325274,190,190,-40
07/07/2019 07:35,SCH - HQ_IMPORT_EXPORT,325376,850,1310,-9999
07/07/2019 07:35,SCH - NE - NY,23318,-682.76,1400,-1600
07/07/2019 07:35,SCH - NPX_1385,325277,103,200,-200
07/07/2019 07:35,SCH - NPX_CSC,325154,215,330,-330
07/07/2019 07:35,SCH - OH - NY,23317,1097.69,1700,-1400
07/07/2019 07:35,SCH - PJ - NY,23316,725.21,2050,-1150
07/07/2019 07:35,SCH - PJM_HTP,325905,0,660,-660
07/07/2019 07:35,SCH - PJM_NEPTUNE,325305,396,660,-660
07/07/2019 07:35,SCH - PJM_VFT,325658,315,315,-315
07/07/2019 07:35,SPR/DUN-SOUTH,23320,3436.82,4350,-9999
07/07/2019 07:35,TOTAL EAST,23314,4695.03,6800,-9999
07/07/2019 07:35,UPNY CONED,23315,3081.74,5700,-9999
07/07/2019 07:35,WEST CENTRAL,23312,841.72,9999,-9999
07/07/2019 07:40,CENTRAL EAST - VC,23330,2305.49,2600,-9999
07/07/2019 07:40,DYSINGER EAST,23326,1125.95,3150,-9999
07/07/2019 07:40,MOSES SOUTH,23319,1653.82,2850,-1600
07/07/2019 07:40,SCH - HQ - NY,23324,1150,1150,-500
07/07/2019 07:40,SCH - HQ_CEDARS,325274,190,190,-40
07/07/2019 07:40,SCH - HQ_IMPORT_EXPORT,325376,850,1310,-9999
07/07/2019 07:40,SCH - NE - NY,23318,-682.58,1400,-1600
07/07/2019 07:40,SCH - NPX_1385,325277,103,200,-200
07/07/2019 07:40,SCH - NPX_CSC,325154,215,330,-330
07/07/2019 07:40,SCH - OH - NY,23317,1097.61,1700,-1400
07/07/2019 07:40,SCH - PJ - NY,23316,724.91,2050,-1150
07/07/2019 07:40,SCH - PJM_HTP,325905,0,660,-660
07/07/2019 07:40,SCH - PJM_NEPTUNE,325305,396,660,-660
07/07/2019 07:40,SCH - PJM_VFT,325658,315,315,-315
07/07/2019 07:40,SPR/DUN-SOUTH,23320,3433.26,4350,-9999
07/07/2019 07:40,TOTAL EAST,23314,4738.29,6800,-9999
07/07/2019 07:40,UPNY CONED,23315,3090.06,5700,-9999
07/07/2019 07:40,WEST CENTRAL,23312,784.73,9999,-9999
07/07/2019 07:45,CENTRAL EAST - VC,23330,2280.4,2600,-9999
07/07/2019 07:45,DYSINGER EAST,23326,1103.75,3150,-9999
07/07/2019 07:45,MOSES SOUTH,23319,1656.64,2850,-1600
07/07/2019 07:45,SCH - HQ - NY,23324,1150,1150,-500
07/07/2019 07:45,SCH - HQ_CEDARS,325274,190,190,-40
07/07/2019 07:45,SCH - HQ_IMPORT_EXPORT,325376,850,1310,-9999
07/07/2019 07:45,SCH - NE - NY,23318,-682.64,1400,-1600
07/07/2019 07:45,SCH - NPX_1385,325277,103,200,-200
07/07/2019 07:45,SCH - NPX_CSC,325154,215,330,-330
07/07/2019 07:45,SCH - OH - NY,23317,1097.6,1700,-1400
07/07/2019 07:45,SCH - PJ - NY,23316,725.96,2050,-1150
07/07/2019 07:45,SCH - PJM_HTP,325905,0,660,-660
07/07/2019 07:45,SCH - PJM_NEPTUNE,325305,396,660,-660
07/07/2019 07:45,SCH - PJM_VFT,325658,315,315,-315
07/07/2019 07:45,SPR/DUN-SOUTH,23320,3452.62,4350,-9999
07/07/2019 07:45,TOTAL EAST,23314,4735.07,6800,-9999
07/07/2019 07:45,UPNY CONED,23315,3134.66,5700,-9999
07/07/2019 07:45,WEST CENTRAL,23312,758.23,9999,-9999
07/07/2019 07:50,CENTRAL EAST - VC,23330,2218.56,2600,-9999
07/07/2019 07:50,DYSINGER EAST,23326,1060.64,3150,-9999
07/07/2019 07:50,MOSES SOUTH,23319,1658.57,2850,-1600
07/07/2019 07:50,SCH - HQ - NY,23324,1150,1150,-500
07/07/2019 07:50,SCH - HQ_CEDARS,325274,190,190,-40
07/07/2019 07:50,SCH - HQ_IMPORT_EXPORT,325376,850,1310,-9999
07/07/2019 07:50,SCH - NE - NY,23318,-682.81,1400,-1600
07/07/2019 07:50,SCH - NPX_1385,325277,103,200,-200
07/07/2019 07:50,SCH - NPX_CSC,325154,215,330,-330
07/07/2019 07:50,SCH - OH - NY,23317,1097.59,1700,-1400
07/07/2019 07:50,SCH - PJ - NY,23316,726.06,2050,-1150
07/07/2019 07:50,SCH - PJM_HTP,325905,0,660,-660
07/07/2019 07:50,SCH - PJM_NEPTUNE,325305,396,660,-660
07/07/2019 07:50,SCH - PJM_VFT,325658,315,315,-315
07/07/2019 07:50,SPR/DUN-SOUTH,23320,3452.32,4350,-9999
07/07/2019 07:50,TOTAL EAST,23314,4699.97,6800,-9999
07/07/2019 07:50,UPNY CONED,23315,3154.55,5700,-9999
07/07/2019 07:50,WEST CENTRAL,23312,710.83,9999,-9999
07/07/2019 07:55,CENTRAL EAST - VC,23330,2238.7,2600,-9999
07/07/2019 07:55,DYSINGER EAST,23326,1078.43,3150,-9999
07/07/2019 07:55,MOSES SOUTH,23319,1737.77,2850,-1600
07/07/2019 07:55,SCH - HQ - NY,23324,1150,1150,-500
07/07/2019 07:55,SCH - HQ_CEDARS,325274,190,190,-40
07/07/2019 07:55,SCH - HQ_IMPORT_EXPORT,325376,850,1310,-9999
07/07/2019 07:55,SCH - NE - NY,23318,-682.53,1400,-1600
07/07/2019 07:55,SCH - NPX_1385,325277,103,200,-200
07/07/2019 07:55,SCH - NPX_CSC,325154,215,330,-330
07/07/2019 07:55,SCH - OH - NY,23317,1097.6,1700,-1400
07/07/2019 07:55,SCH - PJ - NY,23316,727.67,2050,-1150
07/07/2019 07:55,SCH - PJM_HTP,325905,0,660,-660
07/07/2019 07:55,SCH - PJM_NEPTUNE,325305,396,660,-660
07/07/2019 07:55,SCH - PJM_VFT,325658,315,315,-315
07/07/2019 07:55,SPR/DUN-SOUTH,23320,3377.96,4350,-9999
07/07/2019 07:55,TOTAL EAST,23314,4698.59,6800,-9999
07/07/2019 07:55,UPNY CONED,23315,3102.76,5700,-9999
07/07/2019 07:55,WEST CENTRAL,23312,725.26,9999,-9999
07/07/2019 08:00,CENTRAL EAST - VC,23330,2347.18,2600,-9999
07/07/2019 08:00,DYSINGER EAST,23326,1104.82,3150,-9999
07/07/2019 08:00,MOSES SOUTH,23319,1815.84,2850,-1600
07/07/2019 08:00,SCH - HQ - NY,23324,1150,1150,-500
07/07/2019 08:00,SCH - HQ_CEDARS,325274,190,190,-40
07/07/2019 08:00,SCH - HQ_IMPORT_EXPORT,325376,850,1310,-9999
07/07/2019 08:00,SCH - NE - NY,23318,-837.12,1400,-1600
07/07/2019 08:00,SCH - NPX_1385,325277,138,200,-200
07/07/2019 08:00,SCH - NPX_CSC,325154,272,330,-330
07/07/2019 08:00,SCH - OH - NY,23317,1246.79,1700,-1400
07/07/2019 08:00,SCH - PJ - NY,23316,604.21,2050,-1150
07/07/2019 08:00,SCH - PJM_HTP,325905,80,660,-660
07/07/2019 08:00,SCH - PJM_NEPTUNE,325305,499,660,-660
07/07/2019 08:00,SCH - PJM_VFT,325658,276,315,-315
07/07/2019 08:00,SPR/DUN-SOUTH,23320,3499.43,4350,-9999
07/07/2019 08:00,TOTAL EAST,23314,4706.86,6800,-9999
07/07/2019 08:00,UPNY CONED,23315,3055.85,4800,-9999
07/07/2019 08:00,WEST CENTRAL,23312,745.11,9999,-9999
07/07/2019 08:05,CENTRAL EAST - VC,23330,2396.93,2600,-9999
07/07/2019 08:05,DYSINGER EAST,23326,1218.26,3150,-9999
07/07/2019 08:05,MOSES SOUTH,23319,1786.19,2850,-1600
07/07/2019 08:05,SCH - HQ - NY,23324,1150,1150,-500
07/07/2019 08:05,SCH - HQ_CEDARS,325274,190,190,-40
07/07/2019 08:05,SCH - HQ_IMPORT_EXPORT,325376,850,1310,-9999
07/07/2019 08:05,SCH - NE - NY,23318,-987.17,1400,-1600
07/07/2019 08:05,SCH - NPX_1385,325277,173,200,-200
07/07/2019 08:05,SCH - NPX_CSC,325154,330,330,-330
07/07/2019 08:05,SCH - OH - NY,23317,1395.73,1700,-1400
07/07/2019 08:05,SCH - PJ - NY,23316,483.27,2050,-1150
07/07/2019 08:05,SCH - PJM_HTP,325905,161,660,-660
07/07/2019 08:05,SCH - PJM_NEPTUNE,325305,603,660,-660
07/07/2019 08:05,SCH - PJM_VFT,325658,237,315,-315
07/07/2019 08:05,SPR/DUN-SOUTH,23320,3525.48,4350,-9999
07/07/2019 08:05,TOTAL EAST,23314,4695.18,6800,-9999
07/07/2019 08:05,UPNY CONED,23315,2918.33,4800,-9999
07/07/2019 08:05,WEST CENTRAL,23312,847.17,9999,-9999
07/07/2019 08:10,CENTRAL EAST - VC,23330,2461.34,2600,-9999
07/07/2019 08:10,DYSINGER EAST,23326,1246.6,3150,-9999
07/07/2019 08:10,MOSES SOUTH,23319,1784.8,2850,-1600
07/07/2019 08:10,SCH - HQ - NY,23324,1150,1150,-500
07/07/2019 08:10,SCH - HQ_CEDARS,325274,190,190,-40
07/07/2019 08:10,SCH - HQ_IMPORT_EXPORT,325376,850,1310,-9999
07/07/2019 08:10,SCH - NE - NY,23318,-987.74,1400,-1600
07/07/2019 08:10,SCH - NPX_1385,325277,173,200,-200
07/07/2019 08:10,SCH - NPX_CSC,325154,330,330,-330
07/07/2019 08:10,SCH - OH - NY,23317,1395.78,1700,-1400
07/07/2019 08:10,SCH - PJ - NY,23316,484.96,2050,-1150
07/07/2019 08:10,SCH - PJM_HTP,325905,161,660,-660
07/07/2019 08:10,SCH - PJM_NEPTUNE,325305,603,660,-660
07/07/2019 08:10,SCH - PJM_VFT,325658,237,315,-315
07/07/2019 08:10,SPR/DUN-SOUTH,23320,3555.74,4350,-9999
07/07/2019 08:10,TOTAL EAST,23314,4743.52,6800,-9999
07/07/2019 08:10,UPNY CONED,23315,2977.73,4800,-9999
07/07/2019 08:10,WEST CENTRAL,23312,873.05,9999,-9999
07/07/2019 08:15,CENTRAL EAST - VC,23330,2414.49,2660,-9999
07/07/2019 08:15,DYSINGER EAST,23326,1163.1,3150,-9999
07/07/2019 08:15,MOSES SOUTH,23319,1789.19,2850,-1600
07/07/2019 08:15,SCH - HQ - NY,23324,1150,1150,-500
07/07/2019 08:15,SCH - HQ_CEDARS,325274,190,190,-40
07/07/2019 08:15,SCH - HQ_IMPORT_EXPORT,325376,850,1310,-9999
07/07/2019 08:15,SCH - NE - NY,23318,-961.13,1400,-1600
07/07/2019 08:15,SCH - NPX_1385,325277,173,200,-200
07/07/2019 08:15,SCH - NPX_CSC,325154,330,330,-330
07/07/2019 08:15,SCH - OH - NY,23317,1395.82,1700,-1400
07/07/2019 08:15,SCH - PJ - NY,23316,481.85,2050,-1150
07/07/2019 08:15,SCH - PJM_HTP,325905,161,660,-660
07/07/2019 08:15,SCH - PJM_NEPTUNE,325305,606,660,-660
07/07/2019 08:15,SCH - PJM_VFT,325658,237,315,-315
07/07/2019 08:15,SPR/DUN-SOUTH,23320,3534.67,4350,-9999
07/07/2019 08:15,TOTAL EAST,23314,4737.05,6800,-9999
07/07/2019 08:15,UPNY CONED,23315,2976.8,4800,-9999
07/07/2019 08:15,WEST CENTRAL,23312,791.75,9999,-9999
07/07/2019 08:20,CENTRAL EAST - VC,23330,2414.92,2660,-9999
07/07/2019 08:20,DYSINGER EAST,23326,1221.72,3150,-9999
07/07/2019 08:20,MOSES SOUTH,23319,1794.21,2850,-1600
07/07/2019 08:20,SCH - HQ - NY,23324,1150,1150,-500
07/07/2019 08:20,SCH - HQ_CEDARS,325274,190,190,-40
07/07/2019 08:20,SCH - HQ_IMPORT_EXPORT,325376,850,1310,-9999
07/07/2019 08:20,SCH - NE - NY,23318,-935.12,1400,-1600
07/07/2019 08:20,SCH - NPX_1385,325277,173,200,-200
07/07/2019 08:20,SCH - NPX_CSC,325154,330,330,-330
07/07/2019 08:20,SCH - OH - NY,23317,1395.85,1700,-1400
07/07/2019 08:20,SCH - PJ - NY,23316,482.24,2050,-1150
07/07/2019 08:20,SCH - PJM_HTP,325905,161,660,-660
07/07/2019 08:20,SCH - PJM_NEPTUNE,325305,610,660,-660
07/07/2019 08:20,SCH - PJM_VFT,325658,237,315,-315
07/07/2019 08:20,SPR/DUN-SOUTH,23320,3549.99,4350,-9999
07/07/2019 08:20,TOTAL EAST,23314,4747.79,6800,-9999
07/07/2019 08:20,UPNY CONED,23315,2991.78,4800,-9999
07/07/2019 08:20,WEST CENTRAL,23312,847.09,9999,-9999
07/07/2019 08:25,CENTRAL EAST - VC,23330,2443.46,2660,-9999
07/07/2019 08:25,DYSINGER EAST,23326,1242.21,3150,-9999
07/07/2019 08:25,MOSES SOUTH,23319,1801.83,2850,-1600
07/07/2019 08:25,SCH - HQ - NY,23324,1150,1150,-500
07/07/2019 08:25,SCH - HQ_CEDARS,325274,190,190,-40
07/07/2019 08:25,SCH - HQ_IMPORT_EXPORT,325376,850,1310,-9999
07/07/2019 08:25,SCH - NE - NY,23318,-935.13,1400,-1600
07/07/2019 08:25,SCH - NPX_1385,325277,173,200,-200
07/07/2019 08:25,SCH - NPX_CSC,325154,330,330,-330
07/07/2019 08:25,SCH - OH - NY,23317,1395.8,1700,-1400
07/07/2019 08:25,SCH - PJ - NY,23316,484.1,2050,-1150
07/07/2019 08:25,SCH - PJM_HTP,325905,161,660,-660
07/07/2019 08:25,SCH - PJM_NEPTUNE,325305,610,660,-660
07/07/2019 08:25,SCH - PJM_VFT,325658,237,315,-315
07/07/2019 08:25,SPR/DUN-SOUTH,23320,3579.95,4350,-9999
07/07/2019 08:25,TOTAL EAST,23314,4747.79,6800,-9999
07/07/2019 08:25,UPNY CONED,23315,3033.54,4800,-9999
07/07/2019 08:25,WEST CENTRAL,23312,865.11,9999,-9999
07/07/2019 08:30,CENTRAL EAST - VC,23330,2419.76,2660,-9999
07/07/2019 08:30,DYSINGER EAST,23326,1216.47,3150,-9999
07/07/2019 08:30,MOSES SOUTH,23319,1795.67,2850,-1600
07/07/2019 08:30,SCH - HQ - NY,23324,1150,1150,-500
07/07/2019 08:30,SCH - HQ_CEDARS,325274,190,190,-40
07/07/2019 08:30,SCH - HQ_IMPORT_EXPORT,325376,850,1310,-9999
07/07/2019 08:30,SCH - NE - NY,23318,-935.11,1400,-1600
07/07/2019 08:30,SCH - NPX_1385,325277,173,200,-200
07/07/2019 08:30,SCH - NPX_CSC,325154,330,330,-330
07/07/2019 08:30,SCH - OH - NY,23317,1395.81,1700,-1400
07/07/2019 08:30,SCH - PJ - NY,23316,485.25,2050,-1150
07/07/2019 08:30,SCH - PJM_HTP,325905,161,660,-660
07/07/2019 08:30,SCH - PJM_NEPTUNE,325305,610,660,-660
07/07/2019 08:30,SCH - PJM_VFT,325658,237,315,-315
07/07/2019 08:30,SPR/DUN-SOUTH,23320,3571.64,4350,-9999
07/07/2019 08:30,TOTAL EAST,23314,4739.76,6800,-9999
07/07/2019 08:30,UPNY CONED,23315,3041.48,4800,-9999
07/07/2019 08:30,WEST CENTRAL,23312,832.78,9999,-9999
07/07/2019 08:35,CENTRAL EAST - VC,23330,2402.61,2660,-9999
07/07/2019 08:35,DYSINGER EAST,23326,1183.35,3150,-9999
07/07/2019 08:35,MOSES SOUTH,23319,1803.98,2850,-1600
07/07/2019 08:35,SCH - HQ - NY,23324,1150,1150,-500
07/07/2019 08:35,SCH - HQ_CEDARS,325274,190,190,-40
07/07/2019 08:35,SCH - HQ_IMPORT_EXPORT,325376,850,1310,-9999
07/07/2019 08:35,SCH - NE - NY,23318,-935.11,1400,-1600
07/07/2019 08:35,SCH - NPX_1385,325277,173,200,-200
07/07/2019 08:35,SCH - NPX_CSC,325154,330,330,-330
07/07/2019 08:35,SCH - OH - NY,23317,1395.82,1700,-1400
07/07/2019 08:35,SCH - PJ - NY,23316,481.19,2050,-1150
07/07/2019 08:35,SCH - PJM_HTP,325905,161,660,-660
07/07/2019 08:35,SCH - PJM_NEPTUNE,325305,610,660,-660
07/07/2019 08:35,SCH - PJM_VFT,325658,237,315,-315
07/07/2019 08:35,SPR/DUN-SOUTH,23320,3575.27,4350,-9999
07/07/2019 08:35,TOTAL EAST,23314,4717.35,6800,-9999
07/07/2019 08:35,UPNY CONED,23315,3054.78,4800,-9999
07/07/2019 08:35,WEST CENTRAL,23312,799.51,9999,-9999
07/07/2019 08:40,CENTRAL EAST - VC,23330,2414.55,2660,-9999
07/07/2019 08:40,DYSINGER EAST,23326,1174.71,3150,-9999
07/07/2019 08:40,MOSES SOUTH,23319,1806.59,2850,-1600
07/07/2019 08:40,SCH - HQ - NY,23324,1150,1150,-500
07/07/2019 08:40,SCH - HQ_CEDARS,325274,190,190,-40
07/07/2019 08:40,SCH - HQ_IMPORT_EXPORT,325376,850,1310,-9999
07/07/2019 08:40,SCH - NE - NY,23318,-935.44,1400,-1600
07/07/2019 08:40,SCH - NPX_1385,325277,173,200,-200
07/07/2019 08:40,SCH - NPX_CSC,325154,330,330,-330
07/07/2019 08:40,SCH - OH - NY,23317,1395.85,1700,-1400
07/07/2019 08:40,SCH - PJ - NY,23316,481.84,2050,-1150
07/07/2019 08:40,SCH - PJM_HTP,325905,161,660,-660
07/07/2019 08:40,SCH - PJM_NEPTUNE,325305,610,660,-660
07/07/2019 08:40,SCH - PJM_VFT,325658,237,315,-315
07/07/2019 08:40,SPR/DUN-SOUTH,23320,3589.12,4350,-9999
07/07/2019 08:40,TOTAL EAST,23314,4735.64,6800,-9999
07/07/2019 08:40,UPNY CONED,23315,3088.15,4800,-9999
07/07/2019 08:40,WEST CENTRAL,23312,786.08,9999,-9999
07/07/2019 08:45,CENTRAL EAST - VC,23330,2445.44,2660,-9999
07/07/2019 08:45,DYSINGER EAST,23326,1198.36,3150,-9999
07/07/2019 08:45,MOSES SOUTH,23319,1802.26,2850,-1600
07/07/2019 08:45,SCH - HQ - NY,23324,1150,1150,-500
07/07/2019 08:45,SCH - HQ_CEDARS,325274,190,190,-40
07/07/2019 08:45,SCH - HQ_IMPORT_EXPORT,325376,850,1310,-9999
07/07/2019 08:45,SCH - NE - NY,23318,-935.44,1400,-1600
07/07/2019 08:45,SCH - NPX_1385,325277,173,200,-200
07/07/2019 08:45,SCH - NPX_CSC,325154,330,330,-330
07/07/2019 08:45,SCH - OH - NY,23317,1395.83,1700,-1400
07/07/2019 08:45,SCH - PJ - NY,23316,450.89,2050,-1150
07/07/2019 08:45,SCH - PJM_HTP,325905,161,660,-660
07/07/2019 08:45,SCH - PJM_NEPTUNE,325305,610,660,-660
07/07/2019 08:45,SCH - PJM_VFT,325658,237,315,-315
07/07/2019 08:45,SPR/DUN-SOUTH,23320,3606.16,4350,-9999
07/07/2019 08:45,TOTAL EAST,23314,4729.34,6800,-9999
07/07/2019 08:45,UPNY CONED,23315,3114.52,4800,-9999
07/07/2019 08:45,WEST CENTRAL,23312,803.07,9999,-9999
07/07/2019 08:50,CENTRAL EAST - VC,23330,2428.54,2660,-9999
07/07/2019 08:50,DYSINGER EAST,23326,1172.69,3150,-9999
07/07/2019 08:50,MOSES SOUTH,23319,1805.34,2850,-1600
07/07/2019 08:50,SCH - HQ - NY,23324,1150,1150,-500
07/07/2019 08:50,SCH - HQ_CEDARS,325274,190,190,-40
07/07/2019 08:50,SCH - HQ_IMPORT_EXPORT,325376,850,1310,-9999
07/07/2019 08:50,SCH - NE - NY,23318,-935.11,1400,-1600
07/07/2019 08:50,SCH - NPX_1385,325277,173,200,-200
07/07/2019 08:50,SCH - NPX_CSC,325154,330,330,-330
07/07/2019 08:50,SCH - OH - NY,23317,1395.82,1700,-1400
07/07/2019 08:50,SCH - PJ - NY,23316,416.49,2050,-1150
07/07/2019 08:50,SCH - PJM_HTP,325905,161,660,-660
07/07/2019 08:50,SCH - PJM_NEPTUNE,325305,610,660,-660
07/07/2019 08:50,SCH - PJM_VFT,325658,237,315,-315
07/07/2019 08:50,SPR/DUN-SOUTH,23320,3615.49,4350,-9999
07/07/2019 08:50,TOTAL EAST,23314,4726.8,6800,-9999
07/07/2019 08:50,UPNY CONED,23315,3130.14,4800,-9999
07/07/2019 08:50,WEST CENTRAL,23312,772.14,9999,-9999
07/07/2019 08:55,CENTRAL EAST - VC,23330,2412.01,2660,-9999
07/07/2019 08:55,DYSINGER EAST,23326,1159.19,3150,-9999
07/07/2019 08:55,MOSES SOUTH,23319,1797.89,2850,-1600
07/07/2019 08:55,SCH - HQ - NY,23324,1150,1150,-500
07/07/2019 08:55,SCH - HQ_CEDARS,325274,190,190,-40
07/07/2019 08:55,SCH - HQ_IMPORT_EXPORT,325376,850,1310,-9999
07/07/2019 08:55,SCH - NE - NY,23318,-935.44,1400,-1600
07/07/2019 08:55,SCH - NPX_1385,325277,173,200,-200
07/07/2019 08:55,SCH - NPX_CSC,325154,330,330,-330
07/07/2019 08:55,SCH - OH - NY,23317,1395.8,1700,-1400
07/07/2019 08:55,SCH - PJ - NY,23316,416.81,2050,-1150
07/07/2019 08:55,SCH - PJM_HTP,325905,161,660,-660
07/07/2019 08:55,SCH - PJM_NEPTUNE,325305,610,660,-660
07/07/2019 08:55,SCH - PJM_VFT,325658,237,315,-315
07/07/2019 08:55,SPR/DUN-SOUTH,23320,3606.7,4350,-9999
07/07/2019 08:55,TOTAL EAST,23314,4716.43,6800,-9999
07/07/2019 08:55,UPNY CONED,23315,3130.14,4800,-9999
07/07/2019 08:55,WEST CENTRAL,23312,754.84,9999,-9999
07/07/2019 09:00,CENTRAL EAST - VC,23330,2447.1,2660,-9999
07/07/2019 09:00,DYSINGER EAST,23326,1201.58,3150,-9999
07/07/2019 09:00,MOSES SOUTH,23319,1804.84,2850,-1600
07/07/2019 09:00,SCH - HQ - NY,23324,1150,1150,-500
07/07/2019 09:00,SCH - HQ_CEDARS,325274,190,190,-40
07/07/2019 09:00,SCH - HQ_IMPORT_EXPORT,325376,850,1310,-9999
07/07/2019 09:00,SCH - NE - NY,23318,-908.11,1400,-1600
07/07/2019 09:00,SCH - NPX_1385,325277,162,200,-200
07/07/2019 09:00,SCH - NPX_CSC,325154,330,330,-330
07/07/2019 09:00,SCH - OH - NY,23317,1395.8,1700,-1400
07/07/2019 09:00,SCH - PJ - NY,23316,457.37,2050,-1150
07/07/2019 09:00,SCH - PJM_HTP,325905,180,660,-660
07/07/2019 09:00,SCH - PJM_NEPTUNE,325305,610,660,-660
07/07/2019 09:00,SCH - PJM_VFT,325658,276,315,-315
07/07/2019 09:00,SPR/DUN-SOUTH,23320,3589.45,4350,-9999
07/07/2019 09:00,TOTAL EAST,23314,4782.07,6800,-9999
07/07/2019 09:00,UPNY CONED,23315,3165.55,4800,-9999
07/07/2019 09:00,WEST CENTRAL,23312,793.37,9999,-9999
07/07/2019 09:05,CENTRAL EAST - VC,23330,2499.24,2660,-9999
07/07/2019 09:05,DYSINGER EAST,23326,1221.49,3150,-9999
07/07/2019 09:05,MOSES SOUTH,23319,1786.95,2850,-1600
07/07/2019 09:05,SCH - HQ - NY,23324,1150,1150,-500
07/07/2019 09:05,SCH - HQ_CEDARS,325274,190,190,-40
07/07/2019 09:05,SCH - HQ_IMPORT_EXPORT,325376,850,1310,-9999
07/07/2019 09:05,SCH - NE - NY,23318,-892.11,1400,-1600
07/07/2019 09:05,SCH - NPX_1385,325277,151,200,-200
07/07/2019 09:05,SCH - NPX_CSC,325154,330,330,-330
07/07/2019 09:05,SCH - OH - NY,23317,1395.78,1700,-1400
07/07/2019 09:05,SCH - PJ - NY,23316,509.42,2050,-1150
07/07/2019 09:05,SCH - PJM_HTP,325905,200,660,-660
07/07/2019 09:05,SCH - PJM_NEPTUNE,325305,610,660,-660
07/07/2019 09:05,SCH - PJM_VFT,325658,315,315,-315
07/07/2019 09:05,SPR/DUN-SOUTH,23320,3579.53,4350,-9999
07/07/2019 09:05,TOTAL EAST,23314,4814.9,6800,-9999
07/07/2019 09:05,UPNY CONED,23315,3230.53,4800,-9999
07/07/2019 09:05,WEST CENTRAL,23312,810.75,9999,-9999
07/07/2019 09:10,CENTRAL EAST - VC,23330,2503.45,2660,-9999
07/07/2019 09:10,DYSINGER EAST,23326,1241.88,3150,-9999
07/07/2019 09:10,MOSES SOUTH,23319,1788.47,2850,-1600
07/07/2019 09:10,SCH - HQ - NY,23324,1150,1150,-500
07/07/2019 09:10,SCH - HQ_CEDARS,325274,190,190,-40
07/07/2019 09:10,SCH - HQ_IMPORT_EXPORT,325376,850,1310,-9999
07/07/2019 09:10,SCH - NE - NY,23318,-892.41,1400,-1600
07/07/2019 09:10,SCH - NPX_1385,325277,151,200,-200
07/07/2019 09:10,SCH - NPX_CSC,325154,330,330,-330
07/07/2019 09:10,SCH - OH - NY,23317,1395.79,1700,-1400
07/07/2019 09:10,SCH - PJ - NY,23316,508.89,2050,-1150
07/07/2019 09:10,SCH - PJM_HTP,325905,200,660,-660
07/07/2019 09:10,SCH - PJM_NEPTUNE,325305,610,660,-660
07/07/2019 09:10,SCH - PJM_VFT,325658,315,315,-315
07/07/2019 09:10,SPR/DUN-SOUTH,23320,3589.97,4350,-9999
07/07/2019 09:10,TOTAL EAST,23314,4801.69,6800,-9999
07/07/2019 09:10,UPNY CONED,23315,3267.38,4800,-9999
07/07/2019 09:10,WEST CENTRAL,23312,825.97,9999,-9999
07/07/2019 09:15,CENTRAL EAST - VC,23330,2429.49,2660,-9999
07/07/2019 09:15,DYSINGER EAST,23326,1195.83,3150,-9999
07/07/2019 09:15,MOSES SOUTH,23319,1789.89,2850,-1600
07/07/2019 09:15,SCH - HQ - NY,23324,1150,1150,-500
07/07/2019 09:15,SCH - HQ_CEDARS,325274,190,190,-40
07/07/2019 09:15,SCH - HQ_IMPORT_EXPORT,325376,850,1310,-9999
07/07/2019 09:15,SCH - NE - NY,23318,-900.7,1400,-1600
07/07/2019 09:15,SCH - NPX_1385,325277,151,200,-200
07/07/2019 09:15,SCH - NPX_CSC,325154,330,330,-330
07/07/2019 09:15,SCH - OH - NY,23317,1395.86,1700,-1400
07/07/2019 09:15,SCH - PJ - NY,23316,517.46,2050,-1150
07/07/2019 09:15,SCH - PJM_HTP,325905,200,660,-660
07/07/2019 09:15,SCH - PJM_NEPTUNE,325305,610,660,-660
07/07/2019 09:15,SCH - PJM_VFT,325658,315,315,-315
07/07/2019 09:15,SPR/DUN-SOUTH,23320,3515.18,4350,-9999
07/07/2019 09:15,TOTAL EAST,23314,4801.47,6800,-9999
07/07/2019 09:15,UPNY CONED,23315,3226.25,4800,-9999
07/07/2019 09:15,WEST CENTRAL,23312,779.8,9999,-9999
07/07/2019 09:20,CENTRAL EAST - VC,23330,2416.04,2660,-9999
07/07/2019 09:20,DYSINGER EAST,23326,1196,3150,-9999
07/07/2019 09:20,MOSES SOUTH,23319,1780.63,2850,-1600
07/07/2019 09:20,SCH - HQ - NY,23324,1150,1150,-500
07/07/2019 09:20,SCH - HQ_CEDARS,325274,190,190,-40
07/07/2019 09:20,SCH - HQ_IMPORT_EXPORT,325376,850,1310,-9999
07/07/2019 09:20,SCH - NE - NY,23318,-913.08,1400,-1600
07/07/2019 09:20,SCH - NPX_1385,325277,151,200,-200
07/07/2019 09:20,SCH - NPX_CSC,325154,330,330,-330
07/07/2019 09:20,SCH - OH - NY,23317,1395.84,1700,-1400
07/07/2019 09:20,SCH - PJ - NY,23316,526.59,2050,-1150
07/07/2019 09:20,SCH - PJM_HTP,325905,200,660,-660
07/07/2019 09:20,SCH - PJM_NEPTUNE,325305,610,660,-660
07/07/2019 09:20,SCH - PJM_VFT,325658,315,315,-315
07/07/2019 09:20,SPR/DUN-SOUTH,23320,3542.21,4350,-9999
07/07/2019 09:20,TOTAL EAST,23314,4780.83,6800,-9999
07/07/2019 09:20,UPNY CONED,23315,3282.23,4800,-9999
07/07/2019 09:20,WEST CENTRAL,23312,779.83,9999,-9999
07/07/2019 09:25,CENTRAL EAST - VC,23330,2377.15,2660,-9999
07/07/2019 09:25,DYSINGER EAST,23326,1159.01,3150,-9999
07/07/2019 09:25,MOSES SOUTH,23319,1784.48,2850,-1600
07/07/2019 09:25,SCH - HQ - NY,23324,1150,1150,-500
07/07/2019 09:25,SCH - HQ_CEDARS,325274,190,190,-40
07/07/2019 09:25,SCH - HQ_IMPORT_EXPORT,325376,850,1310,-9999
07/07/2019 09:25,SCH - NE - NY,23318,-913.36,1400,-1600
07/07/2019 09:25,SCH - NPX_1385,325277,151,200,-200
07/07/2019 09:25,SCH - NPX_CSC,325154,330,330,-330
07/07/2019 09:25,SCH - OH - NY,23317,1395.83,1700,-1400
07/07/2019 09:25,SCH - PJ - NY,23316,528.87,2050,-1150
07/07/2019 09:25,SCH - PJM_HTP,325905,200,660,-660
07/07/2019 09:25,SCH - PJM_NEPTUNE,325305,610,660,-660
07/07/2019 09:25,SCH - PJM_VFT,325658,315,315,-315
07/07/2019 09:25,SPR/DUN-SOUTH,23320,3461.53,4350,-9999
07/07/2019 09:25,TOTAL EAST,23314,4760.89,6800,-9999
07/07/2019 09:25,UPNY CONED,23315,3238.03,4800,-9999
07/07/2019 09:25,WEST CENTRAL,23312,737.48,9999,-9999
07/07/2019 09:30,CENTRAL EAST - VC,23330,2348.87,2660,-9999
07/07/2019 09:30,DYSINGER EAST,23326,1115.32,3150,-9999
07/07/2019 09:30,MOSES SOUTH,23319,1789.21,2850,-1600
07/07/2019 09:30,SCH - HQ - NY,23324,1150,1150,-500
07/07/2019 09:30,SCH - HQ_CEDARS,325274,190,190,-40
07/07/2019 09:30,SCH - HQ_IMPORT_EXPORT,325376,850,1310,-9999
07/07/2019 09:30,SCH - NE - NY,23318,-900.91,1400,-1600
07/07/2019 09:30,SCH - NPX_1385,325277,151,200,-200
07/07/2019 09:30,SCH - NPX_CSC,325154,330,330,-330
07/07/2019 09:30,SCH - OH - NY,23317,1395.84,1700,-1400
07/07/2019 09:30,SCH - PJ - NY,23316,561.18,2050,-1150
07/07/2019 09:30,SCH - PJM_HTP,325905,200,660,-660
07/07/2019 09:30,SCH - PJM_NEPTUNE,325305,610,660,-660
07/07/2019 09:30,SCH - PJM_VFT,325658,315,315,-315
07/07/2019 09:30,SPR/DUN-SOUTH,23320,3325.94,4350,-9999
07/07/2019 09:30,TOTAL EAST,23314,4773.04,6800,-9999
07/07/2019 09:30,UPNY CONED,23315,3113.61,4800,-9999
07/07/2019 09:30,WEST CENTRAL,23312,691.5,9999,-9999
07/07/2019 09:35,CENTRAL EAST - VC,23330,2382.19,2660,-9999
07/07/2019 09:35,DYSINGER EAST,23326,1167.45,3150,-9999
07/07/2019 09:35,MOSES SOUTH,23319,1780.24,2850,-1600
07/07/2019 09:35,SCH - HQ - NY,23324,1150,1150,-500
07/07/2019 09:35,SCH - HQ_CEDARS,325274,190,190,-40
07/07/2019 09:35,SCH - HQ_IMPORT_EXPORT,325376,850,1310,-9999
07/07/2019 09:35,SCH - NE - NY,23318,-888.76,1400,-1600
07/07/2019 09:35,SCH - NPX_1385,325277,151,200,-200
07/07/2019 09:35,SCH - NPX_CSC,325154,330,330,-330
07/07/2019 09:35,SCH - OH - NY,23317,1395.78,1700,-1400
07/07/2019 09:35,SCH - PJ - NY,23316,594.18,2050,-1150
07/07/2019 09:35,SCH - PJM_HTP,325905,200,660,-660
07/07/2019 09:35,SCH - PJM_NEPTUNE,325305,610,660,-660
07/07/2019 09:35,SCH - PJM_VFT,325658,315,315,-315
07/07/2019 09:35,SPR/DUN-SOUTH,23320,3423.04,4350,-9999
07/07/2019 09:35,TOTAL EAST,23314,4783.26,6800,-9999
07/07/2019 09:35,UPNY CONED,23315,3232.68,4800,-9999
07/07/2019 09:35,WEST CENTRAL,23312,736.73,9999,-9999
07/07/2019 09:40,CENTRAL EAST - VC,23330,2380.78,2660,-9999
07/07/2019 09:40,DYSINGER EAST,23326,1140.24,3150,-9999
07/07/2019 09:40,MOSES SOUTH,23319,1788.38,2850,-1600
07/07/2019 09:40,SCH - HQ - NY,23324,1150,1150,-500
07/07/2019 09:40,SCH - HQ_CEDARS,325274,190,190,-40
07/07/2019 09:40,SCH - HQ_IMPORT_EXPORT,325376,850,1310,-9999
07/07/2019 09:40,SCH - NE - NY,23318,-888.49,1400,-1600
07/07/2019 09:40,SCH - NPX_1385,325277,151,200,-200
07/07/2019 09:40,SCH - NPX_CSC,325154,330,330,-330
07/07/2019 09:40,SCH - OH - NY,23317,1395.79,1700,-1400
07/07/2019 09:40,SCH - PJ - NY,23316,593.71,2050,-1150
07/07/2019 09:40,SCH - PJM_HTP,325905,200,660,-660
07/07/2019 09:40,SCH - PJM_NEPTUNE,325305,610,660,-660
07/07/2019 09:40,SCH - PJM_VFT,325658,315,315,-315
07/07/2019 09:40,SPR/DUN-SOUTH,23320,3427.9,4350,-9999
07/07/2019 09:40,TOTAL EAST,23314,4769.75,6800,-9999
07/07/2019 09:40,UPNY CONED,23315,3240.03,4800,-9999
07/07/2019 09:40,WEST CENTRAL,23312,706.04,9999,-9999
07/07/2019 09:45,CENTRAL EAST - VC,23330,2327.81,2660,-9999
07/07/2019 09:45,DYSINGER EAST,23326,1140.06,3150,-9999
07/07/2019 09:45,MOSES SOUTH,23319,1784.43,2850,-1600
07/07/2019 09:45,SCH - HQ - NY,23324,1150,1150,-500
07/07/2019 09:45,SCH - HQ_CEDARS,325274,190,190,-40
07/07/2019 09:45,SCH - HQ_IMPORT_EXPORT,325376,850,1310,-9999
07/07/2019 09:45,SCH - NE - NY,23318,-873.79,1400,-1600
07/07/2019 09:45,SCH - NPX_1385,325277,151,200,-200
07/07/2019 09:45,SCH - NPX_CSC,325154,330,330,-330
07/07/2019 09:45,SCH - OH - NY,23317,1395.82,1700,-1400
07/07/2019 09:45,SCH - PJ - NY,23316,551.04,2050,-1150
07/07/2019 09:45,SCH - PJM_HTP,325905,200,660,-660
07/07/2019 09:45,SCH - PJM_NEPTUNE,325305,631,660,-660
07/07/2019 09:45,SCH - PJM_VFT,325658,315,315,-315
07/07/2019 09:45,SPR/DUN-SOUTH,23320,3441.14,4350,-9999
07/07/2019 09:45,TOTAL EAST,23314,4684.22,6800,-9999
07/07/2019 09:45,UPNY CONED,23315,3243.45,4800,-9999
07/07/2019 09:45,WEST CENTRAL,23312,703.79,9999,-9999
07/07/2019 09:50,CENTRAL EAST - VC,23330,2287.33,2660,-9999
07/07/2019 09:50,DYSINGER EAST,23326,1104.44,3150,-9999
07/07/2019 09:50,MOSES SOUTH,23319,1785.7,2850,-1600
07/07/2019 09:50,SCH - HQ - NY,23324,1150,1150,-500
07/07/2019 09:50,SCH - HQ_CEDARS,325274,190,190,-40
07/07/2019 09:50,SCH - HQ_IMPORT_EXPORT,325376,850,1310,-9999
07/07/2019 09:50,SCH - NE - NY,23318,-859.65,1400,-1600
07/07/2019 09:50,SCH - NPX_1385,325277,151,200,-200
07/07/2019 09:50,SCH - NPX_CSC,325154,330,330,-330
07/07/2019 09:50,SCH - OH - NY,23317,1395.81,1700,-1400
07/07/2019 09:50,SCH - PJ - NY,23316,506.76,2050,-1150
07/07/2019 09:50,SCH - PJM_HTP,325905,200,660,-660
07/07/2019 09:50,SCH - PJM_NEPTUNE,325305,652,660,-660
07/07/2019 09:50,SCH - PJM_VFT,325658,315,315,-315
07/07/2019 09:50,SPR/DUN-SOUTH,23320,3495.74,4350,-9999
07/07/2019 09:50,TOTAL EAST,23314,4620.88,6800,-9999
07/07/2019 09:50,UPNY CONED,23315,3295.97,4800,-9999
07/07/2019 09:50,WEST CENTRAL,23312,667.85,9999,-9999
07/07/2019 09:55,CENTRAL EAST - VC,23330,2257.81,2660,-9999
07/07/2019 09:55,DYSINGER EAST,23326,1109.44,3150,-9999
07/07/2019 09:55,MOSES SOUTH,23319,1782.7,2850,-1600
07/07/2019 09:55,SCH - HQ - NY,23324,1150,1150,-500
07/07/2019 09:55,SCH - HQ_CEDARS,325274,190,190,-40
07/07/2019 09:55,SCH - HQ_IMPORT_EXPORT,325376,850,1310,-9999
07/07/2019 09:55,SCH - NE - NY,23318,-859.77,1400,-1600
07/07/2019 09:55,SCH - NPX_1385,325277,151,200,-200
07/07/2019 09:55,SCH - NPX_CSC,325154,330,330,-330
07/07/2019 09:55,SCH - OH - NY,23317,1395.8,1700,-1400
07/07/2019 09:55,SCH - PJ - NY,23316,505.86,2050,-1150
07/07/2019 09:55,SCH - PJM_HTP,325905,200,660,-660
07/07/2019 09:55,SCH - PJM_NEPTUNE,325305,652,660,-660
07/07/2019 09:55,SCH - PJM_VFT,325658,315,315,-315
07/07/2019 09:55,SPR/DUN-SOUTH,23320,3504,4350,-9999
07/07/2019 09:55,TOTAL EAST,23314,4583.65,6800,-9999
07/07/2019 09:55,UPNY CONED,23315,3321.59,4800,-9999
07/07/2019 09:55,WEST CENTRAL,23312,670.57,9999,-9999
07/07/2019 10:00,CENTRAL EAST - VC,23330,2211.95,2660,-9999
07/07/2019 10:00,DYSINGER EAST,23326,1062.63,3150,-9999
07/07/2019 10:00,MOSES SOUTH,23319,1798.36,2850,-1600
07/07/2019 10:00,SCH - HQ - NY,23324,1150,1150,-500
07/07/2019 10:00,SCH - HQ_CEDARS,325274,190,190,-40
07/07/2019 10:00,SCH - HQ_IMPORT_EXPORT,325376,850,1310,-9999
07/07/2019 10:00,SCH - NE - NY,23318,-825.03,1400,-1600
07/07/2019 10:00,SCH - NPX_1385,325277,151,200,-200
07/07/2019 10:00,SCH - NPX_CSC,325154,330,330,-330
07/07/2019 10:00,SCH - OH - NY,23317,1395.86,1700,-1400
07/07/2019 10:00,SCH - PJ - NY,23316,527.03,2050,-1150
07/07/2019 10:00,SCH - PJM_HTP,325905,200,660,-660
07/07/2019 10:00,SCH - PJM_NEPTUNE,325305,656,660,-660
07/07/2019 10:00,SCH - PJM_VFT,325658,315,315,-315
07/07/2019 10:00,SPR/DUN-SOUTH,23320,3299.96,4350,-9999
07/07/2019 10:00,TOTAL EAST,23314,4381.33,6800,-9999
07/07/2019 10:00,UPNY CONED,23315,3107.92,4800,-9999
07/07/2019 10:00,WEST CENTRAL,23312,619.7,9999,-9999
07/07/2019 10:05,CENTRAL EAST - VC,23330,2313.79,2660,-9999
07/07/2019 10:05,DYSINGER EAST,23326,1160.02,3150,-9999
07/07/2019 10:05,MOSES SOUTH,23319,1801.81,2850,-1600
07/07/2019 10:05,SCH - HQ - NY,23324,1150,1150,-500
07/07/2019 10:05,SCH - HQ_CEDARS,325274,190,190,-40
07/07/2019 10:05,SCH - HQ_IMPORT_EXPORT,325376,850,1310,-9999
07/07/2019 10:05,SCH - NE - NY,23318,-790.13,1400,-1600
07/07/2019 10:05,SCH - NPX_1385,325277,151,200,-200
07/07/2019 10:05,SCH - NPX_CSC,325154,330,330,-330
07/07/2019 10:05,SCH - OH - NY,23317,1395.87,1700,-1400
07/07/2019 10:05,SCH - PJ - NY,23316,550.44,2050,-1150
07/07/2019 10:05,SCH - PJM_HTP,325905,200,660,-660
07/07/2019 10:05,SCH - PJM_NEPTUNE,325305,660,660,-660
07/07/2019 10:05,SCH - PJM_VFT,325658,315,315,-315
07/07/2019 10:05,SPR/DUN-SOUTH,23320,3387.8,4350,-9999
07/07/2019 10:05,TOTAL EAST,23314,4567.38,6800,-9999
07/07/2019 10:05,UPNY CONED,23315,3237.95,4800,-9999
07/07/2019 10:05,WEST CENTRAL,23312,712.36,9999,-9999
07/07/2019 10:10,CENTRAL EAST - VC,23330,2292.66,2660,-9999
07/07/2019 10:10,DYSINGER EAST,23326,1178.05,3150,-9999
07/07/2019 10:10,MOSES SOUTH,23319,1807.69,2850,-1600
07/07/2019 10:10,SCH - HQ - NY,23324,1150,1150,-500
07/07/2019 10:10,SCH - HQ_CEDARS,325274,190,190,-40
07/07/2019 10:10,SCH - HQ_IMPORT_EXPORT,325376,850,1310,-9999
07/07/2019 10:10,SCH - NE - NY,23318,-790.13,1400,-1600
07/07/2019 10:10,SCH - NPX_1385,325277,151,200,-200
07/07/2019 10:10,SCH - NPX_CSC,325154,330,330,-330
07/07/2019 10:10,SCH - OH - NY,23317,1395.88,1700,-1400
07/07/2019 10:10,SCH - PJ - NY,23316,549.41,2050,-1150
07/07/2019 10:10,SCH - PJM_HTP,325905,200,660,-660
07/07/2019 10:10,SCH - PJM_NEPTUNE,325305,660,660,-660
07/07/2019 10:10,SCH - PJM_VFT,325658,315,315,-315
07/07/2019 10:10,SPR/DUN-SOUTH,23320,3413.13,4350,-9999
07/07/2019 10:10,TOTAL EAST,23314,4525.81,6800,-9999
07/07/2019 10:10,UPNY CONED,23315,3299.1,4800,-9999
07/07/2019 10:10,WEST CENTRAL,23312,725.43,9999,-9999
07/07/2019 10:15,CENTRAL EAST - VC,23330,2289.96,2660,-9999
07/07/2019 10:15,DYSINGER EAST,23326,1224.64,3150,-9999
07/07/2019 10:15,MOSES SOUTH,23319,1808.62,2850,-1600
07/07/2019 10:15,SCH - HQ - NY,23324,1150,1150,-500
07/07/2019 10:15,SCH - HQ_CEDARS,325274,190,190,-40
07/07/2019 10:15,SCH - HQ_IMPORT_EXPORT,325376,850,1310,-9999
07/07/2019 10:15,SCH - NE - NY,23318,-705.62,1400,-1600
07/07/2019 10:15,SCH - NPX_1385,325277,151,200,-200
07/07/2019 10:15,SCH - NPX_CSC,325154,330,330,-330
07/07/2019 10:15,SCH - OH - NY,23317,1395.88,1700,-1400
07/07/2019 10:15,SCH - PJ - NY,23316,565.24,2050,-1150
07/07/2019 10:15,SCH - PJM_HTP,325905,200,660,-660
07/07/2019 10:15,SCH - PJM_NEPTUNE,325305,660,660,-660
07/07/2019 10:15,SCH - PJM_VFT,325658,315,315,-315
07/07/2019 10:15,SPR/DUN-SOUTH,23320,3405.89,4350,-9999
07/07/2019 10:15,TOTAL EAST,23314,4483.82,6800,-9999
07/07/2019 10:15,UPNY CONED,23315,3305.28,4800,-9999
07/07/2019 10:15,WEST CENTRAL,23312,769.08,9999,-9999
07/07/2019 10:20,CENTRAL EAST - VC,23330,2273.63,2660,-9999
07/07/2019 10:20,DYSINGER EAST,23326,1178.94,3150,-9999
07/07/2019 10:20,MOSES SOUTH,23319,1811.08,2850,-1600
07/07/2019 10:20,SCH - HQ - NY,23324,1150,1150,-500
07/07/2019 10:20,SCH - HQ_CEDARS,325274,190,190,-40
07/07/2019 10:20,SCH - HQ_IMPORT_EXPORT,325376,850,1310,-9999
07/07/2019 10:20,SCH - NE - NY,23318,-621,1400,-1600
07/07/2019 10:20,SCH - NPX_1385,325277,151,200,-200
07/07/2019 10:20,SCH - NPX_CSC,325154,330,330,-330
07/07/2019 10:20,SCH - OH - NY,23317,1395.87,1700,-1400
07/07/2019 10:20,SCH - PJ - NY,23316,587.45,2050,-1150
07/07/2019 10:20,SCH - PJM_HTP,325905,200,660,-660
07/07/2019 10:20,SCH - PJM_NEPTUNE,325305,660,660,-660
07/07/2019 10:20,SCH - PJM_VFT,325658,315,315,-315
07/07/2019 10:20,SPR/DUN-SOUTH,23320,3387.78,4350,-9999
07/07/2019 10:20,TOTAL EAST,23314,4483.29,6800,-9999
07/07/2019 10:20,UPNY CONED,23315,3302.45,4800,-9999
07/07/2019 10:20,WEST CENTRAL,23312,720.92,9999,-9999
07/07/2019 10:25,CENTRAL EAST - VC,23330,2234.57,2660,-9999
07/07/2019 10:25,DYSINGER EAST,23326,1166.95,3150,-9999
07/07/2019 10:25,MOSES SOUTH,23319,1815.92,2850,-1600
07/07/2019 10:25,SCH - HQ - NY,23324,1150,1150,-500
07/07/2019 10:25,SCH - HQ_CEDARS,325274,190,190,-40
07/07/2019 10:25,SCH - HQ_IMPORT_EXPORT,325376,850,1310,-9999
07/07/2019 10:25,SCH - NE - NY,23318,-621.16,1400,-1600
07/07/2019 10:25,SCH - NPX_1385,325277,151,200,-200
07/07/2019 10:25,SCH - NPX_CSC,325154,330,330,-330
07/07/2019 10:25,SCH - OH - NY,23317,1395.88,1700,-1400
07/07/2019 10:25,SCH - PJ - NY,23316,588.55,2050,-1150
07/07/2019 10:25,SCH - PJM_HTP,325905,200,660,-660
07/07/2019 10:25,SCH - PJM_NEPTUNE,325305,660,660,-660
07/07/2019 10:25,SCH - PJM_VFT,325658,315,315,-315
07/07/2019 10:25,SPR/DUN-SOUTH,23320,3346.93,4350,-9999
07/07/2019 10:25,TOTAL EAST,23314,4433.28,6800,-9999
07/07/2019 10:25,UPNY CONED,23315,3263.59,4800,-9999
07/07/2019 10:25,WEST CENTRAL,23312,704.08,9999,-9999
07/07/2019 10:30,CENTRAL EAST - VC,23330,2241.9,2660,-9999
07/07/2019 10:30,DYSINGER EAST,23326,1177.12,3150,-9999
07/07/2019 10:30,MOSES SOUTH,23319,1805.98,2850,-1600
07/07/2019 10:30,SCH - HQ - NY,23324,1150,1150,-500
07/07/2019 10:30,SCH - HQ_CEDARS,325274,190,190,-40
07/07/2019 10:30,SCH - HQ_IMPORT_EXPORT,325376,850,1310,-9999
07/07/2019 10:30,SCH - NE - NY,23318,-630.99,1400,-1600
07/07/2019 10:30,SCH - NPX_1385,325277,151,200,-200
07/07/2019 10:30,SCH - NPX_CSC,325154,330,330,-330
07/07/2019 10:30,SCH - OH - NY,23317,1395.84,1700,-1400
07/07/2019 10:30,SCH - PJ - NY,23316,568.11,2050,-1150
07/07/2019 10:30,SCH - PJM_HTP,325905,200,660,-660
07/07/2019 10:30,SCH - PJM_NEPTUNE,325305,660,660,-660
07/07/2019 10:30,SCH - PJM_VFT,325658,315,315,-315
07/07/2019 10:30,SPR/DUN-SOUTH,23320,3390.5,4350,-9999
07/07/2019 10:30,TOTAL EAST,23314,4443.34,6800,-9999
07/07/2019 10:30,UPNY CONED,23315,3315.94,4800,-9999
07/07/2019 10:30,WEST CENTRAL,23312,709.18,9999,-9999
07/07/2019 10:35,CENTRAL EAST - VC,23330,2213.67,2660,-9999
07/07/2019 10:35,DYSINGER EAST,23326,1127.97,3150,-9999
07/07/2019 10:35,MOSES SOUTH,23319,1816.13,2850,-1600
07/07/2019 10:35,SCH - HQ - NY,23324,1150,1150,-500
07/07/2019 10:35,SCH - HQ_CEDARS,325274,190,190,-40
07/07/2019 10:35,SCH - HQ_IMPORT_EXPORT,325376,850,1310,-9999
07/07/2019 10:35,SCH - NE - NY,23318,-640.89,1400,-1600
07/07/2019 10:35,SCH - NPX_1385,325277,151,200,-200
07/07/2019 10:35,SCH - NPX_CSC,325154,330,330,-330
07/07/2019 10:35,SCH - OH - NY,23317,1395.88,1700,-1400
07/07/2019 10:35,SCH - PJ - NY,23316,555.86,2050,-1150
07/07/2019 10:35,SCH - PJM_HTP,325905,200,660,-660
07/07/2019 10:35,SCH - PJM_NEPTUNE,325305,660,660,-660
07/07/2019 10:35,SCH - PJM_VFT,325658,315,315,-315
07/07/2019 10:35,SPR/DUN-SOUTH,23320,3402.34,4350,-9999
07/07/2019 10:35,TOTAL EAST,23314,4455.12,6800,-9999
07/07/2019 10:35,UPNY CONED,23315,3333.54,4800,-9999
07/07/2019 10:35,WEST CENTRAL,23312,656.86,9999,-9999
07/07/2019 10:40,CENTRAL EAST - VC,23330,2297.99,2660,-9999
07/07/2019 10:40,DYSINGER EAST,23326,1256.27,3150,-9999
07/07/2019 10:40,MOSES SOUTH,23319,1823,2850,-1600
07/07/2019 10:40,SCH - HQ - NY,23324,1150,1150,-500
07/07/2019 10:40,SCH - HQ_CEDARS,325274,190,190,-40
07/07/2019 10:40,SCH - HQ_IMPORT_EXPORT,325376,850,1310,-9999
07/07/2019 10:40,SCH - NE - NY,23318,-640.53,1400,-1600
07/07/2019 10:40,SCH - NPX_1385,325277,151,200,-200
07/07/2019 10:40,SCH - NPX_CSC,325154,330,330,-330
07/07/2019 10:40,SCH - OH - NY,23317,1395.88,1700,-1400
07/07/2019 10:40,SCH - PJ - NY,23316,549.54,2050,-1150
07/07/2019 10:40,SCH - PJM_HTP,325905,200,660,-660
07/07/2019 10:40,SCH - PJM_NEPTUNE,325305,660,660,-660
07/07/2019 10:40,SCH - PJM_VFT,325658,315,315,-315
07/07/2019 10:40,SPR/DUN-SOUTH,23320,3536.69,4350,-9999
07/07/2019 10:40,TOTAL EAST,23314,4516.83,6800,-9999
07/07/2019 10:40,UPNY CONED,23315,3473.53,4800,-9999
07/07/2019 10:40,WEST CENTRAL,23312,779.89,9999,-9999
07/07/2019 10:45,CENTRAL EAST - VC,23330,2356.22,2660,-9999
07/07/2019 10:45,DYSINGER EAST,23326,1366.09,3150,-9999
07/07/2019 10:45,MOSES SOUTH,23319,1811.98,2850,-1600
07/07/2019 10:45,SCH - HQ - NY,23324,1150,1150,-500
07/07/2019 10:45,SCH - HQ_CEDARS,325274,190,190,-40
07/07/2019 10:45,SCH - HQ_IMPORT_EXPORT,325376,850,1310,-9999
07/07/2019 10:45,SCH - NE - NY,23318,-640.31,1400,-1600
07/07/2019 10:45,SCH - NPX_1385,325277,151,200,-200
07/07/2019 10:45,SCH - NPX_CSC,325154,330,330,-330
07/07/2019 10:45,SCH - OH - NY,23317,1395.86,1700,-1400
07/07/2019 10:45,SCH - PJ - NY,23316,548.66,2050,-1150
07/07/2019 10:45,SCH - PJM_HTP,325905,200,660,-660
07/07/2019 10:45,SCH - PJM_NEPTUNE,325305,660,660,-660
07/07/2019 10:45,SCH - PJM_VFT,325658,315,315,-315
07/07/2019 10:45,SPR/DUN-SOUTH,23320,3618.82,4350,-9999
07/07/2019 10:45,TOTAL EAST,23314,4595.16,6800,-9999
07/07/2019 10:45,UPNY CONED,23315,3561.71,4800,-9999
07/07/2019 10:45,WEST CENTRAL,23312,886.22,9999,-9999
07/07/2019 10:50,CENTRAL EAST - VC,23330,2348.19,2660,-9999
07/07/2019 10:50,DYSINGER EAST,23326,1342.17,3150,-9999
07/07/2019 10:50,MOSES SOUTH,23319,1820.02,2850,-1600
07/07/2019 10:50,SCH - HQ - NY,23324,1150,1150,-500
07/07/2019 10:50,SCH - HQ_CEDARS,325274,190,190,-40
07/07/2019 10:50,SCH - HQ_IMPORT_EXPORT,325376,850,1310,-9999
07/07/2019 10:50,SCH - NE - NY,23318,-640.39,1400,-1600
07/07/2019 10:50,SCH - NPX_1385,325277,151,200,-200
07/07/2019 10:50,SCH - NPX_CSC,325154,330,330,-330
07/07/2019 10:50,SCH - OH - NY,23317,1395.89,1700,-1400
07/07/2019 10:50,SCH - PJ - NY,23316,549.65,2050,-1150
07/07/2019 10:50,SCH - PJM_HTP,325905,200,660,-660
07/07/2019 10:50,SCH - PJM_NEPTUNE,325305,660,660,-660
07/07/2019 10:50,SCH - PJM_VFT,325658,315,315,-315
07/07/2019 10:50,SPR/DUN-SOUTH,23320,3596.41,4350,-9999
07/07/2019 10:50,TOTAL EAST,23314,4587.89,6800,-9999
07/07/2019 10:50,UPNY CONED,23315,3546.85,4800,-9999
07/07/2019 10:50,WEST CENTRAL,23312,861.78,9999,-9999
07/07/2019 10:55,CENTRAL EAST - VC,23330,2347.94,2660,-9999
07/07/2019 10:55,DYSINGER EAST,23326,1326.46,3150,-9999
07/07/2019 10:55,MOSES SOUTH,23319,1827.67,2850,-1600
07/07/2019 10:55,SCH - HQ - NY,23324,1150,1150,-500
07/07/2019 10:55,SCH - HQ_CEDARS,325274,190,190,-40
07/07/2019 10:55,SCH - HQ_IMPORT_EXPORT,325376,850,1310,-9999
07/07/2019 10:55,SCH - NE - NY,23318,-640.42,1400,-1600
07/07/2019 10:55,SCH - NPX_1385,325277,151,200,-200
07/07/2019 10:55,SCH - NPX_CSC,325154,330,330,-330
07/07/2019 10:55,SCH - OH - NY,23317,1395.9,1700,-1400
07/07/2019 10:55,SCH - PJ - NY,23316,550.66,2050,-1150
07/07/2019 10:55,SCH - PJM_HTP,325905,200,660,-660
07/07/2019 10:55,SCH - PJM_NEPTUNE,325305,660,660,-660
07/07/2019 10:55,SCH - PJM_VFT,325658,315,315,-315
07/07/2019 10:55,SPR/DUN-SOUTH,23320,3586.35,4350,-9999
07/07/2019 10:55,TOTAL EAST,23314,4597.81,6800,-9999
07/07/2019 10:55,UPNY CONED,23315,3541.62,4800,-9999
07/07/2019 10:55,WEST CENTRAL,23312,846.19,9999,-9999
07/07/2019 11:00,CENTRAL EAST - VC,23330,2227.83,2660,-9999
07/07/2019 11:00,DYSINGER EAST,23326,1164.81,3150,-9999
07/07/2019 11:00,MOSES SOUTH,23319,1830.57,2850,-1600
07/07/2019 11:00,SCH - HQ - NY,23324,1150,1150,-500
07/07/2019 11:00,SCH - HQ_CEDARS,325274,190,190,-40
07/07/2019 11:00,SCH - HQ_IMPORT_EXPORT,325376,850,1310,-9999
07/07/2019 11:00,SCH - NE - NY,23318,-728.48,1400,-1600
07/07/2019 11:00,SCH - NPX_1385,325277,175,200,-200
07/07/2019 11:00,SCH - NPX_CSC,325154,330,330,-330
07/07/2019 11:00,SCH - OH - NY,23317,1395.9,1700,-1400
07/07/2019 11:00,SCH - PJ - NY,23316,656.07,2050,-1150
07/07/2019 11:00,SCH - PJM_HTP,325905,200,660,-660
07/07/2019 11:00,SCH - PJM_NEPTUNE,325305,660,660,-660
07/07/2019 11:00,SCH - PJM_VFT,325658,315,315,-315
07/07/2019 11:00,SPR/DUN-SOUTH,23320,3383.21,4350,-9999
07/07/2019 11:00,TOTAL EAST,23314,4511.2,6800,-9999
07/07/2019 11:00,UPNY CONED,23315,3317.05,4800,-9999
07/07/2019 11:00,WEST CENTRAL,23312,687.94,9999,-9999
07/07/2019 11:05,CENTRAL EAST - VC,23330,2245.1,2660,-9999
07/07/2019 11:05,DYSINGER EAST,23326,1165.33,3150,-9999
07/07/2019 11:05,MOSES SOUTH,23319,1816.26,2850,-1600
07/07/2019 11:05,SCH - HQ - NY,23324,1150,1150,-500
07/07/2019 11:05,SCH - HQ_CEDARS,325274,190,190,-40
07/07/2019 11:05,SCH - HQ_IMPORT_EXPORT,325376,850,1310,-9999
07/07/2019 11:05,SCH - NE - NY,23318,-816.94,1400,-1600
07/07/2019 11:05,SCH - NPX_1385,325277,200,200,-200
07/07/2019 11:05,SCH - NPX_CSC,325154,330,330,-330
07/07/2019 11:05,SCH - OH - NY,23317,1395.88,1700,-1400
07/07/2019 11:05,SCH - PJ - NY,23316,747.46,2050,-1150
07/07/2019 11:05,SCH - PJM_HTP,325905,200,660,-660
07/07/2019 11:05,SCH - PJM_NEPTUNE,325305,660,660,-660
07/07/2019 11:05,SCH - PJM_VFT,325658,315,315,-315
07/07/2019 11:05,SPR/DUN-SOUTH,23320,3334.49,4350,-9999
07/07/2019 11:05,TOTAL EAST,23314,4564.46,6800,-9999
07/07/2019 11:05,UPNY CONED,23315,3259.14,4800,-9999
07/07/2019 11:05,WEST CENTRAL,23312,683.34,9999,-9999
07/07/2019 11:10,CENTRAL EAST - VC,23330,2214.78,2660,-9999
07/07/2019 11:10,DYSINGER EAST,23326,1182.05,3150,-9999
07/07/2019 11:10,MOSES SOUTH,23319,1834.99,2850,-1600
07/07/2019 11:10,SCH - HQ - NY,23324,1150,1150,-500
07/07/2019 11:10,SCH - HQ_CEDARS,325274,190,190,-40
07/07/2019 11:10,SCH - HQ_IMPORT_EXPORT,325376,850,1310,-9999
07/07/2019 11:10,SCH - NE - NY,23318,-816.61,1400,-1600
07/07/2019 11:10,SCH - NPX_1385,325277,200,200,-200
07/07/2019 11:10,SCH - NPX_CSC,325154,330,330,-330
07/07/2019 11:10,SCH - OH - NY,23317,1395.89,1700,-1400
07/07/2019 11:10,SCH - PJ - NY,23316,745.93,2050,-1150
07/07/2019 11:10,SCH - PJM_HTP,325905,200,660,-660
07/07/2019 11:10,SCH - PJM_NEPTUNE,325305,660,660,-660
07/07/2019 11:10,SCH - PJM_VFT,325658,315,315,-315
07/07/2019 11:10,SPR/DUN-SOUTH,23320,3256.1,4350,-9999
07/07/2019 11:10,TOTAL EAST,23314,4485.57,6800,-9999
07/07/2019 11:10,UPNY CONED,23315,3167.42,4800,-9999
07/07/2019 11:10,WEST CENTRAL,23312,692.14,9999,-9999
07/07/2019 11:15,CENTRAL EAST - VC,23330,2300.62,2690,-9999
07/07/2019 11:15,DYSINGER EAST,23326,1234.56,3150,-9999
07/07/2019 11:15,MOSES SOUTH,23319,1832.93,2850,-1600
07/07/2019 11:15,SCH - HQ - NY,23324,1150,1150,-500
07/07/2019 11:15,SCH - HQ_CEDARS,325274,190,190,-40
07/07/2019 11:15,SCH - HQ_IMPORT_EXPORT,325376,850,1310,-9999
07/07/2019 11:15,SCH - NE - NY,23318,-748.06,1400,-1600
07/07/2019 11:15,SCH - NPX_1385,325277,200,200,-200
07/07/2019 11:15,SCH - NPX_CSC,325154,330,330,-330
07/07/2019 11:15,SCH - OH - NY,23317,1395.89,1700,-1400
07/07/2019 11:15,SCH - PJ - NY,23316,747.82,2050,-1150
07/07/2019 11:15,SCH - PJM_HTP,325905,200,660,-660
07/07/2019 11:15,SCH - PJM_NEPTUNE,325305,660,660,-660
07/07/2019 11:15,SCH - PJM_VFT,325658,315,315,-315
07/07/2019 11:15,SPR/DUN-SOUTH,23320,3360.06,4350,-9999
07/07/2019 11:15,TOTAL EAST,23314,4611.75,6800,-9999
07/07/2019 11:15,UPNY CONED,23315,3303.56,4800,-9999
07/07/2019 11:15,WEST CENTRAL,23312,741.48,9999,-9999
07/07/2019 11:20,CENTRAL EAST - VC,23330,2289.68,2690,-9999
07/07/2019 11:20,DYSINGER EAST,23326,1176.83,3150,-9999
07/07/2019 11:20,MOSES SOUTH,23319,1827.47,2850,-1600
07/07/2019 11:20,SCH - HQ - NY,23324,1150,1150,-500
07/07/2019 11:20,SCH - HQ_CEDARS,325274,190,190,-40
07/07/2019 11:20,SCH - HQ_IMPORT_EXPORT,325376,850,1310,-9999
07/07/2019 11:20,SCH - NE - NY,23318,-679.71,1400,-1600
07/07/2019 11:20,SCH - NPX_1385,325277,200,200,-200
07/07/2019 11:20,SCH - NPX_CSC,325154,330,330,-330
07/07/2019 11:20,SCH - OH - NY,23317,1395.9,1700,-1400
07/07/2019 11:20,SCH - PJ - NY,23316,748.71,2050,-1150
07/07/2019 11:20,SCH - PJM_HTP,325905,200,660,-660
07/07/2019 11:20,SCH - PJM_NEPTUNE,325305,660,660,-660
07/07/2019 11:20,SCH - PJM_VFT,325658,315,315,-315
07/07/2019 11:20,SPR/DUN-SOUTH,23320,3340.38,4350,-9999
07/07/2019 11:20,TOTAL EAST,23314,4587.13,6800,-9999
07/07/2019 11:20,UPNY CONED,23315,3326.21,4800,-9999
07/07/2019 11:20,WEST CENTRAL,23312,677.82,9999,-9999
07/07/2019 11:25,CENTRAL EAST - VC,23330,2289.33,2690,-9999
07/07/2019 11:25,DYSINGER EAST,23326,1172.43,3150,-9999
07/07/2019 11:25,MOSES SOUTH,23319,1840.82,2850,-1600
07/07/2019 11:25,SCH - HQ - NY,23324,1150,1150,-500
07/07/2019 11:25,SCH - HQ_CEDARS,325274,190,190,-40
07/07/2019 11:25,SCH - HQ_IMPORT_EXPORT,325376,850,1310,-9999
07/07/2019 11:25,SCH - NE - NY,23318,-679.76,1400,-1600
07/07/2019 11:25,SCH - NPX_1385,325277,200,200,-200
07/07/2019 11:25,SCH - NPX_CSC,325154,330,330,-330
07/07/2019 11:25,SCH - OH - NY,23317,1395.91,1700,-1400
07/07/2019 11:25,SCH - PJ - NY,23316,747.63,2050,-1150
07/07/2019 11:25,SCH - PJM_HTP,325905,200,660,-660
07/07/2019 11:25,SCH - PJM_NEPTUNE,325305,660,660,-660
07/07/2019 11:25,SCH - PJM_VFT,325658,315,315,-315
07/07/2019 11:25,SPR/DUN-SOUTH,23320,3322.82,4350,-9999
07/07/2019 11:25,TOTAL EAST,23314,4600.88,6800,-9999
07/07/2019 11:25,UPNY CONED,23315,3326.09,4800,-9999
07/07/2019 11:25,WEST CENTRAL,23312,672.33,9999,-9999
07/07/2019 11:30,CENTRAL EAST - VC,23330,2306.75,2690,-9999
07/07/2019 11:30,DYSINGER EAST,23326,1183.53,3150,-9999
07/07/2019 11:30,MOSES SOUTH,23319,1849.24,2850,-1600
07/07/2019 11:30,SCH - HQ - NY,23324,1150,1150,-500
07/07/2019 11:30,SCH - HQ_CEDARS,325274,190,190,-40
07/07/2019 11:30,SCH - HQ_IMPORT_EXPORT,325376,850,1310,-9999
07/07/2019 11:30,SCH - NE - NY,23318,-545.15,1400,-1600
07/07/2019 11:30,SCH - NPX_1385,325277,200,200,-200
07/07/2019 11:30,SCH - NPX_CSC,325154,330,330,-330
07/07/2019 11:30,SCH - OH - NY,23317,1395.92,1700,-1400
07/07/2019 11:30,SCH - PJ - NY,23316,748.19,2050,-1150
07/07/2019 11:30,SCH - PJM_HTP,325905,200,660,-660
07/07/2019 11:30,SCH - PJM_NEPTUNE,325305,660,660,-660
07/07/2019 11:30,SCH - PJM_VFT,325658,315,315,-315
07/07/2019 11:30,SPR/DUN-SOUTH,23320,3334.19,4350,-9999
07/07/2019 11:30,TOTAL EAST,23314,4595.29,6800,-9999
07/07/2019 11:30,UPNY CONED,23315,3344.39,4800,-9999
07/07/2019 11:30,WEST CENTRAL,23312,680.3,9999,-9999
07/07/2019 11:35,CENTRAL EAST - VC,23330,2288.27,2690,-9999
07/07/2019 11:35,DYSINGER EAST,23326,1171.64,3150,-9999
07/07/2019 11:35,MOSES SOUTH,23319,1847.78,2850,-1600
07/07/2019 11:35,SCH - HQ - NY,23324,1150,1150,-500
07/07/2019 11:35,SCH - HQ_CEDARS,325274,190,190,-40
07/07/2019 11:35,SCH - HQ_IMPORT_EXPORT,325376,850,1310,-9999
07/07/2019 11:35,SCH - NE - NY,23318,-410.94,1400,-1600
07/07/2019 11:35,SCH - NPX_1385,325277,200,200,-200
07/07/2019 11:35,SCH - NPX_CSC,325154,330,330,-330
07/07/2019 11:35,SCH - OH - NY,23317,1395.91,1700,-1400
07/07/2019 11:35,SCH - PJ - NY,23316,749.15,2050,-1150
07/07/2019 11:35,SCH - PJM_HTP,325905,200,660,-660
07/07/2019 11:35,SCH - PJM_NEPTUNE,325305,660,660,-660
07/07/2019 11:35,SCH - PJM_VFT,325658,315,315,-315
07/07/2019 11:35,SPR/DUN-SOUTH,23320,3426.59,4350,-9999
07/07/2019 11:35,TOTAL EAST,23314,4589.37,6800,-9999
07/07/2019 11:35,UPNY CONED,23315,3439.49,4800,-9999
07/07/2019 11:35,WEST CENTRAL,23312,666.6,9999,-9999
07/07/2019 11:40,CENTRAL EAST - VC,23330,2329.59,2690,-9999
07/07/2019 11:40,DYSINGER EAST,23326,1200.48,3150,-9999
07/07/2019 11:40,MOSES SOUTH,23319,1863.21,2850,-1600
07/07/2019 11:40,SCH - HQ - NY,23324,1150,1150,-500
07/07/2019 11:40,SCH - HQ_CEDARS,325274,190,190,-40
07/07/2019 11:40,SCH - HQ_IMPORT_EXPORT,325376,850,1310,-9999
07/07/2019 11:40,SCH - NE - NY,23318,-410.89,1400,-1600
07/07/2019 11:40,SCH - NPX_1385,325277,200,200,-200
07/07/2019 11:40,SCH - NPX_CSC,325154,330,330,-330
07/07/2019 11:40,SCH - OH - NY,23317,1395.91,1700,-1400
07/07/2019 11:40,SCH - PJ - NY,23316,748.33,2050,-1150
07/07/2019 11:40,SCH - PJM_HTP,325905,200,660,-660
07/07/2019 11:40,SCH - PJM_NEPTUNE,325305,660,660,-660
07/07/2019 11:40,SCH - PJM_VFT,325658,315,315,-315
07/07/2019 11:40,SPR/DUN-SOUTH,23320,3466.59,4350,-9999
07/07/2019 11:40,TOTAL EAST,23314,4608.17,6800,-9999
07/07/2019 11:40,UPNY CONED,23315,3487.66,4800,-9999
07/07/2019 11:40,WEST CENTRAL,23312,693.96,9999,-9999
07/07/2019 11:45,CENTRAL EAST - VC,23330,2320.37,2690,-9999
07/07/2019 11:45,DYSINGER EAST,23326,1198.75,3150,-9999
07/07/2019 11:45,MOSES SOUTH,23319,1869.84,2850,-1600
07/07/2019 11:45,SCH - HQ - NY,23324,1150,1150,-500
07/07/2019 11:45,SCH - HQ_CEDARS,325274,190,190,-40
07/07/2019 11:45,SCH - HQ_IMPORT_EXPORT,325376,850,1310,-9999
07/07/2019 11:45,SCH - NE - NY,23318,-540.25,1400,-1600
07/07/2019 11:45,SCH - NPX_1385,325277,200,200,-200
07/07/2019 11:45,SCH - NPX_CSC,325154,330,330,-330
07/07/2019 11:45,SCH - OH - NY,23317,1395.92,1700,-1400
07/07/2019 11:45,SCH - PJ - NY,23316,744.39,2050,-1150
07/07/2019 11:45,SCH - PJM_HTP,325905,200,660,-660
07/07/2019 11:45,SCH - PJM_NEPTUNE,325305,660,660,-660
07/07/2019 11:45,SCH - PJM_VFT,325658,315,315,-315
07/07/2019 11:45,SPR/DUN-SOUTH,23320,3443.37,4350,-9999
07/07/2019 11:45,TOTAL EAST,23314,4623.18,6800,-9999
07/07/2019 11:45,UPNY CONED,23315,3468.98,4800,-9999
07/07/2019 11:45,WEST CENTRAL,23312,691.22,9999,-9999
07/07/2019 11:50,CENTRAL EAST - VC,23330,2412.44,2690,-9999
07/07/2019 11:50,DYSINGER EAST,23326,1316.03,3150,-9999
07/07/2019 11:50,MOSES SOUTH,23319,1846.36,2850,-1600
07/07/2019 11:50,SCH - HQ - NY,23324,1150,1150,-500
07/07/2019 11:50,SCH - HQ_CEDARS,325274,190,190,-40
07/07/2019 11:50,SCH - HQ_IMPORT_EXPORT,325376,850,1310,-9999
07/07/2019 11:50,SCH - NE - NY,23318,-669.08,1400,-1600
07/07/2019 11:50,SCH - NPX_1385,325277,200,200,-200
07/07/2019 11:50,SCH - NPX_CSC,325154,330,330,-330
07/07/2019 11:50,SCH - OH - NY,23317,1395.9,1700,-1400
07/07/2019 11:50,SCH - PJ - NY,23316,748.18,2050,-1150
07/07/2019 11:50,SCH - PJM_HTP,325905,200,660,-660
07/07/2019 11:50,SCH - PJM_NEPTUNE,325305,660,660,-660
07/07/2019 11:50,SCH - PJM_VFT,325658,315,315,-315
07/07/2019 11:50,SPR/DUN-SOUTH,23320,3457.32,4350,-9999
07/07/2019 11:50,TOTAL EAST,23314,4763.29,6800,-9999
07/07/2019 11:50,UPNY CONED,23315,3490.94,4800,-9999
07/07/2019 11:50,WEST CENTRAL,23312,803.14,9999,-9999
07/07/2019 11:55,CENTRAL EAST - VC,23330,2415.38,2690,-9999
07/07/2019 11:55,DYSINGER EAST,23326,1335.06,3150,-9999
07/07/2019 11:55,MOSES SOUTH,23319,1860.47,2850,-1600
07/07/2019 11:55,SCH - HQ - NY,23324,1150,1150,-500
07/07/2019 11:55,SCH - HQ_CEDARS,325274,190,190,-40
07/07/2019 11:55,SCH - HQ_IMPORT_EXPORT,325376,850,1310,-9999
07/07/2019 11:55,SCH - NE - NY,23318,-669.03,1400,-1600
07/07/2019 11:55,SCH - NPX_1385,325277,200,200,-200
07/07/2019 11:55,SCH - NPX_CSC,325154,330,330,-330
07/07/2019 11:55,SCH - OH - NY,23317,1395.91,1700,-1400
07/07/2019 11:55,SCH - PJ - NY,23316,750.09,2050,-1150
07/07/2019 11:55,SCH - PJM_HTP,325905,200,660,-660
07/07/2019 11:55,SCH - PJM_NEPTUNE,325305,660,660,-660
07/07/2019 11:55,SCH - PJM_VFT,325658,315,315,-315
07/07/2019 11:55,SPR/DUN-SOUTH,23320,3448.91,4350,-9999
07/07/2019 11:55,TOTAL EAST,23314,4757.27,6800,-9999
07/07/2019 11:55,UPNY CONED,23315,3481.84,4800,-9999
07/07/2019 11:55,WEST CENTRAL,23312,818.69,9999,-9999
07/07/2019 12:00,CENTRAL EAST - VC,23330,2399.41,2690,-9999
07/07/2019 12:00,DYSINGER EAST,23326,1315.3,3150,-9999
07/07/2019 12:00,MOSES SOUTH,23319,1852.83,2850,-1600
07/07/2019 12:00,SCH - HQ - NY,23324,1150,1150,-500
07/07/2019 12:00,SCH - HQ_CEDARS,325274,190,190,-40
07/07/2019 12:00,SCH - HQ_IMPORT_EXPORT,325376,850,1310,-9999
07/07/2019 12:00,SCH - NE - NY,23318,-599.83,1400,-1600
07/07/2019 12:00,SCH - NPX_1385,325277,199,200,-200
07/07/2019 12:00,SCH - NPX_CSC,325154,330,330,-330
07/07/2019 12:00,SCH - OH - NY,23317,1395.92,1700,-1400
07/07/2019 12:00,SCH - PJ - NY,23316,635.36,2050,-1150
07/07/2019 12:00,SCH - PJM_HTP,325905,200,660,-660
07/07/2019 12:00,SCH - PJM_NEPTUNE,325305,660,660,-660
07/07/2019 12:00,SCH - PJM_VFT,325658,315,315,-315
07/07/2019 12:00,SPR/DUN-SOUTH,23320,3490.31,4350,-9999
07/07/2019 12:00,TOTAL EAST,23314,4713.84,6800,-9999
07/07/2019 12:00,UPNY CONED,23315,3520.6,4800,-9999
07/07/2019 12:00,WEST CENTRAL,23312,800.4,9999,-9999
07/07/2019 12:05,CENTRAL EAST - VC,23330,2351.67,2690,-9999
07/07/2019 12:05,DYSINGER EAST,23326,1260.65,3150,-9999
07/07/2019 12:05,MOSES SOUTH,23319,1862.35,2850,-1600
07/07/2019 12:05,SCH - HQ - NY,23324,1150,1150,-500
07/07/2019 12:05,SCH - HQ_CEDARS,325274,190,190,-40
07/07/2019 12:05,SCH - HQ_IMPORT_EXPORT,325376,850,1310,-9999
07/07/2019 12:05,SCH - NE - NY,23318,-530.61,1400,-1600
07/07/2019 12:05,SCH - NPX_1385,325277,199,200,-200
07/07/2019 12:05,SCH - NPX_CSC,325154,330,330,-330
07/07/2019 12:05,SCH - OH - NY,23317,1395.92,1700,-1400
07/07/2019 12:05,SCH - PJ - NY,23316,524.03,2050,-1150
07/07/2019 12:05,SCH - PJM_HTP,325905,200,660,-660
07/07/2019 12:05,SCH - PJM_NEPTUNE,325305,660,660,-660
07/07/2019 12:05,SCH - PJM_VFT,325658,315,315,-315
07/07/2019 12:05,SPR/DUN-SOUTH,23320,3465.6,4350,-9999
07/07/2019 12:05,TOTAL EAST,23314,4641.51,6800,-9999
07/07/2019 12:05,UPNY CONED,23315,3506.35,4800,-9999
07/07/2019 12:05,WEST CENTRAL,23312,749.18,9999,-9999
07/07/2019 12:10,CENTRAL EAST - VC,23330,2278.37,2690,-9999
07/07/2019 12:10,DYSINGER EAST,23326,1087.75,3150,-9999
07/07/2019 12:10,MOSES SOUTH,23319,1907.68,2850,-1600
07/07/2019 12:10,SCH - HQ - NY,23324,1150,1150,-500
07/07/2019 12:10,SCH - HQ_CEDARS,325274,190,190,-40
07/07/2019 12:10,SCH - HQ_IMPORT_EXPORT,325376,850,1310,-9999
07/07/2019 12:10,SCH - NE - NY,23318,-530.73,1400,-1600
07/07/2019 12:10,SCH - NPX_1385,325277,199,200,-200
07/07/2019 12:10,SCH - NPX_CSC,325154,330,330,-330
07/07/2019 12:10,SCH - OH - NY,23317,1395.88,1700,-1400
07/07/2019 12:10,SCH - PJ - NY,23316,551.8,2050,-1150
07/07/2019 12:10,SCH - PJM_HTP,325905,200,660,-660
07/07/2019 12:10,SCH - PJM_NEPTUNE,325305,660,660,-660
07/07/2019 12:10,SCH - PJM_VFT,325658,315,315,-315
07/07/2019 12:10,SPR/DUN-SOUTH,23320,3374.7,4350,-9999
07/07/2019 12:10,TOTAL EAST,23314,4460.51,6800,-9999
07/07/2019 12:10,UPNY CONED,23315,3420.66,4800,-9999
07/07/2019 12:10,WEST CENTRAL,23312,575.95,9999,-9999
07/07/2019 12:15,CENTRAL EAST - VC,23330,2376.67,2690,-9999
07/07/2019 12:15,DYSINGER EAST,23326,1309.86,3150,-9999
07/07/2019 12:15,MOSES SOUTH,23319,1874.85,2850,-1600
07/07/2019 12:15,SCH - HQ - NY,23324,1150,1150,-500
07/07/2019 12:15,SCH - HQ_CEDARS,325274,190,190,-40
07/07/2019 12:15,SCH - HQ_IMPORT_EXPORT,325376,850,1310,-9999
07/07/2019 12:15,SCH - NE - NY,23318,-514.36,1400,-1600
07/07/2019 12:15,SCH - NPX_1385,325277,199,200,-200
07/07/2019 12:15,SCH - NPX_CSC,325154,330,330,-330
07/07/2019 12:15,SCH - OH - NY,23317,1395.92,1700,-1400
07/07/2019 12:15,SCH - PJ - NY,23316,537.81,2050,-1150
07/07/2019 12:15,SCH - PJM_HTP,325905,200,660,-660
07/07/2019 12:15,SCH - PJM_NEPTUNE,325305,660,660,-660
07/07/2019 12:15,SCH - PJM_VFT,325658,315,315,-315
07/07/2019 12:15,SPR/DUN-SOUTH,23320,3436.44,4350,-9999
07/07/2019 12:15,TOTAL EAST,23314,4558.86,6800,-9999
07/07/2019 12:15,UPNY CONED,23315,3491.12,4800,-9999
07/07/2019 12:15,WEST CENTRAL,23312,784.03,9999,-9999
07/07/2019 12:20,CENTRAL EAST - VC,23330,2371.94,2750,-9999
07/07/2019 12:20,DYSINGER EAST,23326,1316.93,3150,-9999
07/07/2019 12:20,MOSES SOUTH,23319,1865.06,2850,-1600
07/07/2019 12:20,SCH - HQ - NY,23324,1150,1150,-500
07/07/2019 12:20,SCH - HQ_CEDARS,325274,190,190,-40
07/07/2019 12:20,SCH - HQ_IMPORT_EXPORT,325376,850,1310,-9999
07/07/2019 12:20,SCH - NE - NY,23318,-499.23,1400,-1600
07/07/2019 12:20,SCH - NPX_1385,325277,199,200,-200
07/07/2019 12:20,SCH - NPX_CSC,325154,330,330,-330
07/07/2019 12:20,SCH - OH - NY,23317,1395.92,1700,-1400
07/07/2019 12:20,SCH - PJ - NY,23316,535.81,2050,-1150
07/07/2019 12:20,SCH - PJM_HTP,325905,200,660,-660
07/07/2019 12:20,SCH - PJM_NEPTUNE,325305,660,660,-660
07/07/2019 12:20,SCH - PJM_VFT,325658,315,315,-315
07/07/2019 12:20,SPR/DUN-SOUTH,23320,3380.27,4350,-9999
07/07/2019 12:20,TOTAL EAST,23314,4517.72,6800,-9999
07/07/2019 12:20,UPNY CONED,23315,3437.96,4800,-9999
07/07/2019 12:20,WEST CENTRAL,23312,784.81,9999,-9999
07/07/2019 12:25,CENTRAL EAST - VC,23330,2378.92,2750,-9999
07/07/2019 12:25,DYSINGER EAST,23326,1311.55,3150,-9999
07/07/2019 12:25,MOSES SOUTH,23319,1869.51,2850,-1600
07/07/2019 12:25,SCH - HQ - NY,23324,1150,1150,-500
07/07/2019 12:25,SCH - HQ_CEDARS,325274,190,190,-40
07/07/2019 12:25,SCH - HQ_IMPORT_EXPORT,325376,850,1310,-9999
07/07/2019 12:25,SCH - NE - NY,23318,-499.29,1400,-1600
07/07/2019 12:25,SCH - NPX_1385,325277,199,200,-200
07/07/2019 12:25,SCH - NPX_CSC,325154,330,330,-330
07/07/2019 12:25,SCH - OH - NY,23317,1395.94,1700,-1400
07/07/2019 12:25,SCH - PJ - NY,23316,536.92,2050,-1150
07/07/2019 12:25,SCH - PJM_HTP,325905,200,660,-660
07/07/2019 12:25,SCH - PJM_NEPTUNE,325305,660,660,-660
07/07/2019 12:25,SCH - PJM_VFT,325658,315,315,-315
07/07/2019 12:25,SPR/DUN-SOUTH,23320,3369.37,4350,-9999
07/07/2019 12:25,TOTAL EAST,23314,4526.3,6800,-9999
07/07/2019 12:25,UPNY CONED,23315,3430.59,4800,-9999
07/07/2019 12:25,WEST CENTRAL,23312,777.4,9999,-9999
07/07/2019 12:30,CENTRAL EAST - VC,23330,2376.41,2750,-9999
07/07/2019 12:30,DYSINGER EAST,23326,1312.03,3150,-9999
07/07/2019 12:30,MOSES SOUTH,23319,1879.56,2850,-1600
07/07/2019 12:30,SCH - HQ - NY,23324,1150,1150,-500
07/07/2019 12:30,SCH - HQ_CEDARS,325274,190,190,-40
07/07/2019 12:30,SCH - HQ_IMPORT_EXPORT,325376,850,1310,-9999
07/07/2019 12:30,SCH - NE - NY,23318,-477.59,1400,-1600
07/07/2019 12:30,SCH - NPX_1385,325277,199,200,-200
07/07/2019 12:30,SCH - NPX_CSC,325154,330,330,-330
07/07/2019 12:30,SCH - OH - NY,23317,1395.91,1700,-1400
07/07/2019 12:30,SCH - PJ - NY,23316,536.11,2050,-1150
07/07/2019 12:30,SCH - PJM_HTP,325905,200,660,-660
07/07/2019 12:30,SCH - PJM_NEPTUNE,325305,660,660,-660
07/07/2019 12:30,SCH - PJM_VFT,325658,315,315,-315
07/07/2019 12:30,SPR/DUN-SOUTH,23320,3365.53,4350,-9999
07/07/2019 12:30,TOTAL EAST,23314,4516.79,6800,-9999
07/07/2019 12:30,UPNY CONED,23315,3438.15,4800,-9999
07/07/2019 12:30,WEST CENTRAL,23312,777.98,9999,-9999
07/07/2019 12:35,CENTRAL EAST - VC,23330,2373.85,2750,-9999
07/07/2019 12:35,DYSINGER EAST,23326,1304.34,3150,-9999
07/07/2019 12:35,MOSES SOUTH,23319,1886.65,2850,-1600
07/07/2019 12:35,SCH - HQ - NY,23324,1150,1150,-500
07/07/2019 12:35,SCH - HQ_CEDARS,325274,190,190,-40
07/07/2019 12:35,SCH - HQ_IMPORT_EXPORT,325376,850,1310,-9999
07/07/2019 12:35,SCH - NE - NY,23318,-455.6,1400,-1600
07/07/2019 12:35,SCH - NPX_1385,325277,199,200,-200
07/07/2019 12:35,SCH - NPX_CSC,325154,330,330,-330
07/07/2019 12:35,SCH - OH - NY,23317,1395.92,1700,-1400
07/07/2019 12:35,SCH - PJ - NY,23316,535.17,2050,-1150
07/07/2019 12:35,SCH - PJM_HTP,325905,200,660,-660
07/07/2019 12:35,SCH - PJM_NEPTUNE,325305,660,660,-660
07/07/2019 12:35,SCH - PJM_VFT,325658,315,315,-315
07/07/2019 12:35,SPR/DUN-SOUTH,23320,3378.57,4350,-9999
07/07/2019 12:35,TOTAL EAST,23314,4503.03,6800,-9999
07/07/2019 12:35,UPNY CONED,23315,3427.11,4800,-9999
07/07/2019 12:35,WEST CENTRAL,23312,767.16,9999,-9999
07/07/2019 12:40,CENTRAL EAST - VC,23330,2367.63,2750,-9999
07/07/2019 12:40,DYSINGER EAST,23326,1311.24,3150,-9999
07/07/2019 12:40,MOSES SOUTH,23319,1878.5,2850,-1600
07/07/2019 12:40,SCH - HQ - NY,23324,1150,1150,-500
07/07/2019 12:40,SCH - HQ_CEDARS,325274,190,190,-40
07/07/2019 12:40,SCH - HQ_IMPORT_EXPORT,325376,850,1310,-9999
07/07/2019 12:40,SCH - NE - NY,23318,-455.61,1400,-1600
07/07/2019 12:40,SCH - NPX_1385,325277,199,200,-200
07/07/2019 12:40,SCH - NPX_CSC,325154,330,330,-330
07/07/2019 12:40,SCH - OH - NY,23317,1395.91,1700,-1400
07/07/2019 12:40,SCH - PJ - NY,23316,536.24,2050,-1150
07/07/2019 12:40,SCH - PJM_HTP,325905,200,660,-660
07/07/2019 12:40,SCH - PJM_NEPTUNE,325305,660,660,-660
07/07/2019 12:40,SCH - PJM_VFT,325658,315,315,-315
07/07/2019 12:40,SPR/DUN-SOUTH,23320,3378.26,4350,-9999
07/07/2019 12:40,TOTAL EAST,23314,4498.03,6800,-9999
07/07/2019 12:40,UPNY CONED,23315,3438.57,4800,-9999
07/07/2019 12:40,WEST CENTRAL,23312,769.95,9999,-9999
07/07/2019 12:45,CENTRAL EAST - VC,23330,2356.14,2750,-9999
07/07/2019 12:45,DYSINGER EAST,23326,1308.2,3150,-9999
07/07/2019 12:45,MOSES SOUTH,23319,1897.36,2850,-1600
07/07/2019 12:45,SCH - HQ - NY,23324,1150,1150,-500
07/07/2019 12:45,SCH - HQ_CEDARS,325274,190,190,-40
07/07/2019 12:45,SCH - HQ_IMPORT_EXPORT,325376,850,1310,-9999
07/07/2019 12:45,SCH - NE - NY,23318,-433.74,1400,-1600
07/07/2019 12:45,SCH - NPX_1385,325277,199,200,-200
07/07/2019 12:45,SCH - NPX_CSC,325154,330,330,-330
07/07/2019 12:45,SCH - OH - NY,23317,1395.91,1700,-1400
07/07/2019 12:45,SCH - PJ - NY,23316,536.23,2050,-1150
07/07/2019 12:45,SCH - PJM_HTP,325905,150,660,-660
07/07/2019 12:45,SCH - PJM_NEPTUNE,325305,660,660,-660
07/07/2019 12:45,SCH - PJM_VFT,325658,315,315,-315
07/07/2019 12:45,SPR/DUN-SOUTH,23320,3362.07,4350,-9999
07/07/2019 12:45,TOTAL EAST,23314,4482.45,6800,-9999
07/07/2019 12:45,UPNY CONED,23315,3438.69,4800,-9999
07/07/2019 12:45,WEST CENTRAL,23312,768.37,9999,-9999
07/07/2019 12:50,CENTRAL EAST - VC,23330,2362.62,2750,-9999
07/07/2019 12:50,DYSINGER EAST,23326,1308.01,3150,-9999
07/07/2019 12:50,MOSES SOUTH,23319,1885.78,2850,-1600
07/07/2019 12:50,SCH - HQ - NY,23324,1150,1150,-500
07/07/2019 12:50,SCH - HQ_CEDARS,325274,190,190,-40
07/07/2019 12:50,SCH - HQ_IMPORT_EXPORT,325376,850,1310,-9999
07/07/2019 12:50,SCH - NE - NY,23318,-412.73,1400,-1600
07/07/2019 12:50,SCH - NPX_1385,325277,199,200,-200
07/07/2019 12:50,SCH - NPX_CSC,325154,330,330,-330
07/07/2019 12:50,SCH - OH - NY,23317,1395.91,1700,-1400
07/07/2019 12:50,SCH - PJ - NY,23316,539.38,2050,-1150
07/07/2019 12:50,SCH - PJM_HTP,325905,100,660,-660
07/07/2019 12:50,SCH - PJM_NEPTUNE,325305,660,660,-660
07/07/2019 12:50,SCH - PJM_VFT,325658,315,315,-315
07/07/2019 12:50,SPR/DUN-SOUTH,23320,3314.53,4350,-9999
07/07/2019 12:50,TOTAL EAST,23314,4436.67,6800,-9999
07/07/2019 12:50,UPNY CONED,23315,3386.71,4800,-9999
07/07/2019 12:50,WEST CENTRAL,23312,765.85,9999,-9999
07/07/2019 12:55,CENTRAL EAST - VC,23330,2353.8,2750,-9999
07/07/2019 12:55,DYSINGER EAST,23326,1303.83,3150,-9999
07/07/2019 12:55,MOSES SOUTH,23319,1885.07,2850,-1600
07/07/2019 12:55,SCH - HQ - NY,23324,1150,1150,-500
07/07/2019 12:55,SCH - HQ_CEDARS,325274,190,190,-40
07/07/2019 12:55,SCH - HQ_IMPORT_EXPORT,325376,850,1310,-9999
07/07/2019 12:55,SCH - NE - NY,23318,-412.75,1400,-1600
07/07/2019 12:55,SCH - NPX_1385,325277,199,200,-200
07/07/2019 12:55,SCH - NPX_CSC,325154,330,330,-330
07/07/2019 12:55,SCH - OH - NY,23317,1395.92,1700,-1400
07/07/2019 12:55,SCH - PJ - NY,23316,537.38,2050,-1150
07/07/2019 12:55,SCH - PJM_HTP,325905,100,660,-660
07/07/2019 12:55,SCH - PJM_NEPTUNE,325305,660,660,-660
07/07/2019 12:55,SCH - PJM_VFT,325658,315,315,-315
07/07/2019 12:55,SPR/DUN-SOUTH,23320,3370.4,4350,-9999
07/07/2019 12:55,TOTAL EAST,23314,4459.37,6800,-9999
07/07/2019 12:55,UPNY CONED,23315,3428.04,4800,-9999
07/07/2019 12:55,WEST CENTRAL,23312,764.81,9999,-9999
07/07/2019 13:00,CENTRAL EAST - VC,23330,2329.68,2750,-9999
07/07/2019 13:00,DYSINGER EAST,23326,1235.5,3150,-9999
07/07/2019 13:00,MOSES SOUTH,23319,1889.52,2850,-1600
07/07/2019 13:00,SCH - HQ - NY,23324,1150,1150,-500
07/07/2019 13:00,SCH - HQ_CEDARS,325274,190,190,-40
07/07/2019 13:00,SCH - HQ_IMPORT_EXPORT,325376,850,1310,-9999
07/07/2019 13:00,SCH - NE - NY,23318,-381.78,1400,-1600
07/07/2019 13:00,SCH - NPX_1385,325277,199,200,-200
07/07/2019 13:00,SCH - NPX_CSC,325154,330,330,-330
07/07/2019 13:00,SCH - OH - NY,23317,1362.15,1700,-1400
07/07/2019 13:00,SCH - PJ - NY,23316,439.98,2050,-1150
07/07/2019 13:00,SCH - PJM_HTP,325905,150,660,-660
07/07/2019 13:00,SCH - PJM_NEPTUNE,325305,660,660,-660
07/07/2019 13:00,SCH - PJM_VFT,325658,315,315,-315
07/07/2019 13:00,SPR/DUN-SOUTH,23320,3386.02,4350,-9999
07/07/2019 13:00,TOTAL EAST,23314,4379.74,6800,-9999
07/07/2019 13:00,UPNY CONED,23315,3407.13,4800,-9999
07/07/2019 13:00,WEST CENTRAL,23312,699.05,9999,-9999
07/07/2019 13:05,CENTRAL EAST - VC,23330,2287.05,2750,-9999
07/07/2019 13:05,DYSINGER EAST,23326,1184.45,3150,-9999
07/07/2019 13:05,MOSES SOUTH,23319,1952.26,2850,-1600
07/07/2019 13:05,SCH - HQ - NY,23324,1150,1150,-500
07/07/2019 13:05,SCH - HQ_CEDARS,325274,190,190,-40
07/07/2019 13:05,SCH - HQ_IMPORT_EXPORT,325376,850,1310,-9999
07/07/2019 13:05,SCH - NE - NY,23318,-350.99,1400,-1600
07/07/2019 13:05,SCH - NPX_1385,325277,200,200,-200
07/07/2019 13:05,SCH - NPX_CSC,325154,330,330,-330
07/07/2019 13:05,SCH - OH - NY,23317,1328.35,1700,-1400
07/07/2019 13:05,SCH - PJ - NY,23316,323.65,2050,-1150
07/07/2019 13:05,SCH - PJM_HTP,325905,200,660,-660
07/07/2019 13:05,SCH - PJM_NEPTUNE,325305,660,660,-660
07/07/2019 13:05,SCH - PJM_VFT,325658,315,315,-315
07/07/2019 13:05,SPR/DUN-SOUTH,23320,3426.65,4350,-9999
07/07/2019 13:05,TOTAL EAST,23314,4288.34,6800,-9999
07/07/2019 13:05,UPNY CONED,23315,3445.93,4800,-9999
07/07/2019 13:05,WEST CENTRAL,23312,647.17,9999,-9999
07/07/2019 13:10,CENTRAL EAST - VC,23330,2290.77,2750,-9999
07/07/2019 13:10,DYSINGER EAST,23326,1198.28,3150,-9999
07/07/2019 13:10,MOSES SOUTH,23319,1895.92,2850,-1600
07/07/2019 13:10,SCH - HQ - NY,23324,1150,1150,-500
07/07/2019 13:10,SCH - HQ_CEDARS,325274,190,190,-40
07/07/2019 13:10,SCH - HQ_IMPORT_EXPORT,325376,850,1310,-9999
07/07/2019 13:10,SCH - NE - NY,23318,-351.03,1400,-1600
07/07/2019 13:10,SCH - NPX_1385,325277,200,200,-200
07/07/2019 13:10,SCH - NPX_CSC,325154,330,330,-330
07/07/2019 13:10,SCH - OH - NY,23317,1328.38,1700,-1400
07/07/2019 13:10,SCH - PJ - NY,23316,340.84,2050,-1150
07/07/2019 13:10,SCH - PJM_HTP,325905,200,660,-660
07/07/2019 13:10,SCH - PJM_NEPTUNE,325305,660,660,-660
07/07/2019 13:10,SCH - PJM_VFT,325658,315,315,-315
07/07/2019 13:10,SPR/DUN-SOUTH,23320,3372.47,4350,-9999
07/07/2019 13:10,TOTAL EAST,23314,4244.25,6800,-9999
07/07/2019 13:10,UPNY CONED,23315,3366.03,4800,-9999
07/07/2019 13:10,WEST CENTRAL,23312,660.47,9999,-9999
07/07/2019 13:15,CENTRAL EAST - VC,23330,2280.77,2750,-9999
07/07/2019 13:15,DYSINGER EAST,23326,1188.22,3150,-9999
07/07/2019 13:15,MOSES SOUTH,23319,1901.27,2850,-1600
07/07/2019 13:15,SCH - HQ - NY,23324,1150,1150,-500
07/07/2019 13:15,SCH - HQ_CEDARS,325274,190,190,-40
07/07/2019 13:15,SCH - HQ_IMPORT_EXPORT,325376,850,1310,-9999
07/07/2019 13:15,SCH - NE - NY,23318,-335.9,1400,-1600
07/07/2019 13:15,SCH - NPX_1385,325277,200,200,-200
07/07/2019 13:15,SCH - NPX_CSC,325154,330,330,-330
07/07/2019 13:15,SCH - OH - NY,23317,1328.38,1700,-1400
07/07/2019 13:15,SCH - PJ - NY,23316,317.68,2050,-1150
07/07/2019 13:15,SCH - PJM_HTP,325905,200,660,-660
07/07/2019 13:15,SCH - PJM_NEPTUNE,325305,660,660,-660
07/07/2019 13:15,SCH - PJM_VFT,325658,315,315,-315
07/07/2019 13:15,SPR/DUN-SOUTH,23320,3240.09,4350,-9999
07/07/2019 13:15,TOTAL EAST,23314,4102.1,6800,-9999
07/07/2019 13:15,UPNY CONED,23315,3204.36,4800,-9999
07/07/2019 13:15,WEST CENTRAL,23312,644.6,9999,-9999
07/07/2019 13:20,CENTRAL EAST - VC,23330,2272.95,2750,-9999
07/07/2019 13:20,DYSINGER EAST,23326,1220.55,3150,-9999
07/07/2019 13:20,MOSES SOUTH,23319,1907.63,2850,-1600
07/07/2019 13:20,SCH - HQ - NY,23324,1150,1150,-500
07/07/2019 13:20,SCH - HQ_CEDARS,325274,190,190,-40
07/07/2019 13:20,SCH - HQ_IMPORT_EXPORT,325376,850,1310,-9999
07/07/2019 13:20,SCH - NE - NY,23318,-321.06,1400,-1600
07/07/2019 13:20,SCH - NPX_1385,325277,200,200,-200
07/07/2019 13:20,SCH - NPX_CSC,325154,330,330,-330
07/07/2019 13:20,SCH - OH - NY,23317,1328.38,1700,-1400
07/07/2019 13:20,SCH - PJ - NY,23316,285.88,2050,-1150
07/07/2019 13:20,SCH - PJM_HTP,325905,200,660,-660
07/07/2019 13:20,SCH - PJM_NEPTUNE,325305,660,660,-660
07/07/2019 13:20,SCH - PJM_VFT,325658,315,315,-315
07/07/2019 13:20,SPR/DUN-SOUTH,23320,3300.58,4350,-9999
07/07/2019 13:20,TOTAL EAST,23314,4158.89,6800,-9999
07/07/2019 13:20,UPNY CONED,23315,3289.37,4800,-9999
07/07/2019 13:20,WEST CENTRAL,23312,675.68,9999,-9999
07/07/2019 13:25,CENTRAL EAST - VC,23330,2264.1,2750,-9999
07/07/2019 13:25,DYSINGER EAST,23326,1151.38,3150,-9999
07/07/2019 13:25,MOSES SOUTH,23319,1957.9,2850,-1600
07/07/2019 13:25,SCH - HQ - NY,23324,1150,1150,-500
07/07/2019 13:25,SCH - HQ_CEDARS,325274,190,190,-40
07/07/2019 13:25,SCH - HQ_IMPORT_EXPORT,325376,850,1310,-9999
07/07/2019 13:25,SCH - NE - NY,23318,-321.05,1400,-1600
07/07/2019 13:25,SCH - NPX_1385,325277,200,200,-200
07/07/2019 13:25,SCH - NPX_CSC,325154,330,330,-330
07/07/2019 13:25,SCH - OH - NY,23317,1328.31,1700,-1400
07/07/2019 13:25,SCH - PJ - NY,23316,302.4,2050,-1150
07/07/2019 13:25,SCH - PJM_HTP,325905,200,660,-660
07/07/2019 13:25,SCH - PJM_NEPTUNE,325305,660,660,-660
07/07/2019 13:25,SCH - PJM_VFT,325658,315,315,-315
07/07/2019 13:25,SPR/DUN-SOUTH,23320,3241.19,4350,-9999
07/07/2019 13:25,TOTAL EAST,23314,4033.91,6800,-9999
07/07/2019 13:25,UPNY CONED,23315,3192.18,4800,-9999
07/07/2019 13:25,WEST CENTRAL,23312,605.61,9999,-9999
07/07/2019 13:30,CENTRAL EAST - VC,23330,2315.3,2750,-9999
07/07/2019 13:30,DYSINGER EAST,23326,1277.73,3150,-9999
07/07/2019 13:30,MOSES SOUTH,23319,1910.11,2850,-1600
07/07/2019 13:30,SCH - HQ - NY,23324,1150,1150,-500
07/07/2019 13:30,SCH - HQ_CEDARS,325274,190,190,-40
07/07/2019 13:30,SCH - HQ_IMPORT_EXPORT,325376,850,1310,-9999
07/07/2019 13:30,SCH - NE - NY,23318,-351.9,1400,-1600
07/07/2019 13:30,SCH - NPX_1385,325277,200,200,-200
07/07/2019 13:30,SCH - NPX_CSC,325154,330,330,-330
07/07/2019 13:30,SCH - OH - NY,23317,1328.4,1700,-1400
07/07/2019 13:30,SCH - PJ - NY,23316,290.92,2050,-1150
07/07/2019 13:30,SCH - PJM_HTP,325905,200,660,-660
07/07/2019 13:30,SCH - PJM_NEPTUNE,325305,660,660,-660
07/07/2019 13:30,SCH - PJM_VFT,325658,315,315,-315
07/07/2019 13:30,SPR/DUN-SOUTH,23320,3223.4,4350,-9999
07/07/2019 13:30,TOTAL EAST,23314,4130.03,6800,-9999
07/07/2019 13:30,UPNY CONED,23315,3174.32,4800,-9999
07/07/2019 13:30,WEST CENTRAL,23312,724.36,9999,-9999
07/07/2019 13:35,CENTRAL EAST - VC,23330,2319.58,2750,-9999
07/07/2019 13:35,DYSINGER EAST,23326,1286.05,3150,-9999
07/07/2019 13:35,MOSES SOUTH,23319,1883.46,2850,-1600
07/07/2019 13:35,SCH - HQ - NY,23324,1150,1150,-500
07/07/2019 13:35,SCH - HQ_CEDARS,325274,190,190,-40
07/07/2019 13:35,SCH - HQ_IMPORT_EXPORT,325376,850,1310,-9999
07/07/2019 13:35,SCH - NE - NY,23318,-383.59,1400,-1600
07/07/2019 13:35,SCH - NPX_1385,325277,200,200,-200
07/07/2019 13:35,SCH - NPX_CSC,325154,330,330,-330
07/07/2019 13:35,SCH - OH - NY,23317,1328.37,1700,-1400
07/07/2019 13:35,SCH - PJ - NY,23316,287.63,2050,-1150
07/07/2019 13:35,SCH - PJM_HTP,325905,200,660,-660
07/07/2019 13:35,SCH - PJM_NEPTUNE,325305,660,660,-660
07/07/2019 13:35,SCH - PJM_VFT,325658,315,315,-315
07/07/2019 13:35,SPR/DUN-SOUTH,23320,3220.1,4350,-9999
07/07/2019 13:35,TOTAL EAST,23314,4127.75,6800,-9999
07/07/2019 13:35,UPNY CONED,23315,3171.55,4800,-9999
07/07/2019 13:35,WEST CENTRAL,23312,730.62,9999,-9999
07/07/2019 13:40,CENTRAL EAST - VC,23330,2302.68,2750,-9999
07/07/2019 13:40,DYSINGER EAST,23326,1259.94,3150,-9999
07/07/2019 13:40,MOSES SOUTH,23319,1896.34,2850,-1600
07/07/2019 13:40,SCH - HQ - NY,23324,1150,1150,-500
07/07/2019 13:40,SCH - HQ_CEDARS,325274,190,190,-40
07/07/2019 13:40,SCH - HQ_IMPORT_EXPORT,325376,850,1310,-9999
07/07/2019 13:40,SCH - NE - NY,23318,-383.74,1400,-1600
07/07/2019 13:40,SCH - NPX_1385,325277,200,200,-200
07/07/2019 13:40,SCH - NPX_CSC,325154,330,330,-330
07/07/2019 13:40,SCH - OH - NY,23317,1328.38,1700,-1400
07/07/2019 13:40,SCH - PJ - NY,23316,287.58,2050,-1150
07/07/2019 13:40,SCH - PJM_HTP,325905,200,660,-660
07/07/2019 13:40,SCH - PJM_NEPTUNE,325305,660,660,-660
07/07/2019 13:40,SCH - PJM_VFT,325658,315,315,-315
07/07/2019 13:40,SPR/DUN-SOUTH,23320,3370.65,4350,-9999
07/07/2019 13:40,TOTAL EAST,23314,4120.03,6800,-9999
07/07/2019 13:40,UPNY CONED,23315,3167.88,4800,-9999
07/07/2019 13:40,WEST CENTRAL,23312,704.06,9999,-9999
07/07/2019 13:45,CENTRAL EAST - VC,23330,2308.63,2750,-9999
07/07/2019 13:45,DYSINGER EAST,23326,1292.07,3150,-9999
07/07/2019 13:45,MOSES SOUTH,23319,1886.93,2850,-1600
07/07/2019 13:45,SCH - HQ - NY,23324,1150,1150,-500
07/07/2019 13:45,SCH - HQ_CEDARS,325274,190,190,-40
07/07/2019 13:45,SCH - HQ_IMPORT_EXPORT,325376,850,1310,-9999
07/07/2019 13:45,SCH - NE - NY,23318,-351.93,1400,-1600
07/07/2019 13:45,SCH - NPX_1385,325277,200,200,-200
07/07/2019 13:45,SCH - NPX_CSC,325154,330,330,-330
07/07/2019 13:45,SCH - OH - NY,23317,1328.38,1700,-1400
07/07/2019 13:45,SCH - PJ - NY,23316,330.97,2050,-1150
07/07/2019 13:45,SCH - PJM_HTP,325905,200,660,-660
07/07/2019 13:45,SCH - PJM_NEPTUNE,325305,660,660,-660
07/07/2019 13:45,SCH - PJM_VFT,325658,315,315,-315
07/07/2019 13:45,SPR/DUN-SOUTH,23320,3360.4,4350,-9999
07/07/2019 13:45,TOTAL EAST,23314,4155.47,6800,-9999
07/07/2019 13:45,UPNY CONED,23315,3175.92,4800,-9999
07/07/2019 13:45,WEST CENTRAL,23312,735.56,9999,-9999
07/07/2019 13:50,CENTRAL EAST - VC,23330,2302.43,2750,-9999
07/07/2019 13:50,DYSINGER EAST,23326,1248.17,3150,-9999
07/07/2019 13:50,MOSES SOUTH,23319,1911.56,2850,-1600
07/07/2019 13:50,SCH - HQ - NY,23324,1150,1150,-500
07/07/2019 13:50,SCH - HQ_CEDARS,325274,190,190,-40
07/07/2019 13:50,SCH - HQ_IMPORT_EXPORT,325376,850,1310,-9999
07/07/2019 13:50,SCH - NE - NY,23318,-321.04,1400,-1600
07/07/2019 13:50,SCH - NPX_1385,325277,200,200,-200
07/07/2019 13:50,SCH - NPX_CSC,325154,330,330,-330
07/07/2019 13:50,SCH - OH - NY,23317,1328.37,1700,-1400
07/07/2019 13:50,SCH - PJ - NY,23316,374.97,2050,-1150
07/07/2019 13:50,SCH - PJM_HTP,325905,200,660,-660
07/07/2019 13:50,SCH - PJM_NEPTUNE,325305,660,660,-660
07/07/2019 13:50,SCH - PJM_VFT,325658,315,315,-315
07/07/2019 13:50,SPR/DUN-SOUTH,23320,3403.68,4350,-9999
07/07/2019 13:50,TOTAL EAST,23314,4197.97,6800,-9999
07/07/2019 13:50,UPNY CONED,23315,3231.59,4800,-9999
07/07/2019 13:50,WEST CENTRAL,23312,691.3,9999,-9999
07/07/2019 13:55,CENTRAL EAST - VC,23330,2322.68,2750,-9999
07/07/2019 13:55,DYSINGER EAST,23326,1287.83,3150,-9999
07/07/2019 13:55,MOSES SOUTH,23319,1905.87,2850,-1600
07/07/2019 13:55,SCH - HQ - NY,23324,1150,1150,-500
07/07/2019 13:55,SCH - HQ_CEDARS,325274,190,190,-40
07/07/2019 13:55,SCH - HQ_IMPORT_EXPORT,325376,850,1310,-9999
07/07/2019 13:55,SCH - NE - NY,23318,-321.09,1400,-1600
07/07/2019 13:55,SCH - NPX_1385,325277,200,200,-200
07/07/2019 13:55,SCH - NPX_CSC,325154,330,330,-330
07/07/2019 13:55,SCH - OH - NY,23317,1328.38,1700,-1400
07/07/2019 13:55,SCH - PJ - NY,23316,376.22,2050,-1150
07/07/2019 13:55,SCH - PJM_HTP,325905,200,660,-660
07/07/2019 13:55,SCH - PJM_NEPTUNE,325305,660,660,-660
07/07/2019 13:55,SCH - PJM_VFT,325658,315,315,-315
07/07/2019 13:55,SPR/DUN-SOUTH,23320,3407.94,4350,-9999
07/07/2019 13:55,TOTAL EAST,23314,4211.23,6800,-9999
07/07/2019 13:55,UPNY CONED,23315,3237.71,4800,-9999
07/07/2019 13:55,WEST CENTRAL,23312,728.37,9999,-9999
07/07/2019 14:00,CENTRAL EAST - VC,23330,2310.94,2750,-9999
07/07/2019 14:00,DYSINGER EAST,23326,1240.87,3150,-9999
07/07/2019 14:00,MOSES SOUTH,23319,1898.27,2850,-1600
07/07/2019 14:00,SCH - HQ - NY,23324,1150,1150,-500
07/07/2019 14:00,SCH - HQ_CEDARS,325274,190,190,-40
07/07/2019 14:00,SCH - HQ_IMPORT_EXPORT,325376,850,1310,-9999
07/07/2019 14:00,SCH - NE - NY,23318,-418.77,1400,-1600
07/07/2019 14:00,SCH - NPX_1385,325277,199,200,-200
07/07/2019 14:00,SCH - NPX_CSC,325154,330,330,-330
07/07/2019 14:00,SCH - OH - NY,23317,1219.07,1700,-1400
07/07/2019 14:00,SCH - PJ - NY,23316,517.95,2050,-1150
07/07/2019 14:00,SCH - PJM_HTP,325905,200,660,-660
07/07/2019 14:00,SCH - PJM_NEPTUNE,325305,660,660,-660
07/07/2019 14:00,SCH - PJM_VFT,325658,315,315,-315
07/07/2019 14:00,SPR/DUN-SOUTH,23320,3317.68,4350,-9999
07/07/2019 14:00,TOTAL EAST,23314,4239.7,6800,-9999
07/07/2019 14:00,UPNY CONED,23315,3170.96,4800,-9999
07/07/2019 14:00,WEST CENTRAL,23312,680.07,9999,-9999
07/07/2019 14:05,CENTRAL EAST - VC,23330,2331.72,2750,-9999
07/07/2019 14:05,DYSINGER EAST,23326,1188.6,3150,-9999
07/07/2019 14:05,MOSES SOUTH,23319,1909.84,2850,-1600
07/07/2019 14:05,SCH - HQ - NY,23324,1150,1150,-500
07/07/2019 14:05,SCH - HQ_CEDARS,325274,190,190,-40
07/07/2019 14:05,SCH - HQ_IMPORT_EXPORT,325376,850,1310,-9999
07/07/2019 14:05,SCH - NE - NY,23318,-517.1,1400,-1600
07/07/2019 14:05,SCH - NPX_1385,325277,199,200,-200
07/07/2019 14:05,SCH - NPX_CSC,325154,330,330,-330
07/07/2019 14:05,SCH - OH - NY,23317,1110.65,1700,-1400
07/07/2019 14:05,SCH - PJ - NY,23316,664.49,2050,-1150
07/07/2019 14:05,SCH - PJM_HTP,325905,200,660,-660
07/07/2019 14:05,SCH - PJM_NEPTUNE,325305,660,660,-660
07/07/2019 14:05,SCH - PJM_VFT,325658,315,315,-315
07/07/2019 14:05,SPR/DUN-SOUTH,23320,3337.75,4350,-9999
07/07/2019 14:05,TOTAL EAST,23314,4282.28,6800,-9999
07/07/2019 14:05,UPNY CONED,23315,3146.87,4800,-9999
07/07/2019 14:05,WEST CENTRAL,23312,629.72,9999,-9999
07/07/2019 14:10,CENTRAL EAST - VC,23330,2335.3,2750,-9999
07/07/2019 14:10,DYSINGER EAST,23326,1206.53,3150,-9999
07/07/2019 14:10,MOSES SOUTH,23319,1889.56,2850,-1600
07/07/2019 14:10,SCH - HQ - NY,23324,1150,1150,-500
07/07/2019 14:10,SCH - HQ_CEDARS,325274,190,190,-40
07/07/2019 14:10,SCH - HQ_IMPORT_EXPORT,325376,850,1310,-9999
07/07/2019 14:10,SCH - NE - NY,23318,-517.24,1400,-1600
07/07/2019 14:10,SCH - NPX_1385,325277,199,200,-200
07/07/2019 14:10,SCH - NPX_CSC,325154,330,330,-330
07/07/2019 14:10,SCH - OH - NY,23317,1110.67,1700,-1400
07/07/2019 14:10,SCH - PJ - NY,23316,661.73,2050,-1150
07/07/2019 14:10,SCH - PJM_HTP,325905,200,660,-660
07/07/2019 14:10,SCH - PJM_NEPTUNE,325305,660,660,-660
07/07/2019 14:10,SCH - PJM_VFT,325658,315,315,-315
07/07/2019 14:10,SPR/DUN-SOUTH,23320,3373.3,4350,-9999
07/07/2019 14:10,TOTAL EAST,23314,4258.02,6800,-9999
07/07/2019 14:10,UPNY CONED,23315,3158.96,4800,-9999
07/07/2019 14:10,WEST CENTRAL,23312,648.33,9999,-9999
07/07/2019 14:15,CENTRAL EAST - VC,23330,2311.79,2750,-9999
07/07/2019 14:15,DYSINGER EAST,23326,1269.89,3150,-9999
07/07/2019 14:15,MOSES SOUTH,23319,1863.54,2850,-1600
07/07/2019 14:15,SCH - HQ - NY,23324,1150,1150,-500
07/07/2019 14:15,SCH - HQ_CEDARS,325274,190,190,-40
07/07/2019 14:15,SCH - HQ_IMPORT_EXPORT,325376,850,1310,-9999
07/07/2019 14:15,SCH - NE - NY,23318,-450.7,1400,-1600
07/07/2019 14:15,SCH - NPX_1385,325277,199,200,-200
07/07/2019 14:15,SCH - NPX_CSC,325154,330,330,-330
07/07/2019 14:15,SCH - OH - NY,23317,1110.72,1700,-1400
07/07/2019 14:15,SCH - PJ - NY,23316,639.2,2050,-1150
07/07/2019 14:15,SCH - PJM_HTP,325905,200,660,-660
07/07/2019 14:15,SCH - PJM_NEPTUNE,325305,660,660,-660
07/07/2019 14:15,SCH - PJM_VFT,325658,281,315,-315
07/07/2019 14:15,SPR/DUN-SOUTH,23320,3376.53,4350,-9999
07/07/2019 14:15,TOTAL EAST,23314,4203.64,6800,-9999
07/07/2019 14:15,UPNY CONED,23315,3143.35,4800,-9999
07/07/2019 14:15,WEST CENTRAL,23312,709.52,9999,-9999
07/07/2019 14:20,CENTRAL EAST - VC,23330,2285.4,2750,-9999
07/07/2019 14:20,DYSINGER EAST,23326,1252.66,3150,-9999
07/07/2019 14:20,MOSES SOUTH,23319,1831.08,2850,-1600
07/07/2019 14:20,SCH - HQ - NY,23324,1150,1150,-500
07/07/2019 14:20,SCH - HQ_CEDARS,325274,190,190,-40
07/07/2019 14:20,SCH - HQ_IMPORT_EXPORT,325376,850,1310,-9999
07/07/2019 14:20,SCH - NE - NY,23318,-385,1400,-1600
07/07/2019 14:20,SCH - NPX_1385,325277,199,200,-200
07/07/2019 14:20,SCH - NPX_CSC,325154,330,330,-330
07/07/2019 14:20,SCH - OH - NY,23317,1110.69,1700,-1400
07/07/2019 14:20,SCH - PJ - NY,23316,616.8,2050,-1150
07/07/2019 14:20,SCH - PJM_HTP,325905,200,660,-660
07/07/2019 14:20,SCH - PJM_NEPTUNE,325305,660,660,-660
07/07/2019 14:20,SCH - PJM_VFT,325658,248,315,-315
07/07/2019 14:20,SPR/DUN-SOUTH,23320,3387.23,4350,-9999
07/07/2019 14:20,TOTAL EAST,23314,4201.67,6800,-9999
07/07/2019 14:20,UPNY CONED,23315,3175.01,4800,-9999
07/07/2019 14:20,WEST CENTRAL,23312,689.51,9999,-9999
07/07/2019 14:25,CENTRAL EAST - VC,23330,2240.98,2750,-9999
07/07/2019 14:25,DYSINGER EAST,23326,1200.73,3150,-9999
07/07/2019 14:25,MOSES SOUTH,23319,1828.59,2850,-1600
07/07/2019 14:25,SCH - HQ - NY,23324,1150,1150,-500
07/07/2019 14:25,SCH - HQ_CEDARS,325274,190,190,-40
07/07/2019 14:25,SCH - HQ_IMPORT_EXPORT,325376,850,1310,-9999
07/07/2019 14:25,SCH - NE - NY,23318,-385.21,1400,-1600
07/07/2019 14:25,SCH - NPX_1385,325277,199,200,-200
07/07/2019 14:25,SCH - NPX_CSC,325154,330,330,-330
07/07/2019 14:25,SCH - OH - NY,23317,1110.67,1700,-1400
07/07/2019 14:25,SCH - PJ - NY,23316,615.9,2050,-1150
07/07/2019 14:25,SCH - PJM_HTP,325905,200,660,-660
07/07/2019 14:25,SCH - PJM_NEPTUNE,325305,660,660,-660
07/07/2019 14:25,SCH - PJM_VFT,325658,248,315,-315
07/07/2019 14:25,SPR/DUN-SOUTH,23320,3407.11,4350,-9999
07/07/2019 14:25,TOTAL EAST,23314,4200.66,6800,-9999
07/07/2019 14:25,UPNY CONED,23315,3206.51,4800,-9999
07/07/2019 14:25,WEST CENTRAL,23312,637.58,9999,-9999
07/07/2019 14:30,CENTRAL EAST - VC,23330,2283.62,2750,-9999
07/07/2019 14:30,DYSINGER EAST,23326,1258.52,3150,-9999
07/07/2019 14:30,MOSES SOUTH,23319,1847.03,2850,-1600
07/07/2019 14:30,SCH - HQ - NY,23324,1150,1150,-500
07/07/2019 14:30,SCH - HQ_CEDARS,325274,190,190,-40
07/07/2019 14:30,SCH - HQ_IMPORT_EXPORT,325376,850,1310,-9999
07/07/2019 14:30,SCH - NE - NY,23318,-433.75,1400,-1600
07/07/2019 14:30,SCH - NPX_1385,325277,199,200,-200
07/07/2019 14:30,SCH - NPX_CSC,325154,330,330,-330
07/07/2019 14:30,SCH - OH - NY,23317,1110.71,1700,-1400
07/07/2019 14:30,SCH - PJ - NY,23316,615.3,2050,-1150
07/07/2019 14:30,SCH - PJM_HTP,325905,200,660,-660
07/07/2019 14:30,SCH - PJM_NEPTUNE,325305,660,660,-660
07/07/2019 14:30,SCH - PJM_VFT,325658,242,315,-315
07/07/2019 14:30,SPR/DUN-SOUTH,23320,3344.83,4350,-9999
07/07/2019 14:30,TOTAL EAST,23314,4179.69,6800,-9999
07/07/2019 14:30,UPNY CONED,23315,3141.64,4800,-9999
07/07/2019 14:30,WEST CENTRAL,23312,695.34,9999,-9999
07/07/2019 14:35,CENTRAL EAST - VC,23330,2298.22,2750,-9999
07/07/2019 14:35,DYSINGER EAST,23326,1281.9,3150,-9999
07/07/2019 14:35,MOSES SOUTH,23319,1859.51,2850,-1600
07/07/2019 14:35,SCH - HQ - NY,23324,1150,1150,-500
07/07/2019 14:35,SCH - HQ_CEDARS,325274,190,190,-40
07/07/2019 14:35,SCH - HQ_IMPORT_EXPORT,325376,850,1310,-9999
07/07/2019 14:35,SCH - NE - NY,23318,-483.67,1400,-1600
07/07/2019 14:35,SCH - NPX_1385,325277,199,200,-200
07/07/2019 14:35,SCH - NPX_CSC,325154,330,330,-330
07/07/2019 14:35,SCH - OH - NY,23317,1110.72,1700,-1400
07/07/2019 14:35,SCH - PJ - NY,23316,615.15,2050,-1150
07/07/2019 14:35,SCH - PJM_HTP,325905,200,660,-660
07/07/2019 14:35,SCH - PJM_NEPTUNE,325305,660,660,-660
07/07/2019 14:35,SCH - PJM_VFT,325658,237,315,-315
07/07/2019 14:35,SPR/DUN-SOUTH,23320,3272.27,4350,-9999
07/07/2019 14:35,TOTAL EAST,23314,4154.73,6800,-9999
07/07/2019 14:35,UPNY CONED,23315,3065.16,4800,-9999
07/07/2019 14:35,WEST CENTRAL,23312,716.2,9999,-9999
07/07/2019 14:40,CENTRAL EAST - VC,23330,2282.56,2750,-9999
07/07/2019 14:40,DYSINGER EAST,23326,1225.05,3150,-9999
07/07/2019 14:40,MOSES SOUTH,23319,1916.29,2850,-1600
07/07/2019 14:40,SCH - HQ - NY,23324,1150,1150,-500
07/07/2019 14:40,SCH - HQ_CEDARS,325274,190,190,-40
07/07/2019 14:40,SCH - HQ_IMPORT_EXPORT,325376,850,1310,-9999
07/07/2019 14:40,SCH - NE - NY,23318,-483.83,1400,-1600
07/07/2019 14:40,SCH - NPX_1385,325277,199,200,-200
07/07/2019 14:40,SCH - NPX_CSC,325154,330,330,-330
07/07/2019 14:40,SCH - OH - NY,23317,1110.66,1700,-1400
07/07/2019 14:40,SCH - PJ - NY,23316,616,2050,-1150
07/07/2019 14:40,SCH - PJM_HTP,325905,200,660,-660
07/07/2019 14:40,SCH - PJM_NEPTUNE,325305,660,660,-660
07/07/2019 14:40,SCH - PJM_VFT,325658,237,315,-315
07/07/2019 14:40,SPR/DUN-SOUTH,23320,3316.07,4350,-9999
07/07/2019 14:40,TOTAL EAST,23314,4183.61,6800,-9999
07/07/2019 14:40,UPNY CONED,23315,3128.33,4800,-9999
07/07/2019 14:40,WEST CENTRAL,23312,661.75,9999,-9999
07/07/2019 14:45,CENTRAL EAST - VC,23330,2253.06,2750,-9999
07/07/2019 14:45,DYSINGER EAST,23326,1206.61,3150,-9999
07/07/2019 14:45,MOSES SOUTH,23319,1851.54,2850,-1600
07/07/2019 14:45,SCH - HQ - NY,23324,1150,1150,-500
07/07/2019 14:45,SCH - HQ_CEDARS,325274,190,190,-40
07/07/2019 14:45,SCH - HQ_IMPORT_EXPORT,325376,850,1310,-9999
07/07/2019 14:45,SCH - NE - NY,23318,-445.01,1400,-1600
07/07/2019 14:45,SCH - NPX_1385,325277,199,200,-200
07/07/2019 14:45,SCH - NPX_CSC,325154,330,330,-330
07/07/2019 14:45,SCH - OH - NY,23317,1110.71,1700,-1400
07/07/2019 14:45,SCH - PJ - NY,23316,590.38,2050,-1150
07/07/2019 14:45,SCH - PJM_HTP,325905,200,660,-660
07/07/2019 14:45,SCH - PJM_NEPTUNE,325305,660,660,-660
07/07/2019 14:45,SCH - PJM_VFT,325658,237,315,-315
07/07/2019 14:45,SPR/DUN-SOUTH,23320,3305.54,4350,-9999
07/07/2019 14:45,TOTAL EAST,23314,4143.14,6800,-9999
07/07/2019 14:45,UPNY CONED,23315,3108.09,4800,-9999
07/07/2019 14:45,WEST CENTRAL,23312,641.4,9999,-9999
07/07/2019 14:50,CENTRAL EAST - VC,23330,2238.56,2750,-9999
07/07/2019 14:50,DYSINGER EAST,23326,1165.99,3150,-9999
07/07/2019 14:50,MOSES SOUTH,23319,1836.54,2850,-1600
07/07/2019 14:50,SCH - HQ - NY,23324,1150,1150,-500
07/07/2019 14:50,SCH - HQ_CEDARS,325274,190,190,-40
07/07/2019 14:50,SCH - HQ_IMPORT_EXPORT,325376,850,1310,-9999
07/07/2019 14:50,SCH - NE - NY,23318,-406.13,1400,-1600
07/07/2019 14:50,SCH - NPX_1385,325277,199,200,-200
07/07/2019 14:50,SCH - NPX_CSC,325154,330,330,-330
07/07/2019 14:50,SCH - OH - NY,23317,1110.68,1700,-1400
07/07/2019 14:50,SCH - PJ - NY,23316,564.65,2050,-1150
07/07/2019 14:50,SCH - PJM_HTP,325905,200,660,-660
07/07/2019 14:50,SCH - PJM_NEPTUNE,325305,660,660,-660
07/07/2019 14:50,SCH - PJM_VFT,325658,237,315,-315
07/07/2019 14:50,SPR/DUN-SOUTH,23320,3236.57,4350,-9999
07/07/2019 14:50,TOTAL EAST,23314,4132.54,6800,-9999
07/07/2019 14:50,UPNY CONED,23315,3030.77,4800,-9999
07/07/2019 14:50,WEST CENTRAL,23312,598.22,9999,-9999
07/07/2019 14:55,CENTRAL EAST - VC,23330,2271.23,2750,-9999
07/07/2019 14:55,DYSINGER EAST,23326,1223.86,3150,-9999
07/07/2019 14:55,MOSES SOUTH,23319,1832.62,2850,-1600
07/07/2019 14:55,SCH - HQ - NY,23324,1150,1150,-500
07/07/2019 14:55,SCH - HQ_CEDARS,325274,190,190,-40
07/07/2019 14:55,SCH - HQ_IMPORT_EXPORT,325376,850,1310,-9999
07/07/2019 14:55,SCH - NE - NY,23318,-405.93,1400,-1600
07/07/2019 14:55,SCH - NPX_1385,325277,199,200,-200
07/07/2019 14:55,SCH - NPX_CSC,325154,330,330,-330
07/07/2019 14:55,SCH - OH - NY,23317,1110.68,1700,-1400
07/07/2019 14:55,SCH - PJ - NY,23316,566.66,2050,-1150
07/07/2019 14:55,SCH - PJM_HTP,325905,200,660,-660
07/07/2019 14:55,SCH - PJM_NEPTUNE,325305,660,660,-660
07/07/2019 14:55,SCH - PJM_VFT,325658,237,315,-315
07/07/2019 14:55,SPR/DUN-SOUTH,23320,3193.68,4350,-9999
07/07/2019 14:55,TOTAL EAST,23314,4136.43,6800,-9999
07/07/2019 14:55,UPNY CONED,23315,2976.47,4800,-9999
07/07/2019 14:55,WEST CENTRAL,23312,652.14,9999,-9999
07/07/2019 15:00,CENTRAL EAST - VC,23330,2255.13,2750,-9999
07/07/2019 15:00,DYSINGER EAST,23326,1170.28,3150,-9999
07/07/2019 15:00,MOSES SOUTH,23319,1828.1,2850,-1600
07/07/2019 15:00,SCH - HQ - NY,23324,1150,1150,-500
07/07/2019 15:00,SCH - HQ_CEDARS,325274,190,190,-40
07/07/2019 15:00,SCH - HQ_IMPORT_EXPORT,325376,850,1310,-9999
07/07/2019 15:00,SCH - NE - NY,23318,-430.82,1400,-1600
07/07/2019 15:00,SCH - NPX_1385,325277,175,200,-200
07/07/2019 15:00,SCH - NPX_CSC,325154,330,330,-330
07/07/2019 15:00,SCH - OH - NY,23317,1196.18,1700,-1400
07/07/2019 15:00,SCH - PJ - NY,23316,622.94,2050,-1150
07/07/2019 15:00,SCH - PJM_HTP,325905,200,660,-660
07/07/2019 15:00,SCH - PJM_NEPTUNE,325305,660,660,-660
07/07/2019 15:00,SCH - PJM_VFT,325658,276,315,-315
07/07/2019 15:00,SPR/DUN-SOUTH,23320,3209.18,4350,-9999
07/07/2019 15:00,TOTAL EAST,23314,4122.39,6800,-9999
07/07/2019 15:00,UPNY CONED,23315,2892.55,4800,-9999
07/07/2019 15:00,WEST CENTRAL,23312,596.54,9999,-9999
07/07/2019 15:05,CENTRAL EAST - VC,23330,2293.94,2750,-9999
07/07/2019 15:05,DYSINGER EAST,23326,1232.4,3150,-9999
07/07/2019 15:05,MOSES SOUTH,23319,1827.2,2850,-1600
07/07/2019 15:05,SCH - HQ - NY,23324,1150,1150,-500
07/07/2019 15:05,SCH - HQ_CEDARS,325274,190,190,-40
07/07/2019 15:05,SCH - HQ_IMPORT_EXPORT,325376,850,1310,-9999
07/07/2019 15:05,SCH - NE - NY,23318,-456.76,1400,-1600
07/07/2019 15:05,SCH - NPX_1385,325277,151,200,-200
07/07/2019 15:05,SCH - NPX_CSC,325154,330,330,-330
07/07/2019 15:05,SCH - OH - NY,23317,1282.64,1700,-1400
07/07/2019 15:05,SCH - PJ - NY,23316,677.59,2050,-1150
07/07/2019 15:05,SCH - PJM_HTP,325905,200,660,-660
07/07/2019 15:05,SCH - PJM_NEPTUNE,325305,660,660,-660
07/07/2019 15:05,SCH - PJM_VFT,325658,315,315,-315
07/07/2019 15:05,SPR/DUN-SOUTH,23320,3204.73,4350,-9999
07/07/2019 15:05,TOTAL EAST,23314,4215.12,6800,-9999
07/07/2019 15:05,UPNY CONED,23315,2914.03,4800,-9999
07/07/2019 15:05,WEST CENTRAL,23312,657.51,9999,-9999
07/07/2019 15:10,CENTRAL EAST - VC,23330,2299.16,2750,-9999
07/07/2019 15:10,DYSINGER EAST,23326,1253.73,3150,-9999
07/07/2019 15:10,MOSES SOUTH,23319,1858.61,2850,-1600
07/07/2019 15:10,SCH - HQ - NY,23324,1150,1150,-500
07/07/2019 15:10,SCH - HQ_CEDARS,325274,190,190,-40
07/07/2019 15:10,SCH - HQ_IMPORT_EXPORT,325376,850,1310,-9999
07/07/2019 15:10,SCH - NE - NY,23318,-456.76,1400,-1600
07/07/2019 15:10,SCH - NPX_1385,325277,151,200,-200
07/07/2019 15:10,SCH - NPX_CSC,325154,330,330,-330
07/07/2019 15:10,SCH - OH - NY,23317,1282.65,1700,-1400
07/07/2019 15:10,SCH - PJ - NY,23316,676.47,2050,-1150
07/07/2019 15:10,SCH - PJM_HTP,325905,200,660,-660
07/07/2019 15:10,SCH - PJM_NEPTUNE,325305,660,660,-660
07/07/2019 15:10,SCH - PJM_VFT,325658,315,315,-315
07/07/2019 15:10,SPR/DUN-SOUTH,23320,3182.96,4350,-9999
07/07/2019 15:10,TOTAL EAST,23314,4171.12,6800,-9999
07/07/2019 15:10,UPNY CONED,23315,2914.84,4800,-9999
07/07/2019 15:10,WEST CENTRAL,23312,679.63,9999,-9999
07/07/2019 15:15,CENTRAL EAST - VC,23330,2350.21,2750,-9999
07/07/2019 15:15,DYSINGER EAST,23326,1233.33,3150,-9999
07/07/2019 15:15,MOSES SOUTH,23319,1846.35,2850,-1600
07/07/2019 15:15,SCH - HQ - NY,23324,1150,1150,-500
07/07/2019 15:15,SCH - HQ_CEDARS,325274,190,190,-40
07/07/2019 15:15,SCH - HQ_IMPORT_EXPORT,325376,850,1310,-9999
07/07/2019 15:15,SCH - NE - NY,23318,-465.41,1400,-1600
07/07/2019 15:15,SCH - NPX_1385,325277,151,200,-200
07/07/2019 15:15,SCH - NPX_CSC,325154,330,330,-330
07/07/2019 15:15,SCH - OH - NY,23317,1282.66,1700,-1400
07/07/2019 15:15,SCH - PJ - NY,23316,622.36,2050,-1150
07/07/2019 15:15,SCH - PJM_HTP,325905,200,660,-660
07/07/2019 15:15,SCH - PJM_NEPTUNE,325305,660,660,-660
07/07/2019 15:15,SCH - PJM_VFT,325658,276,315,-315
07/07/2019 15:15,SPR/DUN-SOUTH,23320,3084.06,4350,-9999
07/07/2019 15:15,TOTAL EAST,23314,4127.64,6800,-9999
07/07/2019 15:15,UPNY CONED,23315,2785.44,4800,-9999
07/07/2019 15:15,WEST CENTRAL,23312,660.83,9999,-9999
07/07/2019 15:20,CENTRAL EAST - VC,23330,2336.95,2750,-9999
07/07/2019 15:20,DYSINGER EAST,23326,1276.3,3150,-9999
07/07/2019 15:20,MOSES SOUTH,23319,1876.27,2850,-1600
07/07/2019 15:20,SCH - HQ - NY,23324,1150,1150,-500
07/07/2019 15:20,SCH - HQ_CEDARS,325274,190,190,-40
07/07/2019 15:20,SCH - HQ_IMPORT_EXPORT,325376,850,1310,-9999
07/07/2019 15:20,SCH - NE - NY,23318,-474.78,1400,-1600
07/07/2019 15:20,SCH - NPX_1385,325277,151,200,-200
07/07/2019 15:20,SCH - NPX_CSC,325154,330,330,-330
07/07/2019 15:20,SCH - OH - NY,23317,1282.68,1700,-1400
07/07/2019 15:20,SCH - PJ - NY,23316,559.59,2050,-1150
07/07/2019 15:20,SCH - PJM_HTP,325905,200,660,-660
07/07/2019 15:20,SCH - PJM_NEPTUNE,325305,660,660,-660
07/07/2019 15:20,SCH - PJM_VFT,325658,237,315,-315
07/07/2019 15:20,SPR/DUN-SOUTH,23320,3181.32,4350,-9999
07/07/2019 15:20,TOTAL EAST,23314,4207.06,6800,-9999
07/07/2019 15:20,UPNY CONED,23315,2893.44,4800,-9999
07/07/2019 15:20,WEST CENTRAL,23312,700.76,9999,-9999
07/07/2019 15:25,CENTRAL EAST - VC,23330,2304.39,2750,-9999
07/07/2019 15:25,DYSINGER EAST,23326,1218.25,3150,-9999
07/07/2019 15:25,MOSES SOUTH,23319,1882.73,2850,-1600
07/07/2019 15:25,SCH - HQ - NY,23324,1150,1150,-500
07/07/2019 15:25,SCH - HQ_CEDARS,325274,190,190,-40
07/07/2019 15:25,SCH - HQ_IMPORT_EXPORT,325376,850,1310,-9999
07/07/2019 15:25,SCH - NE - NY,23318,-474.75,1400,-1600
07/07/2019 15:25,SCH - NPX_1385,325277,151,200,-200
07/07/2019 15:25,SCH - NPX_CSC,325154,330,330,-330
07/07/2019 15:25,SCH - OH - NY,23317,1282.66,1700,-1400
07/07/2019 15:25,SCH - PJ - NY,23316,556.38,2050,-1150
07/07/2019 15:25,SCH - PJM_HTP,325905,200,660,-660
07/07/2019 15:25,SCH - PJM_NEPTUNE,325305,660,660,-660
07/07/2019 15:25,SCH - PJM_VFT,325658,237,315,-315
07/07/2019 15:25,SPR/DUN-SOUTH,23320,3109.22,4350,-9999
07/07/2019 15:25,TOTAL EAST,23314,4065.27,6800,-9999
07/07/2019 15:25,UPNY CONED,23315,2812.89,4800,-9999
07/07/2019 15:25,WEST CENTRAL,23312,640.79,9999,-9999
07/07/2019 15:30,CENTRAL EAST - VC,23330,2342.41,2750,-9999
07/07/2019 15:30,DYSINGER EAST,23326,1290.68,3150,-9999
07/07/2019 15:30,MOSES SOUTH,23319,1864,2850,-1600
07/07/2019 15:30,SCH - HQ - NY,23324,1150,1150,-500
07/07/2019 15:30,SCH - HQ_CEDARS,325274,190,190,-40
07/07/2019 15:30,SCH - HQ_IMPORT_EXPORT,325376,850,1310,-9999
07/07/2019 15:30,SCH - NE - NY,23318,-496.84,1400,-1600
07/07/2019 15:30,SCH - NPX_1385,325277,151,200,-200
07/07/2019 15:30,SCH - NPX_CSC,325154,330,330,-330
07/07/2019 15:30,SCH - OH - NY,23317,1282.68,1700,-1400
07/07/2019 15:30,SCH - PJ - NY,23316,557.8,2050,-1150
07/07/2019 15:30,SCH - PJM_HTP,325905,200,660,-660
07/07/2019 15:30,SCH - PJM_NEPTUNE,325305,660,660,-660
07/07/2019 15:30,SCH - PJM_VFT,325658,237,315,-315
07/07/2019 15:30,SPR/DUN-SOUTH,23320,3176.31,4350,-9999
07/07/2019 15:30,TOTAL EAST,23314,4201.72,6800,-9999
07/07/2019 15:30,UPNY CONED,23315,2893.66,4800,-9999
07/07/2019 15:30,WEST CENTRAL,23312,714.59,9999,-9999
07/07/2019 15:35,CENTRAL EAST - VC,23330,2340.89,2750,-9999
07/07/2019 15:35,DYSINGER EAST,23326,1295.55,3150,-9999
07/07/2019 15:35,MOSES SOUTH,23319,1848.46,2850,-1600
07/07/2019 15:35,SCH - HQ - NY,23324,1150,1150,-500
07/07/2019 15:35,SCH - HQ_CEDARS,325274,190,190,-40
07/07/2019 15:35,SCH - HQ_IMPORT_EXPORT,325376,850,1310,-9999
07/07/2019 15:35,SCH - NE - NY,23318,-519.62,1400,-1600
07/07/2019 15:35,SCH - NPX_1385,325277,151,200,-200
07/07/2019 15:35,SCH - NPX_CSC,325154,330,330,-330
07/07/2019 15:35,SCH - OH - NY,23317,1282.66,1700,-1400
07/07/2019 15:35,SCH - PJ - NY,23316,557.55,2050,-1150
07/07/2019 15:35,SCH - PJM_HTP,325905,200,660,-660
07/07/2019 15:35,SCH - PJM_NEPTUNE,325305,660,660,-660
07/07/2019 15:35,SCH - PJM_VFT,325658,237,315,-315
07/07/2019 15:35,SPR/DUN-SOUTH,23320,3160.2,4350,-9999
07/07/2019 15:35,TOTAL EAST,23314,4180.73,6800,-9999
07/07/2019 15:35,UPNY CONED,23315,2874.18,4800,-9999
07/07/2019 15:35,WEST CENTRAL,23312,715.56,9999,-9999
07/07/2019 15:40,CENTRAL EAST - VC,23330,2341.75,2750,-9999
07/07/2019 15:40,DYSINGER EAST,23326,1273.3,3150,-9999
07/07/2019 15:40,MOSES SOUTH,23319,1840.52,2850,-1600
07/07/2019 15:40,SCH - HQ - NY,23324,1150,1150,-500
07/07/2019 15:40,SCH - HQ_CEDARS,325274,190,190,-40
07/07/2019 15:40,SCH - HQ_IMPORT_EXPORT,325376,850,1310,-9999
07/07/2019 15:40,SCH - NE - NY,23318,-519.59,1400,-1600
07/07/2019 15:40,SCH - NPX_1385,325277,151,200,-200
07/07/2019 15:40,SCH - NPX_CSC,325154,330,330,-330
07/07/2019 15:40,SCH - OH - NY,23317,1282.64,1700,-1400
07/07/2019 15:40,SCH - PJ - NY,23316,559.49,2050,-1150
07/07/2019 15:40,SCH - PJM_HTP,325905,200,660,-660
07/07/2019 15:40,SCH - PJM_NEPTUNE,325305,660,660,-660
07/07/2019 15:40,SCH - PJM_VFT,325658,237,315,-315
07/07/2019 15:40,SPR/DUN-SOUTH,23320,3176.46,4350,-9999
07/07/2019 15:40,TOTAL EAST,23314,4199.87,6800,-9999
07/07/2019 15:40,UPNY CONED,23315,2884.69,4800,-9999
07/07/2019 15:40,WEST CENTRAL,23312,690.49,9999,-9999
07/07/2019 15:45,CENTRAL EAST - VC,23330,2353.67,2750,-9999
07/07/2019 15:45,DYSINGER EAST,23326,1288.96,3150,-9999
07/07/2019 15:45,MOSES SOUTH,23319,1845.34,2850,-1600
07/07/2019 15:45,SCH - HQ - NY,23324,1150,1150,-500
07/07/2019 15:45,SCH - HQ_CEDARS,325274,190,190,-40
07/07/2019 15:45,SCH - HQ_IMPORT_EXPORT,325376,850,1310,-9999
07/07/2019 15:45,SCH - NE - NY,23318,-487.72,1400,-1600
07/07/2019 15:45,SCH - NPX_1385,325277,151,200,-200
07/07/2019 15:45,SCH - NPX_CSC,325154,330,330,-330
07/07/2019 15:45,SCH - OH - NY,23317,1282.67,1700,-1400
07/07/2019 15:45,SCH - PJ - NY,23316,554.76,2050,-1150
07/07/2019 15:45,SCH - PJM_HTP,325905,200,660,-660
07/07/2019 15:45,SCH - PJM_NEPTUNE,325305,660,660,-660
07/07/2019 15:45,SCH - PJM_VFT,325658,237,315,-315
07/07/2019 15:45,SPR/DUN-SOUTH,23320,3134.34,4350,-9999
07/07/2019 15:45,TOTAL EAST,23314,4191.52,6800,-9999
07/07/2019 15:45,UPNY CONED,23315,2856.34,4800,-9999
07/07/2019 15:45,WEST CENTRAL,23312,704.77,9999,-9999
07/07/2019 15:50,CENTRAL EAST - VC,23330,2324.3,2750,-9999
07/07/2019 15:50,DYSINGER EAST,23326,1283.76,3150,-9999
07/07/2019 15:50,MOSES SOUTH,23319,1843.07,2850,-1600
07/07/2019 15:50,SCH - HQ - NY,23324,1150,1150,-500
07/07/2019 15:50,SCH - HQ_CEDARS,325274,190,190,-40
07/07/2019 15:50,SCH - HQ_IMPORT_EXPORT,325376,850,1310,-9999
07/07/2019 15:50,SCH - NE - NY,23318,-455.94,1400,-1600
07/07/2019 15:50,SCH - NPX_1385,325277,151,200,-200
07/07/2019 15:50,SCH - NPX_CSC,325154,330,330,-330
07/07/2019 15:50,SCH - OH - NY,23317,1282.67,1700,-1400
07/07/2019 15:50,SCH - PJ - NY,23316,554.98,2050,-1150
07/07/2019 15:50,SCH - PJM_HTP,325905,200,660,-660
07/07/2019 15:50,SCH - PJM_NEPTUNE,325305,660,660,-660
07/07/2019 15:50,SCH - PJM_VFT,325658,237,315,-315
07/07/2019 15:50,SPR/DUN-SOUTH,23320,3211.68,4350,-9999
07/07/2019 15:50,TOTAL EAST,23314,4234.48,6800,-9999
07/07/2019 15:50,UPNY CONED,23315,2955.23,4800,-9999
07/07/2019 15:50,WEST CENTRAL,23312,694.72,9999,-9999
07/07/2019 15:55,CENTRAL EAST - VC,23330,2320.48,2750,-9999
07/07/2019 15:55,DYSINGER EAST,23326,1278.02,3150,-9999
07/07/2019 15:55,MOSES SOUTH,23319,1860.02,2850,-1600
07/07/2019 15:55,SCH - HQ - NY,23324,1150,1150,-500
07/07/2019 15:55,SCH - HQ_CEDARS,325274,190,190,-40
07/07/2019 15:55,SCH - HQ_IMPORT_EXPORT,325376,850,1310,-9999
07/07/2019 15:55,SCH - NE - NY,23318,-456.02,1400,-1600
07/07/2019 15:55,SCH - NPX_1385,325277,151,200,-200
07/07/2019 15:55,SCH - NPX_CSC,325154,330,330,-330
07/07/2019 15:55,SCH - OH - NY,23317,1282.69,1700,-1400
07/07/2019 15:55,SCH - PJ - NY,23316,556,2050,-1150
07/07/2019 15:55,SCH - PJM_HTP,325905,200,660,-660
07/07/2019 15:55,SCH - PJM_NEPTUNE,325305,660,660,-660
07/07/2019 15:55,SCH - PJM_VFT,325658,237,315,-315
07/07/2019 15:55,SPR/DUN-SOUTH,23320,3214.73,4350,-9999
07/07/2019 15:55,TOTAL EAST,23314,4222.11,6800,-9999
07/07/2019 15:55,UPNY CONED,23315,2960.81,4800,-9999
07/07/2019 15:55,WEST CENTRAL,23312,685.29,9999,-9999
07/07/2019 16:00,CENTRAL EAST - VC,23330,2238.11,2750,-9999
07/07/2019 16:00,DYSINGER EAST,23326,1196.21,3150,-9999
07/07/2019 16:00,MOSES SOUTH,23319,1852.98,2850,-1600
07/07/2019 16:00,SCH - HQ - NY,23324,1150,1150,-500
07/07/2019 16:00,SCH - HQ_CEDARS,325274,190,190,-40
07/07/2019 16:00,SCH - HQ_IMPORT_EXPORT,325376,850,1310,-9999
07/07/2019 16:00,SCH - NE - NY,23318,-306.48,1400,-1600
07/07/2019 16:00,SCH - NPX_1385,325277,174,200,-200
07/07/2019 16:00,SCH - NPX_CSC,325154,330,330,-330
07/07/2019 16:00,SCH - OH - NY,23317,1225.05,1700,-1400
07/07/2019 16:00,SCH - PJ - NY,23316,421.84,2050,-1150
07/07/2019 16:00,SCH - PJM_HTP,325905,150,660,-660
07/07/2019 16:00,SCH - PJM_NEPTUNE,325305,660,660,-660
07/07/2019 16:00,SCH - PJM_VFT,325658,174,315,-315
07/07/2019 16:00,SPR/DUN-SOUTH,23320,3209.14,4350,-9999
07/07/2019 16:00,TOTAL EAST,23314,4000.91,6800,-9999
07/07/2019 16:00,UPNY CONED,23315,2915.46,4800,-9999
07/07/2019 16:00,WEST CENTRAL,23312,603.22,9999,-9999
07/07/2019 16:05,CENTRAL EAST - VC,23330,2145.97,2750,-9999
07/07/2019 16:05,DYSINGER EAST,23326,1054.37,3150,-9999
07/07/2019 16:05,MOSES SOUTH,23319,1926.25,2850,-1600
07/07/2019 16:05,SCH - HQ - NY,23324,1150,1150,-500
07/07/2019 16:05,SCH - HQ_CEDARS,325274,190,190,-40
07/07/2019 16:05,SCH - HQ_IMPORT_EXPORT,325376,850,1310,-9999
07/07/2019 16:05,SCH - NE - NY,23318,-156.78,1400,-1600
07/07/2019 16:05,SCH - NPX_1385,325277,197,200,-200
07/07/2019 16:05,SCH - NPX_CSC,325154,330,330,-330
07/07/2019 16:05,SCH - OH - NY,23317,1168.3,1700,-1400
07/07/2019 16:05,SCH - PJ - NY,23316,285.87,2050,-1150
07/07/2019 16:05,SCH - PJM_HTP,325905,100,660,-660
07/07/2019 16:05,SCH - PJM_NEPTUNE,325305,660,660,-660
07/07/2019 16:05,SCH - PJM_VFT,325658,112,315,-315
07/07/2019 16:05,SPR/DUN-SOUTH,23320,3226.33,4350,-9999
07/07/2019 16:05,TOTAL EAST,23314,3764.17,6800,-9999
07/07/2019 16:05,UPNY CONED,23315,2909.9,4800,-9999
07/07/2019 16:05,WEST CENTRAL,23312,464.17,9999,-9999
07/07/2019 16:10,CENTRAL EAST - VC,23330,2156.67,2750,-9999
07/07/2019 16:10,DYSINGER EAST,23326,1115.71,3150,-9999
07/07/2019 16:10,MOSES SOUTH,23319,1831.54,2850,-1600
07/07/2019 16:10,SCH - HQ - NY,23324,1150,1150,-500
07/07/2019 16:10,SCH - HQ_CEDARS,325274,190,190,-40
07/07/2019 16:10,SCH - HQ_IMPORT_EXPORT,325376,850,1310,-9999
07/07/2019 16:10,SCH - NE - NY,23318,-156.64,1400,-1600
07/07/2019 16:10,SCH - NPX_1385,325277,197,200,-200
07/07/2019 16:10,SCH - NPX_CSC,325154,330,330,-330
07/07/2019 16:10,SCH - OH - NY,23317,1168.33,1700,-1400
07/07/2019 16:10,SCH - PJ - NY,23316,284.9,2050,-1150
07/07/2019 16:10,SCH - PJM_HTP,325905,100,660,-660
07/07/2019 16:10,SCH - PJM_NEPTUNE,325305,660,660,-660
07/07/2019 16:10,SCH - PJM_VFT,325658,112,315,-315
07/07/2019 16:10,SPR/DUN-SOUTH,23320,3103.85,4350,-9999
07/07/2019 16:10,TOTAL EAST,23314,3718.18,6800,-9999
07/07/2019 16:10,UPNY CONED,23315,2771.92,4800,-9999
07/07/2019 16:10,WEST CENTRAL,23312,521.46,9999,-9999
07/07/2019 16:15,CENTRAL EAST - VC,23330,2135.68,2750,-9999
07/07/2019 16:15,DYSINGER EAST,23326,1184.47,3150,-9999
07/07/2019 16:15,MOSES SOUTH,23319,1818.6,2850,-1600
07/07/2019 16:15,SCH - HQ - NY,23324,1150,1150,-500
07/07/2019 16:15,SCH - HQ_CEDARS,325274,190,190,-40
07/07/2019 16:15,SCH - HQ_IMPORT_EXPORT,325376,850,1310,-9999
07/07/2019 16:15,SCH - NE - NY,23318,-88.85,1400,-1600
07/07/2019 16:15,SCH - NPX_1385,325277,197,200,-200
07/07/2019 16:15,SCH - NPX_CSC,325154,330,330,-330
07/07/2019 16:15,SCH - OH - NY,23317,1168.4,1700,-1400
07/07/2019 16:15,SCH - PJ - NY,23316,284.1,2050,-1150
07/07/2019 16:15,SCH - PJM_HTP,325905,100,660,-660
07/07/2019 16:15,SCH - PJM_NEPTUNE,325305,660,660,-660
07/07/2019 16:15,SCH - PJM_VFT,325658,100,315,-315
07/07/2019 16:15,SPR/DUN-SOUTH,23320,3165.95,4350,-9999
07/07/2019 16:15,TOTAL EAST,23314,3767.48,6800,-9999
07/07/2019 16:15,UPNY CONED,23315,2869.95,4800,-9999
07/07/2019 16:15,WEST CENTRAL,23312,583.58,9999,-9999
07/07/2019 16:20,CENTRAL EAST - VC,23330,2130.77,2750,-9999
07/07/2019 16:20,DYSINGER EAST,23326,1180.41,3150,-9999
07/07/2019 16:20,MOSES SOUTH,23319,1808.88,2850,-1600
07/07/2019 16:20,SCH - HQ - NY,23324,1150,1150,-500
07/07/2019 16:20,SCH - HQ_CEDARS,325274,190,190,-40
07/07/2019 16:20,SCH - HQ_IMPORT_EXPORT,325376,850,1310,-9999
07/07/2019 16:20,SCH - NE - NY,23318,-14.72,1400,-1600
07/07/2019 16:20,SCH - NPX_1385,325277,197,200,-200
07/07/2019 16:20,SCH - NPX_CSC,325154,330,330,-330
07/07/2019 16:20,SCH - OH - NY,23317,1168.36,1700,-1400
07/07/2019 16:20,SCH - PJ - NY,23316,288.75,2050,-1150
07/07/2019 16:20,SCH - PJM_HTP,325905,100,660,-660
07/07/2019 16:20,SCH - PJM_NEPTUNE,325305,660,660,-660
07/07/2019 16:20,SCH - PJM_VFT,325658,88,315,-315
07/07/2019 16:20,SPR/DUN-SOUTH,23320,3130.41,4350,-9999
07/07/2019 16:20,TOTAL EAST,23314,3714.65,6800,-9999
07/07/2019 16:20,UPNY CONED,23315,2834.86,4800,-9999
07/07/2019 16:20,WEST CENTRAL,23312,576.54,9999,-9999
07/07/2019 16:25,CENTRAL EAST - VC,23330,2129.7,2750,-9999
07/07/2019 16:25,DYSINGER EAST,23326,1164.81,3150,-9999
07/07/2019 16:25,MOSES SOUTH,23319,1794.39,2850,-1600
07/07/2019 16:25,SCH - HQ - NY,23324,1150,1150,-500
07/07/2019 16:25,SCH - HQ_CEDARS,325274,190,190,-40
07/07/2019 16:25,SCH - HQ_IMPORT_EXPORT,325376,850,1310,-9999
07/07/2019 16:25,SCH - NE - NY,23318,-16.53,1400,-1600
07/07/2019 16:25,SCH - NPX_1385,325277,197,200,-200
07/07/2019 16:25,SCH - NPX_CSC,325154,330,330,-330
07/07/2019 16:25,SCH - OH - NY,23317,1168.3,1700,-1400
07/07/2019 16:25,SCH - PJ - NY,23316,289.25,2050,-1150
07/07/2019 16:25,SCH - PJM_HTP,325905,100,660,-660
07/07/2019 16:25,SCH - PJM_NEPTUNE,325305,660,660,-660
07/07/2019 16:25,SCH - PJM_VFT,325658,88,315,-315
07/07/2019 16:25,SPR/DUN-SOUTH,23320,3085.54,4350,-9999
07/07/2019 16:25,TOTAL EAST,23314,3680.41,6800,-9999
07/07/2019 16:25,UPNY CONED,23315,2800.66,4800,-9999
07/07/2019 16:25,WEST CENTRAL,23312,554.93,9999,-9999
07/07/2019 16:30,CENTRAL EAST - VC,23330,2130.73,2750,-9999
07/07/2019 16:30,DYSINGER EAST,23326,1172.22,3150,-9999
07/07/2019 16:30,MOSES SOUTH,23319,1807.52,2850,-1600
07/07/2019 16:30,SCH - HQ - NY,23324,1150,1150,-500
07/07/2019 16:30,SCH - HQ_CEDARS,325274,190,190,-40
07/07/2019 16:30,SCH - HQ_IMPORT_EXPORT,325376,850,1310,-9999
07/07/2019 16:30,SCH - NE - NY,23318,-64.85,1400,-1600
07/07/2019 16:30,SCH - NPX_1385,325277,197,200,-200
07/07/2019 16:30,SCH - NPX_CSC,325154,330,330,-330
07/07/2019 16:30,SCH - OH - NY,23317,1168.34,1700,-1400
07/07/2019 16:30,SCH - PJ - NY,23316,274.08,2050,-1150
07/07/2019 16:30,SCH - PJM_HTP,325905,100,660,-660
07/07/2019 16:30,SCH - PJM_NEPTUNE,325305,660,660,-660
07/07/2019 16:30,SCH - PJM_VFT,325658,195,315,-315
07/07/2019 16:30,SPR/DUN-SOUTH,23320,3076.36,4350,-9999
07/07/2019 16:30,TOTAL EAST,23314,3693.55,6800,-9999
07/07/2019 16:30,UPNY CONED,23315,2819.9,4800,-9999
07/07/2019 16:30,WEST CENTRAL,23312,562.25,9999,-9999
07/07/2019 16:35,CENTRAL EAST - VC,23330,2169.8,2750,-9999
07/07/2019 16:35,DYSINGER EAST,23326,1155.8,3150,-9999
07/07/2019 16:35,MOSES SOUTH,23319,1801.17,3150,-1600
07/07/2019 16:35,SCH - HQ - NY,23324,1150,1500,-800
07/07/2019 16:35,SCH - HQ_CEDARS,325274,190,190,-40
07/07/2019 16:35,SCH - HQ_IMPORT_EXPORT,325376,850,1310,-9999
07/07/2019 16:35,SCH - NE - NY,23318,-105.43,1400,-1600
07/07/2019 16:35,SCH - NPX_1385,325277,197,200,-200
07/07/2019 16:35,SCH - NPX_CSC,325154,330,330,-330
07/07/2019 16:35,SCH - OH - NY,23317,1168.24,1700,-1400
07/07/2019 16:35,SCH - PJ - NY,23316,236.02,2050,-1150
07/07/2019 16:35,SCH - PJM_HTP,325905,100,660,-660
07/07/2019 16:35,SCH - PJM_NEPTUNE,325305,660,660,-660
07/07/2019 16:35,SCH - PJM_VFT,325658,303,315,-315
07/07/2019 16:35,SPR/DUN-SOUTH,23320,2923.01,4350,-9999
07/07/2019 16:35,TOTAL EAST,23314,3576.68,6800,-9999
07/07/2019 16:35,UPNY CONED,23315,2650.42,4800,-9999
07/07/2019 16:35,WEST CENTRAL,23312,542.05,9999,-9999
07/07/2019 16:40,CENTRAL EAST - VC,23330,2173.32,2750,-9999
07/07/2019 16:40,DYSINGER EAST,23326,1185.96,3150,-9999
07/07/2019 16:40,MOSES SOUTH,23319,1774.54,3150,-1600
07/07/2019 16:40,SCH - HQ - NY,23324,1150,1500,-800
07/07/2019 16:40,SCH - HQ_CEDARS,325274,190,190,-40
07/07/2019 16:40,SCH - HQ_IMPORT_EXPORT,325376,850,1310,-9999
07/07/2019 16:40,SCH - NE - NY,23318,-105.74,1400,-1600
07/07/2019 16:40,SCH - NPX_1385,325277,197,200,-200
07/07/2019 16:40,SCH - NPX_CSC,325154,330,330,-330
07/07/2019 16:40,SCH - OH - NY,23317,1168.26,1700,-1400
07/07/2019 16:40,SCH - PJ - NY,23316,233.5,2050,-1150
07/07/2019 16:40,SCH - PJM_HTP,325905,100,660,-660
07/07/2019 16:40,SCH - PJM_NEPTUNE,325305,660,660,-660
07/07/2019 16:40,SCH - PJM_VFT,325658,303,315,-315
07/07/2019 16:40,SPR/DUN-SOUTH,23320,2981.44,4350,-9999
07/07/2019 16:40,TOTAL EAST,23314,3679.67,6800,-9999
07/07/2019 16:40,UPNY CONED,23315,2738.7,4800,-9999
07/07/2019 16:40,WEST CENTRAL,23312,571.59,9999,-9999
07/07/2019 16:45,CENTRAL EAST - VC,23330,2152.28,2750,-9999
07/07/2019 16:45,DYSINGER EAST,23326,1192.33,3150,-9999
07/07/2019 16:45,MOSES SOUTH,23319,1751.91,3150,-1600
07/07/2019 16:45,SCH - HQ - NY,23324,1150,1500,-800
07/07/2019 16:45,SCH - HQ_CEDARS,325274,190,190,-40
07/07/2019 16:45,SCH - HQ_IMPORT_EXPORT,325376,850,1310,-9999
07/07/2019 16:45,SCH - NE - NY,23318,-110.79,1400,-1600
07/07/2019 16:45,SCH - NPX_1385,325277,197,200,-200
07/07/2019 16:45,SCH - NPX_CSC,325154,330,330,-330
07/07/2019 16:45,SCH - OH - NY,23317,1168.28,1700,-1400
07/07/2019 16:45,SCH - PJ - NY,23316,234.33,2050,-1150
07/07/2019 16:45,SCH - PJM_HTP,325905,100,660,-660
07/07/2019 16:45,SCH - PJM_NEPTUNE,325305,660,660,-660
07/07/2019 16:45,SCH - PJM_VFT,325658,309,315,-315
07/07/2019 16:45,SPR/DUN-SOUTH,23320,3019.96,4350,-9999
07/07/2019 16:45,TOTAL EAST,23314,3648.31,6800,-9999
07/07/2019 16:45,UPNY CONED,23315,2774.53,4800,-9999
07/07/2019 16:45,WEST CENTRAL,23312,572.98,9999,-9999
07/07/2019 16:50,CENTRAL EAST - VC,23330,2172.67,2750,-9999
07/07/2019 16:50,DYSINGER EAST,23326,1205.79,3150,-9999
07/07/2019 16:50,MOSES SOUTH,23319,1735.8,3150,-1600
07/07/2019 16:50,SCH - HQ - NY,23324,1150,1500,-800
07/07/2019 16:50,SCH - HQ_CEDARS,325274,190,190,-40
07/07/2019 16:50,SCH - HQ_IMPORT_EXPORT,325376,850,1310,-9999
07/07/2019 16:50,SCH - NE - NY,23318,-115.68,1400,-1600
07/07/2019 16:50,SCH - NPX_1385,325277,197,200,-200
07/07/2019 16:50,SCH - NPX_CSC,325154,330,330,-330
07/07/2019 16:50,SCH - OH - NY,23317,1168.26,1700,-1400
07/07/2019 16:50,SCH - PJ - NY,23316,233.47,2050,-1150
07/07/2019 16:50,SCH - PJM_HTP,325905,100,660,-660
07/07/2019 16:50,SCH - PJM_NEPTUNE,325305,660,660,-660
07/07/2019 16:50,SCH - PJM_VFT,325658,315,315,-315
07/07/2019 16:50,SPR/DUN-SOUTH,23320,2920.17,4350,-9999
07/07/2019 16:50,TOTAL EAST,23314,3574.28,6800,-9999
07/07/2019 16:50,UPNY CONED,23315,2666.69,4800,-9999
07/07/2019 16:50,WEST CENTRAL,23312,584.27,9999,-9999
07/07/2019 16:55,CENTRAL EAST - VC,23330,2170.22,2750,-9999
07/07/2019 16:55,DYSINGER EAST,23326,1254.17,3150,-9999
07/07/2019 16:55,MOSES SOUTH,23319,1737.03,3150,-1600
07/07/2019 16:55,SCH - HQ - NY,23324,1150,1500,-800
07/07/2019 16:55,SCH - HQ_CEDARS,325274,190,190,-40
07/07/2019 16:55,SCH - HQ_IMPORT_EXPORT,325376,850,1310,-9999
07/07/2019 16:55,SCH - NE - NY,23318,-115.77,1400,-1600
07/07/2019 16:55,SCH - NPX_1385,325277,197,200,-200
07/07/2019 16:55,SCH - NPX_CSC,325154,330,330,-330
07/07/2019 16:55,SCH - OH - NY,23317,1168.31,1700,-1400
07/07/2019 16:55,SCH - PJ - NY,23316,236.52,2050,-1150
07/07/2019 16:55,SCH - PJM_HTP,325905,100,660,-660
07/07/2019 16:55,SCH - PJM_NEPTUNE,325305,660,660,-660
07/07/2019 16:55,SCH - PJM_VFT,325658,315,315,-315
07/07/2019 16:55,SPR/DUN-SOUTH,23320,2929.87,4350,-9999
07/07/2019 16:55,TOTAL EAST,23314,3580.56,6800,-9999
07/07/2019 16:55,UPNY CONED,23315,2678.24,4800,-9999
07/07/2019 16:55,WEST CENTRAL,23312,626.57,9999,-9999
07/07/2019 17:00,CENTRAL EAST - VC,23330,2186.31,2750,-9999
07/07/2019 17:00,DYSINGER EAST,23326,1250.1,3150,-9999
07/07/2019 17:00,MOSES SOUTH,23319,1734.85,3150,-1600
07/07/2019 17:00,SCH - HQ - NY,23324,1150,1500,-800
07/07/2019 17:00,SCH - HQ_CEDARS,325274,190,190,-40
07/07/2019 17:00,SCH - HQ_IMPORT_EXPORT,325376,850,1310,-9999
07/07/2019 17:00,SCH - NE - NY,23318,-260.56,1400,-1600
07/07/2019 17:00,SCH - NPX_1385,325277,198,200,-200
07/07/2019 17:00,SCH - NPX_CSC,325154,330,330,-330
07/07/2019 17:00,SCH - OH - NY,23317,1249.81,1700,-1400
07/07/2019 17:00,SCH - PJ - NY,23316,470.7,2050,-1150
07/07/2019 17:00,SCH - PJM_HTP,325905,100,660,-660
07/07/2019 17:00,SCH - PJM_NEPTUNE,325305,660,660,-660
07/07/2019 17:00,SCH - PJM_VFT,325658,192,315,-315
07/07/2019 17:00,SPR/DUN-SOUTH,23320,2877.72,4350,-9999
07/07/2019 17:00,TOTAL EAST,23314,3714.1,6800,-9999
07/07/2019 17:00,UPNY CONED,23315,2612.8,4800,-9999
07/07/2019 17:00,WEST CENTRAL,23312,621.72,9999,-9999
07/07/2019 17:05,CENTRAL EAST - VC,23330,2249.94,2750,-9999
07/07/2019 17:05,DYSINGER EAST,23326,1389.23,3150,-9999
07/07/2019 17:05,MOSES SOUTH,23319,1741.08,3150,-1600
07/07/2019 17:05,SCH - HQ - NY,23324,1150,1500,-800
07/07/2019 17:05,SCH - HQ_CEDARS,325274,190,190,-40
07/07/2019 17:05,SCH - HQ_IMPORT_EXPORT,325376,850,1310,-9999
07/07/2019 17:05,SCH - NE - NY,23318,-406.13,1400,-1600
07/07/2019 17:05,SCH - NPX_1385,325277,199,200,-200
07/07/2019 17:05,SCH - NPX_CSC,325154,330,330,-330
07/07/2019 17:05,SCH - OH - NY,23317,1332.19,1700,-1400
07/07/2019 17:05,SCH - PJ - NY,23316,705.06,2050,-1150
07/07/2019 17:05,SCH - PJM_HTP,325905,100,660,-660
07/07/2019 17:05,SCH - PJM_NEPTUNE,325305,660,660,-660
07/07/2019 17:05,SCH - PJM_VFT,325658,70,315,-315
07/07/2019 17:05,SPR/DUN-SOUTH,23320,2912.76,4350,-9999
07/07/2019 17:05,TOTAL EAST,23314,3833.99,6800,-9999
07/07/2019 17:05,UPNY CONED,23315,2632.55,4800,-9999
07/07/2019 17:05,WEST CENTRAL,23312,758.87,9999,-9999
07/07/2019 17:10,CENTRAL EAST - VC,23330,2328.58,2750,-9999
07/07/2019 17:10,DYSINGER EAST,23326,1368.78,3150,-9999
07/07/2019 17:10,MOSES SOUTH,23319,1765.76,3150,-1600
07/07/2019 17:10,SCH - HQ - NY,23324,1150,1500,-800
07/07/2019 17:10,SCH - HQ_CEDARS,325274,190,190,-40
07/07/2019 17:10,SCH - HQ_IMPORT_EXPORT,325376,850,1310,-9999
07/07/2019 17:10,SCH - NE - NY,23318,-406.02,1400,-1600
07/07/2019 17:10,SCH - NPX_1385,325277,199,200,-200
07/07/2019 17:10,SCH - NPX_CSC,325154,330,330,-330
07/07/2019 17:10,SCH - OH - NY,23317,1332.27,1700,-1400
07/07/2019 17:10,SCH - PJ - NY,23316,703.78,2050,-1150
07/07/2019 17:10,SCH - PJM_HTP,325905,100,660,-660
07/07/2019 17:10,SCH - PJM_NEPTUNE,325305,660,660,-660
07/07/2019 17:10,SCH - PJM_VFT,325658,70,315,-315
07/07/2019 17:10,SPR/DUN-SOUTH,23320,2973.11,4350,-9999
07/07/2019 17:10,TOTAL EAST,23314,3999.6,6800,-9999
07/07/2019 17:10,UPNY CONED,23315,2704.02,4800,-9999
07/07/2019 17:10,WEST CENTRAL,23312,736.16,9999,-9999
07/07/2019 17:15,CENTRAL EAST - VC,23330,2365.31,2750,-9999
07/07/2019 17:15,DYSINGER EAST,23326,1396.62,3150,-9999
07/07/2019 17:15,MOSES SOUTH,23319,1826.93,3150,-1600
07/07/2019 17:15,SCH - HQ - NY,23324,1150,1500,-800
07/07/2019 17:15,SCH - HQ_CEDARS,325274,190,190,-40
07/07/2019 17:15,SCH - HQ_IMPORT_EXPORT,325376,850,1310,-9999
07/07/2019 17:15,SCH - NE - NY,23318,-471.17,1400,-1600
07/07/2019 17:15,SCH - NPX_1385,325277,199,200,-200
07/07/2019 17:15,SCH - NPX_CSC,325154,330,330,-330
07/07/2019 17:15,SCH - OH - NY,23317,1332.35,1700,-1400
07/07/2019 17:15,SCH - PJ - NY,23316,701.07,2050,-1150
07/07/2019 17:15,SCH - PJM_HTP,325905,100,660,-660
07/07/2019 17:15,SCH - PJM_NEPTUNE,325305,660,660,-660
07/07/2019 17:15,SCH - PJM_VFT,325658,192,315,-315
07/07/2019 17:15,SPR/DUN-SOUTH,23320,2962.61,4350,-9999
07/07/2019 17:15,TOTAL EAST,23314,4131.18,6800,-9999
07/07/2019 17:15,UPNY CONED,23315,2723.59,4800,-9999
07/07/2019 17:15,WEST CENTRAL,23312,763.25,9999,-9999
07/07/2019 17:20,CENTRAL EAST - VC,23330,2349.1,2750,-9999
07/07/2019 17:20,DYSINGER EAST,23326,1411.17,3150,-9999
07/07/2019 17:20,MOSES SOUTH,23319,1823.84,3150,-1600
07/07/2019 17:20,SCH - HQ - NY,23324,1150,1500,-800
07/07/2019 17:20,SCH - HQ_CEDARS,325274,190,190,-40
07/07/2019 17:20,SCH - HQ_IMPORT_EXPORT,325376,850,1310,-9999
07/07/2019 17:20,SCH - NE - NY,23318,-537.25,1400,-1600
07/07/2019 17:20,SCH - NPX_1385,325277,199,200,-200
07/07/2019 17:20,SCH - NPX_CSC,325154,330,330,-330
07/07/2019 17:20,SCH - OH - NY,23317,1332.34,1700,-1400
07/07/2019 17:20,SCH - PJ - NY,23316,707.02,2050,-1150
07/07/2019 17:20,SCH - PJM_HTP,325905,100,660,-660
07/07/2019 17:20,SCH - PJM_NEPTUNE,325305,660,660,-660
07/07/2019 17:20,SCH - PJM_VFT,325658,315,315,-315
07/07/2019 17:20,SPR/DUN-SOUTH,23320,3019.02,4350,-9999
07/07/2019 17:20,TOTAL EAST,23314,4202.96,6800,-9999
07/07/2019 17:20,UPNY CONED,23315,2798.16,4800,-9999
07/07/2019 17:20,WEST CENTRAL,23312,775.67,9999,-9999
07/07/2019 17:25,CENTRAL EAST - VC,23330,2381.11,2750,-9999
07/07/2019 17:25,DYSINGER EAST,23326,1415.73,3150,-9999
07/07/2019 17:25,MOSES SOUTH,23319,1814.27,3150,-1600
07/07/2019 17:25,SCH - HQ - NY,23324,1150,1500,-800
07/07/2019 17:25,SCH - HQ_CEDARS,325274,190,190,-40
07/07/2019 17:25,SCH - HQ_IMPORT_EXPORT,325376,850,1310,-9999
07/07/2019 17:25,SCH - NE - NY,23318,-537.21,1400,-1600
07/07/2019 17:25,SCH - NPX_1385,325277,199,200,-200
07/07/2019 17:25,SCH - NPX_CSC,325154,330,330,-330
07/07/2019 17:25,SCH - OH - NY,23317,1332.35,1700,-1400
07/07/2019 17:25,SCH - PJ - NY,23316,702.18,2050,-1150
07/07/2019 17:25,SCH - PJM_HTP,325905,100,660,-660
07/07/2019 17:25,SCH - PJM_NEPTUNE,325305,660,660,-660
07/07/2019 17:25,SCH - PJM_VFT,325658,315,315,-315
07/07/2019 17:25,SPR/DUN-SOUTH,23320,2953.39,4350,-9999
07/07/2019 17:25,TOTAL EAST,23314,4170.61,6800,-9999
07/07/2019 17:25,UPNY CONED,23315,2731.71,4800,-9999
07/07/2019 17:25,WEST CENTRAL,23312,778.77,9999,-9999
07/07/2019 17:30,CENTRAL EAST - VC,23330,2359.5,2750,-9999
07/07/2019 17:30,DYSINGER EAST,23326,1379.59,3150,-9999
07/07/2019 17:30,MOSES SOUTH,23319,1821.48,3150,-1600
07/07/2019 17:30,SCH - HQ - NY,23324,1150,1500,-800
07/07/2019 17:30,SCH - HQ_CEDARS,325274,190,190,-40
07/07/2019 17:30,SCH - HQ_IMPORT_EXPORT,325376,850,1310,-9999
07/07/2019 17:30,SCH - NE - NY,23318,-605.15,1400,-1600
07/07/2019 17:30,SCH - NPX_1385,325277,199,200,-200
07/07/2019 17:30,SCH - NPX_CSC,325154,330,330,-330
07/07/2019 17:30,SCH - OH - NY,23317,1332.35,1700,-1400
07/07/2019 17:30,SCH - PJ - NY,23316,703.82,2050,-1150
07/07/2019 17:30,SCH - PJM_HTP,325905,100,660,-660
07/07/2019 17:30,SCH - PJM_NEPTUNE,325305,660,660,-660
07/07/2019 17:30,SCH - PJM_VFT,325658,313,315,-315
07/07/2019 17:30,SPR/DUN-SOUTH,23320,2963.89,4350,-9999
07/07/2019 17:30,TOTAL EAST,23314,4158.87,6800,-9999
07/07/2019 17:30,UPNY CONED,23315,2757.43,4800,-9999
07/07/2019 17:30,WEST CENTRAL,23312,740.33,9999,-9999
07/07/2019 17:35,CENTRAL EAST - VC,23330,2374.18,2750,-9999
07/07/2019 17:35,DYSINGER EAST,23326,1394.1,3150,-9999
07/07/2019 17:35,MOSES SOUTH,23319,1809.42,3150,-1600
07/07/2019 17:35,SCH - HQ - NY,23324,1150,1500,-800
07/07/2019 17:35,SCH - HQ_CEDARS,325274,190,190,-40
07/07/2019 17:35,SCH - HQ_IMPORT_EXPORT,325376,850,1310,-9999
07/07/2019 17:35,SCH - NE - NY,23318,-672.95,1400,-1600
07/07/2019 17:35,SCH - NPX_1385,325277,199,200,-200
07/07/2019 17:35,SCH - NPX_CSC,325154,330,330,-330
07/07/2019 17:35,SCH - OH - NY,23317,1332.35,1700,-1400
07/07/2019 17:35,SCH - PJ - NY,23316,699.5,2050,-1150
07/07/2019 17:35,SCH - PJM_HTP,325905,100,660,-660
07/07/2019 17:35,SCH - PJM_NEPTUNE,325305,660,660,-660
07/07/2019 17:35,SCH - PJM_VFT,325658,312,315,-315
07/07/2019 17:35,SPR/DUN-SOUTH,23320,2957.15,4350,-9999
07/07/2019 17:35,TOTAL EAST,23314,4190.14,6800,-9999
07/07/2019 17:35,UPNY CONED,23315,2757.31,4800,-9999
07/07/2019 17:35,WEST CENTRAL,23312,755.66,9999,-9999
07/07/2019 17:40,CENTRAL EAST - VC,23330,2374.24,2750,-9999
07/07/2019 17:40,DYSINGER EAST,23326,1423.18,3150,-9999
07/07/2019 17:40,MOSES SOUTH,23319,1815.62,3150,-1600
07/07/2019 17:40,SCH - HQ - NY,23324,1150,1500,-800
07/07/2019 17:40,SCH - HQ_CEDARS,325274,190,190,-40
07/07/2019 17:40,SCH - HQ_IMPORT_EXPORT,325376,850,1310,-9999
07/07/2019 17:40,SCH - NE - NY,23318,-672.9,1400,-1600
07/07/2019 17:40,SCH - NPX_1385,325277,199,200,-200
07/07/2019 17:40,SCH - NPX_CSC,325154,330,330,-330
07/07/2019 17:40,SCH - OH - NY,23317,1332.32,1700,-1400
07/07/2019 17:40,SCH - PJ - NY,23316,700.47,2050,-1150
07/07/2019 17:40,SCH - PJM_HTP,325905,100,660,-660
07/07/2019 17:40,SCH - PJM_NEPTUNE,325305,660,660,-660
07/07/2019 17:40,SCH - PJM_VFT,325658,312,315,-315
07/07/2019 17:40,SPR/DUN-SOUTH,23320,2879.44,4350,-9999
07/07/2019 17:40,TOTAL EAST,23314,4134.04,6800,-9999
07/07/2019 17:40,UPNY CONED,23315,2677.54,4800,-9999
07/07/2019 17:40,WEST CENTRAL,23312,781.23,9999,-9999
07/07/2019 17:45,CENTRAL EAST - VC,23330,2359.85,2750,-9999
07/07/2019 17:45,DYSINGER EAST,23326,1398.4,3150,-9999
07/07/2019 17:45,MOSES SOUTH,23319,1803.04,3150,-1600
07/07/2019 17:45,SCH - HQ - NY,23324,1150,1500,-800
07/07/2019 17:45,SCH - HQ_CEDARS,325274,190,190,-40
07/07/2019 17:45,SCH - HQ_IMPORT_EXPORT,325376,850,1310,-9999
07/07/2019 17:45,SCH - NE - NY,23318,-724.89,1400,-1600
07/07/2019 17:45,SCH - NPX_1385,325277,199,200,-200
07/07/2019 17:45,SCH - NPX_CSC,325154,330,330,-330
07/07/2019 17:45,SCH - OH - NY,23317,1332.33,1700,-1400
07/07/2019 17:45,SCH - PJ - NY,23316,703.34,2050,-1150
07/07/2019 17:45,SCH - PJM_HTP,325905,100,660,-660
07/07/2019 17:45,SCH - PJM_NEPTUNE,325305,660,660,-660
07/07/2019 17:45,SCH - PJM_VFT,325658,214,315,-315
07/07/2019 17:45,SPR/DUN-SOUTH,23320,2884.68,4350,-9999
07/07/2019 17:45,TOTAL EAST,23314,4139.47,6800,-9999
07/07/2019 17:45,UPNY CONED,23315,2674.73,4800,-9999
07/07/2019 17:45,WEST CENTRAL,23312,754.93,9999,-9999
07/07/2019 17:50,CENTRAL EAST - VC,23330,2373.51,2750,-9999
07/07/2019 17:50,DYSINGER EAST,23326,1427.06,3150,-9999
07/07/2019 17:50,MOSES SOUTH,23319,1771.39,3150,-1600
07/07/2019 17:50,SCH - HQ - NY,23324,1150,1500,-800
07/07/2019 17:50,SCH - HQ_CEDARS,325274,190,190,-40
07/07/2019 17:50,SCH - HQ_IMPORT_EXPORT,325376,850,1310,-9999
07/07/2019 17:50,SCH - NE - NY,23318,-776.36,1400,-1600
07/07/2019 17:50,SCH - NPX_1385,325277,199,200,-200
07/07/2019 17:50,SCH - NPX_CSC,325154,330,330,-330
07/07/2019 17:50,SCH - OH - NY,23317,1332.32,1700,-1400
07/07/2019 17:50,SCH - PJ - NY,23316,699.78,2050,-1150
07/07/2019 17:50,SCH - PJM_HTP,325905,100,660,-660
07/07/2019 17:50,SCH - PJM_NEPTUNE,325305,660,660,-660
07/07/2019 17:50,SCH - PJM_VFT,325658,116,315,-315
07/07/2019 17:50,SPR/DUN-SOUTH,23320,2843.99,4350,-9999
07/07/2019 17:50,TOTAL EAST,23314,4148.37,6800,-9999
07/07/2019 17:50,UPNY CONED,23315,2654.32,4800,-9999
07/07/2019 17:50,WEST CENTRAL,23312,781.89,9999,-9999
07/07/2019 17:55,CENTRAL EAST - VC,23330,2377.61,2750,-9999
07/07/2019 17:55,DYSINGER EAST,23326,1424.78,3150,-9999
07/07/2019 17:55,MOSES SOUTH,23319,1797.32,3150,-1600
07/07/2019 17:55,SCH - HQ - NY,23324,1150,1500,-800
07/07/2019 17:55,SCH - HQ_CEDARS,325274,190,190,-40
07/07/2019 17:55,SCH - HQ_IMPORT_EXPORT,325376,850,1310,-9999
07/07/2019 17:55,SCH - NE - NY,23318,-776.41,1400,-1600
07/07/2019 17:55,SCH - NPX_1385,325277,199,200,-200
07/07/2019 17:55,SCH - NPX_CSC,325154,330,330,-330
07/07/2019 17:55,SCH - OH - NY,23317,1332.33,1700,-1400
07/07/2019 17:55,SCH - PJ - NY,23316,699.89,2050,-1150
07/07/2019 17:55,SCH - PJM_HTP,325905,100,660,-660
07/07/2019 17:55,SCH - PJM_NEPTUNE,325305,660,660,-660
07/07/2019 17:55,SCH - PJM_VFT,325658,116,315,-315
07/07/2019 17:55,SPR/DUN-SOUTH,23320,2789.55,4350,-9999
07/07/2019 17:55,TOTAL EAST,23314,4143.42,6800,-9999
07/07/2019 17:55,UPNY CONED,23315,2626.59,4800,-9999
07/07/2019 17:55,WEST CENTRAL,23312,774.64,9999,-9999
07/07/2019 18:00,CENTRAL EAST - VC,23330,2401.49,2750,-9999
07/07/2019 18:00,DYSINGER EAST,23326,1447.03,3150,-9999
07/07/2019 18:00,MOSES SOUTH,23319,1829.71,3150,-1600
07/07/2019 18:00,SCH - HQ - NY,23324,1185,1500,-800
07/07/2019 18:00,SCH - HQ_CEDARS,325274,190,190,-40
07/07/2019 18:00,SCH - HQ_IMPORT_EXPORT,325376,885,1310,-9999
07/07/2019 18:00,SCH - NE - NY,23318,-835.33,1400,-1600
07/07/2019 18:00,SCH - NPX_1385,325277,175,200,-200
07/07/2019 18:00,SCH - NPX_CSC,325154,330,330,-330
07/07/2019 18:00,SCH - OH - NY,23317,1269.76,1700,-1400
07/07/2019 18:00,SCH - PJ - NY,23316,697.18,2050,-1150
07/07/2019 18:00,SCH - PJM_HTP,325905,100,660,-660
07/07/2019 18:00,SCH - PJM_NEPTUNE,325305,660,660,-660
07/07/2019 18:00,SCH - PJM_VFT,325658,178,315,-315
07/07/2019 18:00,SPR/DUN-SOUTH,23320,2679.36,4350,-9999
07/07/2019 18:00,TOTAL EAST,23314,4208.73,6800,-9999
07/07/2019 18:00,UPNY CONED,23315,2630.67,4800,-9999
07/07/2019 18:00,WEST CENTRAL,23312,796.54,9999,-9999
07/07/2019 18:05,CENTRAL EAST - VC,23330,2422.42,2750,-9999
07/07/2019 18:05,DYSINGER EAST,23326,1435.7,3150,-9999
07/07/2019 18:05,MOSES SOUTH,23319,1846.88,3150,-1600
07/07/2019 18:05,SCH - HQ - NY,23324,1221,1500,-800
07/07/2019 18:05,SCH - HQ_CEDARS,325274,190,190,-40
07/07/2019 18:05,SCH - HQ_IMPORT_EXPORT,325376,921,1310,-9999
07/07/2019 18:05,SCH - NE - NY,23318,-894.01,1400,-1600
07/07/2019 18:05,SCH - NPX_1385,325277,151,200,-200
07/07/2019 18:05,SCH - NPX_CSC,325154,330,330,-330
07/07/2019 18:05,SCH - OH - NY,23317,1208.11,1700,-1400
07/07/2019 18:05,SCH - PJ - NY,23316,682.36,2050,-1150
07/07/2019 18:05,SCH - PJM_HTP,325905,100,660,-660
07/07/2019 18:05,SCH - PJM_NEPTUNE,325305,660,660,-660
07/07/2019 18:05,SCH - PJM_VFT,325658,240,315,-315
07/07/2019 18:05,SPR/DUN-SOUTH,23320,2670.72,4350,-9999
07/07/2019 18:05,TOTAL EAST,23314,4256.29,6800,-9999
07/07/2019 18:05,UPNY CONED,23315,2642.6,4800,-9999
07/07/2019 18:05,WEST CENTRAL,23312,787.22,9999,-9999
07/07/2019 18:10,CENTRAL EAST - VC,23330,2432.92,2750,-9999
07/07/2019 18:10,DYSINGER EAST,23326,1455.53,3150,-9999
07/07/2019 18:10,MOSES SOUTH,23319,1845.63,3150,-1600
07/07/2019 18:10,SCH - HQ - NY,23324,1221,1500,-800
07/07/2019 18:10,SCH - HQ_CEDARS,325274,190,190,-40
07/07/2019 18:10,SCH - HQ_IMPORT_EXPORT,325376,921,1310,-9999
07/07/2019 18:10,SCH - NE - NY,23318,-893.96,1400,-1600
07/07/2019 18:10,SCH - NPX_1385,325277,151,200,-200
07/07/2019 18:10,SCH - NPX_CSC,325154,330,330,-330
07/07/2019 18:10,SCH - OH - NY,23317,1208.13,1700,-1400
07/07/2019 18:10,SCH - PJ - NY,23316,677.35,2050,-1150
07/07/2019 18:10,SCH - PJM_HTP,325905,100,660,-660
07/07/2019 18:10,SCH - PJM_NEPTUNE,325305,660,660,-660
07/07/2019 18:10,SCH - PJM_VFT,325658,240,315,-315
07/07/2019 18:10,SPR/DUN-SOUTH,23320,2693.77,4350,-9999
07/07/2019 18:10,TOTAL EAST,23314,4250.88,6800,-9999
07/07/2019 18:10,UPNY CONED,23315,2650.96,4800,-9999
07/07/2019 18:10,WEST CENTRAL,23312,809.59,9999,-9999
07/07/2019 18:15,CENTRAL EAST - VC,23330,2417.81,2750,-9999
07/07/2019 18:15,DYSINGER EAST,23326,1358.36,3150,-9999
07/07/2019 18:15,MOSES SOUTH,23319,1856.48,3150,-1600
07/07/2019 18:15,SCH - HQ - NY,23324,1221,1500,-800
07/07/2019 18:15,SCH - HQ_CEDARS,325274,190,190,-40
07/07/2019 18:15,SCH - HQ_IMPORT_EXPORT,325376,921,1310,-9999
07/07/2019 18:15,SCH - NE - NY,23318,-870.26,1400,-1600
07/07/2019 18:15,SCH - NPX_1385,325277,151,200,-200
07/07/2019 18:15,SCH - NPX_CSC,325154,330,330,-330
07/07/2019 18:15,SCH - OH - NY,23317,1208.1,1700,-1400
07/07/2019 18:15,SCH - PJ - NY,23316,678.6,2050,-1150
07/07/2019 18:15,SCH - PJM_HTP,325905,100,660,-660
07/07/2019 18:15,SCH - PJM_NEPTUNE,325305,660,660,-660
07/07/2019 18:15,SCH - PJM_VFT,325658,267,315,-315
07/07/2019 18:15,SPR/DUN-SOUTH,23320,2712.51,4350,-9999
07/07/2019 18:15,TOTAL EAST,23314,4211.16,6800,-9999
07/07/2019 18:15,UPNY CONED,23315,2669.57,4800,-9999
07/07/2019 18:15,WEST CENTRAL,23312,714.68,9999,-9999
07/07/2019 18:20,CENTRAL EAST - VC,23330,2405.44,2750,-9999
07/07/2019 18:20,DYSINGER EAST,23326,1361.25,3150,-9999
07/07/2019 18:20,MOSES SOUTH,23319,1866.69,3150,-1600
07/07/2019 18:20,SCH - HQ - NY,23324,1221,1500,-800
07/07/2019 18:20,SCH - HQ_CEDARS,325274,190,190,-40
07/07/2019 18:20,SCH - HQ_IMPORT_EXPORT,325376,921,1310,-9999
07/07/2019 18:20,SCH - NE - NY,23318,-847.19,1400,-1600
07/07/2019 18:20,SCH - NPX_1385,325277,151,200,-200
07/07/2019 18:20,SCH - NPX_CSC,325154,330,330,-330
07/07/2019 18:20,SCH - OH - NY,23317,1208.12,1700,-1400
07/07/2019 18:20,SCH - PJ - NY,23316,679.46,2050,-1150
07/07/2019 18:20,SCH - PJM_HTP,325905,100,660,-660
07/07/2019 18:20,SCH - PJM_NEPTUNE,325305,660,660,-660
07/07/2019 18:20,SCH - PJM_VFT,325658,295,315,-315
07/07/2019 18:20,SPR/DUN-SOUTH,23320,2656.81,4350,-9999
07/07/2019 18:20,TOTAL EAST,23314,4141.04,6800,-9999
07/07/2019 18:20,UPNY CONED,23315,2609.08,4800,-9999
07/07/2019 18:20,WEST CENTRAL,23312,718.64,9999,-9999
07/07/2019 18:25,CENTRAL EAST - VC,23330,2400.46,2750,-9999
07/07/2019 18:25,DYSINGER EAST,23326,1403.35,3150,-9999
07/07/2019 18:25,MOSES SOUTH,23319,1854.81,3150,-1600
07/07/2019 18:25,SCH - HQ - NY,23324,1221,1500,-800
07/07/2019 18:25,SCH - HQ_CEDARS,325274,190,190,-40
07/07/2019 18:25,SCH - HQ_IMPORT_EXPORT,325376,921,1310,-9999
07/07/2019 18:25,SCH - NE - NY,23318,-847.62,1400,-1600
07/07/2019 18:25,SCH - NPX_1385,325277,151,200,-200
07/07/2019 18:25,SCH - NPX_CSC,325154,330,330,-330
07/07/2019 18:25,SCH - OH - NY,23317,1208.12,1700,-1400
07/07/2019 18:25,SCH - PJ - NY,23316,679.09,2050,-1150
07/07/2019 18:25,SCH - PJM_HTP,325905,100,660,-660
07/07/2019 18:25,SCH - PJM_NEPTUNE,325305,660,660,-660
07/07/2019 18:25,SCH - PJM_VFT,325658,295,315,-315
07/07/2019 18:25,SPR/DUN-SOUTH,23320,2703.59,4350,-9999
07/07/2019 18:25,TOTAL EAST,23314,4164.26,6800,-9999
07/07/2019 18:25,UPNY CONED,23315,2658.7,4800,-9999
07/07/2019 18:25,WEST CENTRAL,23312,759,9999,-9999
07/07/2019 18:30,CENTRAL EAST - VC,23330,2415.48,2750,-9999
07/07/2019 18:30,DYSINGER EAST,23326,1415.52,3150,-9999
07/07/2019 18:30,MOSES SOUTH,23319,1841.92,3150,-1600
07/07/2019 18:30,SCH - HQ - NY,23324,1221,1500,-800
07/07/2019 18:30,SCH - HQ_CEDARS,325274,190,190,-40
07/07/2019 18:30,SCH - HQ_IMPORT_EXPORT,325376,921,1310,-9999
07/07/2019 18:30,SCH - NE - NY,23318,-864.11,1400,-1600
07/07/2019 18:30,SCH - NPX_1385,325277,151,200,-200
07/07/2019 18:30,SCH - NPX_CSC,325154,330,330,-330
07/07/2019 18:30,SCH - OH - NY,23317,1208.11,1700,-1400
07/07/2019 18:30,SCH - PJ - NY,23316,676.47,2050,-1150
07/07/2019 18:30,SCH - PJM_HTP,325905,100,660,-660
07/07/2019 18:30,SCH - PJM_NEPTUNE,325305,660,660,-660
07/07/2019 18:30,SCH - PJM_VFT,325658,263,315,-315
07/07/2019 18:30,SPR/DUN-SOUTH,23320,2667.66,4350,-9999
07/07/2019 18:30,TOTAL EAST,23314,4130.21,6800,-9999
07/07/2019 18:30,UPNY CONED,23315,2612.73,4800,-9999
07/07/2019 18:30,WEST CENTRAL,23312,772,9999,-9999
07/07/2019 18:35,CENTRAL EAST - VC,23330,2421.96,2750,-9999
07/07/2019 18:35,DYSINGER EAST,23326,1419.03,3150,-9999
07/07/2019 18:35,MOSES SOUTH,23319,1843.3,3150,-1600
07/07/2019 18:35,SCH - HQ - NY,23324,1221,1500,-800
07/07/2019 18:35,SCH - HQ_CEDARS,325274,190,190,-40
07/07/2019 18:35,SCH - HQ_IMPORT_EXPORT,325376,921,1310,-9999
07/07/2019 18:35,SCH - NE - NY,23318,-881.12,1400,-1600
07/07/2019 18:35,SCH - NPX_1385,325277,151,200,-200
07/07/2019 18:35,SCH - NPX_CSC,325154,330,330,-330
07/07/2019 18:35,SCH - OH - NY,23317,1208.13,1700,-1400
07/07/2019 18:35,SCH - PJ - NY,23316,679.46,2050,-1150
07/07/2019 18:35,SCH - PJM_HTP,325905,100,660,-660
07/07/2019 18:35,SCH - PJM_NEPTUNE,325305,660,660,-660
07/07/2019 18:35,SCH - PJM_VFT,325658,231,315,-315
07/07/2019 18:35,SPR/DUN-SOUTH,23320,2660.23,4350,-9999
07/07/2019 18:35,TOTAL EAST,23314,4111.13,6800,-9999
07/07/2019 18:35,UPNY CONED,23315,2583.61,4800,-9999
07/07/2019 18:35,WEST CENTRAL,23312,776.43,9999,-9999
07/07/2019 18:40,CENTRAL EAST - VC,23330,2421.84,2750,-9999
07/07/2019 18:40,DYSINGER EAST,23326,1422.68,3150,-9999
07/07/2019 18:40,MOSES SOUTH,23319,1833.96,3150,-1600
07/07/2019 18:40,SCH - HQ - NY,23324,1221,1500,-800
07/07/2019 18:40,SCH - HQ_CEDARS,325274,190,190,-40
07/07/2019 18:40,SCH - HQ_IMPORT_EXPORT,325376,921,1310,-9999
07/07/2019 18:40,SCH - NE - NY,23318,-881.08,1400,-1600
07/07/2019 18:40,SCH - NPX_1385,325277,151,200,-200
07/07/2019 18:40,SCH - NPX_CSC,325154,330,330,-330
07/07/2019 18:40,SCH - OH - NY,23317,1208.12,1700,-1400
07/07/2019 18:40,SCH - PJ - NY,23316,683.44,2050,-1150
07/07/2019 18:40,SCH - PJM_HTP,325905,100,660,-660
07/07/2019 18:40,SCH - PJM_NEPTUNE,325305,660,660,-660
07/07/2019 18:40,SCH - PJM_VFT,325658,231,315,-315
07/07/2019 18:40,SPR/DUN-SOUTH,23320,2715.7,4350,-9999
07/07/2019 18:40,TOTAL EAST,23314,4154.42,6800,-9999
07/07/2019 18:40,UPNY CONED,23315,2617.46,4800,-9999
07/07/2019 18:40,WEST CENTRAL,23312,779.04,9999,-9999
07/07/2019 18:45,CENTRAL EAST - VC,23330,2454.1,2750,-9999
07/07/2019 18:45,DYSINGER EAST,23326,1450.53,3150,-9999
07/07/2019 18:45,MOSES SOUTH,23319,1834.19,3150,-1600
07/07/2019 18:45,SCH - HQ - NY,23324,1221,1500,-800
07/07/2019 18:45,SCH - HQ_CEDARS,325274,190,190,-40
07/07/2019 18:45,SCH - HQ_IMPORT_EXPORT,325376,921,1310,-9999
07/07/2019 18:45,SCH - NE - NY,23318,-989.66,1400,-1600
07/07/2019 18:45,SCH - NPX_1385,325277,151,200,-200
07/07/2019 18:45,SCH - NPX_CSC,325154,330,330,-330
07/07/2019 18:45,SCH - OH - NY,23317,1208.12,1700,-1400
07/07/2019 18:45,SCH - PJ - NY,23316,738.82,2050,-1150
07/07/2019 18:45,SCH - PJM_HTP,325905,100,660,-660
07/07/2019 18:45,SCH - PJM_NEPTUNE,325305,660,660,-660
07/07/2019 18:45,SCH - PJM_VFT,325658,273,315,-315
07/07/2019 18:45,SPR/DUN-SOUTH,23320,2740.76,4350,-9999
07/07/2019 18:45,TOTAL EAST,23314,4255.79,6800,-9999
07/07/2019 18:45,UPNY CONED,23315,2619.43,4800,-9999
07/07/2019 18:45,WEST CENTRAL,23312,807.22,9999,-9999
07/07/2019 18:50,CENTRAL EAST - VC,23330,2497.94,2750,-9999
07/07/2019 18:50,DYSINGER EAST,23326,1494.57,3150,-9999
07/07/2019 18:50,MOSES SOUTH,23319,1816.21,3150,-1600
07/07/2019 18:50,SCH - HQ - NY,23324,1221,1500,-800
07/07/2019 18:50,SCH - HQ_CEDARS,325274,190,190,-40
07/07/2019 18:50,SCH - HQ_IMPORT_EXPORT,325376,921,1310,-9999
07/07/2019 18:50,SCH - NE - NY,23318,-1097.96,1400,-1600
07/07/2019 18:50,SCH - NPX_1385,325277,151,200,-200
07/07/2019 18:50,SCH - NPX_CSC,325154,330,330,-330
07/07/2019 18:50,SCH - OH - NY,23317,1208.09,1700,-1400
07/07/2019 18:50,SCH - PJ - NY,23316,796.68,2050,-1150
07/07/2019 18:50,SCH - PJM_HTP,325905,100,660,-660
07/07/2019 18:50,SCH - PJM_NEPTUNE,325305,660,660,-660
07/07/2019 18:50,SCH - PJM_VFT,325658,315,315,-315
07/07/2019 18:50,SPR/DUN-SOUTH,23320,2710.1,4350,-9999
07/07/2019 18:50,TOTAL EAST,23314,4294.74,6800,-9999
07/07/2019 18:50,UPNY CONED,23315,2570.19,4800,-9999
07/07/2019 18:50,WEST CENTRAL,23312,846.09,9999,-9999
07/07/2019 18:55,CENTRAL EAST - VC,23330,2500.87,2750,-9999
07/07/2019 18:55,DYSINGER EAST,23326,1472.62,3150,-9999
07/07/2019 18:55,MOSES SOUTH,23319,1834.44,3150,-1600
07/07/2019 18:55,SCH - HQ - NY,23324,1221,1500,-800
07/07/2019 18:55,SCH - HQ_CEDARS,325274,190,190,-40
07/07/2019 18:55,SCH - HQ_IMPORT_EXPORT,325376,921,1310,-9999
07/07/2019 18:55,SCH - NE - NY,23318,-1098.07,1400,-1600
07/07/2019 18:55,SCH - NPX_1385,325277,151,200,-200
07/07/2019 18:55,SCH - NPX_CSC,325154,330,330,-330
07/07/2019 18:55,SCH - OH - NY,23317,1208.13,1700,-1400
07/07/2019 18:55,SCH - PJ - NY,23316,794.8,2050,-1150
07/07/2019 18:55,SCH - PJM_HTP,325905,100,660,-660
07/07/2019 18:55,SCH - PJM_NEPTUNE,325305,660,660,-660
07/07/2019 18:55,SCH - PJM_VFT,325658,315,315,-315
07/07/2019 18:55,SPR/DUN-SOUTH,23320,2727.17,4350,-9999
07/07/2019 18:55,TOTAL EAST,23314,4283.94,6800,-9999
07/07/2019 18:55,UPNY CONED,23315,2584.64,4800,-9999
07/07/2019 18:55,WEST CENTRAL,23312,825.67,9999,-9999
07/07/2019 19:00,CENTRAL EAST - VC,23330,2530.5,2750,-9999
07/07/2019 19:00,DYSINGER EAST,23326,1412.11,3150,-9999
07/07/2019 19:00,MOSES SOUTH,23319,1959.51,3150,-1600
07/07/2019 19:00,SCH - HQ - NY,23324,1321,1500,-800
07/07/2019 19:00,SCH - HQ_CEDARS,325274,190,190,-40
07/07/2019 19:00,SCH - HQ_IMPORT_EXPORT,325376,1021,1310,-9999
07/07/2019 19:00,SCH - NE - NY,23318,-1159.98,1400,-1600
07/07/2019 19:00,SCH - NPX_1385,325277,149,200,-200
07/07/2019 19:00,SCH - NPX_CSC,325154,330,330,-330
07/07/2019 19:00,SCH - OH - NY,23317,1198.2,1700,-1400
07/07/2019 19:00,SCH - PJ - NY,23316,674.46,2050,-1150
07/07/2019 19:00,SCH - PJM_HTP,325905,100,660,-660
07/07/2019 19:00,SCH - PJM_NEPTUNE,325305,660,660,-660
07/07/2019 19:00,SCH - PJM_VFT,325658,315,315,-315
07/07/2019 19:00,SPR/DUN-SOUTH,23320,2676.33,4350,-9999
07/07/2019 19:00,TOTAL EAST,23314,4272.5,6800,-9999
07/07/2019 19:00,UPNY CONED,23315,2525.29,4800,-9999
07/07/2019 19:00,WEST CENTRAL,23312,770.61,9999,-9999
07/07/2019 19:05,CENTRAL EAST - VC,23330,2566.36,2750,-9999
07/07/2019 19:05,DYSINGER EAST,23326,1440.79,3150,-9999
07/07/2019 19:05,MOSES SOUTH,23319,2023.58,3150,-1600
07/07/2019 19:05,SCH - HQ - NY,23324,1421,1500,-800
07/07/2019 19:05,SCH - HQ_CEDARS,325274,190,190,-40
07/07/2019 19:05,SCH - HQ_IMPORT_EXPORT,325376,1121,1310,-9999
07/07/2019 19:05,SCH - NE - NY,23318,-1222.61,1400,-1600
07/07/2019 19:05,SCH - NPX_1385,325277,148,200,-200
07/07/2019 19:05,SCH - NPX_CSC,325154,330,330,-330
07/07/2019 19:05,SCH - OH - NY,23317,1189.22,1700,-1400
07/07/2019 19:05,SCH - PJ - NY,23316,553.08,2050,-1150
07/07/2019 19:05,SCH - PJM_HTP,325905,100,660,-660
07/07/2019 19:05,SCH - PJM_NEPTUNE,325305,660,660,-660
07/07/2019 19:05,SCH - PJM_VFT,325658,315,315,-315
07/07/2019 19:05,SPR/DUN-SOUTH,23320,2685.21,4350,-9999
07/07/2019 19:05,TOTAL EAST,23314,4344.5,6800,-9999
07/07/2019 19:05,UPNY CONED,23315,2537.5,4800,-9999
07/07/2019 19:05,WEST CENTRAL,23312,805.72,9999,-9999
07/07/2019 19:10,CENTRAL EAST - VC,23330,2500.24,2750,-9999
07/07/2019 19:10,DYSINGER EAST,23326,1278.49,3150,-9999
07/07/2019 19:10,MOSES SOUTH,23319,2091.76,3150,-1600
07/07/2019 19:10,SCH - HQ - NY,23324,1421,1500,-800
07/07/2019 19:10,SCH - HQ_CEDARS,325274,190,190,-40
07/07/2019 19:10,SCH - HQ_IMPORT_EXPORT,325376,1121,1310,-9999
07/07/2019 19:10,SCH - NE - NY,23318,-1222.61,1400,-1600
07/07/2019 19:10,SCH - NPX_1385,325277,148,200,-200
07/07/2019 19:10,SCH - NPX_CSC,325154,330,330,-330
07/07/2019 19:10,SCH - OH - NY,23317,1189.25,1700,-1400
07/07/2019 19:10,SCH - PJ - NY,23316,546.72,2050,-1150
07/07/2019 19:10,SCH - PJM_HTP,325905,100,660,-660
07/07/2019 19:10,SCH - PJM_NEPTUNE,325305,660,660,-660
07/07/2019 19:10,SCH - PJM_VFT,325658,315,315,-315
07/07/2019 19:10,SPR/DUN-SOUTH,23320,2657.93,4350,-9999
07/07/2019 19:10,TOTAL EAST,23314,4250.21,6800,-9999
07/07/2019 19:10,UPNY CONED,23315,2505.76,4800,-9999
07/07/2019 19:10,WEST CENTRAL,23312,647.91,9999,-9999
07/07/2019 19:15,CENTRAL EAST - VC,23330,2584.04,2750,-9999
07/07/2019 19:15,DYSINGER EAST,23326,1384.64,3150,-9999
07/07/2019 19:15,MOSES SOUTH,23319,2074.73,3150,-1600
07/07/2019 19:15,SCH - HQ - NY,23324,1421,1500,-800
07/07/2019 19:15,SCH - HQ_CEDARS,325274,190,190,-40
07/07/2019 19:15,SCH - HQ_IMPORT_EXPORT,325376,1121,1310,-9999
07/07/2019 19:15,SCH - NE - NY,23318,-1209.61,1400,-1600
07/07/2019 19:15,SCH - NPX_1385,325277,148,200,-200
07/07/2019 19:15,SCH - NPX_CSC,325154,330,330,-330
07/07/2019 19:15,SCH - OH - NY,23317,1189.25,1700,-1400
07/07/2019 19:15,SCH - PJ - NY,23316,521.92,2050,-1150
07/07/2019 19:15,SCH - PJM_HTP,325905,100,660,-660
07/07/2019 19:15,SCH - PJM_NEPTUNE,325305,660,660,-660
07/07/2019 19:15,SCH - PJM_VFT,325658,315,315,-315
07/07/2019 19:15,SPR/DUN-SOUTH,23320,2692.98,4350,-9999
07/07/2019 19:15,TOTAL EAST,23314,4267.41,6800,-9999
07/07/2019 19:15,UPNY CONED,23315,2522.57,4800,-9999
07/07/2019 19:15,WEST CENTRAL,23312,754.7,9999,-9999
07/07/2019 19:20,CENTRAL EAST - VC,23330,2587.51,2750,-9999
07/07/2019 19:20,DYSINGER EAST,23326,1427.9,3150,-9999
07/07/2019 19:20,MOSES SOUTH,23319,2074.64,3150,-1600
07/07/2019 19:20,SCH - HQ - NY,23324,1421,1500,-800
07/07/2019 19:20,SCH - HQ_CEDARS,325274,190,190,-40
07/07/2019 19:20,SCH - HQ_IMPORT_EXPORT,325376,1121,1310,-9999
07/07/2019 19:20,SCH - NE - NY,23318,-1196.49,1400,-1600
07/07/2019 19:20,SCH - NPX_1385,325277,148,200,-200
07/07/2019 19:20,SCH - NPX_CSC,325154,330,330,-330
07/07/2019 19:20,SCH - OH - NY,23317,1189.26,1700,-1400
07/07/2019 19:20,SCH - PJ - NY,23316,489.88,2050,-1150
07/07/2019 19:20,SCH - PJM_HTP,325905,100,660,-660
07/07/2019 19:20,SCH - PJM_NEPTUNE,325305,660,660,-660
07/07/2019 19:20,SCH - PJM_VFT,325658,315,315,-315
07/07/2019 19:20,SPR/DUN-SOUTH,23320,2678.98,4350,-9999
07/07/2019 19:20,TOTAL EAST,23314,4228.6,6800,-9999
07/07/2019 19:20,UPNY CONED,23315,2475.29,4800,-9999
07/07/2019 19:20,WEST CENTRAL,23312,800.19,9999,-9999
07/07/2019 19:25,CENTRAL EAST - VC,23330,2503.54,2750,-9999
07/07/2019 19:25,DYSINGER EAST,23326,1281.12,3150,-9999
07/07/2019 19:25,MOSES SOUTH,23319,2113.59,3150,-1600
07/07/2019 19:25,SCH - HQ - NY,23324,1421,1500,-800
07/07/2019 19:25,SCH - HQ_CEDARS,325274,190,190,-40
07/07/2019 19:25,SCH - HQ_IMPORT_EXPORT,325376,1121,1310,-9999
07/07/2019 19:25,SCH - NE - NY,23318,-1197.34,1400,-1600
07/07/2019 19:25,SCH - NPX_1385,325277,148,200,-200
07/07/2019 19:25,SCH - NPX_CSC,325154,330,330,-330
07/07/2019 19:25,SCH - OH - NY,23317,1189.23,1700,-1400
07/07/2019 19:25,SCH - PJ - NY,23316,496.83,2050,-1150
07/07/2019 19:25,SCH - PJM_HTP,325905,100,660,-660
07/07/2019 19:25,SCH - PJM_NEPTUNE,325305,660,660,-660
07/07/2019 19:25,SCH - PJM_VFT,325658,315,315,-315
07/07/2019 19:25,SPR/DUN-SOUTH,23320,2708.74,4350,-9999
07/07/2019 19:25,TOTAL EAST,23314,4230.41,6800,-9999
07/07/2019 19:25,UPNY CONED,23315,2503.09,4800,-9999
07/07/2019 19:25,WEST CENTRAL,23312,657.61,9999,-9999
07/07/2019 19:30,CENTRAL EAST - VC,23330,2497.04,2750,-9999
07/07/2019 19:30,DYSINGER EAST,23326,1325.25,3150,-9999
07/07/2019 19:30,MOSES SOUTH,23319,2051.78,3150,-1600
07/07/2019 19:30,SCH - HQ - NY,23324,1421,1500,-800
07/07/2019 19:30,SCH - HQ_CEDARS,325274,190,190,-40
07/07/2019 19:30,SCH - HQ_IMPORT_EXPORT,325376,1121,1310,-9999
07/07/2019 19:30,SCH - NE - NY,23318,-1047.67,1400,-1600
07/07/2019 19:30,SCH - NPX_1385,325277,148,200,-200
07/07/2019 19:30,SCH - NPX_CSC,325154,330,330,-330
07/07/2019 19:30,SCH - OH - NY,23317,1189.24,1700,-1400
07/07/2019 19:30,SCH - PJ - NY,23316,499.53,2050,-1150
07/07/2019 19:30,SCH - PJM_HTP,325905,100,660,-660
07/07/2019 19:30,SCH - PJM_NEPTUNE,325305,660,660,-660
07/07/2019 19:30,SCH - PJM_VFT,325658,313,315,-315
07/07/2019 19:30,SPR/DUN-SOUTH,23320,2821.03,4350,-9999
07/07/2019 19:30,TOTAL EAST,23314,4244.05,6800,-9999
07/07/2019 19:30,UPNY CONED,23315,2632.72,4800,-9999
07/07/2019 19:30,WEST CENTRAL,23312,702.75,9999,-9999
07/07/2019 19:35,CENTRAL EAST - VC,23330,2474.04,2750,-9999
07/07/2019 19:35,DYSINGER EAST,23326,1293.23,3150,-9999
07/07/2019 19:35,MOSES SOUTH,23319,2042.13,3150,-1600
07/07/2019 19:35,SCH - HQ - NY,23324,1421,1500,-800
07/07/2019 19:35,SCH - HQ_CEDARS,325274,190,190,-40
07/07/2019 19:35,SCH - HQ_IMPORT_EXPORT,325376,1121,1310,-9999
07/07/2019 19:35,SCH - NE - NY,23318,-898.25,1400,-1600
07/07/2019 19:35,SCH - NPX_1385,325277,148,200,-200
07/07/2019 19:35,SCH - NPX_CSC,325154,330,330,-330
07/07/2019 19:35,SCH - OH - NY,23317,1189.22,1700,-1400
07/07/2019 19:35,SCH - PJ - NY,23316,500.43,2050,-1150
07/07/2019 19:35,SCH - PJM_HTP,325905,100,660,-660
07/07/2019 19:35,SCH - PJM_NEPTUNE,325305,660,660,-660
07/07/2019 19:35,SCH - PJM_VFT,325658,311,315,-315
07/07/2019 19:35,SPR/DUN-SOUTH,23320,2828.12,4350,-9999
07/07/2019 19:35,TOTAL EAST,23314,4195.99,6800,-9999
07/07/2019 19:35,UPNY CONED,23315,2641.91,4800,-9999
07/07/2019 19:35,WEST CENTRAL,23312,673.42,9999,-9999
07/07/2019 19:40,CENTRAL EAST - VC,23330,2449.56,2750,-9999
07/07/2019 19:40,DYSINGER EAST,23326,1269.17,3150,-9999
07/07/2019 19:40,MOSES SOUTH,23319,2044.38,3150,-1600
07/07/2019 19:40,SCH - HQ - NY,23324,1421,1500,-800
07/07/2019 19:40,SCH - HQ_CEDARS,325274,190,190,-40
07/07/2019 19:40,SCH - HQ_IMPORT_EXPORT,325376,1121,1310,-9999
07/07/2019 19:40,SCH - NE - NY,23318,-898.61,1400,-1600
07/07/2019 19:40,SCH - NPX_1385,325277,148,200,-200
07/07/2019 19:40,SCH - NPX_CSC,325154,330,330,-330
07/07/2019 19:40,SCH - OH - NY,23317,1189.22,1700,-1400
07/07/2019 19:40,SCH - PJ - NY,23316,498.73,2050,-1150
07/07/2019 19:40,SCH - PJM_HTP,325905,100,660,-660
07/07/2019 19:40,SCH - PJM_NEPTUNE,325305,660,660,-660
07/07/2019 19:40,SCH - PJM_VFT,325658,311,315,-315
07/07/2019 19:40,SPR/DUN-SOUTH,23320,2863.19,4350,-9999
07/07/2019 19:40,TOTAL EAST,23314,4223.9,6800,-9999
07/07/2019 19:40,UPNY CONED,23315,2681.69,4800,-9999
07/07/2019 19:40,WEST CENTRAL,23312,651.79,9999,-9999
07/07/2019 19:45,CENTRAL EAST - VC,23330,2466.09,2750,-9999
07/07/2019 19:45,DYSINGER EAST,23326,1288.44,3150,-9999
07/07/2019 19:45,MOSES SOUTH,23319,2045.96,3150,-1600
07/07/2019 19:45,SCH - HQ - NY,23324,1421,1500,-800
07/07/2019 19:45,SCH - HQ_CEDARS,325274,190,190,-40
07/07/2019 19:45,SCH - HQ_IMPORT_EXPORT,325376,1121,1310,-9999
07/07/2019 19:45,SCH - NE - NY,23318,-897.97,1400,-1600
07/07/2019 19:45,SCH - NPX_1385,325277,148,200,-200
07/07/2019 19:45,SCH - NPX_CSC,325154,330,330,-330
07/07/2019 19:45,SCH - OH - NY,23317,1189.23,1700,-1400
07/07/2019 19:45,SCH - PJ - NY,23316,498.99,2050,-1150
07/07/2019 19:45,SCH - PJM_HTP,325905,100,660,-660
07/07/2019 19:45,SCH - PJM_NEPTUNE,325305,660,660,-660
07/07/2019 19:45,SCH - PJM_VFT,325658,313,315,-315
07/07/2019 19:45,SPR/DUN-SOUTH,23320,2906.73,4350,-9999
07/07/2019 19:45,TOTAL EAST,23314,4235.16,6800,-9999
07/07/2019 19:45,UPNY CONED,23315,2707.98,4800,-9999
07/07/2019 19:45,WEST CENTRAL,23312,674.87,9999,-9999
07/07/2019 19:50,CENTRAL EAST - VC,23330,2473.66,2750,-9999
07/07/2019 19:50,DYSINGER EAST,23326,1285.01,3150,-9999
07/07/2019 19:50,MOSES SOUTH,23319,2046.17,3150,-1600
07/07/2019 19:50,SCH - HQ - NY,23324,1421,1500,-800
07/07/2019 19:50,SCH - HQ_CEDARS,325274,190,190,-40
07/07/2019 19:50,SCH - HQ_IMPORT_EXPORT,325376,1121,1310,-9999
07/07/2019 19:50,SCH - NE - NY,23318,-897.82,1400,-1600
07/07/2019 19:50,SCH - NPX_1385,325277,148,200,-200
07/07/2019 19:50,SCH - NPX_CSC,325154,330,330,-330
07/07/2019 19:50,SCH - OH - NY,23317,1189.2,1700,-1400
07/07/2019 19:50,SCH - PJ - NY,23316,496.8,2050,-1150
07/07/2019 19:50,SCH - PJM_HTP,325905,100,660,-660
07/07/2019 19:50,SCH - PJM_NEPTUNE,325305,660,660,-660
07/07/2019 19:50,SCH - PJM_VFT,325658,315,315,-315
07/07/2019 19:50,SPR/DUN-SOUTH,23320,2910.19,4350,-9999
07/07/2019 19:50,TOTAL EAST,23314,4246.38,6800,-9999
07/07/2019 19:50,UPNY CONED,23315,2709.16,4800,-9999
07/07/2019 19:50,WEST CENTRAL,23312,676.56,9999,-9999
07/07/2019 19:55,CENTRAL EAST - VC,23330,2484.64,2750,-9999
07/07/2019 19:55,DYSINGER EAST,23326,1283.3,3150,-9999
07/07/2019 19:55,MOSES SOUTH,23319,2042.15,3150,-1600
07/07/2019 19:55,SCH - HQ - NY,23324,1421,1500,-800
07/07/2019 19:55,SCH - HQ_CEDARS,325274,190,190,-40
07/07/2019 19:55,SCH - HQ_IMPORT_EXPORT,325376,1121,1310,-9999
07/07/2019 19:55,SCH - NE - NY,23318,-897.76,1400,-1600
07/07/2019 19:55,SCH - NPX_1385,325277,148,200,-200
07/07/2019 19:55,SCH - NPX_CSC,325154,330,330,-330
07/07/2019 19:55,SCH - OH - NY,23317,1189.18,1700,-1400
07/07/2019 19:55,SCH - PJ - NY,23316,497.72,2050,-1150
07/07/2019 19:55,SCH - PJM_HTP,325905,100,660,-660
07/07/2019 19:55,SCH - PJM_NEPTUNE,325305,660,660,-660
07/07/2019 19:55,SCH - PJM_VFT,325658,315,315,-315
07/07/2019 19:55,SPR/DUN-SOUTH,23320,2916.69,4350,-9999
07/07/2019 19:55,TOTAL EAST,23314,4262.68,6800,-9999
07/07/2019 19:55,UPNY CONED,23315,2711.02,4800,-9999
07/07/2019 19:55,WEST CENTRAL,23312,677.89,9999,-9999
07/07/2019 20:00,CENTRAL EAST - VC,23330,2383.33,2750,-9999
07/07/2019 20:00,DYSINGER EAST,23326,1132.86,3150,-9999
07/07/2019 20:00,MOSES SOUTH,23319,2044.31,3150,-1600
07/07/2019 20:00,SCH - HQ - NY,23324,1421,1500,-800
07/07/2019 20:00,SCH - HQ_CEDARS,325274,190,190,-40
07/07/2019 20:00,SCH - HQ_IMPORT_EXPORT,325376,1121,1310,-9999
07/07/2019 20:00,SCH - NE - NY,23318,-795.1,1400,-1600
07/07/2019 20:00,SCH - NPX_1385,325277,139,200,-200
07/07/2019 20:00,SCH - NPX_CSC,325154,330,330,-330
07/07/2019 20:00,SCH - OH - NY,23317,1021.04,1700,-1400
07/07/2019 20:00,SCH - PJ - NY,23316,352.92,2050,-1150
07/07/2019 20:00,SCH - PJM_HTP,325905,100,660,-660
07/07/2019 20:00,SCH - PJM_NEPTUNE,325305,660,660,-660
07/07/2019 20:00,SCH - PJM_VFT,325658,315,315,-315
07/07/2019 20:00,SPR/DUN-SOUTH,23320,2861.64,4350,-9999
07/07/2019 20:00,TOTAL EAST,23314,3988.41,6800,-9999
07/07/2019 20:00,UPNY CONED,23315,2676.46,4800,-9999
07/07/2019 20:00,WEST CENTRAL,23312,536.87,9999,-9999
07/07/2019 20:05,CENTRAL EAST - VC,23330,2282.56,2750,-9999
07/07/2019 20:05,DYSINGER EAST,23326,1075.83,3150,-9999
07/07/2019 20:05,MOSES SOUTH,23319,2051.25,3150,-1600
07/07/2019 20:05,SCH - HQ - NY,23324,1421,1500,-800
07/07/2019 20:05,SCH - HQ_CEDARS,325274,190,190,-40
07/07/2019 20:05,SCH - HQ_IMPORT_EXPORT,325376,1121,1310,-9999
07/07/2019 20:05,SCH - NE - NY,23318,-693.88,1400,-1600
07/07/2019 20:05,SCH - NPX_1385,325277,130,200,-200
07/07/2019 20:05,SCH - NPX_CSC,325154,330,330,-330
07/07/2019 20:05,SCH - OH - NY,23317,852.7,1700,-1400
07/07/2019 20:05,SCH - PJ - NY,23316,181.3,2050,-1150
07/07/2019 20:05,SCH - PJM_HTP,325905,100,660,-660
07/07/2019 20:05,SCH - PJM_NEPTUNE,325305,660,660,-660
07/07/2019 20:05,SCH - PJM_VFT,325658,315,315,-315
07/07/2019 20:05,SPR/DUN-SOUTH,23320,2960.82,4350,-9999
07/07/2019 20:05,TOTAL EAST,23314,3830.07,6800,-9999
07/07/2019 20:05,UPNY CONED,23315,2766.57,5700,-9999
07/07/2019 20:05,WEST CENTRAL,23312,488.42,9999,-9999
07/07/2019 20:10,CENTRAL EAST - VC,23330,2260.25,2750,-9999
07/07/2019 20:10,DYSINGER EAST,23326,1056.64,3150,-9999
07/07/2019 20:10,MOSES SOUTH,23319,2045.43,3150,-1600
07/07/2019 20:10,SCH - HQ - NY,23324,1421,1500,-800
07/07/2019 20:10,SCH - HQ_CEDARS,325274,190,190,-40
07/07/2019 20:10,SCH - HQ_IMPORT_EXPORT,325376,1121,1310,-9999
07/07/2019 20:10,SCH - NE - NY,23318,-693.94,1400,-1600
07/07/2019 20:10,SCH - NPX_1385,325277,130,200,-200
07/07/2019 20:10,SCH - NPX_CSC,325154,330,330,-330
07/07/2019 20:10,SCH - OH - NY,23317,852.73,1700,-1400
07/07/2019 20:10,SCH - PJ - NY,23316,181.43,2050,-1150
07/07/2019 20:10,SCH - PJM_HTP,325905,100,660,-660
07/07/2019 20:10,SCH - PJM_NEPTUNE,325305,660,660,-660
07/07/2019 20:10,SCH - PJM_VFT,325658,315,315,-315
07/07/2019 20:10,SPR/DUN-SOUTH,23320,2974.21,4350,-9999
07/07/2019 20:10,TOTAL EAST,23314,3778.59,6800,-9999
07/07/2019 20:10,UPNY CONED,23315,2761.5,5700,-9999
07/07/2019 20:10,WEST CENTRAL,23312,472.36,9999,-9999
07/07/2019 20:15,CENTRAL EAST - VC,23330,2336.92,2750,-9999
07/07/2019 20:15,DYSINGER EAST,23326,1206.99,3150,-9999
07/07/2019 20:15,MOSES SOUTH,23319,2035,3150,-1600
07/07/2019 20:15,SCH - HQ - NY,23324,1421,1500,-800
07/07/2019 20:15,SCH - HQ_CEDARS,325274,190,190,-40
07/07/2019 20:15,SCH - HQ_IMPORT_EXPORT,325376,1121,1310,-9999
07/07/2019 20:15,SCH - NE - NY,23318,-654.8,1400,-1600
07/07/2019 20:15,SCH - NPX_1385,325277,130,200,-200
07/07/2019 20:15,SCH - NPX_CSC,325154,330,330,-330
07/07/2019 20:15,SCH - OH - NY,23317,852.77,1700,-1400
07/07/2019 20:15,SCH - PJ - NY,23316,186.07,2050,-1150
07/07/2019 20:15,SCH - PJM_HTP,325905,100,660,-660
07/07/2019 20:15,SCH - PJM_NEPTUNE,325305,660,660,-660
07/07/2019 20:15,SCH - PJM_VFT,325658,315,315,-315
07/07/2019 20:15,SPR/DUN-SOUTH,23320,3119.75,4350,-9999
07/07/2019 20:15,TOTAL EAST,23314,3845.27,6800,-9999
07/07/2019 20:15,UPNY CONED,23315,2893.35,5700,-9999
07/07/2019 20:15,WEST CENTRAL,23312,619.71,9999,-9999
07/07/2019 20:20,CENTRAL EAST - VC,23330,2313.57,2750,-9999
07/07/2019 20:20,DYSINGER EAST,23326,1145.11,3150,-9999
07/07/2019 20:20,MOSES SOUTH,23319,2095.14,3150,-1600
07/07/2019 20:20,SCH - HQ - NY,23324,1421,1500,-800
07/07/2019 20:20,SCH - HQ_CEDARS,325274,190,190,-40
07/07/2019 20:20,SCH - HQ_IMPORT_EXPORT,325376,1121,1310,-9999
07/07/2019 20:20,SCH - NE - NY,23318,-616.93,1400,-1600
07/07/2019 20:20,SCH - NPX_1385,325277,130,200,-200
07/07/2019 20:20,SCH - NPX_CSC,325154,330,330,-330
07/07/2019 20:20,SCH - OH - NY,23317,852.86,1700,-1400
07/07/2019 20:20,SCH - PJ - NY,23316,188.64,2050,-1150
07/07/2019 20:20,SCH - PJM_HTP,325905,100,660,-660
07/07/2019 20:20,SCH - PJM_NEPTUNE,325305,660,660,-660
07/07/2019 20:20,SCH - PJM_VFT,325658,315,315,-315
07/07/2019 20:20,SPR/DUN-SOUTH,23320,3111.18,4350,-9999
07/07/2019 20:20,TOTAL EAST,23314,3763.2,6800,-9999
07/07/2019 20:20,UPNY CONED,23315,2872.77,5700,-9999
07/07/2019 20:20,WEST CENTRAL,23312,560.01,9999,-9999
07/07/2019 20:25,CENTRAL EAST - VC,23330,2317.91,2750,-9999
07/07/2019 20:25,DYSINGER EAST,23326,1124.11,3150,-9999
07/07/2019 20:25,MOSES SOUTH,23319,2108.53,3150,-1600
07/07/2019 20:25,SCH - HQ - NY,23324,1421,1500,-800
07/07/2019 20:25,SCH - HQ_CEDARS,325274,190,190,-40
07/07/2019 20:25,SCH - HQ_IMPORT_EXPORT,325376,1121,1310,-9999
07/07/2019 20:25,SCH - NE - NY,23318,-616.77,1400,-1600
07/07/2019 20:25,SCH - NPX_1385,325277,130,200,-200
07/07/2019 20:25,SCH - NPX_CSC,325154,330,330,-330
07/07/2019 20:25,SCH - OH - NY,23317,852.85,1700,-1400
07/07/2019 20:25,SCH - PJ - NY,23316,181.92,2050,-1150
07/07/2019 20:25,SCH - PJM_HTP,325905,100,660,-660
07/07/2019 20:25,SCH - PJM_NEPTUNE,325305,660,660,-660
07/07/2019 20:25,SCH - PJM_VFT,325658,315,315,-315
07/07/2019 20:25,SPR/DUN-SOUTH,23320,3102.56,4350,-9999
07/07/2019 20:25,TOTAL EAST,23314,3755.17,6800,-9999
07/07/2019 20:25,UPNY CONED,23315,2866.55,5700,-9999
07/07/2019 20:25,WEST CENTRAL,23312,545.35,9999,-9999
07/07/2019 20:30,CENTRAL EAST - VC,23330,2397.82,2750,-9999
07/07/2019 20:30,DYSINGER EAST,23326,1289.32,3150,-9999
07/07/2019 20:30,MOSES SOUTH,23319,2059.46,3150,-1600
07/07/2019 20:30,SCH - HQ - NY,23324,1421,1500,-800
07/07/2019 20:30,SCH - HQ_CEDARS,325274,190,190,-40
07/07/2019 20:30,SCH - HQ_IMPORT_EXPORT,325376,1121,1310,-9999
07/07/2019 20:30,SCH - NE - NY,23318,-577.4,1400,-1600
07/07/2019 20:30,SCH - NPX_1385,325277,130,200,-200
07/07/2019 20:30,SCH - NPX_CSC,325154,330,330,-330
07/07/2019 20:30,SCH - OH - NY,23317,852.91,1700,-1400
07/07/2019 20:30,SCH - PJ - NY,23316,212.74,2050,-1150
07/07/2019 20:30,SCH - PJM_HTP,325905,100,660,-660
07/07/2019 20:30,SCH - PJM_NEPTUNE,325305,660,660,-660
07/07/2019 20:30,SCH - PJM_VFT,325658,315,315,-315
07/07/2019 20:30,SPR/DUN-SOUTH,23320,3299.47,4350,-9999
07/07/2019 20:30,TOTAL EAST,23314,3900.61,6800,-9999
07/07/2019 20:30,UPNY CONED,23315,3064.03,5700,-9999
07/07/2019 20:30,WEST CENTRAL,23312,709.84,9999,-9999
07/07/2019 20:35,CENTRAL EAST - VC,23330,2405.48,2750,-9999
07/07/2019 20:35,DYSINGER EAST,23326,1282.75,3150,-9999
07/07/2019 20:35,MOSES SOUTH,23319,2076.38,3150,-1600
07/07/2019 20:35,SCH - HQ - NY,23324,1421,1500,-800
07/07/2019 20:35,SCH - HQ_CEDARS,325274,190,190,-40
07/07/2019 20:35,SCH - HQ_IMPORT_EXPORT,325376,1121,1310,-9999
07/07/2019 20:35,SCH - NE - NY,23318,-538.91,1400,-1600
07/07/2019 20:35,SCH - NPX_1385,325277,130,200,-200
07/07/2019 20:35,SCH - NPX_CSC,325154,330,330,-330
07/07/2019 20:35,SCH - OH - NY,23317,852.92,1700,-1400
07/07/2019 20:35,SCH - PJ - NY,23316,235.33,2050,-1150
07/07/2019 20:35,SCH - PJM_HTP,325905,100,660,-660
07/07/2019 20:35,SCH - PJM_NEPTUNE,325305,660,660,-660
07/07/2019 20:35,SCH - PJM_VFT,325658,315,315,-315
07/07/2019 20:35,SPR/DUN-SOUTH,23320,3383.68,4350,-9999
07/07/2019 20:35,TOTAL EAST,23314,3939.99,6800,-9999
07/07/2019 20:35,UPNY CONED,23315,3142.06,5700,-9999
07/07/2019 20:35,WEST CENTRAL,23312,707.34,9999,-9999
07/07/2019 20:40,CENTRAL EAST - VC,23330,2406.64,2750,-9999
07/07/2019 20:40,DYSINGER EAST,23326,1274.9,3150,-9999
07/07/2019 20:40,MOSES SOUTH,23319,2077.17,3150,-1600
07/07/2019 20:40,SCH - HQ - NY,23324,1421,1500,-800
07/07/2019 20:40,SCH - HQ_CEDARS,325274,190,190,-40
07/07/2019 20:40,SCH - HQ_IMPORT_EXPORT,325376,1121,1310,-9999
07/07/2019 20:40,SCH - NE - NY,23318,-538.97,1400,-1600
07/07/2019 20:40,SCH - NPX_1385,325277,130,200,-200
07/07/2019 20:40,SCH - NPX_CSC,325154,330,330,-330
07/07/2019 20:40,SCH - OH - NY,23317,852.89,1700,-1400
07/07/2019 20:40,SCH - PJ - NY,23316,239.46,2050,-1150
07/07/2019 20:40,SCH - PJM_HTP,325905,100,660,-660
07/07/2019 20:40,SCH - PJM_NEPTUNE,325305,660,660,-660
07/07/2019 20:40,SCH - PJM_VFT,325658,315,315,-315
07/07/2019 20:40,SPR/DUN-SOUTH,23320,3399.27,4350,-9999
07/07/2019 20:40,TOTAL EAST,23314,3962.82,6800,-9999
07/07/2019 20:40,UPNY CONED,23315,3149.82,5700,-9999
07/07/2019 20:40,WEST CENTRAL,23312,701.52,9999,-9999
07/07/2019 20:45,CENTRAL EAST - VC,23330,2371.06,2750,-9999
07/07/2019 20:45,DYSINGER EAST,23326,1185.42,3150,-9999
07/07/2019 20:45,MOSES SOUTH,23319,2089.8,3150,-1600
07/07/2019 20:45,SCH - HQ - NY,23324,1421,1500,-800
07/07/2019 20:45,SCH - HQ_CEDARS,325274,190,190,-40
07/07/2019 20:45,SCH - HQ_IMPORT_EXPORT,325376,1121,1310,-9999
07/07/2019 20:45,SCH - NE - NY,23318,-458.05,1400,-1600
07/07/2019 20:45,SCH - NPX_1385,325277,130,200,-200
07/07/2019 20:45,SCH - NPX_CSC,325154,330,330,-330
07/07/2019 20:45,SCH - OH - NY,23317,852.85,1700,-1400
07/07/2019 20:45,SCH - PJ - NY,23316,236.46,2050,-1150
07/07/2019 20:45,SCH - PJM_HTP,325905,100,660,-660
07/07/2019 20:45,SCH - PJM_NEPTUNE,325305,660,660,-660
07/07/2019 20:45,SCH - PJM_VFT,325658,315,315,-315
07/07/2019 20:45,SPR/DUN-SOUTH,23320,3414.81,4350,-9999
07/07/2019 20:45,TOTAL EAST,23314,3917.02,6800,-9999
07/07/2019 20:45,UPNY CONED,23315,3170.32,5700,-9999
07/07/2019 20:45,WEST CENTRAL,23312,613.58,9999,-9999
07/07/2019 20:50,CENTRAL EAST - VC,23330,2351.29,2750,-9999
07/07/2019 20:50,DYSINGER EAST,23326,1153.84,3150,-9999
07/07/2019 20:50,MOSES SOUTH,23319,2086.51,3150,-1600
07/07/2019 20:50,SCH - HQ - NY,23324,1421,1500,-800
07/07/2019 20:50,SCH - HQ_CEDARS,325274,190,190,-40
07/07/2019 20:50,SCH - HQ_IMPORT_EXPORT,325376,1121,1310,-9999
07/07/2019 20:50,SCH - NE - NY,23318,-377.23,1400,-1600
07/07/2019 20:50,SCH - NPX_1385,325277,130,200,-200
07/07/2019 20:50,SCH - NPX_CSC,325154,330,330,-330
07/07/2019 20:50,SCH - OH - NY,23317,852.83,1700,-1400
07/07/2019 20:50,SCH - PJ - NY,23316,235.75,2050,-1150
07/07/2019 20:50,SCH - PJM_HTP,325905,100,660,-660
07/07/2019 20:50,SCH - PJM_NEPTUNE,325305,660,660,-660
07/07/2019 20:50,SCH - PJM_VFT,325658,315,315,-315
07/07/2019 20:50,SPR/DUN-SOUTH,23320,3477.29,4350,-9999
07/07/2019 20:50,TOTAL EAST,23314,3883.79,6800,-9999
07/07/2019 20:50,UPNY CONED,23315,3230.51,5700,-9999
07/07/2019 20:50,WEST CENTRAL,23312,583.53,9999,-9999
07/07/2019 20:55,CENTRAL EAST - VC,23330,2342.16,2750,-9999
07/07/2019 20:55,DYSINGER EAST,23326,1146.31,3150,-9999
07/07/2019 20:55,MOSES SOUTH,23319,2082.01,3150,-1600
07/07/2019 20:55,SCH - HQ - NY,23324,1421,1500,-800
07/07/2019 20:55,SCH - HQ_CEDARS,325274,190,190,-40
07/07/2019 20:55,SCH - HQ_IMPORT_EXPORT,325376,1121,1310,-9999
07/07/2019 20:55,SCH - NE - NY,23318,-377.15,1400,-1600
07/07/2019 20:55,SCH - NPX_1385,325277,130,200,-200
07/07/2019 20:55,SCH - NPX_CSC,325154,330,330,-330
07/07/2019 20:55,SCH - OH - NY,23317,852.83,1700,-1400
07/07/2019 20:55,SCH - PJ - NY,23316,237.59,2050,-1150
07/07/2019 20:55,SCH - PJM_HTP,325905,100,660,-660
07/07/2019 20:55,SCH - PJM_NEPTUNE,325305,660,660,-660
07/07/2019 20:55,SCH - PJM_VFT,325658,315,315,-315
07/07/2019 20:55,SPR/DUN-SOUTH,23320,3507.76,4350,-9999
07/07/2019 20:55,TOTAL EAST,23314,3887.41,6800,-9999
07/07/2019 20:55,UPNY CONED,23315,3240.11,5700,-9999
07/07/2019 20:55,WEST CENTRAL,23312,573.17,9999,-9999
07/07/2019 21:00,CENTRAL EAST - VC,23330,2350.82,2750,-9999
07/07/2019 21:00,DYSINGER EAST,23326,1137.81,3150,-9999
07/07/2019 21:00,MOSES SOUTH,23319,2108.11,3150,-1600
07/07/2019 21:00,SCH - HQ - NY,23324,1460,1500,-800
07/07/2019 21:00,SCH - HQ_CEDARS,325274,190,190,-40
07/07/2019 21:00,SCH - HQ_IMPORT_EXPORT,325376,1160,1310,-9999
07/07/2019 21:00,SCH - NE - NY,23318,-404.14,1400,-1600
07/07/2019 21:00,SCH - NPX_1385,325277,140,200,-200
07/07/2019 21:00,SCH - NPX_CSC,325154,330,330,-330
07/07/2019 21:00,SCH - OH - NY,23317,838.86,1700,-1400
07/07/2019 21:00,SCH - PJ - NY,23316,291.59,2050,-1150
07/07/2019 21:00,SCH - PJM_HTP,325905,100,660,-660
07/07/2019 21:00,SCH - PJM_NEPTUNE,325305,660,660,-660
07/07/2019 21:00,SCH - PJM_VFT,325658,315,315,-315
07/07/2019 21:00,SPR/DUN-SOUTH,23320,3516.97,4350,-9999
07/07/2019 21:00,TOTAL EAST,23314,3948.51,6800,-9999
07/07/2019 21:00,UPNY CONED,23315,3267.73,5700,-9999
07/07/2019 21:00,WEST CENTRAL,23312,564.83,9999,-9999
07/07/2019 21:05,CENTRAL EAST - VC,23330,2370.39,2750,-9999
07/07/2019 21:05,DYSINGER EAST,23326,1159.8,3150,-9999
07/07/2019 21:05,MOSES SOUTH,23319,2131.29,3150,-1600
07/07/2019 21:05,SCH - HQ - NY,23324,1500,1500,-800
07/07/2019 21:05,SCH - HQ_CEDARS,325274,190,190,-40
07/07/2019 21:05,SCH - HQ_IMPORT_EXPORT,325376,1200,1310,-9999
07/07/2019 21:05,SCH - NE - NY,23318,-431.05,1400,-1600
07/07/2019 21:05,SCH - NPX_1385,325277,151,200,-200
07/07/2019 21:05,SCH - NPX_CSC,325154,330,330,-330
07/07/2019 21:05,SCH - OH - NY,23317,825.92,1700,-1400
07/07/2019 21:05,SCH - PJ - NY,23316,349.38,2050,-1150
07/07/2019 21:05,SCH - PJM_HTP,325905,100,660,-660
07/07/2019 21:05,SCH - PJM_NEPTUNE,325305,660,660,-660
07/07/2019 21:05,SCH - PJM_VFT,325658,315,315,-315
07/07/2019 21:05,SPR/DUN-SOUTH,23320,3522.8,4350,-9999
07/07/2019 21:05,TOTAL EAST,23314,4019.46,6800,-9999
07/07/2019 21:05,UPNY CONED,23315,3282.22,5700,-9999
07/07/2019 21:05,WEST CENTRAL,23312,586.58,9999,-9999
07/07/2019 21:10,CENTRAL EAST - VC,23330,2401.81,2750,-9999
07/07/2019 21:10,DYSINGER EAST,23326,1183.97,3150,-9999
07/07/2019 21:10,MOSES SOUTH,23319,2125.09,3150,-1600
07/07/2019 21:10,SCH - HQ - NY,23324,1500,1500,-800
07/07/2019 21:10,SCH - HQ_CEDARS,325274,190,190,-40
07/07/2019 21:10,SCH - HQ_IMPORT_EXPORT,325376,1200,1310,-9999
07/07/2019 21:10,SCH - NE - NY,23318,-430.72,1400,-1600
07/07/2019 21:10,SCH - NPX_1385,325277,151,200,-200
07/07/2019 21:10,SCH - NPX_CSC,325154,330,330,-330
07/07/2019 21:10,SCH - OH - NY,23317,825.89,1700,-1400
07/07/2019 21:10,SCH - PJ - NY,23316,346.06,2050,-1150
07/07/2019 21:10,SCH - PJM_HTP,325905,100,660,-660
07/07/2019 21:10,SCH - PJM_NEPTUNE,325305,660,660,-660
07/07/2019 21:10,SCH - PJM_VFT,325658,315,315,-315
07/07/2019 21:10,SPR/DUN-SOUTH,23320,3530.58,4350,-9999
07/07/2019 21:10,TOTAL EAST,23314,4018.04,6800,-9999
07/07/2019 21:10,UPNY CONED,23315,3300.84,5700,-9999
07/07/2019 21:10,WEST CENTRAL,23312,609.42,9999,-9999
07/07/2019 21:15,CENTRAL EAST - VC,23330,2374.63,2750,-9999
07/07/2019 21:15,DYSINGER EAST,23326,1129.57,3150,-9999
07/07/2019 21:15,MOSES SOUTH,23319,2122.48,3150,-1600
07/07/2019 21:15,SCH - HQ - NY,23324,1500,1500,-800
07/07/2019 21:15,SCH - HQ_CEDARS,325274,190,190,-40
07/07/2019 21:15,SCH - HQ_IMPORT_EXPORT,325376,1200,1310,-9999
07/07/2019 21:15,SCH - NE - NY,23318,-453.25,1400,-1600
07/07/2019 21:15,SCH - NPX_1385,325277,151,200,-200
07/07/2019 21:15,SCH - NPX_CSC,325154,330,330,-330
07/07/2019 21:15,SCH - OH - NY,23317,825.84,1700,-1400
07/07/2019 21:15,SCH - PJ - NY,23316,349.39,2050,-1150
07/07/2019 21:15,SCH - PJM_HTP,325905,100,660,-660
07/07/2019 21:15,SCH - PJM_NEPTUNE,325305,660,660,-660
07/07/2019 21:15,SCH - PJM_VFT,325658,315,315,-315
07/07/2019 21:15,SPR/DUN-SOUTH,23320,3512.06,4350,-9999
07/07/2019 21:15,TOTAL EAST,23314,4040.98,6800,-9999
07/07/2019 21:15,UPNY CONED,23315,3299.75,5700,-9999
07/07/2019 21:15,WEST CENTRAL,23312,558.86,9999,-9999
07/07/2019 21:20,CENTRAL EAST - VC,23330,2406.01,2750,-9999
07/07/2019 21:20,DYSINGER EAST,23326,1206.82,3150,-9999
07/07/2019 21:20,MOSES SOUTH,23319,2113.05,3150,-1600
07/07/2019 21:20,SCH - HQ - NY,23324,1500,1500,-800
07/07/2019 21:20,SCH - HQ_CEDARS,325274,190,190,-40
07/07/2019 21:20,SCH - HQ_IMPORT_EXPORT,325376,1200,1310,-9999
07/07/2019 21:20,SCH - NE - NY,23318,-477.25,1400,-1600
07/07/2019 21:20,SCH - NPX_1385,325277,151,200,-200
07/07/2019 21:20,SCH - NPX_CSC,325154,330,330,-330
07/07/2019 21:20,SCH - OH - NY,23317,825.94,1700,-1400
07/07/2019 21:20,SCH - PJ - NY,23316,348.35,2050,-1150
07/07/2019 21:20,SCH - PJM_HTP,325905,100,660,-660
07/07/2019 21:20,SCH - PJM_NEPTUNE,325305,660,660,-660
07/07/2019 21:20,SCH - PJM_VFT,325658,315,315,-315
07/07/2019 21:20,SPR/DUN-SOUTH,23320,3530.43,4350,-9999
07/07/2019 21:20,TOTAL EAST,23314,4078.29,6800,-9999
07/07/2019 21:20,UPNY CONED,23315,3327.25,5700,-9999
07/07/2019 21:20,WEST CENTRAL,23312,640.87,9999,-9999
07/07/2019 21:25,CENTRAL EAST - VC,23330,2410.38,2750,-9999
07/07/2019 21:25,DYSINGER EAST,23326,1187.58,3150,-9999
07/07/2019 21:25,MOSES SOUTH,23319,2115.03,3150,-1600
07/07/2019 21:25,SCH - HQ - NY,23324,1500,1500,-800
07/07/2019 21:25,SCH - HQ_CEDARS,325274,190,190,-40
07/07/2019 21:25,SCH - HQ_IMPORT_EXPORT,325376,1200,1310,-9999
07/07/2019 21:25,SCH - NE - NY,23318,-477.19,1400,-1600
07/07/2019 21:25,SCH - NPX_1385,325277,151,200,-200
07/07/2019 21:25,SCH - NPX_CSC,325154,330,330,-330
07/07/2019 21:25,SCH - OH - NY,23317,825.91,1700,-1400
07/07/2019 21:25,SCH - PJ - NY,23316,346.31,2050,-1150
07/07/2019 21:25,SCH - PJM_HTP,325905,100,660,-660
07/07/2019 21:25,SCH - PJM_NEPTUNE,325305,660,660,-660
07/07/2019 21:25,SCH - PJM_VFT,325658,315,315,-315
07/07/2019 21:25,SPR/DUN-SOUTH,23320,3556.38,4350,-9999
07/07/2019 21:25,TOTAL EAST,23314,4111.67,6800,-9999
07/07/2019 21:25,UPNY CONED,23315,3357.42,5700,-9999
07/07/2019 21:25,WEST CENTRAL,23312,627.01,9999,-9999
07/07/2019 21:30,CENTRAL EAST - VC,23330,2397.73,2750,-9999
07/07/2019 21:30,DYSINGER EAST,23326,1122.86,3150,-9999
07/07/2019 21:30,MOSES SOUTH,23319,2116.62,3150,-1600
07/07/2019 21:30,SCH - HQ - NY,23324,1500,1500,-800
07/07/2019 21:30,SCH - HQ_CEDARS,325274,190,190,-40
07/07/2019 21:30,SCH - HQ_IMPORT_EXPORT,325376,1200,1310,-9999
07/07/2019 21:30,SCH - NE - NY,23318,-478.19,1400,-1600
07/07/2019 21:30,SCH - NPX_1385,325277,151,200,-200
07/07/2019 21:30,SCH - NPX_CSC,325154,330,330,-330
07/07/2019 21:30,SCH - OH - NY,23317,825.83,1700,-1400
07/07/2019 21:30,SCH - PJ - NY,23316,321.34,2050,-1150
07/07/2019 21:30,SCH - PJM_HTP,325905,100,660,-660
07/07/2019 21:30,SCH - PJM_NEPTUNE,325305,660,660,-660
07/07/2019 21:30,SCH - PJM_VFT,325658,315,315,-315
07/07/2019 21:30,SPR/DUN-SOUTH,23320,3572.55,4350,-9999
07/07/2019 21:30,TOTAL EAST,23314,4117.21,6800,-9999
07/07/2019 21:30,UPNY CONED,23315,3370.98,5700,-9999
07/07/2019 21:30,WEST CENTRAL,23312,567.35,9999,-9999
07/07/2019 21:35,CENTRAL EAST - VC,23330,2387.15,2750,-9999
07/07/2019 21:35,DYSINGER EAST,23326,1110.08,3150,-9999
07/07/2019 21:35,MOSES SOUTH,23319,2121.64,3150,-1600
07/07/2019 21:35,SCH - HQ - NY,23324,1500,1500,-800
07/07/2019 21:35,SCH - HQ_CEDARS,325274,190,190,-40
07/07/2019 21:35,SCH - HQ_IMPORT_EXPORT,325376,1200,1310,-9999
07/07/2019 21:35,SCH - NE - NY,23318,-480.29,1400,-1600
07/07/2019 21:35,SCH - NPX_1385,325277,151,200,-200
07/07/2019 21:35,SCH - NPX_CSC,325154,330,330,-330
07/07/2019 21:35,SCH - OH - NY,23317,825.86,1700,-1400
07/07/2019 21:35,SCH - PJ - NY,23316,299.37,2050,-1150
07/07/2019 21:35,SCH - PJM_HTP,325905,100,660,-660
07/07/2019 21:35,SCH - PJM_NEPTUNE,325305,660,660,-660
07/07/2019 21:35,SCH - PJM_VFT,325658,315,315,-315
07/07/2019 21:35,SPR/DUN-SOUTH,23320,3585.15,4350,-9999
07/07/2019 21:35,TOTAL EAST,23314,4120.69,6800,-9999
07/07/2019 21:35,UPNY CONED,23315,3374.06,5700,-9999
07/07/2019 21:35,WEST CENTRAL,23312,558.74,9999,-9999
07/07/2019 21:40,CENTRAL EAST - VC,23330,2392.94,2750,-9999
07/07/2019 21:40,DYSINGER EAST,23326,1118.69,3150,-9999
07/07/2019 21:40,MOSES SOUTH,23319,2116.99,3150,-1600
07/07/2019 21:40,SCH - HQ - NY,23324,1500,1500,-800
07/07/2019 21:40,SCH - HQ_CEDARS,325274,190,190,-40
07/07/2019 21:40,SCH - HQ_IMPORT_EXPORT,325376,1200,1310,-9999
07/07/2019 21:40,SCH - NE - NY,23318,-480.21,1400,-1600
07/07/2019 21:40,SCH - NPX_1385,325277,151,200,-200
07/07/2019 21:40,SCH - NPX_CSC,325154,330,330,-330
07/07/2019 21:40,SCH - OH - NY,23317,825.86,1700,-1400
07/07/2019 21:40,SCH - PJ - NY,23316,296.28,2050,-1150
07/07/2019 21:40,SCH - PJM_HTP,325905,100,660,-660
07/07/2019 21:40,SCH - PJM_NEPTUNE,325305,660,660,-660
07/07/2019 21:40,SCH - PJM_VFT,325658,315,315,-315
07/07/2019 21:40,SPR/DUN-SOUTH,23320,3629.8,4350,-9999
07/07/2019 21:40,TOTAL EAST,23314,4131.1,6800,-9999
07/07/2019 21:40,UPNY CONED,23315,3408.39,5700,-9999
07/07/2019 21:40,WEST CENTRAL,23312,571.3,9999,-9999
07/07/2019 21:45,CENTRAL EAST - VC,23330,2397.19,2750,-9999
07/07/2019 21:45,DYSINGER EAST,23326,1129.6,3150,-9999
07/07/2019 21:45,MOSES SOUTH,23319,2116.29,3150,-1600
07/07/2019 21:45,SCH - HQ - NY,23324,1500,1500,-800
07/07/2019 21:45,SCH - HQ_CEDARS,325274,190,190,-40
07/07/2019 21:45,SCH - HQ_IMPORT_EXPORT,325376,1200,1310,-9999
07/07/2019 21:45,SCH - NE - NY,23318,-477.29,1400,-1600
07/07/2019 21:45,SCH - NPX_1385,325277,151,200,-200
07/07/2019 21:45,SCH - NPX_CSC,325154,330,330,-330
07/07/2019 21:45,SCH - OH - NY,23317,825.9,1700,-1400
07/07/2019 21:45,SCH - PJ - NY,23316,319.41,2050,-1150
07/07/2019 21:45,SCH - PJM_HTP,325905,100,660,-660
07/07/2019 21:45,SCH - PJM_NEPTUNE,325305,660,660,-660
07/07/2019 21:45,SCH - PJM_VFT,325658,315,315,-315
07/07/2019 21:45,SPR/DUN-SOUTH,23320,3654.69,4350,-9999
07/07/2019 21:45,TOTAL EAST,23314,4162.82,6800,-9999
07/07/2019 21:45,UPNY CONED,23315,3430.85,5700,-9999
07/07/2019 21:45,WEST CENTRAL,23312,587.16,9999,-9999
07/07/2019 21:50,CENTRAL EAST - VC,23330,2415.61,2750,-9999
07/07/2019 21:50,DYSINGER EAST,23326,1137.76,3150,-9999
07/07/2019 21:50,MOSES SOUTH,23319,2100.82,3150,-1600
07/07/2019 21:50,SCH - HQ - NY,23324,1500,1500,-800
07/07/2019 21:50,SCH - HQ_CEDARS,325274,190,190,-40
07/07/2019 21:50,SCH - HQ_IMPORT_EXPORT,325376,1200,1310,-9999
07/07/2019 21:50,SCH - NE - NY,23318,-474.17,1400,-1600
07/07/2019 21:50,SCH - NPX_1385,325277,151,200,-200
07/07/2019 21:50,SCH - NPX_CSC,325154,330,330,-330
07/07/2019 21:50,SCH - OH - NY,23317,825.84,1700,-1400
07/07/2019 21:50,SCH - PJ - NY,23316,349.37,2050,-1150
07/07/2019 21:50,SCH - PJM_HTP,325905,100,660,-660
07/07/2019 21:50,SCH - PJM_NEPTUNE,325305,660,660,-660
07/07/2019 21:50,SCH - PJM_VFT,325658,315,315,-315
07/07/2019 21:50,SPR/DUN-SOUTH,23320,3692.63,4350,-9999
07/07/2019 21:50,TOTAL EAST,23314,4185.42,6800,-9999
07/07/2019 21:50,UPNY CONED,23315,3472.97,5700,-9999
07/07/2019 21:50,WEST CENTRAL,23312,601.28,9999,-9999
07/07/2019 21:55,CENTRAL EAST - VC,23330,2401.94,2750,-9999
07/07/2019 21:55,DYSINGER EAST,23326,1106.95,3150,-9999
07/07/2019 21:55,MOSES SOUTH,23319,2093.82,3150,-1600
07/07/2019 21:55,SCH - HQ - NY,23324,1500,1500,-800
07/07/2019 21:55,SCH - HQ_CEDARS,325274,190,190,-40
07/07/2019 21:55,SCH - HQ_IMPORT_EXPORT,325376,1200,1310,-9999
07/07/2019 21:55,SCH - NE - NY,23318,-474.27,1400,-1600
07/07/2019 21:55,SCH - NPX_1385,325277,151,200,-200
07/07/2019 21:55,SCH - NPX_CSC,325154,330,330,-330
07/07/2019 21:55,SCH - OH - NY,23317,825.8,1700,-1400
07/07/2019 21:55,SCH - PJ - NY,23316,348.49,2050,-1150
07/07/2019 21:55,SCH - PJM_HTP,325905,100,660,-660
07/07/2019 21:55,SCH - PJM_NEPTUNE,325305,660,660,-660
07/07/2019 21:55,SCH - PJM_VFT,325658,315,315,-315
07/07/2019 21:55,SPR/DUN-SOUTH,23320,3732.15,4350,-9999
07/07/2019 21:55,TOTAL EAST,23314,4211.9,6800,-9999
07/07/2019 21:55,UPNY CONED,23315,3501.43,5700,-9999
07/07/2019 21:55,WEST CENTRAL,23312,577.96,9999,-9999
07/07/2019 22:00,CENTRAL EAST - VC,23330,2391.09,2750,-9999
07/07/2019 22:00,DYSINGER EAST,23326,1070.76,3150,-9999
07/07/2019 22:00,MOSES SOUTH,23319,2088.99,3150,-1600
07/07/2019 22:00,SCH - HQ - NY,23324,1500,1500,-800
07/07/2019 22:00,SCH - HQ_CEDARS,325274,190,190,-40
07/07/2019 22:00,SCH - HQ_IMPORT_EXPORT,325376,1200,1310,-9999
07/07/2019 22:00,SCH - NE - NY,23318,-354.98,1400,-1600
07/07/2019 22:00,SCH - NPX_1385,325277,84,200,-200
07/07/2019 22:00,SCH - NPX_CSC,325154,330,330,-330
07/07/2019 22:00,SCH - OH - NY,23317,922.45,1700,-1400
07/07/2019 22:00,SCH - PJ - NY,23316,294.65,2050,-1150
07/07/2019 22:00,SCH - PJM_HTP,325905,50,660,-660
07/07/2019 22:00,SCH - PJM_NEPTUNE,325305,660,660,-660
07/07/2019 22:00,SCH - PJM_VFT,325658,315,315,-315
07/07/2019 22:00,SPR/DUN-SOUTH,23320,3824.17,4350,-9999
07/07/2019 22:00,TOTAL EAST,23314,4247.15,6800,-9999
07/07/2019 22:00,UPNY CONED,23315,3671.73,5700,-9999
07/07/2019 22:00,WEST CENTRAL,23312,551.29,9999,-9999
07/07/2019 22:05,CENTRAL EAST - VC,23330,2391.82,2750,-9999
07/07/2019 22:05,DYSINGER EAST,23326,1132.15,3150,-9999
07/07/2019 22:05,MOSES SOUTH,23319,2093.81,3150,-1600
07/07/2019 22:05,SCH - HQ - NY,23324,1500,1500,-800
07/07/2019 22:05,SCH - HQ_CEDARS,325274,190,190,-40
07/07/2019 22:05,SCH - HQ_IMPORT_EXPORT,325376,1200,1310,-9999
07/07/2019 22:05,SCH - NE - NY,23318,-235.31,1400,-1600
07/07/2019 22:05,SCH - NPX_1385,325277,17,200,-200
07/07/2019 22:05,SCH - NPX_CSC,325154,330,330,-330
07/07/2019 22:05,SCH - OH - NY,23317,1020.04,1700,-1400
07/07/2019 22:05,SCH - PJ - NY,23316,244.75,2050,-1150
07/07/2019 22:05,SCH - PJM_HTP,325905,0,660,-660
07/07/2019 22:05,SCH - PJM_NEPTUNE,325305,660,660,-660
07/07/2019 22:05,SCH - PJM_VFT,325658,315,315,-315
07/07/2019 22:05,SPR/DUN-SOUTH,23320,3870.73,4350,-9999
07/07/2019 22:05,TOTAL EAST,23314,4272.96,6800,-9999
07/07/2019 22:05,UPNY CONED,23315,3781.73,5700,-9999
07/07/2019 22:05,WEST CENTRAL,23312,622.82,9999,-9999
07/07/2019 22:10,CENTRAL EAST - VC,23330,2370.61,2750,-9999
07/07/2019 22:10,DYSINGER EAST,23326,1097.02,3150,-9999
07/07/2019 22:10,MOSES SOUTH,23319,2115.88,3150,-1600
07/07/2019 22:10,SCH - HQ - NY,23324,1500,1500,-800
07/07/2019 22:10,SCH - HQ_CEDARS,325274,190,190,-40
07/07/2019 22:10,SCH - HQ_IMPORT_EXPORT,325376,1200,1310,-9999
07/07/2019 22:10,SCH - NE - NY,23318,-235.03,1400,-1600
07/07/2019 22:10,SCH - NPX_1385,325277,18,200,-200
07/07/2019 22:10,SCH - NPX_CSC,325154,330,330,-330
07/07/2019 22:10,SCH - OH - NY,23317,1020,1700,-1400
07/07/2019 22:10,SCH - PJ - NY,23316,245.22,2050,-1150
07/07/2019 22:10,SCH - PJM_HTP,325905,0,660,-660
07/07/2019 22:10,SCH - PJM_NEPTUNE,325305,660,660,-660
07/07/2019 22:10,SCH - PJM_VFT,325658,315,315,-315
07/07/2019 22:10,SPR/DUN-SOUTH,23320,3854.79,4350,-9999
07/07/2019 22:10,TOTAL EAST,23314,4296.95,6800,-9999
07/07/2019 22:10,UPNY CONED,23315,3738.66,5700,-9999
07/07/2019 22:10,WEST CENTRAL,23312,596.41,9999,-9999
07/07/2019 22:15,CENTRAL EAST - VC,23330,2402.67,2720,-9999
07/07/2019 22:15,DYSINGER EAST,23326,1106.42,3150,-9999
07/07/2019 22:15,MOSES SOUTH,23319,2135.41,3150,-1600
07/07/2019 22:15,SCH - HQ - NY,23324,1500,1500,-800
07/07/2019 22:15,SCH - HQ_CEDARS,325274,190,190,-40
07/07/2019 22:15,SCH - HQ_IMPORT_EXPORT,325376,1200,1310,-9999
07/07/2019 22:15,SCH - NE - NY,23318,-254.62,1400,-1600
07/07/2019 22:15,SCH - NPX_1385,325277,18,200,-200
07/07/2019 22:15,SCH - NPX_CSC,325154,330,330,-330
07/07/2019 22:15,SCH - OH - NY,23317,1019.95,1700,-1400
07/07/2019 22:15,SCH - PJ - NY,23316,242.89,2050,-1150
07/07/2019 22:15,SCH - PJM_HTP,325905,0,660,-660
07/07/2019 22:15,SCH - PJM_NEPTUNE,325305,660,660,-660
07/07/2019 22:15,SCH - PJM_VFT,325658,315,315,-315
07/07/2019 22:15,SPR/DUN-SOUTH,23320,3849.4,4350,-9999
07/07/2019 22:15,TOTAL EAST,23314,4297.48,6800,-9999
07/07/2019 22:15,UPNY CONED,23315,3735.67,5700,-9999
07/07/2019 22:15,WEST CENTRAL,23312,613.75,9999,-9999
07/07/2019 22:20,CENTRAL EAST - VC,23330,2346.19,2720,-9999
07/07/2019 22:20,DYSINGER EAST,23326,1048.39,3150,-9999
07/07/2019 22:20,MOSES SOUTH,23319,2120.63,3150,-1600
07/07/2019 22:20,SCH - HQ - NY,23324,1500,1500,-800
07/07/2019 22:20,SCH - HQ_CEDARS,325274,190,190,-40
07/07/2019 22:20,SCH - HQ_IMPORT_EXPORT,325376,1200,1310,-9999
07/07/2019 22:20,SCH - NE - NY,23318,-275.86,1400,-1600
07/07/2019 22:20,SCH - NPX_1385,325277,18,200,-200
07/07/2019 22:20,SCH - NPX_CSC,325154,330,330,-330
07/07/2019 22:20,SCH - OH - NY,23317,1019.98,1700,-1400
07/07/2019 22:20,SCH - PJ - NY,23316,246.7,2050,-1150
07/07/2019 22:20,SCH - PJM_HTP,325905,0,660,-660
07/07/2019 22:20,SCH - PJM_NEPTUNE,325305,660,660,-660
07/07/2019 22:20,SCH - PJM_VFT,325658,315,315,-315
07/07/2019 22:20,SPR/DUN-SOUTH,23320,3856.51,4350,-9999
07/07/2019 22:20,TOTAL EAST,23314,4348.75,6800,-9999
07/07/2019 22:20,UPNY CONED,23315,3739.85,5700,-9999
07/07/2019 22:20,WEST CENTRAL,23312,563.38,9999,-9999
07/07/2019 22:25,CENTRAL EAST - VC,23330,2382.73,2720,-9999
07/07/2019 22:25,DYSINGER EAST,23326,1058.44,3150,-9999
07/07/2019 22:25,MOSES SOUTH,23319,2123.45,3150,-1600
07/07/2019 22:25,SCH - HQ - NY,23324,1500,1500,-800
07/07/2019 22:25,SCH - HQ_CEDARS,325274,190,190,-40
07/07/2019 22:25,SCH - HQ_IMPORT_EXPORT,325376,1200,1310,-9999
07/07/2019 22:25,SCH - NE - NY,23318,-275.42,1400,-1600
07/07/2019 22:25,SCH - NPX_1385,325277,18,200,-200
07/07/2019 22:25,SCH - NPX_CSC,325154,330,330,-330
07/07/2019 22:25,SCH - OH - NY,23317,1019.98,1700,-1400
07/07/2019 22:25,SCH - PJ - NY,23316,242.72,2050,-1150
07/07/2019 22:25,SCH - PJM_HTP,325905,0,660,-660
07/07/2019 22:25,SCH - PJM_NEPTUNE,325305,660,660,-660
07/07/2019 22:25,SCH - PJM_VFT,325658,315,315,-315
07/07/2019 22:25,SPR/DUN-SOUTH,23320,3919.24,4350,-9999
07/07/2019 22:25,TOTAL EAST,23314,4359.57,6800,-9999
07/07/2019 22:25,UPNY CONED,23315,3775.16,5700,-9999
07/07/2019 22:25,WEST CENTRAL,23312,578.31,9999,-9999
07/07/2019 22:30,CENTRAL EAST - VC,23330,2421.49,2720,-9999
07/07/2019 22:30,DYSINGER EAST,23326,1103.99,3150,-9999
07/07/2019 22:30,MOSES SOUTH,23319,2131.36,3150,-1600
07/07/2019 22:30,SCH - HQ - NY,23324,1500,1500,-800
07/07/2019 22:30,SCH - HQ_CEDARS,325274,190,190,-40
07/07/2019 22:30,SCH - HQ_IMPORT_EXPORT,325376,1200,1310,-9999
07/07/2019 22:30,SCH - NE - NY,23318,-348.99,1400,-1600
07/07/2019 22:30,SCH - NPX_1385,325277,18,200,-200
07/07/2019 22:30,SCH - NPX_CSC,325154,330,330,-330
07/07/2019 22:30,SCH - OH - NY,23317,1019.99,1700,-1400
07/07/2019 22:30,SCH - PJ - NY,23316,245.26,2050,-1150
07/07/2019 22:30,SCH - PJM_HTP,325905,0,660,-660
07/07/2019 22:30,SCH - PJM_NEPTUNE,325305,660,660,-660
07/07/2019 22:30,SCH - PJM_VFT,325658,276,315,-315
07/07/2019 22:30,SPR/DUN-SOUTH,23320,3908.85,4350,-9999
07/07/2019 22:30,TOTAL EAST,23314,4373.72,6800,-9999
07/07/2019 22:30,UPNY CONED,23315,3742.84,5700,-9999
07/07/2019 22:30,WEST CENTRAL,23312,627.24,9999,-9999
07/07/2019 22:35,CENTRAL EAST - VC,23330,2409.18,2720,-9999
07/07/2019 22:35,DYSINGER EAST,23326,1057.1,3150,-9999
07/07/2019 22:35,MOSES SOUTH,23319,2132.2,3150,-1600
07/07/2019 22:35,SCH - HQ - NY,23324,1500,1500,-800
07/07/2019 22:35,SCH - HQ_CEDARS,325274,190,190,-40
07/07/2019 22:35,SCH - HQ_IMPORT_EXPORT,325376,1200,1310,-9999
07/07/2019 22:35,SCH - NE - NY,23318,-423.63,1400,-1600
07/07/2019 22:35,SCH - NPX_1385,325277,18,200,-200
07/07/2019 22:35,SCH - NPX_CSC,325154,330,330,-330
07/07/2019 22:35,SCH - OH - NY,23317,1019.98,1700,-1400
07/07/2019 22:35,SCH - PJ - NY,23316,242.61,2050,-1150
07/07/2019 22:35,SCH - PJM_HTP,325905,0,660,-660
07/07/2019 22:35,SCH - PJM_NEPTUNE,325305,660,660,-660
07/07/2019 22:35,SCH - PJM_VFT,325658,237,315,-315
07/07/2019 22:35,SPR/DUN-SOUTH,23320,3903.52,4350,-9999
07/07/2019 22:35,TOTAL EAST,23314,4421.03,6800,-9999
07/07/2019 22:35,UPNY CONED,23315,3697.62,5700,-9999
07/07/2019 22:35,WEST CENTRAL,23312,588.03,9999,-9999
07/07/2019 22:40,CENTRAL EAST - VC,23330,2394.04,2720,-9999
07/07/2019 22:40,DYSINGER EAST,23326,1025.14,3150,-9999
07/07/2019 22:40,MOSES SOUTH,23319,2131.52,3150,-1600
07/07/2019 22:40,SCH - HQ - NY,23324,1500,1500,-800
07/07/2019 22:40,SCH - HQ_CEDARS,325274,190,190,-40
07/07/2019 22:40,SCH - HQ_IMPORT_EXPORT,325376,1200,1310,-9999
07/07/2019 22:40,SCH - NE - NY,23318,-423.69,1400,-1600
07/07/2019 22:40,SCH - NPX_1385,325277,18,200,-200
07/07/2019 22:40,SCH - NPX_CSC,325154,330,330,-330
07/07/2019 22:40,SCH - OH - NY,23317,1019.98,1700,-1400
07/07/2019 22:40,SCH - PJ - NY,23316,243.56,2050,-1150
07/07/2019 22:40,SCH - PJM_HTP,325905,0,660,-660
07/07/2019 22:40,SCH - PJM_NEPTUNE,325305,660,660,-660
07/07/2019 22:40,SCH - PJM_VFT,325658,237,315,-315
07/07/2019 22:40,SPR/DUN-SOUTH,23320,3963.48,4350,-9999
07/07/2019 22:40,TOTAL EAST,23314,4471.43,6800,-9999
07/07/2019 22:40,UPNY CONED,23315,3730.61,5700,-9999
07/07/2019 22:40,WEST CENTRAL,23312,562.46,9999,-9999
07/07/2019 22:45,CENTRAL EAST - VC,23330,2424.29,2720,-9999
07/07/2019 22:45,DYSINGER EAST,23326,1070.05,3150,-9999
07/07/2019 22:45,MOSES SOUTH,23319,2130.71,3150,-1600
07/07/2019 22:45,SCH - HQ - NY,23324,1500,1500,-800
07/07/2019 22:45,SCH - HQ_CEDARS,325274,190,190,-40
07/07/2019 22:45,SCH - HQ_IMPORT_EXPORT,325376,1200,1310,-9999
07/07/2019 22:45,SCH - NE - NY,23318,-525.37,1400,-1600
07/07/2019 22:45,SCH - NPX_1385,325277,18,200,-200
07/07/2019 22:45,SCH - NPX_CSC,325154,330,330,-330
07/07/2019 22:45,SCH - OH - NY,23317,1019.99,1700,-1400
07/07/2019 22:45,SCH - PJ - NY,23316,244.27,2050,-1150
07/07/2019 22:45,SCH - PJM_HTP,325905,0,660,-660
07/07/2019 22:45,SCH - PJM_NEPTUNE,325305,660,660,-660
07/07/2019 22:45,SCH - PJM_VFT,325658,237,315,-315
07/07/2019 22:45,SPR/DUN-SOUTH,23320,3942.69,4350,-9999
07/07/2019 22:45,TOTAL EAST,23314,4478.03,6800,-9999
07/07/2019 22:45,UPNY CONED,23315,3689.4,5700,-9999
07/07/2019 22:45,WEST CENTRAL,23312,613.83,9999,-9999
07/07/2019 22:50,CENTRAL EAST - VC,23330,2414.43,2720,-9999
07/07/2019 22:50,DYSINGER EAST,23326,1034.68,3150,-9999
07/07/2019 22:50,MOSES SOUTH,23319,2127.49,3150,-1600
07/07/2019 22:50,SCH - HQ - NY,23324,1500,1500,-800
07/07/2019 22:50,SCH - HQ_CEDARS,325274,190,190,-40
07/07/2019 22:50,SCH - HQ_IMPORT_EXPORT,325376,1200,1310,-9999
07/07/2019 22:50,SCH - NE - NY,23318,-627.01,1400,-1600
07/07/2019 22:50,SCH - NPX_1385,325277,18,200,-200
07/07/2019 22:50,SCH - NPX_CSC,325154,330,330,-330
07/07/2019 22:50,SCH - OH - NY,23317,1019.96,1700,-1400
07/07/2019 22:50,SCH - PJ - NY,23316,242.74,2050,-1150
07/07/2019 22:50,SCH - PJM_HTP,325905,0,660,-660
07/07/2019 22:50,SCH - PJM_NEPTUNE,325305,660,660,-660
07/07/2019 22:50,SCH - PJM_VFT,325658,237,315,-315
07/07/2019 22:50,SPR/DUN-SOUTH,23320,3893.27,4350,-9999
07/07/2019 22:50,TOTAL EAST,23314,4507.54,6800,-9999
07/07/2019 22:50,UPNY CONED,23315,3619.62,5700,-9999
07/07/2019 22:50,WEST CENTRAL,23312,588.02,9999,-9999
07/07/2019 22:55,CENTRAL EAST - VC,23330,2361.07,2720,-9999
07/07/2019 22:55,DYSINGER EAST,23326,908.52,3150,-9999
07/07/2019 22:55,MOSES SOUTH,23319,2118.93,3150,-1600
07/07/2019 22:55,SCH - HQ - NY,23324,1500,1500,-800
07/07/2019 22:55,SCH - HQ_CEDARS,325274,190,190,-40
07/07/2019 22:55,SCH - HQ_IMPORT_EXPORT,325376,1200,1310,-9999
07/07/2019 22:55,SCH - NE - NY,23318,-626.74,1400,-1600
07/07/2019 22:55,SCH - NPX_1385,325277,18,200,-200
07/07/2019 22:55,SCH - NPX_CSC,325154,330,330,-330
07/07/2019 22:55,SCH - OH - NY,23317,1019.95,1700,-1400
07/07/2019 22:55,SCH - PJ - NY,23316,242.17,2050,-1150
07/07/2019 22:55,SCH - PJM_HTP,325905,0,660,-660
07/07/2019 22:55,SCH - PJM_NEPTUNE,325305,660,660,-660
07/07/2019 22:55,SCH - PJM_VFT,325658,237,315,-315
07/07/2019 22:55,SPR/DUN-SOUTH,23320,3823.17,4350,-9999
07/07/2019 22:55,TOTAL EAST,23314,4383.09,6800,-9999
07/07/2019 22:55,UPNY CONED,23315,3519.8,5700,-9999
07/07/2019 22:55,WEST CENTRAL,23312,472.4,9999,-9999
07/07/2019 23:00,CENTRAL EAST - VC,23330,2317.34,2720,-9999
07/07/2019 23:00,DYSINGER EAST,23326,837.35,3150,-9999
07/07/2019 23:00,MOSES SOUTH,23319,2130.92,3150,-1600
07/07/2019 23:00,SCH - HQ - NY,23324,1500,1500,-800
07/07/2019 23:00,SCH - HQ_CEDARS,325274,190,190,-40
07/07/2019 23:00,SCH - HQ_IMPORT_EXPORT,325376,1200,1310,-9999
07/07/2019 23:00,SCH - NE - NY,23318,-649.89,1400,-1600
07/07/2019 23:00,SCH - NPX_1385,325277,9,200,-200
07/07/2019 23:00,SCH - NPX_CSC,325154,330,330,-330
07/07/2019 23:00,SCH - OH - NY,23317,1058.8,1700,-1400
07/07/2019 23:00,SCH - PJ - NY,23316,249.41,2050,-1150
07/07/2019 23:00,SCH - PJM_HTP,325905,30,660,-660
07/07/2019 23:00,SCH - PJM_NEPTUNE,325305,577,660,-660
07/07/2019 23:00,SCH - PJM_VFT,325658,276,315,-315
07/07/2019 23:00,SPR/DUN-SOUTH,23320,3652.06,4350,-9999
07/07/2019 23:00,TOTAL EAST,23314,4229.69,6800,-9999
07/07/2019 23:00,UPNY CONED,23315,3439.19,5700,-9999
07/07/2019 23:00,WEST CENTRAL,23312,410.96,9999,-9999
07/07/2019 23:05,CENTRAL EAST - VC,23330,2329.92,2720,-9999
07/07/2019 23:05,DYSINGER EAST,23326,869.79,3150,-9999
07/07/2019 23:05,MOSES SOUTH,23319,2136.59,3150,-1600
07/07/2019 23:05,SCH - HQ - NY,23324,1500,1500,-800
07/07/2019 23:05,SCH - HQ_CEDARS,325274,190,190,-40
07/07/2019 23:05,SCH - HQ_IMPORT_EXPORT,325376,1200,1310,-9999
07/07/2019 23:05,SCH - NE - NY,23318,-673.72,1400,-1600
07/07/2019 23:05,SCH - NPX_1385,325277,0,200,-200
07/07/2019 23:05,SCH - NPX_CSC,325154,330,330,-330
07/07/2019 23:05,SCH - OH - NY,23317,1097.65,1700,-1400
07/07/2019 23:05,SCH - PJ - NY,23316,258.53,2050,-1150
07/07/2019 23:05,SCH - PJM_HTP,325905,60,660,-660
07/07/2019 23:05,SCH - PJM_NEPTUNE,325305,495,660,-660
07/07/2019 23:05,SCH - PJM_VFT,325658,315,315,-315
07/07/2019 23:05,SPR/DUN-SOUTH,23320,3572.98,4350,-9999
07/07/2019 23:05,TOTAL EAST,23314,4187.88,6800,-9999
07/07/2019 23:05,UPNY CONED,23315,3420.1,5700,-9999
07/07/2019 23:05,WEST CENTRAL,23312,450.27,9999,-9999
07/07/2019 23:10,CENTRAL EAST - VC,23330,2331.03,2720,-9999
07/07/2019 23:10,DYSINGER EAST,23326,828.38,3150,-9999
07/07/2019 23:10,MOSES SOUTH,23319,2127.64,3150,-1600
07/07/2019 23:10,SCH - HQ - NY,23324,1500,1500,-800
07/07/2019 23:10,SCH - HQ_CEDARS,325274,190,190,-40
07/07/2019 23:10,SCH - HQ_IMPORT_EXPORT,325376,1200,1310,-9999
07/07/2019 23:10,SCH - NE - NY,23318,-673.06,1400,-1600
07/07/2019 23:10,SCH - NPX_1385,325277,0,200,-200
07/07/2019 23:10,SCH - NPX_CSC,325154,330,330,-330
07/07/2019 23:10,SCH - OH - NY,23317,1097.51,1700,-1400
07/07/2019 23:10,SCH - PJ - NY,23316,257.33,2050,-1150
07/07/2019 23:10,SCH - PJM_HTP,325905,60,660,-660
07/07/2019 23:10,SCH - PJM_NEPTUNE,325305,495,660,-660
07/07/2019 23:10,SCH - PJM_VFT,325658,315,315,-315
07/07/2019 23:10,SPR/DUN-SOUTH,23320,3576.96,4350,-9999
07/07/2019 23:10,TOTAL EAST,23314,4078.31,6800,-9999
07/07/2019 23:10,UPNY CONED,23315,3392.5,5700,-9999
07/07/2019 23:10,WEST CENTRAL,23312,414.85,9999,-9999
07/07/2019 23:15,CENTRAL EAST - VC,23330,2262.02,2660,-9999
07/07/2019 23:15,DYSINGER EAST,23326,775.47,3150,-9999
07/07/2019 23:15,MOSES SOUTH,23319,2103.89,3150,-1600
07/07/2019 23:15,SCH - HQ - NY,23324,1500,1500,-800
07/07/2019 23:15,SCH - HQ_CEDARS,325274,190,190,-40
07/07/2019 23:15,SCH - HQ_IMPORT_EXPORT,325376,1200,1310,-9999
07/07/2019 23:15,SCH - NE - NY,23318,-748.23,1400,-1600
07/07/2019 23:15,SCH - NPX_1385,325277,0,200,-200
07/07/2019 23:15,SCH - NPX_CSC,325154,330,330,-330
07/07/2019 23:15,SCH - OH - NY,23317,1097.48,1700,-1400
07/07/2019 23:15,SCH - PJ - NY,23316,257.68,2050,-1150
07/07/2019 23:15,SCH - PJM_HTP,325905,60,660,-660
07/07/2019 23:15,SCH - PJM_NEPTUNE,325305,495,660,-660
07/07/2019 23:15,SCH - PJM_VFT,325658,315,315,-315
07/07/2019 23:15,SPR/DUN-SOUTH,23320,3539.95,4350,-9999
07/07/2019 23:15,TOTAL EAST,23314,4082.97,6800,-9999
07/07/2019 23:15,UPNY CONED,23315,3368.61,5700,-9999
07/07/2019 23:15,WEST CENTRAL,23312,367.42,9999,-9999
07/07/2019 23:20,CENTRAL EAST - VC,23330,2281.53,2660,-9999
07/07/2019 23:20,DYSINGER EAST,23326,781.89,3150,-9999
07/07/2019 23:20,MOSES SOUTH,23319,2088.42,3150,-1600
07/07/2019 23:20,SCH - HQ - NY,23324,1500,1500,-800
07/07/2019 23:20,SCH - HQ_CEDARS,325274,190,190,-40
07/07/2019 23:20,SCH - HQ_IMPORT_EXPORT,325376,1200,1310,-9999
07/07/2019 23:20,SCH - NE - NY,23318,-822.83,1400,-1600
07/07/2019 23:20,SCH - NPX_1385,325277,0,200,-200
07/07/2019 23:20,SCH - NPX_CSC,325154,330,330,-330
07/07/2019 23:20,SCH - OH - NY,23317,1097.51,1700,-1400
07/07/2019 23:20,SCH - PJ - NY,23316,257.12,2050,-1150
07/07/2019 23:20,SCH - PJM_HTP,325905,60,660,-660
07/07/2019 23:20,SCH - PJM_NEPTUNE,325305,495,660,-660
07/07/2019 23:20,SCH - PJM_VFT,325658,315,315,-315
07/07/2019 23:20,SPR/DUN-SOUTH,23320,3525.75,4350,-9999
07/07/2019 23:20,TOTAL EAST,23314,4105.77,6800,-9999
07/07/2019 23:20,UPNY CONED,23315,3348.77,5700,-9999
07/07/2019 23:20,WEST CENTRAL,23312,380.85,9999,-9999
07/07/2019 23:25,CENTRAL EAST - VC,23330,2307.89,2660,-9999
07/07/2019 23:25,DYSINGER EAST,23326,823.95,3150,-9999
07/07/2019 23:25,MOSES SOUTH,23319,2094.55,3150,-1600
07/07/2019 23:25,SCH - HQ - NY,23324,1500,1500,-800
07/07/2019 23:25,SCH - HQ_CEDARS,325274,190,190,-40
07/07/2019 23:25,SCH - HQ_IMPORT_EXPORT,325376,1200,1310,-9999
07/07/2019 23:25,SCH - NE - NY,23318,-822.63,1400,-1600
07/07/2019 23:25,SCH - NPX_1385,325277,0,200,-200
07/07/2019 23:25,SCH - NPX_CSC,325154,330,330,-330
07/07/2019 23:25,SCH - OH - NY,23317,1097.62,1700,-1400
07/07/2019 23:25,SCH - PJ - NY,23316,258.04,2050,-1150
07/07/2019 23:25,SCH - PJM_HTP,325905,60,660,-660
07/07/2019 23:25,SCH - PJM_NEPTUNE,325305,495,660,-660
07/07/2019 23:25,SCH - PJM_VFT,325658,315,315,-315
07/07/2019 23:25,SPR/DUN-SOUTH,23320,3559.06,4350,-9999
07/07/2019 23:25,TOTAL EAST,23314,4134.26,6800,-9999
07/07/2019 23:25,UPNY CONED,23315,3369.71,5700,-9999
07/07/2019 23:25,WEST CENTRAL,23312,426.55,9999,-9999
07/07/2019 23:30,CENTRAL EAST - VC,23330,2336.13,2660,-9999
07/07/2019 23:30,DYSINGER EAST,23326,833.83,3150,-9999
07/07/2019 23:30,MOSES SOUTH,23319,2094.78,3150,-1600
07/07/2019 23:30,SCH - HQ - NY,23324,1500,1500,-800
07/07/2019 23:30,SCH - HQ_CEDARS,325274,190,190,-40
07/07/2019 23:30,SCH - HQ_IMPORT_EXPORT,325376,1200,1310,-9999
07/07/2019 23:30,SCH - NE - NY,23318,-909.55,1400,-1600
07/07/2019 23:30,SCH - NPX_1385,325277,0,200,-200
07/07/2019 23:30,SCH - NPX_CSC,325154,330,330,-330
07/07/2019 23:30,SCH - OH - NY,23317,1097.6,1700,-1400
07/07/2019 23:30,SCH - PJ - NY,23316,255.01,2050,-1150
07/07/2019 23:30,SCH - PJM_HTP,325905,60,660,-660
07/07/2019 23:30,SCH - PJM_NEPTUNE,325305,495,660,-660
07/07/2019 23:30,SCH - PJM_VFT,325658,315,315,-315
07/07/2019 23:30,SPR/DUN-SOUTH,23320,3564.25,4350,-9999
07/07/2019 23:30,TOTAL EAST,23314,4157.39,6800,-9999
07/07/2019 23:30,UPNY CONED,23315,3343.1,5700,-9999
07/07/2019 23:30,WEST CENTRAL,23312,443.25,9999,-9999
07/07/2019 23:35,CENTRAL EAST - VC,23330,2378.74,2660,-9999
07/07/2019 23:35,DYSINGER EAST,23326,888.15,3150,-9999
07/07/2019 23:35,MOSES SOUTH,23319,2097,3150,-1600
07/07/2019 23:35,SCH - HQ - NY,23324,1500,1500,-800
07/07/2019 23:35,SCH - HQ_CEDARS,325274,190,190,-40
07/07/2019 23:35,SCH - HQ_IMPORT_EXPORT,325376,1200,1310,-9999
07/07/2019 23:35,SCH - NE - NY,23318,-1002.43,1400,-1600
07/07/2019 23:35,SCH - NPX_1385,325277,0,200,-200
07/07/2019 23:35,SCH - NPX_CSC,325154,330,330,-330
07/07/2019 23:35,SCH - OH - NY,23317,1097.67,1700,-1400
07/07/2019 23:35,SCH - PJ - NY,23316,263.21,2050,-1150
07/07/2019 23:35,SCH - PJM_HTP,325905,60,660,-660
07/07/2019 23:35,SCH - PJM_NEPTUNE,325305,495,660,-660
07/07/2019 23:35,SCH - PJM_VFT,325658,315,315,-315
07/07/2019 23:35,SPR/DUN-SOUTH,23320,3534.93,4350,-9999
07/07/2019 23:35,TOTAL EAST,23314,4183.36,6800,-9999
07/07/2019 23:35,UPNY CONED,23315,3288.44,5700,-9999
07/07/2019 23:35,WEST CENTRAL,23312,504.14,9999,-9999
07/07/2019 23:40,CENTRAL EAST - VC,23330,2350.99,2660,-9999
07/07/2019 23:40,DYSINGER EAST,23326,855.57,3150,-9999
07/07/2019 23:40,MOSES SOUTH,23319,2099.15,3150,-1600
07/07/2019 23:40,SCH - HQ - NY,23324,1500,1500,-800
07/07/2019 23:40,SCH - HQ_CEDARS,325274,190,190,-40
07/07/2019 23:40,SCH - HQ_IMPORT_EXPORT,325376,1200,1310,-9999
07/07/2019 23:40,SCH - NE - NY,23318,-1002.44,1400,-1600
07/07/2019 23:40,SCH - NPX_1385,325277,0,200,-200
07/07/2019 23:40,SCH - NPX_CSC,325154,330,330,-330
07/07/2019 23:40,SCH - OH - NY,23317,1097.65,1700,-1400
07/07/2019 23:40,SCH - PJ - NY,23316,263.18,2050,-1150
07/07/2019 23:40,SCH - PJM_HTP,325905,60,660,-660
07/07/2019 23:40,SCH - PJM_NEPTUNE,325305,495,660,-660
07/07/2019 23:40,SCH - PJM_VFT,325658,315,315,-315
07/07/2019 23:40,SPR/DUN-SOUTH,23320,3480.73,4350,-9999
07/07/2019 23:40,TOTAL EAST,23314,4151.32,6800,-9999
07/07/2019 23:40,UPNY CONED,23315,3198.81,5700,-9999
07/07/2019 23:40,WEST CENTRAL,23312,477.95,9999,-9999
07/07/2019 23:45,CENTRAL EAST - VC,23330,2326.65,2660,-9999
07/07/2019 23:45,DYSINGER EAST,23326,833.62,3150,-9999
07/07/2019 23:45,MOSES SOUTH,23319,2105.04,3150,-1600
07/07/2019 23:45,SCH - HQ - NY,23324,1500,1500,-800
07/07/2019 23:45,SCH - HQ_CEDARS,325274,190,190,-40
07/07/2019 23:45,SCH - HQ_IMPORT_EXPORT,325376,1200,1310,-9999
07/07/2019 23:45,SCH - NE - NY,23318,-927.8,1400,-1600
07/07/2019 23:45,SCH - NPX_1385,325277,0,200,-200
07/07/2019 23:45,SCH - NPX_CSC,325154,330,330,-330
07/07/2019 23:45,SCH - OH - NY,23317,1097.6,1700,-1400
07/07/2019 23:45,SCH - PJ - NY,23316,243.51,2050,-1150
07/07/2019 23:45,SCH - PJM_HTP,325905,60,660,-660
07/07/2019 23:45,SCH - PJM_NEPTUNE,325305,495,660,-660
07/07/2019 23:45,SCH - PJM_VFT,325658,315,315,-315
07/07/2019 23:45,SPR/DUN-SOUTH,23320,3489.05,4350,-9999
07/07/2019 23:45,TOTAL EAST,23314,4119.41,6800,-9999
07/07/2019 23:45,UPNY CONED,23315,3196.04,5700,-9999
07/07/2019 23:45,WEST CENTRAL,23312,462.31,9999,-9999
07/07/2019 23:50,CENTRAL EAST - VC,23330,2269.07,2660,-9999
07/07/2019 23:50,DYSINGER EAST,23326,810.61,3150,-9999
07/07/2019 23:50,MOSES SOUTH,23319,2103.22,3150,-1600
07/07/2019 23:50,SCH - HQ - NY,23324,1500,1500,-800
07/07/2019 23:50,SCH - HQ_CEDARS,325274,190,190,-40
07/07/2019 23:50,SCH - HQ_IMPORT_EXPORT,325376,1200,1310,-9999
07/07/2019 23:50,SCH - NE - NY,23318,-859.07,1400,-1600
07/07/2019 23:50,SCH - NPX_1385,325277,0,200,-200
07/07/2019 23:50,SCH - NPX_CSC,325154,330,330,-330
07/07/2019 23:50,SCH - OH - NY,23317,1097.62,1700,-1400
07/07/2019 23:50,SCH - PJ - NY,23316,229.42,2050,-1150
07/07/2019 23:50,SCH - PJM_HTP,325905,60,660,-660
07/07/2019 23:50,SCH - PJM_NEPTUNE,325305,495,660,-660
07/07/2019 23:50,SCH - PJM_VFT,325658,315,315,-315
07/07/2019 23:50,SPR/DUN-SOUTH,23320,3570.03,4350,-9999
07/07/2019 23:50,TOTAL EAST,23314,4133.11,6800,-9999
07/07/2019 23:50,UPNY CONED,23315,3253.69,5700,-9999
07/07/2019 23:50,WEST CENTRAL,23312,446.42,9999,-9999
07/07/2019 23:55,CENTRAL EAST - VC,23330,2264.77,2660,-9999
07/07/2019 23:55,DYSINGER EAST,23326,812.28,3150,-9999
07/07/2019 23:55,MOSES SOUTH,23319,2108.61,3150,-1600
07/07/2019 23:55,SCH - HQ - NY,23324,1500,1500,-800
07/07/2019 23:55,SCH - HQ_CEDARS,325274,190,190,-40
07/07/2019 23:55,SCH - HQ_IMPORT_EXPORT,325376,1200,1310,-9999
07/07/2019 23:55,SCH - NE - NY,23318,-859.13,1400,-1600
07/07/2019 23:55,SCH - NPX_1385,325277,0,200,-200
07/07/2019 23:55,SCH - NPX_CSC,325154,330,330,-330
07/07/2019 23:55,SCH - OH - NY,23317,1097.67,1700,-1400
07/07/2019 23:55,SCH - PJ - NY,23316,229.48,2050,-1150
07/07/2019 23:55,SCH - PJM_HTP,325905,60,660,-660
07/07/2019 23:55,SCH - PJM_NEPTUNE,325305,495,660,-660
07/07/2019 23:55,SCH - PJM_VFT,325658,315,315,-315
07/07/2019 23:55,SPR/DUN-SOUTH,23320,3600.72,4350,-9999
07/07/2019 23:55,TOTAL EAST,23314,4106.32,6800,-9999
07/07/2019 23:55,UPNY CONED,23315,3261.19,5700,-9999
07/07/2019 23:55,WEST CENTRAL,23312,458.05,9999,-9999
