source_bus,bus_type,vm_pu,vmin_pu,vmax_pu,p_mismatch_mw,q_mismatch_mvar,voltage_below_min_pu,voltage_above_max_pu,violated,invalid_voltage_bounds
1,1,1.01487680248945,0.9,1.1,-4.59010607301025e-12,-3.08086889333481e-12,0,0,0,0
2,1,1.00956364680907,0.9,1.1,5.7065463465733e-14,-2.2422283485219e-13,0,0,0,0
3,1,1.01663867972829,0.9,1.1,-1.50990331349021e-13,-2.24061220965854e-12,0,0,0,0
4,1,1.01250606834053,0.9,1.1,7.75912667450029e-12,3.19300141882195e-11,0,0,0,0
5,1,1.01847535322033,0.9,1.1,2.06727968077303e-11,-1.06732591514946e-10,0,0,0,0
6,2,1.03541833777559,0.9,1.1,-3.5527136788005e-14,5.55111512312578e-17,0,0,0,0
7,1,1.03267872776206,0.9,1.1,1.11111120304486e-12,-3.80381490194814e-12,0,0,0,0
8,1,1.01335272272013,0.9,1.1,4.78728168218368e-13,-1.37303363123564e-12,0,0,0,0
9,1,1.05585832207041,0.9,1.1,9.9475983006414e-14,2.60763632908834e-12,0,0,0,0
10,1,1.00316455948391,0.9,1.1,6.3948846218409e-14,8.13932254928318e-13,0,0,0,0
11,1,1.01682515351153,0.9,1.1,8.61533067109121e-12,3.53612972237016e-11,0,0,0,0
12,1,1.0238847283734,0.9,1.1,6.82431888776591e-12,1.46067489700807e-10,0,0,0,0
13,1,1.01929021004424,0.9,1.1,-1.77280412572145e-12,1.81157172596258e-12,0,0,0,0
14,1,1.0192156085418,0.9,1.1,2.37410091585843e-12,8.57622349872966e-12,0,0,0,0
15,2,1.02675301736705,0.9,1.1,2.38031816479634e-12,-5.09592368302947e-13,0,0,0,0
16,1,1.00462210387368,0.9,1.1,-9.50350909079134e-13,-7.8687056870308e-13,0,0,0,0
17,2,1.06356342351299,0.9,1.1,2.1600499167107e-12,5.44986278327997e-12,0,0,0,0
18,2,1.06856561610029,0.9,1.1,6.05382410867605e-12,-4.38404867963982e-12,0,0,0,0
19,2,1.03691516002248,0.9,1.1,-2.27373675443232e-12,3.08375547319883e-12,0,0,0,0
20,1,1.0192907216425,0.9,1.1,2.1476154188349e-12,-1.81243908770057e-12,0,0,0,0
21,1,1.01914733777935,0.9,1.1,8.44124770082999e-12,-3.08464365161853e-12,0,0,0,0
22,1,1.00557891089221,0.9,1.1,-1.95621296938953e-13,-6.49255497454926e-13,0,0,0,0
23,1,0.999656164788245,0.9,1.1,-3.73034936274053e-14,2.83401774270331e-12,0,0,0,0
24,2,1.02516672270229,0.9,1.1,3.59534624294611e-12,-2.73869815714534e-12,0,0,0,0
25,1,1.03140206126846,0.9,1.1,1.98951966012828e-13,6.7914424084492e-13,0,0,0,0
26,2,1.07531962286332,0.9,1.1,2.27373675443232e-13,-1.2170175978099e-10,0,0,0,0
27,2,1.01470979604047,0.9,1.1,6.43183284410043e-11,-4.46149783783767e-11,0,0,0,0
28,2,1.01903510384638,0.9,1.1,1.27391430737589e-11,1.44711499727723e-11,0,0,0,0
29,2,1.0177488772216,0.9,1.1,-7.67386154620908e-13,5.6843418860808e-14,0,0,0,0
30,2,1.01653448178435,0.9,1.1,-2.91322521661641e-13,-4.2454928461666e-13,0,0,0,0
31,2,1.01431009551866,0.9,1.1,1.73372427525464e-12,1.39989131398011e-11,0,0,0,0
32,2,1.01402807706936,0.9,1.1,-4.34852154285181e-12,-9.27258270166931e-12,0,0,0,0
33,2,1.02053865655747,0.9,1.1,-4.9737991503207e-13,3.38395977905748e-13,0,0,0,0
34,2,1.03435937158527,0.9,1.1,-1.01465502666542e-11,2.91322521661641e-13,0,0,0,0
35,1,1.01640290178911,0.9,1.1,-1.01252339845814e-11,-9.26022591940523e-11,0,0,0,0
36,1,1.01635264635099,0.9,1.1,-3.61950469596195e-11,9.39887057072042e-11,0,0,0,0
37,2,1.01522175270501,0.9,1.1,4.40536496171262e-12,-1.11910480882216e-12,0,0,0,0
38,2,1.01443690212012,0.9,1.1,4.2632564145606e-14,4.01456645704457e-13,0,0,0,0
39,2,1.01790164237677,0.9,1.1,3.41060513164848e-13,2.95585778076202e-12,0,0,0,0
40,1,1.04466971217509,0.9,1.1,1.71862524211974e-13,1.01620101222721e-12,0,0,0,0
41,2,1.0094659251677,0.9,1.1,2.20126139538479e-11,-7.48556772123266e-12,0,0,0,0
42,1,1.00578508249441,0.9,1.1,-1.4352963262354e-12,-1.7382623118678e-11,0,0,0,0
43,1,1.00482252361607,0.9,1.1,-8.24140755639746e-12,3.59400009752875e-12,0,0,0,0
44,1,1.00481074643739,0.9,1.1,-6.14219786143622e-12,1.0218562107589e-11,0,0,0,0
45,1,1.00481914380539,0.9,1.1,8.37374614093278e-12,-3.03229663600746e-12,0,0,0,0
46,1,1.00573401265587,0.9,1.1,2.22755147660791e-12,1.25399690631411e-11,0,0,0,0
47,1,1.01106505927239,0.9,1.1,-3.06865644006393e-13,8.79504802320241e-14,0,0,0,0
48,1,1.01070562957973,0.9,1.1,6.3948846218409e-14,7.57727214306669e-13,0,0,0,0
49,1,0.998397185792664,0.9,1.1,-3.23296944770846e-13,-4.79945944098503e-12,0,0,0,0
50,1,1.01536559717268,0.9,1.1,-4.2543746303636e-13,7.97278909558941e-13,0,0,0,0
51,1,1.01621072829092,0.9,1.1,3.99680288865056e-14,-2.13752626709862e-12,0,0,0,0
52,2,1.01746760372845,0.9,1.1,-1.03028696685215e-13,0,0,0,0,0
53,2,1.02253865821879,0.9,1.1,-1.13686837721616e-13,9.9475983006414e-14,0,0,0,0
54,1,1.03974331686624,0.9,1.1,-8.54675408011474e-13,8.96989100960132e-13,0,0,0,0
55,1,1.02074866873527,0.9,1.1,5.86197757002083e-14,-1.66533453693773e-13,0,0,0,0
56,1,1.02182089290978,0.9,1.1,2.46913600676635e-13,-5.24580379135386e-13,0,0,0,0
57,1,1.02400865832183,0.9,1.1,1.95399252334028e-14,-4.57966997657877e-13,0,0,0,0
58,1,1.03658104315964,0.9,1.1,-1.3855583347322e-13,-4.10158018659956e-12,0,0,0,0
59,1,1.03118220435049,0.9,1.1,-2.45137243837235e-13,2.62984078958084e-13,0,0,0,0
60,2,1.03938075951612,0.9,1.1,-1.15463194561016e-13,-1.33226762955019e-15,0,0,0,0
61,1,1.02951373045857,0.9,1.1,-1.45661260830821e-13,2.03309591384482e-13,0,0,0,0
62,1,1.06296118664947,0.9,1.1,1.61004979487493e-11,-2.17219409468071e-10,0,0,0,0
63,2,1.06297426991486,0.9,1.1,-8.42419467517175e-11,2.7227997634327e-11,0,0,0,0
64,1,1.00777383182771,0.9,1.1,8.81139605724002e-11,7.44892862669655e-11,0,0,0,0
65,1,1.0068508751037,0.9,1.1,9.29922805426031e-13,8.95637730646826e-13,0,0,0,0
66,1,1.00114748157898,0.9,1.1,-8.07585109896536e-11,3.37717701026641e-11,0,0,0,0
67,1,1.00135869958728,0.9,1.1,-2.02060590481778e-12,2.81719092498633e-13,0,0,0,0
68,1,1.00392299525684,0.9,1.1,1.35891298214119e-13,-5.11396480717963e-13,0,0,0,0
69,2,1.00219182923366,0.9,1.1,-1.43671741170692e-11,3.46034312315169e-12,0,0,0,0
70,1,1.00207002691464,0.9,1.1,-1.3197798409692e-10,1.48816375888927e-10,0,0,0,0
71,1,1.00895691594226,0.9,1.1,2.1316282072803e-13,1.18793863634892e-12,0,0,0,0
72,1,1.00560147382856,0.9,1.1,-2.45501396989312e-11,6.11765846314505e-11,0,0,0,0
73,1,1.00549999860612,0.9,1.1,4.13269418686468e-12,2.41003397793982e-11,0,0,0,0
74,1,1.00511374451937,0.9,1.1,-3.64686059128871e-12,8.62226956499512e-12,0,0,0,0
75,1,1.0047161675575,0.9,1.1,-4.24775770113683e-11,3.59692310658577e-10,0,0,0,0
76,1,1.00470756155232,0.9,1.1,-2.21991314219849e-11,3.37077588064005e-11,0,0,0,0
77,1,1.00421752329024,0.9,1.1,5.02708985550271e-13,6.53296861052866e-13,0,0,0,0
78,1,1.00688656888968,0.9,1.1,-2.57571741713036e-14,-5.97438765126412e-13,0,0,0,0
79,2,1.0748228256732,0.9,1.1,-2.8705926524708e-11,1.59445789904566e-11,0,0,0,0
80,2,1.01750995310416,0.9,1.1,-3.25428572978126e-12,-2.52242671194836e-13,0,0,0,0
81,1,1.0478351111818,0.9,1.1,-1.26831878333178e-12,4.19733692247348e-12,0,0,0,0
82,2,1.01474460530676,0.9,1.1,-2.87627699435689e-11,-9.80406866801786e-11,0,0,0,0
83,2,1.03145325762955,0.9,1.1,9.32587340685131e-13,-1.03939079565407e-12,0,0,0,0
84,2,1.01466866212055,0.9,1.1,7.105427357601e-14,-1.43252076867384e-12,0,0,0,0
85,1,1.00118518315574,0.9,1.1,-8.99724739156227e-13,-2.21263979360842e-13,0,0,0,0
86,1,1.01028343569443,0.9,1.1,-3.01536573488193e-12,-1.00631308841415e-12,0,0,0,0
87,1,1.01026984508342,0.9,1.1,3.19033688356285e-12,3.34697547454965e-12,0,0,0,0
88,1,1.01037796786143,0.9,1.1,-1.21600507441144e-11,-2.44630704582249e-12,0,0,0,0
89,1,1.01045135626825,0.9,1.1,-3.06710212782946e-11,-3.19407694737706e-11,0,0,0,0
90,1,1.0108217491791,0.9,1.1,-3.46034312315169e-12,2.1689247620138e-12,0,0,0,0
91,1,1.01145379403725,0.9,1.1,1.22035714866797e-12,2.68708666428807e-13,0,0,0,0
92,1,1.00284890335062,0.9,1.1,1.01252339845814e-13,-1.38083988687754e-13,0,0,0,0
93,1,1.01916386745543,0.9,1.1,-2.39808173319034e-13,1.74582570622306e-12,0,0,0,0
94,1,1.01390818243853,0.9,1.1,3.71347397276622e-11,-5.21048482138298e-11,0,0,0,0
95,2,1.01432074478215,0.9,1.1,1.09423581307055e-12,2.66453525910038e-15,0,0,0,0
96,1,1.0117166799537,0.9,1.1,-1.73339564923936e-10,-4.38275804537369e-10,0,0,0,0
97,1,1.01177271870342,0.9,1.1,-2.17958984194411e-12,-5.85018145038418e-12,0,0,0,0
98,1,1.01089945544787,0.9,1.1,8.88178419700125e-15,-7.36216643204557e-13,0,0,0,0
99,1,1.00715952719415,0.9,1.1,-2.06057393370429e-13,-8.65973959207622e-13,0,0,0,0
100,1,1.00295043369224,0.9,1.1,-1.07469588783715e-13,-3.25434124093249e-13,0,0,0,0
101,1,1.00164259139111,0.9,1.1,-1.61826108069363e-12,2.84248319326608e-11,0,0,0,0
102,1,1.00167443177696,0.9,1.1,-3.09627878891661e-11,-1.61044788615783e-11,0,0,0,0
103,1,1.00237194386609,0.9,1.1,8.5442763975152e-13,-1.19409690468864e-12,0,0,0,0
104,1,1.01071767067056,0.9,1.1,8.42881320295419e-13,-1.52690360355479e-12,0,0,0,0
105,1,1.01023713604674,0.9,1.1,5.93125548675744e-11,-4.4426268219766e-11,0,0,0,0
106,1,1.01041961048321,0.9,1.1,1.89116278193069e-10,3.95784099938012e-11,0,0,0,0
107,1,1.01113573251415,0.9,1.1,2.804867449413e-12,-4.3680337125096e-12,0,0,0,0
108,1,1.03344233372311,0.9,1.1,3.69482222595252e-13,-5.09314812546791e-13,0,0,0,0
109,1,1.03148942286797,0.9,1.1,4.79616346638068e-14,9.70751257156621e-13,0,0,0,0
110,1,1.03596866429775,0.9,1.1,4.86721773995669e-13,-5.21804821573824e-13,0,0,0,0
111,1,1.02720606683774,0.9,1.1,-4.68673988507362e-11,-1.21590584822862e-10,0,0,0,0
112,1,1.04029177651492,0.9,1.1,-5.29354338141275e-13,-2.15105711021124e-13,0,0,0,0
113,1,1.03846353258554,0.9,1.1,-3.28803650972986e-11,-4.30440405541077e-11,0,0,0,0
114,1,1.03768322697876,0.9,1.1,-9.41469124882133e-14,-1.22957199977236e-12,0,0,0,0
115,1,1.04587250729997,0.9,1.1,-4.61852778244065e-14,4.31252256127834e-13,0,0,0,0
116,2,1.0461269814364,0.9,1.1,-1.56319401867222e-13,4.19220214098459e-13,0,0,0,0
117,1,1.04665915672177,0.9,1.1,-3.68238772807672e-12,-1.81694936873811e-12,0,0,0,0
118,1,1.0447011468791,0.9,1.1,4.79616346638068e-14,2.25271190590348e-12,0,0,0,0
119,1,1.04451646702691,0.9,1.1,3.01980662698043e-13,-1.50643386653826e-12,0,0,0,0
120,1,1.04476004426485,0.9,1.1,-6.03961325396085e-13,3.84761666971656e-13,0,0,0,0
121,1,1.04584205328826,0.9,1.1,1.63247193540883e-12,1.34267597040605e-13,0,0,0,0
122,1,1.04679957543406,0.9,1.1,2.77289302630379e-12,7.34655392076178e-13,0,0,0,0
123,1,1.04552868672276,0.9,1.1,-1.11910480882216e-13,-2.901845430614e-12,0,0,0,0
124,1,1.02600669484699,0.9,1.1,-9.59232693276135e-14,-2.12330153459561e-12,0,0,0,0
125,2,1.04179120265599,0.9,1.1,2.25952589971712e-12,1.18903151213878e-11,0,0,0,0
126,1,1.04177990990117,0.9,1.1,-4.34186020470406e-12,2.92613155927768e-12,0,0,0,0
127,2,1.03403471153277,0.9,1.1,-6.82121026329696e-13,-8.24229573481716e-13,0,0,0,0
128,2,1.0421532546769,0.9,1.1,3.06954461848363e-12,1.02415853575621e-11,0,0,0,0
129,1,1.01211067559359,0.9,1.1,1.19726450975577e-12,5.15490428121268e-12,0,0,0,0
130,1,1.01192365248619,0.9,1.1,-4.84146056578538e-12,2.60728938439314e-13,0,0,0,0
131,1,1.01631338945476,0.9,1.1,1.63424829224823e-13,1.4058199049316e-12,0,0,0,0
132,1,1.02885558310345,0.9,1.1,1.66235732874939e-12,-2.9099669430848e-12,0,0,0,0
133,1,1.02701342096144,0.9,1.1,-4.01456645704457e-13,-6.76542155630955e-14,0,0,0,0
134,1,1.00317767430008,0.9,1.1,3.62376795237651e-13,-1.01064989710409e-12,0,0,0,0
135,1,1.01037882634526,0.9,1.1,3.94484445109811e-11,1.37701829105996e-10,0,0,0,0
136,1,1.01101296282187,0.9,1.1,1.06226138996135e-12,9.82373904445666e-13,0,0,0,0
137,1,1.01443251411416,0.9,1.1,2.18491891246231e-13,-1.99389116328774e-12,0,0,0,0
138,2,1.01840654116138,0.9,1.1,2.93596258416073e-11,-1.70327751902732e-10,0,0,0,0
139,1,1.01873076486908,0.9,1.1,3.1342040074378e-11,-8.56995030495966e-11,0,0,0,0
140,1,1.01878128680263,0.9,1.1,-3.8012260006326e-11,-4.50119108652558e-11,0,0,0,0
141,1,1.01629735309837,0.9,1.1,6.83897383169096e-14,3.51749879223817e-12,0,0,0,0
142,1,1.01596276137417,0.9,1.1,1.26476606965298e-12,-1.86343995789429e-12,0,0,0,0
143,1,1.01901364900479,0.9,1.1,-1.01874064739604e-12,8.21911982917811e-13,0,0,0,0
144,1,1.01652749649185,0.9,1.1,2.17248441458651e-12,4.19976553533985e-13,0,0,0,0
145,1,1.01513027020907,0.9,1.1,-4.35118607811091e-12,1.31561428418081e-12,0,0,0,0
146,1,1.01473342753732,0.9,1.1,8.32653945792572e-11,8.73070712947843e-11,0,0,0,0
147,1,1.02380909094134,0.9,1.1,2.73558953267639e-13,-8.72236310955898e-12,0,0,0,0
148,1,1.0311069382924,0.9,1.1,-2.65565347490337e-13,2.16007767228632e-12,0,0,0,0
149,1,1.0295601191102,0.9,1.1,-4.20996570937859e-13,-8.77423134149069e-13,0,0,0,0
150,2,1.02961370087162,0.9,1.1,1.89626092605977e-11,-5.25923055105793e-11,0,0,0,0
151,1,1.02959419558055,0.9,1.1,9.46442924032453e-12,-5.76762596016245e-11,0,0,0,0
152,1,1.01833394465379,0.9,1.1,2.43360886997834e-13,1.28369537222284e-14,0,0,0,0
153,1,1.01671202824964,0.9,1.1,-8.45643555180686e-11,-3.47057625693648e-10,0,0,0,0
154,1,1.02346042973951,0.9,1.1,3.82804898890754e-12,1.2102818747195e-11,0,0,0,0
155,1,1.02319455502905,0.9,1.1,1.32782673745169e-12,-4.98819735517131e-13,0,0,0,0
156,1,1.02273216509737,0.9,1.1,1.74082970261225e-12,-4.56492482703297e-12,0,0,0,0
157,1,1.02271986429523,0.9,1.1,-5.78648240434632e-12,5.18481091393852e-11,0,0,0,0
158,1,1.02286452412297,0.9,1.1,1.55608859131462e-12,-4.68011046583783e-12,0,0,0,0
159,1,1.01742671298409,0.9,1.1,-2.18491891246231e-13,4.63344640433405e-13,0,0,0,0
160,1,1.01356425414325,0.9,1.1,-6.86322110254878e-11,-1.08963445905053e-10,0,0,0,0
161,2,1.00866171151636,0.9,1.1,2.02149408323749e-12,-2.40651942817749e-12,0,0,0,0
162,1,1.00863468858656,0.9,1.1,8.08419997611054e-12,2.07465988832922e-11,0,0,0,0
163,1,1.0086275249601,0.9,1.1,4.26698676392334e-11,3.32456284724003e-11,0,0,0,0
164,1,1.00862305953938,0.9,1.1,-2.17421636250492e-11,-2.84362811076022e-11,0,0,0,0
165,1,1.01110364130962,0.9,1.1,1.25099930414763e-12,-5.0559383069082e-12,0,0,0,0
166,1,1.01134145080704,0.9,1.1,-6.18527451479167e-12,5.81115017217471e-12,0,0,0,0
167,1,1.0176021981588,0.9,1.1,2.05009342835183e-11,-1.04161818059723e-10,0,0,0,0
168,1,1.0097635709062,0.9,1.1,8.93951579428176e-13,1.31821636939478e-12,0,0,0,0
169,1,1.01576555076154,0.9,1.1,-8.56203996590921e-13,-1.53245471867791e-12,0,0,0,0
170,1,1.01520533337055,0.9,1.1,-1.22035714866797e-11,-1.07958780803941e-11,0,0,0,0
171,1,1.01528414699079,0.9,1.1,7.85860265750671e-12,1.47562517760491e-11,0,0,0,0
172,1,1.01671555198672,0.9,1.1,3.30029337192173e-11,-1.76355458014754e-11,0,0,0,0
173,1,1.01908727713459,0.9,1.1,3.33955085807247e-13,5.2208237732998e-12,0,0,0,0
174,1,1.01817430614809,0.9,1.1,-9.15232334364191e-11,6.60908827665452e-11,0,0,0,0
175,1,1.01843062242607,0.9,1.1,-6.01296790136985e-12,-2.65208341398981e-10,0,0,0,0
176,1,1.01765884284353,0.9,1.1,3.02922131822925e-11,2.71994232692307e-11,0,0,0,0
177,1,1.01784626550311,0.9,1.1,1.19548815291637e-12,-2.11566875130131e-12,0,0,0,0
178,2,1.01776304547229,0.9,1.1,8.87112605596485e-12,-1.75480810438167e-10,0,0,0,0
179,1,1.01790711044312,0.9,1.1,2.56683563293336e-12,7.42843286882788e-12,0,0,0,0
180,1,1.01949523460772,0.9,1.1,3.14415160573844e-12,2.35381159008341e-11,0,0,0,0
181,1,1.01771025463135,0.9,1.1,-4.44977388269763e-12,-2.65284322287229e-11,0,0,0,0
182,1,1.01592105406629,0.9,1.1,4.45510295321583e-12,6.75952349649123e-12,0,0,0,0
183,1,1.01595653648184,0.9,1.1,1.03590025446465e-10,2.35655245317545e-10,0,0,0,0
184,1,1.02023828879505,0.9,1.1,-6.03961325396085e-14,8.88178419700125e-14,0,0,0,0
185,1,1.01677144994817,0.9,1.1,2.06465955443491e-11,-4.77142630961325e-11,0,0,0,0
186,1,1.05085602864749,0.9,1.1,4.44089209850063e-15,-4.42354486374086e-14,0,0,0,0
187,1,1.04645047515206,0.9,1.1,-9.76996261670138e-15,-4.99210048299226e-13,0,0,0,0
188,1,1.01735399020033,0.9,1.1,6.92779167366098e-14,2.15654317320402e-12,0,0,0,0
189,1,1.02633704113459,0.9,1.1,-4.77560213596462e-11,-9.57692055541561e-11,0,0,0,0
190,1,1.02306902355101,0.9,1.1,-1.77635683940025e-14,-3.5527136788005e-13,0,0,0,0
191,1,1.00821283562725,0.9,1.1,1.59872115546023e-13,-4.48252546192407e-13,0,0,0,0
192,1,1.01564357968125,0.9,1.1,-2.07478478841949e-12,5.31519273039294e-13,0,0,0,0
193,2,1.01225533437735,0.9,1.1,-2.8101965199312e-11,-4.05897537802957e-11,0,0,0,0
194,1,1.02007308605601,0.9,1.1,6.03961325396085e-14,-2.16813234032998e-11,0,0,0,0
195,1,1.02002573302607,0.9,1.1,1.30651045537888e-12,2.18101578464136e-11,0,0,0,0
196,1,1.01950311370938,0.9,1.1,-4.60076421404665e-13,-4.13991757541865e-13,0,0,0,0
197,1,1.02306739692145,0.9,1.1,4.36983782492462e-12,6.58709198297913e-12,0,0,0,0
198,1,1.01298026016203,0.9,1.1,5.18980414199177e-11,-7.81721909426381e-11,0,0,0,0
199,2,1.0144367076635,0.9,1.1,2.57394106029096e-12,-5.15212872365112e-13,0,0,0,0
200,1,1.01620400485648,0.9,1.1,3.61843888185831e-11,-4.97740737515073e-11,0,0,0,0
201,1,1.01573736837168,0.9,1.1,-5.86020121318143e-12,4.3216819012315e-11,0,0,0,0
202,1,1.03032152024915,0.9,1.1,-5.50670620214078e-14,-1.65145674912992e-13,0,0,0,0
203,1,1.02150356178825,0.9,1.1,-4.9737991503207e-14,9.92261828258734e-14,0,0,0,0
204,1,1.029750744444,0.9,1.1,-5.32907051820075e-15,6.25541285437237e-13,0,0,0,0
205,1,1.040479747418,0.9,1.1,3.01980662698043e-14,-1.73958070170954e-12,0,0,0,0
206,1,1.04238449364991,0.9,1.1,-1.77635683940025e-14,9.11814027060309e-13,0,0,0,0
207,1,1.01885368441156,0.9,1.1,8.57980353430321e-13,4.48894393878518e-12,0,0,0,0
208,1,1.01657660215382,0.9,1.1,-1.63424829224823e-13,-1.75137682134618e-12,0,0,0,0
209,1,1.01629749488734,0.9,1.1,-7.8159700933611e-13,3.5527136788005e-12,0,0,0,0
210,1,1.01884265275484,0.9,1.1,-1.66012981139829e-10,-1.52357293448091e-11,0,0,0,0
211,1,1.01404800119109,0.9,1.1,3.97903932025656e-13,1.0547118733939e-13,0,0,0,0
212,2,1.01613491770328,0.9,1.1,8.72191208145523e-13,-1.37737043992558e-12,0,0,0,0
213,1,1.02464057412527,0.9,1.1,9.76996261670138e-14,-8.11850586757146e-14,0,0,0,0
214,1,1.02636786899149,0.9,1.1,7.8159700933611e-14,1.0172418463128e-12,0,0,0,0
215,1,1.0282025417778,0.9,1.1,-1.04272146472795e-12,-2.72490363606437e-12,0,0,0,0
216,1,1.02908075132473,0.9,1.1,2.06057393370429e-13,1.00724983909117e-11,0,0,0,0
217,1,1.03975787995924,0.9,1.1,-2.45137243837235e-13,4.62130334000221e-13,0,0,0,0
218,1,1.03583304915634,0.9,1.1,-1.20792265079217e-12,5.26662047306559e-12,0,0,0,0
219,1,1.03900742243721,0.9,1.1,2.36344277482203e-11,2.04315731000548e-11,0,0,0,0
220,1,1.03902361158881,0.9,1.1,-8.59756710269721e-13,7.90478793533111e-12,0,0,0,0
221,1,1.01313022256059,0.9,1.1,-8.31494872954863e-11,-1.66642394328065e-10,0,0,0,0
222,1,1.02890839560779,0.9,1.1,-1.55520041289492e-12,-1.03077268942542e-12,0,0,0,0
223,1,1.01961023039817,0.9,1.1,1.06581410364015e-13,-1.53453638684908e-12,0,0,0,0
224,1,1.01587038173106,0.9,1.1,-3.82360809680904e-13,4.1433870223706e-13,0,0,0,0
225,1,1.01192523965402,0.9,1.1,-4.07673894642357e-13,-2.57693172356355e-13,0,0,0,0
226,1,1.010033304324,0.9,1.1,3.20632409511745e-13,-3.75914577244174e-13,0,0,0,0
227,1,1.01710832617274,0.9,1.1,-2.70894418008538e-14,-1.01324330870067e-11,0,0,0,0
228,1,1.01001970162344,0.9,1.1,-9.76996261670138e-13,3.30291349825984e-12,0,0,0,0
229,1,1.00440376581282,0.9,1.1,7.28306304154103e-14,-1.76768322202037e-12,0,0,0,0
230,1,1.00010563948038,0.9,1.1,1.18927090397847e-12,-1.13432006842995e-10,0,0,0,0
231,1,1.00013078075518,0.9,1.1,1.32942545860715e-11,3.42188083424233e-11,0,0,0,0
232,1,0.998841664588158,0.9,1.1,6.11954931173386e-13,1.01481323344643e-13,0,0,0,0
233,1,0.995743821725723,0.9,1.1,-1.96020977227818e-12,1.79519593634936e-11,0,0,0,0
234,2,0.995647788341911,0.9,1.1,-2.91517920913975e-11,4.89016813154386e-11,0,0,0,0
235,1,0.995644829505253,0.9,1.1,-1.89843696318803e-11,7.15409502471953e-11,0,0,0,0
236,1,0.996553163227849,0.9,1.1,-1.08926201392023e-11,-1.1200762539687e-11,0,0,0,0
237,1,0.998580264468027,0.9,1.1,-1.97308835936383e-12,2.57503220135735e-11,0,0,0,0
238,1,0.998582757194893,0.9,1.1,-2.54192222826077e-11,-4.16043068052208e-11,0,0,0,0
239,1,1.00980931441617,0.9,1.1,5.76427794385381e-13,-8.37004077158809e-13,0,0,0,0
240,1,1.01790855228215,0.9,1.1,-1.90070181815827e-13,2.37310171513627e-13,0,0,0,0
241,1,1.00978218602435,0.9,1.1,-7.68043406651486e-11,-1.57886898000115e-10,0,0,0,0
242,1,1.01276655176971,0.9,1.1,-1.39124267661828e-11,-3.15025783237388e-12,0,0,0,0
243,1,1.02271250630561,0.9,1.1,-7.28306304154103e-14,6.49827414100912e-13,0,0,0,0
244,1,1.01234662242785,0.9,1.1,-1.36779476633819e-13,3.66547070473899e-13,0,0,0,0
245,1,1.0125207034606,0.9,1.1,2.87609935867295e-11,-2.17310891503786e-10,0,0,0,0
246,1,1.01391134168279,0.9,1.1,-7.58504370423907e-13,-1.94254334839883e-12,0,0,0,0
247,1,1.01667773324851,0.9,1.1,5.71098723867181e-13,8.76937411575796e-12,0,0,0,0
248,1,1.01243382685803,0.9,1.1,5.86197757002083e-14,1.69482483602934e-13,0,0,0,0
249,1,1.00979383031184,0.9,1.1,-1.03757002989369e-11,2.77368406020884e-11,0,0,0,0
250,1,1.01226566243681,0.9,1.1,-2.91322521661641e-13,-1.08801856413265e-14,0,0,0,0
251,1,1.0065950702344,0.9,1.1,8.02069521910198e-12,2.36173060275124e-11,0,0,0,0
252,1,1.00660418572506,0.9,1.1,5.88062931683453e-12,6.23282675471515e-11,0,0,0,0
253,1,1.00741052910942,0.9,1.1,4.53859172466764e-13,-2.27873275804313e-12,0,0,0,0
254,1,1.05264103228162,0.9,1.1,-7.04443789675631e-14,-4.12137781004221e-13,0,0,0,0
255,1,1.00970461977391,0.9,1.1,1.58983937126322e-12,-2.36147906784723e-12,0,0,0,0
256,1,1.01134072172051,0.9,1.1,6.58541665643497e-10,4.83586781729883e-10,0,0,0,0
257,1,1.01127881722016,0.9,1.1,-5.12656583850912e-12,-1.32788398332639e-10,0,0,0,0
258,1,1.00971465774278,0.9,1.1,6.30526741929316e-11,-4.99918335894467e-10,0,0,0,0
259,1,1.00951152189713,0.9,1.1,1.60601754117806e-10,-1.59255768295008e-10,0,0,0,0
260,1,1.00950065851049,0.9,1.1,-5.01465535762691e-12,1.39947949062691e-11,0,0,0,0
261,1,1.00949463725006,0.9,1.1,3.55582230326945e-12,5.97568869387111e-12,0,0,0,0
262,1,1.01119997362927,0.9,1.1,-1.35180755478359e-12,-1.4658413372004e-12,0,0,0,0
263,1,1.01146753476303,0.9,1.1,-3.85735887675764e-12,-2.53642593039949e-11,0,0,0,0
264,1,1.01205773628478,0.9,1.1,5.08748598804232e-12,2.24355256595032e-11,0,0,0,0
265,1,1.02448080620281,0.9,1.1,-2.8421709430404e-14,2.33077446232244e-12,0,0,0,0
266,1,1.02620672167024,0.9,1.1,-6.20659079686448e-11,6.3174465658733e-11,0,0,0,0
267,1,1.02552402354064,0.9,1.1,-1.00655483947776e-10,-2.51558843200606e-10,0,0,0,0
268,1,1.02552221152154,0.9,1.1,-4.93232121812071e-11,1.44228379239664e-11,0,0,0,0
269,1,1.01380963112058,0.9,1.1,-2.97717406283482e-11,-1.99432137470978e-10,0,0,0,0
270,1,1.01392117181326,0.9,1.1,-1.96500593574456e-11,1.17617721118179e-10,0,0,0,0
271,1,1.01452845157134,0.9,1.1,9.9511510143202e-12,-9.99512972388317e-12,0,0,0,0
272,1,1.01140128378533,0.9,1.1,3.93791665942445e-11,-1.30589983271534e-11,0,0,0,0
273,1,1.01518694150874,0.9,1.1,-2.4837909506914e-12,-4.07902878141186e-12,0,0,0,0
274,1,1.01443042222414,0.9,1.1,1.03179687016564e-11,1.58895466229048e-11,0,0,0,0
275,1,1.01442403600012,0.9,1.1,-1.13820064484571e-12,-6.04603173082197e-12,0,0,0,0
276,1,1.01871370137066,0.9,1.1,4.25188773078844e-11,1.35529087952335e-10,0,0,0,0
277,1,1.0187252254019,0.9,1.1,1.75703007698758e-10,-1.72119957175809e-10,0,0,0,0
278,1,1.01194108278714,0.9,1.1,-1.07922559777762e-11,-2.70748701236556e-11,0,0,0,0
279,1,1.01192616013076,0.9,1.1,7.09619030203612e-11,-1.05278979978252e-10,0,0,0,0
280,1,1.01239188210025,0.9,1.1,-1.38173916752748e-11,4.69724953378048e-11,0,0,0,0
281,1,1.01231896259885,0.9,1.1,9.38342736844788e-11,1.33879018981986e-10,0,0,0,0
282,1,1.01229802018413,0.9,1.1,-7.74225128452599e-12,-4.91308382866151e-11,0,0,0,0
283,1,1.01233384227964,0.9,1.1,4.12114786740858e-13,-1.30569166589822e-11,0,0,0,0
284,2,1.01241076012648,0.9,1.1,-1.51345602716901e-11,-3.5278446830489e-12,0,0,0,0
285,1,1.01231836581055,0.9,1.1,-1.1234124741577e-11,-2.28463081786145e-11,0,0,0,0
286,1,1.01192252844865,0.9,1.1,1.48627776752619e-11,2.23869534021759e-11,0,0,0,0
287,1,1.01193696377186,0.9,1.1,-2.08721928629529e-11,4.92337073887406e-11,0,0,0,0
288,1,1.0031397250655,0.9,1.1,2.54525289733465e-11,4.77517331232136e-11,0,0,0,0
289,1,1.00691257688791,0.9,1.1,1.1414869049986e-11,-7.49610443162574e-11,0,0,0,0
290,1,1.00454378599091,0.9,1.1,-1.4495071809506e-12,-6.45317133063372e-12,0,0,0,0
291,1,1.0040267402756,0.9,1.1,5.22604182151554e-12,2.18783324790195e-12,0,0,0,0
292,1,1.00361836249374,0.9,1.1,4.73701078362865e-11,-2.61584157112971e-11,0,0,0,0
293,1,1.00568093918969,0.9,1.1,1.7240697758325e-10,-1.14002210449549e-10,0,0,0,0
294,1,1.01856135065964,0.9,1.1,-4.14684780378107e-11,9.53081204588699e-11,0,0,0,0
295,1,1.02112737508053,0.9,1.1,-5.41788836017076e-14,-1.61069074744447e-13,0,0,0,0
296,1,1.01160650303253,0.9,1.1,-3.19753112876242e-11,5.50259490750271e-11,0,0,0,0
297,1,1.00549298168756,0.9,1.1,-7.54862838903136e-12,8.77613953731426e-12,0,0,0,0
298,1,1.01850163134996,0.9,1.1,-1.99978853095721e-12,5.82354486557006e-12,0,0,0,0
299,1,1.01598918371775,0.9,1.1,7.17226278368344e-11,9.12139287712055e-11,0,0,0,0
300,1,1.01277170668517,0.9,1.1,5.59552404411079e-13,8.3318768551166e-13,0,0,0,0
301,1,1.01276193760316,0.9,1.1,-6.68176625140404e-12,-9.28111754117111e-12,0,0,0,0
302,1,1.01145419631702,0.9,1.1,3.5826452915444e-11,8.36455904540401e-11,0,0,0,0
303,1,1.01140541944475,0.9,1.1,-1.7812418207086e-11,-1.20879001253016e-11,0,0,0,0
304,1,1.01145195658374,0.9,1.1,-8.33471069938696e-11,-1.8477407104367e-11,0,0,0,0
305,1,1.01108947666343,0.9,1.1,-1.86348714237283e-11,-2.85939848188033e-10,0,0,0,0
306,1,1.01066102680457,0.9,1.1,4.86757301132457e-11,-6.492289345017e-11,0,0,0,0
307,1,1.01040246290884,0.9,1.1,1.82886594757292e-10,-3.29884557170868e-10,0,0,0,0
308,1,1.01110253580278,0.9,1.1,1.59907642682811e-11,-3.26536540862232e-11,0,0,0,0
309,1,1.01025916735073,0.9,1.1,-2.40163444686914e-12,-2.50494069931051e-13,0,0,0,0
310,1,1.01200436607381,0.9,1.1,-1.67537095308035e-11,4.8466439195316e-12,0,0,0,0
311,1,1.01394772967565,0.9,1.1,-1.16351372980716e-13,3.24289206599104e-12,0,0,0,0
312,1,1.01068256977664,0.9,1.1,2.84643419945496e-11,3.75827841070375e-11,0,0,0,0
313,1,1.01939172101241,0.9,1.1,-1.17019395801397e-10,-2.39749020100273e-10,0,0,0,0
314,1,1.01017196385362,0.9,1.1,1.95179872264362e-10,-2.13091523593167e-10,0,0,0,0
315,1,1.02068946173985,0.9,1.1,6.82569603146234e-10,2.92620502352802e-10,0,0,0,0
316,1,1.00974163198403,0.9,1.1,-2.51709764143015e-12,-1.19609183668601e-12,0,0,0,0
317,2,1.01156193372953,0.9,1.1,1.32871491587139e-12,-2.73026046215818e-12,0,0,0,0
318,1,1.01148307513152,0.9,1.1,-6.85229650798647e-13,-1.04864034122798e-13,0,0,0,0
319,1,1.01156706761477,0.9,1.1,-5.71986902286881e-13,2.87079388039402e-12,0,0,0,0
320,1,1.01222062631809,0.9,1.1,4.35207425653061e-14,5.85989590184965e-13,0,0,0,0
321,1,1.0137534109229,0.9,1.1,-1.81632486828676e-13,2.52532370015324e-12,0,0,0,0
322,1,1.01035888304185,0.9,1.1,-1.29807276039173e-11,2.10595429983584e-12,0,0,0,0
323,1,1.01172882317121,0.9,1.1,-1.74282810405657e-10,-3.31300958889003e-10,0,0,0,0
324,1,1.00970929888374,0.9,1.1,-5.5581761415624e-11,-4.77898103035113e-11,0,0,0,0
325,1,1.00958375737035,0.9,1.1,5.63122881658273e-11,7.94963053718512e-11,0,0,0,0
326,1,1.00952343823406,0.9,1.1,-1.19104726081787e-12,-2.38229574955895e-12,0,0,0,0
327,1,1.00943271418731,0.9,1.1,7.25641768895002e-13,-2.90913126921311e-13,0,0,0,0
328,1,1.01903154582429,0.9,1.1,-2.1316282072803e-13,-3.14331893846997e-13,0,0,0,0
329,1,1.01626062800616,0.9,1.1,2.76401124210679e-12,-2.54574139546548e-11,0,0,0,0
330,1,1.04626073850265,0.9,1.1,7.68650799434323e-11,3.20056581324799e-11,0,0,0,0
331,1,1.04621988706386,0.9,1.1,-3.7955215603309e-11,-7.70331830007692e-11,0,0,0,0
332,1,1.04363371230393,0.9,1.1,1.22293367919519e-12,5.78790460708201e-12,0,0,0,0
333,1,1.01724308726532,0.9,1.1,-8.4909856923332e-13,2.96984659087229e-13,0,0,0,0
334,1,1.01788666191455,0.9,1.1,1.27613475342514e-11,1.84158244209698e-11,0,0,0,0
335,1,1.01703620193338,0.9,1.1,-7.46069872548105e-14,3.13984949151802e-13,0,0,0,0
336,1,1.01803955039827,0.9,1.1,2.54019028034236e-13,3.34073047003614e-12,0,0,0,0
337,1,1.04579619766445,0.9,1.1,2.71345324770784e-12,2.38555381318604e-12,0,0,0,0
338,1,1.01592040879909,0.9,1.1,-1.77280412572145e-12,-6.75570710484408e-12,0,0,0,0
339,2,1.01595296630512,0.9,1.1,2.94875235340442e-12,6.29807317409359e-12,0,0,0,0
340,1,1.01918125896625,0.9,1.1,-3.89910326248355e-13,-4.84161322145127e-13,0,0,0,0
341,1,1.01929176120101,0.9,1.1,-1.98358662828468e-10,-2.25377702611773e-10,0,0,0,0
342,1,1.01799993901063,0.9,1.1,1.20028431638275e-11,9.42128319803004e-11,0,0,0,0
343,1,1.01719167064597,0.9,1.1,-3.5171865420125e-13,7.51135265097957e-13,0,0,0,0
344,1,1.01789897736793,0.9,1.1,-1.80992998366492e-11,-6.87418871825329e-11,0,0,0,0
345,1,1.014659887524,0.9,1.1,3.34914318500523e-11,-4.64659560828196e-11,0,0,0,0
346,1,1.01462247879672,0.9,1.1,1.77422521119297e-11,-3.90697890706448e-11,0,0,0,0
347,1,1.01764335340273,0.9,1.1,-4.42312853010662e-13,-3.57630591807379e-12,0,0,0,0
348,1,1.01666209373377,0.9,1.1,1.68220992691204e-12,-6.08783856659301e-12,0,0,0,0
349,1,1.01659645262769,0.9,1.1,-8.22630852326256e-12,-9.46291656145348e-12,0,0,0,0
350,1,1.02014016321944,0.9,1.1,3.45270478874227e-11,5.39956968026445e-11,0,0,0,0
351,1,1.0203077280869,0.9,1.1,-7.25997040262882e-12,-1.97373367649689e-11,0,0,0,0
352,1,1.0202927423184,0.9,1.1,-2.35456099062503e-12,-2.58439103451025e-12,0,0,0,0
353,1,1.0331662802979,0.9,1.1,-1.38662414883584e-11,2.79248846268842e-11,0,0,0,0
354,1,1.02285422805436,0.9,1.1,-5.38236122338276e-13,5.44356226761522e-13,0,0,0,0
355,1,1.023141232135,0.9,1.1,1.96465066437668e-12,-8.98933705251181e-12,0,0,0,0
356,1,1.04106897775271,0.9,1.1,1.29851684960158e-12,-4.94153329366753e-12,0,0,0,0
357,2,1.04853115497173,0.9,1.1,-8.16271494841203e-11,4.59863258583937e-11,0,0,0,0
358,2,1.04831419151706,0.9,1.1,6.84394763084128e-11,-1.3052670055913e-10,0,0,0,0
359,1,1.03338338493313,0.9,1.1,2.5448088081248e-10,-6.47808195974875e-11,0,0,0,0
360,1,1.03632219814156,0.9,1.1,-5.073630404695e-11,6.69672650666087e-12,0,0,0,0
361,1,1.02607373825406,0.9,1.1,4.83089124259095e-11,2.09316938781789e-11,0,0,0,0
362,1,1.02603917500095,0.9,1.1,4.38493685805952e-12,-2.83696677261247e-12,0,0,0,0
363,1,1.02267581660393,0.9,1.1,-8.25473023269296e-12,1.09287578986539e-11,0,0,0,0
364,1,1.02136481029287,0.9,1.1,-6.09379213756256e-12,-3.33929064955107e-11,0,0,0,0
365,1,1.02140346451105,0.9,1.1,1.15463194561016e-13,1.4960255256824e-12,0,0,0,0
366,1,1.01204819306631,0.9,1.1,-3.01980662698043e-13,-1.29922114733283e-12,0,0,0,0
367,1,1.00782206832413,0.9,1.1,-4.05471212161501e-11,-3.30026804495898e-12,0,0,0,0
368,2,1.00708479008194,0.9,1.1,4.04547506605013e-11,1.17195142479432e-11,0,0,0,0
369,1,1.00636914821674,0.9,1.1,-2.16582307643876e-11,-1.19783826954545e-10,0,0,0,0
370,1,1.02096595294734,0.9,1.1,-2.01398897559102e-11,-1.26650166049069e-10,0,0,0,0
371,1,1.01947971468407,0.9,1.1,3.5349501104065e-13,-2.23692592227209e-12,0,0,0,0
372,1,1.01944095206273,0.9,1.1,-3.41771055900608e-12,9.08093045204339e-12,0,0,0,0
373,1,1.0195590818051,0.9,1.1,-1.93622895494627e-13,1.14665221762067e-13,0,0,0,0
374,1,1.01872417925319,0.9,1.1,4.36983782492462e-13,-2.03378980323521e-12,0,0,0,0
375,1,1.01759121240572,0.9,1.1,6.08402217494586e-13,-2.60728938439314e-12,0,0,0,0
376,1,1.01769706518739,0.9,1.1,6.92779167366098e-14,-5.88947293711506e-12,0,0,0,0
377,1,1.01774895544939,0.9,1.1,-3.96349619791181e-12,-7.61326765519321e-12,0,0,0,0
378,2,1.01861849177197,0.9,1.1,1.50279788613261e-12,1.5404344466674e-13,0,0,0,0
379,1,1.01943868575736,0.9,1.1,-2.46380693624815e-11,3.52863571695394e-11,0,0,0,0
380,1,1.00470788021098,0.9,1.1,8.73967564984923e-13,5.99624516706143e-12,0,0,0,0
381,2,1.00493730989744,0.9,1.1,-4.9737991503207e-13,-1.46549439250521e-12,0,0,0,0
382,1,1.00120786712803,0.9,1.1,-6.06537042813216e-12,-5.99451044358545e-12,0,0,0,0
383,1,1.00231293730385,0.9,1.1,1.2137668647938e-10,-9.42078012822201e-11,0,0,0,0
384,1,1.0001422640021,0.9,1.1,4.90940621489244e-12,2.03950138027986e-11,0,0,0,0
385,1,0.999421741674718,0.9,1.1,5.25801624462474e-13,5.64366262056915e-12,0,0,0,0
386,1,0.999706364984719,0.9,1.1,-2.24575913421177e-12,-1.1894131513035e-12,0,0,0,0
387,1,1.00102445740372,0.9,1.1,1.71329617160154e-12,2.29856064737355e-11,0,0,0,0
388,1,0.99857038099433,0.9,1.1,3.84137166520304e-12,2.39459493900362e-11,0,0,0,0
389,1,0.998135092969534,0.9,1.1,2.32214247830598e-12,-1.07487803380213e-13,0,0,0,0
390,1,0.999504237925559,0.9,1.1,-7.19424519957101e-14,4.46084141847436e-13,0,0,0,0
391,1,1.00106068818154,0.9,1.1,-4.13002965160558e-13,4.00721122950642e-14,0,0,0,0
392,1,1.00413434060246,0.9,1.1,1.05773168002088e-11,-1.77748874646833e-11,0,0,0,0
393,1,1.0037995485157,0.9,1.1,-1.52766688188422e-13,-1.81625547934772e-12,0,0,0,0
394,1,1.02449523330657,0.9,1.1,-1.45590206557245e-11,-1.57675955625436e-11,0,0,0,0
395,2,1.05958116216181,0.9,1.1,-1.47792889038101e-12,4.2632564145606e-14,0,0,0,0
396,1,1.00656797768097,0.9,1.1,2.76152434253163e-11,-8.73622355013204e-11,0,0,0,0
397,1,1.00656818392329,0.9,1.1,3.48836515229323e-11,-1.29565368850448e-10,0,0,0,0
398,1,1.00675971759889,0.9,1.1,-3.8897773890767e-12,-6.38204766811867e-13,0,0,0,0
399,2,0.998716447544054,0.9,1.1,-2.30357954933424e-11,-6.88089585310081e-11,0,0,0,0
400,1,0.99900012684726,0.9,1.1,-5.09547959381962e-12,2.17519145057077e-11,0,0,0,0
401,1,1.02183040881555,0.9,1.1,1.01207930924829e-12,-1.30451205393456e-13,0,0,0,0
402,1,1.02634093227873,0.9,1.1,-3.47277762102749e-13,-3.2682190287403e-12,0,0,0,0
403,1,1.02011530276155,0.9,1.1,-5.06261699229071e-14,-9.050052374171e-13,0,0,0,0
404,1,1.01598887406449,0.9,1.1,-1.0852208021106e-11,6.34678073985206e-11,0,0,0,0
405,2,1.01596883086721,0.9,1.1,-1.27542421068938e-12,-2.62900812231237e-12,0,0,0,0
406,2,1.01689907828367,0.9,1.1,5.6843418860808e-14,-8.19788681383216e-13,0,0,0,0
407,2,1.0162692245485,0.9,1.1,-5.93161075812532e-11,0,0,0,0,0
408,2,1.01641885338996,0.9,1.1,2.4985880031636e-10,7.60058682658382e-11,0,0,0,0
409,2,1.01687721999294,0.9,1.1,1.34292577058659e-11,0,0,0,0,0
410,1,1.02115738894697,0.9,1.1,1.95585769802165e-11,1.12180403855078e-10,0,0,0,0
411,1,1.02292465683805,0.9,1.1,-1.57360346975111e-10,2.00458399879366e-10,0,0,0,0
412,1,1.01542207446614,0.9,1.1,4.37214708881584e-11,-4.40741193541427e-11,0,0,0,0
413,1,1.01788443199475,0.9,1.1,-6.86650736270167e-12,3.7470027081099e-13,0,0,0,0
414,1,1.02800191104455,0.9,1.1,4.70734562441066e-14,3.50934559190108e-13,0,0,0,0
415,1,1.04180544583023,0.9,1.1,1.07789333014807e-11,-1.05360165036927e-11,0,0,0,0
416,1,1.04175677670861,0.9,1.1,-3.90798504668055e-14,1.53523027623947e-12,0,0,0,0
417,1,1.04248104536242,0.9,1.1,7.66497976201208e-13,7.5016381995141e-12,0,0,0,0
418,1,1.03978837755068,0.9,1.1,2.51869636258562e-11,-1.69225744528489e-11,0,0,0,0
419,1,1.01379322721093,0.9,1.1,4.45865566689463e-12,1.26010313294955e-12,0,0,0,0
420,1,1.0136641838135,0.9,1.1,1.2398082560594e-11,2.56909077345213e-11,0,0,0,0
421,1,1.00791660972709,0.9,1.1,-1.46549439250521e-13,-9.3865887285105e-13,0,0,0,0
422,1,1.00777506537567,0.9,1.1,1.24913412946626e-11,-1.68091235375201e-11,0,0,0,0
423,1,1.00851042640324,0.9,1.1,3.33582050870973e-11,-1.10626785509993e-11,0,0,0,0
424,1,1.00976418887063,0.9,1.1,2.05435668476639e-12,1.06564063129255e-11,0,0,0,0
425,1,1.00951592970595,0.9,1.1,-2.42472708578134e-12,-2.57606436182556e-14,0,0,0,0
426,1,1.01185582877495,0.9,1.1,-4.49151826842353e-12,4.79963291333263e-12,0,0,0,0
427,1,1.01453221977553,0.9,1.1,-1.22213350550737e-12,-1.51319928809457e-12,0,0,0,0
428,1,1.04760935068981,0.9,1.1,7.37090388724937e-11,1.13308668003853e-11,0,0,0,0
429,1,1.04756866726818,0.9,1.1,-6.12843109593086e-13,6.58709198297913e-12,0,0,0,0
430,1,1.0124799603047,0.9,1.1,1.26121335597418e-13,-3.21747836706798e-12,0,0,0,0
431,1,1.00602730017798,0.9,1.1,1.56319401867222e-13,3.76088049591772e-13,0,0,0,0
432,1,1.00209429752967,0.9,1.1,2.0217605367634e-11,-3.82275808230581e-11,0,0,0,0
433,1,1.00207953545238,0.9,1.1,2.52509124720746e-12,-1.0344893344727e-11,0,0,0,0
434,1,1.00094708636138,0.9,1.1,-9.18376485969929e-13,-2.3710200469651e-12,0,0,0,0
435,1,0.997785333076113,0.9,1.1,-4.70468108915156e-12,-2.04255015678889e-11,0,0,0,0
436,1,0.997742742740494,0.9,1.1,-1.43032252708508e-11,-3.83430700384713e-11,0,0,0,0
437,1,0.99773505771842,0.9,1.1,-4.45110615032718e-12,-6.52694044644964e-12,0,0,0,0
438,1,0.999412743395984,0.9,1.1,4.75175454539567e-14,2.58486808346614e-12,0,0,0,0
439,1,1.00082470204805,0.9,1.1,5.62638824419537e-11,9.54851649137556e-11,0,0,0,0
440,1,1.00082011169164,0.9,1.1,4.44977388269763e-13,3.54829013393676e-12,0,0,0,0
441,1,1.01631505449794,0.9,1.1,-1.04155795099814e-10,-6.22678991701875e-11,0,0,0,0
442,1,1.02426587309225,0.9,1.1,-1.43494105486752e-11,1.38611344624451e-11,0,0,0,0
443,1,1.02426848130776,0.9,1.1,3.19719362096293e-10,-1.69281862832937e-10,0,0,0,0
444,1,1.02903293297553,0.9,1.1,1.84741111297626e-13,-2.03656536079677e-12,0,0,0,0
445,1,1.03622837075886,0.9,1.1,7.03437308402499e-13,-3.14331893846997e-13,0,0,0,0
446,1,1.04748177416751,0.9,1.1,-2.20357065927601e-12,3.57092827529826e-12,0,0,0,0
447,1,1.03692940339325,0.9,1.1,2.26485497023532e-13,-1.37390099297363e-13,0,0,0,0
448,1,1.02392319424501,0.9,1.1,4.00568467284756e-13,-1.63098701211339e-12,0,0,0,0
449,1,1.01200922671809,0.9,1.1,-1.06581410364015e-13,1.06858966120171e-13,0,0,0,0
450,1,1.0037601225532,0.9,1.1,-3.5527136788005e-13,8.60422844084496e-13,0,0,0,0
451,1,1.00164419304387,0.9,1.1,5.06261699229071e-14,2.33287781453706e-13,0,0,0,0
452,1,1.00185072852394,0.9,1.1,-1.24344978758018e-13,-5.91117866460822e-13,0,0,0,0
453,1,1.00116096405584,0.9,1.1,-1.48719259129848e-10,-5.10810534495865e-10,0,0,0,0
454,1,1.00083491765132,0.9,1.1,-4.64783767029076e-12,4.61226644713191e-11,0,0,0,0
455,1,1.00601276079252,0.9,1.1,-1.54543045027822e-13,7.65446733774766e-13,0,0,0,0
456,1,1.00778062870906,0.9,1.1,-1.20523591107258e-10,-6.00382699285362e-11,0,0,0,0
457,1,1.01158371954253,0.9,1.1,4.35207425653061e-14,-3.39355279987963e-14,0,0,0,0
458,1,1.0206371321901,0.9,1.1,-2.30127028544302e-11,-5.99078729332514e-11,0,0,0,0
459,1,1.02919783530213,0.9,1.1,-7.8159700933611e-14,-4.34873491383936e-13,0,0,0,0
460,1,1.01918936384306,0.9,1.1,-2.66320299147083e-12,-9.26173200632707e-12,0,0,0,0
461,1,1.01170736633771,0.9,1.1,5.95079541199084e-14,6.29357677084386e-13,0,0,0,0
462,1,1.01325705391792,0.9,1.1,-2.38742359215394e-12,8.39588815138015e-12,0,0,0,0
463,2,1.01420855874659,0.9,1.1,6.97042423780658e-12,5.71542813077031e-13,0,0,0,0
464,1,1.01280112979854,0.9,1.1,-8.66737792648564e-11,-5.73878965182129e-10,0,0,0,0
465,1,1.01328373158918,0.9,1.1,1.31450406115619e-13,8.47499154188469e-13,0,0,0,0
466,1,1.01391129064948,0.9,1.1,-1.71951342053944e-12,3.41545368376384e-12,0,0,0,0
467,1,1.01371066078014,0.9,1.1,6.68665123271239e-12,1.10311065837365e-11,0,0,0,0
468,1,1.01232808429007,0.9,1.1,-1.02229336107484e-12,-5.75039148242862e-12,0,0,0,0
469,2,1.01380834110966,0.9,1.1,1.26476606965298e-12,0,0,0,0,0
470,1,1.01436058731386,0.9,1.1,5.36015676289026e-13,4.02932895382513e-12,0,0,0,0
471,1,1.02019120200293,0.9,1.1,-5.50670620214078e-14,3.29033675305901e-13,0,0,0,0
472,1,1.01307540287247,0.9,1.1,-2.8599345114344e-13,-1.58224128243845e-12,0,0,0,0
473,1,1.015608202783,0.9,1.1,-4.34807745364196e-12,-9.14051820344319e-12,0,0,0,0
474,2,1.01387959698411,0.9,1.1,-9.9475983006414e-13,2.34479102800833e-13,0,0,0,0
475,1,1.01122540720186,0.9,1.1,-6.34159391665889e-13,-6.79413122983696e-12,0,0,0,0
476,1,1.01132398984498,0.9,1.1,-1.15178977466712e-11,-3.67762244268821e-10,0,0,0,0
477,1,1.03539492767254,0.9,1.1,-4.99857932823033e-11,1.14098747810987e-10,0,0,0,0
478,1,1.0023410064776,0.9,1.1,1.14308562615406e-12,3.57961002419444e-12,0,0,0,0
479,1,1.0059690424116,0.9,1.1,-3.31454863555791e-11,-1.35328406873593e-10,0,0,0,0
480,1,1.00004669414211,0.9,1.1,3.10862446895044e-13,1.74148889753312e-12,0,0,0,0
481,1,0.999538951121001,0.9,1.1,-4.60076421404665e-13,-1.63066175146165e-12,0,0,0,0
482,1,0.999567142343712,0.9,1.1,1.36779476633819e-13,2.7897822940659e-12,0,0,0,0
483,1,1.01205981420741,0.9,1.1,-1.75859327100625e-12,-1.67695718422678e-12,0,0,0,0
484,1,1.00169567205922,0.9,1.1,7.13207271019201e-13,4.85240780933108e-12,0,0,0,0
485,1,1.02631070182169,0.9,1.1,8.17124146124115e-14,-1.89431803576667e-13,0,0,0,0
486,1,1.02250694669718,0.9,1.1,-5.04352115626716e-12,-3.07726066850478e-11,0,0,0,0
487,1,1.02183456947739,0.9,1.1,-1.30651045537888e-12,-7.02181368605892e-12,0,0,0,0
488,1,1.0217761669526,0.9,1.1,1.29229960066368e-12,4.18953066683159e-12,0,0,0,0
489,1,1.01720210522408,0.9,1.1,1.52411416820541e-12,1.02366032317391e-12,0,0,0,0
490,1,1.018858949322,0.9,1.1,3.99680288865056e-14,1.10068204550728e-12,0,0,0,0
491,1,1.01646370071279,0.9,1.1,-2.01820782308459e-11,2.89409772188942e-10,0,0,0,0
492,2,1.01639996262839,0.9,1.1,-1.77635683940025e-13,3.47365365638286e-12,0,0,0,0
493,1,1.01305278497538,0.9,1.1,-1.297273399814e-11,9.85253545415787e-12,0,0,0,0
494,1,1.02112250408308,0.9,1.1,-1.54152246523154e-11,-3.32950626704548e-11,0,0,0,0
495,1,1.03949348887751,0.9,1.1,-7.67386154620908e-13,7.67615138119737e-14,0,0,0,0
496,1,1.05470027344207,0.9,1.1,-3.28626015289046e-14,2.43728648374741e-13,0,0,0,0
497,1,1.05548811553652,0.9,1.1,-1.67865721323324e-13,6.74156910851487e-13,0,0,0,0
498,1,1.05410159931065,0.9,1.1,2.49578135935735e-13,8.29935078994204e-13,0,0,0,0
499,1,1.0561454474065,0.9,1.1,-5.93303184359684e-13,-5.2206503009522e-13,0,0,0,0
500,1,1.04249847225421,0.9,1.1,-1.13242748511766e-13,1.15684371804203e-13,0,0,0,0
501,1,1.05564082902849,0.9,1.1,-2.93098878501041e-14,1.50704101975485e-13,0,0,0,0
502,1,1.0268542424356,0.9,1.1,7.04991620636974e-12,-1.19406654702781e-11,0,0,0,0
503,1,1.02915772347641,0.9,1.1,1.61826108069363e-12,2.36316174961893e-11,0,0,0,0
504,1,1.02934509824904,0.9,1.1,6.97220059464598e-14,1.16816278872278e-11,0,0,0,0
505,1,1.0344536626854,0.9,1.1,2.67341704329738e-13,4.36109481860569e-12,0,0,0,0
506,1,1.03179395448938,0.9,1.1,2.66453525910038e-15,-4.42354486374086e-15,0,0,0,0
507,1,1.03377980821658,0.9,1.1,-2.36255459640233e-13,2.46707168582994e-11,0,0,0,0
508,2,1.03749567212756,0.9,1.1,-1.78488335222937e-11,-3.10507175527164e-12,0,0,0,0
509,1,1.03736717512167,0.9,1.1,3.4306779639337e-11,4.40245062627298e-11,0,0,0,0
510,1,1.03364378729847,0.9,1.1,4.2224002072544e-12,1.59417617995317e-11,0,0,0,0
511,1,1.02919851388857,0.9,1.1,1.35536026846239e-12,6.82058576284561e-12,0,0,0,0
512,1,1.03465842464511,0.9,1.1,7.46069872548105e-14,3.13811476804204e-13,0,0,0,0
513,1,1.03460826995139,0.9,1.1,1.17328369242387e-12,4.90293569632705e-12,0,0,0,0
514,1,1.02902588680531,0.9,1.1,-2.66453525910038e-14,-1.17041792924155e-12,0,0,0,0
515,1,1.00664978466516,0.9,1.1,1.52766688188422e-13,4.95783969434171e-13,0,0,0,0
516,1,1.0086321915066,0.9,1.1,1.74082970261225e-13,-4.50334214363579e-13,0,0,0,0
517,1,1.02566246668407,0.9,1.1,2.74447131687339e-13,5.52857727046524e-13,0,0,0,0
518,1,1.01080205839016,0.9,1.1,9.71311919784057e-12,3.57179563703625e-12,0,0,0,0
519,1,1.00741075423328,0.9,1.1,-1.78417280949361e-11,-7.24753590475302e-11,0,0,0,0
520,1,1.04931849916004,0.9,1.1,-2.25597318603832e-13,-4.27782809175881e-13,0,0,0,0
521,1,1.02641521645853,0.9,1.1,-2.69690936249845e-11,-5.31288554816989e-11,0,0,0,0
522,1,1.02853478260921,0.9,1.1,5.88862292261183e-13,-2.39747457997375e-12,0,0,0,0
523,1,1.02701339029174,0.9,1.1,1.27897692436818e-13,-2.31585584042904e-12,0,0,0,0
524,1,1.05068919164486,0.9,1.1,1.3855583347322e-13,1.01862962509358e-12,0,0,0,0
525,1,1.05166220294429,0.9,1.1,-5.25801624462474e-13,1.02175212735034e-12,0,0,0,0
526,2,1.04413606784011,0.9,1.1,-7.8159700933611e-14,0,0,0,0,0
527,1,1.03427094484179,0.9,1.1,-1.17239551400417e-13,1.24211405050367e-11,0,0,0,0
528,1,1.04052496121268,0.9,1.1,-6.3948846218409e-13,-1.05020159235636e-12,0,0,0,0
529,1,1.06239749886301,0.9,1.1,-8.88083418491104e-11,-6.83672023271837e-10,0,0,0,0
530,1,1.06213394044343,0.9,1.1,-3.31998284208286e-12,-7.17605402280445e-12,0,0,0,0
531,1,1.05019683635769,0.9,1.1,-1.03526076600247e-11,-1.72882541615849e-11,0,0,0,0
532,1,1.04401405664267,0.9,1.1,-4.9737991503207e-14,-2.45289899503121e-12,0,0,0,0
533,1,1.03250358425368,0.9,1.1,8.17124146124115e-14,-2.30035174936249e-13,0,0,0,0
534,1,1.03696529383335,0.9,1.1,2.1316282072803e-14,-4.48209178105508e-14,0,0,0,0
535,2,1.05028453199001,0.9,1.1,-5.91171556152403e-12,3.77440301235765e-11,0,0,0,0
536,1,1.04935289639009,0.9,1.1,3.81497500256955e-10,1.98908840787215e-09,0,0,0,0
537,1,1.04773809017838,0.9,1.1,3.5527136788005e-14,-8.19483370051444e-13,0,0,0,0
538,1,1.04883902648459,0.9,1.1,-5.15143483426073e-13,-1.61710922430558e-12,0,0,0,0
539,1,1.04955571739008,0.9,1.1,3.10862446895044e-13,5.3251673903798e-13,0,0,0,0
540,1,1.05108915503925,0.9,1.1,-4.79616346638068e-14,-1.10920387458302e-12,0,0,0,0
541,1,1.05022296283963,0.9,1.1,2.77999845366139e-12,7.35158461884211e-12,0,0,0,0
542,1,1.05132978695538,0.9,1.1,-3.44613226843649e-13,-1.37060501836928e-12,0,0,0,0
543,1,1.05103561961895,0.9,1.1,-2.41584530158434e-13,-1.02574199134509e-12,0,0,0,0
544,1,1.04990523529236,0.9,1.1,-4.34141611549421e-12,3.36917993504215e-12,0,0,0,0
545,1,1.04950213761437,0.9,1.1,2.41904274389526e-10,-1.80838113580939e-10,0,0,0,0
546,1,1.04970885257032,0.9,1.1,9.80548975348938e-13,3.64153152077051e-13,0,0,0,0
547,2,1.06546652637257,0.9,1.1,7.98045078997912e-12,-1.59555349838011e-12,0,0,0,0
548,1,0.977277597039695,0.9,1.1,-1.4210854715202e-13,-2.22044604925031e-13,0,0,0,0
549,1,0.997286631407641,0.9,1.1,-4.61852778244065e-13,-3.5527136788005e-13,0,0,0,0
550,1,1.05051501853571,0.9,1.1,2.77111666946439e-12,8.5043083686287e-12,0,0,0,0
551,1,1.06122938772407,0.9,1.1,-5.73763259126281e-13,-2.9767854847762e-13,0,0,0,0
552,2,1.04753590853958,0.9,1.1,-2.72848410531878e-12,-1.49782408698229e-11,0,0,0,0
553,1,1.0570275345384,0.9,1.1,7.36122274247464e-12,3.12971870641832e-11,0,0,0,0
554,2,1.04656835401861,0.9,1.1,1.30739863379858e-12,3.78008735424373e-12,0,0,0,0
555,1,1.04927698643208,0.9,1.1,1.00548902537412e-10,1.47040712938917e-10,0,0,0,0
556,2,1.06331961868747,0.9,1.1,1.33013600134291e-11,-2.61849208982312e-10,0,0,0,0
557,2,1.07518496865236,0.9,1.1,9.61790647124872e-11,-1.53058010710083e-10,0,0,0,0
558,1,1.04470243091777,0.9,1.1,4.17168521948952e-11,-1.1445705494495e-12,0,0,0,0
559,1,1.03564428980612,0.9,1.1,2.64677169070637e-11,-6.6793792719011e-11,0,0,0,0
560,1,1.06659278140819,0.9,1.1,-9.24100350736477e-15,7.81129292528349e-13,0,0,0,0
561,1,1.05375615337089,0.9,1.1,-3.48165940522449e-13,-1.62370117351429e-13,0,0,0,0
562,2,1.04880014429603,0.9,1.1,-1.02772901300341e-10,1.06460618098936e-10,0,0,0,0
563,2,1.02897739481534,0.9,1.1,-9.2370555648813e-13,2.97273317073632e-12,0,0,0,0
564,2,1.03762531688237,0.9,1.1,-1.09423581307055e-12,-6.99884594723699e-13,0,0,0,0
565,1,1.05401704179938,0.9,1.1,-9.87654402706539e-12,-4.79438710954128e-12,0,0,0,0
566,1,1.01213671240066,0.9,1.1,-1.14470211087792e-10,-6.09352845959421e-11,0,0,0,0
567,1,1.06349870772932,0.9,1.1,6.11066752753686e-13,-1.42941214420489e-12,0,0,0,0
568,1,1.04444035655691,0.9,1.1,-4.54747350886464e-13,2.90045765183322e-13,0,0,0,0
569,2,1.05530636937311,0.9,1.1,-2.55795384873636e-12,-7.105427357601e-15,0,0,0,0
570,2,1.0250796853882,0.9,1.1,-1.79056769411545e-12,2.78888023785839e-13,0,0,0,0
571,2,1.07076951247018,0.9,1.1,1.36424205265939e-12,3.5527136788005e-14,0,0,0,0
572,1,1.05149647032608,0.9,1.1,-5.21893639415794e-11,-1.08738434922984e-09,0,0,0,0
573,2,1.01972308962286,0.9,1.1,-6.03961325396085e-13,4.44089209850063e-16,0,0,0,0
574,1,0.99813550511762,0.9,1.1,7.89057708061591e-12,-1.15000240233365e-10,0,0,0,0
575,1,1.02184728028877,0.9,1.1,1.35713662530179e-12,2.7824964554668e-13,0,0,0,0
576,1,1.00666885743702,0.9,1.1,-1.67643676718399e-12,3.7266544017367e-11,0,0,0,0
577,2,1.03935205198275,0.9,1.1,-4.220623850415e-12,2.30748753438093e-12,0,0,0,0
578,1,1.03882032389586,0.9,1.1,7.0663475071342e-12,-3.54230533794464e-12,0,0,0,0
579,2,1.01786352403483,0.9,1.1,3.19388959724165e-12,8.51055337314222e-13,0,0,0,0
580,1,1.08100148669869,0.9,1.1,-1.96394012164092e-11,4.15312229051779e-12,0,0,0,0
581,1,1.05501945972363,0.9,1.1,1.27897692436818e-13,2.08166817117217e-15,0,0,0,0
582,1,1.06094055848691,0.9,1.1,-5.24025267623074e-13,-4.9890647169093e-13,0,0,0,0
583,1,1.06402246943358,0.9,1.1,1.16529008664656e-12,1.19626530903361e-12,0,0,0,0
584,1,1.05702120784123,0.9,1.1,8.34887714518118e-13,1.4432899320127e-12,0,0,0,0
585,1,1.06362880269196,0.9,1.1,-4.68958205601666e-13,5.65519853168439e-13,0,0,0,0
586,1,1.05547097800753,0.9,1.1,-3.37507799486048e-14,-2.74780198594726e-13,0,0,0,0
587,1,1.05028753844159,0.9,1.1,-2.8599345114344e-13,-7.93809462606987e-13,0,0,0,0
588,1,1.05170030737812,0.9,1.1,-1.4530598946294e-12,-2.19269047363468e-13,0,0,0,0
589,1,1.08260870997761,0.9,1.1,1.20508047984913e-11,-5.67794700145896e-11,0,0,0,0
590,1,1.08078205065984,0.9,1.1,1.62882832659291e-09,4.4455878971816e-09,0,0,0,0
591,1,1.05248976212341,0.9,1.1,5.96855898038484e-12,1.99007477164059e-12,0,0,0,0
592,1,1.05979736885639,0.9,1.1,-2.8066438062524e-13,3.92741394961149e-13,0,0,0,0
593,1,1.06615902208936,0.9,1.1,6.18607114285595e-13,6.74173877727375e-11,0,0,0,0
594,1,1.06644164524744,0.9,1.1,-1.45806088464934e-11,9.41406255855532e-11,0,0,0,0
595,1,1.06249931070191,0.9,1.1,-9.969536307608e-11,1.45508494142632e-10,0,0,0,0
596,2,1.05550676477884,0.9,1.1,2.85012902168091e-10,-2.1183055309848e-10,0,0,0,0
597,1,1.06312448388984,0.9,1.1,-5.99811755819246e-10,-1.22613030839602e-10,0,0,0,0
598,1,1.04938106469795,0.9,1.1,5.93303184359684e-13,1.02695629777827e-13,0,0,0,0
599,1,1.05553106499541,0.9,1.1,-7.8227913036244e-10,3.2085445411667e-11,0,0,0,0
600,2,1.05907720907373,0.9,1.1,1.4210854715202e-11,-2.66453525910038e-13,0,0,0,0
601,2,1.06154166220258,0.9,1.1,-2.85353962681256e-11,1.82076576038526e-11,0,0,0,0
602,1,1.04537829793862,0.9,1.1,-8.40216785036318e-13,-1.45612688573493e-12,0,0,0,0
603,1,1.04840333580182,0.9,1.1,1.67830194186536e-11,8.60617133113806e-11,0,0,0,0
604,1,1.05195389447075,0.9,1.1,-1.50279788613261e-12,-2.06501482580279e-12,0,0,0,0
605,1,1.04545236675692,0.9,1.1,-3.07309733216243e-13,-7.79237785408782e-13,0,0,0,0
606,1,1.03637757192756,0.9,1.1,6.75015598972095e-14,-3.58046925441613e-13,0,0,0,0
607,1,1.05268701945336,0.9,1.1,4.79616346638068e-14,2.73392419813945e-13,0,0,0,0
608,1,1.04925795766441,0.9,1.1,-5.54223333892878e-11,-2.71338507218388e-11,0,0,0,0
609,2,1.05836147207687,0.9,1.1,2.38742359215394e-12,-1.27187149701058e-11,0,0,0,0
610,1,1.0483250281743,0.9,1.1,1.22479804076647e-12,4.62754834451573e-12,0,0,0,0
611,1,1.04848544241784,0.9,1.1,-1.12692077891552e-11,-3.34690608561061e-11,0,0,0,0
612,1,1.04837877948382,0.9,1.1,2.63700172808967e-12,-1.28001775845377e-11,0,0,0,0
613,1,1.03671479566803,0.9,1.1,5.99875704665465e-12,1.01238462058006e-11,0,0,0,0
614,2,1.04197686370368,0.9,1.1,-3.41060513164848e-13,-5.18696197104873e-13,0,0,0,0
615,1,1.02965272779026,0.9,1.1,-7.35411731511704e-13,9.82547376793264e-13,0,0,0,0
616,1,1.02971485887823,0.9,1.1,-3.83693077310454e-13,5.96744875736022e-14,0,0,0,0
617,1,1.02807133496993,0.9,1.1,7.40740802029904e-13,8.08381139805192e-13,0,0,0,0
618,1,1.03902951891088,0.9,1.1,-9.71667191151937e-13,-5.41233724504764e-13,0,0,0,0
619,1,1.04890069467935,0.9,1.1,5.75894887333561e-12,9.88154003067621e-12,0,0,0,0
620,1,1.03461314894858,0.9,1.1,-5.01785279993783e-11,-6.59527987778574e-11,0,0,0,0
621,1,1.01844732935778,0.9,1.1,-1.31450406115619e-13,1.17933440790807e-11,0,0,0,0
622,1,1.02840536404803,0.9,1.1,1.92201810023107e-12,6.64357457935694e-13,0,0,0,0
623,1,1.01681857183231,0.9,1.1,-5.6843418860808e-13,8.22453216642316e-13,0,0,0,0
624,1,1.02674175250682,0.9,1.1,1.20792265079217e-12,7.02216063075412e-13,0,0,0,0
625,1,1.03897568316133,0.9,1.1,1.76214598468505e-12,-4.78783679369599e-13,0,0,0,0
626,1,1.03431419193653,0.9,1.1,-2.37321273743873e-12,-2.32813768263895e-11,0,0,0,0
627,1,1.01843024639821,0.9,1.1,-9.85789228025169e-12,-3.48467782407269e-11,0,0,0,0
628,1,1.06118866540747,0.9,1.1,-5.85487214266323e-12,-1.01918473660589e-11,0,0,0,0
629,1,1.0648881137187,0.9,1.1,5.50244294572622e-11,3.59667851057566e-10,0,0,0,0
630,1,1.04668139303613,0.9,1.1,4.55809486679823e-13,-3.69519826334436e-12,0,0,0,0
631,1,1.02969068192796,0.9,1.1,5.33368904598319e-11,1.64423596266117e-10,0,0,0,0
632,2,1.03572321332282,0.9,1.1,2.87769807982841e-13,-7.14317494043826e-13,0,0,0,0
633,1,1.02506588296118,0.9,1.1,4.61852778244065e-14,-8.0252644807377e-13,0,0,0,0
634,1,1.02968836488126,0.9,1.1,-4.23474588728823e-11,-2.4053541276825e-10,0,0,0,0
635,1,1.03509314453988,0.9,1.1,1.54543045027822e-13,4.72972355725076e-12,0,0,0,0
636,1,1.02510524043809,0.9,1.1,-1.94511073914327e-13,-8.10679648410861e-13,0,0,0,0
637,1,1.03974727525597,0.9,1.1,-1.13229065967828e-13,2.59571981005557e-12,0,0,0,0
638,1,1.03968945580901,0.9,1.1,-4.9737991503207e-14,5.03624919545587e-13,0,0,0,0
639,1,1.02450011087761,0.9,1.1,-1.74793512996985e-12,-9.95217797061798e-11,0,0,0,0
640,1,1.01110713593594,0.9,1.1,-1.07291953099775e-12,-2.28914109889899e-12,0,0,0,0
641,1,1.03416082042335,0.9,1.1,-2.58992827184557e-12,-1.20672569159375e-11,0,0,0,0
642,1,1.04758520192034,0.9,1.1,-1.14397380457376e-12,-1.8551132852096e-12,0,0,0,0
643,1,1.04506128677733,0.9,1.1,7.24753590475302e-13,-9.37444566417867e-13,0,0,0,0
644,1,1.06246278633021,0.9,1.1,-4.73260526888868e-14,3.01942214332135e-12,0,0,0,0
645,1,1.03467581958094,0.9,1.1,2.1298518504409e-11,1.57804325162658e-11,0,0,0,0
646,1,1.04020343036145,0.9,1.1,4.79616346638068e-13,1.56680224350225e-12,0,0,0,0
647,1,1.04498014623646,0.9,1.1,-3.76587649952853e-13,2.74780198594726e-13,0,0,0,0
648,1,1.04628047652319,0.9,1.1,2.54374299402116e-12,9.58781665172381e-12,0,0,0,0
649,1,1.04679683621989,0.9,1.1,-1.34292577058659e-12,-8.75965966429249e-12,0,0,0,0
650,1,1.04594183738661,0.9,1.1,1.57029944602982e-12,-3.60371454899422e-11,0,0,0,0
651,1,1.0624269544143,0.9,1.1,1.15960574476048e-11,1.9278445506643e-10,0,0,0,0
652,1,1.04356700719709,0.9,1.1,7.07878200501e-13,2.30961083591552e-12,0,0,0,0
653,1,1.03827279943543,0.9,1.1,9.76996261670138e-15,3.23265719748278e-13,0,0,0,0
654,1,1.01137352536887,0.9,1.1,1.23101528970437e-12,3.18078896555107e-12,0,0,0,0
655,1,1.02911029554539,0.9,1.1,-6.14619466432487e-13,7.49053596926785e-13,0,0,0,0
656,1,1.02641721075383,0.9,1.1,1.442401753593e-12,1.88361045511121e-11,0,0,0,0
657,1,1.02907018065585,0.9,1.1,6.28830321147689e-13,2.48238929412281e-13,0,0,0,0
658,1,1.0284290659987,0.9,1.1,2.91322521661641e-13,-2.7599450502791e-13,0,0,0,0
659,1,1.03469123312077,0.9,1.1,1.05622177670739e-11,3.5022679201191e-11,0,0,0,0
660,1,1.03461490866499,0.9,1.1,-9.62785406954936e-12,-3.70616731748541e-11,0,0,0,0
661,1,1.04594252099958,0.9,1.1,-7.2265748940481e-11,-9.29464838428373e-11,0,0,0,0
662,1,1.04596004043659,0.9,1.1,5.45981038158061e-11,5.15674308809722e-11,0,0,0,0
663,1,1.03835967276645,0.9,1.1,-8.11795075605914e-13,-9.77343206365333e-13,0,0,0,0
664,1,1.02437880741754,0.9,1.1,-1.76747505520325e-13,4.87370560575684e-13,0,0,0,0
665,1,1.02535729972122,0.9,1.1,-7.19424519957101e-13,-1.5256025609478e-12,0,0,0,0
666,1,1.04058119012517,0.9,1.1,6.3948846218409e-14,-1.06373243546898e-12,0,0,0,0
667,1,1.03324426355617,0.9,1.1,-1.24344978758018e-13,6.90766888133965e-13,0,0,0,0
668,1,1.02439037816962,0.9,1.1,8.21565038222616e-13,-1.50868033343965e-11,0,0,0,0
669,1,1.02437618335029,0.9,1.1,3.01980662698043e-14,-1.16942046324287e-12,0,0,0,0
670,1,1.04569646373266,0.9,1.1,-3.24185123190546e-13,-6.35689417771701e-13,0,0,0,0
671,1,1.04168937094336,0.9,1.1,1.19015908239817e-13,7.29451221648247e-13,0,0,0,0
672,1,1.02449730460598,0.9,1.1,6.89226453687297e-13,-2.46891482952316e-11,0,0,0,0
673,1,1.02450065459426,0.9,1.1,-7.60635998631187e-11,-2.65158034418178e-10,0,0,0,0
674,1,1.02450376317146,0.9,1.1,5.92628168760712e-11,1.579475265856e-10,0,0,0,0
675,1,1.02482666867942,0.9,1.1,-9.41469124882133e-14,6.35897584588818e-12,0,0,0,0
676,1,1.01330701709334,0.9,1.1,1.4210854715202e-13,-6.39766017940246e-12,0,0,0,0
677,1,1.01352931076314,0.9,1.1,-1.65911728799983e-12,-1.66255897937617e-12,0,0,0,0
678,1,1.01412375773893,0.9,1.1,-2.51709764143015e-12,1.07537242999278e-11,0,0,0,0
679,1,1.01364235229623,0.9,1.1,-2.75512945790979e-12,7.03742619734271e-12,0,0,0,0
680,1,1.01418148175898,0.9,1.1,5.7021054544748e-13,1.44937881141338e-11,0,0,0,0
681,1,1.01440048783182,0.9,1.1,9.13047415451729e-13,1.05932623784e-11,0,0,0,0
682,2,1.01449290064834,0.9,1.1,9.59232693276135e-13,7.54063478325406e-13,0,0,0,0
683,2,1.01412687984382,0.9,1.1,-5.71986902286881e-12,-7.63034080364378e-12,0,0,0,0
684,1,1.01381135234999,0.9,1.1,1.27897692436818e-13,-1.07084480172048e-12,0,0,0,0
685,2,1.01429322168068,0.9,1.1,1.87583282240666e-12,1.33226762955019e-15,0,0,0,0
686,1,1.01596313761497,0.9,1.1,-1.33226762955019e-13,1.33261457424538e-12,0,0,0,0
687,1,1.0122847649216,0.9,1.1,1.32160948851379e-11,4.17494164239862e-11,0,0,0,0
688,1,1.01228431909038,0.9,1.1,2.30659935596123e-11,2.87033417867288e-11,0,0,0,0
689,1,1.0134534170264,0.9,1.1,-2.02149408323749e-12,-1.00283496784481e-11,0,0,0,0
690,1,1.01346231846778,0.9,1.1,-2.58282284448796e-12,-8.51029316462082e-12,0,0,0,0
691,1,1.01132598625667,0.9,1.1,4.9746873287404e-11,2.00182231901991e-10,0,0,0,0
692,1,1.01132740326572,0.9,1.1,3.03668201695473e-11,1.27750501149881e-10,0,0,0,0
693,2,1.02016293377777,0.9,1.1,1.59872115546023e-14,-5.46562795022965e-13,0,0,0,0
694,1,1.0156262847492,0.9,1.1,4.54569715202524e-12,1.19552805155632e-11,0,0,0,0
695,1,1.01228067544671,0.9,1.1,9.79483161245298e-12,-3.43670404634455e-11,0,0,0,0
696,1,1.02501174210059,0.9,1.1,-5.43565192856477e-12,3.72393955949679e-11,0,0,0,0
697,1,1.02492026625766,0.9,1.1,1.26121335597418e-11,1.37835836494515e-10,0,0,0,0
698,1,1.032694841043,0.9,1.1,-7.94031507211912e-13,3.2911173786232e-12,0,0,0,0
699,1,1.03278512040758,0.9,1.1,-7.105427357601e-13,3.62418428601075e-12,0,0,0,0
700,1,1.03168803067513,0.9,1.1,3.03934655221383e-12,4.43901859714657e-11,0,0,0,0
701,1,1.02686861684237,0.9,1.1,2.36255459640233e-13,-1.98519152505572e-11,0,0,0,0
702,1,1.02494995533344,0.9,1.1,6.71462885293295e-13,-1.75988737471933e-10,0,0,0,0
703,1,1.02618478807832,0.9,1.1,5.80868686483882e-13,2.69602049018935e-12,0,0,0,0
704,1,1.03168323138356,0.9,1.1,-6.78390676966956e-12,-5.14097445170059e-11,0,0,0,0
705,2,1.03444997185136,0.9,1.1,-1.86162196769146e-12,-2.99582580964852e-12,0,0,0,0
706,1,1.03385784044084,0.9,1.1,-1.4033219031262e-12,-4.56898407996675e-12,0,0,0,0
707,1,1.03406760110987,0.9,1.1,5.26441112924658e-11,8.58613527499053e-11,0,0,0,0
708,1,1.03540063309906,0.9,1.1,1.66568980830561e-11,1.62706653705769e-11,0,0,0,0
709,1,1.03539255655279,0.9,1.1,8.08952904662874e-12,1.35105468479502e-11,0,0,0,0
710,1,1.02911526602513,0.9,1.1,-4.49666970325779e-11,-1.09548307924978e-10,0,0,0,0
711,1,1.03087804209485,0.9,1.1,9.76640990302258e-12,7.09548739208365e-11,0,0,0,0
712,1,1.03087013440892,0.9,1.1,-1.03099750958791e-11,-1.07288310180476e-10,0,0,0,0
713,1,1.02806505583951,0.9,1.1,1.26956223311936e-11,-6.53760032220951e-11,0,0,0,0
714,1,1.02805410301084,0.9,1.1,2.38031816479634e-12,9.16693804198232e-11,0,0,0,0
715,1,1.02823701029963,0.9,1.1,1.06989972437077e-11,-1.36106924342183e-10,0,0,0,0
716,1,1.02823715493097,0.9,1.1,-3.41806583037396e-11,-3.43833468641197e-10,0,0,0,0
717,1,1.02934906176619,0.9,1.1,-1.29496413592278e-12,-4.82339862495351e-12,0,0,0,0
718,1,1.03616293145948,0.9,1.1,-9.1873175733781e-12,-3.73046211976646e-11,0,0,0,0
719,1,1.03087064803625,0.9,1.1,4.36592983987794e-11,9.95404279835466e-11,0,0,0,0
720,1,1.02870006700021,0.9,1.1,1.67865721323324e-12,1.42472839081975e-12,0,0,0,0
721,1,1.02911604791249,0.9,1.1,2.55528931347726e-11,1.08577036250779e-10,0,0,0,0
722,1,1.06061214936782,0.9,1.1,-1.95299693504154e-12,1.11596427440483e-11,0,0,0,0
723,1,1.03406562205107,0.9,1.1,-1.7347456804373e-11,-2.92708565718947e-12,0,0,0,0
724,1,1.03320773466472,0.9,1.1,-1.12336806523672e-11,-2.53003867856094e-10,0,0,0,0
725,1,1.02805809016523,0.9,1.1,1.57909241238485e-11,6.71821973052822e-11,0,0,0,0
726,1,1.02823561641323,0.9,1.1,5.03277419738879e-11,4.49181490613793e-10,0,0,0,0
727,1,1.02965614197717,0.9,1.1,2.37854180795694e-12,-1.13901943432637e-12,0,0,0,0
728,1,1.02911309106918,0.9,1.1,-3.5740299608733e-12,3.4614325294946e-11,0,0,0,0
729,1,1.03328652555574,0.9,1.1,2.66364708068068e-12,-5.71150331890591e-11,0,0,0,0
730,1,1.03350602770092,0.9,1.1,-4.91873208829929e-12,-1.01886381276284e-11,0,0,0,0
731,1,0.979500083937232,0.9,1.1,-6.88800128045841e-11,4.28185265022307e-11,0,0,0,0
732,1,0.979579715371701,0.9,1.1,1.68078884144052e-11,-5.3027027213659e-12,0,0,0,0
733,1,0.979571969436182,0.9,1.1,2.30926389122033e-12,1.05887520973624e-12,0,0,0,0
734,1,0.979467974573768,0.9,1.1,-2.37569963701389e-11,1.28064225890512e-11,0,0,0,0
735,1,0.979667609837715,0.9,1.1,-7.85149723014911e-13,4.69113636825114e-12,0,0,0,0
736,1,0.97955298261535,0.9,1.1,-6.19095885667775e-11,-9.54514245421478e-11,0,0,0,0
737,2,0.997765830935187,0.9,1.1,1.70530256582424e-13,-2.48689957516035e-13,0,0,0,0
738,1,1.00785514211581,0.9,1.1,-1.50990331349021e-13,2.26485497023532e-14,0,0,0,0
739,1,1.0092219701095,0.9,1.1,-4.33431068813661e-13,-1.99840144432528e-13,0,0,0,0
740,1,1.02164202516291,0.9,1.1,3.5171865420125e-13,1.11022302462516e-13,0,0,0,0
741,1,1.02747448713725,0.9,1.1,-4.86721773995669e-13,-7.2025718722557e-13,0,0,0,0
742,1,1.00247080866893,0.9,1.1,5.47579759313521e-11,1.91983560803412e-10,0,0,0,0
743,1,1.00246740712137,0.9,1.1,-5.2418513973862e-11,-2.46842474981241e-10,0,0,0,0
744,1,1.00226340625532,0.9,1.1,6.27764507044049e-12,1.1222919837385e-10,0,0,0,0
745,1,1.00224383656108,0.9,1.1,-4.9773518639995e-12,2.58126582174806e-11,0,0,0,0
746,1,1.0022881680516,0.9,1.1,-9.61186685799476e-12,-5.59345647056786e-11,0,0,0,0
747,1,1.00116056140971,0.9,1.1,1.36456179689048e-10,6.85465681611597e-10,0,0,0,0
748,1,1.0011634139397,0.9,1.1,-3.30775407064721e-11,-8.26869497351501e-11,0,0,0,0
749,1,1.00248196919084,0.9,1.1,-3.17967874252645e-13,4.91261931579324e-12,0,0,0,0
750,1,1.0010794787498,0.9,1.1,4.49418280368263e-13,2.29039606291365e-12,0,0,0,0
751,1,1.00083662324563,0.9,1.1,2.86668466742412e-11,-4.63470678935957e-13,0,0,0,0
752,1,1.00844356499327,0.9,1.1,-4.19220214098459e-13,-2.39808173319034e-12,0,0,0,0
753,1,1.02898005820453,0.9,1.1,-6.78568312650896e-13,1.04430353253804e-12,0,0,0,0
754,1,1.01057654780009,0.9,1.1,-1.43671741170692e-11,-1.98521754590786e-11,0,0,0,0
755,1,1.04950301806831,0.9,1.1,-7.14592829353933e-11,4.07665914914368e-10,0,0,0,0
756,1,1.05483666431557,0.9,1.1,-8.24229573481716e-12,-4.23844770044979e-11,0,0,0,0
757,1,1.04935406993843,0.9,1.1,-3.73105990547629e-11,-1.12452547273989e-09,0,0,0,0
758,1,1.04832065093812,0.9,1.1,-2.91322521661641e-13,-1.30026198141842e-12,0,0,0,0
759,2,1.04997020635519,0.9,1.1,7.54766915633809e-10,6.64890364987514e-12,0,0,0,0
760,1,1.04996347971975,0.9,1.1,-9.75411714804828e-10,-1.8843437534436e-10,0,0,0,0
761,1,1.04107459399318,0.9,1.1,-2.16530793295533e-10,6.99159841133223e-10,0,0,0,0
762,1,1.04106170694317,0.9,1.1,1.5427704516239e-10,-2.1323948092061e-11,0,0,0,0
763,1,1.04881376906971,0.9,1.1,5.9965597991033e-11,7.85809624692176e-12,0,0,0,0
764,1,1.04878648538662,0.9,1.1,-1.65352496919632e-10,-9.51469739766881e-11,0,0,0,0
765,1,1.04996695843686,0.9,1.1,3.84370799253352e-10,-6.60212841555791e-10,0,0,0,0
766,1,1.04106595353992,0.9,1.1,-8.32913173916974e-11,-2.54526298383313e-10,0,0,0,0
767,1,1.03320039060349,0.9,1.1,8.5265128291212e-14,2.28289609438548e-13,0,0,0,0
768,2,1.05136965964204,0.9,1.1,-6.06803496339126e-12,-1.11555209514336e-12,0,0,0,0
769,1,1.00695462005208,0.9,1.1,1.26121335597418e-13,2.62029981046297e-13,0,0,0,0
770,1,1.03018822967076,0.9,1.1,-1.27897692436818e-13,-2.86749790578966e-13,0,0,0,0
771,1,1.04298533165247,0.9,1.1,6.03961325396085e-14,-1.57165946923499e-13,0,0,0,0
772,1,1.06096097170611,0.9,1.1,2.34280949272559e-13,-1.5117782655954e-12,0,0,0,0
773,1,1.06397513787675,0.9,1.1,1.13686837721616e-13,5.82645043323282e-13,0,0,0,0
774,2,1.06515473094729,0.9,1.1,7.17883444136825e-13,-2.4396731000504e-11,0,0,0,0
775,1,1.01031289200935,0.9,1.1,4.90274487674469e-13,-3.28860202958303e-13,0,0,0,0
776,1,1.01066203128074,0.9,1.1,3.80140363631654e-13,8.02352975726173e-13,0,0,0,0
777,1,1.0101027210992,0.9,1.1,5.6843418860808e-13,1.18697369641541e-12,0,0,0,0
778,1,1.02251522041708,0.9,1.1,-5.25801624462474e-13,2.57675825121595e-11,0,0,0,0
779,1,1.04472024576933,0.9,1.1,5.35571587079176e-13,7.6591510911328e-12,0,0,0,0
780,1,1.01041127095713,0.9,1.1,8.81961170762224e-13,1.81016226313835e-12,0,0,0,0
781,1,1.05196272864238,0.9,1.1,-8.45545855554519e-12,-6.45782038954934e-11,0,0,0,0
782,1,1.04448538708629,0.9,1.1,-1.47437617670221e-13,-4.96130914129367e-14,0,0,0,0
783,1,1.01284278981695,0.9,1.1,-6.57252030578093e-13,-4.22491902574151e-13,0,0,0,0
784,1,1.01280288157811,0.9,1.1,5.12478948166972e-12,-3.98704506909819e-10,0,0,0,0
785,1,1.01280203251518,0.9,1.1,1.43575817901365e-10,6.72034476678629e-10,0,0,0,0
786,1,1.01376631899782,0.9,1.1,-9.00612917575927e-13,1.60427227058335e-11,0,0,0,0
787,1,1.01372130834882,0.9,1.1,-4.88320495151129e-12,2.32511926379075e-11,0,0,0,0
788,1,1.01242183211922,0.9,1.1,-4.10338429901458e-13,7.11600917080446e-12,0,0,0,0
789,1,1.01236836393627,0.9,1.1,1.98241423277068e-12,2.99985730700669e-12,0,0,0,0
790,1,1.01329374337023,0.9,1.1,-5.6843418860808e-14,9.36594551914638e-12,0,0,0,0
791,1,1.01326777999538,0.9,1.1,2.41584530158434e-13,-2.63955524104631e-12,0,0,0,0
792,1,1.01307177301168,0.9,1.1,1.80477854883065e-12,1.68129399291672e-12,0,0,0,0
793,1,1.01422842953704,0.9,1.1,-9.68114477473137e-13,-6.44571201968702e-12,0,0,0,0
794,1,1.01669002682627,0.9,1.1,8.22453216642316e-13,5.29050761532979e-11,0,0,0,0
795,1,1.01677441157798,0.9,1.1,-2.05151451382335e-11,-4.64081897910695e-11,0,0,0,0
796,1,1.0132246047108,0.9,1.1,3.33955085807247e-13,2.71987293798404e-12,0,0,0,0
797,1,1.013170077333,0.9,1.1,1.29674049276218e-12,-3.04123046190874e-12,0,0,0,0
798,1,1.01241746463788,0.9,1.1,-1.16986420550802e-11,-3.43453564199958e-12,0,0,0,0
799,1,1.06260997712709,0.9,1.1,1.3858425518265e-10,-2.9605189411086e-09,0,0,0,0
800,1,1.06470738852797,0.9,1.1,-2.57750373427645e-13,-2.55697517944262e-11,0,0,0,0
801,1,1.06261128098483,0.9,1.1,-1.21296138040368e-10,1.54153819042278e-09,0,0,0,0
802,1,1.06261160023452,0.9,1.1,1.92692170967502e-10,1.51640643396351e-11,0,0,0,0
803,1,1.03389668682803,0.9,1.1,-1.68398628375144e-12,-1.46358619668163e-12,0,0,0,0
804,1,1.03606297380516,0.9,1.1,3.5704772471945e-13,-1.5560469579512e-12,0,0,0,0
805,1,1.03376830121576,0.9,1.1,3.49942297361849e-13,-6.19958945291543e-11,0,0,0,0
806,1,1.03264733280617,0.9,1.1,-2.14370743378822e-11,9.34526761531274e-11,0,0,0,0
807,1,1.03264619571477,0.9,1.1,-2.77236011925197e-11,1.46154269242693e-10,0,0,0,0
808,1,1.03514320595067,0.9,1.1,-3.79252185211953e-13,-3.28912244662583e-12,0,0,0,0
809,1,1.02846080505394,0.9,1.1,1.03561603737035e-12,-8.870681966755e-12,0,0,0,0
810,1,1.03354354133537,0.9,1.1,-1.26654242649238e-12,-1.17749560102354e-11,0,0,0,0
811,2,1.03802419645051,0.9,1.1,6.75015598972095e-14,5.55111512312578e-15,0,0,0,0
812,1,1.03099732202561,0.9,1.1,-5.22248910783674e-13,-2.57467658304478e-12,0,0,0,0
813,1,1.03299098932939,0.9,1.1,-1.90070181815827e-12,1.45335132817337e-12,0,0,0,0
814,1,1.03061688452466,0.9,1.1,-1.14219744773436e-12,-3.33639366134619e-12,0,0,0,0
815,1,1.03356362028816,0.9,1.1,-2.20712337295481e-12,-2.01318996195798e-11,0,0,0,0
816,1,1.03264525245465,0.9,1.1,-5.27551335949283e-11,-3.28085215245411e-10,0,0,0,0
817,2,1.07220840010572,0.9,1.1,-4.77484718430787e-12,2.42152964347042e-11,0,0,0,0
818,1,1.07134574401757,0.9,1.1,2.57941771721716e-12,1.06841355481642e-10,0,0,0,0
819,1,1.00502804980343,0.9,1.1,-7.87014897696281e-12,-3.44516082328994e-11,0,0,0,0
820,1,1.01455488687459,0.9,1.1,3.73034936274053e-14,5.8113236445223e-14,0,0,0,0
821,1,1.01000079405546,0.9,1.1,8.88178419700125e-14,-4.64961402713016e-13,0,0,0,0
822,1,1.00504530014934,0.9,1.1,8.30802093787497e-12,4.00721122950642e-11,0,0,0,0
823,1,1.02470256668691,0.9,1.1,-9.84101689027739e-13,-3.40148915978222e-12,0,0,0,0
824,1,1.02472397319797,0.9,1.1,6.02184968556685e-13,-3.01503613742149e-12,0,0,0,0
825,1,1.0272676457781,0.9,1.1,-1.36779476633819e-13,2.782409719293e-12,0,0,0,0
826,1,1.02784663317491,0.9,1.1,-8.38440428196918e-13,-3.029477710359e-12,0,0,0,0
827,1,1.02451126534708,0.9,1.1,5.07682784700592e-12,2.49329203116933e-11,0,0,0,0
828,2,1.02083544844613,0.9,1.1,-5.6843418860808e-14,5.32907051820075e-15,0,0,0,0
829,2,1.03147285890003,0.9,1.1,2.20268248085631e-13,-4.09255962452448e-12,0,0,0,0
830,1,1.03525759669574,0.9,1.1,-2.28013163905416e-11,6.51922960059892e-11,0,0,0,0
831,1,1.05149683389549,0.9,1.1,8.60538307279057e-11,1.1874057292971e-09,0,0,0,0
832,1,1.05137706496931,0.9,1.1,-7.64970309319324e-11,-1.73291936356179e-10,0,0,0,0
833,1,1.03799242480192,0.9,1.1,6.60804744256893e-12,2.22294405105572e-11,0,0,0,0
834,1,1.03527499260169,0.9,1.1,1.45341516599728e-11,-3.958500194301e-11,0,0,0,0
835,1,1.03175391949804,0.9,1.1,-3.30047100760567e-12,-9.77967706816685e-12,0,0,0,0
836,1,1.02945404730457,0.9,1.1,8.82849349181924e-13,-4.73232564246473e-13,0,0,0,0
837,1,1.03903952751796,0.9,1.1,5.57776047571679e-13,-1.38777878078145e-14,0,0,0,0
838,1,1.04380601113182,0.9,1.1,1.58095758706622e-13,-9.73526814718184e-13,0,0,0,0
839,1,1.04410477910504,0.9,1.1,-1.61648472385423e-13,4.20496970576778e-13,0,0,0,0
840,1,1.05615017613291,0.9,1.1,-1.52411416820541e-12,-1.3988810110277e-12,0,0,0,0
841,1,1.03811536119057,0.9,1.1,-1.1619150086517e-11,-2.73323030874906e-11,0,0,0,0
842,1,1.05729151371789,0.9,1.1,1.15960574476048e-11,3.86524146023248e-11,0,0,0,0
843,1,1.04760294390197,0.9,1.1,4.9737991503207e-14,7.43849426498855e-13,0,0,0,0
844,1,1.05134297689454,0.9,1.1,3.50297568729729e-12,2.21156426505331e-11,0,0,0,0
845,1,1.04248827367553,0.9,1.1,-1.66267000167863e-12,-3.01703106941886e-12,0,0,0,0
846,1,1.03661371430442,0.9,1.1,-1.406874616805e-12,4.41036096532343e-12,0,0,0,0
847,3,1.05539564261085,0.9,1.1,3.35376171278767e-12,4.19788648287067e-11,0,0,0,0
848,2,1.05520869788216,0.9,1.1,-3.05342690637664e-12,-9.59689583661234e-11,0,0,0,0
849,1,1.04651188311873,0.9,1.1,1.20223830890609e-11,-2.00520156035111e-11,0,0,0,0
850,1,1.04655827375648,0.9,1.1,-2.91855428713461e-11,-3.32411181913628e-11,0,0,0,0
851,1,1.05316014692227,0.9,1.1,3.28626015289046e-13,3.64742958058883e-12,0,0,0,0
852,1,1.05319467195999,0.9,1.1,-9.34363697524532e-13,-2.4605317783255e-12,0,0,0,0
853,1,1.05393188054132,0.9,1.1,1.62359015121183e-12,4.38711567074535e-12,0,0,0,0
854,1,1.05518400067547,0.9,1.1,-1.73372427525464e-12,-5.66317825967388e-12,0,0,0,0
855,1,1.04421209290513,0.9,1.1,8.5442763975152e-13,2.19355783537267e-12,0,0,0,0
856,1,1.04499345363102,0.9,1.1,-2.20445883769571e-12,-1.16053000542848e-12,0,0,0,0
857,1,1.04920208629044,0.9,1.1,-4.9737991503207e-13,-9.10382880192628e-13,0,0,0,0
858,1,1.06262585905201,0.9,1.1,7.76103198811453e-12,1.8028078305104e-11,0,0,0,0
859,1,1.05618036146351,0.9,1.1,3.12638803734444e-13,8.33361157859258e-13,0,0,0,0
860,1,1.05303179363833,0.9,1.1,-9.52127265918534e-13,5.25968157916168e-13,0,0,0,0
861,1,1.0479418382548,0.9,1.1,8.5265128291212e-14,-8.25034485174569e-13,0,0,0,0
862,1,1.04733816914211,0.9,1.1,5.04485342389671e-13,7.97972798949331e-14,0,0,0,0
863,1,1.02950695698099,0.9,1.1,-9.45910016980633e-14,-7.93766094520088e-13,0,0,0,0
864,1,1.01850935936781,0.9,1.1,-6.33626484614069e-12,-8.61368268378904e-12,0,0,0,0
865,1,1.01872069840498,0.9,1.1,1.49924517245381e-12,2.60771439164476e-11,0,0,0,0
866,1,1.02262318672281,0.9,1.1,3.26139115713886e-11,4.29886161390503e-11,0,0,0,0
867,1,1.0226435835305,0.9,1.1,3.8163250337675e-11,1.20846443962819e-10,0,0,0,0
868,1,1.02179305945842,0.9,1.1,-1.46407330703369e-11,-7.21023067640214e-11,0,0,0,0
869,1,1.02181494394266,0.9,1.1,-5.73248115642855e-11,-4.93311988480905e-12,0,0,0,0
870,2,1.02528399456735,0.9,1.1,-4.10338429901458e-13,-3.70592445619877e-13,0,0,0,0
871,1,1.02419803885301,0.9,1.1,-8.68638494466722e-13,-2.33667252214076e-13,0,0,0,0
872,1,1.02388639558489,0.9,1.1,-3.00097724448278e-11,-2.18302459442654e-10,0,0,0,0
873,1,1.02263103734343,0.9,1.1,-7.13962222675946e-11,-1.44860165529614e-10,0,0,0,0
874,1,1.01859446391386,0.9,1.1,-4.2899017671516e-13,-1.60536948318191e-11,0,0,0,0
875,1,1.02180648739652,0.9,1.1,3.48574502595511e-11,1.88726638483683e-10,0,0,0,0
876,1,1.03069126219855,0.9,1.1,-2.64996913301729e-11,3.0923874572153e-11,0,0,0,0
877,1,1.01297847090341,0.9,1.1,-1.65556457432103e-12,-5.23976695365747e-11,0,0,0,0
878,1,1.01299863218654,0.9,1.1,2.27515783990384e-11,-2.86742851685062e-11,0,0,0,0
879,1,1.01313283432254,0.9,1.1,1.76108017058141e-11,-5.54174761635551e-11,0,0,0,0
880,1,1.01313328689512,0.9,1.1,-3.05249159282539e-11,1.4672638104507e-10,0,0,0,0
881,1,1.01619021780397,0.9,1.1,-7.88205056778679e-11,3.11099757066557e-10,0,0,0,0
882,1,1.01619038586265,0.9,1.1,-1.72214242866175e-10,-3.82119336173048e-10,0,0,0,0
883,1,1.01573591129061,0.9,1.1,6.68265442982374e-11,-1.43310363576177e-10,0,0,0,0
884,1,1.01574159762823,0.9,1.1,-3.14415160573844e-11,4.30662450146002e-10,0,0,0,0
885,1,1.01252283557125,0.9,1.1,-8.13535905308527e-11,3.16358744756329e-10,0,0,0,0
886,1,1.01194697888383,0.9,1.1,-4.55457893622224e-12,-1.00475183728577e-12,0,0,0,0
887,1,1.03896280499012,0.9,1.1,-5.41859890290652e-11,-1.04846686888038e-11,0,0,0,0
888,1,1.0391817096035,0.9,1.1,-5.45696821063757e-12,-1.91929805382074e-12,0,0,0,0
889,1,1.00137733205355,0.9,1.1,-1.85185200507476e-12,-1.48422940604576e-12,0,0,0,0
890,1,1.00114878653605,0.9,1.1,-1.64089186682759e-10,-2.81791256995234e-10,0,0,0,0
891,1,1.00114857261285,0.9,1.1,-1.00692787441403e-11,1.2937567683835e-10,0,0,0,0
892,1,1.00185041919583,0.9,1.1,-6.26609875098438e-12,-5.52682899446211e-13,0,0,0,0
893,1,1.00471667083221,0.9,1.1,5.2178705800543e-11,-1.77628745046121e-11,0,0,0,0
894,1,1.02720859371068,0.9,1.1,-1.67027280895127e-10,-6.40236821891627e-10,0,0,0,0
895,1,1.02721002399323,0.9,1.1,-1.43396405860585e-10,2.51767703907113e-10,0,0,0,0
896,1,1.02384123306404,0.9,1.1,-3.85469434149854e-13,9.19334053328669e-12,0,0,0,0
897,1,1.06452066324317,0.9,1.1,6.22094145322677e-12,6.6481923349675e-11,0,0,0,0
898,1,1.06494712920856,0.9,1.1,5.59251681639727e-12,5.09723443252111e-12,0,0,0,0
899,2,1.06653096852837,0.9,1.1,1.13686837721616e-12,7.105427357601e-15,0,0,0,0
900,2,1.06388652034521,0.9,1.1,-3.09146515233388e-12,-8.32100543648417e-12,0,0,0,0
901,1,1.03689031123675,0.9,1.1,3.30402372128447e-13,1.26010313294955e-12,0,0,0,0
902,1,1.06334562325651,0.9,1.1,-7.92826901526533e-12,-3.16336790504735e-11,0,0,0,0
903,1,1.0366436097682,0.9,1.1,-3.12638803734444e-13,-1.14352971536391e-12,0,0,0,0
904,1,1.03088326628913,0.9,1.1,-5.6843418860808e-13,5.77315972805081e-13,0,0,0,0
905,1,1.03088492867943,0.9,1.1,3.12638803734444e-13,-1.04916075827077e-12,0,0,0,0
906,1,1.03870374913417,0.9,1.1,-3.09086090055644e-13,2.23432383705813e-13,0,0,0,0
907,1,1.00980283387095,0.9,1.1,-5.25801624462474e-13,-2.76549616540223e-12,0,0,0,0
908,1,1.02506713184886,0.9,1.1,-2.20090612401691e-12,-1.59941504485062e-12,0,0,0,0
909,1,1.00782330161206,0.9,1.1,3.76134678958806e-11,3.74969152949767e-11,0,0,0,0
910,1,1.0070861955343,0.9,1.1,-1.40651934543712e-11,-4.0662091749244e-11,0,0,0,0
911,1,1.00707976184117,0.9,1.1,-1.64048330475453e-10,-7.2656117233727e-11,0,0,0,0
912,1,1.00637038289944,0.9,1.1,-9.98578997268851e-12,7.13078901481978e-11,0,0,0,0
913,1,1.02096696710811,0.9,1.1,-4.01749744582958e-11,1.29233776458015e-10,0,0,0,0
914,1,1.01952699335598,0.9,1.1,1.32249766693349e-12,4.2708891978549e-13,0,0,0,0
915,1,1.0177069130159,0.9,1.1,3.62287977395681e-12,9.03790930983916e-13,0,0,0,0
916,1,1.01775078292635,0.9,1.1,-5.09814412907872e-12,7.4094549940007e-11,0,0,0,0
917,1,1.01879007292548,0.9,1.1,-1.75948144942595e-12,5.49213452494257e-13,0,0,0,0
918,1,0.997743366858825,0.9,1.1,-4.73496797326334e-11,1.85877181702043e-10,0,0,0,0
919,1,1.01896862387394,0.9,1.1,-2.54818388611966e-12,8.19622147929522e-12,0,0,0,0
920,1,1.01946133219572,0.9,1.1,4.64517313503165e-13,-1.34253719252797e-11,0,0,0,0
921,1,1.01825964801636,0.9,1.1,8.26005930321116e-13,-2.12746487093796e-12,0,0,0,0
922,1,1.00129907317924,0.9,1.1,4.00213195916876e-12,-6.7168492989822e-13,0,0,0,0
923,1,1.02473580533511,0.9,1.1,9.56568158017035e-13,-2.00568728292438e-12,0,0,0,0
924,1,1.01260386069572,0.9,1.1,4.55457893622224e-12,8.03836164298133e-12,0,0,0,0
925,1,1.00314114321639,0.9,1.1,-1.41882949833416e-10,1.27153496065624e-10,0,0,0,0
926,1,1.00314170721513,0.9,1.1,-9.47775191662004e-12,8.4652423959497e-11,0,0,0,0
927,1,1.00685530830677,0.9,1.1,-1.27098331859088e-11,9.24885168451794e-12,0,0,0,0
928,1,1.00361939055368,0.9,1.1,-7.22231163763354e-11,5.27824312035463e-11,0,0,0,0
929,1,1.00362056035232,0.9,1.1,-2.40429898212824e-12,-3.1023447699674e-11,0,0,0,0
930,1,1.00566944580653,0.9,1.1,-8.67119709369035e-11,-1.02703262561121e-10,0,0,0,0
931,1,1.00569113566317,0.9,1.1,-8.75566286140383e-12,-1.54866050539049e-10,0,0,0,0
932,1,1.00949569821443,0.9,1.1,2.8421709430404e-13,4.93251273159245e-12,0,0,0,0
933,1,1.00950277245224,0.9,1.1,-1.86872739504906e-12,6.94930224476309e-12,0,0,0,0
934,1,1.01128061378459,0.9,1.1,2.02888372768939e-10,-1.61418794997203e-10,0,0,0,0
935,1,1.01127692178788,0.9,1.1,5.18776133162646e-11,1.82296192030584e-10,0,0,0,0
936,1,1.01132943556963,0.9,1.1,-1.50325085712666e-10,1.11169060068583e-10,0,0,0,0
937,1,1.01133889482855,0.9,1.1,-5.57285773084004e-10,-3.51874779314088e-10,0,0,0,0
938,1,1.0098469139955,0.9,1.1,6.06537042813216e-12,-1.03951569574434e-11,0,0,0,0
939,1,1.0098470641937,0.9,1.1,1.14042109089496e-12,-1.52166473865734e-11,0,0,0,0
940,1,1.00971554007476,0.9,1.1,-4.42152980895116e-11,3.073489379668e-10,0,0,0,0
941,1,1.00971549544773,0.9,1.1,3.03908009868792e-11,1.45243539417805e-10,0,0,0,0
942,1,1.00952566028668,0.9,1.1,2.78753908844465e-10,1.4946897886059e-10,0,0,0,0
943,1,1.00952690374285,0.9,1.1,1.59365853846793e-11,-3.62396744557625e-10,0,0,0,0
944,1,1.00951227233868,0.9,1.1,-1.99933403166597e-10,4.78145648075134e-10,0,0,0,0
945,1,1.00950610423856,0.9,1.1,-2.20250484517237e-11,-1.33943897639988e-10,0,0,0,0
946,1,1.01146833497545,0.9,1.1,2.62518895510766e-11,-1.45418399544184e-11,0,0,0,0
947,1,1.01147390809478,0.9,1.1,3.21342952247505e-12,4.03649336178091e-11,0,0,0,0
948,1,1.02324472527029,0.9,1.1,1.16795462190566e-12,5.98132654516803e-13,0,0,0,0
949,1,1.02314247340853,0.9,1.1,2.18403073404261e-12,3.38271077815477e-13,0,0,0,0
950,1,1.02454310185112,0.9,1.1,2.67075250803828e-12,5.80866951760406e-11,0,0,0,0
951,1,1.02454457797634,0.9,1.1,5.20614662491425e-11,-9.02548868975117e-11,0,0,0,0
952,1,1.02613102332451,0.9,1.1,1.51567647321826e-11,-1.95898852695109e-11,0,0,0,0
953,1,1.02702245863753,0.9,1.1,1.03888305973126e-11,-7.90444886290795e-12,0,0,0,0
954,1,1.02552653130916,0.9,1.1,3.21307425110717e-11,2.69891747839424e-11,0,0,0,0
955,1,1.02552617451349,0.9,1.1,1.18554055461573e-11,1.26565077862573e-10,0,0,0,0
956,1,1.01232010085897,0.9,1.1,-9.25277632290999e-11,3.28733568144557e-10,0,0,0,0
957,1,1.01231986047386,0.9,1.1,1.25473853529456e-10,8.64586180426841e-11,0,0,0,0
958,1,1.01232183495393,0.9,1.1,8.5185192233439e-11,-6.55829557327792e-11,0,0,0,0
959,1,1.01234647603081,0.9,1.1,-4.89830398464619e-12,-7.12360725962924e-11,0,0,0,0
960,1,1.01230861637841,0.9,1.1,3.89643872722445e-12,-1.33542482627647e-11,0,0,0,0
961,1,1.0123011976835,0.9,1.1,-1.71880287780368e-11,6.70304090011342e-11,0,0,0,0
962,1,1.01194139660544,0.9,1.1,3.06190628407421e-11,1.80608999977849e-11,0,0,0,0
963,1,1.01194164834997,0.9,1.1,1.11519682377548e-11,1.29778132684777e-11,0,0,0,0
964,1,1.01192918005698,0.9,1.1,-2.47153408849954e-11,2.74131065070016e-10,0,0,0,0
965,1,1.01239541702872,0.9,1.1,-4.52082815627364e-12,-2.75338779553991e-11,0,0,0,0
966,1,1.0123955087983,0.9,1.1,1.5262457964127e-11,-1.91832660867419e-11,0,0,0,0
967,1,1.00856004637933,0.9,1.1,-1.6423307158675e-11,-3.0215413504564e-12,0,0,0,0
968,1,1.01112521200772,0.9,1.1,-9.40403310778493e-12,2.97053701081573e-10,0,0,0,0
969,1,1.01112638179295,0.9,1.1,5.30970822865129e-11,-2.87396148546115e-10,0,0,0,0
970,1,1.01112929608384,0.9,1.1,-6.51292353381905e-11,-3.85552700876701e-11,0,0,0,0
971,1,1.01135431225328,0.9,1.1,3.92308407981545e-12,-4.40134040324835e-12,0,0,0,0
972,1,1.01161731542747,0.9,1.1,-2.60680366181987e-12,-1.18165893736588e-11,0,0,0,0
973,1,1.01160583739131,0.9,1.1,5.7021054544748e-12,-4.10255163174611e-11,0,0,0,0
974,1,1.00549502598362,0.9,1.1,5.54933876628638e-12,-7.35488059344647e-12,0,0,0,0
975,1,1.00551914087593,0.9,1.1,5.46940270851337e-12,-3.66061347900626e-12,0,0,0,0
976,1,1.01940297922225,0.9,1.1,-3.37858514506014e-11,-4.96644267918013e-11,0,0,0,0
977,1,1.01940784111366,0.9,1.1,1.20322753410025e-11,1.78415480414828e-10,0,0,0,0
978,1,1.01204296408623,0.9,1.1,-2.17958984194411e-12,3.7921055184853e-13,0,0,0,0
979,1,1.01201724184857,0.9,1.1,-5.21360732363974e-13,1.88217497143484e-12,0,0,0,0
980,1,1.01037850140503,0.9,1.1,9.52660172970354e-12,-2.88109813784132e-11,0,0,0,0
981,1,1.01172882334303,0.9,1.1,-9.82725012477204e-11,6.66319083242328e-10,0,0,0,0
982,1,1.01016927225917,0.9,1.1,-8.48574543965697e-11,7.35581734412349e-11,0,0,0,0
983,1,1.01017835803106,0.9,1.1,-6.21289686364435e-11,2.14996770386833e-10,0,0,0,0
984,1,1.00958358101299,0.9,1.1,-3.18332027404722e-11,-8.3904758141351e-11,0,0,0,0
985,1,1.00958635631835,0.9,1.1,-3.2837732533153e-11,6.55725473919233e-11,0,0,0,0
986,1,1.01036122964553,0.9,1.1,-2.20445883769571e-12,-2.41785758081647e-12,0,0,0,0
987,1,1.01213795920776,0.9,1.1,1.63657531970784e-10,6.46500214473988e-11,0,0,0,0
988,1,1.01492616409645,0.9,1.1,1.22568621918617e-13,-6.68909372336657e-13,0,0,0,0
989,1,1.01221883371712,0.9,1.1,1.92308391433471e-11,1.42101608258116e-11,0,0,0,0
990,1,1.01847702931791,0.9,1.1,-7.7928774544489e-12,9.50364786866942e-11,0,0,0,0
991,1,1.01646470888289,0.9,1.1,5.25730570188898e-11,-3.04931080385984e-10,0,0,0,0
992,1,1.01648647867331,0.9,1.1,1.11022302462516e-12,3.74075770359639e-12,0,0,0,0
993,1,1.03223975197597,0.9,1.1,-8.17895226592535e-14,-2.45870762276546e-12,0,0,0,0
994,2,1.04471508724856,0.9,1.1,-4.49347226094687e-11,-1.07647224467655e-11,0,0,0,0
995,1,1.04058626086716,0.9,1.1,-1.03838715403981e-10,2.17315054840128e-10,0,0,0,0
996,1,1.04065516341021,0.9,1.1,9.64703872341488e-11,5.07011099770693e-11,0,0,0,0
997,2,1.03565259495645,0.9,1.1,-7.49267314859026e-11,6.93640700433207e-11,0,0,0,0
998,1,1.03927342209943,0.9,1.1,-7.28306304154103e-14,-1.06858966120171e-13,0,0,0,0
999,1,1.04063633396064,0.9,1.1,-1.19811716103868e-10,-1.3756218386618e-10,0,0,0,0
1000,1,1.00727841610421,0.9,1.1,-4.15667500419659e-13,-1.45473910695415e-12,0,0,0,0
1001,1,0.998707945352632,0.9,1.1,1.33457689344141e-10,2.80317782874739e-10,0,0,0,0
1002,1,0.998708670418596,0.9,1.1,1.97157845605034e-11,-5.84320352520207e-11,0,0,0,0
1003,1,1.01688095619627,0.9,1.1,-4.69135841285606e-12,4.8770015803612e-12,0,0,0,0
1004,1,1.01912759222224,0.9,1.1,-1.93800531178567e-11,-1.2639195245967e-11,0,0,0,0
1005,1,1.0211582009582,0.9,1.1,3.40643069307589e-11,-1.85025952892381e-10,0,0,0,0
1006,1,1.01188209282403,0.9,1.1,-7.98472399310413e-13,5.25621213220973e-13,0,0,0,0
1007,1,1.01186286995375,0.9,1.1,-5.99253979771674e-12,-1.28404231691803e-12,0,0,0,0
1008,1,1.01463608706044,0.9,1.1,-1.17683640610267e-12,-9.16627884706145e-13,0,0,0,0
1009,1,1.01455890886343,0.9,1.1,-2.87769807982841e-13,2.08062733708658e-12,0,0,0,0
1010,1,1.013081166616,0.9,1.1,1.36246569581999e-12,4.413136522885e-13,0,0,0,0
1011,1,1.01294525585778,0.9,1.1,-6.62581101096293e-13,-1.27085841850061e-12,0,0,0,0
1012,1,0.998615418229467,0.9,1.1,1.19815268817547e-12,-2.25360528849361e-11,0,0,0,0
1013,1,0.998620241451776,0.9,1.1,-1.13420384195706e-12,-1.6437459032792e-11,0,0,0,0
1014,1,0.998136544223487,0.9,1.1,-6.08313399652616e-12,1.38741275412801e-10,0,0,0,0
1015,1,0.998434862954659,0.9,1.1,1.4477308241112e-13,2.73800079830799e-12,0,0,0,0
1016,1,0.998441893881578,0.9,1.1,7.73603403558809e-13,1.30642024975813e-12,0,0,0,0
1017,1,1.01936615874781,0.9,1.1,-5.6843418860808e-13,-1.09532608677521e-12,0,0,0,0
1018,1,1.02063774224952,0.9,1.1,-2.4298785206156e-11,2.46490956985757e-10,0,0,0,0
1019,1,1.04086350034796,0.9,1.1,-1.88293824976427e-13,5.50753019579187e-12,0,0,0,0
1020,1,1.02293389189601,0.9,1.1,3.32223137888832e-11,-1.00933844615625e-10,0,0,0,0
1021,1,1.02291833666967,0.9,1.1,1.3917755836701e-11,-8.53529052990964e-11,0,0,0,0
1022,1,1.02426888699198,0.9,1.1,-4.3589309939307e-10,6.23616436268293e-10,0,0,0,0
1023,1,1.02436458746392,0.9,1.1,-9.32587340685131e-14,-8.42693970160013e-12,0,0,0,0
1024,1,1.0290793039464,0.9,1.1,7.53175299905706e-13,4.39405456464925e-12,0,0,0,0
1025,1,1.03621655744,0.9,1.1,-8.61533067109121e-13,2.82794621053739e-12,0,0,0,0
1026,1,1.03629444421697,0.9,1.1,5.17808018685173e-13,-1.01516017814163e-12,0,0,0,0
1027,2,1.02450287236967,0.9,1.1,1.20525811553307e-11,-3.351138810892e-12,0,0,0,0
1028,1,1.02450350606194,0.9,1.1,7.0743411129115e-12,5.42413336468428e-12,0,0,0,0
1029,1,1.00677570311076,0.9,1.1,1.93711713336597e-12,3.31609739667726e-12,0,0,0,0
1030,1,1.00694844757381,0.9,1.1,7.28306304154103e-14,-7.31185945124224e-13,0,0,0,0
1031,1,1.01541233907716,0.9,1.1,-1.24495969089367e-11,-8.73672661994007e-11,0,0,0,0
1032,1,1.01366301877363,0.9,1.1,-3.93294286027412e-11,-6.42357694813356e-11,0,0,0,0
1033,1,1.01367081274195,0.9,1.1,-1.84332549224564e-11,2.60208521396521e-12,0,0,0,0
1034,1,1.0085167224735,0.9,1.1,1.20633281142091e-10,-2.31443683662569e-10,0,0,0,0
1035,1,1.00851509305525,0.9,1.1,-2.33892016865411e-10,1.26664997934789e-09,0,0,0,0
1036,1,1.00851498733241,0.9,1.1,-1.85890414172718e-10,1.78069711753714e-10,0,0,0,0
1037,1,1.00850870280237,0.9,1.1,-3.05862002392132e-11,8.5760565315951e-11,0,0,0,0
1038,1,1.0095294528078,0.9,1.1,-6.77680134231196e-13,1.71761910250368e-11,0,0,0,0
1039,2,1.01474552519865,0.9,1.1,4.06448208423171e-11,1.12522546835692e-10,0,0,0,0
1040,1,1.01944092543331,0.9,1.1,2.08801864687302e-11,-8.48238146389235e-11,0,0,0,0
1041,1,1.01945093088734,0.9,1.1,-2.00399696836939e-11,-8.79813583098965e-11,0,0,0,0
1042,1,1.00122494833734,0.9,1.1,1.54782853201141e-11,-3.49539841515423e-11,0,0,0,0
1043,1,1.00117789789042,0.9,1.1,5.38591393706156e-12,9.34053182022332e-12,0,0,0,0
1044,1,1.00014515000456,0.9,1.1,2.48512321832095e-12,-2.2170459912374e-11,0,0,0,0
1045,1,1.0020931906244,0.9,1.1,-2.70965472282114e-11,4.14980549923172e-11,0,0,0,0
1046,1,1.00046039393613,0.9,1.1,-9.05941988094128e-13,2.45029690981724e-12,0,0,0,0
1047,1,0.999453717274006,0.9,1.1,6.82121026329696e-13,-9.74047231760977e-13,0,0,0,0
1048,1,1.00082614985943,0.9,1.1,-2.50821585723315e-11,-1.19159716815975e-10,0,0,0,0
1049,1,1.01631409658761,0.9,1.1,-6.84066137068839e-11,-1.01105929184442e-10,0,0,0,0
1050,1,1.01631746560972,0.9,1.1,1.2854250996952e-10,-2.76220019079787e-11,0,0,0,0
1051,1,1.00413983432939,0.9,1.1,-1.4006573678671e-12,2.06215253206743e-11,0,0,0,0
1052,2,1.00104082580163,0.9,1.1,-4.15667500419659e-11,-9.39104349839681e-12,0,0,0,0
1053,1,1.00667293083609,0.9,1.1,7.8301809480763e-12,-6.02415339834295e-11,0,0,0,0
1054,1,1.00656921271832,0.9,1.1,3.97104571447926e-12,6.34317251502203e-11,0,0,0,0
1055,1,1.00229656204892,0.9,1.1,7.49444950542966e-12,-1.15832690661399e-10,0,0,0,0
1056,1,1.01671285015625,0.9,1.1,8.25739476795206e-11,6.86270484884233e-11,0,0,0,0
1057,1,1.02341954141573,0.9,1.1,3.91775500929725e-11,-3.25635352016462e-11,0,0,0,0
1058,1,1.0232459907125,0.9,1.1,-4.87077045363549e-12,-1.49151524464486e-12,0,0,0,0
1059,1,1.02272231111653,0.9,1.1,-1.87210247304392e-11,5.63632474026576e-11,0,0,0,0
1060,1,1.01623676381539,0.9,1.1,-1.11199938146456e-12,1.28515253994266e-11,0,0,0,0
1061,1,1.01943417641228,0.9,1.1,4.66648941710446e-12,-1.63237479089418e-12,0,0,0,0
1062,1,1.01790545434763,0.9,1.1,3.18198800641767e-11,6.93254481598515e-11,0,0,0,0
1063,1,1.01790253959052,0.9,1.1,-1.28910215835276e-11,-4.02365640805868e-11,0,0,0,0
1064,1,1.01800330626588,0.9,1.1,-1.1210588013455e-10,8.67847460561677e-12,0,0,0,0
1065,1,1.01800215990307,0.9,1.1,-1.78399517380967e-11,-1.40707584472821e-10,0,0,0,0
1066,1,1.01929155986063,0.9,1.1,6.78657130492866e-11,2.30808427925666e-11,0,0,0,0
1067,1,1.01929438279426,0.9,1.1,6.788525297452e-11,6.66671579052647e-11,0,0,0,0
1068,1,1.01475288676738,0.9,1.1,-1.04822817093009e-11,-5.77194542161763e-11,0,0,0,0
1069,1,1.01466378651168,0.9,1.1,9.54525347651725e-11,-1.27271110317295e-10,0,0,0,0
1070,1,1.01465783935938,0.9,1.1,-1.3417178479358e-10,1.36589350940852e-10,0,0,0,0
1071,1,1.01771562155207,0.9,1.1,-1.98063787593128e-12,6.08714467720262e-12,0,0,0,0
1072,1,1.01768300173036,0.9,1.1,8.97060203897126e-13,3.52842755013683e-13,0,0,0,0
1073,1,1.01660502673879,0.9,1.1,1.11590736651124e-11,-4.62095639530702e-11,0,0,0,0
1074,1,1.01658679271731,0.9,1.1,-1.52144963294631e-11,7.41282035754409e-12,0,0,0,0
1075,1,1.01462275605189,0.9,1.1,2.18314255562291e-12,2.56593357672585e-11,0,0,0,0
1076,1,1.01672526500787,0.9,1.1,1.95683469428332e-11,-1.14588893929124e-11,0,0,0,0
1077,1,1.01671107954346,0.9,1.1,1.49196210941227e-11,-6.55690779449714e-12,0,0,0,0
1078,1,1.01819468240491,0.9,1.1,6.0992988437647e-11,-5.17672710254047e-11,0,0,0,0
1079,1,1.01815650992725,0.9,1.1,1.28389743281332e-10,-5.59347707040914e-11,0,0,0,0
1080,1,1.01843275995199,0.9,1.1,2.38795649920576e-11,-6.49754555714921e-11,0,0,0,0
1081,1,1.01677682298172,0.9,1.1,-2.32702745961433e-12,-1.74450731638132e-11,0,0,0,0
1082,1,1.01949866455357,0.9,1.1,2.25490737193468e-11,3.20510978868427e-11,0,0,0,0
1083,1,1.0194979562343,0.9,1.1,4.5330850184655e-11,-6.8694008814596e-11,0,0,0,0
1084,1,1.01595919709833,0.9,1.1,7.96340771103132e-11,-2.21583862369812e-10,0,0,0,0
1085,1,1.01595770824013,0.9,1.1,-1.09549702642653e-10,-1.78446840637392e-10,0,0,0,0
1086,1,1.01677510495025,0.9,1.1,6.3593574850529e-13,1.74582570622306e-12,0,0,0,0
1087,1,1.01691214639877,0.9,1.1,8.36664071357518e-13,-4.64767113683706e-12,0,0,0,0
1088,1,1.01862255975421,0.9,1.1,1.73194791841524e-12,1.5287077159698e-11,0,0,0,0
1089,1,1.01880769722571,0.9,1.1,-1.77635683940025e-15,1.01377239936085e-12,0,0,0,0
1090,1,1.01677008980893,0.9,1.1,-7.52997664221766e-12,2.86333456944732e-11,0,0,0,0
1091,1,1.01678269001029,0.9,1.1,-2.1476154188349e-11,5.60093638135584e-11,0,0,0,0
1092,1,1.02286655589345,0.9,1.1,-4.9791282208389e-12,1.99874838902048e-11,0,0,0,0
1093,1,1.02014327898251,0.9,1.1,1.18660636871937e-12,-1.72142855525692e-10,0,0,0,0
1094,1,1.02014316130523,0.9,1.1,2.17497131416167e-11,5.17641485231479e-13,0,0,0,0
1095,1,1.01759920150424,0.9,1.1,2.10977901815568e-11,1.26042579151608e-10,0,0,0,0
1096,1,1.01761595447832,0.9,1.1,-4.63629135083465e-12,8.0526904588929e-11,0,0,0,0
1097,1,1.02077222022084,0.9,1.1,-1.26121335597418e-13,-1.76456071976361e-12,0,0,0,0
1098,1,1.02047229551872,0.9,1.1,-3.48165940522449e-13,1.12687636999453e-12,0,0,0,0
1099,1,1.02030929900974,0.9,1.1,3.231370726553e-11,1.45522482952742e-11,0,0,0,0
1100,1,1.03641911397099,0.9,1.1,1.93747240473385e-11,-5.92234594698482e-12,0,0,0,0
1101,1,1.03627177173147,0.9,1.1,8.5442763975152e-12,-2.54005150246428e-11,0,0,0,0
1102,1,1.02201647897171,0.9,1.1,1.74082970261225e-13,3.42087469462626e-13,0,0,0,0
1103,1,1.02672119015652,0.9,1.1,4.2277292777726e-13,-7.66747776381749e-13,0,0,0,0
1104,1,1.02607658252996,0.9,1.1,-6.3877791944833e-12,3.9419856268097e-12,0,0,0,0
1105,1,1.02196013875294,0.9,1.1,7.14095449438901e-13,-1.23304144672431e-12,0,0,0,0
1106,1,1.01113724422804,0.9,1.1,-2.89634982664211e-11,1.53489373988513e-10,0,0,0,0
1107,1,1.01113968279545,0.9,1.1,-2.8368418725222e-11,4.18002438218323e-11,0,0,0,0
1108,1,1.01113869521043,0.9,1.1,2.47588616275607e-11,-1.84300491534728e-10,0,0,0,0
1109,1,1.00243098870436,0.9,1.1,1.74260605945165e-12,-2.64094301982709e-12,0,0,0,0
1110,1,1.00783357426772,0.9,1.1,-3.81028542051354e-13,2.15730211472476e-12,0,0,0,0
1111,1,1.00698942970249,0.9,1.1,-5.78204151224782e-13,-1.5830392552374e-11,0,0,0,0
1112,1,1.01356500167332,0.9,1.1,7.84003972853498e-11,5.15774922771328e-11,0,0,0,0
1113,1,1.01067664181831,0.9,1.1,-5.81925618803325e-11,4.12309075770168e-11,0,0,0,0
1114,1,1.0106914168057,0.9,1.1,-5.76623193637715e-11,-1.24835905501719e-10,0,0,0,0
1115,1,1.01171810288841,0.9,1.1,3.13654879846581e-10,2.57949217541409e-10,0,0,0,0
1116,1,1.00510747027373,0.9,1.1,1.02140518265514e-13,2.39391839684799e-13,0,0,0,0
1117,1,1.01840845480476,0.9,1.1,-5.4824667905983e-11,-9.26796379659183e-11,0,0,0,0
1118,1,0.995800103516448,0.9,1.1,2.8306246235843e-12,4.60985416506077e-12,0,0,0,0
1119,1,1.00695286817149,0.9,1.1,-2.7767121935085e-11,1.2220953415909e-10,0,0,0,0
1120,1,1.00695609418806,0.9,1.1,2.66116018110552e-11,1.56797144712506e-10,0,0,0,0
1121,1,1.00694664039,0.9,1.1,-1.25055521493778e-12,2.16472673120194e-10,0,0,0,0
1122,1,1.00660199731726,0.9,1.1,2.76481060268452e-11,-4.23834578544557e-11,0,0,0,0
1123,1,1.01390064076313,0.9,1.1,-1.95967686522636e-11,-2.03490002625983e-11,0,0,0,0
1124,1,1.003089148874,0.9,1.1,1.4210854715202e-13,3.45765083231697e-12,0,0,0,0
1125,1,1.00978537827768,0.9,1.1,4.89954743443377e-11,1.92642429786005e-10,0,0,0,0
1126,1,1.00980663045847,0.9,1.1,-4.10338429901458e-12,-2.78233686090701e-10,0,0,0,0
1127,1,1.00864108742191,0.9,1.1,1.13516307465034e-10,-3.9577924271228e-10,0,0,0,0
1128,1,1.00863887295773,0.9,1.1,4.85940176986333e-11,-1.16367332436695e-10,0,0,0,0
1129,2,1.07391764009277,0.9,1.1,-2.94448909698986e-11,-3.37792016580352e-11,0,0,0,0
1130,1,1.07238332860189,0.9,1.1,-1.70672365129576e-11,-3.73208131065894e-11,0,0,0,0
1131,1,1.06352924974047,0.9,1.1,1.91391791304341e-10,3.68110875115235e-10,0,0,0,0
1132,1,1.07371961135369,0.9,1.1,6.24140739091672e-11,1.8292212189408e-10,0,0,0,0
1133,2,1.06527706785995,0.9,1.1,7.82165443524718e-11,-1.89658067029086e-10,0,0,0,0
1134,1,1.07373658295438,0.9,1.1,-1.69775231298855e-11,3.07783060959512e-13,0,0,0,0
1135,1,1.06418249962143,0.9,1.1,3.08837400098128e-11,1.75865988438773e-10,0,0,0,0
1136,1,1.07422069266417,0.9,1.1,8.29913915367797e-12,1.38129507831763e-11,0,0,0,0
1137,1,1.05490440415089,0.9,1.1,-5.87576209909457e-10,1.28663746323809e-10,0,0,0,0
1138,1,1.05702301859308,0.9,1.1,2.44355646827898e-11,6.84535761408256e-11,0,0,0,0
1139,1,1.05253299491464,0.9,1.1,-1.65130131790647e-10,1.25671972828201e-09,0,0,0,0
1140,1,1.05254112338857,0.9,1.1,4.69668748337426e-11,4.87265783277735e-10,0,0,0,0
1141,1,1.04840742825029,0.9,1.1,2.67164068645798e-12,-1.48325796089921e-11,0,0,0,0
1142,1,1.04581538930963,0.9,1.1,2.33768560065073e-12,4.34374758384592e-13,0,0,0,0
1143,1,1.05154865897458,0.9,1.1,3.48407525052608e-10,3.80934173094261e-10,0,0,0,0
1144,1,1.05196545151041,0.9,1.1,-3.28270743921166e-12,1.88626891883814e-11,0,0,0,0
1145,1,1.04464138977603,0.9,1.1,-1.95932159385848e-12,-8.68263794195911e-12,0,0,0,0
1146,2,1.04468001582164,0.9,1.1,1.17594822768297e-12,4.37871960912162e-13,0,0,0,0
1147,1,1.05674090666576,0.9,1.1,-1.17381659947569e-11,-2.04209982257453e-11,0,0,0,0
1148,1,1.05755247348156,0.9,1.1,5.88329385209363e-12,-6.11635186942294e-11,0,0,0,0
1149,1,1.05491215599198,0.9,1.1,6.12345729678054e-10,2.16812678921485e-10,0,0,0,0
1150,1,1.05352433844311,0.9,1.1,4.05009359383257e-13,-9.15933995315754e-14,0,0,0,0
1151,1,1.04940104598176,0.9,1.1,7.28306304154103e-14,-3.46944695195361e-15,0,0,0,0
1152,1,1.05701116812791,0.9,1.1,7.20756787586652e-12,8.19240508764807e-12,0,0,0,0
1153,1,1.04459725749113,0.9,1.1,1.98951966012828e-13,2.84494650060196e-13,0,0,0,0
1154,1,1.0525329965945,0.9,1.1,-2.28066454610598e-11,1.18643983526567e-10,0,0,0,0
1155,1,1.05202033633156,0.9,1.1,5.6399329650958e-11,-6.39724384576823e-11,0,0,0,0
1156,1,1.04471546210934,0.9,1.1,-6.14619466432487e-13,-9.89486270697171e-13,0,0,0,0
1157,1,1.05137529721982,0.9,1.1,-1.04243724763364e-10,-4.10227407598995e-10,0,0,0,0
1158,1,1.04369193403871,0.9,1.1,-4.58300064565265e-13,-1.63757896132211e-13,0,0,0,0
1159,1,1.04274566011591,0.9,1.1,-1.4210854715202e-13,-1.89431803576667e-13,0,0,0,0
1160,1,1.05179904157906,0.9,1.1,2.28794760914752e-11,-6.30606677987089e-12,0,0,0,0
1161,1,1.0479674817582,0.9,1.1,2.8244073746464e-13,1.0470790900996e-12,0,0,0,0
1162,2,1.04605328700909,0.9,1.1,7.46069872548105e-14,-1.39541156407574e-12,0,0,0,0
1163,1,1.02615405295959,0.9,1.1,-1.77635683940025e-15,4.9960036108132e-14,0,0,0,0
1164,1,1.04946400966483,0.9,1.1,4.36628511124582e-12,-3.24629212400396e-12,0,0,0,0
1165,1,1.05638290377502,0.9,1.1,-1.79483095053001e-11,4.48419079646101e-11,0,0,0,0
1166,1,1.05158670127758,0.9,1.1,-3.76530806533992e-10,3.28514992986584e-11,0,0,0,0
1167,1,1.05941369503396,0.9,1.1,4.63629135083465e-13,6.05418493115906e-13,0,0,0,0
1168,1,1.06020883248441,0.9,1.1,1.29318777908338e-12,-1.02695629777827e-13,0,0,0,0
1169,2,1.05074347542212,0.9,1.1,2.8421709430404e-13,3.46389583683049e-14,0,0,0,0
1170,1,1.05055692269034,0.9,1.1,-7.21200876796502e-13,1.37179156922684e-12,0,0,0,0
1171,1,1.02969403419599,0.9,1.1,-1.59872115546023e-14,5.08967867851595e-13,0,0,0,0
1172,2,1.03623429681304,0.9,1.1,-1.58095758706622e-13,-3.19744231092045e-14,0,0,0,0
1173,2,1.0295974355597,0.9,1.1,-7.00737246006611e-11,5.22097920452325e-11,0,0,0,0
1174,1,1.04572556105128,0.9,1.1,-1.13153930669796e-11,-3.30437066597966e-11,0,0,0,0
1175,1,1.04576285036173,0.9,1.1,-1.46549439250521e-12,2.2062213167473e-11,0,0,0,0
1176,1,1.04590661445769,0.9,1.1,1.46217260521553e-10,-2.46967030159695e-10,0,0,0,0
1177,1,1.04592463362259,0.9,1.1,-1.96926919215912e-10,3.83484910493337e-11,0,0,0,0
1178,1,1.03445294288087,0.9,1.1,-2.06945571790129e-12,4.05384059654068e-11,0,0,0,0
1179,1,1.03462790957249,0.9,1.1,1.60795821102511e-11,-2.06425154747336e-11,0,0,0,0
1180,1,1.03338840272529,0.9,1.1,-6.71107613925415e-12,1.558371487409e-10,0,0,0,0
1181,1,1.03338997702322,0.9,1.1,-1.43053568990581e-10,-8.72962813147637e-11,0,0,0,0
1182,1,1.03420983385246,0.9,1.1,-5.27045074250054e-12,-2.80886425230165e-12,0,0,0,0
1183,1,1.03458064037785,0.9,1.1,-2.66631161593978e-12,-5.80507864000879e-12,0,0,0,0
1184,1,1.03642375575705,0.9,1.1,-1.66977542903624e-13,6.16701134603659e-11,0,0,0,0
1185,1,1.0410856090861,0.9,1.1,1.31326061136861e-11,-2.74780198594726e-13,0,0,0,0
1186,1,1.04110970039957,0.9,1.1,1.75699454985079e-11,1.08413278354647e-11,0,0,0,0
1187,1,1.04048168958135,0.9,1.1,-3.67883501439792e-12,4.26672586151255e-12,0,0,0,0
1188,1,1.04584009074864,0.9,1.1,-8.46238634721885e-11,-3.61669028059453e-11,0,0,0,0
1189,1,1.04570145557976,0.9,1.1,-1.65165658927435e-11,2.42084130519515e-11,0,0,0,0
1190,1,1.02137253422792,0.9,1.1,2.81428214066182e-11,-4.58244553414033e-12,0,0,0,0
1191,1,1.0216267293772,0.9,1.1,-8.01847477305273e-12,5.97161209370256e-12,0,0,0,0
1192,1,1.02181172793752,0.9,1.1,1.00985886319904e-11,2.50494069931051e-13,0,0,0,0
1193,1,0.998996488912123,0.9,1.1,-2.78799205943869e-12,-2.58420888854527e-11,0,0,0,0
1194,1,0.99900725518456,0.9,1.1,1.55093715648036e-11,9.36584143573782e-11,0,0,0,0
1195,1,1.02187706500895,0.9,1.1,-3.43369777056068e-12,1.18655085756814e-12,0,0,0,0
1196,1,1.01641831393878,0.9,1.1,-2.3333335263942e-10,5.36934732786598e-10,0,0,0,0
1197,1,1.0162714615302,0.9,1.1,5.41087175065513e-11,2.68958466609348e-11,0,0,0,0
1198,1,1.01644675418171,0.9,1.1,6.3504757008559e-13,-2.079586503001e-12,0,0,0,0
1199,1,1.01599295106553,0.9,1.1,-8.538947326997e-12,-2.58862375979163e-11,0,0,0,0
1200,1,1.0475109693944,0.9,1.1,6.66133814775094e-12,-1.0383707782502e-11,0,0,0,0
1201,1,1.04761075964745,0.9,1.1,4.59756677173573e-11,-4.16333634234434e-14,0,0,0,0
1202,1,1.04761130884902,0.9,1.1,1.66799907219684e-12,4.62012372803855e-11,0,0,0,0
1203,1,1.02633764789328,0.9,1.1,3.99635879944071e-11,2.99627786774434e-10,0,0,0,0
1204,1,1.00597164293346,0.9,1.1,4.02620159434264e-11,1.55462627363448e-10,0,0,0,0
1205,1,1.00778124678543,0.9,1.1,1.16994414156579e-10,-1.59846918687534e-10,0,0,0,0
1206,1,1.01305462163901,0.9,1.1,2.28066454610598e-11,5.73638359036011e-11,0,0,0,0
1207,1,1.02112412296541,0.9,1.1,-2.32702745961433e-12,-4.32836275501836e-11,0,0,0,0
1208,1,1.00016821585736,0.9,1.1,2.61124455391837e-13,-9.02251363898987e-13,0,0,0,0
1209,1,1.03981766371368,0.9,1.1,-6.68620714350254e-11,8.00765703745654e-11,0,0,0,0
1210,1,1.03961262636318,0.9,1.1,-6.57252030578093e-13,1.62370117351429e-13,0,0,0,0
1211,1,1.00741615862599,0.9,1.1,-5.23279197750526e-11,2.44031184148952e-10,0,0,0,0
1212,1,1.00741794402591,0.9,1.1,1.08251185793051e-10,3.73390207641933e-10,0,0,0,0
1213,1,1.00072914657338,0.9,1.1,-1.30384592011978e-12,1.39129818776951e-11,0,0,0,0
1214,1,1.00059633129777,0.9,1.1,-6.16395823271887e-13,-2.22817424233579e-11,0,0,0,0
1215,1,1.0227629335278,0.9,1.1,1.73905334577285e-12,-3.19189119579733e-14,0,0,0,0
1216,1,1.04215690042377,0.9,1.1,1.70974345792274e-12,-1.96325594670199e-11,0,0,0,0
1217,1,1.04287624633811,0.9,1.1,-1.12265752250096e-12,-1.05748743095546e-12,0,0,0,0
1218,1,1.03846695378305,0.9,1.1,-5.9763749504782e-10,1.19446501301024e-09,0,0,0,0
1219,1,1.05883622759542,0.9,1.1,3.54872460736487e-13,8.7091012307374e-13,0,0,0,0
1220,1,1.06076731303629,0.9,1.1,-2.05289259265341e-13,3.21334449804009e-12,0,0,0,0
1221,1,1.06172340502716,0.9,1.1,2.9882168353683e-12,-1.14660569852066e-12,0,0,0,0
1222,1,1.06532462368851,0.9,1.1,1.92109454638892e-13,-2.26273547846344e-12,0,0,0,0
1223,2,1.05202630219646,0.9,1.1,3.30402372128447e-13,1.96820337805548e-12,0,0,0,0
1224,1,1.03498094178849,0.9,1.1,-3.19744231092045e-14,-3.97251675998689e-13,0,0,0,0
1225,1,1.02907298208007,0.9,1.1,4.2632564145606e-14,1.12757025938492e-13,0,0,0,0
1226,1,1.02734873024206,0.9,1.1,4.9382720135327e-13,1.01290503762286e-12,0,0,0,0
1227,2,1.07337142983274,0.9,1.1,5.6843418860808e-13,9.59232693276135e-14,0,0,0,0
1228,1,1.06703870291985,0.9,1.1,2.6465507567829e-13,-5.35127833691168e-12,0,0,0,0
1229,1,1.02415073211355,0.9,1.1,-2.22932783344731e-13,8.94618580604689e-13,0,0,0,0
1230,2,1.06138593604712,0.9,1.1,-7.95807864051312e-13,5.82645043323282e-12,0,0,0,0
1231,1,1.0858726483499,0.9,1.1,-2.38742359215394e-12,-1.26476606965298e-12,0,0,0,0
1232,1,1.06388363328444,0.9,1.1,1.0770632604137e-10,-1.01185640137859e-11,0,0,0,0
1233,1,1.06392932557638,0.9,1.1,1.12618558521631e-11,4.41261190731705e-12,0,0,0,0
1234,1,1.05340216139749,0.9,1.1,3.10532166515063e-13,2.21006624111952e-12,0,0,0,0
1235,1,1.05213399537877,0.9,1.1,-2.1391156228117e-12,1.87830188736375e-12,0,0,0,0
1236,2,1.04793951307047,0.9,1.1,-5.95322334168464e-12,-3.07710813291148e-12,0,0,0,0
1237,1,1.05140090111972,0.9,1.1,5.3837133058369e-12,-1.23351562196499e-11,0,0,0,0
1238,1,1.04953234003917,0.9,1.1,6.09021299193533e-12,2.45839688158883e-12,0,0,0,0
1239,1,1.04855320682414,0.9,1.1,7.91438458354639e-11,-2.1167286255532e-10,0,0,0,0
1240,2,1.04857789254178,0.9,1.1,4.4110493035987e-11,-8.72830696607707e-11,0,0,0,0
1241,1,1.04834188847726,0.9,1.1,5.2715597955889e-11,-6.52855382426468e-10,0,0,0,0
1242,1,1.04867427837858,0.9,1.1,5.46469721282868e-11,5.76039579797506e-11,0,0,0,0
1243,1,1.04637489141336,0.9,1.1,9.12231807940292e-12,-2.1973473997038e-11,0,0,0,0
1244,1,1.05947365718844,0.9,1.1,4.00787888383167e-13,-3.00805643891088e-12,0,0,0,0
1245,1,1.05927057340189,0.9,1.1,-3.2271421271016e-12,1.16035795786775e-11,0,0,0,0
1246,1,1.01858159108716,0.9,1.1,-1.29852316792434e-10,1.30480193965948e-10,0,0,0,0
1247,1,1.02078215514115,0.9,1.1,2.37217005724432e-13,1.28587224953444e-12,0,0,0,0
1248,1,1.02514960500435,0.9,1.1,-8.34663387854532e-13,1.2483280625092e-12,0,0,0,0
1249,2,1.05250527626613,0.9,1.1,0,0,0,0,0,0
1250,2,1.02691673718503,0.9,1.1,-3.08375547319883e-12,-1.4210854715202e-12,0,0,0,0
1251,1,1.02420821137974,0.9,1.1,8.55728690520253e-14,3.08618597298401e-14,0,0,0,0
1252,1,1.02251604154858,0.9,1.1,-9.29034627006331e-13,1.08940634291343e-13,0,0,0,0
1253,1,1.01386682067919,0.9,1.1,8.17479417491995e-12,-7.38159533497651e-12,0,0,0,0
1254,1,1.01007591759844,0.9,1.1,-3.03757019537443e-12,6.70435928995516e-12,0,0,0,0
1255,1,1.01314612746853,0.9,1.1,3.38395977905748e-13,-2.05911676598447e-13,0,0,0,0
1256,1,1.02371104428666,0.9,1.1,-1.17239551400417e-13,-3.88231113923609e-13,0,0,0,0
1257,1,1.03453154366277,0.9,1.1,-1.43725031875874e-11,-3.10584891138888e-11,0,0,0,0
1258,1,1.02295163210225,0.9,1.1,-1.4388490399142e-13,-8.03870858767652e-13,0,0,0,0
1259,1,1.02281138010967,0.9,1.1,4.55635529306164e-13,1.21534726726935e-12,0,0,0,0
1260,1,1.02285872670019,0.9,1.1,5.46229728115577e-13,1.62161950534312e-12,0,0,0,0
1261,1,1.02052002884073,0.9,1.1,3.45002028438828e-11,-2.46854699074173e-11,0,0,0,0
1262,1,1.01876474701461,0.9,1.1,1.46586742744148e-10,-3.06080161216471e-10,0,0,0,0
1263,2,1.06607559028153,0.9,1.1,-3.99680288865056e-12,2.89901436190121e-12,0,0,0,0
1264,1,1.03854487384953,0.9,1.1,-5.29354338141275e-13,-8.19483370051444e-13,0,0,0,0
1265,1,1.03838820342925,0.9,1.1,4.84057238736568e-13,1.23139345942214e-12,0,0,0,0
1266,1,1.01938346016044,0.9,1.1,7.55839835164807e-12,-1.83485171501019e-11,0,0,0,0
1267,1,1.01927763901737,0.9,1.1,2.63105093267768e-11,-9.49277115247504e-11,0,0,0,0
1268,1,1.01927075400838,0.9,1.1,1.87405646556726e-12,1.11558332016592e-11,0,0,0,0
1269,1,1.01928172582303,0.9,1.1,-9.12336872715969e-12,2.45373166229967e-11,0,0,0,0
1270,1,1.01843297889247,0.9,1.1,2.19610996055053e-11,9.84802517312033e-11,0,0,0,0
1271,1,1.02487514532149,0.9,1.1,-2.00728322852228e-13,1.33087985076941e-12,0,0,0,0
1272,1,1.02446287369022,0.9,1.1,8.84625706021325e-13,-1.15324416682938e-12,0,0,0,0
1273,2,1.01891604189285,0.9,1.1,2.8066438062524e-13,1.10779441175879e-12,0,0,0,0
1274,1,1.03820882824314,0.9,1.1,9.2370555648813e-14,-1.45716771982052e-13,0,0,0,0
1275,1,1.00204465504879,0.9,1.1,-7.96696042471012e-13,1.53019957815914e-11,0,0,0,0
1276,1,1.00187708286399,0.9,1.1,1.19726450975577e-11,1.56532772854767e-11,0,0,0,0
1277,1,1.01336701130804,0.9,1.1,1.27098331859088e-12,-1.90281818079896e-12,0,0,0,0
1278,1,1.01599042592519,0.9,1.1,4.39897007709078e-11,-1.36172323417227e-10,0,0,0,0
1279,1,1.01103812352415,0.9,1.1,-4.11493061847068e-12,5.94697902034369e-12,0,0,0,0
1280,1,1.01140450709804,0.9,1.1,1.16138210159988e-11,-1.12264364471315e-11,0,0,0,0
1281,1,1.01079412700289,0.9,1.1,6.19948536950687e-13,-2.31342722756267e-12,0,0,0,0
1282,1,1.01110452730056,0.9,1.1,-5.53965762151165e-11,-1.39104006091628e-11,0,0,0,0
1283,1,1.01066246416432,0.9,1.1,-1.25680799101247e-10,1.0622579205144e-10,0,0,0,0
1284,1,1.01066257781593,0.9,1.1,-5.1843862536316e-11,-8.85055917443367e-12,0,0,0,0
1285,1,1.01884693960149,0.9,1.1,7.05213665241899e-13,3.55653007044765e-12,0,0,0,0
1286,1,1.01919998341857,0.9,1.1,-1.92157401102122e-12,-4.38954428361171e-12,0,0,0,0
1287,2,1.01888355422071,0.9,1.1,-1.50635059981141e-12,-1.47331036259857e-11,0,0,0,0
1288,1,1.00094211842469,0.9,1.1,-5.54214452108681e-11,4.54616379264028e-11,0,0,0,0
1289,1,1.03130905493789,0.9,1.1,-1.63424829224823e-13,1.55708779203678e-12,0,0,0,0
1290,1,1.0159189753322,0.9,1.1,5.32907051820075e-13,-8.51436976478936e-12,0,0,0,0
1291,1,1.01931969665362,0.9,1.1,-1.13686837721616e-13,-1.1891529427821e-13,0,0,0,0
1292,1,1.01469015271452,0.9,1.1,-5.6772364587232e-12,2.25652829755063e-12,0,0,0,0
1293,1,1.01466122250295,0.9,1.1,-2.43538522681774e-12,3.89323989713475e-12,0,0,0,0
1294,1,1.01621919505665,0.9,1.1,2.8421709430404e-14,-4.14182577124222e-12,0,0,0,0
1295,1,1.01589414768965,0.9,1.1,-4.47641923528863e-13,-2.36512198714678e-12,0,0,0,0
1296,2,1.01829052813578,0.9,1.1,1.05160324892495e-12,8.10018718766514e-13,0,0,0,0
1297,1,1.0069486437838,0.9,1.1,-1.99472438566772e-10,-4.48248382856065e-10,0,0,0,0
1298,1,1.00551499697553,0.9,1.1,1.3837819778928e-12,-8.67882155031197e-13,0,0,0,0
1299,1,1.05178026303384,0.9,1.1,-9.42233822446999e-13,1.30175859727919e-11,0,0,0,0
1300,1,0.99860936216728,0.9,1.1,-2.62101451653507e-12,-1.11400472180279e-11,0,0,0,0
1301,1,0.995520329083784,0.9,1.1,-1.08801856413265e-13,4.8468173918792e-13,0,0,0,0
1302,1,0.995604998369987,0.9,1.1,2.93942647999756e-12,2.6704333189187e-12,0,0,0,0
1303,1,1.05077267237592,0.9,1.1,-8.12334038356918e-12,4.80323366110359e-12,0,0,0,0
1304,1,1.01934538453478,0.9,1.1,-6.02184968556685e-13,3.80251385934116e-13,0,0,0,0
1305,1,1.01935627371236,0.9,1.1,4.13002965160558e-14,-5.56412554919561e-13,0,0,0,0
1306,1,1.00635128439065,0.9,1.1,-2.54907206453936e-13,1.29861399411624e-12,0,0,0,0
1307,1,1.01858240991144,0.9,1.1,1.01355405057262e-13,1.61516898442989e-12,0,0,0,0
1308,1,1.00864308817888,0.9,1.1,-1.14322773470121e-10,-3.43364225940945e-11,0,0,0,0
1309,1,1.01230632921167,0.9,1.1,-8.67306226837172e-13,6.02469463206745e-13,0,0,0,0
1310,1,1.01232126721767,0.9,1.1,1.85629289717326e-13,-1.5784248907913e-12,0,0,0,0
1311,1,0.995681304755146,0.9,1.1,-7.76312347738894e-11,-6.25070828430552e-10,0,0,0,0
1312,1,0.995680656810139,0.9,1.1,8.12514500125872e-11,2.85273887845605e-10,0,0,0,0
1313,1,1.03914111815406,0.9,1.1,-1.16529008664656e-12,-2.41584530158434e-13,0,0,0,0
1314,1,1.02666568409071,0.9,1.1,-1.38584385861622e-11,-3.74413847748377e-11,0,0,0,0
1315,1,1.01910872056347,0.9,1.1,-2.16773224081072e-12,5.37208992354667e-12,0,0,0,0
1316,1,1.02070903019528,0.9,1.1,-4.63344477170044e-10,6.09370895160073e-10,0,0,0,0
1317,1,1.02070930946767,0.9,1.1,-1.46354650878303e-10,3.41273620351068e-10,0,0,0,0
1318,1,1.01151253997974,0.9,1.1,-6.63646915199934e-12,-2.09589290367518e-12,0,0,0,0
1319,1,1.00982412030492,0.9,1.1,2.94253510446651e-12,1.19539794729562e-11,0,0,0,0
1320,1,1.01885582624816,0.9,1.1,3.68841394962368e-13,-2.62066178819501e-13,0,0,0,0
1321,2,1.01854786742896,0.9,1.1,5.57055988994089e-14,4.00719377634019e-13,0,0,0,0
1322,1,1.00576577254653,0.9,1.1,-8.29114554790067e-13,9.91741411215941e-13,0,0,0,0
1323,1,1.00474266740213,0.9,1.1,-1.3189094261179e-10,2.0314583348835e-10,0,0,0,0
1324,2,1.00466519904405,0.9,1.1,-2.14868123293854e-11,-5.86197757002083e-13,0,0,0,0
1325,1,1.00560347633359,0.9,1.1,7.62634400075513e-11,-5.52839024559049e-11,0,0,0,0
1326,1,1.00480069017102,0.9,1.1,-5.32907051820075e-14,1.53765888910584e-12,0,0,0,0
1327,1,1.00474261039502,0.9,1.1,3.45783846000813e-10,-5.61090757189575e-10,0,0,0,0
1328,1,1.00207249361042,0.9,1.1,-4.82192064055198e-12,-3.9565573040079e-12,0,0,0,0
1329,1,1.00207191861025,0.9,1.1,4.20996570937859e-13,-8.90676421505532e-12,0,0,0,0
1330,2,1.00554574872293,0.9,1.1,4.2774672692758e-12,-4.46220838057343e-12,0,0,0,0
1331,1,1.00207342216717,0.9,1.1,8.89519569113872e-11,1.40682951399462e-10,0,0,0,0
1332,1,1.00206933159934,0.9,1.1,9.87210313496689e-12,7.00998287195276e-11,0,0,0,0
1333,1,0.99564634918737,0.9,1.1,-4.01634281388397e-12,-8.76869757360232e-11,0,0,0,0
1334,1,0.996542782772814,0.9,1.1,-9.05053809674428e-12,-2.53894127943965e-11,0,0,0,0
1335,1,1.00165015981397,0.9,1.1,-5.74829073229921e-12,-4.09967199077599e-11,0,0,0,0
1336,1,1.00164252840315,0.9,1.1,-5.5196736070684e-11,-4.91249402267968e-11,0,0,0,0
1337,1,1.00128280392268,0.9,1.1,-4.36362057598672e-12,1.60736007837059e-11,0,0,0,0
1338,1,1.001305230479,0.9,1.1,-6.63291643832054e-12,4.61332361201272e-12,0,0,0,0
1339,1,1.00188032586409,0.9,1.1,-4.36362057598672e-12,1.0188377919107e-11,0,0,0,0
1340,1,1.00188084288856,0.9,1.1,-3.63380436851912e-11,1.20042864537595e-13,0,0,0,0
1341,1,1.0147346711382,0.9,1.1,-2.05879757686489e-12,9.68738977924488e-12,0,0,0,0
1342,1,1.0146386573211,0.9,1.1,-3.94795307556706e-13,1.62977270568021e-13,0,0,0,0
1343,1,1.01378533269623,0.9,1.1,4.18776124888609e-12,-7.8981959861224e-12,0,0,0,0
1344,1,1.01108732013408,0.9,1.1,-2.86579648900442e-11,2.17899309706837e-10,0,0,0,0
1345,1,1.01109462490125,0.9,1.1,1.66338054441439e-11,1.5085398208381e-10,0,0,0,0
1346,1,1.01040324900773,0.9,1.1,-2.71382916139373e-11,7.7037334844654e-11,0,0,0,0
1347,1,1.01040293224118,0.9,1.1,-1.11000986180443e-10,1.97270672019911e-10,0,0,0,0
1348,1,1.0178376538165,0.9,1.1,1.84918746981566e-12,2.11428097252053e-12,0,0,0,0
1349,1,1.01110913126321,0.9,1.1,-1.32427402377289e-12,-2.47440956613332e-12,0,0,0,0
1350,1,1.01166510738153,0.9,1.1,4.42934577904452e-12,-2.93411128726717e-12,0,0,0,0
1351,1,1.03354147212677,0.9,1.1,-4.47641923528863e-13,2.46932682634871e-11,0,0,0,0
1352,1,1.03351753354254,0.9,1.1,7.8159700933611e-14,3.60458191073221e-12,0,0,0,0
1353,1,1.00078306862349,0.9,1.1,-4.9338311214342e-13,1.52334742042903e-12,0,0,0,0
1354,1,1.00052448182978,0.9,1.1,3.34843264226947e-13,-8.37958175070597e-13,0,0,0,0
1355,1,1.01110122343154,0.9,1.1,-3.13260528628234e-12,1.17589965542564e-11,0,0,0,0
1356,1,1.0610996149191,0.9,1.1,5.3542009858328e-13,-7.75583241580371e-13,0,0,0,0
1357,1,1.01871066317761,0.9,1.1,-1.03430153330919e-10,-1.46874873374614e-10,0,0,0,0
1358,1,1.01140326829849,0.9,1.1,-3.41540129511486e-11,5.06178432502224e-11,0,0,0,0
1359,1,1.01080334015795,0.9,1.1,-2.43360886997834e-13,2.46712372753422e-12,0,0,0,0
1360,1,1.05249459313194,0.9,1.1,7.8159700933611e-14,1.02001740387436e-13,0,0,0,0
1361,1,1.01403479849165,0.9,1.1,-2.73949751772307e-11,-4.12785691045192e-10,0,0,0,0
1362,1,1.01738595482385,0.9,1.1,7.105427357601e-13,2.61943244872498e-12,0,0,0,0
1363,1,1.00580797378118,0.9,1.1,-4.68238781081709e-11,3.02202707302968e-11,0,0,0,0
1364,1,1.01042108251102,0.9,1.1,-7.70974395436497e-11,2.9515626054355e-11,0,0,0,0
1365,1,1.01042162895035,0.9,1.1,-4.51683135338499e-11,-2.78121276009458e-11,0,0,0,0
1366,1,1.00543825981534,0.9,1.1,-5.61772850460329e-13,-1.31786942469958e-12,0,0,0,0
1367,1,1.01103862938055,0.9,1.1,9.9475983006414e-14,-7.2997163869104e-13,0,0,0,0
1368,1,1.01037930559101,0.9,1.1,4.74820183171687e-12,-4.97810126454112e-11,0,0,0,0
1369,1,1.01038253811589,0.9,1.1,4.94040364173998e-11,-7.649748889893e-11,0,0,0,0
1370,1,1.00579247915738,0.9,1.1,-8.04192268333281e-11,-6.67337712867422e-11,0,0,0,0
1371,1,1.00579413515657,0.9,1.1,1.18282272865144e-10,-7.22599063918139e-11,0,0,0,0
1372,1,1.01869212955665,0.9,1.1,-2.1218582446636e-11,8.19986439859477e-11,0,0,0,0
1373,1,1.01871493866502,0.9,1.1,-1.86707538318842e-10,-3.50457163289519e-10,0,0,0,0
1374,1,1.00912944465086,0.9,1.1,-2.49116283157491e-11,2.35363811773581e-11,0,0,0,0
1375,1,1.00988631039722,0.9,1.1,3.84616782866942e-11,-1.99031763292723e-11,0,0,0,0
1376,1,1.0099128909993,0.9,1.1,-2.74322786708581e-11,-2.55542115246143e-11,0,0,0,0
1377,1,1.00912997784637,0.9,1.1,3.06643599401468e-11,-8.5937333638153e-11,0,0,0,0
1378,1,1.00971079765854,0.9,1.1,4.66124916442823e-11,1.0148513973629e-10,0,0,0,0
1379,1,1.00710904739336,0.9,1.1,-1.55786494815402e-12,3.46045414545415e-10,0,0,0,0
1380,1,1.00711302416795,0.9,1.1,6.61506405208456e-11,-4.48432610489213e-10,0,0,0,0
1381,1,1.00980629310739,0.9,1.1,6.77928824188712e-11,-1.50771062301658e-10,0,0,0,0
1382,1,1.00978781873586,0.9,1.1,-6.34550190170557e-11,-1.13120623979057e-10,0,0,0,0
1383,1,1.02036050092341,0.9,1.1,2.9999842598164e-14,-5.72384890609869e-13,0,0,0,0
1384,1,1.02436422240417,0.9,1.1,1.99840144432528e-12,-7.08703928875565e-12,0,0,0,0
1385,1,1.02432496424706,0.9,1.1,5.01287900078751e-12,4.07097966448333e-11,0,0,0,0
1386,1,1.02283378917823,0.9,1.1,5.45341549695877e-13,3.16066617322974e-13,0,0,0,0
1387,1,0.995761875418994,0.9,1.1,-1.56044066557115e-11,4.40099345855316e-11,0,0,0,0
1388,1,0.995761856518515,0.9,1.1,-1.48148160405981e-12,7.70198141375467e-11,0,0,0,0
1389,1,0.995763718852121,0.9,1.1,7.5150552447667e-11,-1.63894765814465e-10,0,0,0,0
1390,1,0.998585525838816,0.9,1.1,-7.32391924884723e-12,-2.94556046220862e-12,0,0,0,0
1391,1,1.01045434033367,0.9,1.1,3.41708883411229e-11,6.7569908002163e-11,0,0,0,0
1392,1,1.03329080291791,0.9,1.1,1.58735247168806e-11,1.63958256693686e-10,0,0,0,0
1393,1,1.03349071553151,0.9,1.1,9.47153466768214e-12,3.34085190067945e-11,0,0,0,0
1394,1,1.00094602272585,0.9,1.1,2.61888288832779e-11,-7.1730815731641e-12,0,0,0,0
1395,1,1.00094015681373,0.9,1.1,8.20676859802916e-12,-8.05716604546092e-11,0,0,0,0
1396,1,1.00054367534751,0.9,1.1,-1.22213350550737e-12,2.01141187039511e-12,0,0,0,0
1397,1,1.01782222474957,0.9,1.1,2.74784639486825e-11,-5.37334066130768e-11,0,0,0,0
1398,1,1.01776320524278,0.9,1.1,3.82360809680904e-11,1.30988622726314e-10,0,0,0,0
1399,1,1.01767976565753,0.9,1.1,-1.1583622949729e-11,3.06917685710673e-11,0,0,0,0
1400,1,1.01764939898545,0.9,1.1,2.43272069155864e-11,-1.46604950401752e-11,0,0,0,0
1401,1,1.05053709282665,0.9,1.1,-7.94386778579792e-12,1.66158753422962e-11,0,0,0,0
1402,1,1.01339172014495,0.9,1.1,6.94555524205498e-13,9.50593770365771e-12,0,0,0,0
1403,1,1.01348648376271,0.9,1.1,-1.13864473405556e-12,6.69776734074645e-12,0,0,0,0
1404,1,1.01348295426133,0.9,1.1,-6.3593574850529e-12,-4.68548810861336e-12,0,0,0,0
1405,1,1.01397218539719,0.9,1.1,-4.42490488694602e-12,-3.52218254562331e-12,0,0,0,0
1406,1,1.01329032970297,0.9,1.1,-8.33111357678717e-13,5.96918348083619e-12,0,0,0,0
1407,1,1.01328762329792,0.9,1.1,5.81046322167822e-12,3.02570468679875e-12,0,0,0,0
1408,1,1.01289434782567,0.9,1.1,-1.76072489921353e-11,-1.80931658544381e-11,0,0,0,0
1409,1,1.01257969106661,0.9,1.1,-1.20330412300973e-11,5.8786309153902e-12,0,0,0,0
1410,1,1.01243976307694,0.9,1.1,4.2810199829546e-13,9.51322354225681e-13,0,0,0,0
1411,1,1.01403755848546,0.9,1.1,1.16973097874506e-11,4.82620020336721e-10,0,0,0,0
1412,1,1.01403334958414,0.9,1.1,9.72022462519817e-12,1.37112717013554e-10,0,0,0,0
1413,1,1.02523690467823,0.9,1.1,-3.44963544386858e-13,-1.16914398269409e-13,0,0,0,0
1414,1,1.02124657360984,0.9,1.1,-9.35251875944232e-13,5.93448901131666e-13,0,0,0,0
1415,1,1.01775340339919,0.9,1.1,7.28554994111619e-11,-8.09286665459652e-11,0,0,0,0
1416,1,1.00480277357194,0.9,1.1,4.77040629220937e-12,2.41473507855972e-13,0,0,0,0
1417,1,0.995619507346601,0.9,1.1,-3.58557628032941e-12,-3.27932125898656e-12,0,0,0,0
1418,1,1.03376477113294,0.9,1.1,6.04138961080025e-12,-3.44582001821081e-11,0,0,0,0
1419,1,1.03106805071127,0.9,1.1,7.50155493278726e-12,-6.77301097151695e-14,0,0,0,0
1420,1,1.03375017820195,0.9,1.1,1.22168941629752e-12,2.5090389835225e-11,0,0,0,0
1421,1,1.01440662250929,0.9,1.1,-1.35012001578616e-11,-2.17747694875037e-11,0,0,0,0
1422,1,1.01441016843813,0.9,1.1,4.62385685295885e-11,1.31424038318784e-10,0,0,0,0
1423,1,1.03105483559844,0.9,1.1,-5.12478948166972e-13,2.97422297294153e-11,0,0,0,0
1424,1,1.01261954238345,0.9,1.1,7.36299909931404e-13,9.56353052306014e-13,0,0,0,0
1425,1,1.00181093313266,0.9,1.1,1.32116539930394e-12,2.15600107211777e-12,0,0,0,0
1426,1,1.01246653076361,0.9,1.1,9.32587340685131e-15,4.14425438410859e-13,0,0,0,0
1427,2,1.0411392561383,0.9,1.1,7.04858393874019e-12,-4.65405491922866e-12,0,0,0,0
1428,2,1.02677165210388,0.9,1.1,9.03810359886847e-12,5.32907051820075e-15,0,0,0,0
1429,1,1.0261859239004,0.9,1.1,2.32613928119463e-12,-6.07291994469961e-12,0,0,0,0
1430,1,1.01253301350132,0.9,1.1,9.26370091747231e-13,-4.17652024076176e-12,0,0,0,0
1431,1,1.01269560182872,0.9,1.1,-2.77182721220015e-11,5.56034385201798e-11,0,0,0,0
1432,1,1.01252496694967,0.9,1.1,2.73914224635519e-12,2.54928023135648e-11,0,0,0,0
1433,1,1.00899322904384,0.9,1.1,-7.0921046813055e-11,-9.66808230695726e-11,0,0,0,0
1434,1,1.00899291099873,0.9,1.1,-2.11999306998223e-11,2.97182417563491e-10,0,0,0,0
1435,1,1.01198784590818,0.9,1.1,1.4050982599656e-11,3.45615897012763e-11,0,0,0,0
1436,1,1.01022886141295,0.9,1.1,-5.10445019585859e-11,7.87453435791008e-11,0,0,0,0
1437,1,1.0090997912323,0.9,1.1,-2.52731169325671e-12,1.72561617772793e-12,0,0,0,0
1438,1,1.00570520777634,0.9,1.1,-1.52411416820541e-12,-7.22425591570541e-13,0,0,0,0
1439,1,1.01885679880761,0.9,1.1,-5.00044450291171e-11,7.26890769797706e-11,0,0,0,0
1440,1,1.01737338823305,0.9,1.1,6.3948846218409e-14,7.80625564189563e-14,0,0,0,0
1441,1,1.03384657705396,0.9,1.1,-7.94919685631612e-14,2.35055030994857e-14,0,0,0,0
1442,1,1.0195032463832,0.9,1.1,1.33226762955019e-13,5.87273285557188e-12,0,0,0,0
1443,1,1.03324194088286,0.9,1.1,-1.00310870720932e-11,5.36914263049582e-11,0,0,0,0
1444,1,1.01392472532328,0.9,1.1,-8.16413603388355e-12,-2.51638987425196e-12,0,0,0,0
1445,2,1.00865874015503,0.9,1.1,-2.30926389122033e-11,2.40762965120211e-12,0,0,0,0
1446,1,1.00905998952582,0.9,1.1,4.40980585381112e-13,-1.49880108324396e-12,0,0,0,0
1447,1,1.00981693271426,0.9,1.1,-1.37712063974504e-12,1.09374315160338e-12,0,0,0,0
1448,1,1.00888648468477,0.9,1.1,-1.53654866608122e-13,6.44449771325384e-14,0,0,0,0
1449,1,1.01372421057423,0.9,1.1,2.46913600676635e-13,1.73125402902485e-12,0,0,0,0
1450,1,1.01372462665017,0.9,1.1,-1.58983937126322e-13,-6.39766017940246e-13,0,0,0,0
1451,1,1.01272195357294,0.9,1.1,5.26334531514294e-11,-2.65915761632485e-11,0,0,0,0
1452,1,1.02575815978456,0.9,1.1,1.86517468137026e-13,-7.28236915215064e-13,0,0,0,0
1453,1,1.00962188572992,0.9,1.1,6.77546907468241e-11,-4.15011774945739e-11,0,0,0,0
1454,1,1.0096212688849,0.9,1.1,-2.05061301272735e-10,1.85660688212241e-10,0,0,0,0
1455,1,1.00855033859103,0.9,1.1,-7.86037901434611e-14,2.56639971589739e-14,0,0,0,0
1456,2,1.06355005329998,0.9,1.1,9.95783011603635e-10,1.25104371306861e-09,0,0,0,0
1457,2,1.06355736885472,0.9,1.1,-7.4851413955912e-10,2.90725665763603e-10,0,0,0,0
1458,1,1.01883327452811,0.9,1.1,4.14068779264198e-11,5.39554512180018e-11,0,0,0,0
1459,1,1.03244138471396,0.9,1.1,1.68753899743024e-14,7.95943172482438e-12,0,0,0,0
1460,1,1.03248079768901,0.9,1.1,4.48174830580683e-12,-2.70264921553576e-11,0,0,0,0
1461,1,1.03638083339114,0.9,1.1,3.85220744192338e-11,-1.07212849709271e-11,0,0,0,0
1462,1,1.03646529375503,0.9,1.1,9.61453139325386e-12,-1.77618336705265e-11,0,0,0,0
1463,1,1.00851513772605,0.9,1.1,-9.42073086207529e-11,-3.28078536560028e-10,0,0,0,0
1464,1,1.00851461233362,0.9,1.1,-3.642455226327e-10,1.84685600146395e-11,0,0,0,0
1465,1,1.03846924252161,0.9,1.1,3.79266396066669e-10,-1.83429590960849e-09,0,0,0,0
1466,1,1.0384646360691,0.9,1.1,1.64630975518776e-10,-1.23476333324657e-09,0,0,0,0
1467,1,1.03776151963964,0.9,1.1,9.16600129130529e-13,-5.68989300120393e-13,0,0,0,0
1468,1,1.06133556331472,0.9,1.1,3.63797880709171e-12,8.88178419700125e-14,0,0,0,0
1469,1,1.02116038806548,0.9,1.1,2.04281036531029e-13,-1.05210978817993e-12,0,0,0,0
1470,1,1.02553618862279,0.9,1.1,3.5793590313915e-13,-5.86336534880161e-14,0,0,0,0
1471,1,1.02288964592439,0.9,1.1,4.79616346638068e-14,3.78256453936743e-13,0,0,0,0
1472,1,1.00324089077948,0.9,1.1,-4.35207425653061e-14,2.17187379192296e-13,0,0,0,0
1473,1,1.03999019276731,0.9,1.1,-7.105427357601e-14,-1.85337856173362e-12,0,0,0,0
1474,1,1.01326871690891,0.9,1.1,1.09423581307055e-12,-4.18276524527528e-12,0,0,0,0
1475,1,1.01646859303523,0.9,1.1,-1.50546242139171e-12,-4.05977335082852e-12,0,0,0,0
1476,1,1.01807177727183,0.9,1.1,2.1138646388863e-13,3.4479363808515e-12,0,0,0,0
1477,1,1.02444422096206,0.9,1.1,-1.93054461306019e-11,-6.61054544437434e-11,0,0,0,0
1478,1,1.01940524940292,0.9,1.1,-4.5446313379216e-11,-5.94496674111156e-11,0,0,0,0
1479,1,1.04712201005011,0.9,1.1,-1.55608859131462e-12,1.17982013048135e-11,0,0,0,0
1480,1,1.01156757489633,0.9,1.1,-4.76507722169117e-13,-9.51875297333649e-13,0,0,0,0
1481,1,1.05415494754187,0.9,1.1,5.17363929475323e-14,1.37368415253913e-13,0,0,0,0
1482,1,1.02454651273529,0.9,1.1,-1.78879133727605e-11,-3.52377849122121e-11,0,0,0,0
1483,1,1.00889389427163,0.9,1.1,-3.19744231092045e-14,3.81639164714898e-15,0,0,0,0
1484,1,1.04393338833829,0.9,1.1,2.93098878501041e-14,1.17961196366423e-13,0,0,0,0
1485,1,1.03162016253986,0.9,1.1,-1.19904086659517e-13,1.60375185354056e-13,0,0,0,0
1486,1,1.06097083982874,0.9,1.1,-2.39808173319034e-13,-4.08874323287733e-13,0,0,0,0
1487,1,1.04264795310278,0.9,1.1,1.69109171110904e-12,3.98431287962353e-12,0,0,0,0
1488,1,1.04851746503895,0.9,1.1,1.20792265079217e-13,-4.04710986945389e-13,0,0,0,0
1489,1,1.04414296020695,0.9,1.1,-4.2632564145606e-13,3.05311331771918e-13,0,0,0,0
1490,1,1.04768270090171,0.9,1.1,-2.70006239588838e-13,-1.74582570622306e-12,0,0,0,0
1491,1,1.04591616787281,0.9,1.1,1.58095758706622e-13,9.20097331658098e-13,0,0,0,0
1492,1,1.05794227481402,0.9,1.1,-7.95097321315552e-12,-1.10522702101434e-11,0,0,0,0
1493,1,1.06277404930648,0.9,1.1,1.84172677109018e-10,-2.96740410021812e-10,0,0,0,0
1494,1,1.06956558392482,0.9,1.1,-4.9737991503207e-12,-1.34114941374719e-11,0,0,0,0
1495,1,1.06381347336859,0.9,1.1,-1.03739239420975e-12,-1.43218770176645e-12,0,0,0,0
1496,1,1.06541001955851,0.9,1.1,2.27373675443232e-12,8.38218383591993e-13,0,0,0,0
1497,1,1.07734534982237,0.9,1.1,-2.49755771619675e-12,-7.95197241387768e-13,0,0,0,0
1498,1,1.07102098756,0.9,1.1,6.3593574850529e-13,1.37112543541207e-12,0,0,0,0
1499,1,1.08078387155423,0.9,1.1,-2.00793145515511e-09,-4.34147533066741e-09,0,0,0,0
1500,1,1.06706157535474,0.9,1.1,-5.40012479177676e-13,-6.49480469405717e-13,0,0,0,0
1501,1,1.05863636841228,0.9,1.1,-1.18234311230481e-11,-5.99520433297585e-12,0,0,0,0
1502,1,1.0556972864202,0.9,1.1,-1.13686837721616e-12,8.21565038222616e-12,0,0,0,0
1503,1,1.03939423076534,0.9,1.1,-9.9475983006414e-14,1.38777878078145e-13,0,0,0,0
1504,1,1.04683813851303,0.9,1.1,1.04449782156735e-12,7.21644966006352e-14,0,0,0,0
1505,1,1.03886231811847,0.9,1.1,5.96855898038484e-13,4.91273688396632e-13,0,0,0,0
1506,1,1.02282172992369,0.9,1.1,1.16529008664656e-12,-9.99200722162641e-13,0,0,0,0
1507,1,1.02520532724544,0.9,1.1,6.89226453687297e-13,7.78890840713586e-12,0,0,0,0
1508,1,1.03154530089272,0.9,1.1,1.67865721323324e-12,1.75371869803875e-11,0,0,0,0
1509,1,1.05929740858958,0.9,1.1,9.59232693276135e-14,3.08780778723872e-14,0,0,0,0
1510,1,1.05456130939153,0.9,1.1,4.2632564145606e-14,-1.87974635856847e-12,0,0,0,0
1511,1,1.03945625238846,0.9,1.1,5.95079541199084e-14,1.9671764217577e-13,0,0,0,0
1512,1,1.04631526374547,0.9,1.1,3.09086090055644e-13,1.15636666908614e-12,0,0,0,0
1513,1,1.03629419476316,0.9,1.1,2.87272428067809e-11,2.57981136453367e-11,0,0,0,0
1514,1,1.05484077420985,0.9,1.1,-1.44346756769664e-11,6.2076255594179e-11,0,0,0,0
1515,1,1.04484544200981,0.9,1.1,-1.80566672725035e-12,-1.01037234134793e-11,0,0,0,0
1516,1,1.03438021714954,0.9,1.1,5.55999690732278e-12,-7.41039174467772e-12,0,0,0,0
1517,1,1.05211877668911,0.9,1.1,1.18021148409753e-11,6.71289412945697e-11,0,0,0,0
1518,1,1.04958252946584,0.9,1.1,9.55679979597335e-13,-5.12068686064904e-12,0,0,0,0
1519,1,1.06356229754523,0.9,1.1,-1.28396108628321e-12,1.2234822964704e-11,0,0,0,0
1520,1,1.0359075006434,0.9,1.1,6.46593889541691e-13,-3.55201978941011e-12,0,0,0,0
1521,1,1.05466714553303,0.9,1.1,-5.90346079092613e-13,1.42765694819518e-12,0,0,0,0
1522,1,1.04614637434843,0.9,1.1,2.0961010704923e-13,3.31679128606766e-13,0,0,0,0
1523,1,1.05309531229499,0.9,1.1,6.25277607468888e-13,5.39845945723982e-13,0,0,0,0
1524,1,1.05799642913859,0.9,1.1,7.46069872548105e-14,-3.96904731303493e-13,0,0,0,0
1525,1,1.05434424617758,0.9,1.1,9.1944230007357e-12,1.02029495963052e-11,0,0,0,0
1526,1,1.0519382436601,0.9,1.1,1.93978166862507e-12,-4.94326801714351e-12,0,0,0,0
1527,1,1.01638906035593,0.9,1.1,2.8421709430404e-12,1.03583808197527e-11,0,0,0,0
1528,1,1.05351203326838,0.9,1.1,-7.105427357601e-13,-2.08189021577709e-12,0,0,0,0
1529,1,1.06483313548189,0.9,1.1,-2.6943780540023e-11,3.19877457855e-10,0,0,0,0
1530,1,1.06354474555293,0.9,1.1,-1.16301634989213e-10,-3.0124791550179e-10,0,0,0,0
1531,1,1.06493599950617,0.9,1.1,6.89010827812027e-14,-3.02594581344229e-12,0,0,0,0
1532,1,1.06422872416252,0.9,1.1,-2.86490831058472e-11,-1.56319401867222e-10,0,0,0,0
1533,1,1.05204864207378,0.9,1.1,-5.4180659958547e-11,-4.00103561393195e-11,0,0,0,0
1534,1,1.0520469936797,0.9,1.1,-4.71089833808946e-11,-3.3491959205989e-11,0,0,0,0
1535,1,1.05574700502803,0.9,1.1,-2.48689957516035e-13,-2.22044604925031e-13,0,0,0,0
1536,1,1.04881259965471,0.9,1.1,2.52242671194836e-13,-7.63278329429795e-14,0,0,0,0
1537,1,1.05071176597305,0.9,1.1,-1.52766688188422e-13,-8.46545056276682e-14,0,0,0,0
1538,1,1.03544632416435,0.9,1.1,1.19371179607697e-12,2.09832151654155e-12,0,0,0,0
1539,1,1.06202800279924,0.9,1.1,1.05870867628255e-12,1.06581410364015e-12,0,0,0,0
1540,1,1.0362370120414,0.9,1.1,1.12621023617976e-12,1.23998034062822e-12,0,0,0,0
1541,1,1.04464480352304,0.9,1.1,2.06057393370429e-13,-5.84254866708989e-13,0,0,0,0
1542,1,1.06003665198851,0.9,1.1,-3.01980662698043e-13,-3.83026943495679e-13,0,0,0,0
1543,1,1.06053895294532,0.9,1.1,1.58095758706622e-13,-8.86703904745545e-13,0,0,0,0
1544,1,1.05382896768436,0.9,1.1,1.4344081478157e-13,2.12839728480629e-13,0,0,0,0
1545,1,1.04959636683231,0.9,1.1,-6.95443702625198e-13,-4.13406288368723e-12,0,0,0,0
1546,1,1.04798087618353,0.9,1.1,-2.55795384873636e-13,2.24531504500192e-12,0,0,0,0
1547,1,1.07076508135125,0.9,1.1,2.636579978396e-12,1.51990298660503e-12,0,0,0,0
1548,1,0.999788990779713,0.9,1.1,4.220623850415e-12,3.07219527595493e-12,0,0,0,0
1549,1,1.06388875603185,0.9,1.1,-5.522076921482e-11,-1.25202666843071e-10,0,0,0,0
1550,1,1.03107750623481,0.9,1.1,1.61364255291119e-11,-8.24201817906101e-11,0,0,0,0
1551,1,1.02313893051803,0.9,1.1,-8.28492829896277e-12,1.03597685985335e-11,0,0,0,0
1552,1,1.03687948666256,0.9,1.1,1.46913592402598e-11,-5.77111275434916e-11,0,0,0,0
1553,1,1.0231371809249,0.9,1.1,-1.30455646285554e-11,-7.75907116334906e-12,0,0,0,0
1554,1,1.04593199900945,0.9,1.1,3.31823457599967e-12,1.36363142999585e-10,0,0,0,0
1555,1,1.0458195151007,0.9,1.1,-3.58824081558851e-12,-1.32477362413397e-11,0,0,0,0
1556,1,1.04356516884281,0.9,1.1,1.4477308241112e-13,4.65703864360734e-12,0,0,0,0
1557,1,1.04649448231187,0.9,1.1,1.31095134747738e-12,-1.40353006994332e-11,0,0,0,0
1558,1,1.05196631939944,0.9,1.1,2.72887269683978e-12,1.30896707229956e-11,0,0,0,0
1559,1,1.04889427643184,0.9,1.1,-8.24229573481716e-13,-6.96040447500934e-12,0,0,0,0
1560,1,1.05964263710741,0.9,1.1,3.64188570771235e-13,9.5338006032611e-14,0,0,0,0
1561,1,1.01342268505016,0.9,1.1,9.76996261670138e-13,-4.13558076672871e-12,0,0,0,0
1562,1,1.01528662718569,0.9,1.1,-1.55786494815402e-12,-8.14973089013904e-13,0,0,0,0
1563,1,1.02072637056436,0.9,1.1,1.02673425317334e-12,-3.10168557504653e-13,0,0,0,0
1564,1,1.01999170877232,0.9,1.1,-2.74758586292427e-13,-3.22950340908317e-12,0,0,0,0
1565,1,1.02227314094205,0.9,1.1,-5.75539615965681e-13,-9.66240976119082e-13,0,0,0,0
1566,1,1.01206997143338,0.9,1.1,-1.16031628749624e-11,-5.4373172631017e-12,0,0,0,0
1567,1,1.06434718698715,0.9,1.1,-2.01169831781906e-11,1.80937670421438e-11,0,0,0,0
1568,1,1.03562142372897,0.9,1.1,-8.4909856923332e-13,-1.8401946633162e-12,0,0,0,0
1569,1,1.02580725815466,0.9,1.1,-1.3997691894474e-12,-6.38378239159465e-13,0,0,0,0
1570,1,1.0277620604692,0.9,1.1,-2.17141860048287e-11,9.10631570150144e-11,0,0,0,0
1571,1,1.01250937964426,0.9,1.1,-1.25837118503114e-11,-1.03472785895065e-11,0,0,0,0
1572,1,1.01659436973741,0.9,1.1,-3.50830475781549e-13,-2.03656536079677e-13,0,0,0,0
1573,1,1.00680276600437,0.9,1.1,-1.4495071809506e-12,3.86982113020906e-12,0,0,0,0
1574,1,1.04935037519235,0.9,1.1,-1.52232004779762e-10,-1.22885894168756e-09,0,0,0,0
1575,1,1.01888290867697,0.9,1.1,-9.47864009503974e-12,-3.20802412412391e-12,0,0,0,0
1576,1,1.01195321495188,0.9,1.1,-8.13571432445315e-13,-3.50414142147315e-13,0,0,0,0
