source_bus,source_bus_name,generator_id,source_zone,pg_mw,qg_mvar,qmin_mvar,qmax_mvar,pmin_mw,pmax_mw,voltage_target_pu,raw_ireg,regulated_bus,regulated_bus_name,regulated_zone,remote_regulation,regulated_bus_found,status,converted_status,snapshot_effective_status,raw_converted_status_mismatch,mapped_to_nyiso_zone,converted_gen_index,converted_genfuel,device_class,native_generator,reactive_only_QS,fixed_import_or_boundary_equivalent,synchronous_condenser,storage_or_pumping,offline,positive_active_capability,fixed_negative_active,originated_from_shunt_as_generator_conversion,control_group_id,classification_rule,classification_confidence,source_format,source_file
6,UNKNOWN124~5,1,F,2.745,-0.209,-1.5,1.8,1,2.8,1.02,0,6,UNKNOWN124~5,F,0,1,1,1,1,0,1,1,hydro,native_generator,1,0,0,0,0,0,1,0,0,F_REG_BUS_6,positive PMAX and converted fuel is not import/reference,medium,PERFORM PSS/E RAW rev33,PERFORM/On Peak 2019 v23_Perform_NY/On Peak 2019 v23/NYISO_onpeak2019_v23_shuntsRgens.RAW
6,UNKNOWN124~5,2,F,2.745,-0.209,-1.5,1.8,1,2.8,1.02,0,6,UNKNOWN124~5,F,0,1,1,1,1,0,1,2,hydro,native_generator,1,0,0,0,0,0,1,0,0,F_REG_BUS_6,positive PMAX and converted fuel is not import/reference,medium,PERFORM PSS/E RAW rev33,PERFORM/On Peak 2019 v23_Perform_NY/On Peak 2019 v23/NYISO_onpeak2019_v23_shuntsRgens.RAW
6,UNKNOWN124~5,3,F,2.941,-0.209,-1.7,2,1,3,1.02,0,6,UNKNOWN124~5,F,0,1,1,1,1,0,1,3,hydro,native_generator,1,0,0,0,0,0,1,0,0,F_REG_BUS_6,positive PMAX and converted fuel is not import/reference,medium,PERFORM PSS/E RAW rev33,PERFORM/On Peak 2019 v23_Perform_NY/On Peak 2019 v23/NYISO_onpeak2019_v23_shuntsRgens.RAW
6,UNKNOWN124~5,4,F,2.941,-0.209,-1.7,2,1,3,1.02,0,6,UNKNOWN124~5,F,0,1,1,1,1,0,1,4,hydro,native_generator,1,0,0,0,0,0,1,0,0,F_REG_BUS_6,positive PMAX and converted fuel is not import/reference,medium,PERFORM PSS/E RAW rev33,PERFORM/On Peak 2019 v23_Perform_NY/On Peak 2019 v23/NYISO_onpeak2019_v23_shuntsRgens.RAW
15,UNKNOWN12~14,1,E,7.842,-1.275,-4.4,5.2,7,8,1.02,0,15,UNKNOWN12~14,E,0,1,1,1,1,0,1,5,hydro,native_generator,1,0,0,0,0,0,1,0,0,E_REG_BUS_15,positive PMAX and converted fuel is not import/reference,medium,PERFORM PSS/E RAW rev33,PERFORM/On Peak 2019 v23_Perform_NY/On Peak 2019 v23/NYISO_onpeak2019_v23_shuntsRgens.RAW
15,UNKNOWN12~14,2,E,7.842,-1.275,-4.4,5.2,7,8,1.02,0,15,UNKNOWN12~14,E,0,1,1,1,1,0,1,6,hydro,native_generator,1,0,0,0,0,0,1,0,0,E_REG_BUS_15,positive PMAX and converted fuel is not import/reference,medium,PERFORM PSS/E RAW rev33,PERFORM/On Peak 2019 v23_Perform_NY/On Peak 2019 v23/NYISO_onpeak2019_v23_shuntsRgens.RAW
17,UNKNOWN12~15,1,K,0,-9.9,-9.9,11.7,10.5,18,1.01,0,17,UNKNOWN12~15,K,0,1,0,0,0,0,1,7,ng,offline,0,0,0,0,0,1,0,0,0,K_REG_BUS_17,RAW STAT is offline,high,PERFORM PSS/E RAW rev33,PERFORM/On Peak 2019 v23_Perform_NY/On Peak 2019 v23/NYISO_onpeak2019_v23_shuntsRgens.RAW
17,UNKNOWN12~15,10,K,0,-23,-23,27.2,30,41.8,1.01,0,17,UNKNOWN12~15,K,0,1,0,0,0,0,1,16,ng,offline,0,0,0,0,0,1,0,0,0,K_REG_BUS_17,RAW STAT is offline,high,PERFORM PSS/E RAW rev33,PERFORM/On Peak 2019 v23_Perform_NY/On Peak 2019 v23/NYISO_onpeak2019_v23_shuntsRgens.RAW
17,UNKNOWN12~15,11,K,30,-23,-23,27.2,30,41.8,1.01,0,17,UNKNOWN12~15,K,0,1,1,1,1,0,1,17,ng,native_generator,1,0,0,0,0,0,1,0,0,K_REG_BUS_17,positive PMAX and converted fuel is not import/reference,medium,PERFORM PSS/E RAW rev33,PERFORM/On Peak 2019 v23_Perform_NY/On Peak 2019 v23/NYISO_onpeak2019_v23_shuntsRgens.RAW
17,UNKNOWN12~15,12,K,183,-27.652,-103.4,122.2,15,188,1.01,0,17,UNKNOWN12~15,K,0,1,1,1,1,0,1,18,ng,native_generator,1,0,0,0,0,0,1,0,0,K_REG_BUS_17,positive PMAX and converted fuel is not import/reference,medium,PERFORM PSS/E RAW rev33,PERFORM/On Peak 2019 v23_Perform_NY/On Peak 2019 v23/NYISO_onpeak2019_v23_shuntsRgens.RAW
17,UNKNOWN12~15,13,K,183,-27.652,-103.4,122.2,15,188,1.01,0,17,UNKNOWN12~15,K,0,1,1,1,1,0,1,19,ng,native_generator,1,0,0,0,0,0,1,0,0,K_REG_BUS_17,positive PMAX and converted fuel is not import/reference,medium,PERFORM PSS/E RAW rev33,PERFORM/On Peak 2019 v23_Perform_NY/On Peak 2019 v23/NYISO_onpeak2019_v23_shuntsRgens.RAW
17,UNKNOWN12~15,2,K,11.4,-9.9,-9.9,11.7,11.4,18,1.01,0,17,UNKNOWN12~15,K,0,1,1,1,1,0,1,8,ng,native_generator,1,0,0,0,0,0,1,0,0,K_REG_BUS_17,positive PMAX and converted fuel is not import/reference,medium,PERFORM PSS/E RAW rev33,PERFORM/On Peak 2019 v23_Perform_NY/On Peak 2019 v23/NYISO_onpeak2019_v23_shuntsRgens.RAW
17,UNKNOWN12~15,3,K,11,-9.9,-9.9,11.7,11,18,1.01,0,17,UNKNOWN12~15,K,0,1,1,1,1,0,1,9,ng,native_generator,1,0,0,0,0,0,1,0,0,K_REG_BUS_17,positive PMAX and converted fuel is not import/reference,medium,PERFORM PSS/E RAW rev33,PERFORM/On Peak 2019 v23_Perform_NY/On Peak 2019 v23/NYISO_onpeak2019_v23_shuntsRgens.RAW
17,UNKNOWN12~15,4,K,11.2,-9.9,-9.9,11.7,11.2,18,1.01,0,17,UNKNOWN12~15,K,0,1,1,1,1,0,1,10,ng,native_generator,1,0,0,0,0,0,1,0,0,K_REG_BUS_17,positive PMAX and converted fuel is not import/reference,medium,PERFORM PSS/E RAW rev33,PERFORM/On Peak 2019 v23_Perform_NY/On Peak 2019 v23/NYISO_onpeak2019_v23_shuntsRgens.RAW
17,UNKNOWN12~15,5,K,11.4,-9.9,-9.9,11.7,11.4,18,1.01,0,17,UNKNOWN12~15,K,0,1,1,1,1,0,1,11,ng,native_generator,1,0,0,0,0,0,1,0,0,K_REG_BUS_17,positive PMAX and converted fuel is not import/reference,medium,PERFORM PSS/E RAW rev33,PERFORM/On Peak 2019 v23_Perform_NY/On Peak 2019 v23/NYISO_onpeak2019_v23_shuntsRgens.RAW
17,UNKNOWN12~15,6,K,10.7,-9.9,-9.9,11.7,10.7,18,1.01,0,17,UNKNOWN12~15,K,0,1,1,1,1,0,1,12,ng,native_generator,1,0,0,0,0,0,1,0,0,K_REG_BUS_17,positive PMAX and converted fuel is not import/reference,medium,PERFORM PSS/E RAW rev33,PERFORM/On Peak 2019 v23_Perform_NY/On Peak 2019 v23/NYISO_onpeak2019_v23_shuntsRgens.RAW
17,UNKNOWN12~15,7,K,9,-9.9,-9.9,11.7,9,18,1.01,0,17,UNKNOWN12~15,K,0,1,1,1,1,0,1,13,ng,native_generator,1,0,0,0,0,0,1,0,0,K_REG_BUS_17,positive PMAX and converted fuel is not import/reference,medium,PERFORM PSS/E RAW rev33,PERFORM/On Peak 2019 v23_Perform_NY/On Peak 2019 v23/NYISO_onpeak2019_v23_shuntsRgens.RAW
17,UNKNOWN12~15,8,K,29.8,-23,-23,27.2,29.8,41.8,1.01,0,17,UNKNOWN12~15,K,0,1,1,1,1,0,1,14,ng,native_generator,1,0,0,0,0,0,1,0,0,K_REG_BUS_17,positive PMAX and converted fuel is not import/reference,medium,PERFORM PSS/E RAW rev33,PERFORM/On Peak 2019 v23_Perform_NY/On Peak 2019 v23/NYISO_onpeak2019_v23_shuntsRgens.RAW
17,UNKNOWN12~15,9,K,0,0,-23,27.2,30,41.8,1.01,0,17,UNKNOWN12~15,K,0,1,0,0,0,0,1,15,ng,offline,0,0,0,0,0,1,0,0,0,K_REG_BUS_17,RAW STAT is offline,high,PERFORM PSS/E RAW rev33,PERFORM/On Peak 2019 v23_Perform_NY/On Peak 2019 v23/NYISO_onpeak2019_v23_shuntsRgens.RAW
18,GLENWOOD L~1,1,K,15.899,-8.8,-8.8,10.4,10,16,1.01,0,18,GLENWOOD L~1,K,0,1,1,1,1,0,1,20,dfo,native_generator,1,0,0,0,0,0,1,0,0,K_REG_BUS_18,positive PMAX and converted fuel is not import/reference,medium,PERFORM PSS/E RAW rev33,PERFORM/On Peak 2019 v23_Perform_NY/On Peak 2019 v23/NYISO_onpeak2019_v23_shuntsRgens.RAW
18,GLENWOOD L~1,2,K,52.664,-16.382,-29.2,34.5,37,53,1.01,0,18,GLENWOOD L~1,K,0,1,1,1,1,0,1,21,ng,native_generator,1,0,0,0,0,0,1,0,0,K_REG_BUS_18,positive PMAX and converted fuel is not import/reference,medium,PERFORM PSS/E RAW rev33,PERFORM/On Peak 2019 v23_Perform_NY/On Peak 2019 v23/NYISO_onpeak2019_v23_shuntsRgens.RAW
18,GLENWOOD L~1,3,K,52.664,-16.382,-29.2,34.5,37,53,1.01,0,18,GLENWOOD L~1,K,0,1,1,1,1,0,1,22,ng,native_generator,1,0,0,0,0,0,1,0,0,K_REG_BUS_18,positive PMAX and converted fuel is not import/reference,medium,PERFORM PSS/E RAW rev33,PERFORM/On Peak 2019 v23_Perform_NY/On Peak 2019 v23/NYISO_onpeak2019_v23_shuntsRgens.RAW
18,GLENWOOD L~1,4,K,54.651,-16.382,-30.3,35.8,40,55,1.01,0,18,GLENWOOD L~1,K,0,1,1,1,1,0,1,23,dfo,native_generator,1,0,0,0,0,0,1,0,0,K_REG_BUS_18,positive PMAX and converted fuel is not import/reference,medium,PERFORM PSS/E RAW rev33,PERFORM/On Peak 2019 v23_Perform_NY/On Peak 2019 v23/NYISO_onpeak2019_v23_shuntsRgens.RAW
18,GLENWOOD L~1,5,K,0,0,-30.3,35.8,44.1,55,1.01,0,18,GLENWOOD L~1,K,0,1,0,0,0,0,1,24,ng,offline,0,0,0,0,0,1,0,0,0,K_REG_BUS_18,RAW STAT is offline,high,PERFORM PSS/E RAW rev33,PERFORM/On Peak 2019 v23_Perform_NY/On Peak 2019 v23/NYISO_onpeak2019_v23_shuntsRgens.RAW
19,NORTHPORT,1,K,15.899,-8.8,-8.8,10.4,10.6,16,1.02,0,19,NORTHPORT,K,0,1,1,1,1,0,1,25,dfo,native_generator,1,0,0,0,0,0,1,0,0,K_REG_BUS_19,positive PMAX and converted fuel is not import/reference,medium,PERFORM PSS/E RAW rev33,PERFORM/On Peak 2019 v23_Perform_NY/On Peak 2019 v23/NYISO_onpeak2019_v23_shuntsRgens.RAW
19,NORTHPORT,2,K,0,0,-212.9,251.6,40,387,1.02,0,19,NORTHPORT,K,0,1,0,0,0,0,1,26,ng,offline,0,0,0,0,0,1,0,0,0,K_REG_BUS_19,RAW STAT is offline,high,PERFORM PSS/E RAW rev33,PERFORM/On Peak 2019 v23_Perform_NY/On Peak 2019 v23/NYISO_onpeak2019_v23_shuntsRgens.RAW
19,NORTHPORT,3,K,384.548,-12.677,-212.9,251.6,30,387,1.02,0,19,NORTHPORT,K,0,1,1,1,1,0,1,27,ng,native_generator,1,0,0,0,0,0,1,0,0,K_REG_BUS_19,positive PMAX and converted fuel is not import/reference,medium,PERFORM PSS/E RAW rev33,PERFORM/On Peak 2019 v23_Perform_NY/On Peak 2019 v23/NYISO_onpeak2019_v23_shuntsRgens.RAW
19,NORTHPORT,4,K,387,-12.677,-212.9,251.6,40,387,1.02,0,19,NORTHPORT,K,0,1,1,1,1,0,1,28,ng,native_generator,1,0,0,0,0,0,1,0,0,K_REG_BUS_19,positive PMAX and converted fuel is not import/reference,medium,PERFORM PSS/E RAW rev33,PERFORM/On Peak 2019 v23_Perform_NY/On Peak 2019 v23/NYISO_onpeak2019_v23_shuntsRgens.RAW
19,NORTHPORT,5,K,387,-12.677,-212.9,251.6,40,387,1.02,0,19,NORTHPORT,K,0,1,1,1,1,0,1,29,ng,native_generator,1,0,0,0,0,0,1,0,0,K_REG_BUS_19,positive PMAX and converted fuel is not import/reference,medium,PERFORM PSS/E RAW rev33,PERFORM/On Peak 2019 v23_Perform_NY/On Peak 2019 v23/NYISO_onpeak2019_v23_shuntsRgens.RAW
19,NORTHPORT,x,K,130,-12.677,-9900,9900,130,130,1.02,0,19,NORTHPORT,K,0,1,1,1,1,0,1,30,import,fixed_import_or_boundary_equivalent,0,0,1,0,0,0,1,0,0,K_REG_BUS_19,converted import/reference fuel or fixed negative P,high,PERFORM PSS/E RAW rev33,PERFORM/On Peak 2019 v23_Perform_NY/On Peak 2019 v23/NYISO_onpeak2019_v23_shuntsRgens.RAW
21,UNKNOWN12~17,1,E,10.782,7.2,-6.1,7.2,0.2,11,1.02,0,21,UNKNOWN12~17,E,0,1,1,1,1,0,1,31,hydro,native_generator,1,0,0,0,0,0,1,0,0,E_REG_BUS_21,positive PMAX and converted fuel is not import/reference,medium,PERFORM PSS/E RAW rev33,PERFORM/On Peak 2019 v23_Perform_NY/On Peak 2019 v23/NYISO_onpeak2019_v23_shuntsRgens.RAW
21,UNKNOWN12~17,2,E,11.763,7.8,-6.6,7.8,0.2,12,1.02,0,21,UNKNOWN12~17,E,0,1,1,1,1,0,1,32,hydro,native_generator,1,0,0,0,0,0,1,0,0,E_REG_BUS_21,positive PMAX and converted fuel is not import/reference,medium,PERFORM PSS/E RAW rev33,PERFORM/On Peak 2019 v23_Perform_NY/On Peak 2019 v23/NYISO_onpeak2019_v23_shuntsRgens.RAW
21,UNKNOWN12~17,3,E,12.743,8.5,-7.2,8.5,0.2,13,1.02,0,21,UNKNOWN12~17,E,0,1,1,1,1,0,1,33,hydro,native_generator,1,0,0,0,0,0,1,0,0,E_REG_BUS_21,positive PMAX and converted fuel is not import/reference,medium,PERFORM PSS/E RAW rev33,PERFORM/On Peak 2019 v23_Perform_NY/On Peak 2019 v23/NYISO_onpeak2019_v23_shuntsRgens.RAW
24,UNKNOWN12~20,1,C,8.822,4.911,-5,5.9,3,9,1.02,0,24,UNKNOWN12~20,C,0,1,1,1,1,0,1,34,hydro,native_generator,1,0,0,0,0,0,1,0,0,C_REG_BUS_24,positive PMAX and converted fuel is not import/reference,medium,PERFORM PSS/E RAW rev33,PERFORM/On Peak 2019 v23_Perform_NY/On Peak 2019 v23/NYISO_onpeak2019_v23_shuntsRgens.RAW
24,UNKNOWN12~20,2,C,8.822,4.911,-5,5.9,3,9,1.02,0,24,UNKNOWN12~20,C,0,1,1,1,1,0,1,35,hydro,native_generator,1,0,0,0,0,0,1,0,0,C_REG_BUS_24,positive PMAX and converted fuel is not import/reference,medium,PERFORM PSS/E RAW rev33,PERFORM/On Peak 2019 v23_Perform_NY/On Peak 2019 v23/NYISO_onpeak2019_v23_shuntsRgens.RAW
24,UNKNOWN12~20,3,C,8.822,4.911,-5,5.9,3,9,1.02,0,24,UNKNOWN12~20,C,0,1,1,1,1,0,1,36,hydro,native_generator,1,0,0,0,0,0,1,0,0,C_REG_BUS_24,positive PMAX and converted fuel is not import/reference,medium,PERFORM PSS/E RAW rev33,PERFORM/On Peak 2019 v23_Perform_NY/On Peak 2019 v23/NYISO_onpeak2019_v23_shuntsRgens.RAW
24,UNKNOWN12~20,4,C,8.822,4.911,-5,5.9,3,9,1.02,0,24,UNKNOWN12~20,C,0,1,1,1,1,0,1,37,hydro,native_generator,1,0,0,0,0,0,1,0,0,C_REG_BUS_24,positive PMAX and converted fuel is not import/reference,medium,PERFORM PSS/E RAW rev33,PERFORM/On Peak 2019 v23_Perform_NY/On Peak 2019 v23/NYISO_onpeak2019_v23_shuntsRgens.RAW
26,UNKNOWN12~22,C1,J,595,37.491,-416.5,446.25,320,595,1.02,0,26,UNKNOWN12~22,J,0,1,1,1,1,0,1,38,ng,native_generator,1,0,0,0,0,0,1,0,0,J_REG_BUS_26,positive PMAX and converted fuel is not import/reference,medium,PERFORM PSS/E RAW rev33,PERFORM/On Peak 2019 v23_Perform_NY/On Peak 2019 v23/NYISO_onpeak2019_v23_shuntsRgens.RAW
26,UNKNOWN12~22,C2,J,650,37.491,-455,487.5,320,650,1.02,0,26,UNKNOWN12~22,J,0,1,1,1,1,0,1,39,ng,native_generator,1,0,0,0,0,0,1,0,0,J_REG_BUS_26,positive PMAX and converted fuel is not import/reference,medium,PERFORM PSS/E RAW rev33,PERFORM/On Peak 2019 v23_Perform_NY/On Peak 2019 v23/NYISO_onpeak2019_v23_shuntsRgens.RAW
27,UNKNOWN12~23,C1,C,121.823,44.838,-85.82,91.95,42,122.6,1.02,0,27,UNKNOWN12~23,C,0,1,1,1,1,0,1,40,ng,native_generator,1,0,0,0,0,0,1,0,0,C_REG_BUS_27,positive PMAX and converted fuel is not import/reference,medium,PERFORM PSS/E RAW rev33,PERFORM/On Peak 2019 v23_Perform_NY/On Peak 2019 v23/NYISO_onpeak2019_v23_shuntsRgens.RAW
28,UNKNOWN12~24,C1,E,0,0,-44.03,47.175,35,62.9,1.02,0,28,UNKNOWN12~24,E,0,1,0,0,0,0,1,41,ng,offline,0,0,0,0,0,1,0,0,0,E_REG_BUS_28,RAW STAT is offline,high,PERFORM PSS/E RAW rev33,PERFORM/On Peak 2019 v23_Perform_NY/On Peak 2019 v23/NYISO_onpeak2019_v23_shuntsRgens.RAW
29,UNKNOWN12~25,1,C,111.29,-7.888,-61.6,72.8,32,112,1.02,0,29,UNKNOWN12~25,C,0,1,1,1,1,0,1,42,ng,native_generator,1,0,0,0,0,0,1,0,0,C_REG_BUS_29,positive PMAX and converted fuel is not import/reference,medium,PERFORM PSS/E RAW rev33,PERFORM/On Peak 2019 v23_Perform_NY/On Peak 2019 v23/NYISO_onpeak2019_v23_shuntsRgens.RAW
30,UNKNOWN12~26,1,C,4.074,-1.637,-2.3,2.7,0,4.1,1.02,0,30,UNKNOWN12~26,C,0,1,1,1,1,0,1,43,wind,native_generator,1,0,0,0,0,0,1,0,0,C_REG_BUS_30,positive PMAX and converted fuel is not import/reference,medium,PERFORM PSS/E RAW rev33,PERFORM/On Peak 2019 v23_Perform_NY/On Peak 2019 v23/NYISO_onpeak2019_v23_shuntsRgens.RAW
30,UNKNOWN12~26,2,C,55.049,-1.637,-30.5,36,0,55.4,1.02,0,30,UNKNOWN12~26,C,0,1,1,1,1,0,1,44,wind,native_generator,1,0,0,0,0,0,1,0,0,C_REG_BUS_30,positive PMAX and converted fuel is not import/reference,medium,PERFORM PSS/E RAW rev33,PERFORM/On Peak 2019 v23_Perform_NY/On Peak 2019 v23/NYISO_onpeak2019_v23_shuntsRgens.RAW
31,UNKNOWN12~27,1,F,0.98,-0.6,-0.6,0.7,0.2,1,1.02,0,31,UNKNOWN12~27,F,0,1,1,1,1,0,1,45,hydro,native_generator,1,0,0,0,0,0,1,0,0,F_REG_BUS_31,positive PMAX and converted fuel is not import/reference,medium,PERFORM PSS/E RAW rev33,PERFORM/On Peak 2019 v23_Perform_NY/On Peak 2019 v23/NYISO_onpeak2019_v23_shuntsRgens.RAW
31,UNKNOWN12~27,2,F,0.98,-0.6,-0.6,0.7,0.2,1,1.02,0,31,UNKNOWN12~27,F,0,1,1,1,1,0,1,46,hydro,native_generator,1,0,0,0,0,0,1,0,0,F_REG_BUS_31,positive PMAX and converted fuel is not import/reference,medium,PERFORM PSS/E RAW rev33,PERFORM/On Peak 2019 v23_Perform_NY/On Peak 2019 v23/NYISO_onpeak2019_v23_shuntsRgens.RAW
31,UNKNOWN12~27,3,F,2.549,-1.4,-1.4,1.7,0.9,2.6,1.02,0,31,UNKNOWN12~27,F,0,1,1,1,1,0,1,47,hydro,native_generator,1,0,0,0,0,0,1,0,0,F_REG_BUS_31,positive PMAX and converted fuel is not import/reference,medium,PERFORM PSS/E RAW rev33,PERFORM/On Peak 2019 v23_Perform_NY/On Peak 2019 v23/NYISO_onpeak2019_v23_shuntsRgens.RAW
31,UNKNOWN12~27,4,F,2.549,-1.4,-1.4,1.7,0.9,2.6,1.02,0,31,UNKNOWN12~27,F,0,1,1,1,1,0,1,48,hydro,native_generator,1,0,0,0,0,0,1,0,0,F_REG_BUS_31,positive PMAX and converted fuel is not import/reference,medium,PERFORM PSS/E RAW rev33,PERFORM/On Peak 2019 v23_Perform_NY/On Peak 2019 v23/NYISO_onpeak2019_v23_shuntsRgens.RAW
31,UNKNOWN12~27,5,F,2.549,-1.4,-1.4,1.7,2.3,2.6,1.02,0,31,UNKNOWN12~27,F,0,1,1,1,1,0,1,49,hydro,native_generator,1,0,0,0,0,0,1,0,0,F_REG_BUS_31,positive PMAX and converted fuel is not import/reference,medium,PERFORM PSS/E RAW rev33,PERFORM/On Peak 2019 v23_Perform_NY/On Peak 2019 v23/NYISO_onpeak2019_v23_shuntsRgens.RAW
31,UNKNOWN12~27,6,F,24.113,-3.042,-13.5,16,6,24.6,1.02,0,31,UNKNOWN12~27,F,0,1,1,1,1,0,1,50,hydro,native_generator,1,0,0,0,0,0,1,0,0,F_REG_BUS_31,positive PMAX and converted fuel is not import/reference,medium,PERFORM PSS/E RAW rev33,PERFORM/On Peak 2019 v23_Perform_NY/On Peak 2019 v23/NYISO_onpeak2019_v23_shuntsRgens.RAW
31,UNKNOWN12~27,7,F,24.113,-3.042,-13.5,16,6,24.6,1.02,0,31,UNKNOWN12~27,F,0,1,1,1,1,0,1,51,hydro,native_generator,1,0,0,0,0,0,1,0,0,F_REG_BUS_31,positive PMAX and converted fuel is not import/reference,medium,PERFORM PSS/E RAW rev33,PERFORM/On Peak 2019 v23_Perform_NY/On Peak 2019 v23/NYISO_onpeak2019_v23_shuntsRgens.RAW
32,UNKNOWN12~28,C1,F,147,-32.951,-102.9,110.25,113,147,1.02,0,32,UNKNOWN12~28,F,0,1,1,1,1,0,1,52,ng,native_generator,1,0,0,0,0,0,1,0,0,F_REG_BUS_32,positive PMAX and converted fuel is not import/reference,medium,PERFORM PSS/E RAW rev33,PERFORM/On Peak 2019 v23_Perform_NY/On Peak 2019 v23/NYISO_onpeak2019_v23_shuntsRgens.RAW
33,UNKNOWN12~29,C1,A,56.241,-9.888,-39.62,42.45,44,56.6,1.02,0,33,UNKNOWN12~29,A,0,1,1,1,1,0,1,53,ng,native_generator,1,0,0,0,0,0,1,0,0,A_REG_BUS_33,positive PMAX and converted fuel is not import/reference,medium,PERFORM PSS/E RAW rev33,PERFORM/On Peak 2019 v23_Perform_NY/On Peak 2019 v23/NYISO_onpeak2019_v23_shuntsRgens.RAW
34,HAMMERHILL,C1,C,57.036,14.661,-40.18,43.05,44.5,57.4,1.02,0,34,HAMMERHILL,C,0,1,1,1,1,0,1,54,ng,native_generator,1,0,0,0,0,0,1,0,0,C_REG_BUS_34,positive PMAX and converted fuel is not import/reference,medium,PERFORM PSS/E RAW rev33,PERFORM/On Peak 2019 v23_Perform_NY/On Peak 2019 v23/NYISO_onpeak2019_v23_shuntsRgens.RAW
35,UNKNOWN12~30,1,D,3.137,2.1,-1.8,2.1,0,3.2,1.02,0,35,UNKNOWN12~30,D,0,1,1,1,1,0,1,55,hydro,native_generator,1,0,0,0,0,0,1,0,0,D_REG_BUS_35,positive PMAX and converted fuel is not import/reference,medium,PERFORM PSS/E RAW rev33,PERFORM/On Peak 2019 v23_Perform_NY/On Peak 2019 v23/NYISO_onpeak2019_v23_shuntsRgens.RAW
35,UNKNOWN12~30,2,D,3.137,2.1,-1.8,2.1,0,3.2,1.02,0,35,UNKNOWN12~30,D,0,1,1,1,1,0,1,56,hydro,native_generator,1,0,0,0,0,0,1,0,0,D_REG_BUS_35,positive PMAX and converted fuel is not import/reference,medium,PERFORM PSS/E RAW rev33,PERFORM/On Peak 2019 v23_Perform_NY/On Peak 2019 v23/NYISO_onpeak2019_v23_shuntsRgens.RAW
35,UNKNOWN12~30,3,D,3.921,2.6,-2.2,2.6,0,4,1.02,0,35,UNKNOWN12~30,D,0,1,1,1,1,0,1,57,hydro,native_generator,1,0,0,0,0,0,1,0,0,D_REG_BUS_35,positive PMAX and converted fuel is not import/reference,medium,PERFORM PSS/E RAW rev33,PERFORM/On Peak 2019 v23_Perform_NY/On Peak 2019 v23/NYISO_onpeak2019_v23_shuntsRgens.RAW
35,UNKNOWN12~30,4,D,3.921,2.6,-2.2,2.6,0,4,1.02,0,35,UNKNOWN12~30,D,0,1,1,1,1,0,1,58,hydro,native_generator,1,0,0,0,0,0,1,0,0,D_REG_BUS_35,positive PMAX and converted fuel is not import/reference,medium,PERFORM PSS/E RAW rev33,PERFORM/On Peak 2019 v23_Perform_NY/On Peak 2019 v23/NYISO_onpeak2019_v23_shuntsRgens.RAW
35,UNKNOWN12~30,5,D,5.881,3.9,-3.3,3.9,0,6,1.02,0,35,UNKNOWN12~30,D,0,1,1,1,1,0,1,59,hydro,native_generator,1,0,0,0,0,0,1,0,0,D_REG_BUS_35,positive PMAX and converted fuel is not import/reference,medium,PERFORM PSS/E RAW rev33,PERFORM/On Peak 2019 v23_Perform_NY/On Peak 2019 v23/NYISO_onpeak2019_v23_shuntsRgens.RAW
35,UNKNOWN12~30,6,D,6.862,4.6,-3.9,4.6,0,7,1.02,0,35,UNKNOWN12~30,D,0,1,1,1,1,0,1,60,hydro,native_generator,1,0,0,0,0,0,1,0,0,D_REG_BUS_35,positive PMAX and converted fuel is not import/reference,medium,PERFORM PSS/E RAW rev33,PERFORM/On Peak 2019 v23_Perform_NY/On Peak 2019 v23/NYISO_onpeak2019_v23_shuntsRgens.RAW
37,UNKNOWN12~32,C1,A,190.435,23.531,-154.91,165.975,104,221.3,1.02,0,37,UNKNOWN12~32,A,0,1,1,1,1,0,1,61,ng,native_generator,1,0,0,0,0,0,1,0,0,A_REG_BUS_37,positive PMAX and converted fuel is not import/reference,medium,PERFORM PSS/E RAW rev33,PERFORM/On Peak 2019 v23_Perform_NY/On Peak 2019 v23/NYISO_onpeak2019_v23_shuntsRgens.RAW
38,BLISS WIND~1,1,A,99.863,-12.517,-55.3,70.4,0,100.5,1.02,0,38,BLISS WIND~1,A,0,1,1,1,1,0,1,62,wind,native_generator,1,0,0,0,0,0,1,0,0,A_REG_BUS_38,positive PMAX and converted fuel is not import/reference,medium,PERFORM PSS/E RAW rev33,PERFORM/On Peak 2019 v23_Perform_NY/On Peak 2019 v23/NYISO_onpeak2019_v23_shuntsRgens.RAW
39,UNKNOWN12~33,1,A,125.202,-11.061,-69.3,88.2,0,126,1.02,0,39,UNKNOWN12~33,A,0,1,1,1,1,0,1,63,wind,native_generator,1,0,0,0,0,0,1,0,0,A_REG_BUS_39,positive PMAX and converted fuel is not import/reference,medium,PERFORM PSS/E RAW rev33,PERFORM/On Peak 2019 v23_Perform_NY/On Peak 2019 v23/NYISO_onpeak2019_v23_shuntsRgens.RAW
41,UNKNOWN12~35,C1,A,65.284,13.309,-45.99,49.275,40.6,65.7,1.02,0,41,UNKNOWN12~35,A,0,1,1,1,1,0,1,64,ng,native_generator,1,0,0,0,0,0,1,0,0,A_REG_BUS_41,positive PMAX and converted fuel is not import/reference,medium,PERFORM PSS/E RAW rev33,PERFORM/On Peak 2019 v23_Perform_NY/On Peak 2019 v23/NYISO_onpeak2019_v23_shuntsRgens.RAW
52,UNKNOWN12~40,1,C,16.097,-0.083,-8.9,11.3,0,16.2,1.02,0,52,UNKNOWN12~40,C,0,1,1,1,1,0,1,65,wind,native_generator,1,0,0,0,0,0,1,0,0,C_REG_BUS_52,positive PMAX and converted fuel is not import/reference,medium,PERFORM PSS/E RAW rev33,PERFORM/On Peak 2019 v23_Perform_NY/On Peak 2019 v23/NYISO_onpeak2019_v23_shuntsRgens.RAW
53,UNKNOWN12~41,1,C,37.262,-8.454,-20.6,26.3,0,37.5,1.02,0,53,UNKNOWN12~41,C,0,1,1,1,1,0,1,66,wind,native_generator,1,0,0,0,0,0,1,0,0,C_REG_BUS_53,positive PMAX and converted fuel is not import/reference,medium,PERFORM PSS/E RAW rev33,PERFORM/On Peak 2019 v23_Perform_NY/On Peak 2019 v23/NYISO_onpeak2019_v23_shuntsRgens.RAW
60,UNKNOWN12~48,1,E,0.784,0.6,-0.4,0.6,0.4,0.8,1.02,0,60,UNKNOWN12~48,E,0,1,1,1,1,0,1,67,hydro,native_generator,1,0,0,0,0,0,1,0,0,E_REG_BUS_60,positive PMAX and converted fuel is not import/reference,medium,PERFORM PSS/E RAW rev33,PERFORM/On Peak 2019 v23_Perform_NY/On Peak 2019 v23/NYISO_onpeak2019_v23_shuntsRgens.RAW
60,UNKNOWN12~48,2,E,9.802,1.772,-5.5,7,4,10,1.02,0,60,UNKNOWN12~48,E,0,1,1,1,1,0,1,68,hydro,native_generator,1,0,0,0,0,0,1,0,0,E_REG_BUS_60,positive PMAX and converted fuel is not import/reference,medium,PERFORM PSS/E RAW rev33,PERFORM/On Peak 2019 v23_Perform_NY/On Peak 2019 v23/NYISO_onpeak2019_v23_shuntsRgens.RAW
63,UNKNOWN12~51,C1,F,0,0,-61.74,66.15,60,88.2,1.02,0,63,UNKNOWN12~51,F,0,1,0,0,0,0,1,69,ng,offline,0,0,0,0,0,1,0,0,0,F_REG_BUS_63,RAW STAT is offline,high,PERFORM PSS/E RAW rev33,PERFORM/On Peak 2019 v23_Perform_NY/On Peak 2019 v23/NYISO_onpeak2019_v23_shuntsRgens.RAW
63,UNKNOWN12~51,C2,F,653.643,10.952,-457.59,490.275,315,653.7,1.02,0,63,UNKNOWN12~51,F,0,1,1,1,1,0,1,70,ng,native_generator,1,0,0,0,0,0,1,0,0,F_REG_BUS_63,positive PMAX and converted fuel is not import/reference,medium,PERFORM PSS/E RAW rev33,PERFORM/On Peak 2019 v23_Perform_NY/On Peak 2019 v23/NYISO_onpeak2019_v23_shuntsRgens.RAW
69,FALCONER,1,A,0,0,-13.5,17.2,5,24.5,1.02,0,69,FALCONER,A,0,1,0,0,0,0,1,71,ng,offline,0,0,0,0,0,1,0,0,0,A_REG_BUS_69,RAW STAT is offline,high,PERFORM PSS/E RAW rev33,PERFORM/On Peak 2019 v23_Perform_NY/On Peak 2019 v23/NYISO_onpeak2019_v23_shuntsRgens.RAW
69,FALCONER,2,A,24.345,-1.973,-13.5,17.2,5,24.5,1.02,0,69,FALCONER,A,0,1,1,1,1,0,1,72,ng,native_generator,1,0,0,0,0,0,1,0,0,A_REG_BUS_69,positive PMAX and converted fuel is not import/reference,medium,PERFORM PSS/E RAW rev33,PERFORM/On Peak 2019 v23_Perform_NY/On Peak 2019 v23/NYISO_onpeak2019_v23_shuntsRgens.RAW
69,FALCONER,3,A,47,-1.973,-26,33.1,9,47.3,1.02,0,69,FALCONER,A,0,1,1,1,1,0,1,73,ng,native_generator,1,0,0,0,0,0,1,0,0,A_REG_BUS_69,positive PMAX and converted fuel is not import/reference,medium,PERFORM PSS/E RAW rev33,PERFORM/On Peak 2019 v23_Perform_NY/On Peak 2019 v23/NYISO_onpeak2019_v23_shuntsRgens.RAW
69,FALCONER,X,A,8,-1.973,-20,20,8,10,1.02,0,69,FALCONER,A,0,1,1,0,0,1,1,74,import,fixed_import_or_boundary_equivalent,0,0,1,0,0,0,1,0,0,A_REG_BUS_69,converted import/reference fuel or fixed negative P,high,PERFORM PSS/E RAW rev33,PERFORM/On Peak 2019 v23_Perform_NY/On Peak 2019 v23/NYISO_onpeak2019_v23_shuntsRgens.RAW
79,EAST 13TH ~1,1,J,0,0,-0.6,0.7,0.3,1,1.02,0,79,EAST 13TH ~1,J,0,1,0,0,0,0,1,75,dfo,offline,0,0,0,0,0,1,0,0,0,J_REG_BUS_79,RAW STAT is offline,high,PERFORM PSS/E RAW rev33,PERFORM/On Peak 2019 v23_Perform_NY/On Peak 2019 v23/NYISO_onpeak2019_v23_shuntsRgens.RAW
79,EAST 13TH ~1,10,J,7.452,-4.1,-4.1,5.3,4,7.5,1.02,0,79,EAST 13TH ~1,J,0,1,1,1,1,0,1,84,dfo,native_generator,1,0,0,0,0,0,1,0,0,J_REG_BUS_79,positive PMAX and converted fuel is not import/reference,medium,PERFORM PSS/E RAW rev33,PERFORM/On Peak 2019 v23_Perform_NY/On Peak 2019 v23/NYISO_onpeak2019_v23_shuntsRgens.RAW
79,EAST 13TH ~1,11,J,46.702,-8.821,-25.9,32.9,1,47,1.02,0,79,EAST 13TH ~1,J,0,1,1,1,1,0,1,85,dfo,native_generator,1,0,0,0,0,0,1,0,0,J_REG_BUS_79,positive PMAX and converted fuel is not import/reference,medium,PERFORM PSS/E RAW rev33,PERFORM/On Peak 2019 v23_Perform_NY/On Peak 2019 v23/NYISO_onpeak2019_v23_shuntsRgens.RAW
79,EAST 13TH ~1,12,J,0,0,-85.9,109.3,45,156.2,1.02,0,79,EAST 13TH ~1,J,0,1,0,0,0,0,1,86,ng,offline,0,0,0,0,0,1,0,0,0,J_REG_BUS_79,RAW STAT is offline,high,PERFORM PSS/E RAW rev33,PERFORM/On Peak 2019 v23_Perform_NY/On Peak 2019 v23/NYISO_onpeak2019_v23_shuntsRgens.RAW
79,EAST 13TH ~1,13,J,178.859,-8.821,-99,126,110,180,1.02,0,79,EAST 13TH ~1,J,0,1,1,1,1,0,1,87,ng,native_generator,1,0,0,0,0,0,1,0,0,J_REG_BUS_79,positive PMAX and converted fuel is not import/reference,medium,PERFORM PSS/E RAW rev33,PERFORM/On Peak 2019 v23_Perform_NY/On Peak 2019 v23/NYISO_onpeak2019_v23_shuntsRgens.RAW
79,EAST 13TH ~1,14,J,178.859,-8.821,-99,126,110,180,1.02,0,79,EAST 13TH ~1,J,0,1,1,1,1,0,1,88,ng,native_generator,1,0,0,0,0,0,1,0,0,J_REG_BUS_79,positive PMAX and converted fuel is not import/reference,medium,PERFORM PSS/E RAW rev33,PERFORM/On Peak 2019 v23_Perform_NY/On Peak 2019 v23/NYISO_onpeak2019_v23_shuntsRgens.RAW
79,EAST 13TH ~1,15,J,0,0,-110,140,65,200,1.02,0,79,EAST 13TH ~1,J,0,1,0,0,0,0,1,89,ng,offline,0,0,0,0,0,1,0,0,0,J_REG_BUS_79,RAW STAT is offline,high,PERFORM PSS/E RAW rev33,PERFORM/On Peak 2019 v23_Perform_NY/On Peak 2019 v23/NYISO_onpeak2019_v23_shuntsRgens.RAW
79,EAST 13TH ~1,2,J,0,0,-0.7,0.9,0.4,1.3,1.02,0,79,EAST 13TH ~1,J,0,1,0,0,0,0,1,76,dfo,offline,0,0,0,0,0,1,0,0,0,J_REG_BUS_79,RAW STAT is offline,high,PERFORM PSS/E RAW rev33,PERFORM/On Peak 2019 v23_Perform_NY/On Peak 2019 v23/NYISO_onpeak2019_v23_shuntsRgens.RAW
79,EAST 13TH ~1,3,J,0,0,-0.8,1,0.4,1.4,1.02,0,79,EAST 13TH ~1,J,0,1,0,0,0,0,1,77,dfo,offline,0,0,0,0,0,1,0,0,0,J_REG_BUS_79,RAW STAT is offline,high,PERFORM PSS/E RAW rev33,PERFORM/On Peak 2019 v23_Perform_NY/On Peak 2019 v23/NYISO_onpeak2019_v23_shuntsRgens.RAW
79,EAST 13TH ~1,4,J,0,0,-0.8,1,0.4,1.4,1.02,0,79,EAST 13TH ~1,J,0,1,0,0,0,0,1,78,dfo,offline,0,0,0,0,0,1,0,0,0,J_REG_BUS_79,RAW STAT is offline,high,PERFORM PSS/E RAW rev33,PERFORM/On Peak 2019 v23_Perform_NY/On Peak 2019 v23/NYISO_onpeak2019_v23_shuntsRgens.RAW
79,EAST 13TH ~1,5,J,0,0,-1.4,1.8,0.1,2.5,1.02,0,79,EAST 13TH ~1,J,0,1,0,0,0,0,1,79,dfo,offline,0,0,0,0,0,1,0,0,0,J_REG_BUS_79,RAW STAT is offline,high,PERFORM PSS/E RAW rev33,PERFORM/On Peak 2019 v23_Perform_NY/On Peak 2019 v23/NYISO_onpeak2019_v23_shuntsRgens.RAW
79,EAST 13TH ~1,6,J,0,0,-1.5,1.9,0.8,2.7,1.02,0,79,EAST 13TH ~1,J,0,1,0,0,0,0,1,80,dfo,offline,0,0,0,0,0,1,0,0,0,J_REG_BUS_79,RAW STAT is offline,high,PERFORM PSS/E RAW rev33,PERFORM/On Peak 2019 v23_Perform_NY/On Peak 2019 v23/NYISO_onpeak2019_v23_shuntsRgens.RAW
79,EAST 13TH ~1,7,J,0,0,-1.5,1.9,0.8,2.7,1.02,0,79,EAST 13TH ~1,J,0,1,0,0,0,0,1,81,dfo,offline,0,0,0,0,0,1,0,0,0,J_REG_BUS_79,RAW STAT is offline,high,PERFORM PSS/E RAW rev33,PERFORM/On Peak 2019 v23_Perform_NY/On Peak 2019 v23/NYISO_onpeak2019_v23_shuntsRgens.RAW
79,EAST 13TH ~1,8,J,0,0,-1.7,2.1,0.1,3,1.02,0,79,EAST 13TH ~1,J,0,1,0,0,0,0,1,82,dfo,offline,0,0,0,0,0,1,0,0,0,J_REG_BUS_79,RAW STAT is offline,high,PERFORM PSS/E RAW rev33,PERFORM/On Peak 2019 v23_Perform_NY/On Peak 2019 v23/NYISO_onpeak2019_v23_shuntsRgens.RAW
79,EAST 13TH ~1,9,J,0,0,-1.7,2.1,0.1,3,1.02,0,79,EAST 13TH ~1,J,0,1,0,0,0,0,1,83,dfo,offline,0,0,0,0,0,1,0,0,0,J_REG_BUS_79,RAW STAT is offline,high,PERFORM PSS/E RAW rev33,PERFORM/On Peak 2019 v23_Perform_NY/On Peak 2019 v23/NYISO_onpeak2019_v23_shuntsRgens.RAW
80,UNKNOWN12~56,1,E,55.148,-6.654,-30.5,38.9,15,55.5,1.02,0,80,UNKNOWN12~56,E,0,1,1,1,1,0,1,90,wood,native_generator,1,0,0,0,0,0,1,0,0,E_REG_BUS_80,positive PMAX and converted fuel is not import/reference,medium,PERFORM PSS/E RAW rev33,PERFORM/On Peak 2019 v23_Perform_NY/On Peak 2019 v23/NYISO_onpeak2019_v23_shuntsRgens.RAW
81,WESTOVER,X,C,5,1.026,-20,20,5,10,1.0221,0,81,WESTOVER,C,0,1,1,0,0,1,1,91,import,fixed_import_or_boundary_equivalent,0,0,1,0,0,0,1,0,0,C_REG_BUS_81,converted import/reference fuel or fixed negative P,high,PERFORM PSS/E RAW rev33,PERFORM/On Peak 2019 v23_Perform_NY/On Peak 2019 v23/NYISO_onpeak2019_v23_shuntsRgens.RAW
82,UNKNOWN12~57,1,E,34.281,-8.053,-19,24.2,0,34.5,1.02,0,82,UNKNOWN12~57,E,0,1,1,1,1,0,1,92,wind,native_generator,1,0,0,0,0,0,1,0,0,E_REG_BUS_82,positive PMAX and converted fuel is not import/reference,medium,PERFORM PSS/E RAW rev33,PERFORM/On Peak 2019 v23_Perform_NY/On Peak 2019 v23/NYISO_onpeak2019_v23_shuntsRgens.RAW
83,UNKNOWN12~58,1,E,7.842,-2.004,-4.4,5.6,4,8,1.02,0,83,UNKNOWN12~58,E,0,1,1,1,1,0,1,93,hydro,native_generator,1,0,0,0,0,0,1,0,0,E_REG_BUS_83,positive PMAX and converted fuel is not import/reference,medium,PERFORM PSS/E RAW rev33,PERFORM/On Peak 2019 v23_Perform_NY/On Peak 2019 v23/NYISO_onpeak2019_v23_shuntsRgens.RAW
83,UNKNOWN12~58,2,E,7.842,-2.004,-4.4,5.6,4,8,1.02,0,83,UNKNOWN12~58,E,0,1,1,1,1,0,1,94,hydro,native_generator,1,0,0,0,0,0,1,0,0,E_REG_BUS_83,positive PMAX and converted fuel is not import/reference,medium,PERFORM PSS/E RAW rev33,PERFORM/On Peak 2019 v23_Perform_NY/On Peak 2019 v23/NYISO_onpeak2019_v23_shuntsRgens.RAW
84,UNKNOWN12~59,1,F,10.782,-0.995,-6.1,7.7,1,11,1.02,0,84,UNKNOWN12~59,F,0,1,1,1,1,0,1,95,hydro,native_generator,1,0,0,0,0,0,1,0,0,F_REG_BUS_84,positive PMAX and converted fuel is not import/reference,medium,PERFORM PSS/E RAW rev33,PERFORM/On Peak 2019 v23_Perform_NY/On Peak 2019 v23/NYISO_onpeak2019_v23_shuntsRgens.RAW
84,UNKNOWN12~59,2,F,10.782,-0.995,-6.1,7.7,1,11,1.02,0,84,UNKNOWN12~59,F,0,1,1,1,1,0,1,96,hydro,native_generator,1,0,0,0,0,0,1,0,0,F_REG_BUS_84,positive PMAX and converted fuel is not import/reference,medium,PERFORM PSS/E RAW rev33,PERFORM/On Peak 2019 v23_Perform_NY/On Peak 2019 v23/NYISO_onpeak2019_v23_shuntsRgens.RAW
95,UNKNOWN12~66,C1,B,66.575,-0.002,-46.9,50.25,37,67,1.02,0,95,UNKNOWN12~66,B,0,1,1,1,1,0,1,97,ng,native_generator,1,0,0,0,0,0,1,0,0,B_REG_BUS_95,positive PMAX and converted fuel is not import/reference,medium,PERFORM PSS/E RAW rev33,PERFORM/On Peak 2019 v23_Perform_NY/On Peak 2019 v23/NYISO_onpeak2019_v23_shuntsRgens.RAW
116,UNKNOWN12~83,1,C,47.398,-18.967,-26.2,33.4,42,47.7,1.02,0,116,UNKNOWN12~83,C,0,1,1,1,1,0,1,98,dfo,native_generator,1,0,0,0,0,0,1,0,0,C_REG_BUS_116,positive PMAX and converted fuel is not import/reference,medium,PERFORM PSS/E RAW rev33,PERFORM/On Peak 2019 v23_Perform_NY/On Peak 2019 v23/NYISO_onpeak2019_v23_shuntsRgens.RAW
125,UNKNOWN12~89,1,E,0,0,-1.1,1.4,0.1,2,1.02,0,125,UNKNOWN12~89,E,0,1,0,0,0,0,1,99,dfo,offline,0,0,0,0,0,1,0,0,0,E_REG_BUS_125,RAW STAT is offline,high,PERFORM PSS/E RAW rev33,PERFORM/On Peak 2019 v23_Perform_NY/On Peak 2019 v23/NYISO_onpeak2019_v23_shuntsRgens.RAW
125,UNKNOWN12~89,C1,E,0,0,-71.47,76.575,76,102.1,1.02,0,125,UNKNOWN12~89,E,0,1,0,0,0,0,1,100,ng,offline,0,0,0,0,0,1,0,0,0,E_REG_BUS_125,RAW STAT is offline,high,PERFORM PSS/E RAW rev33,PERFORM/On Peak 2019 v23_Perform_NY/On Peak 2019 v23/NYISO_onpeak2019_v23_shuntsRgens.RAW
127,UNKNOWN12~91,C1,F,708.879,-66.71,-625.17,669.825,666.4,893.1,1.02,0,127,UNKNOWN12~91,F,0,1,1,1,1,0,1,101,ng,native_generator,1,0,0,0,0,0,1,0,0,F_REG_BUS_127,positive PMAX and converted fuel is not import/reference,medium,PERFORM PSS/E RAW rev33,PERFORM/On Peak 2019 v23_Perform_NY/On Peak 2019 v23/NYISO_onpeak2019_v23_shuntsRgens.RAW
128,UNKNOWN12~92,1,B,610.109,-34.768,-337.7,429.8,461,614,1.02,0,128,UNKNOWN12~92,B,0,1,1,1,1,0,1,102,nuclear,native_generator,1,0,0,0,0,0,1,0,0,B_REG_BUS_128,positive PMAX and converted fuel is not import/reference,medium,PERFORM PSS/E RAW rev33,PERFORM/On Peak 2019 v23_Perform_NY/On Peak 2019 v23/NYISO_onpeak2019_v23_shuntsRgens.RAW
138,UNKNOWN12~98,1,A,93.802,-24.615,-51.9,66.1,0,94.4,1.02,1296,1296,HIGH SHELDON,A,1,1,1,1,1,0,1,557,wind,native_generator,1,0,0,0,0,0,1,0,0,A_REG_BUS_1296,positive PMAX and converted fuel is not import/reference,medium,PERFORM PSS/E RAW rev33,PERFORM/On Peak 2019 v23_Perform_NY/On Peak 2019 v23/NYISO_onpeak2019_v23_shuntsRgens.RAW
150,UNKNOWN1~106,1,C,0,0,-0.6,0.7,0.3,1,1.02,0,150,UNKNOWN1~106,C,0,1,0,0,0,0,1,103,dfo,offline,0,0,0,0,0,1,0,0,0,C_REG_BUS_150,RAW STAT is offline,high,PERFORM PSS/E RAW rev33,PERFORM/On Peak 2019 v23_Perform_NY/On Peak 2019 v23/NYISO_onpeak2019_v23_shuntsRgens.RAW
150,UNKNOWN1~106,2,C,0,0,-0.6,0.7,0.3,1,1.02,0,150,UNKNOWN1~106,C,0,1,0,0,0,0,1,104,dfo,offline,0,0,0,0,0,1,0,0,0,C_REG_BUS_150,RAW STAT is offline,high,PERFORM PSS/E RAW rev33,PERFORM/On Peak 2019 v23_Perform_NY/On Peak 2019 v23/NYISO_onpeak2019_v23_shuntsRgens.RAW
150,UNKNOWN1~106,C1,C,0,0,-11.76,12.6,8.2,16.8,1.02,0,150,UNKNOWN1~106,C,0,1,0,0,0,0,1,105,ng,offline,0,0,0,0,0,1,0,0,0,C_REG_BUS_150,RAW STAT is offline,high,PERFORM PSS/E RAW rev33,PERFORM/On Peak 2019 v23_Perform_NY/On Peak 2019 v23/NYISO_onpeak2019_v23_shuntsRgens.RAW
150,UNKNOWN1~106,C2,C,0,0,-14.49,15.525,8.4,20.7,1.02,0,150,UNKNOWN1~106,C,0,1,0,0,0,0,1,106,ng,offline,0,0,0,0,0,1,0,0,0,C_REG_BUS_150,RAW STAT is offline,high,PERFORM PSS/E RAW rev33,PERFORM/On Peak 2019 v23_Perform_NY/On Peak 2019 v23/NYISO_onpeak2019_v23_shuntsRgens.RAW
161,UNKNOWN1~112,1,A,19.873,3.916,-11,14,0,20,1.02,0,161,UNKNOWN1~112,A,0,1,1,1,1,0,1,107,wind,native_generator,1,0,0,0,0,0,1,0,0,A_REG_BUS_161,positive PMAX and converted fuel is not import/reference,medium,PERFORM PSS/E RAW rev33,PERFORM/On Peak 2019 v23_Perform_NY/On Peak 2019 v23/NYISO_onpeak2019_v23_shuntsRgens.RAW
178,UNKNOWN1~123,C1,C,0,0,-71.89,77.025,45,102.7,1.02,0,178,UNKNOWN1~123,C,0,1,0,0,0,0,1,108,ng,offline,0,0,0,0,0,1,0,0,0,C_REG_BUS_178,RAW STAT is offline,high,PERFORM PSS/E RAW rev33,PERFORM/On Peak 2019 v23_Perform_NY/On Peak 2019 v23/NYISO_onpeak2019_v23_shuntsRgens.RAW
193,UNKNOWN125~8,C1,D,0,0,-199.92,214.2,90,285.6,1.02,0,193,UNKNOWN125~8,D,0,1,0,0,0,0,1,109,ng,offline,0,0,0,0,0,1,0,0,0,D_REG_BUS_193,RAW STAT is offline,high,PERFORM PSS/E RAW rev33,PERFORM/On Peak 2019 v23_Perform_NY/On Peak 2019 v23/NYISO_onpeak2019_v23_shuntsRgens.RAW
194,UNKNOWN125~9,1,F,19.873,14,-11,14,0,20,1.02,0,194,UNKNOWN125~9,F,0,1,1,1,1,0,1,110,other,native_generator,1,0,0,0,0,0,1,0,0,F_REG_BUS_194,positive PMAX and converted fuel is not import/reference,medium,PERFORM PSS/E RAW rev33,PERFORM/On Peak 2019 v23_Perform_NY/On Peak 2019 v23/NYISO_onpeak2019_v23_shuntsRgens.RAW
199,UNKNOWN12~12,1,B,0,0,-4,5,1,7.2,1.02,0,199,UNKNOWN12~12,B,0,1,0,0,0,0,1,111,dfo,offline,0,0,0,0,0,1,0,0,0,B_REG_BUS_199,RAW STAT is offline,high,PERFORM PSS/E RAW rev33,PERFORM/On Peak 2019 v23_Perform_NY/On Peak 2019 v23/NYISO_onpeak2019_v23_shuntsRgens.RAW
199,UNKNOWN12~12,2,B,0,0,-10,12.7,2,18.2,1.02,0,199,UNKNOWN12~12,B,0,1,0,0,0,0,1,112,dfo,offline,0,0,0,0,0,1,0,0,0,B_REG_BUS_199,RAW STAT is offline,high,PERFORM PSS/E RAW rev33,PERFORM/On Peak 2019 v23_Perform_NY/On Peak 2019 v23/NYISO_onpeak2019_v23_shuntsRgens.RAW
212,UNKNOWN12~20,1,B,0,0,-0.4,0.6,0.6,0.8,1.02,0,212,UNKNOWN12~20,B,0,1,0,0,0,0,1,113,other,offline,0,0,0,0,0,1,0,0,0,B_REG_BUS_212,RAW STAT is offline,high,PERFORM PSS/E RAW rev33,PERFORM/On Peak 2019 v23_Perform_NY/On Peak 2019 v23/NYISO_onpeak2019_v23_shuntsRgens.RAW
212,UNKNOWN12~20,10,B,0,0,-0.9,1.1,0.8,1.6,1.02,0,212,UNKNOWN12~20,B,0,1,0,0,0,0,1,122,other,offline,0,0,0,0,0,1,0,0,0,B_REG_BUS_212,RAW STAT is offline,high,PERFORM PSS/E RAW rev33,PERFORM/On Peak 2019 v23_Perform_NY/On Peak 2019 v23/NYISO_onpeak2019_v23_shuntsRgens.RAW
212,UNKNOWN12~20,11,B,0,0,-0.9,1.1,0.8,1.6,1.02,0,212,UNKNOWN12~20,B,0,1,0,0,0,0,1,123,other,offline,0,0,0,0,0,1,0,0,0,B_REG_BUS_212,RAW STAT is offline,high,PERFORM PSS/E RAW rev33,PERFORM/On Peak 2019 v23_Perform_NY/On Peak 2019 v23/NYISO_onpeak2019_v23_shuntsRgens.RAW
212,UNKNOWN12~20,2,B,0,0,-0.4,0.6,0.6,0.8,1.02,0,212,UNKNOWN12~20,B,0,1,0,0,0,0,1,114,other,offline,0,0,0,0,0,1,0,0,0,B_REG_BUS_212,RAW STAT is offline,high,PERFORM PSS/E RAW rev33,PERFORM/On Peak 2019 v23_Perform_NY/On Peak 2019 v23/NYISO_onpeak2019_v23_shuntsRgens.RAW
212,UNKNOWN12~20,3,B,0,0,-0.4,0.6,0.6,0.8,1.02,0,212,UNKNOWN12~20,B,0,1,0,0,0,0,1,115,other,offline,0,0,0,0,0,1,0,0,0,B_REG_BUS_212,RAW STAT is offline,high,PERFORM PSS/E RAW rev33,PERFORM/On Peak 2019 v23_Perform_NY/On Peak 2019 v23/NYISO_onpeak2019_v23_shuntsRgens.RAW
212,UNKNOWN12~20,4,B,0,0,-0.4,0.6,0.6,0.8,1.02,0,212,UNKNOWN12~20,B,0,1,0,0,0,0,1,116,other,offline,0,0,0,0,0,1,0,0,0,B_REG_BUS_212,RAW STAT is offline,high,PERFORM PSS/E RAW rev33,PERFORM/On Peak 2019 v23_Perform_NY/On Peak 2019 v23/NYISO_onpeak2019_v23_shuntsRgens.RAW
212,UNKNOWN12~20,5,B,0,0,-0.4,0.6,0.6,0.8,1.02,0,212,UNKNOWN12~20,B,0,1,0,0,0,0,1,117,other,offline,0,0,0,0,0,1,0,0,0,B_REG_BUS_212,RAW STAT is offline,high,PERFORM PSS/E RAW rev33,PERFORM/On Peak 2019 v23_Perform_NY/On Peak 2019 v23/NYISO_onpeak2019_v23_shuntsRgens.RAW
212,UNKNOWN12~20,6,B,0,0,-0.4,0.6,0.6,0.8,1.02,0,212,UNKNOWN12~20,B,0,1,0,0,0,0,1,118,other,offline,0,0,0,0,0,1,0,0,0,B_REG_BUS_212,RAW STAT is offline,high,PERFORM PSS/E RAW rev33,PERFORM/On Peak 2019 v23_Perform_NY/On Peak 2019 v23/NYISO_onpeak2019_v23_shuntsRgens.RAW
212,UNKNOWN12~20,7,B,0,0,-0.4,0.6,0.6,0.8,1.02,0,212,UNKNOWN12~20,B,0,1,0,0,0,0,1,119,other,offline,0,0,0,0,0,1,0,0,0,B_REG_BUS_212,RAW STAT is offline,high,PERFORM PSS/E RAW rev33,PERFORM/On Peak 2019 v23_Perform_NY/On Peak 2019 v23/NYISO_onpeak2019_v23_shuntsRgens.RAW
212,UNKNOWN12~20,8,B,0,0,-0.4,0.6,0.6,0.8,1.02,0,212,UNKNOWN12~20,B,0,1,0,0,0,0,1,120,other,offline,0,0,0,0,0,1,0,0,0,B_REG_BUS_212,RAW STAT is offline,high,PERFORM PSS/E RAW rev33,PERFORM/On Peak 2019 v23_Perform_NY/On Peak 2019 v23/NYISO_onpeak2019_v23_shuntsRgens.RAW
212,UNKNOWN12~20,9,B,0,0,-0.9,1.1,0.8,1.6,1.02,0,212,UNKNOWN12~20,B,0,1,0,0,0,0,1,121,other,offline,0,0,0,0,0,1,0,0,0,B_REG_BUS_212,RAW STAT is offline,high,PERFORM PSS/E RAW rev33,PERFORM/On Peak 2019 v23_Perform_NY/On Peak 2019 v23/NYISO_onpeak2019_v23_shuntsRgens.RAW
234,UNKNOWN12~27,1,A,0,0,-0.6,0.8,0.5,1.1,1.02,0,234,UNKNOWN12~27,A,0,1,0,0,0,0,1,124,dfo,offline,0,0,0,0,0,1,0,0,0,A_REG_BUS_234,RAW STAT is offline,high,PERFORM PSS/E RAW rev33,PERFORM/On Peak 2019 v23_Perform_NY/On Peak 2019 v23/NYISO_onpeak2019_v23_shuntsRgens.RAW
234,UNKNOWN12~27,C1,A,0,0,-46.34,49.65,48.8,66.2,1.02,0,234,UNKNOWN12~27,A,0,1,0,0,0,0,1,125,ng,offline,0,0,0,0,0,1,0,0,0,A_REG_BUS_234,RAW STAT is offline,high,PERFORM PSS/E RAW rev33,PERFORM/On Peak 2019 v23_Perform_NY/On Peak 2019 v23/NYISO_onpeak2019_v23_shuntsRgens.RAW
240,W HAMLIN,QS,B,0,44.119,0,50,0,0,1.01,0,240,W HAMLIN,B,0,1,1,NaN,1,0,1,NaN,,reactive_only_QS,0,1,0,0,0,0,0,0,1,B_REG_BUS_240,ID QS with zero P capability and nonzero Q range,high,PERFORM PSS/E RAW rev33,PERFORM/On Peak 2019 v23_Perform_NY/On Peak 2019 v23/NYISO_onpeak2019_v23_shuntsRgens.RAW
250,UNKNOWN12~38,1,B,0.392,0.3,-0.2,0.3,0.1,0.4,1.02,0,250,UNKNOWN12~38,B,0,1,1,1,1,0,1,126,hydro,native_generator,1,0,0,0,0,0,1,0,0,B_REG_BUS_250,positive PMAX and converted fuel is not import/reference,medium,PERFORM PSS/E RAW rev33,PERFORM/On Peak 2019 v23_Perform_NY/On Peak 2019 v23/NYISO_onpeak2019_v23_shuntsRgens.RAW
250,UNKNOWN12~38,10,B,0,0,-14.1,17.9,5,25.6,1.02,0,250,UNKNOWN12~38,B,0,1,0,0,0,0,1,135,coal,offline,0,0,0,0,0,1,0,0,0,B_REG_BUS_250,RAW STAT is offline,high,PERFORM PSS/E RAW rev33,PERFORM/On Peak 2019 v23_Perform_NY/On Peak 2019 v23/NYISO_onpeak2019_v23_shuntsRgens.RAW
250,UNKNOWN12~38,11,B,0,0,-14.1,17.9,5,25.6,1.02,0,250,UNKNOWN12~38,B,0,1,0,0,0,0,1,136,coal,offline,0,0,0,0,0,1,0,0,0,B_REG_BUS_250,RAW STAT is offline,high,PERFORM PSS/E RAW rev33,PERFORM/On Peak 2019 v23_Perform_NY/On Peak 2019 v23/NYISO_onpeak2019_v23_shuntsRgens.RAW
250,UNKNOWN12~38,2,B,0,0,-1.7,2.1,0.4,3,1.02,0,250,UNKNOWN12~38,B,0,1,0,0,0,0,1,127,coal,offline,0,0,0,0,0,1,0,0,0,B_REG_BUS_250,RAW STAT is offline,high,PERFORM PSS/E RAW rev33,PERFORM/On Peak 2019 v23_Perform_NY/On Peak 2019 v23/NYISO_onpeak2019_v23_shuntsRgens.RAW
250,UNKNOWN12~38,3,B,0,0,-6.9,8.8,4,12.5,1.02,0,250,UNKNOWN12~38,B,0,1,0,0,0,0,1,128,coal,offline,0,0,0,0,0,1,0,0,0,B_REG_BUS_250,RAW STAT is offline,high,PERFORM PSS/E RAW rev33,PERFORM/On Peak 2019 v23_Perform_NY/On Peak 2019 v23/NYISO_onpeak2019_v23_shuntsRgens.RAW
250,UNKNOWN12~38,4,B,12.547,9,-7,9,0,12.8,1.02,0,250,UNKNOWN12~38,B,0,1,1,1,1,0,1,129,hydro,native_generator,1,0,0,0,0,0,1,0,0,B_REG_BUS_250,positive PMAX and converted fuel is not import/reference,medium,PERFORM PSS/E RAW rev33,PERFORM/On Peak 2019 v23_Perform_NY/On Peak 2019 v23/NYISO_onpeak2019_v23_shuntsRgens.RAW
250,UNKNOWN12~38,5,B,12.547,9,-7,9,0,12.8,1.02,0,250,UNKNOWN12~38,B,0,1,1,1,1,0,1,130,hydro,native_generator,1,0,0,0,0,0,1,0,0,B_REG_BUS_250,positive PMAX and converted fuel is not import/reference,medium,PERFORM PSS/E RAW rev33,PERFORM/On Peak 2019 v23_Perform_NY/On Peak 2019 v23/NYISO_onpeak2019_v23_shuntsRgens.RAW
250,UNKNOWN12~38,6,B,0,0,-8.3,10.5,4,15,1.02,0,250,UNKNOWN12~38,B,0,1,0,0,0,0,1,131,coal,offline,0,0,0,0,0,1,0,0,0,B_REG_BUS_250,RAW STAT is offline,high,PERFORM PSS/E RAW rev33,PERFORM/On Peak 2019 v23_Perform_NY/On Peak 2019 v23/NYISO_onpeak2019_v23_shuntsRgens.RAW
250,UNKNOWN12~38,7,B,17.644,12.6,-9.9,12.6,0,18,1.02,0,250,UNKNOWN12~38,B,0,1,1,1,1,0,1,132,hydro,native_generator,1,0,0,0,0,0,1,0,0,B_REG_BUS_250,positive PMAX and converted fuel is not import/reference,medium,PERFORM PSS/E RAW rev33,PERFORM/On Peak 2019 v23_Perform_NY/On Peak 2019 v23/NYISO_onpeak2019_v23_shuntsRgens.RAW
250,UNKNOWN12~38,8,B,0,0,-14.1,17.9,5,25.6,1.02,0,250,UNKNOWN12~38,B,0,1,0,0,0,0,1,133,coal,offline,0,0,0,0,0,1,0,0,0,B_REG_BUS_250,RAW STAT is offline,high,PERFORM PSS/E RAW rev33,PERFORM/On Peak 2019 v23_Perform_NY/On Peak 2019 v23/NYISO_onpeak2019_v23_shuntsRgens.RAW
250,UNKNOWN12~38,9,B,0,0,-14.1,17.9,5,25.6,1.02,0,250,UNKNOWN12~38,B,0,1,0,0,0,0,1,134,coal,offline,0,0,0,0,0,1,0,0,0,B_REG_BUS_250,RAW STAT is offline,high,PERFORM PSS/E RAW rev33,PERFORM/On Peak 2019 v23_Perform_NY/On Peak 2019 v23/NYISO_onpeak2019_v23_shuntsRgens.RAW
284,UNKNOWN12~64,1,A,24.842,12.005,-13.8,17.5,3,25,1.02,0,284,UNKNOWN12~64,A,0,1,1,1,1,0,1,137,other,native_generator,1,0,0,0,0,0,1,0,0,A_REG_BUS_284,positive PMAX and converted fuel is not import/reference,medium,PERFORM PSS/E RAW rev33,PERFORM/On Peak 2019 v23_Perform_NY/On Peak 2019 v23/NYISO_onpeak2019_v23_shuntsRgens.RAW
284,UNKNOWN12~64,2,A,24.842,12.005,-13.8,17.5,3,25,1.02,0,284,UNKNOWN12~64,A,0,1,1,1,1,0,1,138,other,native_generator,1,0,0,0,0,0,1,0,0,A_REG_BUS_284,positive PMAX and converted fuel is not import/reference,medium,PERFORM PSS/E RAW rev33,PERFORM/On Peak 2019 v23_Perform_NY/On Peak 2019 v23/NYISO_onpeak2019_v23_shuntsRgens.RAW
317,DUPONT,C1,A,59.52,-0.357,-41.93,44.925,40,59.9,1.02,0,317,DUPONT,A,0,1,1,1,1,0,1,139,ng,native_generator,1,0,0,0,0,0,1,0,0,A_REG_BUS_317,positive PMAX and converted fuel is not import/reference,medium,PERFORM PSS/E RAW rev33,PERFORM/On Peak 2019 v23_Perform_NY/On Peak 2019 v23/NYISO_onpeak2019_v23_shuntsRgens.RAW
339,UNKNOWN12~95,1,C,39.25,21.097,-21.7,27.7,3.5,39.5,1.02,0,339,UNKNOWN12~95,C,0,1,1,1,1,0,1,140,other,native_generator,1,0,0,0,0,0,1,0,0,C_REG_BUS_339,positive PMAX and converted fuel is not import/reference,medium,PERFORM PSS/E RAW rev33,PERFORM/On Peak 2019 v23_Perform_NY/On Peak 2019 v23/NYISO_onpeak2019_v23_shuntsRgens.RAW
357,UNKNOWN1~109,1,C,877.703,-37.764,-485.8,618.3,662,883.3,1.02,0,357,UNKNOWN1~109,C,0,1,1,1,1,0,1,141,nuclear,native_generator,1,0,0,0,0,0,1,0,0,C_REG_BUS_357,positive PMAX and converted fuel is not import/reference,medium,PERFORM PSS/E RAW rev33,PERFORM/On Peak 2019 v23_Perform_NY/On Peak 2019 v23/NYISO_onpeak2019_v23_shuntsRgens.RAW
358,UNKNOWN1~110,C3,C,542.534,-29.694,-380.03,407.175,225,542.9,1.02,0,358,UNKNOWN1~110,C,0,1,1,1,1,0,1,142,ng,native_generator,1,0,0,0,0,0,1,0,0,C_REG_BUS_358,positive PMAX and converted fuel is not import/reference,medium,PERFORM PSS/E RAW rev33,PERFORM/On Peak 2019 v23_Perform_NY/On Peak 2019 v23/NYISO_onpeak2019_v23_shuntsRgens.RAW
358,UNKNOWN1~110,C4,C,543.2,-29.694,-380.24,407.4,225,543.2,1.02,0,358,UNKNOWN1~110,C,0,1,1,1,1,0,1,143,ng,native_generator,1,0,0,0,0,0,1,0,0,C_REG_BUS_358,positive PMAX and converted fuel is not import/reference,medium,PERFORM PSS/E RAW rev33,PERFORM/On Peak 2019 v23_Perform_NY/On Peak 2019 v23/NYISO_onpeak2019_v23_shuntsRgens.RAW
368,FENNER,1,E,29.81,6.416,-16.5,21,0.1,30,1.02,0,368,FENNER,E,0,1,1,1,1,0,1,144,wind,native_generator,1,0,0,0,0,0,1,0,0,E_REG_BUS_368,positive PMAX and converted fuel is not import/reference,medium,PERFORM PSS/E RAW rev33,PERFORM/On Peak 2019 v23_Perform_NY/On Peak 2019 v23/NYISO_onpeak2019_v23_shuntsRgens.RAW
378,UNKNOWN1~125,1,E,3.921,1.873,-2.2,2.8,2.8,4,1.02,0,378,UNKNOWN1~125,E,0,1,1,1,1,0,1,145,hydro,native_generator,1,0,0,0,0,0,1,0,0,E_REG_BUS_378,positive PMAX and converted fuel is not import/reference,medium,PERFORM PSS/E RAW rev33,PERFORM/On Peak 2019 v23_Perform_NY/On Peak 2019 v23/NYISO_onpeak2019_v23_shuntsRgens.RAW
378,UNKNOWN1~125,2,E,3.921,1.873,-2.2,2.8,2.8,4,1.02,0,378,UNKNOWN1~125,E,0,1,1,1,1,0,1,146,hydro,native_generator,1,0,0,0,0,0,1,0,0,E_REG_BUS_378,positive PMAX and converted fuel is not import/reference,medium,PERFORM PSS/E RAW rev33,PERFORM/On Peak 2019 v23_Perform_NY/On Peak 2019 v23/NYISO_onpeak2019_v23_shuntsRgens.RAW
378,UNKNOWN1~125,3,E,3.921,1.873,-2.2,2.8,2.8,4,1.02,0,378,UNKNOWN1~125,E,0,1,1,1,1,0,1,147,hydro,native_generator,1,0,0,0,0,0,1,0,0,E_REG_BUS_378,positive PMAX and converted fuel is not import/reference,medium,PERFORM PSS/E RAW rev33,PERFORM/On Peak 2019 v23_Perform_NY/On Peak 2019 v23/NYISO_onpeak2019_v23_shuntsRgens.RAW
381,UNKNOWN1~127,1,E,0,0,-0.6,0.8,0.2,1.1,1.02,0,381,UNKNOWN1~127,E,0,1,0,0,0,0,1,148,dfo,offline,0,0,0,0,0,1,0,0,0,E_REG_BUS_381,RAW STAT is offline,high,PERFORM PSS/E RAW rev33,PERFORM/On Peak 2019 v23_Perform_NY/On Peak 2019 v23/NYISO_onpeak2019_v23_shuntsRgens.RAW
381,UNKNOWN1~127,C1,E,63.793,1.54,-44.94,48.15,47,64.2,1.02,0,381,UNKNOWN1~127,E,0,1,1,1,1,0,1,149,ng,native_generator,1,0,0,0,0,0,1,0,0,E_REG_BUS_381,positive PMAX and converted fuel is not import/reference,medium,PERFORM PSS/E RAW rev33,PERFORM/On Peak 2019 v23_Perform_NY/On Peak 2019 v23/NYISO_onpeak2019_v23_shuntsRgens.RAW
395,UNKNOWN1~130,1,E,32.791,-17.423,-18.2,23.1,0.3,33,1.02,0,395,UNKNOWN1~130,E,0,1,1,1,1,0,1,150,wind,native_generator,1,0,0,0,0,0,1,0,0,E_REG_BUS_395,positive PMAX and converted fuel is not import/reference,medium,PERFORM PSS/E RAW rev33,PERFORM/On Peak 2019 v23_Perform_NY/On Peak 2019 v23/NYISO_onpeak2019_v23_shuntsRgens.RAW
395,UNKNOWN1~130,2,E,60.613,-17.423,-33.6,42.7,0.5,61,1.02,0,395,UNKNOWN1~130,E,0,1,1,1,1,0,1,151,wind,native_generator,1,0,0,0,0,0,1,0,0,E_REG_BUS_395,positive PMAX and converted fuel is not import/reference,medium,PERFORM PSS/E RAW rev33,PERFORM/On Peak 2019 v23_Perform_NY/On Peak 2019 v23/NYISO_onpeak2019_v23_shuntsRgens.RAW
395,UNKNOWN1~130,3,E,90.423,-17.423,-50.1,63.7,0.7,91,1.02,0,395,UNKNOWN1~130,E,0,1,1,1,1,0,1,152,wind,native_generator,1,0,0,0,0,0,1,0,0,E_REG_BUS_395,positive PMAX and converted fuel is not import/reference,medium,PERFORM PSS/E RAW rev33,PERFORM/On Peak 2019 v23_Perform_NY/On Peak 2019 v23/NYISO_onpeak2019_v23_shuntsRgens.RAW
395,UNKNOWN1~130,4,E,136.132,-17.423,-75.4,95.9,1.1,137,1.02,0,395,UNKNOWN1~130,E,0,1,1,1,1,0,1,153,wind,native_generator,1,0,0,0,0,0,1,0,0,E_REG_BUS_395,positive PMAX and converted fuel is not import/reference,medium,PERFORM PSS/E RAW rev33,PERFORM/On Peak 2019 v23_Perform_NY/On Peak 2019 v23/NYISO_onpeak2019_v23_shuntsRgens.RAW
399,UNKNOWN1~134,1,E,73.531,4.212,-40.7,51.8,0,74,1.02,0,399,UNKNOWN1~134,E,0,1,1,1,1,0,1,154,wind,native_generator,1,0,0,0,0,0,1,0,0,E_REG_BUS_399,positive PMAX and converted fuel is not import/reference,medium,PERFORM PSS/E RAW rev33,PERFORM/On Peak 2019 v23_Perform_NY/On Peak 2019 v23/NYISO_onpeak2019_v23_shuntsRgens.RAW
405,UNKNOWN1~139,1,E,25.486,-3.763,-14.3,18.2,1,26,1.02,0,405,UNKNOWN1~139,E,0,1,1,1,1,0,1,155,hydro,native_generator,1,0,0,0,0,0,1,0,0,E_REG_BUS_405,positive PMAX and converted fuel is not import/reference,medium,PERFORM PSS/E RAW rev33,PERFORM/On Peak 2019 v23_Perform_NY/On Peak 2019 v23/NYISO_onpeak2019_v23_shuntsRgens.RAW
406,UNKNOWN1~140,1,E,14.703,-1.446,-8.3,10.5,1,15,1.02,0,406,UNKNOWN1~140,E,0,1,1,1,1,0,1,156,hydro,native_generator,1,0,0,0,0,0,1,0,0,E_REG_BUS_406,positive PMAX and converted fuel is not import/reference,medium,PERFORM PSS/E RAW rev33,PERFORM/On Peak 2019 v23_Perform_NY/On Peak 2019 v23/NYISO_onpeak2019_v23_shuntsRgens.RAW
407,UNKNOWN1~141,1,E,24.506,-3.853,-13.8,17.5,1,25,1.02,0,407,UNKNOWN1~141,E,0,1,1,1,1,0,1,157,hydro,native_generator,1,0,0,0,0,0,1,0,0,E_REG_BUS_407,positive PMAX and converted fuel is not import/reference,medium,PERFORM PSS/E RAW rev33,PERFORM/On Peak 2019 v23_Perform_NY/On Peak 2019 v23/NYISO_onpeak2019_v23_shuntsRgens.RAW
408,UNKNOWN1~142,1,E,23.525,-3.524,-13.2,16.8,1,24,1.02,0,408,UNKNOWN1~142,E,0,1,1,1,1,0,1,158,hydro,native_generator,1,0,0,0,0,0,1,0,0,E_REG_BUS_408,positive PMAX and converted fuel is not import/reference,medium,PERFORM PSS/E RAW rev33,PERFORM/On Peak 2019 v23_Perform_NY/On Peak 2019 v23/NYISO_onpeak2019_v23_shuntsRgens.RAW
409,UNKNOWN1~143,1,E,20.585,1.776,-11.6,14.7,1,21,1.02,0,409,UNKNOWN1~143,E,0,1,1,1,1,0,1,159,hydro,native_generator,1,0,0,0,0,0,1,0,0,E_REG_BUS_409,positive PMAX and converted fuel is not import/reference,medium,PERFORM PSS/E RAW rev33,PERFORM/On Peak 2019 v23_Perform_NY/On Peak 2019 v23/NYISO_onpeak2019_v23_shuntsRgens.RAW
463,UNKNOWN12~28,1,F,1.274,-0.215,-0.7,0.9,0.2,1.3,1.02,0,463,UNKNOWN12~28,F,0,1,1,1,1,0,1,160,hydro,native_generator,1,0,0,0,0,0,1,0,0,F_REG_BUS_463,positive PMAX and converted fuel is not import/reference,medium,PERFORM PSS/E RAW rev33,PERFORM/On Peak 2019 v23_Perform_NY/On Peak 2019 v23/NYISO_onpeak2019_v23_shuntsRgens.RAW
463,UNKNOWN12~28,2,F,6.862,-0.215,-3.9,4.9,1,7,1.02,0,463,UNKNOWN12~28,F,0,1,1,1,1,0,1,161,hydro,native_generator,1,0,0,0,0,0,1,0,0,F_REG_BUS_463,positive PMAX and converted fuel is not import/reference,medium,PERFORM PSS/E RAW rev33,PERFORM/On Peak 2019 v23_Perform_NY/On Peak 2019 v23/NYISO_onpeak2019_v23_shuntsRgens.RAW
463,UNKNOWN12~28,3,F,6.862,-0.215,-3.9,4.9,1,7,1.02,0,463,UNKNOWN12~28,F,0,1,1,1,1,0,1,162,hydro,native_generator,1,0,0,0,0,0,1,0,0,F_REG_BUS_463,positive PMAX and converted fuel is not import/reference,medium,PERFORM PSS/E RAW rev33,PERFORM/On Peak 2019 v23_Perform_NY/On Peak 2019 v23/NYISO_onpeak2019_v23_shuntsRgens.RAW
463,UNKNOWN12~28,4,F,6.862,-0.215,-3.9,4.9,1,7,1.02,0,463,UNKNOWN12~28,F,0,1,1,1,1,0,1,163,hydro,native_generator,1,0,0,0,0,0,1,0,0,F_REG_BUS_463,positive PMAX and converted fuel is not import/reference,medium,PERFORM PSS/E RAW rev33,PERFORM/On Peak 2019 v23_Perform_NY/On Peak 2019 v23/NYISO_onpeak2019_v23_shuntsRgens.RAW
463,UNKNOWN12~28,5,F,6.862,-0.215,-3.9,4.9,1,7,1.02,0,463,UNKNOWN12~28,F,0,1,1,1,1,0,1,164,hydro,native_generator,1,0,0,0,0,0,1,0,0,F_REG_BUS_463,positive PMAX and converted fuel is not import/reference,medium,PERFORM PSS/E RAW rev33,PERFORM/On Peak 2019 v23_Perform_NY/On Peak 2019 v23/NYISO_onpeak2019_v23_shuntsRgens.RAW
463,UNKNOWN12~28,6,F,6.862,-0.215,-3.9,4.9,1,7,1.02,0,463,UNKNOWN12~28,F,0,1,1,1,1,0,1,165,hydro,native_generator,1,0,0,0,0,0,1,0,0,F_REG_BUS_463,positive PMAX and converted fuel is not import/reference,medium,PERFORM PSS/E RAW rev33,PERFORM/On Peak 2019 v23_Perform_NY/On Peak 2019 v23/NYISO_onpeak2019_v23_shuntsRgens.RAW
469,UNKNOWN12~34,1,F,14.309,3.291,-7.9,10.1,2,14.4,1.02,0,469,UNKNOWN12~34,F,0,1,1,1,1,0,1,166,other,native_generator,1,0,0,0,0,0,1,0,0,F_REG_BUS_469,positive PMAX and converted fuel is not import/reference,medium,PERFORM PSS/E RAW rev33,PERFORM/On Peak 2019 v23_Perform_NY/On Peak 2019 v23/NYISO_onpeak2019_v23_shuntsRgens.RAW
474,SPIER FALLS,1,F,8.822,6.3,-5,6.3,4,9,1.02,0,474,SPIER FALLS,F,0,1,1,1,1,0,1,167,hydro,native_generator,1,0,0,0,0,0,1,0,0,F_REG_BUS_474,positive PMAX and converted fuel is not import/reference,medium,PERFORM PSS/E RAW rev33,PERFORM/On Peak 2019 v23_Perform_NY/On Peak 2019 v23/NYISO_onpeak2019_v23_shuntsRgens.RAW
474,SPIER FALLS,2,F,46.07,19.099,-25.9,32.9,8,47,1.02,0,474,SPIER FALLS,F,0,1,1,1,1,0,1,168,hydro,native_generator,1,0,0,0,0,0,1,0,0,F_REG_BUS_474,positive PMAX and converted fuel is not import/reference,medium,PERFORM PSS/E RAW rev33,PERFORM/On Peak 2019 v23_Perform_NY/On Peak 2019 v23/NYISO_onpeak2019_v23_shuntsRgens.RAW
485,UNKNOWN12~49,QS,D,0,52.373,0,100,0,0,1.02,0,485,UNKNOWN12~49,D,0,1,1,NaN,1,0,1,NaN,,reactive_only_QS,0,1,0,0,0,0,0,0,1,D_REG_BUS_485,ID QS with zero P capability and nonzero Q range,high,PERFORM PSS/E RAW rev33,PERFORM/On Peak 2019 v23_Perform_NY/On Peak 2019 v23/NYISO_onpeak2019_v23_shuntsRgens.RAW
489,UNKNOWN12~53,QS,F,0,21.622,0,100,0,0,1.02,0,489,UNKNOWN12~53,F,0,1,1,NaN,1,0,1,NaN,,reactive_only_QS,0,1,0,0,0,0,0,0,1,F_REG_BUS_489,ID QS with zero P capability and nonzero Q range,high,PERFORM PSS/E RAW rev33,PERFORM/On Peak 2019 v23_Perform_NY/On Peak 2019 v23/NYISO_onpeak2019_v23_shuntsRgens.RAW
492,UNKNOWN12~56,1,F,0,0,-23.2,29.5,2,42.1,1.02,0,492,UNKNOWN12~56,F,0,1,0,0,0,0,1,169,dfo,offline,0,0,0,0,0,1,0,0,0,F_REG_BUS_492,RAW STAT is offline,high,PERFORM PSS/E RAW rev33,PERFORM/On Peak 2019 v23_Perform_NY/On Peak 2019 v23/NYISO_onpeak2019_v23_shuntsRgens.RAW
508,UNKNOWN12~16,C1,F,0,0,-75.04,80.4,56,107.2,1.02,0,508,UNKNOWN12~16,F,0,1,0,0,0,0,1,170,ng,offline,0,0,0,0,0,1,0,0,0,F_REG_BUS_508,RAW STAT is offline,high,PERFORM PSS/E RAW rev33,PERFORM/On Peak 2019 v23_Perform_NY/On Peak 2019 v23/NYISO_onpeak2019_v23_shuntsRgens.RAW
508,UNKNOWN12~16,C2,F,338.333,-26,-237.16,254.1,101,338.8,1.02,0,508,UNKNOWN12~16,F,0,1,1,1,1,0,1,171,ng,native_generator,1,0,0,0,0,0,1,0,0,F_REG_BUS_508,positive PMAX and converted fuel is not import/reference,medium,PERFORM PSS/E RAW rev33,PERFORM/On Peak 2019 v23_Perform_NY/On Peak 2019 v23/NYISO_onpeak2019_v23_shuntsRgens.RAW
512,UNKNOWN12~20,QS,G,0,48.654,0,100,0,0,1.02,0,512,UNKNOWN12~20,G,0,1,1,NaN,1,0,1,NaN,,reactive_only_QS,0,1,0,0,0,0,0,0,1,G_REG_BUS_512,ID QS with zero P capability and nonzero Q range,high,PERFORM PSS/E RAW rev33,PERFORM/On Peak 2019 v23_Perform_NY/On Peak 2019 v23/NYISO_onpeak2019_v23_shuntsRgens.RAW
526,UNKNOWN129~9,1,E,17.644,1.882,-9.9,12.6,1,18,1.02,0,526,UNKNOWN129~9,E,0,1,1,1,1,0,1,172,hydro,native_generator,1,0,0,0,0,0,1,0,0,E_REG_BUS_526,positive PMAX and converted fuel is not import/reference,medium,PERFORM PSS/E RAW rev33,PERFORM/On Peak 2019 v23_Perform_NY/On Peak 2019 v23/NYISO_onpeak2019_v23_shuntsRgens.RAW
535,SHOEMAKER,1,G,41.634,-23,-23,29.3,5,41.9,1.02,0,535,SHOEMAKER,G,0,1,1,1,1,0,1,173,dfo,native_generator,1,0,0,0,0,0,1,0,0,G_REG_BUS_535,positive PMAX and converted fuel is not import/reference,medium,PERFORM PSS/E RAW rev33,PERFORM/On Peak 2019 v23_Perform_NY/On Peak 2019 v23/NYISO_onpeak2019_v23_shuntsRgens.RAW
535,SHOEMAKER,C1,G,770,-83.711,-539,577.5,386,770,1.02,0,535,SHOEMAKER,G,0,1,1,1,1,0,1,174,ng,native_generator,1,0,0,0,0,0,1,0,0,G_REG_BUS_535,positive PMAX and converted fuel is not import/reference,medium,PERFORM PSS/E RAW rev33,PERFORM/On Peak 2019 v23_Perform_NY/On Peak 2019 v23/NYISO_onpeak2019_v23_shuntsRgens.RAW
539,UNKNOWN12~21,QS,G,0,21.245,0,30,0,0,1.03,0,539,UNKNOWN12~21,G,0,1,1,NaN,1,0,1,NaN,,reactive_only_QS,0,1,0,0,0,0,0,0,1,G_REG_BUS_539,ID QS with zero P capability and nonzero Q range,high,PERFORM PSS/E RAW rev33,PERFORM/On Peak 2019 v23_Perform_NY/On Peak 2019 v23/NYISO_onpeak2019_v23_shuntsRgens.RAW
546,UNKNOWN12~28,1,G,46.205,32.6,-25.6,32.6,5,46.5,1.02,0,546,UNKNOWN12~28,G,0,1,1,1,1,0,1,175,dfo,native_generator,1,0,0,0,0,0,1,0,0,G_REG_BUS_546,positive PMAX and converted fuel is not import/reference,medium,PERFORM PSS/E RAW rev33,PERFORM/On Peak 2019 v23_Perform_NY/On Peak 2019 v23/NYISO_onpeak2019_v23_shuntsRgens.RAW
547,UNKNOWN12~29,1,I,0,0,-0.1,0.1,0.1,0.2,1.02,0,547,UNKNOWN12~29,I,0,1,0,0,0,0,1,176,dfo,offline,0,0,0,0,0,1,0,0,0,I_REG_BUS_547,RAW STAT is offline,high,PERFORM PSS/E RAW rev33,PERFORM/On Peak 2019 v23_Perform_NY/On Peak 2019 v23/NYISO_onpeak2019_v23_shuntsRgens.RAW
547,UNKNOWN12~29,10,I,0,0,-1.1,1.4,0.3,2,1.02,0,547,UNKNOWN12~29,I,0,1,0,0,0,0,1,185,dfo,offline,0,0,0,0,0,1,0,0,0,I_REG_BUS_547,RAW STAT is offline,high,PERFORM PSS/E RAW rev33,PERFORM/On Peak 2019 v23_Perform_NY/On Peak 2019 v23/NYISO_onpeak2019_v23_shuntsRgens.RAW
547,UNKNOWN12~29,11,I,0,0,-1.1,1.4,0.3,2,1.02,0,547,UNKNOWN12~29,I,0,1,0,0,0,0,1,186,dfo,offline,0,0,0,0,0,1,0,0,0,I_REG_BUS_547,RAW STAT is offline,high,PERFORM PSS/E RAW rev33,PERFORM/On Peak 2019 v23_Perform_NY/On Peak 2019 v23/NYISO_onpeak2019_v23_shuntsRgens.RAW
547,UNKNOWN12~29,12,I,0,0,-1.4,1.8,0.3,2.5,1.02,0,547,UNKNOWN12~29,I,0,1,0,0,0,0,1,187,dfo,offline,0,0,0,0,0,1,0,0,0,I_REG_BUS_547,RAW STAT is offline,high,PERFORM PSS/E RAW rev33,PERFORM/On Peak 2019 v23_Perform_NY/On Peak 2019 v23/NYISO_onpeak2019_v23_shuntsRgens.RAW
547,UNKNOWN12~29,2,I,0,0,-0.2,0.3,0.3,0.4,1.02,0,547,UNKNOWN12~29,I,0,1,0,0,0,0,1,177,dfo,offline,0,0,0,0,0,1,0,0,0,I_REG_BUS_547,RAW STAT is offline,high,PERFORM PSS/E RAW rev33,PERFORM/On Peak 2019 v23_Perform_NY/On Peak 2019 v23/NYISO_onpeak2019_v23_shuntsRgens.RAW
547,UNKNOWN12~29,3,I,0,0,-0.4,0.6,0.2,0.8,1.02,0,547,UNKNOWN12~29,I,0,1,0,0,0,0,1,178,dfo,offline,0,0,0,0,0,1,0,0,0,I_REG_BUS_547,RAW STAT is offline,high,PERFORM PSS/E RAW rev33,PERFORM/On Peak 2019 v23_Perform_NY/On Peak 2019 v23/NYISO_onpeak2019_v23_shuntsRgens.RAW
547,UNKNOWN12~29,4,I,0,0,-0.6,0.7,0.1,1,1.02,0,547,UNKNOWN12~29,I,0,1,0,0,0,0,1,179,dfo,offline,0,0,0,0,0,1,0,0,0,I_REG_BUS_547,RAW STAT is offline,high,PERFORM PSS/E RAW rev33,PERFORM/On Peak 2019 v23_Perform_NY/On Peak 2019 v23/NYISO_onpeak2019_v23_shuntsRgens.RAW
547,UNKNOWN12~29,5,I,0,0,-0.6,0.7,0.3,1,1.02,0,547,UNKNOWN12~29,I,0,1,0,0,0,0,1,180,dfo,offline,0,0,0,0,0,1,0,0,0,I_REG_BUS_547,RAW STAT is offline,high,PERFORM PSS/E RAW rev33,PERFORM/On Peak 2019 v23_Perform_NY/On Peak 2019 v23/NYISO_onpeak2019_v23_shuntsRgens.RAW
547,UNKNOWN12~29,6,I,0,0,-0.6,0.7,0.2,1,1.02,0,547,UNKNOWN12~29,I,0,1,0,0,0,0,1,181,dfo,offline,0,0,0,0,0,1,0,0,0,I_REG_BUS_547,RAW STAT is offline,high,PERFORM PSS/E RAW rev33,PERFORM/On Peak 2019 v23_Perform_NY/On Peak 2019 v23/NYISO_onpeak2019_v23_shuntsRgens.RAW
547,UNKNOWN12~29,7,I,0,0,-0.8,1.1,0.1,1.5,1.02,0,547,UNKNOWN12~29,I,0,1,0,0,0,0,1,182,dfo,offline,0,0,0,0,0,1,0,0,0,I_REG_BUS_547,RAW STAT is offline,high,PERFORM PSS/E RAW rev33,PERFORM/On Peak 2019 v23_Perform_NY/On Peak 2019 v23/NYISO_onpeak2019_v23_shuntsRgens.RAW
547,UNKNOWN12~29,8,I,0,0,-0.8,1.1,0.1,1.5,1.02,0,547,UNKNOWN12~29,I,0,1,0,0,0,0,1,183,dfo,offline,0,0,0,0,0,1,0,0,0,I_REG_BUS_547,RAW STAT is offline,high,PERFORM PSS/E RAW rev33,PERFORM/On Peak 2019 v23_Perform_NY/On Peak 2019 v23/NYISO_onpeak2019_v23_shuntsRgens.RAW
547,UNKNOWN12~29,9,I,0,0,-0.8,1.1,0.3,1.5,1.02,0,547,UNKNOWN12~29,I,0,1,0,0,0,0,1,184,dfo,offline,0,0,0,0,0,1,0,0,0,I_REG_BUS_547,RAW STAT is offline,high,PERFORM PSS/E RAW rev33,PERFORM/On Peak 2019 v23_Perform_NY/On Peak 2019 v23/NYISO_onpeak2019_v23_shuntsRgens.RAW
552,UNKNOWN12~34,1,K,15.899,-8.8,-8.8,11.2,10.6,16,1.01,0,552,UNKNOWN12~34,K,0,1,1,1,1,0,1,188,dfo,native_generator,1,0,0,0,0,0,1,0,0,K_REG_BUS_552,positive PMAX and converted fuel is not import/reference,medium,PERFORM PSS/E RAW rev33,PERFORM/On Peak 2019 v23_Perform_NY/On Peak 2019 v23/NYISO_onpeak2019_v23_shuntsRgens.RAW
552,UNKNOWN12~34,2,K,0,0,-29.2,37.1,37,53,1.01,0,552,UNKNOWN12~34,K,0,1,0,0,0,0,1,189,ng,offline,0,0,0,0,0,1,0,0,0,K_REG_BUS_552,RAW STAT is offline,high,PERFORM PSS/E RAW rev33,PERFORM/On Peak 2019 v23_Perform_NY/On Peak 2019 v23/NYISO_onpeak2019_v23_shuntsRgens.RAW
552,UNKNOWN12~34,3,K,0,0,-29.2,37.1,37,53,1.01,0,552,UNKNOWN12~34,K,0,1,0,0,0,0,1,190,ng,offline,0,0,0,0,0,1,0,0,0,K_REG_BUS_552,RAW STAT is offline,high,PERFORM PSS/E RAW rev33,PERFORM/On Peak 2019 v23_Perform_NY/On Peak 2019 v23/NYISO_onpeak2019_v23_shuntsRgens.RAW
552,UNKNOWN12~34,4,K,186.809,-103.4,-103.4,131.6,15,188,1.01,0,552,UNKNOWN12~34,K,0,1,1,1,1,0,1,191,ng,native_generator,1,0,0,0,0,0,1,0,0,K_REG_BUS_552,positive PMAX and converted fuel is not import/reference,medium,PERFORM PSS/E RAW rev33,PERFORM/On Peak 2019 v23_Perform_NY/On Peak 2019 v23/NYISO_onpeak2019_v23_shuntsRgens.RAW
552,UNKNOWN12~34,5,K,186.809,-103.4,-103.4,131.6,15,188,1.01,0,552,UNKNOWN12~34,K,0,1,1,1,1,0,1,192,ng,native_generator,1,0,0,0,0,0,1,0,0,K_REG_BUS_552,positive PMAX and converted fuel is not import/reference,medium,PERFORM PSS/E RAW rev33,PERFORM/On Peak 2019 v23_Perform_NY/On Peak 2019 v23/NYISO_onpeak2019_v23_shuntsRgens.RAW
554,UNKNOWN12~36,C1,K,230,-244.23,-244.23,261.675,230,348.9,1.01,0,554,UNKNOWN12~36,K,0,1,1,1,1,0,1,193,ng,native_generator,1,0,0,0,0,0,1,0,0,K_REG_BUS_554,positive PMAX and converted fuel is not import/reference,medium,PERFORM PSS/E RAW rev33,PERFORM/On Peak 2019 v23_Perform_NY/On Peak 2019 v23/NYISO_onpeak2019_v23_shuntsRgens.RAW
556,WEST ASTORIA,C1,J,528,376.982,-369.6,396,203,528,1.02,0,556,WEST ASTORIA,J,0,1,1,1,1,0,1,194,ng,native_generator,1,0,0,0,0,0,1,0,0,J_REG_BUS_556,positive PMAX and converted fuel is not import/reference,medium,PERFORM PSS/E RAW rev33,PERFORM/On Peak 2019 v23_Perform_NY/On Peak 2019 v23/NYISO_onpeak2019_v23_shuntsRgens.RAW
557,EAST ASTORIA,1,J,41.634,6.249,-23,29.3,18.6,41.9,1.02,0,557,EAST ASTORIA,J,0,1,1,1,1,0,1,195,ng,native_generator,1,0,0,0,0,0,1,0,0,J_REG_BUS_557,positive PMAX and converted fuel is not import/reference,medium,PERFORM PSS/E RAW rev33,PERFORM/On Peak 2019 v23_Perform_NY/On Peak 2019 v23/NYISO_onpeak2019_v23_shuntsRgens.RAW
557,EAST ASTORIA,10,J,41.634,6.249,-23,29.3,18.6,41.9,1.02,0,557,EAST ASTORIA,J,0,1,1,1,1,0,1,204,ng,native_generator,1,0,0,0,0,0,1,0,0,J_REG_BUS_557,positive PMAX and converted fuel is not import/reference,medium,PERFORM PSS/E RAW rev33,PERFORM/On Peak 2019 v23_Perform_NY/On Peak 2019 v23/NYISO_onpeak2019_v23_shuntsRgens.RAW
557,EAST ASTORIA,11,J,41.634,6.249,-23,29.3,18.6,41.9,1.02,0,557,EAST ASTORIA,J,0,1,1,1,1,0,1,205,ng,native_generator,1,0,0,0,0,0,1,0,0,J_REG_BUS_557,positive PMAX and converted fuel is not import/reference,medium,PERFORM PSS/E RAW rev33,PERFORM/On Peak 2019 v23_Perform_NY/On Peak 2019 v23/NYISO_onpeak2019_v23_shuntsRgens.RAW
557,EAST ASTORIA,12,J,41.634,6.249,-23,29.3,18.6,41.9,1.02,0,557,EAST ASTORIA,J,0,1,1,1,1,0,1,206,ng,native_generator,1,0,0,0,0,0,1,0,0,J_REG_BUS_557,positive PMAX and converted fuel is not import/reference,medium,PERFORM PSS/E RAW rev33,PERFORM/On Peak 2019 v23_Perform_NY/On Peak 2019 v23/NYISO_onpeak2019_v23_shuntsRgens.RAW
557,EAST ASTORIA,2,J,41.634,6.249,-23,29.3,18.6,41.9,1.02,0,557,EAST ASTORIA,J,0,1,1,1,1,0,1,196,ng,native_generator,1,0,0,0,0,0,1,0,0,J_REG_BUS_557,positive PMAX and converted fuel is not import/reference,medium,PERFORM PSS/E RAW rev33,PERFORM/On Peak 2019 v23_Perform_NY/On Peak 2019 v23/NYISO_onpeak2019_v23_shuntsRgens.RAW
557,EAST ASTORIA,3,J,41.634,6.249,-23,29.3,18.6,41.9,1.02,0,557,EAST ASTORIA,J,0,1,1,1,1,0,1,197,ng,native_generator,1,0,0,0,0,0,1,0,0,J_REG_BUS_557,positive PMAX and converted fuel is not import/reference,medium,PERFORM PSS/E RAW rev33,PERFORM/On Peak 2019 v23_Perform_NY/On Peak 2019 v23/NYISO_onpeak2019_v23_shuntsRgens.RAW
557,EAST ASTORIA,4,J,41.634,6.249,-23,29.3,18.6,41.9,1.02,0,557,EAST ASTORIA,J,0,1,1,1,1,0,1,198,ng,native_generator,1,0,0,0,0,0,1,0,0,J_REG_BUS_557,positive PMAX and converted fuel is not import/reference,medium,PERFORM PSS/E RAW rev33,PERFORM/On Peak 2019 v23_Perform_NY/On Peak 2019 v23/NYISO_onpeak2019_v23_shuntsRgens.RAW
557,EAST ASTORIA,5,J,41.634,6.249,-23,29.3,18.6,41.9,1.02,0,557,EAST ASTORIA,J,0,1,1,1,1,0,1,199,ng,native_generator,1,0,0,0,0,0,1,0,0,J_REG_BUS_557,positive PMAX and converted fuel is not import/reference,medium,PERFORM PSS/E RAW rev33,PERFORM/On Peak 2019 v23_Perform_NY/On Peak 2019 v23/NYISO_onpeak2019_v23_shuntsRgens.RAW
557,EAST ASTORIA,6,J,41.634,6.249,-23,29.3,18.6,41.9,1.02,0,557,EAST ASTORIA,J,0,1,1,1,1,0,1,200,ng,native_generator,1,0,0,0,0,0,1,0,0,J_REG_BUS_557,positive PMAX and converted fuel is not import/reference,medium,PERFORM PSS/E RAW rev33,PERFORM/On Peak 2019 v23_Perform_NY/On Peak 2019 v23/NYISO_onpeak2019_v23_shuntsRgens.RAW
557,EAST ASTORIA,7,J,41.634,6.249,-23,29.3,18.6,41.9,1.02,0,557,EAST ASTORIA,J,0,1,1,1,1,0,1,201,ng,native_generator,1,0,0,0,0,0,1,0,0,J_REG_BUS_557,positive PMAX and converted fuel is not import/reference,medium,PERFORM PSS/E RAW rev33,PERFORM/On Peak 2019 v23_Perform_NY/On Peak 2019 v23/NYISO_onpeak2019_v23_shuntsRgens.RAW
557,EAST ASTORIA,8,J,41.634,6.249,-23,29.3,18.6,41.9,1.02,0,557,EAST ASTORIA,J,0,1,1,1,1,0,1,202,ng,native_generator,1,0,0,0,0,0,1,0,0,J_REG_BUS_557,positive PMAX and converted fuel is not import/reference,medium,PERFORM PSS/E RAW rev33,PERFORM/On Peak 2019 v23_Perform_NY/On Peak 2019 v23/NYISO_onpeak2019_v23_shuntsRgens.RAW
557,EAST ASTORIA,9,J,41.634,6.249,-23,29.3,18.6,41.9,1.02,0,557,EAST ASTORIA,J,0,1,1,1,1,0,1,203,ng,native_generator,1,0,0,0,0,0,1,0,0,J_REG_BUS_557,positive PMAX and converted fuel is not import/reference,medium,PERFORM PSS/E RAW rev33,PERFORM/On Peak 2019 v23_Perform_NY/On Peak 2019 v23/NYISO_onpeak2019_v23_shuntsRgens.RAW
562,UNKNOWN12~41,1,D,213.638,-28.042,-118.3,150.5,1.5,215,1.02,0,562,UNKNOWN12~41,D,0,1,1,1,1,0,1,207,wind,native_generator,1,0,0,0,0,0,1,0,0,D_REG_BUS_562,positive PMAX and converted fuel is not import/reference,medium,PERFORM PSS/E RAW rev33,PERFORM/On Peak 2019 v23_Perform_NY/On Peak 2019 v23/NYISO_onpeak2019_v23_shuntsRgens.RAW
563,UNKNOWN12~42,C1,F,71.544,27.83,-50.4,54,50,72,1.02,0,563,UNKNOWN12~42,F,0,1,1,1,1,0,1,208,ng,native_generator,1,0,0,0,0,0,1,0,0,F_REG_BUS_563,positive PMAX and converted fuel is not import/reference,medium,PERFORM PSS/E RAW rev33,PERFORM/On Peak 2019 v23_Perform_NY/On Peak 2019 v23/NYISO_onpeak2019_v23_shuntsRgens.RAW
564,UNKNOWN12~43,1,K,18.482,-5.389,-10.2,13,12,18.6,1.01,0,564,UNKNOWN12~43,K,0,1,1,1,1,0,1,209,dfo,native_generator,1,0,0,0,0,0,1,0,0,K_REG_BUS_564,positive PMAX and converted fuel is not import/reference,medium,PERFORM PSS/E RAW rev33,PERFORM/On Peak 2019 v23_Perform_NY/On Peak 2019 v23/NYISO_onpeak2019_v23_shuntsRgens.RAW
564,UNKNOWN12~43,2,K,52.565,-5.389,-29.1,37,39.4,52.9,1.01,0,564,UNKNOWN12~43,K,0,1,1,1,1,0,1,210,dfo,native_generator,1,0,0,0,0,0,1,0,0,K_REG_BUS_564,positive PMAX and converted fuel is not import/reference,medium,PERFORM PSS/E RAW rev33,PERFORM/On Peak 2019 v23_Perform_NY/On Peak 2019 v23/NYISO_onpeak2019_v23_shuntsRgens.RAW
565,UNKNOWN12~44,1,H,59.322,41.8,-32.8,41.8,7,59.7,1.02,0,565,UNKNOWN12~44,H,0,1,1,1,1,0,1,211,other,native_generator,1,0,0,0,0,0,1,0,0,H_REG_BUS_565,positive PMAX and converted fuel is not import/reference,medium,PERFORM PSS/E RAW rev33,PERFORM/On Peak 2019 v23_Perform_NY/On Peak 2019 v23/NYISO_onpeak2019_v23_shuntsRgens.RAW
569,UNKNOWN12~48,1,K,0,0,-0.2,0.3,0.4,0.4,1.01,0,569,UNKNOWN12~48,K,0,1,0,0,0,0,1,212,dfo,offline,0,0,0,0,0,1,0,0,0,K_REG_BUS_569,RAW STAT is offline,high,PERFORM PSS/E RAW rev33,PERFORM/On Peak 2019 v23_Perform_NY/On Peak 2019 v23/NYISO_onpeak2019_v23_shuntsRgens.RAW
569,UNKNOWN12~48,6,K,0,0,-33,42,35,60,1.01,0,569,UNKNOWN12~48,K,0,1,0,0,0,0,1,213,ng,offline,0,0,0,0,0,1,0,0,0,K_REG_BUS_569,RAW STAT is offline,high,PERFORM PSS/E RAW rev33,PERFORM/On Peak 2019 v23_Perform_NY/On Peak 2019 v23/NYISO_onpeak2019_v23_shuntsRgens.RAW
569,UNKNOWN12~48,C1,K,83.07,-25.744,-58.52,62.7,35,83.6,1.01,0,569,UNKNOWN12~48,K,0,1,1,1,1,0,1,214,ng,native_generator,1,0,0,0,0,0,1,0,0,K_REG_BUS_569,positive PMAX and converted fuel is not import/reference,medium,PERFORM PSS/E RAW rev33,PERFORM/On Peak 2019 v23_Perform_NY/On Peak 2019 v23/NYISO_onpeak2019_v23_shuntsRgens.RAW
569,UNKNOWN12~48,C2,K,96,-25.744,-67.2,72,40,96,1.01,0,569,UNKNOWN12~48,K,0,1,1,1,1,0,1,215,ng,native_generator,1,0,0,0,0,0,1,0,0,K_REG_BUS_569,positive PMAX and converted fuel is not import/reference,medium,PERFORM PSS/E RAW rev33,PERFORM/On Peak 2019 v23_Perform_NY/On Peak 2019 v23/NYISO_onpeak2019_v23_shuntsRgens.RAW
570,UNKNOWN12~49,C1,J,120.432,18.761,-84.84,90.9,66,121.2,1.01,0,570,UNKNOWN12~49,J,0,1,1,1,1,0,1,216,ng,native_generator,1,0,0,0,0,0,1,0,0,J_REG_BUS_570,positive PMAX and converted fuel is not import/reference,medium,PERFORM PSS/E RAW rev33,PERFORM/On Peak 2019 v23_Perform_NY/On Peak 2019 v23/NYISO_onpeak2019_v23_shuntsRgens.RAW
570,UNKNOWN12~49,QS,J,0,18.761,0,300,0,0,1.01,0,570,UNKNOWN12~49,J,0,1,1,NaN,1,0,1,NaN,,reactive_only_QS,0,1,0,0,0,0,0,0,1,J_REG_BUS_570,ID QS with zero P capability and nonzero Q range,high,PERFORM PSS/E RAW rev33,PERFORM/On Peak 2019 v23_Perform_NY/On Peak 2019 v23/NYISO_onpeak2019_v23_shuntsRgens.RAW
571,UNKNOWN12~50,1,J,1,12.6,-9.9,12.6,1,18,1.02,0,571,UNKNOWN12~50,J,0,1,1,1,1,0,1,217,ng,native_generator,1,0,0,0,0,0,1,0,0,J_REG_BUS_571,positive PMAX and converted fuel is not import/reference,medium,PERFORM PSS/E RAW rev33,PERFORM/On Peak 2019 v23_Perform_NY/On Peak 2019 v23/NYISO_onpeak2019_v23_shuntsRgens.RAW
571,UNKNOWN12~50,2,J,170.95,39.452,-188.1,239.4,90,342,1.02,0,571,UNKNOWN12~50,J,0,1,1,1,1,0,1,218,ng,native_generator,1,0,0,0,0,0,1,0,0,J_REG_BUS_571,positive PMAX and converted fuel is not import/reference,medium,PERFORM PSS/E RAW rev33,PERFORM/On Peak 2019 v23_Perform_NY/On Peak 2019 v23/NYISO_onpeak2019_v23_shuntsRgens.RAW
571,UNKNOWN12~50,3,J,535.5,39.452,-294.5,374.9,150,535.5,1.02,0,571,UNKNOWN12~50,J,0,1,1,1,1,0,1,219,ng,native_generator,1,0,0,0,0,0,1,0,0,J_REG_BUS_571,positive PMAX and converted fuel is not import/reference,medium,PERFORM PSS/E RAW rev33,PERFORM/On Peak 2019 v23_Perform_NY/On Peak 2019 v23/NYISO_onpeak2019_v23_shuntsRgens.RAW
571,UNKNOWN12~50,x,J,130,39.452,-9900,9900,130,130,1.02,0,571,UNKNOWN12~50,J,0,1,1,1,1,0,1,220,import,fixed_import_or_boundary_equivalent,0,0,1,0,0,0,1,0,0,J_REG_BUS_571,converted import/reference fuel or fixed negative P,high,PERFORM PSS/E RAW rev33,PERFORM/On Peak 2019 v23_Perform_NY/On Peak 2019 v23/NYISO_onpeak2019_v23_shuntsRgens.RAW
573,UNKNOWN130~1,1,E,3.529,-1.529,-2,2.5,0.5,3.6,1.02,0,573,UNKNOWN130~1,E,0,1,1,1,1,0,1,221,hydro,native_generator,1,0,0,0,0,0,1,0,0,E_REG_BUS_573,positive PMAX and converted fuel is not import/reference,medium,PERFORM PSS/E RAW rev33,PERFORM/On Peak 2019 v23_Perform_NY/On Peak 2019 v23/NYISO_onpeak2019_v23_shuntsRgens.RAW
573,UNKNOWN130~1,2,E,14.213,-1.529,-8,10.2,2.2,14.5,1.02,0,573,UNKNOWN130~1,E,0,1,1,1,1,0,1,222,hydro,native_generator,1,0,0,0,0,0,1,0,0,E_REG_BUS_573,positive PMAX and converted fuel is not import/reference,medium,PERFORM PSS/E RAW rev33,PERFORM/On Peak 2019 v23_Perform_NY/On Peak 2019 v23/NYISO_onpeak2019_v23_shuntsRgens.RAW
573,UNKNOWN130~1,3,E,14.213,-1.529,-8,10.2,2.2,14.5,1.02,0,573,UNKNOWN130~1,E,0,1,1,1,1,0,1,223,hydro,native_generator,1,0,0,0,0,0,1,0,0,E_REG_BUS_573,positive PMAX and converted fuel is not import/reference,medium,PERFORM PSS/E RAW rev33,PERFORM/On Peak 2019 v23_Perform_NY/On Peak 2019 v23/NYISO_onpeak2019_v23_shuntsRgens.RAW
575,FAY STREET,1,C,4.901,3.5,-2.8,3.5,2.8,5,1.02,0,575,FAY STREET,C,0,1,1,1,1,0,1,224,hydro,native_generator,1,0,0,0,0,0,1,0,0,C_REG_BUS_575,positive PMAX and converted fuel is not import/reference,medium,PERFORM PSS/E RAW rev33,PERFORM/On Peak 2019 v23_Perform_NY/On Peak 2019 v23/NYISO_onpeak2019_v23_shuntsRgens.RAW
575,FAY STREET,2,C,4.901,3.5,-2.8,3.5,2.8,5,1.02,0,575,FAY STREET,C,0,1,1,1,1,0,1,225,hydro,native_generator,1,0,0,0,0,0,1,0,0,C_REG_BUS_575,positive PMAX and converted fuel is not import/reference,medium,PERFORM PSS/E RAW rev33,PERFORM/On Peak 2019 v23_Perform_NY/On Peak 2019 v23/NYISO_onpeak2019_v23_shuntsRgens.RAW
577,UNKNOWN130~4,1,K,16.892,-9.4,-9.4,11.9,1,17,1.01,0,577,UNKNOWN130~4,K,0,1,1,1,1,0,1,226,other,native_generator,1,0,0,0,0,0,1,0,0,K_REG_BUS_577,positive PMAX and converted fuel is not import/reference,medium,PERFORM PSS/E RAW rev33,PERFORM/On Peak 2019 v23_Perform_NY/On Peak 2019 v23/NYISO_onpeak2019_v23_shuntsRgens.RAW
577,UNKNOWN130~4,C1,K,81.48,-21.525,-57.4,61.5,45,82,1.01,0,577,UNKNOWN130~4,K,0,1,1,1,1,0,1,227,ng,native_generator,1,0,0,0,0,0,1,0,0,K_REG_BUS_577,positive PMAX and converted fuel is not import/reference,medium,PERFORM PSS/E RAW rev33,PERFORM/On Peak 2019 v23_Perform_NY/On Peak 2019 v23/NYISO_onpeak2019_v23_shuntsRgens.RAW
579,UNKNOWN130~6,1,E,0,0,-14.8,18.8,5,26.9,1.02,0,579,UNKNOWN130~6,E,0,1,0,0,0,0,1,228,dfo,offline,0,0,0,0,0,1,0,0,0,E_REG_BUS_579,RAW STAT is offline,high,PERFORM PSS/E RAW rev33,PERFORM/On Peak 2019 v23_Perform_NY/On Peak 2019 v23/NYISO_onpeak2019_v23_shuntsRgens.RAW
580,NEWBRIDGE ~1,QS,K,0,31.186,0,500,0,0,1.02,0,580,NEWBRIDGE ~1,K,0,1,1,NaN,1,0,1,NaN,,reactive_only_QS,0,1,0,0,0,0,0,0,1,K_REG_BUS_580,ID QS with zero P capability and nonzero Q range,high,PERFORM PSS/E RAW rev33,PERFORM/On Peak 2019 v23_Perform_NY/On Peak 2019 v23/NYISO_onpeak2019_v23_shuntsRgens.RAW
580,NEWBRIDGE ~1,x,K,150,31.186,-9900,9900,150,150,1.02,0,580,NEWBRIDGE ~1,K,0,1,1,1,1,0,1,229,import,fixed_import_or_boundary_equivalent,0,0,1,0,0,0,1,0,0,K_REG_BUS_580,converted import/reference fuel or fixed negative P,high,PERFORM PSS/E RAW rev33,PERFORM/On Peak 2019 v23_Perform_NY/On Peak 2019 v23/NYISO_onpeak2019_v23_shuntsRgens.RAW
587,WHITESIDE,QS,K,0,38.648,0,50,0,0,1.01,0,587,WHITESIDE,K,0,1,1,NaN,1,0,1,NaN,,reactive_only_QS,0,1,0,0,0,0,0,0,1,K_REG_BUS_587,ID QS with zero P capability and nonzero Q range,high,PERFORM PSS/E RAW rev33,PERFORM/On Peak 2019 v23_Perform_NY/On Peak 2019 v23/NYISO_onpeak2019_v23_shuntsRgens.RAW
589,EAST GARDE~1,3,K,78.102,55,-43.2,55,24,78.6,1.02,0,589,EAST GARDE~1,K,0,1,1,1,1,0,1,230,other,native_generator,1,0,0,0,0,0,1,0,0,K_REG_BUS_589,positive PMAX and converted fuel is not import/reference,medium,PERFORM PSS/E RAW rev33,PERFORM/On Peak 2019 v23_Perform_NY/On Peak 2019 v23/NYISO_onpeak2019_v23_shuntsRgens.RAW
589,EAST GARDE~1,C1,K,54.651,41.25,-38.5,41.25,37.8,55,1.02,0,589,EAST GARDE~1,K,0,1,1,1,1,0,1,231,ng,native_generator,1,0,0,0,0,0,1,0,0,K_REG_BUS_589,positive PMAX and converted fuel is not import/reference,medium,PERFORM PSS/E RAW rev33,PERFORM/On Peak 2019 v23_Perform_NY/On Peak 2019 v23/NYISO_onpeak2019_v23_shuntsRgens.RAW
589,EAST GARDE~1,QS,K,0,61.56,0,500,0,0,1.02,0,589,EAST GARDE~1,K,0,1,1,NaN,1,0,1,NaN,,reactive_only_QS,0,1,0,0,0,0,0,0,1,K_REG_BUS_589,ID QS with zero P capability and nonzero Q range,high,PERFORM PSS/E RAW rev33,PERFORM/On Peak 2019 v23_Perform_NY/On Peak 2019 v23/NYISO_onpeak2019_v23_shuntsRgens.RAW
595,BRUCKNER,1,J,1,32.9,-25.9,32.9,1,47,1.02,0,595,BRUCKNER,J,0,1,1,1,1,0,1,232,ng,native_generator,1,0,0,0,0,0,1,0,0,J_REG_BUS_595,positive PMAX and converted fuel is not import/reference,medium,PERFORM PSS/E RAW rev33,PERFORM/On Peak 2019 v23_Perform_NY/On Peak 2019 v23/NYISO_onpeak2019_v23_shuntsRgens.RAW
595,BRUCKNER,2,J,1,32.9,-25.9,32.9,1,47,1.02,0,595,BRUCKNER,J,0,1,1,1,1,0,1,233,ng,native_generator,1,0,0,0,0,0,1,0,0,J_REG_BUS_595,positive PMAX and converted fuel is not import/reference,medium,PERFORM PSS/E RAW rev33,PERFORM/On Peak 2019 v23_Perform_NY/On Peak 2019 v23/NYISO_onpeak2019_v23_shuntsRgens.RAW
595,BRUCKNER,3,J,1,32.9,-25.9,32.9,1,47,1.02,0,595,BRUCKNER,J,0,1,1,1,1,0,1,234,ng,native_generator,1,0,0,0,0,0,1,0,0,J_REG_BUS_595,positive PMAX and converted fuel is not import/reference,medium,PERFORM PSS/E RAW rev33,PERFORM/On Peak 2019 v23_Perform_NY/On Peak 2019 v23/NYISO_onpeak2019_v23_shuntsRgens.RAW
595,BRUCKNER,4,J,1,32.9,-25.9,32.9,1,47,1.02,0,595,BRUCKNER,J,0,1,1,1,1,0,1,235,ng,native_generator,1,0,0,0,0,0,1,0,0,J_REG_BUS_595,positive PMAX and converted fuel is not import/reference,medium,PERFORM PSS/E RAW rev33,PERFORM/On Peak 2019 v23_Perform_NY/On Peak 2019 v23/NYISO_onpeak2019_v23_shuntsRgens.RAW
596,TREMONT,1,J,0,0,-0.9,1.2,0.3,1.7,1.02,0,596,TREMONT,J,0,1,0,0,0,0,1,236,dfo,offline,0,0,0,0,0,1,0,0,0,J_REG_BUS_596,RAW STAT is offline,high,PERFORM PSS/E RAW rev33,PERFORM/On Peak 2019 v23_Perform_NY/On Peak 2019 v23/NYISO_onpeak2019_v23_shuntsRgens.RAW
596,TREMONT,2,J,0,0,-7.1,9,10.3,12.9,1.02,0,596,TREMONT,J,0,1,0,0,0,0,1,237,dfo,offline,0,0,0,0,0,1,0,0,0,J_REG_BUS_596,RAW STAT is offline,high,PERFORM PSS/E RAW rev33,PERFORM/On Peak 2019 v23_Perform_NY/On Peak 2019 v23/NYISO_onpeak2019_v23_shuntsRgens.RAW
596,TREMONT,3,J,0,0,-7.1,9,10.3,12.9,1.02,0,596,TREMONT,J,0,1,0,0,0,0,1,238,dfo,offline,0,0,0,0,0,1,0,0,0,J_REG_BUS_596,RAW STAT is offline,high,PERFORM PSS/E RAW rev33,PERFORM/On Peak 2019 v23_Perform_NY/On Peak 2019 v23/NYISO_onpeak2019_v23_shuntsRgens.RAW
596,TREMONT,4,J,0,0,-8.8,11.2,3,16,1.02,0,596,TREMONT,J,0,1,0,0,0,0,1,239,dfo,offline,0,0,0,0,0,1,0,0,0,J_REG_BUS_596,RAW STAT is offline,high,PERFORM PSS/E RAW rev33,PERFORM/On Peak 2019 v23_Perform_NY/On Peak 2019 v23/NYISO_onpeak2019_v23_shuntsRgens.RAW
600,EAST 179TH~1,1,J,0,0,-0.1,0.1,0,0.1,1.02,0,600,EAST 179TH~1,J,0,1,0,0,0,0,1,240,ng,offline,0,0,0,0,0,1,0,0,0,J_REG_BUS_600,RAW STAT is offline,high,PERFORM PSS/E RAW rev33,PERFORM/On Peak 2019 v23_Perform_NY/On Peak 2019 v23/NYISO_onpeak2019_v23_shuntsRgens.RAW
600,EAST 179TH~1,10,J,0,0,-0.8,1,0.1,1.4,1.02,0,600,EAST 179TH~1,J,0,1,0,0,0,0,1,249,ng,offline,0,0,0,0,0,1,0,0,0,J_REG_BUS_600,RAW STAT is offline,high,PERFORM PSS/E RAW rev33,PERFORM/On Peak 2019 v23_Perform_NY/On Peak 2019 v23/NYISO_onpeak2019_v23_shuntsRgens.RAW
600,EAST 179TH~1,11,J,0,0,-0.8,1,0.1,1.4,1.02,0,600,EAST 179TH~1,J,0,1,0,0,0,0,1,250,ng,offline,0,0,0,0,0,1,0,0,0,J_REG_BUS_600,RAW STAT is offline,high,PERFORM PSS/E RAW rev33,PERFORM/On Peak 2019 v23_Perform_NY/On Peak 2019 v23/NYISO_onpeak2019_v23_shuntsRgens.RAW
600,EAST 179TH~1,12,J,0,0,-0.8,1.1,0.2,1.5,1.02,0,600,EAST 179TH~1,J,0,1,0,0,0,0,1,251,ng,offline,0,0,0,0,0,1,0,0,0,J_REG_BUS_600,RAW STAT is offline,high,PERFORM PSS/E RAW rev33,PERFORM/On Peak 2019 v23_Perform_NY/On Peak 2019 v23/NYISO_onpeak2019_v23_shuntsRgens.RAW
600,EAST 179TH~1,13,J,0,0,-0.8,1.1,0.2,1.5,1.02,0,600,EAST 179TH~1,J,0,1,0,0,0,0,1,252,ng,offline,0,0,0,0,0,1,0,0,0,J_REG_BUS_600,RAW STAT is offline,high,PERFORM PSS/E RAW rev33,PERFORM/On Peak 2019 v23_Perform_NY/On Peak 2019 v23/NYISO_onpeak2019_v23_shuntsRgens.RAW
600,EAST 179TH~1,14,J,0,0,-0.9,1.1,1.2,1.6,1.02,0,600,EAST 179TH~1,J,0,1,0,0,0,0,1,253,ng,offline,0,0,0,0,0,1,0,0,0,J_REG_BUS_600,RAW STAT is offline,high,PERFORM PSS/E RAW rev33,PERFORM/On Peak 2019 v23_Perform_NY/On Peak 2019 v23/NYISO_onpeak2019_v23_shuntsRgens.RAW
600,EAST 179TH~1,15,J,0,0,-0.9,1.1,1.2,1.6,1.02,0,600,EAST 179TH~1,J,0,1,0,0,0,0,1,254,ng,offline,0,0,0,0,0,1,0,0,0,J_REG_BUS_600,RAW STAT is offline,high,PERFORM PSS/E RAW rev33,PERFORM/On Peak 2019 v23_Perform_NY/On Peak 2019 v23/NYISO_onpeak2019_v23_shuntsRgens.RAW
600,EAST 179TH~1,16,J,0,0,-0.9,1.1,1.2,1.6,1.02,0,600,EAST 179TH~1,J,0,1,0,0,0,0,1,255,dfo,offline,0,0,0,0,0,1,0,0,0,J_REG_BUS_600,RAW STAT is offline,high,PERFORM PSS/E RAW rev33,PERFORM/On Peak 2019 v23_Perform_NY/On Peak 2019 v23/NYISO_onpeak2019_v23_shuntsRgens.RAW
600,EAST 179TH~1,17,J,0,0,-1.1,1.4,0.2,2,1.02,0,600,EAST 179TH~1,J,0,1,0,0,0,0,1,256,ng,offline,0,0,0,0,0,1,0,0,0,J_REG_BUS_600,RAW STAT is offline,high,PERFORM PSS/E RAW rev33,PERFORM/On Peak 2019 v23_Perform_NY/On Peak 2019 v23/NYISO_onpeak2019_v23_shuntsRgens.RAW
600,EAST 179TH~1,18,J,0,0,-1.1,1.4,0.2,2,1.02,0,600,EAST 179TH~1,J,0,1,0,0,0,0,1,257,dfo,offline,0,0,0,0,0,1,0,0,0,J_REG_BUS_600,RAW STAT is offline,high,PERFORM PSS/E RAW rev33,PERFORM/On Peak 2019 v23_Perform_NY/On Peak 2019 v23/NYISO_onpeak2019_v23_shuntsRgens.RAW
600,EAST 179TH~1,19,J,0,0,-1.1,1.4,0.1,2,1.02,0,600,EAST 179TH~1,J,0,1,0,0,0,0,1,258,ng,offline,0,0,0,0,0,1,0,0,0,J_REG_BUS_600,RAW STAT is offline,high,PERFORM PSS/E RAW rev33,PERFORM/On Peak 2019 v23_Perform_NY/On Peak 2019 v23/NYISO_onpeak2019_v23_shuntsRgens.RAW
600,EAST 179TH~1,2,J,0,0,-0.1,0.1,0.1,0.2,1.02,0,600,EAST 179TH~1,J,0,1,0,0,0,0,1,241,ng,offline,0,0,0,0,0,1,0,0,0,J_REG_BUS_600,RAW STAT is offline,high,PERFORM PSS/E RAW rev33,PERFORM/On Peak 2019 v23_Perform_NY/On Peak 2019 v23/NYISO_onpeak2019_v23_shuntsRgens.RAW
600,EAST 179TH~1,20,J,0,0,-1.1,1.4,0.1,2,1.02,0,600,EAST 179TH~1,J,0,1,0,0,0,0,1,259,ng,offline,0,0,0,0,0,1,0,0,0,J_REG_BUS_600,RAW STAT is offline,high,PERFORM PSS/E RAW rev33,PERFORM/On Peak 2019 v23_Perform_NY/On Peak 2019 v23/NYISO_onpeak2019_v23_shuntsRgens.RAW
600,EAST 179TH~1,21,J,0,0,-1.1,1.4,0.2,2,1.02,0,600,EAST 179TH~1,J,0,1,0,0,0,0,1,260,ng,offline,0,0,0,0,0,1,0,0,0,J_REG_BUS_600,RAW STAT is offline,high,PERFORM PSS/E RAW rev33,PERFORM/On Peak 2019 v23_Perform_NY/On Peak 2019 v23/NYISO_onpeak2019_v23_shuntsRgens.RAW
600,EAST 179TH~1,22,J,0,0,-2.9,3.7,3.5,5.3,1.02,0,600,EAST 179TH~1,J,0,1,0,0,0,0,1,261,dfo,offline,0,0,0,0,0,1,0,0,0,J_REG_BUS_600,RAW STAT is offline,high,PERFORM PSS/E RAW rev33,PERFORM/On Peak 2019 v23_Perform_NY/On Peak 2019 v23/NYISO_onpeak2019_v23_shuntsRgens.RAW
600,EAST 179TH~1,3,J,0,0,-0.1,0.1,0.1,0.2,1.02,0,600,EAST 179TH~1,J,0,1,0,0,0,0,1,242,ng,offline,0,0,0,0,0,1,0,0,0,J_REG_BUS_600,RAW STAT is offline,high,PERFORM PSS/E RAW rev33,PERFORM/On Peak 2019 v23_Perform_NY/On Peak 2019 v23/NYISO_onpeak2019_v23_shuntsRgens.RAW
600,EAST 179TH~1,4,J,0,0,-0.2,0.2,0.1,0.3,1.02,0,600,EAST 179TH~1,J,0,1,0,0,0,0,1,243,ng,offline,0,0,0,0,0,1,0,0,0,J_REG_BUS_600,RAW STAT is offline,high,PERFORM PSS/E RAW rev33,PERFORM/On Peak 2019 v23_Perform_NY/On Peak 2019 v23/NYISO_onpeak2019_v23_shuntsRgens.RAW
600,EAST 179TH~1,5,J,0,0,-0.3,0.4,0.1,0.5,1.02,0,600,EAST 179TH~1,J,0,1,0,0,0,0,1,244,ng,offline,0,0,0,0,0,1,0,0,0,J_REG_BUS_600,RAW STAT is offline,high,PERFORM PSS/E RAW rev33,PERFORM/On Peak 2019 v23_Perform_NY/On Peak 2019 v23/NYISO_onpeak2019_v23_shuntsRgens.RAW
600,EAST 179TH~1,6,J,0,0,-0.3,0.4,0.1,0.5,1.02,0,600,EAST 179TH~1,J,0,1,0,0,0,0,1,245,ng,offline,0,0,0,0,0,1,0,0,0,J_REG_BUS_600,RAW STAT is offline,high,PERFORM PSS/E RAW rev33,PERFORM/On Peak 2019 v23_Perform_NY/On Peak 2019 v23/NYISO_onpeak2019_v23_shuntsRgens.RAW
600,EAST 179TH~1,7,J,0,0,-0.3,0.4,0.1,0.6,1.02,0,600,EAST 179TH~1,J,0,1,0,0,0,0,1,246,ng,offline,0,0,0,0,0,1,0,0,0,J_REG_BUS_600,RAW STAT is offline,high,PERFORM PSS/E RAW rev33,PERFORM/On Peak 2019 v23_Perform_NY/On Peak 2019 v23/NYISO_onpeak2019_v23_shuntsRgens.RAW
600,EAST 179TH~1,8,J,0,0,-0.3,0.4,0.1,0.6,1.02,0,600,EAST 179TH~1,J,0,1,0,0,0,0,1,247,ng,offline,0,0,0,0,0,1,0,0,0,J_REG_BUS_600,RAW STAT is offline,high,PERFORM PSS/E RAW rev33,PERFORM/On Peak 2019 v23_Perform_NY/On Peak 2019 v23/NYISO_onpeak2019_v23_shuntsRgens.RAW
600,EAST 179TH~1,9,J,0,0,-0.6,0.7,0.1,1,1.02,0,600,EAST 179TH~1,J,0,1,0,0,0,0,1,248,ng,offline,0,0,0,0,0,1,0,0,0,J_REG_BUS_600,RAW STAT is offline,high,PERFORM PSS/E RAW rev33,PERFORM/On Peak 2019 v23_Perform_NY/On Peak 2019 v23/NYISO_onpeak2019_v23_shuntsRgens.RAW
601,CORONA,1,J,0,0,-1.1,1.4,0.6,2,1.02,0,601,CORONA,J,0,1,0,0,0,0,1,262,ng,offline,0,0,0,0,0,1,0,0,0,J_REG_BUS_601,RAW STAT is offline,high,PERFORM PSS/E RAW rev33,PERFORM/On Peak 2019 v23_Perform_NY/On Peak 2019 v23/NYISO_onpeak2019_v23_shuntsRgens.RAW
601,CORONA,2,J,0,0,-1.1,1.4,0.6,2,1.02,0,601,CORONA,J,0,1,0,0,0,0,1,263,dfo,offline,0,0,0,0,0,1,0,0,0,J_REG_BUS_601,RAW STAT is offline,high,PERFORM PSS/E RAW rev33,PERFORM/On Peak 2019 v23_Perform_NY/On Peak 2019 v23/NYISO_onpeak2019_v23_shuntsRgens.RAW
601,CORONA,3,J,0,0,-1.1,1.4,0.6,2,1.02,0,601,CORONA,J,0,1,0,0,0,0,1,264,dfo,offline,0,0,0,0,0,1,0,0,0,J_REG_BUS_601,RAW STAT is offline,high,PERFORM PSS/E RAW rev33,PERFORM/On Peak 2019 v23_Perform_NY/On Peak 2019 v23/NYISO_onpeak2019_v23_shuntsRgens.RAW
601,CORONA,4,J,0,0,-1.1,1.4,0.6,2,1.02,0,601,CORONA,J,0,1,0,0,0,0,1,265,ng,offline,0,0,0,0,0,1,0,0,0,J_REG_BUS_601,RAW STAT is offline,high,PERFORM PSS/E RAW rev33,PERFORM/On Peak 2019 v23_Perform_NY/On Peak 2019 v23/NYISO_onpeak2019_v23_shuntsRgens.RAW
601,CORONA,5,J,0,0,-1.1,1.4,0.6,2,1.02,0,601,CORONA,J,0,1,0,0,0,0,1,266,dfo,offline,0,0,0,0,0,1,0,0,0,J_REG_BUS_601,RAW STAT is offline,high,PERFORM PSS/E RAW rev33,PERFORM/On Peak 2019 v23_Perform_NY/On Peak 2019 v23/NYISO_onpeak2019_v23_shuntsRgens.RAW
601,CORONA,6,J,0,0,-1.1,1.4,0.6,2,1.02,0,601,CORONA,J,0,1,0,0,0,0,1,267,dfo,offline,0,0,0,0,0,1,0,0,0,J_REG_BUS_601,RAW STAT is offline,high,PERFORM PSS/E RAW rev33,PERFORM/On Peak 2019 v23_Perform_NY/On Peak 2019 v23/NYISO_onpeak2019_v23_shuntsRgens.RAW
608,HOLBROOK,QS,K,0,6.83,0,200,0,0,1.015,0,608,HOLBROOK,K,0,1,1,NaN,1,0,1,NaN,,reactive_only_QS,0,1,0,0,0,0,0,0,1,K_REG_BUS_608,ID QS with zero P capability and nonzero Q range,high,PERFORM PSS/E RAW rev33,PERFORM/On Peak 2019 v23_Perform_NY/On Peak 2019 v23/NYISO_onpeak2019_v23_shuntsRgens.RAW
609,HOLTSVILLE~1,10,K,56.341,-8.859,-31.2,39.7,40.4,56.7,1.015,0,609,HOLTSVILLE~1,K,0,1,1,1,1,0,1,276,ng,native_generator,1,0,0,0,0,0,1,0,0,K_REG_BUS_609,positive PMAX and converted fuel is not import/reference,medium,PERFORM PSS/E RAW rev33,PERFORM/On Peak 2019 v23_Perform_NY/On Peak 2019 v23/NYISO_onpeak2019_v23_shuntsRgens.RAW
609,HOLTSVILLE~1,11,K,56.341,-8.859,-31.2,39.7,40.1,56.7,1.015,0,609,HOLTSVILLE~1,K,0,1,1,1,1,0,1,277,ng,native_generator,1,0,0,0,0,0,1,0,0,K_REG_BUS_609,positive PMAX and converted fuel is not import/reference,medium,PERFORM PSS/E RAW rev33,PERFORM/On Peak 2019 v23_Perform_NY/On Peak 2019 v23/NYISO_onpeak2019_v23_shuntsRgens.RAW
609,HOLTSVILLE~1,2,K,0,0,-31.2,39.7,37.6,56.7,1.015,0,609,HOLTSVILLE~1,K,0,1,0,0,0,0,1,268,dfo,offline,0,0,0,0,0,1,0,0,0,K_REG_BUS_609,RAW STAT is offline,high,PERFORM PSS/E RAW rev33,PERFORM/On Peak 2019 v23_Perform_NY/On Peak 2019 v23/NYISO_onpeak2019_v23_shuntsRgens.RAW
609,HOLTSVILLE~1,3,K,56.401,-8.859,-31.2,39.7,35.1,56.7,1.015,0,609,HOLTSVILLE~1,K,0,1,1,1,1,0,1,269,ng,native_generator,1,0,0,0,0,0,1,0,0,K_REG_BUS_609,positive PMAX and converted fuel is not import/reference,medium,PERFORM PSS/E RAW rev33,PERFORM/On Peak 2019 v23_Perform_NY/On Peak 2019 v23/NYISO_onpeak2019_v23_shuntsRgens.RAW
609,HOLTSVILLE~1,4,K,0,0,-31.2,39.7,35.8,56.7,1.015,0,609,HOLTSVILLE~1,K,0,1,0,0,0,0,1,270,dfo,offline,0,0,0,0,0,1,0,0,0,K_REG_BUS_609,RAW STAT is offline,high,PERFORM PSS/E RAW rev33,PERFORM/On Peak 2019 v23_Perform_NY/On Peak 2019 v23/NYISO_onpeak2019_v23_shuntsRgens.RAW
609,HOLTSVILLE~1,5,K,0,0,-31.2,39.7,35.9,56.7,1.015,0,609,HOLTSVILLE~1,K,0,1,0,0,0,0,1,271,dfo,offline,0,0,0,0,0,1,0,0,0,K_REG_BUS_609,RAW STAT is offline,high,PERFORM PSS/E RAW rev33,PERFORM/On Peak 2019 v23_Perform_NY/On Peak 2019 v23/NYISO_onpeak2019_v23_shuntsRgens.RAW
609,HOLTSVILLE~1,6,K,56.341,-8.859,-31.2,39.7,40.3,56.7,1.015,0,609,HOLTSVILLE~1,K,0,1,1,1,1,0,1,272,ng,native_generator,1,0,0,0,0,0,1,0,0,K_REG_BUS_609,positive PMAX and converted fuel is not import/reference,medium,PERFORM PSS/E RAW rev33,PERFORM/On Peak 2019 v23_Perform_NY/On Peak 2019 v23/NYISO_onpeak2019_v23_shuntsRgens.RAW
609,HOLTSVILLE~1,7,K,0,0,-31.2,39.7,38.5,56.7,1.015,0,609,HOLTSVILLE~1,K,0,1,0,0,0,0,1,273,dfo,offline,0,0,0,0,0,1,0,0,0,K_REG_BUS_609,RAW STAT is offline,high,PERFORM PSS/E RAW rev33,PERFORM/On Peak 2019 v23_Perform_NY/On Peak 2019 v23/NYISO_onpeak2019_v23_shuntsRgens.RAW
609,HOLTSVILLE~1,8,K,56.341,-8.859,-31.2,39.7,36.8,56.7,1.015,0,609,HOLTSVILLE~1,K,0,1,1,1,1,0,1,274,ng,native_generator,1,0,0,0,0,0,1,0,0,K_REG_BUS_609,positive PMAX and converted fuel is not import/reference,medium,PERFORM PSS/E RAW rev33,PERFORM/On Peak 2019 v23_Perform_NY/On Peak 2019 v23/NYISO_onpeak2019_v23_shuntsRgens.RAW
609,HOLTSVILLE~1,9,K,56.341,-8.859,-31.2,39.7,41.8,56.7,1.015,0,609,HOLTSVILLE~1,K,0,1,1,1,1,0,1,275,ng,native_generator,1,0,0,0,0,0,1,0,0,K_REG_BUS_609,positive PMAX and converted fuel is not import/reference,medium,PERFORM PSS/E RAW rev33,PERFORM/On Peak 2019 v23_Perform_NY/On Peak 2019 v23/NYISO_onpeak2019_v23_shuntsRgens.RAW
609,HOLTSVILLE~1,C1,K,67.082,-8.859,-114.8,123,2,164,1.015,0,609,HOLTSVILLE~1,K,0,1,1,1,1,0,1,278,ng,native_generator,1,0,0,0,0,0,1,0,0,K_REG_BUS_609,positive PMAX and converted fuel is not import/reference,medium,PERFORM PSS/E RAW rev33,PERFORM/On Peak 2019 v23_Perform_NY/On Peak 2019 v23/NYISO_onpeak2019_v23_shuntsRgens.RAW
609,HOLTSVILLE~1,QS,K,0,-8.859,-200,200,0,0,1.015,0,609,HOLTSVILLE~1,K,0,1,1,NaN,1,0,1,NaN,,reactive_only_QS,0,1,0,0,0,0,0,0,1,K_REG_BUS_609,ID QS with zero P capability and nonzero Q range,high,PERFORM PSS/E RAW rev33,PERFORM/On Peak 2019 v23_Perform_NY/On Peak 2019 v23/NYISO_onpeak2019_v23_shuntsRgens.RAW
614,BRENTWOOD,1,K,46.702,-7.844,-25.9,32.9,1,47,1.01,0,614,BRENTWOOD,K,0,1,1,1,1,0,1,279,ng,native_generator,1,0,0,0,0,0,1,0,0,K_REG_BUS_614,positive PMAX and converted fuel is not import/reference,medium,PERFORM PSS/E RAW rev33,PERFORM/On Peak 2019 v23_Perform_NY/On Peak 2019 v23/NYISO_onpeak2019_v23_shuntsRgens.RAW
614,BRENTWOOD,2,K,49.683,-7.844,-27.5,35,39.9,50,1.01,0,614,BRENTWOOD,K,0,1,1,1,1,0,1,280,ng,native_generator,1,0,0,0,0,0,1,0,0,K_REG_BUS_614,positive PMAX and converted fuel is not import/reference,medium,PERFORM PSS/E RAW rev33,PERFORM/On Peak 2019 v23_Perform_NY/On Peak 2019 v23/NYISO_onpeak2019_v23_shuntsRgens.RAW
614,BRENTWOOD,3,K,49.683,-7.844,-27.5,35,39.9,50,1.01,0,614,BRENTWOOD,K,0,1,1,1,1,0,1,281,ng,native_generator,1,0,0,0,0,0,1,0,0,K_REG_BUS_614,positive PMAX and converted fuel is not import/reference,medium,PERFORM PSS/E RAW rev33,PERFORM/On Peak 2019 v23_Perform_NY/On Peak 2019 v23/NYISO_onpeak2019_v23_shuntsRgens.RAW
619,RONKONKOMA,1,K,12.421,-6.9,-6.9,8.8,1,12.5,1.01,0,619,RONKONKOMA,K,0,1,1,1,1,0,1,282,other,native_generator,1,0,0,0,0,0,1,0,0,K_REG_BUS_619,positive PMAX and converted fuel is not import/reference,medium,PERFORM PSS/E RAW rev33,PERFORM/On Peak 2019 v23_Perform_NY/On Peak 2019 v23/NYISO_onpeak2019_v23_shuntsRgens.RAW
621,TAP135492,QS,K,0,39.967,0,150,0,0,1.015,0,621,TAP135492,K,0,1,1,NaN,1,0,1,NaN,,reactive_only_QS,0,1,0,0,0,0,0,0,1,K_REG_BUS_621,ID QS with zero P capability and nonzero Q range,high,PERFORM PSS/E RAW rev33,PERFORM/On Peak 2019 v23_Perform_NY/On Peak 2019 v23/NYISO_onpeak2019_v23_shuntsRgens.RAW
623,FAR ROCKAWAY,1,J,60.117,22.292,-33.3,42.4,26,60.5,1.015,0,623,FAR ROCKAWAY,J,0,1,1,1,1,0,1,283,ng,native_generator,1,0,0,0,0,0,1,0,0,J_REG_BUS_623,positive PMAX and converted fuel is not import/reference,medium,PERFORM PSS/E RAW rev33,PERFORM/On Peak 2019 v23_Perform_NY/On Peak 2019 v23/NYISO_onpeak2019_v23_shuntsRgens.RAW
623,FAR ROCKAWAY,2,J,60.117,22.292,-33.3,42.4,26,60.5,1.015,0,623,FAR ROCKAWAY,J,0,1,1,1,1,0,1,284,ng,native_generator,1,0,0,0,0,0,1,0,0,J_REG_BUS_623,positive PMAX and converted fuel is not import/reference,medium,PERFORM PSS/E RAW rev33,PERFORM/On Peak 2019 v23_Perform_NY/On Peak 2019 v23/NYISO_onpeak2019_v23_shuntsRgens.RAW
623,FAR ROCKAWAY,QS,J,0,22.292,0,250,0,0,1.015,0,623,FAR ROCKAWAY,J,0,1,1,NaN,1,0,1,NaN,,reactive_only_QS,0,1,0,0,0,0,0,0,1,J_REG_BUS_623,ID QS with zero P capability and nonzero Q range,high,PERFORM PSS/E RAW rev33,PERFORM/On Peak 2019 v23_Perform_NY/On Peak 2019 v23/NYISO_onpeak2019_v23_shuntsRgens.RAW
632,GROOMS ROAD,1,F,2.745,-0.353,-1.5,2,1,2.8,1.02,0,632,GROOMS ROAD,F,0,1,1,1,1,0,1,285,hydro,native_generator,1,0,0,0,0,0,1,0,0,F_REG_BUS_632,positive PMAX and converted fuel is not import/reference,medium,PERFORM PSS/E RAW rev33,PERFORM/On Peak 2019 v23_Perform_NY/On Peak 2019 v23/NYISO_onpeak2019_v23_shuntsRgens.RAW
632,GROOMS ROAD,2,F,2.745,-0.353,-1.5,2,1,2.8,1.02,0,632,GROOMS ROAD,F,0,1,1,1,1,0,1,286,hydro,native_generator,1,0,0,0,0,0,1,0,0,F_REG_BUS_632,positive PMAX and converted fuel is not import/reference,medium,PERFORM PSS/E RAW rev33,PERFORM/On Peak 2019 v23_Perform_NY/On Peak 2019 v23/NYISO_onpeak2019_v23_shuntsRgens.RAW
632,GROOMS ROAD,3,F,2.941,-0.353,-1.7,2.1,1,3,1.02,0,632,GROOMS ROAD,F,0,1,1,1,1,0,1,287,hydro,native_generator,1,0,0,0,0,0,1,0,0,F_REG_BUS_632,positive PMAX and converted fuel is not import/reference,medium,PERFORM PSS/E RAW rev33,PERFORM/On Peak 2019 v23_Perform_NY/On Peak 2019 v23/NYISO_onpeak2019_v23_shuntsRgens.RAW
632,GROOMS ROAD,4,F,2.941,-0.353,-1.7,2.1,1,3,1.02,0,632,GROOMS ROAD,F,0,1,1,1,1,0,1,288,hydro,native_generator,1,0,0,0,0,0,1,0,0,F_REG_BUS_632,positive PMAX and converted fuel is not import/reference,medium,PERFORM PSS/E RAW rev33,PERFORM/On Peak 2019 v23_Perform_NY/On Peak 2019 v23/NYISO_onpeak2019_v23_shuntsRgens.RAW
638,STURGEON P~1,1,G,4.705,3.4,-2.6,3.4,4,4.8,1.02,0,638,STURGEON P~1,G,0,1,1,1,1,0,1,289,hydro,native_generator,1,0,0,0,0,0,1,0,0,G_REG_BUS_638,positive PMAX and converted fuel is not import/reference,medium,PERFORM PSS/E RAW rev33,PERFORM/On Peak 2019 v23_Perform_NY/On Peak 2019 v23/NYISO_onpeak2019_v23_shuntsRgens.RAW
638,STURGEON P~1,2,G,4.705,3.4,-2.6,3.4,4,4.8,1.02,0,638,STURGEON P~1,G,0,1,1,1,1,0,1,290,hydro,native_generator,1,0,0,0,0,0,1,0,0,G_REG_BUS_638,positive PMAX and converted fuel is not import/reference,medium,PERFORM PSS/E RAW rev33,PERFORM/On Peak 2019 v23_Perform_NY/On Peak 2019 v23/NYISO_onpeak2019_v23_shuntsRgens.RAW
638,STURGEON P~1,3,G,4.705,3.4,-2.6,3.4,4,4.8,1.02,0,638,STURGEON P~1,G,0,1,1,1,1,0,1,291,hydro,native_generator,1,0,0,0,0,0,1,0,0,G_REG_BUS_638,positive PMAX and converted fuel is not import/reference,medium,PERFORM PSS/E RAW rev33,PERFORM/On Peak 2019 v23_Perform_NY/On Peak 2019 v23/NYISO_onpeak2019_v23_shuntsRgens.RAW
651,PLEASANT V~1,x,G,-800.379,69.543,-9900,9900,-800.379,-800.379,1.01,0,651,PLEASANT V~1,G,0,1,1,1,1,0,1,292,import,fixed_import_or_boundary_equivalent,0,0,1,0,0,0,0,1,0,G_REG_BUS_651,converted import/reference fuel or fixed negative P,high,PERFORM PSS/E RAW rev33,PERFORM/On Peak 2019 v23_Perform_NY/On Peak 2019 v23/NYISO_onpeak2019_v23_shuntsRgens.RAW
682,TAP135771,1,F,2.451,-1.163,-1.4,1.8,0.2,2.5,1.02,0,682,TAP135771,F,0,1,1,1,1,0,1,293,hydro,native_generator,1,0,0,0,0,0,1,0,0,F_REG_BUS_682,positive PMAX and converted fuel is not import/reference,medium,PERFORM PSS/E RAW rev33,PERFORM/On Peak 2019 v23_Perform_NY/On Peak 2019 v23/NYISO_onpeak2019_v23_shuntsRgens.RAW
682,TAP135771,2,F,35.288,-1.163,-19.8,25.2,15,36,1.02,0,682,TAP135771,F,0,1,1,1,1,0,1,294,hydro,native_generator,1,0,0,0,0,0,1,0,0,F_REG_BUS_682,positive PMAX and converted fuel is not import/reference,medium,PERFORM PSS/E RAW rev33,PERFORM/On Peak 2019 v23_Perform_NY/On Peak 2019 v23/NYISO_onpeak2019_v23_shuntsRgens.RAW
683,MOHICAN,1,F,21.565,3.916,-12.1,15.4,0.1,22,1.02,0,683,MOHICAN,F,0,1,1,1,1,0,1,295,hydro,native_generator,1,0,0,0,0,0,1,0,0,F_REG_BUS_683,positive PMAX and converted fuel is not import/reference,medium,PERFORM PSS/E RAW rev33,PERFORM/On Peak 2019 v23_Perform_NY/On Peak 2019 v23/NYISO_onpeak2019_v23_shuntsRgens.RAW
683,MOHICAN,2,F,21.565,3.916,-12.1,15.4,0.1,22,1.02,0,683,MOHICAN,F,0,1,1,1,1,0,1,296,hydro,native_generator,1,0,0,0,0,0,1,0,0,F_REG_BUS_683,positive PMAX and converted fuel is not import/reference,medium,PERFORM PSS/E RAW rev33,PERFORM/On Peak 2019 v23_Perform_NY/On Peak 2019 v23/NYISO_onpeak2019_v23_shuntsRgens.RAW
685,UNKNOWN13~10,1,F,1.96,-0.527,-1.1,1.4,1,2,1.02,0,685,UNKNOWN13~10,F,0,1,1,1,1,0,1,297,hydro,native_generator,1,0,0,0,0,0,1,0,0,F_REG_BUS_685,positive PMAX and converted fuel is not import/reference,medium,PERFORM PSS/E RAW rev33,PERFORM/On Peak 2019 v23_Perform_NY/On Peak 2019 v23/NYISO_onpeak2019_v23_shuntsRgens.RAW
685,UNKNOWN13~10,2,F,2.156,-0.527,-1.2,1.5,1,2.2,1.02,0,685,UNKNOWN13~10,F,0,1,1,1,1,0,1,298,hydro,native_generator,1,0,0,0,0,0,1,0,0,F_REG_BUS_685,positive PMAX and converted fuel is not import/reference,medium,PERFORM PSS/E RAW rev33,PERFORM/On Peak 2019 v23_Perform_NY/On Peak 2019 v23/NYISO_onpeak2019_v23_shuntsRgens.RAW
685,UNKNOWN13~10,3,F,2.353,-0.527,-1.3,1.7,1,2.4,1.02,0,685,UNKNOWN13~10,F,0,1,1,1,1,0,1,299,hydro,native_generator,1,0,0,0,0,0,1,0,0,F_REG_BUS_685,positive PMAX and converted fuel is not import/reference,medium,PERFORM PSS/E RAW rev33,PERFORM/On Peak 2019 v23_Perform_NY/On Peak 2019 v23/NYISO_onpeak2019_v23_shuntsRgens.RAW
685,UNKNOWN13~10,4,F,2.353,-0.527,-1.3,1.7,1,2.4,1.02,0,685,UNKNOWN13~10,F,0,1,1,1,1,0,1,300,hydro,native_generator,1,0,0,0,0,0,1,0,0,F_REG_BUS_685,positive PMAX and converted fuel is not import/reference,medium,PERFORM PSS/E RAW rev33,PERFORM/On Peak 2019 v23_Perform_NY/On Peak 2019 v23/NYISO_onpeak2019_v23_shuntsRgens.RAW
685,UNKNOWN13~10,5,F,2.745,-0.527,-1.5,2,1,2.8,1.02,0,685,UNKNOWN13~10,F,0,1,1,1,1,0,1,301,hydro,native_generator,1,0,0,0,0,0,1,0,0,F_REG_BUS_685,positive PMAX and converted fuel is not import/reference,medium,PERFORM PSS/E RAW rev33,PERFORM/On Peak 2019 v23_Perform_NY/On Peak 2019 v23/NYISO_onpeak2019_v23_shuntsRgens.RAW
685,UNKNOWN13~10,6,F,6.764,-0.527,-3.8,4.8,0.1,6.9,1.02,0,685,UNKNOWN13~10,F,0,1,1,1,1,0,1,302,hydro,native_generator,1,0,0,0,0,0,1,0,0,F_REG_BUS_685,positive PMAX and converted fuel is not import/reference,medium,PERFORM PSS/E RAW rev33,PERFORM/On Peak 2019 v23_Perform_NY/On Peak 2019 v23/NYISO_onpeak2019_v23_shuntsRgens.RAW
685,UNKNOWN13~10,7,F,6.764,-0.527,-3.8,4.8,0.1,6.9,1.02,0,685,UNKNOWN13~10,F,0,1,1,1,1,0,1,303,hydro,native_generator,1,0,0,0,0,0,1,0,0,F_REG_BUS_685,positive PMAX and converted fuel is not import/reference,medium,PERFORM PSS/E RAW rev33,PERFORM/On Peak 2019 v23_Perform_NY/On Peak 2019 v23/NYISO_onpeak2019_v23_shuntsRgens.RAW
685,UNKNOWN13~10,8,F,28.816,-0.527,-16,20.3,3,29,1.02,0,685,UNKNOWN13~10,F,0,1,1,1,1,0,1,304,wood,native_generator,1,0,0,0,0,0,1,0,0,F_REG_BUS_685,positive PMAX and converted fuel is not import/reference,medium,PERFORM PSS/E RAW rev33,PERFORM/On Peak 2019 v23_Perform_NY/On Peak 2019 v23/NYISO_onpeak2019_v23_shuntsRgens.RAW
693,BATTENKILL,1,F,10.292,-1.904,-5.8,7.4,1.2,10.5,1.02,0,693,BATTENKILL,F,0,1,1,1,1,0,1,305,hydro,native_generator,1,0,0,0,0,0,1,0,0,F_REG_BUS_693,positive PMAX and converted fuel is not import/reference,medium,PERFORM PSS/E RAW rev33,PERFORM/On Peak 2019 v23_Perform_NY/On Peak 2019 v23/NYISO_onpeak2019_v23_shuntsRgens.RAW
705,JOHNSON ROAD,1,F,6.862,1.452,-3.9,4.9,1,7,1.02,0,705,JOHNSON ROAD,F,0,1,1,1,1,0,1,306,hydro,native_generator,1,0,0,0,0,0,1,0,0,F_REG_BUS_705,positive PMAX and converted fuel is not import/reference,medium,PERFORM PSS/E RAW rev33,PERFORM/On Peak 2019 v23_Perform_NY/On Peak 2019 v23/NYISO_onpeak2019_v23_shuntsRgens.RAW
705,JOHNSON ROAD,2,F,6.862,1.452,-3.9,4.9,1,7,1.02,0,705,JOHNSON ROAD,F,0,1,1,1,1,0,1,307,hydro,native_generator,1,0,0,0,0,0,1,0,0,F_REG_BUS_705,positive PMAX and converted fuel is not import/reference,medium,PERFORM PSS/E RAW rev33,PERFORM/On Peak 2019 v23_Perform_NY/On Peak 2019 v23/NYISO_onpeak2019_v23_shuntsRgens.RAW
705,JOHNSON ROAD,3,F,6.862,1.452,-3.9,4.9,1,7,1.02,0,705,JOHNSON ROAD,F,0,1,1,1,1,0,1,308,hydro,native_generator,1,0,0,0,0,0,1,0,0,F_REG_BUS_705,positive PMAX and converted fuel is not import/reference,medium,PERFORM PSS/E RAW rev33,PERFORM/On Peak 2019 v23_Perform_NY/On Peak 2019 v23/NYISO_onpeak2019_v23_shuntsRgens.RAW
705,JOHNSON ROAD,4,F,7.842,1.452,-4.4,5.6,1,8,1.02,0,705,JOHNSON ROAD,F,0,1,1,1,1,0,1,309,hydro,native_generator,1,0,0,0,0,0,1,0,0,F_REG_BUS_705,positive PMAX and converted fuel is not import/reference,medium,PERFORM PSS/E RAW rev33,PERFORM/On Peak 2019 v23_Perform_NY/On Peak 2019 v23/NYISO_onpeak2019_v23_shuntsRgens.RAW
705,JOHNSON ROAD,5,F,12.743,1.452,-7.2,9.1,1,13,1.02,0,705,JOHNSON ROAD,F,0,1,1,1,1,0,1,310,hydro,native_generator,1,0,0,0,0,0,1,0,0,F_REG_BUS_705,positive PMAX and converted fuel is not import/reference,medium,PERFORM PSS/E RAW rev33,PERFORM/On Peak 2019 v23_Perform_NY/On Peak 2019 v23/NYISO_onpeak2019_v23_shuntsRgens.RAW
706,MAPLEWOOD,1,F,5.587,4,-3.1,4,0.1,5.7,1.02,0,706,MAPLEWOOD,F,0,1,1,1,1,0,1,311,hydro,native_generator,1,0,0,0,0,0,1,0,0,F_REG_BUS_706,positive PMAX and converted fuel is not import/reference,medium,PERFORM PSS/E RAW rev33,PERFORM/On Peak 2019 v23_Perform_NY/On Peak 2019 v23/NYISO_onpeak2019_v23_shuntsRgens.RAW
706,MAPLEWOOD,2,F,5.587,4,-3.1,4,0.1,5.7,1.02,0,706,MAPLEWOOD,F,0,1,1,1,1,0,1,312,hydro,native_generator,1,0,0,0,0,0,1,0,0,F_REG_BUS_706,positive PMAX and converted fuel is not import/reference,medium,PERFORM PSS/E RAW rev33,PERFORM/On Peak 2019 v23_Perform_NY/On Peak 2019 v23/NYISO_onpeak2019_v23_shuntsRgens.RAW
733,TAP135909,QS,K,0,18.928,0,100,0,0,1.015,0,733,TAP135909,K,0,1,1,NaN,1,0,1,NaN,,reactive_only_QS,0,1,0,0,0,0,0,0,1,K_REG_BUS_733,ID QS with zero P capability and nonzero Q range,high,PERFORM PSS/E RAW rev33,PERFORM/On Peak 2019 v23_Perform_NY/On Peak 2019 v23/NYISO_onpeak2019_v23_shuntsRgens.RAW
735,EAST HAMPTON,1,K,0,0,-1.1,1.4,2,2,1.01,0,735,EAST HAMPTON,K,0,1,0,0,0,0,1,313,ng,offline,0,0,0,0,0,1,0,0,0,K_REG_BUS_735,RAW STAT is offline,high,PERFORM PSS/E RAW rev33,PERFORM/On Peak 2019 v23_Perform_NY/On Peak 2019 v23/NYISO_onpeak2019_v23_shuntsRgens.RAW
735,EAST HAMPTON,2,K,0,0,-1.1,1.4,2,2,1.01,0,735,EAST HAMPTON,K,0,1,0,0,0,0,1,314,ng,offline,0,0,0,0,0,1,0,0,0,K_REG_BUS_735,RAW STAT is offline,high,PERFORM PSS/E RAW rev33,PERFORM/On Peak 2019 v23_Perform_NY/On Peak 2019 v23/NYISO_onpeak2019_v23_shuntsRgens.RAW
735,EAST HAMPTON,3,K,0,0,-1.1,1.4,1.9,2,1.01,0,735,EAST HAMPTON,K,0,1,0,0,0,0,1,315,ng,offline,0,0,0,0,0,1,0,0,0,K_REG_BUS_735,RAW STAT is offline,high,PERFORM PSS/E RAW rev33,PERFORM/On Peak 2019 v23_Perform_NY/On Peak 2019 v23/NYISO_onpeak2019_v23_shuntsRgens.RAW
735,EAST HAMPTON,4,K,21.165,-11.7,-11.7,14.9,15.4,21.3,1.01,0,735,EAST HAMPTON,K,0,1,1,1,1,0,1,316,ng,native_generator,1,0,0,0,0,0,1,0,0,K_REG_BUS_735,positive PMAX and converted fuel is not import/reference,medium,PERFORM PSS/E RAW rev33,PERFORM/On Peak 2019 v23_Perform_NY/On Peak 2019 v23/NYISO_onpeak2019_v23_shuntsRgens.RAW
736,EAST HAMPTON,QS,K,0,57.544,0,200,0,0,1.015,0,736,EAST HAMPTON,K,0,1,1,NaN,1,0,1,NaN,,reactive_only_QS,0,1,0,0,0,0,0,0,1,K_REG_BUS_736,ID QS with zero P capability and nonzero Q range,high,PERFORM PSS/E RAW rev33,PERFORM/On Peak 2019 v23_Perform_NY/On Peak 2019 v23/NYISO_onpeak2019_v23_shuntsRgens.RAW
737,BRIDGEHAMP~1,1,K,0,0,-0.7,0.8,0.3,1.2,1.015,0,737,BRIDGEHAMP~1,K,0,1,0,0,0,0,1,317,rfo,offline,0,0,0,0,0,1,0,0,0,K_REG_BUS_737,RAW STAT is offline,high,PERFORM PSS/E RAW rev33,PERFORM/On Peak 2019 v23_Perform_NY/On Peak 2019 v23/NYISO_onpeak2019_v23_shuntsRgens.RAW
737,BRIDGEHAMP~1,2,K,0,0,-0.9,1.1,0,1.6,1.015,0,737,BRIDGEHAMP~1,K,0,1,0,0,0,0,1,318,rfo,offline,0,0,0,0,0,1,0,0,0,K_REG_BUS_737,RAW STAT is offline,high,PERFORM PSS/E RAW rev33,PERFORM/On Peak 2019 v23_Perform_NY/On Peak 2019 v23/NYISO_onpeak2019_v23_shuntsRgens.RAW
737,BRIDGEHAMP~1,3,K,0,0,-0.9,1.2,0,1.7,1.015,0,737,BRIDGEHAMP~1,K,0,1,0,0,0,0,1,319,dfo,offline,0,0,0,0,0,1,0,0,0,K_REG_BUS_737,RAW STAT is offline,high,PERFORM PSS/E RAW rev33,PERFORM/On Peak 2019 v23_Perform_NY/On Peak 2019 v23/NYISO_onpeak2019_v23_shuntsRgens.RAW
737,BRIDGEHAMP~1,4,K,0,0,-1,1.3,0.3,1.8,1.015,0,737,BRIDGEHAMP~1,K,0,1,0,0,0,0,1,320,dfo,offline,0,0,0,0,0,1,0,0,0,K_REG_BUS_737,RAW STAT is offline,high,PERFORM PSS/E RAW rev33,PERFORM/On Peak 2019 v23_Perform_NY/On Peak 2019 v23/NYISO_onpeak2019_v23_shuntsRgens.RAW
737,BRIDGEHAMP~1,5,K,0,0,-2.1,2.7,0.4,3.8,1.015,0,737,BRIDGEHAMP~1,K,0,1,0,0,0,0,1,321,ng,offline,0,0,0,0,0,1,0,0,0,K_REG_BUS_737,RAW STAT is offline,high,PERFORM PSS/E RAW rev33,PERFORM/On Peak 2019 v23_Perform_NY/On Peak 2019 v23/NYISO_onpeak2019_v23_shuntsRgens.RAW
737,BRIDGEHAMP~1,6,K,13.911,1.254,-7.7,9.8,7.3,14,1.015,0,737,BRIDGEHAMP~1,K,0,1,1,1,1,0,1,322,ng,native_generator,1,0,0,0,0,0,1,0,0,K_REG_BUS_737,positive PMAX and converted fuel is not import/reference,medium,PERFORM PSS/E RAW rev33,PERFORM/On Peak 2019 v23_Perform_NY/On Peak 2019 v23/NYISO_onpeak2019_v23_shuntsRgens.RAW
737,BRIDGEHAMP~1,7,K,53.658,1.254,-29.7,37.8,20,54,1.015,0,737,BRIDGEHAMP~1,K,0,1,1,1,1,0,1,323,dfo,native_generator,1,0,0,0,0,0,1,0,0,K_REG_BUS_737,positive PMAX and converted fuel is not import/reference,medium,PERFORM PSS/E RAW rev33,PERFORM/On Peak 2019 v23_Perform_NY/On Peak 2019 v23/NYISO_onpeak2019_v23_shuntsRgens.RAW
737,BRIDGEHAMP~1,QS,K,0,1.254,0,200,0,0,1.015,0,737,BRIDGEHAMP~1,K,0,1,1,NaN,1,0,1,NaN,,reactive_only_QS,0,1,0,0,0,0,0,0,1,K_REG_BUS_737,ID QS with zero P capability and nonzero Q range,high,PERFORM PSS/E RAW rev33,PERFORM/On Peak 2019 v23_Perform_NY/On Peak 2019 v23/NYISO_onpeak2019_v23_shuntsRgens.RAW
738,SOUTHAMPTON,1,K,11.427,3.668,-6.3,8.1,6.6,11.5,1.015,0,738,SOUTHAMPTON,K,0,1,1,1,1,0,1,324,dfo,native_generator,1,0,0,0,0,0,1,0,0,K_REG_BUS_738,positive PMAX and converted fuel is not import/reference,medium,PERFORM PSS/E RAW rev33,PERFORM/On Peak 2019 v23_Perform_NY/On Peak 2019 v23/NYISO_onpeak2019_v23_shuntsRgens.RAW
738,SOUTHAMPTON,QS,K,0,3.668,0,200,0,0,1.015,0,738,SOUTHAMPTON,K,0,1,1,NaN,1,0,1,NaN,,reactive_only_QS,0,1,0,0,0,0,0,0,1,K_REG_BUS_738,ID QS with zero P capability and nonzero Q range,high,PERFORM PSS/E RAW rev33,PERFORM/On Peak 2019 v23_Perform_NY/On Peak 2019 v23/NYISO_onpeak2019_v23_shuntsRgens.RAW
739,CANAL,QS,K,0,23.101,0,200,0,0,1.015,0,739,CANAL,K,0,1,1,NaN,1,0,1,NaN,,reactive_only_QS,0,1,0,0,0,0,0,0,1,K_REG_BUS_739,ID QS with zero P capability and nonzero Q range,high,PERFORM PSS/E RAW rev33,PERFORM/On Peak 2019 v23_Perform_NY/On Peak 2019 v23/NYISO_onpeak2019_v23_shuntsRgens.RAW
740,TIANA,QS,K,0,11.418,0,275,0,0,1.015,0,740,TIANA,K,0,1,1,NaN,1,0,1,NaN,,reactive_only_QS,0,1,0,0,0,0,0,0,1,K_REG_BUS_740,ID QS with zero P capability and nonzero Q range,high,PERFORM PSS/E RAW rev33,PERFORM/On Peak 2019 v23_Perform_NY/On Peak 2019 v23/NYISO_onpeak2019_v23_shuntsRgens.RAW
756,SUGARLOAF,X,G,8.169,-1.407,-20,20,8,10,1.018,0,756,SUGARLOAF,G,0,1,1,0,0,1,1,325,import,fixed_import_or_boundary_equivalent,0,0,1,0,0,0,1,0,0,G_REG_BUS_756,converted import/reference fuel or fixed negative P,high,PERFORM PSS/E RAW rev33,PERFORM/On Peak 2019 v23_Perform_NY/On Peak 2019 v23/NYISO_onpeak2019_v23_shuntsRgens.RAW
759,TAP135973,1,D,80.487,-3.605,-44.6,56.7,0,81,1.02,0,759,TAP135973,D,0,1,1,1,1,0,1,326,wind,native_generator,1,0,0,0,0,0,1,0,0,D_REG_BUS_759,positive PMAX and converted fuel is not import/reference,medium,PERFORM PSS/E RAW rev33,PERFORM/On Peak 2019 v23_Perform_NY/On Peak 2019 v23/NYISO_onpeak2019_v23_shuntsRgens.RAW
759,TAP135973,2,D,99.863,-3.605,-55.3,70.4,0,100.5,1.02,0,759,TAP135973,D,0,1,1,1,1,0,1,327,wind,native_generator,1,0,0,0,0,0,1,0,0,D_REG_BUS_759,positive PMAX and converted fuel is not import/reference,medium,PERFORM PSS/E RAW rev33,PERFORM/On Peak 2019 v23_Perform_NY/On Peak 2019 v23/NYISO_onpeak2019_v23_shuntsRgens.RAW
759,TAP135973,3,D,105.825,-3.605,-58.6,74.6,0,106.5,1.02,0,759,TAP135973,D,0,1,1,1,1,0,1,328,wind,native_generator,1,0,0,0,0,0,1,0,0,D_REG_BUS_759,positive PMAX and converted fuel is not import/reference,medium,PERFORM PSS/E RAW rev33,PERFORM/On Peak 2019 v23_Perform_NY/On Peak 2019 v23/NYISO_onpeak2019_v23_shuntsRgens.RAW
761,TAP135975,1,D,96.882,65.91,-53.6,68.3,0,97.5,1.02,0,761,TAP135975,D,0,1,1,1,1,0,1,329,wind,native_generator,1,0,0,0,0,0,1,0,0,D_REG_BUS_761,positive PMAX and converted fuel is not import/reference,medium,PERFORM PSS/E RAW rev33,PERFORM/On Peak 2019 v23_Perform_NY/On Peak 2019 v23/NYISO_onpeak2019_v23_shuntsRgens.RAW
768,WILLIS,1,E,77.208,-15.905,-42.7,54.4,1,77.7,1.02,0,768,WILLIS,E,0,1,1,1,1,0,1,330,wind,native_generator,1,0,0,0,0,0,1,0,0,E_REG_BUS_768,positive PMAX and converted fuel is not import/reference,medium,PERFORM PSS/E RAW rev33,PERFORM/On Peak 2019 v23_Perform_NY/On Peak 2019 v23/NYISO_onpeak2019_v23_shuntsRgens.RAW
773,RAMAPO,x,G,159.621,53.898,-9900,9900,159.621,159.621,1.02,0,773,RAMAPO,G,0,1,1,1,1,0,1,331,import,fixed_import_or_boundary_equivalent,0,0,1,0,0,0,1,0,0,G_REG_BUS_773,converted import/reference fuel or fixed negative P,high,PERFORM PSS/E RAW rev33,PERFORM/On Peak 2019 v23_Perform_NY/On Peak 2019 v23/NYISO_onpeak2019_v23_shuntsRgens.RAW
774,LADENTOWN,C1,G,0,0,-16.38,17.55,9.3,23.4,1.02,0,774,LADENTOWN,G,0,1,0,0,0,0,1,332,ng,offline,0,0,0,0,0,1,0,0,0,G_REG_BUS_774,RAW STAT is offline,high,PERFORM PSS/E RAW rev33,PERFORM/On Peak 2019 v23_Perform_NY/On Peak 2019 v23/NYISO_onpeak2019_v23_shuntsRgens.RAW
799,ALPS,x,F,-836,57.512,-9900,9900,-836,-836,1.02,0,799,ALPS,F,0,1,1,1,1,0,1,333,import,fixed_import_or_boundary_equivalent,0,0,1,0,0,0,0,1,0,F_REG_BUS_799,converted import/reference fuel or fixed negative P,high,PERFORM PSS/E RAW rev33,PERFORM/On Peak 2019 v23_Perform_NY/On Peak 2019 v23/NYISO_onpeak2019_v23_shuntsRgens.RAW
811,STEPHENTOWN,1,F,19.873,-2.806,-11,14,1,20,1.02,0,811,STEPHENTOWN,F,0,1,1,1,1,0,1,334,other,native_generator,1,0,0,0,0,0,1,0,0,F_REG_BUS_811,positive PMAX and converted fuel is not import/reference,medium,PERFORM PSS/E RAW rev33,PERFORM/On Peak 2019 v23_Perform_NY/On Peak 2019 v23/NYISO_onpeak2019_v23_shuntsRgens.RAW
817,ATHENS,C1,G,407.2,109.061,-285.04,305.4,284,407.2,1.02,0,817,ATHENS,G,0,1,1,1,1,0,1,335,ng,native_generator,1,0,0,0,0,0,1,0,0,G_REG_BUS_817,positive PMAX and converted fuel is not import/reference,medium,PERFORM PSS/E RAW rev33,PERFORM/On Peak 2019 v23_Perform_NY/On Peak 2019 v23/NYISO_onpeak2019_v23_shuntsRgens.RAW
817,ATHENS,C2,G,407.2,109.061,-285.04,305.4,284,407.2,1.02,0,817,ATHENS,G,0,1,1,1,1,0,1,336,ng,native_generator,1,0,0,0,0,0,1,0,0,G_REG_BUS_817,positive PMAX and converted fuel is not import/reference,medium,PERFORM PSS/E RAW rev33,PERFORM/On Peak 2019 v23_Perform_NY/On Peak 2019 v23/NYISO_onpeak2019_v23_shuntsRgens.RAW
817,ATHENS,C3,G,407.2,109.061,-285.04,305.4,284,407.2,1.02,0,817,ATHENS,G,0,1,1,1,1,0,1,337,ng,native_generator,1,0,0,0,0,0,1,0,0,G_REG_BUS_817,positive PMAX and converted fuel is not import/reference,medium,PERFORM PSS/E RAW rev33,PERFORM/On Peak 2019 v23_Perform_NY/On Peak 2019 v23/NYISO_onpeak2019_v23_shuntsRgens.RAW
821,SOUTH CAIRO,1,G,21.463,14.154,-11.9,15.1,2,21.6,1.02,0,821,SOUTH CAIRO,G,0,1,1,1,1,0,1,338,dfo,native_generator,1,0,0,0,0,0,1,0,0,G_REG_BUS_821,positive PMAX and converted fuel is not import/reference,medium,PERFORM PSS/E RAW rev33,PERFORM/On Peak 2019 v23_Perform_NY/On Peak 2019 v23/NYISO_onpeak2019_v23_shuntsRgens.RAW
822,TAP136123,QS,G,0,0,0,100,0,0,1.01,0,822,TAP136123,G,0,1,1,NaN,1,0,1,NaN,,reactive_only_QS,0,1,0,0,0,0,0,0,1,G_REG_BUS_822,ID QS with zero P capability and nonzero Q range,high,PERFORM PSS/E RAW rev33,PERFORM/On Peak 2019 v23_Perform_NY/On Peak 2019 v23/NYISO_onpeak2019_v23_shuntsRgens.RAW
828,UNKNOWN136~2,1,G,21.463,2.459,-11.9,15.1,2,21.6,1.02,0,828,UNKNOWN136~2,G,0,1,1,1,1,0,1,339,dfo,native_generator,1,0,0,0,0,0,1,0,0,G_REG_BUS_828,positive PMAX and converted fuel is not import/reference,medium,PERFORM PSS/E RAW rev33,PERFORM/On Peak 2019 v23_Perform_NY/On Peak 2019 v23/NYISO_onpeak2019_v23_shuntsRgens.RAW
829,TAP136399,1,K,0,0,-28.8,36.7,41.5,52.4,1.01,0,829,TAP136399,K,0,1,0,0,0,0,1,340,ng,offline,0,0,0,0,0,1,0,0,0,K_REG_BUS_829,RAW STAT is offline,high,PERFORM PSS/E RAW rev33,PERFORM/On Peak 2019 v23_Perform_NY/On Peak 2019 v23/NYISO_onpeak2019_v23_shuntsRgens.RAW
840,SYOSSET,QS,K,0,43.548,0,500,0,0,1.02,0,840,SYOSSET,K,0,1,1,NaN,1,0,1,NaN,,reactive_only_QS,0,1,0,0,0,0,0,0,1,K_REG_BUS_840,ID QS with zero P capability and nonzero Q range,high,PERFORM PSS/E RAW rev33,PERFORM/On Peak 2019 v23_Perform_NY/On Peak 2019 v23/NYISO_onpeak2019_v23_shuntsRgens.RAW
842,RULAND ROAD,QS,K,0,40.019,0,500,0,0,1.02,0,842,RULAND ROAD,K,0,1,1,NaN,1,0,1,NaN,,reactive_only_QS,0,1,0,0,0,0,0,0,1,K_REG_BUS_842,ID QS with zero P capability and nonzero Q range,high,PERFORM PSS/E RAW rev33,PERFORM/On Peak 2019 v23_Perform_NY/On Peak 2019 v23/NYISO_onpeak2019_v23_shuntsRgens.RAW
846,PINELAWN,QS,K,0,44.263,0,200,0,0,1.01,0,846,PINELAWN,K,0,1,1,NaN,1,0,1,NaN,,reactive_only_QS,0,1,0,0,0,0,0,0,1,K_REG_BUS_846,ID QS with zero P capability and nonzero Q range,high,PERFORM PSS/E RAW rev33,PERFORM/On Peak 2019 v23_Perform_NY/On Peak 2019 v23/NYISO_onpeak2019_v23_shuntsRgens.RAW
847,ROSETON,1,G,170,20.608,-341.6,403.7,140,621,1.02,0,847,ROSETON,G,0,1,1,1,1,0,1,341,ng,native_generator,1,0,0,0,0,0,1,0,0,G_REG_BUS_847,positive PMAX and converted fuel is not import/reference,medium,PERFORM PSS/E RAW rev33,PERFORM/On Peak 2019 v23_Perform_NY/On Peak 2019 v23/NYISO_onpeak2019_v23_shuntsRgens.RAW
847,ROSETON,2,G,169.732,20.608,-341.6,403.7,140,621,1.02,0,847,ROSETON,G,0,1,1,1,1,0,1,342,ng,native_generator,1,0,0,0,0,0,1,0,0,G_REG_BUS_847,positive PMAX and converted fuel is not import/reference,medium,PERFORM PSS/E RAW rev33,PERFORM/On Peak 2019 v23_Perform_NY/On Peak 2019 v23/NYISO_onpeak2019_v23_shuntsRgens.RAW
848,DANSKAMMER,1,G,0,0,-1.5,1.9,0.5,2.7,1.02,0,848,DANSKAMMER,G,0,1,0,0,0,0,1,343,dfo,offline,0,0,0,0,0,1,0,0,0,G_REG_BUS_848,RAW STAT is offline,high,PERFORM PSS/E RAW rev33,PERFORM/On Peak 2019 v23_Perform_NY/On Peak 2019 v23/NYISO_onpeak2019_v23_shuntsRgens.RAW
848,DANSKAMMER,2,G,0,0,-1.5,1.9,0.5,2.7,1.02,0,848,DANSKAMMER,G,0,1,0,0,0,0,1,344,dfo,offline,0,0,0,0,0,1,0,0,0,G_REG_BUS_848,RAW STAT is offline,high,PERFORM PSS/E RAW rev33,PERFORM/On Peak 2019 v23_Perform_NY/On Peak 2019 v23/NYISO_onpeak2019_v23_shuntsRgens.RAW
848,DANSKAMMER,3,G,0,13.192,-39.6,50.4,20,72,1.02,0,848,DANSKAMMER,G,0,1,0,0,0,0,1,345,dfo,offline,0,0,0,0,0,1,0,0,0,G_REG_BUS_848,RAW STAT is offline,high,PERFORM PSS/E RAW rev33,PERFORM/On Peak 2019 v23_Perform_NY/On Peak 2019 v23/NYISO_onpeak2019_v23_shuntsRgens.RAW
848,DANSKAMMER,4,G,0,13.192,-40.4,51.5,20,73.5,1.02,0,848,DANSKAMMER,G,0,1,0,0,0,0,1,346,dfo,offline,0,0,0,0,0,1,0,0,0,G_REG_BUS_848,RAW STAT is offline,high,PERFORM PSS/E RAW rev33,PERFORM/On Peak 2019 v23_Perform_NY/On Peak 2019 v23/NYISO_onpeak2019_v23_shuntsRgens.RAW
848,DANSKAMMER,5,G,0,13.192,-80.9,103,40,147.1,1.02,0,848,DANSKAMMER,G,0,1,0,0,0,0,1,347,dfo,offline,0,0,0,0,0,1,0,0,0,G_REG_BUS_848,RAW STAT is offline,high,PERFORM PSS/E RAW rev33,PERFORM/On Peak 2019 v23_Perform_NY/On Peak 2019 v23/NYISO_onpeak2019_v23_shuntsRgens.RAW
848,DANSKAMMER,6,G,0,13.192,-131.7,167.6,60,239.4,1.02,0,848,DANSKAMMER,G,0,1,0,0,0,0,1,348,dfo,offline,0,0,0,0,0,1,0,0,0,G_REG_BUS_848,RAW STAT is offline,high,PERFORM PSS/E RAW rev33,PERFORM/On Peak 2019 v23_Perform_NY/On Peak 2019 v23/NYISO_onpeak2019_v23_shuntsRgens.RAW
861,PAWLING,QS,G,0,41.267,0,100,0,0,1.01,0,861,PAWLING,G,0,1,1,NaN,1,0,1,NaN,,reactive_only_QS,0,1,0,0,0,0,0,0,1,G_REG_BUS_861,ID QS with zero P capability and nonzero Q range,high,PERFORM PSS/E RAW rev33,PERFORM/On Peak 2019 v23_Perform_NY/On Peak 2019 v23/NYISO_onpeak2019_v23_shuntsRgens.RAW
867,TAP136606,1,F,8.038,5.7,-4.5,5.7,0,8.2,1.02,0,867,TAP136606,F,0,1,1,1,1,0,1,349,hydro,native_generator,1,0,0,0,0,0,1,0,0,F_REG_BUS_867,positive PMAX and converted fuel is not import/reference,medium,PERFORM PSS/E RAW rev33,PERFORM/On Peak 2019 v23_Perform_NY/On Peak 2019 v23/NYISO_onpeak2019_v23_shuntsRgens.RAW
867,TAP136606,2,F,8.038,5.7,-4.5,5.7,0,8.2,1.02,0,867,TAP136606,F,0,1,1,1,1,0,1,350,hydro,native_generator,1,0,0,0,0,0,1,0,0,F_REG_BUS_867,positive PMAX and converted fuel is not import/reference,medium,PERFORM PSS/E RAW rev33,PERFORM/On Peak 2019 v23_Perform_NY/On Peak 2019 v23/NYISO_onpeak2019_v23_shuntsRgens.RAW
870,TAP136609,1,F,3.921,1.031,-2.2,2.8,1.5,4,1.02,0,870,TAP136609,F,0,1,1,1,1,0,1,351,hydro,native_generator,1,0,0,0,0,0,1,0,0,F_REG_BUS_870,positive PMAX and converted fuel is not import/reference,medium,PERFORM PSS/E RAW rev33,PERFORM/On Peak 2019 v23_Perform_NY/On Peak 2019 v23/NYISO_onpeak2019_v23_shuntsRgens.RAW
870,TAP136609,2,F,3.921,1.031,-2.2,2.8,1.5,4,1.02,0,870,TAP136609,F,0,1,1,1,1,0,1,352,hydro,native_generator,1,0,0,0,0,0,1,0,0,F_REG_BUS_870,positive PMAX and converted fuel is not import/reference,medium,PERFORM PSS/E RAW rev33,PERFORM/On Peak 2019 v23_Perform_NY/On Peak 2019 v23/NYISO_onpeak2019_v23_shuntsRgens.RAW
870,TAP136609,3,F,3.921,1.031,-2.2,2.8,1.5,4,1.02,0,870,TAP136609,F,0,1,1,1,1,0,1,353,hydro,native_generator,1,0,0,0,0,0,1,0,0,F_REG_BUS_870,positive PMAX and converted fuel is not import/reference,medium,PERFORM PSS/E RAW rev33,PERFORM/On Peak 2019 v23_Perform_NY/On Peak 2019 v23/NYISO_onpeak2019_v23_shuntsRgens.RAW
870,TAP136609,4,F,3.921,1.031,-2.2,2.8,1.5,4,1.02,0,870,TAP136609,F,0,1,1,1,1,0,1,354,hydro,native_generator,1,0,0,0,0,0,1,0,0,F_REG_BUS_870,positive PMAX and converted fuel is not import/reference,medium,PERFORM PSS/E RAW rev33,PERFORM/On Peak 2019 v23_Perform_NY/On Peak 2019 v23/NYISO_onpeak2019_v23_shuntsRgens.RAW
899,W. HAVERST~1,1,G,0,0,-341.6,434.7,80,621,1.02,0,899,W. HAVERST~1,G,0,1,0,0,0,0,1,355,ng,offline,0,0,0,0,0,1,0,0,0,G_REG_BUS_899,RAW STAT is offline,high,PERFORM PSS/E RAW rev33,PERFORM/On Peak 2019 v23_Perform_NY/On Peak 2019 v23/NYISO_onpeak2019_v23_shuntsRgens.RAW
899,W. HAVERST~1,2,G,621,108.832,-341.6,434.7,100,621,1.02,0,899,W. HAVERST~1,G,0,1,1,1,1,0,1,356,ng,native_generator,1,0,0,0,0,0,1,0,0,G_REG_BUS_899,positive PMAX and converted fuel is not import/reference,medium,PERFORM PSS/E RAW rev33,PERFORM/On Peak 2019 v23_Perform_NY/On Peak 2019 v23/NYISO_onpeak2019_v23_shuntsRgens.RAW
900,BUCHANAN,1,H,0,0,-556.6,708.4,759,1012,1.02,0,900,BUCHANAN,H,0,1,0,0,0,0,1,357,nuclear,offline,0,0,0,0,0,1,0,0,0,H_REG_BUS_900,RAW STAT is offline,high,PERFORM PSS/E RAW rev33,PERFORM/On Peak 2019 v23_Perform_NY/On Peak 2019 v23/NYISO_onpeak2019_v23_shuntsRgens.RAW
900,BUCHANAN,2,H,0,0,-714.5,909.3,974,1299,1.02,0,900,BUCHANAN,H,0,1,0,0,0,0,1,358,nuclear,offline,0,0,0,0,0,1,0,0,0,H_REG_BUS_900,RAW STAT is offline,high,PERFORM PSS/E RAW rev33,PERFORM/On Peak 2019 v23_Perform_NY/On Peak 2019 v23/NYISO_onpeak2019_v23_shuntsRgens.RAW
994,TAP140035,1,K,0,0,-1.6,2,2.2,2.9,1.01,0,994,TAP140035,K,0,1,0,0,0,0,1,359,dfo,offline,0,0,0,0,0,1,0,0,0,K_REG_BUS_994,RAW STAT is offline,high,PERFORM PSS/E RAW rev33,PERFORM/On Peak 2019 v23_Perform_NY/On Peak 2019 v23/NYISO_onpeak2019_v23_shuntsRgens.RAW
994,TAP140035,2,K,0,0,-1.7,2.2,2,3.1,1.01,0,994,TAP140035,K,0,1,0,0,0,0,1,360,ng,offline,0,0,0,0,0,1,0,0,0,K_REG_BUS_994,RAW STAT is offline,high,PERFORM PSS/E RAW rev33,PERFORM/On Peak 2019 v23_Perform_NY/On Peak 2019 v23/NYISO_onpeak2019_v23_shuntsRgens.RAW
994,TAP140035,3,K,0,0,-2.8,3.6,4.5,5.1,1.01,0,994,TAP140035,K,0,1,0,0,0,0,1,361,ng,offline,0,0,0,0,0,1,0,0,0,K_REG_BUS_994,RAW STAT is offline,high,PERFORM PSS/E RAW rev33,PERFORM/On Peak 2019 v23_Perform_NY/On Peak 2019 v23/NYISO_onpeak2019_v23_shuntsRgens.RAW
994,TAP140035,4,K,0,0,-10,12.7,5,18.1,1.01,0,994,TAP140035,K,0,1,0,0,0,0,1,362,ng,offline,0,0,0,0,0,1,0,0,0,K_REG_BUS_994,RAW STAT is offline,high,PERFORM PSS/E RAW rev33,PERFORM/On Peak 2019 v23_Perform_NY/On Peak 2019 v23/NYISO_onpeak2019_v23_shuntsRgens.RAW
994,TAP140035,5,K,59.62,-8.816,-33,42,28,60,1.01,0,994,TAP140035,K,0,1,1,1,1,0,1,363,ng,native_generator,1,0,0,0,0,0,1,0,0,K_REG_BUS_994,positive PMAX and converted fuel is not import/reference,medium,PERFORM PSS/E RAW rev33,PERFORM/On Peak 2019 v23_Perform_NY/On Peak 2019 v23/NYISO_onpeak2019_v23_shuntsRgens.RAW
994,TAP140035,6,K,59.62,-8.816,-33,42,28,60,1.01,0,994,TAP140035,K,0,1,1,1,1,0,1,364,ng,native_generator,1,0,0,0,0,0,1,0,0,K_REG_BUS_994,positive PMAX and converted fuel is not import/reference,medium,PERFORM PSS/E RAW rev33,PERFORM/On Peak 2019 v23_Perform_NY/On Peak 2019 v23/NYISO_onpeak2019_v23_shuntsRgens.RAW
994,TAP140035,7,K,60.117,-8.816,-33.3,42.4,25,60.5,1.01,0,994,TAP140035,K,0,1,1,1,1,0,1,365,ng,native_generator,1,0,0,0,0,0,1,0,0,K_REG_BUS_994,positive PMAX and converted fuel is not import/reference,medium,PERFORM PSS/E RAW rev33,PERFORM/On Peak 2019 v23_Perform_NY/On Peak 2019 v23/NYISO_onpeak2019_v23_shuntsRgens.RAW
997,TAP140039,1,K,0,0,-1.9,2.5,1.6,3.5,1.01,0,997,TAP140039,K,0,1,0,0,0,0,1,366,dfo,offline,0,0,0,0,0,1,0,0,0,K_REG_BUS_997,RAW STAT is offline,high,PERFORM PSS/E RAW rev33,PERFORM/On Peak 2019 v23_Perform_NY/On Peak 2019 v23/NYISO_onpeak2019_v23_shuntsRgens.RAW
997,TAP140039,2,K,0,0,-1.9,2.5,1.6,3.5,1.01,0,997,TAP140039,K,0,1,0,0,0,0,1,367,dfo,offline,0,0,0,0,0,1,0,0,0,K_REG_BUS_997,RAW STAT is offline,high,PERFORM PSS/E RAW rev33,PERFORM/On Peak 2019 v23_Perform_NY/On Peak 2019 v23/NYISO_onpeak2019_v23_shuntsRgens.RAW
997,TAP140039,3,K,0,0,-2.9,3.6,2.6,5.2,1.01,0,997,TAP140039,K,0,1,0,0,0,0,1,368,dfo,offline,0,0,0,0,0,1,0,0,0,K_REG_BUS_997,RAW STAT is offline,high,PERFORM PSS/E RAW rev33,PERFORM/On Peak 2019 v23_Perform_NY/On Peak 2019 v23/NYISO_onpeak2019_v23_shuntsRgens.RAW
997,TAP140039,4,K,0,0,-3,3.9,2.7,5.5,1.01,0,997,TAP140039,K,0,1,0,0,0,0,1,369,dfo,offline,0,0,0,0,0,1,0,0,0,K_REG_BUS_997,RAW STAT is offline,high,PERFORM PSS/E RAW rev33,PERFORM/On Peak 2019 v23_Perform_NY/On Peak 2019 v23/NYISO_onpeak2019_v23_shuntsRgens.RAW
997,TAP140039,5,K,0,0,-3,3.9,2.7,5.5,1.01,0,997,TAP140039,K,0,1,0,0,0,0,1,370,dfo,offline,0,0,0,0,0,1,0,0,0,K_REG_BUS_997,RAW STAT is offline,high,PERFORM PSS/E RAW rev33,PERFORM/On Peak 2019 v23_Perform_NY/On Peak 2019 v23/NYISO_onpeak2019_v23_shuntsRgens.RAW
997,TAP140039,6,K,0,0,-3.4,4.3,3.1,6.2,1.01,0,997,TAP140039,K,0,1,0,0,0,0,1,371,dfo,offline,0,0,0,0,0,1,0,0,0,K_REG_BUS_997,RAW STAT is offline,high,PERFORM PSS/E RAW rev33,PERFORM/On Peak 2019 v23_Perform_NY/On Peak 2019 v23/NYISO_onpeak2019_v23_shuntsRgens.RAW
999,MALVERNE,QS,K,0,40,0,40,0,0,1.01,0,999,MALVERNE,K,0,1,1,NaN,1,0,1,NaN,,reactive_only_QS,0,1,0,0,0,0,0,0,1,K_REG_BUS_999,ID QS with zero P capability and nonzero Q range,high,PERFORM PSS/E RAW rev33,PERFORM/On Peak 2019 v23_Perform_NY/On Peak 2019 v23/NYISO_onpeak2019_v23_shuntsRgens.RAW
1027,TAP140344,C1,E,0,0,-75.46,80.85,45,107.8,1.02,0,1027,TAP140344,E,0,1,0,0,0,0,1,372,ng,offline,0,0,0,0,0,1,0,0,0,E_REG_BUS_1027,RAW STAT is offline,high,PERFORM PSS/E RAW rev33,PERFORM/On Peak 2019 v23_Perform_NY/On Peak 2019 v23/NYISO_onpeak2019_v23_shuntsRgens.RAW
1039,TAP140356,1,E,11.427,3.576,-6.3,8.1,0.1,11.5,1.02,0,1039,TAP140356,E,0,1,1,1,1,0,1,373,wind,native_generator,1,0,0,0,0,0,1,0,0,E_REG_BUS_1039,positive PMAX and converted fuel is not import/reference,medium,PERFORM PSS/E RAW rev33,PERFORM/On Peak 2019 v23_Perform_NY/On Peak 2019 v23/NYISO_onpeak2019_v23_shuntsRgens.RAW
1052,TAP140370,1,E,6.273,4.5,-3.5,4.5,2,6.4,1.02,0,1052,TAP140370,E,0,1,1,1,1,0,1,374,hydro,native_generator,1,0,0,0,0,0,1,0,0,E_REG_BUS_1052,positive PMAX and converted fuel is not import/reference,medium,PERFORM PSS/E RAW rev33,PERFORM/On Peak 2019 v23_Perform_NY/On Peak 2019 v23/NYISO_onpeak2019_v23_shuntsRgens.RAW
1052,TAP140370,2,E,6.665,4.8,-3.7,4.8,2,6.8,1.02,0,1052,TAP140370,E,0,1,1,1,1,0,1,375,hydro,native_generator,1,0,0,0,0,0,1,0,0,E_REG_BUS_1052,positive PMAX and converted fuel is not import/reference,medium,PERFORM PSS/E RAW rev33,PERFORM/On Peak 2019 v23_Perform_NY/On Peak 2019 v23/NYISO_onpeak2019_v23_shuntsRgens.RAW
1052,TAP140370,3,E,8.528,5.738,-4.8,6.1,2,8.7,1.02,0,1052,TAP140370,E,0,1,1,1,1,0,1,376,hydro,native_generator,1,0,0,0,0,0,1,0,0,E_REG_BUS_1052,positive PMAX and converted fuel is not import/reference,medium,PERFORM PSS/E RAW rev33,PERFORM/On Peak 2019 v23_Perform_NY/On Peak 2019 v23/NYISO_onpeak2019_v23_shuntsRgens.RAW
1052,TAP140370,4,E,18.624,5.738,-10.5,13.3,4,19,1.02,0,1052,TAP140370,E,0,1,1,1,1,0,1,377,hydro,native_generator,1,0,0,0,0,0,1,0,0,E_REG_BUS_1052,positive PMAX and converted fuel is not import/reference,medium,PERFORM PSS/E RAW rev33,PERFORM/On Peak 2019 v23_Perform_NY/On Peak 2019 v23/NYISO_onpeak2019_v23_shuntsRgens.RAW
1053,TAP140371,1,E,12.351,8.8,-6.9,8.8,2.5,12.6,1.02,0,1053,TAP140371,E,0,1,1,1,1,0,1,378,hydro,native_generator,1,0,0,0,0,0,1,0,0,E_REG_BUS_1053,positive PMAX and converted fuel is not import/reference,medium,PERFORM PSS/E RAW rev33,PERFORM/On Peak 2019 v23_Perform_NY/On Peak 2019 v23/NYISO_onpeak2019_v23_shuntsRgens.RAW
1129,GOWANUS,1,J,0,0,-1.8,2.2,0.1,3.2,1.02,0,1129,GOWANUS,J,0,1,0,0,0,0,1,379,ng,offline,0,0,0,0,0,1,0,0,0,J_REG_BUS_1129,RAW STAT is offline,high,PERFORM PSS/E RAW rev33,PERFORM/On Peak 2019 v23_Perform_NY/On Peak 2019 v23/NYISO_onpeak2019_v23_shuntsRgens.RAW
1129,GOWANUS,10,J,19.873,1.302,-11,14,15.6,20,1.02,0,1129,GOWANUS,J,0,1,1,1,1,0,1,388,dfo,native_generator,1,0,0,0,0,0,1,0,0,J_REG_BUS_1129,positive PMAX and converted fuel is not import/reference,medium,PERFORM PSS/E RAW rev33,PERFORM/On Peak 2019 v23_Perform_NY/On Peak 2019 v23/NYISO_onpeak2019_v23_shuntsRgens.RAW
1129,GOWANUS,11,J,0,0,-11,14,16,20,1.02,0,1129,GOWANUS,J,0,1,0,0,0,0,1,389,ng,offline,0,0,0,0,0,1,0,0,0,J_REG_BUS_1129,RAW STAT is offline,high,PERFORM PSS/E RAW rev33,PERFORM/On Peak 2019 v23_Perform_NY/On Peak 2019 v23/NYISO_onpeak2019_v23_shuntsRgens.RAW
1129,GOWANUS,12,J,19.873,1.302,-11,14,14.6,20,1.02,0,1129,GOWANUS,J,0,1,1,1,1,0,1,390,dfo,native_generator,1,0,0,0,0,0,1,0,0,J_REG_BUS_1129,positive PMAX and converted fuel is not import/reference,medium,PERFORM PSS/E RAW rev33,PERFORM/On Peak 2019 v23_Perform_NY/On Peak 2019 v23/NYISO_onpeak2019_v23_shuntsRgens.RAW
1129,GOWANUS,13,J,0,0,-11,14,16,20,1.02,0,1129,GOWANUS,J,0,1,0,0,0,0,1,391,ng,offline,0,0,0,0,0,1,0,0,0,J_REG_BUS_1129,RAW STAT is offline,high,PERFORM PSS/E RAW rev33,PERFORM/On Peak 2019 v23_Perform_NY/On Peak 2019 v23/NYISO_onpeak2019_v23_shuntsRgens.RAW
1129,GOWANUS,14,J,0,0,-11,14,16,20,1.02,0,1129,GOWANUS,J,0,1,0,0,0,0,1,392,ng,offline,0,0,0,0,0,1,0,0,0,J_REG_BUS_1129,RAW STAT is offline,high,PERFORM PSS/E RAW rev33,PERFORM/On Peak 2019 v23_Perform_NY/On Peak 2019 v23/NYISO_onpeak2019_v23_shuntsRgens.RAW
1129,GOWANUS,15,J,19.873,1.302,-11,14,16,20,1.02,0,1129,GOWANUS,J,0,1,1,1,1,0,1,393,dfo,native_generator,1,0,0,0,0,0,1,0,0,J_REG_BUS_1129,positive PMAX and converted fuel is not import/reference,medium,PERFORM PSS/E RAW rev33,PERFORM/On Peak 2019 v23_Perform_NY/On Peak 2019 v23/NYISO_onpeak2019_v23_shuntsRgens.RAW
1129,GOWANUS,16,J,0,0,-11,14,16,20,1.02,0,1129,GOWANUS,J,0,1,0,0,0,0,1,394,ng,offline,0,0,0,0,0,1,0,0,0,J_REG_BUS_1129,RAW STAT is offline,high,PERFORM PSS/E RAW rev33,PERFORM/On Peak 2019 v23_Perform_NY/On Peak 2019 v23/NYISO_onpeak2019_v23_shuntsRgens.RAW
1129,GOWANUS,17,J,0,0,-11,14,16,20,1.02,0,1129,GOWANUS,J,0,1,0,0,0,0,1,395,ng,offline,0,0,0,0,0,1,0,0,0,J_REG_BUS_1129,RAW STAT is offline,high,PERFORM PSS/E RAW rev33,PERFORM/On Peak 2019 v23_Perform_NY/On Peak 2019 v23/NYISO_onpeak2019_v23_shuntsRgens.RAW
1129,GOWANUS,18,J,19.873,1.302,-11,14,16,20,1.02,0,1129,GOWANUS,J,0,1,1,1,1,0,1,396,dfo,native_generator,1,0,0,0,0,0,1,0,0,J_REG_BUS_1129,positive PMAX and converted fuel is not import/reference,medium,PERFORM PSS/E RAW rev33,PERFORM/On Peak 2019 v23_Perform_NY/On Peak 2019 v23/NYISO_onpeak2019_v23_shuntsRgens.RAW
1129,GOWANUS,19,J,0,0,-11,14,16,20,1.02,0,1129,GOWANUS,J,0,1,0,0,0,0,1,397,ng,offline,0,0,0,0,0,1,0,0,0,J_REG_BUS_1129,RAW STAT is offline,high,PERFORM PSS/E RAW rev33,PERFORM/On Peak 2019 v23_Perform_NY/On Peak 2019 v23/NYISO_onpeak2019_v23_shuntsRgens.RAW
1129,GOWANUS,2,J,0,0,-1.8,2.2,0.1,3.2,1.02,0,1129,GOWANUS,J,0,1,0,0,0,0,1,380,ng,offline,0,0,0,0,0,1,0,0,0,J_REG_BUS_1129,RAW STAT is offline,high,PERFORM PSS/E RAW rev33,PERFORM/On Peak 2019 v23_Perform_NY/On Peak 2019 v23/NYISO_onpeak2019_v23_shuntsRgens.RAW
1129,GOWANUS,20,J,0,0,-11,14,16,20,1.02,0,1129,GOWANUS,J,0,1,0,0,0,0,1,398,ng,offline,0,0,0,0,0,1,0,0,0,J_REG_BUS_1129,RAW STAT is offline,high,PERFORM PSS/E RAW rev33,PERFORM/On Peak 2019 v23_Perform_NY/On Peak 2019 v23/NYISO_onpeak2019_v23_shuntsRgens.RAW
1129,GOWANUS,21,J,0,0,-11,14,16,20,1.02,0,1129,GOWANUS,J,0,1,0,0,0,0,1,399,ng,offline,0,0,0,0,0,1,0,0,0,J_REG_BUS_1129,RAW STAT is offline,high,PERFORM PSS/E RAW rev33,PERFORM/On Peak 2019 v23_Perform_NY/On Peak 2019 v23/NYISO_onpeak2019_v23_shuntsRgens.RAW
1129,GOWANUS,22,J,19.873,1.302,-11,14,16,20,1.02,0,1129,GOWANUS,J,0,1,1,1,1,0,1,400,dfo,native_generator,1,0,0,0,0,0,1,0,0,J_REG_BUS_1129,positive PMAX and converted fuel is not import/reference,medium,PERFORM PSS/E RAW rev33,PERFORM/On Peak 2019 v23_Perform_NY/On Peak 2019 v23/NYISO_onpeak2019_v23_shuntsRgens.RAW
1129,GOWANUS,23,J,0,0,-11,14,16,20,1.02,0,1129,GOWANUS,J,0,1,0,0,0,0,1,401,ng,offline,0,0,0,0,0,1,0,0,0,J_REG_BUS_1129,RAW STAT is offline,high,PERFORM PSS/E RAW rev33,PERFORM/On Peak 2019 v23_Perform_NY/On Peak 2019 v23/NYISO_onpeak2019_v23_shuntsRgens.RAW
1129,GOWANUS,24,J,19.873,1.302,-11,14,16,20,1.02,0,1129,GOWANUS,J,0,1,1,1,1,0,1,402,dfo,native_generator,1,0,0,0,0,0,1,0,0,J_REG_BUS_1129,positive PMAX and converted fuel is not import/reference,medium,PERFORM PSS/E RAW rev33,PERFORM/On Peak 2019 v23_Perform_NY/On Peak 2019 v23/NYISO_onpeak2019_v23_shuntsRgens.RAW
1129,GOWANUS,25,J,19.873,1.302,-11,14,16,20,1.02,0,1129,GOWANUS,J,0,1,1,1,1,0,1,403,dfo,native_generator,1,0,0,0,0,0,1,0,0,J_REG_BUS_1129,positive PMAX and converted fuel is not import/reference,medium,PERFORM PSS/E RAW rev33,PERFORM/On Peak 2019 v23_Perform_NY/On Peak 2019 v23/NYISO_onpeak2019_v23_shuntsRgens.RAW
1129,GOWANUS,26,J,0,0,-11,14,15.2,20,1.02,0,1129,GOWANUS,J,0,1,0,0,0,0,1,404,ng,offline,0,0,0,0,0,1,0,0,0,J_REG_BUS_1129,RAW STAT is offline,high,PERFORM PSS/E RAW rev33,PERFORM/On Peak 2019 v23_Perform_NY/On Peak 2019 v23/NYISO_onpeak2019_v23_shuntsRgens.RAW
1129,GOWANUS,27,J,0,0,-11,14,16,20,1.02,0,1129,GOWANUS,J,0,1,0,0,0,0,1,405,ng,offline,0,0,0,0,0,1,0,0,0,J_REG_BUS_1129,RAW STAT is offline,high,PERFORM PSS/E RAW rev33,PERFORM/On Peak 2019 v23_Perform_NY/On Peak 2019 v23/NYISO_onpeak2019_v23_shuntsRgens.RAW
1129,GOWANUS,28,J,19.873,1.302,-11,14,16,20,1.02,0,1129,GOWANUS,J,0,1,1,1,1,0,1,406,dfo,native_generator,1,0,0,0,0,0,1,0,0,J_REG_BUS_1129,positive PMAX and converted fuel is not import/reference,medium,PERFORM PSS/E RAW rev33,PERFORM/On Peak 2019 v23_Perform_NY/On Peak 2019 v23/NYISO_onpeak2019_v23_shuntsRgens.RAW
1129,GOWANUS,29,J,0,0,-11,14,16,20,1.02,0,1129,GOWANUS,J,0,1,0,0,0,0,1,407,ng,offline,0,0,0,0,0,1,0,0,0,J_REG_BUS_1129,RAW STAT is offline,high,PERFORM PSS/E RAW rev33,PERFORM/On Peak 2019 v23_Perform_NY/On Peak 2019 v23/NYISO_onpeak2019_v23_shuntsRgens.RAW
1129,GOWANUS,3,J,0,0,-1.8,2.2,0.1,3.2,1.02,0,1129,GOWANUS,J,0,1,0,0,0,0,1,381,ng,offline,0,0,0,0,0,1,0,0,0,J_REG_BUS_1129,RAW STAT is offline,high,PERFORM PSS/E RAW rev33,PERFORM/On Peak 2019 v23_Perform_NY/On Peak 2019 v23/NYISO_onpeak2019_v23_shuntsRgens.RAW
1129,GOWANUS,30,J,19.873,1.302,-11,14,16,20,1.02,0,1129,GOWANUS,J,0,1,1,1,1,0,1,408,dfo,native_generator,1,0,0,0,0,0,1,0,0,J_REG_BUS_1129,positive PMAX and converted fuel is not import/reference,medium,PERFORM PSS/E RAW rev33,PERFORM/On Peak 2019 v23_Perform_NY/On Peak 2019 v23/NYISO_onpeak2019_v23_shuntsRgens.RAW
1129,GOWANUS,31,J,0,0,-11,14,16,20,1.02,0,1129,GOWANUS,J,0,1,0,0,0,0,1,409,ng,offline,0,0,0,0,0,1,0,0,0,J_REG_BUS_1129,RAW STAT is offline,high,PERFORM PSS/E RAW rev33,PERFORM/On Peak 2019 v23_Perform_NY/On Peak 2019 v23/NYISO_onpeak2019_v23_shuntsRgens.RAW
1129,GOWANUS,32,J,0,0,-11,14,16,20,1.02,0,1129,GOWANUS,J,0,1,0,0,0,0,1,410,ng,offline,0,0,0,0,0,1,0,0,0,J_REG_BUS_1129,RAW STAT is offline,high,PERFORM PSS/E RAW rev33,PERFORM/On Peak 2019 v23_Perform_NY/On Peak 2019 v23/NYISO_onpeak2019_v23_shuntsRgens.RAW
1129,GOWANUS,33,J,0,0,-11,14,15.7,20,1.02,0,1129,GOWANUS,J,0,1,0,0,0,0,1,411,ng,offline,0,0,0,0,0,1,0,0,0,J_REG_BUS_1129,RAW STAT is offline,high,PERFORM PSS/E RAW rev33,PERFORM/On Peak 2019 v23_Perform_NY/On Peak 2019 v23/NYISO_onpeak2019_v23_shuntsRgens.RAW
1129,GOWANUS,34,J,19.873,1.302,-11,14,16,20,1.02,0,1129,GOWANUS,J,0,1,1,1,1,0,1,412,dfo,native_generator,1,0,0,0,0,0,1,0,0,J_REG_BUS_1129,positive PMAX and converted fuel is not import/reference,medium,PERFORM PSS/E RAW rev33,PERFORM/On Peak 2019 v23_Perform_NY/On Peak 2019 v23/NYISO_onpeak2019_v23_shuntsRgens.RAW
1129,GOWANUS,35,J,19.873,1.302,-11,14,16,20,1.02,0,1129,GOWANUS,J,0,1,1,1,1,0,1,413,dfo,native_generator,1,0,0,0,0,0,1,0,0,J_REG_BUS_1129,positive PMAX and converted fuel is not import/reference,medium,PERFORM PSS/E RAW rev33,PERFORM/On Peak 2019 v23_Perform_NY/On Peak 2019 v23/NYISO_onpeak2019_v23_shuntsRgens.RAW
1129,GOWANUS,36,J,0,0,-11,14,16,20,1.02,0,1129,GOWANUS,J,0,1,0,0,0,0,1,414,ng,offline,0,0,0,0,0,1,0,0,0,J_REG_BUS_1129,RAW STAT is offline,high,PERFORM PSS/E RAW rev33,PERFORM/On Peak 2019 v23_Perform_NY/On Peak 2019 v23/NYISO_onpeak2019_v23_shuntsRgens.RAW
1129,GOWANUS,37,J,21.861,1.302,-12.1,15.4,16,22,1.02,0,1129,GOWANUS,J,0,1,1,1,1,0,1,415,dfo,native_generator,1,0,0,0,0,0,1,0,0,J_REG_BUS_1129,positive PMAX and converted fuel is not import/reference,medium,PERFORM PSS/E RAW rev33,PERFORM/On Peak 2019 v23_Perform_NY/On Peak 2019 v23/NYISO_onpeak2019_v23_shuntsRgens.RAW
1129,GOWANUS,38,J,21.861,1.302,-12.1,15.4,16,22,1.02,0,1129,GOWANUS,J,0,1,1,1,1,0,1,416,ng,native_generator,1,0,0,0,0,0,1,0,0,J_REG_BUS_1129,positive PMAX and converted fuel is not import/reference,medium,PERFORM PSS/E RAW rev33,PERFORM/On Peak 2019 v23_Perform_NY/On Peak 2019 v23/NYISO_onpeak2019_v23_shuntsRgens.RAW
1129,GOWANUS,39,J,21.861,1.302,-12.1,15.4,16,22,1.02,0,1129,GOWANUS,J,0,1,1,1,1,0,1,417,dfo,native_generator,1,0,0,0,0,0,1,0,0,J_REG_BUS_1129,positive PMAX and converted fuel is not import/reference,medium,PERFORM PSS/E RAW rev33,PERFORM/On Peak 2019 v23_Perform_NY/On Peak 2019 v23/NYISO_onpeak2019_v23_shuntsRgens.RAW
1129,GOWANUS,4,J,0,0,-1.8,2.2,0.1,3.2,1.02,0,1129,GOWANUS,J,0,1,0,0,0,0,1,382,ng,offline,0,0,0,0,0,1,0,0,0,J_REG_BUS_1129,RAW STAT is offline,high,PERFORM PSS/E RAW rev33,PERFORM/On Peak 2019 v23_Perform_NY/On Peak 2019 v23/NYISO_onpeak2019_v23_shuntsRgens.RAW
1129,GOWANUS,40,J,21.861,1.302,-12.1,15.4,16,22,1.02,0,1129,GOWANUS,J,0,1,1,1,1,0,1,418,dfo,native_generator,1,0,0,0,0,0,1,0,0,J_REG_BUS_1129,positive PMAX and converted fuel is not import/reference,medium,PERFORM PSS/E RAW rev33,PERFORM/On Peak 2019 v23_Perform_NY/On Peak 2019 v23/NYISO_onpeak2019_v23_shuntsRgens.RAW
1129,GOWANUS,41,J,21.861,1.302,-12.1,15.4,16,22,1.02,0,1129,GOWANUS,J,0,1,1,1,1,0,1,419,dfo,native_generator,1,0,0,0,0,0,1,0,0,J_REG_BUS_1129,positive PMAX and converted fuel is not import/reference,medium,PERFORM PSS/E RAW rev33,PERFORM/On Peak 2019 v23_Perform_NY/On Peak 2019 v23/NYISO_onpeak2019_v23_shuntsRgens.RAW
1129,GOWANUS,42,J,21.861,1.302,-12.1,15.4,15.7,22,1.02,0,1129,GOWANUS,J,0,1,1,1,1,0,1,420,dfo,native_generator,1,0,0,0,0,0,1,0,0,J_REG_BUS_1129,positive PMAX and converted fuel is not import/reference,medium,PERFORM PSS/E RAW rev33,PERFORM/On Peak 2019 v23_Perform_NY/On Peak 2019 v23/NYISO_onpeak2019_v23_shuntsRgens.RAW
1129,GOWANUS,43,J,21.861,1.302,-12.1,15.4,15.6,22,1.02,0,1129,GOWANUS,J,0,1,1,1,1,0,1,421,dfo,native_generator,1,0,0,0,0,0,1,0,0,J_REG_BUS_1129,positive PMAX and converted fuel is not import/reference,medium,PERFORM PSS/E RAW rev33,PERFORM/On Peak 2019 v23_Perform_NY/On Peak 2019 v23/NYISO_onpeak2019_v23_shuntsRgens.RAW
1129,GOWANUS,44,J,21.861,1.302,-12.1,15.4,16,22,1.02,0,1129,GOWANUS,J,0,1,1,1,1,0,1,422,ng,native_generator,1,0,0,0,0,0,1,0,0,J_REG_BUS_1129,positive PMAX and converted fuel is not import/reference,medium,PERFORM PSS/E RAW rev33,PERFORM/On Peak 2019 v23_Perform_NY/On Peak 2019 v23/NYISO_onpeak2019_v23_shuntsRgens.RAW
1129,GOWANUS,45,J,21.861,1.302,-12.1,15.4,16,22,1.02,0,1129,GOWANUS,J,0,1,1,1,1,0,1,423,dfo,native_generator,1,0,0,0,0,0,1,0,0,J_REG_BUS_1129,positive PMAX and converted fuel is not import/reference,medium,PERFORM PSS/E RAW rev33,PERFORM/On Peak 2019 v23_Perform_NY/On Peak 2019 v23/NYISO_onpeak2019_v23_shuntsRgens.RAW
1129,GOWANUS,46,J,21.861,1.302,-12.1,15.4,16,22,1.02,0,1129,GOWANUS,J,0,1,1,1,1,0,1,424,dfo,native_generator,1,0,0,0,0,0,1,0,0,J_REG_BUS_1129,positive PMAX and converted fuel is not import/reference,medium,PERFORM PSS/E RAW rev33,PERFORM/On Peak 2019 v23_Perform_NY/On Peak 2019 v23/NYISO_onpeak2019_v23_shuntsRgens.RAW
1129,GOWANUS,47,J,21.861,1.302,-12.1,15.4,16,22,1.02,0,1129,GOWANUS,J,0,1,1,1,1,0,1,425,dfo,native_generator,1,0,0,0,0,0,1,0,0,J_REG_BUS_1129,positive PMAX and converted fuel is not import/reference,medium,PERFORM PSS/E RAW rev33,PERFORM/On Peak 2019 v23_Perform_NY/On Peak 2019 v23/NYISO_onpeak2019_v23_shuntsRgens.RAW
1129,GOWANUS,48,J,21.861,1.302,-12.1,15.4,16,22,1.02,0,1129,GOWANUS,J,0,1,1,1,1,0,1,426,ng,native_generator,1,0,0,0,0,0,1,0,0,J_REG_BUS_1129,positive PMAX and converted fuel is not import/reference,medium,PERFORM PSS/E RAW rev33,PERFORM/On Peak 2019 v23_Perform_NY/On Peak 2019 v23/NYISO_onpeak2019_v23_shuntsRgens.RAW
1129,GOWANUS,49,J,21.861,1.302,-12.1,15.4,16,22,1.02,0,1129,GOWANUS,J,0,1,1,1,1,0,1,427,dfo,native_generator,1,0,0,0,0,0,1,0,0,J_REG_BUS_1129,positive PMAX and converted fuel is not import/reference,medium,PERFORM PSS/E RAW rev33,PERFORM/On Peak 2019 v23_Perform_NY/On Peak 2019 v23/NYISO_onpeak2019_v23_shuntsRgens.RAW
1129,GOWANUS,5,J,0,0,-11,14,16,20,1.02,0,1129,GOWANUS,J,0,1,0,0,0,0,1,383,ng,offline,0,0,0,0,0,1,0,0,0,J_REG_BUS_1129,RAW STAT is offline,high,PERFORM PSS/E RAW rev33,PERFORM/On Peak 2019 v23_Perform_NY/On Peak 2019 v23/NYISO_onpeak2019_v23_shuntsRgens.RAW
1129,GOWANUS,50,J,21.861,1.302,-12.1,15.4,15.4,22,1.02,0,1129,GOWANUS,J,0,1,1,1,1,0,1,428,dfo,native_generator,1,0,0,0,0,0,1,0,0,J_REG_BUS_1129,positive PMAX and converted fuel is not import/reference,medium,PERFORM PSS/E RAW rev33,PERFORM/On Peak 2019 v23_Perform_NY/On Peak 2019 v23/NYISO_onpeak2019_v23_shuntsRgens.RAW
1129,GOWANUS,51,J,21.861,1.302,-12.1,15.4,16,22,1.02,0,1129,GOWANUS,J,0,1,1,1,1,0,1,429,dfo,native_generator,1,0,0,0,0,0,1,0,0,J_REG_BUS_1129,positive PMAX and converted fuel is not import/reference,medium,PERFORM PSS/E RAW rev33,PERFORM/On Peak 2019 v23_Perform_NY/On Peak 2019 v23/NYISO_onpeak2019_v23_shuntsRgens.RAW
1129,GOWANUS,52,J,21.861,1.302,-12.1,15.4,15.8,22,1.02,0,1129,GOWANUS,J,0,1,1,1,1,0,1,430,ng,native_generator,1,0,0,0,0,0,1,0,0,J_REG_BUS_1129,positive PMAX and converted fuel is not import/reference,medium,PERFORM PSS/E RAW rev33,PERFORM/On Peak 2019 v23_Perform_NY/On Peak 2019 v23/NYISO_onpeak2019_v23_shuntsRgens.RAW
1129,GOWANUS,53,J,46.702,1.302,-25.9,32.9,1,47,1.02,0,1129,GOWANUS,J,0,1,1,1,1,0,1,431,ng,native_generator,1,0,0,0,0,0,1,0,0,J_REG_BUS_1129,positive PMAX and converted fuel is not import/reference,medium,PERFORM PSS/E RAW rev33,PERFORM/On Peak 2019 v23_Perform_NY/On Peak 2019 v23/NYISO_onpeak2019_v23_shuntsRgens.RAW
1129,GOWANUS,54,J,46.702,1.302,-25.9,32.9,1,47,1.02,0,1129,GOWANUS,J,0,1,1,1,1,0,1,432,ng,native_generator,1,0,0,0,0,0,1,0,0,J_REG_BUS_1129,positive PMAX and converted fuel is not import/reference,medium,PERFORM PSS/E RAW rev33,PERFORM/On Peak 2019 v23_Perform_NY/On Peak 2019 v23/NYISO_onpeak2019_v23_shuntsRgens.RAW
1129,GOWANUS,55,J,46.702,1.302,-25.9,32.9,1,47,1.02,0,1129,GOWANUS,J,0,1,1,1,1,0,1,433,ng,native_generator,1,0,0,0,0,0,1,0,0,J_REG_BUS_1129,positive PMAX and converted fuel is not import/reference,medium,PERFORM PSS/E RAW rev33,PERFORM/On Peak 2019 v23_Perform_NY/On Peak 2019 v23/NYISO_onpeak2019_v23_shuntsRgens.RAW
1129,GOWANUS,6,J,0,0,-11,14,16,20,1.02,0,1129,GOWANUS,J,0,1,0,0,0,0,1,384,ng,offline,0,0,0,0,0,1,0,0,0,J_REG_BUS_1129,RAW STAT is offline,high,PERFORM PSS/E RAW rev33,PERFORM/On Peak 2019 v23_Perform_NY/On Peak 2019 v23/NYISO_onpeak2019_v23_shuntsRgens.RAW
1129,GOWANUS,7,J,0,0,-11,14,16,20,1.02,0,1129,GOWANUS,J,0,1,0,0,0,0,1,385,ng,offline,0,0,0,0,0,1,0,0,0,J_REG_BUS_1129,RAW STAT is offline,high,PERFORM PSS/E RAW rev33,PERFORM/On Peak 2019 v23_Perform_NY/On Peak 2019 v23/NYISO_onpeak2019_v23_shuntsRgens.RAW
1129,GOWANUS,8,J,19.873,1.302,-11,14,15.6,20,1.02,0,1129,GOWANUS,J,0,1,1,1,1,0,1,386,dfo,native_generator,1,0,0,0,0,0,1,0,0,J_REG_BUS_1129,positive PMAX and converted fuel is not import/reference,medium,PERFORM PSS/E RAW rev33,PERFORM/On Peak 2019 v23_Perform_NY/On Peak 2019 v23/NYISO_onpeak2019_v23_shuntsRgens.RAW
1129,GOWANUS,9,J,19.873,1.302,-11,14,15.9,20,1.02,0,1129,GOWANUS,J,0,1,1,1,1,0,1,387,dfo,native_generator,1,0,0,0,0,0,1,0,0,J_REG_BUS_1129,positive PMAX and converted fuel is not import/reference,medium,PERFORM PSS/E RAW rev33,PERFORM/On Peak 2019 v23_Perform_NY/On Peak 2019 v23/NYISO_onpeak2019_v23_shuntsRgens.RAW
1130,RAINEY,1,J,0,0,-0.2,0.3,0.1,0.4,1.02,0,1130,RAINEY,J,0,1,0,0,0,0,1,434,dfo,offline,0,0,0,0,0,1,0,0,0,J_REG_BUS_1130,RAW STAT is offline,high,PERFORM PSS/E RAW rev33,PERFORM/On Peak 2019 v23_Perform_NY/On Peak 2019 v23/NYISO_onpeak2019_v23_shuntsRgens.RAW
1130,RAINEY,10,J,0,0,-0.8,1.1,0.4,1.5,1.02,0,1130,RAINEY,J,0,1,0,0,0,0,1,443,dfo,offline,0,0,0,0,0,1,0,0,0,J_REG_BUS_1130,RAW STAT is offline,high,PERFORM PSS/E RAW rev33,PERFORM/On Peak 2019 v23_Perform_NY/On Peak 2019 v23/NYISO_onpeak2019_v23_shuntsRgens.RAW
1130,RAINEY,11,J,0,0,-0.8,1.1,0.4,1.5,1.02,0,1130,RAINEY,J,0,1,0,0,0,0,1,444,dfo,offline,0,0,0,0,0,1,0,0,0,J_REG_BUS_1130,RAW STAT is offline,high,PERFORM PSS/E RAW rev33,PERFORM/On Peak 2019 v23_Perform_NY/On Peak 2019 v23/NYISO_onpeak2019_v23_shuntsRgens.RAW
1130,RAINEY,12,J,0,0,-0.8,1.1,0.4,1.5,1.02,0,1130,RAINEY,J,0,1,0,0,0,0,1,445,dfo,offline,0,0,0,0,0,1,0,0,0,J_REG_BUS_1130,RAW STAT is offline,high,PERFORM PSS/E RAW rev33,PERFORM/On Peak 2019 v23_Perform_NY/On Peak 2019 v23/NYISO_onpeak2019_v23_shuntsRgens.RAW
1130,RAINEY,13,J,0,0,-0.8,1.1,0.4,1.5,1.02,0,1130,RAINEY,J,0,1,0,0,0,0,1,446,dfo,offline,0,0,0,0,0,1,0,0,0,J_REG_BUS_1130,RAW STAT is offline,high,PERFORM PSS/E RAW rev33,PERFORM/On Peak 2019 v23_Perform_NY/On Peak 2019 v23/NYISO_onpeak2019_v23_shuntsRgens.RAW
1130,RAINEY,14,J,0,0,-1.4,1.8,0.7,2.5,1.02,0,1130,RAINEY,J,0,1,0,0,0,0,1,447,dfo,offline,0,0,0,0,0,1,0,0,0,J_REG_BUS_1130,RAW STAT is offline,high,PERFORM PSS/E RAW rev33,PERFORM/On Peak 2019 v23_Perform_NY/On Peak 2019 v23/NYISO_onpeak2019_v23_shuntsRgens.RAW
1130,RAINEY,15,J,0,0,-1.4,1.8,0.7,2.5,1.02,0,1130,RAINEY,J,0,1,0,0,0,0,1,448,dfo,offline,0,0,0,0,0,1,0,0,0,J_REG_BUS_1130,RAW STAT is offline,high,PERFORM PSS/E RAW rev33,PERFORM/On Peak 2019 v23_Perform_NY/On Peak 2019 v23/NYISO_onpeak2019_v23_shuntsRgens.RAW
1130,RAINEY,16,J,18.383,13,-10.2,13,8,18.5,1.02,0,1130,RAINEY,J,0,1,1,1,1,0,1,449,dfo,native_generator,1,0,0,0,0,0,1,0,0,J_REG_BUS_1130,positive PMAX and converted fuel is not import/reference,medium,PERFORM PSS/E RAW rev33,PERFORM/On Peak 2019 v23_Perform_NY/On Peak 2019 v23/NYISO_onpeak2019_v23_shuntsRgens.RAW
1130,RAINEY,17,J,18.383,13,-10.2,13,8,18.5,1.02,0,1130,RAINEY,J,0,1,1,1,1,0,1,450,dfo,native_generator,1,0,0,0,0,0,1,0,0,J_REG_BUS_1130,positive PMAX and converted fuel is not import/reference,medium,PERFORM PSS/E RAW rev33,PERFORM/On Peak 2019 v23_Perform_NY/On Peak 2019 v23/NYISO_onpeak2019_v23_shuntsRgens.RAW
1130,RAINEY,2,J,0,0,-0.3,0.4,0.1,0.6,1.02,0,1130,RAINEY,J,0,1,0,0,0,0,1,435,dfo,offline,0,0,0,0,0,1,0,0,0,J_REG_BUS_1130,RAW STAT is offline,high,PERFORM PSS/E RAW rev33,PERFORM/On Peak 2019 v23_Perform_NY/On Peak 2019 v23/NYISO_onpeak2019_v23_shuntsRgens.RAW
1130,RAINEY,3,J,0,0,-0.5,0.6,0.3,0.9,1.02,0,1130,RAINEY,J,0,1,0,0,0,0,1,436,dfo,offline,0,0,0,0,0,1,0,0,0,J_REG_BUS_1130,RAW STAT is offline,high,PERFORM PSS/E RAW rev33,PERFORM/On Peak 2019 v23_Perform_NY/On Peak 2019 v23/NYISO_onpeak2019_v23_shuntsRgens.RAW
1130,RAINEY,4,J,0,0,-0.5,0.6,0.3,0.9,1.02,0,1130,RAINEY,J,0,1,0,0,0,0,1,437,dfo,offline,0,0,0,0,0,1,0,0,0,J_REG_BUS_1130,RAW STAT is offline,high,PERFORM PSS/E RAW rev33,PERFORM/On Peak 2019 v23_Perform_NY/On Peak 2019 v23/NYISO_onpeak2019_v23_shuntsRgens.RAW
1130,RAINEY,5,J,0,0,-0.5,0.6,0.3,0.9,1.02,0,1130,RAINEY,J,0,1,0,0,0,0,1,438,dfo,offline,0,0,0,0,0,1,0,0,0,J_REG_BUS_1130,RAW STAT is offline,high,PERFORM PSS/E RAW rev33,PERFORM/On Peak 2019 v23_Perform_NY/On Peak 2019 v23/NYISO_onpeak2019_v23_shuntsRgens.RAW
1130,RAINEY,6,J,0,0,-0.6,0.7,0.3,1,1.02,0,1130,RAINEY,J,0,1,0,0,0,0,1,439,dfo,offline,0,0,0,0,0,1,0,0,0,J_REG_BUS_1130,RAW STAT is offline,high,PERFORM PSS/E RAW rev33,PERFORM/On Peak 2019 v23_Perform_NY/On Peak 2019 v23/NYISO_onpeak2019_v23_shuntsRgens.RAW
1130,RAINEY,7,J,0,0,-0.6,0.7,0.3,1,1.02,0,1130,RAINEY,J,0,1,0,0,0,0,1,440,dfo,offline,0,0,0,0,0,1,0,0,0,J_REG_BUS_1130,RAW STAT is offline,high,PERFORM PSS/E RAW rev33,PERFORM/On Peak 2019 v23_Perform_NY/On Peak 2019 v23/NYISO_onpeak2019_v23_shuntsRgens.RAW
1130,RAINEY,8,J,0,0,-0.6,0.7,0.3,1,1.02,0,1130,RAINEY,J,0,1,0,0,0,0,1,441,dfo,offline,0,0,0,0,0,1,0,0,0,J_REG_BUS_1130,RAW STAT is offline,high,PERFORM PSS/E RAW rev33,PERFORM/On Peak 2019 v23_Perform_NY/On Peak 2019 v23/NYISO_onpeak2019_v23_shuntsRgens.RAW
1130,RAINEY,9,J,0,0,-0.6,0.7,0.3,1,1.02,0,1130,RAINEY,J,0,1,0,0,0,0,1,442,dfo,offline,0,0,0,0,0,1,0,0,0,J_REG_BUS_1130,RAW STAT is offline,high,PERFORM PSS/E RAW rev33,PERFORM/On Peak 2019 v23_Perform_NY/On Peak 2019 v23/NYISO_onpeak2019_v23_shuntsRgens.RAW
1131,HUDSON AVE~1,1,J,0,0,-9,11.4,11,16.3,1.02,0,1131,HUDSON AVE~1,J,0,1,0,0,0,0,1,451,dfo,offline,0,0,0,0,0,1,0,0,0,J_REG_BUS_1131,RAW STAT is offline,high,PERFORM PSS/E RAW rev33,PERFORM/On Peak 2019 v23_Perform_NY/On Peak 2019 v23/NYISO_onpeak2019_v23_shuntsRgens.RAW
1131,HUDSON AVE~1,2,J,0,0,-9,11.4,11,16.3,1.02,0,1131,HUDSON AVE~1,J,0,1,0,0,0,0,1,452,dfo,offline,0,0,0,0,0,1,0,0,0,J_REG_BUS_1131,RAW STAT is offline,high,PERFORM PSS/E RAW rev33,PERFORM/On Peak 2019 v23_Perform_NY/On Peak 2019 v23/NYISO_onpeak2019_v23_shuntsRgens.RAW
1131,HUDSON AVE~1,C2,J,0,0,-112.7,120.75,125,161,1.02,0,1131,HUDSON AVE~1,J,0,1,0,0,0,0,1,453,ng,offline,0,0,0,0,0,1,0,0,0,J_REG_BUS_1131,RAW STAT is offline,high,PERFORM PSS/E RAW rev33,PERFORM/On Peak 2019 v23_Perform_NY/On Peak 2019 v23/NYISO_onpeak2019_v23_shuntsRgens.RAW
1131,HUDSON AVE~1,C3,J,160.158,120.75,-112.7,120.75,125,161,1.02,0,1131,HUDSON AVE~1,J,0,1,1,1,1,0,1,454,ng,native_generator,1,0,0,0,0,0,1,0,0,J_REG_BUS_1131,positive PMAX and converted fuel is not import/reference,medium,PERFORM PSS/E RAW rev33,PERFORM/On Peak 2019 v23_Perform_NY/On Peak 2019 v23/NYISO_onpeak2019_v23_shuntsRgens.RAW
1132,FARRAGUT,x,J,199.621,264.797,-9900,9900,199.621,199.621,1.02,0,1132,FARRAGUT,J,0,1,1,1,1,0,1,455,import,fixed_import_or_boundary_equivalent,0,0,1,0,0,0,1,0,0,J_REG_BUS_1132,converted import/reference fuel or fixed negative P,high,PERFORM PSS/E RAW rev33,PERFORM/On Peak 2019 v23_Perform_NY/On Peak 2019 v23/NYISO_onpeak2019_v23_shuntsRgens.RAW
1133,VERNON,1,J,0,0,-0.8,1,0.1,1.4,1.02,0,1133,VERNON,J,0,1,0,0,0,0,1,456,dfo,offline,0,0,0,0,0,1,0,0,0,J_REG_BUS_1133,RAW STAT is offline,high,PERFORM PSS/E RAW rev33,PERFORM/On Peak 2019 v23_Perform_NY/On Peak 2019 v23/NYISO_onpeak2019_v23_shuntsRgens.RAW
1133,VERNON,10,J,0,0,-4.2,5.4,0.7,7.7,1.02,0,1133,VERNON,J,0,1,0,0,0,0,1,465,dfo,offline,0,0,0,0,0,1,0,0,0,J_REG_BUS_1133,RAW STAT is offline,high,PERFORM PSS/E RAW rev33,PERFORM/On Peak 2019 v23_Perform_NY/On Peak 2019 v23/NYISO_onpeak2019_v23_shuntsRgens.RAW
1133,VERNON,11,J,0,0,-8.8,11.2,7,16,1.02,0,1133,VERNON,J,0,1,0,0,0,0,1,466,ng,offline,0,0,0,0,0,1,0,0,0,J_REG_BUS_1133,RAW STAT is offline,high,PERFORM PSS/E RAW rev33,PERFORM/On Peak 2019 v23_Perform_NY/On Peak 2019 v23/NYISO_onpeak2019_v23_shuntsRgens.RAW
1133,VERNON,12,J,0,0,-11.6,14.8,7,21.1,1.02,0,1133,VERNON,J,0,1,0,0,0,0,1,467,ng,offline,0,0,0,0,0,1,0,0,0,J_REG_BUS_1133,RAW STAT is offline,high,PERFORM PSS/E RAW rev33,PERFORM/On Peak 2019 v23_Perform_NY/On Peak 2019 v23/NYISO_onpeak2019_v23_shuntsRgens.RAW
1133,VERNON,13,J,0,0,-11.6,14.8,7,21.1,1.02,0,1133,VERNON,J,0,1,0,0,0,0,1,468,ng,offline,0,0,0,0,0,1,0,0,0,J_REG_BUS_1133,RAW STAT is offline,high,PERFORM PSS/E RAW rev33,PERFORM/On Peak 2019 v23_Perform_NY/On Peak 2019 v23/NYISO_onpeak2019_v23_shuntsRgens.RAW
1133,VERNON,14,J,21.861,-6.355,-12.1,15.4,7,22,1.02,0,1133,VERNON,J,0,1,1,1,1,0,1,469,ng,native_generator,1,0,0,0,0,0,1,0,0,J_REG_BUS_1133,positive PMAX and converted fuel is not import/reference,medium,PERFORM PSS/E RAW rev33,PERFORM/On Peak 2019 v23_Perform_NY/On Peak 2019 v23/NYISO_onpeak2019_v23_shuntsRgens.RAW
1133,VERNON,15,J,24.842,-6.355,-13.8,17.5,10,25,1.02,0,1133,VERNON,J,0,1,1,1,1,0,1,470,ng,native_generator,1,0,0,0,0,0,1,0,0,J_REG_BUS_1133,positive PMAX and converted fuel is not import/reference,medium,PERFORM PSS/E RAW rev33,PERFORM/On Peak 2019 v23_Perform_NY/On Peak 2019 v23/NYISO_onpeak2019_v23_shuntsRgens.RAW
1133,VERNON,16,J,24.842,-6.355,-13.8,17.5,10,25,1.02,0,1133,VERNON,J,0,1,1,1,1,0,1,471,ng,native_generator,1,0,0,0,0,0,1,0,0,J_REG_BUS_1133,positive PMAX and converted fuel is not import/reference,medium,PERFORM PSS/E RAW rev33,PERFORM/On Peak 2019 v23_Perform_NY/On Peak 2019 v23/NYISO_onpeak2019_v23_shuntsRgens.RAW
1133,VERNON,17,J,0,0,-13.8,17.5,10,25,1.02,0,1133,VERNON,J,0,1,0,0,0,0,1,472,ng,offline,0,0,0,0,0,1,0,0,0,J_REG_BUS_1133,RAW STAT is offline,high,PERFORM PSS/E RAW rev33,PERFORM/On Peak 2019 v23_Perform_NY/On Peak 2019 v23/NYISO_onpeak2019_v23_shuntsRgens.RAW
1133,VERNON,18,J,0,0,-23.6,30,10,42.9,1.02,0,1133,VERNON,J,0,1,0,0,0,0,1,473,ng,offline,0,0,0,0,0,1,0,0,0,J_REG_BUS_1133,RAW STAT is offline,high,PERFORM PSS/E RAW rev33,PERFORM/On Peak 2019 v23_Perform_NY/On Peak 2019 v23/NYISO_onpeak2019_v23_shuntsRgens.RAW
1133,VERNON,19,J,42.628,-6.355,-23.6,30,10,42.9,1.02,0,1133,VERNON,J,0,1,1,1,1,0,1,474,ng,native_generator,1,0,0,0,0,0,1,0,0,J_REG_BUS_1133,positive PMAX and converted fuel is not import/reference,medium,PERFORM PSS/E RAW rev33,PERFORM/On Peak 2019 v23_Perform_NY/On Peak 2019 v23/NYISO_onpeak2019_v23_shuntsRgens.RAW
1133,VERNON,2,J,0,0,-0.8,1,0.1,1.4,1.02,0,1133,VERNON,J,0,1,0,0,0,0,1,457,dfo,offline,0,0,0,0,0,1,0,0,0,J_REG_BUS_1133,RAW STAT is offline,high,PERFORM PSS/E RAW rev33,PERFORM/On Peak 2019 v23_Perform_NY/On Peak 2019 v23/NYISO_onpeak2019_v23_shuntsRgens.RAW
1133,VERNON,20,J,0,0,-23.6,30,10,42.9,1.02,0,1133,VERNON,J,0,1,0,0,0,0,1,475,ng,offline,0,0,0,0,0,1,0,0,0,J_REG_BUS_1133,RAW STAT is offline,high,PERFORM PSS/E RAW rev33,PERFORM/On Peak 2019 v23_Perform_NY/On Peak 2019 v23/NYISO_onpeak2019_v23_shuntsRgens.RAW
1133,VERNON,21,J,0,0,-23.6,30,10,42.9,1.02,0,1133,VERNON,J,0,1,0,0,0,0,1,476,ng,offline,0,0,0,0,0,1,0,0,0,J_REG_BUS_1133,RAW STAT is offline,high,PERFORM PSS/E RAW rev33,PERFORM/On Peak 2019 v23_Perform_NY/On Peak 2019 v23/NYISO_onpeak2019_v23_shuntsRgens.RAW
1133,VERNON,22,J,0,0,-23.6,30,10,42.9,1.02,0,1133,VERNON,J,0,1,0,0,0,0,1,477,ng,offline,0,0,0,0,0,1,0,0,0,J_REG_BUS_1133,RAW STAT is offline,high,PERFORM PSS/E RAW rev33,PERFORM/On Peak 2019 v23_Perform_NY/On Peak 2019 v23/NYISO_onpeak2019_v23_shuntsRgens.RAW
1133,VERNON,23,J,0,0,-23.6,30,10,42.9,1.02,0,1133,VERNON,J,0,1,0,0,0,0,1,478,ng,offline,0,0,0,0,0,1,0,0,0,J_REG_BUS_1133,RAW STAT is offline,high,PERFORM PSS/E RAW rev33,PERFORM/On Peak 2019 v23_Perform_NY/On Peak 2019 v23/NYISO_onpeak2019_v23_shuntsRgens.RAW
1133,VERNON,24,J,0,0,-23.6,30,10,42.9,1.02,0,1133,VERNON,J,0,1,0,0,0,0,1,479,ng,offline,0,0,0,0,0,1,0,0,0,J_REG_BUS_1133,RAW STAT is offline,high,PERFORM PSS/E RAW rev33,PERFORM/On Peak 2019 v23_Perform_NY/On Peak 2019 v23/NYISO_onpeak2019_v23_shuntsRgens.RAW
1133,VERNON,25,J,46.702,-6.355,-25.9,32.9,1,47,1.02,0,1133,VERNON,J,0,1,1,1,1,0,1,480,ng,native_generator,1,0,0,0,0,0,1,0,0,J_REG_BUS_1133,positive PMAX and converted fuel is not import/reference,medium,PERFORM PSS/E RAW rev33,PERFORM/On Peak 2019 v23_Perform_NY/On Peak 2019 v23/NYISO_onpeak2019_v23_shuntsRgens.RAW
1133,VERNON,26,J,46.702,-6.355,-25.9,32.9,1,47,1.02,0,1133,VERNON,J,0,1,1,1,1,0,1,481,ng,native_generator,1,0,0,0,0,0,1,0,0,J_REG_BUS_1133,positive PMAX and converted fuel is not import/reference,medium,PERFORM PSS/E RAW rev33,PERFORM/On Peak 2019 v23_Perform_NY/On Peak 2019 v23/NYISO_onpeak2019_v23_shuntsRgens.RAW
1133,VERNON,29,J,400,-6.355,-220,280,75,400,1.02,0,1133,VERNON,J,0,1,1,1,1,0,1,482,ng,native_generator,1,0,0,0,0,0,1,0,0,J_REG_BUS_1133,positive PMAX and converted fuel is not import/reference,medium,PERFORM PSS/E RAW rev33,PERFORM/On Peak 2019 v23_Perform_NY/On Peak 2019 v23/NYISO_onpeak2019_v23_shuntsRgens.RAW
1133,VERNON,3,J,0,0,-0.8,1,0.1,1.4,1.02,0,1133,VERNON,J,0,1,0,0,0,0,1,458,ng,offline,0,0,0,0,0,1,0,0,0,J_REG_BUS_1133,RAW STAT is offline,high,PERFORM PSS/E RAW rev33,PERFORM/On Peak 2019 v23_Perform_NY/On Peak 2019 v23/NYISO_onpeak2019_v23_shuntsRgens.RAW
1133,VERNON,30,J,400,-6.355,-220,280,75,400,1.02,0,1133,VERNON,J,0,1,1,1,1,0,1,483,ng,native_generator,1,0,0,0,0,0,1,0,0,J_REG_BUS_1133,positive PMAX and converted fuel is not import/reference,medium,PERFORM PSS/E RAW rev33,PERFORM/On Peak 2019 v23_Perform_NY/On Peak 2019 v23/NYISO_onpeak2019_v23_shuntsRgens.RAW
1133,VERNON,31,J,1027,-6.355,-564.9,718.9,150,1027,1.02,0,1133,VERNON,J,0,1,1,1,1,0,1,484,ng,native_generator,1,0,0,0,0,0,1,0,0,J_REG_BUS_1133,positive PMAX and converted fuel is not import/reference,medium,PERFORM PSS/E RAW rev33,PERFORM/On Peak 2019 v23_Perform_NY/On Peak 2019 v23/NYISO_onpeak2019_v23_shuntsRgens.RAW
1133,VERNON,4,J,0,0,-0.8,1.1,0.1,1.5,1.02,0,1133,VERNON,J,0,1,0,0,0,0,1,459,dfo,offline,0,0,0,0,0,1,0,0,0,J_REG_BUS_1133,RAW STAT is offline,high,PERFORM PSS/E RAW rev33,PERFORM/On Peak 2019 v23_Perform_NY/On Peak 2019 v23/NYISO_onpeak2019_v23_shuntsRgens.RAW
1133,VERNON,5,J,0,0,-0.8,1.1,0.1,1.5,1.02,0,1133,VERNON,J,0,1,0,0,0,0,1,460,dfo,offline,0,0,0,0,0,1,0,0,0,J_REG_BUS_1133,RAW STAT is offline,high,PERFORM PSS/E RAW rev33,PERFORM/On Peak 2019 v23_Perform_NY/On Peak 2019 v23/NYISO_onpeak2019_v23_shuntsRgens.RAW
1133,VERNON,6,J,0,0,-0.8,1.1,0.1,1.5,1.02,0,1133,VERNON,J,0,1,0,0,0,0,1,461,dfo,offline,0,0,0,0,0,1,0,0,0,J_REG_BUS_1133,RAW STAT is offline,high,PERFORM PSS/E RAW rev33,PERFORM/On Peak 2019 v23_Perform_NY/On Peak 2019 v23/NYISO_onpeak2019_v23_shuntsRgens.RAW
1133,VERNON,7,J,0,0,-0.8,1.1,0.1,1.5,1.02,0,1133,VERNON,J,0,1,0,0,0,0,1,462,dfo,offline,0,0,0,0,0,1,0,0,0,J_REG_BUS_1133,RAW STAT is offline,high,PERFORM PSS/E RAW rev33,PERFORM/On Peak 2019 v23_Perform_NY/On Peak 2019 v23/NYISO_onpeak2019_v23_shuntsRgens.RAW
1133,VERNON,8,J,0,0,-1.4,1.8,0.3,2.5,1.02,0,1133,VERNON,J,0,1,0,0,0,0,1,463,dfo,offline,0,0,0,0,0,1,0,0,0,J_REG_BUS_1133,RAW STAT is offline,high,PERFORM PSS/E RAW rev33,PERFORM/On Peak 2019 v23_Perform_NY/On Peak 2019 v23/NYISO_onpeak2019_v23_shuntsRgens.RAW
1133,VERNON,9,J,0,0,-1.4,1.8,0.3,2.5,1.02,0,1133,VERNON,J,0,1,0,0,0,0,1,464,dfo,offline,0,0,0,0,0,1,0,0,0,J_REG_BUS_1133,RAW STAT is offline,high,PERFORM PSS/E RAW rev33,PERFORM/On Peak 2019 v23_Perform_NY/On Peak 2019 v23/NYISO_onpeak2019_v23_shuntsRgens.RAW
1133,VERNON,C1,J,266.799,-6.355,-187.95,201.375,115,268.5,1.02,0,1133,VERNON,J,0,1,1,1,1,0,1,485,ng,native_generator,1,0,0,0,0,0,1,0,0,J_REG_BUS_1133,positive PMAX and converted fuel is not import/reference,medium,PERFORM PSS/E RAW rev33,PERFORM/On Peak 2019 v23_Perform_NY/On Peak 2019 v23/NYISO_onpeak2019_v23_shuntsRgens.RAW
1135,WEST 65TH ~1,1,J,16.992,12,-9.4,12,3,17.1,1.02,0,1135,WEST 65TH ~1,J,0,1,1,1,1,0,1,486,dfo,native_generator,1,0,0,0,0,0,1,0,0,J_REG_BUS_1135,positive PMAX and converted fuel is not import/reference,medium,PERFORM PSS/E RAW rev33,PERFORM/On Peak 2019 v23_Perform_NY/On Peak 2019 v23/NYISO_onpeak2019_v23_shuntsRgens.RAW
1136,WEST 49TH ~1,x,J,100,377.88,-9900,9900,100,100,1.02,0,1136,WEST 49TH ~1,J,0,1,1,1,1,0,1,487,import,fixed_import_or_boundary_equivalent,0,0,1,0,0,0,1,0,0,J_REG_BUS_1136,converted import/reference fuel or fixed negative P,high,PERFORM PSS/E RAW rev33,PERFORM/On Peak 2019 v23_Perform_NY/On Peak 2019 v23/NYISO_onpeak2019_v23_shuntsRgens.RAW
1138,TAP141007,QS,K,0,14.757,0,60,0,0,1.01,0,1138,TAP141007,K,0,1,1,NaN,1,0,1,NaN,,reactive_only_QS,0,1,0,0,0,0,0,0,1,K_REG_BUS_1138,ID QS with zero P capability and nonzero Q range,high,PERFORM PSS/E RAW rev33,PERFORM/On Peak 2019 v23_Perform_NY/On Peak 2019 v23/NYISO_onpeak2019_v23_shuntsRgens.RAW
1146,DEPOSIT,1,K,27.823,-7.242,-15.4,19.6,8,28,1.01,0,1146,DEPOSIT,K,0,1,1,1,1,0,1,488,other,native_generator,1,0,0,0,0,0,1,0,0,K_REG_BUS_1146,positive PMAX and converted fuel is not import/reference,medium,PERFORM PSS/E RAW rev33,PERFORM/On Peak 2019 v23_Perform_NY/On Peak 2019 v23/NYISO_onpeak2019_v23_shuntsRgens.RAW
1147,WADING RIV~1,1,K,78.996,-43.7,-43.7,55.7,68.1,79.5,1.01,0,1147,WADING RIV~1,K,0,1,1,1,1,0,1,489,ng,native_generator,1,0,0,0,0,0,1,0,0,K_REG_BUS_1147,positive PMAX and converted fuel is not import/reference,medium,PERFORM PSS/E RAW rev33,PERFORM/On Peak 2019 v23_Perform_NY/On Peak 2019 v23/NYISO_onpeak2019_v23_shuntsRgens.RAW
1147,WADING RIV~1,2,K,78.996,-43.7,-43.7,55.7,66.4,79.5,1.01,0,1147,WADING RIV~1,K,0,1,1,1,1,0,1,490,dfo,native_generator,1,0,0,0,0,0,1,0,0,K_REG_BUS_1147,positive PMAX and converted fuel is not import/reference,medium,PERFORM PSS/E RAW rev33,PERFORM/On Peak 2019 v23_Perform_NY/On Peak 2019 v23/NYISO_onpeak2019_v23_shuntsRgens.RAW
1147,WADING RIV~1,3,K,78.996,-43.7,-43.7,55.7,65.9,79.5,1.01,0,1147,WADING RIV~1,K,0,1,1,1,1,0,1,491,dfo,native_generator,1,0,0,0,0,0,1,0,0,K_REG_BUS_1147,positive PMAX and converted fuel is not import/reference,medium,PERFORM PSS/E RAW rev33,PERFORM/On Peak 2019 v23_Perform_NY/On Peak 2019 v23/NYISO_onpeak2019_v23_shuntsRgens.RAW
1148,SHOREHAM P~1,1,K,0,22.948,-27.5,35,39.9,50,1.02,0,1148,SHOREHAM P~1,K,0,1,0,0,0,0,1,492,dfo,offline,0,0,0,0,0,1,0,0,0,K_REG_BUS_1148,RAW STAT is offline,high,PERFORM PSS/E RAW rev33,PERFORM/On Peak 2019 v23_Perform_NY/On Peak 2019 v23/NYISO_onpeak2019_v23_shuntsRgens.RAW
1148,SHOREHAM P~1,2,K,0,22.948,-27.5,35,39.9,50,1.02,0,1148,SHOREHAM P~1,K,0,1,0,0,0,0,1,493,dfo,offline,0,0,0,0,0,1,0,0,0,K_REG_BUS_1148,RAW STAT is offline,high,PERFORM PSS/E RAW rev33,PERFORM/On Peak 2019 v23_Perform_NY/On Peak 2019 v23/NYISO_onpeak2019_v23_shuntsRgens.RAW
1148,SHOREHAM P~1,x,K,235,180.389,-9900,9900,235,235,1.02,0,1148,SHOREHAM P~1,K,0,1,1,1,1,0,1,494,import,fixed_import_or_boundary_equivalent,0,0,1,0,0,0,1,0,0,K_REG_BUS_1148,converted import/reference fuel or fixed negative P,high,PERFORM PSS/E RAW rev33,PERFORM/On Peak 2019 v23_Perform_NY/On Peak 2019 v23/NYISO_onpeak2019_v23_shuntsRgens.RAW
1160,ELWOOD,QS,K,0,162.971,-400,400,0,0,1.02,0,1160,ELWOOD,K,0,1,1,NaN,1,0,1,NaN,,reactive_only_QS,0,1,0,0,0,0,0,0,1,K_REG_BUS_1160,ID QS with zero P capability and nonzero Q range,high,PERFORM PSS/E RAW rev33,PERFORM/On Peak 2019 v23_Perform_NY/On Peak 2019 v23/NYISO_onpeak2019_v23_shuntsRgens.RAW
1161,FLOWERFIELD,QS,K,0,18.445,0,30,0,0,1.01,0,1161,FLOWERFIELD,K,0,1,1,NaN,1,0,1,NaN,,reactive_only_QS,0,1,0,0,0,0,0,0,1,K_REG_BUS_1161,ID QS with zero P capability and nonzero Q range,high,PERFORM PSS/E RAW rev33,PERFORM/On Peak 2019 v23_Perform_NY/On Peak 2019 v23/NYISO_onpeak2019_v23_shuntsRgens.RAW
1162,STONY BROOK,1,K,0,0,-25.9,32.9,23,47,1.01,0,1162,STONY BROOK,K,0,1,0,0,0,0,1,495,ng,offline,0,0,0,0,0,1,0,0,0,K_REG_BUS_1162,RAW STAT is offline,high,PERFORM PSS/E RAW rev33,PERFORM/On Peak 2019 v23_Perform_NY/On Peak 2019 v23/NYISO_onpeak2019_v23_shuntsRgens.RAW
1164,BROOKHAVEN,1,K,31.3,22.1,-17.3,22.1,0,31.5,1.02,0,1164,BROOKHAVEN,K,0,1,1,1,1,0,1,496,solar,native_generator,1,0,0,0,0,0,1,0,0,K_REG_BUS_1164,positive PMAX and converted fuel is not import/reference,medium,PERFORM PSS/E RAW rev33,PERFORM/On Peak 2019 v23_Perform_NY/On Peak 2019 v23/NYISO_onpeak2019_v23_shuntsRgens.RAW
1164,BROOKHAVEN,QS,K,0,236.634,0,500,0,0,1.02,0,1164,BROOKHAVEN,K,0,1,1,NaN,1,0,1,NaN,,reactive_only_QS,0,1,0,0,0,0,0,0,1,K_REG_BUS_1164,ID QS with zero P capability and nonzero Q range,high,PERFORM PSS/E RAW rev33,PERFORM/On Peak 2019 v23_Perform_NY/On Peak 2019 v23/NYISO_onpeak2019_v23_shuntsRgens.RAW
1169,UNKNOWN141~3,1,K,24.742,-7.054,-13.7,17.4,0,24.9,1.01,0,1169,UNKNOWN141~3,K,0,1,1,1,1,0,1,497,solar,native_generator,1,0,0,0,0,0,1,0,0,K_REG_BUS_1169,positive PMAX and converted fuel is not import/reference,medium,PERFORM PSS/E RAW rev33,PERFORM/On Peak 2019 v23_Perform_NY/On Peak 2019 v23/NYISO_onpeak2019_v23_shuntsRgens.RAW
1170,UNKNOWN141~4,1,K,19.873,-11,-11,14,0,20,1.01,0,1170,UNKNOWN141~4,K,0,1,1,1,1,0,1,498,solar,native_generator,1,0,0,0,0,0,1,0,0,K_REG_BUS_1170,positive PMAX and converted fuel is not import/reference,medium,PERFORM PSS/E RAW rev33,PERFORM/On Peak 2019 v23_Perform_NY/On Peak 2019 v23/NYISO_onpeak2019_v23_shuntsRgens.RAW
1172,TAP141050,1,C,15.899,0.236,-8.8,11.2,0,16,1.02,0,1172,TAP141050,C,0,1,1,1,1,0,1,499,solar,native_generator,1,0,0,0,0,0,1,0,0,C_REG_BUS_1172,positive PMAX and converted fuel is not import/reference,medium,PERFORM PSS/E RAW rev33,PERFORM/On Peak 2019 v23_Perform_NY/On Peak 2019 v23/NYISO_onpeak2019_v23_shuntsRgens.RAW
1173,TAP141051,1,C,17.886,4.09,-9.9,12.6,0,18,1.02,0,1173,TAP141051,C,0,1,1,1,1,0,1,500,solar,native_generator,1,0,0,0,0,0,1,0,0,C_REG_BUS_1173,positive PMAX and converted fuel is not import/reference,medium,PERFORM PSS/E RAW rev33,PERFORM/On Peak 2019 v23_Perform_NY/On Peak 2019 v23/NYISO_onpeak2019_v23_shuntsRgens.RAW
1181,TAP141059,1,C,2.745,2,-1.5,2,0.7,2.8,1.02,0,1181,TAP141059,C,0,1,1,1,1,0,1,501,hydro,native_generator,1,0,0,0,0,0,1,0,0,C_REG_BUS_1181,positive PMAX and converted fuel is not import/reference,medium,PERFORM PSS/E RAW rev33,PERFORM/On Peak 2019 v23_Perform_NY/On Peak 2019 v23/NYISO_onpeak2019_v23_shuntsRgens.RAW
1181,TAP141059,2,C,2.745,2,-1.5,2,0.7,2.8,1.02,0,1181,TAP141059,C,0,1,1,1,1,0,1,502,hydro,native_generator,1,0,0,0,0,0,1,0,0,C_REG_BUS_1181,positive PMAX and converted fuel is not import/reference,medium,PERFORM PSS/E RAW rev33,PERFORM/On Peak 2019 v23_Perform_NY/On Peak 2019 v23/NYISO_onpeak2019_v23_shuntsRgens.RAW
1181,TAP141059,3,C,2.745,2,-1.5,2,0.7,2.8,1.02,0,1181,TAP141059,C,0,1,1,1,1,0,1,503,hydro,native_generator,1,0,0,0,0,0,1,0,0,C_REG_BUS_1181,positive PMAX and converted fuel is not import/reference,medium,PERFORM PSS/E RAW rev33,PERFORM/On Peak 2019 v23_Perform_NY/On Peak 2019 v23/NYISO_onpeak2019_v23_shuntsRgens.RAW
1181,TAP141059,4,C,3.431,2.5,-1.9,2.5,0.7,3.5,1.02,0,1181,TAP141059,C,0,1,1,1,1,0,1,504,hydro,native_generator,1,0,0,0,0,0,1,0,0,C_REG_BUS_1181,positive PMAX and converted fuel is not import/reference,medium,PERFORM PSS/E RAW rev33,PERFORM/On Peak 2019 v23_Perform_NY/On Peak 2019 v23/NYISO_onpeak2019_v23_shuntsRgens.RAW
1194,TAP141230,1,E,6.371,4.6,-3.6,4.6,0.8,6.5,1.02,0,1194,TAP141230,E,0,1,1,1,1,0,1,505,hydro,native_generator,1,0,0,0,0,0,1,0,0,E_REG_BUS_1194,positive PMAX and converted fuel is not import/reference,medium,PERFORM PSS/E RAW rev33,PERFORM/On Peak 2019 v23_Perform_NY/On Peak 2019 v23/NYISO_onpeak2019_v23_shuntsRgens.RAW
1194,TAP141230,2,E,6.371,4.6,-3.6,4.6,0.8,6.5,1.02,0,1194,TAP141230,E,0,1,1,1,1,0,1,506,hydro,native_generator,1,0,0,0,0,0,1,0,0,E_REG_BUS_1194,positive PMAX and converted fuel is not import/reference,medium,PERFORM PSS/E RAW rev33,PERFORM/On Peak 2019 v23_Perform_NY/On Peak 2019 v23/NYISO_onpeak2019_v23_shuntsRgens.RAW
1204,TAP141244,QS,F,0,10.616,0,50,0,0,1.01,0,1204,TAP141244,F,0,1,1,NaN,1,0,1,NaN,,reactive_only_QS,0,1,0,0,0,0,0,0,1,F_REG_BUS_1204,ID QS with zero P capability and nonzero Q range,high,PERFORM PSS/E RAW rev33,PERFORM/On Peak 2019 v23_Perform_NY/On Peak 2019 v23/NYISO_onpeak2019_v23_shuntsRgens.RAW
1213,TAP141258,1,F,9.802,7,-5.5,7,4,10,1.02,0,1213,TAP141258,F,0,1,1,1,1,0,1,507,hydro,native_generator,1,0,0,0,0,0,1,0,0,F_REG_BUS_1213,positive PMAX and converted fuel is not import/reference,medium,PERFORM PSS/E RAW rev33,PERFORM/On Peak 2019 v23_Perform_NY/On Peak 2019 v23/NYISO_onpeak2019_v23_shuntsRgens.RAW
1213,TAP141258,2,F,9.802,7,-5.5,7,4,10,1.02,0,1213,TAP141258,F,0,1,1,1,1,0,1,508,hydro,native_generator,1,0,0,0,0,0,1,0,0,F_REG_BUS_1213,positive PMAX and converted fuel is not import/reference,medium,PERFORM PSS/E RAW rev33,PERFORM/On Peak 2019 v23_Perform_NY/On Peak 2019 v23/NYISO_onpeak2019_v23_shuntsRgens.RAW
1223,WOODBOURNE,1,E,24.506,2.31,-13.8,17.5,1,25,1.02,0,1223,WOODBOURNE,E,0,1,1,1,1,0,1,509,hydro,native_generator,1,0,0,0,0,0,1,0,0,E_REG_BUS_1223,positive PMAX and converted fuel is not import/reference,medium,PERFORM PSS/E RAW rev33,PERFORM/On Peak 2019 v23_Perform_NY/On Peak 2019 v23/NYISO_onpeak2019_v23_shuntsRgens.RAW
1227,GILBOA,1,F,245.055,-17.148,-137.5,175,1,250,1.02,0,1227,GILBOA,F,0,1,1,1,1,0,1,510,hydro,native_generator,1,0,0,0,0,0,1,0,0,F_REG_BUS_1227,positive PMAX and converted fuel is not import/reference,medium,PERFORM PSS/E RAW rev33,PERFORM/On Peak 2019 v23_Perform_NY/On Peak 2019 v23/NYISO_onpeak2019_v23_shuntsRgens.RAW
1227,GILBOA,2,F,245.055,-17.148,-137.5,175,1,250,1.02,0,1227,GILBOA,F,0,1,1,1,1,0,1,511,hydro,native_generator,1,0,0,0,0,0,1,0,0,F_REG_BUS_1227,positive PMAX and converted fuel is not import/reference,medium,PERFORM PSS/E RAW rev33,PERFORM/On Peak 2019 v23_Perform_NY/On Peak 2019 v23/NYISO_onpeak2019_v23_shuntsRgens.RAW
1227,GILBOA,3,F,245.055,-17.148,-137.5,175,1,250,1.02,0,1227,GILBOA,F,0,1,1,1,1,0,1,512,hydro,native_generator,1,0,0,0,0,0,1,0,0,F_REG_BUS_1227,positive PMAX and converted fuel is not import/reference,medium,PERFORM PSS/E RAW rev33,PERFORM/On Peak 2019 v23_Perform_NY/On Peak 2019 v23/NYISO_onpeak2019_v23_shuntsRgens.RAW
1227,GILBOA,4,F,245.055,-17.148,-137.5,175,1,250,1.02,0,1227,GILBOA,F,0,1,1,1,1,0,1,513,hydro,native_generator,1,0,0,0,0,0,1,0,0,F_REG_BUS_1227,positive PMAX and converted fuel is not import/reference,medium,PERFORM PSS/E RAW rev33,PERFORM/On Peak 2019 v23_Perform_NY/On Peak 2019 v23/NYISO_onpeak2019_v23_shuntsRgens.RAW
1230,MOSES,1,E,34.341,-11.206,-31.4,39.9,1,57,1.02,0,1230,MOSES,E,0,1,1,1,1,0,1,514,hydro,native_generator,1,0,0,0,0,0,1,0,0,E_REG_BUS_1230,positive PMAX and converted fuel is not import/reference,medium,PERFORM PSS/E RAW rev33,PERFORM/On Peak 2019 v23_Perform_NY/On Peak 2019 v23/NYISO_onpeak2019_v23_shuntsRgens.RAW
1230,MOSES,10,E,34.341,-11.206,-31.4,39.9,1,57,1.02,0,1230,MOSES,E,0,1,1,1,1,0,1,523,hydro,native_generator,1,0,0,0,0,0,1,0,0,E_REG_BUS_1230,positive PMAX and converted fuel is not import/reference,medium,PERFORM PSS/E RAW rev33,PERFORM/On Peak 2019 v23_Perform_NY/On Peak 2019 v23/NYISO_onpeak2019_v23_shuntsRgens.RAW
1230,MOSES,11,E,34.341,-11.206,-31.4,39.9,1,57,1.02,0,1230,MOSES,E,0,1,1,1,1,0,1,524,hydro,native_generator,1,0,0,0,0,0,1,0,0,E_REG_BUS_1230,positive PMAX and converted fuel is not import/reference,medium,PERFORM PSS/E RAW rev33,PERFORM/On Peak 2019 v23_Perform_NY/On Peak 2019 v23/NYISO_onpeak2019_v23_shuntsRgens.RAW
1230,MOSES,12,E,34.341,-11.206,-31.4,39.9,1,57,1.02,0,1230,MOSES,E,0,1,1,1,1,0,1,525,hydro,native_generator,1,0,0,0,0,0,1,0,0,E_REG_BUS_1230,positive PMAX and converted fuel is not import/reference,medium,PERFORM PSS/E RAW rev33,PERFORM/On Peak 2019 v23_Perform_NY/On Peak 2019 v23/NYISO_onpeak2019_v23_shuntsRgens.RAW
1230,MOSES,13,E,34.341,-11.206,-31.4,39.9,1,57,1.02,0,1230,MOSES,E,0,1,1,1,1,0,1,526,hydro,native_generator,1,0,0,0,0,0,1,0,0,E_REG_BUS_1230,positive PMAX and converted fuel is not import/reference,medium,PERFORM PSS/E RAW rev33,PERFORM/On Peak 2019 v23_Perform_NY/On Peak 2019 v23/NYISO_onpeak2019_v23_shuntsRgens.RAW
1230,MOSES,14,E,34.341,-11.206,-31.4,39.9,1,57,1.02,0,1230,MOSES,E,0,1,1,1,1,0,1,527,hydro,native_generator,1,0,0,0,0,0,1,0,0,E_REG_BUS_1230,positive PMAX and converted fuel is not import/reference,medium,PERFORM PSS/E RAW rev33,PERFORM/On Peak 2019 v23_Perform_NY/On Peak 2019 v23/NYISO_onpeak2019_v23_shuntsRgens.RAW
1230,MOSES,15,E,34.341,-11.206,-31.4,39.9,1,57,1.02,0,1230,MOSES,E,0,1,1,1,1,0,1,528,hydro,native_generator,1,0,0,0,0,0,1,0,0,E_REG_BUS_1230,positive PMAX and converted fuel is not import/reference,medium,PERFORM PSS/E RAW rev33,PERFORM/On Peak 2019 v23_Perform_NY/On Peak 2019 v23/NYISO_onpeak2019_v23_shuntsRgens.RAW
1230,MOSES,16,E,34.341,-11.206,-31.4,39.9,1,57,1.02,0,1230,MOSES,E,0,1,1,1,1,0,1,529,hydro,native_generator,1,0,0,0,0,0,1,0,0,E_REG_BUS_1230,positive PMAX and converted fuel is not import/reference,medium,PERFORM PSS/E RAW rev33,PERFORM/On Peak 2019 v23_Perform_NY/On Peak 2019 v23/NYISO_onpeak2019_v23_shuntsRgens.RAW
1230,MOSES,2,E,34.341,-11.206,-31.4,39.9,1,57,1.02,0,1230,MOSES,E,0,1,1,1,1,0,1,515,hydro,native_generator,1,0,0,0,0,0,1,0,0,E_REG_BUS_1230,positive PMAX and converted fuel is not import/reference,medium,PERFORM PSS/E RAW rev33,PERFORM/On Peak 2019 v23_Perform_NY/On Peak 2019 v23/NYISO_onpeak2019_v23_shuntsRgens.RAW
1230,MOSES,3,E,34.341,-11.206,-31.4,39.9,1,57,1.02,0,1230,MOSES,E,0,1,1,1,1,0,1,516,hydro,native_generator,1,0,0,0,0,0,1,0,0,E_REG_BUS_1230,positive PMAX and converted fuel is not import/reference,medium,PERFORM PSS/E RAW rev33,PERFORM/On Peak 2019 v23_Perform_NY/On Peak 2019 v23/NYISO_onpeak2019_v23_shuntsRgens.RAW
1230,MOSES,4,E,34.341,-11.206,-31.4,39.9,1,57,1.02,0,1230,MOSES,E,0,1,1,1,1,0,1,517,hydro,native_generator,1,0,0,0,0,0,1,0,0,E_REG_BUS_1230,positive PMAX and converted fuel is not import/reference,medium,PERFORM PSS/E RAW rev33,PERFORM/On Peak 2019 v23_Perform_NY/On Peak 2019 v23/NYISO_onpeak2019_v23_shuntsRgens.RAW
1230,MOSES,5,E,34.341,-11.206,-31.4,39.9,1,57,1.02,0,1230,MOSES,E,0,1,1,1,1,0,1,518,hydro,native_generator,1,0,0,0,0,0,1,0,0,E_REG_BUS_1230,positive PMAX and converted fuel is not import/reference,medium,PERFORM PSS/E RAW rev33,PERFORM/On Peak 2019 v23_Perform_NY/On Peak 2019 v23/NYISO_onpeak2019_v23_shuntsRgens.RAW
1230,MOSES,6,E,34.341,-11.206,-31.4,39.9,1,57,1.02,0,1230,MOSES,E,0,1,1,1,1,0,1,519,hydro,native_generator,1,0,0,0,0,0,1,0,0,E_REG_BUS_1230,positive PMAX and converted fuel is not import/reference,medium,PERFORM PSS/E RAW rev33,PERFORM/On Peak 2019 v23_Perform_NY/On Peak 2019 v23/NYISO_onpeak2019_v23_shuntsRgens.RAW
1230,MOSES,7,E,34.341,-11.206,-31.4,39.9,1,57,1.02,0,1230,MOSES,E,0,1,1,1,1,0,1,520,hydro,native_generator,1,0,0,0,0,0,1,0,0,E_REG_BUS_1230,positive PMAX and converted fuel is not import/reference,medium,PERFORM PSS/E RAW rev33,PERFORM/On Peak 2019 v23_Perform_NY/On Peak 2019 v23/NYISO_onpeak2019_v23_shuntsRgens.RAW
1230,MOSES,8,E,34.341,-11.206,-31.4,39.9,1,57,1.02,0,1230,MOSES,E,0,1,1,1,1,0,1,521,hydro,native_generator,1,0,0,0,0,0,1,0,0,E_REG_BUS_1230,positive PMAX and converted fuel is not import/reference,medium,PERFORM PSS/E RAW rev33,PERFORM/On Peak 2019 v23_Perform_NY/On Peak 2019 v23/NYISO_onpeak2019_v23_shuntsRgens.RAW
1230,MOSES,9,E,55.873,-11.206,-31.4,39.9,1,57,1.02,0,1230,MOSES,E,0,1,1,1,1,0,1,522,hydro,native_generator,1,0,0,0,0,0,1,0,0,E_REG_BUS_1230,positive PMAX and converted fuel is not import/reference,medium,PERFORM PSS/E RAW rev33,PERFORM/On Peak 2019 v23_Perform_NY/On Peak 2019 v23/NYISO_onpeak2019_v23_shuntsRgens.RAW
1231,MASSENA,x,E,750,57.636,-9900,9900,700,1200,1.03,0,1231,MASSENA,E,0,1,1,1,1,0,1,530,import,fixed_import_or_boundary_equivalent,0,0,1,0,0,0,1,0,0,E_REG_BUS_1231,converted import/reference fuel or fixed negative P,high,PERFORM PSS/E RAW rev33,PERFORM/On Peak 2019 v23_Perform_NY/On Peak 2019 v23/NYISO_onpeak2019_v23_shuntsRgens.RAW
1236,OSWEGO,1,C,0,0,-496,631.3,150,901.8,1.02,0,1236,OSWEGO,C,0,1,0,0,0,0,1,531,dfo,offline,0,0,0,0,0,1,0,0,0,C_REG_BUS_1236,RAW STAT is offline,high,PERFORM PSS/E RAW rev33,PERFORM/On Peak 2019 v23_Perform_NY/On Peak 2019 v23/NYISO_onpeak2019_v23_shuntsRgens.RAW
1236,OSWEGO,2,C,0,0,-496,631.3,150,901.8,1.02,0,1236,OSWEGO,C,0,1,0,0,0,0,1,532,dfo,offline,0,0,0,0,0,1,0,0,0,C_REG_BUS_1236,RAW STAT is offline,high,PERFORM PSS/E RAW rev33,PERFORM/On Peak 2019 v23_Perform_NY/On Peak 2019 v23/NYISO_onpeak2019_v23_shuntsRgens.RAW
1240,NINE MILE,1,C,637.733,-52.963,-353,449.3,481,641.8,1.02,0,1240,NINE MILE,C,0,1,1,1,1,0,1,533,nuclear,native_generator,1,0,0,0,0,0,1,0,0,C_REG_BUS_1240,positive PMAX and converted fuel is not import/reference,medium,PERFORM PSS/E RAW rev33,PERFORM/On Peak 2019 v23_Perform_NY/On Peak 2019 v23/NYISO_onpeak2019_v23_shuntsRgens.RAW
1240,NINE MILE,2,C,1251.32,-52.963,-692.6,881.5,944,1259.3,1.02,0,1240,NINE MILE,C,0,1,1,1,1,0,1,534,nuclear,native_generator,1,0,0,0,0,0,1,0,0,C_REG_BUS_1240,positive PMAX and converted fuel is not import/reference,medium,PERFORM PSS/E RAW rev33,PERFORM/On Peak 2019 v23_Perform_NY/On Peak 2019 v23/NYISO_onpeak2019_v23_shuntsRgens.RAW
1249,SOMERSET,1,A,0,0,-360.3,458.6,150,655.1,1.02,0,1249,SOMERSET,A,0,1,0,0,0,0,1,535,coal,offline,0,0,0,0,0,1,0,0,0,A_REG_BUS_1249,RAW STAT is offline,high,PERFORM PSS/E RAW rev33,PERFORM/On Peak 2019 v23_Perform_NY/On Peak 2019 v23/NYISO_onpeak2019_v23_shuntsRgens.RAW
1250,CANANDAIGUA,1,C,86.946,-33.534,-48.1,61.3,0,87.5,1.02,0,1250,CANANDAIGUA,C,0,1,1,1,1,0,1,536,wind,native_generator,1,0,0,0,0,0,1,0,0,C_REG_BUS_1250,positive PMAX and converted fuel is not import/reference,medium,PERFORM PSS/E RAW rev33,PERFORM/On Peak 2019 v23_Perform_NY/On Peak 2019 v23/NYISO_onpeak2019_v23_shuntsRgens.RAW
1263,MARCY,RF,E,-0.336,-721.356,-9900,9900,-1,1,1,0,1263,MARCY,E,0,1,1,1,1,0,1,537,reference,fixed_import_or_boundary_equivalent,0,0,1,0,0,0,1,0,0,E_REG_BUS_1263,converted import/reference fuel or fixed negative P,high,PERFORM PSS/E RAW rev33,PERFORM/On Peak 2019 v23_Perform_NY/On Peak 2019 v23/NYISO_onpeak2019_v23_shuntsRgens.RAW
1273,TAP145043,1,C,0,0,-0.4,0.6,0.6,0.8,1.02,0,1273,TAP145043,C,0,1,0,0,0,0,1,538,other,offline,0,0,0,0,0,1,0,0,0,C_REG_BUS_1273,RAW STAT is offline,high,PERFORM PSS/E RAW rev33,PERFORM/On Peak 2019 v23_Perform_NY/On Peak 2019 v23/NYISO_onpeak2019_v23_shuntsRgens.RAW
1273,TAP145043,10,C,0,0,-0.4,0.6,0.6,0.8,1.02,0,1273,TAP145043,C,0,1,0,0,0,0,1,547,other,offline,0,0,0,0,0,1,0,0,0,C_REG_BUS_1273,RAW STAT is offline,high,PERFORM PSS/E RAW rev33,PERFORM/On Peak 2019 v23_Perform_NY/On Peak 2019 v23/NYISO_onpeak2019_v23_shuntsRgens.RAW
1273,TAP145043,11,C,0,0,-0.4,0.6,0.6,0.8,1.02,0,1273,TAP145043,C,0,1,0,0,0,0,1,548,other,offline,0,0,0,0,0,1,0,0,0,C_REG_BUS_1273,RAW STAT is offline,high,PERFORM PSS/E RAW rev33,PERFORM/On Peak 2019 v23_Perform_NY/On Peak 2019 v23/NYISO_onpeak2019_v23_shuntsRgens.RAW
1273,TAP145043,12,C,0,0,-0.4,0.6,0.6,0.8,1.02,0,1273,TAP145043,C,0,1,0,0,0,0,1,549,other,offline,0,0,0,0,0,1,0,0,0,C_REG_BUS_1273,RAW STAT is offline,high,PERFORM PSS/E RAW rev33,PERFORM/On Peak 2019 v23_Perform_NY/On Peak 2019 v23/NYISO_onpeak2019_v23_shuntsRgens.RAW
1273,TAP145043,13,C,0,0,-0.4,0.6,0.6,0.8,1.02,0,1273,TAP145043,C,0,1,0,0,0,0,1,550,other,offline,0,0,0,0,0,1,0,0,0,C_REG_BUS_1273,RAW STAT is offline,high,PERFORM PSS/E RAW rev33,PERFORM/On Peak 2019 v23_Perform_NY/On Peak 2019 v23/NYISO_onpeak2019_v23_shuntsRgens.RAW
1273,TAP145043,14,C,0,0,-0.4,0.6,0.6,0.8,1.02,0,1273,TAP145043,C,0,1,0,0,0,0,1,551,other,offline,0,0,0,0,0,1,0,0,0,C_REG_BUS_1273,RAW STAT is offline,high,PERFORM PSS/E RAW rev33,PERFORM/On Peak 2019 v23_Perform_NY/On Peak 2019 v23/NYISO_onpeak2019_v23_shuntsRgens.RAW
1273,TAP145043,15,C,0,0,-0.9,1.1,0.8,1.6,1.02,0,1273,TAP145043,C,0,1,0,0,0,0,1,552,other,offline,0,0,0,0,0,1,0,0,0,C_REG_BUS_1273,RAW STAT is offline,high,PERFORM PSS/E RAW rev33,PERFORM/On Peak 2019 v23_Perform_NY/On Peak 2019 v23/NYISO_onpeak2019_v23_shuntsRgens.RAW
1273,TAP145043,16,C,0,0,-0.9,1.1,0.8,1.6,1.02,0,1273,TAP145043,C,0,1,0,0,0,0,1,553,other,offline,0,0,0,0,0,1,0,0,0,C_REG_BUS_1273,RAW STAT is offline,high,PERFORM PSS/E RAW rev33,PERFORM/On Peak 2019 v23_Perform_NY/On Peak 2019 v23/NYISO_onpeak2019_v23_shuntsRgens.RAW
1273,TAP145043,17,C,0,0,-0.9,1.1,0.8,1.6,1.02,0,1273,TAP145043,C,0,1,0,0,0,0,1,554,other,offline,0,0,0,0,0,1,0,0,0,C_REG_BUS_1273,RAW STAT is offline,high,PERFORM PSS/E RAW rev33,PERFORM/On Peak 2019 v23_Perform_NY/On Peak 2019 v23/NYISO_onpeak2019_v23_shuntsRgens.RAW
1273,TAP145043,18,C,0,0,-0.9,1.1,0.8,1.6,1.02,0,1273,TAP145043,C,0,1,0,0,0,0,1,555,other,offline,0,0,0,0,0,1,0,0,0,C_REG_BUS_1273,RAW STAT is offline,high,PERFORM PSS/E RAW rev33,PERFORM/On Peak 2019 v23_Perform_NY/On Peak 2019 v23/NYISO_onpeak2019_v23_shuntsRgens.RAW
1273,TAP145043,2,C,0,0,-0.4,0.6,0.6,0.8,1.02,0,1273,TAP145043,C,0,1,0,0,0,0,1,539,other,offline,0,0,0,0,0,1,0,0,0,C_REG_BUS_1273,RAW STAT is offline,high,PERFORM PSS/E RAW rev33,PERFORM/On Peak 2019 v23_Perform_NY/On Peak 2019 v23/NYISO_onpeak2019_v23_shuntsRgens.RAW
1273,TAP145043,3,C,0,0,-0.4,0.6,0.6,0.8,1.02,0,1273,TAP145043,C,0,1,0,0,0,0,1,540,other,offline,0,0,0,0,0,1,0,0,0,C_REG_BUS_1273,RAW STAT is offline,high,PERFORM PSS/E RAW rev33,PERFORM/On Peak 2019 v23_Perform_NY/On Peak 2019 v23/NYISO_onpeak2019_v23_shuntsRgens.RAW
1273,TAP145043,4,C,0,0,-0.4,0.6,0.6,0.8,1.02,0,1273,TAP145043,C,0,1,0,0,0,0,1,541,other,offline,0,0,0,0,0,1,0,0,0,C_REG_BUS_1273,RAW STAT is offline,high,PERFORM PSS/E RAW rev33,PERFORM/On Peak 2019 v23_Perform_NY/On Peak 2019 v23/NYISO_onpeak2019_v23_shuntsRgens.RAW
1273,TAP145043,5,C,0,0,-0.4,0.6,0.6,0.8,1.02,0,1273,TAP145043,C,0,1,0,0,0,0,1,542,other,offline,0,0,0,0,0,1,0,0,0,C_REG_BUS_1273,RAW STAT is offline,high,PERFORM PSS/E RAW rev33,PERFORM/On Peak 2019 v23_Perform_NY/On Peak 2019 v23/NYISO_onpeak2019_v23_shuntsRgens.RAW
1273,TAP145043,6,C,0,0,-0.4,0.6,0.6,0.8,1.02,0,1273,TAP145043,C,0,1,0,0,0,0,1,543,other,offline,0,0,0,0,0,1,0,0,0,C_REG_BUS_1273,RAW STAT is offline,high,PERFORM PSS/E RAW rev33,PERFORM/On Peak 2019 v23_Perform_NY/On Peak 2019 v23/NYISO_onpeak2019_v23_shuntsRgens.RAW
1273,TAP145043,7,C,0,0,-0.4,0.6,0.6,0.8,1.02,0,1273,TAP145043,C,0,1,0,0,0,0,1,544,other,offline,0,0,0,0,0,1,0,0,0,C_REG_BUS_1273,RAW STAT is offline,high,PERFORM PSS/E RAW rev33,PERFORM/On Peak 2019 v23_Perform_NY/On Peak 2019 v23/NYISO_onpeak2019_v23_shuntsRgens.RAW
1273,TAP145043,8,C,0,0,-0.4,0.6,0.6,0.8,1.02,0,1273,TAP145043,C,0,1,0,0,0,0,1,545,other,offline,0,0,0,0,0,1,0,0,0,C_REG_BUS_1273,RAW STAT is offline,high,PERFORM PSS/E RAW rev33,PERFORM/On Peak 2019 v23_Perform_NY/On Peak 2019 v23/NYISO_onpeak2019_v23_shuntsRgens.RAW
1273,TAP145043,9,C,0,0,-0.4,0.6,0.6,0.8,1.02,0,1273,TAP145043,C,0,1,0,0,0,0,1,546,other,offline,0,0,0,0,0,1,0,0,0,C_REG_BUS_1273,RAW STAT is offline,high,PERFORM PSS/E RAW rev33,PERFORM/On Peak 2019 v23_Perform_NY/On Peak 2019 v23/NYISO_onpeak2019_v23_shuntsRgens.RAW
1287,TAP145219,1,E,79.394,-12.988,-43.9,55.9,0,79.9,1.02,0,1287,TAP145219,E,0,1,1,1,1,0,1,556,wind,native_generator,1,0,0,0,0,0,1,0,0,E_REG_BUS_1287,positive PMAX and converted fuel is not import/reference,medium,PERFORM PSS/E RAW rev33,PERFORM/On Peak 2019 v23_Perform_NY/On Peak 2019 v23/NYISO_onpeak2019_v23_shuntsRgens.RAW
1296,HIGH SHELDON,2,A,111.29,-24.615,-61.6,78.4,0,112,1.02,0,1296,HIGH SHELDON,A,0,1,1,1,1,0,1,558,wind,native_generator,1,0,0,0,0,0,1,0,0,A_REG_BUS_1296,positive PMAX and converted fuel is not import/reference,medium,PERFORM PSS/E RAW rev33,PERFORM/On Peak 2019 v23_Perform_NY/On Peak 2019 v23/NYISO_onpeak2019_v23_shuntsRgens.RAW
1313,NIAGARA,x,A,200,-37.262,-9900,9900,200,200,1.02,0,1313,NIAGARA,A,0,1,1,1,1,0,1,559,import,fixed_import_or_boundary_equivalent,0,0,1,0,0,0,1,0,0,A_REG_BUS_1313,converted import/reference fuel or fixed negative P,high,PERFORM PSS/E RAW rev33,PERFORM/On Peak 2019 v23_Perform_NY/On Peak 2019 v23/NYISO_onpeak2019_v23_shuntsRgens.RAW
1320,S. RIPLEY,X,A,8,-1.985,-20,20,8,10,1.0269,0,1320,S. RIPLEY,A,0,1,1,0,0,1,1,560,import,fixed_import_or_boundary_equivalent,0,0,1,0,0,0,1,0,0,A_REG_BUS_1320,converted import/reference fuel or fixed negative P,high,PERFORM PSS/E RAW rev33,PERFORM/On Peak 2019 v23_Perform_NY/On Peak 2019 v23/NYISO_onpeak2019_v23_shuntsRgens.RAW
1321,DUNKIRK,1,A,0,0,-52.8,67.2,35,96,1.02,0,1321,DUNKIRK,A,0,1,0,0,0,0,1,561,coal,offline,0,0,0,0,0,1,0,0,0,A_REG_BUS_1321,RAW STAT is offline,high,PERFORM PSS/E RAW rev33,PERFORM/On Peak 2019 v23_Perform_NY/On Peak 2019 v23/NYISO_onpeak2019_v23_shuntsRgens.RAW
1321,DUNKIRK,2,A,0,0,-52.8,67.2,35,96,1.02,0,1321,DUNKIRK,A,0,1,0,0,0,0,1,562,coal,offline,0,0,0,0,0,1,0,0,0,A_REG_BUS_1321,RAW STAT is offline,high,PERFORM PSS/E RAW rev33,PERFORM/On Peak 2019 v23_Perform_NY/On Peak 2019 v23/NYISO_onpeak2019_v23_shuntsRgens.RAW
1321,DUNKIRK,3,A,0,0,-119.7,152.3,85,217.6,1.02,0,1321,DUNKIRK,A,0,1,0,0,0,0,1,563,coal,offline,0,0,0,0,0,1,0,0,0,A_REG_BUS_1321,RAW STAT is offline,high,PERFORM PSS/E RAW rev33,PERFORM/On Peak 2019 v23_Perform_NY/On Peak 2019 v23/NYISO_onpeak2019_v23_shuntsRgens.RAW
1321,DUNKIRK,4,A,0,0,-119.7,152.3,85,217.6,1.02,0,1321,DUNKIRK,A,0,1,0,0,0,0,1,564,coal,offline,0,0,0,0,0,1,0,0,0,A_REG_BUS_1321,RAW STAT is offline,high,PERFORM PSS/E RAW rev33,PERFORM/On Peak 2019 v23_Perform_NY/On Peak 2019 v23/NYISO_onpeak2019_v23_shuntsRgens.RAW
1324,UNKNOWN146~1,1,A,79.294,-10.967,-43.9,55.9,7.1,79.8,1.02,0,1324,UNKNOWN146~1,A,0,1,1,1,1,0,1,565,wind,native_generator,1,0,0,0,0,0,1,0,0,A_REG_BUS_1324,positive PMAX and converted fuel is not import/reference,medium,PERFORM PSS/E RAW rev33,PERFORM/On Peak 2019 v23_Perform_NY/On Peak 2019 v23/NYISO_onpeak2019_v23_shuntsRgens.RAW
1330,TAP155786,C1,A,90.026,-18.265,-63.42,67.95,63,90.6,1.02,0,1330,TAP155786,A,0,1,1,1,1,0,1,566,ng,native_generator,1,0,0,0,0,0,1,0,0,A_REG_BUS_1330,positive PMAX and converted fuel is not import/reference,medium,PERFORM PSS/E RAW rev33,PERFORM/On Peak 2019 v23_Perform_NY/On Peak 2019 v23/NYISO_onpeak2019_v23_shuntsRgens.RAW
1413,FIVE MILE,X,A,8.169,-2.26,-20,20,8,9,1.0315,0,1413,FIVE MILE,A,0,1,1,0,0,1,1,567,import,fixed_import_or_boundary_equivalent,0,0,1,0,0,0,1,0,0,A_REG_BUS_1413,converted import/reference fuel or fixed negative P,high,PERFORM PSS/E RAW rev33,PERFORM/On Peak 2019 v23_Perform_NY/On Peak 2019 v23/NYISO_onpeak2019_v23_shuntsRgens.RAW
1427,DEADEND166~3,1,A,21.054,-9.758,-82.7,105.2,1,150.3,1.02,0,1427,DEADEND166~3,A,0,1,1,1,1,0,1,568,hydro,native_generator,1,0,0,0,0,0,1,0,0,A_REG_BUS_1427,positive PMAX and converted fuel is not import/reference,medium,PERFORM PSS/E RAW rev33,PERFORM/On Peak 2019 v23_Perform_NY/On Peak 2019 v23/NYISO_onpeak2019_v23_shuntsRgens.RAW
1427,DEADEND166~3,10,A,116.577,-9.758,-106.4,135.5,1,193.5,1.02,0,1427,DEADEND166~3,A,0,1,1,1,1,0,1,577,hydro,native_generator,1,0,0,0,0,0,1,0,0,A_REG_BUS_1427,positive PMAX and converted fuel is not import/reference,medium,PERFORM PSS/E RAW rev33,PERFORM/On Peak 2019 v23_Perform_NY/On Peak 2019 v23/NYISO_onpeak2019_v23_shuntsRgens.RAW
1427,DEADEND166~3,11,A,116.577,-9.758,-106.4,135.5,1,193.5,1.02,0,1427,DEADEND166~3,A,0,1,1,1,1,0,1,578,hydro,native_generator,1,0,0,0,0,0,1,0,0,A_REG_BUS_1427,positive PMAX and converted fuel is not import/reference,medium,PERFORM PSS/E RAW rev33,PERFORM/On Peak 2019 v23_Perform_NY/On Peak 2019 v23/NYISO_onpeak2019_v23_shuntsRgens.RAW
1427,DEADEND166~3,12,A,18.679,-9.758,-106.4,135.5,1,193.5,1.02,0,1427,DEADEND166~3,A,0,1,1,1,1,0,1,579,hydro,native_generator,1,0,0,0,0,0,1,0,0,A_REG_BUS_1427,positive PMAX and converted fuel is not import/reference,medium,PERFORM PSS/E RAW rev33,PERFORM/On Peak 2019 v23_Perform_NY/On Peak 2019 v23/NYISO_onpeak2019_v23_shuntsRgens.RAW
1427,DEADEND166~3,13,A,116.577,-9.758,-106.4,135.5,1,193.5,1.02,0,1427,DEADEND166~3,A,0,1,1,1,1,0,1,580,hydro,native_generator,1,0,0,0,0,0,1,0,0,A_REG_BUS_1427,positive PMAX and converted fuel is not import/reference,medium,PERFORM PSS/E RAW rev33,PERFORM/On Peak 2019 v23_Perform_NY/On Peak 2019 v23/NYISO_onpeak2019_v23_shuntsRgens.RAW
1427,DEADEND166~3,2,A,90.551,-9.758,-82.7,105.2,1,150.3,1.02,0,1427,DEADEND166~3,A,0,1,1,1,1,0,1,569,hydro,native_generator,1,0,0,0,0,0,1,0,0,A_REG_BUS_1427,positive PMAX and converted fuel is not import/reference,medium,PERFORM PSS/E RAW rev33,PERFORM/On Peak 2019 v23_Perform_NY/On Peak 2019 v23/NYISO_onpeak2019_v23_shuntsRgens.RAW
1427,DEADEND166~3,3,A,116.577,-9.758,-106.4,135.5,1,193.5,1.02,0,1427,DEADEND166~3,A,0,1,1,1,1,0,1,570,hydro,native_generator,1,0,0,0,0,0,1,0,0,A_REG_BUS_1427,positive PMAX and converted fuel is not import/reference,medium,PERFORM PSS/E RAW rev33,PERFORM/On Peak 2019 v23_Perform_NY/On Peak 2019 v23/NYISO_onpeak2019_v23_shuntsRgens.RAW
1427,DEADEND166~3,4,A,116.577,-9.758,-106.4,135.5,1,193.5,1.02,0,1427,DEADEND166~3,A,0,1,1,1,1,0,1,571,hydro,native_generator,1,0,0,0,0,0,1,0,0,A_REG_BUS_1427,positive PMAX and converted fuel is not import/reference,medium,PERFORM PSS/E RAW rev33,PERFORM/On Peak 2019 v23_Perform_NY/On Peak 2019 v23/NYISO_onpeak2019_v23_shuntsRgens.RAW
1427,DEADEND166~3,5,A,116.577,-9.758,-106.4,135.5,1,193.5,1.02,0,1427,DEADEND166~3,A,0,1,1,1,1,0,1,572,hydro,native_generator,1,0,0,0,0,0,1,0,0,A_REG_BUS_1427,positive PMAX and converted fuel is not import/reference,medium,PERFORM PSS/E RAW rev33,PERFORM/On Peak 2019 v23_Perform_NY/On Peak 2019 v23/NYISO_onpeak2019_v23_shuntsRgens.RAW
1427,DEADEND166~3,6,A,116.577,-9.758,-106.4,135.5,1,193.5,1.02,0,1427,DEADEND166~3,A,0,1,1,1,1,0,1,573,hydro,native_generator,1,0,0,0,0,0,1,0,0,A_REG_BUS_1427,positive PMAX and converted fuel is not import/reference,medium,PERFORM PSS/E RAW rev33,PERFORM/On Peak 2019 v23_Perform_NY/On Peak 2019 v23/NYISO_onpeak2019_v23_shuntsRgens.RAW
1427,DEADEND166~3,7,A,116.577,-9.758,-106.4,135.5,1,193.5,1.02,0,1427,DEADEND166~3,A,0,1,1,1,1,0,1,574,hydro,native_generator,1,0,0,0,0,0,1,0,0,A_REG_BUS_1427,positive PMAX and converted fuel is not import/reference,medium,PERFORM PSS/E RAW rev33,PERFORM/On Peak 2019 v23_Perform_NY/On Peak 2019 v23/NYISO_onpeak2019_v23_shuntsRgens.RAW
1427,DEADEND166~3,8,A,116.577,-9.758,-106.4,135.5,1,193.5,1.02,0,1427,DEADEND166~3,A,0,1,1,1,1,0,1,575,hydro,native_generator,1,0,0,0,0,0,1,0,0,A_REG_BUS_1427,positive PMAX and converted fuel is not import/reference,medium,PERFORM PSS/E RAW rev33,PERFORM/On Peak 2019 v23_Perform_NY/On Peak 2019 v23/NYISO_onpeak2019_v23_shuntsRgens.RAW
1427,DEADEND166~3,9,A,189.673,-9.758,-106.4,135.5,1,193.5,1.02,0,1427,DEADEND166~3,A,0,1,1,1,1,0,1,576,hydro,native_generator,1,0,0,0,0,0,1,0,0,A_REG_BUS_1427,positive PMAX and converted fuel is not import/reference,medium,PERFORM PSS/E RAW rev33,PERFORM/On Peak 2019 v23_Perform_NY/On Peak 2019 v23/NYISO_onpeak2019_v23_shuntsRgens.RAW
1428,DEADEND166~4,1,A,12.049,-2.043,-11,14,1,20,1.02,0,1428,DEADEND166~4,A,0,1,1,1,1,0,1,581,hydro,native_generator,1,0,0,0,0,0,1,0,0,A_REG_BUS_1428,positive PMAX and converted fuel is not import/reference,medium,PERFORM PSS/E RAW rev33,PERFORM/On Peak 2019 v23_Perform_NY/On Peak 2019 v23/NYISO_onpeak2019_v23_shuntsRgens.RAW
1428,DEADEND166~4,10,A,12.049,-2.043,-11,14,1,20,1.02,0,1428,DEADEND166~4,A,0,1,1,1,1,0,1,590,hydro,native_generator,1,0,0,0,0,0,1,0,0,A_REG_BUS_1428,positive PMAX and converted fuel is not import/reference,medium,PERFORM PSS/E RAW rev33,PERFORM/On Peak 2019 v23_Perform_NY/On Peak 2019 v23/NYISO_onpeak2019_v23_shuntsRgens.RAW
1428,DEADEND166~4,11,A,12.049,-2.043,-11,14,1,20,1.02,0,1428,DEADEND166~4,A,0,1,1,1,1,0,1,591,hydro,native_generator,1,0,0,0,0,0,1,0,0,A_REG_BUS_1428,positive PMAX and converted fuel is not import/reference,medium,PERFORM PSS/E RAW rev33,PERFORM/On Peak 2019 v23_Perform_NY/On Peak 2019 v23/NYISO_onpeak2019_v23_shuntsRgens.RAW
1428,DEADEND166~4,12,A,12.049,-2.043,-11,14,1,20,1.02,0,1428,DEADEND166~4,A,0,1,1,1,1,0,1,592,hydro,native_generator,1,0,0,0,0,0,1,0,0,A_REG_BUS_1428,positive PMAX and converted fuel is not import/reference,medium,PERFORM PSS/E RAW rev33,PERFORM/On Peak 2019 v23_Perform_NY/On Peak 2019 v23/NYISO_onpeak2019_v23_shuntsRgens.RAW
1428,DEADEND166~4,2,A,12.049,-2.043,-11,14,1,20,1.02,0,1428,DEADEND166~4,A,0,1,1,1,1,0,1,582,hydro,native_generator,1,0,0,0,0,0,1,0,0,A_REG_BUS_1428,positive PMAX and converted fuel is not import/reference,medium,PERFORM PSS/E RAW rev33,PERFORM/On Peak 2019 v23_Perform_NY/On Peak 2019 v23/NYISO_onpeak2019_v23_shuntsRgens.RAW
1428,DEADEND166~4,3,A,12.049,-2.043,-11,14,1,20,1.02,0,1428,DEADEND166~4,A,0,1,1,1,1,0,1,583,hydro,native_generator,1,0,0,0,0,0,1,0,0,A_REG_BUS_1428,positive PMAX and converted fuel is not import/reference,medium,PERFORM PSS/E RAW rev33,PERFORM/On Peak 2019 v23_Perform_NY/On Peak 2019 v23/NYISO_onpeak2019_v23_shuntsRgens.RAW
1428,DEADEND166~4,4,A,12.049,-2.043,-11,14,1,20,1.02,0,1428,DEADEND166~4,A,0,1,1,1,1,0,1,584,hydro,native_generator,1,0,0,0,0,0,1,0,0,A_REG_BUS_1428,positive PMAX and converted fuel is not import/reference,medium,PERFORM PSS/E RAW rev33,PERFORM/On Peak 2019 v23_Perform_NY/On Peak 2019 v23/NYISO_onpeak2019_v23_shuntsRgens.RAW
1428,DEADEND166~4,5,A,12.049,-2.043,-11,14,1,20,1.02,0,1428,DEADEND166~4,A,0,1,1,1,1,0,1,585,hydro,native_generator,1,0,0,0,0,0,1,0,0,A_REG_BUS_1428,positive PMAX and converted fuel is not import/reference,medium,PERFORM PSS/E RAW rev33,PERFORM/On Peak 2019 v23_Perform_NY/On Peak 2019 v23/NYISO_onpeak2019_v23_shuntsRgens.RAW
1428,DEADEND166~4,6,A,12.049,-2.043,-11,14,1,20,1.02,0,1428,DEADEND166~4,A,0,1,1,1,1,0,1,586,hydro,native_generator,1,0,0,0,0,0,1,0,0,A_REG_BUS_1428,positive PMAX and converted fuel is not import/reference,medium,PERFORM PSS/E RAW rev33,PERFORM/On Peak 2019 v23_Perform_NY/On Peak 2019 v23/NYISO_onpeak2019_v23_shuntsRgens.RAW
1428,DEADEND166~4,7,A,12.049,-2.043,-11,14,1,20,1.02,0,1428,DEADEND166~4,A,0,1,1,1,1,0,1,587,hydro,native_generator,1,0,0,0,0,0,1,0,0,A_REG_BUS_1428,positive PMAX and converted fuel is not import/reference,medium,PERFORM PSS/E RAW rev33,PERFORM/On Peak 2019 v23_Perform_NY/On Peak 2019 v23/NYISO_onpeak2019_v23_shuntsRgens.RAW
1428,DEADEND166~4,8,A,12.049,-2.043,-11,14,1,20,1.02,0,1428,DEADEND166~4,A,0,1,1,1,1,0,1,588,hydro,native_generator,1,0,0,0,0,0,1,0,0,A_REG_BUS_1428,positive PMAX and converted fuel is not import/reference,medium,PERFORM PSS/E RAW rev33,PERFORM/On Peak 2019 v23_Perform_NY/On Peak 2019 v23/NYISO_onpeak2019_v23_shuntsRgens.RAW
1428,DEADEND166~4,9,A,12.049,-2.043,-11,14,1,20,1.02,0,1428,DEADEND166~4,A,0,1,1,1,1,0,1,589,hydro,native_generator,1,0,0,0,0,0,1,0,0,A_REG_BUS_1428,positive PMAX and converted fuel is not import/reference,medium,PERFORM PSS/E RAW rev33,PERFORM/On Peak 2019 v23_Perform_NY/On Peak 2019 v23/NYISO_onpeak2019_v23_shuntsRgens.RAW
1445,UNKNOWN167~1,1,A,14.905,8.048,-8.3,10.5,0,15,1.02,0,1445,UNKNOWN167~1,A,0,1,1,1,1,0,1,593,wind,native_generator,1,0,0,0,0,0,1,0,0,A_REG_BUS_1445,positive PMAX and converted fuel is not import/reference,medium,PERFORM PSS/E RAW rev33,PERFORM/On Peak 2019 v23_Perform_NY/On Peak 2019 v23/NYISO_onpeak2019_v23_shuntsRgens.RAW
1456,UNKNOWN172~3,1,J,0,0,-0.4,0.6,0.1,0.8,1.02,0,1456,UNKNOWN172~3,J,0,1,0,0,0,0,1,594,dfo,offline,0,0,0,0,0,1,0,0,0,J_REG_BUS_1456,RAW STAT is offline,high,PERFORM PSS/E RAW rev33,PERFORM/On Peak 2019 v23_Perform_NY/On Peak 2019 v23/NYISO_onpeak2019_v23_shuntsRgens.RAW
1456,UNKNOWN172~3,2,J,0,0,-0.4,0.6,0.1,0.8,1.02,0,1456,UNKNOWN172~3,J,0,1,0,0,0,0,1,595,dfo,offline,0,0,0,0,0,1,0,0,0,J_REG_BUS_1456,RAW STAT is offline,high,PERFORM PSS/E RAW rev33,PERFORM/On Peak 2019 v23_Perform_NY/On Peak 2019 v23/NYISO_onpeak2019_v23_shuntsRgens.RAW
1456,UNKNOWN172~3,3,J,0,0,-0.4,0.6,0.1,0.8,1.02,0,1456,UNKNOWN172~3,J,0,1,0,0,0,0,1,596,dfo,offline,0,0,0,0,0,1,0,0,0,J_REG_BUS_1456,RAW STAT is offline,high,PERFORM PSS/E RAW rev33,PERFORM/On Peak 2019 v23_Perform_NY/On Peak 2019 v23/NYISO_onpeak2019_v23_shuntsRgens.RAW
1456,UNKNOWN172~3,4,J,0,0,-0.4,0.6,0.1,0.8,1.02,0,1456,UNKNOWN172~3,J,0,1,0,0,0,0,1,597,dfo,offline,0,0,0,0,0,1,0,0,0,J_REG_BUS_1456,RAW STAT is offline,high,PERFORM PSS/E RAW rev33,PERFORM/On Peak 2019 v23_Perform_NY/On Peak 2019 v23/NYISO_onpeak2019_v23_shuntsRgens.RAW
1456,UNKNOWN172~3,5,J,0,0,-0.4,0.6,0.1,0.8,1.02,0,1456,UNKNOWN172~3,J,0,1,0,0,0,0,1,598,ng,offline,0,0,0,0,0,1,0,0,0,J_REG_BUS_1456,RAW STAT is offline,high,PERFORM PSS/E RAW rev33,PERFORM/On Peak 2019 v23_Perform_NY/On Peak 2019 v23/NYISO_onpeak2019_v23_shuntsRgens.RAW
1456,UNKNOWN172~3,6,J,0,0,-0.4,0.6,0.1,0.8,1.02,0,1456,UNKNOWN172~3,J,0,1,0,0,0,0,1,599,dfo,offline,0,0,0,0,0,1,0,0,0,J_REG_BUS_1456,RAW STAT is offline,high,PERFORM PSS/E RAW rev33,PERFORM/On Peak 2019 v23_Perform_NY/On Peak 2019 v23/NYISO_onpeak2019_v23_shuntsRgens.RAW
1456,UNKNOWN172~3,7,J,0,0,-0.4,0.6,0.1,0.8,1.02,0,1456,UNKNOWN172~3,J,0,1,0,0,0,0,1,600,dfo,offline,0,0,0,0,0,1,0,0,0,J_REG_BUS_1456,RAW STAT is offline,high,PERFORM PSS/E RAW rev33,PERFORM/On Peak 2019 v23_Perform_NY/On Peak 2019 v23/NYISO_onpeak2019_v23_shuntsRgens.RAW
1456,UNKNOWN172~3,C1,J,0,0,-9.38,10.05,6.3,13.4,1.02,0,1456,UNKNOWN172~3,J,0,1,0,0,0,0,1,601,ng,offline,0,0,0,0,0,1,0,0,0,J_REG_BUS_1456,RAW STAT is offline,high,PERFORM PSS/E RAW rev33,PERFORM/On Peak 2019 v23_Perform_NY/On Peak 2019 v23/NYISO_onpeak2019_v23_shuntsRgens.RAW
1457,UNKNOWN172~4,1,J,14.905,10.5,-8.3,10.5,12,15,1.02,0,1457,UNKNOWN172~4,J,0,1,1,1,1,0,1,602,ng,native_generator,1,0,0,0,0,0,1,0,0,J_REG_BUS_1457,positive PMAX and converted fuel is not import/reference,medium,PERFORM PSS/E RAW rev33,PERFORM/On Peak 2019 v23_Perform_NY/On Peak 2019 v23/NYISO_onpeak2019_v23_shuntsRgens.RAW
1457,UNKNOWN172~4,2,J,178.859,116.51,-99,126,60,180,1.02,0,1457,UNKNOWN172~4,J,0,1,1,1,1,0,1,603,ng,native_generator,1,0,0,0,0,0,1,0,0,J_REG_BUS_1457,positive PMAX and converted fuel is not import/reference,medium,PERFORM PSS/E RAW rev33,PERFORM/On Peak 2019 v23_Perform_NY/On Peak 2019 v23/NYISO_onpeak2019_v23_shuntsRgens.RAW
1457,UNKNOWN172~4,3,J,373.617,116.51,-206.8,263.2,75,376,1.02,0,1457,UNKNOWN172~4,J,0,1,1,1,1,0,1,604,ng,native_generator,1,0,0,0,0,0,1,0,0,J_REG_BUS_1457,positive PMAX and converted fuel is not import/reference,medium,PERFORM PSS/E RAW rev33,PERFORM/On Peak 2019 v23_Perform_NY/On Peak 2019 v23/NYISO_onpeak2019_v23_shuntsRgens.RAW
1457,UNKNOWN172~4,4,J,387,116.51,-212.9,270.9,75,387,1.02,0,1457,UNKNOWN172~4,J,0,1,1,1,1,0,1,605,ng,native_generator,1,0,0,0,0,0,1,0,0,J_REG_BUS_1457,positive PMAX and converted fuel is not import/reference,medium,PERFORM PSS/E RAW rev33,PERFORM/On Peak 2019 v23_Perform_NY/On Peak 2019 v23/NYISO_onpeak2019_v23_shuntsRgens.RAW
1457,UNKNOWN172~4,5,J,387,116.51,-212.9,270.9,75,387,1.02,0,1457,UNKNOWN172~4,J,0,1,1,1,1,0,1,606,ng,native_generator,1,0,0,0,0,0,1,0,0,J_REG_BUS_1457,positive PMAX and converted fuel is not import/reference,medium,PERFORM PSS/E RAW rev33,PERFORM/On Peak 2019 v23_Perform_NY/On Peak 2019 v23/NYISO_onpeak2019_v23_shuntsRgens.RAW
1460,TAP173533,1,C,1.96,1.4,-1.1,1.4,1.2,2,1.02,0,1460,TAP173533,C,0,1,1,1,1,0,1,607,hydro,native_generator,1,0,0,0,0,0,1,0,0,C_REG_BUS_1460,positive PMAX and converted fuel is not import/reference,medium,PERFORM PSS/E RAW rev33,PERFORM/On Peak 2019 v23_Perform_NY/On Peak 2019 v23/NYISO_onpeak2019_v23_shuntsRgens.RAW
1460,TAP173533,2,C,1.96,1.4,-1.1,1.4,1.2,2,1.02,0,1460,TAP173533,C,0,1,1,1,1,0,1,608,hydro,native_generator,1,0,0,0,0,0,1,0,0,C_REG_BUS_1460,positive PMAX and converted fuel is not import/reference,medium,PERFORM PSS/E RAW rev33,PERFORM/On Peak 2019 v23_Perform_NY/On Peak 2019 v23/NYISO_onpeak2019_v23_shuntsRgens.RAW
1460,TAP173533,3,C,1.96,1.4,-1.1,1.4,1.2,2,1.02,0,1460,TAP173533,C,0,1,1,1,1,0,1,609,hydro,native_generator,1,0,0,0,0,0,1,0,0,C_REG_BUS_1460,positive PMAX and converted fuel is not import/reference,medium,PERFORM PSS/E RAW rev33,PERFORM/On Peak 2019 v23_Perform_NY/On Peak 2019 v23/NYISO_onpeak2019_v23_shuntsRgens.RAW
1460,TAP173533,4,C,1.96,1.4,-1.1,1.4,1.2,2,1.02,0,1460,TAP173533,C,0,1,1,1,1,0,1,610,hydro,native_generator,1,0,0,0,0,0,1,0,0,C_REG_BUS_1460,positive PMAX and converted fuel is not import/reference,medium,PERFORM PSS/E RAW rev33,PERFORM/On Peak 2019 v23_Perform_NY/On Peak 2019 v23/NYISO_onpeak2019_v23_shuntsRgens.RAW
1460,TAP173533,5,C,1.96,1.4,-1.1,1.4,1.2,2,1.02,0,1460,TAP173533,C,0,1,1,1,1,0,1,611,hydro,native_generator,1,0,0,0,0,0,1,0,0,C_REG_BUS_1460,positive PMAX and converted fuel is not import/reference,medium,PERFORM PSS/E RAW rev33,PERFORM/On Peak 2019 v23_Perform_NY/On Peak 2019 v23/NYISO_onpeak2019_v23_shuntsRgens.RAW
1484,UNKNOWN129~1,QS,G,0,23.146,0,50,0,0,1.01,0,1484,UNKNOWN129~1,G,0,1,1,NaN,1,0,1,NaN,,reactive_only_QS,0,1,0,0,0,0,0,0,1,G_REG_BUS_1484,ID QS with zero P capability and nonzero Q range,high,PERFORM PSS/E RAW rev33,PERFORM/On Peak 2019 v23_Perform_NY/On Peak 2019 v23/NYISO_onpeak2019_v23_shuntsRgens.RAW
1489,UNKNOWN12~32,QS,K,0,0,0,200,0,0,1.015,0,1489,UNKNOWN12~32,K,0,1,1,NaN,1,0,1,NaN,,reactive_only_QS,0,1,0,0,0,0,0,0,1,K_REG_BUS_1489,ID QS with zero P capability and nonzero Q range,high,PERFORM PSS/E RAW rev33,PERFORM/On Peak 2019 v23_Perform_NY/On Peak 2019 v23/NYISO_onpeak2019_v23_shuntsRgens.RAW
1496,NEWBRIDGE ~1,QS,K,0,2.418,0,500,0,0,1.02,0,1496,NEWBRIDGE ~1,K,0,1,1,NaN,1,0,1,NaN,,reactive_only_QS,0,1,0,0,0,0,0,0,1,K_REG_BUS_1496,ID QS with zero P capability and nonzero Q range,high,PERFORM PSS/E RAW rev33,PERFORM/On Peak 2019 v23_Perform_NY/On Peak 2019 v23/NYISO_onpeak2019_v23_shuntsRgens.RAW
1528,GOWANUS,x,J,149.772,-54.773,-9900,9900,149.772,149.772,1,0,1528,GOWANUS,J,0,1,1,1,1,0,1,612,import,fixed_import_or_boundary_equivalent,0,0,1,0,0,0,1,0,0,J_REG_BUS_1528,converted import/reference fuel or fixed negative P,high,PERFORM PSS/E RAW rev33,PERFORM/On Peak 2019 v23_Perform_NY/On Peak 2019 v23/NYISO_onpeak2019_v23_shuntsRgens.RAW
1539,BROOKHAVEN,QS,K,0,65.922,0,500,0,0,1.02,0,1539,BROOKHAVEN,K,0,1,1,NaN,1,0,1,NaN,,reactive_only_QS,0,1,0,0,0,0,0,0,1,K_REG_BUS_1539,ID QS with zero P capability and nonzero Q range,high,PERFORM PSS/E RAW rev33,PERFORM/On Peak 2019 v23_Perform_NY/On Peak 2019 v23/NYISO_onpeak2019_v23_shuntsRgens.RAW
1546,MOSES,x,E,200,-27.853,-9900,9900,200,200,1.02,0,1546,MOSES,E,0,1,1,1,1,0,1,613,import,fixed_import_or_boundary_equivalent,0,0,1,0,0,0,1,0,0,E_REG_BUS_1546,converted import/reference fuel or fixed negative P,high,PERFORM PSS/E RAW rev33,PERFORM/On Peak 2019 v23_Perform_NY/On Peak 2019 v23/NYISO_onpeak2019_v23_shuntsRgens.RAW
1558,WATERCURE,X,C,8.169,-4.14,-20,20,8,10,1.03,0,1558,WATERCURE,C,0,1,1,0,0,1,1,614,import,fixed_import_or_boundary_equivalent,0,0,1,0,0,0,1,0,0,C_REG_BUS_1558,converted import/reference fuel or fixed negative P,high,PERFORM PSS/E RAW rev33,PERFORM/On Peak 2019 v23_Perform_NY/On Peak 2019 v23/NYISO_onpeak2019_v23_shuntsRgens.RAW
1570,NIAGARA,x,A,525,-34.728,-9900,9900,525,525,1.02,0,1570,NIAGARA,A,0,1,1,1,1,0,1,615,import,fixed_import_or_boundary_equivalent,0,0,1,0,0,0,1,0,0,A_REG_BUS_1570,converted import/reference fuel or fixed negative P,high,PERFORM PSS/E RAW rev33,PERFORM/On Peak 2019 v23_Perform_NY/On Peak 2019 v23/NYISO_onpeak2019_v23_shuntsRgens.RAW
