audit_group,scenario_id,voltage_reference_set,requested_reference_bus_count,applied_reference_bus_count,skipped_pq_reference_bus_count,skipped_pq_reference_bus_ids,sweep_direction,start_mode,perturbation_id,boundary_q_mode,reference_weight,solver,opf_success,termination_class,hard_attempt_success,hard_termination_class,restoration_invoked,hard_solver_status,hard_iterations,hard_solver_note,final_solver_status,final_iterations,max_ac_balance_component_residual_mw_or_mvar,max_complex_power_mismatch_mva,dual_residual,complementarity_residual,kkt_residual,solver_metric_note,objective,weighted_restoration_cost,qmin_slack_mvar,qmax_slack_mvar,vmin_slack_pu,vmax_slack_pu,branch_slack_mva,unweighted_mixed_unit_slack_total,max_q_slack_mvar,max_v_slack_pu,max_branch_slack_mva,q_slack_element_count,v_slack_element_count,branch_slack_element_count,raw_vg_deviation_total_pu,raw_vg_deviation_max_pu,original_voltage_violation_total_pu,original_voltage_violation_max_pu,min_voltage_pu,max_voltage_pu,total_absolute_p_redispatch_mw,max_single_p_redispatch_mw,external_q_absolute_mvar,external_q_deviation_from_prior_mvar,interface_objective,max_abs_interface_residual_mw,solver_note,unmodeled_controls
S1_REFINED_BIDIRECTIONAL,S3_2025_SHOULDER_LIGHT_LOAD_PUBLIC,S1_OPF_SOLVED_REFERENCE,20,20,0,,increasing,warm,0,present_limited_q,0.8,IPOPT,1,hard_feasible_zero_slack,1,hard_success,0,0,27,,0,27,0.000985573603307088,0.00098786813455894,NaN,NaN,NaN,AC balance fields report the maximum P/Q component residual and maximum complex-power mismatch. Full IPOPT dual/complementarity/KKT residuals are not exposed by the installed MATPOWER wrapper.,2.07452668246731,0,0,0,0,0,0,0,0,0,0,0,0,0,0.39786136950598,0.04,0,0,0.9,1.1,490.203067339611,94.8225849944711,2293.66184449467,2484.23028292976,0.0322169497873346,431.88426773659,,tap and shunt controls not modeled because defensible ranges are absent
S1_REFINED_BIDIRECTIONAL,S3_2025_SHOULDER_LIGHT_LOAD_PUBLIC,S1_OPF_SOLVED_REFERENCE,20,20,0,,increasing,warm,0,present_limited_q,0.8025,IPOPT,1,hard_feasible_zero_slack,1,hard_success,0,0,34,,0,34,0.000985264113451123,0.000987589151617695,NaN,NaN,NaN,AC balance fields report the maximum P/Q component residual and maximum complex-power mismatch. Full IPOPT dual/complementarity/KKT residuals are not exposed by the installed MATPOWER wrapper.,3.04462173466004,0,0,0,0,0,0,0,0,0,0,0,0,0,0.351801335446351,0.0395000000000001,0,0,0.9,1.1,579.299064855128,115.63347065841,2373.68158596226,2544.2272089594,0.0399014759890822,439.168951144513,,tap and shunt controls not modeled because defensible ranges are absent
S1_REFINED_BIDIRECTIONAL,S3_2025_SHOULDER_LIGHT_LOAD_PUBLIC,S1_OPF_SOLVED_REFERENCE,20,20,0,,increasing,warm,0,present_limited_q,0.805,IPOPT,1,hard_feasible_zero_slack,1,hard_success,0,0,30,,0,30,0.000996487540438906,0.000998816608236788,NaN,NaN,NaN,AC balance fields report the maximum P/Q component residual and maximum complex-power mismatch. Full IPOPT dual/complementarity/KKT residuals are not exposed by the installed MATPOWER wrapper.,4.22709709961725,0,0,0,0,0,0,0,0,0,0,0,0,0,0.353212953915839,0.0389999999999999,0,0,0.9,1.1,670.282201307145,136.863794603637,2332.47083092885,2510.60635338855,0.0504875899700353,448.486165703208,,tap and shunt controls not modeled because defensible ranges are absent
S1_REFINED_BIDIRECTIONAL,S3_2025_SHOULDER_LIGHT_LOAD_PUBLIC,S1_OPF_SOLVED_REFERENCE,20,20,0,,increasing,warm,0,present_limited_q,0.8075,IPOPT,1,hard_feasible_zero_slack,1,hard_success,0,0,37,,0,37,0.00098469276186286,0.000987144616856676,NaN,NaN,NaN,AC balance fields report the maximum P/Q component residual and maximum complex-power mismatch. Full IPOPT dual/complementarity/KKT residuals are not exposed by the installed MATPOWER wrapper.,5.66428832255212,0,0,0,0,0,0,0,0,0,0,0,0,0,0.380881039486379,0.0385,0,0,0.9,1.1,763.046214178752,170.635953266422,2223.59349731673,2424.60510652077,0.0636101204702903,458.302364353186,,tap and shunt controls not modeled because defensible ranges are absent
S1_REFINED_BIDIRECTIONAL,S3_2025_SHOULDER_LIGHT_LOAD_PUBLIC,S1_OPF_SOLVED_REFERENCE,20,20,0,,increasing,warm,0,present_limited_q,0.81,IPOPT,1,restored_nonzero_slack,0,solver_nonconvergence,1,2,42,OPF failed,0,61,5.36768407499721e-06,5.3676840749983e-06,NaN,NaN,NaN,AC balance fields report the maximum P/Q component residual and maximum complex-power mismatch. Full IPOPT dual/complementarity/KKT residuals are not exposed by the installed MATPOWER wrapper.,280.145935313443,272.730493737711,0,0,0,2.72730493737711e-05,0,2.72730493737711e-05,0,2.72730493737711e-05,0,0,1,0,0.337837169047464,0.037996415293625,0,0,0.90000103668771,1.09999915982856,853.127187841717,212.705909652086,2340.72593042237,2571.38225172382,0.0769557191006511,466.615205516732,,tap and shunt controls not modeled because defensible ranges are absent
S1_REFINED_BIDIRECTIONAL,S3_2025_SHOULDER_LIGHT_LOAD_PUBLIC,S1_OPF_SOLVED_REFERENCE,20,20,0,,increasing,warm,0,present_limited_q,0.8125,IPOPT,1,restored_nonzero_slack,0,solver_nonconvergence,1,2,57,OPF failed,0,46,5.36767466030597e-06,5.36767466030628e-06,NaN,NaN,NaN,AC balance fields report the maximum P/Q component residual and maximum complex-power mismatch. Full IPOPT dual/complementarity/KKT residuals are not exposed by the installed MATPOWER wrapper.,5762.81864370534,5755.40128229368,0,0,0,0.000575540128229368,0,0.000575540128229368,0,0.000575540128229368,0,0,1,0,0.332129823581401,0.0374963996280713,0,0,0.900001027845759,1.09999915376287,853.760069753122,212.705909652086,2350.89379163174,2581.55011293318,0.0770338494635418,466.632161338616,,tap and shunt controls not modeled because defensible ranges are absent
S1_REFINED_BIDIRECTIONAL,S3_2025_SHOULDER_LIGHT_LOAD_PUBLIC,S1_OPF_SOLVED_REFERENCE,20,20,0,,increasing,warm,0,present_limited_q,0.815,IPOPT,1,restored_nonzero_slack,0,solver_nonconvergence,1,2,36,OPF failed,0,60,5.36766417980061e-06,5.36766417980072e-06,NaN,NaN,NaN,AC balance fields report the maximum P/Q component residual and maximum complex-power mismatch. Full IPOPT dual/complementarity/KKT residuals are not exposed by the installed MATPOWER wrapper.,11245.5515189187,11238.1322945488,0,0,0,0.00112381322945488,0,0.00112381322945488,0,0.00112381322945488,0,0,1,0,0.362761058264512,0.0369963867830381,0,0,0.900001015430869,1.09999914767499,854.368955103264,212.705909652086,2218.64021326088,2430.98887463051,0.0772217190278501,466.753273357193,,tap and shunt controls not modeled because defensible ranges are absent
S1_REFINED_BIDIRECTIONAL,S3_2025_SHOULDER_LIGHT_LOAD_PUBLIC,S1_OPF_SOLVED_REFERENCE,20,20,0,,increasing,warm,0,present_limited_q,0.8175,IPOPT,1,restored_nonzero_slack,0,solver_nonconvergence,1,2,38,OPF failed,0,61,5.36765458747368e-06,5.36765458747416e-06,NaN,NaN,NaN,AC balance fields report the maximum P/Q component residual and maximum complex-power mismatch. Full IPOPT dual/complementarity/KKT residuals are not exposed by the installed MATPOWER wrapper.,16728.3450155339,16720.9234655819,0,0,0,0.00167209234655819,0,0.00167209234655819,0,0.00167209234655819,0,0,1,0,0.367681976730784,0.0364962150108021,0,0,0.900001001951257,1.09999914155214,855.13465554218,212.705909652086,2331.86819242656,2562.524513728,0.0773003611847153,467.828485039855,,tap and shunt controls not modeled because defensible ranges are absent
S1_REFINED_BIDIRECTIONAL,S3_2025_SHOULDER_LIGHT_LOAD_PUBLIC,S1_OPF_SOLVED_REFERENCE,20,20,0,,increasing,warm,0,present_limited_q,0.82,IPOPT,1,restored_nonzero_slack,0,solver_nonconvergence,1,2,41,OPF failed,0,47,5.36764535041812e-06,5.36764535041943e-06,NaN,NaN,NaN,AC balance fields report the maximum P/Q component residual and maximum complex-power mismatch. Full IPOPT dual/complementarity/KKT residuals are not exposed by the installed MATPOWER wrapper.,22211.1976040191,22203.7747305649,0,0,0,0.00222037747305649,0,0.00222037747305649,0,0.00222037747305649,0,0,1,0,0.350354148908431,0.0359963547192086,0,0,0.900000991740152,1.09999913487213,855.568329413821,212.705909652086,2236.62858593702,2455.96148072486,0.0773679484534867,466.773658012103,,tap and shunt controls not modeled because defensible ranges are absent
S1_REFINED_BIDIRECTIONAL,S3_2025_SHOULDER_LIGHT_LOAD_PUBLIC,S1_OPF_SOLVED_REFERENCE,20,20,0,,increasing,warm,0,present_limited_q,0.8225,IPOPT,1,restored_nonzero_slack,0,solver_nonconvergence,1,2,37,OPF failed,0,62,5.36763611336255e-06,5.36763611336613e-06,NaN,NaN,NaN,AC balance fields report the maximum P/Q component residual and maximum complex-power mismatch. Full IPOPT dual/complementarity/KKT residuals are not exposed by the installed MATPOWER wrapper.,27694.1106647259,27686.6860247568,0,0,0,0.00276866860247568,0,0.00276866860247568,0,0.00276866860247568,0,0,1,0,0.344150037750117,0.0354963388244904,0,0,0.900000980286314,1.09999912826033,856.147916626799,212.705909652086,2245.74692393035,2468.57759253657,0.0774388434000229,466.780678995973,,tap and shunt controls not modeled because defensible ranges are absent
S1_REFINED_BIDIRECTIONAL,S3_2025_SHOULDER_LIGHT_LOAD_PUBLIC,S1_OPF_SOLVED_REFERENCE,20,20,0,,increasing,warm,0,present_limited_q,0.825,IPOPT,1,restored_nonzero_slack,0,solver_nonconvergence,1,2,40,OPF failed,0,60,5.36762581049288e-06,5.36762581049291e-06,NaN,NaN,NaN,AC balance fields report the maximum P/Q component residual and maximum complex-power mismatch. Full IPOPT dual/complementarity/KKT residuals are not exposed by the installed MATPOWER wrapper.,33177.0836651517,33169.6572835062,0,0,0,0.00331696572835062,0,0.00331696572835062,0,0.00331696572835062,0,0,1,0,0.303588560508322,0.0349963206190216,0,0,0.900000968725031,1.09999912139742,856.722848567317,212.705909652086,2402.8897758551,2633.54609715655,0.0774025493821516,466.685260152525,,tap and shunt controls not modeled because defensible ranges are absent
S1_REFINED_BIDIRECTIONAL,S3_2025_SHOULDER_LIGHT_LOAD_PUBLIC,S1_OPF_SOLVED_REFERENCE,20,20,0,,increasing,warm,0,fixed_scenario_q,0.8,IPOPT,1,hard_feasible_zero_slack,1,hard_success,0,0,32,,0,32,0.00098858822701331,0.000990878843016332,NaN,NaN,NaN,AC balance fields report the maximum P/Q component residual and maximum complex-power mismatch. Full IPOPT dual/complementarity/KKT residuals are not exposed by the installed MATPOWER wrapper.,2.22660532241673,0,0,0,0,0,0,0,0,0,0,0,0,0,0.471992331569031,0.04,0,0,0.966334080080981,1.1,564.53375939647,94.8225850180235,302.311951921376,0.000751630695941863,0.0337325178810782,440.580593414115,,tap and shunt controls not modeled because defensible ranges are absent
S1_REFINED_BIDIRECTIONAL,S3_2025_SHOULDER_LIGHT_LOAD_PUBLIC,S1_OPF_SOLVED_REFERENCE,20,20,0,,increasing,warm,0,fixed_scenario_q,0.8025,IPOPT,1,hard_feasible_zero_slack,1,hard_success,0,0,47,,0,47,0.000990614231799469,0.000992929942660789,NaN,NaN,NaN,AC balance fields report the maximum P/Q component residual and maximum complex-power mismatch. Full IPOPT dual/complementarity/KKT residuals are not exposed by the installed MATPOWER wrapper.,3.21755451796389,0,0,0,0,0,0,0,0,0,0,0,0,0,0.466144661934529,0.0395000000000001,0,0,0.963871520738716,1.1,651.9355416266,115.633470709945,302.312035648611,0.00066649232220195,0.04080933006696,443.833878806848,,tap and shunt controls not modeled because defensible ranges are absent
S1_REFINED_BIDIRECTIONAL,S3_2025_SHOULDER_LIGHT_LOAD_PUBLIC,S1_OPF_SOLVED_REFERENCE,20,20,0,,increasing,warm,0,fixed_scenario_q,0.805,IPOPT,1,hard_feasible_zero_slack,1,hard_success,0,0,45,,0,45,0.00100407658072399,0.0010063924764326,NaN,NaN,NaN,AC balance fields report the maximum P/Q component residual and maximum complex-power mismatch. Full IPOPT dual/complementarity/KKT residuals are not exposed by the installed MATPOWER wrapper.,4.45037396956911,0,0,0,0,0,0,0,0,0,0,0,0,0,0.483985555848517,0.0389999999999999,0,0,0.961470621480645,1.09999999195,741.312705424756,136.863795194207,302.312212419132,0.000382938187162729,0.0465467742213771,436.912172844948,,tap and shunt controls not modeled because defensible ranges are absent
S1_REFINED_BIDIRECTIONAL,S3_2025_SHOULDER_LIGHT_LOAD_PUBLIC,S1_OPF_SOLVED_REFERENCE,20,20,0,,increasing,warm,0,fixed_scenario_q,0.8075,IPOPT,1,hard_feasible_zero_slack,1,hard_success,0,0,49,,0,49,0.00100278788313091,0.00100513981919439,NaN,NaN,NaN,AC balance fields report the maximum P/Q component residual and maximum complex-power mismatch. Full IPOPT dual/complementarity/KKT residuals are not exposed by the installed MATPOWER wrapper.,5.9887666495074,0,0,0,0,0,0,0,0,0,0,0,0,0,0.483511060184181,0.0385,0,0,0.958374878336493,1.09999997404851,834.461262461069,170.635954042066,302.312345678728,0.000335528941135532,0.05323061659862,434.39174966335,,tap and shunt controls not modeled because defensible ranges are absent
S1_REFINED_BIDIRECTIONAL,S3_2025_SHOULDER_LIGHT_LOAD_PUBLIC,S1_OPF_SOLVED_REFERENCE,20,20,0,,increasing,warm,0,fixed_scenario_q,0.81,IPOPT,1,restored_nonzero_slack,0,solver_nonconvergence,1,2,57,OPF failed,0,48,5.36768407499721e-06,5.36768407499724e-06,NaN,NaN,NaN,AC balance fields report the maximum P/Q component residual and maximum complex-power mismatch. Full IPOPT dual/complementarity/KKT residuals are not exposed by the installed MATPOWER wrapper.,281.035485989793,272.73049373703,0,0,0,2.7273049373703e-05,0,2.7273049373703e-05,0,2.7273049373703e-05,0,0,1,0,0.468008991336053,0.0379999985362773,0,0,0.974059180432059,1.09999567610814,949.926045549986,212.705909652086,302.312426034778,8.44527936636474e-05,0.0915696742624263,517.794166509665,,tap and shunt controls not modeled because defensible ranges are absent
S1_REFINED_BIDIRECTIONAL,S3_2025_SHOULDER_LIGHT_LOAD_PUBLIC,S1_OPF_SOLVED_REFERENCE,20,20,0,,increasing,warm,0,fixed_scenario_q,0.8125,IPOPT,1,restored_nonzero_slack,0,solver_nonconvergence,1,2,48,OPF failed,0,44,5.36767448267028e-06,5.36767448267098e-06,NaN,NaN,NaN,AC balance fields report the maximum P/Q component residual and maximum complex-power mismatch. Full IPOPT dual/complementarity/KKT residuals are not exposed by the installed MATPOWER wrapper.,5764.94131026405,5755.40128229488,0,0,0,0.000575540128229488,0,0.000575540128229488,0,0.000575540128229488,0,0,1,0,0.460428619665885,0.0374999994360885,0,0,0.974749553298556,1.09999729285556,960.962569201919,212.705909652086,302.312418885501,9.73722118509102e-05,0.138424469484236,609.228941813344,,tap and shunt controls not modeled because defensible ranges are absent
S1_REFINED_BIDIRECTIONAL,S3_2025_SHOULDER_LIGHT_LOAD_PUBLIC,S1_OPF_SOLVED_REFERENCE,20,20,0,,increasing,warm,0,fixed_scenario_q,0.815,IPOPT,1,restored_nonzero_slack,0,solver_nonconvergence,1,2,54,OPF failed,0,32,5.3676654232504e-06,5.36766542325346e-06,NaN,NaN,NaN,AC balance fields report the maximum P/Q component residual and maximum complex-power mismatch. Full IPOPT dual/complementarity/KKT residuals are not exposed by the installed MATPOWER wrapper.,11249.4715840336,11238.1322945482,0,0,0,0.00112381322945482,0,0.00112381322945482,0,0.00112381322945482,0,0,1,0,0.45330074480959,0.0369999997231769,0,0,0.975421792507687,1.09999657623115,971.144773657315,212.705909652086,302.312419762193,0.000100817035390666,0.194918053489611,693.952400090112,,tap and shunt controls not modeled because defensible ranges are absent
S1_REFINED_BIDIRECTIONAL,S3_2025_SHOULDER_LIGHT_LOAD_PUBLIC,S1_OPF_SOLVED_REFERENCE,20,20,0,,increasing,warm,0,fixed_scenario_q,0.8175,IPOPT,1,restored_nonzero_slack,0,solver_nonconvergence,1,2,40,OPF failed,0,52,5.36765618619484e-06,5.36765618619498e-06,NaN,NaN,NaN,AC balance fields report the maximum P/Q component residual and maximum complex-power mismatch. Full IPOPT dual/complementarity/KKT residuals are not exposed by the installed MATPOWER wrapper.,16734.4672467798,16720.9234655834,0,0,0,0.00167209234655834,0,0.00167209234655834,0,0.00167209234655834,0,0,1,0,0.445644250832184,0.0364999998604314,0,0,0.979439345239508,1.09999870594652,986.04774735468,212.705909652086,302.312418830324,0.000101702517705693,0.260122644782074,771.519121812003,,tap and shunt controls not modeled because defensible ranges are absent
S1_REFINED_BIDIRECTIONAL,S3_2025_SHOULDER_LIGHT_LOAD_PUBLIC,S1_OPF_SOLVED_REFERENCE,20,20,0,,increasing,warm,0,fixed_scenario_q,0.82,IPOPT,1,restored_nonzero_slack,0,solver_nonconvergence,1,2,47,OPF failed,0,63,5.36764606096085e-06,5.3676460609609e-06,NaN,NaN,NaN,AC balance fields report the maximum P/Q component residual and maximum complex-power mismatch. Full IPOPT dual/complementarity/KKT residuals are not exposed by the installed MATPOWER wrapper.,22219.8282092751,22203.7747305652,0,0,0,0.00222037747305652,0,0.00222037747305652,0,0.00222037747305652,0,0,1,0,0.448373245847846,0.0359999999447373,0,0,0.975182174314593,1.09999928327079,998.411098222789,212.705909652086,302.312423424876,0.000106408480032627,0.329262720064864,843.654174993211,,tap and shunt controls not modeled because defensible ranges are absent
S1_REFINED_BIDIRECTIONAL,S3_2025_SHOULDER_LIGHT_LOAD_PUBLIC,S1_OPF_SOLVED_REFERENCE,20,20,0,,increasing,warm,0,fixed_scenario_q,0.8225,IPOPT,1,restored_nonzero_slack,0,solver_nonconvergence,1,2,58,OPF failed,0,38,5.36763646863392e-06,5.36763646863467e-06,NaN,NaN,NaN,AC balance fields report the maximum P/Q component residual and maximum complex-power mismatch. Full IPOPT dual/complementarity/KKT residuals are not exposed by the installed MATPOWER wrapper.,27705.4812568435,27686.6860247588,0,0,0,0.00276866860247588,0,0.00276866860247588,0,0.00276866860247588,0,0,1,0,0.442985350384333,0.0354999999998913,0,0,0.978822199411659,1.09999921451067,1086.45257745135,217.059288382805,302.312423759559,0.000107480608709132,0.401769814604353,910.98296763437,,tap and shunt controls not modeled because defensible ranges are absent
S1_REFINED_BIDIRECTIONAL,S3_2025_SHOULDER_LIGHT_LOAD_PUBLIC,S1_OPF_SOLVED_REFERENCE,20,20,0,,increasing,warm,0,fixed_scenario_q,0.825,IPOPT,1,restored_nonzero_slack,0,solver_nonconvergence,1,2,54,OPF failed,0,48,5.3676266986713e-06,5.36762669867225e-06,NaN,NaN,NaN,AC balance fields report the maximum P/Q component residual and maximum complex-power mismatch. Full IPOPT dual/complementarity/KKT residuals are not exposed by the installed MATPOWER wrapper.,33191.3799040031,33169.6572835058,0,0,0,0.00331696572835058,0,0.00331696572835058,0,0.00331696572835058,0,0,1,0,0.435434440713661,0.0350000000397739,0,0,0.978469995138123,1.09999918454148,1198.68646893582,240.87771691094,302.312423016306,0.000107267545237377,0.477131826936607,974.513579295078,,tap and shunt controls not modeled because defensible ranges are absent
S1_REFINED_BIDIRECTIONAL,S3_2025_SHOULDER_LIGHT_LOAD_PUBLIC,S1_OPF_SOLVED_REFERENCE,20,20,0,,increasing,warm,0,no_discretionary_q,0.8,IPOPT,1,hard_feasible_zero_slack,1,hard_success,0,0,34,,0,34,0.00100477036970581,0.00100702359079807,NaN,NaN,NaN,AC balance fields report the maximum P/Q component residual and maximum complex-power mismatch. Full IPOPT dual/complementarity/KKT residuals are not exposed by the installed MATPOWER wrapper.,2.20809511906145,0,0,0,0,0,0,0,0,0,0,0,0,0,0.472736286632171,0.04,0,0,0.965795352166215,1.09907402137331,556.315196680888,94.8225852004584,0.000340357742767661,302.312761127177,0.0352883694797366,441.482104894895,,tap and shunt controls not modeled because defensible ranges are absent
S1_REFINED_BIDIRECTIONAL,S3_2025_SHOULDER_LIGHT_LOAD_PUBLIC,S1_OPF_SOLVED_REFERENCE,20,20,0,,increasing,warm,0,no_discretionary_q,0.8025,IPOPT,1,hard_feasible_zero_slack,1,hard_success,0,0,29,,0,29,0.00100578403596785,0.00100806381360767,NaN,NaN,NaN,AC balance fields report the maximum P/Q component residual and maximum complex-power mismatch. Full IPOPT dual/complementarity/KKT residuals are not exposed by the installed MATPOWER wrapper.,3.19347767692682,0,0,0,0,0,0,0,0,0,0,0,0,0,0.466172540175917,0.0394999999999999,0,0,0.964232233892762,1.09968026827881,643.987272151215,115.633470942398,0.000313123066615346,302.312739028978,0.0445113261808378,450.162590700165,,tap and shunt controls not modeled because defensible ranges are absent
S1_REFINED_BIDIRECTIONAL,S3_2025_SHOULDER_LIGHT_LOAD_PUBLIC,S1_OPF_SOLVED_REFERENCE,20,20,0,,increasing,warm,0,no_discretionary_q,0.805,IPOPT,1,hard_feasible_zero_slack,1,hard_success,0,0,34,,0,34,0.000992086127427072,0.000994428472350437,NaN,NaN,NaN,AC balance fields report the maximum P/Q component residual and maximum complex-power mismatch. Full IPOPT dual/complementarity/KKT residuals are not exposed by the installed MATPOWER wrapper.,4.3906402571065,0,0,0,0,0,0,0,0,0,0,0,0,0,0.45994583448799,0.0389999999999999,0,0,0.961737646482052,1.1,733.337354062826,136.863794656005,0.000579823673047234,302.31287985053,0.0553537799571012,458.471038887097,,tap and shunt controls not modeled because defensible ranges are absent
S1_REFINED_BIDIRECTIONAL,S3_2025_SHOULDER_LIGHT_LOAD_PUBLIC,S1_OPF_SOLVED_REFERENCE,20,20,0,,increasing,warm,0,no_discretionary_q,0.8075,IPOPT,1,hard_feasible_zero_slack,1,hard_success,0,0,30,,0,30,0.000993188283748836,0.000995560273130902,NaN,NaN,NaN,AC balance fields report the maximum P/Q component residual and maximum complex-power mismatch. Full IPOPT dual/complementarity/KKT residuals are not exposed by the installed MATPOWER wrapper.,5.84252891119115,0,0,0,0,0,0,0,0,0,0,0,0,0,0.454053441581234,0.0385000000000002,0,0,0.959113453831941,1.1,824.594754930597,170.635953518964,0.000533653770222863,302.31283821282,0.0682455581430008,467.200340349989,,tap and shunt controls not modeled because defensible ranges are absent
S1_REFINED_BIDIRECTIONAL,S3_2025_SHOULDER_LIGHT_LOAD_PUBLIC,S1_OPF_SOLVED_REFERENCE,20,20,0,,increasing,warm,0,no_discretionary_q,0.81,IPOPT,1,restored_nonzero_slack,0,solver_nonconvergence,1,2,46,OPF failed,0,42,5.36768318681879e-06,5.36768318682153e-06,NaN,NaN,NaN,AC balance fields report the maximum P/Q component residual and maximum complex-power mismatch. Full IPOPT dual/complementarity/KKT residuals are not exposed by the installed MATPOWER wrapper.,280.338151333021,272.730493735883,0,0,0,2.72730493735883e-05,0,2.72730493735883e-05,0,2.72730493735883e-05,0,0,1,0,0.451808831596375,0.0379960985944892,0,0,0.955235313673731,1.09999384588448,913.271136905898,212.705909652086,3.0104310302941e-06,302.312510193067,0.0827316224467018,476.571671183013,,tap and shunt controls not modeled because defensible ranges are absent
S1_REFINED_BIDIRECTIONAL,S3_2025_SHOULDER_LIGHT_LOAD_PUBLIC,S1_OPF_SOLVED_REFERENCE,20,20,0,,increasing,warm,0,no_discretionary_q,0.8125,IPOPT,1,restored_nonzero_slack,0,solver_nonconvergence,1,2,46,OPF failed,0,45,5.36767412739891e-06,5.3676741273993e-06,NaN,NaN,NaN,AC balance fields report the maximum P/Q component residual and maximum complex-power mismatch. Full IPOPT dual/complementarity/KKT residuals are not exposed by the installed MATPOWER wrapper.,5763.01341155422,5755.4012822945,0,0,0,0.00057554012822945,0,0.00057554012822945,0,0.00057554012822945,0,0,1,0,0.446489803553401,0.0374961139950494,0,0,0.957418740003882,1.09999386732769,914.579569318951,212.705909652086,2.99280840925744e-06,302.312510189464,0.0827811562330911,476.731818902003,,tap and shunt controls not modeled because defensible ranges are absent
S1_REFINED_BIDIRECTIONAL,S3_2025_SHOULDER_LIGHT_LOAD_PUBLIC,S1_OPF_SOLVED_REFERENCE,20,20,0,,increasing,warm,0,no_discretionary_q,0.815,IPOPT,1,restored_nonzero_slack,0,solver_nonconvergence,1,2,43,OPF failed,0,54,5.3676654232504e-06,5.36766542325143e-06,NaN,NaN,NaN,AC balance fields report the maximum P/Q component residual and maximum complex-power mismatch. Full IPOPT dual/complementarity/KKT residuals are not exposed by the installed MATPOWER wrapper.,11245.7488721288,11238.1322945485,0,0,0,0.00112381322945485,0,0.00112381322945485,0,0.00112381322945485,0,0,1,0,0.460566450215013,0.0369961684346163,0,0,0.959606270634081,1.09999420207395,915.872374034298,212.705909652086,2.38151558524994e-06,302.312509810245,0.0824467191343873,475.487079843032,,tap and shunt controls not modeled because defensible ranges are absent
S1_REFINED_BIDIRECTIONAL,S3_2025_SHOULDER_LIGHT_LOAD_PUBLIC,S1_OPF_SOLVED_REFERENCE,20,20,0,,increasing,warm,0,no_discretionary_q,0.8175,IPOPT,1,restored_nonzero_slack,0,solver_nonconvergence,1,2,44,OPF failed,0,42,5.3676554756521e-06,5.36765547565214e-06,NaN,NaN,NaN,AC balance fields report the maximum P/Q component residual and maximum complex-power mismatch. Full IPOPT dual/complementarity/KKT residuals are not exposed by the installed MATPOWER wrapper.,16728.5457090351,16720.9234655818,0,0,0,0.00167209234655818,0,0.00167209234655818,0,0.00167209234655818,0,0,1,0,0.455797438143614,0.0364980189042723,0,0,0.961777544461667,1.09999377104248,917.504357296707,212.705909652086,3.60922127072067e-06,302.312510830148,0.0823197747540961,475.269555954087,,tap and shunt controls not modeled because defensible ranges are absent
S1_REFINED_BIDIRECTIONAL,S3_2025_SHOULDER_LIGHT_LOAD_PUBLIC,S1_OPF_SOLVED_REFERENCE,20,20,0,,increasing,warm,0,no_discretionary_q,0.82,IPOPT,1,restored_nonzero_slack,0,solver_nonconvergence,1,2,40,OPF failed,0,55,5.36764606096085e-06,5.36764606096093e-06,NaN,NaN,NaN,AC balance fields report the maximum P/Q component residual and maximum complex-power mismatch. Full IPOPT dual/complementarity/KKT residuals are not exposed by the installed MATPOWER wrapper.,22211.4161158051,22203.774730564,0,0,0,0.0022203774730564,0,0.0022203774730564,0,0.0022203774730564,0,0,1,0,0.414978680986762,0.0359999399744606,0,0,0.963616163875037,1.09997430135159,918.093534429689,212.705909652086,1.42369918862246e-05,302.312521499328,0.0774110687771598,464.49811977041,,tap and shunt controls not modeled because defensible ranges are absent
S1_REFINED_BIDIRECTIONAL,S3_2025_SHOULDER_LIGHT_LOAD_PUBLIC,S1_OPF_SOLVED_REFERENCE,20,20,0,,increasing,warm,0,no_discretionary_q,0.8225,IPOPT,1,restored_nonzero_slack,0,solver_nonconvergence,1,2,42,OPF failed,0,61,5.36763611336255e-06,5.36763611336278e-06,NaN,NaN,NaN,AC balance fields report the maximum P/Q component residual and maximum complex-power mismatch. Full IPOPT dual/complementarity/KKT residuals are not exposed by the installed MATPOWER wrapper.,27694.3784994088,27686.6860247585,0,0,0,0.00276866860247585,0,0.00276866860247585,0,0.00276866860247585,0,0,1,0,0.4254333034944,0.0354999696391873,0,0,0.965485440483877,1.09997833835179,918.816272233386,212.705909652086,2.32237319163325e-05,302.31253034671,0.0727006214065566,452.013978117818,,tap and shunt controls not modeled because defensible ranges are absent
S1_REFINED_BIDIRECTIONAL,S3_2025_SHOULDER_LIGHT_LOAD_PUBLIC,S1_OPF_SOLVED_REFERENCE,20,20,0,,increasing,warm,0,no_discretionary_q,0.825,IPOPT,1,restored_nonzero_slack,0,solver_nonconvergence,1,2,49,OPF failed,0,34,5.36762723157835e-06,5.36762723157846e-06,NaN,NaN,NaN,AC balance fields report the maximum P/Q component residual and maximum complex-power mismatch. Full IPOPT dual/complementarity/KKT residuals are not exposed by the installed MATPOWER wrapper.,33177.4537144548,33169.6572835047,0,0,0,0.00331696572835047,0,0.00331696572835047,0,0.00331696572835047,0,0,1,0,0.476274978440661,0.0349999860422505,0,0,0.967378365067172,1.09998574796078,928.390984920413,212.705909652086,4.21428027790144e-05,302.312547886973,0.0651828311084627,440.139787400293,,tap and shunt controls not modeled because defensible ranges are absent
S1_REFINED_BIDIRECTIONAL,S3_2025_SHOULDER_LIGHT_LOAD_PUBLIC,S1_OPF_SOLVED_REFERENCE,20,20,0,,increasing,cold,0,present_limited_q,0.8,IPOPT,1,hard_feasible_zero_slack,1,hard_success,0,0,27,,0,27,0.000985573603307088,0.00098786813455894,NaN,NaN,NaN,AC balance fields report the maximum P/Q component residual and maximum complex-power mismatch. Full IPOPT dual/complementarity/KKT residuals are not exposed by the installed MATPOWER wrapper.,2.07452668246731,0,0,0,0,0,0,0,0,0,0,0,0,0,0.39786136950598,0.04,0,0,0.9,1.1,490.203067339611,94.8225849944711,2293.66184449467,2484.23028292976,0.0322169497873346,431.88426773659,,tap and shunt controls not modeled because defensible ranges are absent
S1_REFINED_BIDIRECTIONAL,S3_2025_SHOULDER_LIGHT_LOAD_PUBLIC,S1_OPF_SOLVED_REFERENCE,20,20,0,,increasing,cold,0,present_limited_q,0.8025,IPOPT,1,hard_feasible_zero_slack,1,hard_success,0,0,32,,0,32,0.000985264569353106,0.000987589594733456,NaN,NaN,NaN,AC balance fields report the maximum P/Q component residual and maximum complex-power mismatch. Full IPOPT dual/complementarity/KKT residuals are not exposed by the installed MATPOWER wrapper.,3.04481042978909,0,0,0,0,0,0,0,0,0,0,0,0,0,0.392189654392939,0.0395000000000001,0,0,0.9,1.1,579.413696869595,115.633470658413,2270.39642415683,2464.39945065418,0.0409871519497189,440.708670995516,,tap and shunt controls not modeled because defensible ranges are absent
S1_REFINED_BIDIRECTIONAL,S3_2025_SHOULDER_LIGHT_LOAD_PUBLIC,S1_OPF_SOLVED_REFERENCE,20,20,0,,increasing,cold,0,present_limited_q,0.805,IPOPT,1,hard_feasible_zero_slack,1,hard_success,0,0,35,,0,35,0.000984973391426891,0.000987329683227893,NaN,NaN,NaN,AC balance fields report the maximum P/Q component residual and maximum complex-power mismatch. Full IPOPT dual/complementarity/KKT residuals are not exposed by the installed MATPOWER wrapper.,4.22718445844293,0,0,0,0,0,0,0,0,0,0,0,0,0,0.386537138077629,0.0389999999999999,0,0,0.9,1.1,670.339415248669,136.863794490216,2247.09519098111,2444.59415009034,0.051483238143323,449.73096543154,,tap and shunt controls not modeled because defensible ranges are absent
S1_REFINED_BIDIRECTIONAL,S3_2025_SHOULDER_LIGHT_LOAD_PUBLIC,S1_OPF_SOLVED_REFERENCE,20,20,0,,increasing,cold,0,present_limited_q,0.8075,IPOPT,1,hard_feasible_zero_slack,1,hard_success,0,0,38,,0,38,0.000993306204044586,0.00099567423003065,NaN,NaN,NaN,AC balance fields report the maximum P/Q component residual and maximum complex-power mismatch. Full IPOPT dual/complementarity/KKT residuals are not exposed by the installed MATPOWER wrapper.,5.66428834371584,0,0,0,0,0,0,0,0,0,0,0,0,0,0.380881024633874,0.0385,0,0,0.9,1.1,763.046221299393,170.635953353397,2223.62487372821,2424.64482910309,0.0636101205811948,458.302359319817,,tap and shunt controls not modeled because defensible ranges are absent
S1_REFINED_BIDIRECTIONAL,S3_2025_SHOULDER_LIGHT_LOAD_PUBLIC,S1_OPF_SOLVED_REFERENCE,20,20,0,,increasing,cold,0,present_limited_q,0.81,IPOPT,1,restored_nonzero_slack,0,solver_nonconvergence,1,2,44,OPF failed,0,53,5.36768336445448e-06,5.36768336445516e-06,NaN,NaN,NaN,AC balance fields report the maximum P/Q component residual and maximum complex-power mismatch. Full IPOPT dual/complementarity/KKT residuals are not exposed by the installed MATPOWER wrapper.,280.145911247108,272.7304937382,0,0,0,2.727304937382e-05,0,2.727304937382e-05,0,2.727304937382e-05,0,0,1,0,0.375166389291833,0.0379964183036237,0,0,0.900001040232135,1.09999915993672,853.114641953815,212.705909652086,2200.97466847181,2406.35426051209,0.0770696425600435,466.724413734361,,tap and shunt controls not modeled because defensible ranges are absent
S1_REFINED_BIDIRECTIONAL,S3_2025_SHOULDER_LIGHT_LOAD_PUBLIC,S1_OPF_SOLVED_REFERENCE,20,20,0,,increasing,cold,0,present_limited_q,0.8125,IPOPT,1,restored_nonzero_slack,0,solver_nonconvergence,1,2,42,OPF failed,0,57,5.3676743050346e-06,5.36767430503792e-06,NaN,NaN,NaN,AC balance fields report the maximum P/Q component residual and maximum complex-power mismatch. Full IPOPT dual/complementarity/KKT residuals are not exposed by the installed MATPOWER wrapper.,5762.81864356396,5755.4012822946,0,0,0,0.00057554012822946,0,0.00057554012822946,0,0.00057554012822946,0,0,1,0,0.332129833611706,0.0374963996260531,0,0,0.900001027847388,1.09999915376277,853.76002298254,212.705909652086,2350.88132570049,2581.53764700193,0.0770338463109337,466.632155638023,,tap and shunt controls not modeled because defensible ranges are absent
S1_REFINED_BIDIRECTIONAL,S3_2025_SHOULDER_LIGHT_LOAD_PUBLIC,S1_OPF_SOLVED_REFERENCE,20,20,0,,increasing,cold,0,present_limited_q,0.815,IPOPT,1,restored_nonzero_slack,0,solver_nonconvergence,1,2,40,OPF failed,0,56,5.36766417980061e-06,5.3676641798008e-06,NaN,NaN,NaN,AC balance fields report the maximum P/Q component residual and maximum complex-power mismatch. Full IPOPT dual/complementarity/KKT residuals are not exposed by the installed MATPOWER wrapper.,11245.5519728903,11238.1322945506,0,0,0,0.00112381322945506,0,0.00112381322945506,0,0.00112381322945506,0,0,1,0,0.409721081526125,0.0369962347017359,0,0,0.900001013876608,1.09999914798582,854.514918104821,212.705909652086,2178.96414036582,2391.59138182736,0.0773365843622629,467.921817382245,,tap and shunt controls not modeled because defensible ranges are absent
S1_REFINED_BIDIRECTIONAL,S3_2025_SHOULDER_LIGHT_LOAD_PUBLIC,S1_OPF_SOLVED_REFERENCE,20,20,0,,increasing,cold,0,present_limited_q,0.8175,IPOPT,1,restored_nonzero_slack,0,solver_nonconvergence,1,2,34,OPF failed,0,56,5.36765476510936e-06,5.3676547651097e-06,NaN,NaN,NaN,AC balance fields report the maximum P/Q component residual and maximum complex-power mismatch. Full IPOPT dual/complementarity/KKT residuals are not exposed by the installed MATPOWER wrapper.,16728.3445353323,16720.9234655825,0,0,0,0.00167209234655825,0,0.00167209234655825,0,0.00167209234655825,0,0,1,0,0.356557798521718,0.0364963707780037,0,0,0.900001003450865,1.09999914134347,854.975848486984,212.705909652086,2227.59397451598,2443.43282830276,0.0772955593771667,466.764533488167,,tap and shunt controls not modeled because defensible ranges are absent
S1_REFINED_BIDIRECTIONAL,S3_2025_SHOULDER_LIGHT_LOAD_PUBLIC,S1_OPF_SOLVED_REFERENCE,20,20,0,,increasing,cold,0,present_limited_q,0.82,IPOPT,1,restored_nonzero_slack,0,solver_nonconvergence,1,2,37,OPF failed,0,57,5.3676465938679e-06,5.36764659386791e-06,NaN,NaN,NaN,AC balance fields report the maximum P/Q component residual and maximum complex-power mismatch. Full IPOPT dual/complementarity/KKT residuals are not exposed by the installed MATPOWER wrapper.,22211.1976052967,22203.7747305645,0,0,0,0.00222037747305645,0,0.00222037747305645,0,0.00222037747305645,0,0,1,0,0.350354128139928,0.0359963547213253,0,0,0.900000991739371,1.0999991348729,855.568747377274,212.705909652086,2236.62940826202,2455.96226671432,0.0773679395919715,466.77366904922,,tap and shunt controls not modeled because defensible ranges are absent
S1_REFINED_BIDIRECTIONAL,S3_2025_SHOULDER_LIGHT_LOAD_PUBLIC,S1_OPF_SOLVED_REFERENCE,20,20,0,,increasing,cold,0,present_limited_q,0.8225,IPOPT,1,restored_nonzero_slack,0,solver_nonconvergence,1,2,32,OPF failed,0,56,5.36763593572687e-06,5.36763593572715e-06,NaN,NaN,NaN,AC balance fields report the maximum P/Q component residual and maximum complex-power mismatch. Full IPOPT dual/complementarity/KKT residuals are not exposed by the installed MATPOWER wrapper.,27694.1106645287,27686.6860247582,0,0,0,0.00276866860247582,0,0.00276866860247582,0,0.00276866860247582,0,0,1,0,0.34415004229234,0.0354963388241523,0,0,0.90000098028641,1.09999912826022,856.147851729709,212.705909652086,2245.74646709825,2468.5771423649,0.0774388470783837,466.780679960619,,tap and shunt controls not modeled because defensible ranges are absent
S1_REFINED_BIDIRECTIONAL,S3_2025_SHOULDER_LIGHT_LOAD_PUBLIC,S1_OPF_SOLVED_REFERENCE,20,20,0,,increasing,cold,0,present_limited_q,0.825,IPOPT,1,restored_nonzero_slack,0,solver_nonconvergence,1,2,42,OPF failed,0,43,5.36762616576425e-06,5.3676261657644e-06,NaN,NaN,NaN,AC balance fields report the maximum P/Q component residual and maximum complex-power mismatch. Full IPOPT dual/complementarity/KKT residuals are not exposed by the installed MATPOWER wrapper.,33177.083648555,33169.6572835058,0,0,0,0.00331696572835058,0,0.00331696572835058,0,0.00331696572835058,0,0,1,0,0.337945515906778,0.0349963236199107,0,0,0.900000969082427,1.09999912150211,856.71327106252,212.705909652086,2254.94659669155,2481.2788931902,0.0775082544549878,466.785541069582,,tap and shunt controls not modeled because defensible ranges are absent
S1_REFINED_BIDIRECTIONAL,S3_2025_SHOULDER_LIGHT_LOAD_PUBLIC,S1_OPF_SOLVED_REFERENCE,20,20,0,,increasing,cold,0,fixed_scenario_q,0.8,IPOPT,1,hard_feasible_zero_slack,1,hard_success,0,0,32,,0,32,0.00098858822701331,0.000990878843016332,NaN,NaN,NaN,AC balance fields report the maximum P/Q component residual and maximum complex-power mismatch. Full IPOPT dual/complementarity/KKT residuals are not exposed by the installed MATPOWER wrapper.,2.22660532241673,0,0,0,0,0,0,0,0,0,0,0,0,0,0.471992331569031,0.04,0,0,0.966334080080981,1.1,564.53375939647,94.8225850180235,302.311951921376,0.000751630695941863,0.0337325178810782,440.580593414115,,tap and shunt controls not modeled because defensible ranges are absent
S1_REFINED_BIDIRECTIONAL,S3_2025_SHOULDER_LIGHT_LOAD_PUBLIC,S1_OPF_SOLVED_REFERENCE,20,20,0,,increasing,cold,0,fixed_scenario_q,0.8025,IPOPT,1,hard_feasible_zero_slack,1,hard_success,0,0,25,,0,25,0.00101710139008837,0.00101935585229342,NaN,NaN,NaN,AC balance fields report the maximum P/Q component residual and maximum complex-power mismatch. Full IPOPT dual/complementarity/KKT residuals are not exposed by the installed MATPOWER wrapper.,3.21755469298523,0,0,0,0,0,0,0,0,0,0,0,0,0,0.466144429614902,0.0395000000000001,0,0,0.963871542997495,1.099999991975,651.935594981596,115.633471150242,302.312252883102,0.000306323197052816,0.0408093232274769,443.833846884061,,tap and shunt controls not modeled because defensible ranges are absent
S1_REFINED_BIDIRECTIONAL,S3_2025_SHOULDER_LIGHT_LOAD_PUBLIC,S1_OPF_SOLVED_REFERENCE,20,20,0,,increasing,cold,0,fixed_scenario_q,0.805,IPOPT,1,hard_feasible_zero_slack,1,hard_success,0,0,35,,0,35,0.000990162920144755,0.000992512177819841,NaN,NaN,NaN,AC balance fields report the maximum P/Q component residual and maximum complex-power mismatch. Full IPOPT dual/complementarity/KKT residuals are not exposed by the installed MATPOWER wrapper.,4.45037386864306,0,0,0,0,0,0,0,0,0,0,0,0,0,0.483985599480259,0.0389999999999999,0,0,0.961470610182498,1.1,741.312682304434,136.863794620186,302.31215665445,0.000550110959793848,0.0465467774984515,436.912173707811,,tap and shunt controls not modeled because defensible ranges are absent
S1_REFINED_BIDIRECTIONAL,S3_2025_SHOULDER_LIGHT_LOAD_PUBLIC,S1_OPF_SOLVED_REFERENCE,20,20,0,,increasing,cold,0,fixed_scenario_q,0.8075,IPOPT,1,hard_feasible_zero_slack,1,hard_success,0,0,30,,0,30,0.00100343952236237,0.00100578987138453,NaN,NaN,NaN,AC balance fields report the maximum P/Q component residual and maximum complex-power mismatch. Full IPOPT dual/complementarity/KKT residuals are not exposed by the installed MATPOWER wrapper.,5.98876665608725,0,0,0,0,0,0,0,0,0,0,0,0,0,0.483511125890721,0.0385,0,0,0.958374878960366,1.09999997238495,834.461262971199,170.63595407711,302.312343919455,0.000331185888798657,0.0532306178227488,434.391753207113,,tap and shunt controls not modeled because defensible ranges are absent
S1_REFINED_BIDIRECTIONAL,S3_2025_SHOULDER_LIGHT_LOAD_PUBLIC,S1_OPF_SOLVED_REFERENCE,20,20,0,,increasing,cold,0,fixed_scenario_q,0.81,IPOPT,1,restored_nonzero_slack,0,solver_nonconvergence,1,2,40,OPF failed,0,49,5.36768336445448e-06,5.36768336445486e-06,NaN,NaN,NaN,AC balance fields report the maximum P/Q component residual and maximum complex-power mismatch. Full IPOPT dual/complementarity/KKT residuals are not exposed by the installed MATPOWER wrapper.,281.035488626409,272.730493735991,0,0,0,2.72730493735991e-05,0,2.72730493735991e-05,0,2.72730493735991e-05,0,0,1,0,0.46800898666914,0.0379999985362749,0,0,0.974059178850607,1.0999956743952,949.926661728212,212.705909652086,302.3124354385,7.44542096104972e-05,0.0915697242300557,517.794266991333,,tap and shunt controls not modeled because defensible ranges are absent
S1_REFINED_BIDIRECTIONAL,S3_2025_SHOULDER_LIGHT_LOAD_PUBLIC,S1_OPF_SOLVED_REFERENCE,20,20,0,,increasing,cold,0,fixed_scenario_q,0.8125,IPOPT,1,restored_nonzero_slack,0,solver_nonconvergence,1,2,37,OPF failed,0,44,5.36767448267028e-06,5.36767448267061e-06,NaN,NaN,NaN,AC balance fields report the maximum P/Q component residual and maximum complex-power mismatch. Full IPOPT dual/complementarity/KKT residuals are not exposed by the installed MATPOWER wrapper.,5764.94131133531,5755.40128229458,0,0,0,0.000575540128229458,0,0.000575540128229458,0,0.000575540128229458,0,0,1,0,0.460428631594968,0.0374999994360965,0,0,0.974749549713255,1.09999729244907,960.96266424085,212.705909652086,302.31242104291,9.79061537185189e-05,0.138424450718347,609.228965981964,,tap and shunt controls not modeled because defensible ranges are absent
S1_REFINED_BIDIRECTIONAL,S3_2025_SHOULDER_LIGHT_LOAD_PUBLIC,S1_OPF_SOLVED_REFERENCE,20,20,0,,increasing,cold,0,fixed_scenario_q,0.815,IPOPT,1,restored_nonzero_slack,0,solver_nonconvergence,1,2,41,OPF failed,0,47,5.36766506797903e-06,5.36766506798008e-06,NaN,NaN,NaN,AC balance fields report the maximum P/Q component residual and maximum complex-power mismatch. Full IPOPT dual/complementarity/KKT residuals are not exposed by the installed MATPOWER wrapper.,11249.4715838259,11238.1322945493,0,0,0,0.00112381322945493,0,0.00112381322945493,0,0.00112381322945493,0,0,1,0,0.453300750253507,0.0369999997231774,0,0,0.975421793273087,1.0999965759811,971.14467649737,212.705909652086,302.312420183421,0.000101082575032496,0.194918047589384,693.952394884492,,tap and shunt controls not modeled because defensible ranges are absent
S1_REFINED_BIDIRECTIONAL,S3_2025_SHOULDER_LIGHT_LOAD_PUBLIC,S1_OPF_SOLVED_REFERENCE,20,20,0,,increasing,cold,0,fixed_scenario_q,0.8175,IPOPT,1,restored_nonzero_slack,0,solver_nonconvergence,1,2,40,OPF failed,0,48,5.36765565328778e-06,5.36765565328821e-06,NaN,NaN,NaN,AC balance fields report the maximum P/Q component residual and maximum complex-power mismatch. Full IPOPT dual/complementarity/KKT residuals are not exposed by the installed MATPOWER wrapper.,16734.4672462733,16720.923465581,0,0,0,0.0016720923465581,0,0.0016720923465581,0,0.0016720923465581,0,0,1,0,0.445644323356103,0.0364999998604316,0,0,0.979439345239508,1.09999870617269,986.046914026734,212.705909652086,302.312423482577,0.000105658268715114,0.260122671049189,771.519122176186,,tap and shunt controls not modeled because defensible ranges are absent
S1_REFINED_BIDIRECTIONAL,S3_2025_SHOULDER_LIGHT_LOAD_PUBLIC,S1_OPF_SOLVED_REFERENCE,20,20,0,,increasing,cold,0,fixed_scenario_q,0.82,IPOPT,1,restored_nonzero_slack,0,solver_nonconvergence,1,2,50,OPF failed,0,55,5.36764606096085e-06,5.36764606096151e-06,NaN,NaN,NaN,AC balance fields report the maximum P/Q component residual and maximum complex-power mismatch. Full IPOPT dual/complementarity/KKT residuals are not exposed by the installed MATPOWER wrapper.,22219.8282092749,22203.774730565,0,0,0,0.0022203774730565,0,0.0022203774730565,0,0.0022203774730565,0,0,1,0,0.448373246020782,0.0359999999447373,0,0,0.975182172776101,1.09999928327079,998.411098122873,212.705909652086,302.312423424876,0.00010640848005572,0.329262720042124,843.654174991617,,tap and shunt controls not modeled because defensible ranges are absent
S1_REFINED_BIDIRECTIONAL,S3_2025_SHOULDER_LIGHT_LOAD_PUBLIC,S1_OPF_SOLVED_REFERENCE,20,20,0,,increasing,cold,0,fixed_scenario_q,0.8225,IPOPT,1,restored_nonzero_slack,0,solver_nonconvergence,1,2,52,OPF failed,0,48,5.36763629099823e-06,5.36763629099826e-06,NaN,NaN,NaN,AC balance fields report the maximum P/Q component residual and maximum complex-power mismatch. Full IPOPT dual/complementarity/KKT residuals are not exposed by the installed MATPOWER wrapper.,27705.4812568428,27686.6860247581,0,0,0,0.00276866860247582,0,0.00276866860247582,0,0.00276866860247582,0,0,1,0,0.442985347516725,0.0354999999998911,0,0,0.978822199404675,1.09999921451067,1086.45257725701,217.059288383301,302.312423759741,0.000107480781252001,0.401769814609837,910.982967636402,,tap and shunt controls not modeled because defensible ranges are absent
S1_REFINED_BIDIRECTIONAL,S3_2025_SHOULDER_LIGHT_LOAD_PUBLIC,S1_OPF_SOLVED_REFERENCE,20,20,0,,increasing,cold,0,fixed_scenario_q,0.825,IPOPT,1,restored_nonzero_slack,0,solver_nonconvergence,1,2,41,OPF failed,0,41,5.36762847502814e-06,5.36762847502832e-06,NaN,NaN,NaN,AC balance fields report the maximum P/Q component residual and maximum complex-power mismatch. Full IPOPT dual/complementarity/KKT residuals are not exposed by the installed MATPOWER wrapper.,33191.3799040035,33169.6572835058,0,0,0,0.00331696572835058,0,0.00331696572835058,0,0.00331696572835058,0,0,1,0,0.435434451449274,0.0350000000397741,0,0,0.978469995138024,1.09999918454148,1198.68646721995,240.877716938691,302.312423016306,0.00010726754525292,0.477131828965479,974.513579066984,,tap and shunt controls not modeled because defensible ranges are absent
S1_REFINED_BIDIRECTIONAL,S3_2025_SHOULDER_LIGHT_LOAD_PUBLIC,S1_OPF_SOLVED_REFERENCE,20,20,0,,increasing,cold,0,no_discretionary_q,0.8,IPOPT,1,hard_feasible_zero_slack,1,hard_success,0,0,34,,0,34,0.00100477036970581,0.00100702359079807,NaN,NaN,NaN,AC balance fields report the maximum P/Q component residual and maximum complex-power mismatch. Full IPOPT dual/complementarity/KKT residuals are not exposed by the installed MATPOWER wrapper.,2.20809511906145,0,0,0,0,0,0,0,0,0,0,0,0,0,0.472736286632171,0.04,0,0,0.965795352166215,1.09907402137331,556.315196680888,94.8225852004584,0.000340357742767661,302.312761127177,0.0352883694797366,441.482104894895,,tap and shunt controls not modeled because defensible ranges are absent
S1_REFINED_BIDIRECTIONAL,S3_2025_SHOULDER_LIGHT_LOAD_PUBLIC,S1_OPF_SOLVED_REFERENCE,20,20,0,,increasing,cold,0,no_discretionary_q,0.8025,IPOPT,1,hard_feasible_zero_slack,1,hard_success,0,0,30,,0,30,0.00100303573224991,0.00100532184201336,NaN,NaN,NaN,AC balance fields report the maximum P/Q component residual and maximum complex-power mismatch. Full IPOPT dual/complementarity/KKT residuals are not exposed by the installed MATPOWER wrapper.,3.19347765937039,0,0,0,0,0,0,0,0,0,0,0,0,0,0.466172579043602,0.0395000000000001,0,0,0.964232224309947,1.09968027003613,643.987265787175,115.633470896289,0.000351030796212388,302.312760167019,0.0445113268725698,450.162592934708,,tap and shunt controls not modeled because defensible ranges are absent
S1_REFINED_BIDIRECTIONAL,S3_2025_SHOULDER_LIGHT_LOAD_PUBLIC,S1_OPF_SOLVED_REFERENCE,20,20,0,,increasing,cold,0,no_discretionary_q,0.805,IPOPT,1,hard_feasible_zero_slack,1,hard_success,0,0,32,,0,32,0.000993442432895009,0.000995781536705698,NaN,NaN,NaN,AC balance fields report the maximum P/Q component residual and maximum complex-power mismatch. Full IPOPT dual/complementarity/KKT residuals are not exposed by the installed MATPOWER wrapper.,4.3906402644435,0,0,0,0,0,0,0,0,0,0,0,0,0,0.45994582369705,0.0389999999999999,0,0,0.961737647048559,1.1,733.337356576264,136.863794697658,0.000552177426795819,302.312857629777,0.0553537800837222,458.471040629415,,tap and shunt controls not modeled because defensible ranges are absent
S1_REFINED_BIDIRECTIONAL,S3_2025_SHOULDER_LIGHT_LOAD_PUBLIC,S1_OPF_SOLVED_REFERENCE,20,20,0,,increasing,cold,0,no_discretionary_q,0.8075,IPOPT,1,hard_feasible_zero_slack,1,hard_success,0,0,30,,0,30,0.00100493400734258,0.00100727752851523,NaN,NaN,NaN,AC balance fields report the maximum P/Q component residual and maximum complex-power mismatch. Full IPOPT dual/complementarity/KKT residuals are not exposed by the installed MATPOWER wrapper.,5.84252902819287,0,0,0,0,0,0,0,0,0,0,0,0,0,0.454053218480696,0.0385,0,0,0.95911346459614,1.1,824.594786010952,170.635954134996,0.000263578814155227,302.312685233019,0.0682455581683995,467.200342381321,,tap and shunt controls not modeled because defensible ranges are absent
S1_REFINED_BIDIRECTIONAL,S3_2025_SHOULDER_LIGHT_LOAD_PUBLIC,S1_OPF_SOLVED_REFERENCE,20,20,0,,increasing,cold,0,no_discretionary_q,0.81,IPOPT,1,restored_nonzero_slack,0,solver_nonconvergence,1,2,46,OPF failed,0,51,5.36768443026858e-06,5.36768443026904e-06,NaN,NaN,NaN,AC balance fields report the maximum P/Q component residual and maximum complex-power mismatch. Full IPOPT dual/complementarity/KKT residuals are not exposed by the installed MATPOWER wrapper.,280.338404685316,272.730493734978,0,0,0,2.72730493734978e-05,0,2.72730493734978e-05,0,2.72730493734978e-05,0,0,1,0,0.472409872329471,0.0379960235797268,0,0,0.955238897957121,1.09903399992879,913.346283925861,212.705909652086,3.2762218634427e-06,302.312510471892,0.0823413148783337,475.111210257879,,tap and shunt controls not modeled because defensible ranges are absent
S1_REFINED_BIDIRECTIONAL,S3_2025_SHOULDER_LIGHT_LOAD_PUBLIC,S1_OPF_SOLVED_REFERENCE,20,20,0,,increasing,cold,0,no_discretionary_q,0.8125,IPOPT,1,restored_nonzero_slack,0,solver_nonconvergence,1,2,55,OPF failed,0,54,5.36767377212755e-06,5.36767377212835e-06,NaN,NaN,NaN,AC balance fields report the maximum P/Q component residual and maximum complex-power mismatch. Full IPOPT dual/complementarity/KKT residuals are not exposed by the installed MATPOWER wrapper.,5763.01351077818,5755.40128229527,0,0,0,0.000575540128229527,0,0.000575540128229527,0,0.000575540128229527,0,0,1,0,0.466329576489183,0.0374960363612127,0,0,0.95742138269461,1.09972895653081,914.60980383666,212.705909652086,3.26059768657953e-06,302.312510470778,0.0824067435272132,475.34866060462,,tap and shunt controls not modeled because defensible ranges are absent
S1_REFINED_BIDIRECTIONAL,S3_2025_SHOULDER_LIGHT_LOAD_PUBLIC,S1_OPF_SOLVED_REFERENCE,20,20,0,,increasing,cold,0,no_discretionary_q,0.815,IPOPT,1,restored_nonzero_slack,0,solver_nonconvergence,1,2,35,OPF failed,0,54,5.36766506797903e-06,5.3676650679799e-06,NaN,NaN,NaN,AC balance fields report the maximum P/Q component residual and maximum complex-power mismatch. Full IPOPT dual/complementarity/KKT residuals are not exposed by the installed MATPOWER wrapper.,11245.7488721041,11238.1322945496,0,0,0,0.00112381322945496,0,0.00112381322945496,0,0.00112381322945496,0,0,1,0,0.460564840029101,0.0369961605767708,0,0,0.959606264509759,1.09999420679492,915.872381103498,212.705909652086,2.97321185030535e-06,302.312510182623,0.0824468386250597,475.487361743838,,tap and shunt controls not modeled because defensible ranges are absent
S1_REFINED_BIDIRECTIONAL,S3_2025_SHOULDER_LIGHT_LOAD_PUBLIC,S1_OPF_SOLVED_REFERENCE,20,20,0,,increasing,cold,0,no_discretionary_q,0.8175,IPOPT,1,restored_nonzero_slack,0,solver_nonconvergence,1,2,38,OPF failed,0,47,5.36765458747368e-06,5.36765458747391e-06,NaN,NaN,NaN,AC balance fields report the maximum P/Q component residual and maximum complex-power mismatch. Full IPOPT dual/complementarity/KKT residuals are not exposed by the installed MATPOWER wrapper.,16728.5457086182,16720.92346558,0,0,0,0.001672092346558,0,0.001672092346558,0,0.001672092346558,0,0,1,0,0.455798770158541,0.0364980189066146,0,0,0.96177754436527,1.09999377101046,917.504236833654,212.705909652086,3.60940275988506e-06,302.312510830298,0.0823197787959831,475.269555336186,,tap and shunt controls not modeled because defensible ranges are absent
S1_REFINED_BIDIRECTIONAL,S3_2025_SHOULDER_LIGHT_LOAD_PUBLIC,S1_OPF_SOLVED_REFERENCE,20,20,0,,increasing,cold,0,no_discretionary_q,0.82,IPOPT,1,restored_nonzero_slack,0,solver_nonconvergence,1,2,35,OPF failed,0,51,5.36764641623222e-06,5.3676464162382e-06,NaN,NaN,NaN,AC balance fields report the maximum P/Q component residual and maximum complex-power mismatch. Full IPOPT dual/complementarity/KKT residuals are not exposed by the installed MATPOWER wrapper.,22211.4161147227,22203.7747305634,0,0,0,0.00222037747305634,0,0.00222037747305634,0,0.00222037747305634,0,0,1,0,0.414979338704012,0.0359999399743816,0,0,0.963616163707957,1.0999743012588,918.093231833856,212.705909652086,1.42983523916739e-05,302.312521560676,0.0774110764827231,464.498118015585,,tap and shunt controls not modeled because defensible ranges are absent
S1_REFINED_BIDIRECTIONAL,S3_2025_SHOULDER_LIGHT_LOAD_PUBLIC,S1_OPF_SOLVED_REFERENCE,20,20,0,,increasing,cold,0,no_discretionary_q,0.8225,IPOPT,1,restored_nonzero_slack,0,solver_nonconvergence,1,2,41,OPF failed,0,49,5.36763700154097e-06,5.36763700154556e-06,NaN,NaN,NaN,AC balance fields report the maximum P/Q component residual and maximum complex-power mismatch. Full IPOPT dual/complementarity/KKT residuals are not exposed by the installed MATPOWER wrapper.,27694.3784994339,27686.6860247589,0,0,0,0.00276866860247589,0,0.00276866860247589,0,0.00276866860247589,0,0,1,0,0.425433304124303,0.0354999696391876,0,0,0.965485440492513,1.09997833835192,918.81627898139,212.705909652086,2.32990618983354e-05,302.312530422037,0.0727006212392718,452.013978288396,,tap and shunt controls not modeled because defensible ranges are absent
S1_REFINED_BIDIRECTIONAL,S3_2025_SHOULDER_LIGHT_LOAD_PUBLIC,S1_OPF_SOLVED_REFERENCE,20,20,0,,increasing,cold,0,no_discretionary_q,0.825,IPOPT,1,restored_nonzero_slack,0,solver_nonconvergence,1,2,49,OPF failed,0,34,5.36762723157835e-06,5.3676272315786e-06,NaN,NaN,NaN,AC balance fields report the maximum P/Q component residual and maximum complex-power mismatch. Full IPOPT dual/complementarity/KKT residuals are not exposed by the installed MATPOWER wrapper.,33177.4537130101,33169.6572835043,0,0,0,0.00331696572835043,0,0.00331696572835043,0,0.00331696572835043,0,0,1,0,0.476274965698768,0.03499998604234,0,0,0.967378347811361,1.09998574846723,928.389961121912,212.705909652086,4.38603759379421e-05,302.312549604366,0.0651832718247079,440.141159242668,,tap and shunt controls not modeled because defensible ranges are absent
S1_REFINED_BIDIRECTIONAL,S3_2025_SHOULDER_LIGHT_LOAD_PUBLIC,S1_OPF_SOLVED_REFERENCE,20,20,0,,decreasing,warm,0,present_limited_q,0.825,IPOPT,1,restored_nonzero_slack,0,solver_nonconvergence,1,2,42,OPF failed,0,43,5.36762616576425e-06,5.3676261657644e-06,NaN,NaN,NaN,AC balance fields report the maximum P/Q component residual and maximum complex-power mismatch. Full IPOPT dual/complementarity/KKT residuals are not exposed by the installed MATPOWER wrapper.,33177.083648555,33169.6572835058,0,0,0,0.00331696572835058,0,0.00331696572835058,0,0.00331696572835058,0,0,1,0,0.337945515906778,0.0349963236199107,0,0,0.900000969082427,1.09999912150211,856.71327106252,212.705909652086,2254.94659669155,2481.2788931902,0.0775082544549878,466.785541069582,,tap and shunt controls not modeled because defensible ranges are absent
S1_REFINED_BIDIRECTIONAL,S3_2025_SHOULDER_LIGHT_LOAD_PUBLIC,S1_OPF_SOLVED_REFERENCE,20,20,0,,decreasing,warm,0,present_limited_q,0.8225,IPOPT,1,restored_nonzero_slack,0,solver_nonconvergence,1,2,38,OPF failed,0,53,5.36763486991276e-06,5.36763486991481e-06,NaN,NaN,NaN,AC balance fields report the maximum P/Q component residual and maximum complex-power mismatch. Full IPOPT dual/complementarity/KKT residuals are not exposed by the installed MATPOWER wrapper.,27694.1106646275,27686.6860247555,0,0,0,0.00276866860247555,0,0.00276866860247555,0,0.00276866860247555,0,0,1,0,0.344150037077787,0.0354963388242526,0,0,0.900000980286377,1.09999912826027,856.14788489485,212.705909652086,2245.74692878016,2468.57759827172,0.0774388415004702,466.780675429461,,tap and shunt controls not modeled because defensible ranges are absent
S1_REFINED_BIDIRECTIONAL,S3_2025_SHOULDER_LIGHT_LOAD_PUBLIC,S1_OPF_SOLVED_REFERENCE,20,20,0,,decreasing,warm,0,present_limited_q,0.82,IPOPT,1,restored_nonzero_slack,0,solver_nonconvergence,1,2,38,OPF failed,0,38,5.36764481751106e-06,5.36764481751189e-06,NaN,NaN,NaN,AC balance fields report the maximum P/Q component residual and maximum complex-power mismatch. Full IPOPT dual/complementarity/KKT residuals are not exposed by the installed MATPOWER wrapper.,22211.1976048546,22203.7747305644,0,0,0,0.00222037747305644,0,0.00222037747305644,0,0.00222037747305644,0,0,1,0,0.350354126013707,0.0359963547203457,0,0,0.900000991739759,1.09999913487262,855.56860283674,212.705909652086,2236.62847340747,2455.96133873068,0.0773679448247332,466.773667740281,,tap and shunt controls not modeled because defensible ranges are absent
S1_REFINED_BIDIRECTIONAL,S3_2025_SHOULDER_LIGHT_LOAD_PUBLIC,S1_OPF_SOLVED_REFERENCE,20,20,0,,decreasing,warm,0,present_limited_q,0.8175,IPOPT,1,restored_nonzero_slack,0,solver_nonconvergence,1,2,37,OPF failed,0,40,5.3676554756521e-06,5.36765547565315e-06,NaN,NaN,NaN,AC balance fields report the maximum P/Q component residual and maximum complex-power mismatch. Full IPOPT dual/complementarity/KKT residuals are not exposed by the installed MATPOWER wrapper.,16728.3445353319,16720.9234655831,0,0,0,0.00167209234655831,0,0.00167209234655831,0,0.00167209234655831,0,0,1,0,0.356557798510065,0.0364963707779995,0,0,0.900001003450867,1.09999914134346,854.975848189295,212.705909652086,2227.59395678054,2443.432810637,0.0772955591879427,466.764533277734,,tap and shunt controls not modeled because defensible ranges are absent
S1_REFINED_BIDIRECTIONAL,S3_2025_SHOULDER_LIGHT_LOAD_PUBLIC,S1_OPF_SOLVED_REFERENCE,20,20,0,,decreasing,warm,0,present_limited_q,0.815,IPOPT,1,restored_nonzero_slack,0,solver_nonconvergence,1,2,37,OPF failed,0,39,5.36766400216493e-06,5.36766400216493e-06,NaN,NaN,NaN,AC balance fields report the maximum P/Q component residual and maximum complex-power mismatch. Full IPOPT dual/complementarity/KKT residuals are not exposed by the installed MATPOWER wrapper.,11245.5515190701,11238.132294548,0,0,0,0.0011238132294548,0,0.0011238132294548,0,0.0011238132294548,0,0,1,0,0.362761055739066,0.0369963867831509,0,0,0.90000101543078,1.09999914767508,854.3690049812,212.705909652086,2218.6402082272,2430.98886381818,0.0772217186983416,466.7532754839,,tap and shunt controls not modeled because defensible ranges are absent
S1_REFINED_BIDIRECTIONAL,S3_2025_SHOULDER_LIGHT_LOAD_PUBLIC,S1_OPF_SOLVED_REFERENCE,20,20,0,,decreasing,warm,0,present_limited_q,0.8125,IPOPT,1,restored_nonzero_slack,0,solver_nonconvergence,1,2,53,OPF failed,0,52,5.36767483794165e-06,5.36767483794354e-06,NaN,NaN,NaN,AC balance fields report the maximum P/Q component residual and maximum complex-power mismatch. Full IPOPT dual/complementarity/KKT residuals are not exposed by the installed MATPOWER wrapper.,5762.81862320403,5755.40128229466,0,0,0,0.000575540128229466,0,0.000575540128229466,0,0.000575540128229466,0,0,1,0,0.368963918742938,0.0374964026432187,0,0,0.900001027687532,1.09999915387208,853.748774031565,212.705909652086,2209.7674694805,2418.62969868669,0.0771464006313505,466.739899231002,,tap and shunt controls not modeled because defensible ranges are absent
S1_REFINED_BIDIRECTIONAL,S3_2025_SHOULDER_LIGHT_LOAD_PUBLIC,S1_OPF_SOLVED_REFERENCE,20,20,0,,decreasing,warm,0,present_limited_q,0.81,IPOPT,1,restored_nonzero_slack,0,solver_nonconvergence,1,2,40,OPF failed,0,44,5.36768371972585e-06,5.36768371972586e-06,NaN,NaN,NaN,AC balance fields report the maximum P/Q component residual and maximum complex-power mismatch. Full IPOPT dual/complementarity/KKT residuals are not exposed by the installed MATPOWER wrapper.,280.145911187954,272.730493737935,0,0,0,2.72730493737935e-05,0,2.72730493737935e-05,0,2.72730493737935e-05,0,0,1,0,0.375166388853267,0.0379964183034796,0,0,0.900001040232176,1.09999915993667,853.114622608313,212.705909652086,2200.97467046111,2406.35426287279,0.0770696406065088,466.724410832701,,tap and shunt controls not modeled because defensible ranges are absent
S1_REFINED_BIDIRECTIONAL,S3_2025_SHOULDER_LIGHT_LOAD_PUBLIC,S1_OPF_SOLVED_REFERENCE,20,20,0,,decreasing,warm,0,present_limited_q,0.8075,IPOPT,1,hard_feasible_zero_slack,1,hard_success,0,0,60,,0,60,0.000984692765104711,0.000987144811461461,NaN,NaN,NaN,AC balance fields report the maximum P/Q component residual and maximum complex-power mismatch. Full IPOPT dual/complementarity/KKT residuals are not exposed by the installed MATPOWER wrapper.,5.66435832795537,0,0,0,0,0,0,0,0,0,0,0,0,0,0.381228814372613,0.0385,0,0,0.9,1.1,763.074785831551,170.635953266425,2509.372663153,2740.02898445444,0.0635098722882155,458.223386109386,,tap and shunt controls not modeled because defensible ranges are absent
S1_REFINED_BIDIRECTIONAL,S3_2025_SHOULDER_LIGHT_LOAD_PUBLIC,S1_OPF_SOLVED_REFERENCE,20,20,0,,decreasing,warm,0,present_limited_q,0.805,IPOPT,1,hard_feasible_zero_slack,1,hard_success,0,0,33,,0,33,0.000984974453377419,0.000987330743619117,NaN,NaN,NaN,AC balance fields report the maximum P/Q component residual and maximum complex-power mismatch. Full IPOPT dual/complementarity/KKT residuals are not exposed by the installed MATPOWER wrapper.,4.22718445848579,0,0,0,0,0,0,0,0,0,0,0,0,0,0.386537137262444,0.0390000000000001,0,0,0.9,1.1,670.339412866512,136.863794490227,2242.67448805278,2446.5197820894,0.051483232249646,449.730948590913,,tap and shunt controls not modeled because defensible ranges are absent
S1_REFINED_BIDIRECTIONAL,S3_2025_SHOULDER_LIGHT_LOAD_PUBLIC,S1_OPF_SOLVED_REFERENCE,20,20,0,,decreasing,warm,0,present_limited_q,0.8025,IPOPT,1,hard_feasible_zero_slack,1,hard_success,0,0,43,,0,43,0.0010672486149943,0.00106939587650321,NaN,NaN,NaN,AC balance fields report the maximum P/Q component residual and maximum complex-power mismatch. Full IPOPT dual/complementarity/KKT residuals are not exposed by the installed MATPOWER wrapper.,3.04481059958914,0,0,0,0,0,0,0,0,0,0,0,0,0,0.392189445136594,0.0394999936779001,0,0,0.9,1.1,579.413774336851,115.633471103363,2270.4472923363,2464.4713620189,0.0409871515973535,440.708657910145,,tap and shunt controls not modeled because defensible ranges are absent
S1_REFINED_BIDIRECTIONAL,S3_2025_SHOULDER_LIGHT_LOAD_PUBLIC,S1_OPF_SOLVED_REFERENCE,20,20,0,,decreasing,warm,0,present_limited_q,0.8,IPOPT,1,hard_feasible_zero_slack,1,hard_success,0,0,40,,0,40,0.000985573632528158,0.000987868164056992,NaN,NaN,NaN,AC balance fields report the maximum P/Q component residual and maximum complex-power mismatch. Full IPOPT dual/complementarity/KKT residuals are not exposed by the installed MATPOWER wrapper.,2.07452668246663,0,0,0,0,0,0,0,0,0,0,0,0,0,0.397861369505981,0.04,0,0,0.9,1.1,490.203067339554,94.8225849944584,2293.66149801282,2484.23108765366,0.0322169497873298,431.884267736586,,tap and shunt controls not modeled because defensible ranges are absent
S1_REFINED_BIDIRECTIONAL,S3_2025_SHOULDER_LIGHT_LOAD_PUBLIC,S1_OPF_SOLVED_REFERENCE,20,20,0,,decreasing,warm,0,fixed_scenario_q,0.825,IPOPT,1,restored_nonzero_slack,0,solver_nonconvergence,1,2,41,OPF failed,0,41,5.36762847502814e-06,5.36762847502832e-06,NaN,NaN,NaN,AC balance fields report the maximum P/Q component residual and maximum complex-power mismatch. Full IPOPT dual/complementarity/KKT residuals are not exposed by the installed MATPOWER wrapper.,33191.3799040035,33169.6572835058,0,0,0,0.00331696572835058,0,0.00331696572835058,0,0.00331696572835058,0,0,1,0,0.435434451449274,0.0350000000397741,0,0,0.978469995138024,1.09999918454148,1198.68646721995,240.877716938691,302.312423016306,0.00010726754525292,0.477131828965479,974.513579066984,,tap and shunt controls not modeled because defensible ranges are absent
S1_REFINED_BIDIRECTIONAL,S3_2025_SHOULDER_LIGHT_LOAD_PUBLIC,S1_OPF_SOLVED_REFERENCE,20,20,0,,decreasing,warm,0,fixed_scenario_q,0.8225,IPOPT,1,restored_nonzero_slack,0,solver_nonconvergence,1,2,34,OPF failed,0,33,5.36763717917665e-06,5.36763717917665e-06,NaN,NaN,NaN,AC balance fields report the maximum P/Q component residual and maximum complex-power mismatch. Full IPOPT dual/complementarity/KKT residuals are not exposed by the installed MATPOWER wrapper.,27705.4812568442,27686.6860247577,0,0,0,0.00276866860247577,0,0.00276866860247577,0,0.00276866860247577,0,0,1,0,0.442985351045944,0.0354999999998911,0,0,0.978822199413748,1.09999921451067,1086.45257760587,217.05928840332,302.312423758837,0.000107479875782968,0.401769814534259,910.982967682442,,tap and shunt controls not modeled because defensible ranges are absent
S1_REFINED_BIDIRECTIONAL,S3_2025_SHOULDER_LIGHT_LOAD_PUBLIC,S1_OPF_SOLVED_REFERENCE,20,20,0,,decreasing,warm,0,fixed_scenario_q,0.82,IPOPT,1,restored_nonzero_slack,0,solver_nonconvergence,1,2,54,OPF failed,0,53,5.36764606096085e-06,5.36764606096108e-06,NaN,NaN,NaN,AC balance fields report the maximum P/Q component residual and maximum complex-power mismatch. Full IPOPT dual/complementarity/KKT residuals are not exposed by the installed MATPOWER wrapper.,22219.828209275,22203.7747305651,0,0,0,0.00222037747305651,0,0.00222037747305651,0,0.00222037747305651,0,0,1,0,0.448373245931197,0.0359999999447373,0,0,0.975182173674543,1.09999928327079,998.411098171583,212.705909652086,302.312423424876,0.00010640848006549,0.329262720083606,843.654174991021,,tap and shunt controls not modeled because defensible ranges are absent
S1_REFINED_BIDIRECTIONAL,S3_2025_SHOULDER_LIGHT_LOAD_PUBLIC,S1_OPF_SOLVED_REFERENCE,20,20,0,,decreasing,warm,0,fixed_scenario_q,0.8175,IPOPT,1,restored_nonzero_slack,0,solver_nonconvergence,1,2,51,OPF failed,0,67,5.36765565328778e-06,5.36765565328908e-06,NaN,NaN,NaN,AC balance fields report the maximum P/Q component residual and maximum complex-power mismatch. Full IPOPT dual/complementarity/KKT residuals are not exposed by the installed MATPOWER wrapper.,16734.467246581,16720.9234655837,0,0,0,0.00167209234655837,0,0.00167209234655837,0,0.00167209234655837,0,0,1,0,0.445644323520269,0.0364999998604316,0,0,0.979439345239508,1.09999870617182,986.047039428684,212.705909652086,302.312423481789,0.000105641555738334,0.260122666063714,771.51913334404,,tap and shunt controls not modeled because defensible ranges are absent
S1_REFINED_BIDIRECTIONAL,S3_2025_SHOULDER_LIGHT_LOAD_PUBLIC,S1_OPF_SOLVED_REFERENCE,20,20,0,,decreasing,warm,0,fixed_scenario_q,0.815,IPOPT,1,restored_nonzero_slack,0,solver_nonconvergence,1,2,36,OPF failed,0,54,5.36639319648202e-06,5.36639319648244e-06,NaN,NaN,NaN,AC balance fields report the maximum P/Q component residual and maximum complex-power mismatch. Full IPOPT dual/complementarity/KKT residuals are not exposed by the installed MATPOWER wrapper.,11249.4715900796,11238.1322921845,0,0,0,0.00112381322921845,0,0.00112381322921845,0,0.00112381322921845,0,0,1,0,0.453302546745137,0.0369999996526107,0,0,0.975422677842132,1.09999631123239,971.145853080934,212.705909652086,302.312417623143,9.58304829561385e-05,0.194918716772806,693.952863490119,,tap and shunt controls not modeled because defensible ranges are absent
S1_REFINED_BIDIRECTIONAL,S3_2025_SHOULDER_LIGHT_LOAD_PUBLIC,S1_OPF_SOLVED_REFERENCE,20,20,0,,decreasing,warm,0,fixed_scenario_q,0.8125,IPOPT,1,restored_nonzero_slack,0,solver_nonconvergence,1,2,57,OPF failed,0,36,5.36767554848439e-06,5.36767554848494e-06,NaN,NaN,NaN,AC balance fields report the maximum P/Q component residual and maximum complex-power mismatch. Full IPOPT dual/complementarity/KKT residuals are not exposed by the installed MATPOWER wrapper.,5764.94131159085,5755.40128229689,0,0,0,0.000575540128229689,0,0.000575540128229689,0,0.000575540128229689,0,0,1,0,0.460428594086603,0.0374999994360741,0,0,0.974749547470536,1.0999972933905,960.962886451736,212.705909652086,302.312417749017,9.70881883808339e-05,0.138424679729034,609.229099278089,,tap and shunt controls not modeled because defensible ranges are absent
S1_REFINED_BIDIRECTIONAL,S3_2025_SHOULDER_LIGHT_LOAD_PUBLIC,S1_OPF_SOLVED_REFERENCE,20,20,0,,decreasing,warm,0,fixed_scenario_q,0.81,IPOPT,1,restored_nonzero_slack,0,solver_nonconvergence,1,2,36,OPF failed,0,40,5.36768478553995e-06,5.3676847855401e-06,NaN,NaN,NaN,AC balance fields report the maximum P/Q component residual and maximum complex-power mismatch. Full IPOPT dual/complementarity/KKT residuals are not exposed by the installed MATPOWER wrapper.,281.035488360646,272.730493737842,0,0,0,2.72730493737842e-05,0,2.72730493737842e-05,0,2.72730493737842e-05,0,0,1,0,0.468009018478582,0.0379999985362753,0,0,0.974059179010326,1.09999567491707,949.926600885737,212.705909652086,302.312434327144,7.56176387377572e-05,0.0915697191376191,517.794256267995,,tap and shunt controls not modeled because defensible ranges are absent
S1_REFINED_BIDIRECTIONAL,S3_2025_SHOULDER_LIGHT_LOAD_PUBLIC,S1_OPF_SOLVED_REFERENCE,20,20,0,,decreasing,warm,0,fixed_scenario_q,0.8075,IPOPT,1,hard_feasible_zero_slack,1,hard_success,0,0,26,,0,26,0.000990082688323568,0.000992493146576301,NaN,NaN,NaN,AC balance fields report the maximum P/Q component residual and maximum complex-power mismatch. Full IPOPT dual/complementarity/KKT residuals are not exposed by the installed MATPOWER wrapper.,5.98876652392255,0,0,0,0,0,0,0,0,0,0,0,0,0,0.483509900241428,0.0385,0,0,0.958374863299309,1.1,834.461249018339,170.635953424683,302.312460775266,0.000544525727232958,0.0532305976655304,434.391691485536,,tap and shunt controls not modeled because defensible ranges are absent
S1_REFINED_BIDIRECTIONAL,S3_2025_SHOULDER_LIGHT_LOAD_PUBLIC,S1_OPF_SOLVED_REFERENCE,20,20,0,,decreasing,warm,0,fixed_scenario_q,0.805,IPOPT,1,hard_feasible_zero_slack,1,hard_success,0,0,44,,0,44,0.00100427227724964,0.0010065877092371,NaN,NaN,NaN,AC balance fields report the maximum P/Q component residual and maximum complex-power mismatch. Full IPOPT dual/complementarity/KKT residuals are not exposed by the installed MATPOWER wrapper.,4.45037397096542,0,0,0,0,0,0,0,0,0,0,0,0,0,0.483985555154982,0.0389999999999999,0,0,0.96147062159488,1.09999999195,741.312705716775,136.863795203109,302.312212493809,0.000382742190109919,0.0465467741771853,436.912172834658,,tap and shunt controls not modeled because defensible ranges are absent
S1_REFINED_BIDIRECTIONAL,S3_2025_SHOULDER_LIGHT_LOAD_PUBLIC,S1_OPF_SOLVED_REFERENCE,20,20,0,,decreasing,warm,0,fixed_scenario_q,0.8025,IPOPT,1,hard_feasible_zero_slack,1,hard_success,0,0,36,,0,36,0.000990637552211737,0.000992953207771074,NaN,NaN,NaN,AC balance fields report the maximum P/Q component residual and maximum complex-power mismatch. Full IPOPT dual/complementarity/KKT residuals are not exposed by the installed MATPOWER wrapper.,3.217554518052,0,0,0,0,0,0,0,0,0,0,0,0,0,0.466144661795491,0.0395000000000001,0,0,0.963871520747001,1.1,651.935541656608,115.633470710149,302.312036168308,0.000665940818053823,0.0408093300635279,443.833878786638,,tap and shunt controls not modeled because defensible ranges are absent
S1_REFINED_BIDIRECTIONAL,S3_2025_SHOULDER_LIGHT_LOAD_PUBLIC,S1_OPF_SOLVED_REFERENCE,20,20,0,,decreasing,warm,0,fixed_scenario_q,0.8,IPOPT,1,hard_feasible_zero_slack,1,hard_success,0,0,30,,0,30,0.000993734250442913,0.000996012957881615,NaN,NaN,NaN,AC balance fields report the maximum P/Q component residual and maximum complex-power mismatch. Full IPOPT dual/complementarity/KKT residuals are not exposed by the installed MATPOWER wrapper.,2.22660533952933,0,0,0,0,0,0,0,0,0,0,0,0,0,0.471992306481548,0.04,0,0,0.966334082156289,1.1,564.533766506273,94.822585056449,302.312041629045,0.00065327605975174,0.0337325172589152,440.58059198963,,tap and shunt controls not modeled because defensible ranges are absent
S1_REFINED_BIDIRECTIONAL,S3_2025_SHOULDER_LIGHT_LOAD_PUBLIC,S1_OPF_SOLVED_REFERENCE,20,20,0,,decreasing,warm,0,no_discretionary_q,0.825,IPOPT,1,restored_nonzero_slack,0,solver_nonconvergence,1,2,49,OPF failed,0,34,5.36762723157835e-06,5.3676272315786e-06,NaN,NaN,NaN,AC balance fields report the maximum P/Q component residual and maximum complex-power mismatch. Full IPOPT dual/complementarity/KKT residuals are not exposed by the installed MATPOWER wrapper.,33177.4537130101,33169.6572835043,0,0,0,0.00331696572835043,0,0.00331696572835043,0,0.00331696572835043,0,0,1,0,0.476274965698768,0.03499998604234,0,0,0.967378347811361,1.09998574846723,928.389961121912,212.705909652086,4.38603759379421e-05,302.312549604366,0.0651832718247079,440.141159242668,,tap and shunt controls not modeled because defensible ranges are absent
S1_REFINED_BIDIRECTIONAL,S3_2025_SHOULDER_LIGHT_LOAD_PUBLIC,S1_OPF_SOLVED_REFERENCE,20,20,0,,decreasing,warm,0,no_discretionary_q,0.8225,IPOPT,1,restored_nonzero_slack,0,solver_nonconvergence,1,2,49,OPF failed,0,50,5.36763646863392e-06,5.36763646863454e-06,NaN,NaN,NaN,AC balance fields report the maximum P/Q component residual and maximum complex-power mismatch. Full IPOPT dual/complementarity/KKT residuals are not exposed by the installed MATPOWER wrapper.,27694.3784994209,27686.6860247583,0,0,0,0.00276866860247583,0,0.00276866860247583,0,0.00276866860247583,0,0,1,0,0.425433300984578,0.0354999696391876,0,0,0.965485440484472,1.099978338352,918.816275542485,212.705909652086,2.32236330356632e-05,302.312530346611,0.0727006213480825,452.013978169992,,tap and shunt controls not modeled because defensible ranges are absent
S1_REFINED_BIDIRECTIONAL,S3_2025_SHOULDER_LIGHT_LOAD_PUBLIC,S1_OPF_SOLVED_REFERENCE,20,20,0,,decreasing,warm,0,no_discretionary_q,0.82,IPOPT,1,restored_nonzero_slack,0,solver_nonconvergence,1,2,49,OPF failed,0,51,5.36764588332517e-06,5.36764588332557e-06,NaN,NaN,NaN,AC balance fields report the maximum P/Q component residual and maximum complex-power mismatch. Full IPOPT dual/complementarity/KKT residuals are not exposed by the installed MATPOWER wrapper.,22211.416115796,22203.774730565,0,0,0,0.0022203774730565,0,0.0022203774730565,0,0.0022203774730565,0,0,1,0,0.414978776628509,0.0359999399744602,0,0,0.963616163840726,1.09997430134764,918.093531541515,212.705909652086,1.42663409716309e-05,302.312521528671,0.0774110692276966,464.498120005176,,tap and shunt controls not modeled because defensible ranges are absent
S1_REFINED_BIDIRECTIONAL,S3_2025_SHOULDER_LIGHT_LOAD_PUBLIC,S1_OPF_SOLVED_REFERENCE,20,20,0,,decreasing,warm,0,no_discretionary_q,0.8175,IPOPT,1,restored_nonzero_slack,0,solver_nonconvergence,1,2,43,OPF failed,0,61,5.3676554756521e-06,5.36765547565219e-06,NaN,NaN,NaN,AC balance fields report the maximum P/Q component residual and maximum complex-power mismatch. Full IPOPT dual/complementarity/KKT residuals are not exposed by the installed MATPOWER wrapper.,16728.5457090444,16720.923465583,0,0,0,0.0016720923465583,0,0.0016720923465583,0,0.0016720923465583,0,0,1,0,0.455797438218208,0.0364980189042803,0,0,0.961777544465445,1.09999377104242,917.504359602988,212.705909652086,3.60928640431213e-06,302.312510830193,0.0823197746772426,475.269555976878,,tap and shunt controls not modeled because defensible ranges are absent
S1_REFINED_BIDIRECTIONAL,S3_2025_SHOULDER_LIGHT_LOAD_PUBLIC,S1_OPF_SOLVED_REFERENCE,20,20,0,,decreasing,warm,0,no_discretionary_q,0.815,IPOPT,1,restored_nonzero_slack,0,solver_nonconvergence,1,2,41,OPF failed,0,49,5.36766471270766e-06,5.36766471271512e-06,NaN,NaN,NaN,AC balance fields report the maximum P/Q component residual and maximum complex-power mismatch. Full IPOPT dual/complementarity/KKT residuals are not exposed by the installed MATPOWER wrapper.,11245.748872126,11238.132294548,0,0,0,0.0011238132294548,0,0.0011238132294548,0,0.0011238132294548,0,0,1,0,0.460566877615932,0.0369961710756745,0,0,0.959606272497313,1.09999420028273,915.872368857433,212.705909652086,2.30865912549336e-06,302.312509764298,0.0824466824280597,475.486993282509,,tap and shunt controls not modeled because defensible ranges are absent
S1_REFINED_BIDIRECTIONAL,S3_2025_SHOULDER_LIGHT_LOAD_PUBLIC,S1_OPF_SOLVED_REFERENCE,20,20,0,,decreasing,warm,0,no_discretionary_q,0.8125,IPOPT,1,restored_nonzero_slack,0,solver_nonconvergence,1,2,49,OPF failed,0,51,5.36767377212755e-06,5.36767377212758e-06,NaN,NaN,NaN,AC balance fields report the maximum P/Q component residual and maximum complex-power mismatch. Full IPOPT dual/complementarity/KKT residuals are not exposed by the installed MATPOWER wrapper.,5763.01341141633,5755.40128229275,0,0,0,0.000575540128229275,0,0.000575540128229275,0,0.000575540128229275,0,0,1,0,0.446489996510237,0.03749611399405,0,0,0.957418739944554,1.09999386732703,914.579529630629,212.705909652086,2.99282322141701e-06,302.312510189477,0.0827811574156029,476.731818406391,,tap and shunt controls not modeled because defensible ranges are absent
S1_REFINED_BIDIRECTIONAL,S3_2025_SHOULDER_LIGHT_LOAD_PUBLIC,S1_OPF_SOLVED_REFERENCE,20,20,0,,decreasing,warm,0,no_discretionary_q,0.81,IPOPT,1,restored_nonzero_slack,0,solver_nonconvergence,1,2,46,OPF failed,0,47,5.3676842526329e-06,5.36768425263291e-06,NaN,NaN,NaN,AC balance fields report the maximum P/Q component residual and maximum complex-power mismatch. Full IPOPT dual/complementarity/KKT residuals are not exposed by the installed MATPOWER wrapper.,280.338151334311,272.730493735629,0,0,0,2.72730493735629e-05,0,2.72730493735629e-05,0,2.72730493735629e-05,0,0,1,0,0.451808829223567,0.0379960985944752,0,0,0.955235313658339,1.09999384588449,913.271137357321,212.705909652086,3.01043075972988e-06,302.312510193067,0.0827316225376551,476.571671309715,,tap and shunt controls not modeled because defensible ranges are absent
S1_REFINED_BIDIRECTIONAL,S3_2025_SHOULDER_LIGHT_LOAD_PUBLIC,S1_OPF_SOLVED_REFERENCE,20,20,0,,decreasing,warm,0,no_discretionary_q,0.8075,IPOPT,1,hard_feasible_zero_slack,1,hard_success,0,0,33,,0,33,0.00100279496528799,0.0010051436217178,NaN,NaN,NaN,AC balance fields report the maximum P/Q component residual and maximum complex-power mismatch. Full IPOPT dual/complementarity/KKT residuals are not exposed by the installed MATPOWER wrapper.,5.84252900862487,0,0,0,0,0,0,0,0,0,0,0,0,0,0.454053263026465,0.0385,0,0,0.959113463033357,1.1,824.594780908677,170.635954022803,0.000286778510720193,302.312696060592,0.0682455581660596,467.200341904528,,tap and shunt controls not modeled because defensible ranges are absent
S1_REFINED_BIDIRECTIONAL,S3_2025_SHOULDER_LIGHT_LOAD_PUBLIC,S1_OPF_SOLVED_REFERENCE,20,20,0,,decreasing,warm,0,no_discretionary_q,0.805,IPOPT,1,hard_feasible_zero_slack,1,hard_success,0,0,44,,0,44,0.00100306301695774,0.00100537922743275,NaN,NaN,NaN,AC balance fields report the maximum P/Q component residual and maximum complex-power mismatch. Full IPOPT dual/complementarity/KKT residuals are not exposed by the installed MATPOWER wrapper.,4.39064034133492,0,0,0,0,0,0,0,0,0,0,0,0,0,0.459945666473079,0.0389999999999999,0,0,0.961737655974629,1.1,733.337382967357,136.863795110835,0.000300161766376051,302.312710304465,0.0553537812305954,458.471043644087,,tap and shunt controls not modeled because defensible ranges are absent
S1_REFINED_BIDIRECTIONAL,S3_2025_SHOULDER_LIGHT_LOAD_PUBLIC,S1_OPF_SOLVED_REFERENCE,20,20,0,,decreasing,warm,0,no_discretionary_q,0.8025,IPOPT,1,hard_feasible_zero_slack,1,hard_success,0,0,32,,0,32,0.00100736801709189,0.00100964416071266,NaN,NaN,NaN,AC balance fields report the maximum P/Q component residual and maximum complex-power mismatch. Full IPOPT dual/complementarity/KKT residuals are not exposed by the installed MATPOWER wrapper.,3.19347768873502,0,0,0,0,0,0,0,0,0,0,0,0,0,0.466172517247868,0.0395000000000001,0,0,0.964232239888712,1.09968026727064,643.987276487195,115.633470968955,0.000283890811956322,302.312718135336,0.0445113258159408,450.162589701978,,tap and shunt controls not modeled because defensible ranges are absent
S1_REFINED_BIDIRECTIONAL,S3_2025_SHOULDER_LIGHT_LOAD_PUBLIC,S1_OPF_SOLVED_REFERENCE,20,20,0,,decreasing,warm,0,no_discretionary_q,0.8,IPOPT,1,hard_feasible_zero_slack,1,hard_success,0,0,32,,0,32,0.000988827455961072,0.000991117222816111,NaN,NaN,NaN,AC balance fields report the maximum P/Q component residual and maximum complex-power mismatch. Full IPOPT dual/complementarity/KKT residuals are not exposed by the installed MATPOWER wrapper.,2.20809503920452,0,0,0,0,0,0,0,0,0,0,0,0,0,0.472736415768537,0.04,0,0,0.965795304962121,1.09907402891202,556.315162480976,94.8225850192752,0.000666192664015588,302.312949071136,0.0352883701167387,441.482099536129,,tap and shunt controls not modeled because defensible ranges are absent
S1_REFINED_BIDIRECTIONAL,S3_2025_SHOULDER_LIGHT_LOAD_PUBLIC,S1_OPF_SOLVED_REFERENCE,20,20,0,,decreasing,cold,0,present_limited_q,0.825,IPOPT,1,restored_nonzero_slack,0,solver_nonconvergence,1,2,42,OPF failed,0,43,5.36762616576425e-06,5.3676261657644e-06,NaN,NaN,NaN,AC balance fields report the maximum P/Q component residual and maximum complex-power mismatch. Full IPOPT dual/complementarity/KKT residuals are not exposed by the installed MATPOWER wrapper.,33177.083648555,33169.6572835058,0,0,0,0.00331696572835058,0,0.00331696572835058,0,0.00331696572835058,0,0,1,0,0.337945515906778,0.0349963236199107,0,0,0.900000969082427,1.09999912150211,856.71327106252,212.705909652086,2254.94659669155,2481.2788931902,0.0775082544549878,466.785541069582,,tap and shunt controls not modeled because defensible ranges are absent
S1_REFINED_BIDIRECTIONAL,S3_2025_SHOULDER_LIGHT_LOAD_PUBLIC,S1_OPF_SOLVED_REFERENCE,20,20,0,,decreasing,cold,0,present_limited_q,0.8225,IPOPT,1,restored_nonzero_slack,0,solver_nonconvergence,1,2,32,OPF failed,0,56,5.36763593572687e-06,5.36763593572715e-06,NaN,NaN,NaN,AC balance fields report the maximum P/Q component residual and maximum complex-power mismatch. Full IPOPT dual/complementarity/KKT residuals are not exposed by the installed MATPOWER wrapper.,27694.1106645287,27686.6860247582,0,0,0,0.00276866860247582,0,0.00276866860247582,0,0.00276866860247582,0,0,1,0,0.34415004229234,0.0354963388241523,0,0,0.90000098028641,1.09999912826022,856.147851729709,212.705909652086,2245.74646709825,2468.5771423649,0.0774388470783837,466.780679960619,,tap and shunt controls not modeled because defensible ranges are absent
S1_REFINED_BIDIRECTIONAL,S3_2025_SHOULDER_LIGHT_LOAD_PUBLIC,S1_OPF_SOLVED_REFERENCE,20,20,0,,decreasing,cold,0,present_limited_q,0.82,IPOPT,1,restored_nonzero_slack,0,solver_nonconvergence,1,2,37,OPF failed,0,57,5.3676465938679e-06,5.36764659386791e-06,NaN,NaN,NaN,AC balance fields report the maximum P/Q component residual and maximum complex-power mismatch. Full IPOPT dual/complementarity/KKT residuals are not exposed by the installed MATPOWER wrapper.,22211.1976052967,22203.7747305645,0,0,0,0.00222037747305645,0,0.00222037747305645,0,0.00222037747305645,0,0,1,0,0.350354128139928,0.0359963547213253,0,0,0.900000991739371,1.0999991348729,855.568747377274,212.705909652086,2236.62940826202,2455.96226671432,0.0773679395919715,466.77366904922,,tap and shunt controls not modeled because defensible ranges are absent
S1_REFINED_BIDIRECTIONAL,S3_2025_SHOULDER_LIGHT_LOAD_PUBLIC,S1_OPF_SOLVED_REFERENCE,20,20,0,,decreasing,cold,0,present_limited_q,0.8175,IPOPT,1,restored_nonzero_slack,0,solver_nonconvergence,1,2,34,OPF failed,0,56,5.36765476510936e-06,5.3676547651097e-06,NaN,NaN,NaN,AC balance fields report the maximum P/Q component residual and maximum complex-power mismatch. Full IPOPT dual/complementarity/KKT residuals are not exposed by the installed MATPOWER wrapper.,16728.3445353323,16720.9234655825,0,0,0,0.00167209234655825,0,0.00167209234655825,0,0.00167209234655825,0,0,1,0,0.356557798521718,0.0364963707780037,0,0,0.900001003450865,1.09999914134347,854.975848486984,212.705909652086,2227.59397451598,2443.43282830276,0.0772955593771667,466.764533488167,,tap and shunt controls not modeled because defensible ranges are absent
S1_REFINED_BIDIRECTIONAL,S3_2025_SHOULDER_LIGHT_LOAD_PUBLIC,S1_OPF_SOLVED_REFERENCE,20,20,0,,decreasing,cold,0,present_limited_q,0.815,IPOPT,1,restored_nonzero_slack,0,solver_nonconvergence,1,2,40,OPF failed,0,56,5.36766417980061e-06,5.3676641798008e-06,NaN,NaN,NaN,AC balance fields report the maximum P/Q component residual and maximum complex-power mismatch. Full IPOPT dual/complementarity/KKT residuals are not exposed by the installed MATPOWER wrapper.,11245.5519728903,11238.1322945506,0,0,0,0.00112381322945506,0,0.00112381322945506,0,0.00112381322945506,0,0,1,0,0.409721081526125,0.0369962347017359,0,0,0.900001013876608,1.09999914798582,854.514918104821,212.705909652086,2178.96414036582,2391.59138182736,0.0773365843622629,467.921817382245,,tap and shunt controls not modeled because defensible ranges are absent
S1_REFINED_BIDIRECTIONAL,S3_2025_SHOULDER_LIGHT_LOAD_PUBLIC,S1_OPF_SOLVED_REFERENCE,20,20,0,,decreasing,cold,0,present_limited_q,0.8125,IPOPT,1,restored_nonzero_slack,0,solver_nonconvergence,1,2,42,OPF failed,0,57,5.3676743050346e-06,5.36767430503792e-06,NaN,NaN,NaN,AC balance fields report the maximum P/Q component residual and maximum complex-power mismatch. Full IPOPT dual/complementarity/KKT residuals are not exposed by the installed MATPOWER wrapper.,5762.81864356396,5755.4012822946,0,0,0,0.00057554012822946,0,0.00057554012822946,0,0.00057554012822946,0,0,1,0,0.332129833611706,0.0374963996260531,0,0,0.900001027847388,1.09999915376277,853.76002298254,212.705909652086,2350.88132570049,2581.53764700193,0.0770338463109337,466.632155638023,,tap and shunt controls not modeled because defensible ranges are absent
S1_REFINED_BIDIRECTIONAL,S3_2025_SHOULDER_LIGHT_LOAD_PUBLIC,S1_OPF_SOLVED_REFERENCE,20,20,0,,decreasing,cold,0,present_limited_q,0.81,IPOPT,1,restored_nonzero_slack,0,solver_nonconvergence,1,2,44,OPF failed,0,53,5.36768336445448e-06,5.36768336445516e-06,NaN,NaN,NaN,AC balance fields report the maximum P/Q component residual and maximum complex-power mismatch. Full IPOPT dual/complementarity/KKT residuals are not exposed by the installed MATPOWER wrapper.,280.145911247108,272.7304937382,0,0,0,2.727304937382e-05,0,2.727304937382e-05,0,2.727304937382e-05,0,0,1,0,0.375166389291833,0.0379964183036237,0,0,0.900001040232135,1.09999915993672,853.114641953815,212.705909652086,2200.97466847181,2406.35426051209,0.0770696425600435,466.724413734361,,tap and shunt controls not modeled because defensible ranges are absent
S1_REFINED_BIDIRECTIONAL,S3_2025_SHOULDER_LIGHT_LOAD_PUBLIC,S1_OPF_SOLVED_REFERENCE,20,20,0,,decreasing,cold,0,present_limited_q,0.8075,IPOPT,1,hard_feasible_zero_slack,1,hard_success,0,0,38,,0,38,0.000993306204044586,0.00099567423003065,NaN,NaN,NaN,AC balance fields report the maximum P/Q component residual and maximum complex-power mismatch. Full IPOPT dual/complementarity/KKT residuals are not exposed by the installed MATPOWER wrapper.,5.66428834371584,0,0,0,0,0,0,0,0,0,0,0,0,0,0.380881024633874,0.0385,0,0,0.9,1.1,763.046221299393,170.635953353397,2223.62487372821,2424.64482910309,0.0636101205811948,458.302359319817,,tap and shunt controls not modeled because defensible ranges are absent
S1_REFINED_BIDIRECTIONAL,S3_2025_SHOULDER_LIGHT_LOAD_PUBLIC,S1_OPF_SOLVED_REFERENCE,20,20,0,,decreasing,cold,0,present_limited_q,0.805,IPOPT,1,hard_feasible_zero_slack,1,hard_success,0,0,35,,0,35,0.000984973391426891,0.000987329683227893,NaN,NaN,NaN,AC balance fields report the maximum P/Q component residual and maximum complex-power mismatch. Full IPOPT dual/complementarity/KKT residuals are not exposed by the installed MATPOWER wrapper.,4.22718445844293,0,0,0,0,0,0,0,0,0,0,0,0,0,0.386537138077629,0.0389999999999999,0,0,0.9,1.1,670.339415248669,136.863794490216,2247.09519098111,2444.59415009034,0.051483238143323,449.73096543154,,tap and shunt controls not modeled because defensible ranges are absent
S1_REFINED_BIDIRECTIONAL,S3_2025_SHOULDER_LIGHT_LOAD_PUBLIC,S1_OPF_SOLVED_REFERENCE,20,20,0,,decreasing,cold,0,present_limited_q,0.8025,IPOPT,1,hard_feasible_zero_slack,1,hard_success,0,0,32,,0,32,0.000985264569353106,0.000987589594733456,NaN,NaN,NaN,AC balance fields report the maximum P/Q component residual and maximum complex-power mismatch. Full IPOPT dual/complementarity/KKT residuals are not exposed by the installed MATPOWER wrapper.,3.04481042978909,0,0,0,0,0,0,0,0,0,0,0,0,0,0.392189654392939,0.0395000000000001,0,0,0.9,1.1,579.413696869595,115.633470658413,2270.39642415683,2464.39945065418,0.0409871519497189,440.708670995516,,tap and shunt controls not modeled because defensible ranges are absent
S1_REFINED_BIDIRECTIONAL,S3_2025_SHOULDER_LIGHT_LOAD_PUBLIC,S1_OPF_SOLVED_REFERENCE,20,20,0,,decreasing,cold,0,present_limited_q,0.8,IPOPT,1,hard_feasible_zero_slack,1,hard_success,0,0,27,,0,27,0.000985573603307088,0.00098786813455894,NaN,NaN,NaN,AC balance fields report the maximum P/Q component residual and maximum complex-power mismatch. Full IPOPT dual/complementarity/KKT residuals are not exposed by the installed MATPOWER wrapper.,2.07452668246731,0,0,0,0,0,0,0,0,0,0,0,0,0,0.39786136950598,0.04,0,0,0.9,1.1,490.203067339611,94.8225849944711,2293.66184449467,2484.23028292976,0.0322169497873346,431.88426773659,,tap and shunt controls not modeled because defensible ranges are absent
S1_REFINED_BIDIRECTIONAL,S3_2025_SHOULDER_LIGHT_LOAD_PUBLIC,S1_OPF_SOLVED_REFERENCE,20,20,0,,decreasing,cold,0,fixed_scenario_q,0.825,IPOPT,1,restored_nonzero_slack,0,solver_nonconvergence,1,2,41,OPF failed,0,41,5.36762847502814e-06,5.36762847502832e-06,NaN,NaN,NaN,AC balance fields report the maximum P/Q component residual and maximum complex-power mismatch. Full IPOPT dual/complementarity/KKT residuals are not exposed by the installed MATPOWER wrapper.,33191.3799040035,33169.6572835058,0,0,0,0.00331696572835058,0,0.00331696572835058,0,0.00331696572835058,0,0,1,0,0.435434451449274,0.0350000000397741,0,0,0.978469995138024,1.09999918454148,1198.68646721995,240.877716938691,302.312423016306,0.00010726754525292,0.477131828965479,974.513579066984,,tap and shunt controls not modeled because defensible ranges are absent
S1_REFINED_BIDIRECTIONAL,S3_2025_SHOULDER_LIGHT_LOAD_PUBLIC,S1_OPF_SOLVED_REFERENCE,20,20,0,,decreasing,cold,0,fixed_scenario_q,0.8225,IPOPT,1,restored_nonzero_slack,0,solver_nonconvergence,1,2,52,OPF failed,0,48,5.36763629099823e-06,5.36763629099826e-06,NaN,NaN,NaN,AC balance fields report the maximum P/Q component residual and maximum complex-power mismatch. Full IPOPT dual/complementarity/KKT residuals are not exposed by the installed MATPOWER wrapper.,27705.4812568428,27686.6860247581,0,0,0,0.00276866860247582,0,0.00276866860247582,0,0.00276866860247582,0,0,1,0,0.442985347516725,0.0354999999998911,0,0,0.978822199404675,1.09999921451067,1086.45257725701,217.059288383301,302.312423759741,0.000107480781252001,0.401769814609837,910.982967636402,,tap and shunt controls not modeled because defensible ranges are absent
S1_REFINED_BIDIRECTIONAL,S3_2025_SHOULDER_LIGHT_LOAD_PUBLIC,S1_OPF_SOLVED_REFERENCE,20,20,0,,decreasing,cold,0,fixed_scenario_q,0.82,IPOPT,1,restored_nonzero_slack,0,solver_nonconvergence,1,2,50,OPF failed,0,55,5.36764606096085e-06,5.36764606096151e-06,NaN,NaN,NaN,AC balance fields report the maximum P/Q component residual and maximum complex-power mismatch. Full IPOPT dual/complementarity/KKT residuals are not exposed by the installed MATPOWER wrapper.,22219.8282092749,22203.774730565,0,0,0,0.0022203774730565,0,0.0022203774730565,0,0.0022203774730565,0,0,1,0,0.448373246020782,0.0359999999447373,0,0,0.975182172776101,1.09999928327079,998.411098122873,212.705909652086,302.312423424876,0.00010640848005572,0.329262720042124,843.654174991617,,tap and shunt controls not modeled because defensible ranges are absent
S1_REFINED_BIDIRECTIONAL,S3_2025_SHOULDER_LIGHT_LOAD_PUBLIC,S1_OPF_SOLVED_REFERENCE,20,20,0,,decreasing,cold,0,fixed_scenario_q,0.8175,IPOPT,1,restored_nonzero_slack,0,solver_nonconvergence,1,2,40,OPF failed,0,48,5.36765565328778e-06,5.36765565328821e-06,NaN,NaN,NaN,AC balance fields report the maximum P/Q component residual and maximum complex-power mismatch. Full IPOPT dual/complementarity/KKT residuals are not exposed by the installed MATPOWER wrapper.,16734.4672462733,16720.923465581,0,0,0,0.0016720923465581,0,0.0016720923465581,0,0.0016720923465581,0,0,1,0,0.445644323356103,0.0364999998604316,0,0,0.979439345239508,1.09999870617269,986.046914026734,212.705909652086,302.312423482577,0.000105658268715114,0.260122671049189,771.519122176186,,tap and shunt controls not modeled because defensible ranges are absent
S1_REFINED_BIDIRECTIONAL,S3_2025_SHOULDER_LIGHT_LOAD_PUBLIC,S1_OPF_SOLVED_REFERENCE,20,20,0,,decreasing,cold,0,fixed_scenario_q,0.815,IPOPT,1,restored_nonzero_slack,0,solver_nonconvergence,1,2,41,OPF failed,0,47,5.36766506797903e-06,5.36766506798008e-06,NaN,NaN,NaN,AC balance fields report the maximum P/Q component residual and maximum complex-power mismatch. Full IPOPT dual/complementarity/KKT residuals are not exposed by the installed MATPOWER wrapper.,11249.4715838259,11238.1322945493,0,0,0,0.00112381322945493,0,0.00112381322945493,0,0.00112381322945493,0,0,1,0,0.453300750253507,0.0369999997231774,0,0,0.975421793273087,1.0999965759811,971.14467649737,212.705909652086,302.312420183421,0.000101082575032496,0.194918047589384,693.952394884492,,tap and shunt controls not modeled because defensible ranges are absent
S1_REFINED_BIDIRECTIONAL,S3_2025_SHOULDER_LIGHT_LOAD_PUBLIC,S1_OPF_SOLVED_REFERENCE,20,20,0,,decreasing,cold,0,fixed_scenario_q,0.8125,IPOPT,1,restored_nonzero_slack,0,solver_nonconvergence,1,2,37,OPF failed,0,44,5.36767448267028e-06,5.36767448267061e-06,NaN,NaN,NaN,AC balance fields report the maximum P/Q component residual and maximum complex-power mismatch. Full IPOPT dual/complementarity/KKT residuals are not exposed by the installed MATPOWER wrapper.,5764.94131133531,5755.40128229458,0,0,0,0.000575540128229458,0,0.000575540128229458,0,0.000575540128229458,0,0,1,0,0.460428631594968,0.0374999994360965,0,0,0.974749549713255,1.09999729244907,960.96266424085,212.705909652086,302.31242104291,9.79061537185189e-05,0.138424450718347,609.228965981964,,tap and shunt controls not modeled because defensible ranges are absent
S1_REFINED_BIDIRECTIONAL,S3_2025_SHOULDER_LIGHT_LOAD_PUBLIC,S1_OPF_SOLVED_REFERENCE,20,20,0,,decreasing,cold,0,fixed_scenario_q,0.81,IPOPT,1,restored_nonzero_slack,0,solver_nonconvergence,1,2,40,OPF failed,0,49,5.36768336445448e-06,5.36768336445486e-06,NaN,NaN,NaN,AC balance fields report the maximum P/Q component residual and maximum complex-power mismatch. Full IPOPT dual/complementarity/KKT residuals are not exposed by the installed MATPOWER wrapper.,281.035488626409,272.730493735991,0,0,0,2.72730493735991e-05,0,2.72730493735991e-05,0,2.72730493735991e-05,0,0,1,0,0.46800898666914,0.0379999985362749,0,0,0.974059178850607,1.0999956743952,949.926661728212,212.705909652086,302.3124354385,7.44542096104972e-05,0.0915697242300557,517.794266991333,,tap and shunt controls not modeled because defensible ranges are absent
S1_REFINED_BIDIRECTIONAL,S3_2025_SHOULDER_LIGHT_LOAD_PUBLIC,S1_OPF_SOLVED_REFERENCE,20,20,0,,decreasing,cold,0,fixed_scenario_q,0.8075,IPOPT,1,hard_feasible_zero_slack,1,hard_success,0,0,30,,0,30,0.00100343952236237,0.00100578987138453,NaN,NaN,NaN,AC balance fields report the maximum P/Q component residual and maximum complex-power mismatch. Full IPOPT dual/complementarity/KKT residuals are not exposed by the installed MATPOWER wrapper.,5.98876665608725,0,0,0,0,0,0,0,0,0,0,0,0,0,0.483511125890721,0.0385,0,0,0.958374878960366,1.09999997238495,834.461262971199,170.63595407711,302.312343919455,0.000331185888798657,0.0532306178227488,434.391753207113,,tap and shunt controls not modeled because defensible ranges are absent
S1_REFINED_BIDIRECTIONAL,S3_2025_SHOULDER_LIGHT_LOAD_PUBLIC,S1_OPF_SOLVED_REFERENCE,20,20,0,,decreasing,cold,0,fixed_scenario_q,0.805,IPOPT,1,hard_feasible_zero_slack,1,hard_success,0,0,35,,0,35,0.000990162920144755,0.000992512177819841,NaN,NaN,NaN,AC balance fields report the maximum P/Q component residual and maximum complex-power mismatch. Full IPOPT dual/complementarity/KKT residuals are not exposed by the installed MATPOWER wrapper.,4.45037386864306,0,0,0,0,0,0,0,0,0,0,0,0,0,0.483985599480259,0.0389999999999999,0,0,0.961470610182498,1.1,741.312682304434,136.863794620186,302.31215665445,0.000550110959793848,0.0465467774984515,436.912173707811,,tap and shunt controls not modeled because defensible ranges are absent
S1_REFINED_BIDIRECTIONAL,S3_2025_SHOULDER_LIGHT_LOAD_PUBLIC,S1_OPF_SOLVED_REFERENCE,20,20,0,,decreasing,cold,0,fixed_scenario_q,0.8025,IPOPT,1,hard_feasible_zero_slack,1,hard_success,0,0,25,,0,25,0.00101710139008837,0.00101935585229342,NaN,NaN,NaN,AC balance fields report the maximum P/Q component residual and maximum complex-power mismatch. Full IPOPT dual/complementarity/KKT residuals are not exposed by the installed MATPOWER wrapper.,3.21755469298523,0,0,0,0,0,0,0,0,0,0,0,0,0,0.466144429614902,0.0395000000000001,0,0,0.963871542997495,1.099999991975,651.935594981596,115.633471150242,302.312252883102,0.000306323197052816,0.0408093232274769,443.833846884061,,tap and shunt controls not modeled because defensible ranges are absent
S1_REFINED_BIDIRECTIONAL,S3_2025_SHOULDER_LIGHT_LOAD_PUBLIC,S1_OPF_SOLVED_REFERENCE,20,20,0,,decreasing,cold,0,fixed_scenario_q,0.8,IPOPT,1,hard_feasible_zero_slack,1,hard_success,0,0,32,,0,32,0.00098858822701331,0.000990878843016332,NaN,NaN,NaN,AC balance fields report the maximum P/Q component residual and maximum complex-power mismatch. Full IPOPT dual/complementarity/KKT residuals are not exposed by the installed MATPOWER wrapper.,2.22660532241673,0,0,0,0,0,0,0,0,0,0,0,0,0,0.471992331569031,0.04,0,0,0.966334080080981,1.1,564.53375939647,94.8225850180235,302.311951921376,0.000751630695941863,0.0337325178810782,440.580593414115,,tap and shunt controls not modeled because defensible ranges are absent
S1_REFINED_BIDIRECTIONAL,S3_2025_SHOULDER_LIGHT_LOAD_PUBLIC,S1_OPF_SOLVED_REFERENCE,20,20,0,,decreasing,cold,0,no_discretionary_q,0.825,IPOPT,1,restored_nonzero_slack,0,solver_nonconvergence,1,2,49,OPF failed,0,34,5.36762723157835e-06,5.3676272315786e-06,NaN,NaN,NaN,AC balance fields report the maximum P/Q component residual and maximum complex-power mismatch. Full IPOPT dual/complementarity/KKT residuals are not exposed by the installed MATPOWER wrapper.,33177.4537130101,33169.6572835043,0,0,0,0.00331696572835043,0,0.00331696572835043,0,0.00331696572835043,0,0,1,0,0.476274965698768,0.03499998604234,0,0,0.967378347811361,1.09998574846723,928.389961121912,212.705909652086,4.38603759379421e-05,302.312549604366,0.0651832718247079,440.141159242668,,tap and shunt controls not modeled because defensible ranges are absent
S1_REFINED_BIDIRECTIONAL,S3_2025_SHOULDER_LIGHT_LOAD_PUBLIC,S1_OPF_SOLVED_REFERENCE,20,20,0,,decreasing,cold,0,no_discretionary_q,0.8225,IPOPT,1,restored_nonzero_slack,0,solver_nonconvergence,1,2,41,OPF failed,0,49,5.36763700154097e-06,5.36763700154556e-06,NaN,NaN,NaN,AC balance fields report the maximum P/Q component residual and maximum complex-power mismatch. Full IPOPT dual/complementarity/KKT residuals are not exposed by the installed MATPOWER wrapper.,27694.3784994339,27686.6860247589,0,0,0,0.00276866860247589,0,0.00276866860247589,0,0.00276866860247589,0,0,1,0,0.425433304124303,0.0354999696391876,0,0,0.965485440492513,1.09997833835192,918.81627898139,212.705909652086,2.32990618983354e-05,302.312530422037,0.0727006212392718,452.013978288396,,tap and shunt controls not modeled because defensible ranges are absent
S1_REFINED_BIDIRECTIONAL,S3_2025_SHOULDER_LIGHT_LOAD_PUBLIC,S1_OPF_SOLVED_REFERENCE,20,20,0,,decreasing,cold,0,no_discretionary_q,0.82,IPOPT,1,restored_nonzero_slack,0,solver_nonconvergence,1,2,35,OPF failed,0,51,5.36764641623222e-06,5.3676464162382e-06,NaN,NaN,NaN,AC balance fields report the maximum P/Q component residual and maximum complex-power mismatch. Full IPOPT dual/complementarity/KKT residuals are not exposed by the installed MATPOWER wrapper.,22211.4161147227,22203.7747305634,0,0,0,0.00222037747305634,0,0.00222037747305634,0,0.00222037747305634,0,0,1,0,0.414979338704012,0.0359999399743816,0,0,0.963616163707957,1.0999743012588,918.093231833856,212.705909652086,1.42983523916739e-05,302.312521560676,0.0774110764827231,464.498118015585,,tap and shunt controls not modeled because defensible ranges are absent
S1_REFINED_BIDIRECTIONAL,S3_2025_SHOULDER_LIGHT_LOAD_PUBLIC,S1_OPF_SOLVED_REFERENCE,20,20,0,,decreasing,cold,0,no_discretionary_q,0.8175,IPOPT,1,restored_nonzero_slack,0,solver_nonconvergence,1,2,38,OPF failed,0,47,5.36765458747368e-06,5.36765458747391e-06,NaN,NaN,NaN,AC balance fields report the maximum P/Q component residual and maximum complex-power mismatch. Full IPOPT dual/complementarity/KKT residuals are not exposed by the installed MATPOWER wrapper.,16728.5457086182,16720.92346558,0,0,0,0.001672092346558,0,0.001672092346558,0,0.001672092346558,0,0,1,0,0.455798770158541,0.0364980189066146,0,0,0.96177754436527,1.09999377101046,917.504236833654,212.705909652086,3.60940275988506e-06,302.312510830298,0.0823197787959831,475.269555336186,,tap and shunt controls not modeled because defensible ranges are absent
S1_REFINED_BIDIRECTIONAL,S3_2025_SHOULDER_LIGHT_LOAD_PUBLIC,S1_OPF_SOLVED_REFERENCE,20,20,0,,decreasing,cold,0,no_discretionary_q,0.815,IPOPT,1,restored_nonzero_slack,0,solver_nonconvergence,1,2,35,OPF failed,0,54,5.36766506797903e-06,5.3676650679799e-06,NaN,NaN,NaN,AC balance fields report the maximum P/Q component residual and maximum complex-power mismatch. Full IPOPT dual/complementarity/KKT residuals are not exposed by the installed MATPOWER wrapper.,11245.7488721041,11238.1322945496,0,0,0,0.00112381322945496,0,0.00112381322945496,0,0.00112381322945496,0,0,1,0,0.460564840029101,0.0369961605767708,0,0,0.959606264509759,1.09999420679492,915.872381103498,212.705909652086,2.97321185030535e-06,302.312510182623,0.0824468386250597,475.487361743838,,tap and shunt controls not modeled because defensible ranges are absent
S1_REFINED_BIDIRECTIONAL,S3_2025_SHOULDER_LIGHT_LOAD_PUBLIC,S1_OPF_SOLVED_REFERENCE,20,20,0,,decreasing,cold,0,no_discretionary_q,0.8125,IPOPT,1,restored_nonzero_slack,0,solver_nonconvergence,1,2,55,OPF failed,0,54,5.36767377212755e-06,5.36767377212835e-06,NaN,NaN,NaN,AC balance fields report the maximum P/Q component residual and maximum complex-power mismatch. Full IPOPT dual/complementarity/KKT residuals are not exposed by the installed MATPOWER wrapper.,5763.01351077818,5755.40128229527,0,0,0,0.000575540128229527,0,0.000575540128229527,0,0.000575540128229527,0,0,1,0,0.466329576489183,0.0374960363612127,0,0,0.95742138269461,1.09972895653081,914.60980383666,212.705909652086,3.26059768657953e-06,302.312510470778,0.0824067435272132,475.34866060462,,tap and shunt controls not modeled because defensible ranges are absent
S1_REFINED_BIDIRECTIONAL,S3_2025_SHOULDER_LIGHT_LOAD_PUBLIC,S1_OPF_SOLVED_REFERENCE,20,20,0,,decreasing,cold,0,no_discretionary_q,0.81,IPOPT,1,restored_nonzero_slack,0,solver_nonconvergence,1,2,46,OPF failed,0,51,5.36768443026858e-06,5.36768443026904e-06,NaN,NaN,NaN,AC balance fields report the maximum P/Q component residual and maximum complex-power mismatch. Full IPOPT dual/complementarity/KKT residuals are not exposed by the installed MATPOWER wrapper.,280.338404685316,272.730493734978,0,0,0,2.72730493734978e-05,0,2.72730493734978e-05,0,2.72730493734978e-05,0,0,1,0,0.472409872329471,0.0379960235797268,0,0,0.955238897957121,1.09903399992879,913.346283925861,212.705909652086,3.2762218634427e-06,302.312510471892,0.0823413148783337,475.111210257879,,tap and shunt controls not modeled because defensible ranges are absent
S1_REFINED_BIDIRECTIONAL,S3_2025_SHOULDER_LIGHT_LOAD_PUBLIC,S1_OPF_SOLVED_REFERENCE,20,20,0,,decreasing,cold,0,no_discretionary_q,0.8075,IPOPT,1,hard_feasible_zero_slack,1,hard_success,0,0,30,,0,30,0.00100493400734258,0.00100727752851523,NaN,NaN,NaN,AC balance fields report the maximum P/Q component residual and maximum complex-power mismatch. Full IPOPT dual/complementarity/KKT residuals are not exposed by the installed MATPOWER wrapper.,5.84252902819287,0,0,0,0,0,0,0,0,0,0,0,0,0,0.454053218480696,0.0385,0,0,0.95911346459614,1.1,824.594786010952,170.635954134996,0.000263578814155227,302.312685233019,0.0682455581683995,467.200342381321,,tap and shunt controls not modeled because defensible ranges are absent
S1_REFINED_BIDIRECTIONAL,S3_2025_SHOULDER_LIGHT_LOAD_PUBLIC,S1_OPF_SOLVED_REFERENCE,20,20,0,,decreasing,cold,0,no_discretionary_q,0.805,IPOPT,1,hard_feasible_zero_slack,1,hard_success,0,0,32,,0,32,0.000993442432895009,0.000995781536705698,NaN,NaN,NaN,AC balance fields report the maximum P/Q component residual and maximum complex-power mismatch. Full IPOPT dual/complementarity/KKT residuals are not exposed by the installed MATPOWER wrapper.,4.3906402644435,0,0,0,0,0,0,0,0,0,0,0,0,0,0.45994582369705,0.0389999999999999,0,0,0.961737647048559,1.1,733.337356576264,136.863794697658,0.000552177426795819,302.312857629777,0.0553537800837222,458.471040629415,,tap and shunt controls not modeled because defensible ranges are absent
S1_REFINED_BIDIRECTIONAL,S3_2025_SHOULDER_LIGHT_LOAD_PUBLIC,S1_OPF_SOLVED_REFERENCE,20,20,0,,decreasing,cold,0,no_discretionary_q,0.8025,IPOPT,1,hard_feasible_zero_slack,1,hard_success,0,0,30,,0,30,0.00100303573224991,0.00100532184201336,NaN,NaN,NaN,AC balance fields report the maximum P/Q component residual and maximum complex-power mismatch. Full IPOPT dual/complementarity/KKT residuals are not exposed by the installed MATPOWER wrapper.,3.19347765937039,0,0,0,0,0,0,0,0,0,0,0,0,0,0.466172579043602,0.0395000000000001,0,0,0.964232224309947,1.09968027003613,643.987265787175,115.633470896289,0.000351030796212388,302.312760167019,0.0445113268725698,450.162592934708,,tap and shunt controls not modeled because defensible ranges are absent
S1_REFINED_BIDIRECTIONAL,S3_2025_SHOULDER_LIGHT_LOAD_PUBLIC,S1_OPF_SOLVED_REFERENCE,20,20,0,,decreasing,cold,0,no_discretionary_q,0.8,IPOPT,1,hard_feasible_zero_slack,1,hard_success,0,0,34,,0,34,0.00100477036970581,0.00100702359079807,NaN,NaN,NaN,AC balance fields report the maximum P/Q component residual and maximum complex-power mismatch. Full IPOPT dual/complementarity/KKT residuals are not exposed by the installed MATPOWER wrapper.,2.20809511906145,0,0,0,0,0,0,0,0,0,0,0,0,0,0.472736286632171,0.04,0,0,0.965795352166215,1.09907402137331,556.315196680888,94.8225852004584,0.000340357742767661,302.312761127177,0.0352883694797366,441.482104894895,,tap and shunt controls not modeled because defensible ranges are absent
S1_PERTURBED_STARTS,S3_2025_SHOULDER_LIGHT_LOAD_PUBLIC,S1_OPF_SOLVED_REFERENCE,20,20,0,,increasing,perturbed,1,present_limited_q,0.8,IPOPT,1,hard_feasible_zero_slack,1,hard_success,0,0,51,,0,51,0.0010440230373554,0.00104619062145271,NaN,NaN,NaN,AC balance fields report the maximum P/Q component residual and maximum complex-power mismatch. Full IPOPT dual/complementarity/KKT residuals are not exposed by the installed MATPOWER wrapper.,2.07459982333148,0,0,0,0,0,0,0,0,0,0,0,0,0,0.35841607630299,0.0399999990499442,0,0,0.9,1.1,490.246614131689,94.8225852344495,2427.25746622496,2657.9137875264,0.0321277940504891,431.770204700896,,tap and shunt controls not modeled because defensible ranges are absent
S1_PERTURBED_STARTS,S3_2025_SHOULDER_LIGHT_LOAD_PUBLIC,S1_OPF_SOLVED_REFERENCE,20,20,0,,increasing,perturbed,1,present_limited_q,0.8025,IPOPT,1,hard_feasible_zero_slack,1,hard_success,0,0,47,,0,47,0.000985264590402934,0.000987589616434187,NaN,NaN,NaN,AC balance fields report the maximum P/Q component residual and maximum complex-power mismatch. Full IPOPT dual/complementarity/KKT residuals are not exposed by the installed MATPOWER wrapper.,3.04481042978284,0,0,0,0,0,0,0,0,0,0,0,0,0,0.392189654391827,0.0395000000000001,0,0,0.9,1.1,579.413696866703,115.633470658412,2272.46308678302,2462.275519748,0.0409871519495621,440.708670994615,,tap and shunt controls not modeled because defensible ranges are absent
S1_PERTURBED_STARTS,S3_2025_SHOULDER_LIGHT_LOAD_PUBLIC,S1_OPF_SOLVED_REFERENCE,20,20,0,,increasing,perturbed,1,present_limited_q,0.805,IPOPT,1,hard_feasible_zero_slack,1,hard_success,0,0,46,,0,46,0.000984973525186561,0.000987329815080017,NaN,NaN,NaN,AC balance fields report the maximum P/Q component residual and maximum complex-power mismatch. Full IPOPT dual/complementarity/KKT residuals are not exposed by the installed MATPOWER wrapper.,4.22724120808152,0,0,0,0,0,0,0,0,0,0,0,0,0,0.348071875777047,0.0389999999999999,0,0,0.9,1.1,670.367328712331,136.863794490218,2383.52638943887,2614.18271074031,0.051380235864034,449.61947462936,,tap and shunt controls not modeled because defensible ranges are absent
S1_PERTURBED_STARTS,S3_2025_SHOULDER_LIGHT_LOAD_PUBLIC,S1_OPF_SOLVED_REFERENCE,20,20,0,,increasing,perturbed,1,present_limited_q,0.8075,IPOPT,1,hard_feasible_zero_slack,1,hard_success,0,0,36,,0,36,0.000984692791572428,0.000987145075071424,NaN,NaN,NaN,AC balance fields report the maximum P/Q component residual and maximum complex-power mismatch. Full IPOPT dual/complementarity/KKT residuals are not exposed by the installed MATPOWER wrapper.,5.66428832252461,0,0,0,0,0,0,0,0,0,0,0,0,0,0.380881039485975,0.0385,0,0,0.9,1.1,763.046214168416,170.63595326644,2223.59086933943,2424.62233710418,0.0636101204693034,458.302364352009,,tap and shunt controls not modeled because defensible ranges are absent
S1_PERTURBED_STARTS,S3_2025_SHOULDER_LIGHT_LOAD_PUBLIC,S1_OPF_SOLVED_REFERENCE,20,20,0,,increasing,perturbed,1,present_limited_q,0.81,IPOPT,1,restored_nonzero_slack,0,solver_nonconvergence,1,2,49,OPF failed,0,41,5.36768407499721e-06,5.36768407499801e-06,NaN,NaN,NaN,AC balance fields report the maximum P/Q component residual and maximum complex-power mismatch. Full IPOPT dual/complementarity/KKT residuals are not exposed by the installed MATPOWER wrapper.,280.145911375884,272.730493738286,0,0,0,2.72730493738286e-05,0,2.72730493738286e-05,0,2.72730493738286e-05,0,0,1,0,0.375166390119593,0.0379964183039401,0,0,0.900001040232043,1.09999915993678,853.114684285909,212.705909652086,2200.97467127243,2406.35426176297,0.0770696434233839,466.724416914171,,tap and shunt controls not modeled because defensible ranges are absent
S1_PERTURBED_STARTS,S3_2025_SHOULDER_LIGHT_LOAD_PUBLIC,S1_OPF_SOLVED_REFERENCE,20,20,0,,increasing,perturbed,1,present_limited_q,0.8125,IPOPT,1,restored_nonzero_slack,0,solver_nonconvergence,1,2,49,OPF failed,0,46,5.36767448267028e-06,5.36767448267028e-06,NaN,NaN,NaN,AC balance fields report the maximum P/Q component residual and maximum complex-power mismatch. Full IPOPT dual/complementarity/KKT residuals are not exposed by the installed MATPOWER wrapper.,5762.81862327174,5755.40128229391,0,0,0,0.000575540128229391,0,0.000575540128229391,0,0.000575540128229391,0,0,1,0,0.36896391918933,0.0374964026433893,0,0,0.900001027687482,1.09999915387212,853.748796509203,212.705909652086,2209.76741443203,2418.62964282022,0.0771464011054227,466.73990088042,,tap and shunt controls not modeled because defensible ranges are absent
S1_PERTURBED_STARTS,S3_2025_SHOULDER_LIGHT_LOAD_PUBLIC,S1_OPF_SOLVED_REFERENCE,20,20,0,,increasing,perturbed,1,present_limited_q,0.815,IPOPT,1,restored_nonzero_slack,0,solver_nonconvergence,1,2,48,OPF failed,0,59,5.36766453507198e-06,5.36766453507274e-06,NaN,NaN,NaN,AC balance fields report the maximum P/Q component residual and maximum complex-power mismatch. Full IPOPT dual/complementarity/KKT residuals are not exposed by the installed MATPOWER wrapper.,11245.5515196943,11238.1322945488,0,0,0,0.00112381322945488,0,0.00112381322945488,0,0.00112381322945488,0,0,1,0,0.362761059109118,0.0369963867847105,0,0,0.900001015430328,1.09999914767546,854.369209390492,212.705909652086,2218.64019406789,2430.9888406539,0.0772217124537059,466.753278616546,,tap and shunt controls not modeled because defensible ranges are absent
S1_PERTURBED_STARTS,S3_2025_SHOULDER_LIGHT_LOAD_PUBLIC,S1_OPF_SOLVED_REFERENCE,20,20,0,,increasing,perturbed,1,present_limited_q,0.8175,IPOPT,1,restored_nonzero_slack,0,solver_nonconvergence,1,2,44,OPF failed,0,59,5.36765529801642e-06,5.36765529801691e-06,NaN,NaN,NaN,AC balance fields report the maximum P/Q component residual and maximum complex-power mismatch. Full IPOPT dual/complementarity/KKT residuals are not exposed by the installed MATPOWER wrapper.,16728.3445350593,16720.9234655816,0,0,0,0.00167209234655816,0,0.00167209234655816,0,0.00167209234655816,0,0,1,0,0.356557797289496,0.0364963707773336,0,0,0.900001003451097,1.0999991413433,854.975759438057,212.705909652086,2227.59324329248,2443.43210175882,0.0772955646150903,466.764534874019,,tap and shunt controls not modeled because defensible ranges are absent
S1_PERTURBED_STARTS,S3_2025_SHOULDER_LIGHT_LOAD_PUBLIC,S1_OPF_SOLVED_REFERENCE,20,20,0,,increasing,perturbed,1,present_limited_q,0.82,IPOPT,1,restored_nonzero_slack,0,solver_nonconvergence,1,2,46,OPF failed,0,55,5.36764588332517e-06,5.36764588332731e-06,NaN,NaN,NaN,AC balance fields report the maximum P/Q component residual and maximum complex-power mismatch. Full IPOPT dual/complementarity/KKT residuals are not exposed by the installed MATPOWER wrapper.,22211.1976053046,22203.7747305614,0,0,0,0.00222037747305614,0,0.00222037747305614,0,0.00222037747305614,0,0,1,0,0.350354128465253,0.0359963547213624,0,0,0.900000991739382,1.0999991348729,855.56875100223,212.705909652086,2236.62898628959,2455.96184521191,0.0773679426388239,466.773672632255,,tap and shunt controls not modeled because defensible ranges are absent
S1_PERTURBED_STARTS,S3_2025_SHOULDER_LIGHT_LOAD_PUBLIC,S1_OPF_SOLVED_REFERENCE,20,20,0,,increasing,perturbed,1,present_limited_q,0.8225,IPOPT,1,restored_nonzero_slack,0,solver_nonconvergence,1,2,41,OPF failed,0,54,5.36763629099823e-06,5.36763629099923e-06,NaN,NaN,NaN,AC balance fields report the maximum P/Q component residual and maximum complex-power mismatch. Full IPOPT dual/complementarity/KKT residuals are not exposed by the installed MATPOWER wrapper.,27694.1106643289,27686.6860247581,0,0,0,0.00276866860247581,0,0.00276866860247581,0,0.00276866860247581,0,0,1,0,0.344150035809888,0.0354963388237706,0,0,0.900000980286645,1.09999912826009,856.147786522381,212.705909652086,2245.74622316125,2468.57689763076,0.0774388465959728,466.78067623508,,tap and shunt controls not modeled because defensible ranges are absent
S1_PERTURBED_STARTS,S3_2025_SHOULDER_LIGHT_LOAD_PUBLIC,S1_OPF_SOLVED_REFERENCE,20,20,0,,increasing,perturbed,1,present_limited_q,0.825,IPOPT,1,restored_nonzero_slack,0,solver_nonconvergence,1,2,47,OPF failed,0,47,5.3676266986713e-06,5.36762669867166e-06,NaN,NaN,NaN,AC balance fields report the maximum P/Q component residual and maximum complex-power mismatch. Full IPOPT dual/complementarity/KKT residuals are not exposed by the installed MATPOWER wrapper.,33177.0836462555,33169.6572835047,0,0,0,0.00331696572835047,0,0.00331696572835047,0,0.00331696572835047,0,0,1,0,0.337945494967415,0.0349963233615673,0,0,0.900000969104529,1.09999912150294,856.712521113399,212.705909652086,2254.94714476875,2481.27890803109,0.0775082513493596,466.785500595512,,tap and shunt controls not modeled because defensible ranges are absent
S1_PERTURBED_STARTS,S3_2025_SHOULDER_LIGHT_LOAD_PUBLIC,S1_OPF_SOLVED_REFERENCE,20,20,0,,increasing,perturbed,2,present_limited_q,0.8,IPOPT,1,hard_feasible_zero_slack,1,hard_success,0,0,55,,0,55,0.000985573650824634,0.000987868180937604,NaN,NaN,NaN,AC balance fields report the maximum P/Q component residual and maximum complex-power mismatch. Full IPOPT dual/complementarity/KKT residuals are not exposed by the installed MATPOWER wrapper.,2.0745997214317,0,0,0,0,0,0,0,0,0,0,0,0,0,0.358415730607425,0.0400000000000003,0,0,0.9,1.1,490.246560460252,94.8225849944643,2427.61888223026,2658.27520353171,0.032127793072006,431.770211237786,,tap and shunt controls not modeled because defensible ranges are absent
S1_PERTURBED_STARTS,S3_2025_SHOULDER_LIGHT_LOAD_PUBLIC,S1_OPF_SOLVED_REFERENCE,20,20,0,,increasing,perturbed,2,present_limited_q,0.8025,IPOPT,1,hard_feasible_zero_slack,1,hard_success,0,0,57,,0,57,0.000985264591069068,0.000987589615271468,NaN,NaN,NaN,AC balance fields report the maximum P/Q component residual and maximum complex-power mismatch. Full IPOPT dual/complementarity/KKT residuals are not exposed by the installed MATPOWER wrapper.,3.04487743340576,0,0,0,0,0,0,0,0,0,0,0,0,0,0.35323417811189,0.0395000000000001,0,0,0.9,1.1,579.449325988933,115.633470658412,2405.20262095174,2635.85894225318,0.0408907495179939,440.595886408989,,tap and shunt controls not modeled because defensible ranges are absent
S1_PERTURBED_STARTS,S3_2025_SHOULDER_LIGHT_LOAD_PUBLIC,S1_OPF_SOLVED_REFERENCE,20,20,0,,increasing,perturbed,2,present_limited_q,0.805,IPOPT,1,hard_feasible_zero_slack,1,hard_success,0,0,56,,0,56,0.000995583141216727,0.00099791431935923,NaN,NaN,NaN,AC balance fields report the maximum P/Q component residual and maximum complex-power mismatch. Full IPOPT dual/complementarity/KKT residuals are not exposed by the installed MATPOWER wrapper.,4.22718447601358,0,0,0,0,0,0,0,0,0,0,0,0,0,0.386537114720555,0.0390000000000001,0,0,0.9,1.1,670.339406177574,136.863794590281,2247.03248230071,2444.52101465402,0.0514831982350885,449.730845947532,,tap and shunt controls not modeled because defensible ranges are absent
S1_PERTURBED_STARTS,S3_2025_SHOULDER_LIGHT_LOAD_PUBLIC,S1_OPF_SOLVED_REFERENCE,20,20,0,,increasing,perturbed,2,present_limited_q,0.8075,IPOPT,1,hard_feasible_zero_slack,1,hard_success,0,0,67,,0,67,0.00098469278779767,0.000987145071900422,NaN,NaN,NaN,AC balance fields report the maximum P/Q component residual and maximum complex-power mismatch. Full IPOPT dual/complementarity/KKT residuals are not exposed by the installed MATPOWER wrapper.,5.6642883225237,0,0,0,0,0,0,0,0,0,0,0,0,0,0.380881039485975,0.0385000000000002,1.11022302462516e-16,1.11022302462516e-16,0.9,1.1,763.046214168383,170.635953266426,2223.60443322354,2424.62180654095,0.063610120469298,458.302364352003,,tap and shunt controls not modeled because defensible ranges are absent
S1_PERTURBED_STARTS,S3_2025_SHOULDER_LIGHT_LOAD_PUBLIC,S1_OPF_SOLVED_REFERENCE,20,20,0,,increasing,perturbed,2,present_limited_q,0.81,IPOPT,1,restored_nonzero_slack,0,solver_nonconvergence,1,2,66,OPF failed,0,37,5.36768265391174e-06,5.36768265391234e-06,NaN,NaN,NaN,AC balance fields report the maximum P/Q component residual and maximum complex-power mismatch. Full IPOPT dual/complementarity/KKT residuals are not exposed by the installed MATPOWER wrapper.,280.145911320868,272.730493737774,0,0,0,2.72730493737774e-05,0,2.72730493737774e-05,0,2.72730493737774e-05,0,0,1,0,0.375166389699379,0.0379964183038071,0,0,0.900001040232079,1.09999915993675,853.114666357834,212.705909652086,2200.97467220327,2406.3542630133,0.0770696414803478,466.724414026234,,tap and shunt controls not modeled because defensible ranges are absent
S1_PERTURBED_STARTS,S3_2025_SHOULDER_LIGHT_LOAD_PUBLIC,S1_OPF_SOLVED_REFERENCE,20,20,0,,increasing,perturbed,2,present_limited_q,0.8125,IPOPT,1,restored_nonzero_slack,0,solver_nonconvergence,1,2,54,OPF failed,0,47,5.36767306158481e-06,5.36767306158495e-06,NaN,NaN,NaN,AC balance fields report the maximum P/Q component residual and maximum complex-power mismatch. Full IPOPT dual/complementarity/KKT residuals are not exposed by the installed MATPOWER wrapper.,5762.81862320857,5755.40128229546,0,0,0,0.000575540128229546,0,0.000575540128229546,0,0.000575540128229546,0,0,1,0,0.368963918779355,0.0374964026432296,0,0,0.900001027687527,1.09999915387208,853.748775257265,212.705909652086,2209.7674500145,2418.6296791856,0.0771464007816328,466.739899438852,,tap and shunt controls not modeled because defensible ranges are absent
S1_PERTURBED_STARTS,S3_2025_SHOULDER_LIGHT_LOAD_PUBLIC,S1_OPF_SOLVED_REFERENCE,20,20,0,,increasing,perturbed,2,present_limited_q,0.815,IPOPT,1,restored_nonzero_slack,0,solver_nonconvergence,1,2,45,OPF failed,0,50,5.3676643574363e-06,5.3676643574365e-06,NaN,NaN,NaN,AC balance fields report the maximum P/Q component residual and maximum complex-power mismatch. Full IPOPT dual/complementarity/KKT residuals are not exposed by the installed MATPOWER wrapper.,11245.551519712,11238.1322945492,0,0,0,0.00112381322945492,0,0.00112381322945492,0,0.00112381322945492,0,0,1,0,0.362761059230353,0.0369963867847518,0,0,0.900001015430317,1.09999914767547,854.36921506218,212.705909652086,2218.64019402561,2430.98884045466,0.0772217128104281,466.753279279052,,tap and shunt controls not modeled because defensible ranges are absent
S1_PERTURBED_STARTS,S3_2025_SHOULDER_LIGHT_LOAD_PUBLIC,S1_OPF_SOLVED_REFERENCE,20,20,0,,increasing,perturbed,2,present_limited_q,0.8175,IPOPT,1,restored_nonzero_slack,0,solver_nonconvergence,1,2,44,OPF failed,0,43,5.3676554756521e-06,5.36765547565254e-06,NaN,NaN,NaN,AC balance fields report the maximum P/Q component residual and maximum complex-power mismatch. Full IPOPT dual/complementarity/KKT residuals are not exposed by the installed MATPOWER wrapper.,16728.3445353628,16720.9234655829,0,0,0,0.00167209234655829,0,0.00167209234655829,0,0.00167209234655829,0,0,1,0,0.356557798760053,0.036496370778077,0,0,0.900001003450845,1.09999914134348,854.975858368889,212.705909652086,2227.59395512856,2443.43280884694,0.0772955605724704,466.764535170854,,tap and shunt controls not modeled because defensible ranges are absent
S1_PERTURBED_STARTS,S3_2025_SHOULDER_LIGHT_LOAD_PUBLIC,S1_OPF_SOLVED_REFERENCE,20,20,0,,increasing,perturbed,2,present_limited_q,0.82,IPOPT,1,restored_nonzero_slack,0,solver_nonconvergence,1,2,43,OPF failed,0,38,5.36764499514675e-06,5.36764499514719e-06,NaN,NaN,NaN,AC balance fields report the maximum P/Q component residual and maximum complex-power mismatch. Full IPOPT dual/complementarity/KKT residuals are not exposed by the installed MATPOWER wrapper.,22211.1976021839,22203.774730565,0,0,0,0.0022203774730565,0,0.0022203774730565,0,0.0022203774730565,0,0,1,0,0.350354049868387,0.0359963546421238,0,0,0.900000991646322,1.09999913488003,855.567729006351,212.705909652086,2236.62646623216,2455.95903210323,0.0773679170368095,466.773595165512,,tap and shunt controls not modeled because defensible ranges are absent
S1_PERTURBED_STARTS,S3_2025_SHOULDER_LIGHT_LOAD_PUBLIC,S1_OPF_SOLVED_REFERENCE,20,20,0,,increasing,perturbed,2,present_limited_q,0.8225,IPOPT,1,restored_nonzero_slack,0,solver_nonconvergence,1,2,43,OPF failed,0,56,5.36763611336255e-06,5.36763611336272e-06,NaN,NaN,NaN,AC balance fields report the maximum P/Q component residual and maximum complex-power mismatch. Full IPOPT dual/complementarity/KKT residuals are not exposed by the installed MATPOWER wrapper.,27694.1106635126,27686.6860247572,0,0,0,0.00276866860247572,0,0.00276866860247572,0,0.00276866860247572,0,0,1,0,0.344150031430215,0.0354963388233409,0,0,0.900000980287393,1.09999912825961,856.147520128984,212.705909652086,2245.74638773184,2468.57707327137,0.0774388483265818,466.780665031309,,tap and shunt controls not modeled because defensible ranges are absent
S1_PERTURBED_STARTS,S3_2025_SHOULDER_LIGHT_LOAD_PUBLIC,S1_OPF_SOLVED_REFERENCE,20,20,0,,increasing,perturbed,2,present_limited_q,0.825,IPOPT,1,restored_nonzero_slack,0,solver_nonconvergence,1,2,51,OPF failed,0,58,5.36762705394267e-06,5.36762705394267e-06,NaN,NaN,NaN,AC balance fields report the maximum P/Q component residual and maximum complex-power mismatch. Full IPOPT dual/complementarity/KKT residuals are not exposed by the installed MATPOWER wrapper.,33177.0836459023,33169.6572835063,0,0,0,0.00331696572835063,0,0.00331696572835063,0,0.00331696572835063,0,0,1,0,0.33794549690676,0.0349963232690647,0,0,0.90000096909381,1.09999912150417,856.712405316085,212.705909652086,2254.93768854229,2481.26913345405,0.0775082468206507,466.785490022073,,tap and shunt controls not modeled because defensible ranges are absent
REFERENCE_SET_COMPARISON,S3_2025_SHOULDER_LIGHT_LOAD_PUBLIC,S1_OPF_SOLVED_REFERENCE,20,20,0,,increasing,warm,0,present_limited_q,0,IPOPT,1,hard_feasible_zero_slack,1,hard_success,0,0,57,,0,57,0.000117945166611122,0.000118625761975827,NaN,NaN,NaN,AC balance fields report the maximum P/Q component residual and maximum complex-power mismatch. Full IPOPT dual/complementarity/KKT residuals are not exposed by the installed MATPOWER wrapper.,3.63665004670111e-05,0,0,0,0,0,0,0,0,0,0,0,0,0,2.26150868951037,0.2,1.11022302462516e-16,1.11022302462516e-16,0.9,1.1,3.54515814570657,0.118995571023135,2838.30733774139,3068.96365904283,0.0120285141283056,400.019639546053,,tap and shunt controls not modeled because defensible ranges are absent
REFERENCE_SET_COMPARISON,S3_2025_SHOULDER_LIGHT_LOAD_PUBLIC,S1_OPF_SOLVED_REFERENCE,20,20,0,,increasing,warm,0,present_limited_q,0.5,IPOPT,1,hard_feasible_zero_slack,1,hard_success,0,0,37,,0,37,0.000183108142337574,0.000183117756952508,NaN,NaN,NaN,AC balance fields report the maximum P/Q component residual and maximum complex-power mismatch. Full IPOPT dual/complementarity/KKT residuals are not exposed by the installed MATPOWER wrapper.,0.00422203928178533,0,0,0,0,0,0,0,0,0,0,0,0,0,1.04881971912485,0.1,0,0,0.9,1.1,38.2090584216896,1.28172436378924,2573.9956473427,2794.75448004727,0.0112214473777162,394.511967644325,,tap and shunt controls not modeled because defensible ranges are absent
REFERENCE_SET_COMPARISON,S3_2025_SHOULDER_LIGHT_LOAD_PUBLIC,S1_OPF_SOLVED_REFERENCE,20,20,0,,increasing,warm,0,present_limited_q,0.75,IPOPT,1,hard_feasible_zero_slack,1,hard_success,0,0,44,,0,44,0.000173156274030362,0.000173232331116949,NaN,NaN,NaN,AC balance fields report the maximum P/Q component residual and maximum complex-power mismatch. Full IPOPT dual/complementarity/KKT residuals are not exposed by the installed MATPOWER wrapper.,0.0148889020863407,0,0,0,0,0,0,0,0,0,0,0,0,0,0.547476570667985,0.05,0,0,0.9,1.1,71.8048333401663,2.4072617670362,2265.38355267875,2389.35150626985,0.0109366616199946,390.792506778253,,tap and shunt controls not modeled because defensible ranges are absent
REFERENCE_SET_COMPARISON,S3_2025_SHOULDER_LIGHT_LOAD_PUBLIC,S1_OPF_SOLVED_REFERENCE,20,20,0,,increasing,warm,0,present_limited_q,0.8,IPOPT,1,hard_feasible_zero_slack,1,hard_success,0,0,38,,0,38,0.000985573079415047,0.000987867623058247,NaN,NaN,NaN,AC balance fields report the maximum P/Q component residual and maximum complex-power mismatch. Full IPOPT dual/complementarity/KKT residuals are not exposed by the installed MATPOWER wrapper.,2.07423984210448,0,0,0,0,0,0,0,0,0,0,0,0,0,0.35048094233604,0.04,0,0,0.9,1.1,490.017999122429,94.8225849944615,2414.44270071479,2577.38774504188,0.0310871683705922,430.046172543201,,tap and shunt controls not modeled because defensible ranges are absent
REFERENCE_SET_COMPARISON,S3_2025_SHOULDER_LIGHT_LOAD_PUBLIC,S1_OPF_SOLVED_REFERENCE,20,20,0,,increasing,warm,0,present_limited_q,0.825,IPOPT,1,restored_nonzero_slack,0,solver_nonconvergence,1,2,34,OPF failed,0,41,5.36762616576425e-06,5.36762616576454e-06,NaN,NaN,NaN,AC balance fields report the maximum P/Q component residual and maximum complex-power mismatch. Full IPOPT dual/complementarity/KKT residuals are not exposed by the installed MATPOWER wrapper.,33177.0836477792,33169.6572835047,0,0,0,0.00331696572835047,0,0.00331696572835047,0,0.00331696572835047,0,0,1,0,0.337945512102787,0.0349963236182076,0,0,0.900000969082946,1.09999912150163,856.713018352375,212.705909652086,2254.94660290688,2481.27891144991,0.077508262001218,466.785536875197,,tap and shunt controls not modeled because defensible ranges are absent
REFERENCE_SET_COMPARISON,S3_2025_SHOULDER_LIGHT_LOAD_PUBLIC,S1_OPF_SOLVED_REFERENCE,20,20,0,,increasing,warm,0,present_limited_q,0.9,IPOPT,1,restored_nonzero_slack,0,solver_nonconvergence,1,2,72,OPF failed,0,40,6.00206995216013e-06,6.00206995216164e-06,NaN,NaN,NaN,AC balance fields report the maximum P/Q component residual and maximum complex-power mismatch. Full IPOPT dual/complementarity/KKT residuals are not exposed by the installed MATPOWER wrapper.,290045.114444894,289273.41415046,0,17.8658477497352,0,0.0271407566400725,0,17.8929885063753,17.8658477497352,0.0197686361421611,0,1,2,0,0.225556861717204,0.0322965135420612,3.71102815144297e-09,9.94975879464732e-10,0.900000000161621,1.10000000099498,10714.1129050538,1710.0865673893,2309.89206471536,2540.5483860168,13.9786464607714,5427.91659693015,,tap and shunt controls not modeled because defensible ranges are absent
REFERENCE_SET_COMPARISON,S3_2025_SHOULDER_LIGHT_LOAD_PUBLIC,S1_OPF_SOLVED_REFERENCE,20,20,0,,increasing,warm,0,present_limited_q,1,IPOPT,1,restored_nonzero_slack,0,solver_nonconvergence,1,-1,250,OPF failed,0,33,5.94986953039722e-06,5.94986953039724e-06,NaN,NaN,NaN,AC balance fields report the maximum P/Q component residual and maximum complex-power mismatch. Full IPOPT dual/complementarity/KKT residuals are not exposed by the installed MATPOWER wrapper.,940336.185868617,939617.446359581,35.2089875812073,135.204399803157,0.0156989411720685,0.0612214647254532,0,170.490307790262,87.9731277521688,0.0417122894241044,0,3,4,0,0.0769204592325862,0.0417122994238626,7.44867389990134e-09,9.98142679620173e-10,0.952721175,1.10000000099814,10489.2379740522,1710.0865673893,1985.39506413294,2233.99828794465,12.8458652783931,5247.08647604612,,tap and shunt controls not modeled because defensible ranges are absent
REFERENCE_SET_COMPARISON,S3_2025_SHOULDER_LIGHT_LOAD_PUBLIC,ORIGINAL_NPCC_VG_REFERENCE,20,20,0,,increasing,warm,0,present_limited_q,0,IPOPT,1,hard_feasible_zero_slack,1,hard_success,0,0,57,,0,57,0.000117945166611122,0.000118625761975827,NaN,NaN,NaN,AC balance fields report the maximum P/Q component residual and maximum complex-power mismatch. Full IPOPT dual/complementarity/KKT residuals are not exposed by the installed MATPOWER wrapper.,3.63665004670111e-05,0,0,0,0,0,0,0,0,0,0,0,0,0,2.0352900775122,0.15,1.11022302462516e-16,1.11022302462516e-16,0.9,1.1,3.54515814570657,0.118995571023135,2838.30733774139,3068.96365904283,0.0120285141283056,400.019639546053,,tap and shunt controls not modeled because defensible ranges are absent
REFERENCE_SET_COMPARISON,S3_2025_SHOULDER_LIGHT_LOAD_PUBLIC,ORIGINAL_NPCC_VG_REFERENCE,20,20,0,,increasing,warm,0,present_limited_q,0.5,IPOPT,1,hard_feasible_zero_slack,1,hard_success,0,0,24,,0,24,0.000241399484579574,0.000242820844410041,NaN,NaN,NaN,AC balance fields report the maximum P/Q component residual and maximum complex-power mismatch. Full IPOPT dual/complementarity/KKT residuals are not exposed by the installed MATPOWER wrapper.,0.0047236721908348,0,0,0,0,0,0,0,0,0,0,0,0,0,0.815118561016689,0.0750000000000001,0,0,0.9,1.1,40.4248408053624,1.34827553179409,2725.9435140041,2582.64793842692,0.0151482381060673,419.243565470311,,tap and shunt controls not modeled because defensible ranges are absent
REFERENCE_SET_COMPARISON,S3_2025_SHOULDER_LIGHT_LOAD_PUBLIC,ORIGINAL_NPCC_VG_REFERENCE,20,20,0,,increasing,warm,0,present_limited_q,0.75,IPOPT,1,hard_feasible_zero_slack,1,hard_success,0,0,58,,0,58,0.000204167813322442,0.000220954618973953,NaN,NaN,NaN,AC balance fields report the maximum P/Q component residual and maximum complex-power mismatch. Full IPOPT dual/complementarity/KKT residuals are not exposed by the installed MATPOWER wrapper.,0.0171998156280324,0,0,0,0,0,0,0,0,0,0,0,0,0,0.482770891768688,0.0374999999999999,0,0,0.9,1.1,77.1616326854988,2.57271298434523,2147.54539732634,2174.6887008848,0.0131743724261561,407.537963622728,,tap and shunt controls not modeled because defensible ranges are absent
REFERENCE_SET_COMPARISON,S3_2025_SHOULDER_LIGHT_LOAD_PUBLIC,ORIGINAL_NPCC_VG_REFERENCE,20,20,0,,increasing,warm,0,present_limited_q,0.8,IPOPT,1,restored_nonzero_slack,0,solver_nonconvergence,1,2,32,OPF failed,0,43,5.36603543821457e-06,5.36603543821525e-06,NaN,NaN,NaN,AC balance fields report the maximum P/Q component residual and maximum complex-power mismatch. Full IPOPT dual/complementarity/KKT residuals are not exposed by the installed MATPOWER wrapper.,25868.038348657,25860.6129284572,0,0,0,0.00258606129284572,0,0.00258606129284572,0,0.00258606129284572,0,0,1,0,0.369419943104804,0.0300000002034031,0,0,0.900000944728934,1.09999895786306,856.390635368417,212.705909652086,1947.07848105477,2177.73480235622,0.0774236529123134,471.654392181154,,tap and shunt controls not modeled because defensible ranges are absent
REFERENCE_SET_COMPARISON,S3_2025_SHOULDER_LIGHT_LOAD_PUBLIC,ORIGINAL_NPCC_VG_REFERENCE,20,20,0,,increasing,warm,0,present_limited_q,0.825,IPOPT,1,restored_nonzero_slack,0,solver_nonconvergence,1,2,39,OPF failed,0,40,5.36588302679775e-06,5.36588302680026e-06,NaN,NaN,NaN,AC balance fields report the maximum P/Q component residual and maximum complex-power mismatch. Full IPOPT dual/complementarity/KKT residuals are not exposed by the installed MATPOWER wrapper.,82304.455976141,82297.0146191128,0,0,0,0.00822970146191128,0,0.00822970146191128,0,0.00822970146191128,0,0,1,0,0.326440150127064,0.0262500002409429,0,0,0.900000857889834,1.09999885005638,861.553343024217,212.705909652086,2063.2371902424,2287.95501838572,0.0779775599947094,471.808822121291,,tap and shunt controls not modeled because defensible ranges are absent
REFERENCE_SET_COMPARISON,S3_2025_SHOULDER_LIGHT_LOAD_PUBLIC,ORIGINAL_NPCC_VG_REFERENCE,20,20,0,,increasing,warm,0,present_limited_q,0.9,IPOPT,1,restored_nonzero_slack,0,solver_nonconvergence,1,2,37,OPF failed,0,46,5.3654201082054e-06,5.36542010820544e-06,NaN,NaN,NaN,AC balance fields report the maximum P/Q component residual and maximum complex-power mismatch. Full IPOPT dual/complementarity/KKT residuals are not exposed by the installed MATPOWER wrapper.,251683.91864641,251676.401210984,0,0,0,0.0251676401210984,0,0.0251676401210984,0,0.0251676401210984,0,0,1,0,0.194152573939545,0.0331676504009983,0,0,0.900000858324883,1.09999915957906,885.938887245056,212.705909652086,3136.87680603385,3361.59463417717,0.0809281767293233,471.323110690771,,tap and shunt controls not modeled because defensible ranges are absent
REFERENCE_SET_COMPARISON,S3_2025_SHOULDER_LIGHT_LOAD_PUBLIC,ORIGINAL_NPCC_VG_REFERENCE,20,20,0,,increasing,warm,0,present_limited_q,1,IPOPT,1,restored_nonzero_slack,0,solver_nonconvergence,1,2,129,OPF failed,0,34,1.29112105895501e-05,1.29112105895502e-05,NaN,NaN,NaN,AC balance fields report the maximum P/Q component residual and maximum complex-power mismatch. Full IPOPT dual/complementarity/KKT residuals are not exposed by the installed MATPOWER wrapper.,687424.767458419,687389.32848315,0,0,0.0209716675193755,0.0477672653289396,0,0.068738932848315,0,0.0477672653289396,0,0,2,0,0.0687389562330032,0.0477672755288394,0,0,0.959069184628057,1.09999999960198,1917.14721663629,442.458276339181,2837.67031400802,3044.57266267698,0.185965810150985,651.08289189168,,tap and shunt controls not modeled because defensible ranges are absent
REFERENCE_SET_COMPARISON,S3_2025_SHOULDER_LIGHT_LOAD_PUBLIC,PERFORM_ZONE_AGGREGATE_REFERENCE,30,20,10,37|38|39|41|43|44|73|76|81|9003,increasing,warm,0,present_limited_q,0,IPOPT,1,hard_feasible_zero_slack,1,hard_success,0,0,57,,0,57,0.000117945166611122,0.000118625761975827,NaN,NaN,NaN,AC balance fields report the maximum P/Q component residual and maximum complex-power mismatch. Full IPOPT dual/complementarity/KKT residuals are not exposed by the installed MATPOWER wrapper.,3.63665004670111e-05,0,0,0,0,0,0,0,0,0,0,0,0,0,2.55623921381931,0.12,1.11022302462516e-16,1.11022302462516e-16,0.9,1.1,3.54515814570657,0.118995571023135,2838.30733774139,3068.96365904283,0.0120285141283056,400.019639546053,,tap and shunt controls not modeled because defensible ranges are absent
REFERENCE_SET_COMPARISON,S3_2025_SHOULDER_LIGHT_LOAD_PUBLIC,PERFORM_ZONE_AGGREGATE_REFERENCE,30,20,10,37|38|39|41|43|44|73|76|81|9003,increasing,warm,0,present_limited_q,0.5,IPOPT,1,hard_feasible_zero_slack,1,hard_success,0,0,35,,0,35,0.000196156036480488,0.000196319304660136,NaN,NaN,NaN,AC balance fields report the maximum P/Q component residual and maximum complex-power mismatch. Full IPOPT dual/complementarity/KKT residuals are not exposed by the installed MATPOWER wrapper.,0.00234154490885885,0,0,0,0,0,0,0,0,0,0,0,0,0,1.62809836041991,0.12,0,0,0.9,1.1,28.4619498703794,0.950922485569691,2638.84230343529,2485.64923926124,0.0150747274534748,418.794481160501,,tap and shunt controls not modeled because defensible ranges are absent
REFERENCE_SET_COMPARISON,S3_2025_SHOULDER_LIGHT_LOAD_PUBLIC,PERFORM_ZONE_AGGREGATE_REFERENCE,30,20,10,37|38|39|41|43|44|73|76|81|9003,increasing,warm,0,present_limited_q,0.75,IPOPT,1,hard_feasible_zero_slack,1,hard_success,0,0,41,,0,41,0.000244493502510323,0.000245925281273674,NaN,NaN,NaN,AC balance fields report the maximum P/Q component residual and maximum complex-power mismatch. Full IPOPT dual/complementarity/KKT residuals are not exposed by the installed MATPOWER wrapper.,0.00891165558709872,0,0,0,0,0,0,0,0,0,0,0,0,0,1.23229741566737,0.12,0,0,0.9,1.1,55.5274387446057,1.85469272584109,2214.46068823885,2415.24239394976,0.0120317114733624,398.596804186533,,tap and shunt controls not modeled because defensible ranges are absent
REFERENCE_SET_COMPARISON,S3_2025_SHOULDER_LIGHT_LOAD_PUBLIC,PERFORM_ZONE_AGGREGATE_REFERENCE,30,20,10,37|38|39|41|43|44|73|76|81|9003,increasing,warm,0,present_limited_q,0.8,IPOPT,1,hard_feasible_zero_slack,1,hard_success,0,0,28,,0,28,0.000173247631041207,0.000173258675911967,NaN,NaN,NaN,AC balance fields report the maximum P/Q component residual and maximum complex-power mismatch. Full IPOPT dual/complementarity/KKT residuals are not exposed by the installed MATPOWER wrapper.,0.0135922420428187,0,0,0,0,0,0,0,0,0,0,0,0,0,1.13566753381794,0.12,0,0,0.9,1.1,68.5932074720165,2.28865785080154,2084.28323091322,2284.39795248247,0.0121707496275131,399.317982297417,,tap and shunt controls not modeled because defensible ranges are absent
REFERENCE_SET_COMPARISON,S3_2025_SHOULDER_LIGHT_LOAD_PUBLIC,PERFORM_ZONE_AGGREGATE_REFERENCE,30,20,10,37|38|39|41|43|44|73|76|81|9003,increasing,warm,0,present_limited_q,0.825,IPOPT,1,hard_feasible_zero_slack,1,hard_success,0,0,23,,0,23,0.000178057649691254,0.000187093555081039,NaN,NaN,NaN,AC balance fields report the maximum P/Q component residual and maximum complex-power mismatch. Full IPOPT dual/complementarity/KKT residuals are not exposed by the installed MATPOWER wrapper.,0.0160208080253597,0,0,0,0,0,0,0,0,0,0,0,0,0,1.09098776374324,0.12,0,0,0.9,1.1,74.4705691107304,2.48291764482775,2136.19641724186,2363.9355547212,0.0122316612138291,399.554539069476,,tap and shunt controls not modeled because defensible ranges are absent
REFERENCE_SET_COMPARISON,S3_2025_SHOULDER_LIGHT_LOAD_PUBLIC,PERFORM_ZONE_AGGREGATE_REFERENCE,30,20,10,37|38|39|41|43|44|73|76|81|9003,increasing,warm,0,present_limited_q,0.9,IPOPT,1,hard_feasible_zero_slack,1,hard_success,0,0,46,,0,46,0.00104001309511048,0.00104255529247437,NaN,NaN,NaN,AC balance fields report the maximum P/Q component residual and maximum complex-power mismatch. Full IPOPT dual/complementarity/KKT residuals are not exposed by the installed MATPOWER wrapper.,4.06807982212445,0,0,0,0,0,0,0,0,0,0,0,0,0,0.943790299914524,0.12,0,0,0.9,1.1,663.304736137549,133.981835315166,2302.20178075091,2532.85810205235,0.0530304859295434,456.749770906035,,tap and shunt controls not modeled because defensible ranges are absent
REFERENCE_SET_COMPARISON,S3_2025_SHOULDER_LIGHT_LOAD_PUBLIC,PERFORM_ZONE_AGGREGATE_REFERENCE,30,20,10,37|38|39|41|43|44|73|76|81|9003,increasing,warm,0,present_limited_q,1,IPOPT,1,restored_nonzero_slack,0,solver_nonconvergence,1,2,207,OPF failed,0,37,5.36604201073487e-06,5.36604201073491e-06,NaN,NaN,NaN,AC balance fields report the maximum P/Q component residual and maximum complex-power mismatch. Full IPOPT dual/complementarity/KKT residuals are not exposed by the installed MATPOWER wrapper.,206615.942979759,206518.982633544,0,20.6583681053843,0,0.018586061452816,0,20.6769541668371,20.6583681053843,0.018586061452816,0,1,1,0,0.465583871250746,0.0799999683642905,0,0,0.971334657916146,1.09999996836429,4349.618410517,585.145028139082,1777.11441467893,1935.18034139612,2.81006834132982,2070.98480577255,,tap and shunt controls not modeled because defensible ranges are absent
REFERENCE_SET_COMPARISON,S3_2025_SHOULDER_LIGHT_LOAD_PUBLIC,CURRENT_S7_MODEL_REFERENCE,30,20,10,37|38|39|41|43|44|73|76|81|9003,increasing,warm,0,present_limited_q,0,IPOPT,1,hard_feasible_zero_slack,1,hard_success,0,0,57,,0,57,0.000117945166611122,0.000118625761975827,NaN,NaN,NaN,AC balance fields report the maximum P/Q component residual and maximum complex-power mismatch. Full IPOPT dual/complementarity/KKT residuals are not exposed by the installed MATPOWER wrapper.,3.63665004670111e-05,0,0,0,0,0,0,0,0,0,0,0,0,0,3.22456079695115,0.2,1.11022302462516e-16,1.11022302462516e-16,0.9,1.1,3.54515814570657,0.118995571023135,2838.30733774139,3068.96365904283,0.0120285141283056,400.019639546053,,tap and shunt controls not modeled because defensible ranges are absent
REFERENCE_SET_COMPARISON,S3_2025_SHOULDER_LIGHT_LOAD_PUBLIC,CURRENT_S7_MODEL_REFERENCE,30,20,10,37|38|39|41|43|44|73|76|81|9003,increasing,warm,0,present_limited_q,0.5,IPOPT,1,hard_feasible_zero_slack,1,hard_success,0,0,37,,0,37,0.000183108142337574,0.000183117756952508,NaN,NaN,NaN,AC balance fields report the maximum P/Q component residual and maximum complex-power mismatch. Full IPOPT dual/complementarity/KKT residuals are not exposed by the installed MATPOWER wrapper.,0.00422203928178533,0,0,0,0,0,0,0,0,0,0,0,0,0,1.95608810789969,0.147278825,0,0,0.9,1.1,38.2090584216896,1.28172436378924,2573.9956473427,2794.75448004727,0.0112214473777162,394.511967644325,,tap and shunt controls not modeled because defensible ranges are absent
REFERENCE_SET_COMPARISON,S3_2025_SHOULDER_LIGHT_LOAD_PUBLIC,CURRENT_S7_MODEL_REFERENCE,30,20,10,37|38|39|41|43|44|73|76|81|9003,increasing,warm,0,present_limited_q,0.75,IPOPT,1,hard_feasible_zero_slack,1,hard_success,0,0,44,,0,44,0.000173156274030362,0.000173232331116949,NaN,NaN,NaN,AC balance fields report the maximum P/Q component residual and maximum complex-power mismatch. Full IPOPT dual/complementarity/KKT residuals are not exposed by the installed MATPOWER wrapper.,0.0148889020863407,0,0,0,0,0,0,0,0,0,0,0,0,0,1.40751282058629,0.12100313,0,0,0.9,1.1,71.8048333401663,2.4072617670362,2265.38355267875,2389.35150626985,0.0109366616199946,390.792506778253,,tap and shunt controls not modeled because defensible ranges are absent
REFERENCE_SET_COMPARISON,S3_2025_SHOULDER_LIGHT_LOAD_PUBLIC,CURRENT_S7_MODEL_REFERENCE,30,20,10,37|38|39|41|43|44|73|76|81|9003,increasing,warm,0,present_limited_q,0.8,IPOPT,1,hard_feasible_zero_slack,1,hard_success,0,0,38,,0,38,0.000985573079415047,0.000987867623058247,NaN,NaN,NaN,AC balance fields report the maximum P/Q component residual and maximum complex-power mismatch. Full IPOPT dual/complementarity/KKT residuals are not exposed by the installed MATPOWER wrapper.,2.07423984210448,0,0,0,0,0,0,0,0,0,0,0,0,0,1.12942733263741,0.12100313,0,0,0.9,1.1,490.017999122429,94.8225849944615,2414.44270071479,2577.38774504188,0.0310871683705922,430.046172543201,,tap and shunt controls not modeled because defensible ranges are absent
REFERENCE_SET_COMPARISON,S3_2025_SHOULDER_LIGHT_LOAD_PUBLIC,CURRENT_S7_MODEL_REFERENCE,30,20,10,37|38|39|41|43|44|73|76|81|9003,increasing,warm,0,present_limited_q,0.825,IPOPT,1,restored_nonzero_slack,0,solver_nonconvergence,1,2,34,OPF failed,0,41,5.36762616576425e-06,5.36762616576454e-06,NaN,NaN,NaN,AC balance fields report the maximum P/Q component residual and maximum complex-power mismatch. Full IPOPT dual/complementarity/KKT residuals are not exposed by the installed MATPOWER wrapper.,33177.0836477792,33169.6572835047,0,0,0,0.00331696572835047,0,0.00331696572835047,0,0.00331696572835047,0,0,1,0,1.12958626409356,0.121002102980978,0,0,0.900000969082946,1.09999912150163,856.713018352375,212.705909652086,2254.94660290688,2481.27891144991,0.077508262001218,466.785536875197,,tap and shunt controls not modeled because defensible ranges are absent
REFERENCE_SET_COMPARISON,S3_2025_SHOULDER_LIGHT_LOAD_PUBLIC,CURRENT_S7_MODEL_REFERENCE,30,20,10,37|38|39|41|43|44|73|76|81|9003,increasing,warm,0,present_limited_q,0.9,IPOPT,1,restored_nonzero_slack,0,solver_nonconvergence,1,2,72,OPF failed,0,40,6.00206995216013e-06,6.00206995216164e-06,NaN,NaN,NaN,AC balance fields report the maximum P/Q component residual and maximum complex-power mismatch. Full IPOPT dual/complementarity/KKT residuals are not exposed by the installed MATPOWER wrapper.,290045.114444894,289273.41415046,0,17.8658477497352,0,0.0271407566400725,0,17.8929885063753,17.8658477497352,0.0197686361421611,0,1,2,0,0.907669239149768,0.121003129838379,3.71102815144297e-09,9.94975879464732e-10,0.900000000161621,1.10000000099498,10714.1129050538,1710.0865673893,2309.89206471536,2540.5483860168,13.9786464607714,5427.91659693015,,tap and shunt controls not modeled because defensible ranges are absent
REFERENCE_SET_COMPARISON,S3_2025_SHOULDER_LIGHT_LOAD_PUBLIC,CURRENT_S7_MODEL_REFERENCE,30,20,10,37|38|39|41|43|44|73|76|81|9003,increasing,warm,0,present_limited_q,1,IPOPT,1,restored_nonzero_slack,0,solver_nonconvergence,1,-1,250,OPF failed,0,33,5.94986953039722e-06,5.94986953039724e-06,NaN,NaN,NaN,AC balance fields report the maximum P/Q component residual and maximum complex-power mismatch. Full IPOPT dual/complementarity/KKT residuals are not exposed by the installed MATPOWER wrapper.,940336.185868617,939617.446359581,35.2089875812073,135.204399803157,0.0156989411720685,0.0612214647254532,0,170.490307790262,87.9731277521688,0.0417122894241044,0,3,4,0,0.623844988646517,0.117009173343824,7.44867389990134e-09,9.98142679620173e-10,0.952721175,1.10000000099814,10489.2379740522,1710.0865673893,1985.39506413294,2233.99828794465,12.8458652783931,5247.08647604612,,tap and shunt controls not modeled because defensible ranges are absent
