Timestamp,Interface Name,Point ID,Flow (MWH),Positive Limit (MWH),Negative Limit (MWH)
07/20/2025 00:00,CENTRAL EAST - VC,23330,1316.16,3065,-9999
07/20/2025 00:00,DYSINGER EAST,23326,421.08,3200,-9999
07/20/2025 00:00,MOSES SOUTH,23319,17.39,3150,-1600
07/20/2025 00:00,SCH - HQ - NY,23324,-11,1500,-980
07/20/2025 00:00,SCH - HQ_CEDARS,325274,0,270,-40
07/20/2025 00:00,SCH - HQ_IMPORT_EXPORT,325376,-11,1310,-9999
07/20/2025 00:00,SCH - NE - NY,23318,-373.64,1400,-1600
07/20/2025 00:00,SCH - NPX_1385,325277,-39,125,-125
07/20/2025 00:00,SCH - NPX_CSC,325154,330,330,-330
07/20/2025 00:00,SCH - OH - NY,23317,1374.46,2000,-1600
07/20/2025 00:00,SCH - PJ - NY,23316,691.51,2000,-1050
07/20/2025 00:00,SCH - PJM_HTP,325905,660,660,-660
07/20/2025 00:00,SCH - PJM_NEPTUNE,325305,660,660,-660
07/20/2025 00:00,SCH - PJM_VFT,325658,315,315,-315
07/20/2025 00:00,SPR/DUN-SOUTH,23320,2029.26,4600,-9999
07/20/2025 00:00,TOTAL EAST,23314,2091.82,7550,-9999
07/20/2025 00:00,UPNY CONED,23315,3026.09,6615,-9999
07/20/2025 00:00,WEST CENTRAL,23312,-55.38,9999,-9999
07/20/2025 00:05,CENTRAL EAST - VC,23330,1456.67,3065,-9999
07/20/2025 00:05,DYSINGER EAST,23326,431.84,3200,-9999
07/20/2025 00:05,MOSES SOUTH,23319,114,3150,-1600
07/20/2025 00:05,SCH - HQ - NY,23324,77,1500,-980
07/20/2025 00:05,SCH - HQ_CEDARS,325274,0,270,-40
07/20/2025 00:05,SCH - HQ_IMPORT_EXPORT,325376,77,1310,-9999
07/20/2025 00:05,SCH - NE - NY,23318,-523.81,1400,-1600
07/20/2025 00:05,SCH - NPX_1385,325277,-39,125,-125
07/20/2025 00:05,SCH - NPX_CSC,325154,330,330,-330
07/20/2025 00:05,SCH - OH - NY,23317,1348.5,2000,-1600
07/20/2025 00:05,SCH - PJ - NY,23316,940.98,2000,-1050
07/20/2025 00:05,SCH - PJM_HTP,325905,660,660,-660
07/20/2025 00:05,SCH - PJM_NEPTUNE,325305,660,660,-660
07/20/2025 00:05,SCH - PJM_VFT,325658,315,315,-315
07/20/2025 00:05,SPR/DUN-SOUTH,23320,2075.29,4600,-9999
07/20/2025 00:05,TOTAL EAST,23314,2402.64,7550,-9999
07/20/2025 00:05,UPNY CONED,23315,3132.74,6615,-9999
07/20/2025 00:05,WEST CENTRAL,23312,-39.22,9999,-9999
07/20/2025 00:10,CENTRAL EAST - VC,23330,1358.21,3065,-9999
07/20/2025 00:10,DYSINGER EAST,23326,404.96,3200,-9999
07/20/2025 00:10,MOSES SOUTH,23319,145.06,3150,-1600
07/20/2025 00:10,SCH - HQ - NY,23324,77,1500,-980
07/20/2025 00:10,SCH - HQ_CEDARS,325274,0,270,-40
07/20/2025 00:10,SCH - HQ_IMPORT_EXPORT,325376,77,1310,-9999
07/20/2025 00:10,SCH - NE - NY,23318,-518.74,1400,-1600
07/20/2025 00:10,SCH - NPX_1385,325277,-40,125,-125
07/20/2025 00:10,SCH - NPX_CSC,325154,330,330,-330
07/20/2025 00:10,SCH - OH - NY,23317,1348.33,2000,-1600
07/20/2025 00:10,SCH - PJ - NY,23316,937.49,2000,-1050
07/20/2025 00:10,SCH - PJM_HTP,325905,660,660,-660
07/20/2025 00:10,SCH - PJM_NEPTUNE,325305,660,660,-660
07/20/2025 00:10,SCH - PJM_VFT,325658,315,315,-315
07/20/2025 00:10,SPR/DUN-SOUTH,23320,1994.62,4600,-9999
07/20/2025 00:10,TOTAL EAST,23314,2424.63,7550,-9999
07/20/2025 00:10,UPNY CONED,23315,3119,6615,-9999
07/20/2025 00:10,WEST CENTRAL,23312,-62.15,9999,-9999
07/20/2025 00:15,CENTRAL EAST - VC,23330,1411.25,3065,-9999
07/20/2025 00:15,DYSINGER EAST,23326,450,3200,-9999
07/20/2025 00:15,MOSES SOUTH,23319,115.12,3150,-1600
07/20/2025 00:15,SCH - HQ - NY,23324,77,1500,-980
07/20/2025 00:15,SCH - HQ_CEDARS,325274,0,270,-40
07/20/2025 00:15,SCH - HQ_IMPORT_EXPORT,325376,77,1310,-9999
07/20/2025 00:15,SCH - NE - NY,23318,-649.09,1400,-1600
07/20/2025 00:15,SCH - NPX_1385,325277,-40,125,-125
07/20/2025 00:15,SCH - NPX_CSC,325154,330,330,-330
07/20/2025 00:15,SCH - OH - NY,23317,1348.17,2000,-1600
07/20/2025 00:15,SCH - PJ - NY,23316,978.06,2000,-1050
07/20/2025 00:15,SCH - PJM_HTP,325905,660,660,-660
07/20/2025 00:15,SCH - PJM_NEPTUNE,325305,660,660,-660
07/20/2025 00:15,SCH - PJM_VFT,325658,315,315,-315
07/20/2025 00:15,SPR/DUN-SOUTH,23320,1901.71,4600,-9999
07/20/2025 00:15,TOTAL EAST,23314,2503.52,7550,-9999
07/20/2025 00:15,UPNY CONED,23315,3044.33,6615,-9999
07/20/2025 00:15,WEST CENTRAL,23312,-10.76,9999,-9999
07/20/2025 00:20,CENTRAL EAST - VC,23330,1395.85,3065,-9999
07/20/2025 00:20,DYSINGER EAST,23326,439.33,3200,-9999
07/20/2025 00:20,MOSES SOUTH,23319,167.86,3150,-1600
07/20/2025 00:20,SCH - HQ - NY,23324,77,1500,-980
07/20/2025 00:20,SCH - HQ_CEDARS,325274,0,270,-40
07/20/2025 00:20,SCH - HQ_IMPORT_EXPORT,325376,77,1310,-9999
07/20/2025 00:20,SCH - NE - NY,23318,-778.99,1400,-1600
07/20/2025 00:20,SCH - NPX_1385,325277,-40,125,-125
07/20/2025 00:20,SCH - NPX_CSC,325154,330,330,-330
07/20/2025 00:20,SCH - OH - NY,23317,1348.19,2000,-1600
07/20/2025 00:20,SCH - PJ - NY,23316,1018.68,2000,-1050
07/20/2025 00:20,SCH - PJM_HTP,325905,660,660,-660
07/20/2025 00:20,SCH - PJM_NEPTUNE,325305,660,660,-660
07/20/2025 00:20,SCH - PJM_VFT,325658,315,315,-315
07/20/2025 00:20,SPR/DUN-SOUTH,23320,1829.37,4600,-9999
07/20/2025 00:20,TOTAL EAST,23314,2577.4,7550,-9999
07/20/2025 00:20,UPNY CONED,23315,2984.21,6615,-9999
07/20/2025 00:20,WEST CENTRAL,23312,-22.09,9999,-9999
07/20/2025 00:25,CENTRAL EAST - VC,23330,1417.48,3065,-9999
07/20/2025 00:25,DYSINGER EAST,23326,473.25,3200,-9999
07/20/2025 00:25,MOSES SOUTH,23319,162.44,3150,-1600
07/20/2025 00:25,SCH - HQ - NY,23324,77,1500,-980
07/20/2025 00:25,SCH - HQ_CEDARS,325274,0,270,-40
07/20/2025 00:25,SCH - HQ_IMPORT_EXPORT,325376,77,1310,-9999
07/20/2025 00:25,SCH - NE - NY,23318,-779,1400,-1600
07/20/2025 00:25,SCH - NPX_1385,325277,-40,125,-125
07/20/2025 00:25,SCH - NPX_CSC,325154,330,330,-330
07/20/2025 00:25,SCH - OH - NY,23317,1348.16,2000,-1600
07/20/2025 00:25,SCH - PJ - NY,23316,1020,2000,-1050
07/20/2025 00:25,SCH - PJM_HTP,325905,660,660,-660
07/20/2025 00:25,SCH - PJM_NEPTUNE,325305,660,660,-660
07/20/2025 00:25,SCH - PJM_VFT,325658,315,315,-315
07/20/2025 00:25,SPR/DUN-SOUTH,23320,1880.79,4600,-9999
07/20/2025 00:25,TOTAL EAST,23314,2600,7550,-9999
07/20/2025 00:25,UPNY CONED,23315,3010.84,6615,-9999
07/20/2025 00:25,WEST CENTRAL,23312,15.92,9999,-9999
07/20/2025 00:30,CENTRAL EAST - VC,23330,1501.82,3065,-9999
07/20/2025 00:30,DYSINGER EAST,23326,527.16,3200,-9999
07/20/2025 00:30,MOSES SOUTH,23319,205.16,3150,-1600
07/20/2025 00:30,SCH - HQ - NY,23324,77,1500,-980
07/20/2025 00:30,SCH - HQ_CEDARS,325274,0,270,-40
07/20/2025 00:30,SCH - HQ_IMPORT_EXPORT,325376,77,1310,-9999
07/20/2025 00:30,SCH - NE - NY,23318,-827.08,1400,-1600
07/20/2025 00:30,SCH - NPX_1385,325277,-40,125,-125
07/20/2025 00:30,SCH - NPX_CSC,325154,330,330,-330
07/20/2025 00:30,SCH - OH - NY,23317,1348.07,2000,-1600
07/20/2025 00:30,SCH - PJ - NY,23316,1018.18,2000,-1050
07/20/2025 00:30,SCH - PJM_HTP,325905,660,660,-660
07/20/2025 00:30,SCH - PJM_NEPTUNE,325305,660,660,-660
07/20/2025 00:30,SCH - PJM_VFT,325658,315,315,-315
07/20/2025 00:30,SPR/DUN-SOUTH,23320,1942.06,4600,-9999
07/20/2025 00:30,TOTAL EAST,23314,2626.09,7550,-9999
07/20/2025 00:30,UPNY CONED,23315,3044.8,6615,-9999
07/20/2025 00:30,WEST CENTRAL,23312,77.08,9999,-9999
07/20/2025 00:35,CENTRAL EAST - VC,23330,1482.88,3065,-9999
07/20/2025 00:35,DYSINGER EAST,23326,507.04,3200,-9999
07/20/2025 00:35,MOSES SOUTH,23319,202.41,3150,-1600
07/20/2025 00:35,SCH - HQ - NY,23324,77,1500,-980
07/20/2025 00:35,SCH - HQ_CEDARS,325274,0,270,-40
07/20/2025 00:35,SCH - HQ_IMPORT_EXPORT,325376,77,1310,-9999
07/20/2025 00:35,SCH - NE - NY,23318,-876.02,1400,-1600
07/20/2025 00:35,SCH - NPX_1385,325277,-40,125,-125
07/20/2025 00:35,SCH - NPX_CSC,325154,330,330,-330
07/20/2025 00:35,SCH - OH - NY,23317,1348.13,2000,-1600
07/20/2025 00:35,SCH - PJ - NY,23316,1018.47,2000,-1050
07/20/2025 00:35,SCH - PJM_HTP,325905,660,660,-660
07/20/2025 00:35,SCH - PJM_NEPTUNE,325305,660,660,-660
07/20/2025 00:35,SCH - PJM_VFT,325658,315,315,-315
07/20/2025 00:35,SPR/DUN-SOUTH,23320,1951.86,4600,-9999
07/20/2025 00:35,TOTAL EAST,23314,2660.72,7550,-9999
07/20/2025 00:35,UPNY CONED,23315,3030.27,6615,-9999
07/20/2025 00:35,WEST CENTRAL,23312,61.84,9999,-9999
07/20/2025 00:40,CENTRAL EAST - VC,23330,1490.74,3065,-9999
07/20/2025 00:40,DYSINGER EAST,23326,529.41,3200,-9999
07/20/2025 00:40,MOSES SOUTH,23319,231.59,3150,-1600
07/20/2025 00:40,SCH - HQ - NY,23324,77,1500,-980
07/20/2025 00:40,SCH - HQ_CEDARS,325274,0,270,-40
07/20/2025 00:40,SCH - HQ_IMPORT_EXPORT,325376,77,1310,-9999
07/20/2025 00:40,SCH - NE - NY,23318,-876,1400,-1600
07/20/2025 00:40,SCH - NPX_1385,325277,-40,125,-125
07/20/2025 00:40,SCH - NPX_CSC,325154,330,330,-330
07/20/2025 00:40,SCH - OH - NY,23317,1348.08,2000,-1600
07/20/2025 00:40,SCH - PJ - NY,23316,1016.32,2000,-1050
07/20/2025 00:40,SCH - PJM_HTP,325905,660,660,-660
07/20/2025 00:40,SCH - PJM_NEPTUNE,325305,660,660,-660
07/20/2025 00:40,SCH - PJM_VFT,325658,315,315,-315
07/20/2025 00:40,SPR/DUN-SOUTH,23320,1990.42,4600,-9999
07/20/2025 00:40,TOTAL EAST,23314,2669.31,7550,-9999
07/20/2025 00:40,UPNY CONED,23315,3048.19,6615,-9999
07/20/2025 00:40,WEST CENTRAL,23312,89.93,9999,-9999
07/20/2025 00:45,CENTRAL EAST - VC,23330,1501.72,3065,-9999
07/20/2025 00:45,DYSINGER EAST,23326,502.21,3200,-9999
07/20/2025 00:45,MOSES SOUTH,23319,234.32,3150,-1600
07/20/2025 00:45,SCH - HQ - NY,23324,77,1500,-980
07/20/2025 00:45,SCH - HQ_CEDARS,325274,0,270,-40
07/20/2025 00:45,SCH - HQ_IMPORT_EXPORT,325376,77,1310,-9999
07/20/2025 00:45,SCH - NE - NY,23318,-835.08,1400,-1600
07/20/2025 00:45,SCH - NPX_1385,325277,-40,125,-125
07/20/2025 00:45,SCH - NPX_CSC,325154,330,330,-330
07/20/2025 00:45,SCH - OH - NY,23317,1348.15,2000,-1600
07/20/2025 00:45,SCH - PJ - NY,23316,1019.07,2000,-1050
07/20/2025 00:45,SCH - PJM_HTP,325905,660,660,-660
07/20/2025 00:45,SCH - PJM_NEPTUNE,325305,660,660,-660
07/20/2025 00:45,SCH - PJM_VFT,325658,315,315,-315
07/20/2025 00:45,SPR/DUN-SOUTH,23320,2036.19,4600,-9999
07/20/2025 00:45,TOTAL EAST,23314,2706.01,7550,-9999
07/20/2025 00:45,UPNY CONED,23315,3088.24,6615,-9999
07/20/2025 00:45,WEST CENTRAL,23312,66.09,9999,-9999
07/20/2025 00:50,CENTRAL EAST - VC,23330,1553.05,3065,-9999
07/20/2025 00:50,DYSINGER EAST,23326,522.61,3200,-9999
07/20/2025 00:50,MOSES SOUTH,23319,257.52,3150,-1600
07/20/2025 00:50,SCH - HQ - NY,23324,77,1500,-980
07/20/2025 00:50,SCH - HQ_CEDARS,325274,0,270,-40
07/20/2025 00:50,SCH - HQ_IMPORT_EXPORT,325376,77,1310,-9999
07/20/2025 00:50,SCH - NE - NY,23318,-794.08,1400,-1600
07/20/2025 00:50,SCH - NPX_1385,325277,-40,125,-125
07/20/2025 00:50,SCH - NPX_CSC,325154,330,330,-330
07/20/2025 00:50,SCH - OH - NY,23317,1348.11,2000,-1600
07/20/2025 00:50,SCH - PJ - NY,23316,1019.17,2000,-1050
07/20/2025 00:50,SCH - PJM_HTP,325905,660,660,-660
07/20/2025 00:50,SCH - PJM_NEPTUNE,325305,660,660,-660
07/20/2025 00:50,SCH - PJM_VFT,325658,315,315,-315
07/20/2025 00:50,SPR/DUN-SOUTH,23320,2060.68,4600,-9999
07/20/2025 00:50,TOTAL EAST,23314,2758.64,7550,-9999
07/20/2025 00:50,UPNY CONED,23315,3179.99,6615,-9999
07/20/2025 00:50,WEST CENTRAL,23312,89.56,9999,-9999
07/20/2025 00:55,CENTRAL EAST - VC,23330,1575.27,3065,-9999
07/20/2025 00:55,DYSINGER EAST,23326,536.46,3200,-9999
07/20/2025 00:55,MOSES SOUTH,23319,257.83,3150,-1600
07/20/2025 00:55,SCH - HQ - NY,23324,77,1500,-980
07/20/2025 00:55,SCH - HQ_CEDARS,325274,0,270,-40
07/20/2025 00:55,SCH - HQ_IMPORT_EXPORT,325376,77,1310,-9999
07/20/2025 00:55,SCH - NE - NY,23318,-794.08,1400,-1600
07/20/2025 00:55,SCH - NPX_1385,325277,-40,125,-125
07/20/2025 00:55,SCH - NPX_CSC,325154,330,330,-330
07/20/2025 00:55,SCH - OH - NY,23317,1348.08,2000,-1600
07/20/2025 00:55,SCH - PJ - NY,23316,1017.25,2000,-1050
07/20/2025 00:55,SCH - PJM_HTP,325905,660,660,-660
07/20/2025 00:55,SCH - PJM_NEPTUNE,325305,660,660,-660
07/20/2025 00:55,SCH - PJM_VFT,325658,315,315,-315
07/20/2025 00:55,SPR/DUN-SOUTH,23320,2079.86,4600,-9999
07/20/2025 00:55,TOTAL EAST,23314,2772.75,7550,-9999
07/20/2025 00:55,UPNY CONED,23315,3191.67,6615,-9999
07/20/2025 00:55,WEST CENTRAL,23312,106.55,9999,-9999
07/20/2025 01:00,CENTRAL EAST - VC,23330,1554.24,3065,-9999
07/20/2025 01:00,DYSINGER EAST,23326,469.01,3200,-9999
07/20/2025 01:00,MOSES SOUTH,23319,273.26,3150,-1600
07/20/2025 01:00,SCH - HQ - NY,23324,134,1500,-980
07/20/2025 01:00,SCH - HQ_CEDARS,325274,0,270,-40
07/20/2025 01:00,SCH - HQ_IMPORT_EXPORT,325376,134,1310,-9999
07/20/2025 01:00,SCH - NE - NY,23318,-835.08,1400,-1600
07/20/2025 01:00,SCH - NPX_1385,325277,-80,125,-125
07/20/2025 01:00,SCH - NPX_CSC,325154,330,330,-330
07/20/2025 01:00,SCH - OH - NY,23317,1374.06,2000,-1600
07/20/2025 01:00,SCH - PJ - NY,23316,1271.22,2000,-1050
07/20/2025 01:00,SCH - PJM_HTP,325905,660,660,-660
07/20/2025 01:00,SCH - PJM_NEPTUNE,325305,660,660,-660
07/20/2025 01:00,SCH - PJM_VFT,325658,315,315,-315
07/20/2025 01:00,SPR/DUN-SOUTH,23320,2078.08,4600,-9999
07/20/2025 01:00,TOTAL EAST,23314,2924.41,7550,-9999
07/20/2025 01:00,UPNY CONED,23315,3344.29,6615,-9999
07/20/2025 01:00,WEST CENTRAL,23312,43.12,9999,-9999
07/20/2025 01:05,CENTRAL EAST - VC,23330,1735.23,3065,-9999
07/20/2025 01:05,DYSINGER EAST,23326,580.59,3200,-9999
07/20/2025 01:05,MOSES SOUTH,23319,340.07,3150,-1600
07/20/2025 01:05,SCH - HQ - NY,23324,191,1500,-980
07/20/2025 01:05,SCH - HQ_CEDARS,325274,0,270,-40
07/20/2025 01:05,SCH - HQ_IMPORT_EXPORT,325376,191,1310,-9999
07/20/2025 01:05,SCH - NE - NY,23318,-876.5,1400,-1600
07/20/2025 01:05,SCH - NPX_1385,325277,-118,125,-125
07/20/2025 01:05,SCH - NPX_CSC,325154,330,330,-330
07/20/2025 01:05,SCH - OH - NY,23317,1400.01,2000,-1600
07/20/2025 01:05,SCH - PJ - NY,23316,1518.92,2000,-1050
07/20/2025 01:05,SCH - PJM_HTP,325905,660,660,-660
07/20/2025 01:05,SCH - PJM_NEPTUNE,325305,660,660,-660
07/20/2025 01:05,SCH - PJM_VFT,325658,315,315,-315
07/20/2025 01:05,SPR/DUN-SOUTH,23320,2128.72,4600,-9999
07/20/2025 01:05,TOTAL EAST,23314,3251.5,7550,-9999
07/20/2025 01:05,UPNY CONED,23315,3514.43,6615,-9999
07/20/2025 01:05,WEST CENTRAL,23312,162.95,9999,-9999
07/20/2025 01:10,CENTRAL EAST - VC,23330,1674.94,3065,-9999
07/20/2025 01:10,DYSINGER EAST,23326,507.32,3200,-9999
07/20/2025 01:10,MOSES SOUTH,23319,316.9,3150,-1600
07/20/2025 01:10,SCH - HQ - NY,23324,191,1500,-980
07/20/2025 01:10,SCH - HQ_CEDARS,325274,0,270,-40
07/20/2025 01:10,SCH - HQ_IMPORT_EXPORT,325376,191,1310,-9999
07/20/2025 01:10,SCH - NE - NY,23318,-876.4,1400,-1600
07/20/2025 01:10,SCH - NPX_1385,325277,-118,125,-125
07/20/2025 01:10,SCH - NPX_CSC,325154,330,330,-330
07/20/2025 01:10,SCH - OH - NY,23317,1400.13,2000,-1600
07/20/2025 01:10,SCH - PJ - NY,23316,1516.61,2000,-1050
07/20/2025 01:10,SCH - PJM_HTP,325905,660,660,-660
07/20/2025 01:10,SCH - PJM_NEPTUNE,325305,660,660,-660
07/20/2025 01:10,SCH - PJM_VFT,325658,315,315,-315
07/20/2025 01:10,SPR/DUN-SOUTH,23320,2074.91,4600,-9999
07/20/2025 01:10,TOTAL EAST,23314,3262.25,7550,-9999
07/20/2025 01:10,UPNY CONED,23315,3504.01,6615,-9999
07/20/2025 01:10,WEST CENTRAL,23312,93.44,9999,-9999
07/20/2025 01:15,CENTRAL EAST - VC,23330,1636.05,3065,-9999
07/20/2025 01:15,DYSINGER EAST,23326,480.88,3200,-9999
07/20/2025 01:15,MOSES SOUTH,23319,268.91,3150,-1600
07/20/2025 01:15,SCH - HQ - NY,23324,191,1500,-980
07/20/2025 01:15,SCH - HQ_CEDARS,325274,0,270,-40
07/20/2025 01:15,SCH - HQ_IMPORT_EXPORT,325376,191,1310,-9999
07/20/2025 01:15,SCH - NE - NY,23318,-1003.36,1400,-1600
07/20/2025 01:15,SCH - NPX_1385,325277,-118,125,-125
07/20/2025 01:15,SCH - NPX_CSC,325154,330,330,-330
07/20/2025 01:15,SCH - OH - NY,23317,1400.18,2000,-1600
07/20/2025 01:15,SCH - PJ - NY,23316,1576.45,2000,-1050
07/20/2025 01:15,SCH - PJM_HTP,325905,660,660,-660
07/20/2025 01:15,SCH - PJM_NEPTUNE,325305,660,660,-660
07/20/2025 01:15,SCH - PJM_VFT,325658,315,315,-315
07/20/2025 01:15,SPR/DUN-SOUTH,23320,2011.78,4600,-9999
07/20/2025 01:15,TOTAL EAST,23314,3340.34,7550,-9999
07/20/2025 01:15,UPNY CONED,23315,3482.73,6615,-9999
07/20/2025 01:15,WEST CENTRAL,23312,70.96,9999,-9999
07/20/2025 01:20,CENTRAL EAST - VC,23330,1641.5,3065,-9999
07/20/2025 01:20,DYSINGER EAST,23326,497.73,3200,-9999
07/20/2025 01:20,MOSES SOUTH,23319,270.2,3150,-1600
07/20/2025 01:20,SCH - HQ - NY,23324,191,1500,-980
07/20/2025 01:20,SCH - HQ_CEDARS,325274,0,270,-40
07/20/2025 01:20,SCH - HQ_IMPORT_EXPORT,325376,191,1310,-9999
07/20/2025 01:20,SCH - NE - NY,23318,-1131.03,1400,-1600
07/20/2025 01:20,SCH - NPX_1385,325277,-118,125,-125
07/20/2025 01:20,SCH - NPX_CSC,325154,330,330,-330
07/20/2025 01:20,SCH - OH - NY,23317,1400.15,2000,-1600
07/20/2025 01:20,SCH - PJ - NY,23316,1639.12,2000,-1050
07/20/2025 01:20,SCH - PJM_HTP,325905,660,660,-660
07/20/2025 01:20,SCH - PJM_NEPTUNE,325305,660,660,-660
07/20/2025 01:20,SCH - PJM_VFT,325658,315,315,-315
07/20/2025 01:20,SPR/DUN-SOUTH,23320,1934.39,4600,-9999
07/20/2025 01:20,TOTAL EAST,23314,3431.25,7550,-9999
07/20/2025 01:20,UPNY CONED,23315,3413.75,6615,-9999
07/20/2025 01:20,WEST CENTRAL,23312,88.55,9999,-9999
07/20/2025 01:25,CENTRAL EAST - VC,23330,1652.69,3065,-9999
07/20/2025 01:25,DYSINGER EAST,23326,524.25,3200,-9999
07/20/2025 01:25,MOSES SOUTH,23319,264.51,3150,-1600
07/20/2025 01:25,SCH - HQ - NY,23324,191,1500,-980
07/20/2025 01:25,SCH - HQ_CEDARS,325274,0,270,-40
07/20/2025 01:25,SCH - HQ_IMPORT_EXPORT,325376,191,1310,-9999
07/20/2025 01:25,SCH - NE - NY,23318,-1131.03,1400,-1600
07/20/2025 01:25,SCH - NPX_1385,325277,-118,125,-125
07/20/2025 01:25,SCH - NPX_CSC,325154,330,330,-330
07/20/2025 01:25,SCH - OH - NY,23317,1400.1,2000,-1600
07/20/2025 01:25,SCH - PJ - NY,23316,1639.18,2000,-1050
07/20/2025 01:25,SCH - PJM_HTP,325905,660,660,-660
07/20/2025 01:25,SCH - PJM_NEPTUNE,325305,660,660,-660
07/20/2025 01:25,SCH - PJM_VFT,325658,315,315,-315
07/20/2025 01:25,SPR/DUN-SOUTH,23320,1932.7,4600,-9999
07/20/2025 01:25,TOTAL EAST,23314,3430.63,7550,-9999
07/20/2025 01:25,UPNY CONED,23315,3405.58,6615,-9999
07/20/2025 01:25,WEST CENTRAL,23312,116.04,9999,-9999
07/20/2025 01:30,CENTRAL EAST - VC,23330,1628.85,3065,-9999
07/20/2025 01:30,DYSINGER EAST,23326,510.14,3200,-9999
07/20/2025 01:30,MOSES SOUTH,23319,267.3,3150,-1600
07/20/2025 01:30,SCH - HQ - NY,23324,191,1500,-980
07/20/2025 01:30,SCH - HQ_CEDARS,325274,0,270,-40
07/20/2025 01:30,SCH - HQ_IMPORT_EXPORT,325376,191,1310,-9999
07/20/2025 01:30,SCH - NE - NY,23318,-1129.03,1400,-1600
07/20/2025 01:30,SCH - NPX_1385,325277,-118,125,-125
07/20/2025 01:30,SCH - NPX_CSC,325154,330,330,-330
07/20/2025 01:30,SCH - OH - NY,23317,1400.13,2000,-1600
07/20/2025 01:30,SCH - PJ - NY,23316,1635.11,2000,-1050
07/20/2025 01:30,SCH - PJM_HTP,325905,660,660,-660
07/20/2025 01:30,SCH - PJM_NEPTUNE,325305,660,660,-660
07/20/2025 01:30,SCH - PJM_VFT,325658,315,315,-315
07/20/2025 01:30,SPR/DUN-SOUTH,23320,1877.61,4600,-9999
07/20/2025 01:30,TOTAL EAST,23314,3439.78,7550,-9999
07/20/2025 01:30,UPNY CONED,23315,3386.47,6615,-9999
07/20/2025 01:30,WEST CENTRAL,23312,106.95,9999,-9999
07/20/2025 01:35,CENTRAL EAST - VC,23330,1639.45,3065,-9999
07/20/2025 01:35,DYSINGER EAST,23326,500.35,3200,-9999
07/20/2025 01:35,MOSES SOUTH,23319,261.74,3150,-1600
07/20/2025 01:35,SCH - HQ - NY,23324,191,1500,-980
07/20/2025 01:35,SCH - HQ_CEDARS,325274,0,270,-40
07/20/2025 01:35,SCH - HQ_IMPORT_EXPORT,325376,191,1310,-9999
07/20/2025 01:35,SCH - NE - NY,23318,-1127.03,1400,-1600
07/20/2025 01:35,SCH - NPX_1385,325277,-118,125,-125
07/20/2025 01:35,SCH - NPX_CSC,325154,330,330,-330
07/20/2025 01:35,SCH - OH - NY,23317,1400.16,2000,-1600
07/20/2025 01:35,SCH - PJ - NY,23316,1636.11,2000,-1050
07/20/2025 01:35,SCH - PJM_HTP,325905,660,660,-660
07/20/2025 01:35,SCH - PJM_NEPTUNE,325305,660,660,-660
07/20/2025 01:35,SCH - PJM_VFT,325658,315,315,-315
07/20/2025 01:35,SPR/DUN-SOUTH,23320,1901.71,4600,-9999
07/20/2025 01:35,TOTAL EAST,23314,3449.71,7550,-9999
07/20/2025 01:35,UPNY CONED,23315,3392.49,6615,-9999
07/20/2025 01:35,WEST CENTRAL,23312,100.32,9999,-9999
07/20/2025 01:40,CENTRAL EAST - VC,23330,1678.36,3065,-9999
07/20/2025 01:40,DYSINGER EAST,23326,545.74,3200,-9999
07/20/2025 01:40,MOSES SOUTH,23319,254.8,3150,-1600
07/20/2025 01:40,SCH - HQ - NY,23324,191,1500,-980
07/20/2025 01:40,SCH - HQ_CEDARS,325274,0,270,-40
07/20/2025 01:40,SCH - HQ_IMPORT_EXPORT,325376,191,1310,-9999
07/20/2025 01:40,SCH - NE - NY,23318,-1127.03,1400,-1600
07/20/2025 01:40,SCH - NPX_1385,325277,-118,125,-125
07/20/2025 01:40,SCH - NPX_CSC,325154,330,330,-330
07/20/2025 01:40,SCH - OH - NY,23317,1400.06,2000,-1600
07/20/2025 01:40,SCH - PJ - NY,23316,1640.26,2000,-1050
07/20/2025 01:40,SCH - PJM_HTP,325905,660,660,-660
07/20/2025 01:40,SCH - PJM_NEPTUNE,325305,660,660,-660
07/20/2025 01:40,SCH - PJM_VFT,325658,315,315,-315
07/20/2025 01:40,SPR/DUN-SOUTH,23320,1927.07,4600,-9999
07/20/2025 01:40,TOTAL EAST,23314,3468.32,7550,-9999
07/20/2025 01:40,UPNY CONED,23315,3394.66,6615,-9999
07/20/2025 01:40,WEST CENTRAL,23312,148.68,9999,-9999
07/20/2025 01:45,CENTRAL EAST - VC,23330,1651.75,3065,-9999
07/20/2025 01:45,DYSINGER EAST,23326,505.73,3200,-9999
07/20/2025 01:45,MOSES SOUTH,23319,236.03,3150,-1600
07/20/2025 01:45,SCH - HQ - NY,23324,191,1500,-980
07/20/2025 01:45,SCH - HQ_CEDARS,325274,0,270,-40
07/20/2025 01:45,SCH - HQ_IMPORT_EXPORT,325376,191,1310,-9999
07/20/2025 01:45,SCH - NE - NY,23318,-1096.03,1400,-1600
07/20/2025 01:45,SCH - NPX_1385,325277,-118,125,-125
07/20/2025 01:45,SCH - NPX_CSC,325154,330,330,-330
07/20/2025 01:45,SCH - OH - NY,23317,1400.18,2000,-1600
07/20/2025 01:45,SCH - PJ - NY,23316,1614.13,2000,-1050
07/20/2025 01:45,SCH - PJM_HTP,325905,660,660,-660
07/20/2025 01:45,SCH - PJM_NEPTUNE,325305,660,660,-660
07/20/2025 01:45,SCH - PJM_VFT,325658,315,315,-315
07/20/2025 01:45,SPR/DUN-SOUTH,23320,1920.29,4600,-9999
07/20/2025 01:45,TOTAL EAST,23314,3444.57,7550,-9999
07/20/2025 01:45,UPNY CONED,23315,3369.4,6615,-9999
07/20/2025 01:45,WEST CENTRAL,23312,111.83,9999,-9999
07/20/2025 01:50,CENTRAL EAST - VC,23330,1619.01,3065,-9999
07/20/2025 01:50,DYSINGER EAST,23326,462.2,3200,-9999
07/20/2025 01:50,MOSES SOUTH,23319,223.9,3150,-1600
07/20/2025 01:50,SCH - HQ - NY,23324,191,1500,-980
07/20/2025 01:50,SCH - HQ_CEDARS,325274,0,270,-40
07/20/2025 01:50,SCH - HQ_IMPORT_EXPORT,325376,191,1310,-9999
07/20/2025 01:50,SCH - NE - NY,23318,-1065.04,1400,-1600
07/20/2025 01:50,SCH - NPX_1385,325277,-118,125,-125
07/20/2025 01:50,SCH - NPX_CSC,325154,330,330,-330
07/20/2025 01:50,SCH - OH - NY,23317,1400.26,2000,-1600
07/20/2025 01:50,SCH - PJ - NY,23316,1586.98,2000,-1050
07/20/2025 01:50,SCH - PJM_HTP,325905,660,660,-660
07/20/2025 01:50,SCH - PJM_NEPTUNE,325305,660,660,-660
07/20/2025 01:50,SCH - PJM_VFT,325658,315,315,-315
07/20/2025 01:50,SPR/DUN-SOUTH,23320,1912.76,4600,-9999
07/20/2025 01:50,TOTAL EAST,23314,3442.4,7550,-9999
07/20/2025 01:50,UPNY CONED,23315,3342.44,6615,-9999
07/20/2025 01:50,WEST CENTRAL,23312,73.17,9999,-9999
07/20/2025 01:55,CENTRAL EAST - VC,23330,1674.19,3065,-9999
07/20/2025 01:55,DYSINGER EAST,23326,512.75,3200,-9999
07/20/2025 01:55,MOSES SOUTH,23319,242.42,3150,-1600
07/20/2025 01:55,SCH - HQ - NY,23324,191,1500,-980
07/20/2025 01:55,SCH - HQ_CEDARS,325274,0,270,-40
07/20/2025 01:55,SCH - HQ_IMPORT_EXPORT,325376,191,1310,-9999
07/20/2025 01:55,SCH - NE - NY,23318,-1065.03,1400,-1600
07/20/2025 01:55,SCH - NPX_1385,325277,-118,125,-125
07/20/2025 01:55,SCH - NPX_CSC,325154,330,330,-330
07/20/2025 01:55,SCH - OH - NY,23317,1400.12,2000,-1600
07/20/2025 01:55,SCH - PJ - NY,23316,1587.21,2000,-1050
07/20/2025 01:55,SCH - PJM_HTP,325905,660,660,-660
07/20/2025 01:55,SCH - PJM_NEPTUNE,325305,660,660,-660
07/20/2025 01:55,SCH - PJM_VFT,325658,315,315,-315
07/20/2025 01:55,SPR/DUN-SOUTH,23320,1908.99,4600,-9999
07/20/2025 01:55,TOTAL EAST,23314,3448.98,7550,-9999
07/20/2025 01:55,UPNY CONED,23315,3359.77,6615,-9999
07/20/2025 01:55,WEST CENTRAL,23312,126.78,9999,-9999
07/20/2025 02:00,CENTRAL EAST - VC,23330,1725.54,3065,-9999
07/20/2025 02:00,DYSINGER EAST,23326,486.61,3200,-9999
07/20/2025 02:00,MOSES SOUTH,23319,269.72,3150,-1600
07/20/2025 02:00,SCH - HQ - NY,23324,191,1500,-980
07/20/2025 02:00,SCH - HQ_CEDARS,325274,0,270,-40
07/20/2025 02:00,SCH - HQ_IMPORT_EXPORT,325376,191,1310,-9999
07/20/2025 02:00,SCH - NE - NY,23318,-1060.04,1400,-1600
07/20/2025 02:00,SCH - NPX_1385,325277,-105,125,-125
07/20/2025 02:00,SCH - NPX_CSC,325154,330,330,-330
07/20/2025 02:00,SCH - OH - NY,23317,1400.14,2000,-1600
07/20/2025 02:00,SCH - PJ - NY,23316,1438.21,2000,-1050
07/20/2025 02:00,SCH - PJM_HTP,325905,660,660,-660
07/20/2025 02:00,SCH - PJM_NEPTUNE,325305,660,660,-660
07/20/2025 02:00,SCH - PJM_VFT,325658,315,315,-315
07/20/2025 02:00,SPR/DUN-SOUTH,23320,1897.99,4600,-9999
07/20/2025 02:00,TOTAL EAST,23314,3405.84,7550,-9999
07/20/2025 02:00,UPNY CONED,23315,3422.55,6615,-9999
07/20/2025 02:00,WEST CENTRAL,23312,103.46,9999,-9999
07/20/2025 02:05,CENTRAL EAST - VC,23330,1712.23,3065,-9999
07/20/2025 02:05,DYSINGER EAST,23326,482.77,3200,-9999
07/20/2025 02:05,MOSES SOUTH,23319,260.72,3150,-1600
07/20/2025 02:05,SCH - HQ - NY,23324,191,1500,-980
07/20/2025 02:05,SCH - HQ_CEDARS,325274,0,270,-40
07/20/2025 02:05,SCH - HQ_IMPORT_EXPORT,325376,191,1310,-9999
07/20/2025 02:05,SCH - NE - NY,23318,-1056.03,1400,-1600
07/20/2025 02:05,SCH - NPX_1385,325277,-93,125,-125
07/20/2025 02:05,SCH - NPX_CSC,325154,330,330,-330
07/20/2025 02:05,SCH - OH - NY,23317,1400.11,2000,-1600
07/20/2025 02:05,SCH - PJ - NY,23316,1293.18,2000,-1050
07/20/2025 02:05,SCH - PJM_HTP,325905,660,660,-660
07/20/2025 02:05,SCH - PJM_NEPTUNE,325305,660,660,-660
07/20/2025 02:05,SCH - PJM_VFT,325658,315,315,-315
07/20/2025 02:05,SPR/DUN-SOUTH,23320,1836.31,4600,-9999
07/20/2025 02:05,TOTAL EAST,23314,3303.2,7550,-9999
07/20/2025 02:05,UPNY CONED,23315,3376.26,6615,-9999
07/20/2025 02:05,WEST CENTRAL,23312,101.47,9999,-9999
07/20/2025 02:10,CENTRAL EAST - VC,23330,1724.31,3065,-9999
07/20/2025 02:10,DYSINGER EAST,23326,419.89,3200,-9999
07/20/2025 02:10,MOSES SOUTH,23319,249.81,3150,-1600
07/20/2025 02:10,SCH - HQ - NY,23324,191,1500,-980
07/20/2025 02:10,SCH - HQ_CEDARS,325274,0,270,-40
07/20/2025 02:10,SCH - HQ_IMPORT_EXPORT,325376,191,1310,-9999
07/20/2025 02:10,SCH - NE - NY,23318,-1054.65,1400,-1600
07/20/2025 02:10,SCH - NPX_1385,325277,-93,125,-125
07/20/2025 02:10,SCH - NPX_CSC,325154,330,330,-330
07/20/2025 02:10,SCH - OH - NY,23317,1400.29,2000,-1600
07/20/2025 02:10,SCH - PJ - NY,23316,1289.03,2000,-1050
07/20/2025 02:10,SCH - PJM_HTP,325905,660,660,-660
07/20/2025 02:10,SCH - PJM_NEPTUNE,325305,660,660,-660
07/20/2025 02:10,SCH - PJM_VFT,325658,315,315,-315
07/20/2025 02:10,SPR/DUN-SOUTH,23320,1864.47,4600,-9999
07/20/2025 02:10,TOTAL EAST,23314,3302.25,7550,-9999
07/20/2025 02:10,UPNY CONED,23315,3390.06,6615,-9999
07/20/2025 02:10,WEST CENTRAL,23312,43.25,9999,-9999
07/20/2025 02:15,CENTRAL EAST - VC,23330,1701.08,3065,-9999
07/20/2025 02:15,DYSINGER EAST,23326,486.04,3200,-9999
07/20/2025 02:15,MOSES SOUTH,23319,302.41,3150,-1600
07/20/2025 02:15,SCH - HQ - NY,23324,191,1500,-980
07/20/2025 02:15,SCH - HQ_CEDARS,325274,0,270,-40
07/20/2025 02:15,SCH - HQ_IMPORT_EXPORT,325376,191,1310,-9999
07/20/2025 02:15,SCH - NE - NY,23318,-1054.83,1400,-1600
07/20/2025 02:15,SCH - NPX_1385,325277,-93,125,-125
07/20/2025 02:15,SCH - NPX_CSC,325154,330,330,-330
07/20/2025 02:15,SCH - OH - NY,23317,1400.1,2000,-1600
07/20/2025 02:15,SCH - PJ - NY,23316,1292.23,2000,-1050
07/20/2025 02:15,SCH - PJM_HTP,325905,660,660,-660
07/20/2025 02:15,SCH - PJM_NEPTUNE,325305,660,660,-660
07/20/2025 02:15,SCH - PJM_VFT,325658,315,315,-315
07/20/2025 02:15,SPR/DUN-SOUTH,23320,1842.06,4600,-9999
07/20/2025 02:15,TOTAL EAST,23314,3294.99,7550,-9999
07/20/2025 02:15,UPNY CONED,23315,3359.36,6615,-9999
07/20/2025 02:15,WEST CENTRAL,23312,110.62,9999,-9999
07/20/2025 02:20,CENTRAL EAST - VC,23330,1716.4,3065,-9999
07/20/2025 02:20,DYSINGER EAST,23326,464.9,3200,-9999
07/20/2025 02:20,MOSES SOUTH,23319,305.08,3150,-1600
07/20/2025 02:20,SCH - HQ - NY,23324,191,1500,-980
07/20/2025 02:20,SCH - HQ_CEDARS,325274,0,270,-40
07/20/2025 02:20,SCH - HQ_IMPORT_EXPORT,325376,191,1310,-9999
07/20/2025 02:20,SCH - NE - NY,23318,-1053.75,1400,-1600
07/20/2025 02:20,SCH - NPX_1385,325277,-93,125,-125
07/20/2025 02:20,SCH - NPX_CSC,325154,330,330,-330
07/20/2025 02:20,SCH - OH - NY,23317,1400.16,2000,-1600
07/20/2025 02:20,SCH - PJ - NY,23316,1288.66,2000,-1050
07/20/2025 02:20,SCH - PJM_HTP,325905,660,660,-660
07/20/2025 02:20,SCH - PJM_NEPTUNE,325305,660,660,-660
07/20/2025 02:20,SCH - PJM_VFT,325658,315,315,-315
07/20/2025 02:20,SPR/DUN-SOUTH,23320,1844.41,4600,-9999
07/20/2025 02:20,TOTAL EAST,23314,3312.03,7550,-9999
07/20/2025 02:20,UPNY CONED,23315,3360.85,6615,-9999
07/20/2025 02:20,WEST CENTRAL,23312,91.67,9999,-9999
07/20/2025 02:25,CENTRAL EAST - VC,23330,1745.64,3065,-9999
07/20/2025 02:25,DYSINGER EAST,23326,494.65,3200,-9999
07/20/2025 02:25,MOSES SOUTH,23319,306.59,3150,-1600
07/20/2025 02:25,SCH - HQ - NY,23324,191,1500,-980
07/20/2025 02:25,SCH - HQ_CEDARS,325274,0,270,-40
07/20/2025 02:25,SCH - HQ_IMPORT_EXPORT,325376,191,1310,-9999
07/20/2025 02:25,SCH - NE - NY,23318,-1053.71,1400,-1600
07/20/2025 02:25,SCH - NPX_1385,325277,-93,125,-125
07/20/2025 02:25,SCH - NPX_CSC,325154,330,330,-330
07/20/2025 02:25,SCH - OH - NY,23317,1400.12,2000,-1600
07/20/2025 02:25,SCH - PJ - NY,23316,1290.58,2000,-1050
07/20/2025 02:25,SCH - PJM_HTP,325905,660,660,-660
07/20/2025 02:25,SCH - PJM_NEPTUNE,325305,660,660,-660
07/20/2025 02:25,SCH - PJM_VFT,325658,315,315,-315
07/20/2025 02:25,SPR/DUN-SOUTH,23320,1877.24,4600,-9999
07/20/2025 02:25,TOTAL EAST,23314,3323.52,7550,-9999
07/20/2025 02:25,UPNY CONED,23315,3395.26,6615,-9999
07/20/2025 02:25,WEST CENTRAL,23312,125.56,9999,-9999
07/20/2025 02:30,CENTRAL EAST - VC,23330,1725.71,3065,-9999
07/20/2025 02:30,DYSINGER EAST,23326,489.16,3200,-9999
07/20/2025 02:30,MOSES SOUTH,23319,294.87,3150,-1600
07/20/2025 02:30,SCH - HQ - NY,23324,191,1500,-980
07/20/2025 02:30,SCH - HQ_CEDARS,325274,0,270,-40
07/20/2025 02:30,SCH - HQ_IMPORT_EXPORT,325376,191,1310,-9999
07/20/2025 02:30,SCH - NE - NY,23318,-1121.63,1400,-1600
07/20/2025 02:30,SCH - NPX_1385,325277,-93,125,-125
07/20/2025 02:30,SCH - NPX_CSC,325154,330,330,-330
07/20/2025 02:30,SCH - OH - NY,23317,1400.17,2000,-1600
07/20/2025 02:30,SCH - PJ - NY,23316,1496.25,2000,-1050
07/20/2025 02:30,SCH - PJM_HTP,325905,660,660,-660
07/20/2025 02:30,SCH - PJM_NEPTUNE,325305,660,660,-660
07/20/2025 02:30,SCH - PJM_VFT,325658,315,315,-315
07/20/2025 02:30,SPR/DUN-SOUTH,23320,1865.37,4600,-9999
07/20/2025 02:30,TOTAL EAST,23314,3431.67,7550,-9999
07/20/2025 02:30,UPNY CONED,23315,3369.82,6615,-9999
07/20/2025 02:30,WEST CENTRAL,23312,122.44,9999,-9999
07/20/2025 02:35,CENTRAL EAST - VC,23330,1854.13,3065,-9999
07/20/2025 02:35,DYSINGER EAST,23326,566.44,3200,-9999
07/20/2025 02:35,MOSES SOUTH,23319,316.49,3150,-1600
07/20/2025 02:35,SCH - HQ - NY,23324,191,1500,-980
07/20/2025 02:35,SCH - HQ_CEDARS,325274,0,270,-40
07/20/2025 02:35,SCH - HQ_IMPORT_EXPORT,325376,191,1310,-9999
07/20/2025 02:35,SCH - NE - NY,23318,-1190.64,1400,-1600
07/20/2025 02:35,SCH - NPX_1385,325277,-93,125,-125
07/20/2025 02:35,SCH - NPX_CSC,325154,330,330,-330
07/20/2025 02:35,SCH - OH - NY,23317,1400.06,2000,-1600
07/20/2025 02:35,SCH - PJ - NY,23316,1700.23,2000,-1050
07/20/2025 02:35,SCH - PJM_HTP,325905,660,660,-660
07/20/2025 02:35,SCH - PJM_NEPTUNE,325305,660,660,-660
07/20/2025 02:35,SCH - PJM_VFT,325658,315,315,-315
07/20/2025 02:35,SPR/DUN-SOUTH,23320,1868.83,4600,-9999
07/20/2025 02:35,TOTAL EAST,23314,3639.14,7550,-9999
07/20/2025 02:35,UPNY CONED,23315,3362.89,6615,-9999
07/20/2025 02:35,WEST CENTRAL,23312,201.86,9999,-9999
07/20/2025 02:40,CENTRAL EAST - VC,23330,1850.07,3065,-9999
07/20/2025 02:40,DYSINGER EAST,23326,542.72,3200,-9999
07/20/2025 02:40,MOSES SOUTH,23319,309.37,3150,-1600
07/20/2025 02:40,SCH - HQ - NY,23324,191,1500,-980
07/20/2025 02:40,SCH - HQ_CEDARS,325274,0,270,-40
07/20/2025 02:40,SCH - HQ_IMPORT_EXPORT,325376,191,1310,-9999
07/20/2025 02:40,SCH - NE - NY,23318,-1190.52,1400,-1600
07/20/2025 02:40,SCH - NPX_1385,325277,-93,125,-125
07/20/2025 02:40,SCH - NPX_CSC,325154,330,330,-330
07/20/2025 02:40,SCH - OH - NY,23317,1400.12,2000,-1600
07/20/2025 02:40,SCH - PJ - NY,23316,1699.15,2000,-1050
07/20/2025 02:40,SCH - PJM_HTP,325905,660,660,-660
07/20/2025 02:40,SCH - PJM_NEPTUNE,325305,660,660,-660
07/20/2025 02:40,SCH - PJM_VFT,325658,315,315,-315
07/20/2025 02:40,SPR/DUN-SOUTH,23320,1868.54,4600,-9999
07/20/2025 02:40,TOTAL EAST,23314,3644.13,7550,-9999
07/20/2025 02:40,UPNY CONED,23315,3347.23,6615,-9999
07/20/2025 02:40,WEST CENTRAL,23312,181.33,9999,-9999
07/20/2025 02:45,CENTRAL EAST - VC,23330,1810.11,3065,-9999
07/20/2025 02:45,DYSINGER EAST,23326,509.13,3200,-9999
07/20/2025 02:45,MOSES SOUTH,23319,315.94,3150,-1600
07/20/2025 02:45,SCH - HQ - NY,23324,191,1500,-980
07/20/2025 02:45,SCH - HQ_CEDARS,325274,0,270,-40
07/20/2025 02:45,SCH - HQ_IMPORT_EXPORT,325376,191,1310,-9999
07/20/2025 02:45,SCH - NE - NY,23318,-1204.69,1400,-1600
07/20/2025 02:45,SCH - NPX_1385,325277,-93,125,-125
07/20/2025 02:45,SCH - NPX_CSC,325154,330,330,-330
07/20/2025 02:45,SCH - OH - NY,23317,1400.11,2000,-1600
07/20/2025 02:45,SCH - PJ - NY,23316,1700.38,2000,-1050
07/20/2025 02:45,SCH - PJM_HTP,325905,660,660,-660
07/20/2025 02:45,SCH - PJM_NEPTUNE,325305,660,660,-660
07/20/2025 02:45,SCH - PJM_VFT,325658,315,315,-315
07/20/2025 02:45,SPR/DUN-SOUTH,23320,1839.93,4600,-9999
07/20/2025 02:45,TOTAL EAST,23314,3654.6,7550,-9999
07/20/2025 02:45,UPNY CONED,23315,3308.95,6615,-9999
07/20/2025 02:45,WEST CENTRAL,23312,150.54,9999,-9999
07/20/2025 02:50,CENTRAL EAST - VC,23330,1810.69,3065,-9999
07/20/2025 02:50,DYSINGER EAST,23326,475.97,3200,-9999
07/20/2025 02:50,MOSES SOUTH,23319,323.18,3150,-1600
07/20/2025 02:50,SCH - HQ - NY,23324,191,1500,-980
07/20/2025 02:50,SCH - HQ_CEDARS,325274,0,270,-40
07/20/2025 02:50,SCH - HQ_IMPORT_EXPORT,325376,191,1310,-9999
07/20/2025 02:50,SCH - NE - NY,23318,-1219.66,1400,-1600
07/20/2025 02:50,SCH - NPX_1385,325277,-93,125,-125
07/20/2025 02:50,SCH - NPX_CSC,325154,330,330,-330
07/20/2025 02:50,SCH - OH - NY,23317,1400.15,2000,-1600
07/20/2025 02:50,SCH - PJ - NY,23316,1698.27,2000,-1050
07/20/2025 02:50,SCH - PJM_HTP,325905,660,660,-660
07/20/2025 02:50,SCH - PJM_NEPTUNE,325305,660,660,-660
07/20/2025 02:50,SCH - PJM_VFT,325658,315,315,-315
07/20/2025 02:50,SPR/DUN-SOUTH,23320,1843.27,4600,-9999
07/20/2025 02:50,TOTAL EAST,23314,3656.92,7550,-9999
07/20/2025 02:50,UPNY CONED,23315,3291.49,6615,-9999
07/20/2025 02:50,WEST CENTRAL,23312,119.47,9999,-9999
07/20/2025 02:55,CENTRAL EAST - VC,23330,1832.88,3065,-9999
07/20/2025 02:55,DYSINGER EAST,23326,518.51,3200,-9999
07/20/2025 02:55,MOSES SOUTH,23319,326.81,3150,-1600
07/20/2025 02:55,SCH - HQ - NY,23324,191,1500,-980
07/20/2025 02:55,SCH - HQ_CEDARS,325274,0,270,-40
07/20/2025 02:55,SCH - HQ_IMPORT_EXPORT,325376,191,1310,-9999
07/20/2025 02:55,SCH - NE - NY,23318,-1219.69,1400,-1600
07/20/2025 02:55,SCH - NPX_1385,325277,-93,125,-125
07/20/2025 02:55,SCH - NPX_CSC,325154,330,330,-330
07/20/2025 02:55,SCH - OH - NY,23317,1400.08,2000,-1600
07/20/2025 02:55,SCH - PJ - NY,23316,1703.45,2000,-1050
07/20/2025 02:55,SCH - PJM_HTP,325905,660,660,-660
07/20/2025 02:55,SCH - PJM_NEPTUNE,325305,660,660,-660
07/20/2025 02:55,SCH - PJM_VFT,325658,315,315,-315
07/20/2025 02:55,SPR/DUN-SOUTH,23320,1887.33,4600,-9999
07/20/2025 02:55,TOTAL EAST,23314,3690.63,7550,-9999
07/20/2025 02:55,UPNY CONED,23315,3320.33,6615,-9999
07/20/2025 02:55,WEST CENTRAL,23312,162.86,9999,-9999
07/20/2025 03:00,CENTRAL EAST - VC,23330,1758.28,3065,-9999
07/20/2025 03:00,DYSINGER EAST,23326,544.08,3200,-9999
07/20/2025 03:00,MOSES SOUTH,23319,198.14,3150,-1600
07/20/2025 03:00,SCH - HQ - NY,23324,91,1500,-980
07/20/2025 03:00,SCH - HQ_CEDARS,325274,0,270,-40
07/20/2025 03:00,SCH - HQ_IMPORT_EXPORT,325376,91,1310,-9999
07/20/2025 03:00,SCH - NE - NY,23318,-1139.73,1400,-1600
07/20/2025 03:00,SCH - NPX_1385,325277,-105,125,-125
07/20/2025 03:00,SCH - NPX_CSC,325154,330,330,-330
07/20/2025 03:00,SCH - OH - NY,23317,1400.11,2000,-1600
07/20/2025 03:00,SCH - PJ - NY,23316,1571.55,2000,-1050
07/20/2025 03:00,SCH - PJM_HTP,325905,660,660,-660
07/20/2025 03:00,SCH - PJM_NEPTUNE,325305,660,660,-660
07/20/2025 03:00,SCH - PJM_VFT,325658,315,315,-315
07/20/2025 03:00,SPR/DUN-SOUTH,23320,1833.92,4600,-9999
07/20/2025 03:00,TOTAL EAST,23314,3552.61,7550,-9999
07/20/2025 03:00,UPNY CONED,23315,3289.55,6615,-9999
07/20/2025 03:00,WEST CENTRAL,23312,190.26,9999,-9999
07/20/2025 03:05,CENTRAL EAST - VC,23330,1655.22,3065,-9999
07/20/2025 03:05,DYSINGER EAST,23326,510.6,3200,-9999
07/20/2025 03:05,MOSES SOUTH,23319,100.87,3150,-1600
07/20/2025 03:05,SCH - HQ - NY,23324,-9,1500,-980
07/20/2025 03:05,SCH - HQ_CEDARS,325274,0,270,-40
07/20/2025 03:05,SCH - HQ_IMPORT_EXPORT,325376,-9,1310,-9999
07/20/2025 03:05,SCH - NE - NY,23318,-1059.8,1400,-1600
07/20/2025 03:05,SCH - NPX_1385,325277,-118,125,-125
07/20/2025 03:05,SCH - NPX_CSC,325154,330,330,-330
07/20/2025 03:05,SCH - OH - NY,23317,1400.16,2000,-1600
07/20/2025 03:05,SCH - PJ - NY,23316,1434.65,2000,-1050
07/20/2025 03:05,SCH - PJM_HTP,325905,660,660,-660
07/20/2025 03:05,SCH - PJM_NEPTUNE,325305,660,660,-660
07/20/2025 03:05,SCH - PJM_VFT,325658,315,315,-315
07/20/2025 03:05,SPR/DUN-SOUTH,23320,1836.28,4600,-9999
07/20/2025 03:05,TOTAL EAST,23314,3328.66,7550,-9999
07/20/2025 03:05,UPNY CONED,23315,3300.32,6615,-9999
07/20/2025 03:05,WEST CENTRAL,23312,157.86,9999,-9999
07/20/2025 03:10,CENTRAL EAST - VC,23330,1635.99,3065,-9999
07/20/2025 03:10,DYSINGER EAST,23326,514.9,3200,-9999
07/20/2025 03:10,MOSES SOUTH,23319,126.47,3150,-1600
07/20/2025 03:10,SCH - HQ - NY,23324,-9,1500,-980
07/20/2025 03:10,SCH - HQ_CEDARS,325274,0,270,-40
07/20/2025 03:10,SCH - HQ_IMPORT_EXPORT,325376,-9,1310,-9999
07/20/2025 03:10,SCH - NE - NY,23318,-1059.27,1400,-1600
07/20/2025 03:10,SCH - NPX_1385,325277,-118,125,-125
07/20/2025 03:10,SCH - NPX_CSC,325154,330,330,-330
07/20/2025 03:10,SCH - OH - NY,23317,1400.13,2000,-1600
07/20/2025 03:10,SCH - PJ - NY,23316,1436.18,2000,-1050
07/20/2025 03:10,SCH - PJM_HTP,325905,660,660,-660
07/20/2025 03:10,SCH - PJM_NEPTUNE,325305,660,660,-660
07/20/2025 03:10,SCH - PJM_VFT,325658,315,315,-315
07/20/2025 03:10,SPR/DUN-SOUTH,23320,1774.7,4600,-9999
07/20/2025 03:10,TOTAL EAST,23314,3362.81,7550,-9999
07/20/2025 03:10,UPNY CONED,23315,3229.04,6615,-9999
07/20/2025 03:10,WEST CENTRAL,23312,164.85,9999,-9999
07/20/2025 03:15,CENTRAL EAST - VC,23330,1651.08,3065,-9999
07/20/2025 03:15,DYSINGER EAST,23326,522.96,3200,-9999
07/20/2025 03:15,MOSES SOUTH,23319,130.55,3150,-1600
07/20/2025 03:15,SCH - HQ - NY,23324,-9,1500,-980
07/20/2025 03:15,SCH - HQ_CEDARS,325274,0,270,-40
07/20/2025 03:15,SCH - HQ_IMPORT_EXPORT,325376,-9,1310,-9999
07/20/2025 03:15,SCH - NE - NY,23318,-1054.27,1400,-1600
07/20/2025 03:15,SCH - NPX_1385,325277,-118,125,-125
07/20/2025 03:15,SCH - NPX_CSC,325154,330,330,-330
07/20/2025 03:15,SCH - OH - NY,23317,1400.12,2000,-1600
07/20/2025 03:15,SCH - PJ - NY,23316,1435.15,2000,-1050
07/20/2025 03:15,SCH - PJM_HTP,325905,660,660,-660
07/20/2025 03:15,SCH - PJM_NEPTUNE,325305,660,660,-660
07/20/2025 03:15,SCH - PJM_VFT,325658,315,315,-315
07/20/2025 03:15,SPR/DUN-SOUTH,23320,1768.28,4600,-9999
07/20/2025 03:15,TOTAL EAST,23314,3340.81,7550,-9999
07/20/2025 03:15,UPNY CONED,23315,3215.61,6615,-9999
07/20/2025 03:15,WEST CENTRAL,23312,175.92,9999,-9999
07/20/2025 03:20,CENTRAL EAST - VC,23330,1683.61,3065,-9999
07/20/2025 03:20,DYSINGER EAST,23326,553.94,3200,-9999
07/20/2025 03:20,MOSES SOUTH,23319,143.13,3150,-1600
07/20/2025 03:20,SCH - HQ - NY,23324,-9,1500,-980
07/20/2025 03:20,SCH - HQ_CEDARS,325274,0,270,-40
07/20/2025 03:20,SCH - HQ_IMPORT_EXPORT,325376,-9,1310,-9999
07/20/2025 03:20,SCH - NE - NY,23318,-1049.27,1400,-1600
07/20/2025 03:20,SCH - NPX_1385,325277,-118,125,-125
07/20/2025 03:20,SCH - NPX_CSC,325154,330,330,-330
07/20/2025 03:20,SCH - OH - NY,23317,1400.08,2000,-1600
07/20/2025 03:20,SCH - PJ - NY,23316,1438.15,2000,-1050
07/20/2025 03:20,SCH - PJM_HTP,325905,660,660,-660
07/20/2025 03:20,SCH - PJM_NEPTUNE,325305,660,660,-660
07/20/2025 03:20,SCH - PJM_VFT,325658,315,315,-315
07/20/2025 03:20,SPR/DUN-SOUTH,23320,1781.44,4600,-9999
07/20/2025 03:20,TOTAL EAST,23314,3347.73,7550,-9999
07/20/2025 03:20,UPNY CONED,23315,3223.74,6615,-9999
07/20/2025 03:20,WEST CENTRAL,23312,207.87,9999,-9999
07/20/2025 03:25,CENTRAL EAST - VC,23330,1696.23,3065,-9999
07/20/2025 03:25,DYSINGER EAST,23326,536.05,3200,-9999
07/20/2025 03:25,MOSES SOUTH,23319,133.94,3150,-1600
07/20/2025 03:25,SCH - HQ - NY,23324,-9,1500,-980
07/20/2025 03:25,SCH - HQ_CEDARS,325274,0,270,-40
07/20/2025 03:25,SCH - HQ_IMPORT_EXPORT,325376,-9,1310,-9999
07/20/2025 03:25,SCH - NE - NY,23318,-1049.27,1400,-1600
07/20/2025 03:25,SCH - NPX_1385,325277,-118,125,-125
07/20/2025 03:25,SCH - NPX_CSC,325154,330,330,-330
07/20/2025 03:25,SCH - OH - NY,23317,1400.13,2000,-1600
07/20/2025 03:25,SCH - PJ - NY,23316,1433.97,2000,-1050
07/20/2025 03:25,SCH - PJM_HTP,325905,660,660,-660
07/20/2025 03:25,SCH - PJM_NEPTUNE,325305,660,660,-660
07/20/2025 03:25,SCH - PJM_VFT,325658,315,315,-315
07/20/2025 03:25,SPR/DUN-SOUTH,23320,1805.91,4600,-9999
07/20/2025 03:25,TOTAL EAST,23314,3344.82,7550,-9999
07/20/2025 03:25,UPNY CONED,23315,3244.42,6615,-9999
07/20/2025 03:25,WEST CENTRAL,23312,191.2,9999,-9999
07/20/2025 03:30,CENTRAL EAST - VC,23330,1700.67,3065,-9999
07/20/2025 03:30,DYSINGER EAST,23326,566.38,3200,-9999
07/20/2025 03:30,MOSES SOUTH,23319,141.15,3150,-1600
07/20/2025 03:30,SCH - HQ - NY,23324,-9,1500,-980
07/20/2025 03:30,SCH - HQ_CEDARS,325274,0,270,-40
07/20/2025 03:30,SCH - HQ_IMPORT_EXPORT,325376,-9,1310,-9999
07/20/2025 03:30,SCH - NE - NY,23318,-1086.27,1400,-1600
07/20/2025 03:30,SCH - NPX_1385,325277,-118,125,-125
07/20/2025 03:30,SCH - NPX_CSC,325154,330,330,-330
07/20/2025 03:30,SCH - OH - NY,23317,1400.09,2000,-1600
07/20/2025 03:30,SCH - PJ - NY,23316,1437.08,2000,-1050
07/20/2025 03:30,SCH - PJM_HTP,325905,660,660,-660
07/20/2025 03:30,SCH - PJM_NEPTUNE,325305,660,660,-660
07/20/2025 03:30,SCH - PJM_VFT,325658,315,315,-315
07/20/2025 03:30,SPR/DUN-SOUTH,23320,1776.2,4600,-9999
07/20/2025 03:30,TOTAL EAST,23314,3337.06,7550,-9999
07/20/2025 03:30,UPNY CONED,23315,3214.3,6615,-9999
07/20/2025 03:30,WEST CENTRAL,23312,222.3,9999,-9999
07/20/2025 03:35,CENTRAL EAST - VC,23330,1702.89,3065,-9999
07/20/2025 03:35,DYSINGER EAST,23326,580.86,3200,-9999
07/20/2025 03:35,MOSES SOUTH,23319,150.13,3150,-1600
07/20/2025 03:35,SCH - HQ - NY,23324,-9,1500,-980
07/20/2025 03:35,SCH - HQ_CEDARS,325274,0,270,-40
07/20/2025 03:35,SCH - HQ_IMPORT_EXPORT,325376,-9,1310,-9999
07/20/2025 03:35,SCH - NE - NY,23318,-1124.18,1400,-1600
07/20/2025 03:35,SCH - NPX_1385,325277,-118,125,-125
07/20/2025 03:35,SCH - NPX_CSC,325154,330,330,-330
07/20/2025 03:35,SCH - OH - NY,23317,1400.06,2000,-1600
07/20/2025 03:35,SCH - PJ - NY,23316,1436.05,2000,-1050
07/20/2025 03:35,SCH - PJM_HTP,325905,660,660,-660
07/20/2025 03:35,SCH - PJM_NEPTUNE,325305,660,660,-660
07/20/2025 03:35,SCH - PJM_VFT,325658,315,315,-315
07/20/2025 03:35,SPR/DUN-SOUTH,23320,1749.44,4600,-9999
07/20/2025 03:35,TOTAL EAST,23314,3343.42,7550,-9999
07/20/2025 03:35,UPNY CONED,23315,3182.29,6615,-9999
07/20/2025 03:35,WEST CENTRAL,23312,236.55,9999,-9999
07/20/2025 03:40,CENTRAL EAST - VC,23330,1691.79,3065,-9999
07/20/2025 03:40,DYSINGER EAST,23326,555.41,3200,-9999
07/20/2025 03:40,MOSES SOUTH,23319,167.67,3150,-1600
07/20/2025 03:40,SCH - HQ - NY,23324,-9,1500,-980
07/20/2025 03:40,SCH - HQ_CEDARS,325274,0,270,-40
07/20/2025 03:40,SCH - HQ_IMPORT_EXPORT,325376,-9,1310,-9999
07/20/2025 03:40,SCH - NE - NY,23318,-1124.17,1400,-1600
07/20/2025 03:40,SCH - NPX_1385,325277,-118,125,-125
07/20/2025 03:40,SCH - NPX_CSC,325154,330,330,-330
07/20/2025 03:40,SCH - OH - NY,23317,1400.09,2000,-1600
07/20/2025 03:40,SCH - PJ - NY,23316,1437.98,2000,-1050
07/20/2025 03:40,SCH - PJM_HTP,325905,660,660,-660
07/20/2025 03:40,SCH - PJM_NEPTUNE,325305,660,660,-660
07/20/2025 03:40,SCH - PJM_VFT,325658,315,315,-315
07/20/2025 03:40,SPR/DUN-SOUTH,23320,1735.38,4600,-9999
07/20/2025 03:40,TOTAL EAST,23314,3317.71,7550,-9999
07/20/2025 03:40,UPNY CONED,23315,3166.12,6615,-9999
07/20/2025 03:40,WEST CENTRAL,23312,214.19,9999,-9999
07/20/2025 03:45,CENTRAL EAST - VC,23330,1693.9,3065,-9999
07/20/2025 03:45,DYSINGER EAST,23326,542.88,3200,-9999
07/20/2025 03:45,MOSES SOUTH,23319,151.26,3150,-1600
07/20/2025 03:45,SCH - HQ - NY,23324,-9,1500,-980
07/20/2025 03:45,SCH - HQ_CEDARS,325274,0,270,-40
07/20/2025 03:45,SCH - HQ_IMPORT_EXPORT,325376,-9,1310,-9999
07/20/2025 03:45,SCH - NE - NY,23318,-1119.05,1400,-1600
07/20/2025 03:45,SCH - NPX_1385,325277,-118,125,-125
07/20/2025 03:45,SCH - NPX_CSC,325154,330,330,-330
07/20/2025 03:45,SCH - OH - NY,23317,1400.2,2000,-1600
07/20/2025 03:45,SCH - PJ - NY,23316,1436.52,2000,-1050
07/20/2025 03:45,SCH - PJM_HTP,325905,660,660,-660
07/20/2025 03:45,SCH - PJM_NEPTUNE,325305,660,660,-660
07/20/2025 03:45,SCH - PJM_VFT,325658,315,315,-315
07/20/2025 03:45,SPR/DUN-SOUTH,23320,1737.34,4600,-9999
07/20/2025 03:45,TOTAL EAST,23314,3343.62,7550,-9999
07/20/2025 03:45,UPNY CONED,23315,3164.12,6615,-9999
07/20/2025 03:45,WEST CENTRAL,23312,200.73,9999,-9999
07/20/2025 03:50,CENTRAL EAST - VC,23330,1733.44,3065,-9999
07/20/2025 03:50,DYSINGER EAST,23326,591.9,3200,-9999
07/20/2025 03:50,MOSES SOUTH,23319,169.61,3150,-1600
07/20/2025 03:50,SCH - HQ - NY,23324,-9,1500,-980
07/20/2025 03:50,SCH - HQ_CEDARS,325274,0,270,-40
07/20/2025 03:50,SCH - HQ_IMPORT_EXPORT,325376,-9,1310,-9999
07/20/2025 03:50,SCH - NE - NY,23318,-1114.17,1400,-1600
07/20/2025 03:50,SCH - NPX_1385,325277,-118,125,-125
07/20/2025 03:50,SCH - NPX_CSC,325154,330,330,-330
07/20/2025 03:50,SCH - OH - NY,23317,1400.05,2000,-1600
07/20/2025 03:50,SCH - PJ - NY,23316,1436.04,2000,-1050
07/20/2025 03:50,SCH - PJM_HTP,325905,660,660,-660
07/20/2025 03:50,SCH - PJM_NEPTUNE,325305,660,660,-660
07/20/2025 03:50,SCH - PJM_VFT,325658,315,315,-315
07/20/2025 03:50,SPR/DUN-SOUTH,23320,1758.01,4600,-9999
07/20/2025 03:50,TOTAL EAST,23314,3361.64,7550,-9999
07/20/2025 03:50,UPNY CONED,23315,3181.06,6615,-9999
07/20/2025 03:50,WEST CENTRAL,23312,251.5,9999,-9999
07/20/2025 03:55,CENTRAL EAST - VC,23330,1718.21,3065,-9999
07/20/2025 03:55,DYSINGER EAST,23326,566.86,3200,-9999
07/20/2025 03:55,MOSES SOUTH,23319,164.91,3150,-1600
07/20/2025 03:55,SCH - HQ - NY,23324,-9,1500,-980
07/20/2025 03:55,SCH - HQ_CEDARS,325274,0,270,-40
07/20/2025 03:55,SCH - HQ_IMPORT_EXPORT,325376,-9,1310,-9999
07/20/2025 03:55,SCH - NE - NY,23318,-1114.19,1400,-1600
07/20/2025 03:55,SCH - NPX_1385,325277,-118,125,-125
07/20/2025 03:55,SCH - NPX_CSC,325154,330,330,-330
07/20/2025 03:55,SCH - OH - NY,23317,1400.1,2000,-1600
07/20/2025 03:55,SCH - PJ - NY,23316,1436.98,2000,-1050
07/20/2025 03:55,SCH - PJM_HTP,325905,660,660,-660
07/20/2025 03:55,SCH - PJM_NEPTUNE,325305,660,660,-660
07/20/2025 03:55,SCH - PJM_VFT,325658,315,315,-315
07/20/2025 03:55,SPR/DUN-SOUTH,23320,1755.97,4600,-9999
07/20/2025 03:55,TOTAL EAST,23314,3346.65,7550,-9999
07/20/2025 03:55,UPNY CONED,23315,3192.65,6615,-9999
07/20/2025 03:55,WEST CENTRAL,23312,228.6,9999,-9999
07/20/2025 04:00,CENTRAL EAST - VC,23330,1743.61,3065,-9999
07/20/2025 04:00,DYSINGER EAST,23326,548.06,3200,-9999
07/20/2025 04:00,MOSES SOUTH,23319,217.3,3150,-1600
07/20/2025 04:00,SCH - HQ - NY,23324,41,1500,-980
07/20/2025 04:00,SCH - HQ_CEDARS,325274,0,270,-40
07/20/2025 04:00,SCH - HQ_IMPORT_EXPORT,325376,41,1310,-9999
07/20/2025 04:00,SCH - NE - NY,23318,-1134.12,1400,-1600
07/20/2025 04:00,SCH - NPX_1385,325277,-105,125,-125
07/20/2025 04:00,SCH - NPX_CSC,325154,330,330,-330
07/20/2025 04:00,SCH - OH - NY,23317,1370.11,2000,-1600
07/20/2025 04:00,SCH - PJ - NY,23316,1519.68,2000,-1050
07/20/2025 04:00,SCH - PJM_HTP,325905,660,660,-660
07/20/2025 04:00,SCH - PJM_NEPTUNE,325305,660,660,-660
07/20/2025 04:00,SCH - PJM_VFT,325658,315,315,-315
07/20/2025 04:00,SPR/DUN-SOUTH,23320,1748.06,4600,-9999
07/20/2025 04:00,TOTAL EAST,23314,3427.06,7550,-9999
07/20/2025 04:00,UPNY CONED,23315,3167.62,6615,-9999
07/20/2025 04:00,WEST CENTRAL,23312,211.91,9999,-9999
07/20/2025 04:05,CENTRAL EAST - VC,23330,1816.71,3065,-9999
07/20/2025 04:05,DYSINGER EAST,23326,535.88,3200,-9999
07/20/2025 04:05,MOSES SOUTH,23319,267.23,3150,-1600
07/20/2025 04:05,SCH - HQ - NY,23324,91,1500,-980
07/20/2025 04:05,SCH - HQ_CEDARS,325274,0,270,-40
07/20/2025 04:05,SCH - HQ_IMPORT_EXPORT,325376,91,1310,-9999
07/20/2025 04:05,SCH - NE - NY,23318,-1154.07,1400,-1600
07/20/2025 04:05,SCH - NPX_1385,325277,-93,125,-125
07/20/2025 04:05,SCH - NPX_CSC,325154,330,330,-330
07/20/2025 04:05,SCH - OH - NY,23317,1340.09,2000,-1600
07/20/2025 04:05,SCH - PJ - NY,23316,1601.33,2000,-1050
07/20/2025 04:05,SCH - PJM_HTP,325905,660,660,-660
07/20/2025 04:05,SCH - PJM_NEPTUNE,325305,660,660,-660
07/20/2025 04:05,SCH - PJM_VFT,325658,315,315,-315
07/20/2025 04:05,SPR/DUN-SOUTH,23320,1832.07,4600,-9999
07/20/2025 04:05,TOTAL EAST,23314,3530.52,7550,-9999
07/20/2025 04:05,UPNY CONED,23315,3240.28,6615,-9999
07/20/2025 04:05,WEST CENTRAL,23312,201.05,9999,-9999
07/20/2025 04:10,CENTRAL EAST - VC,23330,1828.24,3065,-9999
07/20/2025 04:10,DYSINGER EAST,23326,572.61,3200,-9999
07/20/2025 04:10,MOSES SOUTH,23319,257.61,3150,-1600
07/20/2025 04:10,SCH - HQ - NY,23324,91,1500,-980
07/20/2025 04:10,SCH - HQ_CEDARS,325274,0,270,-40
07/20/2025 04:10,SCH - HQ_IMPORT_EXPORT,325376,91,1310,-9999
07/20/2025 04:10,SCH - NE - NY,23318,-1154.05,1400,-1600
07/20/2025 04:10,SCH - NPX_1385,325277,-93,125,-125
07/20/2025 04:10,SCH - NPX_CSC,325154,330,330,-330
07/20/2025 04:10,SCH - OH - NY,23317,1335.63,2000,-1600
07/20/2025 04:10,SCH - PJ - NY,23316,1605.86,2000,-1050
07/20/2025 04:10,SCH - PJM_HTP,325905,660,660,-660
07/20/2025 04:10,SCH - PJM_NEPTUNE,325305,660,660,-660
07/20/2025 04:10,SCH - PJM_VFT,325658,315,315,-315
07/20/2025 04:10,SPR/DUN-SOUTH,23320,1854.75,4600,-9999
07/20/2025 04:10,TOTAL EAST,23314,3545.53,7550,-9999
07/20/2025 04:10,UPNY CONED,23315,3253.84,6615,-9999
07/20/2025 04:10,WEST CENTRAL,23312,237.99,9999,-9999
07/20/2025 04:15,CENTRAL EAST - VC,23330,1822.86,3065,-9999
07/20/2025 04:15,DYSINGER EAST,23326,607.07,3200,-9999
07/20/2025 04:15,MOSES SOUTH,23319,259.41,3150,-1600
07/20/2025 04:15,SCH - HQ - NY,23324,91,1500,-980
07/20/2025 04:15,SCH - HQ_CEDARS,325274,0,270,-40
07/20/2025 04:15,SCH - HQ_IMPORT_EXPORT,325376,91,1310,-9999
07/20/2025 04:15,SCH - NE - NY,23318,-1147.02,1400,-1600
07/20/2025 04:15,SCH - NPX_1385,325277,-93,125,-125
07/20/2025 04:15,SCH - NPX_CSC,325154,330,330,-330
07/20/2025 04:15,SCH - OH - NY,23317,1337.46,2000,-1600
07/20/2025 04:15,SCH - PJ - NY,23316,1604.17,2000,-1050
07/20/2025 04:15,SCH - PJM_HTP,325905,660,660,-660
07/20/2025 04:15,SCH - PJM_NEPTUNE,325305,660,660,-660
07/20/2025 04:15,SCH - PJM_VFT,325658,315,315,-315
07/20/2025 04:15,SPR/DUN-SOUTH,23320,1854.12,4600,-9999
07/20/2025 04:15,TOTAL EAST,23314,3560.6,7550,-9999
07/20/2025 04:15,UPNY CONED,23315,3251.3,6615,-9999
07/20/2025 04:15,WEST CENTRAL,23312,272.1,9999,-9999
07/20/2025 04:20,CENTRAL EAST - VC,23330,1797.59,3065,-9999
07/20/2025 04:20,DYSINGER EAST,23326,589.5,3200,-9999
07/20/2025 04:20,MOSES SOUTH,23319,259.79,3150,-1600
07/20/2025 04:20,SCH - HQ - NY,23324,91,1500,-980
07/20/2025 04:20,SCH - HQ_CEDARS,325274,0,270,-40
07/20/2025 04:20,SCH - HQ_IMPORT_EXPORT,325376,91,1310,-9999
07/20/2025 04:20,SCH - NE - NY,23318,-1140.08,1400,-1600
07/20/2025 04:20,SCH - NPX_1385,325277,-93,125,-125
07/20/2025 04:20,SCH - NPX_CSC,325154,330,330,-330
07/20/2025 04:20,SCH - OH - NY,23317,1336.36,2000,-1600
07/20/2025 04:20,SCH - PJ - NY,23316,1607.4,2000,-1050
07/20/2025 04:20,SCH - PJM_HTP,325905,660,660,-660
07/20/2025 04:20,SCH - PJM_NEPTUNE,325305,660,660,-660
07/20/2025 04:20,SCH - PJM_VFT,325658,315,315,-315
07/20/2025 04:20,SPR/DUN-SOUTH,23320,1832.61,4600,-9999
07/20/2025 04:20,TOTAL EAST,23314,3559.83,7550,-9999
07/20/2025 04:20,UPNY CONED,23315,3228.64,6615,-9999
07/20/2025 04:20,WEST CENTRAL,23312,254.59,9999,-9999
07/20/2025 04:25,CENTRAL EAST - VC,23330,1819.68,3065,-9999
07/20/2025 04:25,DYSINGER EAST,23326,618.56,3200,-9999
07/20/2025 04:25,MOSES SOUTH,23319,264.54,3150,-1600
07/20/2025 04:25,SCH - HQ - NY,23324,91,1500,-980
07/20/2025 04:25,SCH - HQ_CEDARS,325274,0,270,-40
07/20/2025 04:25,SCH - HQ_IMPORT_EXPORT,325376,91,1310,-9999
07/20/2025 04:25,SCH - NE - NY,23318,-1140.01,1400,-1600
07/20/2025 04:25,SCH - NPX_1385,325277,-93,125,-125
07/20/2025 04:25,SCH - NPX_CSC,325154,330,330,-330
07/20/2025 04:25,SCH - OH - NY,23317,1339.07,2000,-1600
07/20/2025 04:25,SCH - PJ - NY,23316,1601.62,2000,-1050
07/20/2025 04:25,SCH - PJM_HTP,325905,660,660,-660
07/20/2025 04:25,SCH - PJM_NEPTUNE,325305,660,660,-660
07/20/2025 04:25,SCH - PJM_VFT,325658,315,315,-315
07/20/2025 04:25,SPR/DUN-SOUTH,23320,1846.33,4600,-9999
07/20/2025 04:25,TOTAL EAST,23314,3567.11,7550,-9999
07/20/2025 04:25,UPNY CONED,23315,3239.43,6615,-9999
07/20/2025 04:25,WEST CENTRAL,23312,283.45,9999,-9999
07/20/2025 04:30,CENTRAL EAST - VC,23330,1791.71,3065,-9999
07/20/2025 04:30,DYSINGER EAST,23326,594.43,3200,-9999
07/20/2025 04:30,MOSES SOUTH,23319,260.97,3150,-1600
07/20/2025 04:30,SCH - HQ - NY,23324,91,1500,-980
07/20/2025 04:30,SCH - HQ_CEDARS,325274,0,270,-40
07/20/2025 04:30,SCH - HQ_IMPORT_EXPORT,325376,91,1310,-9999
07/20/2025 04:30,SCH - NE - NY,23318,-1140.04,1400,-1600
07/20/2025 04:30,SCH - NPX_1385,325277,-93,125,-125
07/20/2025 04:30,SCH - NPX_CSC,325154,330,330,-330
07/20/2025 04:30,SCH - OH - NY,23317,1337.46,2000,-1600
07/20/2025 04:30,SCH - PJ - NY,23316,1606.32,2000,-1050
07/20/2025 04:30,SCH - PJM_HTP,325905,660,660,-660
07/20/2025 04:30,SCH - PJM_NEPTUNE,325305,660,660,-660
07/20/2025 04:30,SCH - PJM_VFT,325658,315,315,-315
07/20/2025 04:30,SPR/DUN-SOUTH,23320,1843.78,4600,-9999
07/20/2025 04:30,TOTAL EAST,23314,3570.21,7550,-9999
07/20/2025 04:30,UPNY CONED,23315,3234.8,6615,-9999
07/20/2025 04:30,WEST CENTRAL,23312,260.4,9999,-9999
07/20/2025 04:35,CENTRAL EAST - VC,23330,1823.5,3065,-9999
07/20/2025 04:35,DYSINGER EAST,23326,576.5,3200,-9999
07/20/2025 04:35,MOSES SOUTH,23319,268.32,3150,-1600
07/20/2025 04:35,SCH - HQ - NY,23324,91,1500,-980
07/20/2025 04:35,SCH - HQ_CEDARS,325274,0,270,-40
07/20/2025 04:35,SCH - HQ_IMPORT_EXPORT,325376,91,1310,-9999
07/20/2025 04:35,SCH - NE - NY,23318,-1140.01,1400,-1600
07/20/2025 04:35,SCH - NPX_1385,325277,-93,125,-125
07/20/2025 04:35,SCH - NPX_CSC,325154,330,330,-330
07/20/2025 04:35,SCH - OH - NY,23317,1336.63,2000,-1600
07/20/2025 04:35,SCH - PJ - NY,23316,1606.01,2000,-1050
07/20/2025 04:35,SCH - PJM_HTP,325905,660,660,-660
07/20/2025 04:35,SCH - PJM_NEPTUNE,325305,660,660,-660
07/20/2025 04:35,SCH - PJM_VFT,325658,315,315,-315
07/20/2025 04:35,SPR/DUN-SOUTH,23320,1850.13,4600,-9999
07/20/2025 04:35,TOTAL EAST,23314,3617.55,7550,-9999
07/20/2025 04:35,UPNY CONED,23315,3245.41,6615,-9999
07/20/2025 04:35,WEST CENTRAL,23312,241.64,9999,-9999
07/20/2025 04:40,CENTRAL EAST - VC,23330,1805.66,3065,-9999
07/20/2025 04:40,DYSINGER EAST,23326,539.31,3200,-9999
07/20/2025 04:40,MOSES SOUTH,23319,256.95,3150,-1600
07/20/2025 04:40,SCH - HQ - NY,23324,91,1500,-980
07/20/2025 04:40,SCH - HQ_CEDARS,325274,0,270,-40
07/20/2025 04:40,SCH - HQ_IMPORT_EXPORT,325376,91,1310,-9999
07/20/2025 04:40,SCH - NE - NY,23318,-1140.05,1400,-1600
07/20/2025 04:40,SCH - NPX_1385,325277,-93,125,-125
07/20/2025 04:40,SCH - NPX_CSC,325154,330,330,-330
07/20/2025 04:40,SCH - OH - NY,23317,1340.1,2000,-1600
07/20/2025 04:40,SCH - PJ - NY,23316,1602.47,2000,-1050
07/20/2025 04:40,SCH - PJM_HTP,325905,660,660,-660
07/20/2025 04:40,SCH - PJM_NEPTUNE,325305,660,660,-660
07/20/2025 04:40,SCH - PJM_VFT,325658,315,315,-315
07/20/2025 04:40,SPR/DUN-SOUTH,23320,1844.09,4600,-9999
07/20/2025 04:40,TOTAL EAST,23314,3608.58,7550,-9999
07/20/2025 04:40,UPNY CONED,23315,3238.4,6615,-9999
07/20/2025 04:40,WEST CENTRAL,23312,203.81,9999,-9999
07/20/2025 04:45,CENTRAL EAST - VC,23330,1831.65,3065,-9999
07/20/2025 04:45,DYSINGER EAST,23326,564.99,3200,-9999
07/20/2025 04:45,MOSES SOUTH,23319,257.03,3150,-1600
07/20/2025 04:45,SCH - HQ - NY,23324,91,1500,-980
07/20/2025 04:45,SCH - HQ_CEDARS,325274,0,270,-40
07/20/2025 04:45,SCH - HQ_IMPORT_EXPORT,325376,91,1310,-9999
07/20/2025 04:45,SCH - NE - NY,23318,-1140,1400,-1600
07/20/2025 04:45,SCH - NPX_1385,325277,-93,125,-125
07/20/2025 04:45,SCH - NPX_CSC,325154,330,330,-330
07/20/2025 04:45,SCH - OH - NY,23317,1340.09,2000,-1600
07/20/2025 04:45,SCH - PJ - NY,23316,1602.38,2000,-1050
07/20/2025 04:45,SCH - PJM_HTP,325905,660,660,-660
07/20/2025 04:45,SCH - PJM_NEPTUNE,325305,660,660,-660
07/20/2025 04:45,SCH - PJM_VFT,325658,315,315,-315
07/20/2025 04:45,SPR/DUN-SOUTH,23320,1860.08,4600,-9999
07/20/2025 04:45,TOTAL EAST,23314,3621.14,7550,-9999
07/20/2025 04:45,UPNY CONED,23315,3246.37,6615,-9999
07/20/2025 04:45,WEST CENTRAL,23312,230.42,9999,-9999
07/20/2025 04:50,CENTRAL EAST - VC,23330,1824.15,3065,-9999
07/20/2025 04:50,DYSINGER EAST,23326,560.35,3200,-9999
07/20/2025 04:50,MOSES SOUTH,23319,243.39,3150,-1600
07/20/2025 04:50,SCH - HQ - NY,23324,91,1500,-980
07/20/2025 04:50,SCH - HQ_CEDARS,325274,0,270,-40
07/20/2025 04:50,SCH - HQ_IMPORT_EXPORT,325376,91,1310,-9999
07/20/2025 04:50,SCH - NE - NY,23318,-1139.96,1400,-1600
07/20/2025 04:50,SCH - NPX_1385,325277,-93,125,-125
07/20/2025 04:50,SCH - NPX_CSC,325154,330,330,-330
07/20/2025 04:50,SCH - OH - NY,23317,1340.09,2000,-1600
07/20/2025 04:50,SCH - PJ - NY,23316,1601.31,2000,-1050
07/20/2025 04:50,SCH - PJM_HTP,325905,660,660,-660
07/20/2025 04:50,SCH - PJM_NEPTUNE,325305,660,660,-660
07/20/2025 04:50,SCH - PJM_VFT,325658,315,315,-315
07/20/2025 04:50,SPR/DUN-SOUTH,23320,1868.51,4600,-9999
07/20/2025 04:50,TOTAL EAST,23314,3621.24,7550,-9999
07/20/2025 04:50,UPNY CONED,23315,3251.85,6615,-9999
07/20/2025 04:50,WEST CENTRAL,23312,226.78,9999,-9999
07/20/2025 04:55,CENTRAL EAST - VC,23330,1817.49,3065,-9999
07/20/2025 04:55,DYSINGER EAST,23326,549.33,3200,-9999
07/20/2025 04:55,MOSES SOUTH,23319,248.05,3150,-1600
07/20/2025 04:55,SCH - HQ - NY,23324,91,1500,-980
07/20/2025 04:55,SCH - HQ_CEDARS,325274,0,270,-40
07/20/2025 04:55,SCH - HQ_IMPORT_EXPORT,325376,91,1310,-9999
07/20/2025 04:55,SCH - NE - NY,23318,-1139.98,1400,-1600
07/20/2025 04:55,SCH - NPX_1385,325277,-93,125,-125
07/20/2025 04:55,SCH - NPX_CSC,325154,330,330,-330
07/20/2025 04:55,SCH - OH - NY,23317,1340.09,2000,-1600
07/20/2025 04:55,SCH - PJ - NY,23316,1600.38,2000,-1050
07/20/2025 04:55,SCH - PJM_HTP,325905,660,660,-660
07/20/2025 04:55,SCH - PJM_NEPTUNE,325305,660,660,-660
07/20/2025 04:55,SCH - PJM_VFT,325658,315,315,-315
07/20/2025 04:55,SPR/DUN-SOUTH,23320,1876.56,4600,-9999
07/20/2025 04:55,TOTAL EAST,23314,3627.07,7550,-9999
07/20/2025 04:55,UPNY CONED,23315,3255.92,6615,-9999
07/20/2025 04:55,WEST CENTRAL,23312,215.74,9999,-9999
07/20/2025 05:00,CENTRAL EAST - VC,23330,1862.38,3065,-9999
07/20/2025 05:00,DYSINGER EAST,23326,612.05,3200,-9999
07/20/2025 05:00,MOSES SOUTH,23319,243.53,3150,-1600
07/20/2025 05:00,SCH - HQ - NY,23324,91,1500,-980
07/20/2025 05:00,SCH - HQ_CEDARS,325274,0,270,-40
07/20/2025 05:00,SCH - HQ_IMPORT_EXPORT,325376,91,1310,-9999
07/20/2025 05:00,SCH - NE - NY,23318,-1209.9,1400,-1600
07/20/2025 05:00,SCH - NPX_1385,325277,-105,125,-125
07/20/2025 05:00,SCH - NPX_CSC,325154,330,330,-330
07/20/2025 05:00,SCH - OH - NY,23317,1365.1,2000,-1600
07/20/2025 05:00,SCH - PJ - NY,23316,1656.28,2000,-1050
07/20/2025 05:00,SCH - PJM_HTP,325905,660,660,-660
07/20/2025 05:00,SCH - PJM_NEPTUNE,325305,660,660,-660
07/20/2025 05:00,SCH - PJM_VFT,325658,315,315,-315
07/20/2025 05:00,SPR/DUN-SOUTH,23320,1885.15,4600,-9999
07/20/2025 05:00,TOTAL EAST,23314,3702.42,7550,-9999
07/20/2025 05:00,UPNY CONED,23315,3269.96,6615,-9999
07/20/2025 05:00,WEST CENTRAL,23312,277.11,9999,-9999
07/20/2025 05:05,CENTRAL EAST - VC,23330,1867.65,3065,-9999
07/20/2025 05:05,DYSINGER EAST,23326,613.95,3200,-9999
07/20/2025 05:05,MOSES SOUTH,23319,236.63,3150,-1600
07/20/2025 05:05,SCH - HQ - NY,23324,91,1500,-980
07/20/2025 05:05,SCH - HQ_CEDARS,325274,0,270,-40
07/20/2025 05:05,SCH - HQ_IMPORT_EXPORT,325376,91,1310,-9999
07/20/2025 05:05,SCH - NE - NY,23318,-1280.76,1400,-1600
07/20/2025 05:05,SCH - NPX_1385,325277,-118,125,-125
07/20/2025 05:05,SCH - NPX_CSC,325154,330,330,-330
07/20/2025 05:05,SCH - OH - NY,23317,1400.07,2000,-1600
07/20/2025 05:05,SCH - PJ - NY,23316,1698.06,2000,-1050
07/20/2025 05:05,SCH - PJM_HTP,325905,660,660,-660
07/20/2025 05:05,SCH - PJM_NEPTUNE,325305,660,660,-660
07/20/2025 05:05,SCH - PJM_VFT,325658,315,315,-315
07/20/2025 05:05,SPR/DUN-SOUTH,23320,1843.69,4600,-9999
07/20/2025 05:05,TOTAL EAST,23314,3756.87,7550,-9999
07/20/2025 05:05,UPNY CONED,23315,3253.85,6615,-9999
07/20/2025 05:05,WEST CENTRAL,23312,276.98,9999,-9999
07/20/2025 05:10,CENTRAL EAST - VC,23330,1905.85,3065,-9999
07/20/2025 05:10,DYSINGER EAST,23326,602.88,3200,-9999
07/20/2025 05:10,MOSES SOUTH,23319,246.81,3150,-1600
07/20/2025 05:10,SCH - HQ - NY,23324,91,1500,-980
07/20/2025 05:10,SCH - HQ_CEDARS,325274,0,270,-40
07/20/2025 05:10,SCH - HQ_IMPORT_EXPORT,325376,91,1310,-9999
07/20/2025 05:10,SCH - NE - NY,23318,-1280.61,1400,-1600
07/20/2025 05:10,SCH - NPX_1385,325277,-118,125,-125
07/20/2025 05:10,SCH - NPX_CSC,325154,330,330,-330
07/20/2025 05:10,SCH - OH - NY,23317,1400.07,2000,-1600
07/20/2025 05:10,SCH - PJ - NY,23316,1701.65,2000,-1050
07/20/2025 05:10,SCH - PJM_HTP,325905,660,660,-660
07/20/2025 05:10,SCH - PJM_NEPTUNE,325305,660,660,-660
07/20/2025 05:10,SCH - PJM_VFT,325658,315,315,-315
07/20/2025 05:10,SPR/DUN-SOUTH,23320,1839.19,4600,-9999
07/20/2025 05:10,TOTAL EAST,23314,3751.18,7550,-9999
07/20/2025 05:10,UPNY CONED,23315,3257.85,6615,-9999
07/20/2025 05:10,WEST CENTRAL,23312,266.41,9999,-9999
07/20/2025 05:15,CENTRAL EAST - VC,23330,1882.81,3065,-9999
07/20/2025 05:15,DYSINGER EAST,23326,603.11,3200,-9999
07/20/2025 05:15,MOSES SOUTH,23319,294.64,3150,-1600
07/20/2025 05:15,SCH - HQ - NY,23324,91,1500,-980
07/20/2025 05:15,SCH - HQ_CEDARS,325274,0,270,-40
07/20/2025 05:15,SCH - HQ_IMPORT_EXPORT,325376,91,1310,-9999
07/20/2025 05:15,SCH - NE - NY,23318,-1280.78,1400,-1600
07/20/2025 05:15,SCH - NPX_1385,325277,-118,125,-125
07/20/2025 05:15,SCH - NPX_CSC,325154,330,330,-330
07/20/2025 05:15,SCH - OH - NY,23317,1397.72,2000,-1600
07/20/2025 05:15,SCH - PJ - NY,23316,1699.59,2000,-1050
07/20/2025 05:15,SCH - PJM_HTP,325905,660,660,-660
07/20/2025 05:15,SCH - PJM_NEPTUNE,325305,660,660,-660
07/20/2025 05:15,SCH - PJM_VFT,325658,315,315,-315
07/20/2025 05:15,SPR/DUN-SOUTH,23320,1820.9,4600,-9999
07/20/2025 05:15,TOTAL EAST,23314,3739.33,7550,-9999
07/20/2025 05:15,UPNY CONED,23315,3239.31,6615,-9999
07/20/2025 05:15,WEST CENTRAL,23312,265.36,9999,-9999
07/20/2025 05:20,CENTRAL EAST - VC,23330,1883.18,3065,-9999
07/20/2025 05:20,DYSINGER EAST,23326,619.43,3200,-9999
07/20/2025 05:20,MOSES SOUTH,23319,334.37,3150,-1600
07/20/2025 05:20,SCH - HQ - NY,23324,91,1500,-980
07/20/2025 05:20,SCH - HQ_CEDARS,325274,0,270,-40
07/20/2025 05:20,SCH - HQ_IMPORT_EXPORT,325376,91,1310,-9999
07/20/2025 05:20,SCH - NE - NY,23318,-1280.83,1400,-1600
07/20/2025 05:20,SCH - NPX_1385,325277,-118,125,-125
07/20/2025 05:20,SCH - NPX_CSC,325154,330,330,-330
07/20/2025 05:20,SCH - OH - NY,23317,1399.13,2000,-1600
07/20/2025 05:20,SCH - PJ - NY,23316,1698.32,2000,-1050
07/20/2025 05:20,SCH - PJM_HTP,325905,660,660,-660
07/20/2025 05:20,SCH - PJM_NEPTUNE,325305,660,660,-660
07/20/2025 05:20,SCH - PJM_VFT,325658,315,315,-315
07/20/2025 05:20,SPR/DUN-SOUTH,23320,1848.96,4600,-9999
07/20/2025 05:20,TOTAL EAST,23314,3748.8,7550,-9999
07/20/2025 05:20,UPNY CONED,23315,3257.34,6615,-9999
07/20/2025 05:20,WEST CENTRAL,23312,281.45,9999,-9999
07/20/2025 05:25,CENTRAL EAST - VC,23330,1860.98,3065,-9999
07/20/2025 05:25,DYSINGER EAST,23326,590.17,3200,-9999
07/20/2025 05:25,MOSES SOUTH,23319,317.19,3150,-1600
07/20/2025 05:25,SCH - HQ - NY,23324,91,1500,-980
07/20/2025 05:25,SCH - HQ_CEDARS,325274,0,270,-40
07/20/2025 05:25,SCH - HQ_IMPORT_EXPORT,325376,91,1310,-9999
07/20/2025 05:25,SCH - NE - NY,23318,-1280.84,1400,-1600
07/20/2025 05:25,SCH - NPX_1385,325277,-118,125,-125
07/20/2025 05:25,SCH - NPX_CSC,325154,330,330,-330
07/20/2025 05:25,SCH - OH - NY,23317,1395.89,2000,-1600
07/20/2025 05:25,SCH - PJ - NY,23316,1704.55,2000,-1050
07/20/2025 05:25,SCH - PJM_HTP,325905,660,660,-660
07/20/2025 05:25,SCH - PJM_NEPTUNE,325305,660,660,-660
07/20/2025 05:25,SCH - PJM_VFT,325658,315,315,-315
07/20/2025 05:25,SPR/DUN-SOUTH,23320,1849.74,4600,-9999
07/20/2025 05:25,TOTAL EAST,23314,3749.11,7550,-9999
07/20/2025 05:25,UPNY CONED,23315,3248.86,6615,-9999
07/20/2025 05:25,WEST CENTRAL,23312,252.43,9999,-9999
07/20/2025 05:30,CENTRAL EAST - VC,23330,1876.15,3065,-9999
07/20/2025 05:30,DYSINGER EAST,23326,605.78,3200,-9999
07/20/2025 05:30,MOSES SOUTH,23319,293.16,3150,-1600
07/20/2025 05:30,SCH - HQ - NY,23324,91,1500,-980
07/20/2025 05:30,SCH - HQ_CEDARS,325274,0,270,-40
07/20/2025 05:30,SCH - HQ_IMPORT_EXPORT,325376,91,1310,-9999
07/20/2025 05:30,SCH - NE - NY,23318,-1283.79,1400,-1600
07/20/2025 05:30,SCH - NPX_1385,325277,-118,125,-125
07/20/2025 05:30,SCH - NPX_CSC,325154,330,330,-330
07/20/2025 05:30,SCH - OH - NY,23317,1395.5,2000,-1600
07/20/2025 05:30,SCH - PJ - NY,23316,1703.71,2000,-1050
07/20/2025 05:30,SCH - PJM_HTP,325905,660,660,-660
07/20/2025 05:30,SCH - PJM_NEPTUNE,325305,660,660,-660
07/20/2025 05:30,SCH - PJM_VFT,325658,315,315,-315
07/20/2025 05:30,SPR/DUN-SOUTH,23320,1847.94,4600,-9999
07/20/2025 05:30,TOTAL EAST,23314,3733.66,7550,-9999
07/20/2025 05:30,UPNY CONED,23315,3244.94,6615,-9999
07/20/2025 05:30,WEST CENTRAL,23312,268.09,9999,-9999
07/20/2025 05:35,CENTRAL EAST - VC,23330,1870.03,3065,-9999
07/20/2025 05:35,DYSINGER EAST,23326,589.28,3200,-9999
07/20/2025 05:35,MOSES SOUTH,23319,297.93,3150,-1600
07/20/2025 05:35,SCH - HQ - NY,23324,91,1500,-980
07/20/2025 05:35,SCH - HQ_CEDARS,325274,0,270,-40
07/20/2025 05:35,SCH - HQ_IMPORT_EXPORT,325376,91,1310,-9999
07/20/2025 05:35,SCH - NE - NY,23318,-1286.79,1400,-1600
07/20/2025 05:35,SCH - NPX_1385,325277,-118,125,-125
07/20/2025 05:35,SCH - NPX_CSC,325154,330,330,-330
07/20/2025 05:35,SCH - OH - NY,23317,1400.05,2000,-1600
07/20/2025 05:35,SCH - PJ - NY,23316,1699.13,2000,-1050
07/20/2025 05:35,SCH - PJM_HTP,325905,660,660,-660
07/20/2025 05:35,SCH - PJM_NEPTUNE,325305,660,660,-660
07/20/2025 05:35,SCH - PJM_VFT,325658,315,315,-315
07/20/2025 05:35,SPR/DUN-SOUTH,23320,1852.56,4600,-9999
07/20/2025 05:35,TOTAL EAST,23314,3731,7550,-9999
07/20/2025 05:35,UPNY CONED,23315,3243.38,6615,-9999
07/20/2025 05:35,WEST CENTRAL,23312,253.67,9999,-9999
07/20/2025 05:40,CENTRAL EAST - VC,23330,1872,3065,-9999
07/20/2025 05:40,DYSINGER EAST,23326,593.6,3200,-9999
07/20/2025 05:40,MOSES SOUTH,23319,291.3,3150,-1600
07/20/2025 05:40,SCH - HQ - NY,23324,91,1500,-980
07/20/2025 05:40,SCH - HQ_CEDARS,325274,0,270,-40
07/20/2025 05:40,SCH - HQ_IMPORT_EXPORT,325376,91,1310,-9999
07/20/2025 05:40,SCH - NE - NY,23318,-1286.74,1400,-1600
07/20/2025 05:40,SCH - NPX_1385,325277,-118,125,-125
07/20/2025 05:40,SCH - NPX_CSC,325154,330,330,-330
07/20/2025 05:40,SCH - OH - NY,23317,1400.07,2000,-1600
07/20/2025 05:40,SCH - PJ - NY,23316,1697.01,2000,-1050
07/20/2025 05:40,SCH - PJM_HTP,325905,660,660,-660
07/20/2025 05:40,SCH - PJM_NEPTUNE,325305,660,660,-660
07/20/2025 05:40,SCH - PJM_VFT,325658,315,315,-315
07/20/2025 05:40,SPR/DUN-SOUTH,23320,1870.6,4600,-9999
07/20/2025 05:40,TOTAL EAST,23314,3742.85,7550,-9999
07/20/2025 05:40,UPNY CONED,23315,3261.73,6615,-9999
07/20/2025 05:40,WEST CENTRAL,23312,257.99,9999,-9999
07/20/2025 05:45,CENTRAL EAST - VC,23330,1885.06,3065,-9999
07/20/2025 05:45,DYSINGER EAST,23326,601.11,3200,-9999
07/20/2025 05:45,MOSES SOUTH,23319,294.17,3150,-1600
07/20/2025 05:45,SCH - HQ - NY,23324,91,1500,-980
07/20/2025 05:45,SCH - HQ_CEDARS,325274,0,270,-40
07/20/2025 05:45,SCH - HQ_IMPORT_EXPORT,325376,91,1310,-9999
07/20/2025 05:45,SCH - NE - NY,23318,-1286.77,1400,-1600
07/20/2025 05:45,SCH - NPX_1385,325277,-118,125,-125
07/20/2025 05:45,SCH - NPX_CSC,325154,330,330,-330
07/20/2025 05:45,SCH - OH - NY,23317,1400.06,2000,-1600
07/20/2025 05:45,SCH - PJ - NY,23316,1699.04,2000,-1050
07/20/2025 05:45,SCH - PJM_HTP,325905,660,660,-660
07/20/2025 05:45,SCH - PJM_NEPTUNE,325305,660,660,-660
07/20/2025 05:45,SCH - PJM_VFT,325658,315,315,-315
07/20/2025 05:45,SPR/DUN-SOUTH,23320,1892.27,4600,-9999
07/20/2025 05:45,TOTAL EAST,23314,3755.19,7550,-9999
07/20/2025 05:45,UPNY CONED,23315,3279.5,6615,-9999
07/20/2025 05:45,WEST CENTRAL,23312,268.46,9999,-9999
07/20/2025 05:50,CENTRAL EAST - VC,23330,1888.06,3065,-9999
07/20/2025 05:50,DYSINGER EAST,23326,611.27,3200,-9999
07/20/2025 05:50,MOSES SOUTH,23319,286.12,3150,-1600
07/20/2025 05:50,SCH - HQ - NY,23324,91,1500,-980
07/20/2025 05:50,SCH - HQ_CEDARS,325274,0,270,-40
07/20/2025 05:50,SCH - HQ_IMPORT_EXPORT,325376,91,1310,-9999
07/20/2025 05:50,SCH - NE - NY,23318,-1286.73,1400,-1600
07/20/2025 05:50,SCH - NPX_1385,325277,-118,125,-125
07/20/2025 05:50,SCH - NPX_CSC,325154,330,330,-330
07/20/2025 05:50,SCH - OH - NY,23317,1395.01,2000,-1600
07/20/2025 05:50,SCH - PJ - NY,23316,1704.04,2000,-1050
07/20/2025 05:50,SCH - PJM_HTP,325905,660,660,-660
07/20/2025 05:50,SCH - PJM_NEPTUNE,325305,660,660,-660
07/20/2025 05:50,SCH - PJM_VFT,325658,315,315,-315
07/20/2025 05:50,SPR/DUN-SOUTH,23320,1896.65,4600,-9999
07/20/2025 05:50,TOTAL EAST,23314,3749.48,7550,-9999
07/20/2025 05:50,UPNY CONED,23315,3281.75,6615,-9999
07/20/2025 05:50,WEST CENTRAL,23312,279.54,9999,-9999
07/20/2025 05:55,CENTRAL EAST - VC,23330,1855.25,3065,-9999
07/20/2025 05:55,DYSINGER EAST,23326,585.36,3200,-9999
07/20/2025 05:55,MOSES SOUTH,23319,282.02,3150,-1600
07/20/2025 05:55,SCH - HQ - NY,23324,91,1500,-980
07/20/2025 05:55,SCH - HQ_CEDARS,325274,0,270,-40
07/20/2025 05:55,SCH - HQ_IMPORT_EXPORT,325376,91,1310,-9999
07/20/2025 05:55,SCH - NE - NY,23318,-1286.67,1400,-1600
07/20/2025 05:55,SCH - NPX_1385,325277,-118,125,-125
07/20/2025 05:55,SCH - NPX_CSC,325154,330,330,-330
07/20/2025 05:55,SCH - OH - NY,23317,1400.08,2000,-1600
07/20/2025 05:55,SCH - PJ - NY,23316,1699.99,2000,-1050
07/20/2025 05:55,SCH - PJM_HTP,325905,660,660,-660
07/20/2025 05:55,SCH - PJM_NEPTUNE,325305,660,660,-660
07/20/2025 05:55,SCH - PJM_VFT,325658,315,315,-315
07/20/2025 05:55,SPR/DUN-SOUTH,23320,1861.83,4600,-9999
07/20/2025 05:55,TOTAL EAST,23314,3743.92,7550,-9999
07/20/2025 05:55,UPNY CONED,23315,3250.57,6615,-9999
07/20/2025 05:55,WEST CENTRAL,23312,254.72,9999,-9999
07/20/2025 06:00,CENTRAL EAST - VC,23330,1763.46,3065,-9999
07/20/2025 06:00,DYSINGER EAST,23326,562.91,3200,-9999
07/20/2025 06:00,MOSES SOUTH,23319,152.25,3150,-1600
07/20/2025 06:00,SCH - HQ - NY,23324,-59,1500,-980
07/20/2025 06:00,SCH - HQ_CEDARS,325274,0,270,-40
07/20/2025 06:00,SCH - HQ_IMPORT_EXPORT,325376,-59,1310,-9999
07/20/2025 06:00,SCH - NE - NY,23318,-1341.7,1400,-1600
07/20/2025 06:00,SCH - NPX_1385,325277,-118,125,-125
07/20/2025 06:00,SCH - NPX_CSC,325154,292,330,-330
07/20/2025 06:00,SCH - OH - NY,23317,1400.08,2000,-1600
07/20/2025 06:00,SCH - PJ - NY,23316,1700.99,2000,-1050
07/20/2025 06:00,SCH - PJM_HTP,325905,660,660,-660
07/20/2025 06:00,SCH - PJM_NEPTUNE,325305,660,660,-660
07/20/2025 06:00,SCH - PJM_VFT,325658,315,315,-315
07/20/2025 06:00,SPR/DUN-SOUTH,23320,1718.33,4600,-9999
07/20/2025 06:00,TOTAL EAST,23314,3590.7,7550,-9999
07/20/2025 06:00,UPNY CONED,23315,3078.18,6615,-9999
07/20/2025 06:00,WEST CENTRAL,23312,225.49,9999,-9999
07/20/2025 06:05,CENTRAL EAST - VC,23330,1702.99,3065,-9999
07/20/2025 06:05,DYSINGER EAST,23326,628.35,3200,-9999
07/20/2025 06:05,MOSES SOUTH,23319,4.35,3150,-1600
07/20/2025 06:05,SCH - HQ - NY,23324,-209,1500,-980
07/20/2025 06:05,SCH - HQ_CEDARS,325274,0,270,-40
07/20/2025 06:05,SCH - HQ_IMPORT_EXPORT,325376,-209,1310,-9999
07/20/2025 06:05,SCH - NE - NY,23318,-1397.65,1400,-1600
07/20/2025 06:05,SCH - NPX_1385,325277,-118,125,-125
07/20/2025 06:05,SCH - NPX_CSC,325154,255,330,-330
07/20/2025 06:05,SCH - OH - NY,23317,1395.66,2000,-1600
07/20/2025 06:05,SCH - PJ - NY,23316,1704.44,2000,-1050
07/20/2025 06:05,SCH - PJM_HTP,325905,660,660,-660
07/20/2025 06:05,SCH - PJM_NEPTUNE,325305,660,660,-660
07/20/2025 06:05,SCH - PJM_VFT,325658,315,315,-315
07/20/2025 06:05,SPR/DUN-SOUTH,23320,1704.43,4600,-9999
07/20/2025 06:05,TOTAL EAST,23314,3499.14,7550,-9999
07/20/2025 06:05,UPNY CONED,23315,3107.33,6615,-9999
07/20/2025 06:05,WEST CENTRAL,23312,286.48,9999,-9999
07/20/2025 06:10,CENTRAL EAST - VC,23330,1693.47,3065,-9999
07/20/2025 06:10,DYSINGER EAST,23326,605.24,3200,-9999
07/20/2025 06:10,MOSES SOUTH,23319,84.25,3150,-1600
07/20/2025 06:10,SCH - HQ - NY,23324,-209,1500,-980
07/20/2025 06:10,SCH - HQ_CEDARS,325274,0,270,-40
07/20/2025 06:10,SCH - HQ_IMPORT_EXPORT,325376,-209,1310,-9999
07/20/2025 06:10,SCH - NE - NY,23318,-1397.92,1400,-1600
07/20/2025 06:10,SCH - NPX_1385,325277,-118,125,-125
07/20/2025 06:10,SCH - NPX_CSC,325154,255,330,-330
07/20/2025 06:10,SCH - OH - NY,23317,1396.69,2000,-1600
07/20/2025 06:10,SCH - PJ - NY,23316,1703.96,2000,-1050
07/20/2025 06:10,SCH - PJM_HTP,325905,660,660,-660
07/20/2025 06:10,SCH - PJM_NEPTUNE,325305,660,660,-660
07/20/2025 06:10,SCH - PJM_VFT,325658,315,315,-315
07/20/2025 06:10,SPR/DUN-SOUTH,23320,1716.55,4600,-9999
07/20/2025 06:10,TOTAL EAST,23314,3504.47,7550,-9999
07/20/2025 06:10,UPNY CONED,23315,3122.08,6615,-9999
07/20/2025 06:10,WEST CENTRAL,23312,262.95,9999,-9999
07/20/2025 06:15,CENTRAL EAST - VC,23330,1718.41,3065,-9999
07/20/2025 06:15,DYSINGER EAST,23326,608.5,3200,-9999
07/20/2025 06:15,MOSES SOUTH,23319,79.46,3150,-1600
07/20/2025 06:15,SCH - HQ - NY,23324,-209,1500,-980
07/20/2025 06:15,SCH - HQ_CEDARS,325274,0,270,-40
07/20/2025 06:15,SCH - HQ_IMPORT_EXPORT,325376,-209,1310,-9999
07/20/2025 06:15,SCH - NE - NY,23318,-1397.93,1400,-1600
07/20/2025 06:15,SCH - NPX_1385,325277,-118,125,-125
07/20/2025 06:15,SCH - NPX_CSC,325154,255,330,-330
07/20/2025 06:15,SCH - OH - NY,23317,1396.94,2000,-1600
07/20/2025 06:15,SCH - PJ - NY,23316,1699.63,2000,-1050
07/20/2025 06:15,SCH - PJM_HTP,325905,660,660,-660
07/20/2025 06:15,SCH - PJM_NEPTUNE,325305,660,660,-660
07/20/2025 06:15,SCH - PJM_VFT,325658,315,315,-315
07/20/2025 06:15,SPR/DUN-SOUTH,23320,1725.52,4600,-9999
07/20/2025 06:15,TOTAL EAST,23314,3485.83,7550,-9999
07/20/2025 06:15,UPNY CONED,23315,3123.15,6615,-9999
07/20/2025 06:15,WEST CENTRAL,23312,267.35,9999,-9999
07/20/2025 06:20,CENTRAL EAST - VC,23330,1729.65,3065,-9999
07/20/2025 06:20,DYSINGER EAST,23326,607.88,3200,-9999
07/20/2025 06:20,MOSES SOUTH,23319,77.37,3150,-1600
07/20/2025 06:20,SCH - HQ - NY,23324,-209,1500,-980
07/20/2025 06:20,SCH - HQ_CEDARS,325274,0,270,-40
07/20/2025 06:20,SCH - HQ_IMPORT_EXPORT,325376,-209,1310,-9999
07/20/2025 06:20,SCH - NE - NY,23318,-1397.93,1400,-1600
07/20/2025 06:20,SCH - NPX_1385,325277,-118,125,-125
07/20/2025 06:20,SCH - NPX_CSC,325154,255,330,-330
07/20/2025 06:20,SCH - OH - NY,23317,1396.04,2000,-1600
07/20/2025 06:20,SCH - PJ - NY,23316,1704.45,2000,-1050
07/20/2025 06:20,SCH - PJM_HTP,325905,660,660,-660
07/20/2025 06:20,SCH - PJM_NEPTUNE,325305,660,660,-660
07/20/2025 06:20,SCH - PJM_VFT,325658,315,315,-315
07/20/2025 06:20,SPR/DUN-SOUTH,23320,1740.8,4600,-9999
07/20/2025 06:20,TOTAL EAST,23314,3480.21,7550,-9999
07/20/2025 06:20,UPNY CONED,23315,3139.58,6615,-9999
07/20/2025 06:20,WEST CENTRAL,23312,266.87,9999,-9999
07/20/2025 06:25,CENTRAL EAST - VC,23330,1733.68,3065,-9999
07/20/2025 06:25,DYSINGER EAST,23326,636.77,3200,-9999
07/20/2025 06:25,MOSES SOUTH,23319,73.76,3150,-1600
07/20/2025 06:25,SCH - HQ - NY,23324,-209,1500,-980
07/20/2025 06:25,SCH - HQ_CEDARS,325274,0,270,-40
07/20/2025 06:25,SCH - HQ_IMPORT_EXPORT,325376,-209,1310,-9999
07/20/2025 06:25,SCH - NE - NY,23318,-1397.95,1400,-1600
07/20/2025 06:25,SCH - NPX_1385,325277,-118,125,-125
07/20/2025 06:25,SCH - NPX_CSC,325154,255,330,-330
07/20/2025 06:25,SCH - OH - NY,23317,1397.51,2000,-1600
07/20/2025 06:25,SCH - PJ - NY,23316,1700.05,2000,-1050
07/20/2025 06:25,SCH - PJM_HTP,325905,660,660,-660
07/20/2025 06:25,SCH - PJM_NEPTUNE,325305,660,660,-660
07/20/2025 06:25,SCH - PJM_VFT,325658,315,315,-315
07/20/2025 06:25,SPR/DUN-SOUTH,23320,1752.76,4600,-9999
07/20/2025 06:25,TOTAL EAST,23314,3465.5,7550,-9999
07/20/2025 06:25,UPNY CONED,23315,3150.56,6615,-9999
07/20/2025 06:25,WEST CENTRAL,23312,290.57,9999,-9999
07/20/2025 06:30,CENTRAL EAST - VC,23330,1757.27,3065,-9999
07/20/2025 06:30,DYSINGER EAST,23326,634.84,3200,-9999
07/20/2025 06:30,MOSES SOUTH,23319,88.07,3150,-1600
07/20/2025 06:30,SCH - HQ - NY,23324,-209,1500,-980
07/20/2025 06:30,SCH - HQ_CEDARS,325274,0,270,-40
07/20/2025 06:30,SCH - HQ_IMPORT_EXPORT,325376,-209,1310,-9999
07/20/2025 06:30,SCH - NE - NY,23318,-1397.94,1400,-1600
07/20/2025 06:30,SCH - NPX_1385,325277,-118,125,-125
07/20/2025 06:30,SCH - NPX_CSC,325154,255,330,-330
07/20/2025 06:30,SCH - OH - NY,23317,1397.93,2000,-1600
07/20/2025 06:30,SCH - PJ - NY,23316,1701.52,2000,-1050
07/20/2025 06:30,SCH - PJM_HTP,325905,660,660,-660
07/20/2025 06:30,SCH - PJM_NEPTUNE,325305,660,660,-660
07/20/2025 06:30,SCH - PJM_VFT,325658,315,315,-315
07/20/2025 06:30,SPR/DUN-SOUTH,23320,1766.62,4600,-9999
07/20/2025 06:30,TOTAL EAST,23314,3461.23,7550,-9999
07/20/2025 06:30,UPNY CONED,23315,3169.61,6615,-9999
07/20/2025 06:30,WEST CENTRAL,23312,288.77,9999,-9999
07/20/2025 06:35,CENTRAL EAST - VC,23330,1740.62,3065,-9999
07/20/2025 06:35,DYSINGER EAST,23326,622.11,3200,-9999
07/20/2025 06:35,MOSES SOUTH,23319,73.14,3150,-1600
07/20/2025 06:35,SCH - HQ - NY,23324,-209,1500,-980
07/20/2025 06:35,SCH - HQ_CEDARS,325274,0,270,-40
07/20/2025 06:35,SCH - HQ_IMPORT_EXPORT,325376,-209,1310,-9999
07/20/2025 06:35,SCH - NE - NY,23318,-1397.96,1400,-1600
07/20/2025 06:35,SCH - NPX_1385,325277,-118,125,-125
07/20/2025 06:35,SCH - NPX_CSC,325154,255,330,-330
07/20/2025 06:35,SCH - OH - NY,23317,1396.88,2000,-1600
07/20/2025 06:35,SCH - PJ - NY,23316,1701.65,2000,-1050
07/20/2025 06:35,SCH - PJM_HTP,325905,660,660,-660
07/20/2025 06:35,SCH - PJM_NEPTUNE,325305,660,660,-660
07/20/2025 06:35,SCH - PJM_VFT,325658,315,315,-315
07/20/2025 06:35,SPR/DUN-SOUTH,23320,1767.75,4600,-9999
07/20/2025 06:35,TOTAL EAST,23314,3481.46,7550,-9999
07/20/2025 06:35,UPNY CONED,23315,3176.73,6615,-9999
07/20/2025 06:35,WEST CENTRAL,23312,272.18,9999,-9999
07/20/2025 06:40,CENTRAL EAST - VC,23330,1779.29,3065,-9999
07/20/2025 06:40,DYSINGER EAST,23326,685.31,3200,-9999
07/20/2025 06:40,MOSES SOUTH,23319,90.78,3150,-1600
07/20/2025 06:40,SCH - HQ - NY,23324,-209,1500,-980
07/20/2025 06:40,SCH - HQ_CEDARS,325274,0,270,-40
07/20/2025 06:40,SCH - HQ_IMPORT_EXPORT,325376,-209,1310,-9999
07/20/2025 06:40,SCH - NE - NY,23318,-1397.93,1400,-1600
07/20/2025 06:40,SCH - NPX_1385,325277,-118,125,-125
07/20/2025 06:40,SCH - NPX_CSC,325154,255,330,-330
07/20/2025 06:40,SCH - OH - NY,23317,1401.94,2000,-1600
07/20/2025 06:40,SCH - PJ - NY,23316,1697.6,2000,-1050
07/20/2025 06:40,SCH - PJM_HTP,325905,660,660,-660
07/20/2025 06:40,SCH - PJM_NEPTUNE,325305,660,660,-660
07/20/2025 06:40,SCH - PJM_VFT,325658,315,315,-315
07/20/2025 06:40,SPR/DUN-SOUTH,23320,1785.89,4600,-9999
07/20/2025 06:40,TOTAL EAST,23314,3480.29,7550,-9999
07/20/2025 06:40,UPNY CONED,23315,3207.4,6615,-9999
07/20/2025 06:40,WEST CENTRAL,23312,336.73,9999,-9999
07/20/2025 06:45,CENTRAL EAST - VC,23330,1784.1,3065,-9999
07/20/2025 06:45,DYSINGER EAST,23326,667.91,3200,-9999
07/20/2025 06:45,MOSES SOUTH,23319,101.44,3150,-1600
07/20/2025 06:45,SCH - HQ - NY,23324,-209,1500,-980
07/20/2025 06:45,SCH - HQ_CEDARS,325274,0,270,-40
07/20/2025 06:45,SCH - HQ_IMPORT_EXPORT,325376,-209,1310,-9999
07/20/2025 06:45,SCH - NE - NY,23318,-1397.92,1400,-1600
07/20/2025 06:45,SCH - NPX_1385,325277,-118,125,-125
07/20/2025 06:45,SCH - NPX_CSC,325154,255,330,-330
07/20/2025 06:45,SCH - OH - NY,23317,1401.16,2000,-1600
07/20/2025 06:45,SCH - PJ - NY,23316,1696.32,2000,-1050
07/20/2025 06:45,SCH - PJM_HTP,325905,660,660,-660
07/20/2025 06:45,SCH - PJM_NEPTUNE,325305,660,660,-660
07/20/2025 06:45,SCH - PJM_VFT,325658,315,315,-315
07/20/2025 06:45,SPR/DUN-SOUTH,23320,1776.09,4600,-9999
07/20/2025 06:45,TOTAL EAST,23314,3479.03,7550,-9999
07/20/2025 06:45,UPNY CONED,23315,3199.62,6615,-9999
07/20/2025 06:45,WEST CENTRAL,23312,316.51,9999,-9999
07/20/2025 06:50,CENTRAL EAST - VC,23330,1777.07,3065,-9999
07/20/2025 06:50,DYSINGER EAST,23326,663.6,3200,-9999
07/20/2025 06:50,MOSES SOUTH,23319,97.94,3150,-1600
07/20/2025 06:50,SCH - HQ - NY,23324,-209,1500,-980
07/20/2025 06:50,SCH - HQ_CEDARS,325274,0,270,-40
07/20/2025 06:50,SCH - HQ_IMPORT_EXPORT,325376,-209,1310,-9999
07/20/2025 06:50,SCH - NE - NY,23318,-1397.87,1400,-1600
07/20/2025 06:50,SCH - NPX_1385,325277,-118,125,-125
07/20/2025 06:50,SCH - NPX_CSC,325154,255,330,-330
07/20/2025 06:50,SCH - OH - NY,23317,1400.41,2000,-1600
07/20/2025 06:50,SCH - PJ - NY,23316,1697.97,2000,-1050
07/20/2025 06:50,SCH - PJM_HTP,325905,660,660,-660
07/20/2025 06:50,SCH - PJM_NEPTUNE,325305,660,660,-660
07/20/2025 06:50,SCH - PJM_VFT,325658,315,315,-315
07/20/2025 06:50,SPR/DUN-SOUTH,23320,1799.41,4600,-9999
07/20/2025 06:50,TOTAL EAST,23314,3480.26,7550,-9999
07/20/2025 06:50,UPNY CONED,23315,3228.17,6615,-9999
07/20/2025 06:50,WEST CENTRAL,23312,311.3,9999,-9999
07/20/2025 06:55,CENTRAL EAST - VC,23330,1779.31,3065,-9999
07/20/2025 06:55,DYSINGER EAST,23326,685.11,3200,-9999
07/20/2025 06:55,MOSES SOUTH,23319,97.73,3150,-1600
07/20/2025 06:55,SCH - HQ - NY,23324,-209,1500,-980
07/20/2025 06:55,SCH - HQ_CEDARS,325274,0,270,-40
07/20/2025 06:55,SCH - HQ_IMPORT_EXPORT,325376,-209,1310,-9999
07/20/2025 06:55,SCH - NE - NY,23318,-1397.9,1400,-1600
07/20/2025 06:55,SCH - NPX_1385,325277,-118,125,-125
07/20/2025 06:55,SCH - NPX_CSC,325154,255,330,-330
07/20/2025 06:55,SCH - OH - NY,23317,1401.4,2000,-1600
07/20/2025 06:55,SCH - PJ - NY,23316,1700.05,2000,-1050
07/20/2025 06:55,SCH - PJM_HTP,325905,660,660,-660
07/20/2025 06:55,SCH - PJM_NEPTUNE,325305,660,660,-660
07/20/2025 06:55,SCH - PJM_VFT,325658,315,315,-315
07/20/2025 06:55,SPR/DUN-SOUTH,23320,1811.39,4600,-9999
07/20/2025 06:55,TOTAL EAST,23314,3467.98,7550,-9999
07/20/2025 06:55,UPNY CONED,23315,3260.8,6615,-9999
07/20/2025 06:55,WEST CENTRAL,23312,327.65,9999,-9999
07/20/2025 07:00,CENTRAL EAST - VC,23330,1860.3,3065,-9999
07/20/2025 07:00,DYSINGER EAST,23326,569.18,3200,-9999
07/20/2025 07:00,MOSES SOUTH,23319,328.29,3150,-1600
07/20/2025 07:00,SCH - HQ - NY,23324,-9,1500,-980
07/20/2025 07:00,SCH - HQ_CEDARS,325274,0,270,-40
07/20/2025 07:00,SCH - HQ_IMPORT_EXPORT,325376,-9,1310,-9999
07/20/2025 07:00,SCH - NE - NY,23318,-1397.96,1400,-1600
07/20/2025 07:00,SCH - NPX_1385,325277,-121,125,-125
07/20/2025 07:00,SCH - NPX_CSC,325154,292,330,-330
07/20/2025 07:00,SCH - OH - NY,23317,1377.19,2000,-1600
07/20/2025 07:00,SCH - PJ - NY,23316,1676.29,2000,-1050
07/20/2025 07:00,SCH - PJM_HTP,325905,660,660,-660
07/20/2025 07:00,SCH - PJM_NEPTUNE,325305,660,660,-660
07/20/2025 07:00,SCH - PJM_VFT,325658,315,315,-315
07/20/2025 07:00,SPR/DUN-SOUTH,23320,1874.03,4600,-9999
07/20/2025 07:00,TOTAL EAST,23314,3604.41,7550,-9999
07/20/2025 07:00,UPNY CONED,23315,3239.27,6615,-9999
07/20/2025 07:00,WEST CENTRAL,23312,210.62,9999,-9999
07/20/2025 07:05,CENTRAL EAST - VC,23330,1951.56,3065,-9999
07/20/2025 07:05,DYSINGER EAST,23326,556.58,3200,-9999
07/20/2025 07:05,MOSES SOUTH,23319,542.76,3150,-1600
07/20/2025 07:05,SCH - HQ - NY,23324,191,1500,-980
07/20/2025 07:05,SCH - HQ_CEDARS,325274,0,270,-40
07/20/2025 07:05,SCH - HQ_IMPORT_EXPORT,325376,191,1310,-9999
07/20/2025 07:05,SCH - NE - NY,23318,-1397.94,1400,-1600
07/20/2025 07:05,SCH - NPX_1385,325277,-125,125,-125
07/20/2025 07:05,SCH - NPX_CSC,325154,330,330,-330
07/20/2025 07:05,SCH - OH - NY,23317,1357.07,2000,-1600
07/20/2025 07:05,SCH - PJ - NY,23316,1651.52,2000,-1050
07/20/2025 07:05,SCH - PJM_HTP,325905,660,660,-660
07/20/2025 07:05,SCH - PJM_NEPTUNE,325305,660,660,-660
07/20/2025 07:05,SCH - PJM_VFT,325658,315,315,-315
07/20/2025 07:05,SPR/DUN-SOUTH,23320,2002.32,4600,-9999
07/20/2025 07:05,TOTAL EAST,23314,3736.62,7550,-9999
07/20/2025 07:05,UPNY CONED,23315,3320.56,6615,-9999
07/20/2025 07:05,WEST CENTRAL,23312,190.88,9999,-9999
07/20/2025 07:10,CENTRAL EAST - VC,23330,1963.48,3065,-9999
07/20/2025 07:10,DYSINGER EAST,23326,606.54,3200,-9999
07/20/2025 07:10,MOSES SOUTH,23319,534.91,3150,-1600
07/20/2025 07:10,SCH - HQ - NY,23324,191,1500,-980
07/20/2025 07:10,SCH - HQ_CEDARS,325274,0,270,-40
07/20/2025 07:10,SCH - HQ_IMPORT_EXPORT,325376,191,1310,-9999
07/20/2025 07:10,SCH - NE - NY,23318,-1399.87,1400,-1600
07/20/2025 07:10,SCH - NPX_1385,325277,-125,125,-125
07/20/2025 07:10,SCH - NPX_CSC,325154,330,330,-330
07/20/2025 07:10,SCH - OH - NY,23317,1355.82,2000,-1600
07/20/2025 07:10,SCH - PJ - NY,23316,1657.56,2000,-1050
07/20/2025 07:10,SCH - PJM_HTP,325905,660,660,-660
07/20/2025 07:10,SCH - PJM_NEPTUNE,325305,660,660,-660
07/20/2025 07:10,SCH - PJM_VFT,325658,315,315,-315
07/20/2025 07:10,SPR/DUN-SOUTH,23320,1963.61,4600,-9999
07/20/2025 07:10,TOTAL EAST,23314,3716.15,7550,-9999
07/20/2025 07:10,UPNY CONED,23315,3287.57,6615,-9999
07/20/2025 07:10,WEST CENTRAL,23312,237.95,9999,-9999
07/20/2025 07:15,CENTRAL EAST - VC,23330,1980.88,3065,-9999
07/20/2025 07:15,DYSINGER EAST,23326,652.71,3200,-9999
07/20/2025 07:15,MOSES SOUTH,23319,536.47,3150,-1600
07/20/2025 07:15,SCH - HQ - NY,23324,191,1500,-980
07/20/2025 07:15,SCH - HQ_CEDARS,325274,0,270,-40
07/20/2025 07:15,SCH - HQ_IMPORT_EXPORT,325376,191,1310,-9999
07/20/2025 07:15,SCH - NE - NY,23318,-1399.86,1400,-1600
07/20/2025 07:15,SCH - NPX_1385,325277,-125,125,-125
07/20/2025 07:15,SCH - NPX_CSC,325154,330,330,-330
07/20/2025 07:15,SCH - OH - NY,23317,1355.81,2000,-1600
07/20/2025 07:15,SCH - PJ - NY,23316,1654.63,2000,-1050
07/20/2025 07:15,SCH - PJM_HTP,325905,660,660,-660
07/20/2025 07:15,SCH - PJM_NEPTUNE,325305,660,660,-660
07/20/2025 07:15,SCH - PJM_VFT,325658,315,315,-315
07/20/2025 07:15,SPR/DUN-SOUTH,23320,1957.56,4600,-9999
07/20/2025 07:15,TOTAL EAST,23314,3713.54,7550,-9999
07/20/2025 07:15,UPNY CONED,23315,3285.53,6615,-9999
07/20/2025 07:15,WEST CENTRAL,23312,281.84,9999,-9999
07/20/2025 07:20,CENTRAL EAST - VC,23330,1978.86,3065,-9999
07/20/2025 07:20,DYSINGER EAST,23326,629.61,3200,-9999
07/20/2025 07:20,MOSES SOUTH,23319,561.27,3150,-1600
07/20/2025 07:20,SCH - HQ - NY,23324,191,1500,-980
07/20/2025 07:20,SCH - HQ_CEDARS,325274,0,270,-40
07/20/2025 07:20,SCH - HQ_IMPORT_EXPORT,325376,191,1310,-9999
07/20/2025 07:20,SCH - NE - NY,23318,-1398.68,1400,-1600
07/20/2025 07:20,SCH - NPX_1385,325277,-125,125,-125
07/20/2025 07:20,SCH - NPX_CSC,325154,330,330,-330
07/20/2025 07:20,SCH - OH - NY,23317,1355.8,2000,-1600
07/20/2025 07:20,SCH - PJ - NY,23316,1652.8,2000,-1050
07/20/2025 07:20,SCH - PJM_HTP,325905,660,660,-660
07/20/2025 07:20,SCH - PJM_NEPTUNE,325305,660,660,-660
07/20/2025 07:20,SCH - PJM_VFT,325658,315,315,-315
07/20/2025 07:20,SPR/DUN-SOUTH,23320,1980.5,4600,-9999
07/20/2025 07:20,TOTAL EAST,23314,3688.76,7550,-9999
07/20/2025 07:20,UPNY CONED,23315,3313.72,6615,-9999
07/20/2025 07:20,WEST CENTRAL,23312,256.01,9999,-9999
07/20/2025 07:25,CENTRAL EAST - VC,23330,1990.35,3065,-9999
07/20/2025 07:25,DYSINGER EAST,23326,636.79,3200,-9999
07/20/2025 07:25,MOSES SOUTH,23319,555.99,3150,-1600
07/20/2025 07:25,SCH - HQ - NY,23324,191,1500,-980
07/20/2025 07:25,SCH - HQ_CEDARS,325274,0,270,-40
07/20/2025 07:25,SCH - HQ_IMPORT_EXPORT,325376,191,1310,-9999
07/20/2025 07:25,SCH - NE - NY,23318,-1398.63,1400,-1600
07/20/2025 07:25,SCH - NPX_1385,325277,-125,125,-125
07/20/2025 07:25,SCH - NPX_CSC,325154,330,330,-330
07/20/2025 07:25,SCH - OH - NY,23317,1355.82,2000,-1600
07/20/2025 07:25,SCH - PJ - NY,23316,1652.69,2000,-1050
07/20/2025 07:25,SCH - PJM_HTP,325905,660,660,-660
07/20/2025 07:25,SCH - PJM_NEPTUNE,325305,660,660,-660
07/20/2025 07:25,SCH - PJM_VFT,325658,315,315,-315
07/20/2025 07:25,SPR/DUN-SOUTH,23320,1992.06,4600,-9999
07/20/2025 07:25,TOTAL EAST,23314,3682.8,7550,-9999
07/20/2025 07:25,UPNY CONED,23315,3340.18,6615,-9999
07/20/2025 07:25,WEST CENTRAL,23312,264.16,9999,-9999
07/20/2025 07:30,CENTRAL EAST - VC,23330,1971.59,3065,-9999
07/20/2025 07:30,DYSINGER EAST,23326,637.87,3200,-9999
07/20/2025 07:30,MOSES SOUTH,23319,557.1,3150,-1600
07/20/2025 07:30,SCH - HQ - NY,23324,191,1500,-980
07/20/2025 07:30,SCH - HQ_CEDARS,325274,0,270,-40
07/20/2025 07:30,SCH - HQ_IMPORT_EXPORT,325376,191,1310,-9999
07/20/2025 07:30,SCH - NE - NY,23318,-1398.64,1400,-1600
07/20/2025 07:30,SCH - NPX_1385,325277,-125,125,-125
07/20/2025 07:30,SCH - NPX_CSC,325154,330,330,-330
07/20/2025 07:30,SCH - OH - NY,23317,1355.82,2000,-1600
07/20/2025 07:30,SCH - PJ - NY,23316,1650.74,2000,-1050
07/20/2025 07:30,SCH - PJM_HTP,325905,660,660,-660
07/20/2025 07:30,SCH - PJM_NEPTUNE,325305,660,660,-660
07/20/2025 07:30,SCH - PJM_VFT,325658,315,315,-315
07/20/2025 07:30,SPR/DUN-SOUTH,23320,1985.75,4600,-9999
07/20/2025 07:30,TOTAL EAST,23314,3657.11,7550,-9999
07/20/2025 07:30,UPNY CONED,23315,3349.24,6615,-9999
07/20/2025 07:30,WEST CENTRAL,23312,267.16,9999,-9999
07/20/2025 07:35,CENTRAL EAST - VC,23330,1952.84,3065,-9999
07/20/2025 07:35,DYSINGER EAST,23326,599.56,3200,-9999
07/20/2025 07:35,MOSES SOUTH,23319,526.53,3150,-1600
07/20/2025 07:35,SCH - HQ - NY,23324,191,1500,-980
07/20/2025 07:35,SCH - HQ_CEDARS,325274,0,270,-40
07/20/2025 07:35,SCH - HQ_IMPORT_EXPORT,325376,191,1310,-9999
07/20/2025 07:35,SCH - NE - NY,23318,-1398.6,1400,-1600
07/20/2025 07:35,SCH - NPX_1385,325277,-125,125,-125
07/20/2025 07:35,SCH - NPX_CSC,325154,330,330,-330
07/20/2025 07:35,SCH - OH - NY,23317,1359.21,2000,-1600
07/20/2025 07:35,SCH - PJ - NY,23316,1648.29,2000,-1050
07/20/2025 07:35,SCH - PJM_HTP,325905,660,660,-660
07/20/2025 07:35,SCH - PJM_NEPTUNE,325305,660,660,-660
07/20/2025 07:35,SCH - PJM_VFT,325658,315,315,-315
07/20/2025 07:35,SPR/DUN-SOUTH,23320,1992.64,4600,-9999
07/20/2025 07:35,TOTAL EAST,23314,3662.05,7550,-9999
07/20/2025 07:35,UPNY CONED,23315,3357.16,6615,-9999
07/20/2025 07:35,WEST CENTRAL,23312,233.18,9999,-9999
07/20/2025 07:40,CENTRAL EAST - VC,23330,1919.29,3065,-9999
07/20/2025 07:40,DYSINGER EAST,23326,580.15,3200,-9999
07/20/2025 07:40,MOSES SOUTH,23319,521.34,3150,-1600
07/20/2025 07:40,SCH - HQ - NY,23324,191,1500,-980
07/20/2025 07:40,SCH - HQ_CEDARS,325274,0,270,-40
07/20/2025 07:40,SCH - HQ_IMPORT_EXPORT,325376,191,1310,-9999
07/20/2025 07:40,SCH - NE - NY,23318,-1398.66,1400,-1600
07/20/2025 07:40,SCH - NPX_1385,325277,-125,125,-125
07/20/2025 07:40,SCH - NPX_CSC,325154,330,330,-330
07/20/2025 07:40,SCH - OH - NY,23317,1357.99,2000,-1600
07/20/2025 07:40,SCH - PJ - NY,23316,1651.62,2000,-1050
07/20/2025 07:40,SCH - PJM_HTP,325905,660,660,-660
07/20/2025 07:40,SCH - PJM_NEPTUNE,325305,660,660,-660
07/20/2025 07:40,SCH - PJM_VFT,325658,315,315,-315
07/20/2025 07:40,SPR/DUN-SOUTH,23320,2004.97,4600,-9999
07/20/2025 07:40,TOTAL EAST,23314,3656.53,7550,-9999
07/20/2025 07:40,UPNY CONED,23315,3378.57,6615,-9999
07/20/2025 07:40,WEST CENTRAL,23312,212.89,9999,-9999
07/20/2025 07:45,CENTRAL EAST - VC,23330,1899.19,3065,-9999
07/20/2025 07:45,DYSINGER EAST,23326,545.23,3200,-9999
07/20/2025 07:45,MOSES SOUTH,23319,517.03,3150,-1600
07/20/2025 07:45,SCH - HQ - NY,23324,191,1500,-980
07/20/2025 07:45,SCH - HQ_CEDARS,325274,0,270,-40
07/20/2025 07:45,SCH - HQ_IMPORT_EXPORT,325376,191,1310,-9999
07/20/2025 07:45,SCH - NE - NY,23318,-1398.71,1400,-1600
07/20/2025 07:45,SCH - NPX_1385,325277,-125,125,-125
07/20/2025 07:45,SCH - NPX_CSC,325154,330,330,-330
07/20/2025 07:45,SCH - OH - NY,23317,1356.03,2000,-1600
07/20/2025 07:45,SCH - PJ - NY,23316,1654.65,2000,-1050
07/20/2025 07:45,SCH - PJM_HTP,325905,660,660,-660
07/20/2025 07:45,SCH - PJM_NEPTUNE,325305,660,660,-660
07/20/2025 07:45,SCH - PJM_VFT,325658,315,315,-315
07/20/2025 07:45,SPR/DUN-SOUTH,23320,2007.92,4600,-9999
07/20/2025 07:45,TOTAL EAST,23314,3654.48,7550,-9999
07/20/2025 07:45,UPNY CONED,23315,3384.36,6615,-9999
07/20/2025 07:45,WEST CENTRAL,23312,175.13,9999,-9999
07/20/2025 07:50,CENTRAL EAST - VC,23330,1880.23,3065,-9999
07/20/2025 07:50,DYSINGER EAST,23326,555.36,3200,-9999
07/20/2025 07:50,MOSES SOUTH,23319,489.55,3150,-1600
07/20/2025 07:50,SCH - HQ - NY,23324,191,1500,-980
07/20/2025 07:50,SCH - HQ_CEDARS,325274,0,270,-40
07/20/2025 07:50,SCH - HQ_IMPORT_EXPORT,325376,191,1310,-9999
07/20/2025 07:50,SCH - NE - NY,23318,-1398.67,1400,-1600
07/20/2025 07:50,SCH - NPX_1385,325277,-125,125,-125
07/20/2025 07:50,SCH - NPX_CSC,325154,330,330,-330
07/20/2025 07:50,SCH - OH - NY,23317,1355.67,2000,-1600
07/20/2025 07:50,SCH - PJ - NY,23316,1654.96,2000,-1050
07/20/2025 07:50,SCH - PJM_HTP,325905,660,660,-660
07/20/2025 07:50,SCH - PJM_NEPTUNE,325305,660,660,-660
07/20/2025 07:50,SCH - PJM_VFT,325658,315,315,-315
07/20/2025 07:50,SPR/DUN-SOUTH,23320,2014.94,4600,-9999
07/20/2025 07:50,TOTAL EAST,23314,3629.26,7550,-9999
07/20/2025 07:50,UPNY CONED,23315,3403.89,6615,-9999
07/20/2025 07:50,WEST CENTRAL,23312,187.2,9999,-9999
07/20/2025 07:55,CENTRAL EAST - VC,23330,1869.58,3065,-9999
07/20/2025 07:55,DYSINGER EAST,23326,534.28,3200,-9999
07/20/2025 07:55,MOSES SOUTH,23319,452.02,3150,-1600
07/20/2025 07:55,SCH - HQ - NY,23324,191,1500,-980
07/20/2025 07:55,SCH - HQ_CEDARS,325274,0,270,-40
07/20/2025 07:55,SCH - HQ_IMPORT_EXPORT,325376,191,1310,-9999
07/20/2025 07:55,SCH - NE - NY,23318,-1398.69,1400,-1600
07/20/2025 07:55,SCH - NPX_1385,325277,-125,125,-125
07/20/2025 07:55,SCH - NPX_CSC,325154,330,330,-330
07/20/2025 07:55,SCH - OH - NY,23317,1352.34,2000,-1600
07/20/2025 07:55,SCH - PJ - NY,23316,1658.3,2000,-1050
07/20/2025 07:55,SCH - PJM_HTP,325905,660,660,-660
07/20/2025 07:55,SCH - PJM_NEPTUNE,325305,660,660,-660
07/20/2025 07:55,SCH - PJM_VFT,325658,315,315,-315
07/20/2025 07:55,SPR/DUN-SOUTH,23320,2015.38,4600,-9999
07/20/2025 07:55,TOTAL EAST,23314,3649.41,7550,-9999
07/20/2025 07:55,UPNY CONED,23315,3427.94,6615,-9999
07/20/2025 07:55,WEST CENTRAL,23312,163.28,9999,-9999
07/20/2025 08:00,CENTRAL EAST - VC,23330,1891.6,3065,-9999
07/20/2025 08:00,DYSINGER EAST,23326,652.18,3200,-9999
07/20/2025 08:00,MOSES SOUTH,23319,456.1,3150,-1600
07/20/2025 08:00,SCH - HQ - NY,23324,116,1500,-980
07/20/2025 08:00,SCH - HQ_CEDARS,325274,0,270,-40
07/20/2025 08:00,SCH - HQ_IMPORT_EXPORT,325376,116,1310,-9999
07/20/2025 08:00,SCH - NE - NY,23318,-1314.73,1400,-1600
07/20/2025 08:00,SCH - NPX_1385,325277,-96,125,-125
07/20/2025 08:00,SCH - NPX_CSC,325154,330,330,-330
07/20/2025 08:00,SCH - OH - NY,23317,1285.67,2000,-1600
07/20/2025 08:00,SCH - PJ - NY,23316,1615.17,2000,-1050
07/20/2025 08:00,SCH - PJM_HTP,325905,660,660,-660
07/20/2025 08:00,SCH - PJM_NEPTUNE,325305,660,660,-660
07/20/2025 08:00,SCH - PJM_VFT,325658,315,315,-315
07/20/2025 08:00,SPR/DUN-SOUTH,23320,2081.74,4600,-9999
07/20/2025 08:00,TOTAL EAST,23314,3635.14,7550,-9999
07/20/2025 08:00,UPNY CONED,23315,3485.08,6615,-9999
07/20/2025 08:00,WEST CENTRAL,23312,273.36,9999,-9999
07/20/2025 08:05,CENTRAL EAST - VC,23330,1838.01,3065,-9999
07/20/2025 08:05,DYSINGER EAST,23326,584.39,3200,-9999
07/20/2025 08:05,MOSES SOUTH,23319,358.27,3150,-1600
07/20/2025 08:05,SCH - HQ - NY,23324,41,1500,-980
07/20/2025 08:05,SCH - HQ_CEDARS,325274,0,270,-40
07/20/2025 08:05,SCH - HQ_IMPORT_EXPORT,325376,41,1310,-9999
07/20/2025 08:05,SCH - NE - NY,23318,-1230.69,1400,-1600
07/20/2025 08:05,SCH - NPX_1385,325277,-68,125,-125
07/20/2025 08:05,SCH - NPX_CSC,325154,330,330,-330
07/20/2025 08:05,SCH - OH - NY,23317,1212.74,2000,-1600
07/20/2025 08:05,SCH - PJ - NY,23316,1583.87,2000,-1050
07/20/2025 08:05,SCH - PJM_HTP,325905,660,660,-660
07/20/2025 08:05,SCH - PJM_NEPTUNE,325305,660,660,-660
07/20/2025 08:05,SCH - PJM_VFT,325658,315,315,-315
07/20/2025 08:05,SPR/DUN-SOUTH,23320,2092.34,4600,-9999
07/20/2025 08:05,TOTAL EAST,23314,3489.22,7550,-9999
07/20/2025 08:05,UPNY CONED,23315,3484.37,6615,-9999
07/20/2025 08:05,WEST CENTRAL,23312,202.31,9999,-9999
07/20/2025 08:10,CENTRAL EAST - VC,23330,1796.44,3065,-9999
07/20/2025 08:10,DYSINGER EAST,23326,526.31,3200,-9999
07/20/2025 08:10,MOSES SOUTH,23319,329.18,3150,-1600
07/20/2025 08:10,SCH - HQ - NY,23324,41,1500,-980
07/20/2025 08:10,SCH - HQ_CEDARS,325274,0,270,-40
07/20/2025 08:10,SCH - HQ_IMPORT_EXPORT,325376,41,1310,-9999
07/20/2025 08:10,SCH - NE - NY,23318,-1231.32,1400,-1600
07/20/2025 08:10,SCH - NPX_1385,325277,-68,125,-125
07/20/2025 08:10,SCH - NPX_CSC,325154,330,330,-330
07/20/2025 08:10,SCH - OH - NY,23317,1213.08,2000,-1600
07/20/2025 08:10,SCH - PJ - NY,23316,1583.52,2000,-1050
07/20/2025 08:10,SCH - PJM_HTP,325905,660,660,-660
07/20/2025 08:10,SCH - PJM_NEPTUNE,325305,660,660,-660
07/20/2025 08:10,SCH - PJM_VFT,325658,315,315,-315
07/20/2025 08:10,SPR/DUN-SOUTH,23320,2039,4600,-9999
07/20/2025 08:10,TOTAL EAST,23314,3416.07,7550,-9999
07/20/2025 08:10,UPNY CONED,23315,3447.67,6615,-9999
07/20/2025 08:10,WEST CENTRAL,23312,141.77,9999,-9999
07/20/2025 08:15,CENTRAL EAST - VC,23330,1751.87,3065,-9999
07/20/2025 08:15,DYSINGER EAST,23326,541.3,3200,-9999
07/20/2025 08:15,MOSES SOUTH,23319,325.03,3150,-1600
07/20/2025 08:15,SCH - HQ - NY,23324,41,1500,-980
07/20/2025 08:15,SCH - HQ_CEDARS,325274,0,270,-40
07/20/2025 08:15,SCH - HQ_IMPORT_EXPORT,325376,41,1310,-9999
07/20/2025 08:15,SCH - NE - NY,23318,-1197.07,1400,-1600
07/20/2025 08:15,SCH - NPX_1385,325277,-68,125,-125
07/20/2025 08:15,SCH - NPX_CSC,325154,330,330,-330
07/20/2025 08:15,SCH - OH - NY,23317,1209.4,2000,-1600
07/20/2025 08:15,SCH - PJ - NY,23316,1590.04,2000,-1050
07/20/2025 08:15,SCH - PJM_HTP,325905,660,660,-660
07/20/2025 08:15,SCH - PJM_NEPTUNE,325305,660,660,-660
07/20/2025 08:15,SCH - PJM_VFT,325658,315,315,-315
07/20/2025 08:15,SPR/DUN-SOUTH,23320,2085.63,4600,-9999
07/20/2025 08:15,TOTAL EAST,23314,3421.74,7550,-9999
07/20/2025 08:15,UPNY CONED,23315,3504.83,6615,-9999
07/20/2025 08:15,WEST CENTRAL,23312,151.5,9999,-9999
07/20/2025 08:20,CENTRAL EAST - VC,23330,1731.87,3065,-9999
07/20/2025 08:20,DYSINGER EAST,23326,539.01,3200,-9999
07/20/2025 08:20,MOSES SOUTH,23319,308.61,3150,-1600
07/20/2025 08:20,SCH - HQ - NY,23324,41,1500,-980
07/20/2025 08:20,SCH - HQ_CEDARS,325274,0,270,-40
07/20/2025 08:20,SCH - HQ_IMPORT_EXPORT,325376,41,1310,-9999
07/20/2025 08:20,SCH - NE - NY,23318,-1162.06,1400,-1600
07/20/2025 08:20,SCH - NPX_1385,325277,-68,125,-125
07/20/2025 08:20,SCH - NPX_CSC,325154,330,330,-330
07/20/2025 08:20,SCH - OH - NY,23317,1210.22,2000,-1600
07/20/2025 08:20,SCH - PJ - NY,23316,1588.2,2000,-1050
07/20/2025 08:20,SCH - PJM_HTP,325905,660,660,-660
07/20/2025 08:20,SCH - PJM_NEPTUNE,325305,660,660,-660
07/20/2025 08:20,SCH - PJM_VFT,325658,315,315,-315
07/20/2025 08:20,SPR/DUN-SOUTH,23320,2114.56,4600,-9999
07/20/2025 08:20,TOTAL EAST,23314,3403.95,7550,-9999
07/20/2025 08:20,UPNY CONED,23315,3525.54,6615,-9999
07/20/2025 08:20,WEST CENTRAL,23312,147.16,9999,-9999
07/20/2025 08:25,CENTRAL EAST - VC,23330,1737.54,3065,-9999
07/20/2025 08:25,DYSINGER EAST,23326,528.44,3200,-9999
07/20/2025 08:25,MOSES SOUTH,23319,302.7,3150,-1600
07/20/2025 08:25,SCH - HQ - NY,23324,41,1500,-980
07/20/2025 08:25,SCH - HQ_CEDARS,325274,0,270,-40
07/20/2025 08:25,SCH - HQ_IMPORT_EXPORT,325376,41,1310,-9999
07/20/2025 08:25,SCH - NE - NY,23318,-1162.06,1400,-1600
07/20/2025 08:25,SCH - NPX_1385,325277,-68,125,-125
07/20/2025 08:25,SCH - NPX_CSC,325154,330,330,-330
07/20/2025 08:25,SCH - OH - NY,23317,1209.05,2000,-1600
07/20/2025 08:25,SCH - PJ - NY,23316,1589.36,2000,-1050
07/20/2025 08:25,SCH - PJM_HTP,325905,660,660,-660
07/20/2025 08:25,SCH - PJM_NEPTUNE,325305,660,660,-660
07/20/2025 08:25,SCH - PJM_VFT,325658,315,315,-315
07/20/2025 08:25,SPR/DUN-SOUTH,23320,2112.94,4600,-9999
07/20/2025 08:25,TOTAL EAST,23314,3402.62,7550,-9999
07/20/2025 08:25,UPNY CONED,23315,3538.22,6615,-9999
07/20/2025 08:25,WEST CENTRAL,23312,134.59,9999,-9999
07/20/2025 08:30,CENTRAL EAST - VC,23330,1718.58,3065,-9999
07/20/2025 08:30,DYSINGER EAST,23326,511.62,3200,-9999
07/20/2025 08:30,MOSES SOUTH,23319,298.94,3150,-1600
07/20/2025 08:30,SCH - HQ - NY,23324,41,1500,-980
07/20/2025 08:30,SCH - HQ_CEDARS,325274,0,270,-40
07/20/2025 08:30,SCH - HQ_IMPORT_EXPORT,325376,41,1310,-9999
07/20/2025 08:30,SCH - NE - NY,23318,-1139.06,1400,-1600
07/20/2025 08:30,SCH - NPX_1385,325277,-68,125,-125
07/20/2025 08:30,SCH - NPX_CSC,325154,330,330,-330
07/20/2025 08:30,SCH - OH - NY,23317,1213.03,2000,-1600
07/20/2025 08:30,SCH - PJ - NY,23316,1586.37,2000,-1050
07/20/2025 08:30,SCH - PJM_HTP,325905,660,660,-660
07/20/2025 08:30,SCH - PJM_NEPTUNE,325305,660,660,-660
07/20/2025 08:30,SCH - PJM_VFT,325658,315,315,-315
07/20/2025 08:30,SPR/DUN-SOUTH,23320,2111.79,4600,-9999
07/20/2025 08:30,TOTAL EAST,23314,3386.33,7550,-9999
07/20/2025 08:30,UPNY CONED,23315,3538.99,6615,-9999
07/20/2025 08:30,WEST CENTRAL,23312,113.78,9999,-9999
07/20/2025 08:35,CENTRAL EAST - VC,23330,1710.27,3065,-9999
07/20/2025 08:35,DYSINGER EAST,23326,495.01,3200,-9999
07/20/2025 08:35,MOSES SOUTH,23319,306.98,3150,-1600
07/20/2025 08:35,SCH - HQ - NY,23324,41,1500,-980
07/20/2025 08:35,SCH - HQ_CEDARS,325274,0,270,-40
07/20/2025 08:35,SCH - HQ_IMPORT_EXPORT,325376,41,1310,-9999
07/20/2025 08:35,SCH - NE - NY,23318,-1116.05,1400,-1600
07/20/2025 08:35,SCH - NPX_1385,325277,-68,125,-125
07/20/2025 08:35,SCH - NPX_CSC,325154,330,330,-330
07/20/2025 08:35,SCH - OH - NY,23317,1213.05,2000,-1600
07/20/2025 08:35,SCH - PJ - NY,23316,1585.37,2000,-1050
07/20/2025 08:35,SCH - PJM_HTP,325905,660,660,-660
07/20/2025 08:35,SCH - PJM_NEPTUNE,325305,660,660,-660
07/20/2025 08:35,SCH - PJM_VFT,325658,315,315,-315
07/20/2025 08:35,SPR/DUN-SOUTH,23320,2107.4,4600,-9999
07/20/2025 08:35,TOTAL EAST,23314,3372.85,7550,-9999
07/20/2025 08:35,UPNY CONED,23315,3543.79,6615,-9999
07/20/2025 08:35,WEST CENTRAL,23312,90.35,9999,-9999
07/20/2025 08:40,CENTRAL EAST - VC,23330,1697.43,3065,-9999
07/20/2025 08:40,DYSINGER EAST,23326,508.65,3200,-9999
07/20/2025 08:40,MOSES SOUTH,23319,289.29,3150,-1600
07/20/2025 08:40,SCH - HQ - NY,23324,41,1500,-980
07/20/2025 08:40,SCH - HQ_CEDARS,325274,0,270,-40
07/20/2025 08:40,SCH - HQ_IMPORT_EXPORT,325376,41,1310,-9999
07/20/2025 08:40,SCH - NE - NY,23318,-1116.06,1400,-1600
07/20/2025 08:40,SCH - NPX_1385,325277,-68,125,-125
07/20/2025 08:40,SCH - NPX_CSC,325154,330,330,-330
07/20/2025 08:40,SCH - OH - NY,23317,1213.05,2000,-1600
07/20/2025 08:40,SCH - PJ - NY,23316,1586.35,2000,-1050
07/20/2025 08:40,SCH - PJM_HTP,325905,660,660,-660
07/20/2025 08:40,SCH - PJM_NEPTUNE,325305,660,660,-660
07/20/2025 08:40,SCH - PJM_VFT,325658,315,315,-315
07/20/2025 08:40,SPR/DUN-SOUTH,23320,2114.43,4600,-9999
07/20/2025 08:40,TOTAL EAST,23314,3389.17,7550,-9999
07/20/2025 08:40,UPNY CONED,23315,3569.74,6615,-9999
07/20/2025 08:40,WEST CENTRAL,23312,109.9,9999,-9999
07/20/2025 08:45,CENTRAL EAST - VC,23330,1726.48,3065,-9999
07/20/2025 08:45,DYSINGER EAST,23326,528.01,3200,-9999
07/20/2025 08:45,MOSES SOUTH,23319,303.21,3150,-1600
07/20/2025 08:45,SCH - HQ - NY,23324,41,1500,-980
07/20/2025 08:45,SCH - HQ_CEDARS,325274,0,270,-40
07/20/2025 08:45,SCH - HQ_IMPORT_EXPORT,325376,41,1310,-9999
07/20/2025 08:45,SCH - NE - NY,23318,-1092.06,1400,-1600
07/20/2025 08:45,SCH - NPX_1385,325277,-68,125,-125
07/20/2025 08:45,SCH - NPX_CSC,325154,330,330,-330
07/20/2025 08:45,SCH - OH - NY,23317,1209.78,2000,-1600
07/20/2025 08:45,SCH - PJ - NY,23316,1585.64,2000,-1050
07/20/2025 08:45,SCH - PJM_HTP,325905,660,660,-660
07/20/2025 08:45,SCH - PJM_NEPTUNE,325305,660,660,-660
07/20/2025 08:45,SCH - PJM_VFT,325658,315,315,-315
07/20/2025 08:45,SPR/DUN-SOUTH,23320,2137.19,4600,-9999
07/20/2025 08:45,TOTAL EAST,23314,3405.61,7550,-9999
07/20/2025 08:45,UPNY CONED,23315,3624.95,6615,-9999
07/20/2025 08:45,WEST CENTRAL,23312,122.19,9999,-9999
07/20/2025 08:50,CENTRAL EAST - VC,23330,1734.04,3065,-9999
07/20/2025 08:50,DYSINGER EAST,23326,576.18,3200,-9999
07/20/2025 08:50,MOSES SOUTH,23319,296.73,3150,-1600
07/20/2025 08:50,SCH - HQ - NY,23324,41,1500,-980
07/20/2025 08:50,SCH - HQ_CEDARS,325274,0,270,-40
07/20/2025 08:50,SCH - HQ_IMPORT_EXPORT,325376,41,1310,-9999
07/20/2025 08:50,SCH - NE - NY,23318,-1069.06,1400,-1600
07/20/2025 08:50,SCH - NPX_1385,325277,-68,125,-125
07/20/2025 08:50,SCH - NPX_CSC,325154,330,330,-330
07/20/2025 08:50,SCH - OH - NY,23317,1208.94,2000,-1600
07/20/2025 08:50,SCH - PJ - NY,23316,1589.48,2000,-1050
07/20/2025 08:50,SCH - PJM_HTP,325905,660,660,-660
07/20/2025 08:50,SCH - PJM_NEPTUNE,325305,660,660,-660
07/20/2025 08:50,SCH - PJM_VFT,325658,315,315,-315
07/20/2025 08:50,SPR/DUN-SOUTH,23320,2161.25,4600,-9999
07/20/2025 08:50,TOTAL EAST,23314,3439.39,7550,-9999
07/20/2025 08:50,UPNY CONED,23315,3658.57,6615,-9999
07/20/2025 08:50,WEST CENTRAL,23312,170.05,9999,-9999
07/20/2025 08:55,CENTRAL EAST - VC,23330,1759.42,3065,-9999
07/20/2025 08:55,DYSINGER EAST,23326,602.29,3200,-9999
07/20/2025 08:55,MOSES SOUTH,23319,268.21,3150,-1600
07/20/2025 08:55,SCH - HQ - NY,23324,41,1500,-980
07/20/2025 08:55,SCH - HQ_CEDARS,325274,0,270,-40
07/20/2025 08:55,SCH - HQ_IMPORT_EXPORT,325376,41,1310,-9999
07/20/2025 08:55,SCH - NE - NY,23318,-1068.39,1400,-1600
07/20/2025 08:55,SCH - NPX_1385,325277,-68,125,-125
07/20/2025 08:55,SCH - NPX_CSC,325154,330,330,-330
07/20/2025 08:55,SCH - OH - NY,23317,1213.08,2000,-1600
07/20/2025 08:55,SCH - PJ - NY,23316,1585.69,2000,-1050
07/20/2025 08:55,SCH - PJM_HTP,325905,660,660,-660
07/20/2025 08:55,SCH - PJM_NEPTUNE,325305,660,660,-660
07/20/2025 08:55,SCH - PJM_VFT,325658,315,315,-315
07/20/2025 08:55,SPR/DUN-SOUTH,23320,2189.6,4600,-9999
07/20/2025 08:55,TOTAL EAST,23314,3489.75,7550,-9999
07/20/2025 08:55,UPNY CONED,23315,3699.6,6615,-9999
07/20/2025 08:55,WEST CENTRAL,23312,191.33,9999,-9999
07/20/2025 09:00,CENTRAL EAST - VC,23330,1754.04,3065,-9999
07/20/2025 09:00,DYSINGER EAST,23326,768.54,3200,-9999
07/20/2025 09:00,MOSES SOUTH,23319,312.57,3150,-1600
07/20/2025 09:00,SCH - HQ - NY,23324,41,1500,-980
07/20/2025 09:00,SCH - HQ_CEDARS,325274,0,270,-40
07/20/2025 09:00,SCH - HQ_IMPORT_EXPORT,325376,41,1310,-9999
07/20/2025 09:00,SCH - NE - NY,23318,-1140.06,1400,-1600
07/20/2025 09:00,SCH - NPX_1385,325277,-55,125,-125
07/20/2025 09:00,SCH - NPX_CSC,325154,330,330,-330
07/20/2025 09:00,SCH - OH - NY,23317,1226.05,2000,-1600
07/20/2025 09:00,SCH - PJ - NY,23316,1647.45,2000,-1050
07/20/2025 09:00,SCH - PJM_HTP,325905,660,660,-660
07/20/2025 09:00,SCH - PJM_NEPTUNE,325305,660,660,-660
07/20/2025 09:00,SCH - PJM_VFT,325658,315,315,-315
07/20/2025 09:00,SPR/DUN-SOUTH,23320,2230.8,4600,-9999
07/20/2025 09:00,TOTAL EAST,23314,3621.54,7550,-9999
07/20/2025 09:00,UPNY CONED,23315,3635.31,6615,-9999
07/20/2025 09:00,WEST CENTRAL,23312,343.17,9999,-9999
07/20/2025 09:05,CENTRAL EAST - VC,23330,1921.9,3065,-9999
07/20/2025 09:05,DYSINGER EAST,23326,924.38,3200,-9999
07/20/2025 09:05,MOSES SOUTH,23319,301.98,3150,-1600
07/20/2025 09:05,SCH - HQ - NY,23324,41,1500,-980
07/20/2025 09:05,SCH - HQ_CEDARS,325274,0,270,-40
07/20/2025 09:05,SCH - HQ_IMPORT_EXPORT,325376,41,1310,-9999
07/20/2025 09:05,SCH - NE - NY,23318,-1210.38,1400,-1600
07/20/2025 09:05,SCH - NPX_1385,325277,-41,125,-125
07/20/2025 09:05,SCH - NPX_CSC,325154,330,330,-330
07/20/2025 09:05,SCH - OH - NY,23317,1239.08,2000,-1600
07/20/2025 09:05,SCH - PJ - NY,23316,1704.72,2000,-1050
07/20/2025 09:05,SCH - PJM_HTP,325905,660,660,-660
07/20/2025 09:05,SCH - PJM_NEPTUNE,325305,660,660,-660
07/20/2025 09:05,SCH - PJM_VFT,325658,315,315,-315
07/20/2025 09:05,SPR/DUN-SOUTH,23320,2386.16,4600,-9999
07/20/2025 09:05,TOTAL EAST,23314,3846.41,7550,-9999
07/20/2025 09:05,UPNY CONED,23315,3797.56,6615,-9999
07/20/2025 09:05,WEST CENTRAL,23312,488,9999,-9999
07/20/2025 09:10,CENTRAL EAST - VC,23330,1937.97,3065,-9999
07/20/2025 09:10,DYSINGER EAST,23326,845.54,3200,-9999
07/20/2025 09:10,MOSES SOUTH,23319,289.81,3150,-1600
07/20/2025 09:10,SCH - HQ - NY,23324,41,1500,-980
07/20/2025 09:10,SCH - HQ_CEDARS,325274,0,270,-40
07/20/2025 09:10,SCH - HQ_IMPORT_EXPORT,325376,41,1310,-9999
07/20/2025 09:10,SCH - NE - NY,23318,-1213.66,1400,-1600
07/20/2025 09:10,SCH - NPX_1385,325277,-41,125,-125
07/20/2025 09:10,SCH - NPX_CSC,325154,330,330,-330
07/20/2025 09:10,SCH - OH - NY,23317,1239.24,2000,-1600
07/20/2025 09:10,SCH - PJ - NY,23316,1709.75,2000,-1050
07/20/2025 09:10,SCH - PJM_HTP,325905,660,660,-660
07/20/2025 09:10,SCH - PJM_NEPTUNE,325305,660,660,-660
07/20/2025 09:10,SCH - PJM_VFT,325658,315,315,-315
07/20/2025 09:10,SPR/DUN-SOUTH,23320,2381.23,4600,-9999
07/20/2025 09:10,TOTAL EAST,23314,3860.81,7550,-9999
07/20/2025 09:10,UPNY CONED,23315,3806.47,6615,-9999
07/20/2025 09:10,WEST CENTRAL,23312,414.58,9999,-9999
07/20/2025 09:15,CENTRAL EAST - VC,23330,1918.3,3065,-9999
07/20/2025 09:15,DYSINGER EAST,23326,762.21,3200,-9999
07/20/2025 09:15,MOSES SOUTH,23319,320.57,3150,-1600
07/20/2025 09:15,SCH - HQ - NY,23324,41,1500,-980
07/20/2025 09:15,SCH - HQ_CEDARS,325274,0,270,-40
07/20/2025 09:15,SCH - HQ_IMPORT_EXPORT,325376,41,1310,-9999
07/20/2025 09:15,SCH - NE - NY,23318,-1084.39,1400,-1600
07/20/2025 09:15,SCH - NPX_1385,325277,-41,125,-125
07/20/2025 09:15,SCH - NPX_CSC,325154,330,330,-330
07/20/2025 09:15,SCH - OH - NY,23317,1239.27,2000,-1600
07/20/2025 09:15,SCH - PJ - NY,23316,1609.49,2000,-1050
07/20/2025 09:15,SCH - PJM_HTP,325905,660,660,-660
07/20/2025 09:15,SCH - PJM_NEPTUNE,325305,660,660,-660
07/20/2025 09:15,SCH - PJM_VFT,325658,315,315,-315
07/20/2025 09:15,SPR/DUN-SOUTH,23320,2451.31,4600,-9999
07/20/2025 09:15,TOTAL EAST,23314,3823.9,7550,-9999
07/20/2025 09:15,UPNY CONED,23315,3882.53,6615,-9999
07/20/2025 09:15,WEST CENTRAL,23312,335.74,9999,-9999
07/20/2025 09:20,CENTRAL EAST - VC,23330,1779.32,3065,-9999
07/20/2025 09:20,DYSINGER EAST,23326,749.65,3200,-9999
07/20/2025 09:20,MOSES SOUTH,23319,319.69,3150,-1600
07/20/2025 09:20,SCH - HQ - NY,23324,41,1500,-980
07/20/2025 09:20,SCH - HQ_CEDARS,325274,0,270,-40
07/20/2025 09:20,SCH - HQ_IMPORT_EXPORT,325376,41,1310,-9999
07/20/2025 09:20,SCH - NE - NY,23318,-954.24,1400,-1600
07/20/2025 09:20,SCH - NPX_1385,325277,-41,125,-125
07/20/2025 09:20,SCH - NPX_CSC,325154,330,330,-330
07/20/2025 09:20,SCH - OH - NY,23317,1239.19,2000,-1600
07/20/2025 09:20,SCH - PJ - NY,23316,1509.56,2000,-1050
07/20/2025 09:20,SCH - PJM_HTP,325905,660,660,-660
07/20/2025 09:20,SCH - PJM_NEPTUNE,325305,660,660,-660
07/20/2025 09:20,SCH - PJM_VFT,325658,315,315,-315
07/20/2025 09:20,SPR/DUN-SOUTH,23320,2352.3,4600,-9999
07/20/2025 09:20,TOTAL EAST,23314,3740.24,7550,-9999
07/20/2025 09:20,UPNY CONED,23315,3796.97,6615,-9999
07/20/2025 09:20,WEST CENTRAL,23312,329.92,9999,-9999
07/20/2025 09:25,CENTRAL EAST - VC,23330,1658.3,3065,-9999
07/20/2025 09:25,DYSINGER EAST,23326,620.48,3200,-9999
07/20/2025 09:25,MOSES SOUTH,23319,329.41,3150,-1600
07/20/2025 09:25,SCH - HQ - NY,23324,41,1500,-980
07/20/2025 09:25,SCH - HQ_CEDARS,325274,0,270,-40
07/20/2025 09:25,SCH - HQ_IMPORT_EXPORT,325376,41,1310,-9999
07/20/2025 09:25,SCH - NE - NY,23318,-953.95,1400,-1600
07/20/2025 09:25,SCH - NPX_1385,325277,-41,125,-125
07/20/2025 09:25,SCH - NPX_CSC,325154,330,330,-330
07/20/2025 09:25,SCH - OH - NY,23317,1239.14,2000,-1600
07/20/2025 09:25,SCH - PJ - NY,23316,1507.61,2000,-1050
07/20/2025 09:25,SCH - PJM_HTP,325905,660,660,-660
07/20/2025 09:25,SCH - PJM_NEPTUNE,325305,660,660,-660
07/20/2025 09:25,SCH - PJM_VFT,325658,315,315,-315
07/20/2025 09:25,SPR/DUN-SOUTH,23320,2137.6,4600,-9999
07/20/2025 09:25,TOTAL EAST,23314,3617.45,7550,-9999
07/20/2025 09:25,UPNY CONED,23315,3467.45,6615,-9999
07/20/2025 09:25,WEST CENTRAL,23312,199.81,9999,-9999
07/20/2025 09:30,CENTRAL EAST - VC,23330,1742.92,3065,-9999
07/20/2025 09:30,DYSINGER EAST,23326,736.78,3200,-9999
07/20/2025 09:30,MOSES SOUTH,23319,327.5,3150,-1600
07/20/2025 09:30,SCH - HQ - NY,23324,41,1500,-980
07/20/2025 09:30,SCH - HQ_CEDARS,325274,0,270,-40
07/20/2025 09:30,SCH - HQ_IMPORT_EXPORT,325376,41,1310,-9999
07/20/2025 09:30,SCH - NE - NY,23318,-954.4,1400,-1600
07/20/2025 09:30,SCH - NPX_1385,325277,-41,125,-125
07/20/2025 09:30,SCH - NPX_CSC,325154,330,330,-330
07/20/2025 09:30,SCH - OH - NY,23317,1239.12,2000,-1600
07/20/2025 09:30,SCH - PJ - NY,23316,1505.74,2000,-1050
07/20/2025 09:30,SCH - PJM_HTP,325905,660,660,-660
07/20/2025 09:30,SCH - PJM_NEPTUNE,325305,660,660,-660
07/20/2025 09:30,SCH - PJM_VFT,325658,315,315,-315
07/20/2025 09:30,SPR/DUN-SOUTH,23320,2232.11,4600,-9999
07/20/2025 09:30,TOTAL EAST,23314,3716.96,7550,-9999
07/20/2025 09:30,UPNY CONED,23315,3702.25,6615,-9999
07/20/2025 09:30,WEST CENTRAL,23312,316.12,9999,-9999
07/20/2025 09:35,CENTRAL EAST - VC,23330,1795.77,3065,-9999
07/20/2025 09:35,DYSINGER EAST,23326,769.31,3200,-9999
07/20/2025 09:35,MOSES SOUTH,23319,329.07,3150,-1600
07/20/2025 09:35,SCH - HQ - NY,23324,41,1500,-980
07/20/2025 09:35,SCH - HQ_CEDARS,325274,0,270,-40
07/20/2025 09:35,SCH - HQ_IMPORT_EXPORT,325376,41,1310,-9999
07/20/2025 09:35,SCH - NE - NY,23318,-954.68,1400,-1600
07/20/2025 09:35,SCH - NPX_1385,325277,-41,125,-125
07/20/2025 09:35,SCH - NPX_CSC,325154,330,330,-330
07/20/2025 09:35,SCH - OH - NY,23317,1239.09,2000,-1600
07/20/2025 09:35,SCH - PJ - NY,23316,1511.7,2000,-1050
07/20/2025 09:35,SCH - PJM_HTP,325905,660,660,-660
07/20/2025 09:35,SCH - PJM_NEPTUNE,325305,660,660,-660
07/20/2025 09:35,SCH - PJM_VFT,325658,315,315,-315
07/20/2025 09:35,SPR/DUN-SOUTH,23320,2398.11,4600,-9999
07/20/2025 09:35,TOTAL EAST,23314,3698.33,7550,-9999
07/20/2025 09:35,UPNY CONED,23315,3898.42,6615,-9999
07/20/2025 09:35,WEST CENTRAL,23312,345.28,9999,-9999
07/20/2025 09:40,CENTRAL EAST - VC,23330,1775.14,3065,-9999
07/20/2025 09:40,DYSINGER EAST,23326,784.31,3200,-9999
07/20/2025 09:40,MOSES SOUTH,23319,349.95,3150,-1600
07/20/2025 09:40,SCH - HQ - NY,23324,41,1500,-980
07/20/2025 09:40,SCH - HQ_CEDARS,325274,0,270,-40
07/20/2025 09:40,SCH - HQ_IMPORT_EXPORT,325376,41,1310,-9999
07/20/2025 09:40,SCH - NE - NY,23318,-954.56,1400,-1600
07/20/2025 09:40,SCH - NPX_1385,325277,-41,125,-125
07/20/2025 09:40,SCH - NPX_CSC,325154,330,330,-330
07/20/2025 09:40,SCH - OH - NY,23317,1236.01,2000,-1600
07/20/2025 09:40,SCH - PJ - NY,23316,1513.99,2000,-1050
07/20/2025 09:40,SCH - PJM_HTP,325905,660,660,-660
07/20/2025 09:40,SCH - PJM_NEPTUNE,325305,660,660,-660
07/20/2025 09:40,SCH - PJM_VFT,325658,315,315,-315
07/20/2025 09:40,SPR/DUN-SOUTH,23320,2471.62,4600,-9999
07/20/2025 09:40,TOTAL EAST,23314,3673.87,7550,-9999
07/20/2025 09:40,UPNY CONED,23315,3979,6615,-9999
07/20/2025 09:40,WEST CENTRAL,23312,371.91,9999,-9999
07/20/2025 09:45,CENTRAL EAST - VC,23330,1812.92,3065,-9999
07/20/2025 09:45,DYSINGER EAST,23326,720.09,3200,-9999
07/20/2025 09:45,MOSES SOUTH,23319,361.15,3150,-1600
07/20/2025 09:45,SCH - HQ - NY,23324,41,1500,-980
07/20/2025 09:45,SCH - HQ_CEDARS,325274,0,270,-40
07/20/2025 09:45,SCH - HQ_IMPORT_EXPORT,325376,41,1310,-9999
07/20/2025 09:45,SCH - NE - NY,23318,-928.86,1400,-1600
07/20/2025 09:45,SCH - NPX_1385,325277,-41,125,-125
07/20/2025 09:45,SCH - NPX_CSC,325154,330,330,-330
07/20/2025 09:45,SCH - OH - NY,23317,1239.09,2000,-1600
07/20/2025 09:45,SCH - PJ - NY,23316,1383.03,2000,-1050
07/20/2025 09:45,SCH - PJM_HTP,325905,660,660,-660
07/20/2025 09:45,SCH - PJM_NEPTUNE,325305,660,660,-660
07/20/2025 09:45,SCH - PJM_VFT,325658,315,315,-315
07/20/2025 09:45,SPR/DUN-SOUTH,23320,2352.94,4600,-9999
07/20/2025 09:45,TOTAL EAST,23314,3603.31,7550,-9999
07/20/2025 09:45,UPNY CONED,23315,3857.82,6615,-9999
07/20/2025 09:45,WEST CENTRAL,23312,314.4,9999,-9999
07/20/2025 09:50,CENTRAL EAST - VC,23330,1765.74,3065,-9999
07/20/2025 09:50,DYSINGER EAST,23326,762.83,3200,-9999
07/20/2025 09:50,MOSES SOUTH,23319,366.16,3150,-1600
07/20/2025 09:50,SCH - HQ - NY,23324,41,1500,-980
07/20/2025 09:50,SCH - HQ_CEDARS,325274,0,270,-40
07/20/2025 09:50,SCH - HQ_IMPORT_EXPORT,325376,41,1310,-9999
07/20/2025 09:50,SCH - NE - NY,23318,-902.84,1400,-1600
07/20/2025 09:50,SCH - NPX_1385,325277,-41,125,-125
07/20/2025 09:50,SCH - NPX_CSC,325154,330,330,-330
07/20/2025 09:50,SCH - OH - NY,23317,1239.08,2000,-1600
07/20/2025 09:50,SCH - PJ - NY,23316,1254.4,2000,-1050
07/20/2025 09:50,SCH - PJM_HTP,325905,660,660,-660
07/20/2025 09:50,SCH - PJM_NEPTUNE,325305,660,660,-660
07/20/2025 09:50,SCH - PJM_VFT,325658,315,315,-315
07/20/2025 09:50,SPR/DUN-SOUTH,23320,2327.59,4600,-9999
07/20/2025 09:50,TOTAL EAST,23314,3504,7550,-9999
07/20/2025 09:50,UPNY CONED,23315,3851.91,6615,-9999
07/20/2025 09:50,WEST CENTRAL,23312,345.64,9999,-9999
07/20/2025 09:55,CENTRAL EAST - VC,23330,1695.03,3065,-9999
07/20/2025 09:55,DYSINGER EAST,23326,786.46,3200,-9999
07/20/2025 09:55,MOSES SOUTH,23319,346.05,3150,-1600
07/20/2025 09:55,SCH - HQ - NY,23324,41,1500,-980
07/20/2025 09:55,SCH - HQ_CEDARS,325274,0,270,-40
07/20/2025 09:55,SCH - HQ_IMPORT_EXPORT,325376,41,1310,-9999
07/20/2025 09:55,SCH - NE - NY,23318,-902.78,1400,-1600
07/20/2025 09:55,SCH - NPX_1385,325277,-41,125,-125
07/20/2025 09:55,SCH - NPX_CSC,325154,330,330,-330
07/20/2025 09:55,SCH - OH - NY,23317,1239.11,2000,-1600
07/20/2025 09:55,SCH - PJ - NY,23316,1255.62,2000,-1050
07/20/2025 09:55,SCH - PJM_HTP,325905,660,660,-660
07/20/2025 09:55,SCH - PJM_NEPTUNE,325305,660,660,-660
07/20/2025 09:55,SCH - PJM_VFT,325658,315,315,-315
07/20/2025 09:55,SPR/DUN-SOUTH,23320,2288.73,4600,-9999
07/20/2025 09:55,TOTAL EAST,23314,3518.01,7550,-9999
07/20/2025 09:55,UPNY CONED,23315,3832.59,6615,-9999
07/20/2025 09:55,WEST CENTRAL,23312,360.01,9999,-9999
07/20/2025 10:00,CENTRAL EAST - VC,23330,1767.67,3065,-9999
07/20/2025 10:00,DYSINGER EAST,23326,859.2,3200,-9999
07/20/2025 10:00,MOSES SOUTH,23319,314.65,3150,-1600
07/20/2025 10:00,SCH - HQ - NY,23324,41,1500,-980
07/20/2025 10:00,SCH - HQ_CEDARS,325274,0,270,-40
07/20/2025 10:00,SCH - HQ_IMPORT_EXPORT,325376,41,1310,-9999
07/20/2025 10:00,SCH - NE - NY,23318,-916.65,1400,-1600
07/20/2025 10:00,SCH - NPX_1385,325277,-18,125,-125
07/20/2025 10:00,SCH - NPX_CSC,325154,330,330,-330
07/20/2025 10:00,SCH - OH - NY,23317,1113.11,2000,-1600
07/20/2025 10:00,SCH - PJ - NY,23316,1428.77,2000,-1050
07/20/2025 10:00,SCH - PJM_HTP,325905,660,660,-660
07/20/2025 10:00,SCH - PJM_NEPTUNE,325305,660,660,-660
07/20/2025 10:00,SCH - PJM_VFT,325658,315,315,-315
07/20/2025 10:00,SPR/DUN-SOUTH,23320,2417.78,4600,-9999
07/20/2025 10:00,TOTAL EAST,23314,3658.49,7550,-9999
07/20/2025 10:00,UPNY CONED,23315,4074.28,6615,-9999
07/20/2025 10:00,WEST CENTRAL,23312,426.86,9999,-9999
07/20/2025 10:05,CENTRAL EAST - VC,23330,1837.69,3065,-9999
07/20/2025 10:05,DYSINGER EAST,23326,861.01,3200,-9999
07/20/2025 10:05,MOSES SOUTH,23319,281.61,3150,-1600
07/20/2025 10:05,SCH - HQ - NY,23324,41,1500,-980
07/20/2025 10:05,SCH - HQ_CEDARS,325274,0,270,-40
07/20/2025 10:05,SCH - HQ_IMPORT_EXPORT,325376,41,1310,-9999
07/20/2025 10:05,SCH - NE - NY,23318,-930.87,1400,-1600
07/20/2025 10:05,SCH - NPX_1385,325277,4,125,-125
07/20/2025 10:05,SCH - NPX_CSC,325154,330,330,-330
07/20/2025 10:05,SCH - OH - NY,23317,988.32,2000,-1600
07/20/2025 10:05,SCH - PJ - NY,23316,1595.28,2000,-1050
07/20/2025 10:05,SCH - PJM_HTP,325905,660,660,-660
07/20/2025 10:05,SCH - PJM_NEPTUNE,325305,660,660,-660
07/20/2025 10:05,SCH - PJM_VFT,325658,315,315,-315
07/20/2025 10:05,SPR/DUN-SOUTH,23320,2459.36,4600,-9999
07/20/2025 10:05,TOTAL EAST,23314,3832.36,7550,-9999
07/20/2025 10:05,UPNY CONED,23315,4220.02,6615,-9999
07/20/2025 10:05,WEST CENTRAL,23312,426.71,9999,-9999
07/20/2025 10:10,CENTRAL EAST - VC,23330,1932.38,3065,-9999
07/20/2025 10:10,DYSINGER EAST,23326,954.79,3200,-9999
07/20/2025 10:10,MOSES SOUTH,23319,301.44,3150,-1600
07/20/2025 10:10,SCH - HQ - NY,23324,41,1500,-980
07/20/2025 10:10,SCH - HQ_CEDARS,325274,0,270,-40
07/20/2025 10:10,SCH - HQ_IMPORT_EXPORT,325376,41,1310,-9999
07/20/2025 10:10,SCH - NE - NY,23318,-930.16,1400,-1600
07/20/2025 10:10,SCH - NPX_1385,325277,5,125,-125
07/20/2025 10:10,SCH - NPX_CSC,325154,330,330,-330
07/20/2025 10:10,SCH - OH - NY,23317,988.4,2000,-1600
07/20/2025 10:10,SCH - PJ - NY,23316,1594.82,2000,-1050
07/20/2025 10:10,SCH - PJM_HTP,325905,660,660,-660
07/20/2025 10:10,SCH - PJM_NEPTUNE,325305,660,660,-660
07/20/2025 10:10,SCH - PJM_VFT,325658,315,315,-315
07/20/2025 10:10,SPR/DUN-SOUTH,23320,2503.34,4600,-9999
07/20/2025 10:10,TOTAL EAST,23314,3944.3,7550,-9999
07/20/2025 10:10,UPNY CONED,23315,4321.89,6615,-9999
07/20/2025 10:10,WEST CENTRAL,23312,525.73,9999,-9999
07/20/2025 10:15,CENTRAL EAST - VC,23330,1851.89,3065,-9999
07/20/2025 10:15,DYSINGER EAST,23326,953.91,3200,-9999
07/20/2025 10:15,MOSES SOUTH,23319,324.07,3150,-1600
07/20/2025 10:15,SCH - HQ - NY,23324,41,1500,-980
07/20/2025 10:15,SCH - HQ_CEDARS,325274,0,270,-40
07/20/2025 10:15,SCH - HQ_IMPORT_EXPORT,325376,41,1310,-9999
07/20/2025 10:15,SCH - NE - NY,23318,-906.9,1400,-1600
07/20/2025 10:15,SCH - NPX_1385,325277,5,125,-125
07/20/2025 10:15,SCH - NPX_CSC,325154,330,330,-330
07/20/2025 10:15,SCH - OH - NY,23317,988.39,2000,-1600
07/20/2025 10:15,SCH - PJ - NY,23316,1645.02,2000,-1050
07/20/2025 10:15,SCH - PJM_HTP,325905,660,660,-660
07/20/2025 10:15,SCH - PJM_NEPTUNE,325305,660,660,-660
07/20/2025 10:15,SCH - PJM_VFT,325658,315,315,-315
07/20/2025 10:15,SPR/DUN-SOUTH,23320,2480.67,4600,-9999
07/20/2025 10:15,TOTAL EAST,23314,3975.38,7550,-9999
07/20/2025 10:15,UPNY CONED,23315,4394.49,6615,-9999
07/20/2025 10:15,WEST CENTRAL,23312,526.11,9999,-9999
07/20/2025 10:20,CENTRAL EAST - VC,23330,1916.02,3065,-9999
07/20/2025 10:20,DYSINGER EAST,23326,964.58,3200,-9999
07/20/2025 10:20,MOSES SOUTH,23319,332.31,3150,-1600
07/20/2025 10:20,SCH - HQ - NY,23324,41,1500,-980
07/20/2025 10:20,SCH - HQ_CEDARS,325274,0,270,-40
07/20/2025 10:20,SCH - HQ_IMPORT_EXPORT,325376,41,1310,-9999
07/20/2025 10:20,SCH - NE - NY,23318,-885.22,1400,-1600
07/20/2025 10:20,SCH - NPX_1385,325277,5,125,-125
07/20/2025 10:20,SCH - NPX_CSC,325154,330,330,-330
07/20/2025 10:20,SCH - OH - NY,23317,988.31,2000,-1600
07/20/2025 10:20,SCH - PJ - NY,23316,1683.01,2000,-1050
07/20/2025 10:20,SCH - PJM_HTP,325905,660,660,-660
07/20/2025 10:20,SCH - PJM_NEPTUNE,325305,660,660,-660
07/20/2025 10:20,SCH - PJM_VFT,325658,315,315,-315
07/20/2025 10:20,SPR/DUN-SOUTH,23320,2533.25,4600,-9999
07/20/2025 10:20,TOTAL EAST,23314,4025.7,7550,-9999
07/20/2025 10:20,UPNY CONED,23315,4391.84,6615,-9999
07/20/2025 10:20,WEST CENTRAL,23312,548.73,9999,-9999
07/20/2025 10:25,CENTRAL EAST - VC,23330,1895.01,3065,-9999
07/20/2025 10:25,DYSINGER EAST,23326,912.03,3200,-9999
07/20/2025 10:25,MOSES SOUTH,23319,338.04,3150,-1600
07/20/2025 10:25,SCH - HQ - NY,23324,41,1500,-980
07/20/2025 10:25,SCH - HQ_CEDARS,325274,0,270,-40
07/20/2025 10:25,SCH - HQ_IMPORT_EXPORT,325376,41,1310,-9999
07/20/2025 10:25,SCH - NE - NY,23318,-885.31,1400,-1600
07/20/2025 10:25,SCH - NPX_1385,325277,5,125,-125
07/20/2025 10:25,SCH - NPX_CSC,325154,330,330,-330
07/20/2025 10:25,SCH - OH - NY,23317,988.56,2000,-1600
07/20/2025 10:25,SCH - PJ - NY,23316,1686.83,2000,-1050
07/20/2025 10:25,SCH - PJM_HTP,325905,660,660,-660
07/20/2025 10:25,SCH - PJM_NEPTUNE,325305,660,660,-660
07/20/2025 10:25,SCH - PJM_VFT,325658,315,315,-315
07/20/2025 10:25,SPR/DUN-SOUTH,23320,2533.81,4600,-9999
07/20/2025 10:25,TOTAL EAST,23314,4027.18,7550,-9999
07/20/2025 10:25,UPNY CONED,23315,4344.12,6615,-9999
07/20/2025 10:25,WEST CENTRAL,23312,491.06,9999,-9999
07/20/2025 10:30,CENTRAL EAST - VC,23330,1878.34,3065,-9999
07/20/2025 10:30,DYSINGER EAST,23326,909.93,3200,-9999
07/20/2025 10:30,MOSES SOUTH,23319,346.74,3150,-1600
07/20/2025 10:30,SCH - HQ - NY,23324,41,1500,-980
07/20/2025 10:30,SCH - HQ_CEDARS,325274,0,270,-40
07/20/2025 10:30,SCH - HQ_IMPORT_EXPORT,325376,41,1310,-9999
07/20/2025 10:30,SCH - NE - NY,23318,-866.39,1400,-1600
07/20/2025 10:30,SCH - NPX_1385,325277,5,125,-125
07/20/2025 10:30,SCH - NPX_CSC,325154,330,330,-330
07/20/2025 10:30,SCH - OH - NY,23317,988.52,2000,-1600
07/20/2025 10:30,SCH - PJ - NY,23316,1657.97,2000,-1050
07/20/2025 10:30,SCH - PJM_HTP,325905,660,660,-660
07/20/2025 10:30,SCH - PJM_NEPTUNE,325305,660,660,-660
07/20/2025 10:30,SCH - PJM_VFT,325658,315,315,-315
07/20/2025 10:30,SPR/DUN-SOUTH,23320,2559.73,4600,-9999
07/20/2025 10:30,TOTAL EAST,23314,4040.67,7550,-9999
07/20/2025 10:30,UPNY CONED,23315,4373.59,6615,-9999
07/20/2025 10:30,WEST CENTRAL,23312,482.97,9999,-9999
07/20/2025 10:35,CENTRAL EAST - VC,23330,1815.73,3065,-9999
07/20/2025 10:35,DYSINGER EAST,23326,843.46,3200,-9999
07/20/2025 10:35,MOSES SOUTH,23319,320.75,3150,-1600
07/20/2025 10:35,SCH - HQ - NY,23324,41,1500,-980
07/20/2025 10:35,SCH - HQ_CEDARS,325274,0,270,-40
07/20/2025 10:35,SCH - HQ_IMPORT_EXPORT,325376,41,1310,-9999
07/20/2025 10:35,SCH - NE - NY,23318,-848.39,1400,-1600
07/20/2025 10:35,SCH - NPX_1385,325277,5,125,-125
07/20/2025 10:35,SCH - NPX_CSC,325154,330,330,-330
07/20/2025 10:35,SCH - OH - NY,23317,988.64,2000,-1600
07/20/2025 10:35,SCH - PJ - NY,23316,1636.83,2000,-1050
07/20/2025 10:35,SCH - PJM_HTP,325905,660,660,-660
07/20/2025 10:35,SCH - PJM_NEPTUNE,325305,660,660,-660
07/20/2025 10:35,SCH - PJM_VFT,325658,315,315,-315
07/20/2025 10:35,SPR/DUN-SOUTH,23320,2427.47,4600,-9999
07/20/2025 10:35,TOTAL EAST,23314,4009.46,7550,-9999
07/20/2025 10:35,UPNY CONED,23315,4135.1,6615,-9999
07/20/2025 10:35,WEST CENTRAL,23312,413.74,9999,-9999
07/20/2025 10:40,CENTRAL EAST - VC,23330,1706.83,3065,-9999
07/20/2025 10:40,DYSINGER EAST,23326,647.16,3200,-9999
07/20/2025 10:40,MOSES SOUTH,23319,290.12,3150,-1600
07/20/2025 10:40,SCH - HQ - NY,23324,41,1500,-980
07/20/2025 10:40,SCH - HQ_CEDARS,325274,0,270,-40
07/20/2025 10:40,SCH - HQ_IMPORT_EXPORT,325376,41,1310,-9999
07/20/2025 10:40,SCH - NE - NY,23318,-848.48,1400,-1600
07/20/2025 10:40,SCH - NPX_1385,325277,5,125,-125
07/20/2025 10:40,SCH - NPX_CSC,325154,330,330,-330
07/20/2025 10:40,SCH - OH - NY,23317,989.12,2000,-1600
07/20/2025 10:40,SCH - PJ - NY,23316,1635.36,2000,-1050
07/20/2025 10:40,SCH - PJM_HTP,325905,660,660,-660
07/20/2025 10:40,SCH - PJM_NEPTUNE,325305,660,660,-660
07/20/2025 10:40,SCH - PJM_VFT,325658,315,315,-315
07/20/2025 10:40,SPR/DUN-SOUTH,23320,2328.27,4600,-9999
07/20/2025 10:40,TOTAL EAST,23314,3926.86,7550,-9999
07/20/2025 10:40,UPNY CONED,23315,3910.95,6615,-9999
07/20/2025 10:40,WEST CENTRAL,23312,210.06,9999,-9999
07/20/2025 10:45,CENTRAL EAST - VC,23330,1818.95,3065,-9999
07/20/2025 10:45,DYSINGER EAST,23326,812.61,3200,-9999
07/20/2025 10:45,MOSES SOUTH,23319,298.49,3150,-1600
07/20/2025 10:45,SCH - HQ - NY,23324,41,1500,-980
07/20/2025 10:45,SCH - HQ_CEDARS,325274,0,270,-40
07/20/2025 10:45,SCH - HQ_IMPORT_EXPORT,325376,41,1310,-9999
07/20/2025 10:45,SCH - NE - NY,23318,-856.44,1400,-1600
07/20/2025 10:45,SCH - NPX_1385,325277,5,125,-125
07/20/2025 10:45,SCH - NPX_CSC,325154,330,330,-330
07/20/2025 10:45,SCH - OH - NY,23317,988.56,2000,-1600
07/20/2025 10:45,SCH - PJ - NY,23316,1660.96,2000,-1050
07/20/2025 10:45,SCH - PJM_HTP,325905,660,660,-660
07/20/2025 10:45,SCH - PJM_NEPTUNE,325305,660,660,-660
07/20/2025 10:45,SCH - PJM_VFT,325658,315,315,-315
07/20/2025 10:45,SPR/DUN-SOUTH,23320,2447.5,4600,-9999
07/20/2025 10:45,TOTAL EAST,23314,4023.15,7550,-9999
07/20/2025 10:45,UPNY CONED,23315,4142.94,6615,-9999
07/20/2025 10:45,WEST CENTRAL,23312,369,9999,-9999
07/20/2025 10:50,CENTRAL EAST - VC,23330,1911.59,3065,-9999
07/20/2025 10:50,DYSINGER EAST,23326,952.91,3200,-9999
07/20/2025 10:50,MOSES SOUTH,23319,330.93,3150,-1600
07/20/2025 10:50,SCH - HQ - NY,23324,41,1500,-980
07/20/2025 10:50,SCH - HQ_CEDARS,325274,0,270,-40
07/20/2025 10:50,SCH - HQ_IMPORT_EXPORT,325376,41,1310,-9999
07/20/2025 10:50,SCH - NE - NY,23318,-864.42,1400,-1600
07/20/2025 10:50,SCH - NPX_1385,325277,5,125,-125
07/20/2025 10:50,SCH - NPX_CSC,325154,330,330,-330
07/20/2025 10:50,SCH - OH - NY,23317,988.28,2000,-1600
07/20/2025 10:50,SCH - PJ - NY,23316,1682.28,2000,-1050
07/20/2025 10:50,SCH - PJM_HTP,325905,660,660,-660
07/20/2025 10:50,SCH - PJM_NEPTUNE,325305,660,660,-660
07/20/2025 10:50,SCH - PJM_VFT,325658,315,315,-315
07/20/2025 10:50,SPR/DUN-SOUTH,23320,2548.19,4600,-9999
07/20/2025 10:50,TOTAL EAST,23314,4119.18,7550,-9999
07/20/2025 10:50,UPNY CONED,23315,4344.43,6615,-9999
07/20/2025 10:50,WEST CENTRAL,23312,525,9999,-9999
07/20/2025 10:55,CENTRAL EAST - VC,23330,1921.96,3065,-9999
07/20/2025 10:55,DYSINGER EAST,23326,919.62,3200,-9999
07/20/2025 10:55,MOSES SOUTH,23319,352.83,3150,-1600
07/20/2025 10:55,SCH - HQ - NY,23324,41,1500,-980
07/20/2025 10:55,SCH - HQ_CEDARS,325274,0,270,-40
07/20/2025 10:55,SCH - HQ_IMPORT_EXPORT,325376,41,1310,-9999
07/20/2025 10:55,SCH - NE - NY,23318,-864.51,1400,-1600
07/20/2025 10:55,SCH - NPX_1385,325277,5,125,-125
07/20/2025 10:55,SCH - NPX_CSC,325154,330,330,-330
07/20/2025 10:55,SCH - OH - NY,23317,988.35,2000,-1600
07/20/2025 10:55,SCH - PJ - NY,23316,1684.3,2000,-1050
07/20/2025 10:55,SCH - PJM_HTP,325905,660,660,-660
07/20/2025 10:55,SCH - PJM_NEPTUNE,325305,660,660,-660
07/20/2025 10:55,SCH - PJM_VFT,325658,315,315,-315
07/20/2025 10:55,SPR/DUN-SOUTH,23320,2642.88,4600,-9999
07/20/2025 10:55,TOTAL EAST,23314,4130.08,7550,-9999
07/20/2025 10:55,UPNY CONED,23315,4489.47,6615,-9999
07/20/2025 10:55,WEST CENTRAL,23312,512.11,9999,-9999
07/20/2025 11:00,CENTRAL EAST - VC,23330,1928.12,3065,-9999
07/20/2025 11:00,DYSINGER EAST,23326,919.17,3200,-9999
07/20/2025 11:00,MOSES SOUTH,23319,393.5,3150,-1600
07/20/2025 11:00,SCH - HQ - NY,23324,41,1500,-980
07/20/2025 11:00,SCH - HQ_CEDARS,325274,0,270,-40
07/20/2025 11:00,SCH - HQ_IMPORT_EXPORT,325376,41,1310,-9999
07/20/2025 11:00,SCH - NE - NY,23318,-741.76,1400,-1600
07/20/2025 11:00,SCH - NPX_1385,325277,5,125,-125
07/20/2025 11:00,SCH - NPX_CSC,325154,330,330,-330
07/20/2025 11:00,SCH - OH - NY,23317,1022.37,2000,-1600
07/20/2025 11:00,SCH - PJ - NY,23316,1467.15,2000,-1050
07/20/2025 11:00,SCH - PJM_HTP,325905,660,660,-660
07/20/2025 11:00,SCH - PJM_NEPTUNE,325305,660,660,-660
07/20/2025 11:00,SCH - PJM_VFT,325658,315,315,-315
07/20/2025 11:00,SPR/DUN-SOUTH,23320,2756.34,4600,-9999
07/20/2025 11:00,TOTAL EAST,23314,4000.7,7550,-9999
07/20/2025 11:00,UPNY CONED,23315,4598.46,6615,-9999
07/20/2025 11:00,WEST CENTRAL,23312,511.48,9999,-9999
07/20/2025 11:05,CENTRAL EAST - VC,23330,1861.83,3065,-9999
07/20/2025 11:05,DYSINGER EAST,23326,975.21,3200,-9999
07/20/2025 11:05,MOSES SOUTH,23319,401.59,3150,-1600
07/20/2025 11:05,SCH - HQ - NY,23324,41,1500,-980
07/20/2025 11:05,SCH - HQ_CEDARS,325274,0,270,-40
07/20/2025 11:05,SCH - HQ_IMPORT_EXPORT,325376,41,1310,-9999
07/20/2025 11:05,SCH - NE - NY,23318,-618.5,1400,-1600
07/20/2025 11:05,SCH - NPX_1385,325277,5,125,-125
07/20/2025 11:05,SCH - NPX_CSC,325154,330,330,-330
07/20/2025 11:05,SCH - OH - NY,23317,1056.46,2000,-1600
07/20/2025 11:05,SCH - PJ - NY,23316,1252.66,2000,-1050
07/20/2025 11:05,SCH - PJM_HTP,325905,660,660,-660
07/20/2025 11:05,SCH - PJM_NEPTUNE,325305,660,660,-660
07/20/2025 11:05,SCH - PJM_VFT,325658,315,315,-315
07/20/2025 11:05,SPR/DUN-SOUTH,23320,2745.9,4600,-9999
07/20/2025 11:05,TOTAL EAST,23314,3901.77,7550,-9999
07/20/2025 11:05,UPNY CONED,23315,4603.49,6615,-9999
07/20/2025 11:05,WEST CENTRAL,23312,554.66,9999,-9999
07/20/2025 11:10,CENTRAL EAST - VC,23330,1663.51,3065,-9999
07/20/2025 11:10,DYSINGER EAST,23326,889.13,3200,-9999
07/20/2025 11:10,MOSES SOUTH,23319,379.15,3150,-1600
07/20/2025 11:10,SCH - HQ - NY,23324,41,1500,-980
07/20/2025 11:10,SCH - HQ_CEDARS,325274,0,270,-40
07/20/2025 11:10,SCH - HQ_IMPORT_EXPORT,325376,41,1310,-9999
07/20/2025 11:10,SCH - NE - NY,23318,-617.53,1400,-1600
07/20/2025 11:10,SCH - NPX_1385,325277,5,125,-125
07/20/2025 11:10,SCH - NPX_CSC,325154,330,330,-330
07/20/2025 11:10,SCH - OH - NY,23317,1056.29,2000,-1600
07/20/2025 11:10,SCH - PJ - NY,23316,1252.4,2000,-1050
07/20/2025 11:10,SCH - PJM_HTP,325905,660,660,-660
07/20/2025 11:10,SCH - PJM_NEPTUNE,325305,660,660,-660
07/20/2025 11:10,SCH - PJM_VFT,325658,315,315,-315
07/20/2025 11:10,SPR/DUN-SOUTH,23320,2476.02,4600,-9999
07/20/2025 11:10,TOTAL EAST,23314,3726.86,7550,-9999
07/20/2025 11:10,UPNY CONED,23315,4205.57,6615,-9999
07/20/2025 11:10,WEST CENTRAL,23312,453.78,9999,-9999
07/20/2025 11:15,CENTRAL EAST - VC,23330,1776.96,3065,-9999
07/20/2025 11:15,DYSINGER EAST,23326,987.39,3200,-9999
07/20/2025 11:15,MOSES SOUTH,23319,308.51,3150,-1600
07/20/2025 11:15,SCH - HQ - NY,23324,41,1500,-980
07/20/2025 11:15,SCH - HQ_CEDARS,325274,0,270,-40
07/20/2025 11:15,SCH - HQ_IMPORT_EXPORT,325376,41,1310,-9999
07/20/2025 11:15,SCH - NE - NY,23318,-480.13,1400,-1600
07/20/2025 11:15,SCH - NPX_1385,325277,5,125,-125
07/20/2025 11:15,SCH - NPX_CSC,325154,330,330,-330
07/20/2025 11:15,SCH - OH - NY,23317,1056.63,2000,-1600
07/20/2025 11:15,SCH - PJ - NY,23316,1238.14,2000,-1050
07/20/2025 11:15,SCH - PJM_HTP,325905,660,660,-660
07/20/2025 11:15,SCH - PJM_NEPTUNE,325305,660,660,-660
07/20/2025 11:15,SCH - PJM_VFT,325658,315,315,-315
07/20/2025 11:15,SPR/DUN-SOUTH,23320,2749.4,4600,-9999
07/20/2025 11:15,TOTAL EAST,23314,3841.62,7550,-9999
07/20/2025 11:15,UPNY CONED,23315,4634.81,6615,-9999
07/20/2025 11:15,WEST CENTRAL,23312,544.25,9999,-9999
07/20/2025 11:20,CENTRAL EAST - VC,23330,1780.02,3065,-9999
07/20/2025 11:20,DYSINGER EAST,23326,1018.45,3200,-9999
07/20/2025 11:20,MOSES SOUTH,23319,328.62,3150,-1600
07/20/2025 11:20,SCH - HQ - NY,23324,41,1500,-980
07/20/2025 11:20,SCH - HQ_CEDARS,325274,0,270,-40
07/20/2025 11:20,SCH - HQ_IMPORT_EXPORT,325376,41,1310,-9999
07/20/2025 11:20,SCH - NE - NY,23318,-342.84,1400,-1600
07/20/2025 11:20,SCH - NPX_1385,325277,5,125,-125
07/20/2025 11:20,SCH - NPX_CSC,325154,330,330,-330
07/20/2025 11:20,SCH - OH - NY,23317,1056.36,2000,-1600
07/20/2025 11:20,SCH - PJ - NY,23316,1222.15,2000,-1050
07/20/2025 11:20,SCH - PJM_HTP,325905,660,660,-660
07/20/2025 11:20,SCH - PJM_NEPTUNE,325305,660,660,-660
07/20/2025 11:20,SCH - PJM_VFT,325658,315,315,-315
07/20/2025 11:20,SPR/DUN-SOUTH,23320,2758.71,4600,-9999
07/20/2025 11:20,TOTAL EAST,23314,3746.87,7550,-9999
07/20/2025 11:20,UPNY CONED,23315,4694.08,6615,-9999
07/20/2025 11:20,WEST CENTRAL,23312,558.89,9999,-9999
07/20/2025 11:25,CENTRAL EAST - VC,23330,1785.44,3065,-9999
07/20/2025 11:25,DYSINGER EAST,23326,914.96,3200,-9999
07/20/2025 11:25,MOSES SOUTH,23319,352.8,3150,-1600
07/20/2025 11:25,SCH - HQ - NY,23324,41,1500,-980
07/20/2025 11:25,SCH - HQ_CEDARS,325274,0,270,-40
07/20/2025 11:25,SCH - HQ_IMPORT_EXPORT,325376,41,1310,-9999
07/20/2025 11:25,SCH - NE - NY,23318,-342.83,1400,-1600
07/20/2025 11:25,SCH - NPX_1385,325277,5,125,-125
07/20/2025 11:25,SCH - NPX_CSC,325154,330,330,-330
07/20/2025 11:25,SCH - OH - NY,23317,1056.46,2000,-1600
07/20/2025 11:25,SCH - PJ - NY,23316,1221.03,2000,-1050
07/20/2025 11:25,SCH - PJM_HTP,325905,660,660,-660
07/20/2025 11:25,SCH - PJM_NEPTUNE,325305,660,660,-660
07/20/2025 11:25,SCH - PJM_VFT,325658,315,315,-315
07/20/2025 11:25,SPR/DUN-SOUTH,23320,2764.31,4600,-9999
07/20/2025 11:25,TOTAL EAST,23314,3765.36,7550,-9999
07/20/2025 11:25,UPNY CONED,23315,4724.21,6615,-9999
07/20/2025 11:25,WEST CENTRAL,23312,463.15,9999,-9999
07/20/2025 11:30,CENTRAL EAST - VC,23330,1779.33,3065,-9999
07/20/2025 11:30,DYSINGER EAST,23326,952.27,3200,-9999
07/20/2025 11:30,MOSES SOUTH,23319,337.93,3150,-1600
07/20/2025 11:30,SCH - HQ - NY,23324,41,1500,-980
07/20/2025 11:30,SCH - HQ_CEDARS,325274,0,270,-40
07/20/2025 11:30,SCH - HQ_IMPORT_EXPORT,325376,41,1310,-9999
07/20/2025 11:30,SCH - NE - NY,23318,-388.79,1400,-1600
07/20/2025 11:30,SCH - NPX_1385,325277,5,125,-125
07/20/2025 11:30,SCH - NPX_CSC,325154,330,330,-330
07/20/2025 11:30,SCH - OH - NY,23317,1056.55,2000,-1600
07/20/2025 11:30,SCH - PJ - NY,23316,1117.81,2000,-1050
07/20/2025 11:30,SCH - PJM_HTP,325905,660,660,-660
07/20/2025 11:30,SCH - PJM_NEPTUNE,325305,660,660,-660
07/20/2025 11:30,SCH - PJM_VFT,325658,315,315,-315
07/20/2025 11:30,SPR/DUN-SOUTH,23320,2674.24,4600,-9999
07/20/2025 11:30,TOTAL EAST,23314,3780.16,7550,-9999
07/20/2025 11:30,UPNY CONED,23315,4635.65,6615,-9999
07/20/2025 11:30,WEST CENTRAL,23312,512.76,9999,-9999
07/20/2025 11:35,CENTRAL EAST - VC,23330,1771.01,3065,-9999
07/20/2025 11:35,DYSINGER EAST,23326,997.12,3200,-9999
07/20/2025 11:35,MOSES SOUTH,23319,342.48,3150,-1600
07/20/2025 11:35,SCH - HQ - NY,23324,41,1500,-980
07/20/2025 11:35,SCH - HQ_CEDARS,325274,0,270,-40
07/20/2025 11:35,SCH - HQ_IMPORT_EXPORT,325376,41,1310,-9999
07/20/2025 11:35,SCH - NE - NY,23318,-435.05,1400,-1600
07/20/2025 11:35,SCH - NPX_1385,325277,5,125,-125
07/20/2025 11:35,SCH - NPX_CSC,325154,330,330,-330
07/20/2025 11:35,SCH - OH - NY,23317,1056.71,2000,-1600
07/20/2025 11:35,SCH - PJ - NY,23316,1011.91,2000,-1050
07/20/2025 11:35,SCH - PJM_HTP,325905,660,660,-660
07/20/2025 11:35,SCH - PJM_NEPTUNE,325305,660,660,-660
07/20/2025 11:35,SCH - PJM_VFT,325658,315,315,-315
07/20/2025 11:35,SPR/DUN-SOUTH,23320,2608.91,4600,-9999
07/20/2025 11:35,TOTAL EAST,23314,3768.04,7550,-9999
07/20/2025 11:35,UPNY CONED,23315,4567.78,6615,-9999
07/20/2025 11:35,WEST CENTRAL,23312,561.92,9999,-9999
07/20/2025 11:40,CENTRAL EAST - VC,23330,1783.3,3065,-9999
07/20/2025 11:40,DYSINGER EAST,23326,1027.2,3200,-9999
07/20/2025 11:40,MOSES SOUTH,23319,352.13,3150,-1600
07/20/2025 11:40,SCH - HQ - NY,23324,41,1500,-980
07/20/2025 11:40,SCH - HQ_CEDARS,325274,0,270,-40
07/20/2025 11:40,SCH - HQ_IMPORT_EXPORT,325376,41,1310,-9999
07/20/2025 11:40,SCH - NE - NY,23318,-435.27,1400,-1600
07/20/2025 11:40,SCH - NPX_1385,325277,5,125,-125
07/20/2025 11:40,SCH - NPX_CSC,325154,330,330,-330
07/20/2025 11:40,SCH - OH - NY,23317,1056.54,2000,-1600
07/20/2025 11:40,SCH - PJ - NY,23316,1013.34,2000,-1050
07/20/2025 11:40,SCH - PJM_HTP,325905,660,660,-660
07/20/2025 11:40,SCH - PJM_NEPTUNE,325305,660,660,-660
07/20/2025 11:40,SCH - PJM_VFT,325658,315,315,-315
07/20/2025 11:40,SPR/DUN-SOUTH,23320,2627.52,4600,-9999
07/20/2025 11:40,TOTAL EAST,23314,3719.03,7550,-9999
07/20/2025 11:40,UPNY CONED,23315,4564.1,6615,-9999
07/20/2025 11:40,WEST CENTRAL,23312,587.42,9999,-9999
07/20/2025 11:42,CENTRAL EAST - VC,23330,1827.96,3065,-9999
07/20/2025 11:42,DYSINGER EAST,23326,922.27,3200,-9999
07/20/2025 11:42,MOSES SOUTH,23319,358.8,3150,-1600
07/20/2025 11:42,SCH - HQ - NY,23324,41,1500,-980
07/20/2025 11:42,SCH - HQ_CEDARS,325274,0,270,-40
07/20/2025 11:42,SCH - HQ_IMPORT_EXPORT,325376,41,1310,-9999
07/20/2025 11:42,SCH - NE - NY,23318,-426.29,1400,-1600
07/20/2025 11:42,SCH - NPX_1385,325277,5,125,-125
07/20/2025 11:42,SCH - NPX_CSC,325154,330,330,-330
07/20/2025 11:42,SCH - OH - NY,23317,1057.06,2000,-1600
07/20/2025 11:42,SCH - PJ - NY,23316,1062.96,2000,-1050
07/20/2025 11:42,SCH - PJM_HTP,325905,660,660,-660
07/20/2025 11:42,SCH - PJM_NEPTUNE,325305,660,660,-660
07/20/2025 11:42,SCH - PJM_VFT,325658,315,315,-315
07/20/2025 11:42,SPR/DUN-SOUTH,23320,2661.47,4600,-9999
07/20/2025 11:42,TOTAL EAST,23314,3858.73,7550,-9999
07/20/2025 11:42,UPNY CONED,23315,4726.28,6615,-9999
07/20/2025 11:42,WEST CENTRAL,23312,472.86,9999,-9999
07/20/2025 11:44,CENTRAL EAST - VC,23330,1831.72,3065,-9999
07/20/2025 11:44,DYSINGER EAST,23326,969.48,3200,-9999
07/20/2025 11:44,MOSES SOUTH,23319,349.97,3150,-1600
07/20/2025 11:44,SCH - HQ - NY,23324,41,1500,-980
07/20/2025 11:44,SCH - HQ_CEDARS,325274,0,270,-40
07/20/2025 11:44,SCH - HQ_IMPORT_EXPORT,325376,41,1310,-9999
07/20/2025 11:44,SCH - NE - NY,23318,-417.31,1400,-1600
07/20/2025 11:44,SCH - NPX_1385,325277,5,125,-125
07/20/2025 11:44,SCH - NPX_CSC,325154,330,330,-330
07/20/2025 11:44,SCH - OH - NY,23317,1056.91,2000,-1600
07/20/2025 11:44,SCH - PJ - NY,23316,1114.16,2000,-1050
07/20/2025 11:44,SCH - PJM_HTP,325905,660,660,-660
07/20/2025 11:44,SCH - PJM_NEPTUNE,325305,660,660,-660
07/20/2025 11:44,SCH - PJM_VFT,325658,315,315,-315
07/20/2025 11:44,SPR/DUN-SOUTH,23320,2666.27,4600,-9999
07/20/2025 11:44,TOTAL EAST,23314,3880.42,7550,-9999
07/20/2025 11:44,UPNY CONED,23315,4754.52,6615,-9999
07/20/2025 11:44,WEST CENTRAL,23312,518.1,9999,-9999
07/20/2025 11:45,CENTRAL EAST - VC,23330,1800.89,3065,-9999
07/20/2025 11:45,DYSINGER EAST,23326,1026.93,3200,-9999
07/20/2025 11:45,MOSES SOUTH,23319,360.42,3150,-1600
07/20/2025 11:45,SCH - HQ - NY,23324,41,1500,-980
07/20/2025 11:45,SCH - HQ_CEDARS,325274,0,270,-40
07/20/2025 11:45,SCH - HQ_IMPORT_EXPORT,325376,41,1310,-9999
07/20/2025 11:45,SCH - NE - NY,23318,-413.2,1400,-1600
07/20/2025 11:45,SCH - NPX_1385,325277,5,125,-125
07/20/2025 11:45,SCH - NPX_CSC,325154,330,330,-330
07/20/2025 11:45,SCH - OH - NY,23317,1056.61,2000,-1600
07/20/2025 11:45,SCH - PJ - NY,23316,1141.23,2000,-1050
07/20/2025 11:45,SCH - PJM_HTP,325905,660,660,-660
07/20/2025 11:45,SCH - PJM_NEPTUNE,325305,660,660,-660
07/20/2025 11:45,SCH - PJM_VFT,325658,315,315,-315
07/20/2025 11:45,SPR/DUN-SOUTH,23320,2727.43,4600,-9999
07/20/2025 11:45,TOTAL EAST,23314,3875.81,7550,-9999
07/20/2025 11:45,UPNY CONED,23315,4764.87,6615,-9999
07/20/2025 11:45,WEST CENTRAL,23312,572.76,9999,-9999
07/20/2025 11:49,CENTRAL EAST - VC,23330,1832.91,3065,-9999
07/20/2025 11:49,DYSINGER EAST,23326,962.23,3200,-9999
07/20/2025 11:49,MOSES SOUTH,23319,366.49,3150,-1600
07/20/2025 11:49,SCH - HQ - NY,23324,41,1500,-980
07/20/2025 11:49,SCH - HQ_CEDARS,325274,0,270,-40
07/20/2025 11:49,SCH - HQ_IMPORT_EXPORT,325376,41,1310,-9999
07/20/2025 11:49,SCH - NE - NY,23318,-396.03,1400,-1600
07/20/2025 11:49,SCH - NPX_1385,325277,5,125,-125
07/20/2025 11:49,SCH - NPX_CSC,325154,330,330,-330
07/20/2025 11:49,SCH - OH - NY,23317,1056.71,2000,-1600
07/20/2025 11:49,SCH - PJ - NY,23316,1245.04,2000,-1050
07/20/2025 11:49,SCH - PJM_HTP,325905,660,660,-660
07/20/2025 11:49,SCH - PJM_NEPTUNE,325305,660,660,-660
07/20/2025 11:49,SCH - PJM_VFT,325658,315,315,-315
07/20/2025 11:49,SPR/DUN-SOUTH,23320,2751.82,4600,-9999
07/20/2025 11:49,TOTAL EAST,23314,3958.44,7550,-9999
07/20/2025 11:49,UPNY CONED,23315,4847.69,6615,-9999
07/20/2025 11:49,WEST CENTRAL,23312,506.85,9999,-9999
07/20/2025 11:51,CENTRAL EAST - VC,23330,1798.87,3065,-9999
07/20/2025 11:51,DYSINGER EAST,23326,921.7,3200,-9999
07/20/2025 11:51,MOSES SOUTH,23319,375.48,3150,-1600
07/20/2025 11:51,SCH - HQ - NY,23324,41,1500,-980
07/20/2025 11:51,SCH - HQ_CEDARS,325274,0,270,-40
07/20/2025 11:51,SCH - HQ_IMPORT_EXPORT,325376,41,1310,-9999
07/20/2025 11:51,SCH - NE - NY,23318,-391.99,1400,-1600
07/20/2025 11:51,SCH - NPX_1385,325277,5,125,-125
07/20/2025 11:51,SCH - NPX_CSC,325154,330,330,-330
07/20/2025 11:51,SCH - OH - NY,23317,1056.64,2000,-1600
07/20/2025 11:51,SCH - PJ - NY,23316,1271.02,2000,-1050
07/20/2025 11:51,SCH - PJM_HTP,325905,660,660,-660
07/20/2025 11:51,SCH - PJM_NEPTUNE,325305,660,660,-660
07/20/2025 11:51,SCH - PJM_VFT,325658,315,315,-315
07/20/2025 11:51,SPR/DUN-SOUTH,23320,2668.08,4600,-9999
07/20/2025 11:51,TOTAL EAST,23314,3903.84,7550,-9999
07/20/2025 11:51,UPNY CONED,23315,4759.06,6615,-9999
07/20/2025 11:51,WEST CENTRAL,23312,456.43,9999,-9999
07/20/2025 12:00,CENTRAL EAST - VC,23330,1813.68,3065,-9999
07/20/2025 12:00,DYSINGER EAST,23326,922.53,3200,-9999
07/20/2025 12:00,MOSES SOUTH,23319,391.47,3150,-1600
07/20/2025 12:00,SCH - HQ - NY,23324,41,1500,-980
07/20/2025 12:00,SCH - HQ_CEDARS,325274,0,270,-40
07/20/2025 12:00,SCH - HQ_IMPORT_EXPORT,325376,41,1310,-9999
07/20/2025 12:00,SCH - NE - NY,23318,-379.97,1400,-1600
07/20/2025 12:00,SCH - NPX_1385,325277,27,125,-125
07/20/2025 12:00,SCH - NPX_CSC,325154,330,330,-330
07/20/2025 12:00,SCH - OH - NY,23317,1132.68,2000,-1600
07/20/2025 12:00,SCH - PJ - NY,23316,1239.96,2000,-1050
07/20/2025 12:00,SCH - PJM_HTP,325905,660,660,-660
07/20/2025 12:00,SCH - PJM_NEPTUNE,325305,660,660,-660
07/20/2025 12:00,SCH - PJM_VFT,325658,315,315,-315
07/20/2025 12:00,SPR/DUN-SOUTH,23320,2610.25,4600,-9999
07/20/2025 12:00,TOTAL EAST,23314,3890.67,7550,-9999
07/20/2025 12:00,UPNY CONED,23315,4600.21,6615,-9999
07/20/2025 12:00,WEST CENTRAL,23312,436.77,9999,-9999
07/20/2025 12:05,CENTRAL EAST - VC,23330,1862.29,3065,-9999
07/20/2025 12:05,DYSINGER EAST,23326,958.52,3200,-9999
07/20/2025 12:05,MOSES SOUTH,23319,454.87,3150,-1600
07/20/2025 12:05,SCH - HQ - NY,23324,41,1500,-980
07/20/2025 12:05,SCH - HQ_CEDARS,325274,0,270,-40
07/20/2025 12:05,SCH - HQ_IMPORT_EXPORT,325376,41,1310,-9999
07/20/2025 12:05,SCH - NE - NY,23318,-367.78,1400,-1600
07/20/2025 12:05,SCH - NPX_1385,325277,50,125,-125
07/20/2025 12:05,SCH - NPX_CSC,325154,330,330,-330
07/20/2025 12:05,SCH - OH - NY,23317,1209.76,2000,-1600
07/20/2025 12:05,SCH - PJ - NY,23316,1206.66,2000,-1050
07/20/2025 12:05,SCH - PJM_HTP,325905,660,660,-660
07/20/2025 12:05,SCH - PJM_NEPTUNE,325305,660,660,-660
07/20/2025 12:05,SCH - PJM_VFT,325658,315,315,-315
07/20/2025 12:05,SPR/DUN-SOUTH,23320,2620.15,4600,-9999
07/20/2025 12:05,TOTAL EAST,23314,3960.49,7550,-9999
07/20/2025 12:05,UPNY CONED,23315,4730.64,6615,-9999
07/20/2025 12:05,WEST CENTRAL,23312,448.09,9999,-9999
07/20/2025 12:10,CENTRAL EAST - VC,23330,1951.64,3065,-9999
07/20/2025 12:10,DYSINGER EAST,23326,1001.47,3200,-9999
07/20/2025 12:10,MOSES SOUTH,23319,481.5,3150,-1600
07/20/2025 12:10,SCH - HQ - NY,23324,41,1500,-980
07/20/2025 12:10,SCH - HQ_CEDARS,325274,0,270,-40
07/20/2025 12:10,SCH - HQ_IMPORT_EXPORT,325376,41,1310,-9999
07/20/2025 12:10,SCH - NE - NY,23318,-368.36,1400,-1600
07/20/2025 12:10,SCH - NPX_1385,325277,50,125,-125
07/20/2025 12:10,SCH - NPX_CSC,325154,330,330,-330
07/20/2025 12:10,SCH - OH - NY,23317,1209.67,2000,-1600
07/20/2025 12:10,SCH - PJ - NY,23316,1208.57,2000,-1050
07/20/2025 12:10,SCH - PJM_HTP,325905,660,660,-660
07/20/2025 12:10,SCH - PJM_NEPTUNE,325305,660,660,-660
07/20/2025 12:10,SCH - PJM_VFT,325658,315,315,-315
07/20/2025 12:10,SPR/DUN-SOUTH,23320,2693.37,4600,-9999
07/20/2025 12:10,TOTAL EAST,23314,3965.6,7550,-9999
07/20/2025 12:10,UPNY CONED,23315,4811.24,6615,-9999
07/20/2025 12:10,WEST CENTRAL,23312,496.22,9999,-9999
07/20/2025 12:15,CENTRAL EAST - VC,23330,1940.45,3065,-9999
07/20/2025 12:15,DYSINGER EAST,23326,991.56,3200,-9999
07/20/2025 12:15,MOSES SOUTH,23319,583.76,3150,-1600
07/20/2025 12:15,SCH - HQ - NY,23324,41,1500,-980
07/20/2025 12:15,SCH - HQ_CEDARS,325274,0,270,-40
07/20/2025 12:15,SCH - HQ_IMPORT_EXPORT,325376,41,1310,-9999
07/20/2025 12:15,SCH - NE - NY,23318,-364.78,1400,-1600
07/20/2025 12:15,SCH - NPX_1385,325277,50,125,-125
07/20/2025 12:15,SCH - NPX_CSC,325154,330,330,-330
07/20/2025 12:15,SCH - OH - NY,23317,1209.52,2000,-1600
07/20/2025 12:15,SCH - PJ - NY,23316,1059.78,2000,-1050
07/20/2025 12:15,SCH - PJM_HTP,325905,660,660,-660
07/20/2025 12:15,SCH - PJM_NEPTUNE,325305,660,660,-660
07/20/2025 12:15,SCH - PJM_VFT,325658,315,315,-315
07/20/2025 12:15,SPR/DUN-SOUTH,23320,2682.09,4600,-9999
07/20/2025 12:15,TOTAL EAST,23314,3919.64,7550,-9999
07/20/2025 12:15,UPNY CONED,23315,4809.84,6615,-9999
07/20/2025 12:15,WEST CENTRAL,23312,480.43,9999,-9999
07/20/2025 12:20,CENTRAL EAST - VC,23330,1922.61,3065,-9999
07/20/2025 12:20,DYSINGER EAST,23326,995.05,3200,-9999
07/20/2025 12:20,MOSES SOUTH,23319,606.21,3150,-1600
07/20/2025 12:20,SCH - HQ - NY,23324,41,1500,-980
07/20/2025 12:20,SCH - HQ_CEDARS,325274,0,270,-40
07/20/2025 12:20,SCH - HQ_IMPORT_EXPORT,325376,41,1310,-9999
07/20/2025 12:20,SCH - NE - NY,23318,-362.7,1400,-1600
07/20/2025 12:20,SCH - NPX_1385,325277,50,125,-125
07/20/2025 12:20,SCH - NPX_CSC,325154,330,330,-330
07/20/2025 12:20,SCH - OH - NY,23317,1209.42,2000,-1600
07/20/2025 12:20,SCH - PJ - NY,23316,908.58,2000,-1050
07/20/2025 12:20,SCH - PJM_HTP,325905,660,660,-660
07/20/2025 12:20,SCH - PJM_NEPTUNE,325305,660,660,-660
07/20/2025 12:20,SCH - PJM_VFT,325658,315,315,-315
07/20/2025 12:20,SPR/DUN-SOUTH,23320,2633.5,4600,-9999
07/20/2025 12:20,TOTAL EAST,23314,3827.37,7550,-9999
07/20/2025 12:20,UPNY CONED,23315,4762.54,6615,-9999
07/20/2025 12:20,WEST CENTRAL,23312,494.34,9999,-9999
07/20/2025 12:25,CENTRAL EAST - VC,23330,1923.47,3065,-9999
07/20/2025 12:25,DYSINGER EAST,23326,961.87,3200,-9999
07/20/2025 12:25,MOSES SOUTH,23319,613.56,3150,-1600
07/20/2025 12:25,SCH - HQ - NY,23324,41,1500,-980
07/20/2025 12:25,SCH - HQ_CEDARS,325274,0,270,-40
07/20/2025 12:25,SCH - HQ_IMPORT_EXPORT,325376,41,1310,-9999
07/20/2025 12:25,SCH - NE - NY,23318,-362.75,1400,-1600
07/20/2025 12:25,SCH - NPX_1385,325277,50,125,-125
07/20/2025 12:25,SCH - NPX_CSC,325154,330,330,-330
07/20/2025 12:25,SCH - OH - NY,23317,1209.69,2000,-1600
07/20/2025 12:25,SCH - PJ - NY,23316,912.06,2000,-1050
07/20/2025 12:25,SCH - PJM_HTP,325905,660,660,-660
07/20/2025 12:25,SCH - PJM_NEPTUNE,325305,660,660,-660
07/20/2025 12:25,SCH - PJM_VFT,325658,315,315,-315
07/20/2025 12:25,SPR/DUN-SOUTH,23320,2650.42,4600,-9999
07/20/2025 12:25,TOTAL EAST,23314,3893.1,7550,-9999
07/20/2025 12:25,UPNY CONED,23315,4789.82,6615,-9999
07/20/2025 12:25,WEST CENTRAL,23312,433.8,9999,-9999
07/20/2025 12:30,CENTRAL EAST - VC,23330,1988.23,3065,-9999
07/20/2025 12:30,DYSINGER EAST,23326,995.05,3200,-9999
07/20/2025 12:30,MOSES SOUTH,23319,597.6,3150,-1600
07/20/2025 12:30,SCH - HQ - NY,23324,41,1500,-980
07/20/2025 12:30,SCH - HQ_CEDARS,325274,0,270,-40
07/20/2025 12:30,SCH - HQ_IMPORT_EXPORT,325376,41,1310,-9999
07/20/2025 12:30,SCH - NE - NY,23318,-375.09,1400,-1600
07/20/2025 12:30,SCH - NPX_1385,325277,50,125,-125
07/20/2025 12:30,SCH - NPX_CSC,325154,330,330,-330
07/20/2025 12:30,SCH - OH - NY,23317,1209.73,2000,-1600
07/20/2025 12:30,SCH - PJ - NY,23316,882.02,2000,-1050
07/20/2025 12:30,SCH - PJM_HTP,325905,660,660,-660
07/20/2025 12:30,SCH - PJM_NEPTUNE,325305,660,660,-660
07/20/2025 12:30,SCH - PJM_VFT,325658,315,315,-315
07/20/2025 12:30,SPR/DUN-SOUTH,23320,2630.87,4600,-9999
07/20/2025 12:30,TOTAL EAST,23314,3807.11,7550,-9999
07/20/2025 12:30,UPNY CONED,23315,4767.19,6985,-9999
07/20/2025 12:30,WEST CENTRAL,23312,439.12,9999,-9999
07/20/2025 12:35,CENTRAL EAST - VC,23330,1948.34,3065,-9999
07/20/2025 12:35,DYSINGER EAST,23326,993.38,3200,-9999
07/20/2025 12:35,MOSES SOUTH,23319,547.77,3150,-1600
07/20/2025 12:35,SCH - HQ - NY,23324,41,1500,-980
07/20/2025 12:35,SCH - HQ_CEDARS,325274,0,270,-40
07/20/2025 12:35,SCH - HQ_IMPORT_EXPORT,325376,41,1310,-9999
07/20/2025 12:35,SCH - NE - NY,23318,-388.13,1400,-1600
07/20/2025 12:35,SCH - NPX_1385,325277,50,125,-125
07/20/2025 12:35,SCH - NPX_CSC,325154,330,330,-330
07/20/2025 12:35,SCH - OH - NY,23317,1209.82,2000,-1600
07/20/2025 12:35,SCH - PJ - NY,23316,857.07,2000,-1050
07/20/2025 12:35,SCH - PJM_HTP,325905,660,660,-660
07/20/2025 12:35,SCH - PJM_NEPTUNE,325305,660,660,-660
07/20/2025 12:35,SCH - PJM_VFT,325658,315,315,-315
07/20/2025 12:35,SPR/DUN-SOUTH,23320,2552.52,4600,-9999
07/20/2025 12:35,TOTAL EAST,23314,3738.41,7550,-9999
07/20/2025 12:35,UPNY CONED,23315,4702.73,6985,-9999
07/20/2025 12:35,WEST CENTRAL,23312,445.44,9999,-9999
07/20/2025 12:40,CENTRAL EAST - VC,23330,1951.06,3100,-9999
07/20/2025 12:40,DYSINGER EAST,23326,995.86,3200,-9999
07/20/2025 12:40,MOSES SOUTH,23319,534.21,3150,-1600
07/20/2025 12:40,SCH - HQ - NY,23324,41,1500,-980
07/20/2025 12:40,SCH - HQ_CEDARS,325274,0,270,-40
07/20/2025 12:40,SCH - HQ_IMPORT_EXPORT,325376,41,1310,-9999
07/20/2025 12:40,SCH - NE - NY,23318,-388.23,1400,-1600
07/20/2025 12:40,SCH - NPX_1385,325277,50,125,-125
07/20/2025 12:40,SCH - NPX_CSC,325154,330,330,-330
07/20/2025 12:40,SCH - OH - NY,23317,1209.93,2000,-1600
07/20/2025 12:40,SCH - PJ - NY,23316,854.1,2000,-1050
07/20/2025 12:40,SCH - PJM_HTP,325905,660,660,-660
07/20/2025 12:40,SCH - PJM_NEPTUNE,325305,660,660,-660
07/20/2025 12:40,SCH - PJM_VFT,325658,315,315,-315
07/20/2025 12:40,SPR/DUN-SOUTH,23320,2587.07,4600,-9999
07/20/2025 12:40,TOTAL EAST,23314,3738.37,7550,-9999
07/20/2025 12:40,UPNY CONED,23315,4739.88,6985,-9999
07/20/2025 12:40,WEST CENTRAL,23312,471.97,9999,-9999
07/20/2025 12:45,CENTRAL EAST - VC,23330,1994.51,3100,-9999
07/20/2025 12:45,DYSINGER EAST,23326,983.78,3200,-9999
07/20/2025 12:45,MOSES SOUTH,23319,536.05,3150,-1600
07/20/2025 12:45,SCH - HQ - NY,23324,41,1500,-980
07/20/2025 12:45,SCH - HQ_CEDARS,325274,0,270,-40
07/20/2025 12:45,SCH - HQ_IMPORT_EXPORT,325376,41,1310,-9999
07/20/2025 12:45,SCH - NE - NY,23318,-483.3,1400,-1600
07/20/2025 12:45,SCH - NPX_1385,325277,50,125,-125
07/20/2025 12:45,SCH - NPX_CSC,325154,330,330,-330
07/20/2025 12:45,SCH - OH - NY,23317,1209.96,2000,-1600
07/20/2025 12:45,SCH - PJ - NY,23316,854.13,2000,-1050
07/20/2025 12:45,SCH - PJM_HTP,325905,660,660,-660
07/20/2025 12:45,SCH - PJM_NEPTUNE,325305,660,660,-660
07/20/2025 12:45,SCH - PJM_VFT,325658,315,315,-315
07/20/2025 12:45,SPR/DUN-SOUTH,23320,2540.8,4600,-9999
07/20/2025 12:45,TOTAL EAST,23314,3791.37,7550,-9999
07/20/2025 12:45,UPNY CONED,23315,4700.18,6985,-9999
07/20/2025 12:45,WEST CENTRAL,23312,478.85,9999,-9999
07/20/2025 12:50,CENTRAL EAST - VC,23330,2047.4,3100,-9999
07/20/2025 12:50,DYSINGER EAST,23326,1090.47,3200,-9999
07/20/2025 12:50,MOSES SOUTH,23319,552.19,3150,-1600
07/20/2025 12:50,SCH - HQ - NY,23324,41,1500,-980
07/20/2025 12:50,SCH - HQ_CEDARS,325274,0,270,-40
07/20/2025 12:50,SCH - HQ_IMPORT_EXPORT,325376,41,1310,-9999
07/20/2025 12:50,SCH - NE - NY,23318,-578.37,1400,-1600
07/20/2025 12:50,SCH - NPX_1385,325277,50,125,-125
07/20/2025 12:50,SCH - NPX_CSC,325154,330,330,-330
07/20/2025 12:50,SCH - OH - NY,23317,1209.75,2000,-1600
07/20/2025 12:50,SCH - PJ - NY,23316,855.38,2000,-1050
07/20/2025 12:50,SCH - PJM_HTP,325905,660,660,-660
07/20/2025 12:50,SCH - PJM_NEPTUNE,325305,660,660,-660
07/20/2025 12:50,SCH - PJM_VFT,325658,315,315,-315
07/20/2025 12:50,SPR/DUN-SOUTH,23320,2537.04,4600,-9999
07/20/2025 12:50,TOTAL EAST,23314,3882.57,7550,-9999
07/20/2025 12:50,UPNY CONED,23315,4647.07,6985,-9999
07/20/2025 12:50,WEST CENTRAL,23312,576.84,9999,-9999
07/20/2025 12:55,CENTRAL EAST - VC,23330,2045.92,3100,-9999
07/20/2025 12:55,DYSINGER EAST,23326,993.29,3200,-9999
07/20/2025 12:55,MOSES SOUTH,23319,579.12,3150,-1600
07/20/2025 12:55,SCH - HQ - NY,23324,41,1500,-980
07/20/2025 12:55,SCH - HQ_CEDARS,325274,0,270,-40
07/20/2025 12:55,SCH - HQ_IMPORT_EXPORT,325376,41,1310,-9999
07/20/2025 12:55,SCH - NE - NY,23318,-578.52,1400,-1600
07/20/2025 12:55,SCH - NPX_1385,325277,50,125,-125
07/20/2025 12:55,SCH - NPX_CSC,325154,330,330,-330
07/20/2025 12:55,SCH - OH - NY,23317,1209.92,2000,-1600
07/20/2025 12:55,SCH - PJ - NY,23316,848.29,2000,-1050
07/20/2025 12:55,SCH - PJM_HTP,325905,660,660,-660
07/20/2025 12:55,SCH - PJM_NEPTUNE,325305,660,660,-660
07/20/2025 12:55,SCH - PJM_VFT,325658,315,315,-315
07/20/2025 12:55,SPR/DUN-SOUTH,23320,2497.44,4600,-9999
07/20/2025 12:55,TOTAL EAST,23314,3862.3,7550,-9999
07/20/2025 12:55,UPNY CONED,23315,4617.58,6985,-9999
07/20/2025 12:55,WEST CENTRAL,23312,479.76,9999,-9999
07/20/2025 13:00,CENTRAL EAST - VC,23330,2037.45,3100,-9999
07/20/2025 13:00,DYSINGER EAST,23326,958.6,3200,-9999
07/20/2025 13:00,MOSES SOUTH,23319,535.1,3150,-1600
07/20/2025 13:00,SCH - HQ - NY,23324,41,1500,-980
07/20/2025 13:00,SCH - HQ_CEDARS,325274,0,270,-40
07/20/2025 13:00,SCH - HQ_IMPORT_EXPORT,325376,41,1310,-9999
07/20/2025 13:00,SCH - NE - NY,23318,-603.36,1400,-1600
07/20/2025 13:00,SCH - NPX_1385,325277,29,125,-125
07/20/2025 13:00,SCH - NPX_CSC,325154,330,330,-330
07/20/2025 13:00,SCH - OH - NY,23317,1171.72,2000,-1600
07/20/2025 13:00,SCH - PJ - NY,23316,844.34,2000,-1050
07/20/2025 13:00,SCH - PJM_HTP,325905,660,660,-660
07/20/2025 13:00,SCH - PJM_NEPTUNE,325305,660,660,-660
07/20/2025 13:00,SCH - PJM_VFT,325658,315,315,-315
07/20/2025 13:00,SPR/DUN-SOUTH,23320,2317.63,4600,-9999
07/20/2025 13:00,TOTAL EAST,23314,3791.69,7550,-9999
07/20/2025 13:00,UPNY CONED,23315,4469.94,6985,-9999
07/20/2025 13:00,WEST CENTRAL,23312,463.74,9999,-9999
07/20/2025 13:05,CENTRAL EAST - VC,23330,2007.1,3100,-9999
07/20/2025 13:05,DYSINGER EAST,23326,1007.53,3200,-9999
07/20/2025 13:05,MOSES SOUTH,23319,512.43,3150,-1600
07/20/2025 13:05,SCH - HQ - NY,23324,41,1500,-980
07/20/2025 13:05,SCH - HQ_CEDARS,325274,0,270,-40
07/20/2025 13:05,SCH - HQ_IMPORT_EXPORT,325376,41,1310,-9999
07/20/2025 13:05,SCH - NE - NY,23318,-628.41,1400,-1600
07/20/2025 13:05,SCH - NPX_1385,325277,8,125,-125
07/20/2025 13:05,SCH - NPX_CSC,325154,330,330,-330
07/20/2025 13:05,SCH - OH - NY,23317,1133.8,2000,-1600
07/20/2025 13:05,SCH - PJ - NY,23316,832.27,2000,-1050
07/20/2025 13:05,SCH - PJM_HTP,325905,660,660,-660
07/20/2025 13:05,SCH - PJM_NEPTUNE,325305,660,660,-660
07/20/2025 13:05,SCH - PJM_VFT,325658,315,315,-315
07/20/2025 13:05,SPR/DUN-SOUTH,23320,2263.99,4600,-9999
07/20/2025 13:05,TOTAL EAST,23314,3801.78,7550,-9999
07/20/2025 13:05,UPNY CONED,23315,4405.58,6985,-9999
07/20/2025 13:05,WEST CENTRAL,23312,510.21,9999,-9999
07/20/2025 13:10,CENTRAL EAST - VC,23330,2019.31,3100,-9999
07/20/2025 13:10,DYSINGER EAST,23326,1055.66,3200,-9999
07/20/2025 13:10,MOSES SOUTH,23319,522.73,3150,-1600
07/20/2025 13:10,SCH - HQ - NY,23324,41,1500,-980
07/20/2025 13:10,SCH - HQ_CEDARS,325274,0,270,-40
07/20/2025 13:10,SCH - HQ_IMPORT_EXPORT,325376,41,1310,-9999
07/20/2025 13:10,SCH - NE - NY,23318,-627.42,1400,-1600
07/20/2025 13:10,SCH - NPX_1385,325277,8,125,-125
07/20/2025 13:10,SCH - NPX_CSC,325154,330,330,-330
07/20/2025 13:10,SCH - OH - NY,23317,1133.38,2000,-1600
07/20/2025 13:10,SCH - PJ - NY,23316,830.97,2000,-1050
07/20/2025 13:10,SCH - PJM_HTP,325905,660,660,-660
07/20/2025 13:10,SCH - PJM_NEPTUNE,325305,660,660,-660
07/20/2025 13:10,SCH - PJM_VFT,325658,315,315,-315
07/20/2025 13:10,SPR/DUN-SOUTH,23320,2206.41,4600,-9999
07/20/2025 13:10,TOTAL EAST,23314,3775.89,7550,-9999
07/20/2025 13:10,UPNY CONED,23315,4386.16,7030,-9999
07/20/2025 13:10,WEST CENTRAL,23312,549.23,9999,-9999
07/20/2025 13:15,CENTRAL EAST - VC,23330,2121.8,3100,-9999
07/20/2025 13:15,DYSINGER EAST,23326,1105.91,3200,-9999
07/20/2025 13:15,MOSES SOUTH,23319,522.04,3150,-1600
07/20/2025 13:15,SCH - HQ - NY,23324,41,1500,-980
07/20/2025 13:15,SCH - HQ_CEDARS,325274,0,270,-40
07/20/2025 13:15,SCH - HQ_IMPORT_EXPORT,325376,41,1310,-9999
07/20/2025 13:15,SCH - NE - NY,23318,-602.54,1400,-1600
07/20/2025 13:15,SCH - NPX_1385,325277,8,125,-125
07/20/2025 13:15,SCH - NPX_CSC,325154,330,330,-330
07/20/2025 13:15,SCH - OH - NY,23317,1133.26,2000,-1600
07/20/2025 13:15,SCH - PJ - NY,23316,808.54,2000,-1050
07/20/2025 13:15,SCH - PJM_HTP,325905,660,660,-660
07/20/2025 13:15,SCH - PJM_NEPTUNE,325305,660,660,-660
07/20/2025 13:15,SCH - PJM_VFT,325658,315,315,-315
07/20/2025 13:15,SPR/DUN-SOUTH,23320,2259.52,4600,-9999
07/20/2025 13:15,TOTAL EAST,23314,3744.78,7550,-9999
07/20/2025 13:15,UPNY CONED,23315,4454.43,7030,-9999
07/20/2025 13:15,WEST CENTRAL,23312,570.57,9999,-9999
07/20/2025 13:20,CENTRAL EAST - VC,23330,2100.72,3100,-9999
07/20/2025 13:20,DYSINGER EAST,23326,1123.99,3200,-9999
07/20/2025 13:20,MOSES SOUTH,23319,552.62,3150,-1600
07/20/2025 13:20,SCH - HQ - NY,23324,41,1500,-980
07/20/2025 13:20,SCH - HQ_CEDARS,325274,0,270,-40
07/20/2025 13:20,SCH - HQ_IMPORT_EXPORT,325376,41,1310,-9999
07/20/2025 13:20,SCH - NE - NY,23318,-577.53,1400,-1600
07/20/2025 13:20,SCH - NPX_1385,325277,8,125,-125
07/20/2025 13:20,SCH - NPX_CSC,325154,330,330,-330
07/20/2025 13:20,SCH - OH - NY,23317,1133.27,2000,-1600
07/20/2025 13:20,SCH - PJ - NY,23316,786.92,2000,-1050
07/20/2025 13:20,SCH - PJM_HTP,325905,660,660,-660
07/20/2025 13:20,SCH - PJM_NEPTUNE,325305,660,660,-660
07/20/2025 13:20,SCH - PJM_VFT,325658,315,315,-315
07/20/2025 13:20,SPR/DUN-SOUTH,23320,2251.4,4600,-9999
07/20/2025 13:20,TOTAL EAST,23314,3731.17,7550,-9999
07/20/2025 13:20,UPNY CONED,23315,4384.88,7030,-9999
07/20/2025 13:20,WEST CENTRAL,23312,582.14,9999,-9999
07/20/2025 13:25,CENTRAL EAST - VC,23330,2133.78,3100,-9999
07/20/2025 13:25,DYSINGER EAST,23326,1164.01,3200,-9999
07/20/2025 13:25,MOSES SOUTH,23319,553.97,3150,-1600
07/20/2025 13:25,SCH - HQ - NY,23324,41,1500,-980
07/20/2025 13:25,SCH - HQ_CEDARS,325274,0,270,-40
07/20/2025 13:25,SCH - HQ_IMPORT_EXPORT,325376,41,1310,-9999
07/20/2025 13:25,SCH - NE - NY,23318,-577.41,1400,-1600
07/20/2025 13:25,SCH - NPX_1385,325277,8,125,-125
07/20/2025 13:25,SCH - NPX_CSC,325154,330,330,-330
07/20/2025 13:25,SCH - OH - NY,23317,1133.14,2000,-1600
07/20/2025 13:25,SCH - PJ - NY,23316,785.13,2000,-1050
07/20/2025 13:25,SCH - PJM_HTP,325905,660,660,-660
07/20/2025 13:25,SCH - PJM_NEPTUNE,325305,660,660,-660
07/20/2025 13:25,SCH - PJM_VFT,325658,315,315,-315
07/20/2025 13:25,SPR/DUN-SOUTH,23320,2318.42,4600,-9999
07/20/2025 13:25,TOTAL EAST,23314,3722.21,7550,-9999
07/20/2025 13:25,UPNY CONED,23315,4418.1,7030,-9999
07/20/2025 13:25,WEST CENTRAL,23312,620.15,9999,-9999
07/20/2025 13:30,CENTRAL EAST - VC,23330,2140.61,3100,-9999
07/20/2025 13:30,DYSINGER EAST,23326,1081.8,3200,-9999
07/20/2025 13:30,MOSES SOUTH,23319,574.03,3150,-1600
07/20/2025 13:30,SCH - HQ - NY,23324,41,1500,-980
07/20/2025 13:30,SCH - HQ_CEDARS,325274,0,270,-40
07/20/2025 13:30,SCH - HQ_IMPORT_EXPORT,325376,41,1310,-9999
07/20/2025 13:30,SCH - NE - NY,23318,-569.5,1400,-1600
07/20/2025 13:30,SCH - NPX_1385,325277,8,125,-125
07/20/2025 13:30,SCH - NPX_CSC,325154,330,330,-330
07/20/2025 13:30,SCH - OH - NY,23317,1133.34,2000,-1600
07/20/2025 13:30,SCH - PJ - NY,23316,780.63,2000,-1050
07/20/2025 13:30,SCH - PJM_HTP,325905,660,660,-660
07/20/2025 13:30,SCH - PJM_NEPTUNE,325305,660,660,-660
07/20/2025 13:30,SCH - PJM_VFT,325658,315,315,-315
07/20/2025 13:30,SPR/DUN-SOUTH,23320,2348.91,4600,-9999
07/20/2025 13:30,TOTAL EAST,23314,3725.98,7550,-9999
07/20/2025 13:30,UPNY CONED,23315,4468.09,7030,-9999
07/20/2025 13:30,WEST CENTRAL,23312,549.48,9999,-9999
07/20/2025 13:35,CENTRAL EAST - VC,23330,2126.38,3100,-9999
07/20/2025 13:35,DYSINGER EAST,23326,993.69,3200,-9999
07/20/2025 13:35,MOSES SOUTH,23319,577.91,3150,-1600
07/20/2025 13:35,SCH - HQ - NY,23324,41,1500,-980
07/20/2025 13:35,SCH - HQ_CEDARS,325274,0,270,-40
07/20/2025 13:35,SCH - HQ_IMPORT_EXPORT,325376,41,1310,-9999
07/20/2025 13:35,SCH - NE - NY,23318,-561.61,1400,-1600
07/20/2025 13:35,SCH - NPX_1385,325277,8,125,-125
07/20/2025 13:35,SCH - NPX_CSC,325154,330,330,-330
07/20/2025 13:35,SCH - OH - NY,23317,1133.31,2000,-1600
07/20/2025 13:35,SCH - PJ - NY,23316,783.37,2000,-1050
07/20/2025 13:35,SCH - PJM_HTP,325905,660,660,-660
07/20/2025 13:35,SCH - PJM_NEPTUNE,325305,660,660,-660
07/20/2025 13:35,SCH - PJM_VFT,325658,315,315,-315
07/20/2025 13:35,SPR/DUN-SOUTH,23320,2384.92,4600,-9999
07/20/2025 13:35,TOTAL EAST,23314,3634.6,7550,-9999
07/20/2025 13:35,UPNY CONED,23315,4470.73,7030,-9999
07/20/2025 13:35,WEST CENTRAL,23312,464.52,9999,-9999
07/20/2025 13:40,CENTRAL EAST - VC,23330,2139.44,3100,-9999
07/20/2025 13:40,DYSINGER EAST,23326,1003.48,3200,-9999
07/20/2025 13:40,MOSES SOUTH,23319,595.89,3150,-1600
07/20/2025 13:40,SCH - HQ - NY,23324,41,1500,-980
07/20/2025 13:40,SCH - HQ_CEDARS,325274,0,270,-40
07/20/2025 13:40,SCH - HQ_IMPORT_EXPORT,325376,41,1310,-9999
07/20/2025 13:40,SCH - NE - NY,23318,-561.62,1400,-1600
07/20/2025 13:40,SCH - NPX_1385,325277,8,125,-125
07/20/2025 13:40,SCH - NPX_CSC,325154,330,330,-330
07/20/2025 13:40,SCH - OH - NY,23317,1133.27,2000,-1600
07/20/2025 13:40,SCH - PJ - NY,23316,784.41,2000,-1050
07/20/2025 13:40,SCH - PJM_HTP,325905,660,660,-660
07/20/2025 13:40,SCH - PJM_NEPTUNE,325305,660,660,-660
07/20/2025 13:40,SCH - PJM_VFT,325658,315,315,-315
07/20/2025 13:40,SPR/DUN-SOUTH,23320,2402.76,4600,-9999
07/20/2025 13:40,TOTAL EAST,23314,3621.57,7550,-9999
07/20/2025 13:40,UPNY CONED,23315,4425.41,7030,-9999
07/20/2025 13:40,WEST CENTRAL,23312,456.07,9999,-9999
07/20/2025 13:45,CENTRAL EAST - VC,23330,2119.73,3100,-9999
07/20/2025 13:45,DYSINGER EAST,23326,974.32,3200,-9999
07/20/2025 13:45,MOSES SOUTH,23319,614.78,3150,-1600
07/20/2025 13:45,SCH - HQ - NY,23324,41,1500,-980
07/20/2025 13:45,SCH - HQ_CEDARS,325274,0,270,-40
07/20/2025 13:45,SCH - HQ_IMPORT_EXPORT,325376,41,1310,-9999
07/20/2025 13:45,SCH - NE - NY,23318,-575.68,1400,-1600
07/20/2025 13:45,SCH - NPX_1385,325277,8,125,-125
07/20/2025 13:45,SCH - NPX_CSC,325154,330,330,-330
07/20/2025 13:45,SCH - OH - NY,23317,1133.21,2000,-1600
07/20/2025 13:45,SCH - PJ - NY,23316,780.49,2000,-1050
07/20/2025 13:45,SCH - PJM_HTP,325905,660,660,-660
07/20/2025 13:45,SCH - PJM_NEPTUNE,325305,660,660,-660
07/20/2025 13:45,SCH - PJM_VFT,325658,315,315,-315
07/20/2025 13:45,SPR/DUN-SOUTH,23320,2481.89,4600,-9999
07/20/2025 13:45,TOTAL EAST,23314,3616.98,7550,-9999
07/20/2025 13:45,UPNY CONED,23315,4407.39,7030,-9999
07/20/2025 13:45,WEST CENTRAL,23312,421.79,9999,-9999
07/20/2025 13:50,CENTRAL EAST - VC,23330,2181.2,3100,-9999
07/20/2025 13:50,DYSINGER EAST,23326,1023.49,3200,-9999
07/20/2025 13:50,MOSES SOUTH,23319,609.98,3150,-1600
07/20/2025 13:50,SCH - HQ - NY,23324,41,1500,-980
07/20/2025 13:50,SCH - HQ_CEDARS,325274,0,270,-40
07/20/2025 13:50,SCH - HQ_IMPORT_EXPORT,325376,41,1310,-9999
07/20/2025 13:50,SCH - NE - NY,23318,-590.59,1400,-1600
07/20/2025 13:50,SCH - NPX_1385,325277,8,125,-125
07/20/2025 13:50,SCH - NPX_CSC,325154,330,330,-330
07/20/2025 13:50,SCH - OH - NY,23317,1133.13,2000,-1600
07/20/2025 13:50,SCH - PJ - NY,23316,781.5,2000,-1050
07/20/2025 13:50,SCH - PJM_HTP,325905,660,660,-660
07/20/2025 13:50,SCH - PJM_NEPTUNE,325305,660,660,-660
07/20/2025 13:50,SCH - PJM_VFT,325658,315,315,-315
07/20/2025 13:50,SPR/DUN-SOUTH,23320,2688.91,4600,-9999
07/20/2025 13:50,TOTAL EAST,23314,3647.65,7550,-9999
07/20/2025 13:50,UPNY CONED,23315,4454.73,7030,-9999
07/20/2025 13:50,WEST CENTRAL,23312,474.07,9999,-9999
07/20/2025 13:55,CENTRAL EAST - VC,23330,2157.85,3100,-9999
07/20/2025 13:55,DYSINGER EAST,23326,1080.16,3200,-9999
07/20/2025 13:55,MOSES SOUTH,23319,614.66,3150,-1600
07/20/2025 13:55,SCH - HQ - NY,23324,41,1500,-980
07/20/2025 13:55,SCH - HQ_CEDARS,325274,0,270,-40
07/20/2025 13:55,SCH - HQ_IMPORT_EXPORT,325376,41,1310,-9999
07/20/2025 13:55,SCH - NE - NY,23318,-590.35,1400,-1600
07/20/2025 13:55,SCH - NPX_1385,325277,8,125,-125
07/20/2025 13:55,SCH - NPX_CSC,325154,330,330,-330
07/20/2025 13:55,SCH - OH - NY,23317,1132.97,2000,-1600
07/20/2025 13:55,SCH - PJ - NY,23316,783.33,2000,-1050
07/20/2025 13:55,SCH - PJM_HTP,325905,660,660,-660
07/20/2025 13:55,SCH - PJM_NEPTUNE,325305,660,660,-660
07/20/2025 13:55,SCH - PJM_VFT,325658,315,315,-315
07/20/2025 13:55,SPR/DUN-SOUTH,23320,2776.81,4600,-9999
07/20/2025 13:55,TOTAL EAST,23314,3653.94,7550,-9999
07/20/2025 13:55,UPNY CONED,23315,4492.44,7030,-9999
07/20/2025 13:55,WEST CENTRAL,23312,531.86,9999,-9999
07/20/2025 14:00,CENTRAL EAST - VC,23330,2110.68,3100,-9999
07/20/2025 14:00,DYSINGER EAST,23326,1022.22,3200,-9999
07/20/2025 14:00,MOSES SOUTH,23319,637.25,3150,-1600
07/20/2025 14:00,SCH - HQ - NY,23324,41,1500,-980
07/20/2025 14:00,SCH - HQ_CEDARS,325274,0,270,-40
07/20/2025 14:00,SCH - HQ_IMPORT_EXPORT,325376,41,1310,-9999
07/20/2025 14:00,SCH - NE - NY,23318,-606.22,1400,-1600
07/20/2025 14:00,SCH - NPX_1385,325277,-37,125,-125
07/20/2025 14:00,SCH - NPX_CSC,325154,330,330,-330
07/20/2025 14:00,SCH - OH - NY,23317,1010.76,2000,-1600
07/20/2025 14:00,SCH - PJ - NY,23316,773.03,2000,-1050
07/20/2025 14:00,SCH - PJM_HTP,325905,660,660,-660
07/20/2025 14:00,SCH - PJM_NEPTUNE,325305,660,660,-660
07/20/2025 14:00,SCH - PJM_VFT,325658,315,315,-315
07/20/2025 14:00,SPR/DUN-SOUTH,23320,2724.03,4600,-9999
07/20/2025 14:00,TOTAL EAST,23314,3561.4,7550,-9999
07/20/2025 14:00,UPNY CONED,23315,4369.77,7030,-9999
07/20/2025 14:00,WEST CENTRAL,23312,476.67,9999,-9999
07/20/2025 14:05,CENTRAL EAST - VC,23330,2058.99,3100,-9999
07/20/2025 14:05,DYSINGER EAST,23326,878.94,3200,-9999
07/20/2025 14:05,MOSES SOUTH,23319,635,3150,-1600
07/20/2025 14:05,SCH - HQ - NY,23324,41,1500,-980
07/20/2025 14:05,SCH - HQ_CEDARS,325274,0,270,-40
07/20/2025 14:05,SCH - HQ_IMPORT_EXPORT,325376,41,1310,-9999
07/20/2025 14:05,SCH - NE - NY,23318,-622.34,1400,-1600
07/20/2025 14:05,SCH - NPX_1385,325277,-82,125,-125
07/20/2025 14:05,SCH - NPX_CSC,325154,330,330,-330
07/20/2025 14:05,SCH - OH - NY,23317,896.91,2000,-1600
07/20/2025 14:05,SCH - PJ - NY,23316,759.6,2000,-1050
07/20/2025 14:05,SCH - PJM_HTP,325905,660,660,-660
07/20/2025 14:05,SCH - PJM_NEPTUNE,325305,660,660,-660
07/20/2025 14:05,SCH - PJM_VFT,325658,315,315,-315
07/20/2025 14:05,SPR/DUN-SOUTH,23320,2679.95,4600,-9999
07/20/2025 14:05,TOTAL EAST,23314,3496.52,7550,-9999
07/20/2025 14:05,UPNY CONED,23315,4334.91,7030,-9999
07/20/2025 14:05,WEST CENTRAL,23312,332.63,9999,-9999
07/20/2025 14:10,CENTRAL EAST - VC,23330,2075.41,3100,-9999
07/20/2025 14:10,DYSINGER EAST,23326,871.56,3200,-9999
07/20/2025 14:10,MOSES SOUTH,23319,667.88,3150,-1600
07/20/2025 14:10,SCH - HQ - NY,23324,41,1500,-980
07/20/2025 14:10,SCH - HQ_CEDARS,325274,0,270,-40
07/20/2025 14:10,SCH - HQ_IMPORT_EXPORT,325376,41,1310,-9999
07/20/2025 14:10,SCH - NE - NY,23318,-621.96,1400,-1600
07/20/2025 14:10,SCH - NPX_1385,325277,-82,125,-125
07/20/2025 14:10,SCH - NPX_CSC,325154,330,330,-330
07/20/2025 14:10,SCH - OH - NY,23317,896.87,2000,-1600
07/20/2025 14:10,SCH - PJ - NY,23316,758.6,2000,-1050
07/20/2025 14:10,SCH - PJM_HTP,325905,660,660,-660
07/20/2025 14:10,SCH - PJM_NEPTUNE,325305,660,660,-660
07/20/2025 14:10,SCH - PJM_VFT,325658,315,315,-315
07/20/2025 14:10,SPR/DUN-SOUTH,23320,2635.13,4600,-9999
07/20/2025 14:10,TOTAL EAST,23314,3461.6,7550,-9999
07/20/2025 14:10,UPNY CONED,23315,4303.59,7030,-9999
07/20/2025 14:10,WEST CENTRAL,23312,319.83,9999,-9999
07/20/2025 14:15,CENTRAL EAST - VC,23330,2110.52,3100,-9999
07/20/2025 14:15,DYSINGER EAST,23326,1033,3200,-9999
07/20/2025 14:15,MOSES SOUTH,23319,731.99,3150,-1600
07/20/2025 14:15,SCH - HQ - NY,23324,41,1500,-980
07/20/2025 14:15,SCH - HQ_CEDARS,325274,0,270,-40
07/20/2025 14:15,SCH - HQ_IMPORT_EXPORT,325376,41,1310,-9999
07/20/2025 14:15,SCH - NE - NY,23318,-665.52,1400,-1600
07/20/2025 14:15,SCH - NPX_1385,325277,-82,125,-125
07/20/2025 14:15,SCH - NPX_CSC,325154,330,330,-330
07/20/2025 14:15,SCH - OH - NY,23317,897.18,2000,-1600
07/20/2025 14:15,SCH - PJ - NY,23316,710.07,2000,-1050
07/20/2025 14:15,SCH - PJM_HTP,325905,660,660,-660
07/20/2025 14:15,SCH - PJM_NEPTUNE,325305,660,660,-660
07/20/2025 14:15,SCH - PJM_VFT,325658,315,315,-315
07/20/2025 14:15,SPR/DUN-SOUTH,23320,2557.89,4600,-9999
07/20/2025 14:15,TOTAL EAST,23314,3493.56,7550,-9999
07/20/2025 14:15,UPNY CONED,23315,4245.58,7030,-9999
07/20/2025 14:15,WEST CENTRAL,23312,472.07,9999,-9999
07/20/2025 14:20,CENTRAL EAST - VC,23330,2164.56,3100,-9999
07/20/2025 14:20,DYSINGER EAST,23326,998.99,3200,-9999
07/20/2025 14:20,MOSES SOUTH,23319,720.79,3150,-1600
07/20/2025 14:20,SCH - HQ - NY,23324,41,1500,-980
07/20/2025 14:20,SCH - HQ_CEDARS,325274,0,270,-40
07/20/2025 14:20,SCH - HQ_IMPORT_EXPORT,325376,41,1310,-9999
07/20/2025 14:20,SCH - NE - NY,23318,-710.62,1400,-1600
07/20/2025 14:20,SCH - NPX_1385,325277,-82,125,-125
07/20/2025 14:20,SCH - NPX_CSC,325154,330,330,-330
07/20/2025 14:20,SCH - OH - NY,23317,894.24,2000,-1600
07/20/2025 14:20,SCH - PJ - NY,23316,664.57,2000,-1050
07/20/2025 14:20,SCH - PJM_HTP,325905,660,660,-660
07/20/2025 14:20,SCH - PJM_NEPTUNE,325305,660,660,-660
07/20/2025 14:20,SCH - PJM_VFT,325658,315,315,-315
07/20/2025 14:20,SPR/DUN-SOUTH,23320,2531.61,4600,-9999
07/20/2025 14:20,TOTAL EAST,23314,3527.4,7550,-9999
07/20/2025 14:20,UPNY CONED,23315,4214.75,7030,-9999
07/20/2025 14:20,WEST CENTRAL,23312,431.51,9999,-9999
07/20/2025 14:25,CENTRAL EAST - VC,23330,2157.77,3100,-9999
07/20/2025 14:25,DYSINGER EAST,23326,1020.72,3200,-9999
07/20/2025 14:25,MOSES SOUTH,23319,723.11,3150,-1600
07/20/2025 14:25,SCH - HQ - NY,23324,41,1500,-980
07/20/2025 14:25,SCH - HQ_CEDARS,325274,0,270,-40
07/20/2025 14:25,SCH - HQ_IMPORT_EXPORT,325376,41,1310,-9999
07/20/2025 14:25,SCH - NE - NY,23318,-710.73,1400,-1600
07/20/2025 14:25,SCH - NPX_1385,325277,-82,125,-125
07/20/2025 14:25,SCH - NPX_CSC,325154,330,330,-330
07/20/2025 14:25,SCH - OH - NY,23317,893.24,2000,-1600
07/20/2025 14:25,SCH - PJ - NY,23316,665.73,2000,-1050
07/20/2025 14:25,SCH - PJM_HTP,325905,660,660,-660
07/20/2025 14:25,SCH - PJM_NEPTUNE,325305,660,660,-660
07/20/2025 14:25,SCH - PJM_VFT,325658,315,315,-315
07/20/2025 14:25,SPR/DUN-SOUTH,23320,2518.31,4600,-9999
07/20/2025 14:25,TOTAL EAST,23314,3514.94,7550,-9999
07/20/2025 14:25,UPNY CONED,23315,4191.56,7030,-9999
07/20/2025 14:25,WEST CENTRAL,23312,451.76,9999,-9999
07/20/2025 14:30,CENTRAL EAST - VC,23330,2181.84,3100,-9999
07/20/2025 14:30,DYSINGER EAST,23326,965.74,3200,-9999
07/20/2025 14:30,MOSES SOUTH,23319,753.93,3150,-1600
07/20/2025 14:30,SCH - HQ - NY,23324,41,1500,-980
07/20/2025 14:30,SCH - HQ_CEDARS,325274,0,270,-40
07/20/2025 14:30,SCH - HQ_IMPORT_EXPORT,325376,41,1310,-9999
07/20/2025 14:30,SCH - NE - NY,23318,-785.42,1400,-1600
07/20/2025 14:30,SCH - NPX_1385,325277,-82,125,-125
07/20/2025 14:30,SCH - NPX_CSC,325154,330,330,-330
07/20/2025 14:30,SCH - OH - NY,23317,896.76,2000,-1600
07/20/2025 14:30,SCH - PJ - NY,23316,729.17,2000,-1050
07/20/2025 14:30,SCH - PJM_HTP,325905,660,660,-660
07/20/2025 14:30,SCH - PJM_NEPTUNE,325305,660,660,-660
07/20/2025 14:30,SCH - PJM_VFT,325658,315,315,-315
07/20/2025 14:30,SPR/DUN-SOUTH,23320,2434.71,4600,-9999
07/20/2025 14:30,TOTAL EAST,23314,3595.96,7550,-9999
07/20/2025 14:30,UPNY CONED,23315,4140.67,7030,-9999
07/20/2025 14:30,WEST CENTRAL,23312,417.25,9999,-9999
07/20/2025 14:35,CENTRAL EAST - VC,23330,2265.12,3100,-9999
07/20/2025 14:35,DYSINGER EAST,23326,1016.73,3200,-9999
07/20/2025 14:35,MOSES SOUTH,23319,710.31,3150,-1600
07/20/2025 14:35,SCH - HQ - NY,23324,41,1500,-980
07/20/2025 14:35,SCH - HQ_CEDARS,325274,0,270,-40
07/20/2025 14:35,SCH - HQ_IMPORT_EXPORT,325376,41,1310,-9999
07/20/2025 14:35,SCH - NE - NY,23318,-861.26,1400,-1600
07/20/2025 14:35,SCH - NPX_1385,325277,-82,125,-125
07/20/2025 14:35,SCH - NPX_CSC,325154,330,330,-330
07/20/2025 14:35,SCH - OH - NY,23317,896.91,2000,-1600
07/20/2025 14:35,SCH - PJ - NY,23316,810.72,2000,-1050
07/20/2025 14:35,SCH - PJM_HTP,325905,660,660,-660
07/20/2025 14:35,SCH - PJM_NEPTUNE,325305,660,660,-660
07/20/2025 14:35,SCH - PJM_VFT,325658,315,315,-315
07/20/2025 14:35,SPR/DUN-SOUTH,23320,2444.78,4600,-9999
07/20/2025 14:35,TOTAL EAST,23314,3688.25,7550,-9999
07/20/2025 14:35,UPNY CONED,23315,4167.19,7030,-9999
07/20/2025 14:35,WEST CENTRAL,23312,469.09,9999,-9999
07/20/2025 14:40,CENTRAL EAST - VC,23330,2247.43,3100,-9999
07/20/2025 14:40,DYSINGER EAST,23326,815.04,3200,-9999
07/20/2025 14:40,MOSES SOUTH,23319,755.29,3150,-1600
07/20/2025 14:40,SCH - HQ - NY,23324,41,1500,-980
07/20/2025 14:40,SCH - HQ_CEDARS,325274,0,270,-40
07/20/2025 14:40,SCH - HQ_IMPORT_EXPORT,325376,41,1310,-9999
07/20/2025 14:40,SCH - NE - NY,23318,-861.28,1400,-1600
07/20/2025 14:40,SCH - NPX_1385,325277,-82,125,-125
07/20/2025 14:40,SCH - NPX_CSC,325154,330,330,-330
07/20/2025 14:40,SCH - OH - NY,23317,896.95,2000,-1600
07/20/2025 14:40,SCH - PJ - NY,23316,803.41,2000,-1050
07/20/2025 14:40,SCH - PJM_HTP,325905,660,660,-660
07/20/2025 14:40,SCH - PJM_NEPTUNE,325305,660,660,-660
07/20/2025 14:40,SCH - PJM_VFT,325658,315,315,-315
07/20/2025 14:40,SPR/DUN-SOUTH,23320,2396.57,4600,-9999
07/20/2025 14:40,TOTAL EAST,23314,3671.41,7550,-9999
07/20/2025 14:40,UPNY CONED,23315,4163.87,7030,-9999
07/20/2025 14:40,WEST CENTRAL,23312,274.81,9999,-9999
07/20/2025 14:43,CENTRAL EAST - VC,23330,2246.44,3130,-9999
07/20/2025 14:43,DYSINGER EAST,23326,937.68,3200,-9999
07/20/2025 14:43,MOSES SOUTH,23319,806.79,3150,-1600
07/20/2025 14:43,SCH - HQ - NY,23324,41,1500,-980
07/20/2025 14:43,SCH - HQ_CEDARS,325274,0,270,-40
07/20/2025 14:43,SCH - HQ_IMPORT_EXPORT,325376,41,1310,-9999
07/20/2025 14:43,SCH - NE - NY,23318,-841.23,1400,-1600
07/20/2025 14:43,SCH - NPX_1385,325277,-82,125,-125
07/20/2025 14:43,SCH - NPX_CSC,325154,330,330,-330
07/20/2025 14:43,SCH - OH - NY,23317,896.6,2000,-1600
07/20/2025 14:43,SCH - PJ - NY,23316,777.24,2000,-1050
07/20/2025 14:43,SCH - PJM_HTP,325905,660,660,-660
07/20/2025 14:43,SCH - PJM_NEPTUNE,325305,660,660,-660
07/20/2025 14:43,SCH - PJM_VFT,325658,315,315,-315
07/20/2025 14:43,SPR/DUN-SOUTH,23320,2357.55,4600,-9999
07/20/2025 14:43,TOTAL EAST,23314,3723.86,7550,-9999
07/20/2025 14:43,UPNY CONED,23315,4187.82,7030,-9999
07/20/2025 14:43,WEST CENTRAL,23312,369.54,9999,-9999
07/20/2025 14:45,CENTRAL EAST - VC,23330,2209.82,3130,-9999
07/20/2025 14:45,DYSINGER EAST,23326,865.45,3200,-9999
07/20/2025 14:45,MOSES SOUTH,23319,795.07,3150,-1600
07/20/2025 14:45,SCH - HQ - NY,23324,41,1500,-980
07/20/2025 14:45,SCH - HQ_CEDARS,325274,0,270,-40
07/20/2025 14:45,SCH - HQ_IMPORT_EXPORT,325376,41,1310,-9999
07/20/2025 14:45,SCH - NE - NY,23318,-828.37,1400,-1600
07/20/2025 14:45,SCH - NPX_1385,325277,-82,125,-125
07/20/2025 14:45,SCH - NPX_CSC,325154,330,330,-330
07/20/2025 14:45,SCH - OH - NY,23317,896.59,2000,-1600
07/20/2025 14:45,SCH - PJ - NY,23316,756.14,2000,-1050
07/20/2025 14:45,SCH - PJM_HTP,325905,660,660,-660
07/20/2025 14:45,SCH - PJM_NEPTUNE,325305,660,660,-660
07/20/2025 14:45,SCH - PJM_VFT,325658,315,315,-315
07/20/2025 14:45,SPR/DUN-SOUTH,23320,2339.22,4600,-9999
07/20/2025 14:45,TOTAL EAST,23314,3618.2,7550,-9999
07/20/2025 14:45,UPNY CONED,23315,4131.1,7030,-9999
07/20/2025 14:45,WEST CENTRAL,23312,317.59,9999,-9999
07/20/2025 14:46,CENTRAL EAST - VC,23330,2276.78,3130,-9999
07/20/2025 14:46,DYSINGER EAST,23326,962.64,3200,-9999
07/20/2025 14:46,MOSES SOUTH,23319,796.37,3150,-1600
07/20/2025 14:46,SCH - HQ - NY,23324,41,1500,-980
07/20/2025 14:46,SCH - HQ_CEDARS,325274,0,270,-40
07/20/2025 14:46,SCH - HQ_IMPORT_EXPORT,325376,41,1310,-9999
07/20/2025 14:46,SCH - NE - NY,23318,-821.26,1400,-1600
07/20/2025 14:46,SCH - NPX_1385,325277,-82,125,-125
07/20/2025 14:46,SCH - NPX_CSC,325154,330,330,-330
07/20/2025 14:46,SCH - OH - NY,23317,896.7,2000,-1600
07/20/2025 14:46,SCH - PJ - NY,23316,745.05,2000,-1050
07/20/2025 14:46,SCH - PJM_HTP,325905,660,660,-660
07/20/2025 14:46,SCH - PJM_NEPTUNE,325305,660,660,-660
07/20/2025 14:46,SCH - PJM_VFT,325658,315,315,-315
07/20/2025 14:46,SPR/DUN-SOUTH,23320,2364.36,4600,-9999
07/20/2025 14:46,TOTAL EAST,23314,3719.65,7550,-9999
07/20/2025 14:46,UPNY CONED,23315,4207.41,7030,-9999
07/20/2025 14:46,WEST CENTRAL,23312,391.75,9999,-9999
07/20/2025 14:55,CENTRAL EAST - VC,23330,2300.66,3130,-9999
07/20/2025 14:55,DYSINGER EAST,23326,1080.42,3200,-9999
07/20/2025 14:55,MOSES SOUTH,23319,782.02,3150,-1600
07/20/2025 14:55,SCH - HQ - NY,23324,41,1500,-980
07/20/2025 14:55,SCH - HQ_CEDARS,325274,0,270,-40
07/20/2025 14:55,SCH - HQ_IMPORT_EXPORT,325376,41,1310,-9999
07/20/2025 14:55,SCH - NE - NY,23318,-795.28,1400,-1600
07/20/2025 14:55,SCH - NPX_1385,325277,-82,125,-125
07/20/2025 14:55,SCH - NPX_CSC,325154,330,330,-330
07/20/2025 14:55,SCH - OH - NY,23317,896.79,2000,-1600
07/20/2025 14:55,SCH - PJ - NY,23316,710.16,2000,-1050
07/20/2025 14:55,SCH - PJM_HTP,325905,660,660,-660
07/20/2025 14:55,SCH - PJM_NEPTUNE,325305,660,660,-660
07/20/2025 14:55,SCH - PJM_VFT,325658,315,315,-315
07/20/2025 14:55,SPR/DUN-SOUTH,23320,2337.68,4600,-9999
07/20/2025 14:55,TOTAL EAST,23314,3803.8,7550,-9999
07/20/2025 14:55,UPNY CONED,23315,4250.02,7030,-9999
07/20/2025 14:55,WEST CENTRAL,23312,474.55,9999,-9999
07/20/2025 15:00,CENTRAL EAST - VC,23330,2336.76,3130,-9999
07/20/2025 15:00,DYSINGER EAST,23326,1066.55,3200,-9999
07/20/2025 15:00,MOSES SOUTH,23319,794.64,3150,-1600
07/20/2025 15:00,SCH - HQ - NY,23324,60,1500,-980
07/20/2025 15:00,SCH - HQ_CEDARS,325274,0,270,-40
07/20/2025 15:00,SCH - HQ_IMPORT_EXPORT,325376,60,1310,-9999
07/20/2025 15:00,SCH - NE - NY,23318,-859.1,1400,-1600
07/20/2025 15:00,SCH - NPX_1385,325277,-89,125,-125
07/20/2025 15:00,SCH - NPX_CSC,325154,330,330,-330
07/20/2025 15:00,SCH - OH - NY,23317,882.73,2000,-1600
07/20/2025 15:00,SCH - PJ - NY,23316,729.18,2000,-1050
07/20/2025 15:00,SCH - PJM_HTP,325905,660,660,-660
07/20/2025 15:00,SCH - PJM_NEPTUNE,325305,660,660,-660
07/20/2025 15:00,SCH - PJM_VFT,325658,315,315,-315
07/20/2025 15:00,SPR/DUN-SOUTH,23320,2244.38,4600,-9999
07/20/2025 15:00,TOTAL EAST,23314,3822.62,7550,-9999
07/20/2025 15:00,UPNY CONED,23315,4126.62,7030,-9999
07/20/2025 15:00,WEST CENTRAL,23312,454.45,9999,-9999
07/20/2025 15:05,CENTRAL EAST - VC,23330,2457.61,3130,-9999
07/20/2025 15:05,DYSINGER EAST,23326,1215.53,3200,-9999
07/20/2025 15:05,MOSES SOUTH,23319,855.99,3150,-1600
07/20/2025 15:05,SCH - HQ - NY,23324,79,1500,-980
07/20/2025 15:05,SCH - HQ_CEDARS,325274,0,270,-40
07/20/2025 15:05,SCH - HQ_IMPORT_EXPORT,325376,79,1310,-9999
07/20/2025 15:05,SCH - NE - NY,23318,-923.96,1400,-1600
07/20/2025 15:05,SCH - NPX_1385,325277,-96,125,-125
07/20/2025 15:05,SCH - NPX_CSC,325154,330,330,-330
07/20/2025 15:05,SCH - OH - NY,23317,869.56,2000,-1600
07/20/2025 15:05,SCH - PJ - NY,23316,758.99,2000,-1050
07/20/2025 15:05,SCH - PJM_HTP,325905,660,660,-660
07/20/2025 15:05,SCH - PJM_NEPTUNE,325305,660,660,-660
07/20/2025 15:05,SCH - PJM_VFT,325658,315,315,-315
07/20/2025 15:05,SPR/DUN-SOUTH,23320,2220.82,4600,-9999
07/20/2025 15:05,TOTAL EAST,23314,3957.33,7550,-9999
07/20/2025 15:05,UPNY CONED,23315,4131.51,7030,-9999
07/20/2025 15:05,WEST CENTRAL,23312,593.58,9999,-9999
07/20/2025 15:10,CENTRAL EAST - VC,23330,2473.2,3130,-9999
07/20/2025 15:10,DYSINGER EAST,23326,1197.46,3200,-9999
07/20/2025 15:10,MOSES SOUTH,23319,867.55,3150,-1600
07/20/2025 15:10,SCH - HQ - NY,23324,79,1500,-980
07/20/2025 15:10,SCH - HQ_CEDARS,325274,0,270,-40
07/20/2025 15:10,SCH - HQ_IMPORT_EXPORT,325376,79,1310,-9999
07/20/2025 15:10,SCH - NE - NY,23318,-922.3,1400,-1600
07/20/2025 15:10,SCH - NPX_1385,325277,-95,125,-125
07/20/2025 15:10,SCH - NPX_CSC,325154,330,330,-330
07/20/2025 15:10,SCH - OH - NY,23317,869.44,2000,-1600
07/20/2025 15:10,SCH - PJ - NY,23316,755.3,2000,-1050
07/20/2025 15:10,SCH - PJM_HTP,325905,660,660,-660
07/20/2025 15:10,SCH - PJM_NEPTUNE,325305,660,660,-660
07/20/2025 15:10,SCH - PJM_VFT,325658,315,315,-315
07/20/2025 15:10,SPR/DUN-SOUTH,23320,2265.55,4600,-9999
07/20/2025 15:10,TOTAL EAST,23314,3965.1,7550,-9999
07/20/2025 15:10,UPNY CONED,23315,4108.16,7030,-9999
07/20/2025 15:10,WEST CENTRAL,23312,592.32,9999,-9999
07/20/2025 15:15,CENTRAL EAST - VC,23330,2450.62,3210,-9999
07/20/2025 15:15,DYSINGER EAST,23326,1170.77,3200,-9999
07/20/2025 15:15,MOSES SOUTH,23319,825.79,3150,-1600
07/20/2025 15:15,SCH - HQ - NY,23324,79,1500,-980
07/20/2025 15:15,SCH - HQ_CEDARS,325274,0,270,-40
07/20/2025 15:15,SCH - HQ_IMPORT_EXPORT,325376,79,1310,-9999
07/20/2025 15:15,SCH - NE - NY,23318,-785.88,1400,-1600
07/20/2025 15:15,SCH - NPX_1385,325277,-95,125,-125
07/20/2025 15:15,SCH - NPX_CSC,325154,330,330,-330
07/20/2025 15:15,SCH - OH - NY,23317,869.71,2000,-1600
07/20/2025 15:15,SCH - PJ - NY,23316,764.46,2000,-1050
07/20/2025 15:15,SCH - PJM_HTP,325905,660,660,-660
07/20/2025 15:15,SCH - PJM_NEPTUNE,325305,660,660,-660
07/20/2025 15:15,SCH - PJM_VFT,325658,315,315,-315
07/20/2025 15:15,SPR/DUN-SOUTH,23320,2333.7,4600,-9999
07/20/2025 15:15,TOTAL EAST,23314,3886.59,7550,-9999
07/20/2025 15:15,UPNY CONED,23315,4142.59,7030,-9999
07/20/2025 15:15,WEST CENTRAL,23312,575.35,9999,-9999
07/20/2025 15:20,CENTRAL EAST - VC,23330,2388.68,3210,-9999
07/20/2025 15:20,DYSINGER EAST,23326,1216.74,3200,-9999
07/20/2025 15:20,MOSES SOUTH,23319,811.82,3150,-1600
07/20/2025 15:20,SCH - HQ - NY,23324,79,1500,-980
07/20/2025 15:20,SCH - HQ_CEDARS,325274,0,270,-40
07/20/2025 15:20,SCH - HQ_IMPORT_EXPORT,325376,79,1310,-9999
07/20/2025 15:20,SCH - NE - NY,23318,-649.12,1400,-1600
07/20/2025 15:20,SCH - NPX_1385,325277,-95,125,-125
07/20/2025 15:20,SCH - NPX_CSC,325154,330,330,-330
07/20/2025 15:20,SCH - OH - NY,23317,864.99,2000,-1600
07/20/2025 15:20,SCH - PJ - NY,23316,786.91,2000,-1050
07/20/2025 15:20,SCH - PJM_HTP,325905,660,660,-660
07/20/2025 15:20,SCH - PJM_NEPTUNE,325305,660,660,-660
07/20/2025 15:20,SCH - PJM_VFT,325658,315,315,-315
07/20/2025 15:20,SPR/DUN-SOUTH,23320,2335.47,4600,-9999
07/20/2025 15:20,TOTAL EAST,23314,3762.23,7550,-9999
07/20/2025 15:20,UPNY CONED,23315,4153.3,7030,-9999
07/20/2025 15:20,WEST CENTRAL,23312,601.89,9999,-9999
07/20/2025 15:25,CENTRAL EAST - VC,23330,2473.07,3210,-9999
07/20/2025 15:25,DYSINGER EAST,23326,1278.52,3200,-9999
07/20/2025 15:25,MOSES SOUTH,23319,789.13,3150,-1600
07/20/2025 15:25,SCH - HQ - NY,23324,79,1500,-980
07/20/2025 15:25,SCH - HQ_CEDARS,325274,0,270,-40
07/20/2025 15:25,SCH - HQ_IMPORT_EXPORT,325376,79,1310,-9999
07/20/2025 15:25,SCH - NE - NY,23318,-650.79,1400,-1600
07/20/2025 15:25,SCH - NPX_1385,325277,-95,125,-125
07/20/2025 15:25,SCH - NPX_CSC,325154,330,330,-330
07/20/2025 15:25,SCH - OH - NY,23317,865.32,2000,-1600
07/20/2025 15:25,SCH - PJ - NY,23316,791.18,2000,-1050
07/20/2025 15:25,SCH - PJM_HTP,325905,660,660,-660
07/20/2025 15:25,SCH - PJM_NEPTUNE,325305,660,660,-660
07/20/2025 15:25,SCH - PJM_VFT,325658,315,315,-315
07/20/2025 15:25,SPR/DUN-SOUTH,23320,2352.48,4600,-9999
07/20/2025 15:25,TOTAL EAST,23314,3824.92,7550,-9999
07/20/2025 15:25,UPNY CONED,23315,4227,7030,-9999
07/20/2025 15:25,WEST CENTRAL,23312,659.01,9999,-9999
07/20/2025 15:30,CENTRAL EAST - VC,23330,2206.73,3210,-9999
07/20/2025 15:30,DYSINGER EAST,23326,1309.34,3200,-9999
07/20/2025 15:30,MOSES SOUTH,23319,560.74,3150,-1600
07/20/2025 15:30,SCH - HQ - NY,23324,79,1500,-980
07/20/2025 15:30,SCH - HQ_CEDARS,325274,0,270,-40
07/20/2025 15:30,SCH - HQ_IMPORT_EXPORT,325376,79,1310,-9999
07/20/2025 15:30,SCH - NE - NY,23318,-635.92,1400,-1600
07/20/2025 15:30,SCH - NPX_1385,325277,-95,125,-125
07/20/2025 15:30,SCH - NPX_CSC,325154,330,330,-330
07/20/2025 15:30,SCH - OH - NY,23317,871.86,2000,-1600
07/20/2025 15:30,SCH - PJ - NY,23316,781.61,2000,-1050
07/20/2025 15:30,SCH - PJM_HTP,325905,660,660,-660
07/20/2025 15:30,SCH - PJM_NEPTUNE,325305,660,660,-660
07/20/2025 15:30,SCH - PJM_VFT,325658,315,315,-315
07/20/2025 15:30,SPR/DUN-SOUTH,23320,2308.12,4600,-9999
07/20/2025 15:30,TOTAL EAST,23314,3564.8,7550,-9999
07/20/2025 15:30,UPNY CONED,23315,4150.05,7030,-9999
07/20/2025 15:30,WEST CENTRAL,23312,671.59,9999,-9999
07/20/2025 15:35,CENTRAL EAST - VC,23330,2152.43,3210,-9999
07/20/2025 15:35,DYSINGER EAST,23326,1152.69,3200,-9999
07/20/2025 15:35,MOSES SOUTH,23319,547.31,3150,-1600
07/20/2025 15:35,SCH - HQ - NY,23324,79,1500,-980
07/20/2025 15:35,SCH - HQ_CEDARS,325274,0,270,-40
07/20/2025 15:35,SCH - HQ_IMPORT_EXPORT,325376,79,1310,-9999
07/20/2025 15:35,SCH - NE - NY,23318,-617.6,1400,-1600
07/20/2025 15:35,SCH - NPX_1385,325277,-95,125,-125
07/20/2025 15:35,SCH - NPX_CSC,325154,330,330,-330
07/20/2025 15:35,SCH - OH - NY,23317,868.19,2000,-1600
07/20/2025 15:35,SCH - PJ - NY,23316,786.3,2000,-1050
07/20/2025 15:35,SCH - PJM_HTP,325905,660,660,-660
07/20/2025 15:35,SCH - PJM_NEPTUNE,325305,660,660,-660
07/20/2025 15:35,SCH - PJM_VFT,325658,315,315,-315
07/20/2025 15:35,SPR/DUN-SOUTH,23320,2295.33,4600,-9999
07/20/2025 15:35,TOTAL EAST,23314,3511.95,7550,-9999
07/20/2025 15:35,UPNY CONED,23315,4148.43,7030,-9999
07/20/2025 15:35,WEST CENTRAL,23312,531.15,9999,-9999
07/20/2025 15:40,CENTRAL EAST - VC,23330,2149.42,3210,-9999
07/20/2025 15:40,DYSINGER EAST,23326,1275.18,3200,-9999
07/20/2025 15:40,MOSES SOUTH,23319,530.4,3150,-1600
07/20/2025 15:40,SCH - HQ - NY,23324,79,1500,-980
07/20/2025 15:40,SCH - HQ_CEDARS,325274,0,270,-40
07/20/2025 15:40,SCH - HQ_IMPORT_EXPORT,325376,79,1310,-9999
07/20/2025 15:40,SCH - NE - NY,23318,-618.08,1400,-1600
07/20/2025 15:40,SCH - NPX_1385,325277,-95,125,-125
07/20/2025 15:40,SCH - NPX_CSC,325154,330,330,-330
07/20/2025 15:40,SCH - OH - NY,23317,873.76,2000,-1600
07/20/2025 15:40,SCH - PJ - NY,23316,776.28,2000,-1050
07/20/2025 15:40,SCH - PJM_HTP,325905,660,660,-660
07/20/2025 15:40,SCH - PJM_NEPTUNE,325305,660,660,-660
07/20/2025 15:40,SCH - PJM_VFT,325658,315,315,-315
07/20/2025 15:40,SPR/DUN-SOUTH,23320,2333.15,4600,-9999
07/20/2025 15:40,TOTAL EAST,23314,3461.16,7550,-9999
07/20/2025 15:40,UPNY CONED,23315,4171.53,7030,-9999
07/20/2025 15:40,WEST CENTRAL,23312,640.51,9999,-9999
07/20/2025 15:45,CENTRAL EAST - VC,23330,2035.08,3210,-9999
07/20/2025 15:45,DYSINGER EAST,23326,1240.16,3200,-9999
07/20/2025 15:45,MOSES SOUTH,23319,526.13,3150,-1600
07/20/2025 15:45,SCH - HQ - NY,23324,79,1500,-980
07/20/2025 15:45,SCH - HQ_CEDARS,325274,0,270,-40
07/20/2025 15:45,SCH - HQ_IMPORT_EXPORT,325376,79,1310,-9999
07/20/2025 15:45,SCH - NE - NY,23318,-637.23,1400,-1600
07/20/2025 15:45,SCH - NPX_1385,325277,-95,125,-125
07/20/2025 15:45,SCH - NPX_CSC,325154,330,330,-330
07/20/2025 15:45,SCH - OH - NY,23317,869.94,2000,-1600
07/20/2025 15:45,SCH - PJ - NY,23316,730.87,2000,-1050
07/20/2025 15:45,SCH - PJM_HTP,325905,660,660,-660
07/20/2025 15:45,SCH - PJM_NEPTUNE,325305,660,660,-660
07/20/2025 15:45,SCH - PJM_VFT,325658,315,315,-315
07/20/2025 15:45,SPR/DUN-SOUTH,23320,2375.7,4600,-9999
07/20/2025 15:45,TOTAL EAST,23314,3232.93,7550,-9999
07/20/2025 15:45,UPNY CONED,23315,4209.33,7030,-9999
07/20/2025 15:45,WEST CENTRAL,23312,600.47,9999,-9999
07/20/2025 15:50,CENTRAL EAST - VC,23330,2030.25,3210,-9999
07/20/2025 15:50,DYSINGER EAST,23326,1334.24,3200,-9999
07/20/2025 15:50,MOSES SOUTH,23319,521.94,3150,-1600
07/20/2025 15:50,SCH - HQ - NY,23324,79,1500,-980
07/20/2025 15:50,SCH - HQ_CEDARS,325274,0,270,-40
07/20/2025 15:50,SCH - HQ_IMPORT_EXPORT,325376,79,1310,-9999
07/20/2025 15:50,SCH - NE - NY,23318,-650.12,1400,-1600
07/20/2025 15:50,SCH - NPX_1385,325277,-95,125,-125
07/20/2025 15:50,SCH - NPX_CSC,325154,330,330,-330
07/20/2025 15:50,SCH - OH - NY,23317,869.94,2000,-1600
07/20/2025 15:50,SCH - PJ - NY,23316,674.46,2000,-1050
07/20/2025 15:50,SCH - PJM_HTP,325905,660,660,-660
07/20/2025 15:50,SCH - PJM_NEPTUNE,325305,660,660,-660
07/20/2025 15:50,SCH - PJM_VFT,325658,315,315,-315
07/20/2025 15:50,SPR/DUN-SOUTH,23320,2381.4,4600,-9999
07/20/2025 15:50,TOTAL EAST,23314,3240.83,7550,-9999
07/20/2025 15:50,UPNY CONED,23315,4260.35,7030,-9999
07/20/2025 15:50,WEST CENTRAL,23312,683.82,9999,-9999
07/20/2025 15:55,CENTRAL EAST - VC,23330,2047.78,3210,-9999
07/20/2025 15:55,DYSINGER EAST,23326,1408.53,3200,-9999
07/20/2025 15:55,MOSES SOUTH,23319,506.36,3150,-1600
07/20/2025 15:55,SCH - HQ - NY,23324,79,1500,-980
07/20/2025 15:55,SCH - HQ_CEDARS,325274,0,270,-40
07/20/2025 15:55,SCH - HQ_IMPORT_EXPORT,325376,79,1310,-9999
07/20/2025 15:55,SCH - NE - NY,23318,-654.6,1400,-1600
07/20/2025 15:55,SCH - NPX_1385,325277,-95,125,-125
07/20/2025 15:55,SCH - NPX_CSC,325154,330,330,-330
07/20/2025 15:55,SCH - OH - NY,23317,869.97,2000,-1600
07/20/2025 15:55,SCH - PJ - NY,23316,680.46,2000,-1050
07/20/2025 15:55,SCH - PJM_HTP,325905,660,660,-660
07/20/2025 15:55,SCH - PJM_NEPTUNE,325305,660,660,-660
07/20/2025 15:55,SCH - PJM_VFT,325658,315,315,-315
07/20/2025 15:55,SPR/DUN-SOUTH,23320,2399.47,4600,-9999
07/20/2025 15:55,TOTAL EAST,23314,3216.35,7550,-9999
07/20/2025 15:55,UPNY CONED,23315,4316.27,7030,-9999
07/20/2025 15:55,WEST CENTRAL,23312,758.01,9999,-9999
07/20/2025 16:00,CENTRAL EAST - VC,23330,1886.04,3210,-9999
07/20/2025 16:00,DYSINGER EAST,23326,1133.34,3200,-9999
07/20/2025 16:00,MOSES SOUTH,23319,581.9,3150,-1600
07/20/2025 16:00,SCH - HQ - NY,23324,135,1500,-980
07/20/2025 16:00,SCH - HQ_CEDARS,325274,0,270,-40
07/20/2025 16:00,SCH - HQ_IMPORT_EXPORT,325376,135,1310,-9999
07/20/2025 16:00,SCH - NE - NY,23318,-547.03,1400,-1600
07/20/2025 16:00,SCH - NPX_1385,325277,-110,125,-125
07/20/2025 16:00,SCH - NPX_CSC,325154,330,330,-330
07/20/2025 16:00,SCH - OH - NY,23317,619.02,2000,-1600
07/20/2025 16:00,SCH - PJ - NY,23316,665.39,2000,-1050
07/20/2025 16:00,SCH - PJM_HTP,325905,660,660,-660
07/20/2025 16:00,SCH - PJM_NEPTUNE,325305,660,660,-660
07/20/2025 16:00,SCH - PJM_VFT,325658,315,315,-315
07/20/2025 16:00,SPR/DUN-SOUTH,23320,2398.32,4600,-9999
07/20/2025 16:00,TOTAL EAST,23314,2965.16,7550,-9999
07/20/2025 16:00,UPNY CONED,23315,4222.96,7030,-9999
07/20/2025 16:00,WEST CENTRAL,23312,484.99,9999,-9999
07/20/2025 16:05,CENTRAL EAST - VC,23330,1770.26,3210,-9999
07/20/2025 16:05,DYSINGER EAST,23326,872.62,3200,-9999
07/20/2025 16:05,MOSES SOUTH,23319,612.94,3150,-1600
07/20/2025 16:05,SCH - HQ - NY,23324,191,1500,-980
07/20/2025 16:05,SCH - HQ_CEDARS,325274,0,270,-40
07/20/2025 16:05,SCH - HQ_IMPORT_EXPORT,325376,191,1310,-9999
07/20/2025 16:05,SCH - NE - NY,23318,-449.35,1400,-1600
07/20/2025 16:05,SCH - NPX_1385,325277,-125,125,-125
07/20/2025 16:05,SCH - NPX_CSC,325154,330,330,-330
07/20/2025 16:05,SCH - OH - NY,23317,367.98,2000,-1600
07/20/2025 16:05,SCH - PJ - NY,23316,654.53,2000,-1050
07/20/2025 16:05,SCH - PJM_HTP,325905,660,660,-660
07/20/2025 16:05,SCH - PJM_NEPTUNE,325305,660,660,-660
07/20/2025 16:05,SCH - PJM_VFT,325658,315,315,-315
07/20/2025 16:05,SPR/DUN-SOUTH,23320,2443.97,4600,-9999
07/20/2025 16:05,TOTAL EAST,23314,2819.63,7550,-9999
07/20/2025 16:05,UPNY CONED,23315,4264.24,7030,-9999
07/20/2025 16:05,WEST CENTRAL,23312,241.14,9999,-9999
07/20/2025 16:10,CENTRAL EAST - VC,23330,1824.38,3210,-9999
07/20/2025 16:10,DYSINGER EAST,23326,934.78,3200,-9999
07/20/2025 16:10,MOSES SOUTH,23319,535.28,3150,-1600
07/20/2025 16:10,SCH - HQ - NY,23324,191,1500,-980
07/20/2025 16:10,SCH - HQ_CEDARS,325274,0,270,-40
07/20/2025 16:10,SCH - HQ_IMPORT_EXPORT,325376,191,1310,-9999
07/20/2025 16:10,SCH - NE - NY,23318,-448.94,1400,-1600
07/20/2025 16:10,SCH - NPX_1385,325277,-125,125,-125
07/20/2025 16:10,SCH - NPX_CSC,325154,330,330,-330
07/20/2025 16:10,SCH - OH - NY,23317,367.91,2000,-1600
07/20/2025 16:10,SCH - PJ - NY,23316,656.87,2000,-1050
07/20/2025 16:10,SCH - PJM_HTP,325905,660,660,-660
07/20/2025 16:10,SCH - PJM_NEPTUNE,325305,660,660,-660
07/20/2025 16:10,SCH - PJM_VFT,325658,315,315,-315
07/20/2025 16:10,SPR/DUN-SOUTH,23320,2499.39,4600,-9999
07/20/2025 16:10,TOTAL EAST,23314,2809.81,7550,-9999
07/20/2025 16:10,UPNY CONED,23315,4343.54,7030,-9999
07/20/2025 16:10,WEST CENTRAL,23312,290.61,9999,-9999
07/20/2025 16:15,CENTRAL EAST - VC,23330,1862.28,3210,-9999
07/20/2025 16:15,DYSINGER EAST,23326,892.09,3200,-9999
07/20/2025 16:15,MOSES SOUTH,23319,493.34,3150,-1600
07/20/2025 16:15,SCH - HQ - NY,23324,191,1500,-980
07/20/2025 16:15,SCH - HQ_CEDARS,325274,0,270,-40
07/20/2025 16:15,SCH - HQ_IMPORT_EXPORT,325376,191,1310,-9999
07/20/2025 16:15,SCH - NE - NY,23318,-479.79,1400,-1600
07/20/2025 16:15,SCH - NPX_1385,325277,-125,125,-125
07/20/2025 16:15,SCH - NPX_CSC,325154,330,330,-330
07/20/2025 16:15,SCH - OH - NY,23317,367.84,2000,-1600
07/20/2025 16:15,SCH - PJ - NY,23316,712.08,2000,-1050
07/20/2025 16:15,SCH - PJM_HTP,325905,660,660,-660
07/20/2025 16:15,SCH - PJM_NEPTUNE,325305,660,660,-660
07/20/2025 16:15,SCH - PJM_VFT,325658,315,315,-315
07/20/2025 16:15,SPR/DUN-SOUTH,23320,2529.18,4600,-9999
07/20/2025 16:15,TOTAL EAST,23314,2849.68,7550,-9999
07/20/2025 16:15,UPNY CONED,23315,4432.97,7030,-9999
07/20/2025 16:15,WEST CENTRAL,23312,244.79,9999,-9999
07/20/2025 16:20,CENTRAL EAST - VC,23330,1920.69,3210,-9999
07/20/2025 16:20,DYSINGER EAST,23326,1034.51,3200,-9999
07/20/2025 16:20,MOSES SOUTH,23319,458.74,3150,-1600
07/20/2025 16:20,SCH - HQ - NY,23324,191,1500,-980
07/20/2025 16:20,SCH - HQ_CEDARS,325274,0,270,-40
07/20/2025 16:20,SCH - HQ_IMPORT_EXPORT,325376,191,1310,-9999
07/20/2025 16:20,SCH - NE - NY,23318,-511.72,1400,-1600
07/20/2025 16:20,SCH - NPX_1385,325277,-125,125,-125
07/20/2025 16:20,SCH - NPX_CSC,325154,330,330,-330
07/20/2025 16:20,SCH - OH - NY,23317,367.85,2000,-1600
07/20/2025 16:20,SCH - PJ - NY,23316,775.53,2000,-1050
07/20/2025 16:20,SCH - PJM_HTP,325905,660,660,-660
07/20/2025 16:20,SCH - PJM_NEPTUNE,325305,660,660,-660
07/20/2025 16:20,SCH - PJM_VFT,325658,315,315,-315
07/20/2025 16:20,SPR/DUN-SOUTH,23320,2539.59,4600,-9999
07/20/2025 16:20,TOTAL EAST,23314,2932.72,7550,-9999
07/20/2025 16:20,UPNY CONED,23315,4474.8,7030,-9999
07/20/2025 16:20,WEST CENTRAL,23312,382.51,9999,-9999
07/20/2025 16:25,CENTRAL EAST - VC,23330,2024.72,3210,-9999
07/20/2025 16:25,DYSINGER EAST,23326,940.83,3200,-9999
07/20/2025 16:25,MOSES SOUTH,23319,646.7,3150,-1600
07/20/2025 16:25,SCH - HQ - NY,23324,191,1500,-980
07/20/2025 16:25,SCH - HQ_CEDARS,325274,0,270,-40
07/20/2025 16:25,SCH - HQ_IMPORT_EXPORT,325376,191,1310,-9999
07/20/2025 16:25,SCH - NE - NY,23318,-511.77,1400,-1600
07/20/2025 16:25,SCH - NPX_1385,325277,-125,125,-125
07/20/2025 16:25,SCH - NPX_CSC,325154,330,330,-330
07/20/2025 16:25,SCH - OH - NY,23317,367.92,2000,-1600
07/20/2025 16:25,SCH - PJ - NY,23316,779.3,2000,-1050
07/20/2025 16:25,SCH - PJM_HTP,325905,660,660,-660
07/20/2025 16:25,SCH - PJM_NEPTUNE,325305,660,660,-660
07/20/2025 16:25,SCH - PJM_VFT,325658,315,315,-315
07/20/2025 16:25,SPR/DUN-SOUTH,23320,2540.41,4600,-9999
07/20/2025 16:25,TOTAL EAST,23314,3018.55,7550,-9999
07/20/2025 16:25,UPNY CONED,23315,4521.09,7030,-9999
07/20/2025 16:25,WEST CENTRAL,23312,281.9,9999,-9999
07/20/2025 16:30,CENTRAL EAST - VC,23330,2013.41,3210,-9999
07/20/2025 16:30,DYSINGER EAST,23326,896.72,3200,-9999
07/20/2025 16:30,MOSES SOUTH,23319,607.88,3150,-1600
07/20/2025 16:30,SCH - HQ - NY,23324,191,1500,-980
07/20/2025 16:30,SCH - HQ_CEDARS,325274,0,270,-40
07/20/2025 16:30,SCH - HQ_IMPORT_EXPORT,325376,191,1310,-9999
07/20/2025 16:30,SCH - NE - NY,23318,-661.21,1400,-1600
07/20/2025 16:30,SCH - NPX_1385,325277,-125,125,-125
07/20/2025 16:30,SCH - NPX_CSC,325154,330,330,-330
07/20/2025 16:30,SCH - OH - NY,23317,367.94,2000,-1600
07/20/2025 16:30,SCH - PJ - NY,23316,777.2,2000,-1050
07/20/2025 16:30,SCH - PJM_HTP,325905,660,660,-660
07/20/2025 16:30,SCH - PJM_NEPTUNE,325305,660,660,-660
07/20/2025 16:30,SCH - PJM_VFT,325658,315,315,-315
07/20/2025 16:30,SPR/DUN-SOUTH,23320,2488.09,4600,-9999
07/20/2025 16:30,TOTAL EAST,23314,3097.78,7550,-9999
07/20/2025 16:30,UPNY CONED,23315,4478.3,7030,-9999
07/20/2025 16:30,WEST CENTRAL,23312,244.16,9999,-9999
07/20/2025 16:35,CENTRAL EAST - VC,23330,2095.88,3210,-9999
07/20/2025 16:35,DYSINGER EAST,23326,1040.06,3200,-9999
07/20/2025 16:35,MOSES SOUTH,23319,619.56,3150,-1600
07/20/2025 16:35,SCH - HQ - NY,23324,191,1500,-980
07/20/2025 16:35,SCH - HQ_CEDARS,325274,0,270,-40
07/20/2025 16:35,SCH - HQ_IMPORT_EXPORT,325376,191,1310,-9999
07/20/2025 16:35,SCH - NE - NY,23318,-810.48,1400,-1600
07/20/2025 16:35,SCH - NPX_1385,325277,-125,125,-125
07/20/2025 16:35,SCH - NPX_CSC,325154,330,330,-330
07/20/2025 16:35,SCH - OH - NY,23317,367.96,2000,-1600
07/20/2025 16:35,SCH - PJ - NY,23316,776.7,2000,-1050
07/20/2025 16:35,SCH - PJM_HTP,325905,660,660,-660
07/20/2025 16:35,SCH - PJM_NEPTUNE,325305,660,660,-660
07/20/2025 16:35,SCH - PJM_VFT,325658,315,315,-315
07/20/2025 16:35,SPR/DUN-SOUTH,23320,2460.89,4600,-9999
07/20/2025 16:35,TOTAL EAST,23314,3202.19,7550,-9999
07/20/2025 16:35,UPNY CONED,23315,4447.6,7030,-9999
07/20/2025 16:35,WEST CENTRAL,23312,387.89,9999,-9999
07/20/2025 16:40,CENTRAL EAST - VC,23330,2122.87,3210,-9999
07/20/2025 16:40,DYSINGER EAST,23326,1044.93,3200,-9999
07/20/2025 16:40,MOSES SOUTH,23319,613.64,3150,-1600
07/20/2025 16:40,SCH - HQ - NY,23324,191,1500,-980
07/20/2025 16:40,SCH - HQ_CEDARS,325274,0,270,-40
07/20/2025 16:40,SCH - HQ_IMPORT_EXPORT,325376,191,1310,-9999
07/20/2025 16:40,SCH - NE - NY,23318,-810.49,1400,-1600
07/20/2025 16:40,SCH - NPX_1385,325277,-125,125,-125
07/20/2025 16:40,SCH - NPX_CSC,325154,330,330,-330
07/20/2025 16:40,SCH - OH - NY,23317,367.96,2000,-1600
07/20/2025 16:40,SCH - PJ - NY,23316,776.31,2000,-1050
07/20/2025 16:40,SCH - PJM_HTP,325905,660,660,-660
07/20/2025 16:40,SCH - PJM_NEPTUNE,325305,660,660,-660
07/20/2025 16:40,SCH - PJM_VFT,325658,315,315,-315
07/20/2025 16:40,SPR/DUN-SOUTH,23320,2471.05,4600,-9999
07/20/2025 16:40,TOTAL EAST,23314,3238.62,7550,-9999
07/20/2025 16:40,UPNY CONED,23315,4477.67,7030,-9999
07/20/2025 16:40,WEST CENTRAL,23312,376.26,9999,-9999
07/20/2025 16:45,CENTRAL EAST - VC,23330,2152.35,3210,-9999
07/20/2025 16:45,DYSINGER EAST,23326,1063.8,3200,-9999
07/20/2025 16:45,MOSES SOUTH,23319,611.52,3150,-1600
07/20/2025 16:45,SCH - HQ - NY,23324,191,1500,-980
07/20/2025 16:45,SCH - HQ_CEDARS,325274,0,270,-40
07/20/2025 16:45,SCH - HQ_IMPORT_EXPORT,325376,191,1310,-9999
07/20/2025 16:45,SCH - NE - NY,23318,-903.03,1400,-1600
07/20/2025 16:45,SCH - NPX_1385,325277,-125,125,-125
07/20/2025 16:45,SCH - NPX_CSC,325154,330,330,-330
07/20/2025 16:45,SCH - OH - NY,23317,367.94,2000,-1600
07/20/2025 16:45,SCH - PJ - NY,23316,784.55,2000,-1050
07/20/2025 16:45,SCH - PJM_HTP,325905,660,660,-660
07/20/2025 16:45,SCH - PJM_NEPTUNE,325305,660,660,-660
07/20/2025 16:45,SCH - PJM_VFT,325658,315,315,-315
07/20/2025 16:45,SPR/DUN-SOUTH,23320,2458.46,4600,-9999
07/20/2025 16:45,TOTAL EAST,23314,3324.8,7550,-9999
07/20/2025 16:45,UPNY CONED,23315,4477.83,7030,-9999
07/20/2025 16:45,WEST CENTRAL,23312,389.01,9999,-9999
07/20/2025 16:50,CENTRAL EAST - VC,23330,2141.49,3210,-9999
07/20/2025 16:50,DYSINGER EAST,23326,1137.95,3200,-9999
07/20/2025 16:50,MOSES SOUTH,23319,625.24,3150,-1600
07/20/2025 16:50,SCH - HQ - NY,23324,191,1500,-980
07/20/2025 16:50,SCH - HQ_CEDARS,325274,0,270,-40
07/20/2025 16:50,SCH - HQ_IMPORT_EXPORT,325376,191,1310,-9999
07/20/2025 16:50,SCH - NE - NY,23318,-996.47,1400,-1600
07/20/2025 16:50,SCH - NPX_1385,325277,-125,125,-125
07/20/2025 16:50,SCH - NPX_CSC,325154,330,330,-330
07/20/2025 16:50,SCH - OH - NY,23317,367.94,2000,-1600
07/20/2025 16:50,SCH - PJ - NY,23316,801.08,2000,-1050
07/20/2025 16:50,SCH - PJM_HTP,325905,660,660,-660
07/20/2025 16:50,SCH - PJM_NEPTUNE,325305,660,660,-660
07/20/2025 16:50,SCH - PJM_VFT,325658,315,315,-315
07/20/2025 16:50,SPR/DUN-SOUTH,23320,2380.14,4600,-9999
07/20/2025 16:50,TOTAL EAST,23314,3344.64,7550,-9999
07/20/2025 16:50,UPNY CONED,23315,4394.2,7030,-9999
07/20/2025 16:50,WEST CENTRAL,23312,474.94,9999,-9999
07/20/2025 16:55,CENTRAL EAST - VC,23330,2126.13,3210,-9999
07/20/2025 16:55,DYSINGER EAST,23326,1134.53,3200,-9999
07/20/2025 16:55,MOSES SOUTH,23319,630.56,3150,-1600
07/20/2025 16:55,SCH - HQ - NY,23324,191,1500,-980
07/20/2025 16:55,SCH - HQ_CEDARS,325274,0,270,-40
07/20/2025 16:55,SCH - HQ_IMPORT_EXPORT,325376,191,1310,-9999
07/20/2025 16:55,SCH - NE - NY,23318,-996.52,1400,-1600
07/20/2025 16:55,SCH - NPX_1385,325277,-125,125,-125
07/20/2025 16:55,SCH - NPX_CSC,325154,330,330,-330
07/20/2025 16:55,SCH - OH - NY,23317,367.94,2000,-1600
07/20/2025 16:55,SCH - PJ - NY,23316,803.43,2000,-1050
07/20/2025 16:55,SCH - PJM_HTP,325905,660,660,-660
07/20/2025 16:55,SCH - PJM_NEPTUNE,325305,660,660,-660
07/20/2025 16:55,SCH - PJM_VFT,325658,315,315,-315
07/20/2025 16:55,SPR/DUN-SOUTH,23320,2359.8,4600,-9999
07/20/2025 16:55,TOTAL EAST,23314,3303.13,7550,-9999
07/20/2025 16:55,UPNY CONED,23315,4351.24,7030,-9999
07/20/2025 16:55,WEST CENTRAL,23312,455.01,9999,-9999
07/20/2025 17:00,CENTRAL EAST - VC,23330,2117.67,3210,-9999
07/20/2025 17:00,DYSINGER EAST,23326,1168.7,3200,-9999
07/20/2025 17:00,MOSES SOUTH,23319,576.79,3150,-1600
07/20/2025 17:00,SCH - HQ - NY,23324,140,1500,-980
07/20/2025 17:00,SCH - HQ_CEDARS,325274,0,270,-40
07/20/2025 17:00,SCH - HQ_IMPORT_EXPORT,325376,140,1310,-9999
07/20/2025 17:00,SCH - NE - NY,23318,-1063.43,1400,-1600
07/20/2025 17:00,SCH - NPX_1385,325277,-104,125,-125
07/20/2025 17:00,SCH - NPX_CSC,325154,330,330,-330
07/20/2025 17:00,SCH - OH - NY,23317,385.93,2000,-1600
07/20/2025 17:00,SCH - PJ - NY,23316,881.02,2000,-1050
07/20/2025 17:00,SCH - PJM_HTP,325905,660,660,-660
07/20/2025 17:00,SCH - PJM_NEPTUNE,325305,660,660,-660
07/20/2025 17:00,SCH - PJM_VFT,325658,315,315,-315
07/20/2025 17:00,SPR/DUN-SOUTH,23320,2366.1,4600,-9999
07/20/2025 17:00,TOTAL EAST,23314,3330.09,7550,-9999
07/20/2025 17:00,UPNY CONED,23315,4354.69,7030,-9999
07/20/2025 17:00,WEST CENTRAL,23312,482.48,9999,-9999
07/20/2025 17:05,CENTRAL EAST - VC,23330,2106.26,3210,-9999
07/20/2025 17:05,DYSINGER EAST,23326,1354.03,3200,-9999
07/20/2025 17:05,MOSES SOUTH,23319,545.28,3150,-1600
07/20/2025 17:05,SCH - HQ - NY,23324,89,1500,-980
07/20/2025 17:05,SCH - HQ_CEDARS,325274,0,270,-40
07/20/2025 17:05,SCH - HQ_IMPORT_EXPORT,325376,89,1310,-9999
07/20/2025 17:05,SCH - NE - NY,23318,-1130.7,1400,-1600
07/20/2025 17:05,SCH - NPX_1385,325277,-83,125,-125
07/20/2025 17:05,SCH - NPX_CSC,325154,330,330,-330
07/20/2025 17:05,SCH - OH - NY,23317,404.95,2000,-1600
07/20/2025 17:05,SCH - PJ - NY,23316,955.58,2000,-1050
07/20/2025 17:05,SCH - PJM_HTP,325905,660,660,-660
07/20/2025 17:05,SCH - PJM_NEPTUNE,325305,660,660,-660
07/20/2025 17:05,SCH - PJM_VFT,325658,315,315,-315
07/20/2025 17:05,SPR/DUN-SOUTH,23320,2359.86,4600,-9999
07/20/2025 17:05,TOTAL EAST,23314,3296.89,7550,-9999
07/20/2025 17:05,UPNY CONED,23315,4306.13,7030,-9999
07/20/2025 17:05,WEST CENTRAL,23312,652.39,9999,-9999
07/20/2025 17:10,CENTRAL EAST - VC,23330,2123.68,3210,-9999
07/20/2025 17:10,DYSINGER EAST,23326,1369.89,3200,-9999
07/20/2025 17:10,MOSES SOUTH,23319,575.81,3150,-1600
07/20/2025 17:10,SCH - HQ - NY,23324,89,1500,-980
07/20/2025 17:10,SCH - HQ_CEDARS,325274,0,270,-40
07/20/2025 17:10,SCH - HQ_IMPORT_EXPORT,325376,89,1310,-9999
07/20/2025 17:10,SCH - NE - NY,23318,-1134.2,1400,-1600
07/20/2025 17:10,SCH - NPX_1385,325277,-83,125,-125
07/20/2025 17:10,SCH - NPX_CSC,325154,330,330,-330
07/20/2025 17:10,SCH - OH - NY,23317,404.92,2000,-1600
07/20/2025 17:10,SCH - PJ - NY,23316,956.89,2000,-1050
07/20/2025 17:10,SCH - PJM_HTP,325905,660,660,-660
07/20/2025 17:10,SCH - PJM_NEPTUNE,325305,660,660,-660
07/20/2025 17:10,SCH - PJM_VFT,325658,315,315,-315
07/20/2025 17:10,SPR/DUN-SOUTH,23320,2359.13,4600,-9999
07/20/2025 17:10,TOTAL EAST,23314,3298.11,7550,-9999
07/20/2025 17:10,UPNY CONED,23315,4301.54,7030,-9999
07/20/2025 17:10,WEST CENTRAL,23312,669.15,9999,-9999
07/20/2025 17:15,CENTRAL EAST - VC,23330,2110.31,3210,-9999
07/20/2025 17:15,DYSINGER EAST,23326,1295.92,3200,-9999
07/20/2025 17:15,MOSES SOUTH,23319,585.01,3150,-1600
07/20/2025 17:15,SCH - HQ - NY,23324,89,1500,-980
07/20/2025 17:15,SCH - HQ_CEDARS,325274,0,270,-40
07/20/2025 17:15,SCH - HQ_IMPORT_EXPORT,325376,89,1310,-9999
07/20/2025 17:15,SCH - NE - NY,23318,-1022.31,1400,-1600
07/20/2025 17:15,SCH - NPX_1385,325277,-83,125,-125
07/20/2025 17:15,SCH - NPX_CSC,325154,330,330,-330
07/20/2025 17:15,SCH - OH - NY,23317,404.92,2000,-1600
07/20/2025 17:15,SCH - PJ - NY,23316,930.64,2000,-1050
07/20/2025 17:15,SCH - PJM_HTP,325905,660,660,-660
07/20/2025 17:15,SCH - PJM_NEPTUNE,325305,660,660,-660
07/20/2025 17:15,SCH - PJM_VFT,325658,315,315,-315
07/20/2025 17:15,SPR/DUN-SOUTH,23320,2371.63,4600,-9999
07/20/2025 17:15,TOTAL EAST,23314,3226.19,7550,-9999
07/20/2025 17:15,UPNY CONED,23315,4326.07,7030,-9999
07/20/2025 17:15,WEST CENTRAL,23312,587.91,9999,-9999
07/20/2025 17:20,CENTRAL EAST - VC,23330,2038.89,3210,-9999
07/20/2025 17:20,DYSINGER EAST,23326,1234.9,3200,-9999
07/20/2025 17:20,MOSES SOUTH,23319,586,3150,-1600
07/20/2025 17:20,SCH - HQ - NY,23324,89,1500,-980
07/20/2025 17:20,SCH - HQ_CEDARS,325274,0,270,-40
07/20/2025 17:20,SCH - HQ_IMPORT_EXPORT,325376,89,1310,-9999
07/20/2025 17:20,SCH - NE - NY,23318,-916.61,1400,-1600
07/20/2025 17:20,SCH - NPX_1385,325277,-83,125,-125
07/20/2025 17:20,SCH - NPX_CSC,325154,330,330,-330
07/20/2025 17:20,SCH - OH - NY,23317,409.85,2000,-1600
07/20/2025 17:20,SCH - PJ - NY,23316,900.39,2000,-1050
07/20/2025 17:20,SCH - PJM_HTP,325905,660,660,-660
07/20/2025 17:20,SCH - PJM_NEPTUNE,325305,660,660,-660
07/20/2025 17:20,SCH - PJM_VFT,325658,315,315,-315
07/20/2025 17:20,SPR/DUN-SOUTH,23320,2388.53,4600,-9999
07/20/2025 17:20,TOTAL EAST,23314,3181.03,7550,-9999
07/20/2025 17:20,UPNY CONED,23315,4346.35,7030,-9999
07/20/2025 17:20,WEST CENTRAL,23312,520.95,9999,-9999
07/20/2025 17:25,CENTRAL EAST - VC,23330,2038.91,3210,-9999
07/20/2025 17:25,DYSINGER EAST,23326,1146.22,3200,-9999
07/20/2025 17:25,MOSES SOUTH,23319,660.52,3150,-1600
07/20/2025 17:25,SCH - HQ - NY,23324,89,1500,-980
07/20/2025 17:25,SCH - HQ_CEDARS,325274,0,270,-40
07/20/2025 17:25,SCH - HQ_IMPORT_EXPORT,325376,89,1310,-9999
07/20/2025 17:25,SCH - NE - NY,23318,-916.71,1400,-1600
07/20/2025 17:25,SCH - NPX_1385,325277,-83,125,-125
07/20/2025 17:25,SCH - NPX_CSC,325154,330,330,-330
07/20/2025 17:25,SCH - OH - NY,23317,407.84,2000,-1600
07/20/2025 17:25,SCH - PJ - NY,23316,901.61,2000,-1050
07/20/2025 17:25,SCH - PJM_HTP,325905,660,660,-660
07/20/2025 17:25,SCH - PJM_NEPTUNE,325305,660,660,-660
07/20/2025 17:25,SCH - PJM_VFT,325658,315,315,-315
07/20/2025 17:25,SPR/DUN-SOUTH,23320,2370.8,4600,-9999
07/20/2025 17:25,TOTAL EAST,23314,3214.21,7550,-9999
07/20/2025 17:25,UPNY CONED,23315,4351.24,7030,-9999
07/20/2025 17:25,WEST CENTRAL,23312,429.63,9999,-9999
07/20/2025 17:30,CENTRAL EAST - VC,23330,2025.11,3210,-9999
07/20/2025 17:30,DYSINGER EAST,23326,1133.03,3200,-9999
07/20/2025 17:30,MOSES SOUTH,23319,692.86,3150,-1600
07/20/2025 17:30,SCH - HQ - NY,23324,89,1500,-980
07/20/2025 17:30,SCH - HQ_CEDARS,325274,0,270,-40
07/20/2025 17:30,SCH - HQ_IMPORT_EXPORT,325376,89,1310,-9999
07/20/2025 17:30,SCH - NE - NY,23318,-901.97,1400,-1600
07/20/2025 17:30,SCH - NPX_1385,325277,-83,125,-125
07/20/2025 17:30,SCH - NPX_CSC,325154,330,330,-330
07/20/2025 17:30,SCH - OH - NY,23317,408.64,2000,-1600
07/20/2025 17:30,SCH - PJ - NY,23316,897.21,2000,-1050
07/20/2025 17:30,SCH - PJM_HTP,325905,660,660,-660
07/20/2025 17:30,SCH - PJM_NEPTUNE,325305,660,660,-660
07/20/2025 17:30,SCH - PJM_VFT,325658,315,315,-315
07/20/2025 17:30,SPR/DUN-SOUTH,23320,2347.95,4600,-9999
07/20/2025 17:30,TOTAL EAST,23314,3249.28,7550,-9999
07/20/2025 17:30,UPNY CONED,23315,4341.69,7030,-9999
07/20/2025 17:30,WEST CENTRAL,23312,411.8,9999,-9999
07/20/2025 17:35,CENTRAL EAST - VC,23330,2061.48,3210,-9999
07/20/2025 17:35,DYSINGER EAST,23326,1247.55,3200,-9999
07/20/2025 17:35,MOSES SOUTH,23319,674.83,3150,-1600
07/20/2025 17:35,SCH - HQ - NY,23324,89,1500,-980
07/20/2025 17:35,SCH - HQ_CEDARS,325274,0,270,-40
07/20/2025 17:35,SCH - HQ_IMPORT_EXPORT,325376,89,1310,-9999
07/20/2025 17:35,SCH - NE - NY,23318,-887.09,1400,-1600
07/20/2025 17:35,SCH - NPX_1385,325277,-83,125,-125
07/20/2025 17:35,SCH - NPX_CSC,325154,330,330,-330
07/20/2025 17:35,SCH - OH - NY,23317,409.6,2000,-1600
07/20/2025 17:35,SCH - PJ - NY,23316,893.32,2000,-1050
07/20/2025 17:35,SCH - PJM_HTP,325905,660,660,-660
07/20/2025 17:35,SCH - PJM_NEPTUNE,325305,660,660,-660
07/20/2025 17:35,SCH - PJM_VFT,325658,315,315,-315
07/20/2025 17:35,SPR/DUN-SOUTH,23320,2370.55,4600,-9999
07/20/2025 17:35,TOTAL EAST,23314,3277.97,7550,-9999
07/20/2025 17:35,UPNY CONED,23315,4385.5,7030,-9999
07/20/2025 17:35,WEST CENTRAL,23312,511.58,9999,-9999
07/20/2025 17:40,CENTRAL EAST - VC,23330,2019.27,3210,-9999
07/20/2025 17:40,DYSINGER EAST,23326,1228.29,3200,-9999
07/20/2025 17:40,MOSES SOUTH,23319,670.45,3150,-1600
07/20/2025 17:40,SCH - HQ - NY,23324,89,1500,-980
07/20/2025 17:40,SCH - HQ_CEDARS,325274,0,270,-40
07/20/2025 17:40,SCH - HQ_IMPORT_EXPORT,325376,89,1310,-9999
07/20/2025 17:40,SCH - NE - NY,23318,-886.92,1400,-1600
07/20/2025 17:40,SCH - NPX_1385,325277,-83,125,-125
07/20/2025 17:40,SCH - NPX_CSC,325154,330,330,-330
07/20/2025 17:40,SCH - OH - NY,23317,405.3,2000,-1600
07/20/2025 17:40,SCH - PJ - NY,23316,897.44,2000,-1050
07/20/2025 17:40,SCH - PJM_HTP,325905,660,660,-660
07/20/2025 17:40,SCH - PJM_NEPTUNE,325305,660,660,-660
07/20/2025 17:40,SCH - PJM_VFT,325658,315,315,-315
07/20/2025 17:40,SPR/DUN-SOUTH,23320,2345.98,4600,-9999
07/20/2025 17:40,TOTAL EAST,23314,3263.86,7550,-9999
07/20/2025 17:40,UPNY CONED,23315,4343.66,7030,-9999
07/20/2025 17:40,WEST CENTRAL,23312,480.46,9999,-9999
07/20/2025 17:45,CENTRAL EAST - VC,23330,2011.57,3210,-9999
07/20/2025 17:45,DYSINGER EAST,23326,1137.76,3200,-9999
07/20/2025 17:45,MOSES SOUTH,23319,671.66,3150,-1600
07/20/2025 17:45,SCH - HQ - NY,23324,89,1500,-980
07/20/2025 17:45,SCH - HQ_CEDARS,325274,0,270,-40
07/20/2025 17:45,SCH - HQ_IMPORT_EXPORT,325376,89,1310,-9999
07/20/2025 17:45,SCH - NE - NY,23318,-1035.92,1400,-1600
07/20/2025 17:45,SCH - NPX_1385,325277,-83,125,-125
07/20/2025 17:45,SCH - NPX_CSC,325154,330,330,-330
07/20/2025 17:45,SCH - OH - NY,23317,408.1,2000,-1600
07/20/2025 17:45,SCH - PJ - NY,23316,1121.41,2000,-1050
07/20/2025 17:45,SCH - PJM_HTP,325905,660,660,-660
07/20/2025 17:45,SCH - PJM_NEPTUNE,325305,660,660,-660
07/20/2025 17:45,SCH - PJM_VFT,325658,315,315,-315
07/20/2025 17:45,SPR/DUN-SOUTH,23320,2330.68,4600,-9999
07/20/2025 17:45,TOTAL EAST,23314,3359.21,7550,-9999
07/20/2025 17:45,UPNY CONED,23315,4304.65,7030,-9999
07/20/2025 17:45,WEST CENTRAL,23312,395.24,9999,-9999
07/20/2025 17:50,CENTRAL EAST - VC,23330,2099.63,3210,-9999
07/20/2025 17:50,DYSINGER EAST,23326,1186.98,3200,-9999
07/20/2025 17:50,MOSES SOUTH,23319,673.25,3150,-1600
07/20/2025 17:50,SCH - HQ - NY,23324,89,1500,-980
07/20/2025 17:50,SCH - HQ_CEDARS,325274,0,270,-40
07/20/2025 17:50,SCH - HQ_IMPORT_EXPORT,325376,89,1310,-9999
07/20/2025 17:50,SCH - NE - NY,23318,-1190.2,1400,-1600
07/20/2025 17:50,SCH - NPX_1385,325277,-83,125,-125
07/20/2025 17:50,SCH - NPX_CSC,325154,330,330,-330
07/20/2025 17:50,SCH - OH - NY,23317,404.94,2000,-1600
07/20/2025 17:50,SCH - PJ - NY,23316,1354.81,2000,-1050
07/20/2025 17:50,SCH - PJM_HTP,325905,660,660,-660
07/20/2025 17:50,SCH - PJM_NEPTUNE,325305,660,660,-660
07/20/2025 17:50,SCH - PJM_VFT,325658,315,315,-315
07/20/2025 17:50,SPR/DUN-SOUTH,23320,2318.2,4600,-9999
07/20/2025 17:50,TOTAL EAST,23314,3554.58,7550,-9999
07/20/2025 17:50,UPNY CONED,23315,4290.41,7030,-9999
07/20/2025 17:50,WEST CENTRAL,23312,432.82,9999,-9999
07/20/2025 17:55,CENTRAL EAST - VC,23330,2140.95,3210,-9999
07/20/2025 17:55,DYSINGER EAST,23326,1281.53,3200,-9999
07/20/2025 17:55,MOSES SOUTH,23319,657.6,3150,-1600
07/20/2025 17:55,SCH - HQ - NY,23324,89,1500,-980
07/20/2025 17:55,SCH - HQ_CEDARS,325274,0,270,-40
07/20/2025 17:55,SCH - HQ_IMPORT_EXPORT,325376,89,1310,-9999
07/20/2025 17:55,SCH - NE - NY,23318,-1190.09,1400,-1600
07/20/2025 17:55,SCH - NPX_1385,325277,-83,125,-125
07/20/2025 17:55,SCH - NPX_CSC,325154,330,330,-330
07/20/2025 17:55,SCH - OH - NY,23317,404.94,2000,-1600
07/20/2025 17:55,SCH - PJ - NY,23316,1358.83,2000,-1050
07/20/2025 17:55,SCH - PJM_HTP,325905,660,660,-660
07/20/2025 17:55,SCH - PJM_NEPTUNE,325305,660,660,-660
07/20/2025 17:55,SCH - PJM_VFT,325658,315,315,-315
07/20/2025 17:55,SPR/DUN-SOUTH,23320,2330.09,4600,-9999
07/20/2025 17:55,TOTAL EAST,23314,3577.55,7550,-9999
07/20/2025 17:55,UPNY CONED,23315,4347.8,7030,-9999
07/20/2025 17:55,WEST CENTRAL,23312,527.38,9999,-9999
07/20/2025 18:00,CENTRAL EAST - VC,23330,2220.42,3210,-9999
07/20/2025 18:00,DYSINGER EAST,23326,1411.68,3200,-9999
07/20/2025 18:00,MOSES SOUTH,23319,703.8,3150,-1600
07/20/2025 18:00,SCH - HQ - NY,23324,110,1500,-980
07/20/2025 18:00,SCH - HQ_CEDARS,325274,0,270,-40
07/20/2025 18:00,SCH - HQ_IMPORT_EXPORT,325376,110,1310,-9999
07/20/2025 18:00,SCH - NE - NY,23318,-1257.17,1400,-1600
07/20/2025 18:00,SCH - NPX_1385,325277,-90,125,-125
07/20/2025 18:00,SCH - NPX_CSC,325154,330,330,-330
07/20/2025 18:00,SCH - OH - NY,23317,419.94,2000,-1600
07/20/2025 18:00,SCH - PJ - NY,23316,1406.9,2000,-1050
07/20/2025 18:00,SCH - PJM_HTP,325905,660,660,-660
07/20/2025 18:00,SCH - PJM_NEPTUNE,325305,660,660,-660
07/20/2025 18:00,SCH - PJM_VFT,325658,315,315,-315
07/20/2025 18:00,SPR/DUN-SOUTH,23320,2303.7,4600,-9999
07/20/2025 18:00,TOTAL EAST,23314,3633.23,7550,-9999
07/20/2025 18:00,UPNY CONED,23315,4325.46,7030,-9999
07/20/2025 18:00,WEST CENTRAL,23312,651.83,9999,-9999
07/20/2025 18:05,CENTRAL EAST - VC,23330,2192.08,3210,-9999
07/20/2025 18:05,DYSINGER EAST,23326,1346.95,3200,-9999
07/20/2025 18:05,MOSES SOUTH,23319,721.7,3150,-1600
07/20/2025 18:05,SCH - HQ - NY,23324,129,1500,-980
07/20/2025 18:05,SCH - HQ_CEDARS,325274,0,270,-40
07/20/2025 18:05,SCH - HQ_IMPORT_EXPORT,325376,129,1310,-9999
07/20/2025 18:05,SCH - NE - NY,23318,-1325.2,1400,-1600
07/20/2025 18:05,SCH - NPX_1385,325277,-99,125,-125
07/20/2025 18:05,SCH - NPX_CSC,325154,330,330,-330
07/20/2025 18:05,SCH - OH - NY,23317,439.37,2000,-1600
07/20/2025 18:05,SCH - PJ - NY,23316,1455.57,2000,-1050
07/20/2025 18:05,SCH - PJM_HTP,325905,660,660,-660
07/20/2025 18:05,SCH - PJM_NEPTUNE,325305,660,660,-660
07/20/2025 18:05,SCH - PJM_VFT,325658,315,315,-315
07/20/2025 18:05,SPR/DUN-SOUTH,23320,2245.26,4600,-9999
07/20/2025 18:05,TOTAL EAST,23314,3710.27,7550,-9999
07/20/2025 18:05,UPNY CONED,23315,4268.23,7030,-9999
07/20/2025 18:05,WEST CENTRAL,23312,589.91,9999,-9999
07/20/2025 18:10,CENTRAL EAST - VC,23330,2161.54,3210,-9999
07/20/2025 18:10,DYSINGER EAST,23326,1307.64,3200,-9999
07/20/2025 18:10,MOSES SOUTH,23319,726.17,3150,-1600
07/20/2025 18:10,SCH - HQ - NY,23324,129,1500,-980
07/20/2025 18:10,SCH - HQ_CEDARS,325274,0,270,-40
07/20/2025 18:10,SCH - HQ_IMPORT_EXPORT,325376,129,1310,-9999
07/20/2025 18:10,SCH - NE - NY,23318,-1325.28,1400,-1600
07/20/2025 18:10,SCH - NPX_1385,325277,-98,125,-125
07/20/2025 18:10,SCH - NPX_CSC,325154,330,330,-330
07/20/2025 18:10,SCH - OH - NY,23317,438.31,2000,-1600
07/20/2025 18:10,SCH - PJ - NY,23316,1457.6,2000,-1050
07/20/2025 18:10,SCH - PJM_HTP,325905,660,660,-660
07/20/2025 18:10,SCH - PJM_NEPTUNE,325305,660,660,-660
07/20/2025 18:10,SCH - PJM_VFT,325658,315,315,-315
07/20/2025 18:10,SPR/DUN-SOUTH,23320,2220.28,4600,-9999
07/20/2025 18:10,TOTAL EAST,23314,3722.51,7550,-9999
07/20/2025 18:10,UPNY CONED,23315,4230.75,7030,-9999
07/20/2025 18:10,WEST CENTRAL,23312,555.06,9999,-9999
07/20/2025 18:15,CENTRAL EAST - VC,23330,2240.14,3210,-9999
07/20/2025 18:15,DYSINGER EAST,23326,1356.17,3200,-9999
07/20/2025 18:15,MOSES SOUTH,23319,758.6,3150,-1600
07/20/2025 18:15,SCH - HQ - NY,23324,129,1500,-980
07/20/2025 18:15,SCH - HQ_CEDARS,325274,0,270,-40
07/20/2025 18:15,SCH - HQ_IMPORT_EXPORT,325376,129,1310,-9999
07/20/2025 18:15,SCH - NE - NY,23318,-1311.27,1400,-1600
07/20/2025 18:15,SCH - NPX_1385,325277,-98,125,-125
07/20/2025 18:15,SCH - NPX_CSC,325154,330,330,-330
07/20/2025 18:15,SCH - OH - NY,23317,434.91,2000,-1600
07/20/2025 18:15,SCH - PJ - NY,23316,1457.93,2000,-1050
07/20/2025 18:15,SCH - PJM_HTP,325905,660,660,-660
07/20/2025 18:15,SCH - PJM_NEPTUNE,325305,660,660,-660
07/20/2025 18:15,SCH - PJM_VFT,325658,315,315,-315
07/20/2025 18:15,SPR/DUN-SOUTH,23320,2276.42,4600,-9999
07/20/2025 18:15,TOTAL EAST,23314,3775.17,7550,-9999
07/20/2025 18:15,UPNY CONED,23315,4272.16,7030,-9999
07/20/2025 18:15,WEST CENTRAL,23312,592.21,9999,-9999
07/20/2025 18:20,CENTRAL EAST - VC,23330,2205.34,3210,-9999
07/20/2025 18:20,DYSINGER EAST,23326,1352.1,3200,-9999
07/20/2025 18:20,MOSES SOUTH,23319,771.2,3150,-1600
07/20/2025 18:20,SCH - HQ - NY,23324,129,1500,-980
07/20/2025 18:20,SCH - HQ_CEDARS,325274,0,270,-40
07/20/2025 18:20,SCH - HQ_IMPORT_EXPORT,325376,129,1310,-9999
07/20/2025 18:20,SCH - NE - NY,23318,-1298.24,1400,-1600
07/20/2025 18:20,SCH - NPX_1385,325277,-98,125,-125
07/20/2025 18:20,SCH - NPX_CSC,325154,330,330,-330
07/20/2025 18:20,SCH - OH - NY,23317,438.8,2000,-1600
07/20/2025 18:20,SCH - PJ - NY,23316,1455,2000,-1050
07/20/2025 18:20,SCH - PJM_HTP,325905,660,660,-660
07/20/2025 18:20,SCH - PJM_NEPTUNE,325305,660,660,-660
07/20/2025 18:20,SCH - PJM_VFT,325658,315,315,-315
07/20/2025 18:20,SPR/DUN-SOUTH,23320,2263.08,4600,-9999
07/20/2025 18:20,TOTAL EAST,23314,3773.96,7550,-9999
07/20/2025 18:20,UPNY CONED,23315,4264.83,7030,-9999
07/20/2025 18:20,WEST CENTRAL,23312,585.7,9999,-9999
07/20/2025 18:25,CENTRAL EAST - VC,23330,2177.95,3210,-9999
07/20/2025 18:25,DYSINGER EAST,23326,1358.96,3200,-9999
07/20/2025 18:25,MOSES SOUTH,23319,754.72,3150,-1600
07/20/2025 18:25,SCH - HQ - NY,23324,129,1500,-980
07/20/2025 18:25,SCH - HQ_CEDARS,325274,0,270,-40
07/20/2025 18:25,SCH - HQ_IMPORT_EXPORT,325376,129,1310,-9999
07/20/2025 18:25,SCH - NE - NY,23318,-1298.21,1400,-1600
07/20/2025 18:25,SCH - NPX_1385,325277,-98,125,-125
07/20/2025 18:25,SCH - NPX_CSC,325154,330,330,-330
07/20/2025 18:25,SCH - OH - NY,23317,439.63,2000,-1600
07/20/2025 18:25,SCH - PJ - NY,23316,1454.05,2000,-1050
07/20/2025 18:25,SCH - PJM_HTP,325905,660,660,-660
07/20/2025 18:25,SCH - PJM_NEPTUNE,325305,660,660,-660
07/20/2025 18:25,SCH - PJM_VFT,325658,315,315,-315
07/20/2025 18:25,SPR/DUN-SOUTH,23320,2229.19,4600,-9999
07/20/2025 18:25,TOTAL EAST,23314,3788.1,7550,-9999
07/20/2025 18:25,UPNY CONED,23315,4246.19,7030,-9999
07/20/2025 18:25,WEST CENTRAL,23312,601.97,9999,-9999
07/20/2025 18:30,CENTRAL EAST - VC,23330,2083.95,3210,-9999
07/20/2025 18:30,DYSINGER EAST,23326,1252.68,3200,-9999
07/20/2025 18:30,MOSES SOUTH,23319,745.16,3150,-1600
07/20/2025 18:30,SCH - HQ - NY,23324,129,1500,-980
07/20/2025 18:30,SCH - HQ_CEDARS,325274,0,270,-40
07/20/2025 18:30,SCH - HQ_IMPORT_EXPORT,325376,129,1310,-9999
07/20/2025 18:30,SCH - NE - NY,23318,-1148.1,1400,-1600
07/20/2025 18:30,SCH - NPX_1385,325277,-98,125,-125
07/20/2025 18:30,SCH - NPX_CSC,325154,330,330,-330
07/20/2025 18:30,SCH - OH - NY,23317,434.08,2000,-1600
07/20/2025 18:30,SCH - PJ - NY,23316,1285.56,2000,-1050
07/20/2025 18:30,SCH - PJM_HTP,325905,660,660,-660
07/20/2025 18:30,SCH - PJM_NEPTUNE,325305,660,660,-660
07/20/2025 18:30,SCH - PJM_VFT,325658,315,315,-315
07/20/2025 18:30,SPR/DUN-SOUTH,23320,2224.84,4600,-9999
07/20/2025 18:30,TOTAL EAST,23314,3580.33,7550,-9999
07/20/2025 18:30,UPNY CONED,23315,4213.29,7030,-9999
07/20/2025 18:30,WEST CENTRAL,23312,502.09,9999,-9999
07/20/2025 18:35,CENTRAL EAST - VC,23330,2006.44,3210,-9999
07/20/2025 18:35,DYSINGER EAST,23326,1217.61,3200,-9999
07/20/2025 18:35,MOSES SOUTH,23319,751.99,3150,-1600
07/20/2025 18:35,SCH - HQ - NY,23324,129,1500,-980
07/20/2025 18:35,SCH - HQ_CEDARS,325274,0,270,-40
07/20/2025 18:35,SCH - HQ_IMPORT_EXPORT,325376,129,1310,-9999
07/20/2025 18:35,SCH - NE - NY,23318,-993.22,1400,-1600
07/20/2025 18:35,SCH - NPX_1385,325277,-98,125,-125
07/20/2025 18:35,SCH - NPX_CSC,325154,330,330,-330
07/20/2025 18:35,SCH - OH - NY,23317,434.25,2000,-1600
07/20/2025 18:35,SCH - PJ - NY,23316,1109.31,2000,-1050
07/20/2025 18:35,SCH - PJM_HTP,325905,660,660,-660
07/20/2025 18:35,SCH - PJM_NEPTUNE,325305,660,660,-660
07/20/2025 18:35,SCH - PJM_VFT,325658,315,315,-315
07/20/2025 18:35,SPR/DUN-SOUTH,23320,2246.26,4600,-9999
07/20/2025 18:35,TOTAL EAST,23314,3387.61,7550,-9999
07/20/2025 18:35,UPNY CONED,23315,4197.74,7030,-9999
07/20/2025 18:35,WEST CENTRAL,23312,456.27,9999,-9999
07/20/2025 18:40,CENTRAL EAST - VC,23330,2017.56,3210,-9999
07/20/2025 18:40,DYSINGER EAST,23326,1255.9,3200,-9999
07/20/2025 18:40,MOSES SOUTH,23319,737.43,3150,-1600
07/20/2025 18:40,SCH - HQ - NY,23324,129,1500,-980
07/20/2025 18:40,SCH - HQ_CEDARS,325274,0,270,-40
07/20/2025 18:40,SCH - HQ_IMPORT_EXPORT,325376,129,1310,-9999
07/20/2025 18:40,SCH - NE - NY,23318,-998.17,1400,-1600
07/20/2025 18:40,SCH - NPX_1385,325277,-98,125,-125
07/20/2025 18:40,SCH - NPX_CSC,325154,330,330,-330
07/20/2025 18:40,SCH - OH - NY,23317,435.32,2000,-1600
07/20/2025 18:40,SCH - PJ - NY,23316,1117.4,2000,-1050
07/20/2025 18:40,SCH - PJM_HTP,325905,660,660,-660
07/20/2025 18:40,SCH - PJM_NEPTUNE,325305,660,660,-660
07/20/2025 18:40,SCH - PJM_VFT,325658,315,315,-315
07/20/2025 18:40,SPR/DUN-SOUTH,23320,2300.35,4600,-9999
07/20/2025 18:40,TOTAL EAST,23314,3364.13,7550,-9999
07/20/2025 18:40,UPNY CONED,23315,4201.75,7030,-9999
07/20/2025 18:40,WEST CENTRAL,23312,479.63,9999,-9999
07/20/2025 18:45,CENTRAL EAST - VC,23330,2016.69,3210,-9999
07/20/2025 18:45,DYSINGER EAST,23326,1254.31,3200,-9999
07/20/2025 18:45,MOSES SOUTH,23319,710.64,3150,-1600
07/20/2025 18:45,SCH - HQ - NY,23324,129,1500,-980
07/20/2025 18:45,SCH - HQ_CEDARS,325274,0,270,-40
07/20/2025 18:45,SCH - HQ_IMPORT_EXPORT,325376,129,1310,-9999
07/20/2025 18:45,SCH - NE - NY,23318,-1011.02,1400,-1600
07/20/2025 18:45,SCH - NPX_1385,325277,-98,125,-125
07/20/2025 18:45,SCH - NPX_CSC,325154,330,330,-330
07/20/2025 18:45,SCH - OH - NY,23317,433.99,2000,-1600
07/20/2025 18:45,SCH - PJ - NY,23316,1237.56,2000,-1050
07/20/2025 18:45,SCH - PJM_HTP,325905,660,660,-660
07/20/2025 18:45,SCH - PJM_NEPTUNE,325305,660,660,-660
07/20/2025 18:45,SCH - PJM_VFT,325658,315,315,-315
07/20/2025 18:45,SPR/DUN-SOUTH,23320,2317.12,4600,-9999
07/20/2025 18:45,TOTAL EAST,23314,3408.27,7550,-9999
07/20/2025 18:45,UPNY CONED,23315,4209.04,7030,-9999
07/20/2025 18:45,WEST CENTRAL,23312,473.34,9999,-9999
07/20/2025 18:50,CENTRAL EAST - VC,23330,2048.22,3210,-9999
07/20/2025 18:50,DYSINGER EAST,23326,1299.72,3200,-9999
07/20/2025 18:50,MOSES SOUTH,23319,715.72,3150,-1600
07/20/2025 18:50,SCH - HQ - NY,23324,129,1500,-980
07/20/2025 18:50,SCH - HQ_CEDARS,325274,0,270,-40
07/20/2025 18:50,SCH - HQ_IMPORT_EXPORT,325376,129,1310,-9999
07/20/2025 18:50,SCH - NE - NY,23318,-1024.01,1400,-1600
07/20/2025 18:50,SCH - NPX_1385,325277,-98,125,-125
07/20/2025 18:50,SCH - NPX_CSC,325154,330,330,-330
07/20/2025 18:50,SCH - OH - NY,23317,436.48,2000,-1600
07/20/2025 18:50,SCH - PJ - NY,23316,1354.05,2000,-1050
07/20/2025 18:50,SCH - PJM_HTP,325905,660,660,-660
07/20/2025 18:50,SCH - PJM_NEPTUNE,325305,660,660,-660
07/20/2025 18:50,SCH - PJM_VFT,325658,315,315,-315
07/20/2025 18:50,SPR/DUN-SOUTH,23320,2298.04,4600,-9999
07/20/2025 18:50,TOTAL EAST,23314,3440.77,7550,-9999
07/20/2025 18:50,UPNY CONED,23315,4219.44,7030,-9999
07/20/2025 18:50,WEST CENTRAL,23312,510.39,9999,-9999
07/20/2025 18:55,CENTRAL EAST - VC,23330,2067.03,3210,-9999
07/20/2025 18:55,DYSINGER EAST,23326,1306.89,3200,-9999
07/20/2025 18:55,MOSES SOUTH,23319,724.14,3150,-1600
07/20/2025 18:55,SCH - HQ - NY,23324,129,1500,-980
07/20/2025 18:55,SCH - HQ_CEDARS,325274,0,270,-40
07/20/2025 18:55,SCH - HQ_IMPORT_EXPORT,325376,129,1310,-9999
07/20/2025 18:55,SCH - NE - NY,23318,-1024.04,1400,-1600
07/20/2025 18:55,SCH - NPX_1385,325277,-98,125,-125
07/20/2025 18:55,SCH - NPX_CSC,325154,330,330,-330
07/20/2025 18:55,SCH - OH - NY,23317,436.37,2000,-1600
07/20/2025 18:55,SCH - PJ - NY,23316,1359.23,2000,-1050
07/20/2025 18:55,SCH - PJM_HTP,325905,660,660,-660
07/20/2025 18:55,SCH - PJM_NEPTUNE,325305,660,660,-660
07/20/2025 18:55,SCH - PJM_VFT,325658,315,315,-315
07/20/2025 18:55,SPR/DUN-SOUTH,23320,2275.72,4600,-9999
07/20/2025 18:55,TOTAL EAST,23314,3421.86,7550,-9999
07/20/2025 18:55,UPNY CONED,23315,4204.44,7030,-9999
07/20/2025 18:55,WEST CENTRAL,23312,510.09,9999,-9999
07/20/2025 19:00,CENTRAL EAST - VC,23330,2102.08,3210,-9999
07/20/2025 19:00,DYSINGER EAST,23326,1394.51,3200,-9999
07/20/2025 19:00,MOSES SOUTH,23319,720.33,3150,-1600
07/20/2025 19:00,SCH - HQ - NY,23324,129,1500,-980
07/20/2025 19:00,SCH - HQ_CEDARS,325274,0,270,-40
07/20/2025 19:00,SCH - HQ_IMPORT_EXPORT,325376,129,1310,-9999
07/20/2025 19:00,SCH - NE - NY,23318,-1034.07,1400,-1600
07/20/2025 19:00,SCH - NPX_1385,325277,-79,125,-125
07/20/2025 19:00,SCH - NPX_CSC,325154,330,330,-330
07/20/2025 19:00,SCH - OH - NY,23317,572.58,2000,-1600
07/20/2025 19:00,SCH - PJ - NY,23316,1313.03,2000,-1050
07/20/2025 19:00,SCH - PJM_HTP,325905,660,660,-660
07/20/2025 19:00,SCH - PJM_NEPTUNE,325305,660,660,-660
07/20/2025 19:00,SCH - PJM_VFT,325658,315,315,-315
07/20/2025 19:00,SPR/DUN-SOUTH,23320,2245.02,4600,-9999
07/20/2025 19:00,TOTAL EAST,23314,3434.37,7550,-9999
07/20/2025 19:00,UPNY CONED,23315,4204.24,7030,-9999
07/20/2025 19:00,WEST CENTRAL,23312,586.19,9999,-9999
07/20/2025 19:05,CENTRAL EAST - VC,23330,2092.22,3210,-9999
07/20/2025 19:05,DYSINGER EAST,23326,1488.35,3200,-9999
07/20/2025 19:05,MOSES SOUTH,23319,730.77,3150,-1600
07/20/2025 19:05,SCH - HQ - NY,23324,129,1500,-980
07/20/2025 19:05,SCH - HQ_CEDARS,325274,0,270,-40
07/20/2025 19:05,SCH - HQ_IMPORT_EXPORT,325376,129,1310,-9999
07/20/2025 19:05,SCH - NE - NY,23318,-1044.1,1400,-1600
07/20/2025 19:05,SCH - NPX_1385,325277,-60,125,-125
07/20/2025 19:05,SCH - NPX_CSC,325154,330,330,-330
07/20/2025 19:05,SCH - OH - NY,23317,709.74,2000,-1600
07/20/2025 19:05,SCH - PJ - NY,23316,1269.82,2000,-1050
07/20/2025 19:05,SCH - PJM_HTP,325905,660,660,-660
07/20/2025 19:05,SCH - PJM_NEPTUNE,325305,660,660,-660
07/20/2025 19:05,SCH - PJM_VFT,325658,315,315,-315
07/20/2025 19:05,SPR/DUN-SOUTH,23320,2254.16,4600,-9999
07/20/2025 19:05,TOTAL EAST,23314,3413.81,7550,-9999
07/20/2025 19:05,UPNY CONED,23315,4154.12,7030,-9999
07/20/2025 19:05,WEST CENTRAL,23312,673.86,9999,-9999
07/20/2025 19:10,CENTRAL EAST - VC,23330,2051.08,3210,-9999
07/20/2025 19:10,DYSINGER EAST,23326,1405.59,3200,-9999
07/20/2025 19:10,MOSES SOUTH,23319,735.33,3150,-1600
07/20/2025 19:10,SCH - HQ - NY,23324,129,1500,-980
07/20/2025 19:10,SCH - HQ_CEDARS,325274,0,270,-40
07/20/2025 19:10,SCH - HQ_IMPORT_EXPORT,325376,129,1310,-9999
07/20/2025 19:10,SCH - NE - NY,23318,-1044.11,1400,-1600
07/20/2025 19:10,SCH - NPX_1385,325277,-60,125,-125
07/20/2025 19:10,SCH - NPX_CSC,325154,330,330,-330
07/20/2025 19:10,SCH - OH - NY,23317,707.03,2000,-1600
07/20/2025 19:10,SCH - PJ - NY,23316,1273.57,2000,-1050
07/20/2025 19:10,SCH - PJM_HTP,325905,660,660,-660
07/20/2025 19:10,SCH - PJM_NEPTUNE,325305,660,660,-660
07/20/2025 19:10,SCH - PJM_VFT,325658,315,315,-315
07/20/2025 19:10,SPR/DUN-SOUTH,23320,2246.6,4600,-9999
07/20/2025 19:10,TOTAL EAST,23314,3413.08,7550,-9999
07/20/2025 19:10,UPNY CONED,23315,4117.14,7030,-9999
07/20/2025 19:10,WEST CENTRAL,23312,596.01,9999,-9999
07/20/2025 19:15,CENTRAL EAST - VC,23330,2063.48,3210,-9999
07/20/2025 19:15,DYSINGER EAST,23326,1378.56,3200,-9999
07/20/2025 19:15,MOSES SOUTH,23319,739.48,3150,-1600
07/20/2025 19:15,SCH - HQ - NY,23324,129,1500,-980
07/20/2025 19:15,SCH - HQ_CEDARS,325274,0,270,-40
07/20/2025 19:15,SCH - HQ_IMPORT_EXPORT,325376,129,1310,-9999
07/20/2025 19:15,SCH - NE - NY,23318,-1038.07,1400,-1600
07/20/2025 19:15,SCH - NPX_1385,325277,-60,125,-125
07/20/2025 19:15,SCH - NPX_CSC,325154,330,330,-330
07/20/2025 19:15,SCH - OH - NY,23317,707.3,2000,-1600
07/20/2025 19:15,SCH - PJ - NY,23316,1287.22,2000,-1050
07/20/2025 19:15,SCH - PJM_HTP,325905,660,660,-660
07/20/2025 19:15,SCH - PJM_NEPTUNE,325305,660,660,-660
07/20/2025 19:15,SCH - PJM_VFT,325658,315,315,-315
07/20/2025 19:15,SPR/DUN-SOUTH,23320,2223.5,4600,-9999
07/20/2025 19:15,TOTAL EAST,23314,3435.84,7550,-9999
07/20/2025 19:15,UPNY CONED,23315,4093.13,7030,-9999
07/20/2025 19:15,WEST CENTRAL,23312,572.17,9999,-9999
07/20/2025 19:20,CENTRAL EAST - VC,23330,2045.7,3210,-9999
07/20/2025 19:20,DYSINGER EAST,23326,1404.03,3200,-9999
07/20/2025 19:20,MOSES SOUTH,23319,742.35,3150,-1600
07/20/2025 19:20,SCH - HQ - NY,23324,129,1500,-980
07/20/2025 19:20,SCH - HQ_CEDARS,325274,0,270,-40
07/20/2025 19:20,SCH - HQ_IMPORT_EXPORT,325376,129,1310,-9999
07/20/2025 19:20,SCH - NE - NY,23318,-1032.04,1400,-1600
07/20/2025 19:20,SCH - NPX_1385,325277,-60,125,-125
07/20/2025 19:20,SCH - NPX_CSC,325154,330,330,-330
07/20/2025 19:20,SCH - OH - NY,23317,709.62,2000,-1600
07/20/2025 19:20,SCH - PJ - NY,23316,1300.82,2000,-1050
07/20/2025 19:20,SCH - PJM_HTP,325905,660,660,-660
07/20/2025 19:20,SCH - PJM_NEPTUNE,325305,660,660,-660
07/20/2025 19:20,SCH - PJM_VFT,325658,315,315,-315
07/20/2025 19:20,SPR/DUN-SOUTH,23320,2226.17,4600,-9999
07/20/2025 19:20,TOTAL EAST,23314,3387.35,7550,-9999
07/20/2025 19:20,UPNY CONED,23315,4082.41,7030,-9999
07/20/2025 19:20,WEST CENTRAL,23312,599.61,9999,-9999
07/20/2025 19:25,CENTRAL EAST - VC,23330,2019.16,3210,-9999
07/20/2025 19:25,DYSINGER EAST,23326,1352.45,3200,-9999
07/20/2025 19:25,MOSES SOUTH,23319,734.53,3150,-1600
07/20/2025 19:25,SCH - HQ - NY,23324,129,1500,-980
07/20/2025 19:25,SCH - HQ_CEDARS,325274,0,270,-40
07/20/2025 19:25,SCH - HQ_IMPORT_EXPORT,325376,129,1310,-9999
07/20/2025 19:25,SCH - NE - NY,23318,-1032.04,1400,-1600
07/20/2025 19:25,SCH - NPX_1385,325277,-60,125,-125
07/20/2025 19:25,SCH - NPX_CSC,325154,330,330,-330
07/20/2025 19:25,SCH - OH - NY,23317,706.43,2000,-1600
07/20/2025 19:25,SCH - PJ - NY,23316,1303.07,2000,-1050
07/20/2025 19:25,SCH - PJM_HTP,325905,660,660,-660
07/20/2025 19:25,SCH - PJM_NEPTUNE,325305,660,660,-660
07/20/2025 19:25,SCH - PJM_VFT,325658,315,315,-315
07/20/2025 19:25,SPR/DUN-SOUTH,23320,2219.48,4600,-9999
07/20/2025 19:25,TOTAL EAST,23314,3355.04,7550,-9999
07/20/2025 19:25,UPNY CONED,23315,4055.93,7030,-9999
07/20/2025 19:25,WEST CENTRAL,23312,540.58,9999,-9999
07/20/2025 19:30,CENTRAL EAST - VC,23330,2011.17,3210,-9999
07/20/2025 19:30,DYSINGER EAST,23326,1396.46,3200,-9999
07/20/2025 19:30,MOSES SOUTH,23319,732.67,3150,-1600
07/20/2025 19:30,SCH - HQ - NY,23324,129,1500,-980
07/20/2025 19:30,SCH - HQ_CEDARS,325274,0,270,-40
07/20/2025 19:30,SCH - HQ_IMPORT_EXPORT,325376,129,1310,-9999
07/20/2025 19:30,SCH - NE - NY,23318,-1033.05,1400,-1600
07/20/2025 19:30,SCH - NPX_1385,325277,-60,125,-125
07/20/2025 19:30,SCH - NPX_CSC,325154,330,330,-330
07/20/2025 19:30,SCH - OH - NY,23317,707.77,2000,-1600
07/20/2025 19:30,SCH - PJ - NY,23316,1202.72,2000,-1050
07/20/2025 19:30,SCH - PJM_HTP,325905,660,660,-660
07/20/2025 19:30,SCH - PJM_NEPTUNE,325305,660,660,-660
07/20/2025 19:30,SCH - PJM_VFT,325658,315,315,-315
07/20/2025 19:30,SPR/DUN-SOUTH,23320,2205.71,4600,-9999
07/20/2025 19:30,TOTAL EAST,23314,3255.32,7550,-9999
07/20/2025 19:30,UPNY CONED,23315,4018.13,7030,-9999
07/20/2025 19:30,WEST CENTRAL,23312,575.51,9999,-9999
07/20/2025 19:35,CENTRAL EAST - VC,23330,2013.79,3210,-9999
07/20/2025 19:35,DYSINGER EAST,23326,1435.58,3200,-9999
07/20/2025 19:35,MOSES SOUTH,23319,772.24,3150,-1600
07/20/2025 19:35,SCH - HQ - NY,23324,129,1500,-980
07/20/2025 19:35,SCH - HQ_CEDARS,325274,0,270,-40
07/20/2025 19:35,SCH - HQ_IMPORT_EXPORT,325376,129,1310,-9999
07/20/2025 19:35,SCH - NE - NY,23318,-1034.18,1400,-1600
07/20/2025 19:35,SCH - NPX_1385,325277,-60,125,-125
07/20/2025 19:35,SCH - NPX_CSC,325154,330,330,-330
07/20/2025 19:35,SCH - OH - NY,23317,710.21,2000,-1600
07/20/2025 19:35,SCH - PJ - NY,23316,1097.24,2000,-1050
07/20/2025 19:35,SCH - PJM_HTP,325905,660,660,-660
07/20/2025 19:35,SCH - PJM_NEPTUNE,325305,660,660,-660
07/20/2025 19:35,SCH - PJM_VFT,325658,315,315,-315
07/20/2025 19:35,SPR/DUN-SOUTH,23320,2189.38,4600,-9999
07/20/2025 19:35,TOTAL EAST,23314,3211.08,7550,-9999
07/20/2025 19:35,UPNY CONED,23315,3979.48,7030,-9999
07/20/2025 19:35,WEST CENTRAL,23312,604.82,9999,-9999
07/20/2025 19:40,CENTRAL EAST - VC,23330,2022.79,3210,-9999
07/20/2025 19:40,DYSINGER EAST,23326,1395.28,3200,-9999
07/20/2025 19:40,MOSES SOUTH,23319,806.16,3150,-1600
07/20/2025 19:40,SCH - HQ - NY,23324,129,1500,-980
07/20/2025 19:40,SCH - HQ_CEDARS,325274,0,270,-40
07/20/2025 19:40,SCH - HQ_IMPORT_EXPORT,325376,129,1310,-9999
07/20/2025 19:40,SCH - NE - NY,23318,-1034.07,1400,-1600
07/20/2025 19:40,SCH - NPX_1385,325277,-60,125,-125
07/20/2025 19:40,SCH - NPX_CSC,325154,330,330,-330
07/20/2025 19:40,SCH - OH - NY,23317,709.13,2000,-1600
07/20/2025 19:40,SCH - PJ - NY,23316,1096.4,2000,-1050
07/20/2025 19:40,SCH - PJM_HTP,325905,660,660,-660
07/20/2025 19:40,SCH - PJM_NEPTUNE,325305,660,660,-660
07/20/2025 19:40,SCH - PJM_VFT,325658,315,315,-315
07/20/2025 19:40,SPR/DUN-SOUTH,23320,2190.57,4600,-9999
07/20/2025 19:40,TOTAL EAST,23314,3175.27,7550,-9999
07/20/2025 19:40,UPNY CONED,23315,3969.22,7030,-9999
07/20/2025 19:40,WEST CENTRAL,23312,560.67,9999,-9999
07/20/2025 19:45,CENTRAL EAST - VC,23330,2030.68,3210,-9999
07/20/2025 19:45,DYSINGER EAST,23326,1436.26,3200,-9999
07/20/2025 19:45,MOSES SOUTH,23319,773.18,3150,-1600
07/20/2025 19:45,SCH - HQ - NY,23324,129,1500,-980
07/20/2025 19:45,SCH - HQ_CEDARS,325274,0,270,-40
07/20/2025 19:45,SCH - HQ_IMPORT_EXPORT,325376,129,1310,-9999
07/20/2025 19:45,SCH - NE - NY,23318,-998.08,1400,-1600
07/20/2025 19:45,SCH - NPX_1385,325277,-60,125,-125
07/20/2025 19:45,SCH - NPX_CSC,325154,330,330,-330
07/20/2025 19:45,SCH - OH - NY,23317,708.24,2000,-1600
07/20/2025 19:45,SCH - PJ - NY,23316,1178.34,2000,-1050
07/20/2025 19:45,SCH - PJM_HTP,325905,660,660,-660
07/20/2025 19:45,SCH - PJM_NEPTUNE,325305,660,660,-660
07/20/2025 19:45,SCH - PJM_VFT,325658,315,315,-315
07/20/2025 19:45,SPR/DUN-SOUTH,23320,2178.11,4600,-9999
07/20/2025 19:45,TOTAL EAST,23314,3231.61,7550,-9999
07/20/2025 19:45,UPNY CONED,23315,4076.22,7030,-9999
07/20/2025 19:45,WEST CENTRAL,23312,598.9,9999,-9999
07/20/2025 19:50,CENTRAL EAST - VC,23330,1992.65,3210,-9999
07/20/2025 19:50,DYSINGER EAST,23326,1383.31,3200,-9999
07/20/2025 19:50,MOSES SOUTH,23319,769.03,3150,-1600
07/20/2025 19:50,SCH - HQ - NY,23324,129,1500,-980
07/20/2025 19:50,SCH - HQ_CEDARS,325274,0,270,-40
07/20/2025 19:50,SCH - HQ_IMPORT_EXPORT,325376,129,1310,-9999
07/20/2025 19:50,SCH - NE - NY,23318,-963.04,1400,-1600
07/20/2025 19:50,SCH - NPX_1385,325277,-60,125,-125
07/20/2025 19:50,SCH - NPX_CSC,325154,330,330,-330
07/20/2025 19:50,SCH - OH - NY,23317,711.1,2000,-1600
07/20/2025 19:50,SCH - PJ - NY,23316,1250.42,2000,-1050
07/20/2025 19:50,SCH - PJM_HTP,325905,660,660,-660
07/20/2025 19:50,SCH - PJM_NEPTUNE,325305,660,660,-660
07/20/2025 19:50,SCH - PJM_VFT,325658,315,315,-315
07/20/2025 19:50,SPR/DUN-SOUTH,23320,2167.85,4600,-9999
07/20/2025 19:50,TOTAL EAST,23314,3180.24,7550,-9999
07/20/2025 19:50,UPNY CONED,23315,4043.06,7030,-9999
07/20/2025 19:50,WEST CENTRAL,23312,546.11,9999,-9999
07/20/2025 19:55,CENTRAL EAST - VC,23330,1952.12,3210,-9999
07/20/2025 19:55,DYSINGER EAST,23326,1343.46,3200,-9999
07/20/2025 19:55,MOSES SOUTH,23319,731.74,3150,-1600
07/20/2025 19:55,SCH - HQ - NY,23324,129,1500,-980
07/20/2025 19:55,SCH - HQ_CEDARS,325274,0,270,-40
07/20/2025 19:55,SCH - HQ_IMPORT_EXPORT,325376,129,1310,-9999
07/20/2025 19:55,SCH - NE - NY,23318,-963.03,1400,-1600
07/20/2025 19:55,SCH - NPX_1385,325277,-60,125,-125
07/20/2025 19:55,SCH - NPX_CSC,325154,330,330,-330
07/20/2025 19:55,SCH - OH - NY,23317,707.15,2000,-1600
07/20/2025 19:55,SCH - PJ - NY,23316,1252.38,2000,-1050
07/20/2025 19:55,SCH - PJM_HTP,325905,660,660,-660
07/20/2025 19:55,SCH - PJM_NEPTUNE,325305,660,660,-660
07/20/2025 19:55,SCH - PJM_VFT,325658,315,315,-315
07/20/2025 19:55,SPR/DUN-SOUTH,23320,2139.02,4600,-9999
07/20/2025 19:55,TOTAL EAST,23314,3172.02,7550,-9999
07/20/2025 19:55,UPNY CONED,23315,4023.03,7030,-9999
07/20/2025 19:55,WEST CENTRAL,23312,513.11,9999,-9999
07/20/2025 20:00,CENTRAL EAST - VC,23330,2182.24,3210,-9999
07/20/2025 20:00,DYSINGER EAST,23326,1716.43,3200,-9999
07/20/2025 20:00,MOSES SOUTH,23319,588.34,3150,-1600
07/20/2025 20:00,SCH - HQ - NY,23324,10,1500,-980
07/20/2025 20:00,SCH - HQ_CEDARS,325274,0,270,-40
07/20/2025 20:00,SCH - HQ_IMPORT_EXPORT,325376,10,1310,-9999
07/20/2025 20:00,SCH - NE - NY,23318,-995.05,1400,-1600
07/20/2025 20:00,SCH - NPX_1385,325277,-53,125,-125
07/20/2025 20:00,SCH - NPX_CSC,325154,330,330,-330
07/20/2025 20:00,SCH - OH - NY,23317,948.02,2000,-1600
07/20/2025 20:00,SCH - PJ - NY,23316,1444.22,2000,-1050
07/20/2025 20:00,SCH - PJM_HTP,325905,660,660,-660
07/20/2025 20:00,SCH - PJM_NEPTUNE,325305,660,660,-660
07/20/2025 20:00,SCH - PJM_VFT,325658,315,315,-315
07/20/2025 20:00,SPR/DUN-SOUTH,23320,2133.18,4600,-9999
07/20/2025 20:00,TOTAL EAST,23314,3628.47,7550,-9999
07/20/2025 20:00,UPNY CONED,23315,4007.22,7030,-9999
07/20/2025 20:00,WEST CENTRAL,23312,882.05,9999,-9999
07/20/2025 20:05,CENTRAL EAST - VC,23330,2203.27,3210,-9999
07/20/2025 20:05,DYSINGER EAST,23326,1818.67,3200,-9999
07/20/2025 20:05,MOSES SOUTH,23319,533.58,3150,-1600
07/20/2025 20:05,SCH - HQ - NY,23324,-108,1500,-980
07/20/2025 20:05,SCH - HQ_CEDARS,325274,0,270,-40
07/20/2025 20:05,SCH - HQ_IMPORT_EXPORT,325376,-108,1310,-9999
07/20/2025 20:05,SCH - NE - NY,23318,-1027.09,1400,-1600
07/20/2025 20:05,SCH - NPX_1385,325277,-47,125,-125
07/20/2025 20:05,SCH - NPX_CSC,325154,330,330,-330
07/20/2025 20:05,SCH - OH - NY,23317,1189.2,2000,-1600
07/20/2025 20:05,SCH - PJ - NY,23316,1631.93,2000,-1050
07/20/2025 20:05,SCH - PJM_HTP,325905,660,660,-660
07/20/2025 20:05,SCH - PJM_NEPTUNE,325305,660,660,-660
07/20/2025 20:05,SCH - PJM_VFT,325658,315,315,-315
07/20/2025 20:05,SPR/DUN-SOUTH,23320,2130.96,4600,-9999
07/20/2025 20:05,TOTAL EAST,23314,3667.08,7550,-9999
07/20/2025 20:05,UPNY CONED,23315,3985.88,7030,-9999
07/20/2025 20:05,WEST CENTRAL,23312,981.05,9999,-9999
07/20/2025 20:10,CENTRAL EAST - VC,23330,2096.89,3210,-9999
07/20/2025 20:10,DYSINGER EAST,23326,1685.87,3200,-9999
07/20/2025 20:10,MOSES SOUTH,23319,559.12,3150,-1600
07/20/2025 20:10,SCH - HQ - NY,23324,-108,1500,-980
07/20/2025 20:10,SCH - HQ_CEDARS,325274,0,270,-40
07/20/2025 20:10,SCH - HQ_IMPORT_EXPORT,325376,-108,1310,-9999
07/20/2025 20:10,SCH - NE - NY,23318,-1027.05,1400,-1600
07/20/2025 20:10,SCH - NPX_1385,325277,-46,125,-125
07/20/2025 20:10,SCH - NPX_CSC,325154,330,330,-330
07/20/2025 20:10,SCH - OH - NY,23317,1186.53,2000,-1600
07/20/2025 20:10,SCH - PJ - NY,23316,1637.85,2000,-1050
07/20/2025 20:10,SCH - PJM_HTP,325905,660,660,-660
07/20/2025 20:10,SCH - PJM_NEPTUNE,325305,660,660,-660
07/20/2025 20:10,SCH - PJM_VFT,325658,315,315,-315
07/20/2025 20:10,SPR/DUN-SOUTH,23320,2118.41,4600,-9999
07/20/2025 20:10,TOTAL EAST,23314,3659.39,7550,-9999
07/20/2025 20:10,UPNY CONED,23315,3948.08,7030,-9999
07/20/2025 20:10,WEST CENTRAL,23312,873.51,9999,-9999
07/20/2025 20:15,CENTRAL EAST - VC,23330,2044.77,3210,-9999
07/20/2025 20:15,DYSINGER EAST,23326,1541.62,3200,-9999
07/20/2025 20:15,MOSES SOUTH,23319,637.18,3150,-1600
07/20/2025 20:15,SCH - HQ - NY,23324,-108,1500,-980
07/20/2025 20:15,SCH - HQ_CEDARS,325274,0,270,-40
07/20/2025 20:15,SCH - HQ_IMPORT_EXPORT,325376,-108,1310,-9999
07/20/2025 20:15,SCH - NE - NY,23318,-965.42,1400,-1600
07/20/2025 20:15,SCH - NPX_1385,325277,-46,125,-125
07/20/2025 20:15,SCH - NPX_CSC,325154,330,330,-330
07/20/2025 20:15,SCH - OH - NY,23317,1188.83,2000,-1600
07/20/2025 20:15,SCH - PJ - NY,23316,1601.5,2000,-1050
07/20/2025 20:15,SCH - PJM_HTP,325905,660,660,-660
07/20/2025 20:15,SCH - PJM_NEPTUNE,325305,660,660,-660
07/20/2025 20:15,SCH - PJM_VFT,325658,315,315,-315
07/20/2025 20:15,SPR/DUN-SOUTH,23320,2130.93,4600,-9999
07/20/2025 20:15,TOTAL EAST,23314,3584.13,7550,-9999
07/20/2025 20:15,UPNY CONED,23315,3946.57,7030,-9999
07/20/2025 20:15,WEST CENTRAL,23312,741.36,9999,-9999
07/20/2025 20:20,CENTRAL EAST - VC,23330,2023.23,3210,-9999
07/20/2025 20:20,DYSINGER EAST,23326,1562.27,3200,-9999
07/20/2025 20:20,MOSES SOUTH,23319,659.39,3150,-1600
07/20/2025 20:20,SCH - HQ - NY,23324,-108,1500,-980
07/20/2025 20:20,SCH - HQ_CEDARS,325274,0,270,-40
07/20/2025 20:20,SCH - HQ_IMPORT_EXPORT,325376,-108,1310,-9999
07/20/2025 20:20,SCH - NE - NY,23318,-909.05,1400,-1600
07/20/2025 20:20,SCH - NPX_1385,325277,-46,125,-125
07/20/2025 20:20,SCH - NPX_CSC,325154,330,330,-330
07/20/2025 20:20,SCH - OH - NY,23317,1188.8,2000,-1600
07/20/2025 20:20,SCH - PJ - NY,23316,1577.44,2000,-1050
07/20/2025 20:20,SCH - PJM_HTP,325905,660,660,-660
07/20/2025 20:20,SCH - PJM_NEPTUNE,325305,660,660,-660
07/20/2025 20:20,SCH - PJM_VFT,325658,315,315,-315
07/20/2025 20:20,SPR/DUN-SOUTH,23320,2156.78,4600,-9999
07/20/2025 20:20,TOTAL EAST,23314,3575.01,7550,-9999
07/20/2025 20:20,UPNY CONED,23315,3979.72,7030,-9999
07/20/2025 20:20,WEST CENTRAL,23312,755.74,9999,-9999
07/20/2025 20:25,CENTRAL EAST - VC,23330,2037.54,3210,-9999
07/20/2025 20:25,DYSINGER EAST,23326,1656.76,3200,-9999
07/20/2025 20:25,MOSES SOUTH,23319,676.05,3150,-1600
07/20/2025 20:25,SCH - HQ - NY,23324,-108,1500,-980
07/20/2025 20:25,SCH - HQ_CEDARS,325274,0,270,-40
07/20/2025 20:25,SCH - HQ_IMPORT_EXPORT,325376,-108,1310,-9999
07/20/2025 20:25,SCH - NE - NY,23318,-909.1,1400,-1600
07/20/2025 20:25,SCH - NPX_1385,325277,-46,125,-125
07/20/2025 20:25,SCH - NPX_CSC,325154,330,330,-330
07/20/2025 20:25,SCH - OH - NY,23317,1187.42,2000,-1600
07/20/2025 20:25,SCH - PJ - NY,23316,1574.54,2000,-1050
07/20/2025 20:25,SCH - PJM_HTP,325905,660,660,-660
07/20/2025 20:25,SCH - PJM_NEPTUNE,325305,660,660,-660
07/20/2025 20:25,SCH - PJM_VFT,325658,315,315,-315
07/20/2025 20:25,SPR/DUN-SOUTH,23320,2184.1,4600,-9999
07/20/2025 20:25,TOTAL EAST,23314,3538.47,7550,-9999
07/20/2025 20:25,UPNY CONED,23315,3968.24,7030,-9999
07/20/2025 20:25,WEST CENTRAL,23312,832.68,9999,-9999
07/20/2025 20:30,CENTRAL EAST - VC,23330,1968.09,3210,-9999
07/20/2025 20:30,DYSINGER EAST,23326,1567.31,3200,-9999
07/20/2025 20:30,MOSES SOUTH,23319,665.99,3150,-1600
07/20/2025 20:30,SCH - HQ - NY,23324,-108,1500,-980
07/20/2025 20:30,SCH - HQ_CEDARS,325274,0,270,-40
07/20/2025 20:30,SCH - HQ_IMPORT_EXPORT,325376,-108,1310,-9999
07/20/2025 20:30,SCH - NE - NY,23318,-784.69,1400,-1600
07/20/2025 20:30,SCH - NPX_1385,325277,-46,125,-125
07/20/2025 20:30,SCH - NPX_CSC,325154,330,330,-330
07/20/2025 20:30,SCH - OH - NY,23317,1187.25,2000,-1600
07/20/2025 20:30,SCH - PJ - NY,23316,1561.5,2000,-1050
07/20/2025 20:30,SCH - PJM_HTP,325905,660,660,-660
07/20/2025 20:30,SCH - PJM_NEPTUNE,325305,660,660,-660
07/20/2025 20:30,SCH - PJM_VFT,325658,315,315,-315
07/20/2025 20:30,SPR/DUN-SOUTH,23320,2189.44,4600,-9999
07/20/2025 20:30,TOTAL EAST,23314,3428.17,7550,-9999
07/20/2025 20:30,UPNY CONED,23315,3940.95,7030,-9999
07/20/2025 20:30,WEST CENTRAL,23312,746.81,9999,-9999
07/20/2025 20:35,CENTRAL EAST - VC,23330,1906.59,3210,-9999
07/20/2025 20:35,DYSINGER EAST,23326,1438.49,3200,-9999
07/20/2025 20:35,MOSES SOUTH,23319,664.86,3150,-1600
07/20/2025 20:35,SCH - HQ - NY,23324,-108,1500,-980
07/20/2025 20:35,SCH - HQ_CEDARS,325274,0,270,-40
07/20/2025 20:35,SCH - HQ_IMPORT_EXPORT,325376,-108,1310,-9999
07/20/2025 20:35,SCH - NE - NY,23318,-661.07,1400,-1600
07/20/2025 20:35,SCH - NPX_1385,325277,-46,125,-125
07/20/2025 20:35,SCH - NPX_CSC,325154,330,330,-330
07/20/2025 20:35,SCH - OH - NY,23317,1185.13,2000,-1600
07/20/2025 20:35,SCH - PJ - NY,23316,1560.39,2000,-1050
07/20/2025 20:35,SCH - PJM_HTP,325905,660,660,-660
07/20/2025 20:35,SCH - PJM_NEPTUNE,325305,660,660,-660
07/20/2025 20:35,SCH - PJM_VFT,325658,315,315,-315
07/20/2025 20:35,SPR/DUN-SOUTH,23320,2235.72,4600,-9999
07/20/2025 20:35,TOTAL EAST,23314,3350.23,7550,-9999
07/20/2025 20:35,UPNY CONED,23315,3982.69,7030,-9999
07/20/2025 20:35,WEST CENTRAL,23312,629.07,9999,-9999
07/20/2025 20:40,CENTRAL EAST - VC,23330,1879.53,3210,-9999
07/20/2025 20:40,DYSINGER EAST,23326,1477.71,3200,-9999
07/20/2025 20:40,MOSES SOUTH,23319,669.5,3150,-1600
07/20/2025 20:40,SCH - HQ - NY,23324,-108,1500,-980
07/20/2025 20:40,SCH - HQ_CEDARS,325274,0,270,-40
07/20/2025 20:40,SCH - HQ_IMPORT_EXPORT,325376,-108,1310,-9999
07/20/2025 20:40,SCH - NE - NY,23318,-661.09,1400,-1600
07/20/2025 20:40,SCH - NPX_1385,325277,-46,125,-125
07/20/2025 20:40,SCH - NPX_CSC,325154,330,330,-330
07/20/2025 20:40,SCH - OH - NY,23317,1188.9,2000,-1600
07/20/2025 20:40,SCH - PJ - NY,23316,1556.74,2000,-1050
07/20/2025 20:40,SCH - PJM_HTP,325905,660,660,-660
07/20/2025 20:40,SCH - PJM_NEPTUNE,325305,660,660,-660
07/20/2025 20:40,SCH - PJM_VFT,325658,315,315,-315
07/20/2025 20:40,SPR/DUN-SOUTH,23320,2212.24,4600,-9999
07/20/2025 20:40,TOTAL EAST,23314,3335.84,7550,-9999
07/20/2025 20:40,UPNY CONED,23315,3964.96,7030,-9999
07/20/2025 20:40,WEST CENTRAL,23312,665.32,9999,-9999
07/20/2025 20:45,CENTRAL EAST - VC,23330,1824.73,3210,-9999
07/20/2025 20:45,DYSINGER EAST,23326,1601.73,3200,-9999
07/20/2025 20:45,MOSES SOUTH,23319,483.41,3150,-1600
07/20/2025 20:45,SCH - HQ - NY,23324,-108,1500,-980
07/20/2025 20:45,SCH - HQ_CEDARS,325274,0,270,-40
07/20/2025 20:45,SCH - HQ_IMPORT_EXPORT,325376,-108,1310,-9999
07/20/2025 20:45,SCH - NE - NY,23318,-665.91,1400,-1600
07/20/2025 20:45,SCH - NPX_1385,325277,-46,125,-125
07/20/2025 20:45,SCH - NPX_CSC,325154,330,330,-330
07/20/2025 20:45,SCH - OH - NY,23317,1188.93,2000,-1600
07/20/2025 20:45,SCH - PJ - NY,23316,1603.64,2000,-1050
07/20/2025 20:45,SCH - PJM_HTP,325905,660,660,-660
07/20/2025 20:45,SCH - PJM_NEPTUNE,325305,660,660,-660
07/20/2025 20:45,SCH - PJM_VFT,325658,315,315,-315
07/20/2025 20:45,SPR/DUN-SOUTH,23320,2219.65,4600,-9999
07/20/2025 20:45,TOTAL EAST,23314,3294.78,7550,-9999
07/20/2025 20:45,UPNY CONED,23315,4059.46,6985,-9999
07/20/2025 20:45,WEST CENTRAL,23312,787.42,9999,-9999
07/20/2025 20:50,CENTRAL EAST - VC,23330,1879.36,3210,-9999
07/20/2025 20:50,DYSINGER EAST,23326,1669.56,3200,-9999
07/20/2025 20:50,MOSES SOUTH,23319,426.96,3150,-1600
07/20/2025 20:50,SCH - HQ - NY,23324,-108,1500,-980
07/20/2025 20:50,SCH - HQ_CEDARS,325274,0,270,-40
07/20/2025 20:50,SCH - HQ_IMPORT_EXPORT,325376,-108,1310,-9999
07/20/2025 20:50,SCH - NE - NY,23318,-670.63,1400,-1600
07/20/2025 20:50,SCH - NPX_1385,325277,-46,125,-125
07/20/2025 20:50,SCH - NPX_CSC,325154,330,330,-330
07/20/2025 20:50,SCH - OH - NY,23317,1188.95,2000,-1600
07/20/2025 20:50,SCH - PJ - NY,23316,1649.93,2000,-1050
07/20/2025 20:50,SCH - PJM_HTP,325905,660,660,-660
07/20/2025 20:50,SCH - PJM_NEPTUNE,325305,660,660,-660
07/20/2025 20:50,SCH - PJM_VFT,325658,315,315,-315
07/20/2025 20:50,SPR/DUN-SOUTH,23320,2260.89,4600,-9999
07/20/2025 20:50,TOTAL EAST,23314,3325.97,7550,-9999
07/20/2025 20:50,UPNY CONED,23315,4098.77,6985,-9999
07/20/2025 20:50,WEST CENTRAL,23312,861.45,9999,-9999
07/20/2025 20:55,CENTRAL EAST - VC,23330,1872,3210,-9999
07/20/2025 20:55,DYSINGER EAST,23326,1643.05,3200,-9999
07/20/2025 20:55,MOSES SOUTH,23319,400.51,3150,-1600
07/20/2025 20:55,SCH - HQ - NY,23324,-108,1500,-980
07/20/2025 20:55,SCH - HQ_CEDARS,325274,0,270,-40
07/20/2025 20:55,SCH - HQ_IMPORT_EXPORT,325376,-108,1310,-9999
07/20/2025 20:55,SCH - NE - NY,23318,-670.63,1400,-1600
07/20/2025 20:55,SCH - NPX_1385,325277,-46,125,-125
07/20/2025 20:55,SCH - NPX_CSC,325154,330,330,-330
07/20/2025 20:55,SCH - OH - NY,23317,1188.95,2000,-1600
07/20/2025 20:55,SCH - PJ - NY,23316,1647.97,2000,-1050
07/20/2025 20:55,SCH - PJM_HTP,325905,660,660,-660
07/20/2025 20:55,SCH - PJM_NEPTUNE,325305,660,660,-660
07/20/2025 20:55,SCH - PJM_VFT,325658,315,315,-315
07/20/2025 20:55,SPR/DUN-SOUTH,23320,2267.15,4600,-9999
07/20/2025 20:55,TOTAL EAST,23314,3328.46,7550,-9999
07/20/2025 20:55,UPNY CONED,23315,4113.11,6985,-9999
07/20/2025 20:55,WEST CENTRAL,23312,840.72,9999,-9999
07/20/2025 21:00,CENTRAL EAST - VC,23330,1829.36,3210,-9999
07/20/2025 21:00,DYSINGER EAST,23326,1889.91,3200,-9999
07/20/2025 21:00,MOSES SOUTH,23319,76.04,3150,-1600
07/20/2025 21:00,SCH - HQ - NY,23324,-458,1500,-980
07/20/2025 21:00,SCH - HQ_CEDARS,325274,0,270,-40
07/20/2025 21:00,SCH - HQ_IMPORT_EXPORT,325376,-458,1310,-9999
07/20/2025 21:00,SCH - NE - NY,23318,-713.26,1400,-1600
07/20/2025 21:00,SCH - NPX_1385,325277,-46,125,-125
07/20/2025 21:00,SCH - NPX_CSC,325154,330,330,-330
07/20/2025 21:00,SCH - OH - NY,23317,1357.53,2000,-1600
07/20/2025 21:00,SCH - PJ - NY,23316,1567.84,2000,-1050
07/20/2025 21:00,SCH - PJM_HTP,325905,660,660,-660
07/20/2025 21:00,SCH - PJM_NEPTUNE,325305,660,660,-660
07/20/2025 21:00,SCH - PJM_VFT,325658,315,315,-315
07/20/2025 21:00,SPR/DUN-SOUTH,23320,2158.26,4600,-9999
07/20/2025 21:00,TOTAL EAST,23314,3289.03,7550,-9999
07/20/2025 21:00,UPNY CONED,23315,4074.52,6985,-9999
07/20/2025 21:00,WEST CENTRAL,23312,1085.53,9999,-9999
07/20/2025 21:05,CENTRAL EAST - VC,23330,1655.31,3210,-9999
07/20/2025 21:05,DYSINGER EAST,23326,1990.46,3200,-9999
07/20/2025 21:05,MOSES SOUTH,23319,-294.32,3150,-1600
07/20/2025 21:05,SCH - HQ - NY,23324,-808,1500,-980
07/20/2025 21:05,SCH - HQ_CEDARS,325274,0,270,-40
07/20/2025 21:05,SCH - HQ_IMPORT_EXPORT,325376,-808,1310,-9999
07/20/2025 21:05,SCH - NE - NY,23318,-756.99,1400,-1600
07/20/2025 21:05,SCH - NPX_1385,325277,-46,125,-125
07/20/2025 21:05,SCH - NPX_CSC,325154,330,330,-330
07/20/2025 21:05,SCH - OH - NY,23317,1522.49,2000,-1600
07/20/2025 21:05,SCH - PJ - NY,23316,1498.58,2000,-1050
07/20/2025 21:05,SCH - PJM_HTP,325905,660,660,-660
07/20/2025 21:05,SCH - PJM_NEPTUNE,325305,660,660,-660
07/20/2025 21:05,SCH - PJM_VFT,325658,315,315,-315
07/20/2025 21:05,SPR/DUN-SOUTH,23320,2119.91,4600,-9999
07/20/2025 21:05,TOTAL EAST,23314,2980.56,7550,-9999
07/20/2025 21:05,UPNY CONED,23315,3998.93,6985,-9999
07/20/2025 21:05,WEST CENTRAL,23312,1187.14,9999,-9999
07/20/2025 21:10,CENTRAL EAST - VC,23330,1640.71,3210,-9999
07/20/2025 21:10,DYSINGER EAST,23326,1900.98,3200,-9999
07/20/2025 21:10,MOSES SOUTH,23319,-278.69,3150,-1600
07/20/2025 21:10,SCH - HQ - NY,23324,-808,1500,-980
07/20/2025 21:10,SCH - HQ_CEDARS,325274,0,270,-40
07/20/2025 21:10,SCH - HQ_IMPORT_EXPORT,325376,-808,1310,-9999
07/20/2025 21:10,SCH - NE - NY,23318,-760.22,1400,-1600
07/20/2025 21:10,SCH - NPX_1385,325277,-46,125,-125
07/20/2025 21:10,SCH - NPX_CSC,325154,330,330,-330
07/20/2025 21:10,SCH - OH - NY,23317,1516.53,2000,-1600
07/20/2025 21:10,SCH - PJ - NY,23316,1497.48,2000,-1050
07/20/2025 21:10,SCH - PJM_HTP,325905,660,660,-660
07/20/2025 21:10,SCH - PJM_NEPTUNE,325305,660,660,-660
07/20/2025 21:10,SCH - PJM_VFT,325658,315,315,-315
07/20/2025 21:10,SPR/DUN-SOUTH,23320,2126.94,4600,-9999
07/20/2025 21:10,TOTAL EAST,23314,3026.72,7550,-9999
07/20/2025 21:10,UPNY CONED,23315,3978.12,6985,-9999
07/20/2025 21:10,WEST CENTRAL,23312,1116.42,9999,-9999
07/20/2025 21:15,CENTRAL EAST - VC,23330,1654.58,3210,-9999
07/20/2025 21:15,DYSINGER EAST,23326,1853.38,3200,-9999
07/20/2025 21:15,MOSES SOUTH,23319,-290.64,3150,-1600
07/20/2025 21:15,SCH - HQ - NY,23324,-808,1500,-980
07/20/2025 21:15,SCH - HQ_CEDARS,325274,0,270,-40
07/20/2025 21:15,SCH - HQ_IMPORT_EXPORT,325376,-808,1310,-9999
07/20/2025 21:15,SCH - NE - NY,23318,-693.44,1400,-1600
07/20/2025 21:15,SCH - NPX_1385,325277,-46,125,-125
07/20/2025 21:15,SCH - NPX_CSC,325154,330,330,-330
07/20/2025 21:15,SCH - OH - NY,23317,1518.08,2000,-1600
07/20/2025 21:15,SCH - PJ - NY,23316,1488.06,2000,-1050
07/20/2025 21:15,SCH - PJM_HTP,325905,660,660,-660
07/20/2025 21:15,SCH - PJM_NEPTUNE,325305,660,660,-660
07/20/2025 21:15,SCH - PJM_VFT,325658,315,315,-315
07/20/2025 21:15,SPR/DUN-SOUTH,23320,2128.41,4600,-9999
07/20/2025 21:15,TOTAL EAST,23314,3120.1,7550,-9999
07/20/2025 21:15,UPNY CONED,23315,3955.91,6985,-9999
07/20/2025 21:15,WEST CENTRAL,23312,1084.91,9999,-9999
07/20/2025 21:20,CENTRAL EAST - VC,23330,1610.32,3210,-9999
07/20/2025 21:20,DYSINGER EAST,23326,1845.98,3200,-9999
07/20/2025 21:20,MOSES SOUTH,23319,-335.98,3150,-1600
07/20/2025 21:20,SCH - HQ - NY,23324,-808,1500,-980
07/20/2025 21:20,SCH - HQ_CEDARS,325274,0,270,-40
07/20/2025 21:20,SCH - HQ_IMPORT_EXPORT,325376,-808,1310,-9999
07/20/2025 21:20,SCH - NE - NY,23318,-629.39,1400,-1600
07/20/2025 21:20,SCH - NPX_1385,325277,-46,125,-125
07/20/2025 21:20,SCH - NPX_CSC,325154,330,330,-330
07/20/2025 21:20,SCH - OH - NY,23317,1518.08,2000,-1600
07/20/2025 21:20,SCH - PJ - NY,23316,1489.02,2000,-1050
07/20/2025 21:20,SCH - PJM_HTP,325905,660,660,-660
07/20/2025 21:20,SCH - PJM_NEPTUNE,325305,660,660,-660
07/20/2025 21:20,SCH - PJM_VFT,325658,315,315,-315
07/20/2025 21:20,SPR/DUN-SOUTH,23320,2158.18,4600,-9999
07/20/2025 21:20,TOTAL EAST,23314,3046.45,7550,-9999
07/20/2025 21:20,UPNY CONED,23315,3971.88,6985,-9999
07/20/2025 21:20,WEST CENTRAL,23312,1069.32,9999,-9999
07/20/2025 21:25,CENTRAL EAST - VC,23330,1576.99,3210,-9999
07/20/2025 21:25,DYSINGER EAST,23326,1774.59,3200,-9999
07/20/2025 21:25,MOSES SOUTH,23319,-319.06,3150,-1600
07/20/2025 21:25,SCH - HQ - NY,23324,-808,1500,-980
07/20/2025 21:25,SCH - HQ_CEDARS,325274,0,270,-40
07/20/2025 21:25,SCH - HQ_IMPORT_EXPORT,325376,-808,1310,-9999
07/20/2025 21:25,SCH - NE - NY,23318,-629.37,1400,-1600
07/20/2025 21:25,SCH - NPX_1385,325277,-46,125,-125
07/20/2025 21:25,SCH - NPX_CSC,325154,330,330,-330
07/20/2025 21:25,SCH - OH - NY,23317,1518.19,2000,-1600
07/20/2025 21:25,SCH - PJ - NY,23316,1488.43,2000,-1050
07/20/2025 21:25,SCH - PJM_HTP,325905,660,660,-660
07/20/2025 21:25,SCH - PJM_NEPTUNE,325305,660,660,-660
07/20/2025 21:25,SCH - PJM_VFT,325658,315,315,-315
07/20/2025 21:25,SPR/DUN-SOUTH,23320,2180.62,4600,-9999
07/20/2025 21:25,TOTAL EAST,23314,3006.72,7550,-9999
07/20/2025 21:25,UPNY CONED,23315,3952.35,6985,-9999
07/20/2025 21:25,WEST CENTRAL,23312,993.66,9999,-9999
07/20/2025 21:30,CENTRAL EAST - VC,23330,1576.33,3210,-9999
07/20/2025 21:30,DYSINGER EAST,23326,1794.83,3200,-9999
07/20/2025 21:30,MOSES SOUTH,23319,-307.85,3150,-1600
07/20/2025 21:30,SCH - HQ - NY,23324,-808,1500,-980
07/20/2025 21:30,SCH - HQ_CEDARS,325274,0,270,-40
07/20/2025 21:30,SCH - HQ_IMPORT_EXPORT,325376,-808,1310,-9999
07/20/2025 21:30,SCH - NE - NY,23318,-673.95,1400,-1600
07/20/2025 21:30,SCH - NPX_1385,325277,-46,125,-125
07/20/2025 21:30,SCH - NPX_CSC,325154,330,330,-330
07/20/2025 21:30,SCH - OH - NY,23317,1518.1,2000,-1600
07/20/2025 21:30,SCH - PJ - NY,23316,1460.16,2000,-1050
07/20/2025 21:30,SCH - PJM_HTP,325905,660,660,-660
07/20/2025 21:30,SCH - PJM_NEPTUNE,325305,660,660,-660
07/20/2025 21:30,SCH - PJM_VFT,325658,315,315,-315
07/20/2025 21:30,SPR/DUN-SOUTH,23320,2170.32,4600,-9999
07/20/2025 21:30,TOTAL EAST,23314,2989.59,7550,-9999
07/20/2025 21:30,UPNY CONED,23315,3891.95,6985,-9999
07/20/2025 21:30,WEST CENTRAL,23312,1012.45,9999,-9999
07/20/2025 21:35,CENTRAL EAST - VC,23330,1581.3,3210,-9999
07/20/2025 21:35,DYSINGER EAST,23326,1771.48,3200,-9999
07/20/2025 21:35,MOSES SOUTH,23319,-312.27,3150,-1600
07/20/2025 21:35,SCH - HQ - NY,23324,-808,1500,-980
07/20/2025 21:35,SCH - HQ_CEDARS,325274,0,270,-40
07/20/2025 21:35,SCH - HQ_IMPORT_EXPORT,325376,-808,1310,-9999
07/20/2025 21:35,SCH - NE - NY,23318,-723.91,1400,-1600
07/20/2025 21:35,SCH - NPX_1385,325277,-46,125,-125
07/20/2025 21:35,SCH - NPX_CSC,325154,330,330,-330
07/20/2025 21:35,SCH - OH - NY,23317,1518.1,2000,-1600
07/20/2025 21:35,SCH - PJ - NY,23316,1437.5,2000,-1050
07/20/2025 21:35,SCH - PJM_HTP,325905,660,660,-660
07/20/2025 21:35,SCH - PJM_NEPTUNE,325305,660,660,-660
07/20/2025 21:35,SCH - PJM_VFT,325658,315,315,-315
07/20/2025 21:35,SPR/DUN-SOUTH,23320,2173.28,4600,-9999
07/20/2025 21:35,TOTAL EAST,23314,2950.49,7550,-9999
07/20/2025 21:35,UPNY CONED,23315,3850.43,6985,-9999
07/20/2025 21:35,WEST CENTRAL,23312,992.99,9999,-9999
07/20/2025 21:40,CENTRAL EAST - VC,23330,1582.3,3210,-9999
07/20/2025 21:40,DYSINGER EAST,23326,1742,3200,-9999
07/20/2025 21:40,MOSES SOUTH,23319,-311.01,3150,-1600
07/20/2025 21:40,SCH - HQ - NY,23324,-808,1500,-980
07/20/2025 21:40,SCH - HQ_CEDARS,325274,0,270,-40
07/20/2025 21:40,SCH - HQ_IMPORT_EXPORT,325376,-808,1310,-9999
07/20/2025 21:40,SCH - NE - NY,23318,-723.34,1400,-1600
07/20/2025 21:40,SCH - NPX_1385,325277,-46,125,-125
07/20/2025 21:40,SCH - NPX_CSC,325154,330,330,-330
07/20/2025 21:40,SCH - OH - NY,23317,1518.11,2000,-1600
07/20/2025 21:40,SCH - PJ - NY,23316,1437.14,2000,-1050
07/20/2025 21:40,SCH - PJM_HTP,325905,660,660,-660
07/20/2025 21:40,SCH - PJM_NEPTUNE,325305,660,660,-660
07/20/2025 21:40,SCH - PJM_VFT,325658,315,315,-315
07/20/2025 21:40,SPR/DUN-SOUTH,23320,2201.67,4600,-9999
07/20/2025 21:40,TOTAL EAST,23314,2952.45,7550,-9999
07/20/2025 21:40,UPNY CONED,23315,3856.16,6985,-9999
07/20/2025 21:40,WEST CENTRAL,23312,973.79,9999,-9999
07/20/2025 21:45,CENTRAL EAST - VC,23330,1586.42,3210,-9999
07/20/2025 21:45,DYSINGER EAST,23326,1702.16,3200,-9999
07/20/2025 21:45,MOSES SOUTH,23319,-309.27,3150,-1600
07/20/2025 21:45,SCH - HQ - NY,23324,-808,1500,-980
07/20/2025 21:45,SCH - HQ_CEDARS,325274,0,270,-40
07/20/2025 21:45,SCH - HQ_IMPORT_EXPORT,325376,-808,1310,-9999
07/20/2025 21:45,SCH - NE - NY,23318,-717.44,1400,-1600
07/20/2025 21:45,SCH - NPX_1385,325277,-46,125,-125
07/20/2025 21:45,SCH - NPX_CSC,325154,330,330,-330
07/20/2025 21:45,SCH - OH - NY,23317,1518.05,2000,-1600
07/20/2025 21:45,SCH - PJ - NY,23316,1426.96,2000,-1050
07/20/2025 21:45,SCH - PJM_HTP,325905,660,660,-660
07/20/2025 21:45,SCH - PJM_NEPTUNE,325305,660,660,-660
07/20/2025 21:45,SCH - PJM_VFT,325658,315,315,-315
07/20/2025 21:45,SPR/DUN-SOUTH,23320,2192.23,4600,-9999
07/20/2025 21:45,TOTAL EAST,23314,2896.84,7550,-9999
07/20/2025 21:45,UPNY CONED,23315,3878.69,6985,-9999
07/20/2025 21:45,WEST CENTRAL,23312,945.96,9999,-9999
07/20/2025 21:50,CENTRAL EAST - VC,23330,1530.58,3210,-9999
07/20/2025 21:50,DYSINGER EAST,23326,1549.92,3200,-9999
07/20/2025 21:50,MOSES SOUTH,23319,-318.67,3150,-1600
07/20/2025 21:50,SCH - HQ - NY,23324,-808,1500,-980
07/20/2025 21:50,SCH - HQ_CEDARS,325274,0,270,-40
07/20/2025 21:50,SCH - HQ_IMPORT_EXPORT,325376,-808,1310,-9999
07/20/2025 21:50,SCH - NE - NY,23318,-712.43,1400,-1600
07/20/2025 21:50,SCH - NPX_1385,325277,-46,125,-125
07/20/2025 21:50,SCH - NPX_CSC,325154,330,330,-330
07/20/2025 21:50,SCH - OH - NY,23317,1518.06,2000,-1600
07/20/2025 21:50,SCH - PJ - NY,23316,1410.36,2000,-1050
07/20/2025 21:50,SCH - PJM_HTP,325905,660,660,-660
07/20/2025 21:50,SCH - PJM_NEPTUNE,325305,660,660,-660
07/20/2025 21:50,SCH - PJM_VFT,325658,315,315,-315
07/20/2025 21:50,SPR/DUN-SOUTH,23320,2152.76,4600,-9999
07/20/2025 21:50,TOTAL EAST,23314,2854.35,7550,-9999
07/20/2025 21:50,UPNY CONED,23315,3851.08,6985,-9999
07/20/2025 21:50,WEST CENTRAL,23312,806.71,9999,-9999
07/20/2025 21:55,CENTRAL EAST - VC,23330,1503.61,3130,-9999
07/20/2025 21:55,DYSINGER EAST,23326,1499.68,3200,-9999
07/20/2025 21:55,MOSES SOUTH,23319,-322.69,3150,-1600
07/20/2025 21:55,SCH - HQ - NY,23324,-808,1500,-980
07/20/2025 21:55,SCH - HQ_CEDARS,325274,0,270,-40
07/20/2025 21:55,SCH - HQ_IMPORT_EXPORT,325376,-808,1310,-9999
07/20/2025 21:55,SCH - NE - NY,23318,-711.59,1400,-1600
07/20/2025 21:55,SCH - NPX_1385,325277,-46,125,-125
07/20/2025 21:55,SCH - NPX_CSC,325154,330,330,-330
07/20/2025 21:55,SCH - OH - NY,23317,1518.08,2000,-1600
07/20/2025 21:55,SCH - PJ - NY,23316,1412.1,2000,-1050
07/20/2025 21:55,SCH - PJM_HTP,325905,660,660,-660
07/20/2025 21:55,SCH - PJM_NEPTUNE,325305,660,660,-660
07/20/2025 21:55,SCH - PJM_VFT,325658,315,315,-315
07/20/2025 21:55,SPR/DUN-SOUTH,23320,2095.92,4600,-9999
07/20/2025 21:55,TOTAL EAST,23314,2845.67,7550,-9999
07/20/2025 21:55,UPNY CONED,23315,3804.54,6985,-9999
07/20/2025 21:55,WEST CENTRAL,23312,762.09,9999,-9999
07/20/2025 22:00,CENTRAL EAST - VC,23330,1537.03,3130,-9999
07/20/2025 22:00,DYSINGER EAST,23326,1400.47,3200,-9999
07/20/2025 22:00,MOSES SOUTH,23319,-190.34,3150,-1600
07/20/2025 22:00,SCH - HQ - NY,23324,-630,1500,-980
07/20/2025 22:00,SCH - HQ_CEDARS,325274,0,270,-40
07/20/2025 22:00,SCH - HQ_IMPORT_EXPORT,325376,-630,1310,-9999
07/20/2025 22:00,SCH - NE - NY,23318,-603.68,1400,-1600
07/20/2025 22:00,SCH - NPX_1385,325277,-36,125,-125
07/20/2025 22:00,SCH - NPX_CSC,325154,330,330,-330
07/20/2025 22:00,SCH - OH - NY,23317,1579.04,2000,-1600
07/20/2025 22:00,SCH - PJ - NY,23316,1219.82,2000,-1050
07/20/2025 22:00,SCH - PJM_HTP,325905,660,660,-660
07/20/2025 22:00,SCH - PJM_NEPTUNE,325305,660,660,-660
07/20/2025 22:00,SCH - PJM_VFT,325658,315,315,-315
07/20/2025 22:00,SPR/DUN-SOUTH,23320,2099.79,4600,-9999
07/20/2025 22:00,TOTAL EAST,23314,2709.39,7550,-9999
07/20/2025 22:00,UPNY CONED,23315,3837.71,6985,-9999
07/20/2025 22:00,WEST CENTRAL,23312,667.2,9999,-9999
07/20/2025 22:05,CENTRAL EAST - VC,23330,1489.66,3130,-9999
07/20/2025 22:05,DYSINGER EAST,23326,1296.41,3200,-9999
07/20/2025 22:05,MOSES SOUTH,23319,-55.29,3150,-1600
07/20/2025 22:05,SCH - HQ - NY,23324,-452,1500,-980
07/20/2025 22:05,SCH - HQ_CEDARS,325274,0,270,-40
07/20/2025 22:05,SCH - HQ_IMPORT_EXPORT,325376,-452,1310,-9999
07/20/2025 22:05,SCH - NE - NY,23318,-494.68,1400,-1600
07/20/2025 22:05,SCH - NPX_1385,325277,-26,125,-125
07/20/2025 22:05,SCH - NPX_CSC,325154,330,330,-330
07/20/2025 22:05,SCH - OH - NY,23317,1641.12,2000,-1600
07/20/2025 22:05,SCH - PJ - NY,23316,1026.37,2000,-1050
07/20/2025 22:05,SCH - PJM_HTP,325905,660,660,-660
07/20/2025 22:05,SCH - PJM_NEPTUNE,325305,660,660,-660
07/20/2025 22:05,SCH - PJM_VFT,325658,315,315,-315
07/20/2025 22:05,SPR/DUN-SOUTH,23320,2159.81,4600,-9999
07/20/2025 22:05,TOTAL EAST,23314,2636.27,7550,-9999
07/20/2025 22:05,UPNY CONED,23315,3858.37,6985,-9999
07/20/2025 22:05,WEST CENTRAL,23312,575.57,9999,-9999
07/20/2025 22:10,CENTRAL EAST - VC,23330,1436.74,3130,-9999
07/20/2025 22:10,DYSINGER EAST,23326,1198.12,3200,-9999
07/20/2025 22:10,MOSES SOUTH,23319,-86.36,3150,-1600
07/20/2025 22:10,SCH - HQ - NY,23324,-452,1500,-980
07/20/2025 22:10,SCH - HQ_CEDARS,325274,0,270,-40
07/20/2025 22:10,SCH - HQ_IMPORT_EXPORT,325376,-452,1310,-9999
07/20/2025 22:10,SCH - NE - NY,23318,-495.83,1400,-1600
07/20/2025 22:10,SCH - NPX_1385,325277,-26,125,-125
07/20/2025 22:10,SCH - NPX_CSC,325154,330,330,-330
07/20/2025 22:10,SCH - OH - NY,23317,1641.29,2000,-1600
07/20/2025 22:10,SCH - PJ - NY,23316,1025.69,2000,-1050
07/20/2025 22:10,SCH - PJM_HTP,325905,660,660,-660
07/20/2025 22:10,SCH - PJM_NEPTUNE,325305,660,660,-660
07/20/2025 22:10,SCH - PJM_VFT,325658,315,315,-315
07/20/2025 22:10,SPR/DUN-SOUTH,23320,2163.2,4600,-9999
07/20/2025 22:10,TOTAL EAST,23314,2669.7,7550,-9999
07/20/2025 22:10,UPNY CONED,23315,3829.5,6985,-9999
07/20/2025 22:10,WEST CENTRAL,23312,487.91,9999,-9999
07/20/2025 22:15,CENTRAL EAST - VC,23330,1571.64,3130,-9999
07/20/2025 22:15,DYSINGER EAST,23326,1289.7,3200,-9999
07/20/2025 22:15,MOSES SOUTH,23319,-115.14,3150,-1600
07/20/2025 22:15,SCH - HQ - NY,23324,-452,1500,-980
07/20/2025 22:15,SCH - HQ_CEDARS,325274,0,270,-40
07/20/2025 22:15,SCH - HQ_IMPORT_EXPORT,325376,-452,1310,-9999
07/20/2025 22:15,SCH - NE - NY,23318,-603.95,1400,-1600
07/20/2025 22:15,SCH - NPX_1385,325277,-26,125,-125
07/20/2025 22:15,SCH - NPX_CSC,325154,330,330,-330
07/20/2025 22:15,SCH - OH - NY,23317,1641.15,2000,-1600
07/20/2025 22:15,SCH - PJ - NY,23316,1166.34,2000,-1050
07/20/2025 22:15,SCH - PJM_HTP,325905,660,660,-660
07/20/2025 22:15,SCH - PJM_NEPTUNE,325305,660,660,-660
07/20/2025 22:15,SCH - PJM_VFT,325658,315,315,-315
07/20/2025 22:15,SPR/DUN-SOUTH,23320,2156.05,4600,-9999
07/20/2025 22:15,TOTAL EAST,23314,2830.32,7550,-9999
07/20/2025 22:15,UPNY CONED,23315,3812.85,6985,-9999
07/20/2025 22:15,WEST CENTRAL,23312,585.81,9999,-9999
07/20/2025 22:20,CENTRAL EAST - VC,23330,1629.06,3130,-9999
07/20/2025 22:20,DYSINGER EAST,23326,1445.42,3200,-9999
07/20/2025 22:20,MOSES SOUTH,23319,-133.36,3150,-1600
07/20/2025 22:20,SCH - HQ - NY,23324,-452,1500,-980
07/20/2025 22:20,SCH - HQ_CEDARS,325274,0,270,-40
07/20/2025 22:20,SCH - HQ_IMPORT_EXPORT,325376,-452,1310,-9999
07/20/2025 22:20,SCH - NE - NY,23318,-711.99,1400,-1600
07/20/2025 22:20,SCH - NPX_1385,325277,-26,125,-125
07/20/2025 22:20,SCH - NPX_CSC,325154,330,330,-330
07/20/2025 22:20,SCH - OH - NY,23317,1638.5,2000,-1600
07/20/2025 22:20,SCH - PJ - NY,23316,1305.85,2000,-1050
07/20/2025 22:20,SCH - PJM_HTP,325905,660,660,-660
07/20/2025 22:20,SCH - PJM_NEPTUNE,325305,660,660,-660
07/20/2025 22:20,SCH - PJM_VFT,325658,315,315,-315
07/20/2025 22:20,SPR/DUN-SOUTH,23320,2141.25,4600,-9999
07/20/2025 22:20,TOTAL EAST,23314,2951.47,7550,-9999
07/20/2025 22:20,UPNY CONED,23315,3786.86,6985,-9999
07/20/2025 22:20,WEST CENTRAL,23312,745.68,9999,-9999
07/20/2025 22:25,CENTRAL EAST - VC,23330,1667.08,3130,-9999
07/20/2025 22:25,DYSINGER EAST,23326,1441.76,3200,-9999
07/20/2025 22:25,MOSES SOUTH,23319,-98.76,3150,-1600
07/20/2025 22:25,SCH - HQ - NY,23324,-452,1500,-980
07/20/2025 22:25,SCH - HQ_CEDARS,325274,0,270,-40
07/20/2025 22:25,SCH - HQ_IMPORT_EXPORT,325376,-452,1310,-9999
07/20/2025 22:25,SCH - NE - NY,23318,-712.1,1400,-1600
07/20/2025 22:25,SCH - NPX_1385,325277,-26,125,-125
07/20/2025 22:25,SCH - NPX_CSC,325154,330,330,-330
07/20/2025 22:25,SCH - OH - NY,23317,1641.33,2000,-1600
07/20/2025 22:25,SCH - PJ - NY,23316,1305.39,2000,-1050
07/20/2025 22:25,SCH - PJM_HTP,325905,660,660,-660
07/20/2025 22:25,SCH - PJM_NEPTUNE,325305,660,660,-660
07/20/2025 22:25,SCH - PJM_VFT,325658,315,315,-315
07/20/2025 22:25,SPR/DUN-SOUTH,23320,2134.48,4600,-9999
07/20/2025 22:25,TOTAL EAST,23314,2961.02,7550,-9999
07/20/2025 22:25,UPNY CONED,23315,3767.55,6985,-9999
07/20/2025 22:25,WEST CENTRAL,23312,750.21,9999,-9999
07/20/2025 22:30,CENTRAL EAST - VC,23330,1603.35,3130,-9999
07/20/2025 22:30,DYSINGER EAST,23326,1355.18,3200,-9999
07/20/2025 22:30,MOSES SOUTH,23319,-143.01,3150,-1600
07/20/2025 22:30,SCH - HQ - NY,23324,-452,1500,-980
07/20/2025 22:30,SCH - HQ_CEDARS,325274,0,270,-40
07/20/2025 22:30,SCH - HQ_IMPORT_EXPORT,325376,-452,1310,-9999
07/20/2025 22:30,SCH - NE - NY,23318,-724.05,1400,-1600
07/20/2025 22:30,SCH - NPX_1385,325277,-26,125,-125
07/20/2025 22:30,SCH - NPX_CSC,325154,330,330,-330
07/20/2025 22:30,SCH - OH - NY,23317,1641.14,2000,-1600
07/20/2025 22:30,SCH - PJ - NY,23316,1171.66,2000,-1050
07/20/2025 22:30,SCH - PJM_HTP,325905,660,660,-660
07/20/2025 22:30,SCH - PJM_NEPTUNE,325305,660,660,-660
07/20/2025 22:30,SCH - PJM_VFT,325658,315,315,-315
07/20/2025 22:30,SPR/DUN-SOUTH,23320,2098.52,4600,-9999
07/20/2025 22:30,TOTAL EAST,23314,2917.45,7550,-9999
07/20/2025 22:30,UPNY CONED,23315,3716.27,6985,-9999
07/20/2025 22:30,WEST CENTRAL,23312,685.81,9999,-9999
07/20/2025 22:35,CENTRAL EAST - VC,23330,1528.82,3130,-9999
07/20/2025 22:35,DYSINGER EAST,23326,1312.36,3200,-9999
07/20/2025 22:35,MOSES SOUTH,23319,-124.85,3150,-1600
07/20/2025 22:35,SCH - HQ - NY,23324,-452,1500,-980
07/20/2025 22:35,SCH - HQ_CEDARS,325274,0,270,-40
07/20/2025 22:35,SCH - HQ_IMPORT_EXPORT,325376,-452,1310,-9999
07/20/2025 22:35,SCH - NE - NY,23318,-735.94,1400,-1600
07/20/2025 22:35,SCH - NPX_1385,325277,-26,125,-125
07/20/2025 22:35,SCH - NPX_CSC,325154,330,330,-330
07/20/2025 22:35,SCH - OH - NY,23317,1641.16,2000,-1600
07/20/2025 22:35,SCH - PJ - NY,23316,1041.16,2000,-1050
07/20/2025 22:35,SCH - PJM_HTP,325905,660,660,-660
07/20/2025 22:35,SCH - PJM_NEPTUNE,325305,660,660,-660
07/20/2025 22:35,SCH - PJM_VFT,325658,315,315,-315
07/20/2025 22:35,SPR/DUN-SOUTH,23320,2013.35,4600,-9999
07/20/2025 22:35,TOTAL EAST,23314,2855.35,7550,-9999
07/20/2025 22:35,UPNY CONED,23315,3601.46,6985,-9999
07/20/2025 22:35,WEST CENTRAL,23312,656.43,9999,-9999
07/20/2025 22:40,CENTRAL EAST - VC,23330,1562.37,3130,-9999
07/20/2025 22:40,DYSINGER EAST,23326,1297.92,3200,-9999
07/20/2025 22:40,MOSES SOUTH,23319,-139.03,3150,-1600
07/20/2025 22:40,SCH - HQ - NY,23324,-452,1500,-980
07/20/2025 22:40,SCH - HQ_CEDARS,325274,0,270,-40
07/20/2025 22:40,SCH - HQ_IMPORT_EXPORT,325376,-452,1310,-9999
07/20/2025 22:40,SCH - NE - NY,23318,-736.18,1400,-1600
07/20/2025 22:40,SCH - NPX_1385,325277,-26,125,-125
07/20/2025 22:40,SCH - NPX_CSC,325154,330,330,-330
07/20/2025 22:40,SCH - OH - NY,23317,1641.25,2000,-1600
07/20/2025 22:40,SCH - PJ - NY,23316,1041.7,2000,-1050
07/20/2025 22:40,SCH - PJM_HTP,325905,660,660,-660
07/20/2025 22:40,SCH - PJM_NEPTUNE,325305,660,660,-660
07/20/2025 22:40,SCH - PJM_VFT,325658,315,315,-315
07/20/2025 22:40,SPR/DUN-SOUTH,23320,2035.53,4600,-9999
07/20/2025 22:40,TOTAL EAST,23314,2843.11,7550,-9999
07/20/2025 22:40,UPNY CONED,23315,3619.43,6985,-9999
07/20/2025 22:40,WEST CENTRAL,23312,647.88,9999,-9999
07/20/2025 22:45,CENTRAL EAST - VC,23330,1593.07,3100,-9999
07/20/2025 22:45,DYSINGER EAST,23326,1254.01,3200,-9999
07/20/2025 22:45,MOSES SOUTH,23319,-130.82,3150,-1600
07/20/2025 22:45,SCH - HQ - NY,23324,-452,1500,-980
07/20/2025 22:45,SCH - HQ_CEDARS,325274,0,270,-40
07/20/2025 22:45,SCH - HQ_IMPORT_EXPORT,325376,-452,1310,-9999
07/20/2025 22:45,SCH - NE - NY,23318,-602.43,1400,-1600
07/20/2025 22:45,SCH - NPX_1385,325277,-26,125,-125
07/20/2025 22:45,SCH - NPX_CSC,325154,330,330,-330
07/20/2025 22:45,SCH - OH - NY,23317,1641.22,2000,-1600
07/20/2025 22:45,SCH - PJ - NY,23316,1021.34,2000,-1050
07/20/2025 22:45,SCH - PJM_HTP,325905,660,660,-660
07/20/2025 22:45,SCH - PJM_NEPTUNE,325305,660,660,-660
07/20/2025 22:45,SCH - PJM_VFT,325658,315,315,-315
07/20/2025 22:45,SPR/DUN-SOUTH,23320,2027.24,4600,-9999
07/20/2025 22:45,TOTAL EAST,23314,2815.16,7550,-9999
07/20/2025 22:45,UPNY CONED,23315,3648.58,6985,-9999
07/20/2025 22:45,WEST CENTRAL,23312,607.75,9999,-9999
07/20/2025 22:50,CENTRAL EAST - VC,23330,1488.87,3100,-9999
07/20/2025 22:50,DYSINGER EAST,23326,1130.64,3200,-9999
07/20/2025 22:50,MOSES SOUTH,23319,-133.73,3150,-1600
07/20/2025 22:50,SCH - HQ - NY,23324,-452,1500,-980
07/20/2025 22:50,SCH - HQ_CEDARS,325274,0,270,-40
07/20/2025 22:50,SCH - HQ_IMPORT_EXPORT,325376,-452,1310,-9999
07/20/2025 22:50,SCH - NE - NY,23318,-469.05,1400,-1600
07/20/2025 22:50,SCH - NPX_1385,325277,-26,125,-125
07/20/2025 22:50,SCH - NPX_CSC,325154,330,330,-330
07/20/2025 22:50,SCH - OH - NY,23317,1641.23,2000,-1600
07/20/2025 22:50,SCH - PJ - NY,23316,1006.43,2000,-1050
07/20/2025 22:50,SCH - PJM_HTP,325905,660,660,-660
07/20/2025 22:50,SCH - PJM_NEPTUNE,325305,660,660,-660
07/20/2025 22:50,SCH - PJM_VFT,325658,315,315,-315
07/20/2025 22:50,SPR/DUN-SOUTH,23320,1993.48,4600,-9999
07/20/2025 22:50,TOTAL EAST,23314,2693.69,7550,-9999
07/20/2025 22:50,UPNY CONED,23315,3644.54,6985,-9999
07/20/2025 22:50,WEST CENTRAL,23312,495.66,9999,-9999
07/20/2025 22:55,CENTRAL EAST - VC,23330,1423.18,3100,-9999
07/20/2025 22:55,DYSINGER EAST,23326,1090.48,3200,-9999
07/20/2025 22:55,MOSES SOUTH,23319,-133.01,3150,-1600
07/20/2025 22:55,SCH - HQ - NY,23324,-452,1500,-980
07/20/2025 22:55,SCH - HQ_CEDARS,325274,0,270,-40
07/20/2025 22:55,SCH - HQ_IMPORT_EXPORT,325376,-452,1310,-9999
07/20/2025 22:55,SCH - NE - NY,23318,-468.94,1400,-1600
07/20/2025 22:55,SCH - NPX_1385,325277,-26,125,-125
07/20/2025 22:55,SCH - NPX_CSC,325154,330,330,-330
07/20/2025 22:55,SCH - OH - NY,23317,1641.14,2000,-1600
07/20/2025 22:55,SCH - PJ - NY,23316,1002.09,2000,-1050
07/20/2025 22:55,SCH - PJM_HTP,325905,660,660,-660
07/20/2025 22:55,SCH - PJM_NEPTUNE,325305,660,660,-660
07/20/2025 22:55,SCH - PJM_VFT,325658,315,315,-315
07/20/2025 22:55,SPR/DUN-SOUTH,23320,1963.28,4600,-9999
07/20/2025 22:55,TOTAL EAST,23314,2652.78,7550,-9999
07/20/2025 22:55,UPNY CONED,23315,3593.79,6985,-9999
07/20/2025 22:55,WEST CENTRAL,23312,467.46,9999,-9999
07/20/2025 23:00,CENTRAL EAST - VC,23330,1413.55,3100,-9999
07/20/2025 23:00,DYSINGER EAST,23326,902.66,3200,-9999
07/20/2025 23:00,MOSES SOUTH,23319,-149.38,3150,-1600
07/20/2025 23:00,SCH - HQ - NY,23324,-402,1500,-980
07/20/2025 23:00,SCH - HQ_CEDARS,325274,0,270,-40
07/20/2025 23:00,SCH - HQ_IMPORT_EXPORT,325376,-402,1310,-9999
07/20/2025 23:00,SCH - NE - NY,23318,-409.96,1400,-1600
07/20/2025 23:00,SCH - NPX_1385,325277,-15,125,-125
07/20/2025 23:00,SCH - NPX_CSC,325154,330,330,-330
07/20/2025 23:00,SCH - OH - NY,23317,1520.09,2000,-1600
07/20/2025 23:00,SCH - PJ - NY,23316,1171.42,2000,-1050
07/20/2025 23:00,SCH - PJM_HTP,325905,660,660,-660
07/20/2025 23:00,SCH - PJM_NEPTUNE,325305,660,660,-660
07/20/2025 23:00,SCH - PJM_VFT,325658,315,315,-315
07/20/2025 23:00,SPR/DUN-SOUTH,23320,2022.14,4600,-9999
07/20/2025 23:00,TOTAL EAST,23314,2694.65,7550,-9999
07/20/2025 23:00,UPNY CONED,23315,3576.55,6985,-9999
07/20/2025 23:00,WEST CENTRAL,23312,291.42,9999,-9999
07/20/2025 23:05,CENTRAL EAST - VC,23330,1408.52,3100,-9999
07/20/2025 23:05,DYSINGER EAST,23326,793.05,3200,-9999
07/20/2025 23:05,MOSES SOUTH,23319,-90.86,3150,-1600
07/20/2025 23:05,SCH - HQ - NY,23324,-352,1500,-980
07/20/2025 23:05,SCH - HQ_CEDARS,325274,0,270,-40
07/20/2025 23:05,SCH - HQ_IMPORT_EXPORT,325376,-352,1310,-9999
07/20/2025 23:05,SCH - NE - NY,23318,-350.81,1400,-1600
07/20/2025 23:05,SCH - NPX_1385,325277,-3,125,-125
07/20/2025 23:05,SCH - NPX_CSC,325154,330,330,-330
07/20/2025 23:05,SCH - OH - NY,23317,1398.94,2000,-1600
07/20/2025 23:05,SCH - PJ - NY,23316,1339.76,2000,-1050
07/20/2025 23:05,SCH - PJM_HTP,325905,660,660,-660
07/20/2025 23:05,SCH - PJM_NEPTUNE,325305,660,660,-660
07/20/2025 23:05,SCH - PJM_VFT,325658,315,315,-315
07/20/2025 23:05,SPR/DUN-SOUTH,23320,2063.67,4600,-9999
07/20/2025 23:05,TOTAL EAST,23314,2668.27,7550,-9999
07/20/2025 23:05,UPNY CONED,23315,3621.7,6985,-9999
07/20/2025 23:05,WEST CENTRAL,23312,187.54,9999,-9999
07/20/2025 23:10,CENTRAL EAST - VC,23330,1381.69,3100,-9999
07/20/2025 23:10,DYSINGER EAST,23326,707.09,3200,-9999
07/20/2025 23:10,MOSES SOUTH,23319,-122.14,3150,-1600
07/20/2025 23:10,SCH - HQ - NY,23324,-352,1500,-980
07/20/2025 23:10,SCH - HQ_CEDARS,325274,0,270,-40
07/20/2025 23:10,SCH - HQ_IMPORT_EXPORT,325376,-352,1310,-9999
07/20/2025 23:10,SCH - NE - NY,23318,-351.65,1400,-1600
07/20/2025 23:10,SCH - NPX_1385,325277,-3,125,-125
07/20/2025 23:10,SCH - NPX_CSC,325154,330,330,-330
07/20/2025 23:10,SCH - OH - NY,23317,1397.83,2000,-1600
07/20/2025 23:10,SCH - PJ - NY,23316,1342.28,2000,-1050
07/20/2025 23:10,SCH - PJM_HTP,325905,660,660,-660
07/20/2025 23:10,SCH - PJM_NEPTUNE,325305,660,660,-660
07/20/2025 23:10,SCH - PJM_VFT,325658,315,315,-315
07/20/2025 23:10,SPR/DUN-SOUTH,23320,1986.79,4600,-9999
07/20/2025 23:10,TOTAL EAST,23314,2605.24,7550,-9999
07/20/2025 23:10,UPNY CONED,23315,3561.38,6985,-9999
07/20/2025 23:10,WEST CENTRAL,23312,107.09,9999,-9999
07/20/2025 23:15,CENTRAL EAST - VC,23330,1365.17,3100,-9999
07/20/2025 23:15,DYSINGER EAST,23326,723.22,3200,-9999
07/20/2025 23:15,MOSES SOUTH,23319,-239.35,3150,-1600
07/20/2025 23:15,SCH - HQ - NY,23324,-352,1500,-980
07/20/2025 23:15,SCH - HQ_CEDARS,325274,0,270,-40
07/20/2025 23:15,SCH - HQ_IMPORT_EXPORT,325376,-352,1310,-9999
07/20/2025 23:15,SCH - NE - NY,23318,-477.35,1400,-1600
07/20/2025 23:15,SCH - NPX_1385,325277,-3,125,-125
07/20/2025 23:15,SCH - NPX_CSC,325154,330,330,-330
07/20/2025 23:15,SCH - OH - NY,23317,1399,2000,-1600
07/20/2025 23:15,SCH - PJ - NY,23316,1315.86,2000,-1050
07/20/2025 23:15,SCH - PJM_HTP,325905,660,660,-660
07/20/2025 23:15,SCH - PJM_NEPTUNE,325305,660,660,-660
07/20/2025 23:15,SCH - PJM_VFT,325658,315,315,-315
07/20/2025 23:15,SPR/DUN-SOUTH,23320,1909.55,4600,-9999
07/20/2025 23:15,TOTAL EAST,23314,2599.66,7550,-9999
07/20/2025 23:15,UPNY CONED,23315,3451.15,6985,-9999
07/20/2025 23:15,WEST CENTRAL,23312,127.7,9999,-9999
07/20/2025 23:20,CENTRAL EAST - VC,23330,1375.54,3100,-9999
07/20/2025 23:20,DYSINGER EAST,23326,812.8,3200,-9999
07/20/2025 23:20,MOSES SOUTH,23319,-245.23,3150,-1600
07/20/2025 23:20,SCH - HQ - NY,23324,-352,1500,-980
07/20/2025 23:20,SCH - HQ_CEDARS,325274,0,270,-40
07/20/2025 23:20,SCH - HQ_IMPORT_EXPORT,325376,-352,1310,-9999
07/20/2025 23:20,SCH - NE - NY,23318,-603.5,1400,-1600
07/20/2025 23:20,SCH - NPX_1385,325277,-3,125,-125
07/20/2025 23:20,SCH - NPX_CSC,325154,330,330,-330
07/20/2025 23:20,SCH - OH - NY,23317,1398.96,2000,-1600
07/20/2025 23:20,SCH - PJ - NY,23316,1287.52,2000,-1050
07/20/2025 23:20,SCH - PJM_HTP,325905,660,660,-660
07/20/2025 23:20,SCH - PJM_NEPTUNE,325305,660,660,-660
07/20/2025 23:20,SCH - PJM_VFT,325658,315,315,-315
07/20/2025 23:20,SPR/DUN-SOUTH,23320,1855.76,4600,-9999
07/20/2025 23:20,TOTAL EAST,23314,2595.33,7550,-9999
07/20/2025 23:20,UPNY CONED,23315,3343.39,6985,-9999
07/20/2025 23:20,WEST CENTRAL,23312,221.29,9999,-9999
07/20/2025 23:25,CENTRAL EAST - VC,23330,1404.3,3100,-9999
07/20/2025 23:25,DYSINGER EAST,23326,801.25,3200,-9999
07/20/2025 23:25,MOSES SOUTH,23319,-261.92,3150,-1600
07/20/2025 23:25,SCH - HQ - NY,23324,-352,1500,-980
07/20/2025 23:25,SCH - HQ_CEDARS,325274,0,270,-40
07/20/2025 23:25,SCH - HQ_IMPORT_EXPORT,325376,-352,1310,-9999
07/20/2025 23:25,SCH - NE - NY,23318,-603.69,1400,-1600
07/20/2025 23:25,SCH - NPX_1385,325277,-3,125,-125
07/20/2025 23:25,SCH - NPX_CSC,325154,330,330,-330
07/20/2025 23:25,SCH - OH - NY,23317,1398.98,2000,-1600
07/20/2025 23:25,SCH - PJ - NY,23316,1291.19,2000,-1050
07/20/2025 23:25,SCH - PJM_HTP,325905,660,660,-660
07/20/2025 23:25,SCH - PJM_NEPTUNE,325305,660,660,-660
07/20/2025 23:25,SCH - PJM_VFT,325658,315,315,-315
07/20/2025 23:25,SPR/DUN-SOUTH,23320,1908.76,4600,-9999
07/20/2025 23:25,TOTAL EAST,23314,2642.62,7550,-9999
07/20/2025 23:25,UPNY CONED,23315,3377.58,6985,-9999
07/20/2025 23:25,WEST CENTRAL,23312,226.18,9999,-9999
07/20/2025 23:30,CENTRAL EAST - VC,23330,1450.47,3100,-9999
07/20/2025 23:30,DYSINGER EAST,23326,827.91,3200,-9999
07/20/2025 23:30,MOSES SOUTH,23319,-273.59,3150,-1600
07/20/2025 23:30,SCH - HQ - NY,23324,-352,1500,-980
07/20/2025 23:30,SCH - HQ_CEDARS,325274,0,270,-40
07/20/2025 23:30,SCH - HQ_IMPORT_EXPORT,325376,-352,1310,-9999
07/20/2025 23:30,SCH - NE - NY,23318,-640.66,1400,-1600
07/20/2025 23:30,SCH - NPX_1385,325277,-3,125,-125
07/20/2025 23:30,SCH - NPX_CSC,325154,330,330,-330
07/20/2025 23:30,SCH - OH - NY,23317,1398.97,2000,-1600
07/20/2025 23:30,SCH - PJ - NY,23316,1316.23,2000,-1050
07/20/2025 23:30,SCH - PJM_HTP,325905,660,660,-660
07/20/2025 23:30,SCH - PJM_NEPTUNE,325305,660,660,-660
07/20/2025 23:30,SCH - PJM_VFT,325658,315,315,-315
07/20/2025 23:30,SPR/DUN-SOUTH,23320,1961.72,4600,-9999
07/20/2025 23:30,TOTAL EAST,23314,2698.82,7550,-9999
07/20/2025 23:30,UPNY CONED,23315,3369.64,6615,-9999
07/20/2025 23:30,WEST CENTRAL,23312,264.45,9999,-9999
07/20/2025 23:35,CENTRAL EAST - VC,23330,1485.65,3100,-9999
07/20/2025 23:35,DYSINGER EAST,23326,842.96,3200,-9999
07/20/2025 23:35,MOSES SOUTH,23319,-286.18,3150,-1600
07/20/2025 23:35,SCH - HQ - NY,23324,-352,1500,-980
07/20/2025 23:35,SCH - HQ_CEDARS,325274,0,270,-40
07/20/2025 23:35,SCH - HQ_IMPORT_EXPORT,325376,-352,1310,-9999
07/20/2025 23:35,SCH - NE - NY,23318,-677.81,1400,-1600
07/20/2025 23:35,SCH - NPX_1385,325277,-3,125,-125
07/20/2025 23:35,SCH - NPX_CSC,325154,330,330,-330
07/20/2025 23:35,SCH - OH - NY,23317,1398.99,2000,-1600
07/20/2025 23:35,SCH - PJ - NY,23316,1343.44,2000,-1050
07/20/2025 23:35,SCH - PJM_HTP,325905,660,660,-660
07/20/2025 23:35,SCH - PJM_NEPTUNE,325305,660,660,-660
07/20/2025 23:35,SCH - PJM_VFT,325658,315,315,-315
07/20/2025 23:35,SPR/DUN-SOUTH,23320,1973.81,4600,-9999
07/20/2025 23:35,TOTAL EAST,23314,2753.07,7550,-9999
07/20/2025 23:35,UPNY CONED,23315,3415.41,6615,-9999
07/20/2025 23:35,WEST CENTRAL,23312,291.24,9999,-9999
07/20/2025 23:40,CENTRAL EAST - VC,23330,1471.19,3100,-9999
07/20/2025 23:40,DYSINGER EAST,23326,885.63,3200,-9999
07/20/2025 23:40,MOSES SOUTH,23319,-257.89,3150,-1600
07/20/2025 23:40,SCH - HQ - NY,23324,-352,1500,-980
07/20/2025 23:40,SCH - HQ_CEDARS,325274,0,270,-40
07/20/2025 23:40,SCH - HQ_IMPORT_EXPORT,325376,-352,1310,-9999
07/20/2025 23:40,SCH - NE - NY,23318,-677.84,1400,-1600
07/20/2025 23:40,SCH - NPX_1385,325277,-3,125,-125
07/20/2025 23:40,SCH - NPX_CSC,325154,330,330,-330
07/20/2025 23:40,SCH - OH - NY,23317,1394.05,2000,-1600
07/20/2025 23:40,SCH - PJ - NY,23316,1344.78,2000,-1050
07/20/2025 23:40,SCH - PJM_HTP,325905,660,660,-660
07/20/2025 23:40,SCH - PJM_NEPTUNE,325305,660,660,-660
07/20/2025 23:40,SCH - PJM_VFT,325658,315,315,-315
07/20/2025 23:40,SPR/DUN-SOUTH,23320,1951.25,4600,-9999
07/20/2025 23:40,TOTAL EAST,23314,2772.12,7550,-9999
07/20/2025 23:40,UPNY CONED,23315,3440.34,6615,-9999
07/20/2025 23:40,WEST CENTRAL,23312,340.12,9999,-9999
07/20/2025 23:45,CENTRAL EAST - VC,23330,1477.19,3100,-9999
07/20/2025 23:45,DYSINGER EAST,23326,836.85,3200,-9999
07/20/2025 23:45,MOSES SOUTH,23319,-271.61,3150,-1600
07/20/2025 23:45,SCH - HQ - NY,23324,-352,1500,-980
07/20/2025 23:45,SCH - HQ_CEDARS,325274,0,270,-40
07/20/2025 23:45,SCH - HQ_IMPORT_EXPORT,325376,-352,1310,-9999
07/20/2025 23:45,SCH - NE - NY,23318,-613.43,1400,-1600
07/20/2025 23:45,SCH - NPX_1385,325277,-3,125,-125
07/20/2025 23:45,SCH - NPX_CSC,325154,330,330,-330
07/20/2025 23:45,SCH - OH - NY,23317,1399.05,2000,-1600
07/20/2025 23:45,SCH - PJ - NY,23316,1342.08,2000,-1050
07/20/2025 23:45,SCH - PJM_HTP,325905,660,660,-660
07/20/2025 23:45,SCH - PJM_NEPTUNE,325305,660,660,-660
07/20/2025 23:45,SCH - PJM_VFT,325658,315,315,-315
07/20/2025 23:45,SPR/DUN-SOUTH,23320,1952.47,4600,-9999
07/20/2025 23:45,TOTAL EAST,23314,2830.82,7550,-9999
07/20/2025 23:45,UPNY CONED,23315,3544.95,6615,-9999
07/20/2025 23:45,WEST CENTRAL,23312,300.11,9999,-9999
07/20/2025 23:50,CENTRAL EAST - VC,23330,1438.23,3100,-9999
07/20/2025 23:50,DYSINGER EAST,23326,882.51,3200,-9999
07/20/2025 23:50,MOSES SOUTH,23319,-241.03,3150,-1600
07/20/2025 23:50,SCH - HQ - NY,23324,-352,1500,-980
07/20/2025 23:50,SCH - HQ_CEDARS,325274,0,270,-40
07/20/2025 23:50,SCH - HQ_IMPORT_EXPORT,325376,-352,1310,-9999
07/20/2025 23:50,SCH - NE - NY,23318,-550.15,1400,-1600
07/20/2025 23:50,SCH - NPX_1385,325277,-3,125,-125
07/20/2025 23:50,SCH - NPX_CSC,325154,330,330,-330
07/20/2025 23:50,SCH - OH - NY,23317,1398.99,2000,-1600
07/20/2025 23:50,SCH - PJ - NY,23316,1342.68,2000,-1050
07/20/2025 23:50,SCH - PJM_HTP,325905,660,660,-660
07/20/2025 23:50,SCH - PJM_NEPTUNE,325305,660,660,-660
07/20/2025 23:50,SCH - PJM_VFT,325658,315,315,-315
07/20/2025 23:50,SPR/DUN-SOUTH,23320,1948.41,4600,-9999
07/20/2025 23:50,TOTAL EAST,23314,2790.44,7550,-9999
07/20/2025 23:50,UPNY CONED,23315,3572.28,6615,-9999
07/20/2025 23:50,WEST CENTRAL,23312,351.9,9999,-9999
07/20/2025 23:55,CENTRAL EAST - VC,23330,1484.84,3100,-9999
07/20/2025 23:55,DYSINGER EAST,23326,909.88,3200,-9999
07/20/2025 23:55,MOSES SOUTH,23319,-231.43,3150,-1600
07/20/2025 23:55,SCH - HQ - NY,23324,-352,1500,-980
07/20/2025 23:55,SCH - HQ_CEDARS,325274,0,270,-40
07/20/2025 23:55,SCH - HQ_IMPORT_EXPORT,325376,-352,1310,-9999
07/20/2025 23:55,SCH - NE - NY,23318,-550.27,1400,-1600
07/20/2025 23:55,SCH - NPX_1385,325277,-3,125,-125
07/20/2025 23:55,SCH - NPX_CSC,325154,330,330,-330
07/20/2025 23:55,SCH - OH - NY,23317,1395.01,2000,-1600
07/20/2025 23:55,SCH - PJ - NY,23316,1348.52,2000,-1050
07/20/2025 23:55,SCH - PJM_HTP,325905,660,660,-660
07/20/2025 23:55,SCH - PJM_NEPTUNE,325305,660,660,-660
07/20/2025 23:55,SCH - PJM_VFT,325658,315,315,-315
07/20/2025 23:55,SPR/DUN-SOUTH,23320,1929.26,4600,-9999
07/20/2025 23:55,TOTAL EAST,23314,2787.34,7550,-9999
07/20/2025 23:55,UPNY CONED,23315,3606.52,6615,-9999
07/20/2025 23:55,WEST CENTRAL,23312,384.77,9999,-9999
