Timestamp,Interface Name,Point ID,Flow (MWH),Positive Limit (MWH),Negative Limit (MWH)
04/08/2019 00:00,CENTRAL EAST - VC,23330,1896.3,2185,-9999
04/08/2019 00:00,DYSINGER EAST,23326,678.76,3150,-9999
04/08/2019 00:00,MOSES SOUTH,23319,1599.78,3150,-1600
04/08/2019 00:00,SCH - HQ - NY,23324,904,1450,-1000
04/08/2019 00:00,SCH - HQ_CEDARS,325274,50,160,0
04/08/2019 00:00,SCH - HQ_IMPORT_EXPORT,325376,799,1310,-9999
04/08/2019 00:00,SCH - NE - NY,23318,-120.53,600,-800
04/08/2019 00:00,SCH - NPX_1385,325277,0,100,-100
04/08/2019 00:00,SCH - NPX_CSC,325154,75,330,-330
04/08/2019 00:00,SCH - OH - NY,23317,999.17,1300,-1900
04/08/2019 00:00,SCH - PJ - NY,23316,14.33,2000,-1300
04/08/2019 00:00,SCH - PJM_HTP,325905,0,660,-660
04/08/2019 00:00,SCH - PJM_NEPTUNE,325305,568,660,-660
04/08/2019 00:00,SCH - PJM_VFT,325658,0,0,0
04/08/2019 00:00,SPR/DUN-SOUTH,23320,2281.18,4600,-9999
04/08/2019 00:00,TOTAL EAST,23314,3771.65,6800,-9999
04/08/2019 00:00,UPNY CONED,23315,2337.72,5700,-9999
04/08/2019 00:00,WEST CENTRAL,23312,477.06,9999,-9999
04/08/2019 00:05,CENTRAL EAST - VC,23330,1904.93,2185,-9999
04/08/2019 00:05,DYSINGER EAST,23326,754.14,3150,-9999
04/08/2019 00:05,MOSES SOUTH,23319,1515.56,3150,-1600
04/08/2019 00:05,SCH - HQ - NY,23324,880,1450,-1000
04/08/2019 00:05,SCH - HQ_CEDARS,325274,0,160,0
04/08/2019 00:05,SCH - HQ_IMPORT_EXPORT,325376,775,1310,-9999
04/08/2019 00:05,SCH - NE - NY,23318,-143.03,600,-800
04/08/2019 00:05,SCH - NPX_1385,325277,0,100,-100
04/08/2019 00:05,SCH - NPX_CSC,325154,100,330,-330
04/08/2019 00:05,SCH - OH - NY,23317,999.03,1300,-1900
04/08/2019 00:05,SCH - PJ - NY,23316,27.06,2000,-1300
04/08/2019 00:05,SCH - PJM_HTP,325905,0,660,-660
04/08/2019 00:05,SCH - PJM_NEPTUNE,325305,477,660,-660
04/08/2019 00:05,SCH - PJM_VFT,325658,0,0,0
04/08/2019 00:05,SPR/DUN-SOUTH,23320,2213.24,4600,-9999
04/08/2019 00:05,TOTAL EAST,23314,3786.25,6800,-9999
04/08/2019 00:05,UPNY CONED,23315,2322.45,5700,-9999
04/08/2019 00:05,WEST CENTRAL,23312,554.72,9999,-9999
04/08/2019 00:10,CENTRAL EAST - VC,23330,1897.15,2160,-9999
04/08/2019 00:10,DYSINGER EAST,23326,728.38,3150,-9999
04/08/2019 00:10,MOSES SOUTH,23319,1496.41,3150,-1600
04/08/2019 00:10,SCH - HQ - NY,23324,880,1450,-1000
04/08/2019 00:10,SCH - HQ_CEDARS,325274,0,160,0
04/08/2019 00:10,SCH - HQ_IMPORT_EXPORT,325376,775,1310,-9999
04/08/2019 00:10,SCH - NE - NY,23318,-143.17,600,-800
04/08/2019 00:10,SCH - NPX_1385,325277,0,100,-100
04/08/2019 00:10,SCH - NPX_CSC,325154,100,330,-330
04/08/2019 00:10,SCH - OH - NY,23317,998.77,1300,-1900
04/08/2019 00:10,SCH - PJ - NY,23316,31.35,2000,-1300
04/08/2019 00:10,SCH - PJM_HTP,325905,0,660,-660
04/08/2019 00:10,SCH - PJM_NEPTUNE,325305,477,660,-660
04/08/2019 00:10,SCH - PJM_VFT,325658,0,0,0
04/08/2019 00:10,SPR/DUN-SOUTH,23320,2163.67,4600,-9999
04/08/2019 00:10,TOTAL EAST,23314,3825.34,6800,-9999
04/08/2019 00:10,UPNY CONED,23315,2262.77,5700,-9999
04/08/2019 00:10,WEST CENTRAL,23312,531.16,9999,-9999
04/08/2019 00:15,CENTRAL EAST - VC,23330,1869.58,2160,-9999
04/08/2019 00:15,DYSINGER EAST,23326,673.18,3150,-9999
04/08/2019 00:15,MOSES SOUTH,23319,1485.62,3150,-1600
04/08/2019 00:15,SCH - HQ - NY,23324,880,1450,-1000
04/08/2019 00:15,SCH - HQ_CEDARS,325274,0,160,0
04/08/2019 00:15,SCH - HQ_IMPORT_EXPORT,325376,775,1310,-9999
04/08/2019 00:15,SCH - NE - NY,23318,-167.83,600,-800
04/08/2019 00:15,SCH - NPX_1385,325277,0,100,-100
04/08/2019 00:15,SCH - NPX_CSC,325154,100,330,-330
04/08/2019 00:15,SCH - OH - NY,23317,998.49,1300,-1900
04/08/2019 00:15,SCH - PJ - NY,23316,28.14,2000,-1300
04/08/2019 00:15,SCH - PJM_HTP,325905,0,660,-660
04/08/2019 00:15,SCH - PJM_NEPTUNE,325305,477,660,-660
04/08/2019 00:15,SCH - PJM_VFT,325658,0,0,0
04/08/2019 00:15,SPR/DUN-SOUTH,23320,2165.55,4600,-9999
04/08/2019 00:15,TOTAL EAST,23314,3857.1,6800,-9999
04/08/2019 00:15,UPNY CONED,23315,2252.51,5700,-9999
04/08/2019 00:15,WEST CENTRAL,23312,477.79,9999,-9999
04/08/2019 00:20,CENTRAL EAST - VC,23330,1895.73,2160,-9999
04/08/2019 00:20,DYSINGER EAST,23326,667.95,3150,-9999
04/08/2019 00:20,MOSES SOUTH,23319,1505.53,3150,-1600
04/08/2019 00:20,SCH - HQ - NY,23324,880,1450,-1000
04/08/2019 00:20,SCH - HQ_CEDARS,325274,0,160,0
04/08/2019 00:20,SCH - HQ_IMPORT_EXPORT,325376,775,1310,-9999
04/08/2019 00:20,SCH - NE - NY,23318,-192.08,600,-800
04/08/2019 00:20,SCH - NPX_1385,325277,0,100,-100
04/08/2019 00:20,SCH - NPX_CSC,325154,100,330,-330
04/08/2019 00:20,SCH - OH - NY,23317,998.8,1300,-1900
04/08/2019 00:20,SCH - PJ - NY,23316,29.32,2000,-1300
04/08/2019 00:20,SCH - PJM_HTP,325905,0,660,-660
04/08/2019 00:20,SCH - PJM_NEPTUNE,325305,477,660,-660
04/08/2019 00:20,SCH - PJM_VFT,325658,0,0,0
04/08/2019 00:20,SPR/DUN-SOUTH,23320,2164.43,4600,-9999
04/08/2019 00:20,TOTAL EAST,23314,3882.46,6800,-9999
04/08/2019 00:20,UPNY CONED,23315,2256.73,5700,-9999
04/08/2019 00:20,WEST CENTRAL,23312,472.5,9999,-9999
04/08/2019 00:25,CENTRAL EAST - VC,23330,1927.45,2160,-9999
04/08/2019 00:25,DYSINGER EAST,23326,687.43,3150,-9999
04/08/2019 00:25,MOSES SOUTH,23319,1537.32,3150,-1600
04/08/2019 00:25,SCH - HQ - NY,23324,880,1450,-1000
04/08/2019 00:25,SCH - HQ_CEDARS,325274,0,160,0
04/08/2019 00:25,SCH - HQ_IMPORT_EXPORT,325376,775,1310,-9999
04/08/2019 00:25,SCH - NE - NY,23318,-192.1,600,-800
04/08/2019 00:25,SCH - NPX_1385,325277,0,100,-100
04/08/2019 00:25,SCH - NPX_CSC,325154,100,330,-330
04/08/2019 00:25,SCH - OH - NY,23317,999,1300,-1900
04/08/2019 00:25,SCH - PJ - NY,23316,28.27,2000,-1300
04/08/2019 00:25,SCH - PJM_HTP,325905,0,660,-660
04/08/2019 00:25,SCH - PJM_NEPTUNE,325305,477,660,-660
04/08/2019 00:25,SCH - PJM_VFT,325658,0,0,0
04/08/2019 00:25,SPR/DUN-SOUTH,23320,2172.15,4600,-9999
04/08/2019 00:25,TOTAL EAST,23314,3874.78,6800,-9999
04/08/2019 00:25,UPNY CONED,23315,2260.45,5700,-9999
04/08/2019 00:25,WEST CENTRAL,23312,493.77,9999,-9999
04/08/2019 00:30,CENTRAL EAST - VC,23330,1907.55,2160,-9999
04/08/2019 00:30,DYSINGER EAST,23326,632.97,3150,-9999
04/08/2019 00:30,MOSES SOUTH,23319,1532.91,3150,-1600
04/08/2019 00:30,SCH - HQ - NY,23324,880,1450,-1000
04/08/2019 00:30,SCH - HQ_CEDARS,325274,0,160,0
04/08/2019 00:30,SCH - HQ_IMPORT_EXPORT,325376,775,1310,-9999
04/08/2019 00:30,SCH - NE - NY,23318,-158.32,600,-800
04/08/2019 00:30,SCH - NPX_1385,325277,0,100,-100
04/08/2019 00:30,SCH - NPX_CSC,325154,100,330,-330
04/08/2019 00:30,SCH - OH - NY,23317,999.05,1300,-1900
04/08/2019 00:30,SCH - PJ - NY,23316,14.3,2000,-1300
04/08/2019 00:30,SCH - PJM_HTP,325905,0,660,-660
04/08/2019 00:30,SCH - PJM_NEPTUNE,325305,477,660,-660
04/08/2019 00:30,SCH - PJM_VFT,325658,0,0,0
04/08/2019 00:30,SPR/DUN-SOUTH,23320,2174.57,4600,-9999
04/08/2019 00:30,TOTAL EAST,23314,3822.08,6800,-9999
04/08/2019 00:30,UPNY CONED,23315,2256.75,5700,-9999
04/08/2019 00:30,WEST CENTRAL,23312,439.81,9999,-9999
04/08/2019 00:35,CENTRAL EAST - VC,23330,1911.63,2160,-9999
04/08/2019 00:35,DYSINGER EAST,23326,620.29,3150,-9999
04/08/2019 00:35,MOSES SOUTH,23319,1570.26,3150,-1600
04/08/2019 00:35,SCH - HQ - NY,23324,880,1450,-1000
04/08/2019 00:35,SCH - HQ_CEDARS,325274,0,160,0
04/08/2019 00:35,SCH - HQ_IMPORT_EXPORT,325376,775,1310,-9999
04/08/2019 00:35,SCH - NE - NY,23318,-125.68,600,-800
04/08/2019 00:35,SCH - NPX_1385,325277,0,100,-100
04/08/2019 00:35,SCH - NPX_CSC,325154,100,330,-330
04/08/2019 00:35,SCH - OH - NY,23317,999.34,1300,-1900
04/08/2019 00:35,SCH - PJ - NY,23316,-3.53,2000,-1300
04/08/2019 00:35,SCH - PJM_HTP,325905,0,660,-660
04/08/2019 00:35,SCH - PJM_NEPTUNE,325305,477,660,-660
04/08/2019 00:35,SCH - PJM_VFT,325658,0,0,0
04/08/2019 00:35,SPR/DUN-SOUTH,23320,2165.42,4600,-9999
04/08/2019 00:35,TOTAL EAST,23314,3770.71,6800,-9999
04/08/2019 00:35,UPNY CONED,23315,2240.33,5700,-9999
04/08/2019 00:35,WEST CENTRAL,23312,428.15,9999,-9999
04/08/2019 00:40,CENTRAL EAST - VC,23330,1896.27,2160,-9999
04/08/2019 00:40,DYSINGER EAST,23326,653.41,3150,-9999
04/08/2019 00:40,MOSES SOUTH,23319,1543.75,3150,-1600
04/08/2019 00:40,SCH - HQ - NY,23324,880,1450,-1000
04/08/2019 00:40,SCH - HQ_CEDARS,325274,0,160,0
04/08/2019 00:40,SCH - HQ_IMPORT_EXPORT,325376,775,1310,-9999
04/08/2019 00:40,SCH - NE - NY,23318,-125.76,600,-800
04/08/2019 00:40,SCH - NPX_1385,325277,0,100,-100
04/08/2019 00:40,SCH - NPX_CSC,325154,100,330,-330
04/08/2019 00:40,SCH - OH - NY,23317,999.44,1300,-1900
04/08/2019 00:40,SCH - PJ - NY,23316,-4.43,2000,-1300
04/08/2019 00:40,SCH - PJM_HTP,325905,0,660,-660
04/08/2019 00:40,SCH - PJM_NEPTUNE,325305,477,660,-660
04/08/2019 00:40,SCH - PJM_VFT,325658,0,0,0
04/08/2019 00:40,SPR/DUN-SOUTH,23320,2146.99,4600,-9999
04/08/2019 00:40,TOTAL EAST,23314,3742.98,6800,-9999
04/08/2019 00:40,UPNY CONED,23315,2213.59,5700,-9999
04/08/2019 00:40,WEST CENTRAL,23312,463.85,9999,-9999
04/08/2019 00:45,CENTRAL EAST - VC,23330,1901.84,2160,-9999
04/08/2019 00:45,DYSINGER EAST,23326,671.19,3150,-9999
04/08/2019 00:45,MOSES SOUTH,23319,1496.78,3150,-1600
04/08/2019 00:45,SCH - HQ - NY,23324,880,1450,-1000
04/08/2019 00:45,SCH - HQ_CEDARS,325274,0,160,0
04/08/2019 00:45,SCH - HQ_IMPORT_EXPORT,325376,775,1310,-9999
04/08/2019 00:45,SCH - NE - NY,23318,-171.71,600,-800
04/08/2019 00:45,SCH - NPX_1385,325277,0,100,-100
04/08/2019 00:45,SCH - NPX_CSC,325154,100,330,-330
04/08/2019 00:45,SCH - OH - NY,23317,999.07,1300,-1900
04/08/2019 00:45,SCH - PJ - NY,23316,-1.26,2000,-1300
04/08/2019 00:45,SCH - PJM_HTP,325905,0,660,-660
04/08/2019 00:45,SCH - PJM_NEPTUNE,325305,477,660,-660
04/08/2019 00:45,SCH - PJM_VFT,325658,0,0,0
04/08/2019 00:45,SPR/DUN-SOUTH,23320,2140.38,4600,-9999
04/08/2019 00:45,TOTAL EAST,23314,3771.05,6800,-9999
04/08/2019 00:45,UPNY CONED,23315,2201.84,5700,-9999
04/08/2019 00:45,WEST CENTRAL,23312,482.82,9999,-9999
04/08/2019 00:50,CENTRAL EAST - VC,23330,1933.54,2160,-9999
04/08/2019 00:50,DYSINGER EAST,23326,685.65,3150,-9999
04/08/2019 00:50,MOSES SOUTH,23319,1493.18,3150,-1600
04/08/2019 00:50,SCH - HQ - NY,23324,880,1450,-1000
04/08/2019 00:50,SCH - HQ_CEDARS,325274,0,160,0
04/08/2019 00:50,SCH - HQ_IMPORT_EXPORT,325376,775,1310,-9999
04/08/2019 00:50,SCH - NE - NY,23318,-217.65,600,-800
04/08/2019 00:50,SCH - NPX_1385,325277,0,100,-100
04/08/2019 00:50,SCH - NPX_CSC,325154,100,330,-330
04/08/2019 00:50,SCH - OH - NY,23317,998.81,1300,-1900
04/08/2019 00:50,SCH - PJ - NY,23316,-.2,2000,-1300
04/08/2019 00:50,SCH - PJM_HTP,325905,0,660,-660
04/08/2019 00:50,SCH - PJM_NEPTUNE,325305,477,660,-660
04/08/2019 00:50,SCH - PJM_VFT,325658,0,0,0
04/08/2019 00:50,SPR/DUN-SOUTH,23320,2152.4,4600,-9999
04/08/2019 00:50,TOTAL EAST,23314,3788.24,6800,-9999
04/08/2019 00:50,UPNY CONED,23315,2202.69,5700,-9999
04/08/2019 00:50,WEST CENTRAL,23312,497.35,9999,-9999
04/08/2019 00:55,CENTRAL EAST - VC,23330,1928.61,2160,-9999
04/08/2019 00:55,DYSINGER EAST,23326,711.37,3150,-9999
04/08/2019 00:55,MOSES SOUTH,23319,1490.86,3150,-1600
04/08/2019 00:55,SCH - HQ - NY,23324,880,1450,-1000
04/08/2019 00:55,SCH - HQ_CEDARS,325274,0,160,0
04/08/2019 00:55,SCH - HQ_IMPORT_EXPORT,325376,775,1310,-9999
04/08/2019 00:55,SCH - NE - NY,23318,-217.79,600,-800
04/08/2019 00:55,SCH - NPX_1385,325277,0,100,-100
04/08/2019 00:55,SCH - NPX_CSC,325154,100,330,-330
04/08/2019 00:55,SCH - OH - NY,23317,998.81,1300,-1900
04/08/2019 00:55,SCH - PJ - NY,23316,-1.06,2000,-1300
04/08/2019 00:55,SCH - PJM_HTP,325905,0,660,-660
04/08/2019 00:55,SCH - PJM_NEPTUNE,325305,477,660,-660
04/08/2019 00:55,SCH - PJM_VFT,325658,0,0,0
04/08/2019 00:55,SPR/DUN-SOUTH,23320,2140.34,4600,-9999
04/08/2019 00:55,TOTAL EAST,23314,3751.44,6800,-9999
04/08/2019 00:55,UPNY CONED,23315,2178.24,5700,-9999
04/08/2019 00:55,WEST CENTRAL,23312,526.77,9999,-9999
04/08/2019 01:00,CENTRAL EAST - VC,23330,1941.82,2160,-9999
04/08/2019 01:00,DYSINGER EAST,23326,603.55,3150,-9999
04/08/2019 01:00,MOSES SOUTH,23319,1552.96,3150,-1600
04/08/2019 01:00,SCH - HQ - NY,23324,778,1450,-1000
04/08/2019 01:00,SCH - HQ_CEDARS,325274,0,160,0
04/08/2019 01:00,SCH - HQ_IMPORT_EXPORT,325376,673,1310,-9999
04/08/2019 01:00,SCH - NE - NY,23318,-283.63,600,-800
04/08/2019 01:00,SCH - NPX_1385,325277,0,100,-100
04/08/2019 01:00,SCH - NPX_CSC,325154,100,330,-330
04/08/2019 01:00,SCH - OH - NY,23317,999.41,1300,-1900
04/08/2019 01:00,SCH - PJ - NY,23316,76.61,2000,-1300
04/08/2019 01:00,SCH - PJM_HTP,325905,0,660,-660
04/08/2019 01:00,SCH - PJM_NEPTUNE,325305,403,660,-660
04/08/2019 01:00,SCH - PJM_VFT,325658,0,0,0
04/08/2019 01:00,SPR/DUN-SOUTH,23320,2088.08,4600,-9999
04/08/2019 01:00,TOTAL EAST,23314,3860.06,6800,-9999
04/08/2019 01:00,UPNY CONED,23315,2209.62,5700,-9999
04/08/2019 01:00,WEST CENTRAL,23312,421.92,9999,-9999
04/08/2019 01:05,CENTRAL EAST - VC,23330,1980.49,2160,-9999
04/08/2019 01:05,DYSINGER EAST,23326,757.22,3150,-9999
04/08/2019 01:05,MOSES SOUTH,23319,1438.64,3150,-1600
04/08/2019 01:05,SCH - HQ - NY,23324,677,1450,-1000
04/08/2019 01:05,SCH - HQ_CEDARS,325274,0,160,0
04/08/2019 01:05,SCH - HQ_IMPORT_EXPORT,325376,572,1310,-9999
04/08/2019 01:05,SCH - NE - NY,23318,-351,600,-800
04/08/2019 01:05,SCH - NPX_1385,325277,0,100,-100
04/08/2019 01:05,SCH - NPX_CSC,325154,100,330,-330
04/08/2019 01:05,SCH - OH - NY,23317,999.49,1300,-1900
04/08/2019 01:05,SCH - PJ - NY,23316,156.31,2000,-1300
04/08/2019 01:05,SCH - PJM_HTP,325905,0,660,-660
04/08/2019 01:05,SCH - PJM_NEPTUNE,325305,330,660,-660
04/08/2019 01:05,SCH - PJM_VFT,325658,0,0,0
04/08/2019 01:05,SPR/DUN-SOUTH,23320,2031.17,4600,-9999
04/08/2019 01:05,TOTAL EAST,23314,3938.52,6800,-9999
04/08/2019 01:05,UPNY CONED,23315,2238.39,5700,-9999
04/08/2019 01:05,WEST CENTRAL,23312,574.81,9999,-9999
04/08/2019 01:10,CENTRAL EAST - VC,23330,1952.76,2160,-9999
04/08/2019 01:10,DYSINGER EAST,23326,682.14,3150,-9999
04/08/2019 01:10,MOSES SOUTH,23319,1434.36,3150,-1600
04/08/2019 01:10,SCH - HQ - NY,23324,677,1450,-1000
04/08/2019 01:10,SCH - HQ_CEDARS,325274,0,160,0
04/08/2019 01:10,SCH - HQ_IMPORT_EXPORT,325376,572,1310,-9999
04/08/2019 01:10,SCH - NE - NY,23318,-345.9,600,-800
04/08/2019 01:10,SCH - NPX_1385,325277,0,100,-100
04/08/2019 01:10,SCH - NPX_CSC,325154,100,330,-330
04/08/2019 01:10,SCH - OH - NY,23317,999.42,1300,-1900
04/08/2019 01:10,SCH - PJ - NY,23316,150.24,2000,-1300
04/08/2019 01:10,SCH - PJM_HTP,325905,0,660,-660
04/08/2019 01:10,SCH - PJM_NEPTUNE,325305,330,660,-660
04/08/2019 01:10,SCH - PJM_VFT,325658,0,0,0
04/08/2019 01:10,SPR/DUN-SOUTH,23320,2006.11,4600,-9999
04/08/2019 01:10,TOTAL EAST,23314,3901.79,6800,-9999
04/08/2019 01:10,UPNY CONED,23315,2205.22,5700,-9999
04/08/2019 01:10,WEST CENTRAL,23312,499.78,9999,-9999
04/08/2019 01:15,CENTRAL EAST - VC,23330,1910.2,2100,-9999
04/08/2019 01:15,DYSINGER EAST,23326,601.09,3150,-9999
04/08/2019 01:15,MOSES SOUTH,23319,1431.47,3150,-1600
04/08/2019 01:15,SCH - HQ - NY,23324,677,1450,-1000
04/08/2019 01:15,SCH - HQ_CEDARS,325274,0,160,0
04/08/2019 01:15,SCH - HQ_IMPORT_EXPORT,325376,572,1310,-9999
04/08/2019 01:15,SCH - NE - NY,23318,-377.96,600,-800
04/08/2019 01:15,SCH - NPX_1385,325277,0,100,-100
04/08/2019 01:15,SCH - NPX_CSC,325154,100,330,-330
04/08/2019 01:15,SCH - OH - NY,23317,999.38,1300,-1900
04/08/2019 01:15,SCH - PJ - NY,23316,150.4,2000,-1300
04/08/2019 01:15,SCH - PJM_HTP,325905,0,660,-660
04/08/2019 01:15,SCH - PJM_NEPTUNE,325305,330,660,-660
04/08/2019 01:15,SCH - PJM_VFT,325658,0,0,0
04/08/2019 01:15,SPR/DUN-SOUTH,23320,1958.87,4600,-9999
04/08/2019 01:15,TOTAL EAST,23314,3913.82,6800,-9999
04/08/2019 01:15,UPNY CONED,23315,2147.46,5700,-9999
04/08/2019 01:15,WEST CENTRAL,23312,421.69,9999,-9999
04/08/2019 01:20,CENTRAL EAST - VC,23330,1958.03,2100,-9999
04/08/2019 01:20,DYSINGER EAST,23326,609.68,3150,-9999
04/08/2019 01:20,MOSES SOUTH,23319,1459.58,3150,-1600
04/08/2019 01:20,SCH - HQ - NY,23324,677,1450,-1000
04/08/2019 01:20,SCH - HQ_CEDARS,325274,0,160,0
04/08/2019 01:20,SCH - HQ_IMPORT_EXPORT,325376,572,1310,-9999
04/08/2019 01:20,SCH - NE - NY,23318,-411,600,-800
04/08/2019 01:20,SCH - NPX_1385,325277,0,100,-100
04/08/2019 01:20,SCH - NPX_CSC,325154,100,330,-330
04/08/2019 01:20,SCH - OH - NY,23317,999.28,1300,-1900
04/08/2019 01:20,SCH - PJ - NY,23316,148.39,2000,-1300
04/08/2019 01:20,SCH - PJM_HTP,325905,0,660,-660
04/08/2019 01:20,SCH - PJM_NEPTUNE,325305,330,660,-660
04/08/2019 01:20,SCH - PJM_VFT,325658,0,0,0
04/08/2019 01:20,SPR/DUN-SOUTH,23320,1974.87,4600,-9999
04/08/2019 01:20,TOTAL EAST,23314,3933.42,6800,-9999
04/08/2019 01:20,UPNY CONED,23315,2161.41,5700,-9999
04/08/2019 01:20,WEST CENTRAL,23312,431.35,9999,-9999
04/08/2019 01:25,CENTRAL EAST - VC,23330,1976.59,2100,-9999
04/08/2019 01:25,DYSINGER EAST,23326,640.83,3150,-9999
04/08/2019 01:25,MOSES SOUTH,23319,1449.05,3150,-1600
04/08/2019 01:25,SCH - HQ - NY,23324,677,1450,-1000
04/08/2019 01:25,SCH - HQ_CEDARS,325274,0,160,0
04/08/2019 01:25,SCH - HQ_IMPORT_EXPORT,325376,572,1310,-9999
04/08/2019 01:25,SCH - NE - NY,23318,-411.01,600,-800
04/08/2019 01:25,SCH - NPX_1385,325277,0,100,-100
04/08/2019 01:25,SCH - NPX_CSC,325154,100,330,-330
04/08/2019 01:25,SCH - OH - NY,23317,999.34,1300,-1900
04/08/2019 01:25,SCH - PJ - NY,23316,148.37,2000,-1300
04/08/2019 01:25,SCH - PJM_HTP,325905,0,660,-660
04/08/2019 01:25,SCH - PJM_NEPTUNE,325305,330,660,-660
04/08/2019 01:25,SCH - PJM_VFT,325658,0,0,0
04/08/2019 01:25,SPR/DUN-SOUTH,23320,1987.45,4600,-9999
04/08/2019 01:25,TOTAL EAST,23314,3918.93,6800,-9999
04/08/2019 01:25,UPNY CONED,23315,2169.92,5700,-9999
04/08/2019 01:25,WEST CENTRAL,23312,461.2,9999,-9999
04/08/2019 01:30,CENTRAL EAST - VC,23330,1959.43,2100,-9999
04/08/2019 01:30,DYSINGER EAST,23326,606.4,3150,-9999
04/08/2019 01:30,MOSES SOUTH,23319,1436.41,3150,-1600
04/08/2019 01:30,SCH - HQ - NY,23324,677,1450,-1000
04/08/2019 01:30,SCH - HQ_CEDARS,325274,0,160,0
04/08/2019 01:30,SCH - HQ_IMPORT_EXPORT,325376,572,1310,-9999
04/08/2019 01:30,SCH - NE - NY,23318,-365.04,600,-800
04/08/2019 01:30,SCH - NPX_1385,325277,0,100,-100
04/08/2019 01:30,SCH - NPX_CSC,325154,100,330,-330
04/08/2019 01:30,SCH - OH - NY,23317,999.3,1300,-1900
04/08/2019 01:30,SCH - PJ - NY,23316,136.31,2000,-1300
04/08/2019 01:30,SCH - PJM_HTP,325905,0,660,-660
04/08/2019 01:30,SCH - PJM_NEPTUNE,325305,330,660,-660
04/08/2019 01:30,SCH - PJM_VFT,325658,0,0,0
04/08/2019 01:30,SPR/DUN-SOUTH,23320,2018.09,4600,-9999
04/08/2019 01:30,TOTAL EAST,23314,3911.01,6800,-9999
04/08/2019 01:30,UPNY CONED,23315,2191.89,5700,-9999
04/08/2019 01:30,WEST CENTRAL,23312,426.17,9999,-9999
04/08/2019 01:35,CENTRAL EAST - VC,23330,1901.1,2100,-9999
04/08/2019 01:35,DYSINGER EAST,23326,511.29,3150,-9999
04/08/2019 01:35,MOSES SOUTH,23319,1441.85,3150,-1600
04/08/2019 01:35,SCH - HQ - NY,23324,677,1450,-1000
04/08/2019 01:35,SCH - HQ_CEDARS,325274,0,160,0
04/08/2019 01:35,SCH - HQ_IMPORT_EXPORT,325376,572,1310,-9999
04/08/2019 01:35,SCH - NE - NY,23318,-319,600,-800
04/08/2019 01:35,SCH - NPX_1385,325277,0,100,-100
04/08/2019 01:35,SCH - NPX_CSC,325154,100,330,-330
04/08/2019 01:35,SCH - OH - NY,23317,999.42,1300,-1900
04/08/2019 01:35,SCH - PJ - NY,23316,120.1,2000,-1300
04/08/2019 01:35,SCH - PJM_HTP,325905,0,660,-660
04/08/2019 01:35,SCH - PJM_NEPTUNE,325305,330,660,-660
04/08/2019 01:35,SCH - PJM_VFT,325658,0,0,0
04/08/2019 01:35,SPR/DUN-SOUTH,23320,1985.38,4600,-9999
04/08/2019 01:35,TOTAL EAST,23314,3834.91,6800,-9999
04/08/2019 01:35,UPNY CONED,23315,2153.64,5700,-9999
04/08/2019 01:35,WEST CENTRAL,23312,332.7,9999,-9999
04/08/2019 01:40,CENTRAL EAST - VC,23330,1874.72,2100,-9999
04/08/2019 01:40,DYSINGER EAST,23326,474.38,3150,-9999
04/08/2019 01:40,MOSES SOUTH,23319,1415.11,3150,-1600
04/08/2019 01:40,SCH - HQ - NY,23324,677,1450,-1000
04/08/2019 01:40,SCH - HQ_CEDARS,325274,0,160,0
04/08/2019 01:40,SCH - HQ_IMPORT_EXPORT,325376,572,1310,-9999
04/08/2019 01:40,SCH - NE - NY,23318,-319.01,600,-800
04/08/2019 01:40,SCH - NPX_1385,325277,0,100,-100
04/08/2019 01:40,SCH - NPX_CSC,325154,100,330,-330
04/08/2019 01:40,SCH - OH - NY,23317,999.3,1300,-1900
04/08/2019 01:40,SCH - PJ - NY,23316,121.06,2000,-1300
04/08/2019 01:40,SCH - PJM_HTP,325905,0,660,-660
04/08/2019 01:40,SCH - PJM_NEPTUNE,325305,330,660,-660
04/08/2019 01:40,SCH - PJM_VFT,325658,0,0,0
04/08/2019 01:40,SPR/DUN-SOUTH,23320,1968.94,4600,-9999
04/08/2019 01:40,TOTAL EAST,23314,3823.94,6800,-9999
04/08/2019 01:40,UPNY CONED,23315,2131.92,5700,-9999
04/08/2019 01:40,WEST CENTRAL,23312,298.37,9999,-9999
04/08/2019 01:45,CENTRAL EAST - VC,23330,1869.22,2100,-9999
04/08/2019 01:45,DYSINGER EAST,23326,520.88,3150,-9999
04/08/2019 01:45,MOSES SOUTH,23319,1395.47,3150,-1600
04/08/2019 01:45,SCH - HQ - NY,23324,677,1450,-1000
04/08/2019 01:45,SCH - HQ_CEDARS,325274,0,160,0
04/08/2019 01:45,SCH - HQ_IMPORT_EXPORT,325376,572,1310,-9999
04/08/2019 01:45,SCH - NE - NY,23318,-287.63,600,-800
04/08/2019 01:45,SCH - NPX_1385,325277,0,100,-100
04/08/2019 01:45,SCH - NPX_CSC,325154,100,330,-330
04/08/2019 01:45,SCH - OH - NY,23317,999.35,1300,-1900
04/08/2019 01:45,SCH - PJ - NY,23316,92.79,2000,-1300
04/08/2019 01:45,SCH - PJM_HTP,325905,0,660,-660
04/08/2019 01:45,SCH - PJM_NEPTUNE,325305,330,660,-660
04/08/2019 01:45,SCH - PJM_VFT,325658,0,0,0
04/08/2019 01:45,SPR/DUN-SOUTH,23320,1977.84,4600,-9999
04/08/2019 01:45,TOTAL EAST,23314,3775.08,6800,-9999
04/08/2019 01:45,UPNY CONED,23315,2135.84,5700,-9999
04/08/2019 01:45,WEST CENTRAL,23312,343.54,9999,-9999
04/08/2019 01:50,CENTRAL EAST - VC,23330,1849.62,2100,-9999
04/08/2019 01:50,DYSINGER EAST,23326,511.5,3150,-9999
04/08/2019 01:50,MOSES SOUTH,23319,1394.82,3150,-1600
04/08/2019 01:50,SCH - HQ - NY,23324,677,1450,-1000
04/08/2019 01:50,SCH - HQ_CEDARS,325274,0,160,0
04/08/2019 01:50,SCH - HQ_IMPORT_EXPORT,325376,572,1310,-9999
04/08/2019 01:50,SCH - NE - NY,23318,-250.86,600,-800
04/08/2019 01:50,SCH - NPX_1385,325277,0,100,-100
04/08/2019 01:50,SCH - NPX_CSC,325154,100,330,-330
04/08/2019 01:50,SCH - OH - NY,23317,999.35,1300,-1900
04/08/2019 01:50,SCH - PJ - NY,23316,58.96,2000,-1300
04/08/2019 01:50,SCH - PJM_HTP,325905,0,660,-660
04/08/2019 01:50,SCH - PJM_NEPTUNE,325305,330,660,-660
04/08/2019 01:50,SCH - PJM_VFT,325658,0,0,0
04/08/2019 01:50,SPR/DUN-SOUTH,23320,1983.28,4600,-9999
04/08/2019 01:50,TOTAL EAST,23314,3737.16,6800,-9999
04/08/2019 01:50,UPNY CONED,23315,2137.25,5700,-9999
04/08/2019 01:50,WEST CENTRAL,23312,333.8,9999,-9999
04/08/2019 01:55,CENTRAL EAST - VC,23330,1851.2,2100,-9999
04/08/2019 01:55,DYSINGER EAST,23326,522.48,3150,-9999
04/08/2019 01:55,MOSES SOUTH,23319,1379.03,3150,-1600
04/08/2019 01:55,SCH - HQ - NY,23324,677,1450,-1000
04/08/2019 01:55,SCH - HQ_CEDARS,325274,0,160,0
04/08/2019 01:55,SCH - HQ_IMPORT_EXPORT,325376,572,1310,-9999
04/08/2019 01:55,SCH - NE - NY,23318,-250.98,600,-800
04/08/2019 01:55,SCH - NPX_1385,325277,0,100,-100
04/08/2019 01:55,SCH - NPX_CSC,325154,100,330,-330
04/08/2019 01:55,SCH - OH - NY,23317,999.3,1300,-1900
04/08/2019 01:55,SCH - PJ - NY,23316,58.39,2000,-1300
04/08/2019 01:55,SCH - PJM_HTP,325905,0,660,-660
04/08/2019 01:55,SCH - PJM_NEPTUNE,325305,330,660,-660
04/08/2019 01:55,SCH - PJM_VFT,325658,0,0,0
04/08/2019 01:55,SPR/DUN-SOUTH,23320,1990.64,4600,-9999
04/08/2019 01:55,TOTAL EAST,23314,3745.39,6800,-9999
04/08/2019 01:55,UPNY CONED,23315,2146.11,5700,-9999
04/08/2019 01:55,WEST CENTRAL,23312,346.77,9999,-9999
04/08/2019 02:00,CENTRAL EAST - VC,23330,1840.89,2100,-9999
04/08/2019 02:00,DYSINGER EAST,23326,554.26,3150,-9999
04/08/2019 02:00,MOSES SOUTH,23319,1321.74,3150,-1600
04/08/2019 02:00,SCH - HQ - NY,23324,642,1450,-1000
04/08/2019 02:00,SCH - HQ_CEDARS,325274,0,160,0
04/08/2019 02:00,SCH - HQ_IMPORT_EXPORT,325376,537,1310,-9999
04/08/2019 02:00,SCH - NE - NY,23318,-262.12,600,-800
04/08/2019 02:00,SCH - NPX_1385,325277,-22,100,-100
04/08/2019 02:00,SCH - NPX_CSC,325154,100,330,-330
04/08/2019 02:00,SCH - OH - NY,23317,999.15,1300,-1900
04/08/2019 02:00,SCH - PJ - NY,23316,74.63,2000,-1300
04/08/2019 02:00,SCH - PJM_HTP,325905,0,660,-660
04/08/2019 02:00,SCH - PJM_NEPTUNE,325305,330,660,-660
04/08/2019 02:00,SCH - PJM_VFT,325658,0,0,0
04/08/2019 02:00,SPR/DUN-SOUTH,23320,1985.52,4600,-9999
04/08/2019 02:00,TOTAL EAST,23314,3753.56,6800,-9999
04/08/2019 02:00,UPNY CONED,23315,2159.52,5700,-9999
04/08/2019 02:00,WEST CENTRAL,23312,379.4,9999,-9999
04/08/2019 02:05,CENTRAL EAST - VC,23330,1841.83,2100,-9999
04/08/2019 02:05,DYSINGER EAST,23326,610.87,3150,-9999
04/08/2019 02:05,MOSES SOUTH,23319,1287.96,3150,-1600
04/08/2019 02:05,SCH - HQ - NY,23324,608,1450,-1000
04/08/2019 02:05,SCH - HQ_CEDARS,325274,0,160,0
04/08/2019 02:05,SCH - HQ_IMPORT_EXPORT,325376,503,1310,-9999
04/08/2019 02:05,SCH - NE - NY,23318,-273.42,600,-800
04/08/2019 02:05,SCH - NPX_1385,325277,-45,100,-100
04/08/2019 02:05,SCH - NPX_CSC,325154,100,330,-330
04/08/2019 02:05,SCH - OH - NY,23317,999.22,1300,-1900
04/08/2019 02:05,SCH - PJ - NY,23316,94,2000,-1300
04/08/2019 02:05,SCH - PJM_HTP,325905,0,660,-660
04/08/2019 02:05,SCH - PJM_NEPTUNE,325305,330,660,-660
04/08/2019 02:05,SCH - PJM_VFT,325658,0,0,0
04/08/2019 02:05,SPR/DUN-SOUTH,23320,1962.49,4600,-9999
04/08/2019 02:05,TOTAL EAST,23314,3740.06,6800,-9999
04/08/2019 02:05,UPNY CONED,23315,2157.1,5700,-9999
04/08/2019 02:05,WEST CENTRAL,23312,435.47,9999,-9999
04/08/2019 02:10,CENTRAL EAST - VC,23330,1839.72,2100,-9999
04/08/2019 02:10,DYSINGER EAST,23326,641.36,3150,-9999
04/08/2019 02:10,MOSES SOUTH,23319,1295.19,3150,-1600
04/08/2019 02:10,SCH - HQ - NY,23324,608,1450,-1000
04/08/2019 02:10,SCH - HQ_CEDARS,325274,0,160,0
04/08/2019 02:10,SCH - HQ_IMPORT_EXPORT,325376,503,1310,-9999
04/08/2019 02:10,SCH - NE - NY,23318,-273.4,600,-800
04/08/2019 02:10,SCH - NPX_1385,325277,-45,100,-100
04/08/2019 02:10,SCH - NPX_CSC,325154,100,330,-330
04/08/2019 02:10,SCH - OH - NY,23317,999.26,1300,-1900
04/08/2019 02:10,SCH - PJ - NY,23316,94.03,2000,-1300
04/08/2019 02:10,SCH - PJM_HTP,325905,0,660,-660
04/08/2019 02:10,SCH - PJM_NEPTUNE,325305,330,660,-660
04/08/2019 02:10,SCH - PJM_VFT,325658,0,0,0
04/08/2019 02:10,SPR/DUN-SOUTH,23320,1978.15,4600,-9999
04/08/2019 02:10,TOTAL EAST,23314,3769.82,6800,-9999
04/08/2019 02:10,UPNY CONED,23315,2169.75,5700,-9999
04/08/2019 02:10,WEST CENTRAL,23312,464.5,9999,-9999
04/08/2019 02:15,CENTRAL EAST - VC,23330,1823.34,2100,-9999
04/08/2019 02:15,DYSINGER EAST,23326,563.58,3150,-9999
04/08/2019 02:15,MOSES SOUTH,23319,1308.09,3150,-1600
04/08/2019 02:15,SCH - HQ - NY,23324,608,1450,-1000
04/08/2019 02:15,SCH - HQ_CEDARS,325274,0,160,0
04/08/2019 02:15,SCH - HQ_IMPORT_EXPORT,325376,503,1310,-9999
04/08/2019 02:15,SCH - NE - NY,23318,-274.9,600,-800
04/08/2019 02:15,SCH - NPX_1385,325277,-45,100,-100
04/08/2019 02:15,SCH - NPX_CSC,325154,100,330,-330
04/08/2019 02:15,SCH - OH - NY,23317,999.16,1300,-1900
04/08/2019 02:15,SCH - PJ - NY,23316,105.24,2000,-1300
04/08/2019 02:15,SCH - PJM_HTP,325905,0,660,-660
04/08/2019 02:15,SCH - PJM_NEPTUNE,325305,330,660,-660
04/08/2019 02:15,SCH - PJM_VFT,325658,0,0,0
04/08/2019 02:15,SPR/DUN-SOUTH,23320,1962.28,4600,-9999
04/08/2019 02:15,TOTAL EAST,23314,3764.04,6800,-9999
04/08/2019 02:15,UPNY CONED,23315,2153.04,5700,-9999
04/08/2019 02:15,WEST CENTRAL,23312,389.89,9999,-9999
04/08/2019 02:20,CENTRAL EAST - VC,23330,1846.13,2100,-9999
04/08/2019 02:20,DYSINGER EAST,23326,581.43,3150,-9999
04/08/2019 02:20,MOSES SOUTH,23319,1316.47,3150,-1600
04/08/2019 02:20,SCH - HQ - NY,23324,608,1450,-1000
04/08/2019 02:20,SCH - HQ_CEDARS,325274,0,160,0
04/08/2019 02:20,SCH - HQ_IMPORT_EXPORT,325376,503,1310,-9999
04/08/2019 02:20,SCH - NE - NY,23318,-280.89,600,-800
04/08/2019 02:20,SCH - NPX_1385,325277,-45,100,-100
04/08/2019 02:20,SCH - NPX_CSC,325154,100,330,-330
04/08/2019 02:20,SCH - OH - NY,23317,999.18,1300,-1900
04/08/2019 02:20,SCH - PJ - NY,23316,123.25,2000,-1300
04/08/2019 02:20,SCH - PJM_HTP,325905,0,660,-660
04/08/2019 02:20,SCH - PJM_NEPTUNE,325305,330,660,-660
04/08/2019 02:20,SCH - PJM_VFT,325658,0,0,0
04/08/2019 02:20,SPR/DUN-SOUTH,23320,1991.58,4600,-9999
04/08/2019 02:20,TOTAL EAST,23314,3798.52,6800,-9999
04/08/2019 02:20,UPNY CONED,23315,2183.84,5700,-9999
04/08/2019 02:20,WEST CENTRAL,23312,406.64,9999,-9999
04/08/2019 02:25,CENTRAL EAST - VC,23330,1827.67,2100,-9999
04/08/2019 02:25,DYSINGER EAST,23326,557.44,3150,-9999
04/08/2019 02:25,MOSES SOUTH,23319,1310.91,3150,-1600
04/08/2019 02:25,SCH - HQ - NY,23324,608,1450,-1000
04/08/2019 02:25,SCH - HQ_CEDARS,325274,0,160,0
04/08/2019 02:25,SCH - HQ_IMPORT_EXPORT,325376,503,1310,-9999
04/08/2019 02:25,SCH - NE - NY,23318,-280.89,600,-800
04/08/2019 02:25,SCH - NPX_1385,325277,-45,100,-100
04/08/2019 02:25,SCH - NPX_CSC,325154,100,330,-330
04/08/2019 02:25,SCH - OH - NY,23317,999.16,1300,-1900
04/08/2019 02:25,SCH - PJ - NY,23316,120.99,2000,-1300
04/08/2019 02:25,SCH - PJM_HTP,325905,0,660,-660
04/08/2019 02:25,SCH - PJM_NEPTUNE,325305,330,660,-660
04/08/2019 02:25,SCH - PJM_VFT,325658,0,0,0
04/08/2019 02:25,SPR/DUN-SOUTH,23320,1977.81,4600,-9999
04/08/2019 02:25,TOTAL EAST,23314,3798.35,6800,-9999
04/08/2019 02:25,UPNY CONED,23315,2173.29,5700,-9999
04/08/2019 02:25,WEST CENTRAL,23312,381.42,9999,-9999
04/08/2019 02:30,CENTRAL EAST - VC,23330,1791.15,2100,-9999
04/08/2019 02:30,DYSINGER EAST,23326,492.32,3150,-9999
04/08/2019 02:30,MOSES SOUTH,23319,1308.7,3150,-1600
04/08/2019 02:30,SCH - HQ - NY,23324,608,1450,-1000
04/08/2019 02:30,SCH - HQ_CEDARS,325274,0,160,0
04/08/2019 02:30,SCH - HQ_IMPORT_EXPORT,325376,503,1310,-9999
04/08/2019 02:30,SCH - NE - NY,23318,-233.93,600,-800
04/08/2019 02:30,SCH - NPX_1385,325277,-45,100,-100
04/08/2019 02:30,SCH - NPX_CSC,325154,100,330,-330
04/08/2019 02:30,SCH - OH - NY,23317,999.23,1300,-1900
04/08/2019 02:30,SCH - PJ - NY,23316,127.88,2000,-1300
04/08/2019 02:30,SCH - PJM_HTP,325905,0,660,-660
04/08/2019 02:30,SCH - PJM_NEPTUNE,325305,330,660,-660
04/08/2019 02:30,SCH - PJM_VFT,325658,0,0,0
04/08/2019 02:30,SPR/DUN-SOUTH,23320,1975.7,4600,-9999
04/08/2019 02:30,TOTAL EAST,23314,3746.02,6800,-9999
04/08/2019 02:30,UPNY CONED,23315,2155.16,5700,-9999
04/08/2019 02:30,WEST CENTRAL,23312,318.7,9999,-9999
04/08/2019 02:35,CENTRAL EAST - VC,23330,1773.47,2100,-9999
04/08/2019 02:35,DYSINGER EAST,23326,478.63,3150,-9999
04/08/2019 02:35,MOSES SOUTH,23319,1308.46,3150,-1600
04/08/2019 02:35,SCH - HQ - NY,23324,608,1450,-1000
04/08/2019 02:35,SCH - HQ_CEDARS,325274,0,160,0
04/08/2019 02:35,SCH - HQ_IMPORT_EXPORT,325376,503,1310,-9999
04/08/2019 02:35,SCH - NE - NY,23318,-181.82,600,-800
04/08/2019 02:35,SCH - NPX_1385,325277,-45,100,-100
04/08/2019 02:35,SCH - NPX_CSC,325154,100,330,-330
04/08/2019 02:35,SCH - OH - NY,23317,999.24,1300,-1900
04/08/2019 02:35,SCH - PJ - NY,23316,124.65,2000,-1300
04/08/2019 02:35,SCH - PJM_HTP,325905,0,660,-660
04/08/2019 02:35,SCH - PJM_NEPTUNE,325305,330,660,-660
04/08/2019 02:35,SCH - PJM_VFT,325658,0,0,0
04/08/2019 02:35,SPR/DUN-SOUTH,23320,1972.8,4600,-9999
04/08/2019 02:35,TOTAL EAST,23314,3719.78,6800,-9999
04/08/2019 02:35,UPNY CONED,23315,2167.13,5700,-9999
04/08/2019 02:35,WEST CENTRAL,23312,307.07,9999,-9999
04/08/2019 02:40,CENTRAL EAST - VC,23330,1800.98,2100,-9999
04/08/2019 02:40,DYSINGER EAST,23326,530.31,3150,-9999
04/08/2019 02:40,MOSES SOUTH,23319,1320.11,3150,-1600
04/08/2019 02:40,SCH - HQ - NY,23324,608,1450,-1000
04/08/2019 02:40,SCH - HQ_CEDARS,325274,0,160,0
04/08/2019 02:40,SCH - HQ_IMPORT_EXPORT,325376,503,1310,-9999
04/08/2019 02:40,SCH - NE - NY,23318,-181.75,600,-800
04/08/2019 02:40,SCH - NPX_1385,325277,-45,100,-100
04/08/2019 02:40,SCH - NPX_CSC,325154,100,330,-330
04/08/2019 02:40,SCH - OH - NY,23317,999.33,1300,-1900
04/08/2019 02:40,SCH - PJ - NY,23316,125.61,2000,-1300
04/08/2019 02:40,SCH - PJM_HTP,325905,0,660,-660
04/08/2019 02:40,SCH - PJM_NEPTUNE,325305,330,660,-660
04/08/2019 02:40,SCH - PJM_VFT,325658,0,0,0
04/08/2019 02:40,SPR/DUN-SOUTH,23320,1986.71,4600,-9999
04/08/2019 02:40,TOTAL EAST,23314,3712.46,6800,-9999
04/08/2019 02:40,UPNY CONED,23315,2180.73,5700,-9999
04/08/2019 02:40,WEST CENTRAL,23312,357.45,9999,-9999
04/08/2019 02:45,CENTRAL EAST - VC,23330,1796.02,2100,-9999
04/08/2019 02:45,DYSINGER EAST,23326,529.05,3150,-9999
04/08/2019 02:45,MOSES SOUTH,23319,1323.11,3150,-1600
04/08/2019 02:45,SCH - HQ - NY,23324,608,1450,-1000
04/08/2019 02:45,SCH - HQ_CEDARS,325274,0,160,0
04/08/2019 02:45,SCH - HQ_IMPORT_EXPORT,325376,503,1310,-9999
04/08/2019 02:45,SCH - NE - NY,23318,-178.9,600,-800
04/08/2019 02:45,SCH - NPX_1385,325277,-45,100,-100
04/08/2019 02:45,SCH - NPX_CSC,325154,100,330,-330
04/08/2019 02:45,SCH - OH - NY,23317,999.24,1300,-1900
04/08/2019 02:45,SCH - PJ - NY,23316,95.79,2000,-1300
04/08/2019 02:45,SCH - PJM_HTP,325905,0,660,-660
04/08/2019 02:45,SCH - PJM_NEPTUNE,325305,330,660,-660
04/08/2019 02:45,SCH - PJM_VFT,325658,0,0,0
04/08/2019 02:45,SPR/DUN-SOUTH,23320,1986.81,4600,-9999
04/08/2019 02:45,TOTAL EAST,23314,3692.91,6800,-9999
04/08/2019 02:45,UPNY CONED,23315,2175.05,5700,-9999
04/08/2019 02:45,WEST CENTRAL,23312,357.42,9999,-9999
04/08/2019 02:50,CENTRAL EAST - VC,23330,1816.33,2100,-9999
04/08/2019 02:50,DYSINGER EAST,23326,515.2,3150,-9999
04/08/2019 02:50,MOSES SOUTH,23319,1323.69,3150,-1600
04/08/2019 02:50,SCH - HQ - NY,23324,608,1450,-1000
04/08/2019 02:50,SCH - HQ_CEDARS,325274,0,160,0
04/08/2019 02:50,SCH - HQ_IMPORT_EXPORT,325376,503,1310,-9999
04/08/2019 02:50,SCH - NE - NY,23318,-175.66,600,-800
04/08/2019 02:50,SCH - NPX_1385,325277,-45,100,-100
04/08/2019 02:50,SCH - NPX_CSC,325154,100,330,-330
04/08/2019 02:50,SCH - OH - NY,23317,999.17,1300,-1900
04/08/2019 02:50,SCH - PJ - NY,23316,65.56,2000,-1300
04/08/2019 02:50,SCH - PJM_HTP,325905,0,660,-660
04/08/2019 02:50,SCH - PJM_NEPTUNE,325305,330,660,-660
04/08/2019 02:50,SCH - PJM_VFT,325658,0,0,0
04/08/2019 02:50,SPR/DUN-SOUTH,23320,1995.98,4600,-9999
04/08/2019 02:50,TOTAL EAST,23314,3686.73,6800,-9999
04/08/2019 02:50,UPNY CONED,23315,2178.29,5700,-9999
04/08/2019 02:50,WEST CENTRAL,23312,342.58,9999,-9999
04/08/2019 02:55,CENTRAL EAST - VC,23330,1808.81,2100,-9999
04/08/2019 02:55,DYSINGER EAST,23326,528.14,3150,-9999
04/08/2019 02:55,MOSES SOUTH,23319,1312.75,3150,-1600
04/08/2019 02:55,SCH - HQ - NY,23324,608,1450,-1000
04/08/2019 02:55,SCH - HQ_CEDARS,325274,0,160,0
04/08/2019 02:55,SCH - HQ_IMPORT_EXPORT,325376,503,1310,-9999
04/08/2019 02:55,SCH - NE - NY,23318,-175.57,600,-800
04/08/2019 02:55,SCH - NPX_1385,325277,-45,100,-100
04/08/2019 02:55,SCH - NPX_CSC,325154,100,330,-330
04/08/2019 02:55,SCH - OH - NY,23317,999.27,1300,-1900
04/08/2019 02:55,SCH - PJ - NY,23316,67.46,2000,-1300
04/08/2019 02:55,SCH - PJM_HTP,325905,0,660,-660
04/08/2019 02:55,SCH - PJM_NEPTUNE,325305,330,660,-660
04/08/2019 02:55,SCH - PJM_VFT,325658,0,0,0
04/08/2019 02:55,SPR/DUN-SOUTH,23320,1986.86,4600,-9999
04/08/2019 02:55,TOTAL EAST,23314,3683.04,6800,-9999
04/08/2019 02:55,UPNY CONED,23315,2169.66,5700,-9999
04/08/2019 02:55,WEST CENTRAL,23312,354.58,9999,-9999
04/08/2019 03:00,CENTRAL EAST - VC,23330,1816.56,2100,-9999
04/08/2019 03:00,DYSINGER EAST,23326,584.43,3150,-9999
04/08/2019 03:00,MOSES SOUTH,23319,1251.19,3150,-1600
04/08/2019 03:00,SCH - HQ - NY,23324,539,1450,-1000
04/08/2019 03:00,SCH - HQ_CEDARS,325274,0,160,0
04/08/2019 03:00,SCH - HQ_IMPORT_EXPORT,325376,434,1310,-9999
04/08/2019 03:00,SCH - NE - NY,23318,-152.11,600,-800
04/08/2019 03:00,SCH - NPX_1385,325277,-22,100,-100
04/08/2019 03:00,SCH - NPX_CSC,325154,100,330,-330
04/08/2019 03:00,SCH - OH - NY,23317,999.33,1300,-1900
04/08/2019 03:00,SCH - PJ - NY,23316,92.02,2000,-1300
04/08/2019 03:00,SCH - PJM_HTP,325905,0,660,-660
04/08/2019 03:00,SCH - PJM_NEPTUNE,325305,330,660,-660
04/08/2019 03:00,SCH - PJM_VFT,325658,0,0,0
04/08/2019 03:00,SPR/DUN-SOUTH,23320,1994.1,4600,-9999
04/08/2019 03:00,TOTAL EAST,23314,3652.61,6800,-9999
04/08/2019 03:00,UPNY CONED,23315,2159.25,5700,-9999
04/08/2019 03:00,WEST CENTRAL,23312,410.47,9999,-9999
04/08/2019 03:05,CENTRAL EAST - VC,23330,1756.93,2100,-9999
04/08/2019 03:05,DYSINGER EAST,23326,549.1,3150,-9999
04/08/2019 03:05,MOSES SOUTH,23319,1179.59,3150,-1600
04/08/2019 03:05,SCH - HQ - NY,23324,470,1450,-1000
04/08/2019 03:05,SCH - HQ_CEDARS,325274,0,160,0
04/08/2019 03:05,SCH - HQ_IMPORT_EXPORT,325376,365,1310,-9999
04/08/2019 03:05,SCH - NE - NY,23318,-128.51,600,-800
04/08/2019 03:05,SCH - NPX_1385,325277,0,100,-100
04/08/2019 03:05,SCH - NPX_CSC,325154,100,330,-330
04/08/2019 03:05,SCH - OH - NY,23317,999.34,1300,-1900
04/08/2019 03:05,SCH - PJ - NY,23316,115.34,2000,-1300
04/08/2019 03:05,SCH - PJM_HTP,325905,0,660,-660
04/08/2019 03:05,SCH - PJM_NEPTUNE,325305,330,660,-660
04/08/2019 03:05,SCH - PJM_VFT,325658,0,0,0
04/08/2019 03:05,SPR/DUN-SOUTH,23320,1977.69,4600,-9999
04/08/2019 03:05,TOTAL EAST,23314,3614.83,6800,-9999
04/08/2019 03:05,UPNY CONED,23315,2126.88,5700,-9999
04/08/2019 03:05,WEST CENTRAL,23312,373.98,9999,-9999
04/08/2019 03:10,CENTRAL EAST - VC,23330,1751.61,2100,-9999
04/08/2019 03:10,DYSINGER EAST,23326,526.39,3150,-9999
04/08/2019 03:10,MOSES SOUTH,23319,1167.33,3150,-1600
04/08/2019 03:10,SCH - HQ - NY,23324,470,1450,-1000
04/08/2019 03:10,SCH - HQ_CEDARS,325274,0,160,0
04/08/2019 03:10,SCH - HQ_IMPORT_EXPORT,325376,365,1310,-9999
04/08/2019 03:10,SCH - NE - NY,23318,-128.65,600,-800
04/08/2019 03:10,SCH - NPX_1385,325277,0,100,-100
04/08/2019 03:10,SCH - NPX_CSC,325154,100,330,-330
04/08/2019 03:10,SCH - OH - NY,23317,999.32,1300,-1900
04/08/2019 03:10,SCH - PJ - NY,23316,115.47,2000,-1300
04/08/2019 03:10,SCH - PJM_HTP,325905,0,660,-660
04/08/2019 03:10,SCH - PJM_NEPTUNE,325305,330,660,-660
04/08/2019 03:10,SCH - PJM_VFT,325658,0,0,0
04/08/2019 03:10,SPR/DUN-SOUTH,23320,1962.51,4600,-9999
04/08/2019 03:10,TOTAL EAST,23314,3637.55,6800,-9999
04/08/2019 03:10,UPNY CONED,23315,2120.71,5700,-9999
04/08/2019 03:10,WEST CENTRAL,23312,351.46,9999,-9999
04/08/2019 03:15,CENTRAL EAST - VC,23330,1748.29,2100,-9999
04/08/2019 03:15,DYSINGER EAST,23326,541.15,3150,-9999
04/08/2019 03:15,MOSES SOUTH,23319,1172.6,3150,-1600
04/08/2019 03:15,SCH - HQ - NY,23324,470,1450,-1000
04/08/2019 03:15,SCH - HQ_CEDARS,325274,0,160,0
04/08/2019 03:15,SCH - HQ_IMPORT_EXPORT,325376,365,1310,-9999
04/08/2019 03:15,SCH - NE - NY,23318,-129.29,600,-800
04/08/2019 03:15,SCH - NPX_1385,325277,0,100,-100
04/08/2019 03:15,SCH - NPX_CSC,325154,100,330,-330
04/08/2019 03:15,SCH - OH - NY,23317,999.23,1300,-1900
04/08/2019 03:15,SCH - PJ - NY,23316,114.12,2000,-1300
04/08/2019 03:15,SCH - PJM_HTP,325905,0,660,-660
04/08/2019 03:15,SCH - PJM_NEPTUNE,325305,330,660,-660
04/08/2019 03:15,SCH - PJM_VFT,325658,0,0,0
04/08/2019 03:15,SPR/DUN-SOUTH,23320,1962.68,4600,-9999
04/08/2019 03:15,TOTAL EAST,23314,3642.39,6800,-9999
04/08/2019 03:15,UPNY CONED,23315,2129.11,5700,-9999
04/08/2019 03:15,WEST CENTRAL,23312,364.3,9999,-9999
04/08/2019 03:20,CENTRAL EAST - VC,23330,1772.2,2100,-9999
04/08/2019 03:20,DYSINGER EAST,23326,556.97,3150,-9999
04/08/2019 03:20,MOSES SOUTH,23319,1179.74,3150,-1600
04/08/2019 03:20,SCH - HQ - NY,23324,470,1450,-1000
04/08/2019 03:20,SCH - HQ_CEDARS,325274,0,160,0
04/08/2019 03:20,SCH - HQ_IMPORT_EXPORT,325376,365,1310,-9999
04/08/2019 03:20,SCH - NE - NY,23318,-128.97,600,-800
04/08/2019 03:20,SCH - NPX_1385,325277,0,100,-100
04/08/2019 03:20,SCH - NPX_CSC,325154,100,330,-330
04/08/2019 03:20,SCH - OH - NY,23317,999.41,1300,-1900
04/08/2019 03:20,SCH - PJ - NY,23316,113.79,2000,-1300
04/08/2019 03:20,SCH - PJM_HTP,325905,0,660,-660
04/08/2019 03:20,SCH - PJM_NEPTUNE,325305,330,660,-660
04/08/2019 03:20,SCH - PJM_VFT,325658,0,0,0
04/08/2019 03:20,SPR/DUN-SOUTH,23320,1962.12,4600,-9999
04/08/2019 03:20,TOTAL EAST,23314,3649.09,6800,-9999
04/08/2019 03:20,UPNY CONED,23315,2132.39,5700,-9999
04/08/2019 03:20,WEST CENTRAL,23312,376.96,9999,-9999
04/08/2019 03:25,CENTRAL EAST - VC,23330,1777.27,2100,-9999
04/08/2019 03:25,DYSINGER EAST,23326,580.85,3150,-9999
04/08/2019 03:25,MOSES SOUTH,23319,1170.72,3150,-1600
04/08/2019 03:25,SCH - HQ - NY,23324,470,1450,-1000
04/08/2019 03:25,SCH - HQ_CEDARS,325274,0,160,0
04/08/2019 03:25,SCH - HQ_IMPORT_EXPORT,325376,365,1310,-9999
04/08/2019 03:25,SCH - NE - NY,23318,-128.99,600,-800
04/08/2019 03:25,SCH - NPX_1385,325277,0,100,-100
04/08/2019 03:25,SCH - NPX_CSC,325154,100,330,-330
04/08/2019 03:25,SCH - OH - NY,23317,999.5,1300,-1900
04/08/2019 03:25,SCH - PJ - NY,23316,114.79,2000,-1300
04/08/2019 03:25,SCH - PJM_HTP,325905,0,660,-660
04/08/2019 03:25,SCH - PJM_NEPTUNE,325305,330,660,-660
04/08/2019 03:25,SCH - PJM_VFT,325658,0,0,0
04/08/2019 03:25,SPR/DUN-SOUTH,23320,1969.09,4600,-9999
04/08/2019 03:25,TOTAL EAST,23314,3645.63,6800,-9999
04/08/2019 03:25,UPNY CONED,23315,2144.25,5700,-9999
04/08/2019 03:25,WEST CENTRAL,23312,398.51,9999,-9999
04/08/2019 03:30,CENTRAL EAST - VC,23330,1760.79,2100,-9999
04/08/2019 03:30,DYSINGER EAST,23326,538.63,3150,-9999
04/08/2019 03:30,MOSES SOUTH,23319,1170.95,3150,-1600
04/08/2019 03:30,SCH - HQ - NY,23324,470,1450,-1000
04/08/2019 03:30,SCH - HQ_CEDARS,325274,0,160,0
04/08/2019 03:30,SCH - HQ_IMPORT_EXPORT,325376,365,1310,-9999
04/08/2019 03:30,SCH - NE - NY,23318,-129.11,600,-800
04/08/2019 03:30,SCH - NPX_1385,325277,0,100,-100
04/08/2019 03:30,SCH - NPX_CSC,325154,100,330,-330
04/08/2019 03:30,SCH - OH - NY,23317,999.33,1300,-1900
04/08/2019 03:30,SCH - PJ - NY,23316,108.92,2000,-1300
04/08/2019 03:30,SCH - PJM_HTP,325905,0,660,-660
04/08/2019 03:30,SCH - PJM_NEPTUNE,325305,330,660,-660
04/08/2019 03:30,SCH - PJM_VFT,325658,0,0,0
04/08/2019 03:30,SPR/DUN-SOUTH,23320,1973.76,4600,-9999
04/08/2019 03:30,TOTAL EAST,23314,3636.83,6800,-9999
04/08/2019 03:30,UPNY CONED,23315,2138.76,5700,-9999
04/08/2019 03:30,WEST CENTRAL,23312,356.53,9999,-9999
04/08/2019 03:35,CENTRAL EAST - VC,23330,1762.27,2100,-9999
04/08/2019 03:35,DYSINGER EAST,23326,540.4,3150,-9999
04/08/2019 03:35,MOSES SOUTH,23319,1168.08,3150,-1600
04/08/2019 03:35,SCH - HQ - NY,23324,470,1450,-1000
04/08/2019 03:35,SCH - HQ_CEDARS,325274,0,160,0
04/08/2019 03:35,SCH - HQ_IMPORT_EXPORT,325376,365,1310,-9999
04/08/2019 03:35,SCH - NE - NY,23318,-128.93,600,-800
04/08/2019 03:35,SCH - NPX_1385,325277,0,100,-100
04/08/2019 03:35,SCH - NPX_CSC,325154,100,330,-330
04/08/2019 03:35,SCH - OH - NY,23317,999.37,1300,-1900
04/08/2019 03:35,SCH - PJ - NY,23316,101.69,2000,-1300
04/08/2019 03:35,SCH - PJM_HTP,325905,0,660,-660
04/08/2019 03:35,SCH - PJM_NEPTUNE,325305,330,660,-660
04/08/2019 03:35,SCH - PJM_VFT,325658,0,0,0
04/08/2019 03:35,SPR/DUN-SOUTH,23320,1974.15,4600,-9999
04/08/2019 03:35,TOTAL EAST,23314,3626.16,6800,-9999
04/08/2019 03:35,UPNY CONED,23315,2124.81,5700,-9999
04/08/2019 03:35,WEST CENTRAL,23312,354.56,9999,-9999
04/08/2019 03:40,CENTRAL EAST - VC,23330,1769.68,2100,-9999
04/08/2019 03:40,DYSINGER EAST,23326,544.28,3150,-9999
04/08/2019 03:40,MOSES SOUTH,23319,1170.71,3150,-1600
04/08/2019 03:40,SCH - HQ - NY,23324,470,1450,-1000
04/08/2019 03:40,SCH - HQ_CEDARS,325274,0,160,0
04/08/2019 03:40,SCH - HQ_IMPORT_EXPORT,325376,365,1310,-9999
04/08/2019 03:40,SCH - NE - NY,23318,-128.8,600,-800
04/08/2019 03:40,SCH - NPX_1385,325277,0,100,-100
04/08/2019 03:40,SCH - NPX_CSC,325154,100,330,-330
04/08/2019 03:40,SCH - OH - NY,23317,999.4,1300,-1900
04/08/2019 03:40,SCH - PJ - NY,23316,102.55,2000,-1300
04/08/2019 03:40,SCH - PJM_HTP,325905,0,660,-660
04/08/2019 03:40,SCH - PJM_NEPTUNE,325305,330,660,-660
04/08/2019 03:40,SCH - PJM_VFT,325658,0,0,0
04/08/2019 03:40,SPR/DUN-SOUTH,23320,1977.08,4600,-9999
04/08/2019 03:40,TOTAL EAST,23314,3647.83,6800,-9999
04/08/2019 03:40,UPNY CONED,23315,2150.32,5700,-9999
04/08/2019 03:40,WEST CENTRAL,23312,357.97,9999,-9999
04/08/2019 03:45,CENTRAL EAST - VC,23330,1737.49,2100,-9999
04/08/2019 03:45,DYSINGER EAST,23326,517.13,3150,-9999
04/08/2019 03:45,MOSES SOUTH,23319,1171.46,3150,-1600
04/08/2019 03:45,SCH - HQ - NY,23324,470,1450,-1000
04/08/2019 03:45,SCH - HQ_CEDARS,325274,0,160,0
04/08/2019 03:45,SCH - HQ_IMPORT_EXPORT,325376,365,1310,-9999
04/08/2019 03:45,SCH - NE - NY,23318,-81.81,600,-800
04/08/2019 03:45,SCH - NPX_1385,325277,0,100,-100
04/08/2019 03:45,SCH - NPX_CSC,325154,100,330,-330
04/08/2019 03:45,SCH - OH - NY,23317,999.36,1300,-1900
04/08/2019 03:45,SCH - PJ - NY,23316,51.49,2000,-1300
04/08/2019 03:45,SCH - PJM_HTP,325905,0,660,-660
04/08/2019 03:45,SCH - PJM_NEPTUNE,325305,330,660,-660
04/08/2019 03:45,SCH - PJM_VFT,325658,0,0,0
04/08/2019 03:45,SPR/DUN-SOUTH,23320,1970.54,4600,-9999
04/08/2019 03:45,TOTAL EAST,23314,3598.94,6800,-9999
04/08/2019 03:45,UPNY CONED,23315,2152.89,5700,-9999
04/08/2019 03:45,WEST CENTRAL,23312,329.01,9999,-9999
04/08/2019 03:50,CENTRAL EAST - VC,23330,1720.19,2100,-9999
04/08/2019 03:50,DYSINGER EAST,23326,509.07,3150,-9999
04/08/2019 03:50,MOSES SOUTH,23319,1180.51,3150,-1600
04/08/2019 03:50,SCH - HQ - NY,23324,470,1450,-1000
04/08/2019 03:50,SCH - HQ_CEDARS,325274,0,160,0
04/08/2019 03:50,SCH - HQ_IMPORT_EXPORT,325376,365,1310,-9999
04/08/2019 03:50,SCH - NE - NY,23318,-35.67,600,-800
04/08/2019 03:50,SCH - NPX_1385,325277,0,100,-100
04/08/2019 03:50,SCH - NPX_CSC,325154,100,330,-330
04/08/2019 03:50,SCH - OH - NY,23317,999.36,1300,-1900
04/08/2019 03:50,SCH - PJ - NY,23316,2.23,2000,-1300
04/08/2019 03:50,SCH - PJM_HTP,325905,0,660,-660
04/08/2019 03:50,SCH - PJM_NEPTUNE,325305,330,660,-660
04/08/2019 03:50,SCH - PJM_VFT,325658,0,0,0
04/08/2019 03:50,SPR/DUN-SOUTH,23320,1970.58,4600,-9999
04/08/2019 03:50,TOTAL EAST,23314,3543.18,6800,-9999
04/08/2019 03:50,UPNY CONED,23315,2148.37,5700,-9999
04/08/2019 03:50,WEST CENTRAL,23312,319.28,9999,-9999
04/08/2019 03:55,CENTRAL EAST - VC,23330,1716.55,2100,-9999
04/08/2019 03:55,DYSINGER EAST,23326,507.83,3150,-9999
04/08/2019 03:55,MOSES SOUTH,23319,1195.02,3150,-1600
04/08/2019 03:55,SCH - HQ - NY,23324,470,1450,-1000
04/08/2019 03:55,SCH - HQ_CEDARS,325274,0,160,0
04/08/2019 03:55,SCH - HQ_IMPORT_EXPORT,325376,365,1310,-9999
04/08/2019 03:55,SCH - NE - NY,23318,-35.81,600,-800
04/08/2019 03:55,SCH - NPX_1385,325277,0,100,-100
04/08/2019 03:55,SCH - NPX_CSC,325154,100,330,-330
04/08/2019 03:55,SCH - OH - NY,23317,999.27,1300,-1900
04/08/2019 03:55,SCH - PJ - NY,23316,1.4,2000,-1300
04/08/2019 03:55,SCH - PJM_HTP,325905,0,660,-660
04/08/2019 03:55,SCH - PJM_NEPTUNE,325305,330,660,-660
04/08/2019 03:55,SCH - PJM_VFT,325658,0,0,0
04/08/2019 03:55,SPR/DUN-SOUTH,23320,1967.52,4600,-9999
04/08/2019 03:55,TOTAL EAST,23314,3516.62,6800,-9999
04/08/2019 03:55,UPNY CONED,23315,2125.41,5700,-9999
04/08/2019 03:55,WEST CENTRAL,23312,314.21,9999,-9999
04/08/2019 04:00,CENTRAL EAST - VC,23330,1771.45,2070,-9999
04/08/2019 04:00,DYSINGER EAST,23326,533.24,3150,-9999
04/08/2019 04:00,MOSES SOUTH,23319,1316.22,3150,-1600
04/08/2019 04:00,SCH - HQ - NY,23324,581,1450,-1000
04/08/2019 04:00,SCH - HQ_CEDARS,325274,0,160,0
04/08/2019 04:00,SCH - HQ_IMPORT_EXPORT,325376,476,1310,-9999
04/08/2019 04:00,SCH - NE - NY,23318,-19.43,600,-800
04/08/2019 04:00,SCH - NPX_1385,325277,0,100,-100
04/08/2019 04:00,SCH - NPX_CSC,325154,100,330,-330
04/08/2019 04:00,SCH - OH - NY,23317,999.38,1300,-1900
04/08/2019 04:00,SCH - PJ - NY,23316,.92,2000,-1300
04/08/2019 04:00,SCH - PJM_HTP,325905,0,660,-660
04/08/2019 04:00,SCH - PJM_NEPTUNE,325305,247,660,-660
04/08/2019 04:00,SCH - PJM_VFT,325658,0,0,0
04/08/2019 04:00,SPR/DUN-SOUTH,23320,1978.83,4600,-9999
04/08/2019 04:00,TOTAL EAST,23314,3582.07,6800,-9999
04/08/2019 04:00,UPNY CONED,23315,2224.2,5700,-9999
04/08/2019 04:00,WEST CENTRAL,23312,336.42,9999,-9999
04/08/2019 04:05,CENTRAL EAST - VC,23330,1819.36,2070,-9999
04/08/2019 04:05,DYSINGER EAST,23326,515.35,3150,-9999
04/08/2019 04:05,MOSES SOUTH,23319,1397.15,3150,-1600
04/08/2019 04:05,SCH - HQ - NY,23324,692,1450,-1000
04/08/2019 04:05,SCH - HQ_CEDARS,325274,0,160,0
04/08/2019 04:05,SCH - HQ_IMPORT_EXPORT,325376,587,1310,-9999
04/08/2019 04:05,SCH - NE - NY,23318,-3.12,600,-800
04/08/2019 04:05,SCH - NPX_1385,325277,0,100,-100
04/08/2019 04:05,SCH - NPX_CSC,325154,100,330,-330
04/08/2019 04:05,SCH - OH - NY,23317,999.3,1300,-1900
04/08/2019 04:05,SCH - PJ - NY,23316,-2.41,2000,-1300
04/08/2019 04:05,SCH - PJM_HTP,325905,0,660,-660
04/08/2019 04:05,SCH - PJM_NEPTUNE,325305,165,660,-660
04/08/2019 04:05,SCH - PJM_VFT,325658,0,0,0
04/08/2019 04:05,SPR/DUN-SOUTH,23320,1967.73,4600,-9999
04/08/2019 04:05,TOTAL EAST,23314,3654.86,6800,-9999
04/08/2019 04:05,UPNY CONED,23315,2304.56,5700,-9999
04/08/2019 04:05,WEST CENTRAL,23312,315.74,9999,-9999
04/08/2019 04:10,CENTRAL EAST - VC,23330,1809.99,2070,-9999
04/08/2019 04:10,DYSINGER EAST,23326,504.63,3150,-9999
04/08/2019 04:10,MOSES SOUTH,23319,1389.81,3150,-1600
04/08/2019 04:10,SCH - HQ - NY,23324,692,1450,-1000
04/08/2019 04:10,SCH - HQ_CEDARS,325274,0,160,0
04/08/2019 04:10,SCH - HQ_IMPORT_EXPORT,325376,587,1310,-9999
04/08/2019 04:10,SCH - NE - NY,23318,-3.01,600,-800
04/08/2019 04:10,SCH - NPX_1385,325277,0,100,-100
04/08/2019 04:10,SCH - NPX_CSC,325154,100,330,-330
04/08/2019 04:10,SCH - OH - NY,23317,999.33,1300,-1900
04/08/2019 04:10,SCH - PJ - NY,23316,-3.58,2000,-1300
04/08/2019 04:10,SCH - PJM_HTP,325905,0,660,-660
04/08/2019 04:10,SCH - PJM_NEPTUNE,325305,165,660,-660
04/08/2019 04:10,SCH - PJM_VFT,325658,0,0,0
04/08/2019 04:10,SPR/DUN-SOUTH,23320,1939.79,4600,-9999
04/08/2019 04:10,TOTAL EAST,23314,3635.21,6800,-9999
04/08/2019 04:10,UPNY CONED,23315,2278.35,5700,-9999
04/08/2019 04:10,WEST CENTRAL,23312,302.02,9999,-9999
04/08/2019 04:15,CENTRAL EAST - VC,23330,1796.01,2070,-9999
04/08/2019 04:15,DYSINGER EAST,23326,473.3,3150,-9999
04/08/2019 04:15,MOSES SOUTH,23319,1370.22,3150,-1600
04/08/2019 04:15,SCH - HQ - NY,23324,692,1450,-1000
04/08/2019 04:15,SCH - HQ_CEDARS,325274,0,160,0
04/08/2019 04:15,SCH - HQ_IMPORT_EXPORT,325376,587,1310,-9999
04/08/2019 04:15,SCH - NE - NY,23318,1.15,600,-800
04/08/2019 04:15,SCH - NPX_1385,325277,0,100,-100
04/08/2019 04:15,SCH - NPX_CSC,325154,100,330,-330
04/08/2019 04:15,SCH - OH - NY,23317,999.2,1300,-1900
04/08/2019 04:15,SCH - PJ - NY,23316,-1.81,2000,-1300
04/08/2019 04:15,SCH - PJM_HTP,325905,0,660,-660
04/08/2019 04:15,SCH - PJM_NEPTUNE,325305,165,660,-660
04/08/2019 04:15,SCH - PJM_VFT,325658,0,0,0
04/08/2019 04:15,SPR/DUN-SOUTH,23320,1933.27,4600,-9999
04/08/2019 04:15,TOTAL EAST,23314,3627.58,6800,-9999
04/08/2019 04:15,UPNY CONED,23315,2268.69,5700,-9999
04/08/2019 04:15,WEST CENTRAL,23312,268.98,9999,-9999
04/08/2019 04:20,CENTRAL EAST - VC,23330,1803.09,2070,-9999
04/08/2019 04:20,DYSINGER EAST,23326,525.27,3150,-9999
04/08/2019 04:20,MOSES SOUTH,23319,1377.47,3150,-1600
04/08/2019 04:20,SCH - HQ - NY,23324,692,1450,-1000
04/08/2019 04:20,SCH - HQ_CEDARS,325274,0,160,0
04/08/2019 04:20,SCH - HQ_IMPORT_EXPORT,325376,587,1310,-9999
04/08/2019 04:20,SCH - NE - NY,23318,4.08,600,-800
04/08/2019 04:20,SCH - NPX_1385,325277,0,100,-100
04/08/2019 04:20,SCH - NPX_CSC,325154,100,330,-330
04/08/2019 04:20,SCH - OH - NY,23317,999.37,1300,-1900
04/08/2019 04:20,SCH - PJ - NY,23316,-1.69,2000,-1300
04/08/2019 04:20,SCH - PJM_HTP,325905,0,660,-660
04/08/2019 04:20,SCH - PJM_NEPTUNE,325305,165,660,-660
04/08/2019 04:20,SCH - PJM_VFT,325658,0,0,0
04/08/2019 04:20,SPR/DUN-SOUTH,23320,1944.94,4600,-9999
04/08/2019 04:20,TOTAL EAST,23314,3641.88,6800,-9999
04/08/2019 04:20,UPNY CONED,23315,2282.84,5700,-9999
04/08/2019 04:20,WEST CENTRAL,23312,318.53,9999,-9999
04/08/2019 04:25,CENTRAL EAST - VC,23330,1806.86,2070,-9999
04/08/2019 04:25,DYSINGER EAST,23326,505.82,3150,-9999
04/08/2019 04:25,MOSES SOUTH,23319,1363.7,3150,-1600
04/08/2019 04:25,SCH - HQ - NY,23324,692,1450,-1000
04/08/2019 04:25,SCH - HQ_CEDARS,325274,0,160,0
04/08/2019 04:25,SCH - HQ_IMPORT_EXPORT,325376,587,1310,-9999
04/08/2019 04:25,SCH - NE - NY,23318,4.12,600,-800
04/08/2019 04:25,SCH - NPX_1385,325277,0,100,-100
04/08/2019 04:25,SCH - NPX_CSC,325154,100,330,-330
04/08/2019 04:25,SCH - OH - NY,23317,999.26,1300,-1900
04/08/2019 04:25,SCH - PJ - NY,23316,-4.64,2000,-1300
04/08/2019 04:25,SCH - PJM_HTP,325905,0,660,-660
04/08/2019 04:25,SCH - PJM_NEPTUNE,325305,165,660,-660
04/08/2019 04:25,SCH - PJM_VFT,325658,0,0,0
04/08/2019 04:25,SPR/DUN-SOUTH,23320,1948.03,4600,-9999
04/08/2019 04:25,TOTAL EAST,23314,3659.61,6800,-9999
04/08/2019 04:25,UPNY CONED,23315,2291.11,5700,-9999
04/08/2019 04:25,WEST CENTRAL,23312,296.22,9999,-9999
04/08/2019 04:30,CENTRAL EAST - VC,23330,1788.63,2070,-9999
04/08/2019 04:30,DYSINGER EAST,23326,486.35,3150,-9999
04/08/2019 04:30,MOSES SOUTH,23319,1377.41,3150,-1600
04/08/2019 04:30,SCH - HQ - NY,23324,692,1450,-1000
04/08/2019 04:30,SCH - HQ_CEDARS,325274,0,160,0
04/08/2019 04:30,SCH - HQ_IMPORT_EXPORT,325376,587,1310,-9999
04/08/2019 04:30,SCH - NE - NY,23318,3.99,600,-800
04/08/2019 04:30,SCH - NPX_1385,325277,0,100,-100
04/08/2019 04:30,SCH - NPX_CSC,325154,100,330,-330
04/08/2019 04:30,SCH - OH - NY,23317,999.26,1300,-1900
04/08/2019 04:30,SCH - PJ - NY,23316,-1.58,2000,-1300
04/08/2019 04:30,SCH - PJM_HTP,325905,0,660,-660
04/08/2019 04:30,SCH - PJM_NEPTUNE,325305,165,660,-660
04/08/2019 04:30,SCH - PJM_VFT,325658,0,0,0
04/08/2019 04:30,SPR/DUN-SOUTH,23320,1947.51,4600,-9999
04/08/2019 04:30,TOTAL EAST,23314,3663.77,6800,-9999
04/08/2019 04:30,UPNY CONED,23315,2298.8,5700,-9999
04/08/2019 04:30,WEST CENTRAL,23312,275.8,9999,-9999
04/08/2019 04:35,CENTRAL EAST - VC,23330,1797.41,2070,-9999
04/08/2019 04:35,DYSINGER EAST,23326,481.66,3150,-9999
04/08/2019 04:35,MOSES SOUTH,23319,1392.54,3150,-1600
04/08/2019 04:35,SCH - HQ - NY,23324,692,1450,-1000
04/08/2019 04:35,SCH - HQ_CEDARS,325274,0,160,0
04/08/2019 04:35,SCH - HQ_IMPORT_EXPORT,325376,587,1310,-9999
04/08/2019 04:35,SCH - NE - NY,23318,4.24,600,-800
04/08/2019 04:35,SCH - NPX_1385,325277,0,100,-100
04/08/2019 04:35,SCH - NPX_CSC,325154,100,330,-330
04/08/2019 04:35,SCH - OH - NY,23317,999.31,1300,-1900
04/08/2019 04:35,SCH - PJ - NY,23316,-3.88,2000,-1300
04/08/2019 04:35,SCH - PJM_HTP,325905,0,660,-660
04/08/2019 04:35,SCH - PJM_NEPTUNE,325305,165,660,-660
04/08/2019 04:35,SCH - PJM_VFT,325658,0,0,0
04/08/2019 04:35,SPR/DUN-SOUTH,23320,1950.29,4600,-9999
04/08/2019 04:35,TOTAL EAST,23314,3667.01,6800,-9999
04/08/2019 04:35,UPNY CONED,23315,2307.72,5700,-9999
04/08/2019 04:35,WEST CENTRAL,23312,268.12,9999,-9999
04/08/2019 04:40,CENTRAL EAST - VC,23330,1809.05,2070,-9999
04/08/2019 04:40,DYSINGER EAST,23326,521.79,3150,-9999
04/08/2019 04:40,MOSES SOUTH,23319,1394.47,3150,-1600
04/08/2019 04:40,SCH - HQ - NY,23324,692,1450,-1000
04/08/2019 04:40,SCH - HQ_CEDARS,325274,0,160,0
04/08/2019 04:40,SCH - HQ_IMPORT_EXPORT,325376,587,1310,-9999
04/08/2019 04:40,SCH - NE - NY,23318,4.17,600,-800
04/08/2019 04:40,SCH - NPX_1385,325277,0,100,-100
04/08/2019 04:40,SCH - NPX_CSC,325154,100,330,-330
04/08/2019 04:40,SCH - OH - NY,23317,999.37,1300,-1900
04/08/2019 04:40,SCH - PJ - NY,23316,-1.73,2000,-1300
04/08/2019 04:40,SCH - PJM_HTP,325905,0,660,-660
04/08/2019 04:40,SCH - PJM_NEPTUNE,325305,165,660,-660
04/08/2019 04:40,SCH - PJM_VFT,325658,0,0,0
04/08/2019 04:40,SPR/DUN-SOUTH,23320,1958.41,4600,-9999
04/08/2019 04:40,TOTAL EAST,23314,3689.51,6800,-9999
04/08/2019 04:40,UPNY CONED,23315,2322.15,5700,-9999
04/08/2019 04:40,WEST CENTRAL,23312,305.39,9999,-9999
04/08/2019 04:45,CENTRAL EAST - VC,23330,1786.42,2070,-9999
04/08/2019 04:45,DYSINGER EAST,23326,531.44,3150,-9999
04/08/2019 04:45,MOSES SOUTH,23319,1388.4,3150,-1600
04/08/2019 04:45,SCH - HQ - NY,23324,692,1450,-1000
04/08/2019 04:45,SCH - HQ_CEDARS,325274,0,160,0
04/08/2019 04:45,SCH - HQ_IMPORT_EXPORT,325376,587,1310,-9999
04/08/2019 04:45,SCH - NE - NY,23318,29.75,600,-800
04/08/2019 04:45,SCH - NPX_1385,325277,0,100,-100
04/08/2019 04:45,SCH - NPX_CSC,325154,100,330,-330
04/08/2019 04:45,SCH - OH - NY,23317,999.39,1300,-1900
04/08/2019 04:45,SCH - PJ - NY,23316,50.28,2000,-1300
04/08/2019 04:45,SCH - PJM_HTP,325905,0,660,-660
04/08/2019 04:45,SCH - PJM_NEPTUNE,325305,165,660,-660
04/08/2019 04:45,SCH - PJM_VFT,325658,0,0,0
04/08/2019 04:45,SPR/DUN-SOUTH,23320,1965.09,4600,-9999
04/08/2019 04:45,TOTAL EAST,23314,3685.38,6800,-9999
04/08/2019 04:45,UPNY CONED,23315,2338.43,5700,-9999
04/08/2019 04:45,WEST CENTRAL,23312,311.92,9999,-9999
04/08/2019 04:50,CENTRAL EAST - VC,23330,1738.94,2070,-9999
04/08/2019 04:50,DYSINGER EAST,23326,455.15,3150,-9999
04/08/2019 04:50,MOSES SOUTH,23319,1378.27,3150,-1600
04/08/2019 04:50,SCH - HQ - NY,23324,692,1450,-1000
04/08/2019 04:50,SCH - HQ_CEDARS,325274,0,160,0
04/08/2019 04:50,SCH - HQ_IMPORT_EXPORT,325376,587,1310,-9999
04/08/2019 04:50,SCH - NE - NY,23318,55.38,600,-800
04/08/2019 04:50,SCH - NPX_1385,325277,0,100,-100
04/08/2019 04:50,SCH - NPX_CSC,325154,100,330,-330
04/08/2019 04:50,SCH - OH - NY,23317,999.37,1300,-1900
04/08/2019 04:50,SCH - PJ - NY,23316,101.36,2000,-1300
04/08/2019 04:50,SCH - PJM_HTP,325905,0,660,-660
04/08/2019 04:50,SCH - PJM_NEPTUNE,325305,165,660,-660
04/08/2019 04:50,SCH - PJM_VFT,325658,0,0,0
04/08/2019 04:50,SPR/DUN-SOUTH,23320,1971.51,4600,-9999
04/08/2019 04:50,TOTAL EAST,23314,3580.78,6800,-9999
04/08/2019 04:50,UPNY CONED,23315,2357.54,5700,-9999
04/08/2019 04:50,WEST CENTRAL,23312,229.11,9999,-9999
04/08/2019 04:55,CENTRAL EAST - VC,23330,1688.02,2070,-9999
04/08/2019 04:55,DYSINGER EAST,23326,338.55,3150,-9999
04/08/2019 04:55,MOSES SOUTH,23319,1372.23,3150,-1600
04/08/2019 04:55,SCH - HQ - NY,23324,692,1450,-1000
04/08/2019 04:55,SCH - HQ_CEDARS,325274,0,160,0
04/08/2019 04:55,SCH - HQ_IMPORT_EXPORT,325376,587,1310,-9999
04/08/2019 04:55,SCH - NE - NY,23318,55.31,600,-800
04/08/2019 04:55,SCH - NPX_1385,325277,0,100,-100
04/08/2019 04:55,SCH - NPX_CSC,325154,100,330,-330
04/08/2019 04:55,SCH - OH - NY,23317,999.24,1300,-1900
04/08/2019 04:55,SCH - PJ - NY,23316,100.21,2000,-1300
04/08/2019 04:55,SCH - PJM_HTP,325905,0,660,-660
04/08/2019 04:55,SCH - PJM_NEPTUNE,325305,165,660,-660
04/08/2019 04:55,SCH - PJM_VFT,325658,0,0,0
04/08/2019 04:55,SPR/DUN-SOUTH,23320,1980.41,4600,-9999
04/08/2019 04:55,TOTAL EAST,23314,3456.67,6800,-9999
04/08/2019 04:55,UPNY CONED,23315,2360.01,5700,-9999
04/08/2019 04:55,WEST CENTRAL,23312,108.76,9999,-9999
04/08/2019 05:00,CENTRAL EAST - VC,23330,1762.57,2070,-9999
04/08/2019 05:00,DYSINGER EAST,23326,356.04,3150,-9999
04/08/2019 05:00,MOSES SOUTH,23319,1491.36,3150,-1600
04/08/2019 05:00,SCH - HQ - NY,23324,800,1450,-1000
04/08/2019 05:00,SCH - HQ_CEDARS,325274,0,160,0
04/08/2019 05:00,SCH - HQ_IMPORT_EXPORT,325376,695,1310,-9999
04/08/2019 05:00,SCH - NE - NY,23318,-98.13,600,-800
04/08/2019 05:00,SCH - NPX_1385,325277,0,100,-100
04/08/2019 05:00,SCH - NPX_CSC,325154,100,330,-330
04/08/2019 05:00,SCH - OH - NY,23317,909.46,1300,-1750
04/08/2019 05:00,SCH - PJ - NY,23316,9.62,2000,-1300
04/08/2019 05:00,SCH - PJM_HTP,325905,0,660,-660
04/08/2019 05:00,SCH - PJM_NEPTUNE,325305,171,660,-660
04/08/2019 05:00,SCH - PJM_VFT,325658,0,0,0
04/08/2019 05:00,SPR/DUN-SOUTH,23320,1966.5,4600,-9999
04/08/2019 05:00,TOTAL EAST,23314,3591.5,6800,-9999
04/08/2019 05:00,UPNY CONED,23315,2338.47,5700,-9999
04/08/2019 05:00,WEST CENTRAL,23312,117.14,9999,-9999
04/08/2019 05:03,CENTRAL EAST - VC,23330,1817.08,2070,-9999
04/08/2019 05:03,DYSINGER EAST,23326,482.9,3150,-9999
04/08/2019 05:03,MOSES SOUTH,23319,1533.82,3150,-1600
04/08/2019 05:03,SCH - HQ - NY,23324,864,1450,-1000
04/08/2019 05:03,SCH - HQ_CEDARS,325274,0,160,0
04/08/2019 05:03,SCH - HQ_IMPORT_EXPORT,325376,759,1310,-9999
04/08/2019 05:03,SCH - NE - NY,23318,-189.3,600,-800
04/08/2019 05:03,SCH - NPX_1385,325277,0,100,-100
04/08/2019 05:03,SCH - NPX_CSC,325154,100,330,-330
04/08/2019 05:03,SCH - OH - NY,23317,855.74,1300,-1750
04/08/2019 05:03,SCH - PJ - NY,23316,-44.11,2000,-1300
04/08/2019 05:03,SCH - PJM_HTP,325905,0,660,-660
04/08/2019 05:03,SCH - PJM_NEPTUNE,325305,174,660,-660
04/08/2019 05:03,SCH - PJM_VFT,325658,0,0,0
04/08/2019 05:03,SPR/DUN-SOUTH,23320,1739.66,4600,-9999
04/08/2019 05:03,TOTAL EAST,23314,3637.59,6800,-9999
04/08/2019 05:03,UPNY CONED,23315,2101.77,5700,-9999
04/08/2019 05:03,WEST CENTRAL,23312,237.07,9999,-9999
04/08/2019 05:04,CENTRAL EAST - VC,23330,1838.8,2070,-9999
04/08/2019 05:04,DYSINGER EAST,23326,471.35,3150,-9999
04/08/2019 05:04,MOSES SOUTH,23319,1533.03,3150,-1600
04/08/2019 05:04,SCH - HQ - NY,23324,886,1450,-1000
04/08/2019 05:04,SCH - HQ_CEDARS,325274,0,160,0
04/08/2019 05:04,SCH - HQ_IMPORT_EXPORT,325376,781,1310,-9999
04/08/2019 05:04,SCH - NE - NY,23318,-219.99,600,-800
04/08/2019 05:04,SCH - NPX_1385,325277,0,100,-100
04/08/2019 05:04,SCH - NPX_CSC,325154,100,330,-330
04/08/2019 05:04,SCH - OH - NY,23317,837.63,1300,-1750
04/08/2019 05:04,SCH - PJ - NY,23316,-64.27,2000,-1300
04/08/2019 05:04,SCH - PJM_HTP,325905,0,660,-660
04/08/2019 05:04,SCH - PJM_NEPTUNE,325305,175,660,-660
04/08/2019 05:04,SCH - PJM_VFT,325658,0,0,0
04/08/2019 05:04,SPR/DUN-SOUTH,23320,1736.88,4600,-9999
04/08/2019 05:04,TOTAL EAST,23314,3633.12,6800,-9999
04/08/2019 05:04,UPNY CONED,23315,2065.08,5700,-9999
04/08/2019 05:04,WEST CENTRAL,23312,223.53,9999,-9999
04/08/2019 05:05,CENTRAL EAST - VC,23330,1821.99,2070,-9999
04/08/2019 05:05,DYSINGER EAST,23326,424.55,3150,-9999
04/08/2019 05:05,MOSES SOUTH,23319,1585.89,3150,-1600
04/08/2019 05:05,SCH - HQ - NY,23324,908,1450,-1000
04/08/2019 05:05,SCH - HQ_CEDARS,325274,0,160,0
04/08/2019 05:05,SCH - HQ_IMPORT_EXPORT,325376,803,1310,-9999
04/08/2019 05:05,SCH - NE - NY,23318,-251.93,600,-800
04/08/2019 05:05,SCH - NPX_1385,325277,0,100,-100
04/08/2019 05:05,SCH - NPX_CSC,325154,100,330,-330
04/08/2019 05:05,SCH - OH - NY,23317,819.78,1300,-1750
04/08/2019 05:05,SCH - PJ - NY,23316,-83.65,2000,-1300
04/08/2019 05:05,SCH - PJM_HTP,325905,0,660,-660
04/08/2019 05:05,SCH - PJM_NEPTUNE,325305,177,660,-660
04/08/2019 05:05,SCH - PJM_VFT,325658,0,0,0
04/08/2019 05:05,SPR/DUN-SOUTH,23320,1865.16,4600,-9999
04/08/2019 05:05,TOTAL EAST,23314,3594.93,6800,-9999
04/08/2019 05:05,UPNY CONED,23315,2257.06,5700,-9999
04/08/2019 05:05,WEST CENTRAL,23312,174.21,9999,-9999
04/08/2019 05:14,CENTRAL EAST - VC,23330,1902.91,2070,-9999
04/08/2019 05:14,DYSINGER EAST,23326,656.4,3150,-9999
04/08/2019 05:14,MOSES SOUTH,23319,1531.82,3150,-1600
04/08/2019 05:14,SCH - HQ - NY,23324,908,1450,-1000
04/08/2019 05:14,SCH - HQ_CEDARS,325274,0,160,0
04/08/2019 05:14,SCH - HQ_IMPORT_EXPORT,325376,803,1310,-9999
04/08/2019 05:14,SCH - NE - NY,23318,-224.81,600,-800
04/08/2019 05:14,SCH - NPX_1385,325277,0,100,-100
04/08/2019 05:14,SCH - NPX_CSC,325154,100,330,-330
04/08/2019 05:14,SCH - OH - NY,23317,819.79,1300,-1750
04/08/2019 05:14,SCH - PJ - NY,23316,-78.07,2000,-1300
04/08/2019 05:14,SCH - PJM_HTP,325905,0,660,-660
04/08/2019 05:14,SCH - PJM_NEPTUNE,325305,177,660,-660
04/08/2019 05:14,SCH - PJM_VFT,325658,0,0,0
04/08/2019 05:14,SPR/DUN-SOUTH,23320,1821.65,4600,-9999
04/08/2019 05:14,TOTAL EAST,23314,3767.72,6800,-9999
04/08/2019 05:14,UPNY CONED,23315,2201.45,5700,-9999
04/08/2019 05:14,WEST CENTRAL,23312,392.66,9999,-9999
04/08/2019 05:19,CENTRAL EAST - VC,23330,1987.96,2130,-9999
04/08/2019 05:19,DYSINGER EAST,23326,681.07,3150,-9999
04/08/2019 05:19,MOSES SOUTH,23319,1532.6,3150,-1600
04/08/2019 05:19,SCH - HQ - NY,23324,908,1450,-1000
04/08/2019 05:19,SCH - HQ_CEDARS,325274,0,160,0
04/08/2019 05:19,SCH - HQ_IMPORT_EXPORT,325376,803,1310,-9999
04/08/2019 05:19,SCH - NE - NY,23318,-191.88,600,-800
04/08/2019 05:19,SCH - NPX_1385,325277,0,100,-100
04/08/2019 05:19,SCH - NPX_CSC,325154,100,330,-330
04/08/2019 05:19,SCH - OH - NY,23317,819.63,1300,-1750
04/08/2019 05:19,SCH - PJ - NY,23316,-69.34,2000,-1300
04/08/2019 05:19,SCH - PJM_HTP,325905,0,660,-660
04/08/2019 05:19,SCH - PJM_NEPTUNE,325305,177,660,-660
04/08/2019 05:19,SCH - PJM_VFT,325658,0,0,0
04/08/2019 05:19,SPR/DUN-SOUTH,23320,1889.74,4600,-9999
04/08/2019 05:19,TOTAL EAST,23314,3800.72,6800,-9999
04/08/2019 05:19,UPNY CONED,23315,2273.22,5700,-9999
04/08/2019 05:19,WEST CENTRAL,23312,413.09,9999,-9999
04/08/2019 05:30,CENTRAL EAST - VC,23330,1906.43,2130,-9999
04/08/2019 05:30,DYSINGER EAST,23326,665.46,3150,-9999
04/08/2019 05:30,MOSES SOUTH,23319,1486.01,3150,-1600
04/08/2019 05:30,SCH - HQ - NY,23324,908,1450,-1000
04/08/2019 05:30,SCH - HQ_CEDARS,325274,0,160,0
04/08/2019 05:30,SCH - HQ_IMPORT_EXPORT,325376,803,1310,-9999
04/08/2019 05:30,SCH - NE - NY,23318,-47.54,600,-800
04/08/2019 05:30,SCH - NPX_1385,325277,0,100,-100
04/08/2019 05:30,SCH - NPX_CSC,325154,100,330,-330
04/08/2019 05:30,SCH - OH - NY,23317,819.51,1300,-1750
04/08/2019 05:30,SCH - PJ - NY,23316,-54.98,2000,-1300
04/08/2019 05:30,SCH - PJM_HTP,325905,0,660,-660
04/08/2019 05:30,SCH - PJM_NEPTUNE,325305,177,660,-660
04/08/2019 05:30,SCH - PJM_VFT,325658,0,0,0
04/08/2019 05:30,SPR/DUN-SOUTH,23320,2021.1,4600,-9999
04/08/2019 05:30,TOTAL EAST,23314,3783.55,6800,-9999
04/08/2019 05:30,UPNY CONED,23315,2409.72,5700,-9999
04/08/2019 05:30,WEST CENTRAL,23312,385.34,9999,-9999
04/08/2019 05:35,CENTRAL EAST - VC,23330,1846.33,2130,-9999
04/08/2019 05:35,DYSINGER EAST,23326,606.49,3150,-9999
04/08/2019 05:35,MOSES SOUTH,23319,1467.26,3150,-1600
04/08/2019 05:35,SCH - HQ - NY,23324,908,1450,-1000
04/08/2019 05:35,SCH - HQ_CEDARS,325274,0,160,0
04/08/2019 05:35,SCH - HQ_IMPORT_EXPORT,325376,803,1310,-9999
04/08/2019 05:35,SCH - NE - NY,23318,90.49,600,-800
04/08/2019 05:35,SCH - NPX_1385,325277,0,100,-100
04/08/2019 05:35,SCH - NPX_CSC,325154,100,330,-330
04/08/2019 05:35,SCH - OH - NY,23317,819.37,1300,-1750
04/08/2019 05:35,SCH - PJ - NY,23316,-43.16,2000,-1300
04/08/2019 05:35,SCH - PJM_HTP,325905,0,660,-660
04/08/2019 05:35,SCH - PJM_NEPTUNE,325305,177,660,-660
04/08/2019 05:35,SCH - PJM_VFT,325658,0,0,0
04/08/2019 05:35,SPR/DUN-SOUTH,23320,2044.94,4600,-9999
04/08/2019 05:35,TOTAL EAST,23314,3699.53,6800,-9999
04/08/2019 05:35,UPNY CONED,23315,2453.57,5700,-9999
04/08/2019 05:35,WEST CENTRAL,23312,317.94,9999,-9999
04/08/2019 05:40,CENTRAL EAST - VC,23330,1849.08,2130,-9999
04/08/2019 05:40,DYSINGER EAST,23326,657.27,3150,-9999
04/08/2019 05:40,MOSES SOUTH,23319,1476.32,3150,-1600
04/08/2019 05:40,SCH - HQ - NY,23324,908,1450,-1000
04/08/2019 05:40,SCH - HQ_CEDARS,325274,0,160,0
04/08/2019 05:40,SCH - HQ_IMPORT_EXPORT,325376,803,1310,-9999
04/08/2019 05:40,SCH - NE - NY,23318,90.29,600,-800
04/08/2019 05:40,SCH - NPX_1385,325277,0,100,-100
04/08/2019 05:40,SCH - NPX_CSC,325154,100,330,-330
04/08/2019 05:40,SCH - OH - NY,23317,819.42,1300,-1750
04/08/2019 05:40,SCH - PJ - NY,23316,-43.93,2000,-1300
04/08/2019 05:40,SCH - PJM_HTP,325905,0,660,-660
04/08/2019 05:40,SCH - PJM_NEPTUNE,325305,177,660,-660
04/08/2019 05:40,SCH - PJM_VFT,325658,0,0,0
04/08/2019 05:40,SPR/DUN-SOUTH,23320,2042.32,4600,-9999
04/08/2019 05:40,TOTAL EAST,23314,3713.58,6800,-9999
04/08/2019 05:40,UPNY CONED,23315,2472.24,5700,-9999
04/08/2019 05:40,WEST CENTRAL,23312,357.24,9999,-9999
04/08/2019 05:45,CENTRAL EAST - VC,23330,1821.31,2130,-9999
04/08/2019 05:45,DYSINGER EAST,23326,631.59,3150,-9999
04/08/2019 05:45,MOSES SOUTH,23319,1483.67,3150,-1600
04/08/2019 05:45,SCH - HQ - NY,23324,908,1450,-1000
04/08/2019 05:45,SCH - HQ_CEDARS,325274,0,160,0
04/08/2019 05:45,SCH - HQ_IMPORT_EXPORT,325376,803,1310,-9999
04/08/2019 05:45,SCH - NE - NY,23318,122.98,600,-800
04/08/2019 05:45,SCH - NPX_1385,325277,0,100,-100
04/08/2019 05:45,SCH - NPX_CSC,325154,100,330,-330
04/08/2019 05:45,SCH - OH - NY,23317,819.4,1300,-1750
04/08/2019 05:45,SCH - PJ - NY,23316,-43.75,2000,-1300
04/08/2019 05:45,SCH - PJM_HTP,325905,0,660,-660
04/08/2019 05:45,SCH - PJM_NEPTUNE,325305,177,660,-660
04/08/2019 05:45,SCH - PJM_VFT,325658,0,0,0
04/08/2019 05:45,SPR/DUN-SOUTH,23320,2072.77,4600,-9999
04/08/2019 05:45,TOTAL EAST,23314,3732.61,6800,-9999
04/08/2019 05:45,UPNY CONED,23315,2503.83,5700,-9999
04/08/2019 05:45,WEST CENTRAL,23312,321.6,9999,-9999
04/08/2019 05:50,CENTRAL EAST - VC,23330,1768.13,2130,-9999
04/08/2019 05:50,DYSINGER EAST,23326,581.01,3150,-9999
04/08/2019 05:50,MOSES SOUTH,23319,1477.11,3150,-1600
04/08/2019 05:50,SCH - HQ - NY,23324,908,1450,-1000
04/08/2019 05:50,SCH - HQ_CEDARS,325274,0,160,0
04/08/2019 05:50,SCH - HQ_IMPORT_EXPORT,325376,803,1310,-9999
04/08/2019 05:50,SCH - NE - NY,23318,155.62,600,-800
04/08/2019 05:50,SCH - NPX_1385,325277,0,100,-100
04/08/2019 05:50,SCH - NPX_CSC,325154,100,330,-330
04/08/2019 05:50,SCH - OH - NY,23317,819.24,1300,-1750
04/08/2019 05:50,SCH - PJ - NY,23316,-46.48,2000,-1300
04/08/2019 05:50,SCH - PJM_HTP,325905,0,660,-660
04/08/2019 05:50,SCH - PJM_NEPTUNE,325305,177,660,-660
04/08/2019 05:50,SCH - PJM_VFT,325658,0,0,0
04/08/2019 05:50,SPR/DUN-SOUTH,23320,2099.8,4600,-9999
04/08/2019 05:50,TOTAL EAST,23314,3652.35,6800,-9999
04/08/2019 05:50,UPNY CONED,23315,2512.69,5700,-9999
04/08/2019 05:50,WEST CENTRAL,23312,261.38,9999,-9999
04/08/2019 05:55,CENTRAL EAST - VC,23330,1750.63,2130,-9999
04/08/2019 05:55,DYSINGER EAST,23326,594.23,3150,-9999
04/08/2019 05:55,MOSES SOUTH,23319,1454.27,3150,-1600
04/08/2019 05:55,SCH - HQ - NY,23324,908,1450,-1000
04/08/2019 05:55,SCH - HQ_CEDARS,325274,0,160,0
04/08/2019 05:55,SCH - HQ_IMPORT_EXPORT,325376,803,1310,-9999
04/08/2019 05:55,SCH - NE - NY,23318,155.33,600,-800
04/08/2019 05:55,SCH - NPX_1385,325277,0,100,-100
04/08/2019 05:55,SCH - NPX_CSC,325154,100,330,-330
04/08/2019 05:55,SCH - OH - NY,23317,819.14,1300,-1750
04/08/2019 05:55,SCH - PJ - NY,23316,-44.07,2000,-1300
04/08/2019 05:55,SCH - PJM_HTP,325905,0,660,-660
04/08/2019 05:55,SCH - PJM_NEPTUNE,325305,177,660,-660
04/08/2019 05:55,SCH - PJM_VFT,325658,0,0,0
04/08/2019 05:55,SPR/DUN-SOUTH,23320,2158.56,4600,-9999
04/08/2019 05:55,TOTAL EAST,23314,3513.89,6800,-9999
04/08/2019 05:55,UPNY CONED,23315,2531.99,5700,-9999
04/08/2019 05:55,WEST CENTRAL,23312,264.67,9999,-9999
04/08/2019 06:00,CENTRAL EAST - VC,23330,1881.84,2130,-9999
04/08/2019 06:00,DYSINGER EAST,23326,661.16,3150,-9999
04/08/2019 06:00,MOSES SOUTH,23319,1683.21,3150,-1600
04/08/2019 06:00,SCH - HQ - NY,23324,1145,1450,-1000
04/08/2019 06:00,SCH - HQ_CEDARS,325274,0,160,0
04/08/2019 06:00,SCH - HQ_IMPORT_EXPORT,325376,1040,1310,-9999
04/08/2019 06:00,SCH - NE - NY,23318,11.05,600,-800
04/08/2019 06:00,SCH - NPX_1385,325277,12,100,-100
04/08/2019 06:00,SCH - NPX_CSC,325154,215,330,-330
04/08/2019 06:00,SCH - OH - NY,23317,908.85,1300,-1750
04/08/2019 06:00,SCH - PJ - NY,23316,-81.06,2000,-1300
04/08/2019 06:00,SCH - PJM_HTP,325905,0,660,-660
04/08/2019 06:00,SCH - PJM_NEPTUNE,325305,0,0,0
04/08/2019 06:00,SCH - PJM_VFT,325658,0,0,0
04/08/2019 06:00,SPR/DUN-SOUTH,23320,2282.04,4600,-9999
04/08/2019 06:00,TOTAL EAST,23314,3750.82,6800,-9999
04/08/2019 06:00,UPNY CONED,23315,2643.98,5700,-9999
04/08/2019 06:00,WEST CENTRAL,23312,320.05,9999,-9999
04/08/2019 06:05,CENTRAL EAST - VC,23330,1913.43,2130,-9999
04/08/2019 06:05,DYSINGER EAST,23326,576.44,3150,-9999
04/08/2019 06:05,MOSES SOUTH,23319,1915.85,3150,-1600
04/08/2019 06:05,SCH - HQ - NY,23324,1383,1450,-1000
04/08/2019 06:05,SCH - HQ_CEDARS,325274,0,160,0
04/08/2019 06:05,SCH - HQ_IMPORT_EXPORT,325376,1278,1310,-9999
04/08/2019 06:05,SCH - NE - NY,23318,-133.26,600,-800
04/08/2019 06:05,SCH - NPX_1385,325277,25,100,-100
04/08/2019 06:05,SCH - NPX_CSC,325154,330,330,-330
04/08/2019 06:05,SCH - OH - NY,23317,998.62,1300,-1750
04/08/2019 06:05,SCH - PJ - NY,23316,-120.56,2000,-1300
04/08/2019 06:05,SCH - PJM_HTP,325905,0,660,-660
04/08/2019 06:05,SCH - PJM_NEPTUNE,325305,0,0,0
04/08/2019 06:05,SCH - PJM_VFT,325658,0,0,0
04/08/2019 06:05,SPR/DUN-SOUTH,23320,2308.42,4600,-9999
04/08/2019 06:05,TOTAL EAST,23314,3761.15,6800,-9999
04/08/2019 06:05,UPNY CONED,23315,2566.87,5700,-9999
04/08/2019 06:05,WEST CENTRAL,23312,222.32,9999,-9999
04/08/2019 06:10,CENTRAL EAST - VC,23330,1946.55,2130,-9999
04/08/2019 06:10,DYSINGER EAST,23326,645.74,3150,-9999
04/08/2019 06:10,MOSES SOUTH,23319,1900.68,3150,-1600
04/08/2019 06:10,SCH - HQ - NY,23324,1383,1450,-1000
04/08/2019 06:10,SCH - HQ_CEDARS,325274,0,160,0
04/08/2019 06:10,SCH - HQ_IMPORT_EXPORT,325376,1278,1310,-9999
04/08/2019 06:10,SCH - NE - NY,23318,-132.85,600,-800
04/08/2019 06:10,SCH - NPX_1385,325277,25,100,-100
04/08/2019 06:10,SCH - NPX_CSC,325154,330,330,-330
04/08/2019 06:10,SCH - OH - NY,23317,998.79,1300,-1750
04/08/2019 06:10,SCH - PJ - NY,23316,-121.83,2000,-1300
04/08/2019 06:10,SCH - PJM_HTP,325905,0,660,-660
04/08/2019 06:10,SCH - PJM_NEPTUNE,325305,0,0,0
04/08/2019 06:10,SCH - PJM_VFT,325658,0,0,0
04/08/2019 06:10,SPR/DUN-SOUTH,23320,2352.02,4600,-9999
04/08/2019 06:10,TOTAL EAST,23314,3806.7,6800,-9999
04/08/2019 06:10,UPNY CONED,23315,2617.62,5700,-9999
04/08/2019 06:10,WEST CENTRAL,23312,277.16,9999,-9999
04/08/2019 06:15,CENTRAL EAST - VC,23330,2013.14,2130,-9999
04/08/2019 06:15,DYSINGER EAST,23326,713.85,3150,-9999
04/08/2019 06:15,MOSES SOUTH,23319,1915.64,3150,-1600
04/08/2019 06:15,SCH - HQ - NY,23324,1383,1450,-1000
04/08/2019 06:15,SCH - HQ_CEDARS,325274,0,160,0
04/08/2019 06:15,SCH - HQ_IMPORT_EXPORT,325376,1278,1310,-9999
04/08/2019 06:15,SCH - NE - NY,23318,-173.44,600,-800
04/08/2019 06:15,SCH - NPX_1385,325277,25,100,-100
04/08/2019 06:15,SCH - NPX_CSC,325154,330,330,-330
04/08/2019 06:15,SCH - OH - NY,23317,998.99,1300,-1750
04/08/2019 06:15,SCH - PJ - NY,23316,-120.06,2000,-1300
04/08/2019 06:15,SCH - PJM_HTP,325905,0,660,-660
04/08/2019 06:15,SCH - PJM_NEPTUNE,325305,0,0,0
04/08/2019 06:15,SCH - PJM_VFT,325658,0,0,0
04/08/2019 06:15,SPR/DUN-SOUTH,23320,2448.99,4600,-9999
04/08/2019 06:15,TOTAL EAST,23314,4010.93,6800,-9999
04/08/2019 06:15,UPNY CONED,23315,2825.19,5700,-9999
04/08/2019 06:15,WEST CENTRAL,23312,333.22,9999,-9999
04/08/2019 06:20,CENTRAL EAST - VC,23330,1992.75,2245,-9999
04/08/2019 06:20,DYSINGER EAST,23326,692.51,3150,-9999
04/08/2019 06:20,MOSES SOUTH,23319,1971.74,3150,-1600
04/08/2019 06:20,SCH - HQ - NY,23324,1383,1450,-1000
04/08/2019 06:20,SCH - HQ_CEDARS,325274,0,160,0
04/08/2019 06:20,SCH - HQ_IMPORT_EXPORT,325376,1278,1310,-9999
04/08/2019 06:20,SCH - NE - NY,23318,-216.64,600,-800
04/08/2019 06:20,SCH - NPX_1385,325277,25,100,-100
04/08/2019 06:20,SCH - NPX_CSC,325154,330,330,-330
04/08/2019 06:20,SCH - OH - NY,23317,999.09,1300,-1750
04/08/2019 06:20,SCH - PJ - NY,23316,-119.97,2000,-1300
04/08/2019 06:20,SCH - PJM_HTP,325905,0,660,-660
04/08/2019 06:20,SCH - PJM_NEPTUNE,325305,0,0,0
04/08/2019 06:20,SCH - PJM_VFT,325658,0,0,0
04/08/2019 06:20,SPR/DUN-SOUTH,23320,2414.34,4600,-9999
04/08/2019 06:20,TOTAL EAST,23314,3974.21,6800,-9999
04/08/2019 06:20,UPNY CONED,23315,2764.09,5700,-9999
04/08/2019 06:20,WEST CENTRAL,23312,303.68,9999,-9999
04/08/2019 06:25,CENTRAL EAST - VC,23330,1991.83,2245,-9999
04/08/2019 06:25,DYSINGER EAST,23326,707.54,3150,-9999
04/08/2019 06:25,MOSES SOUTH,23319,1971.42,3150,-1600
04/08/2019 06:25,SCH - HQ - NY,23324,1383,1450,-1000
04/08/2019 06:25,SCH - HQ_CEDARS,325274,0,160,0
04/08/2019 06:25,SCH - HQ_IMPORT_EXPORT,325376,1278,1310,-9999
04/08/2019 06:25,SCH - NE - NY,23318,-216.7,600,-800
04/08/2019 06:25,SCH - NPX_1385,325277,25,100,-100
04/08/2019 06:25,SCH - NPX_CSC,325154,330,330,-330
04/08/2019 06:25,SCH - OH - NY,23317,999.1,1300,-1750
04/08/2019 06:25,SCH - PJ - NY,23316,-120.92,2000,-1300
04/08/2019 06:25,SCH - PJM_HTP,325905,0,660,-660
04/08/2019 06:25,SCH - PJM_NEPTUNE,325305,0,0,0
04/08/2019 06:25,SCH - PJM_VFT,325658,0,0,0
04/08/2019 06:25,SPR/DUN-SOUTH,23320,2386.67,4600,-9999
04/08/2019 06:25,TOTAL EAST,23314,3987.96,6800,-9999
04/08/2019 06:25,UPNY CONED,23315,2768.79,5700,-9999
04/08/2019 06:25,WEST CENTRAL,23312,307.32,9999,-9999
04/08/2019 06:30,CENTRAL EAST - VC,23330,2029.7,2245,-9999
04/08/2019 06:30,DYSINGER EAST,23326,727.71,3150,-9999
04/08/2019 06:30,MOSES SOUTH,23319,2042.01,3150,-1600
04/08/2019 06:30,SCH - HQ - NY,23324,1383,1450,-1000
04/08/2019 06:30,SCH - HQ_CEDARS,325274,0,160,0
04/08/2019 06:30,SCH - HQ_IMPORT_EXPORT,325376,1278,1310,-9999
04/08/2019 06:30,SCH - NE - NY,23318,-246.61,600,-800
04/08/2019 06:30,SCH - NPX_1385,325277,25,100,-100
04/08/2019 06:30,SCH - NPX_CSC,325154,330,330,-330
04/08/2019 06:30,SCH - OH - NY,23317,999.05,1300,-1750
04/08/2019 06:30,SCH - PJ - NY,23316,-118.64,2000,-1300
04/08/2019 06:30,SCH - PJM_HTP,325905,0,660,-660
04/08/2019 06:30,SCH - PJM_NEPTUNE,325305,0,0,0
04/08/2019 06:30,SCH - PJM_VFT,325658,0,0,0
04/08/2019 06:30,SPR/DUN-SOUTH,23320,2394.09,4600,-9999
04/08/2019 06:30,TOTAL EAST,23314,4039.84,6800,-9999
04/08/2019 06:30,UPNY CONED,23315,2797.69,5700,-9999
04/08/2019 06:30,WEST CENTRAL,23312,324.33,9999,-9999
04/08/2019 06:35,CENTRAL EAST - VC,23330,2044.49,2305,-9999
04/08/2019 06:35,DYSINGER EAST,23326,745.17,3150,-9999
04/08/2019 06:35,MOSES SOUTH,23319,2012.22,3150,-1600
04/08/2019 06:35,SCH - HQ - NY,23324,1383,1450,-1000
04/08/2019 06:35,SCH - HQ_CEDARS,325274,0,160,0
04/08/2019 06:35,SCH - HQ_IMPORT_EXPORT,325376,1278,1310,-9999
04/08/2019 06:35,SCH - NE - NY,23318,-277.31,600,-800
04/08/2019 06:35,SCH - NPX_1385,325277,25,100,-100
04/08/2019 06:35,SCH - NPX_CSC,325154,330,330,-330
04/08/2019 06:35,SCH - OH - NY,23317,999.03,1300,-1750
04/08/2019 06:35,SCH - PJ - NY,23316,-117.69,2000,-1300
04/08/2019 06:35,SCH - PJM_HTP,325905,0,660,-660
04/08/2019 06:35,SCH - PJM_NEPTUNE,325305,0,0,0
04/08/2019 06:35,SCH - PJM_VFT,325658,0,0,0
04/08/2019 06:35,SPR/DUN-SOUTH,23320,2350.97,4600,-9999
04/08/2019 06:35,TOTAL EAST,23314,4048.51,6800,-9999
04/08/2019 06:35,UPNY CONED,23315,2768.54,5700,-9999
04/08/2019 06:35,WEST CENTRAL,23312,337.66,9999,-9999
04/08/2019 06:40,CENTRAL EAST - VC,23330,2024.41,2305,-9999
04/08/2019 06:40,DYSINGER EAST,23326,707.62,3150,-9999
04/08/2019 06:40,MOSES SOUTH,23319,1996.22,3150,-1600
04/08/2019 06:40,SCH - HQ - NY,23324,1383,1450,-1000
04/08/2019 06:40,SCH - HQ_CEDARS,325274,0,160,0
04/08/2019 06:40,SCH - HQ_IMPORT_EXPORT,325376,1278,1310,-9999
04/08/2019 06:40,SCH - NE - NY,23318,-277.32,600,-800
04/08/2019 06:40,SCH - NPX_1385,325277,25,100,-100
04/08/2019 06:40,SCH - NPX_CSC,325154,330,330,-330
04/08/2019 06:40,SCH - OH - NY,23317,998.96,1300,-1750
04/08/2019 06:40,SCH - PJ - NY,23316,-118.64,2000,-1300
04/08/2019 06:40,SCH - PJM_HTP,325905,0,660,-660
04/08/2019 06:40,SCH - PJM_NEPTUNE,325305,0,0,0
04/08/2019 06:40,SCH - PJM_VFT,325658,0,0,0
04/08/2019 06:40,SPR/DUN-SOUTH,23320,2298.17,4600,-9999
04/08/2019 06:40,TOTAL EAST,23314,4074.09,6800,-9999
04/08/2019 06:40,UPNY CONED,23315,2748.11,5700,-9999
04/08/2019 06:40,WEST CENTRAL,23312,296.42,9999,-9999
04/08/2019 06:45,CENTRAL EAST - VC,23330,2053.22,2305,-9999
04/08/2019 06:45,DYSINGER EAST,23326,776.48,3150,-9999
04/08/2019 06:45,MOSES SOUTH,23319,1988.02,3150,-1600
04/08/2019 06:45,SCH - HQ - NY,23324,1383,1450,-1000
04/08/2019 06:45,SCH - HQ_CEDARS,325274,0,160,0
04/08/2019 06:45,SCH - HQ_IMPORT_EXPORT,325376,1278,1310,-9999
04/08/2019 06:45,SCH - NE - NY,23318,-210.01,600,-800
04/08/2019 06:45,SCH - NPX_1385,325277,25,100,-100
04/08/2019 06:45,SCH - NPX_CSC,325154,330,330,-330
04/08/2019 06:45,SCH - OH - NY,23317,998.92,1300,-1750
04/08/2019 06:45,SCH - PJ - NY,23316,-107.68,2000,-1300
04/08/2019 06:45,SCH - PJM_HTP,325905,0,660,-660
04/08/2019 06:45,SCH - PJM_NEPTUNE,325305,0,0,0
04/08/2019 06:45,SCH - PJM_VFT,325658,0,0,0
04/08/2019 06:45,SPR/DUN-SOUTH,23320,2282.02,4600,-9999
04/08/2019 06:45,TOTAL EAST,23314,4198.08,6800,-9999
04/08/2019 06:45,UPNY CONED,23315,2898.49,5700,-9999
04/08/2019 06:45,WEST CENTRAL,23312,359.61,9999,-9999
04/08/2019 06:50,CENTRAL EAST - VC,23330,2102.24,2305,-9999
04/08/2019 06:50,DYSINGER EAST,23326,876,3150,-9999
04/08/2019 06:50,MOSES SOUTH,23319,2030.09,3150,-1600
04/08/2019 06:50,SCH - HQ - NY,23324,1383,1450,-1000
04/08/2019 06:50,SCH - HQ_CEDARS,325274,0,160,0
04/08/2019 06:50,SCH - HQ_IMPORT_EXPORT,325376,1278,1310,-9999
04/08/2019 06:50,SCH - NE - NY,23318,-142.5,600,-800
04/08/2019 06:50,SCH - NPX_1385,325277,25,100,-100
04/08/2019 06:50,SCH - NPX_CSC,325154,330,330,-330
04/08/2019 06:50,SCH - OH - NY,23317,998.95,1300,-1750
04/08/2019 06:50,SCH - PJ - NY,23316,-92.51,2000,-1300
04/08/2019 06:50,SCH - PJM_HTP,325905,0,660,-660
04/08/2019 06:50,SCH - PJM_NEPTUNE,325305,0,0,0
04/08/2019 06:50,SCH - PJM_VFT,325658,0,0,0
04/08/2019 06:50,SPR/DUN-SOUTH,23320,2340.3,4600,-9999
04/08/2019 06:50,TOTAL EAST,23314,4267.51,6800,-9999
04/08/2019 06:50,UPNY CONED,23315,3007.93,5700,-9999
04/08/2019 06:50,WEST CENTRAL,23312,451.8,9999,-9999
04/08/2019 06:55,CENTRAL EAST - VC,23330,2167.91,2305,-9999
04/08/2019 06:55,DYSINGER EAST,23326,1009.94,3150,-9999
04/08/2019 06:55,MOSES SOUTH,23319,2042.25,3150,-1600
04/08/2019 06:55,SCH - HQ - NY,23324,1383,1450,-1000
04/08/2019 06:55,SCH - HQ_CEDARS,325274,0,160,0
04/08/2019 06:55,SCH - HQ_IMPORT_EXPORT,325376,1278,1310,-9999
04/08/2019 06:55,SCH - NE - NY,23318,-142.43,600,-800
04/08/2019 06:55,SCH - NPX_1385,325277,25,100,-100
04/08/2019 06:55,SCH - NPX_CSC,325154,330,330,-330
04/08/2019 06:55,SCH - OH - NY,23317,999,1300,-1750
04/08/2019 06:55,SCH - PJ - NY,23316,-91.36,2000,-1300
04/08/2019 06:55,SCH - PJM_HTP,325905,0,660,-660
04/08/2019 06:55,SCH - PJM_NEPTUNE,325305,0,0,0
04/08/2019 06:55,SCH - PJM_VFT,325658,0,0,0
04/08/2019 06:55,SPR/DUN-SOUTH,23320,2405.64,4600,-9999
04/08/2019 06:55,TOTAL EAST,23314,4336,6800,-9999
04/08/2019 06:55,UPNY CONED,23315,3088.24,5700,-9999
04/08/2019 06:55,WEST CENTRAL,23312,576.45,9999,-9999
04/08/2019 07:00,CENTRAL EAST - VC,23330,2100.58,2335,-9999
04/08/2019 07:00,DYSINGER EAST,23326,874.33,3150,-9999
04/08/2019 07:00,MOSES SOUTH,23319,2041.51,3150,-1600
04/08/2019 07:00,SCH - HQ - NY,23324,1396,1450,-1000
04/08/2019 07:00,SCH - HQ_CEDARS,325274,0,160,0
04/08/2019 07:00,SCH - HQ_IMPORT_EXPORT,325376,1266,1310,-9999
04/08/2019 07:00,SCH - NE - NY,23318,-90.48,600,-800
04/08/2019 07:00,SCH - NPX_1385,325277,23,100,-100
04/08/2019 07:00,SCH - NPX_CSC,325154,330,330,-330
04/08/2019 07:00,SCH - OH - NY,23317,811.47,1300,-1750
04/08/2019 07:00,SCH - PJ - NY,23316,103.85,2000,-1300
04/08/2019 07:00,SCH - PJM_HTP,325905,0,660,-660
04/08/2019 07:00,SCH - PJM_NEPTUNE,325305,0,0,0
04/08/2019 07:00,SCH - PJM_VFT,325658,0,0,0
04/08/2019 07:00,SPR/DUN-SOUTH,23320,2386.08,4600,-9999
04/08/2019 07:00,TOTAL EAST,23314,4325.41,6800,-9999
04/08/2019 07:00,UPNY CONED,23315,3091.86,5700,-9999
04/08/2019 07:00,WEST CENTRAL,23312,439.21,9999,-9999
04/08/2019 07:05,CENTRAL EAST - VC,23330,2072.61,2335,-9999
04/08/2019 07:05,DYSINGER EAST,23326,780.74,3150,-9999
04/08/2019 07:05,MOSES SOUTH,23319,2040.43,3150,-1600
04/08/2019 07:05,SCH - HQ - NY,23324,1410,1450,-1000
04/08/2019 07:05,SCH - HQ_CEDARS,325274,0,160,0
04/08/2019 07:05,SCH - HQ_IMPORT_EXPORT,325376,1255,1310,-9999
04/08/2019 07:05,SCH - NE - NY,23318,-39.39,600,-800
04/08/2019 07:05,SCH - NPX_1385,325277,21,100,-100
04/08/2019 07:05,SCH - NPX_CSC,325154,330,330,-330
04/08/2019 07:05,SCH - OH - NY,23317,624.76,1300,-1750
04/08/2019 07:05,SCH - PJ - NY,23316,298.71,2000,-1300
04/08/2019 07:05,SCH - PJM_HTP,325905,0,660,-660
04/08/2019 07:05,SCH - PJM_NEPTUNE,325305,0,0,0
04/08/2019 07:05,SCH - PJM_VFT,325658,0,0,0
04/08/2019 07:05,SPR/DUN-SOUTH,23320,2437.91,4600,-9999
04/08/2019 07:05,TOTAL EAST,23314,4363.93,6800,-9999
04/08/2019 07:05,UPNY CONED,23315,3150.75,5700,-9999
04/08/2019 07:05,WEST CENTRAL,23312,340.67,9999,-9999
04/08/2019 07:10,CENTRAL EAST - VC,23330,2134.76,2335,-9999
04/08/2019 07:10,DYSINGER EAST,23326,968.54,3150,-9999
04/08/2019 07:10,MOSES SOUTH,23319,1987.29,3150,-1600
04/08/2019 07:10,SCH - HQ - NY,23324,1410,1450,-1000
04/08/2019 07:10,SCH - HQ_CEDARS,325274,0,160,0
04/08/2019 07:10,SCH - HQ_IMPORT_EXPORT,325376,1255,1310,-9999
04/08/2019 07:10,SCH - NE - NY,23318,-39.72,600,-800
04/08/2019 07:10,SCH - NPX_1385,325277,21,100,-100
04/08/2019 07:10,SCH - NPX_CSC,325154,330,330,-330
04/08/2019 07:10,SCH - OH - NY,23317,624.8,1300,-1750
04/08/2019 07:10,SCH - PJ - NY,23316,301.66,2000,-1300
04/08/2019 07:10,SCH - PJM_HTP,325905,0,660,-660
04/08/2019 07:10,SCH - PJM_NEPTUNE,325305,0,0,0
04/08/2019 07:10,SCH - PJM_VFT,325658,0,0,0
04/08/2019 07:10,SPR/DUN-SOUTH,23320,2482.42,4600,-9999
04/08/2019 07:10,TOTAL EAST,23314,4383.17,6800,-9999
04/08/2019 07:10,UPNY CONED,23315,3207.46,5700,-9999
04/08/2019 07:10,WEST CENTRAL,23312,515.78,9999,-9999
04/08/2019 07:15,CENTRAL EAST - VC,23330,1961.09,2335,-9999
04/08/2019 07:15,DYSINGER EAST,23326,701.26,3150,-9999
04/08/2019 07:15,MOSES SOUTH,23319,1995.32,3150,-1600
04/08/2019 07:15,SCH - HQ - NY,23324,1410,1450,-1000
04/08/2019 07:15,SCH - HQ_CEDARS,325274,0,160,0
04/08/2019 07:15,SCH - HQ_IMPORT_EXPORT,325376,1255,1310,-9999
04/08/2019 07:15,SCH - NE - NY,23318,69.14,600,-800
04/08/2019 07:15,SCH - NPX_1385,325277,21,100,-100
04/08/2019 07:15,SCH - NPX_CSC,325154,330,330,-330
04/08/2019 07:15,SCH - OH - NY,23317,624.71,1300,-1750
04/08/2019 07:15,SCH - PJ - NY,23316,287.96,2000,-1300
04/08/2019 07:15,SCH - PJM_HTP,325905,0,660,-660
04/08/2019 07:15,SCH - PJM_NEPTUNE,325305,0,0,0
04/08/2019 07:15,SCH - PJM_VFT,325658,0,0,0
04/08/2019 07:15,SPR/DUN-SOUTH,23320,2400.96,4600,-9999
04/08/2019 07:15,TOTAL EAST,23314,4218.42,6800,-9999
04/08/2019 07:15,UPNY CONED,23315,3062.79,5700,-9999
04/08/2019 07:15,WEST CENTRAL,23312,244.58,9999,-9999
04/08/2019 07:20,CENTRAL EAST - VC,23330,1916.32,2335,-9999
04/08/2019 07:20,DYSINGER EAST,23326,648.32,3150,-9999
04/08/2019 07:20,MOSES SOUTH,23319,1972.81,3150,-1600
04/08/2019 07:20,SCH - HQ - NY,23324,1410,1450,-1000
04/08/2019 07:20,SCH - HQ_CEDARS,325274,0,160,0
04/08/2019 07:20,SCH - HQ_IMPORT_EXPORT,325376,1255,1310,-9999
04/08/2019 07:20,SCH - NE - NY,23318,177.71,600,-800
04/08/2019 07:20,SCH - NPX_1385,325277,21,100,-100
04/08/2019 07:20,SCH - NPX_CSC,325154,330,330,-330
04/08/2019 07:20,SCH - OH - NY,23317,624.67,1300,-1750
04/08/2019 07:20,SCH - PJ - NY,23316,279.58,2000,-1300
04/08/2019 07:20,SCH - PJM_HTP,325905,0,660,-660
04/08/2019 07:20,SCH - PJM_NEPTUNE,325305,0,0,0
04/08/2019 07:20,SCH - PJM_VFT,325658,0,0,0
04/08/2019 07:20,SPR/DUN-SOUTH,23320,2441.98,4600,-9999
04/08/2019 07:20,TOTAL EAST,23314,4176.79,6800,-9999
04/08/2019 07:20,UPNY CONED,23315,3127.87,5700,-9999
04/08/2019 07:20,WEST CENTRAL,23312,189.87,9999,-9999
04/08/2019 07:25,CENTRAL EAST - VC,23330,1930.78,2335,-9999
04/08/2019 07:25,DYSINGER EAST,23326,725.37,3150,-9999
04/08/2019 07:25,MOSES SOUTH,23319,1972.1,3150,-1600
04/08/2019 07:25,SCH - HQ - NY,23324,1410,1450,-1000
04/08/2019 07:25,SCH - HQ_CEDARS,325274,0,160,0
04/08/2019 07:25,SCH - HQ_IMPORT_EXPORT,325376,1255,1310,-9999
04/08/2019 07:25,SCH - NE - NY,23318,177.61,600,-800
04/08/2019 07:25,SCH - NPX_1385,325277,21,100,-100
04/08/2019 07:25,SCH - NPX_CSC,325154,330,330,-330
04/08/2019 07:25,SCH - OH - NY,23317,624.69,1300,-1750
04/08/2019 07:25,SCH - PJ - NY,23316,276.27,2000,-1300
04/08/2019 07:25,SCH - PJM_HTP,325905,0,660,-660
04/08/2019 07:25,SCH - PJM_NEPTUNE,325305,0,0,0
04/08/2019 07:25,SCH - PJM_VFT,325658,0,0,0
04/08/2019 07:25,SPR/DUN-SOUTH,23320,2533.14,4600,-9999
04/08/2019 07:25,TOTAL EAST,23314,4220.74,6800,-9999
04/08/2019 07:25,UPNY CONED,23315,3229.57,5700,-9999
04/08/2019 07:25,WEST CENTRAL,23312,262.46,9999,-9999
04/08/2019 07:30,CENTRAL EAST - VC,23330,1934.43,2335,-9999
04/08/2019 07:30,DYSINGER EAST,23326,739.55,3150,-9999
04/08/2019 07:30,MOSES SOUTH,23319,1936.29,3150,-1600
04/08/2019 07:30,SCH - HQ - NY,23324,1410,1450,-1000
04/08/2019 07:30,SCH - HQ_CEDARS,325274,0,160,0
04/08/2019 07:30,SCH - HQ_IMPORT_EXPORT,325376,1255,1310,-9999
04/08/2019 07:30,SCH - NE - NY,23318,177.8,600,-800
04/08/2019 07:30,SCH - NPX_1385,325277,21,100,-100
04/08/2019 07:30,SCH - NPX_CSC,325154,330,330,-330
04/08/2019 07:30,SCH - OH - NY,23317,624.71,1300,-1750
04/08/2019 07:30,SCH - PJ - NY,23316,273.81,2000,-1300
04/08/2019 07:30,SCH - PJM_HTP,325905,0,660,-660
04/08/2019 07:30,SCH - PJM_NEPTUNE,325305,0,0,0
04/08/2019 07:30,SCH - PJM_VFT,325658,0,0,0
04/08/2019 07:30,SPR/DUN-SOUTH,23320,2510.37,4600,-9999
04/08/2019 07:30,TOTAL EAST,23314,4218.17,6800,-9999
04/08/2019 07:30,UPNY CONED,23315,3234.96,5700,-9999
04/08/2019 07:30,WEST CENTRAL,23312,273.48,9999,-9999
04/08/2019 07:35,CENTRAL EAST - VC,23330,1939.41,2335,-9999
04/08/2019 07:35,DYSINGER EAST,23326,802.77,3150,-9999
04/08/2019 07:35,MOSES SOUTH,23319,1900.97,3150,-1600
04/08/2019 07:35,SCH - HQ - NY,23324,1410,1450,-1000
04/08/2019 07:35,SCH - HQ_CEDARS,325274,0,160,0
04/08/2019 07:35,SCH - HQ_IMPORT_EXPORT,325376,1255,1310,-9999
04/08/2019 07:35,SCH - NE - NY,23318,177.78,600,-800
04/08/2019 07:35,SCH - NPX_1385,325277,21,100,-100
04/08/2019 07:35,SCH - NPX_CSC,325154,330,330,-330
04/08/2019 07:35,SCH - OH - NY,23317,624.7,1300,-1750
04/08/2019 07:35,SCH - PJ - NY,23316,269.28,2000,-1300
04/08/2019 07:35,SCH - PJM_HTP,325905,0,660,-660
04/08/2019 07:35,SCH - PJM_NEPTUNE,325305,0,0,0
04/08/2019 07:35,SCH - PJM_VFT,325658,0,0,0
04/08/2019 07:35,SPR/DUN-SOUTH,23320,2533.04,4600,-9999
04/08/2019 07:35,TOTAL EAST,23314,4269.06,6800,-9999
04/08/2019 07:35,UPNY CONED,23315,3270.94,5700,-9999
04/08/2019 07:35,WEST CENTRAL,23312,333.08,9999,-9999
04/08/2019 07:40,CENTRAL EAST - VC,23330,1926.31,2335,-9999
04/08/2019 07:40,DYSINGER EAST,23326,767.51,3150,-9999
04/08/2019 07:40,MOSES SOUTH,23319,1911.51,3150,-1600
04/08/2019 07:40,SCH - HQ - NY,23324,1410,1450,-1000
04/08/2019 07:40,SCH - HQ_CEDARS,325274,0,160,0
04/08/2019 07:40,SCH - HQ_IMPORT_EXPORT,325376,1255,1310,-9999
04/08/2019 07:40,SCH - NE - NY,23318,177.98,600,-800
04/08/2019 07:40,SCH - NPX_1385,325277,21,100,-100
04/08/2019 07:40,SCH - NPX_CSC,325154,330,330,-330
04/08/2019 07:40,SCH - OH - NY,23317,624.71,1300,-1750
04/08/2019 07:40,SCH - PJ - NY,23316,267.46,2000,-1300
04/08/2019 07:40,SCH - PJM_HTP,325905,0,660,-660
04/08/2019 07:40,SCH - PJM_NEPTUNE,325305,0,0,0
04/08/2019 07:40,SCH - PJM_VFT,325658,0,0,0
04/08/2019 07:40,SPR/DUN-SOUTH,23320,2512.26,4600,-9999
04/08/2019 07:40,TOTAL EAST,23314,4307.49,6800,-9999
04/08/2019 07:40,UPNY CONED,23315,3274.4,5700,-9999
04/08/2019 07:40,WEST CENTRAL,23312,296.22,9999,-9999
04/08/2019 07:45,CENTRAL EAST - VC,23330,1951.55,2335,-9999
04/08/2019 07:45,DYSINGER EAST,23326,760.32,3150,-9999
04/08/2019 07:45,MOSES SOUTH,23319,1935.03,3150,-1600
04/08/2019 07:45,SCH - HQ - NY,23324,1410,1450,-1000
04/08/2019 07:45,SCH - HQ_CEDARS,325274,0,160,0
04/08/2019 07:45,SCH - HQ_IMPORT_EXPORT,325376,1255,1310,-9999
04/08/2019 07:45,SCH - NE - NY,23318,176.01,600,-800
04/08/2019 07:45,SCH - NPX_1385,325277,21,100,-100
04/08/2019 07:45,SCH - NPX_CSC,325154,330,330,-330
04/08/2019 07:45,SCH - OH - NY,23317,624.75,1300,-1750
04/08/2019 07:45,SCH - PJ - NY,23316,269.29,2000,-1300
04/08/2019 07:45,SCH - PJM_HTP,325905,0,660,-660
04/08/2019 07:45,SCH - PJM_NEPTUNE,325305,0,0,0
04/08/2019 07:45,SCH - PJM_VFT,325658,0,0,0
04/08/2019 07:45,SPR/DUN-SOUTH,23320,2466.31,4600,-9999
04/08/2019 07:45,TOTAL EAST,23314,4248.8,6800,-9999
04/08/2019 07:45,UPNY CONED,23315,3227.24,5700,-9999
04/08/2019 07:45,WEST CENTRAL,23312,292.02,9999,-9999
04/08/2019 07:50,CENTRAL EAST - VC,23330,1918.41,2335,-9999
04/08/2019 07:50,DYSINGER EAST,23326,751.39,3150,-9999
04/08/2019 07:50,MOSES SOUTH,23319,1938.08,3150,-1600
04/08/2019 07:50,SCH - HQ - NY,23324,1410,1450,-1000
04/08/2019 07:50,SCH - HQ_CEDARS,325274,0,160,0
04/08/2019 07:50,SCH - HQ_IMPORT_EXPORT,325376,1255,1310,-9999
04/08/2019 07:50,SCH - NE - NY,23318,174.13,600,-800
04/08/2019 07:50,SCH - NPX_1385,325277,21,100,-100
04/08/2019 07:50,SCH - NPX_CSC,325154,330,330,-330
04/08/2019 07:50,SCH - OH - NY,23317,624.8,1300,-1750
04/08/2019 07:50,SCH - PJ - NY,23316,266.91,2000,-1300
04/08/2019 07:50,SCH - PJM_HTP,325905,0,660,-660
04/08/2019 07:50,SCH - PJM_NEPTUNE,325305,0,0,0
04/08/2019 07:50,SCH - PJM_VFT,325658,0,0,0
04/08/2019 07:50,SPR/DUN-SOUTH,23320,2446.1,4600,-9999
04/08/2019 07:50,TOTAL EAST,23314,4247.62,6800,-9999
04/08/2019 07:50,UPNY CONED,23315,3213.58,5700,-9999
04/08/2019 07:50,WEST CENTRAL,23312,281.01,9999,-9999
04/08/2019 07:55,CENTRAL EAST - VC,23330,1977.66,2335,-9999
04/08/2019 07:55,DYSINGER EAST,23326,845.2,3150,-9999
04/08/2019 07:55,MOSES SOUTH,23319,1938.6,3150,-1600
04/08/2019 07:55,SCH - HQ - NY,23324,1410,1450,-1000
04/08/2019 07:55,SCH - HQ_CEDARS,325274,0,160,0
04/08/2019 07:55,SCH - HQ_IMPORT_EXPORT,325376,1255,1310,-9999
04/08/2019 07:55,SCH - NE - NY,23318,174.05,600,-800
04/08/2019 07:55,SCH - NPX_1385,325277,21,100,-100
04/08/2019 07:55,SCH - NPX_CSC,325154,330,330,-330
04/08/2019 07:55,SCH - OH - NY,23317,624.8,1300,-1750
04/08/2019 07:55,SCH - PJ - NY,23316,263.04,2000,-1300
04/08/2019 07:55,SCH - PJM_HTP,325905,0,660,-660
04/08/2019 07:55,SCH - PJM_NEPTUNE,325305,0,0,0
04/08/2019 07:55,SCH - PJM_VFT,325658,0,0,0
04/08/2019 07:55,SPR/DUN-SOUTH,23320,2533.97,4600,-9999
04/08/2019 07:55,TOTAL EAST,23314,4283.4,6800,-9999
04/08/2019 07:55,UPNY CONED,23315,3296.83,5700,-9999
04/08/2019 07:55,WEST CENTRAL,23312,369.66,9999,-9999
04/08/2019 08:00,CENTRAL EAST - VC,23330,2016.1,2335,-9999
04/08/2019 08:00,DYSINGER EAST,23326,930.04,3150,-9999
04/08/2019 08:00,MOSES SOUTH,23319,1929.19,3150,-1600
04/08/2019 08:00,SCH - HQ - NY,23324,1390,1450,-1000
04/08/2019 08:00,SCH - HQ_CEDARS,325274,0,160,0
04/08/2019 08:00,SCH - HQ_IMPORT_EXPORT,325376,1235,1310,-9999
04/08/2019 08:00,SCH - NE - NY,23318,153.74,600,-800
04/08/2019 08:00,SCH - NPX_1385,325277,30,100,-100
04/08/2019 08:00,SCH - NPX_CSC,325154,330,330,-330
04/08/2019 08:00,SCH - OH - NY,23317,769.65,1300,-1750
04/08/2019 08:00,SCH - PJ - NY,23316,326.05,2000,-1300
04/08/2019 08:00,SCH - PJM_HTP,325905,0,660,-660
04/08/2019 08:00,SCH - PJM_NEPTUNE,325305,0,0,0
04/08/2019 08:00,SCH - PJM_VFT,325658,0,0,0
04/08/2019 08:00,SPR/DUN-SOUTH,23320,2663.47,4600,-9999
04/08/2019 08:00,TOTAL EAST,23314,4382.23,6800,-9999
04/08/2019 08:00,UPNY CONED,23315,3377.89,5700,-9999
04/08/2019 08:00,WEST CENTRAL,23312,448.49,9999,-9999
04/08/2019 08:05,CENTRAL EAST - VC,23330,2014.44,2335,-9999
04/08/2019 08:05,DYSINGER EAST,23326,960.07,3150,-9999
04/08/2019 08:05,MOSES SOUTH,23319,1892.88,3150,-1600
04/08/2019 08:05,SCH - HQ - NY,23324,1370,1450,-1000
04/08/2019 08:05,SCH - HQ_CEDARS,325274,0,160,0
04/08/2019 08:05,SCH - HQ_IMPORT_EXPORT,325376,1215,1310,-9999
04/08/2019 08:05,SCH - NE - NY,23318,133.55,600,-800
04/08/2019 08:05,SCH - NPX_1385,325277,39,100,-100
04/08/2019 08:05,SCH - NPX_CSC,325154,330,330,-330
04/08/2019 08:05,SCH - OH - NY,23317,914.29,1300,-1750
04/08/2019 08:05,SCH - PJ - NY,23316,381.86,2000,-1300
04/08/2019 08:05,SCH - PJM_HTP,325905,0,660,-660
04/08/2019 08:05,SCH - PJM_NEPTUNE,325305,0,0,0
04/08/2019 08:05,SCH - PJM_VFT,325658,0,0,0
04/08/2019 08:05,SPR/DUN-SOUTH,23320,2744,4600,-9999
04/08/2019 08:05,TOTAL EAST,23314,4536.69,6800,-9999
04/08/2019 08:05,UPNY CONED,23315,3461.02,5700,-9999
04/08/2019 08:05,WEST CENTRAL,23312,479.94,9999,-9999
04/08/2019 08:10,CENTRAL EAST - VC,23330,2007.47,2335,-9999
04/08/2019 08:10,DYSINGER EAST,23326,938.48,3150,-9999
04/08/2019 08:10,MOSES SOUTH,23319,1884.76,3150,-1600
04/08/2019 08:10,SCH - HQ - NY,23324,1370,1450,-1000
04/08/2019 08:10,SCH - HQ_CEDARS,325274,0,160,0
04/08/2019 08:10,SCH - HQ_IMPORT_EXPORT,325376,1215,1310,-9999
04/08/2019 08:10,SCH - NE - NY,23318,133.51,600,-800
04/08/2019 08:10,SCH - NPX_1385,325277,39,100,-100
04/08/2019 08:10,SCH - NPX_CSC,325154,330,330,-330
04/08/2019 08:10,SCH - OH - NY,23317,914.21,1300,-1750
04/08/2019 08:10,SCH - PJ - NY,23316,381.51,2000,-1300
04/08/2019 08:10,SCH - PJM_HTP,325905,0,660,-660
04/08/2019 08:10,SCH - PJM_NEPTUNE,325305,0,0,0
04/08/2019 08:10,SCH - PJM_VFT,325658,0,0,0
04/08/2019 08:10,SPR/DUN-SOUTH,23320,2715.93,4600,-9999
04/08/2019 08:10,TOTAL EAST,23314,4530.59,6800,-9999
04/08/2019 08:10,UPNY CONED,23315,3445.51,5700,-9999
04/08/2019 08:10,WEST CENTRAL,23312,459.83,9999,-9999
04/08/2019 08:15,CENTRAL EAST - VC,23330,2019.5,2335,-9999
04/08/2019 08:15,DYSINGER EAST,23326,944.49,3150,-9999
04/08/2019 08:15,MOSES SOUTH,23319,1890.22,3150,-1600
04/08/2019 08:15,SCH - HQ - NY,23324,1370,1450,-1000
04/08/2019 08:15,SCH - HQ_CEDARS,325274,0,160,0
04/08/2019 08:15,SCH - HQ_IMPORT_EXPORT,325376,1215,1310,-9999
04/08/2019 08:15,SCH - NE - NY,23318,126.51,600,-800
04/08/2019 08:15,SCH - NPX_1385,325277,39,100,-100
04/08/2019 08:15,SCH - NPX_CSC,325154,330,330,-330
04/08/2019 08:15,SCH - OH - NY,23317,914.2,1300,-1750
04/08/2019 08:15,SCH - PJ - NY,23316,383.74,2000,-1300
04/08/2019 08:15,SCH - PJM_HTP,325905,0,660,-660
04/08/2019 08:15,SCH - PJM_NEPTUNE,325305,0,0,0
04/08/2019 08:15,SCH - PJM_VFT,325658,0,0,0
04/08/2019 08:15,SPR/DUN-SOUTH,23320,2672.84,4600,-9999
04/08/2019 08:15,TOTAL EAST,23314,4530.72,6800,-9999
04/08/2019 08:15,UPNY CONED,23315,3424.48,5700,-9999
04/08/2019 08:15,WEST CENTRAL,23312,464.55,9999,-9999
04/08/2019 08:20,CENTRAL EAST - VC,23330,2022.25,2335,-9999
04/08/2019 08:20,DYSINGER EAST,23326,966.35,3150,-9999
04/08/2019 08:20,MOSES SOUTH,23319,1896.42,3150,-1600
04/08/2019 08:20,SCH - HQ - NY,23324,1370,1450,-1000
04/08/2019 08:20,SCH - HQ_CEDARS,325274,0,160,0
04/08/2019 08:20,SCH - HQ_IMPORT_EXPORT,325376,1215,1310,-9999
04/08/2019 08:20,SCH - NE - NY,23318,119.44,600,-800
04/08/2019 08:20,SCH - NPX_1385,325277,39,100,-100
04/08/2019 08:20,SCH - NPX_CSC,325154,330,330,-330
04/08/2019 08:20,SCH - OH - NY,23317,914.31,1300,-1750
04/08/2019 08:20,SCH - PJ - NY,23316,382.81,2000,-1300
04/08/2019 08:20,SCH - PJM_HTP,325905,0,660,-660
04/08/2019 08:20,SCH - PJM_NEPTUNE,325305,0,0,0
04/08/2019 08:20,SCH - PJM_VFT,325658,0,0,0
04/08/2019 08:20,SPR/DUN-SOUTH,23320,2661.31,4600,-9999
04/08/2019 08:20,TOTAL EAST,23314,4532.5,6800,-9999
04/08/2019 08:20,UPNY CONED,23315,3412.48,5700,-9999
04/08/2019 08:20,WEST CENTRAL,23312,485.13,9999,-9999
04/08/2019 08:25,CENTRAL EAST - VC,23330,2013.48,2335,-9999
04/08/2019 08:25,DYSINGER EAST,23326,898.35,3150,-9999
04/08/2019 08:25,MOSES SOUTH,23319,1909.99,3150,-1600
04/08/2019 08:25,SCH - HQ - NY,23324,1370,1450,-1000
04/08/2019 08:25,SCH - HQ_CEDARS,325274,0,160,0
04/08/2019 08:25,SCH - HQ_IMPORT_EXPORT,325376,1215,1310,-9999
04/08/2019 08:25,SCH - NE - NY,23318,119.63,600,-800
04/08/2019 08:25,SCH - NPX_1385,325277,39,100,-100
04/08/2019 08:25,SCH - NPX_CSC,325154,330,330,-330
04/08/2019 08:25,SCH - OH - NY,23317,914.24,1300,-1750
04/08/2019 08:25,SCH - PJ - NY,23316,383.51,2000,-1300
04/08/2019 08:25,SCH - PJM_HTP,325905,0,660,-660
04/08/2019 08:25,SCH - PJM_NEPTUNE,325305,0,0,0
04/08/2019 08:25,SCH - PJM_VFT,325658,0,0,0
04/08/2019 08:25,SPR/DUN-SOUTH,23320,2696.62,4600,-9999
04/08/2019 08:25,TOTAL EAST,23314,4586.44,6800,-9999
04/08/2019 08:25,UPNY CONED,23315,3454.54,5700,-9999
04/08/2019 08:25,WEST CENTRAL,23312,415.99,9999,-9999
04/08/2019 08:30,CENTRAL EAST - VC,23330,2000.66,2335,-9999
04/08/2019 08:30,DYSINGER EAST,23326,849.58,3150,-9999
04/08/2019 08:30,MOSES SOUTH,23319,1929.9,3150,-1600
04/08/2019 08:30,SCH - HQ - NY,23324,1370,1450,-1000
04/08/2019 08:30,SCH - HQ_CEDARS,325274,0,160,0
04/08/2019 08:30,SCH - HQ_IMPORT_EXPORT,325376,1215,1310,-9999
04/08/2019 08:30,SCH - NE - NY,23318,113.51,600,-800
04/08/2019 08:30,SCH - NPX_1385,325277,39,100,-100
04/08/2019 08:30,SCH - NPX_CSC,325154,330,330,-330
04/08/2019 08:30,SCH - OH - NY,23317,914.22,1300,-1750
04/08/2019 08:30,SCH - PJ - NY,23316,383.46,2000,-1300
04/08/2019 08:30,SCH - PJM_HTP,325905,0,660,-660
04/08/2019 08:30,SCH - PJM_NEPTUNE,325305,0,0,0
04/08/2019 08:30,SCH - PJM_VFT,325658,0,0,0
04/08/2019 08:30,SPR/DUN-SOUTH,23320,2698.17,4600,-9999
04/08/2019 08:30,TOTAL EAST,23314,4613.04,6800,-9999
04/08/2019 08:30,UPNY CONED,23315,3455.89,5700,-9999
04/08/2019 08:30,WEST CENTRAL,23312,365.67,9999,-9999
04/08/2019 08:35,CENTRAL EAST - VC,23330,2031.76,2335,-9999
04/08/2019 08:35,DYSINGER EAST,23326,909.29,3150,-9999
04/08/2019 08:35,MOSES SOUTH,23319,1924.5,3150,-1600
04/08/2019 08:35,SCH - HQ - NY,23324,1370,1450,-1000
04/08/2019 08:35,SCH - HQ_CEDARS,325274,0,160,0
04/08/2019 08:35,SCH - HQ_IMPORT_EXPORT,325376,1215,1310,-9999
04/08/2019 08:35,SCH - NE - NY,23318,108.19,600,-800
04/08/2019 08:35,SCH - NPX_1385,325277,39,100,-100
04/08/2019 08:35,SCH - NPX_CSC,325154,330,330,-330
04/08/2019 08:35,SCH - OH - NY,23317,914.17,1300,-1750
04/08/2019 08:35,SCH - PJ - NY,23316,382.9,2000,-1300
04/08/2019 08:35,SCH - PJM_HTP,325905,0,660,-660
04/08/2019 08:35,SCH - PJM_NEPTUNE,325305,0,0,0
04/08/2019 08:35,SCH - PJM_VFT,325658,0,0,0
04/08/2019 08:35,SPR/DUN-SOUTH,23320,2701.52,4600,-9999
04/08/2019 08:35,TOTAL EAST,23314,4598.3,6800,-9999
04/08/2019 08:35,UPNY CONED,23315,3464.49,5700,-9999
04/08/2019 08:35,WEST CENTRAL,23312,421.33,9999,-9999
04/08/2019 08:40,CENTRAL EAST - VC,23330,2020.57,2335,-9999
04/08/2019 08:40,DYSINGER EAST,23326,923.59,3150,-9999
04/08/2019 08:40,MOSES SOUTH,23319,1912.19,3150,-1600
04/08/2019 08:40,SCH - HQ - NY,23324,1370,1450,-1000
04/08/2019 08:40,SCH - HQ_CEDARS,325274,0,160,0
04/08/2019 08:40,SCH - HQ_IMPORT_EXPORT,325376,1215,1310,-9999
04/08/2019 08:40,SCH - NE - NY,23318,108.18,600,-800
04/08/2019 08:40,SCH - NPX_1385,325277,39,100,-100
04/08/2019 08:40,SCH - NPX_CSC,325154,330,330,-330
04/08/2019 08:40,SCH - OH - NY,23317,914.16,1300,-1750
04/08/2019 08:40,SCH - PJ - NY,23316,384.53,2000,-1300
04/08/2019 08:40,SCH - PJM_HTP,325905,0,660,-660
04/08/2019 08:40,SCH - PJM_NEPTUNE,325305,0,0,0
04/08/2019 08:40,SCH - PJM_VFT,325658,0,0,0
04/08/2019 08:40,SPR/DUN-SOUTH,23320,2711.7,4600,-9999
04/08/2019 08:40,TOTAL EAST,23314,4614.27,6800,-9999
04/08/2019 08:40,UPNY CONED,23315,3471.2,5700,-9999
04/08/2019 08:40,WEST CENTRAL,23312,430.61,9999,-9999
04/08/2019 08:45,CENTRAL EAST - VC,23330,2029.17,2335,-9999
04/08/2019 08:45,DYSINGER EAST,23326,895.6,3150,-9999
04/08/2019 08:45,MOSES SOUTH,23319,1907.98,3150,-1600
04/08/2019 08:45,SCH - HQ - NY,23324,1370,1450,-1000
04/08/2019 08:45,SCH - HQ_CEDARS,325274,0,160,0
04/08/2019 08:45,SCH - HQ_IMPORT_EXPORT,325376,1215,1310,-9999
04/08/2019 08:45,SCH - NE - NY,23318,82.76,600,-800
04/08/2019 08:45,SCH - NPX_1385,325277,39,100,-100
04/08/2019 08:45,SCH - NPX_CSC,325154,330,330,-330
04/08/2019 08:45,SCH - OH - NY,23317,914.14,1300,-1750
04/08/2019 08:45,SCH - PJ - NY,23316,383.44,2000,-1300
04/08/2019 08:45,SCH - PJM_HTP,325905,0,660,-660
04/08/2019 08:45,SCH - PJM_NEPTUNE,325305,0,0,0
04/08/2019 08:45,SCH - PJM_VFT,325658,0,0,0
04/08/2019 08:45,SPR/DUN-SOUTH,23320,2682.94,4600,-9999
04/08/2019 08:45,TOTAL EAST,23314,4584.98,6800,-9999
04/08/2019 08:45,UPNY CONED,23315,3437.89,5700,-9999
04/08/2019 08:45,WEST CENTRAL,23312,401.89,9999,-9999
04/08/2019 08:50,CENTRAL EAST - VC,23330,2009.54,2335,-9999
04/08/2019 08:50,DYSINGER EAST,23326,868.27,3150,-9999
04/08/2019 08:50,MOSES SOUTH,23319,1895.89,3150,-1600
04/08/2019 08:50,SCH - HQ - NY,23324,1370,1450,-1000
04/08/2019 08:50,SCH - HQ_CEDARS,325274,0,160,0
04/08/2019 08:50,SCH - HQ_IMPORT_EXPORT,325376,1215,1310,-9999
04/08/2019 08:50,SCH - NE - NY,23318,58.33,600,-800
04/08/2019 08:50,SCH - NPX_1385,325277,39,100,-100
04/08/2019 08:50,SCH - NPX_CSC,325154,330,330,-330
04/08/2019 08:50,SCH - OH - NY,23317,914.12,1300,-1750
04/08/2019 08:50,SCH - PJ - NY,23316,382.52,2000,-1300
04/08/2019 08:50,SCH - PJM_HTP,325905,0,660,-660
04/08/2019 08:50,SCH - PJM_NEPTUNE,325305,0,0,0
04/08/2019 08:50,SCH - PJM_VFT,325658,0,0,0
04/08/2019 08:50,SPR/DUN-SOUTH,23320,2645.59,4600,-9999
04/08/2019 08:50,TOTAL EAST,23314,4589.33,6800,-9999
04/08/2019 08:50,UPNY CONED,23315,3397.68,5700,-9999
04/08/2019 08:50,WEST CENTRAL,23312,372.09,9999,-9999
04/08/2019 08:55,CENTRAL EAST - VC,23330,2044.44,2335,-9999
04/08/2019 08:55,DYSINGER EAST,23326,911.09,3150,-9999
04/08/2019 08:55,MOSES SOUTH,23319,1913.42,3150,-1600
04/08/2019 08:55,SCH - HQ - NY,23324,1370,1450,-1000
04/08/2019 08:55,SCH - HQ_CEDARS,325274,0,160,0
04/08/2019 08:55,SCH - HQ_IMPORT_EXPORT,325376,1215,1310,-9999
04/08/2019 08:55,SCH - NE - NY,23318,58.3,600,-800
04/08/2019 08:55,SCH - NPX_1385,325277,39,100,-100
04/08/2019 08:55,SCH - NPX_CSC,325154,330,330,-330
04/08/2019 08:55,SCH - OH - NY,23317,914.11,1300,-1750
04/08/2019 08:55,SCH - PJ - NY,23316,382.64,2000,-1300
04/08/2019 08:55,SCH - PJM_HTP,325905,0,660,-660
04/08/2019 08:55,SCH - PJM_NEPTUNE,325305,0,0,0
04/08/2019 08:55,SCH - PJM_VFT,325658,0,0,0
04/08/2019 08:55,SPR/DUN-SOUTH,23320,2690.53,4600,-9999
04/08/2019 08:55,TOTAL EAST,23314,4610.93,6800,-9999
04/08/2019 08:55,UPNY CONED,23315,3452.94,5700,-9999
04/08/2019 08:55,WEST CENTRAL,23312,412.98,9999,-9999
04/08/2019 09:00,CENTRAL EAST - VC,23330,2089.92,2360,-9999
04/08/2019 09:00,DYSINGER EAST,23326,1024.52,3150,-9999
04/08/2019 09:00,MOSES SOUTH,23319,1908.03,3150,-1600
04/08/2019 09:00,SCH - HQ - NY,23324,1358,1450,-1000
04/08/2019 09:00,SCH - HQ_CEDARS,325274,0,160,0
04/08/2019 09:00,SCH - HQ_IMPORT_EXPORT,325376,1203,1310,-9999
04/08/2019 09:00,SCH - NE - NY,23318,-24.05,600,-800
04/08/2019 09:00,SCH - NPX_1385,325277,50,100,-100
04/08/2019 09:00,SCH - NPX_CSC,325154,330,330,-330
04/08/2019 09:00,SCH - OH - NY,23317,955.05,1300,-1750
04/08/2019 09:00,SCH - PJ - NY,23316,383.41,2000,-1300
04/08/2019 09:00,SCH - PJM_HTP,325905,0,660,-660
04/08/2019 09:00,SCH - PJM_NEPTUNE,325305,0,0,0
04/08/2019 09:00,SCH - PJM_VFT,325658,0,0,0
04/08/2019 09:00,SPR/DUN-SOUTH,23320,2831.44,4600,-9999
04/08/2019 09:00,TOTAL EAST,23314,4669.23,6800,-9999
04/08/2019 09:00,UPNY CONED,23315,3456.34,5700,-9999
04/08/2019 09:00,WEST CENTRAL,23312,524.44,9999,-9999
04/08/2019 09:05,CENTRAL EAST - VC,23330,2096.03,2360,-9999
04/08/2019 09:05,DYSINGER EAST,23326,1015.29,3150,-9999
04/08/2019 09:05,MOSES SOUTH,23319,1890.65,3150,-1600
04/08/2019 09:05,SCH - HQ - NY,23324,1347,1450,-1000
04/08/2019 09:05,SCH - HQ_CEDARS,325274,0,160,0
04/08/2019 09:05,SCH - HQ_IMPORT_EXPORT,325376,1192,1310,-9999
04/08/2019 09:05,SCH - NE - NY,23318,-106.4,600,-800
04/08/2019 09:05,SCH - NPX_1385,325277,62,100,-100
04/08/2019 09:05,SCH - NPX_CSC,325154,330,330,-330
04/08/2019 09:05,SCH - OH - NY,23317,995.9,1300,-1750
04/08/2019 09:05,SCH - PJ - NY,23316,382.2,2000,-1300
04/08/2019 09:05,SCH - PJM_HTP,325905,0,660,-660
04/08/2019 09:05,SCH - PJM_NEPTUNE,325305,0,0,0
04/08/2019 09:05,SCH - PJM_VFT,325658,0,0,0
04/08/2019 09:05,SPR/DUN-SOUTH,23320,2817.17,4600,-9999
04/08/2019 09:05,TOTAL EAST,23314,4687.19,6800,-9999
04/08/2019 09:05,UPNY CONED,23315,3395.57,5700,-9999
04/08/2019 09:05,WEST CENTRAL,23312,517.34,9999,-9999
04/08/2019 09:10,CENTRAL EAST - VC,23330,2076.1,2360,-9999
04/08/2019 09:10,DYSINGER EAST,23326,943.38,3150,-9999
04/08/2019 09:10,MOSES SOUTH,23319,1932.78,3150,-1600
04/08/2019 09:10,SCH - HQ - NY,23324,1347,1450,-1000
04/08/2019 09:10,SCH - HQ_CEDARS,325274,0,160,0
04/08/2019 09:10,SCH - HQ_IMPORT_EXPORT,325376,1192,1310,-9999
04/08/2019 09:10,SCH - NE - NY,23318,-106.26,600,-800
04/08/2019 09:10,SCH - NPX_1385,325277,62,100,-100
04/08/2019 09:10,SCH - NPX_CSC,325154,330,330,-330
04/08/2019 09:10,SCH - OH - NY,23317,995.91,1300,-1750
04/08/2019 09:10,SCH - PJ - NY,23316,388.91,2000,-1300
04/08/2019 09:10,SCH - PJM_HTP,325905,0,660,-660
04/08/2019 09:10,SCH - PJM_NEPTUNE,325305,0,0,0
04/08/2019 09:10,SCH - PJM_VFT,325658,0,0,0
04/08/2019 09:10,SPR/DUN-SOUTH,23320,2790.95,4600,-9999
04/08/2019 09:10,TOTAL EAST,23314,4683.37,6800,-9999
04/08/2019 09:10,UPNY CONED,23315,3374.78,5700,-9999
04/08/2019 09:10,WEST CENTRAL,23312,448.97,9999,-9999
04/08/2019 09:15,CENTRAL EAST - VC,23330,2189.48,2360,-9999
04/08/2019 09:15,DYSINGER EAST,23326,1077.9,3150,-9999
04/08/2019 09:15,MOSES SOUTH,23319,1932.3,3150,-1600
04/08/2019 09:15,SCH - HQ - NY,23324,1347,1450,-1000
04/08/2019 09:15,SCH - HQ_CEDARS,325274,0,160,0
04/08/2019 09:15,SCH - HQ_IMPORT_EXPORT,325376,1192,1310,-9999
04/08/2019 09:15,SCH - NE - NY,23318,-177.21,600,-800
04/08/2019 09:15,SCH - NPX_1385,325277,62,100,-100
04/08/2019 09:15,SCH - NPX_CSC,325154,330,330,-330
04/08/2019 09:15,SCH - OH - NY,23317,995.96,1300,-1750
04/08/2019 09:15,SCH - PJ - NY,23316,372.35,2000,-1300
04/08/2019 09:15,SCH - PJM_HTP,325905,0,660,-660
04/08/2019 09:15,SCH - PJM_NEPTUNE,325305,0,0,0
04/08/2019 09:15,SCH - PJM_VFT,325658,0,0,0
04/08/2019 09:15,SPR/DUN-SOUTH,23320,2785.26,4600,-9999
04/08/2019 09:15,TOTAL EAST,23314,4736.53,6800,-9999
04/08/2019 09:15,UPNY CONED,23315,3423.11,5700,-9999
04/08/2019 09:15,WEST CENTRAL,23312,581.28,9999,-9999
04/08/2019 09:20,CENTRAL EAST - VC,23330,2182.45,2360,-9999
04/08/2019 09:20,DYSINGER EAST,23326,1028.54,3150,-9999
04/08/2019 09:20,MOSES SOUTH,23319,1963.84,3150,-1600
04/08/2019 09:20,SCH - HQ - NY,23324,1347,1450,-1000
04/08/2019 09:20,SCH - HQ_CEDARS,325274,0,160,0
04/08/2019 09:20,SCH - HQ_IMPORT_EXPORT,325376,1192,1310,-9999
04/08/2019 09:20,SCH - NE - NY,23318,-248.26,600,-800
04/08/2019 09:20,SCH - NPX_1385,325277,62,100,-100
04/08/2019 09:20,SCH - NPX_CSC,325154,330,330,-330
04/08/2019 09:20,SCH - OH - NY,23317,995.97,1300,-1750
04/08/2019 09:20,SCH - PJ - NY,23316,359.03,2000,-1300
04/08/2019 09:20,SCH - PJM_HTP,325905,0,660,-660
04/08/2019 09:20,SCH - PJM_NEPTUNE,325305,0,0,0
04/08/2019 09:20,SCH - PJM_VFT,325658,0,0,0
04/08/2019 09:20,SPR/DUN-SOUTH,23320,2740.04,4600,-9999
04/08/2019 09:20,TOTAL EAST,23314,4764.21,6800,-9999
04/08/2019 09:20,UPNY CONED,23315,3382.55,5700,-9999
04/08/2019 09:20,WEST CENTRAL,23312,532.36,9999,-9999
04/08/2019 09:25,CENTRAL EAST - VC,23330,2209.15,2335,-9999
04/08/2019 09:25,DYSINGER EAST,23326,1027.94,3150,-9999
04/08/2019 09:25,MOSES SOUTH,23319,1978.43,3150,-1600
04/08/2019 09:25,SCH - HQ - NY,23324,1347,1450,-1000
04/08/2019 09:25,SCH - HQ_CEDARS,325274,0,160,0
04/08/2019 09:25,SCH - HQ_IMPORT_EXPORT,325376,1192,1310,-9999
04/08/2019 09:25,SCH - NE - NY,23318,-248.06,600,-800
04/08/2019 09:25,SCH - NPX_1385,325277,62,100,-100
04/08/2019 09:25,SCH - NPX_CSC,325154,330,330,-330
04/08/2019 09:25,SCH - OH - NY,23317,995.99,1300,-1750
04/08/2019 09:25,SCH - PJ - NY,23316,355.73,2000,-1300
04/08/2019 09:25,SCH - PJM_HTP,325905,0,660,-660
04/08/2019 09:25,SCH - PJM_NEPTUNE,325305,0,0,0
04/08/2019 09:25,SCH - PJM_VFT,325658,0,0,0
04/08/2019 09:25,SPR/DUN-SOUTH,23320,2753.5,4600,-9999
04/08/2019 09:25,TOTAL EAST,23314,4801.22,6800,-9999
04/08/2019 09:25,UPNY CONED,23315,3390.49,5700,-9999
04/08/2019 09:25,WEST CENTRAL,23312,531.8,9999,-9999
04/08/2019 09:30,CENTRAL EAST - VC,23330,2205.6,2335,-9999
04/08/2019 09:30,DYSINGER EAST,23326,1023.07,3150,-9999
04/08/2019 09:30,MOSES SOUTH,23319,1993.97,3150,-1600
04/08/2019 09:30,SCH - HQ - NY,23324,1347,1450,-1000
04/08/2019 09:30,SCH - HQ_CEDARS,325274,0,160,0
04/08/2019 09:30,SCH - HQ_IMPORT_EXPORT,325376,1192,1310,-9999
04/08/2019 09:30,SCH - NE - NY,23318,-254.38,600,-800
04/08/2019 09:30,SCH - NPX_1385,325277,62,100,-100
04/08/2019 09:30,SCH - NPX_CSC,325154,330,330,-330
04/08/2019 09:30,SCH - OH - NY,23317,995.95,1300,-1750
04/08/2019 09:30,SCH - PJ - NY,23316,368.23,2000,-1300
04/08/2019 09:30,SCH - PJM_HTP,325905,0,660,-660
04/08/2019 09:30,SCH - PJM_NEPTUNE,325305,0,0,0
04/08/2019 09:30,SCH - PJM_VFT,325658,0,0,0
04/08/2019 09:30,SPR/DUN-SOUTH,23320,2765.01,4600,-9999
04/08/2019 09:30,TOTAL EAST,23314,4826.87,6800,-9999
04/08/2019 09:30,UPNY CONED,23315,3403.77,5700,-9999
04/08/2019 09:30,WEST CENTRAL,23312,524.72,9999,-9999
04/08/2019 09:35,CENTRAL EAST - VC,23330,2230.57,2335,-9999
04/08/2019 09:35,DYSINGER EAST,23326,1078.94,3150,-9999
04/08/2019 09:35,MOSES SOUTH,23319,1990.33,3150,-1600
04/08/2019 09:35,SCH - HQ - NY,23324,1347,1450,-1000
04/08/2019 09:35,SCH - HQ_CEDARS,325274,0,160,0
04/08/2019 09:35,SCH - HQ_IMPORT_EXPORT,325376,1192,1310,-9999
04/08/2019 09:35,SCH - NE - NY,23318,-260.49,600,-800
04/08/2019 09:35,SCH - NPX_1385,325277,62,100,-100
04/08/2019 09:35,SCH - NPX_CSC,325154,330,330,-330
04/08/2019 09:35,SCH - OH - NY,23317,995.99,1300,-1750
04/08/2019 09:35,SCH - PJ - NY,23316,389.47,2000,-1300
04/08/2019 09:35,SCH - PJM_HTP,325905,0,660,-660
04/08/2019 09:35,SCH - PJM_NEPTUNE,325305,0,0,0
04/08/2019 09:35,SCH - PJM_VFT,325658,0,0,0
04/08/2019 09:35,SPR/DUN-SOUTH,23320,2770.46,4600,-9999
04/08/2019 09:35,TOTAL EAST,23314,4831.39,6800,-9999
04/08/2019 09:35,UPNY CONED,23315,3412.11,5700,-9999
04/08/2019 09:35,WEST CENTRAL,23312,576.4,9999,-9999
04/08/2019 09:40,CENTRAL EAST - VC,23330,2200.87,2335,-9999
04/08/2019 09:40,DYSINGER EAST,23326,1006.21,3150,-9999
04/08/2019 09:40,MOSES SOUTH,23319,2000.53,3150,-1600
04/08/2019 09:40,SCH - HQ - NY,23324,1347,1450,-1000
04/08/2019 09:40,SCH - HQ_CEDARS,325274,0,160,0
04/08/2019 09:40,SCH - HQ_IMPORT_EXPORT,325376,1192,1310,-9999
04/08/2019 09:40,SCH - NE - NY,23318,-260.46,600,-800
04/08/2019 09:40,SCH - NPX_1385,325277,62,100,-100
04/08/2019 09:40,SCH - NPX_CSC,325154,330,330,-330
04/08/2019 09:40,SCH - OH - NY,23317,995.94,1300,-1750
04/08/2019 09:40,SCH - PJ - NY,23316,394.21,2000,-1300
04/08/2019 09:40,SCH - PJM_HTP,325905,0,660,-660
04/08/2019 09:40,SCH - PJM_NEPTUNE,325305,0,0,0
04/08/2019 09:40,SCH - PJM_VFT,325658,0,0,0
04/08/2019 09:40,SPR/DUN-SOUTH,23320,2741.39,4600,-9999
04/08/2019 09:40,TOTAL EAST,23314,4810.59,6800,-9999
04/08/2019 09:40,UPNY CONED,23315,3375.52,5700,-9999
04/08/2019 09:40,WEST CENTRAL,23312,502.34,9999,-9999
04/08/2019 09:45,CENTRAL EAST - VC,23330,2205.74,2335,-9999
04/08/2019 09:45,DYSINGER EAST,23326,1057.43,3150,-9999
04/08/2019 09:45,MOSES SOUTH,23319,1995.86,3150,-1600
04/08/2019 09:45,SCH - HQ - NY,23324,1347,1450,-1000
04/08/2019 09:45,SCH - HQ_CEDARS,325274,0,160,0
04/08/2019 09:45,SCH - HQ_IMPORT_EXPORT,325376,1192,1310,-9999
04/08/2019 09:45,SCH - NE - NY,23318,-251.41,600,-800
04/08/2019 09:45,SCH - NPX_1385,325277,62,100,-100
04/08/2019 09:45,SCH - NPX_CSC,325154,330,330,-330
04/08/2019 09:45,SCH - OH - NY,23317,995.96,1300,-1750
04/08/2019 09:45,SCH - PJ - NY,23316,384.33,2000,-1300
04/08/2019 09:45,SCH - PJM_HTP,325905,0,660,-660
04/08/2019 09:45,SCH - PJM_NEPTUNE,325305,0,0,0
04/08/2019 09:45,SCH - PJM_VFT,325658,0,0,0
04/08/2019 09:45,SPR/DUN-SOUTH,23320,2767.94,4600,-9999
04/08/2019 09:45,TOTAL EAST,23314,4829.5,6800,-9999
04/08/2019 09:45,UPNY CONED,23315,3403.27,5700,-9999
04/08/2019 09:45,WEST CENTRAL,23312,553.64,9999,-9999
04/08/2019 09:50,CENTRAL EAST - VC,23330,2163.69,2335,-9999
04/08/2019 09:50,DYSINGER EAST,23326,1058.82,3150,-9999
04/08/2019 09:50,MOSES SOUTH,23319,1978.88,3150,-1600
04/08/2019 09:50,SCH - HQ - NY,23324,1347,1450,-1000
04/08/2019 09:50,SCH - HQ_CEDARS,325274,0,160,0
04/08/2019 09:50,SCH - HQ_IMPORT_EXPORT,325376,1192,1310,-9999
04/08/2019 09:50,SCH - NE - NY,23318,-243.28,600,-800
04/08/2019 09:50,SCH - NPX_1385,325277,62,100,-100
04/08/2019 09:50,SCH - NPX_CSC,325154,330,330,-330
04/08/2019 09:50,SCH - OH - NY,23317,995.96,1300,-1750
04/08/2019 09:50,SCH - PJ - NY,23316,386.05,2000,-1300
04/08/2019 09:50,SCH - PJM_HTP,325905,0,660,-660
04/08/2019 09:50,SCH - PJM_NEPTUNE,325305,0,0,0
04/08/2019 09:50,SCH - PJM_VFT,325658,0,0,0
04/08/2019 09:50,SPR/DUN-SOUTH,23320,2696.64,4600,-9999
04/08/2019 09:50,TOTAL EAST,23314,4752.04,6800,-9999
04/08/2019 09:50,UPNY CONED,23315,3331.86,5700,-9999
04/08/2019 09:50,WEST CENTRAL,23312,554.14,9999,-9999
04/08/2019 09:55,CENTRAL EAST - VC,23330,2029.18,2335,-9999
04/08/2019 09:55,DYSINGER EAST,23326,876.04,3150,-9999
04/08/2019 09:55,MOSES SOUTH,23319,1969.64,3150,-1600
04/08/2019 09:55,SCH - HQ - NY,23324,1347,1450,-1000
04/08/2019 09:55,SCH - HQ_CEDARS,325274,0,160,0
04/08/2019 09:55,SCH - HQ_IMPORT_EXPORT,325376,1192,1310,-9999
04/08/2019 09:55,SCH - NE - NY,23318,-242.79,600,-800
04/08/2019 09:55,SCH - NPX_1385,325277,62,100,-100
04/08/2019 09:55,SCH - NPX_CSC,325154,330,330,-330
04/08/2019 09:55,SCH - OH - NY,23317,995.93,1300,-1750
04/08/2019 09:55,SCH - PJ - NY,23316,384.81,2000,-1300
04/08/2019 09:55,SCH - PJM_HTP,325905,0,660,-660
04/08/2019 09:55,SCH - PJM_NEPTUNE,325305,0,0,0
04/08/2019 09:55,SCH - PJM_VFT,325658,0,0,0
04/08/2019 09:55,SPR/DUN-SOUTH,23320,2527.56,4600,-9999
04/08/2019 09:55,TOTAL EAST,23314,4666.17,6800,-9999
04/08/2019 09:55,UPNY CONED,23315,3175.13,5700,-9999
04/08/2019 09:55,WEST CENTRAL,23312,373.94,9999,-9999
04/08/2019 10:00,CENTRAL EAST - VC,23330,1959.24,2335,-9999
04/08/2019 10:00,DYSINGER EAST,23326,804.91,3150,-9999
04/08/2019 10:00,MOSES SOUTH,23319,2023.54,3150,-1600
04/08/2019 10:00,SCH - HQ - NY,23324,1379,1450,-1000
04/08/2019 10:00,SCH - HQ_CEDARS,325274,0,160,0
04/08/2019 10:00,SCH - HQ_IMPORT_EXPORT,325376,1224,1310,-9999
04/08/2019 10:00,SCH - NE - NY,23318,-90.7,600,-800
04/08/2019 10:00,SCH - NPX_1385,325277,80,100,-100
04/08/2019 10:00,SCH - NPX_CSC,325154,330,330,-330
04/08/2019 10:00,SCH - OH - NY,23317,840.28,1300,-1750
04/08/2019 10:00,SCH - PJ - NY,23316,360.28,2000,-1300
04/08/2019 10:00,SCH - PJM_HTP,325905,0,660,-660
04/08/2019 10:00,SCH - PJM_NEPTUNE,325305,0,0,0
04/08/2019 10:00,SCH - PJM_VFT,325658,0,0,0
04/08/2019 10:00,SPR/DUN-SOUTH,23320,2516.79,4600,-9999
04/08/2019 10:00,TOTAL EAST,23314,4447.73,6800,-9999
04/08/2019 10:00,UPNY CONED,23315,3169.53,5700,-9999
04/08/2019 10:00,WEST CENTRAL,23312,305.71,9999,-9999
04/08/2019 10:05,CENTRAL EAST - VC,23330,1942.17,2335,-9999
04/08/2019 10:05,DYSINGER EAST,23326,824.33,3150,-9999
04/08/2019 10:05,MOSES SOUTH,23319,2039.83,3150,-1600
04/08/2019 10:05,SCH - HQ - NY,23324,1412,1450,-1000
04/08/2019 10:05,SCH - HQ_CEDARS,325274,0,160,0
04/08/2019 10:05,SCH - HQ_IMPORT_EXPORT,325376,1257,1310,-9999
04/08/2019 10:05,SCH - NE - NY,23318,61.64,600,-800
04/08/2019 10:05,SCH - NPX_1385,325277,99,100,-100
04/08/2019 10:05,SCH - NPX_CSC,325154,330,330,-330
04/08/2019 10:05,SCH - OH - NY,23317,684.63,1300,-1750
04/08/2019 10:05,SCH - PJ - NY,23316,323.79,2000,-1300
04/08/2019 10:05,SCH - PJM_HTP,325905,0,660,-660
04/08/2019 10:05,SCH - PJM_NEPTUNE,325305,0,0,0
04/08/2019 10:05,SCH - PJM_VFT,325658,0,0,0
04/08/2019 10:05,SPR/DUN-SOUTH,23320,2576.62,4600,-9999
04/08/2019 10:05,TOTAL EAST,23314,4322.81,6800,-9999
04/08/2019 10:05,UPNY CONED,23315,3215.59,5700,-9999
04/08/2019 10:05,WEST CENTRAL,23312,323.1,9999,-9999
04/08/2019 10:10,CENTRAL EAST - VC,23330,1963.18,2335,-9999
04/08/2019 10:10,DYSINGER EAST,23326,909.19,3150,-9999
04/08/2019 10:10,MOSES SOUTH,23319,2012.35,3150,-1600
04/08/2019 10:10,SCH - HQ - NY,23324,1412,1450,-1000
04/08/2019 10:10,SCH - HQ_CEDARS,325274,0,160,0
04/08/2019 10:10,SCH - HQ_IMPORT_EXPORT,325376,1257,1310,-9999
04/08/2019 10:10,SCH - NE - NY,23318,61.5,600,-800
04/08/2019 10:10,SCH - NPX_1385,325277,99,100,-100
04/08/2019 10:10,SCH - NPX_CSC,325154,330,330,-330
04/08/2019 10:10,SCH - OH - NY,23317,684.66,1300,-1750
04/08/2019 10:10,SCH - PJ - NY,23316,326.96,2000,-1300
04/08/2019 10:10,SCH - PJM_HTP,325905,0,660,-660
04/08/2019 10:10,SCH - PJM_NEPTUNE,325305,0,0,0
04/08/2019 10:10,SCH - PJM_VFT,325658,0,0,0
04/08/2019 10:10,SPR/DUN-SOUTH,23320,2633.68,4600,-9999
04/08/2019 10:10,TOTAL EAST,23314,4301.55,6800,-9999
04/08/2019 10:10,UPNY CONED,23315,3219.1,5700,-9999
04/08/2019 10:10,WEST CENTRAL,23312,406.37,9999,-9999
04/08/2019 10:15,CENTRAL EAST - VC,23330,1921.26,2335,-9999
04/08/2019 10:15,DYSINGER EAST,23326,894.8,3150,-9999
04/08/2019 10:15,MOSES SOUTH,23319,1966.46,3150,-1600
04/08/2019 10:15,SCH - HQ - NY,23324,1412,1450,-1000
04/08/2019 10:15,SCH - HQ_CEDARS,325274,0,160,0
04/08/2019 10:15,SCH - HQ_IMPORT_EXPORT,325376,1257,1310,-9999
04/08/2019 10:15,SCH - NE - NY,23318,114.2,600,-800
04/08/2019 10:15,SCH - NPX_1385,325277,99,100,-100
04/08/2019 10:15,SCH - NPX_CSC,325154,330,330,-330
04/08/2019 10:15,SCH - OH - NY,23317,684.56,1300,-1750
04/08/2019 10:15,SCH - PJ - NY,23316,426.21,2000,-1300
04/08/2019 10:15,SCH - PJM_HTP,325905,0,660,-660
04/08/2019 10:15,SCH - PJM_NEPTUNE,325305,0,0,0
04/08/2019 10:15,SCH - PJM_VFT,325658,0,0,0
04/08/2019 10:15,SPR/DUN-SOUTH,23320,2716.52,4600,-9999
04/08/2019 10:15,TOTAL EAST,23314,4378.13,6800,-9999
04/08/2019 10:15,UPNY CONED,23315,3298.87,5700,-9999
04/08/2019 10:15,WEST CENTRAL,23312,391.07,9999,-9999
04/08/2019 10:20,CENTRAL EAST - VC,23330,1958,2335,-9999
04/08/2019 10:20,DYSINGER EAST,23326,910.26,3150,-9999
04/08/2019 10:20,MOSES SOUTH,23319,1955.76,3150,-1600
04/08/2019 10:20,SCH - HQ - NY,23324,1412,1450,-1000
04/08/2019 10:20,SCH - HQ_CEDARS,325274,0,160,0
04/08/2019 10:20,SCH - HQ_IMPORT_EXPORT,325376,1257,1310,-9999
04/08/2019 10:20,SCH - NE - NY,23318,167.06,600,-800
04/08/2019 10:20,SCH - NPX_1385,325277,99,100,-100
04/08/2019 10:20,SCH - NPX_CSC,325154,330,330,-330
04/08/2019 10:20,SCH - OH - NY,23317,684.51,1300,-1750
04/08/2019 10:20,SCH - PJ - NY,23316,523.06,2000,-1300
04/08/2019 10:20,SCH - PJM_HTP,325905,0,660,-660
04/08/2019 10:20,SCH - PJM_NEPTUNE,325305,0,0,0
04/08/2019 10:20,SCH - PJM_VFT,325658,0,0,0
04/08/2019 10:20,SPR/DUN-SOUTH,23320,2889.34,4600,-9999
04/08/2019 10:20,TOTAL EAST,23314,4425.68,6800,-9999
04/08/2019 10:20,UPNY CONED,23315,3496.52,5700,-9999
04/08/2019 10:20,WEST CENTRAL,23312,414.9,9999,-9999
04/08/2019 10:25,CENTRAL EAST - VC,23330,1959.47,2335,-9999
04/08/2019 10:25,DYSINGER EAST,23326,923.1,3150,-9999
04/08/2019 10:25,MOSES SOUTH,23319,1962.6,3150,-1600
04/08/2019 10:25,SCH - HQ - NY,23324,1412,1450,-1000
04/08/2019 10:25,SCH - HQ_CEDARS,325274,0,160,0
04/08/2019 10:25,SCH - HQ_IMPORT_EXPORT,325376,1257,1310,-9999
04/08/2019 10:25,SCH - NE - NY,23318,167.01,600,-800
04/08/2019 10:25,SCH - NPX_1385,325277,99,100,-100
04/08/2019 10:25,SCH - NPX_CSC,325154,330,330,-330
04/08/2019 10:25,SCH - OH - NY,23317,684.53,1300,-1750
04/08/2019 10:25,SCH - PJ - NY,23316,525.94,2000,-1300
04/08/2019 10:25,SCH - PJM_HTP,325905,0,660,-660
04/08/2019 10:25,SCH - PJM_NEPTUNE,325305,0,0,0
04/08/2019 10:25,SCH - PJM_VFT,325658,0,0,0
04/08/2019 10:25,SPR/DUN-SOUTH,23320,2899.71,4600,-9999
04/08/2019 10:25,TOTAL EAST,23314,4414.29,6800,-9999
04/08/2019 10:25,UPNY CONED,23315,3488.17,5700,-9999
04/08/2019 10:25,WEST CENTRAL,23312,432.49,9999,-9999
04/08/2019 10:30,CENTRAL EAST - VC,23330,1905.23,2335,-9999
04/08/2019 10:30,DYSINGER EAST,23326,857.4,3150,-9999
04/08/2019 10:30,MOSES SOUTH,23319,1956.59,3150,-1600
04/08/2019 10:30,SCH - HQ - NY,23324,1412,1450,-1000
04/08/2019 10:30,SCH - HQ_CEDARS,325274,0,160,0
04/08/2019 10:30,SCH - HQ_IMPORT_EXPORT,325376,1257,1310,-9999
04/08/2019 10:30,SCH - NE - NY,23318,126.46,600,-800
04/08/2019 10:30,SCH - NPX_1385,325277,99,100,-100
04/08/2019 10:30,SCH - NPX_CSC,325154,330,330,-330
04/08/2019 10:30,SCH - OH - NY,23317,684.52,1300,-1750
04/08/2019 10:30,SCH - PJ - NY,23316,411.97,2000,-1300
04/08/2019 10:30,SCH - PJM_HTP,325905,0,660,-660
04/08/2019 10:30,SCH - PJM_NEPTUNE,325305,0,0,0
04/08/2019 10:30,SCH - PJM_VFT,325658,0,0,0
04/08/2019 10:30,SPR/DUN-SOUTH,23320,2729.04,4600,-9999
04/08/2019 10:30,TOTAL EAST,23314,4337.95,6800,-9999
04/08/2019 10:30,UPNY CONED,23315,3393.78,5700,-9999
04/08/2019 10:30,WEST CENTRAL,23312,371.01,9999,-9999
04/08/2019 10:35,CENTRAL EAST - VC,23330,1843.2,2335,-9999
04/08/2019 10:35,DYSINGER EAST,23326,779.94,3150,-9999
04/08/2019 10:35,MOSES SOUTH,23319,1951.59,3150,-1600
04/08/2019 10:35,SCH - HQ - NY,23324,1412,1450,-1000
04/08/2019 10:35,SCH - HQ_CEDARS,325274,0,160,0
04/08/2019 10:35,SCH - HQ_IMPORT_EXPORT,325376,1257,1310,-9999
04/08/2019 10:35,SCH - NE - NY,23318,86.84,600,-800
04/08/2019 10:35,SCH - NPX_1385,325277,99,100,-100
04/08/2019 10:35,SCH - NPX_CSC,325154,330,330,-330
04/08/2019 10:35,SCH - OH - NY,23317,684.55,1300,-1750
04/08/2019 10:35,SCH - PJ - NY,23316,302.9,2000,-1300
04/08/2019 10:35,SCH - PJM_HTP,325905,0,660,-660
04/08/2019 10:35,SCH - PJM_NEPTUNE,325305,0,0,0
04/08/2019 10:35,SCH - PJM_VFT,325658,0,0,0
04/08/2019 10:35,SPR/DUN-SOUTH,23320,2531.7,4600,-9999
04/08/2019 10:35,TOTAL EAST,23314,4178.13,6800,-9999
04/08/2019 10:35,UPNY CONED,23315,3167.22,5700,-9999
04/08/2019 10:35,WEST CENTRAL,23312,292.76,9999,-9999
04/08/2019 10:40,CENTRAL EAST - VC,23330,1882.12,2335,-9999
04/08/2019 10:40,DYSINGER EAST,23326,857.56,3150,-9999
04/08/2019 10:40,MOSES SOUTH,23319,1951.62,3150,-1600
04/08/2019 10:40,SCH - HQ - NY,23324,1412,1450,-1000
04/08/2019 10:40,SCH - HQ_CEDARS,325274,0,160,0
04/08/2019 10:40,SCH - HQ_IMPORT_EXPORT,325376,1257,1310,-9999
04/08/2019 10:40,SCH - NE - NY,23318,86.77,600,-800
04/08/2019 10:40,SCH - NPX_1385,325277,99,100,-100
04/08/2019 10:40,SCH - NPX_CSC,325154,330,330,-330
04/08/2019 10:40,SCH - OH - NY,23317,684.54,1300,-1750
04/08/2019 10:40,SCH - PJ - NY,23316,302.45,2000,-1300
04/08/2019 10:40,SCH - PJM_HTP,325905,0,660,-660
04/08/2019 10:40,SCH - PJM_NEPTUNE,325305,0,0,0
04/08/2019 10:40,SCH - PJM_VFT,325658,0,0,0
04/08/2019 10:40,SPR/DUN-SOUTH,23320,2664.1,4600,-9999
04/08/2019 10:40,TOTAL EAST,23314,4272.63,6800,-9999
04/08/2019 10:40,UPNY CONED,23315,3278.2,5700,-9999
04/08/2019 10:40,WEST CENTRAL,23312,367.46,9999,-9999
04/08/2019 10:45,CENTRAL EAST - VC,23330,1940.41,2335,-9999
04/08/2019 10:45,DYSINGER EAST,23326,925.29,3150,-9999
04/08/2019 10:45,MOSES SOUTH,23319,1943.43,3150,-1600
04/08/2019 10:45,SCH - HQ - NY,23324,1412,1450,-1000
04/08/2019 10:45,SCH - HQ_CEDARS,325274,0,160,0
04/08/2019 10:45,SCH - HQ_IMPORT_EXPORT,325376,1257,1310,-9999
04/08/2019 10:45,SCH - NE - NY,23318,114.24,600,-800
04/08/2019 10:45,SCH - NPX_1385,325277,99,100,-100
04/08/2019 10:45,SCH - NPX_CSC,325154,330,330,-330
04/08/2019 10:45,SCH - OH - NY,23317,684.54,1300,-1750
04/08/2019 10:45,SCH - PJ - NY,23316,287.35,2000,-1300
04/08/2019 10:45,SCH - PJM_HTP,325905,0,660,-660
04/08/2019 10:45,SCH - PJM_NEPTUNE,325305,0,0,0
04/08/2019 10:45,SCH - PJM_VFT,325658,0,0,0
04/08/2019 10:45,SPR/DUN-SOUTH,23320,2721.07,4600,-9999
04/08/2019 10:45,TOTAL EAST,23314,4255.84,6800,-9999
04/08/2019 10:45,UPNY CONED,23315,3335.06,5700,-9999
04/08/2019 10:45,WEST CENTRAL,23312,430.9,9999,-9999
04/08/2019 10:50,CENTRAL EAST - VC,23330,1916.13,2335,-9999
04/08/2019 10:50,DYSINGER EAST,23326,912.89,3150,-9999
04/08/2019 10:50,MOSES SOUTH,23319,1951.45,3150,-1600
04/08/2019 10:50,SCH - HQ - NY,23324,1412,1450,-1000
04/08/2019 10:50,SCH - HQ_CEDARS,325274,0,160,0
04/08/2019 10:50,SCH - HQ_IMPORT_EXPORT,325376,1257,1310,-9999
04/08/2019 10:50,SCH - NE - NY,23318,141.69,600,-800
04/08/2019 10:50,SCH - NPX_1385,325277,99,100,-100
04/08/2019 10:50,SCH - NPX_CSC,325154,330,330,-330
04/08/2019 10:50,SCH - OH - NY,23317,684.58,1300,-1750
04/08/2019 10:50,SCH - PJ - NY,23316,271.61,2000,-1300
04/08/2019 10:50,SCH - PJM_HTP,325905,0,660,-660
04/08/2019 10:50,SCH - PJM_NEPTUNE,325305,0,0,0
04/08/2019 10:50,SCH - PJM_VFT,325658,0,0,0
04/08/2019 10:50,SPR/DUN-SOUTH,23320,2719.8,4600,-9999
04/08/2019 10:50,TOTAL EAST,23314,4250.07,6800,-9999
04/08/2019 10:50,UPNY CONED,23315,3326.22,5700,-9999
04/08/2019 10:50,WEST CENTRAL,23312,418.86,9999,-9999
04/08/2019 10:55,CENTRAL EAST - VC,23330,1903.38,2335,-9999
04/08/2019 10:55,DYSINGER EAST,23326,852.96,3150,-9999
04/08/2019 10:55,MOSES SOUTH,23319,1934.88,3150,-1600
04/08/2019 10:55,SCH - HQ - NY,23324,1412,1450,-1000
04/08/2019 10:55,SCH - HQ_CEDARS,325274,0,160,0
04/08/2019 10:55,SCH - HQ_IMPORT_EXPORT,325376,1257,1310,-9999
04/08/2019 10:55,SCH - NE - NY,23318,141.72,600,-800
04/08/2019 10:55,SCH - NPX_1385,325277,99,100,-100
04/08/2019 10:55,SCH - NPX_CSC,325154,330,330,-330
04/08/2019 10:55,SCH - OH - NY,23317,684.53,1300,-1750
04/08/2019 10:55,SCH - PJ - NY,23316,272.97,2000,-1300
04/08/2019 10:55,SCH - PJM_HTP,325905,0,660,-660
04/08/2019 10:55,SCH - PJM_NEPTUNE,325305,0,0,0
04/08/2019 10:55,SCH - PJM_VFT,325658,0,0,0
04/08/2019 10:55,SPR/DUN-SOUTH,23320,2750.73,4600,-9999
04/08/2019 10:55,TOTAL EAST,23314,4285.26,6800,-9999
04/08/2019 10:55,UPNY CONED,23315,3355.1,5700,-9999
04/08/2019 10:55,WEST CENTRAL,23312,359.85,9999,-9999
04/08/2019 11:00,CENTRAL EAST - VC,23330,1997.35,2335,-9999
04/08/2019 11:00,DYSINGER EAST,23326,866.87,3150,-9999
04/08/2019 11:00,MOSES SOUTH,23319,1999.9,3150,-1600
04/08/2019 11:00,SCH - HQ - NY,23324,1381,1450,-1000
04/08/2019 11:00,SCH - HQ_CEDARS,325274,80,160,0
04/08/2019 11:00,SCH - HQ_IMPORT_EXPORT,325376,1226,1310,-9999
04/08/2019 11:00,SCH - NE - NY,23318,128.49,600,-800
04/08/2019 11:00,SCH - NPX_1385,325277,99,100,-100
04/08/2019 11:00,SCH - NPX_CSC,325154,330,330,-330
04/08/2019 11:00,SCH - OH - NY,23317,721.45,1300,-1750
04/08/2019 11:00,SCH - PJ - NY,23316,299.11,2000,-1300
04/08/2019 11:00,SCH - PJM_HTP,325905,0,660,-660
04/08/2019 11:00,SCH - PJM_NEPTUNE,325305,0,0,0
04/08/2019 11:00,SCH - PJM_VFT,325658,0,0,0
04/08/2019 11:00,SPR/DUN-SOUTH,23320,2861.85,4600,-9999
04/08/2019 11:00,TOTAL EAST,23314,4443.2,6800,-9999
04/08/2019 11:00,UPNY CONED,23315,3474.83,5700,-9999
04/08/2019 11:00,WEST CENTRAL,23312,373.38,9999,-9999
04/08/2019 11:05,CENTRAL EAST - VC,23330,2036.77,2335,-9999
04/08/2019 11:05,DYSINGER EAST,23326,857.96,3150,-9999
04/08/2019 11:05,MOSES SOUTH,23319,2055.99,3150,-1600
04/08/2019 11:05,SCH - HQ - NY,23324,1350,1450,-1000
04/08/2019 11:05,SCH - HQ_CEDARS,325274,160,160,0
04/08/2019 11:05,SCH - HQ_IMPORT_EXPORT,325376,1195,1310,-9999
04/08/2019 11:05,SCH - NE - NY,23318,115.46,600,-800
04/08/2019 11:05,SCH - NPX_1385,325277,99,100,-100
04/08/2019 11:05,SCH - NPX_CSC,325154,330,330,-330
04/08/2019 11:05,SCH - OH - NY,23317,758.4,1300,-1750
04/08/2019 11:05,SCH - PJ - NY,23316,324.26,2000,-1300
04/08/2019 11:05,SCH - PJM_HTP,325905,0,660,-660
04/08/2019 11:05,SCH - PJM_NEPTUNE,325305,0,0,0
04/08/2019 11:05,SCH - PJM_VFT,325658,0,0,0
04/08/2019 11:05,SPR/DUN-SOUTH,23320,2944.81,4600,-9999
04/08/2019 11:05,TOTAL EAST,23314,4554.67,6800,-9999
04/08/2019 11:05,UPNY CONED,23315,3550.24,5700,-9999
04/08/2019 11:05,WEST CENTRAL,23312,361.63,9999,-9999
04/08/2019 11:10,CENTRAL EAST - VC,23330,2003.39,2335,-9999
04/08/2019 11:10,DYSINGER EAST,23326,821.77,3150,-9999
04/08/2019 11:10,MOSES SOUTH,23319,2078.17,3150,-1600
04/08/2019 11:10,SCH - HQ - NY,23324,1350,1450,-1000
04/08/2019 11:10,SCH - HQ_CEDARS,325274,160,160,0
04/08/2019 11:10,SCH - HQ_IMPORT_EXPORT,325376,1195,1310,-9999
04/08/2019 11:10,SCH - NE - NY,23318,115.57,600,-800
04/08/2019 11:10,SCH - NPX_1385,325277,99,100,-100
04/08/2019 11:10,SCH - NPX_CSC,325154,330,330,-330
04/08/2019 11:10,SCH - OH - NY,23317,758.47,1300,-1750
04/08/2019 11:10,SCH - PJ - NY,23316,324.67,2000,-1300
04/08/2019 11:10,SCH - PJM_HTP,325905,0,660,-660
04/08/2019 11:10,SCH - PJM_NEPTUNE,325305,0,0,0
04/08/2019 11:10,SCH - PJM_VFT,325658,0,0,0
04/08/2019 11:10,SPR/DUN-SOUTH,23320,2897.78,4600,-9999
04/08/2019 11:10,TOTAL EAST,23314,4547.51,6800,-9999
04/08/2019 11:10,UPNY CONED,23315,3501.79,5700,-9999
04/08/2019 11:10,WEST CENTRAL,23312,323.17,9999,-9999
04/08/2019 11:15,CENTRAL EAST - VC,23330,2028.41,2335,-9999
04/08/2019 11:15,DYSINGER EAST,23326,819.35,3150,-9999
04/08/2019 11:15,MOSES SOUTH,23319,2070.23,3150,-1600
04/08/2019 11:15,SCH - HQ - NY,23324,1350,1450,-1000
04/08/2019 11:15,SCH - HQ_CEDARS,325274,160,160,0
04/08/2019 11:15,SCH - HQ_IMPORT_EXPORT,325376,1195,1310,-9999
04/08/2019 11:15,SCH - NE - NY,23318,125.8,600,-800
04/08/2019 11:15,SCH - NPX_1385,325277,99,100,-100
04/08/2019 11:15,SCH - NPX_CSC,325154,330,330,-330
04/08/2019 11:15,SCH - OH - NY,23317,758.46,1300,-1750
04/08/2019 11:15,SCH - PJ - NY,23316,236.57,2000,-1300
04/08/2019 11:15,SCH - PJM_HTP,325905,0,660,-660
04/08/2019 11:15,SCH - PJM_NEPTUNE,325305,0,0,0
04/08/2019 11:15,SCH - PJM_VFT,325658,0,0,0
04/08/2019 11:15,SPR/DUN-SOUTH,23320,2875.12,4600,-9999
04/08/2019 11:15,TOTAL EAST,23314,4487.07,6800,-9999
04/08/2019 11:15,UPNY CONED,23315,3475.42,5700,-9999
04/08/2019 11:15,WEST CENTRAL,23312,321.2,9999,-9999
04/08/2019 11:20,CENTRAL EAST - VC,23330,1989.87,2335,-9999
04/08/2019 11:20,DYSINGER EAST,23326,771.36,3150,-9999
04/08/2019 11:20,MOSES SOUTH,23319,2059.87,3150,-1600
04/08/2019 11:20,SCH - HQ - NY,23324,1350,1450,-1000
04/08/2019 11:20,SCH - HQ_CEDARS,325274,160,160,0
04/08/2019 11:20,SCH - HQ_IMPORT_EXPORT,325376,1195,1310,-9999
04/08/2019 11:20,SCH - NE - NY,23318,136.95,600,-800
04/08/2019 11:20,SCH - NPX_1385,325277,99,100,-100
04/08/2019 11:20,SCH - NPX_CSC,325154,330,330,-330
04/08/2019 11:20,SCH - OH - NY,23317,758.47,1300,-1750
04/08/2019 11:20,SCH - PJ - NY,23316,151.98,2000,-1300
04/08/2019 11:20,SCH - PJM_HTP,325905,0,660,-660
04/08/2019 11:20,SCH - PJM_NEPTUNE,325305,0,0,0
04/08/2019 11:20,SCH - PJM_VFT,325658,0,0,0
04/08/2019 11:20,SPR/DUN-SOUTH,23320,2851.65,4600,-9999
04/08/2019 11:20,TOTAL EAST,23314,4410.12,6800,-9999
04/08/2019 11:20,UPNY CONED,23315,3458.47,5700,-9999
04/08/2019 11:20,WEST CENTRAL,23312,273.87,9999,-9999
04/08/2019 11:25,CENTRAL EAST - VC,23330,1993.04,2335,-9999
04/08/2019 11:25,DYSINGER EAST,23326,766.49,3150,-9999
04/08/2019 11:25,MOSES SOUTH,23319,2063.94,3150,-1600
04/08/2019 11:25,SCH - HQ - NY,23324,1350,1450,-1000
04/08/2019 11:25,SCH - HQ_CEDARS,325274,160,160,0
04/08/2019 11:25,SCH - HQ_IMPORT_EXPORT,325376,1195,1310,-9999
04/08/2019 11:25,SCH - NE - NY,23318,136.88,600,-800
04/08/2019 11:25,SCH - NPX_1385,325277,99,100,-100
04/08/2019 11:25,SCH - NPX_CSC,325154,330,330,-330
04/08/2019 11:25,SCH - OH - NY,23317,758.46,1300,-1750
04/08/2019 11:25,SCH - PJ - NY,23316,152.17,2000,-1300
04/08/2019 11:25,SCH - PJM_HTP,325905,0,660,-660
04/08/2019 11:25,SCH - PJM_NEPTUNE,325305,0,0,0
04/08/2019 11:25,SCH - PJM_VFT,325658,0,0,0
04/08/2019 11:25,SPR/DUN-SOUTH,23320,2879.56,4600,-9999
04/08/2019 11:25,TOTAL EAST,23314,4426.82,6800,-9999
04/08/2019 11:25,UPNY CONED,23315,3476.28,5700,-9999
04/08/2019 11:25,WEST CENTRAL,23312,270.71,9999,-9999
04/08/2019 11:30,CENTRAL EAST - VC,23330,2028.87,2335,-9999
04/08/2019 11:30,DYSINGER EAST,23326,793.36,3150,-9999
04/08/2019 11:30,MOSES SOUTH,23319,2070.42,3150,-1600
04/08/2019 11:30,SCH - HQ - NY,23324,1350,1450,-1000
04/08/2019 11:30,SCH - HQ_CEDARS,325274,160,160,0
04/08/2019 11:30,SCH - HQ_IMPORT_EXPORT,325376,1195,1310,-9999
04/08/2019 11:30,SCH - NE - NY,23318,157.25,600,-800
04/08/2019 11:30,SCH - NPX_1385,325277,99,100,-100
04/08/2019 11:30,SCH - NPX_CSC,325154,330,330,-330
04/08/2019 11:30,SCH - OH - NY,23317,758.45,1300,-1750
04/08/2019 11:30,SCH - PJ - NY,23316,278.88,2000,-1300
04/08/2019 11:30,SCH - PJM_HTP,325905,0,660,-660
04/08/2019 11:30,SCH - PJM_NEPTUNE,325305,0,0,0
04/08/2019 11:30,SCH - PJM_VFT,325658,0,0,0
04/08/2019 11:30,SPR/DUN-SOUTH,23320,3057.95,4600,-9999
04/08/2019 11:30,TOTAL EAST,23314,4568.38,6800,-9999
04/08/2019 11:30,UPNY CONED,23315,3598.26,5700,-9999
04/08/2019 11:30,WEST CENTRAL,23312,300.57,9999,-9999
04/08/2019 11:35,CENTRAL EAST - VC,23330,2017.48,2335,-9999
04/08/2019 11:35,DYSINGER EAST,23326,740.3,3150,-9999
04/08/2019 11:35,MOSES SOUTH,23319,2050.32,3150,-1600
04/08/2019 11:35,SCH - HQ - NY,23324,1350,1450,-1000
04/08/2019 11:35,SCH - HQ_CEDARS,325274,160,160,0
04/08/2019 11:35,SCH - HQ_IMPORT_EXPORT,325376,1195,1310,-9999
04/08/2019 11:35,SCH - NE - NY,23318,177.6,600,-800
04/08/2019 11:35,SCH - NPX_1385,325277,99,100,-100
04/08/2019 11:35,SCH - NPX_CSC,325154,330,330,-330
04/08/2019 11:35,SCH - OH - NY,23317,758.43,1300,-1750
04/08/2019 11:35,SCH - PJ - NY,23316,409.75,2000,-1300
04/08/2019 11:35,SCH - PJM_HTP,325905,0,660,-660
04/08/2019 11:35,SCH - PJM_NEPTUNE,325305,0,0,0
04/08/2019 11:35,SCH - PJM_VFT,325658,0,0,0
04/08/2019 11:35,SPR/DUN-SOUTH,23320,3065.85,4600,-9999
04/08/2019 11:35,TOTAL EAST,23314,4545.09,6800,-9999
04/08/2019 11:35,UPNY CONED,23315,3589.79,5700,-9999
04/08/2019 11:35,WEST CENTRAL,23312,249.01,9999,-9999
04/08/2019 11:40,CENTRAL EAST - VC,23330,2015.6,2335,-9999
04/08/2019 11:40,DYSINGER EAST,23326,752.28,3150,-9999
04/08/2019 11:40,MOSES SOUTH,23319,2034.51,3150,-1600
04/08/2019 11:40,SCH - HQ - NY,23324,1350,1450,-1000
04/08/2019 11:40,SCH - HQ_CEDARS,325274,160,160,0
04/08/2019 11:40,SCH - HQ_IMPORT_EXPORT,325376,1195,1310,-9999
04/08/2019 11:40,SCH - NE - NY,23318,177.46,600,-800
04/08/2019 11:40,SCH - NPX_1385,325277,99,100,-100
04/08/2019 11:40,SCH - NPX_CSC,325154,330,330,-330
04/08/2019 11:40,SCH - OH - NY,23317,758.43,1300,-1750
04/08/2019 11:40,SCH - PJ - NY,23316,411.23,2000,-1300
04/08/2019 11:40,SCH - PJM_HTP,325905,0,660,-660
04/08/2019 11:40,SCH - PJM_NEPTUNE,325305,0,0,0
04/08/2019 11:40,SCH - PJM_VFT,325658,0,0,0
04/08/2019 11:40,SPR/DUN-SOUTH,23320,3047.89,4600,-9999
04/08/2019 11:40,TOTAL EAST,23314,4511.25,6800,-9999
04/08/2019 11:40,UPNY CONED,23315,3549.99,5700,-9999
04/08/2019 11:40,WEST CENTRAL,23312,263.61,9999,-9999
04/08/2019 11:45,CENTRAL EAST - VC,23330,2035.67,2335,-9999
04/08/2019 11:45,DYSINGER EAST,23326,830.02,3150,-9999
04/08/2019 11:45,MOSES SOUTH,23319,2017.6,3150,-1600
04/08/2019 11:45,SCH - HQ - NY,23324,1350,1450,-1000
04/08/2019 11:45,SCH - HQ_CEDARS,325274,160,160,0
04/08/2019 11:45,SCH - HQ_IMPORT_EXPORT,325376,1195,1310,-9999
04/08/2019 11:45,SCH - NE - NY,23318,157.09,600,-800
04/08/2019 11:45,SCH - NPX_1385,325277,99,100,-100
04/08/2019 11:45,SCH - NPX_CSC,325154,330,330,-330
04/08/2019 11:45,SCH - OH - NY,23317,758.46,1300,-1750
04/08/2019 11:45,SCH - PJ - NY,23316,280.57,2000,-1300
04/08/2019 11:45,SCH - PJM_HTP,325905,0,660,-660
04/08/2019 11:45,SCH - PJM_NEPTUNE,325305,0,0,0
04/08/2019 11:45,SCH - PJM_VFT,325658,0,0,0
04/08/2019 11:45,SPR/DUN-SOUTH,23320,3074.21,4600,-9999
04/08/2019 11:45,TOTAL EAST,23314,4466.97,6800,-9999
04/08/2019 11:45,UPNY CONED,23315,3562.99,5700,-9999
04/08/2019 11:45,WEST CENTRAL,23312,346.68,9999,-9999
04/08/2019 11:50,CENTRAL EAST - VC,23330,2013.76,2335,-9999
04/08/2019 11:50,DYSINGER EAST,23326,823.55,3150,-9999
04/08/2019 11:50,MOSES SOUTH,23319,1993.46,3150,-1600
04/08/2019 11:50,SCH - HQ - NY,23324,1350,1450,-1000
04/08/2019 11:50,SCH - HQ_CEDARS,325274,160,160,0
04/08/2019 11:50,SCH - HQ_IMPORT_EXPORT,325376,1195,1310,-9999
04/08/2019 11:50,SCH - NE - NY,23318,136.73,600,-800
04/08/2019 11:50,SCH - NPX_1385,325277,99,100,-100
04/08/2019 11:50,SCH - NPX_CSC,325154,330,330,-330
04/08/2019 11:50,SCH - OH - NY,23317,758.48,1300,-1750
04/08/2019 11:50,SCH - PJ - NY,23316,151.19,2000,-1300
04/08/2019 11:50,SCH - PJM_HTP,325905,0,660,-660
04/08/2019 11:50,SCH - PJM_NEPTUNE,325305,0,0,0
04/08/2019 11:50,SCH - PJM_VFT,325658,0,0,0
04/08/2019 11:50,SPR/DUN-SOUTH,23320,3020.02,4600,-9999
04/08/2019 11:50,TOTAL EAST,23314,4409.04,6800,-9999
04/08/2019 11:50,UPNY CONED,23315,3508.02,5700,-9999
04/08/2019 11:50,WEST CENTRAL,23312,347.64,9999,-9999
04/08/2019 11:55,CENTRAL EAST - VC,23330,2001.91,2335,-9999
04/08/2019 11:55,DYSINGER EAST,23326,811.89,3150,-9999
04/08/2019 11:55,MOSES SOUTH,23319,1987.82,3150,-1600
04/08/2019 11:55,SCH - HQ - NY,23324,1350,1450,-1000
04/08/2019 11:55,SCH - HQ_CEDARS,325274,160,160,0
04/08/2019 11:55,SCH - HQ_IMPORT_EXPORT,325376,1195,1310,-9999
04/08/2019 11:55,SCH - NE - NY,23318,136.73,600,-800
04/08/2019 11:55,SCH - NPX_1385,325277,99,100,-100
04/08/2019 11:55,SCH - NPX_CSC,325154,330,330,-330
04/08/2019 11:55,SCH - OH - NY,23317,758.48,1300,-1750
04/08/2019 11:55,SCH - PJ - NY,23316,150.81,2000,-1300
04/08/2019 11:55,SCH - PJM_HTP,325905,0,660,-660
04/08/2019 11:55,SCH - PJM_NEPTUNE,325305,0,0,0
04/08/2019 11:55,SCH - PJM_VFT,325658,0,0,0
04/08/2019 11:55,SPR/DUN-SOUTH,23320,3026.25,4600,-9999
04/08/2019 11:55,TOTAL EAST,23314,4414.88,6800,-9999
04/08/2019 11:55,UPNY CONED,23315,3504.47,5700,-9999
04/08/2019 11:55,WEST CENTRAL,23312,343.17,9999,-9999
04/08/2019 12:00,CENTRAL EAST - VC,23330,2046.73,2335,-9999
04/08/2019 12:00,DYSINGER EAST,23326,861.3,3150,-9999
04/08/2019 12:00,MOSES SOUTH,23319,1985.82,3150,-1600
04/08/2019 12:00,SCH - HQ - NY,23324,1350,1450,-1000
04/08/2019 12:00,SCH - HQ_CEDARS,325274,160,160,0
04/08/2019 12:00,SCH - HQ_IMPORT_EXPORT,325376,1195,1310,-9999
04/08/2019 12:00,SCH - NE - NY,23318,161.14,600,-800
04/08/2019 12:00,SCH - NPX_1385,325277,87,100,-100
04/08/2019 12:00,SCH - NPX_CSC,325154,330,330,-330
04/08/2019 12:00,SCH - OH - NY,23317,794.41,1300,-1750
04/08/2019 12:00,SCH - PJ - NY,23316,230.75,2000,-1300
04/08/2019 12:00,SCH - PJM_HTP,325905,0,660,-660
04/08/2019 12:00,SCH - PJM_NEPTUNE,325305,0,0,0
04/08/2019 12:00,SCH - PJM_VFT,325658,0,0,0
04/08/2019 12:00,SPR/DUN-SOUTH,23320,3172,4600,-9999
04/08/2019 12:00,TOTAL EAST,23314,4496.87,6800,-9999
04/08/2019 12:00,UPNY CONED,23315,3682.5,5700,-9999
04/08/2019 12:00,WEST CENTRAL,23312,401.88,9999,-9999
04/08/2019 12:05,CENTRAL EAST - VC,23330,2017.76,2335,-9999
04/08/2019 12:05,DYSINGER EAST,23326,733.44,3150,-9999
04/08/2019 12:05,MOSES SOUTH,23319,1990.9,3150,-1600
04/08/2019 12:05,SCH - HQ - NY,23324,1350,1450,-1000
04/08/2019 12:05,SCH - HQ_CEDARS,325274,160,160,0
04/08/2019 12:05,SCH - HQ_IMPORT_EXPORT,325376,1195,1310,-9999
04/08/2019 12:05,SCH - NE - NY,23318,186.66,600,-800
04/08/2019 12:05,SCH - NPX_1385,325277,74,100,-100
04/08/2019 12:05,SCH - NPX_CSC,325154,330,330,-330
04/08/2019 12:05,SCH - OH - NY,23317,831.29,1300,-1750
04/08/2019 12:05,SCH - PJ - NY,23316,317.77,2000,-1300
04/08/2019 12:05,SCH - PJM_HTP,325905,0,660,-660
04/08/2019 12:05,SCH - PJM_NEPTUNE,325305,0,0,0
04/08/2019 12:05,SCH - PJM_VFT,325658,0,0,0
04/08/2019 12:05,SPR/DUN-SOUTH,23320,3184.71,4600,-9999
04/08/2019 12:05,TOTAL EAST,23314,4509.38,6800,-9999
04/08/2019 12:05,UPNY CONED,23315,3711.75,5700,-9999
04/08/2019 12:05,WEST CENTRAL,23312,281.54,9999,-9999
04/08/2019 12:10,CENTRAL EAST - VC,23330,1987.45,2335,-9999
04/08/2019 12:10,DYSINGER EAST,23326,655.73,3150,-9999
04/08/2019 12:10,MOSES SOUTH,23319,1983.1,3150,-1600
04/08/2019 12:10,SCH - HQ - NY,23324,1350,1450,-1000
04/08/2019 12:10,SCH - HQ_CEDARS,325274,160,160,0
04/08/2019 12:10,SCH - HQ_IMPORT_EXPORT,325376,1195,1310,-9999
04/08/2019 12:10,SCH - NE - NY,23318,186.74,600,-800
04/08/2019 12:10,SCH - NPX_1385,325277,74,100,-100
04/08/2019 12:10,SCH - NPX_CSC,325154,330,330,-330
04/08/2019 12:10,SCH - OH - NY,23317,831.27,1300,-1750
04/08/2019 12:10,SCH - PJ - NY,23316,315.85,2000,-1300
04/08/2019 12:10,SCH - PJM_HTP,325905,0,660,-660
04/08/2019 12:10,SCH - PJM_NEPTUNE,325305,0,0,0
04/08/2019 12:10,SCH - PJM_VFT,325658,0,0,0
04/08/2019 12:10,SPR/DUN-SOUTH,23320,3132.58,4600,-9999
04/08/2019 12:10,TOTAL EAST,23314,4514.78,6800,-9999
04/08/2019 12:10,UPNY CONED,23315,3661.34,5700,-9999
04/08/2019 12:10,WEST CENTRAL,23312,208.61,9999,-9999
04/08/2019 12:15,CENTRAL EAST - VC,23330,2003.13,2335,-9999
04/08/2019 12:15,DYSINGER EAST,23326,682.74,3150,-9999
04/08/2019 12:15,MOSES SOUTH,23319,1979.77,3150,-1600
04/08/2019 12:15,SCH - HQ - NY,23324,1350,1450,-1000
04/08/2019 12:15,SCH - HQ_CEDARS,325274,160,160,0
04/08/2019 12:15,SCH - HQ_IMPORT_EXPORT,325376,1195,1310,-9999
04/08/2019 12:15,SCH - NE - NY,23318,182.48,600,-800
04/08/2019 12:15,SCH - NPX_1385,325277,74,100,-100
04/08/2019 12:15,SCH - NPX_CSC,325154,330,330,-330
04/08/2019 12:15,SCH - OH - NY,23317,831.25,1300,-1750
04/08/2019 12:15,SCH - PJ - NY,23316,291.69,2000,-1300
04/08/2019 12:15,SCH - PJM_HTP,325905,0,660,-660
04/08/2019 12:15,SCH - PJM_NEPTUNE,325305,0,0,0
04/08/2019 12:15,SCH - PJM_VFT,325658,0,0,0
04/08/2019 12:15,SPR/DUN-SOUTH,23320,3148.69,4600,-9999
04/08/2019 12:15,TOTAL EAST,23314,4501.55,6800,-9999
04/08/2019 12:15,UPNY CONED,23315,3676.92,5700,-9999
04/08/2019 12:15,WEST CENTRAL,23312,237.67,9999,-9999
04/08/2019 12:20,CENTRAL EAST - VC,23330,2017.43,2335,-9999
04/08/2019 12:20,DYSINGER EAST,23326,707.85,3150,-9999
04/08/2019 12:20,MOSES SOUTH,23319,1987.95,3150,-1600
04/08/2019 12:20,SCH - HQ - NY,23324,1350,1450,-1000
04/08/2019 12:20,SCH - HQ_CEDARS,325274,160,160,0
04/08/2019 12:20,SCH - HQ_IMPORT_EXPORT,325376,1195,1310,-9999
04/08/2019 12:20,SCH - NE - NY,23318,179.42,600,-800
04/08/2019 12:20,SCH - NPX_1385,325277,74,100,-100
04/08/2019 12:20,SCH - NPX_CSC,325154,330,330,-330
04/08/2019 12:20,SCH - OH - NY,23317,831.24,1300,-1750
04/08/2019 12:20,SCH - PJ - NY,23316,267.89,2000,-1300
04/08/2019 12:20,SCH - PJM_HTP,325905,0,660,-660
04/08/2019 12:20,SCH - PJM_NEPTUNE,325305,0,0,0
04/08/2019 12:20,SCH - PJM_VFT,325658,0,0,0
04/08/2019 12:20,SPR/DUN-SOUTH,23320,3137.44,4600,-9999
04/08/2019 12:20,TOTAL EAST,23314,4497.26,6800,-9999
04/08/2019 12:20,UPNY CONED,23315,3688.4,5700,-9999
04/08/2019 12:20,WEST CENTRAL,23312,261.48,9999,-9999
04/08/2019 12:25,CENTRAL EAST - VC,23330,2011.02,2335,-9999
04/08/2019 12:25,DYSINGER EAST,23326,709.47,3150,-9999
04/08/2019 12:25,MOSES SOUTH,23319,1995.17,3150,-1600
04/08/2019 12:25,SCH - HQ - NY,23324,1350,1450,-1000
04/08/2019 12:25,SCH - HQ_CEDARS,325274,160,160,0
04/08/2019 12:25,SCH - HQ_IMPORT_EXPORT,325376,1195,1310,-9999
04/08/2019 12:25,SCH - NE - NY,23318,179.51,600,-800
04/08/2019 12:25,SCH - NPX_1385,325277,74,100,-100
04/08/2019 12:25,SCH - NPX_CSC,325154,330,330,-330
04/08/2019 12:25,SCH - OH - NY,23317,831.29,1300,-1750
04/08/2019 12:25,SCH - PJ - NY,23316,265.46,2000,-1300
04/08/2019 12:25,SCH - PJM_HTP,325905,0,660,-660
04/08/2019 12:25,SCH - PJM_NEPTUNE,325305,0,0,0
04/08/2019 12:25,SCH - PJM_VFT,325658,0,0,0
04/08/2019 12:25,SPR/DUN-SOUTH,23320,3196.98,4600,-9999
04/08/2019 12:25,TOTAL EAST,23314,4471.34,6800,-9999
04/08/2019 12:25,UPNY CONED,23315,3754.3,5700,-9999
04/08/2019 12:25,WEST CENTRAL,23312,265.14,9999,-9999
04/08/2019 12:30,CENTRAL EAST - VC,23330,2085.59,2335,-9999
04/08/2019 12:30,DYSINGER EAST,23326,794.82,3150,-9999
04/08/2019 12:30,MOSES SOUTH,23319,1990.73,3150,-1600
04/08/2019 12:30,SCH - HQ - NY,23324,1350,1450,-1000
04/08/2019 12:30,SCH - HQ_CEDARS,325274,160,160,0
04/08/2019 12:30,SCH - HQ_IMPORT_EXPORT,325376,1195,1310,-9999
04/08/2019 12:30,SCH - NE - NY,23318,62.89,600,-800
04/08/2019 12:30,SCH - NPX_1385,325277,74,100,-100
04/08/2019 12:30,SCH - NPX_CSC,325154,330,330,-330
04/08/2019 12:30,SCH - OH - NY,23317,831.34,1300,-1750
04/08/2019 12:30,SCH - PJ - NY,23316,416.56,2000,-1300
04/08/2019 12:30,SCH - PJM_HTP,325905,0,660,-660
04/08/2019 12:30,SCH - PJM_NEPTUNE,325305,0,0,0
04/08/2019 12:30,SCH - PJM_VFT,325658,0,0,0
04/08/2019 12:30,SPR/DUN-SOUTH,23320,3230.03,4600,-9999
04/08/2019 12:30,TOTAL EAST,23314,4619.89,6800,-9999
04/08/2019 12:30,UPNY CONED,23315,3798.41,5700,-9999
04/08/2019 12:30,WEST CENTRAL,23312,352.5,9999,-9999
04/08/2019 12:35,CENTRAL EAST - VC,23330,2146.68,2360,-9999
04/08/2019 12:35,DYSINGER EAST,23326,836.17,3150,-9999
04/08/2019 12:35,MOSES SOUTH,23319,1992.05,3150,-1600
04/08/2019 12:35,SCH - HQ - NY,23324,1350,1450,-1000
04/08/2019 12:35,SCH - HQ_CEDARS,325274,160,160,0
04/08/2019 12:35,SCH - HQ_IMPORT_EXPORT,325376,1195,1310,-9999
04/08/2019 12:35,SCH - NE - NY,23318,-53.94,600,-800
04/08/2019 12:35,SCH - NPX_1385,325277,74,100,-100
04/08/2019 12:35,SCH - NPX_CSC,325154,330,330,-330
04/08/2019 12:35,SCH - OH - NY,23317,831.32,1300,-1750
04/08/2019 12:35,SCH - PJ - NY,23316,569.68,2000,-1300
04/08/2019 12:35,SCH - PJM_HTP,325905,0,660,-660
04/08/2019 12:35,SCH - PJM_NEPTUNE,325305,0,0,0
04/08/2019 12:35,SCH - PJM_VFT,325658,0,0,0
04/08/2019 12:35,SPR/DUN-SOUTH,23320,3281.54,4600,-9999
04/08/2019 12:35,TOTAL EAST,23314,4775.53,6800,-9999
04/08/2019 12:35,UPNY CONED,23315,3859.88,5700,-9999
04/08/2019 12:35,WEST CENTRAL,23312,391.29,9999,-9999
04/08/2019 12:40,CENTRAL EAST - VC,23330,2218.89,2360,-9999
04/08/2019 12:40,DYSINGER EAST,23326,904.68,3150,-9999
04/08/2019 12:40,MOSES SOUTH,23319,2006.24,3150,-1600
04/08/2019 12:40,SCH - HQ - NY,23324,1350,1450,-1000
04/08/2019 12:40,SCH - HQ_CEDARS,325274,160,160,0
04/08/2019 12:40,SCH - HQ_IMPORT_EXPORT,325376,1195,1310,-9999
04/08/2019 12:40,SCH - NE - NY,23318,-53.85,600,-800
04/08/2019 12:40,SCH - NPX_1385,325277,74,100,-100
04/08/2019 12:40,SCH - NPX_CSC,325154,330,330,-330
04/08/2019 12:40,SCH - OH - NY,23317,831.36,1300,-1750
04/08/2019 12:40,SCH - PJ - NY,23316,571.33,2000,-1300
04/08/2019 12:40,SCH - PJM_HTP,325905,0,660,-660
04/08/2019 12:40,SCH - PJM_NEPTUNE,325305,0,0,0
04/08/2019 12:40,SCH - PJM_VFT,325658,0,0,0
04/08/2019 12:40,SPR/DUN-SOUTH,23320,3321.45,4600,-9999
04/08/2019 12:40,TOTAL EAST,23314,4799.37,6800,-9999
04/08/2019 12:40,UPNY CONED,23315,3900.84,5700,-9999
04/08/2019 12:40,WEST CENTRAL,23312,456.22,9999,-9999
04/08/2019 12:45,CENTRAL EAST - VC,23330,2243.5,2410,-9999
04/08/2019 12:45,DYSINGER EAST,23326,908.29,3150,-9999
04/08/2019 12:45,MOSES SOUTH,23319,2041.64,3150,-1600
04/08/2019 12:45,SCH - HQ - NY,23324,1350,1450,-1000
04/08/2019 12:45,SCH - HQ_CEDARS,325274,160,160,0
04/08/2019 12:45,SCH - HQ_IMPORT_EXPORT,325376,1195,1310,-9999
04/08/2019 12:45,SCH - NE - NY,23318,-58.91,600,-800
04/08/2019 12:45,SCH - NPX_1385,325277,74,100,-100
04/08/2019 12:45,SCH - NPX_CSC,325154,330,330,-330
04/08/2019 12:45,SCH - OH - NY,23317,831.43,1300,-1750
04/08/2019 12:45,SCH - PJ - NY,23316,422.31,2000,-1300
04/08/2019 12:45,SCH - PJM_HTP,325905,0,660,-660
04/08/2019 12:45,SCH - PJM_NEPTUNE,325305,0,0,0
04/08/2019 12:45,SCH - PJM_VFT,325658,0,0,0
04/08/2019 12:45,SPR/DUN-SOUTH,23320,3236,4600,-9999
04/08/2019 12:45,TOTAL EAST,23314,4673.34,6800,-9999
04/08/2019 12:45,UPNY CONED,23315,3803.67,5700,-9999
04/08/2019 12:45,WEST CENTRAL,23312,460.2,9999,-9999
04/08/2019 12:50,CENTRAL EAST - VC,23330,2180.7,2410,-9999
04/08/2019 12:50,DYSINGER EAST,23326,793.5,3150,-9999
04/08/2019 12:50,MOSES SOUTH,23319,2060.78,3150,-1600
04/08/2019 12:50,SCH - HQ - NY,23324,1350,1450,-1000
04/08/2019 12:50,SCH - HQ_CEDARS,325274,160,160,0
04/08/2019 12:50,SCH - HQ_IMPORT_EXPORT,325376,1195,1310,-9999
04/08/2019 12:50,SCH - NE - NY,23318,-63.79,600,-800
04/08/2019 12:50,SCH - NPX_1385,325277,74,100,-100
04/08/2019 12:50,SCH - NPX_CSC,325154,330,330,-330
04/08/2019 12:50,SCH - OH - NY,23317,831.5,1300,-1750
04/08/2019 12:50,SCH - PJ - NY,23316,278.41,2000,-1300
04/08/2019 12:50,SCH - PJM_HTP,325905,0,660,-660
04/08/2019 12:50,SCH - PJM_NEPTUNE,325305,0,0,0
04/08/2019 12:50,SCH - PJM_VFT,325658,0,0,0
04/08/2019 12:50,SPR/DUN-SOUTH,23320,3205.38,4600,-9999
04/08/2019 12:50,TOTAL EAST,23314,4570.8,6800,-9999
04/08/2019 12:50,UPNY CONED,23315,3755.33,5700,-9999
04/08/2019 12:50,WEST CENTRAL,23312,353.72,9999,-9999
04/08/2019 12:55,CENTRAL EAST - VC,23330,2230.31,2410,-9999
04/08/2019 12:55,DYSINGER EAST,23326,859.46,3150,-9999
04/08/2019 12:55,MOSES SOUTH,23319,2089.81,3150,-1600
04/08/2019 12:55,SCH - HQ - NY,23324,1350,1450,-1000
04/08/2019 12:55,SCH - HQ_CEDARS,325274,160,160,0
04/08/2019 12:55,SCH - HQ_IMPORT_EXPORT,325376,1195,1310,-9999
04/08/2019 12:55,SCH - NE - NY,23318,-64.03,600,-800
04/08/2019 12:55,SCH - NPX_1385,325277,74,100,-100
04/08/2019 12:55,SCH - NPX_CSC,325154,330,330,-330
04/08/2019 12:55,SCH - OH - NY,23317,831.49,1300,-1750
04/08/2019 12:55,SCH - PJ - NY,23316,280.92,2000,-1300
04/08/2019 12:55,SCH - PJM_HTP,325905,0,660,-660
04/08/2019 12:55,SCH - PJM_NEPTUNE,325305,0,0,0
04/08/2019 12:55,SCH - PJM_VFT,325658,0,0,0
04/08/2019 12:55,SPR/DUN-SOUTH,23320,3273.22,4600,-9999
04/08/2019 12:55,TOTAL EAST,23314,4600.46,6800,-9999
04/08/2019 12:55,UPNY CONED,23315,3833.51,5700,-9999
04/08/2019 12:55,WEST CENTRAL,23312,419.65,9999,-9999
04/08/2019 13:00,CENTRAL EAST - VC,23330,2204.93,2410,-9999
04/08/2019 13:00,DYSINGER EAST,23326,844.92,3150,-9999
04/08/2019 13:00,MOSES SOUTH,23319,2013.99,3150,-1600
04/08/2019 13:00,SCH - HQ - NY,23324,1319,1450,-1000
04/08/2019 13:00,SCH - HQ_CEDARS,325274,91,160,0
04/08/2019 13:00,SCH - HQ_IMPORT_EXPORT,325376,1164,1310,-9999
04/08/2019 13:00,SCH - NE - NY,23318,-112.71,600,-800
04/08/2019 13:00,SCH - NPX_1385,325277,54,100,-100
04/08/2019 13:00,SCH - NPX_CSC,325154,330,330,-330
04/08/2019 13:00,SCH - OH - NY,23317,820.46,1300,-1750
04/08/2019 13:00,SCH - PJ - NY,23316,250.31,2000,-1300
04/08/2019 13:00,SCH - PJM_HTP,325905,50,660,-660
04/08/2019 13:00,SCH - PJM_NEPTUNE,325305,0,0,0
04/08/2019 13:00,SCH - PJM_VFT,325658,0,0,0
04/08/2019 13:00,SPR/DUN-SOUTH,23320,3152.09,4600,-9999
04/08/2019 13:00,TOTAL EAST,23314,4493.72,6800,-9999
04/08/2019 13:00,UPNY CONED,23315,3728.65,5700,-9999
04/08/2019 13:00,WEST CENTRAL,23312,402.85,9999,-9999
04/08/2019 13:05,CENTRAL EAST - VC,23330,2217.43,2410,-9999
04/08/2019 13:05,DYSINGER EAST,23326,916.6,3150,-9999
04/08/2019 13:05,MOSES SOUTH,23319,1927.6,3150,-1600
04/08/2019 13:05,SCH - HQ - NY,23324,1288,1450,-1000
04/08/2019 13:05,SCH - HQ_CEDARS,325274,22,160,0
04/08/2019 13:05,SCH - HQ_IMPORT_EXPORT,325376,1133,1310,-9999
04/08/2019 13:05,SCH - NE - NY,23318,-161.48,600,-800
04/08/2019 13:05,SCH - NPX_1385,325277,35,100,-100
04/08/2019 13:05,SCH - NPX_CSC,325154,330,330,-330
04/08/2019 13:05,SCH - OH - NY,23317,809.45,1300,-1750
04/08/2019 13:05,SCH - PJ - NY,23316,222.13,2000,-1300
04/08/2019 13:05,SCH - PJM_HTP,325905,100,660,-660
04/08/2019 13:05,SCH - PJM_NEPTUNE,325305,0,0,0
04/08/2019 13:05,SCH - PJM_VFT,325658,0,0,0
04/08/2019 13:05,SPR/DUN-SOUTH,23320,3093.8,4600,-9999
04/08/2019 13:05,TOTAL EAST,23314,4496.45,6800,-9999
04/08/2019 13:05,UPNY CONED,23315,3689.83,5700,-9999
04/08/2019 13:05,WEST CENTRAL,23312,473.49,9999,-9999
04/08/2019 13:10,CENTRAL EAST - VC,23330,2220.64,2410,-9999
04/08/2019 13:10,DYSINGER EAST,23326,939.14,3150,-9999
04/08/2019 13:10,MOSES SOUTH,23319,1963.89,3150,-1600
04/08/2019 13:10,SCH - HQ - NY,23324,1288,1450,-1000
04/08/2019 13:10,SCH - HQ_CEDARS,325274,23,160,0
04/08/2019 13:10,SCH - HQ_IMPORT_EXPORT,325376,1133,1310,-9999
04/08/2019 13:10,SCH - NE - NY,23318,-161.57,600,-800
04/08/2019 13:10,SCH - NPX_1385,325277,35,100,-100
04/08/2019 13:10,SCH - NPX_CSC,325154,330,330,-330
04/08/2019 13:10,SCH - OH - NY,23317,809.52,1300,-1750
04/08/2019 13:10,SCH - PJ - NY,23316,218.34,2000,-1300
04/08/2019 13:10,SCH - PJM_HTP,325905,100,660,-660
04/08/2019 13:10,SCH - PJM_NEPTUNE,325305,0,0,0
04/08/2019 13:10,SCH - PJM_VFT,325658,0,0,0
04/08/2019 13:10,SPR/DUN-SOUTH,23320,3091.09,4600,-9999
04/08/2019 13:10,TOTAL EAST,23314,4500.39,6800,-9999
04/08/2019 13:10,UPNY CONED,23315,3694.18,5700,-9999
04/08/2019 13:10,WEST CENTRAL,23312,497.32,9999,-9999
04/08/2019 13:15,CENTRAL EAST - VC,23330,2241.81,2410,-9999
04/08/2019 13:15,DYSINGER EAST,23326,964.87,3150,-9999
04/08/2019 13:15,MOSES SOUTH,23319,2000.77,3150,-1600
04/08/2019 13:15,SCH - HQ - NY,23324,1288,1450,-1000
04/08/2019 13:15,SCH - HQ_CEDARS,325274,23,160,0
04/08/2019 13:15,SCH - HQ_IMPORT_EXPORT,325376,1133,1310,-9999
04/08/2019 13:15,SCH - NE - NY,23318,-140.37,600,-800
04/08/2019 13:15,SCH - NPX_1385,325277,35,100,-100
04/08/2019 13:15,SCH - NPX_CSC,325154,330,330,-330
04/08/2019 13:15,SCH - OH - NY,23317,809.44,1300,-1750
04/08/2019 13:15,SCH - PJ - NY,23316,181.57,2000,-1300
04/08/2019 13:15,SCH - PJM_HTP,325905,71,660,-660
04/08/2019 13:15,SCH - PJM_NEPTUNE,325305,0,0,0
04/08/2019 13:15,SCH - PJM_VFT,325658,0,0,0
04/08/2019 13:15,SPR/DUN-SOUTH,23320,3137.63,4600,-9999
04/08/2019 13:15,TOTAL EAST,23314,4501.79,6800,-9999
04/08/2019 13:15,UPNY CONED,23315,3729.9,5700,-9999
04/08/2019 13:15,WEST CENTRAL,23312,522.23,9999,-9999
04/08/2019 13:20,CENTRAL EAST - VC,23330,2154.05,2410,-9999
04/08/2019 13:20,DYSINGER EAST,23326,911.27,3150,-9999
04/08/2019 13:20,MOSES SOUTH,23319,1920.09,3150,-1600
04/08/2019 13:20,SCH - HQ - NY,23324,1288,1450,-1000
04/08/2019 13:20,SCH - HQ_CEDARS,325274,23,160,0
04/08/2019 13:20,SCH - HQ_IMPORT_EXPORT,325376,1133,1310,-9999
04/08/2019 13:20,SCH - NE - NY,23318,-120.22,600,-800
04/08/2019 13:20,SCH - NPX_1385,325277,35,100,-100
04/08/2019 13:20,SCH - NPX_CSC,325154,330,330,-330
04/08/2019 13:20,SCH - OH - NY,23317,809.44,1300,-1750
04/08/2019 13:20,SCH - PJ - NY,23316,140.98,2000,-1300
04/08/2019 13:20,SCH - PJM_HTP,325905,0,660,-660
04/08/2019 13:20,SCH - PJM_NEPTUNE,325305,0,0,0
04/08/2019 13:20,SCH - PJM_VFT,325658,0,0,0
04/08/2019 13:20,SPR/DUN-SOUTH,23320,3097.25,4600,-9999
04/08/2019 13:20,TOTAL EAST,23314,4471.54,6800,-9999
04/08/2019 13:20,UPNY CONED,23315,3669.67,5700,-9999
04/08/2019 13:20,WEST CENTRAL,23312,470.88,9999,-9999
04/08/2019 13:25,CENTRAL EAST - VC,23330,2129.01,2385,-9999
04/08/2019 13:25,DYSINGER EAST,23326,834.22,3150,-9999
04/08/2019 13:25,MOSES SOUTH,23319,1906.48,3150,-1600
04/08/2019 13:25,SCH - HQ - NY,23324,1288,1450,-1000
04/08/2019 13:25,SCH - HQ_CEDARS,325274,23,160,0
04/08/2019 13:25,SCH - HQ_IMPORT_EXPORT,325376,1133,1310,-9999
04/08/2019 13:25,SCH - NE - NY,23318,-120.18,600,-800
04/08/2019 13:25,SCH - NPX_1385,325277,35,100,-100
04/08/2019 13:25,SCH - NPX_CSC,325154,330,330,-330
04/08/2019 13:25,SCH - OH - NY,23317,809.41,1300,-1750
04/08/2019 13:25,SCH - PJ - NY,23316,140.13,2000,-1300
04/08/2019 13:25,SCH - PJM_HTP,325905,0,660,-660
04/08/2019 13:25,SCH - PJM_NEPTUNE,325305,0,0,0
04/08/2019 13:25,SCH - PJM_VFT,325658,0,0,0
04/08/2019 13:25,SPR/DUN-SOUTH,23320,3081.03,4600,-9999
04/08/2019 13:25,TOTAL EAST,23314,4506.73,6800,-9999
04/08/2019 13:25,UPNY CONED,23315,3650.21,5700,-9999
04/08/2019 13:25,WEST CENTRAL,23312,396.82,9999,-9999
04/08/2019 13:30,CENTRAL EAST - VC,23330,2130.59,2385,-9999
04/08/2019 13:30,DYSINGER EAST,23326,802.34,3150,-9999
04/08/2019 13:30,MOSES SOUTH,23319,1904.45,3150,-1600
04/08/2019 13:30,SCH - HQ - NY,23324,1288,1450,-1000
04/08/2019 13:30,SCH - HQ_CEDARS,325274,23,160,0
04/08/2019 13:30,SCH - HQ_IMPORT_EXPORT,325376,1133,1310,-9999
04/08/2019 13:30,SCH - NE - NY,23318,-166,600,-800
04/08/2019 13:30,SCH - NPX_1385,325277,35,100,-100
04/08/2019 13:30,SCH - NPX_CSC,325154,330,330,-330
04/08/2019 13:30,SCH - OH - NY,23317,809.39,1300,-1750
04/08/2019 13:30,SCH - PJ - NY,23316,114.65,2000,-1300
04/08/2019 13:30,SCH - PJM_HTP,325905,35,660,-660
04/08/2019 13:30,SCH - PJM_NEPTUNE,325305,0,0,0
04/08/2019 13:30,SCH - PJM_VFT,325658,0,0,0
04/08/2019 13:30,SPR/DUN-SOUTH,23320,3042.87,4600,-9999
04/08/2019 13:30,TOTAL EAST,23314,4497.64,6800,-9999
04/08/2019 13:30,UPNY CONED,23315,3602.34,5700,-9999
04/08/2019 13:30,WEST CENTRAL,23312,367.38,9999,-9999
04/08/2019 13:37,CENTRAL EAST - VC,23330,2158.5,2385,-9999
04/08/2019 13:37,DYSINGER EAST,23326,919.68,3150,-9999
04/08/2019 13:37,MOSES SOUTH,23319,1890.11,3150,-1600
04/08/2019 13:37,SCH - HQ - NY,23324,1288,1450,-1000
04/08/2019 13:37,SCH - HQ_CEDARS,325274,23,160,0
04/08/2019 13:37,SCH - HQ_IMPORT_EXPORT,325376,1133,1310,-9999
04/08/2019 13:37,SCH - NE - NY,23318,-211.81,600,-800
04/08/2019 13:37,SCH - NPX_1385,325277,35,100,-100
04/08/2019 13:37,SCH - NPX_CSC,325154,330,330,-330
04/08/2019 13:37,SCH - OH - NY,23317,809.39,1300,-1750
04/08/2019 13:37,SCH - PJ - NY,23316,83.67,2000,-1300
04/08/2019 13:37,SCH - PJM_HTP,325905,71,660,-660
04/08/2019 13:37,SCH - PJM_NEPTUNE,325305,0,0,0
04/08/2019 13:37,SCH - PJM_VFT,325658,0,0,0
04/08/2019 13:37,SPR/DUN-SOUTH,23320,2987.2,4600,-9999
04/08/2019 13:37,TOTAL EAST,23314,4467.57,6800,-9999
04/08/2019 13:37,UPNY CONED,23315,3511.01,5700,-9999
04/08/2019 13:37,WEST CENTRAL,23312,478.95,9999,-9999
04/08/2019 13:43,CENTRAL EAST - VC,23330,2178.2,2385,-9999
04/08/2019 13:43,DYSINGER EAST,23326,871.53,3150,-9999
04/08/2019 13:43,MOSES SOUTH,23319,1883.07,3150,-1600
04/08/2019 13:43,SCH - HQ - NY,23324,1288,1450,-1000
04/08/2019 13:43,SCH - HQ_CEDARS,325274,23,160,0
04/08/2019 13:43,SCH - HQ_IMPORT_EXPORT,325376,1133,1310,-9999
04/08/2019 13:43,SCH - NE - NY,23318,-293.98,600,-800
04/08/2019 13:43,SCH - NPX_1385,325277,35,100,-100
04/08/2019 13:43,SCH - NPX_CSC,325154,330,330,-330
04/08/2019 13:43,SCH - OH - NY,23317,809.35,1300,-1750
04/08/2019 13:43,SCH - PJ - NY,23316,131.41,2000,-1300
04/08/2019 13:43,SCH - PJM_HTP,325905,79,660,-660
04/08/2019 13:43,SCH - PJM_NEPTUNE,325305,0,0,0
04/08/2019 13:43,SCH - PJM_VFT,325658,0,0,0
04/08/2019 13:43,SPR/DUN-SOUTH,23320,2996.2,4600,-9999
04/08/2019 13:43,TOTAL EAST,23314,4385.66,6800,-9999
04/08/2019 13:43,UPNY CONED,23315,3475.77,5700,-9999
04/08/2019 13:43,WEST CENTRAL,23312,430.96,9999,-9999
04/08/2019 13:55,CENTRAL EAST - VC,23330,2252.02,2385,-9999
04/08/2019 13:55,DYSINGER EAST,23326,929.34,3150,-9999
04/08/2019 13:55,MOSES SOUTH,23319,1865.73,3150,-1600
04/08/2019 13:55,SCH - HQ - NY,23324,1288,1450,-1000
04/08/2019 13:55,SCH - HQ_CEDARS,325274,23,160,0
04/08/2019 13:55,SCH - HQ_IMPORT_EXPORT,325376,1133,1310,-9999
04/08/2019 13:55,SCH - NE - NY,23318,-480.03,600,-800
04/08/2019 13:55,SCH - NPX_1385,325277,35,100,-100
04/08/2019 13:55,SCH - NPX_CSC,325154,330,330,-330
04/08/2019 13:55,SCH - OH - NY,23317,809.36,1300,-1750
04/08/2019 13:55,SCH - PJ - NY,23316,232.71,2000,-1300
04/08/2019 13:55,SCH - PJM_HTP,325905,100,660,-660
04/08/2019 13:55,SCH - PJM_NEPTUNE,325305,0,0,0
04/08/2019 13:55,SCH - PJM_VFT,325658,0,0,0
04/08/2019 13:55,SPR/DUN-SOUTH,23320,3082.26,4600,-9999
04/08/2019 13:55,TOTAL EAST,23314,4511.99,6800,-9999
04/08/2019 13:55,UPNY CONED,23315,3597.23,5700,-9999
04/08/2019 13:55,WEST CENTRAL,23312,485.7,9999,-9999
04/08/2019 14:00,CENTRAL EAST - VC,23330,2137.03,2385,-9999
04/08/2019 14:00,DYSINGER EAST,23326,907.57,3150,-9999
04/08/2019 14:00,MOSES SOUTH,23319,1625.63,3150,-1600
04/08/2019 14:00,SCH - HQ - NY,23324,1072,1450,-1000
04/08/2019 14:00,SCH - HQ_CEDARS,325274,11,160,0
04/08/2019 14:00,SCH - HQ_IMPORT_EXPORT,325376,917,1310,-9999
04/08/2019 14:00,SCH - NE - NY,23318,-375.2,600,-800
04/08/2019 14:00,SCH - NPX_1385,325277,67,100,-100
04/08/2019 14:00,SCH - NPX_CSC,325154,330,330,-330
04/08/2019 14:00,SCH - OH - NY,23317,794.38,1300,-1750
04/08/2019 14:00,SCH - PJ - NY,23316,197.05,2000,-1300
04/08/2019 14:00,SCH - PJM_HTP,325905,100,660,-660
04/08/2019 14:00,SCH - PJM_NEPTUNE,325305,0,0,0
04/08/2019 14:00,SCH - PJM_VFT,325658,0,0,0
04/08/2019 14:00,SPR/DUN-SOUTH,23320,2875.58,4600,-9999
04/08/2019 14:00,TOTAL EAST,23314,4222.95,6800,-9999
04/08/2019 14:00,UPNY CONED,23315,3309.04,5700,-9999
04/08/2019 14:00,WEST CENTRAL,23312,464.3,9999,-9999
04/08/2019 14:05,CENTRAL EAST - VC,23330,2019.75,2385,-9999
04/08/2019 14:05,DYSINGER EAST,23326,908.91,3150,-9999
04/08/2019 14:05,MOSES SOUTH,23319,1401.52,3150,-1600
04/08/2019 14:05,SCH - HQ - NY,23324,857,1450,-1000
04/08/2019 14:05,SCH - HQ_CEDARS,325274,0,160,0
04/08/2019 14:05,SCH - HQ_IMPORT_EXPORT,325376,702,1310,-9999
04/08/2019 14:05,SCH - NE - NY,23318,-265.44,600,-800
04/08/2019 14:05,SCH - NPX_1385,325277,99,100,-100
04/08/2019 14:05,SCH - NPX_CSC,325154,330,330,-330
04/08/2019 14:05,SCH - OH - NY,23317,779.39,1300,-1750
04/08/2019 14:05,SCH - PJ - NY,23316,155.03,2000,-1300
04/08/2019 14:05,SCH - PJM_HTP,325905,100,660,-660
04/08/2019 14:05,SCH - PJM_NEPTUNE,325305,0,0,0
04/08/2019 14:05,SCH - PJM_VFT,325658,0,0,0
04/08/2019 14:05,SPR/DUN-SOUTH,23320,2784.16,4600,-9999
04/08/2019 14:05,TOTAL EAST,23314,3983.82,6800,-9999
04/08/2019 14:05,UPNY CONED,23315,3170.22,5700,-9999
04/08/2019 14:05,WEST CENTRAL,23312,467.58,9999,-9999
04/08/2019 14:10,CENTRAL EAST - VC,23330,1973.87,2385,-9999
04/08/2019 14:10,DYSINGER EAST,23326,840.12,3150,-9999
04/08/2019 14:10,MOSES SOUTH,23319,1434.08,3150,-1600
04/08/2019 14:10,SCH - HQ - NY,23324,857,1450,-1000
04/08/2019 14:10,SCH - HQ_CEDARS,325274,0,160,0
04/08/2019 14:10,SCH - HQ_IMPORT_EXPORT,325376,702,1310,-9999
04/08/2019 14:10,SCH - NE - NY,23318,-265.59,600,-800
04/08/2019 14:10,SCH - NPX_1385,325277,99,100,-100
04/08/2019 14:10,SCH - NPX_CSC,325154,330,330,-330
04/08/2019 14:10,SCH - OH - NY,23317,779.37,1300,-1750
04/08/2019 14:10,SCH - PJ - NY,23316,154.01,2000,-1300
04/08/2019 14:10,SCH - PJM_HTP,325905,100,660,-660
04/08/2019 14:10,SCH - PJM_NEPTUNE,325305,0,0,0
04/08/2019 14:10,SCH - PJM_VFT,325658,0,0,0
04/08/2019 14:10,SPR/DUN-SOUTH,23320,2780.76,4600,-9999
04/08/2019 14:10,TOTAL EAST,23314,3938.46,6800,-9999
04/08/2019 14:10,UPNY CONED,23315,3178.81,5700,-9999
04/08/2019 14:10,WEST CENTRAL,23312,402.97,9999,-9999
04/08/2019 14:15,CENTRAL EAST - VC,23330,1950.35,2305,-9999
04/08/2019 14:15,DYSINGER EAST,23326,799.05,3150,-9999
04/08/2019 14:15,MOSES SOUTH,23319,1495.39,3150,-1600
04/08/2019 14:15,SCH - HQ - NY,23324,857,1450,-1000
04/08/2019 14:15,SCH - HQ_CEDARS,325274,0,160,0
04/08/2019 14:15,SCH - HQ_IMPORT_EXPORT,325376,702,1310,-9999
04/08/2019 14:15,SCH - NE - NY,23318,-241.09,600,-800
04/08/2019 14:15,SCH - NPX_1385,325277,99,100,-100
04/08/2019 14:15,SCH - NPX_CSC,325154,330,330,-330
04/08/2019 14:15,SCH - OH - NY,23317,779.26,1300,-1750
04/08/2019 14:15,SCH - PJ - NY,23316,151.25,2000,-1300
04/08/2019 14:15,SCH - PJM_HTP,325905,100,660,-660
04/08/2019 14:15,SCH - PJM_NEPTUNE,325305,0,0,0
04/08/2019 14:15,SCH - PJM_VFT,325658,0,0,0
04/08/2019 14:15,SPR/DUN-SOUTH,23320,2890.5,4600,-9999
04/08/2019 14:15,TOTAL EAST,23314,3951.51,6800,-9999
04/08/2019 14:15,UPNY CONED,23315,3354.88,5700,-9999
04/08/2019 14:15,WEST CENTRAL,23312,360.31,9999,-9999
04/08/2019 14:20,CENTRAL EAST - VC,23330,1987.44,2305,-9999
04/08/2019 14:20,DYSINGER EAST,23326,845.02,3150,-9999
04/08/2019 14:20,MOSES SOUTH,23319,1488.37,3150,-1600
04/08/2019 14:20,SCH - HQ - NY,23324,857,1450,-1000
04/08/2019 14:20,SCH - HQ_CEDARS,325274,0,160,0
04/08/2019 14:20,SCH - HQ_IMPORT_EXPORT,325376,702,1310,-9999
04/08/2019 14:20,SCH - NE - NY,23318,-217.7,600,-800
04/08/2019 14:20,SCH - NPX_1385,325277,99,100,-100
04/08/2019 14:20,SCH - NPX_CSC,325154,330,330,-330
04/08/2019 14:20,SCH - OH - NY,23317,779.28,1300,-1750
04/08/2019 14:20,SCH - PJ - NY,23316,146.93,2000,-1300
04/08/2019 14:20,SCH - PJM_HTP,325905,100,660,-660
04/08/2019 14:20,SCH - PJM_NEPTUNE,325305,0,0,0
04/08/2019 14:20,SCH - PJM_VFT,325658,0,0,0
04/08/2019 14:20,SPR/DUN-SOUTH,23320,2966.59,4600,-9999
04/08/2019 14:20,TOTAL EAST,23314,4046.09,6800,-9999
04/08/2019 14:20,UPNY CONED,23315,3467.23,5700,-9999
04/08/2019 14:20,WEST CENTRAL,23312,408.05,9999,-9999
04/08/2019 14:25,CENTRAL EAST - VC,23330,2047.14,2305,-9999
04/08/2019 14:25,DYSINGER EAST,23326,936.64,3150,-9999
04/08/2019 14:25,MOSES SOUTH,23319,1516.13,3150,-1600
04/08/2019 14:25,SCH - HQ - NY,23324,857,1450,-1000
04/08/2019 14:25,SCH - HQ_CEDARS,325274,0,160,0
04/08/2019 14:25,SCH - HQ_IMPORT_EXPORT,325376,702,1310,-9999
04/08/2019 14:25,SCH - NE - NY,23318,-217.7,600,-800
04/08/2019 14:25,SCH - NPX_1385,325277,99,100,-100
04/08/2019 14:25,SCH - NPX_CSC,325154,330,330,-330
04/08/2019 14:25,SCH - OH - NY,23317,779.16,1300,-1750
04/08/2019 14:25,SCH - PJ - NY,23316,150.2,2000,-1300
04/08/2019 14:25,SCH - PJM_HTP,325905,100,660,-660
04/08/2019 14:25,SCH - PJM_NEPTUNE,325305,0,0,0
04/08/2019 14:25,SCH - PJM_VFT,325658,0,0,0
04/08/2019 14:25,SPR/DUN-SOUTH,23320,3030.32,4600,-9999
04/08/2019 14:25,TOTAL EAST,23314,4072.76,6800,-9999
04/08/2019 14:25,UPNY CONED,23315,3517.69,5700,-9999
04/08/2019 14:25,WEST CENTRAL,23312,498.98,9999,-9999
04/08/2019 14:30,CENTRAL EAST - VC,23330,2017.09,2305,-9999
04/08/2019 14:30,DYSINGER EAST,23326,896.94,3150,-9999
04/08/2019 14:30,MOSES SOUTH,23319,1514.07,3150,-1600
04/08/2019 14:30,SCH - HQ - NY,23324,857,1450,-1000
04/08/2019 14:30,SCH - HQ_CEDARS,325274,0,160,0
04/08/2019 14:30,SCH - HQ_IMPORT_EXPORT,325376,702,1310,-9999
04/08/2019 14:30,SCH - NE - NY,23318,-243.14,600,-800
04/08/2019 14:30,SCH - NPX_1385,325277,99,100,-100
04/08/2019 14:30,SCH - NPX_CSC,325154,330,330,-330
04/08/2019 14:30,SCH - OH - NY,23317,779.13,1300,-1750
04/08/2019 14:30,SCH - PJ - NY,23316,151.45,2000,-1300
04/08/2019 14:30,SCH - PJM_HTP,325905,100,660,-660
04/08/2019 14:30,SCH - PJM_NEPTUNE,325305,0,0,0
04/08/2019 14:30,SCH - PJM_VFT,325658,0,0,0
04/08/2019 14:30,SPR/DUN-SOUTH,23320,2965.63,4600,-9999
04/08/2019 14:30,TOTAL EAST,23314,4011.12,6800,-9999
04/08/2019 14:30,UPNY CONED,23315,3444.58,5700,-9999
04/08/2019 14:30,WEST CENTRAL,23312,460.96,9999,-9999
04/08/2019 14:35,CENTRAL EAST - VC,23330,2001.46,2305,-9999
04/08/2019 14:35,DYSINGER EAST,23326,921.86,3150,-9999
04/08/2019 14:35,MOSES SOUTH,23319,1481.35,3150,-1600
04/08/2019 14:35,SCH - HQ - NY,23324,857,1450,-1000
04/08/2019 14:35,SCH - HQ_CEDARS,325274,0,160,0
04/08/2019 14:35,SCH - HQ_IMPORT_EXPORT,325376,702,1310,-9999
04/08/2019 14:35,SCH - NE - NY,23318,-268.57,600,-800
04/08/2019 14:35,SCH - NPX_1385,325277,99,100,-100
04/08/2019 14:35,SCH - NPX_CSC,325154,330,330,-330
04/08/2019 14:35,SCH - OH - NY,23317,779.25,1300,-1750
04/08/2019 14:35,SCH - PJ - NY,23316,147.88,2000,-1300
04/08/2019 14:35,SCH - PJM_HTP,325905,100,660,-660
04/08/2019 14:35,SCH - PJM_NEPTUNE,325305,0,0,0
04/08/2019 14:35,SCH - PJM_VFT,325658,0,0,0
04/08/2019 14:35,SPR/DUN-SOUTH,23320,2995.86,4600,-9999
04/08/2019 14:35,TOTAL EAST,23314,4071.91,6800,-9999
04/08/2019 14:35,UPNY CONED,23315,3460.4,5700,-9999
04/08/2019 14:35,WEST CENTRAL,23312,486.81,9999,-9999
04/08/2019 14:40,CENTRAL EAST - VC,23330,2056.5,2305,-9999
04/08/2019 14:40,DYSINGER EAST,23326,975.2,3150,-9999
04/08/2019 14:40,MOSES SOUTH,23319,1504.21,3150,-1600
04/08/2019 14:40,SCH - HQ - NY,23324,857,1450,-1000
04/08/2019 14:40,SCH - HQ_CEDARS,325274,0,160,0
04/08/2019 14:40,SCH - HQ_IMPORT_EXPORT,325376,702,1310,-9999
04/08/2019 14:40,SCH - NE - NY,23318,-268.39,600,-800
04/08/2019 14:40,SCH - NPX_1385,325277,99,100,-100
04/08/2019 14:40,SCH - NPX_CSC,325154,330,330,-330
04/08/2019 14:40,SCH - OH - NY,23317,779.15,1300,-1750
04/08/2019 14:40,SCH - PJ - NY,23316,150.82,2000,-1300
04/08/2019 14:40,SCH - PJM_HTP,325905,100,660,-660
04/08/2019 14:40,SCH - PJM_NEPTUNE,325305,0,0,0
04/08/2019 14:40,SCH - PJM_VFT,325658,0,0,0
04/08/2019 14:40,SPR/DUN-SOUTH,23320,3062.54,4600,-9999
04/08/2019 14:40,TOTAL EAST,23314,4109.8,6800,-9999
04/08/2019 14:40,UPNY CONED,23315,3525.64,5700,-9999
04/08/2019 14:40,WEST CENTRAL,23312,539.77,9999,-9999
04/08/2019 14:45,CENTRAL EAST - VC,23330,2088.12,2305,-9999
04/08/2019 14:45,DYSINGER EAST,23326,992.36,3150,-9999
04/08/2019 14:45,MOSES SOUTH,23319,1537.29,3150,-1600
04/08/2019 14:45,SCH - HQ - NY,23324,857,1450,-1000
04/08/2019 14:45,SCH - HQ_CEDARS,325274,0,160,0
04/08/2019 14:45,SCH - HQ_IMPORT_EXPORT,325376,702,1310,-9999
04/08/2019 14:45,SCH - NE - NY,23318,-329.28,600,-800
04/08/2019 14:45,SCH - NPX_1385,325277,99,100,-100
04/08/2019 14:45,SCH - NPX_CSC,325154,330,330,-330
04/08/2019 14:45,SCH - OH - NY,23317,779.06,1300,-1750
04/08/2019 14:45,SCH - PJ - NY,23316,146.9,2000,-1300
04/08/2019 14:45,SCH - PJM_HTP,325905,100,660,-660
04/08/2019 14:45,SCH - PJM_NEPTUNE,325305,0,0,0
04/08/2019 14:45,SCH - PJM_VFT,325658,0,0,0
04/08/2019 14:45,SPR/DUN-SOUTH,23320,3025.05,4600,-9999
04/08/2019 14:45,TOTAL EAST,23314,4140.15,6800,-9999
04/08/2019 14:45,UPNY CONED,23315,3501.61,5700,-9999
04/08/2019 14:45,WEST CENTRAL,23312,556.74,9999,-9999
04/08/2019 14:50,CENTRAL EAST - VC,23330,2052.93,2305,-9999
04/08/2019 14:50,DYSINGER EAST,23326,909.26,3150,-9999
04/08/2019 14:50,MOSES SOUTH,23319,1512.32,3150,-1600
04/08/2019 14:50,SCH - HQ - NY,23324,857,1450,-1000
04/08/2019 14:50,SCH - HQ_CEDARS,325274,0,160,0
04/08/2019 14:50,SCH - HQ_IMPORT_EXPORT,325376,702,1310,-9999
04/08/2019 14:50,SCH - NE - NY,23318,-390.3,600,-800
04/08/2019 14:50,SCH - NPX_1385,325277,99,100,-100
04/08/2019 14:50,SCH - NPX_CSC,325154,330,330,-330
04/08/2019 14:50,SCH - OH - NY,23317,779.2,1300,-1750
04/08/2019 14:50,SCH - PJ - NY,23316,150.68,2000,-1300
04/08/2019 14:50,SCH - PJM_HTP,325905,100,660,-660
04/08/2019 14:50,SCH - PJM_NEPTUNE,325305,0,0,0
04/08/2019 14:50,SCH - PJM_VFT,325658,0,0,0
04/08/2019 14:50,SPR/DUN-SOUTH,23320,2930.21,4600,-9999
04/08/2019 14:50,TOTAL EAST,23314,4092.24,6800,-9999
04/08/2019 14:50,UPNY CONED,23315,3399.26,5700,-9999
04/08/2019 14:50,WEST CENTRAL,23312,480.42,9999,-9999
04/08/2019 14:55,CENTRAL EAST - VC,23330,2077.27,2305,-9999
04/08/2019 14:55,DYSINGER EAST,23326,933.61,3150,-9999
04/08/2019 14:55,MOSES SOUTH,23319,1503.85,3150,-1600
04/08/2019 14:55,SCH - HQ - NY,23324,857,1450,-1000
04/08/2019 14:55,SCH - HQ_CEDARS,325274,0,160,0
04/08/2019 14:55,SCH - HQ_IMPORT_EXPORT,325376,702,1310,-9999
04/08/2019 14:55,SCH - NE - NY,23318,-390.27,600,-800
04/08/2019 14:55,SCH - NPX_1385,325277,99,100,-100
04/08/2019 14:55,SCH - NPX_CSC,325154,330,330,-330
04/08/2019 14:55,SCH - OH - NY,23317,779.29,1300,-1750
04/08/2019 14:55,SCH - PJ - NY,23316,151.71,2000,-1300
04/08/2019 14:55,SCH - PJM_HTP,325905,100,660,-660
04/08/2019 14:55,SCH - PJM_NEPTUNE,325305,0,0,0
04/08/2019 14:55,SCH - PJM_VFT,325658,0,0,0
04/08/2019 14:55,SPR/DUN-SOUTH,23320,3022.71,4600,-9999
04/08/2019 14:55,TOTAL EAST,23314,4213.96,6800,-9999
04/08/2019 14:55,UPNY CONED,23315,3512.04,5700,-9999
04/08/2019 14:55,WEST CENTRAL,23312,508.4,9999,-9999
04/08/2019 15:00,CENTRAL EAST - VC,23330,2155.5,2305,-9999
04/08/2019 15:00,DYSINGER EAST,23326,765.79,3150,-9999
04/08/2019 15:00,MOSES SOUTH,23319,1788.81,3150,-1600
04/08/2019 15:00,SCH - HQ - NY,23324,1085,1450,-1000
04/08/2019 15:00,SCH - HQ_CEDARS,325274,44,160,0
04/08/2019 15:00,SCH - HQ_IMPORT_EXPORT,325376,930,1310,-9999
04/08/2019 15:00,SCH - NE - NY,23318,-311.94,600,-800
04/08/2019 15:00,SCH - NPX_1385,325277,79,100,-100
04/08/2019 15:00,SCH - NPX_CSC,325154,330,330,-330
04/08/2019 15:00,SCH - OH - NY,23317,660.51,1300,-1750
04/08/2019 15:00,SCH - PJ - NY,23316,140.87,2000,-1300
04/08/2019 15:00,SCH - PJM_HTP,325905,100,660,-660
04/08/2019 15:00,SCH - PJM_NEPTUNE,325305,0,0,0
04/08/2019 15:00,SCH - PJM_VFT,325658,0,0,0
04/08/2019 15:00,SPR/DUN-SOUTH,23320,2982.08,4600,-9999
04/08/2019 15:00,TOTAL EAST,23314,4289.19,6800,-9999
04/08/2019 15:00,UPNY CONED,23315,3489.71,5700,-9999
04/08/2019 15:00,WEST CENTRAL,23312,342.23,9999,-9999
04/08/2019 15:05,CENTRAL EAST - VC,23330,2206.44,2305,-9999
04/08/2019 15:05,DYSINGER EAST,23326,673.19,3150,-9999
04/08/2019 15:05,MOSES SOUTH,23319,2054.37,3150,-1600
04/08/2019 15:05,SCH - HQ - NY,23324,1313,1450,-1000
04/08/2019 15:05,SCH - HQ_CEDARS,325274,88,160,0
04/08/2019 15:05,SCH - HQ_IMPORT_EXPORT,325376,1158,1310,-9999
04/08/2019 15:05,SCH - NE - NY,23318,-234.75,600,-800
04/08/2019 15:05,SCH - NPX_1385,325277,60,100,-100
04/08/2019 15:05,SCH - NPX_CSC,325154,330,330,-330
04/08/2019 15:05,SCH - OH - NY,23317,542.73,1300,-1750
04/08/2019 15:05,SCH - PJ - NY,23316,128.08,2000,-1300
04/08/2019 15:05,SCH - PJM_HTP,325905,100,660,-660
04/08/2019 15:05,SCH - PJM_NEPTUNE,325305,0,0,0
04/08/2019 15:05,SCH - PJM_VFT,325658,0,0,0
04/08/2019 15:05,SPR/DUN-SOUTH,23320,3056.97,4600,-9999
04/08/2019 15:05,TOTAL EAST,23314,4365.21,6800,-9999
04/08/2019 15:05,UPNY CONED,23315,3602.72,5700,-9999
04/08/2019 15:05,WEST CENTRAL,23312,250.31,9999,-9999
04/08/2019 15:10,CENTRAL EAST - VC,23330,2195.01,2305,-9999
04/08/2019 15:10,DYSINGER EAST,23326,642.78,3150,-9999
04/08/2019 15:10,MOSES SOUTH,23319,2025.87,3150,-1600
04/08/2019 15:10,SCH - HQ - NY,23324,1313,1450,-1000
04/08/2019 15:10,SCH - HQ_CEDARS,325274,88,160,0
04/08/2019 15:10,SCH - HQ_IMPORT_EXPORT,325376,1158,1310,-9999
04/08/2019 15:10,SCH - NE - NY,23318,-234.61,600,-800
04/08/2019 15:10,SCH - NPX_1385,325277,60,100,-100
04/08/2019 15:10,SCH - NPX_CSC,325154,330,330,-330
04/08/2019 15:10,SCH - OH - NY,23317,542.78,1300,-1750
04/08/2019 15:10,SCH - PJ - NY,23316,130.72,2000,-1300
04/08/2019 15:10,SCH - PJM_HTP,325905,100,660,-660
04/08/2019 15:10,SCH - PJM_NEPTUNE,325305,0,0,0
04/08/2019 15:10,SCH - PJM_VFT,325658,0,0,0
04/08/2019 15:10,SPR/DUN-SOUTH,23320,3022.13,4600,-9999
04/08/2019 15:10,TOTAL EAST,23314,4303.18,6800,-9999
04/08/2019 15:10,UPNY CONED,23315,3578.87,5700,-9999
04/08/2019 15:10,WEST CENTRAL,23312,217.55,9999,-9999
04/08/2019 15:15,CENTRAL EAST - VC,23330,2195.87,2305,-9999
04/08/2019 15:15,DYSINGER EAST,23326,724.18,3150,-9999
04/08/2019 15:15,MOSES SOUTH,23319,1921.56,3150,-1600
04/08/2019 15:15,SCH - HQ - NY,23324,1313,1450,-1000
04/08/2019 15:15,SCH - HQ_CEDARS,325274,88,160,0
04/08/2019 15:15,SCH - HQ_IMPORT_EXPORT,325376,1158,1310,-9999
04/08/2019 15:15,SCH - NE - NY,23318,-259.93,600,-800
04/08/2019 15:15,SCH - NPX_1385,325277,60,100,-100
04/08/2019 15:15,SCH - NPX_CSC,325154,330,330,-330
04/08/2019 15:15,SCH - OH - NY,23317,542.73,1300,-1750
04/08/2019 15:15,SCH - PJ - NY,23316,143.89,2000,-1300
04/08/2019 15:15,SCH - PJM_HTP,325905,100,660,-660
04/08/2019 15:15,SCH - PJM_NEPTUNE,325305,0,0,0
04/08/2019 15:15,SCH - PJM_VFT,325658,0,0,0
04/08/2019 15:15,SPR/DUN-SOUTH,23320,3021.51,4600,-9999
04/08/2019 15:15,TOTAL EAST,23314,4358.11,6800,-9999
04/08/2019 15:15,UPNY CONED,23315,3580.69,5700,-9999
04/08/2019 15:15,WEST CENTRAL,23312,295.89,9999,-9999
04/08/2019 15:20,CENTRAL EAST - VC,23330,2200.13,2305,-9999
04/08/2019 15:20,DYSINGER EAST,23326,931.37,3150,-9999
04/08/2019 15:20,MOSES SOUTH,23319,1823.86,3150,-1600
04/08/2019 15:20,SCH - HQ - NY,23324,1313,1450,-1000
04/08/2019 15:20,SCH - HQ_CEDARS,325274,88,160,0
04/08/2019 15:20,SCH - HQ_IMPORT_EXPORT,325376,1158,1310,-9999
04/08/2019 15:20,SCH - NE - NY,23318,-285.4,600,-800
04/08/2019 15:20,SCH - NPX_1385,325277,60,100,-100
04/08/2019 15:20,SCH - NPX_CSC,325154,330,330,-330
04/08/2019 15:20,SCH - OH - NY,23317,542.67,1300,-1750
04/08/2019 15:20,SCH - PJ - NY,23316,159.45,2000,-1300
04/08/2019 15:20,SCH - PJM_HTP,325905,100,660,-660
04/08/2019 15:20,SCH - PJM_NEPTUNE,325305,0,0,0
04/08/2019 15:20,SCH - PJM_VFT,325658,0,0,0
04/08/2019 15:20,SPR/DUN-SOUTH,23320,3025.7,4600,-9999
04/08/2019 15:20,TOTAL EAST,23314,4349.56,6800,-9999
04/08/2019 15:20,UPNY CONED,23315,3575.37,5700,-9999
04/08/2019 15:20,WEST CENTRAL,23312,500.77,9999,-9999
04/08/2019 15:25,CENTRAL EAST - VC,23330,2196.14,2305,-9999
04/08/2019 15:25,DYSINGER EAST,23326,755.3,3150,-9999
04/08/2019 15:25,MOSES SOUTH,23319,1927.48,3150,-1600
04/08/2019 15:25,SCH - HQ - NY,23324,1313,1450,-1000
04/08/2019 15:25,SCH - HQ_CEDARS,325274,88,160,0
04/08/2019 15:25,SCH - HQ_IMPORT_EXPORT,325376,1158,1310,-9999
04/08/2019 15:25,SCH - NE - NY,23318,-285.34,600,-800
04/08/2019 15:25,SCH - NPX_1385,325277,60,100,-100
04/08/2019 15:25,SCH - NPX_CSC,325154,330,330,-330
04/08/2019 15:25,SCH - OH - NY,23317,542.71,1300,-1750
04/08/2019 15:25,SCH - PJ - NY,23316,162.65,2000,-1300
04/08/2019 15:25,SCH - PJM_HTP,325905,100,660,-660
04/08/2019 15:25,SCH - PJM_NEPTUNE,325305,0,0,0
04/08/2019 15:25,SCH - PJM_VFT,325658,0,0,0
04/08/2019 15:25,SPR/DUN-SOUTH,23320,2943.45,4600,-9999
04/08/2019 15:25,TOTAL EAST,23314,4329.82,6800,-9999
04/08/2019 15:25,UPNY CONED,23315,3523.64,5700,-9999
04/08/2019 15:25,WEST CENTRAL,23312,331.58,9999,-9999
04/08/2019 15:30,CENTRAL EAST - VC,23330,2199.66,2305,-9999
04/08/2019 15:30,DYSINGER EAST,23326,707.98,3150,-9999
04/08/2019 15:30,MOSES SOUTH,23319,1942.49,3150,-1600
04/08/2019 15:30,SCH - HQ - NY,23324,1313,1450,-1000
04/08/2019 15:30,SCH - HQ_CEDARS,325274,88,160,0
04/08/2019 15:30,SCH - HQ_IMPORT_EXPORT,325376,1158,1310,-9999
04/08/2019 15:30,SCH - NE - NY,23318,-273.3,600,-800
04/08/2019 15:30,SCH - NPX_1385,325277,60,100,-100
04/08/2019 15:30,SCH - NPX_CSC,325154,330,330,-330
04/08/2019 15:30,SCH - OH - NY,23317,542.76,1300,-1750
04/08/2019 15:30,SCH - PJ - NY,23316,155.83,2000,-1300
04/08/2019 15:30,SCH - PJM_HTP,325905,100,660,-660
04/08/2019 15:30,SCH - PJM_NEPTUNE,325305,0,0,0
04/08/2019 15:30,SCH - PJM_VFT,325658,0,0,0
04/08/2019 15:30,SPR/DUN-SOUTH,23320,2978.26,4600,-9999
04/08/2019 15:30,TOTAL EAST,23314,4343.1,6800,-9999
04/08/2019 15:30,UPNY CONED,23315,3555.48,5700,-9999
04/08/2019 15:30,WEST CENTRAL,23312,288.16,9999,-9999
04/08/2019 15:35,CENTRAL EAST - VC,23330,2200.74,2305,-9999
04/08/2019 15:35,DYSINGER EAST,23326,780.26,3150,-9999
04/08/2019 15:35,MOSES SOUTH,23319,1917.51,3150,-1600
04/08/2019 15:35,SCH - HQ - NY,23324,1313,1450,-1000
04/08/2019 15:35,SCH - HQ_CEDARS,325274,88,160,0
04/08/2019 15:35,SCH - HQ_IMPORT_EXPORT,325376,1158,1310,-9999
04/08/2019 15:35,SCH - NE - NY,23318,-260.97,600,-800
04/08/2019 15:35,SCH - NPX_1385,325277,60,100,-100
04/08/2019 15:35,SCH - NPX_CSC,325154,330,330,-330
04/08/2019 15:35,SCH - OH - NY,23317,542.73,1300,-1750
04/08/2019 15:35,SCH - PJ - NY,23316,151.1,2000,-1300
04/08/2019 15:35,SCH - PJM_HTP,325905,100,660,-660
04/08/2019 15:35,SCH - PJM_NEPTUNE,325305,0,0,0
04/08/2019 15:35,SCH - PJM_VFT,325658,0,0,0
04/08/2019 15:35,SPR/DUN-SOUTH,23320,3018.05,4600,-9999
04/08/2019 15:35,TOTAL EAST,23314,4375.67,6800,-9999
04/08/2019 15:35,UPNY CONED,23315,3615.67,5700,-9999
04/08/2019 15:35,WEST CENTRAL,23312,368.51,9999,-9999
04/08/2019 15:40,CENTRAL EAST - VC,23330,2193.91,2305,-9999
04/08/2019 15:40,DYSINGER EAST,23326,723.51,3150,-9999
04/08/2019 15:40,MOSES SOUTH,23319,1902.51,3150,-1600
04/08/2019 15:40,SCH - HQ - NY,23324,1313,1450,-1000
04/08/2019 15:40,SCH - HQ_CEDARS,325274,88,160,0
04/08/2019 15:40,SCH - HQ_IMPORT_EXPORT,325376,1158,1310,-9999
04/08/2019 15:40,SCH - NE - NY,23318,-260.98,600,-800
04/08/2019 15:40,SCH - NPX_1385,325277,60,100,-100
04/08/2019 15:40,SCH - NPX_CSC,325154,330,330,-330
04/08/2019 15:40,SCH - OH - NY,23317,542.68,1300,-1750
04/08/2019 15:40,SCH - PJ - NY,23316,152.74,2000,-1300
04/08/2019 15:40,SCH - PJM_HTP,325905,100,660,-660
04/08/2019 15:40,SCH - PJM_NEPTUNE,325305,0,0,0
04/08/2019 15:40,SCH - PJM_VFT,325658,0,0,0
04/08/2019 15:40,SPR/DUN-SOUTH,23320,2976.05,4600,-9999
04/08/2019 15:40,TOTAL EAST,23314,4314.57,6800,-9999
04/08/2019 15:40,UPNY CONED,23315,3572.56,5700,-9999
04/08/2019 15:40,WEST CENTRAL,23312,313.17,9999,-9999
04/08/2019 15:45,CENTRAL EAST - VC,23330,2202.61,2305,-9999
04/08/2019 15:45,DYSINGER EAST,23326,752.3,3150,-9999
04/08/2019 15:45,MOSES SOUTH,23319,1914.34,3150,-1600
04/08/2019 15:45,SCH - HQ - NY,23324,1313,1450,-1000
04/08/2019 15:45,SCH - HQ_CEDARS,325274,88,160,0
04/08/2019 15:45,SCH - HQ_IMPORT_EXPORT,325376,1158,1310,-9999
04/08/2019 15:45,SCH - NE - NY,23318,-273.16,600,-800
04/08/2019 15:45,SCH - NPX_1385,325277,60,100,-100
04/08/2019 15:45,SCH - NPX_CSC,325154,330,330,-330
04/08/2019 15:45,SCH - OH - NY,23317,542.74,1300,-1750
04/08/2019 15:45,SCH - PJ - NY,23316,146.33,2000,-1300
04/08/2019 15:45,SCH - PJM_HTP,325905,100,660,-660
04/08/2019 15:45,SCH - PJM_NEPTUNE,325305,0,0,0
04/08/2019 15:45,SCH - PJM_VFT,325658,0,0,0
04/08/2019 15:45,SPR/DUN-SOUTH,23320,3010.63,4600,-9999
04/08/2019 15:45,TOTAL EAST,23314,4370.9,6800,-9999
04/08/2019 15:45,UPNY CONED,23315,3604.55,5700,-9999
04/08/2019 15:45,WEST CENTRAL,23312,341.56,9999,-9999
04/08/2019 15:50,CENTRAL EAST - VC,23330,2198.5,2305,-9999
04/08/2019 15:50,DYSINGER EAST,23326,758.47,3150,-9999
04/08/2019 15:50,MOSES SOUTH,23319,1908.91,3150,-1600
04/08/2019 15:50,SCH - HQ - NY,23324,1313,1450,-1000
04/08/2019 15:50,SCH - HQ_CEDARS,325274,88,160,0
04/08/2019 15:50,SCH - HQ_IMPORT_EXPORT,325376,1158,1310,-9999
04/08/2019 15:50,SCH - NE - NY,23318,-285.46,600,-800
04/08/2019 15:50,SCH - NPX_1385,325277,60,100,-100
04/08/2019 15:50,SCH - NPX_CSC,325154,330,330,-330
04/08/2019 15:50,SCH - OH - NY,23317,542.7,1300,-1750
04/08/2019 15:50,SCH - PJ - NY,23316,127.29,2000,-1300
04/08/2019 15:50,SCH - PJM_HTP,325905,100,660,-660
04/08/2019 15:50,SCH - PJM_NEPTUNE,325305,0,0,0
04/08/2019 15:50,SCH - PJM_VFT,325658,0,0,0
04/08/2019 15:50,SPR/DUN-SOUTH,23320,2958.71,4600,-9999
04/08/2019 15:50,TOTAL EAST,23314,4288.57,6800,-9999
04/08/2019 15:50,UPNY CONED,23315,3547.52,5700,-9999
04/08/2019 15:50,WEST CENTRAL,23312,343.74,9999,-9999
04/08/2019 15:55,CENTRAL EAST - VC,23330,2251.57,2365,-9999
04/08/2019 15:55,DYSINGER EAST,23326,822.02,3150,-9999
04/08/2019 15:55,MOSES SOUTH,23319,1937.61,3150,-1600
04/08/2019 15:55,SCH - HQ - NY,23324,1313,1450,-1000
04/08/2019 15:55,SCH - HQ_CEDARS,325274,88,160,0
04/08/2019 15:55,SCH - HQ_IMPORT_EXPORT,325376,1158,1310,-9999
04/08/2019 15:55,SCH - NE - NY,23318,-285.4,600,-800
04/08/2019 15:55,SCH - NPX_1385,325277,60,100,-100
04/08/2019 15:55,SCH - NPX_CSC,325154,330,330,-330
04/08/2019 15:55,SCH - OH - NY,23317,542.76,1300,-1750
04/08/2019 15:55,SCH - PJ - NY,23316,128.25,2000,-1300
04/08/2019 15:55,SCH - PJM_HTP,325905,100,660,-660
04/08/2019 15:55,SCH - PJM_NEPTUNE,325305,0,0,0
04/08/2019 15:55,SCH - PJM_VFT,325658,0,0,0
04/08/2019 15:55,SPR/DUN-SOUTH,23320,3039.2,4600,-9999
04/08/2019 15:55,TOTAL EAST,23314,4466.69,6800,-9999
04/08/2019 15:55,UPNY CONED,23315,3663.82,5700,-9999
04/08/2019 15:55,WEST CENTRAL,23312,403.04,9999,-9999
04/08/2019 16:00,CENTRAL EAST - VC,23330,2252.19,2365,-9999
04/08/2019 16:00,DYSINGER EAST,23326,850.01,3150,-9999
04/08/2019 16:00,MOSES SOUTH,23319,1871.16,3150,-1600
04/08/2019 16:00,SCH - HQ - NY,23324,1271,1450,-1000
04/08/2019 16:00,SCH - HQ_CEDARS,325274,44,160,0
04/08/2019 16:00,SCH - HQ_IMPORT_EXPORT,325376,1116,1310,-9999
04/08/2019 16:00,SCH - NE - NY,23318,-249.76,600,-800
04/08/2019 16:00,SCH - NPX_1385,325277,79,100,-100
04/08/2019 16:00,SCH - NPX_CSC,325154,330,330,-330
04/08/2019 16:00,SCH - OH - NY,23317,545.78,1300,-1750
04/08/2019 16:00,SCH - PJ - NY,23316,167.7,2000,-1300
04/08/2019 16:00,SCH - PJM_HTP,325905,100,660,-660
04/08/2019 16:00,SCH - PJM_NEPTUNE,325305,0,0,0
04/08/2019 16:00,SCH - PJM_VFT,325658,0,0,0
04/08/2019 16:00,SPR/DUN-SOUTH,23320,3104.26,4600,-9999
04/08/2019 16:00,TOTAL EAST,23314,4485.51,6800,-9999
04/08/2019 16:00,UPNY CONED,23315,3721.51,5700,-9999
04/08/2019 16:00,WEST CENTRAL,23312,428.79,9999,-9999
04/08/2019 16:05,CENTRAL EAST - VC,23330,2225.47,2365,-9999
04/08/2019 16:05,DYSINGER EAST,23326,887.76,3150,-9999
04/08/2019 16:05,MOSES SOUTH,23319,1791.81,3150,-1600
04/08/2019 16:05,SCH - HQ - NY,23324,1230,1450,-1000
04/08/2019 16:05,SCH - HQ_CEDARS,325274,0,160,0
04/08/2019 16:05,SCH - HQ_IMPORT_EXPORT,325376,1075,1310,-9999
04/08/2019 16:05,SCH - NE - NY,23318,-214.19,600,-800
04/08/2019 16:05,SCH - NPX_1385,325277,99,100,-100
04/08/2019 16:05,SCH - NPX_CSC,325154,330,330,-330
04/08/2019 16:05,SCH - OH - NY,23317,549.76,1300,-1750
04/08/2019 16:05,SCH - PJ - NY,23316,211.28,2000,-1300
04/08/2019 16:05,SCH - PJM_HTP,325905,100,660,-660
04/08/2019 16:05,SCH - PJM_NEPTUNE,325305,0,0,0
04/08/2019 16:05,SCH - PJM_VFT,325658,0,0,0
04/08/2019 16:05,SPR/DUN-SOUTH,23320,3091.75,4600,-9999
04/08/2019 16:05,TOTAL EAST,23314,4424.36,6800,-9999
04/08/2019 16:05,UPNY CONED,23315,3699.61,5700,-9999
04/08/2019 16:05,WEST CENTRAL,23312,465.72,9999,-9999
04/08/2019 16:10,CENTRAL EAST - VC,23330,2134.28,2365,-9999
04/08/2019 16:10,DYSINGER EAST,23326,842.26,3150,-9999
04/08/2019 16:10,MOSES SOUTH,23319,1720.19,3150,-1600
04/08/2019 16:10,SCH - HQ - NY,23324,1230,1450,-1000
04/08/2019 16:10,SCH - HQ_CEDARS,325274,0,160,0
04/08/2019 16:10,SCH - HQ_IMPORT_EXPORT,325376,1075,1310,-9999
04/08/2019 16:10,SCH - NE - NY,23318,-214.25,600,-800
04/08/2019 16:10,SCH - NPX_1385,325277,99,100,-100
04/08/2019 16:10,SCH - NPX_CSC,325154,330,330,-330
04/08/2019 16:10,SCH - OH - NY,23317,549.6,1300,-1750
04/08/2019 16:10,SCH - PJ - NY,23316,212.02,2000,-1300
04/08/2019 16:10,SCH - PJM_HTP,325905,100,660,-660
04/08/2019 16:10,SCH - PJM_NEPTUNE,325305,0,0,0
04/08/2019 16:10,SCH - PJM_VFT,325658,0,0,0
04/08/2019 16:10,SPR/DUN-SOUTH,23320,3058.24,4600,-9999
04/08/2019 16:10,TOTAL EAST,23314,4425.69,6800,-9999
04/08/2019 16:10,UPNY CONED,23315,3676.14,5700,-9999
04/08/2019 16:10,WEST CENTRAL,23312,420.37,9999,-9999
04/08/2019 16:15,CENTRAL EAST - VC,23330,2164.05,2365,-9999
04/08/2019 16:15,DYSINGER EAST,23326,832.35,3150,-9999
04/08/2019 16:15,MOSES SOUTH,23319,1741.65,3150,-1600
04/08/2019 16:15,SCH - HQ - NY,23324,1230,1450,-1000
04/08/2019 16:15,SCH - HQ_CEDARS,325274,0,160,0
04/08/2019 16:15,SCH - HQ_IMPORT_EXPORT,325376,1075,1310,-9999
04/08/2019 16:15,SCH - NE - NY,23318,-340.75,600,-800
04/08/2019 16:15,SCH - NPX_1385,325277,99,100,-100
04/08/2019 16:15,SCH - NPX_CSC,325154,330,330,-330
04/08/2019 16:15,SCH - OH - NY,23317,549.62,1300,-1750
04/08/2019 16:15,SCH - PJ - NY,23316,316.84,2000,-1300
04/08/2019 16:15,SCH - PJM_HTP,325905,100,660,-660
04/08/2019 16:15,SCH - PJM_NEPTUNE,325305,0,0,0
04/08/2019 16:15,SCH - PJM_VFT,325658,0,0,0
04/08/2019 16:15,SPR/DUN-SOUTH,23320,3020.32,4600,-9999
04/08/2019 16:15,TOTAL EAST,23314,4534.73,6800,-9999
04/08/2019 16:15,UPNY CONED,23315,3639.05,5700,-9999
04/08/2019 16:15,WEST CENTRAL,23312,409.94,9999,-9999
04/08/2019 16:20,CENTRAL EAST - VC,23330,2194.64,2365,-9999
04/08/2019 16:20,DYSINGER EAST,23326,802.13,3150,-9999
04/08/2019 16:20,MOSES SOUTH,23319,1733.69,3150,-1600
04/08/2019 16:20,SCH - HQ - NY,23324,1230,1450,-1000
04/08/2019 16:20,SCH - HQ_CEDARS,325274,0,160,0
04/08/2019 16:20,SCH - HQ_IMPORT_EXPORT,325376,1075,1310,-9999
04/08/2019 16:20,SCH - NE - NY,23318,-462.02,600,-800
04/08/2019 16:20,SCH - NPX_1385,325277,99,100,-100
04/08/2019 16:20,SCH - NPX_CSC,325154,330,330,-330
04/08/2019 16:20,SCH - OH - NY,23317,549.69,1300,-1750
04/08/2019 16:20,SCH - PJ - NY,23316,414.02,2000,-1300
04/08/2019 16:20,SCH - PJM_HTP,325905,100,660,-660
04/08/2019 16:20,SCH - PJM_NEPTUNE,325305,0,0,0
04/08/2019 16:20,SCH - PJM_VFT,325658,0,0,0
04/08/2019 16:20,SPR/DUN-SOUTH,23320,2938.42,4600,-9999
04/08/2019 16:20,TOTAL EAST,23314,4614.11,6800,-9999
04/08/2019 16:20,UPNY CONED,23315,3565.78,5700,-9999
04/08/2019 16:20,WEST CENTRAL,23312,378.83,9999,-9999
04/08/2019 16:25,CENTRAL EAST - VC,23330,2232.06,2365,-9999
04/08/2019 16:25,DYSINGER EAST,23326,852.23,3150,-9999
04/08/2019 16:25,MOSES SOUTH,23319,1738.53,3150,-1600
04/08/2019 16:25,SCH - HQ - NY,23324,1230,1450,-1000
04/08/2019 16:25,SCH - HQ_CEDARS,325274,0,160,0
04/08/2019 16:25,SCH - HQ_IMPORT_EXPORT,325376,1075,1310,-9999
04/08/2019 16:25,SCH - NE - NY,23318,-462.01,600,-800
04/08/2019 16:25,SCH - NPX_1385,325277,99,100,-100
04/08/2019 16:25,SCH - NPX_CSC,325154,330,330,-330
04/08/2019 16:25,SCH - OH - NY,23317,549.69,1300,-1750
04/08/2019 16:25,SCH - PJ - NY,23316,416.14,2000,-1300
04/08/2019 16:25,SCH - PJM_HTP,325905,100,660,-660
04/08/2019 16:25,SCH - PJM_NEPTUNE,325305,0,0,0
04/08/2019 16:25,SCH - PJM_VFT,325658,0,0,0
04/08/2019 16:25,SPR/DUN-SOUTH,23320,2963.01,4600,-9999
04/08/2019 16:25,TOTAL EAST,23314,4631.84,6800,-9999
04/08/2019 16:25,UPNY CONED,23315,3585.64,5700,-9999
04/08/2019 16:25,WEST CENTRAL,23312,427.39,9999,-9999
04/08/2019 16:30,CENTRAL EAST - VC,23330,2235.44,2365,-9999
04/08/2019 16:30,DYSINGER EAST,23326,867.08,3150,-9999
04/08/2019 16:30,MOSES SOUTH,23319,1730.68,3150,-1600
04/08/2019 16:30,SCH - HQ - NY,23324,1230,1450,-1000
04/08/2019 16:30,SCH - HQ_CEDARS,325274,0,160,0
04/08/2019 16:30,SCH - HQ_IMPORT_EXPORT,325376,1075,1310,-9999
04/08/2019 16:30,SCH - NE - NY,23318,-509.99,600,-800
04/08/2019 16:30,SCH - NPX_1385,325277,99,100,-100
04/08/2019 16:30,SCH - NPX_CSC,325154,330,330,-330
04/08/2019 16:30,SCH - OH - NY,23317,549.63,1300,-1750
04/08/2019 16:30,SCH - PJ - NY,23316,428.07,2000,-1300
04/08/2019 16:30,SCH - PJM_HTP,325905,100,660,-660
04/08/2019 16:30,SCH - PJM_NEPTUNE,325305,0,0,0
04/08/2019 16:30,SCH - PJM_VFT,325658,0,0,0
04/08/2019 16:30,SPR/DUN-SOUTH,23320,2916.88,4600,-9999
04/08/2019 16:30,TOTAL EAST,23314,4635.45,6800,-9999
04/08/2019 16:30,UPNY CONED,23315,3541.56,5700,-9999
04/08/2019 16:30,WEST CENTRAL,23312,438.11,9999,-9999
04/08/2019 16:35,CENTRAL EAST - VC,23330,2261.99,2365,-9999
04/08/2019 16:35,DYSINGER EAST,23326,851.09,3150,-9999
04/08/2019 16:35,MOSES SOUTH,23319,1717.81,3150,-1600
04/08/2019 16:35,SCH - HQ - NY,23324,1230,1450,-1000
04/08/2019 16:35,SCH - HQ_CEDARS,325274,0,160,0
04/08/2019 16:35,SCH - HQ_IMPORT_EXPORT,325376,1075,1310,-9999
04/08/2019 16:35,SCH - NE - NY,23318,-557.96,600,-800
04/08/2019 16:35,SCH - NPX_1385,325277,99,100,-100
04/08/2019 16:35,SCH - NPX_CSC,325154,330,330,-330
04/08/2019 16:35,SCH - OH - NY,23317,549.63,1300,-1750
04/08/2019 16:35,SCH - PJ - NY,23316,439.1,2000,-1300
04/08/2019 16:35,SCH - PJM_HTP,325905,100,660,-660
04/08/2019 16:35,SCH - PJM_NEPTUNE,325305,0,0,0
04/08/2019 16:35,SCH - PJM_VFT,325658,0,0,0
04/08/2019 16:35,SPR/DUN-SOUTH,23320,2883.58,4600,-9999
04/08/2019 16:35,TOTAL EAST,23314,4655.08,6800,-9999
04/08/2019 16:35,UPNY CONED,23315,3499,5700,-9999
04/08/2019 16:35,WEST CENTRAL,23312,421.11,9999,-9999
04/08/2019 16:40,CENTRAL EAST - VC,23330,2202.55,2365,-9999
04/08/2019 16:40,DYSINGER EAST,23326,788.54,3150,-9999
04/08/2019 16:40,MOSES SOUTH,23319,1700.53,3150,-1600
04/08/2019 16:40,SCH - HQ - NY,23324,1230,1450,-1000
04/08/2019 16:40,SCH - HQ_CEDARS,325274,0,160,0
04/08/2019 16:40,SCH - HQ_IMPORT_EXPORT,325376,1075,1310,-9999
04/08/2019 16:40,SCH - NE - NY,23318,-557.96,600,-800
04/08/2019 16:40,SCH - NPX_1385,325277,99,100,-100
04/08/2019 16:40,SCH - NPX_CSC,325154,330,330,-330
04/08/2019 16:40,SCH - OH - NY,23317,549.56,1300,-1750
04/08/2019 16:40,SCH - PJ - NY,23316,440.84,2000,-1300
04/08/2019 16:40,SCH - PJM_HTP,325905,100,660,-660
04/08/2019 16:40,SCH - PJM_NEPTUNE,325305,0,0,0
04/08/2019 16:40,SCH - PJM_VFT,325658,0,0,0
04/08/2019 16:40,SPR/DUN-SOUTH,23320,2860.66,4600,-9999
04/08/2019 16:40,TOTAL EAST,23314,4667.16,6800,-9999
04/08/2019 16:40,UPNY CONED,23315,3468.24,5700,-9999
04/08/2019 16:40,WEST CENTRAL,23312,358.66,9999,-9999
04/08/2019 16:45,CENTRAL EAST - VC,23330,2255.57,2365,-9999
04/08/2019 16:45,DYSINGER EAST,23326,743.77,3150,-9999
04/08/2019 16:45,MOSES SOUTH,23319,1830.26,3150,-1600
04/08/2019 16:45,SCH - HQ - NY,23324,1230,1450,-1000
04/08/2019 16:45,SCH - HQ_CEDARS,325274,0,160,0
04/08/2019 16:45,SCH - HQ_IMPORT_EXPORT,325376,1075,1310,-9999
04/08/2019 16:45,SCH - NE - NY,23318,-551.96,600,-800
04/08/2019 16:45,SCH - NPX_1385,325277,99,100,-100
04/08/2019 16:45,SCH - NPX_CSC,325154,330,330,-330
04/08/2019 16:45,SCH - OH - NY,23317,549.9,1300,-1750
04/08/2019 16:45,SCH - PJ - NY,23316,482.84,2000,-1300
04/08/2019 16:45,SCH - PJM_HTP,325905,100,660,-660
04/08/2019 16:45,SCH - PJM_NEPTUNE,325305,0,0,0
04/08/2019 16:45,SCH - PJM_VFT,325658,0,0,0
04/08/2019 16:45,SPR/DUN-SOUTH,23320,2910.01,4600,-9999
04/08/2019 16:45,TOTAL EAST,23314,4667.02,6800,-9999
04/08/2019 16:45,UPNY CONED,23315,3513.39,5700,-9999
04/08/2019 16:45,WEST CENTRAL,23312,311.88,9999,-9999
04/08/2019 16:50,CENTRAL EAST - VC,23330,2252.6,2365,-9999
04/08/2019 16:50,DYSINGER EAST,23326,736.21,3150,-9999
04/08/2019 16:50,MOSES SOUTH,23319,1846.92,3150,-1600
04/08/2019 16:50,SCH - HQ - NY,23324,1230,1450,-1000
04/08/2019 16:50,SCH - HQ_CEDARS,325274,0,160,0
04/08/2019 16:50,SCH - HQ_IMPORT_EXPORT,325376,1075,1310,-9999
04/08/2019 16:50,SCH - NE - NY,23318,-545.97,600,-800
04/08/2019 16:50,SCH - NPX_1385,325277,99,100,-100
04/08/2019 16:50,SCH - NPX_CSC,325154,330,330,-330
04/08/2019 16:50,SCH - OH - NY,23317,549.81,1300,-1750
04/08/2019 16:50,SCH - PJ - NY,23316,525.84,2000,-1300
04/08/2019 16:50,SCH - PJM_HTP,325905,100,660,-660
04/08/2019 16:50,SCH - PJM_NEPTUNE,325305,0,0,0
04/08/2019 16:50,SCH - PJM_VFT,325658,0,0,0
04/08/2019 16:50,SPR/DUN-SOUTH,23320,2912.83,4600,-9999
04/08/2019 16:50,TOTAL EAST,23314,4680.5,6800,-9999
04/08/2019 16:50,UPNY CONED,23315,3527.78,5700,-9999
04/08/2019 16:50,WEST CENTRAL,23312,304.44,9999,-9999
04/08/2019 16:55,CENTRAL EAST - VC,23330,2263.22,2365,-9999
04/08/2019 16:55,DYSINGER EAST,23326,792.65,3150,-9999
04/08/2019 16:55,MOSES SOUTH,23319,1845.5,3150,-1600
04/08/2019 16:55,SCH - HQ - NY,23324,1230,1450,-1000
04/08/2019 16:55,SCH - HQ_CEDARS,325274,0,160,0
04/08/2019 16:55,SCH - HQ_IMPORT_EXPORT,325376,1075,1310,-9999
04/08/2019 16:55,SCH - NE - NY,23318,-545.97,600,-800
04/08/2019 16:55,SCH - NPX_1385,325277,99,100,-100
04/08/2019 16:55,SCH - NPX_CSC,325154,330,330,-330
04/08/2019 16:55,SCH - OH - NY,23317,549.77,1300,-1750
04/08/2019 16:55,SCH - PJ - NY,23316,526.87,2000,-1300
04/08/2019 16:55,SCH - PJM_HTP,325905,100,660,-660
04/08/2019 16:55,SCH - PJM_NEPTUNE,325305,0,0,0
04/08/2019 16:55,SCH - PJM_VFT,325658,0,0,0
04/08/2019 16:55,SPR/DUN-SOUTH,23320,2905.7,4600,-9999
04/08/2019 16:55,TOTAL EAST,23314,4694,6800,-9999
04/08/2019 16:55,UPNY CONED,23315,3536.9,5700,-9999
04/08/2019 16:55,WEST CENTRAL,23312,356.85,9999,-9999
04/08/2019 17:00,CENTRAL EAST - VC,23330,2264.45,2365,-9999
04/08/2019 17:00,DYSINGER EAST,23326,814.35,3150,-9999
04/08/2019 17:00,MOSES SOUTH,23319,1870.96,3150,-1600
04/08/2019 17:00,SCH - HQ - NY,23324,1208,1450,-1000
04/08/2019 17:00,SCH - HQ_CEDARS,325274,0,160,0
04/08/2019 17:00,SCH - HQ_IMPORT_EXPORT,325376,1053,1310,-9999
04/08/2019 17:00,SCH - NE - NY,23318,-519.99,600,-800
04/08/2019 17:00,SCH - NPX_1385,325277,94,100,-100
04/08/2019 17:00,SCH - NPX_CSC,325154,330,330,-330
04/08/2019 17:00,SCH - OH - NY,23317,705.51,1300,-1750
04/08/2019 17:00,SCH - PJ - NY,23316,466.37,2000,-1300
04/08/2019 17:00,SCH - PJM_HTP,325905,100,660,-660
04/08/2019 17:00,SCH - PJM_NEPTUNE,325305,0,0,0
04/08/2019 17:00,SCH - PJM_VFT,325658,0,0,0
04/08/2019 17:00,SPR/DUN-SOUTH,23320,2927.56,4600,-9999
04/08/2019 17:00,TOTAL EAST,23314,4605.89,6800,-9999
04/08/2019 17:00,UPNY CONED,23315,3556.47,5700,-9999
04/08/2019 17:00,WEST CENTRAL,23312,375.18,9999,-9999
04/08/2019 17:05,CENTRAL EAST - VC,23330,2259.65,2365,-9999
04/08/2019 17:05,DYSINGER EAST,23326,825.38,3150,-9999
04/08/2019 17:05,MOSES SOUTH,23319,1872.07,3150,-1600
04/08/2019 17:05,SCH - HQ - NY,23324,1187,1450,-1000
04/08/2019 17:05,SCH - HQ_CEDARS,325274,0,160,0
04/08/2019 17:05,SCH - HQ_IMPORT_EXPORT,325376,1032,1310,-9999
04/08/2019 17:05,SCH - NE - NY,23318,-494.99,600,-800
04/08/2019 17:05,SCH - NPX_1385,325277,89,100,-100
04/08/2019 17:05,SCH - NPX_CSC,325154,330,330,-330
04/08/2019 17:05,SCH - OH - NY,23317,862.18,1300,-1750
04/08/2019 17:05,SCH - PJ - NY,23316,400.75,2000,-1300
04/08/2019 17:05,SCH - PJM_HTP,325905,100,660,-660
04/08/2019 17:05,SCH - PJM_NEPTUNE,325305,0,0,0
04/08/2019 17:05,SCH - PJM_VFT,325658,0,0,0
04/08/2019 17:05,SPR/DUN-SOUTH,23320,2955,4600,-9999
04/08/2019 17:05,TOTAL EAST,23314,4635.12,6800,-9999
04/08/2019 17:05,UPNY CONED,23315,3586.17,5700,-9999
04/08/2019 17:05,WEST CENTRAL,23312,383.69,9999,-9999
04/08/2019 17:10,CENTRAL EAST - VC,23330,2254.42,2365,-9999
04/08/2019 17:10,DYSINGER EAST,23326,791.75,3150,-9999
04/08/2019 17:10,MOSES SOUTH,23319,1896.06,3150,-1600
04/08/2019 17:10,SCH - HQ - NY,23324,1187,1450,-1000
04/08/2019 17:10,SCH - HQ_CEDARS,325274,0,160,0
04/08/2019 17:10,SCH - HQ_IMPORT_EXPORT,325376,1032,1310,-9999
04/08/2019 17:10,SCH - NE - NY,23318,-495,600,-800
04/08/2019 17:10,SCH - NPX_1385,325277,89,100,-100
04/08/2019 17:10,SCH - NPX_CSC,325154,330,330,-330
04/08/2019 17:10,SCH - OH - NY,23317,862.18,1300,-1750
04/08/2019 17:10,SCH - PJ - NY,23316,399.71,2000,-1300
04/08/2019 17:10,SCH - PJM_HTP,325905,100,660,-660
04/08/2019 17:10,SCH - PJM_NEPTUNE,325305,0,0,0
04/08/2019 17:10,SCH - PJM_VFT,325658,0,0,0
04/08/2019 17:10,SPR/DUN-SOUTH,23320,2931.08,4600,-9999
04/08/2019 17:10,TOTAL EAST,23314,4647.21,6800,-9999
04/08/2019 17:10,UPNY CONED,23315,3565.26,5700,-9999
04/08/2019 17:10,WEST CENTRAL,23312,351.72,9999,-9999
04/08/2019 17:15,CENTRAL EAST - VC,23330,2252.98,2365,-9999
04/08/2019 17:15,DYSINGER EAST,23326,825.05,3150,-9999
04/08/2019 17:15,MOSES SOUTH,23319,1921,3150,-1600
04/08/2019 17:15,SCH - HQ - NY,23324,1187,1450,-1000
04/08/2019 17:15,SCH - HQ_CEDARS,325274,0,160,0
04/08/2019 17:15,SCH - HQ_IMPORT_EXPORT,325376,1032,1310,-9999
04/08/2019 17:15,SCH - NE - NY,23318,-489,600,-800
04/08/2019 17:15,SCH - NPX_1385,325277,89,100,-100
04/08/2019 17:15,SCH - NPX_CSC,325154,330,330,-330
04/08/2019 17:15,SCH - OH - NY,23317,862.21,1300,-1750
04/08/2019 17:15,SCH - PJ - NY,23316,396.77,2000,-1300
04/08/2019 17:15,SCH - PJM_HTP,325905,100,660,-660
04/08/2019 17:15,SCH - PJM_NEPTUNE,325305,0,0,0
04/08/2019 17:15,SCH - PJM_VFT,325658,0,0,0
04/08/2019 17:15,SPR/DUN-SOUTH,23320,2883.01,4600,-9999
04/08/2019 17:15,TOTAL EAST,23314,4541.55,6800,-9999
04/08/2019 17:15,UPNY CONED,23315,3509.48,5700,-9999
04/08/2019 17:15,WEST CENTRAL,23312,385.32,9999,-9999
04/08/2019 17:20,CENTRAL EAST - VC,23330,2251.62,2365,-9999
04/08/2019 17:20,DYSINGER EAST,23326,850.6,3150,-9999
04/08/2019 17:20,MOSES SOUTH,23319,1970.57,3150,-1600
04/08/2019 17:20,SCH - HQ - NY,23324,1187,1450,-1000
04/08/2019 17:20,SCH - HQ_CEDARS,325274,0,160,0
04/08/2019 17:20,SCH - HQ_IMPORT_EXPORT,325376,1032,1310,-9999
04/08/2019 17:20,SCH - NE - NY,23318,-484,600,-800
04/08/2019 17:20,SCH - NPX_1385,325277,89,100,-100
04/08/2019 17:20,SCH - NPX_CSC,325154,330,330,-330
04/08/2019 17:20,SCH - OH - NY,23317,862.24,1300,-1750
04/08/2019 17:20,SCH - PJ - NY,23316,396.68,2000,-1300
04/08/2019 17:20,SCH - PJM_HTP,325905,100,660,-660
04/08/2019 17:20,SCH - PJM_NEPTUNE,325305,0,0,0
04/08/2019 17:20,SCH - PJM_VFT,325658,0,0,0
04/08/2019 17:20,SPR/DUN-SOUTH,23320,2844.33,4600,-9999
04/08/2019 17:20,TOTAL EAST,23314,4511.69,6800,-9999
04/08/2019 17:20,UPNY CONED,23315,3487.46,5700,-9999
04/08/2019 17:20,WEST CENTRAL,23312,410.69,9999,-9999
04/08/2019 17:25,CENTRAL EAST - VC,23330,2258.2,2365,-9999
04/08/2019 17:25,DYSINGER EAST,23326,975.18,3150,-9999
04/08/2019 17:25,MOSES SOUTH,23319,1903.05,3150,-1600
04/08/2019 17:25,SCH - HQ - NY,23324,1187,1450,-1000
04/08/2019 17:25,SCH - HQ_CEDARS,325274,0,160,0
04/08/2019 17:25,SCH - HQ_IMPORT_EXPORT,325376,1032,1310,-9999
04/08/2019 17:25,SCH - NE - NY,23318,-484.01,600,-800
04/08/2019 17:25,SCH - NPX_1385,325277,89,100,-100
04/08/2019 17:25,SCH - NPX_CSC,325154,330,330,-330
04/08/2019 17:25,SCH - OH - NY,23317,862.34,1300,-1750
04/08/2019 17:25,SCH - PJ - NY,23316,394.58,2000,-1300
04/08/2019 17:25,SCH - PJM_HTP,325905,100,660,-660
04/08/2019 17:25,SCH - PJM_NEPTUNE,325305,0,0,0
04/08/2019 17:25,SCH - PJM_VFT,325658,0,0,0
04/08/2019 17:25,SPR/DUN-SOUTH,23320,2846.63,4600,-9999
04/08/2019 17:25,TOTAL EAST,23314,4572.19,6800,-9999
04/08/2019 17:25,UPNY CONED,23315,3502.53,5700,-9999
04/08/2019 17:25,WEST CENTRAL,23312,532.67,9999,-9999
04/08/2019 17:30,CENTRAL EAST - VC,23330,2251.92,2365,-9999
04/08/2019 17:30,DYSINGER EAST,23326,943.05,3150,-9999
04/08/2019 17:30,MOSES SOUTH,23319,1922.71,3150,-1600
04/08/2019 17:30,SCH - HQ - NY,23324,1187,1450,-1000
04/08/2019 17:30,SCH - HQ_CEDARS,325274,0,160,0
04/08/2019 17:30,SCH - HQ_IMPORT_EXPORT,325376,1032,1310,-9999
04/08/2019 17:30,SCH - NE - NY,23318,-488.02,600,-800
04/08/2019 17:30,SCH - NPX_1385,325277,89,100,-100
04/08/2019 17:30,SCH - NPX_CSC,325154,330,330,-330
04/08/2019 17:30,SCH - OH - NY,23317,862.33,1300,-1750
04/08/2019 17:30,SCH - PJ - NY,23316,395.17,2000,-1300
04/08/2019 17:30,SCH - PJM_HTP,325905,100,660,-660
04/08/2019 17:30,SCH - PJM_NEPTUNE,325305,0,0,0
04/08/2019 17:30,SCH - PJM_VFT,325658,0,0,0
04/08/2019 17:30,SPR/DUN-SOUTH,23320,2819.76,4600,-9999
04/08/2019 17:30,TOTAL EAST,23314,4543.82,6800,-9999
04/08/2019 17:30,UPNY CONED,23315,3473.38,5700,-9999
04/08/2019 17:30,WEST CENTRAL,23312,500.16,9999,-9999
04/08/2019 17:35,CENTRAL EAST - VC,23330,2253.36,2365,-9999
04/08/2019 17:35,DYSINGER EAST,23326,946.56,3150,-9999
04/08/2019 17:35,MOSES SOUTH,23319,1913.57,3150,-1600
04/08/2019 17:35,SCH - HQ - NY,23324,1187,1450,-1000
04/08/2019 17:35,SCH - HQ_CEDARS,325274,0,160,0
04/08/2019 17:35,SCH - HQ_IMPORT_EXPORT,325376,1032,1310,-9999
04/08/2019 17:35,SCH - NE - NY,23318,-493,600,-800
04/08/2019 17:35,SCH - NPX_1385,325277,89,100,-100
04/08/2019 17:35,SCH - NPX_CSC,325154,330,330,-330
04/08/2019 17:35,SCH - OH - NY,23317,862.35,1300,-1750
04/08/2019 17:35,SCH - PJ - NY,23316,397.47,2000,-1300
04/08/2019 17:35,SCH - PJM_HTP,325905,100,660,-660
04/08/2019 17:35,SCH - PJM_NEPTUNE,325305,0,0,0
04/08/2019 17:35,SCH - PJM_VFT,325658,0,0,0
04/08/2019 17:35,SPR/DUN-SOUTH,23320,2779.69,4600,-9999
04/08/2019 17:35,TOTAL EAST,23314,4549.02,6800,-9999
04/08/2019 17:35,UPNY CONED,23315,3447.87,5700,-9999
04/08/2019 17:35,WEST CENTRAL,23312,504.25,9999,-9999
04/08/2019 17:40,CENTRAL EAST - VC,23330,2256.09,2365,-9999
04/08/2019 17:40,DYSINGER EAST,23326,940.31,3150,-9999
04/08/2019 17:40,MOSES SOUTH,23319,1882.67,3150,-1600
04/08/2019 17:40,SCH - HQ - NY,23324,1187,1450,-1000
04/08/2019 17:40,SCH - HQ_CEDARS,325274,0,160,0
04/08/2019 17:40,SCH - HQ_IMPORT_EXPORT,325376,1032,1310,-9999
04/08/2019 17:40,SCH - NE - NY,23318,-493,600,-800
04/08/2019 17:40,SCH - NPX_1385,325277,89,100,-100
04/08/2019 17:40,SCH - NPX_CSC,325154,330,330,-330
04/08/2019 17:40,SCH - OH - NY,23317,862.34,1300,-1750
04/08/2019 17:40,SCH - PJ - NY,23316,394.53,2000,-1300
04/08/2019 17:40,SCH - PJM_HTP,325905,100,660,-660
04/08/2019 17:40,SCH - PJM_NEPTUNE,325305,0,0,0
04/08/2019 17:40,SCH - PJM_VFT,325658,0,0,0
04/08/2019 17:40,SPR/DUN-SOUTH,23320,2787.2,4600,-9999
04/08/2019 17:40,TOTAL EAST,23314,4546.57,6800,-9999
04/08/2019 17:40,UPNY CONED,23315,3465.51,5700,-9999
04/08/2019 17:40,WEST CENTRAL,23312,496.44,9999,-9999
04/08/2019 17:45,CENTRAL EAST - VC,23330,2257.24,2365,-9999
04/08/2019 17:45,DYSINGER EAST,23326,992.07,3150,-9999
04/08/2019 17:45,MOSES SOUTH,23319,1853.37,3150,-1600
04/08/2019 17:45,SCH - HQ - NY,23324,1187,1450,-1000
04/08/2019 17:45,SCH - HQ_CEDARS,325274,0,160,0
04/08/2019 17:45,SCH - HQ_IMPORT_EXPORT,325376,1032,1310,-9999
04/08/2019 17:45,SCH - NE - NY,23318,-464.03,600,-800
04/08/2019 17:45,SCH - NPX_1385,325277,89,100,-100
04/08/2019 17:45,SCH - NPX_CSC,325154,330,330,-330
04/08/2019 17:45,SCH - OH - NY,23317,862.44,1300,-1750
04/08/2019 17:45,SCH - PJ - NY,23316,397.74,2000,-1300
04/08/2019 17:45,SCH - PJM_HTP,325905,100,660,-660
04/08/2019 17:45,SCH - PJM_NEPTUNE,325305,0,0,0
04/08/2019 17:45,SCH - PJM_VFT,325658,0,0,0
04/08/2019 17:45,SPR/DUN-SOUTH,23320,2806.31,4600,-9999
04/08/2019 17:45,TOTAL EAST,23314,4520.55,6800,-9999
04/08/2019 17:45,UPNY CONED,23315,3494.6,5700,-9999
04/08/2019 17:45,WEST CENTRAL,23312,546.26,9999,-9999
04/08/2019 17:50,CENTRAL EAST - VC,23330,2262.01,2365,-9999
04/08/2019 17:50,DYSINGER EAST,23326,1049.66,3150,-9999
04/08/2019 17:50,MOSES SOUTH,23319,1832.6,3150,-1600
04/08/2019 17:50,SCH - HQ - NY,23324,1187,1450,-1000
04/08/2019 17:50,SCH - HQ_CEDARS,325274,0,160,0
04/08/2019 17:50,SCH - HQ_IMPORT_EXPORT,325376,1032,1310,-9999
04/08/2019 17:50,SCH - NE - NY,23318,-436.03,600,-800
04/08/2019 17:50,SCH - NPX_1385,325277,89,100,-100
04/08/2019 17:50,SCH - NPX_CSC,325154,330,330,-330
04/08/2019 17:50,SCH - OH - NY,23317,862.32,1300,-1750
04/08/2019 17:50,SCH - PJ - NY,23316,395.76,2000,-1300
04/08/2019 17:50,SCH - PJM_HTP,325905,100,660,-660
04/08/2019 17:50,SCH - PJM_NEPTUNE,325305,0,0,0
04/08/2019 17:50,SCH - PJM_VFT,325658,0,0,0
04/08/2019 17:50,SPR/DUN-SOUTH,23320,2869.01,4600,-9999
04/08/2019 17:50,TOTAL EAST,23314,4595.24,6800,-9999
04/08/2019 17:50,UPNY CONED,23315,3560.55,5700,-9999
04/08/2019 17:50,WEST CENTRAL,23312,599.43,9999,-9999
04/08/2019 17:55,CENTRAL EAST - VC,23330,2262.52,2365,-9999
04/08/2019 17:55,DYSINGER EAST,23326,1084.22,3150,-9999
04/08/2019 17:55,MOSES SOUTH,23319,1811.29,3150,-1600
04/08/2019 17:55,SCH - HQ - NY,23324,1187,1450,-1000
04/08/2019 17:55,SCH - HQ_CEDARS,325274,0,160,0
04/08/2019 17:55,SCH - HQ_IMPORT_EXPORT,325376,1032,1310,-9999
04/08/2019 17:55,SCH - NE - NY,23318,-436.03,600,-800
04/08/2019 17:55,SCH - NPX_1385,325277,89,100,-100
04/08/2019 17:55,SCH - NPX_CSC,325154,330,330,-330
04/08/2019 17:55,SCH - OH - NY,23317,862.18,1300,-1750
04/08/2019 17:55,SCH - PJ - NY,23316,394.94,2000,-1300
04/08/2019 17:55,SCH - PJM_HTP,325905,100,660,-660
04/08/2019 17:55,SCH - PJM_NEPTUNE,325305,0,0,0
04/08/2019 17:55,SCH - PJM_VFT,325658,0,0,0
04/08/2019 17:55,SPR/DUN-SOUTH,23320,2884.71,4600,-9999
04/08/2019 17:55,TOTAL EAST,23314,4643.52,6800,-9999
04/08/2019 17:55,UPNY CONED,23315,3578.57,5700,-9999
04/08/2019 17:55,WEST CENTRAL,23312,628.99,9999,-9999
04/08/2019 18:00,CENTRAL EAST - VC,23330,2251.12,2365,-9999
04/08/2019 18:00,DYSINGER EAST,23326,1101.88,3150,-9999
04/08/2019 18:00,MOSES SOUTH,23319,1706.67,3150,-1600
04/08/2019 18:00,SCH - HQ - NY,23324,1037,1450,-1000
04/08/2019 18:00,SCH - HQ_CEDARS,325274,0,160,0
04/08/2019 18:00,SCH - HQ_IMPORT_EXPORT,325376,882,1310,-9999
04/08/2019 18:00,SCH - NE - NY,23318,-518,600,-800
04/08/2019 18:00,SCH - NPX_1385,325277,57,100,-100
04/08/2019 18:00,SCH - NPX_CSC,325154,330,330,-330
04/08/2019 18:00,SCH - OH - NY,23317,808.51,1300,-1750
04/08/2019 18:00,SCH - PJ - NY,23316,599.46,2000,-1300
04/08/2019 18:00,SCH - PJM_HTP,325905,100,660,-660
04/08/2019 18:00,SCH - PJM_NEPTUNE,325305,0,0,0
04/08/2019 18:00,SCH - PJM_VFT,325658,0,0,0
04/08/2019 18:00,SPR/DUN-SOUTH,23320,2973.93,4600,-9999
04/08/2019 18:00,TOTAL EAST,23314,4641.53,6800,-9999
04/08/2019 18:00,UPNY CONED,23315,3449.34,5700,-9999
04/08/2019 18:00,WEST CENTRAL,23312,648.95,9999,-9999
04/08/2019 18:05,CENTRAL EAST - VC,23330,2264.64,2365,-9999
04/08/2019 18:05,DYSINGER EAST,23326,1198.01,3150,-9999
04/08/2019 18:05,MOSES SOUTH,23319,1543.63,3150,-1600
04/08/2019 18:05,SCH - HQ - NY,23324,887,1450,-1000
04/08/2019 18:05,SCH - HQ_CEDARS,325274,0,160,0
04/08/2019 18:05,SCH - HQ_IMPORT_EXPORT,325376,732,1310,-9999
04/08/2019 18:05,SCH - NE - NY,23318,-599.95,600,-800
04/08/2019 18:05,SCH - NPX_1385,325277,25,100,-100
04/08/2019 18:05,SCH - NPX_CSC,325154,330,330,-330
04/08/2019 18:05,SCH - OH - NY,23317,755.64,1300,-1750
04/08/2019 18:05,SCH - PJ - NY,23316,821.89,2000,-1300
04/08/2019 18:05,SCH - PJM_HTP,325905,100,660,-660
04/08/2019 18:05,SCH - PJM_NEPTUNE,325305,0,0,0
04/08/2019 18:05,SCH - PJM_VFT,325658,0,0,0
04/08/2019 18:05,SPR/DUN-SOUTH,23320,2905.92,4600,-9999
04/08/2019 18:05,TOTAL EAST,23314,4645.7,6800,-9999
04/08/2019 18:05,UPNY CONED,23315,3403.73,5700,-9999
04/08/2019 18:05,WEST CENTRAL,23312,746.56,9999,-9999
04/08/2019 18:10,CENTRAL EAST - VC,23330,2262.32,2365,-9999
04/08/2019 18:10,DYSINGER EAST,23326,1185.57,3150,-9999
04/08/2019 18:10,MOSES SOUTH,23319,1562.47,3150,-1600
04/08/2019 18:10,SCH - HQ - NY,23324,887,1450,-1000
04/08/2019 18:10,SCH - HQ_CEDARS,325274,0,160,0
04/08/2019 18:10,SCH - HQ_IMPORT_EXPORT,325376,732,1310,-9999
04/08/2019 18:10,SCH - NE - NY,23318,-599.95,600,-800
04/08/2019 18:10,SCH - NPX_1385,325277,25,100,-100
04/08/2019 18:10,SCH - NPX_CSC,325154,330,330,-330
04/08/2019 18:10,SCH - OH - NY,23317,755.53,1300,-1750
04/08/2019 18:10,SCH - PJ - NY,23316,823.04,2000,-1300
04/08/2019 18:10,SCH - PJM_HTP,325905,100,660,-660
04/08/2019 18:10,SCH - PJM_NEPTUNE,325305,0,0,0
04/08/2019 18:10,SCH - PJM_VFT,325658,0,0,0
04/08/2019 18:10,SPR/DUN-SOUTH,23320,2885.72,4600,-9999
04/08/2019 18:10,TOTAL EAST,23314,4685.1,6800,-9999
04/08/2019 18:10,UPNY CONED,23315,3406.23,5700,-9999
04/08/2019 18:10,WEST CENTRAL,23312,735,9999,-9999
04/08/2019 18:15,CENTRAL EAST - VC,23330,2265.12,2365,-9999
04/08/2019 18:15,DYSINGER EAST,23326,1110.58,3150,-9999
04/08/2019 18:15,MOSES SOUTH,23319,1684.86,3150,-1600
04/08/2019 18:15,SCH - HQ - NY,23324,887,1450,-1000
04/08/2019 18:15,SCH - HQ_CEDARS,325274,0,160,0
04/08/2019 18:15,SCH - HQ_IMPORT_EXPORT,325376,732,1310,-9999
04/08/2019 18:15,SCH - NE - NY,23318,-599.95,600,-800
04/08/2019 18:15,SCH - NPX_1385,325277,25,100,-100
04/08/2019 18:15,SCH - NPX_CSC,325154,330,330,-330
04/08/2019 18:15,SCH - OH - NY,23317,755.58,1300,-1750
04/08/2019 18:15,SCH - PJ - NY,23316,780.59,2000,-1300
04/08/2019 18:15,SCH - PJM_HTP,325905,100,660,-660
04/08/2019 18:15,SCH - PJM_NEPTUNE,325305,0,0,0
04/08/2019 18:15,SCH - PJM_VFT,325658,0,0,0
04/08/2019 18:15,SPR/DUN-SOUTH,23320,2856.17,4600,-9999
04/08/2019 18:15,TOTAL EAST,23314,4657.17,6800,-9999
04/08/2019 18:15,UPNY CONED,23315,3375.21,5700,-9999
04/08/2019 18:15,WEST CENTRAL,23312,667.46,9999,-9999
04/08/2019 18:20,CENTRAL EAST - VC,23330,2264.16,2365,-9999
04/08/2019 18:20,DYSINGER EAST,23326,1125.64,3150,-9999
04/08/2019 18:20,MOSES SOUTH,23319,1697.09,3150,-1600
04/08/2019 18:20,SCH - HQ - NY,23324,887,1450,-1000
04/08/2019 18:20,SCH - HQ_CEDARS,325274,0,160,0
04/08/2019 18:20,SCH - HQ_IMPORT_EXPORT,325376,732,1310,-9999
04/08/2019 18:20,SCH - NE - NY,23318,-599.95,600,-800
04/08/2019 18:20,SCH - NPX_1385,325277,25,100,-100
04/08/2019 18:20,SCH - NPX_CSC,325154,330,330,-330
04/08/2019 18:20,SCH - OH - NY,23317,755.65,1300,-1750
04/08/2019 18:20,SCH - PJ - NY,23316,735.45,2000,-1300
04/08/2019 18:20,SCH - PJM_HTP,325905,100,660,-660
04/08/2019 18:20,SCH - PJM_NEPTUNE,325305,0,0,0
04/08/2019 18:20,SCH - PJM_VFT,325658,0,0,0
04/08/2019 18:20,SPR/DUN-SOUTH,23320,2820.66,4600,-9999
04/08/2019 18:20,TOTAL EAST,23314,4609.14,6800,-9999
04/08/2019 18:20,UPNY CONED,23315,3326.7,5700,-9999
04/08/2019 18:20,WEST CENTRAL,23312,683.29,9999,-9999
04/08/2019 18:25,CENTRAL EAST - VC,23330,2251.11,2365,-9999
04/08/2019 18:25,DYSINGER EAST,23326,1102.8,3150,-9999
04/08/2019 18:25,MOSES SOUTH,23319,1694.59,3150,-1600
04/08/2019 18:25,SCH - HQ - NY,23324,887,1450,-1000
04/08/2019 18:25,SCH - HQ_CEDARS,325274,0,160,0
04/08/2019 18:25,SCH - HQ_IMPORT_EXPORT,325376,732,1310,-9999
04/08/2019 18:25,SCH - NE - NY,23318,-599.95,600,-800
04/08/2019 18:25,SCH - NPX_1385,325277,25,100,-100
04/08/2019 18:25,SCH - NPX_CSC,325154,330,330,-330
04/08/2019 18:25,SCH - OH - NY,23317,755.62,1300,-1750
04/08/2019 18:25,SCH - PJ - NY,23316,734.39,2000,-1300
04/08/2019 18:25,SCH - PJM_HTP,325905,100,660,-660
04/08/2019 18:25,SCH - PJM_NEPTUNE,325305,0,0,0
04/08/2019 18:25,SCH - PJM_VFT,325658,0,0,0
04/08/2019 18:25,SPR/DUN-SOUTH,23320,2798.21,4600,-9999
04/08/2019 18:25,TOTAL EAST,23314,4596.45,6800,-9999
04/08/2019 18:25,UPNY CONED,23315,3302.86,5700,-9999
04/08/2019 18:25,WEST CENTRAL,23312,659.85,9999,-9999
04/08/2019 18:30,CENTRAL EAST - VC,23330,2256.66,2365,-9999
04/08/2019 18:30,DYSINGER EAST,23326,1102.52,3150,-9999
04/08/2019 18:30,MOSES SOUTH,23319,1714.71,3150,-1600
04/08/2019 18:30,SCH - HQ - NY,23324,887,1450,-1000
04/08/2019 18:30,SCH - HQ_CEDARS,325274,0,160,0
04/08/2019 18:30,SCH - HQ_IMPORT_EXPORT,325376,732,1310,-9999
04/08/2019 18:30,SCH - NE - NY,23318,-599.95,600,-800
04/08/2019 18:30,SCH - NPX_1385,325277,25,100,-100
04/08/2019 18:30,SCH - NPX_CSC,325154,330,330,-330
04/08/2019 18:30,SCH - OH - NY,23317,755.67,1300,-1750
04/08/2019 18:30,SCH - PJ - NY,23316,708.23,2000,-1300
04/08/2019 18:30,SCH - PJM_HTP,325905,100,660,-660
04/08/2019 18:30,SCH - PJM_NEPTUNE,325305,0,0,0
04/08/2019 18:30,SCH - PJM_VFT,325658,0,0,0
04/08/2019 18:30,SPR/DUN-SOUTH,23320,2757.8,4600,-9999
04/08/2019 18:30,TOTAL EAST,23314,4565.38,6800,-9999
04/08/2019 18:30,UPNY CONED,23315,3263.28,5700,-9999
04/08/2019 18:30,WEST CENTRAL,23312,658.22,9999,-9999
04/08/2019 18:35,CENTRAL EAST - VC,23330,2238.15,2365,-9999
04/08/2019 18:35,DYSINGER EAST,23326,1061.69,3150,-9999
04/08/2019 18:35,MOSES SOUTH,23319,1706.38,3150,-1600
04/08/2019 18:35,SCH - HQ - NY,23324,887,1450,-1000
04/08/2019 18:35,SCH - HQ_CEDARS,325274,0,160,0
04/08/2019 18:35,SCH - HQ_IMPORT_EXPORT,325376,732,1310,-9999
04/08/2019 18:35,SCH - NE - NY,23318,-599.95,600,-800
04/08/2019 18:35,SCH - NPX_1385,325277,25,100,-100
04/08/2019 18:35,SCH - NPX_CSC,325154,330,330,-330
04/08/2019 18:35,SCH - OH - NY,23317,755.58,1300,-1750
04/08/2019 18:35,SCH - PJ - NY,23316,679.26,2000,-1300
04/08/2019 18:35,SCH - PJM_HTP,325905,100,660,-660
04/08/2019 18:35,SCH - PJM_NEPTUNE,325305,0,0,0
04/08/2019 18:35,SCH - PJM_VFT,325658,0,0,0
04/08/2019 18:35,SPR/DUN-SOUTH,23320,2711.02,4600,-9999
04/08/2019 18:35,TOTAL EAST,23314,4527.38,6800,-9999
04/08/2019 18:35,UPNY CONED,23315,3218.58,5700,-9999
04/08/2019 18:35,WEST CENTRAL,23312,617.84,9999,-9999
04/08/2019 18:40,CENTRAL EAST - VC,23330,2219.37,2365,-9999
04/08/2019 18:40,DYSINGER EAST,23326,1067.86,3150,-9999
04/08/2019 18:40,MOSES SOUTH,23319,1682.32,3150,-1600
04/08/2019 18:40,SCH - HQ - NY,23324,887,1450,-1000
04/08/2019 18:40,SCH - HQ_CEDARS,325274,0,160,0
04/08/2019 18:40,SCH - HQ_IMPORT_EXPORT,325376,732,1310,-9999
04/08/2019 18:40,SCH - NE - NY,23318,-599.95,600,-800
04/08/2019 18:40,SCH - NPX_1385,325277,25,100,-100
04/08/2019 18:40,SCH - NPX_CSC,325154,330,330,-330
04/08/2019 18:40,SCH - OH - NY,23317,755.58,1300,-1750
04/08/2019 18:40,SCH - PJ - NY,23316,680.28,2000,-1300
04/08/2019 18:40,SCH - PJM_HTP,325905,100,660,-660
04/08/2019 18:40,SCH - PJM_NEPTUNE,325305,0,0,0
04/08/2019 18:40,SCH - PJM_VFT,325658,0,0,0
04/08/2019 18:40,SPR/DUN-SOUTH,23320,2699.44,4600,-9999
04/08/2019 18:40,TOTAL EAST,23314,4474.67,6800,-9999
04/08/2019 18:40,UPNY CONED,23315,3206.39,5700,-9999
04/08/2019 18:40,WEST CENTRAL,23312,624.05,9999,-9999
04/08/2019 18:45,CENTRAL EAST - VC,23330,2210.22,2365,-9999
04/08/2019 18:45,DYSINGER EAST,23326,1094.38,3150,-9999
04/08/2019 18:45,MOSES SOUTH,23319,1672.3,3150,-1600
04/08/2019 18:45,SCH - HQ - NY,23324,887,1450,-1000
04/08/2019 18:45,SCH - HQ_CEDARS,325274,0,160,0
04/08/2019 18:45,SCH - HQ_IMPORT_EXPORT,325376,732,1310,-9999
04/08/2019 18:45,SCH - NE - NY,23318,-599.95,600,-800
04/08/2019 18:45,SCH - NPX_1385,325277,25,100,-100
04/08/2019 18:45,SCH - NPX_CSC,325154,330,330,-330
04/08/2019 18:45,SCH - OH - NY,23317,755.66,1300,-1750
04/08/2019 18:45,SCH - PJ - NY,23316,700.21,2000,-1300
04/08/2019 18:45,SCH - PJM_HTP,325905,100,660,-660
04/08/2019 18:45,SCH - PJM_NEPTUNE,325305,0,0,0
04/08/2019 18:45,SCH - PJM_VFT,325658,0,0,0
04/08/2019 18:45,SPR/DUN-SOUTH,23320,2675.51,4600,-9999
04/08/2019 18:45,TOTAL EAST,23314,4460.79,6800,-9999
04/08/2019 18:45,UPNY CONED,23315,3192.2,5700,-9999
04/08/2019 18:45,WEST CENTRAL,23312,646.71,9999,-9999
04/08/2019 18:50,CENTRAL EAST - VC,23330,2228.25,2365,-9999
04/08/2019 18:50,DYSINGER EAST,23326,1147.99,3150,-9999
04/08/2019 18:50,MOSES SOUTH,23319,1660.51,3150,-1600
04/08/2019 18:50,SCH - HQ - NY,23324,887,1450,-1000
04/08/2019 18:50,SCH - HQ_CEDARS,325274,0,160,0
04/08/2019 18:50,SCH - HQ_IMPORT_EXPORT,325376,732,1310,-9999
04/08/2019 18:50,SCH - NE - NY,23318,-599.95,600,-800
04/08/2019 18:50,SCH - NPX_1385,325277,25,100,-100
04/08/2019 18:50,SCH - NPX_CSC,325154,330,330,-330
04/08/2019 18:50,SCH - OH - NY,23317,755.69,1300,-1750
04/08/2019 18:50,SCH - PJ - NY,23316,719.41,2000,-1300
04/08/2019 18:50,SCH - PJM_HTP,325905,100,660,-660
04/08/2019 18:50,SCH - PJM_NEPTUNE,325305,0,0,0
04/08/2019 18:50,SCH - PJM_VFT,325658,0,0,0
04/08/2019 18:50,SPR/DUN-SOUTH,23320,2637.94,4600,-9999
04/08/2019 18:50,TOTAL EAST,23314,4420.88,6800,-9999
04/08/2019 18:50,UPNY CONED,23315,3175.89,5700,-9999
04/08/2019 18:50,WEST CENTRAL,23312,696.28,9999,-9999
04/08/2019 18:55,CENTRAL EAST - VC,23330,2214.94,2365,-9999
04/08/2019 18:55,DYSINGER EAST,23326,1112.93,3150,-9999
04/08/2019 18:55,MOSES SOUTH,23319,1659.24,3150,-1600
04/08/2019 18:55,SCH - HQ - NY,23324,887,1450,-1000
04/08/2019 18:55,SCH - HQ_CEDARS,325274,0,160,0
04/08/2019 18:55,SCH - HQ_IMPORT_EXPORT,325376,732,1310,-9999
04/08/2019 18:55,SCH - NE - NY,23318,-599.96,600,-800
04/08/2019 18:55,SCH - NPX_1385,325277,25,100,-100
04/08/2019 18:55,SCH - NPX_CSC,325154,330,330,-330
04/08/2019 18:55,SCH - OH - NY,23317,755.63,1300,-1750
04/08/2019 18:55,SCH - PJ - NY,23316,723.36,2000,-1300
04/08/2019 18:55,SCH - PJM_HTP,325905,100,660,-660
04/08/2019 18:55,SCH - PJM_NEPTUNE,325305,0,0,0
04/08/2019 18:55,SCH - PJM_VFT,325658,0,0,0
04/08/2019 18:55,SPR/DUN-SOUTH,23320,2607.38,4600,-9999
04/08/2019 18:55,TOTAL EAST,23314,4420.72,6800,-9999
04/08/2019 18:55,UPNY CONED,23315,3157.02,5700,-9999
04/08/2019 18:55,WEST CENTRAL,23312,661.08,9999,-9999
04/08/2019 19:00,CENTRAL EAST - VC,23330,2178.28,2365,-9999
04/08/2019 19:00,DYSINGER EAST,23326,1091.31,3150,-9999
04/08/2019 19:00,MOSES SOUTH,23319,1595.94,3150,-1600
04/08/2019 19:00,SCH - HQ - NY,23324,833,1450,-1000
04/08/2019 19:00,SCH - HQ_CEDARS,325274,0,160,0
04/08/2019 19:00,SCH - HQ_IMPORT_EXPORT,325376,678,1310,-9999
04/08/2019 19:00,SCH - NE - NY,23318,-599.96,600,-800
04/08/2019 19:00,SCH - NPX_1385,325277,42,100,-100
04/08/2019 19:00,SCH - NPX_CSC,325154,330,330,-330
04/08/2019 19:00,SCH - OH - NY,23317,640.97,1300,-1750
04/08/2019 19:00,SCH - PJ - NY,23316,763.89,2000,-1300
04/08/2019 19:00,SCH - PJM_HTP,325905,100,660,-660
04/08/2019 19:00,SCH - PJM_NEPTUNE,325305,0,0,0
04/08/2019 19:00,SCH - PJM_VFT,325658,0,0,0
04/08/2019 19:00,SPR/DUN-SOUTH,23320,2695.13,4600,-9999
04/08/2019 19:00,TOTAL EAST,23314,4331.63,6800,-9999
04/08/2019 19:00,UPNY CONED,23315,3191.29,5700,-9999
04/08/2019 19:00,WEST CENTRAL,23312,639.71,9999,-9999
04/08/2019 19:05,CENTRAL EAST - VC,23330,2130.27,2365,-9999
04/08/2019 19:05,DYSINGER EAST,23326,1101.39,3150,-9999
04/08/2019 19:05,MOSES SOUTH,23319,1533.01,3150,-1600
04/08/2019 19:05,SCH - HQ - NY,23324,780,1450,-1000
04/08/2019 19:05,SCH - HQ_CEDARS,325274,0,160,0
04/08/2019 19:05,SCH - HQ_IMPORT_EXPORT,325376,625,1310,-9999
04/08/2019 19:05,SCH - NE - NY,23318,-599.97,600,-800
04/08/2019 19:05,SCH - NPX_1385,325277,60,100,-100
04/08/2019 19:05,SCH - NPX_CSC,325154,330,330,-330
04/08/2019 19:05,SCH - OH - NY,23317,531.96,1300,-1750
04/08/2019 19:05,SCH - PJ - NY,23316,803.83,2000,-1300
04/08/2019 19:05,SCH - PJM_HTP,325905,100,660,-660
04/08/2019 19:05,SCH - PJM_NEPTUNE,325305,0,0,0
04/08/2019 19:05,SCH - PJM_VFT,325658,0,0,0
04/08/2019 19:05,SPR/DUN-SOUTH,23320,2625.52,4600,-9999
04/08/2019 19:05,TOTAL EAST,23314,4234.41,6800,-9999
04/08/2019 19:05,UPNY CONED,23315,3120.63,5700,-9999
04/08/2019 19:05,WEST CENTRAL,23312,647.55,9999,-9999
04/08/2019 19:10,CENTRAL EAST - VC,23330,2094.78,2305,-9999
04/08/2019 19:10,DYSINGER EAST,23326,1075.64,3150,-9999
04/08/2019 19:10,MOSES SOUTH,23319,1518.57,3150,-1600
04/08/2019 19:10,SCH - HQ - NY,23324,780,1450,-1000
04/08/2019 19:10,SCH - HQ_CEDARS,325274,0,160,0
04/08/2019 19:10,SCH - HQ_IMPORT_EXPORT,325376,625,1310,-9999
04/08/2019 19:10,SCH - NE - NY,23318,-599.97,600,-800
04/08/2019 19:10,SCH - NPX_1385,325277,60,100,-100
04/08/2019 19:10,SCH - NPX_CSC,325154,330,330,-330
04/08/2019 19:10,SCH - OH - NY,23317,532,1300,-1750
04/08/2019 19:10,SCH - PJ - NY,23316,803.54,2000,-1300
04/08/2019 19:10,SCH - PJM_HTP,325905,100,660,-660
04/08/2019 19:10,SCH - PJM_NEPTUNE,325305,0,0,0
04/08/2019 19:10,SCH - PJM_VFT,325658,0,0,0
04/08/2019 19:10,SPR/DUN-SOUTH,23320,2637.81,4600,-9999
04/08/2019 19:10,TOTAL EAST,23314,4208.95,6800,-9999
04/08/2019 19:10,UPNY CONED,23315,3066.24,5700,-9999
04/08/2019 19:10,WEST CENTRAL,23312,620.24,9999,-9999
04/08/2019 19:15,CENTRAL EAST - VC,23330,2091.49,2305,-9999
04/08/2019 19:15,DYSINGER EAST,23326,1076.56,3150,-9999
04/08/2019 19:15,MOSES SOUTH,23319,1492.42,3150,-1600
04/08/2019 19:15,SCH - HQ - NY,23324,780,1450,-1000
04/08/2019 19:15,SCH - HQ_CEDARS,325274,0,160,0
04/08/2019 19:15,SCH - HQ_IMPORT_EXPORT,325376,625,1310,-9999
04/08/2019 19:15,SCH - NE - NY,23318,-599.98,600,-800
04/08/2019 19:15,SCH - NPX_1385,325277,60,100,-100
04/08/2019 19:15,SCH - NPX_CSC,325154,330,330,-330
04/08/2019 19:15,SCH - OH - NY,23317,531.48,1300,-1750
04/08/2019 19:15,SCH - PJ - NY,23316,826.85,2000,-1300
04/08/2019 19:15,SCH - PJM_HTP,325905,100,660,-660
04/08/2019 19:15,SCH - PJM_NEPTUNE,325305,0,0,0
04/08/2019 19:15,SCH - PJM_VFT,325658,0,0,0
04/08/2019 19:15,SPR/DUN-SOUTH,23320,2617.87,4600,-9999
04/08/2019 19:15,TOTAL EAST,23314,4192.21,6800,-9999
04/08/2019 19:15,UPNY CONED,23315,3059.79,5700,-9999
04/08/2019 19:15,WEST CENTRAL,23312,622.17,9999,-9999
04/08/2019 19:20,CENTRAL EAST - VC,23330,2113.07,2305,-9999
04/08/2019 19:20,DYSINGER EAST,23326,1126.39,3150,-9999
04/08/2019 19:20,MOSES SOUTH,23319,1504.43,3150,-1600
04/08/2019 19:20,SCH - HQ - NY,23324,780,1450,-1000
04/08/2019 19:20,SCH - HQ_CEDARS,325274,0,160,0
04/08/2019 19:20,SCH - HQ_IMPORT_EXPORT,325376,625,1310,-9999
04/08/2019 19:20,SCH - NE - NY,23318,-599.97,600,-800
04/08/2019 19:20,SCH - NPX_1385,325277,60,100,-100
04/08/2019 19:20,SCH - NPX_CSC,325154,330,330,-330
04/08/2019 19:20,SCH - OH - NY,23317,531.98,1300,-1750
04/08/2019 19:20,SCH - PJ - NY,23316,855.93,2000,-1300
04/08/2019 19:20,SCH - PJM_HTP,325905,100,660,-660
04/08/2019 19:20,SCH - PJM_NEPTUNE,325305,0,0,0
04/08/2019 19:20,SCH - PJM_VFT,325658,0,0,0
04/08/2019 19:20,SPR/DUN-SOUTH,23320,2598.23,4600,-9999
04/08/2019 19:20,TOTAL EAST,23314,4189.36,6800,-9999
04/08/2019 19:20,UPNY CONED,23315,3052.26,5700,-9999
04/08/2019 19:20,WEST CENTRAL,23312,669.88,9999,-9999
04/08/2019 19:25,CENTRAL EAST - VC,23330,2090.26,2305,-9999
04/08/2019 19:25,DYSINGER EAST,23326,1088.27,3150,-9999
04/08/2019 19:25,MOSES SOUTH,23319,1499.77,3150,-1600
04/08/2019 19:25,SCH - HQ - NY,23324,780,1450,-1000
04/08/2019 19:25,SCH - HQ_CEDARS,325274,0,160,0
04/08/2019 19:25,SCH - HQ_IMPORT_EXPORT,325376,625,1310,-9999
04/08/2019 19:25,SCH - NE - NY,23318,-599.96,600,-800
04/08/2019 19:25,SCH - NPX_1385,325277,60,100,-100
04/08/2019 19:25,SCH - NPX_CSC,325154,330,330,-330
04/08/2019 19:25,SCH - OH - NY,23317,531.94,1300,-1750
04/08/2019 19:25,SCH - PJ - NY,23316,855.73,2000,-1300
04/08/2019 19:25,SCH - PJM_HTP,325905,100,660,-660
04/08/2019 19:25,SCH - PJM_NEPTUNE,325305,0,0,0
04/08/2019 19:25,SCH - PJM_VFT,325658,0,0,0
04/08/2019 19:25,SPR/DUN-SOUTH,23320,2576.72,4600,-9999
04/08/2019 19:25,TOTAL EAST,23314,4185.98,6800,-9999
04/08/2019 19:25,UPNY CONED,23315,3040.68,5700,-9999
04/08/2019 19:25,WEST CENTRAL,23312,632.5,9999,-9999
04/08/2019 19:30,CENTRAL EAST - VC,23330,2102.14,2305,-9999
04/08/2019 19:30,DYSINGER EAST,23326,1128.98,3150,-9999
04/08/2019 19:30,MOSES SOUTH,23319,1515.1,3150,-1600
04/08/2019 19:30,SCH - HQ - NY,23324,780,1450,-1000
04/08/2019 19:30,SCH - HQ_CEDARS,325274,0,160,0
04/08/2019 19:30,SCH - HQ_IMPORT_EXPORT,325376,625,1310,-9999
04/08/2019 19:30,SCH - NE - NY,23318,-599.97,600,-800
04/08/2019 19:30,SCH - NPX_1385,325277,60,100,-100
04/08/2019 19:30,SCH - NPX_CSC,325154,330,330,-330
04/08/2019 19:30,SCH - OH - NY,23317,531.99,1300,-1750
04/08/2019 19:30,SCH - PJ - NY,23316,930.72,2000,-1300
04/08/2019 19:30,SCH - PJM_HTP,325905,100,660,-660
04/08/2019 19:30,SCH - PJM_NEPTUNE,325305,0,0,0
04/08/2019 19:30,SCH - PJM_VFT,325658,0,0,0
04/08/2019 19:30,SPR/DUN-SOUTH,23320,2582.62,4600,-9999
04/08/2019 19:30,TOTAL EAST,23314,4218,6800,-9999
04/08/2019 19:30,UPNY CONED,23315,3060.79,5700,-9999
04/08/2019 19:30,WEST CENTRAL,23312,673.43,9999,-9999
04/08/2019 19:35,CENTRAL EAST - VC,23330,2125.23,2305,-9999
04/08/2019 19:35,DYSINGER EAST,23326,1160.43,3150,-9999
04/08/2019 19:35,MOSES SOUTH,23319,1551.17,3150,-1600
04/08/2019 19:35,SCH - HQ - NY,23324,780,1450,-1000
04/08/2019 19:35,SCH - HQ_CEDARS,325274,0,160,0
04/08/2019 19:35,SCH - HQ_IMPORT_EXPORT,325376,625,1310,-9999
04/08/2019 19:35,SCH - NE - NY,23318,-599.96,600,-800
04/08/2019 19:35,SCH - NPX_1385,325277,60,100,-100
04/08/2019 19:35,SCH - NPX_CSC,325154,330,330,-330
04/08/2019 19:35,SCH - OH - NY,23317,532.07,1300,-1750
04/08/2019 19:35,SCH - PJ - NY,23316,1004.63,2000,-1300
04/08/2019 19:35,SCH - PJM_HTP,325905,100,660,-660
04/08/2019 19:35,SCH - PJM_NEPTUNE,325305,0,0,0
04/08/2019 19:35,SCH - PJM_VFT,325658,0,0,0
04/08/2019 19:35,SPR/DUN-SOUTH,23320,2595.64,4600,-9999
04/08/2019 19:35,TOTAL EAST,23314,4277.58,6800,-9999
04/08/2019 19:35,UPNY CONED,23315,3093.44,5700,-9999
04/08/2019 19:35,WEST CENTRAL,23312,704.25,9999,-9999
04/08/2019 19:40,CENTRAL EAST - VC,23330,2102.18,2305,-9999
04/08/2019 19:40,DYSINGER EAST,23326,1108,3150,-9999
04/08/2019 19:40,MOSES SOUTH,23319,1563.17,3150,-1600
04/08/2019 19:40,SCH - HQ - NY,23324,780,1450,-1000
04/08/2019 19:40,SCH - HQ_CEDARS,325274,0,160,0
04/08/2019 19:40,SCH - HQ_IMPORT_EXPORT,325376,625,1310,-9999
04/08/2019 19:40,SCH - NE - NY,23318,-599.96,600,-800
04/08/2019 19:40,SCH - NPX_1385,325277,60,100,-100
04/08/2019 19:40,SCH - NPX_CSC,325154,330,330,-330
04/08/2019 19:40,SCH - OH - NY,23317,532.03,1300,-1750
04/08/2019 19:40,SCH - PJ - NY,23316,1012.62,2000,-1300
04/08/2019 19:40,SCH - PJM_HTP,325905,100,660,-660
04/08/2019 19:40,SCH - PJM_NEPTUNE,325305,0,0,0
04/08/2019 19:40,SCH - PJM_VFT,325658,0,0,0
04/08/2019 19:40,SPR/DUN-SOUTH,23320,2465.91,4600,-9999
04/08/2019 19:40,TOTAL EAST,23314,4177.49,6800,-9999
04/08/2019 19:40,UPNY CONED,23315,2975.95,5700,-9999
04/08/2019 19:40,WEST CENTRAL,23312,651.83,9999,-9999
04/08/2019 19:45,CENTRAL EAST - VC,23330,2037.72,2305,-9999
04/08/2019 19:45,DYSINGER EAST,23326,1045.74,3150,-9999
04/08/2019 19:45,MOSES SOUTH,23319,1540.33,3150,-1600
04/08/2019 19:45,SCH - HQ - NY,23324,780,1450,-1000
04/08/2019 19:45,SCH - HQ_CEDARS,325274,0,160,0
04/08/2019 19:45,SCH - HQ_IMPORT_EXPORT,325376,625,1310,-9999
04/08/2019 19:45,SCH - NE - NY,23318,-599.96,600,-800
04/08/2019 19:45,SCH - NPX_1385,325277,60,100,-100
04/08/2019 19:45,SCH - NPX_CSC,325154,330,330,-330
04/08/2019 19:45,SCH - OH - NY,23317,532.07,1300,-1750
04/08/2019 19:45,SCH - PJ - NY,23316,1046.33,2000,-1300
04/08/2019 19:45,SCH - PJM_HTP,325905,100,660,-660
04/08/2019 19:45,SCH - PJM_NEPTUNE,325305,0,0,0
04/08/2019 19:45,SCH - PJM_VFT,325658,0,0,0
04/08/2019 19:45,SPR/DUN-SOUTH,23320,2368.89,4600,-9999
04/08/2019 19:45,TOTAL EAST,23314,4099.54,6800,-9999
04/08/2019 19:45,UPNY CONED,23315,2871.18,5700,-9999
04/08/2019 19:45,WEST CENTRAL,23312,590.73,9999,-9999
04/08/2019 19:50,CENTRAL EAST - VC,23330,2076.65,2305,-9999
04/08/2019 19:50,DYSINGER EAST,23326,1112.57,3150,-9999
04/08/2019 19:50,MOSES SOUTH,23319,1548.55,3150,-1600
04/08/2019 19:50,SCH - HQ - NY,23324,780,1450,-1000
04/08/2019 19:50,SCH - HQ_CEDARS,325274,0,160,0
04/08/2019 19:50,SCH - HQ_IMPORT_EXPORT,325376,625,1310,-9999
04/08/2019 19:50,SCH - NE - NY,23318,-599.96,600,-800
04/08/2019 19:50,SCH - NPX_1385,325277,60,100,-100
04/08/2019 19:50,SCH - NPX_CSC,325154,330,330,-330
04/08/2019 19:50,SCH - OH - NY,23317,531.98,1300,-1750
04/08/2019 19:50,SCH - PJ - NY,23316,1075.82,2000,-1300
04/08/2019 19:50,SCH - PJM_HTP,325905,100,660,-660
04/08/2019 19:50,SCH - PJM_NEPTUNE,325305,0,0,0
04/08/2019 19:50,SCH - PJM_VFT,325658,0,0,0
04/08/2019 19:50,SPR/DUN-SOUTH,23320,2391.8,4600,-9999
04/08/2019 19:50,TOTAL EAST,23314,4148.25,6800,-9999
04/08/2019 19:50,UPNY CONED,23315,2923.74,5700,-9999
04/08/2019 19:50,WEST CENTRAL,23312,651.6,9999,-9999
04/08/2019 19:55,CENTRAL EAST - VC,23330,2080.34,2305,-9999
04/08/2019 19:55,DYSINGER EAST,23326,1130.25,3150,-9999
04/08/2019 19:55,MOSES SOUTH,23319,1562.87,3150,-1600
04/08/2019 19:55,SCH - HQ - NY,23324,780,1450,-1000
04/08/2019 19:55,SCH - HQ_CEDARS,325274,0,160,0
04/08/2019 19:55,SCH - HQ_IMPORT_EXPORT,325376,625,1310,-9999
04/08/2019 19:55,SCH - NE - NY,23318,-599.96,600,-800
04/08/2019 19:55,SCH - NPX_1385,325277,60,100,-100
04/08/2019 19:55,SCH - NPX_CSC,325154,330,330,-330
04/08/2019 19:55,SCH - OH - NY,23317,531.95,1300,-1750
04/08/2019 19:55,SCH - PJ - NY,23316,1076.75,2000,-1300
04/08/2019 19:55,SCH - PJM_HTP,325905,100,660,-660
04/08/2019 19:55,SCH - PJM_NEPTUNE,325305,0,0,0
04/08/2019 19:55,SCH - PJM_VFT,325658,0,0,0
04/08/2019 19:55,SPR/DUN-SOUTH,23320,2337.89,4600,-9999
04/08/2019 19:55,TOTAL EAST,23314,4101.91,6800,-9999
04/08/2019 19:55,UPNY CONED,23315,2888.72,5700,-9999
04/08/2019 19:55,WEST CENTRAL,23312,656.81,9999,-9999
04/08/2019 20:00,CENTRAL EAST - VC,23330,2026.28,2305,-9999
04/08/2019 20:00,DYSINGER EAST,23326,938,3150,-9999
04/08/2019 20:00,MOSES SOUTH,23319,1724.75,3150,-1600
04/08/2019 20:00,SCH - HQ - NY,23324,956,1450,-1000
04/08/2019 20:00,SCH - HQ_CEDARS,325274,0,160,0
04/08/2019 20:00,SCH - HQ_IMPORT_EXPORT,325376,801,1310,-9999
04/08/2019 20:00,SCH - NE - NY,23318,-599.97,600,-800
04/08/2019 20:00,SCH - NPX_1385,325277,60,100,-100
04/08/2019 20:00,SCH - NPX_CSC,325154,330,330,-330
04/08/2019 20:00,SCH - OH - NY,23317,319.78,1300,-1750
04/08/2019 20:00,SCH - PJ - NY,23316,865.16,2000,-1300
04/08/2019 20:00,SCH - PJM_HTP,325905,100,660,-660
04/08/2019 20:00,SCH - PJM_NEPTUNE,325305,0,0,0
04/08/2019 20:00,SCH - PJM_VFT,325658,0,0,0
04/08/2019 20:00,SPR/DUN-SOUTH,23320,2177.5,4600,-9999
04/08/2019 20:00,TOTAL EAST,23314,3938.78,6800,-9999
04/08/2019 20:00,UPNY CONED,23315,2723.38,5700,-9999
04/08/2019 20:00,WEST CENTRAL,23312,458.29,9999,-9999
04/08/2019 20:05,CENTRAL EAST - VC,23330,2060.42,2305,-9999
04/08/2019 20:05,DYSINGER EAST,23326,884.39,3150,-9999
04/08/2019 20:05,MOSES SOUTH,23319,1900.44,3150,-1600
04/08/2019 20:05,SCH - HQ - NY,23324,1133,1450,-1000
04/08/2019 20:05,SCH - HQ_CEDARS,325274,0,160,0
04/08/2019 20:05,SCH - HQ_IMPORT_EXPORT,325376,978,1310,-9999
04/08/2019 20:05,SCH - NE - NY,23318,-599.92,600,-800
04/08/2019 20:05,SCH - NPX_1385,325277,60,100,-100
04/08/2019 20:05,SCH - NPX_CSC,325154,330,330,-330
04/08/2019 20:05,SCH - OH - NY,23317,106.57,1300,-1750
04/08/2019 20:05,SCH - PJ - NY,23316,643.81,2000,-1300
04/08/2019 20:05,SCH - PJM_HTP,325905,100,660,-660
04/08/2019 20:05,SCH - PJM_NEPTUNE,325305,0,0,0
04/08/2019 20:05,SCH - PJM_VFT,325658,0,0,0
04/08/2019 20:05,SPR/DUN-SOUTH,23320,2010.48,4600,-9999
04/08/2019 20:05,TOTAL EAST,23314,3781.12,6800,-9999
04/08/2019 20:05,UPNY CONED,23315,2484.81,5700,-9999
04/08/2019 20:05,WEST CENTRAL,23312,392.01,9999,-9999
04/08/2019 20:10,CENTRAL EAST - VC,23330,2083.77,2305,-9999
04/08/2019 20:10,DYSINGER EAST,23326,991.31,3150,-9999
04/08/2019 20:10,MOSES SOUTH,23319,1871.6,3150,-1600
04/08/2019 20:10,SCH - HQ - NY,23324,1133,1450,-1000
04/08/2019 20:10,SCH - HQ_CEDARS,325274,0,160,0
04/08/2019 20:10,SCH - HQ_IMPORT_EXPORT,325376,978,1310,-9999
04/08/2019 20:10,SCH - NE - NY,23318,-599.93,600,-800
04/08/2019 20:10,SCH - NPX_1385,325277,60,100,-100
04/08/2019 20:10,SCH - NPX_CSC,325154,330,330,-330
04/08/2019 20:10,SCH - OH - NY,23317,107.79,1300,-1750
04/08/2019 20:10,SCH - PJ - NY,23316,644.81,2000,-1300
04/08/2019 20:10,SCH - PJM_HTP,325905,100,660,-660
04/08/2019 20:10,SCH - PJM_NEPTUNE,325305,0,0,0
04/08/2019 20:10,SCH - PJM_VFT,325658,0,0,0
04/08/2019 20:10,SPR/DUN-SOUTH,23320,1972.53,4600,-9999
04/08/2019 20:10,TOTAL EAST,23314,3783.28,6800,-9999
04/08/2019 20:10,UPNY CONED,23315,2425.96,5700,-9999
04/08/2019 20:10,WEST CENTRAL,23312,488.7,9999,-9999
04/08/2019 20:15,CENTRAL EAST - VC,23330,2032.73,2305,-9999
04/08/2019 20:15,DYSINGER EAST,23326,1028.04,3150,-9999
04/08/2019 20:15,MOSES SOUTH,23319,1724.36,3150,-1600
04/08/2019 20:15,SCH - HQ - NY,23324,1133,1450,-1000
04/08/2019 20:15,SCH - HQ_CEDARS,325274,0,160,0
04/08/2019 20:15,SCH - HQ_IMPORT_EXPORT,325376,978,1310,-9999
04/08/2019 20:15,SCH - NE - NY,23318,-599.98,600,-800
04/08/2019 20:15,SCH - NPX_1385,325277,60,100,-100
04/08/2019 20:15,SCH - NPX_CSC,325154,330,330,-330
04/08/2019 20:15,SCH - OH - NY,23317,108.23,1300,-1750
04/08/2019 20:15,SCH - PJ - NY,23316,764.26,2000,-1300
04/08/2019 20:15,SCH - PJM_HTP,325905,100,660,-660
04/08/2019 20:15,SCH - PJM_NEPTUNE,325305,0,0,0
04/08/2019 20:15,SCH - PJM_VFT,325658,0,0,0
04/08/2019 20:15,SPR/DUN-SOUTH,23320,2073.61,4600,-9999
04/08/2019 20:15,TOTAL EAST,23314,3718.75,6800,-9999
04/08/2019 20:15,UPNY CONED,23315,2511.12,5700,-9999
04/08/2019 20:15,WEST CENTRAL,23312,516.94,9999,-9999
04/08/2019 20:20,CENTRAL EAST - VC,23330,1974.04,2305,-9999
04/08/2019 20:20,DYSINGER EAST,23326,907.12,3150,-9999
04/08/2019 20:20,MOSES SOUTH,23319,1704.17,3150,-1600
04/08/2019 20:20,SCH - HQ - NY,23324,1133,1450,-1000
04/08/2019 20:20,SCH - HQ_CEDARS,325274,0,160,0
04/08/2019 20:20,SCH - HQ_IMPORT_EXPORT,325376,978,1310,-9999
04/08/2019 20:20,SCH - NE - NY,23318,-599.98,600,-800
04/08/2019 20:20,SCH - NPX_1385,325277,60,100,-100
04/08/2019 20:20,SCH - NPX_CSC,325154,330,330,-330
04/08/2019 20:20,SCH - OH - NY,23317,108.06,1300,-1750
04/08/2019 20:20,SCH - PJ - NY,23316,884.3,2000,-1300
04/08/2019 20:20,SCH - PJM_HTP,325905,100,660,-660
04/08/2019 20:20,SCH - PJM_NEPTUNE,325305,0,0,0
04/08/2019 20:20,SCH - PJM_VFT,325658,0,0,0
04/08/2019 20:20,SPR/DUN-SOUTH,23320,2180.04,4600,-9999
04/08/2019 20:20,TOTAL EAST,23314,3724.22,6800,-9999
04/08/2019 20:20,UPNY CONED,23315,2601,5700,-9999
04/08/2019 20:20,WEST CENTRAL,23312,395.74,9999,-9999
04/08/2019 20:25,CENTRAL EAST - VC,23330,2008.29,2305,-9999
04/08/2019 20:25,DYSINGER EAST,23326,931.04,3150,-9999
04/08/2019 20:25,MOSES SOUTH,23319,1693.09,3150,-1600
04/08/2019 20:25,SCH - HQ - NY,23324,1133,1450,-1000
04/08/2019 20:25,SCH - HQ_CEDARS,325274,0,160,0
04/08/2019 20:25,SCH - HQ_IMPORT_EXPORT,325376,978,1310,-9999
04/08/2019 20:25,SCH - NE - NY,23318,-599.98,600,-800
04/08/2019 20:25,SCH - NPX_1385,325277,60,100,-100
04/08/2019 20:25,SCH - NPX_CSC,325154,330,330,-330
04/08/2019 20:25,SCH - OH - NY,23317,107.92,1300,-1750
04/08/2019 20:25,SCH - PJ - NY,23316,888.71,2000,-1300
04/08/2019 20:25,SCH - PJM_HTP,325905,100,660,-660
04/08/2019 20:25,SCH - PJM_NEPTUNE,325305,0,0,0
04/08/2019 20:25,SCH - PJM_VFT,325658,0,0,0
04/08/2019 20:25,SPR/DUN-SOUTH,23320,2225.65,4600,-9999
04/08/2019 20:25,TOTAL EAST,23314,3701.08,6800,-9999
04/08/2019 20:25,UPNY CONED,23315,2619.23,5700,-9999
04/08/2019 20:25,WEST CENTRAL,23312,426.71,9999,-9999
04/08/2019 20:30,CENTRAL EAST - VC,23330,1968.95,2305,-9999
04/08/2019 20:30,DYSINGER EAST,23326,939.59,3150,-9999
04/08/2019 20:30,MOSES SOUTH,23319,1694.52,3150,-1600
04/08/2019 20:30,SCH - HQ - NY,23324,1133,1450,-1000
04/08/2019 20:30,SCH - HQ_CEDARS,325274,0,160,0
04/08/2019 20:30,SCH - HQ_IMPORT_EXPORT,325376,978,1310,-9999
04/08/2019 20:30,SCH - NE - NY,23318,-599.98,600,-800
04/08/2019 20:30,SCH - NPX_1385,325277,60,100,-100
04/08/2019 20:30,SCH - NPX_CSC,325154,330,330,-330
04/08/2019 20:30,SCH - OH - NY,23317,108,1300,-1750
04/08/2019 20:30,SCH - PJ - NY,23316,858.46,2000,-1300
04/08/2019 20:30,SCH - PJM_HTP,325905,100,660,-660
04/08/2019 20:30,SCH - PJM_NEPTUNE,325305,0,0,0
04/08/2019 20:30,SCH - PJM_VFT,325658,0,0,0
04/08/2019 20:30,SPR/DUN-SOUTH,23320,2219.43,4600,-9999
04/08/2019 20:30,TOTAL EAST,23314,3648.16,6800,-9999
04/08/2019 20:30,UPNY CONED,23315,2581.74,5700,-9999
04/08/2019 20:30,WEST CENTRAL,23312,437.19,9999,-9999
04/08/2019 20:35,CENTRAL EAST - VC,23330,1978.17,2305,-9999
04/08/2019 20:35,DYSINGER EAST,23326,968.83,3150,-9999
04/08/2019 20:35,MOSES SOUTH,23319,1688.59,3150,-1600
04/08/2019 20:35,SCH - HQ - NY,23324,1133,1450,-1000
04/08/2019 20:35,SCH - HQ_CEDARS,325274,0,160,0
04/08/2019 20:35,SCH - HQ_IMPORT_EXPORT,325376,978,1310,-9999
04/08/2019 20:35,SCH - NE - NY,23318,-599.99,600,-800
04/08/2019 20:35,SCH - NPX_1385,325277,60,100,-100
04/08/2019 20:35,SCH - NPX_CSC,325154,330,330,-330
04/08/2019 20:35,SCH - OH - NY,23317,107.99,1300,-1750
04/08/2019 20:35,SCH - PJ - NY,23316,834.63,2000,-1300
04/08/2019 20:35,SCH - PJM_HTP,325905,100,660,-660
04/08/2019 20:35,SCH - PJM_NEPTUNE,325305,0,0,0
04/08/2019 20:35,SCH - PJM_VFT,325658,0,0,0
04/08/2019 20:35,SPR/DUN-SOUTH,23320,2248.78,4600,-9999
04/08/2019 20:35,TOTAL EAST,23314,3611.76,6800,-9999
04/08/2019 20:35,UPNY CONED,23315,2589.85,5700,-9999
04/08/2019 20:35,WEST CENTRAL,23312,471.32,9999,-9999
04/08/2019 20:40,CENTRAL EAST - VC,23330,1901.23,2245,-9999
04/08/2019 20:40,DYSINGER EAST,23326,889.67,3150,-9999
04/08/2019 20:40,MOSES SOUTH,23319,1663.72,3150,-1600
04/08/2019 20:40,SCH - HQ - NY,23324,1133,1450,-1000
04/08/2019 20:40,SCH - HQ_CEDARS,325274,0,160,0
04/08/2019 20:40,SCH - HQ_IMPORT_EXPORT,325376,978,1310,-9999
04/08/2019 20:40,SCH - NE - NY,23318,-599.99,600,-800
04/08/2019 20:40,SCH - NPX_1385,325277,60,100,-100
04/08/2019 20:40,SCH - NPX_CSC,325154,330,330,-330
04/08/2019 20:40,SCH - OH - NY,23317,108.13,1300,-1750
04/08/2019 20:40,SCH - PJ - NY,23316,829.03,2000,-1300
04/08/2019 20:40,SCH - PJM_HTP,325905,100,660,-660
04/08/2019 20:40,SCH - PJM_NEPTUNE,325305,0,0,0
04/08/2019 20:40,SCH - PJM_VFT,325658,0,0,0
04/08/2019 20:40,SPR/DUN-SOUTH,23320,2204.39,4600,-9999
04/08/2019 20:40,TOTAL EAST,23314,3575.41,6800,-9999
04/08/2019 20:40,UPNY CONED,23315,2525.75,5700,-9999
04/08/2019 20:40,WEST CENTRAL,23312,399.58,9999,-9999
04/08/2019 20:45,CENTRAL EAST - VC,23330,1954.08,2245,-9999
04/08/2019 20:45,DYSINGER EAST,23326,984.24,3150,-9999
04/08/2019 20:45,MOSES SOUTH,23319,1665.48,3150,-1600
04/08/2019 20:45,SCH - HQ - NY,23324,1133,1450,-1000
04/08/2019 20:45,SCH - HQ_CEDARS,325274,0,160,0
04/08/2019 20:45,SCH - HQ_IMPORT_EXPORT,325376,978,1310,-9999
04/08/2019 20:45,SCH - NE - NY,23318,-599.99,600,-800
04/08/2019 20:45,SCH - NPX_1385,325277,60,100,-100
04/08/2019 20:45,SCH - NPX_CSC,325154,330,330,-330
04/08/2019 20:45,SCH - OH - NY,23317,108.07,1300,-1750
04/08/2019 20:45,SCH - PJ - NY,23316,752.68,2000,-1300
04/08/2019 20:45,SCH - PJM_HTP,325905,100,660,-660
04/08/2019 20:45,SCH - PJM_NEPTUNE,325305,0,0,0
04/08/2019 20:45,SCH - PJM_VFT,325658,0,0,0
04/08/2019 20:45,SPR/DUN-SOUTH,23320,2280.82,4600,-9999
04/08/2019 20:45,TOTAL EAST,23314,3623.57,6800,-9999
04/08/2019 20:45,UPNY CONED,23315,2590.51,5700,-9999
04/08/2019 20:45,WEST CENTRAL,23312,501.2,9999,-9999
04/08/2019 20:50,CENTRAL EAST - VC,23330,1927.87,2245,-9999
04/08/2019 20:50,DYSINGER EAST,23326,934.66,3150,-9999
04/08/2019 20:50,MOSES SOUTH,23319,1675.56,3150,-1600
04/08/2019 20:50,SCH - HQ - NY,23324,1133,1450,-1000
04/08/2019 20:50,SCH - HQ_CEDARS,325274,0,160,0
04/08/2019 20:50,SCH - HQ_IMPORT_EXPORT,325376,978,1310,-9999
04/08/2019 20:50,SCH - NE - NY,23318,-600,600,-800
04/08/2019 20:50,SCH - NPX_1385,325277,60,100,-100
04/08/2019 20:50,SCH - NPX_CSC,325154,330,330,-330
04/08/2019 20:50,SCH - OH - NY,23317,108.04,1300,-1750
04/08/2019 20:50,SCH - PJ - NY,23316,675.02,2000,-1300
04/08/2019 20:50,SCH - PJM_HTP,325905,100,660,-660
04/08/2019 20:50,SCH - PJM_NEPTUNE,325305,0,0,0
04/08/2019 20:50,SCH - PJM_VFT,325658,0,0,0
04/08/2019 20:50,SPR/DUN-SOUTH,23320,2203.13,4600,-9999
04/08/2019 20:50,TOTAL EAST,23314,3519.57,6800,-9999
04/08/2019 20:50,UPNY CONED,23315,2509.9,5700,-9999
04/08/2019 20:50,WEST CENTRAL,23312,459.43,9999,-9999
04/08/2019 20:55,CENTRAL EAST - VC,23330,1907.51,2245,-9999
04/08/2019 20:55,DYSINGER EAST,23326,918.66,3150,-9999
04/08/2019 20:55,MOSES SOUTH,23319,1666.48,3150,-1600
04/08/2019 20:55,SCH - HQ - NY,23324,1133,1450,-1000
04/08/2019 20:55,SCH - HQ_CEDARS,325274,0,160,0
04/08/2019 20:55,SCH - HQ_IMPORT_EXPORT,325376,978,1310,-9999
04/08/2019 20:55,SCH - NE - NY,23318,-599.99,600,-800
04/08/2019 20:55,SCH - NPX_1385,325277,60,100,-100
04/08/2019 20:55,SCH - NPX_CSC,325154,330,330,-330
04/08/2019 20:55,SCH - OH - NY,23317,107.98,1300,-1750
04/08/2019 20:55,SCH - PJ - NY,23316,671.45,2000,-1300
04/08/2019 20:55,SCH - PJM_HTP,325905,100,660,-660
04/08/2019 20:55,SCH - PJM_NEPTUNE,325305,0,0,0
04/08/2019 20:55,SCH - PJM_VFT,325658,0,0,0
04/08/2019 20:55,SPR/DUN-SOUTH,23320,2192.91,4600,-9999
04/08/2019 20:55,TOTAL EAST,23314,3544.4,6800,-9999
04/08/2019 20:55,UPNY CONED,23315,2501.6,5700,-9999
04/08/2019 20:55,WEST CENTRAL,23312,454.49,9999,-9999
04/08/2019 21:00,CENTRAL EAST - VC,23330,2130.67,2245,-9999
04/08/2019 21:00,DYSINGER EAST,23326,1153.74,3150,-9999
04/08/2019 21:00,MOSES SOUTH,23319,1885.48,3150,-1600
04/08/2019 21:00,SCH - HQ - NY,23324,1272,1450,-1000
04/08/2019 21:00,SCH - HQ_CEDARS,325274,80,160,0
04/08/2019 21:00,SCH - HQ_IMPORT_EXPORT,325376,1117,1310,-9999
04/08/2019 21:00,SCH - NE - NY,23318,-570,600,-800
04/08/2019 21:00,SCH - NPX_1385,325277,60,100,-100
04/08/2019 21:00,SCH - NPX_CSC,325154,330,330,-330
04/08/2019 21:00,SCH - OH - NY,23317,359.19,1300,-1750
04/08/2019 21:00,SCH - PJ - NY,23316,552.57,2000,-1300
04/08/2019 21:00,SCH - PJM_HTP,325905,50,660,-660
04/08/2019 21:00,SCH - PJM_NEPTUNE,325305,0,0,0
04/08/2019 21:00,SCH - PJM_VFT,325658,0,0,0
04/08/2019 21:00,SPR/DUN-SOUTH,23320,2373.42,4600,-9999
04/08/2019 21:00,TOTAL EAST,23314,3918.47,6800,-9999
04/08/2019 21:00,UPNY CONED,23315,2911.14,5700,-9999
04/08/2019 21:00,WEST CENTRAL,23312,693.32,9999,-9999
04/08/2019 21:05,CENTRAL EAST - VC,23330,2144.6,2245,-9999
04/08/2019 21:05,DYSINGER EAST,23326,1194.32,3150,-9999
04/08/2019 21:05,MOSES SOUTH,23319,1987.28,3150,-1600
04/08/2019 21:05,SCH - HQ - NY,23324,1412,1450,-1000
04/08/2019 21:05,SCH - HQ_CEDARS,325274,160,160,0
04/08/2019 21:05,SCH - HQ_IMPORT_EXPORT,325376,1257,1310,-9999
04/08/2019 21:05,SCH - NE - NY,23318,-540.01,600,-800
04/08/2019 21:05,SCH - NPX_1385,325277,60,100,-100
04/08/2019 21:05,SCH - NPX_CSC,325154,330,330,-330
04/08/2019 21:05,SCH - OH - NY,23317,610.18,1300,-1750
04/08/2019 21:05,SCH - PJ - NY,23316,437.77,2000,-1300
04/08/2019 21:05,SCH - PJM_HTP,325905,0,660,-660
04/08/2019 21:05,SCH - PJM_NEPTUNE,325305,0,0,0
04/08/2019 21:05,SCH - PJM_VFT,325658,0,0,0
04/08/2019 21:05,SPR/DUN-SOUTH,23320,2440.71,4600,-9999
04/08/2019 21:05,TOTAL EAST,23314,3904.68,6800,-9999
04/08/2019 21:05,UPNY CONED,23315,2966.01,5700,-9999
04/08/2019 21:05,WEST CENTRAL,23312,738.86,9999,-9999
04/08/2019 21:10,CENTRAL EAST - VC,23330,2137.52,2245,-9999
04/08/2019 21:10,DYSINGER EAST,23326,946.62,3150,-9999
04/08/2019 21:10,MOSES SOUTH,23319,2121.33,3150,-1600
04/08/2019 21:10,SCH - HQ - NY,23324,1412,1450,-1000
04/08/2019 21:10,SCH - HQ_CEDARS,325274,160,160,0
04/08/2019 21:10,SCH - HQ_IMPORT_EXPORT,325376,1257,1310,-9999
04/08/2019 21:10,SCH - NE - NY,23318,-539.96,600,-800
04/08/2019 21:10,SCH - NPX_1385,325277,60,100,-100
04/08/2019 21:10,SCH - NPX_CSC,325154,330,330,-330
04/08/2019 21:10,SCH - OH - NY,23317,610.14,1300,-1750
04/08/2019 21:10,SCH - PJ - NY,23316,437.12,2000,-1300
04/08/2019 21:10,SCH - PJM_HTP,325905,0,660,-660
04/08/2019 21:10,SCH - PJM_NEPTUNE,325305,0,0,0
04/08/2019 21:10,SCH - PJM_VFT,325658,0,0,0
04/08/2019 21:10,SPR/DUN-SOUTH,23320,2529.38,4600,-9999
04/08/2019 21:10,TOTAL EAST,23314,4022.04,6800,-9999
04/08/2019 21:10,UPNY CONED,23315,3036.37,5700,-9999
04/08/2019 21:10,WEST CENTRAL,23312,501.82,9999,-9999
04/08/2019 21:15,CENTRAL EAST - VC,23330,2127.04,2245,-9999
04/08/2019 21:15,DYSINGER EAST,23326,969.69,3150,-9999
04/08/2019 21:15,MOSES SOUTH,23319,2108.1,3150,-1600
04/08/2019 21:15,SCH - HQ - NY,23324,1412,1450,-1000
04/08/2019 21:15,SCH - HQ_CEDARS,325274,160,160,0
04/08/2019 21:15,SCH - HQ_IMPORT_EXPORT,325376,1257,1310,-9999
04/08/2019 21:15,SCH - NE - NY,23318,-538.02,600,-800
04/08/2019 21:15,SCH - NPX_1385,325277,60,100,-100
04/08/2019 21:15,SCH - NPX_CSC,325154,330,330,-330
04/08/2019 21:15,SCH - OH - NY,23317,610.17,1300,-1750
04/08/2019 21:15,SCH - PJ - NY,23316,463.03,2000,-1300
04/08/2019 21:15,SCH - PJM_HTP,325905,0,660,-660
04/08/2019 21:15,SCH - PJM_NEPTUNE,325305,0,0,0
04/08/2019 21:15,SCH - PJM_VFT,325658,0,0,0
04/08/2019 21:15,SPR/DUN-SOUTH,23320,2523.41,4600,-9999
04/08/2019 21:15,TOTAL EAST,23314,3907.59,6800,-9999
04/08/2019 21:15,UPNY CONED,23315,2999.66,5700,-9999
04/08/2019 21:15,WEST CENTRAL,23312,531.77,9999,-9999
04/08/2019 21:20,CENTRAL EAST - VC,23330,2133.19,2245,-9999
04/08/2019 21:20,DYSINGER EAST,23326,968.07,3150,-9999
04/08/2019 21:20,MOSES SOUTH,23319,2154.34,3150,-1600
04/08/2019 21:20,SCH - HQ - NY,23324,1412,1450,-1000
04/08/2019 21:20,SCH - HQ_CEDARS,325274,160,160,0
04/08/2019 21:20,SCH - HQ_IMPORT_EXPORT,325376,1257,1310,-9999
04/08/2019 21:20,SCH - NE - NY,23318,-536.97,600,-800
04/08/2019 21:20,SCH - NPX_1385,325277,60,100,-100
04/08/2019 21:20,SCH - NPX_CSC,325154,330,330,-330
04/08/2019 21:20,SCH - OH - NY,23317,610.28,1300,-1750
04/08/2019 21:20,SCH - PJ - NY,23316,480.71,2000,-1300
04/08/2019 21:20,SCH - PJM_HTP,325905,0,660,-660
04/08/2019 21:20,SCH - PJM_NEPTUNE,325305,0,0,0
04/08/2019 21:20,SCH - PJM_VFT,325658,0,0,0
04/08/2019 21:20,SPR/DUN-SOUTH,23320,2549.99,4600,-9999
04/08/2019 21:20,TOTAL EAST,23314,3999.17,6800,-9999
04/08/2019 21:20,UPNY CONED,23315,3047.94,5700,-9999
04/08/2019 21:20,WEST CENTRAL,23312,532,9999,-9999
04/08/2019 21:25,CENTRAL EAST - VC,23330,2138.08,2245,-9999
04/08/2019 21:25,DYSINGER EAST,23326,982.5,3150,-9999
04/08/2019 21:25,MOSES SOUTH,23319,2168.45,3150,-1600
04/08/2019 21:25,SCH - HQ - NY,23324,1412,1450,-1000
04/08/2019 21:25,SCH - HQ_CEDARS,325274,160,160,0
04/08/2019 21:25,SCH - HQ_IMPORT_EXPORT,325376,1257,1310,-9999
04/08/2019 21:25,SCH - NE - NY,23318,-537.02,600,-800
04/08/2019 21:25,SCH - NPX_1385,325277,60,100,-100
04/08/2019 21:25,SCH - NPX_CSC,325154,330,330,-330
04/08/2019 21:25,SCH - OH - NY,23317,610.4,1300,-1750
04/08/2019 21:25,SCH - PJ - NY,23316,477.35,2000,-1300
04/08/2019 21:25,SCH - PJM_HTP,325905,0,660,-660
04/08/2019 21:25,SCH - PJM_NEPTUNE,325305,0,0,0
04/08/2019 21:25,SCH - PJM_VFT,325658,0,0,0
04/08/2019 21:25,SPR/DUN-SOUTH,23320,2567.86,4600,-9999
04/08/2019 21:25,TOTAL EAST,23314,4014.45,6800,-9999
04/08/2019 21:25,UPNY CONED,23315,3065.49,5700,-9999
04/08/2019 21:25,WEST CENTRAL,23312,549.05,9999,-9999
04/08/2019 21:30,CENTRAL EAST - VC,23330,2139.04,2245,-9999
04/08/2019 21:30,DYSINGER EAST,23326,1013.94,3150,-9999
04/08/2019 21:30,MOSES SOUTH,23319,2130.31,3150,-1600
04/08/2019 21:30,SCH - HQ - NY,23324,1412,1450,-1000
04/08/2019 21:30,SCH - HQ_CEDARS,325274,160,160,0
04/08/2019 21:30,SCH - HQ_IMPORT_EXPORT,325376,1257,1310,-9999
04/08/2019 21:30,SCH - NE - NY,23318,-523.03,600,-800
04/08/2019 21:30,SCH - NPX_1385,325277,60,100,-100
04/08/2019 21:30,SCH - NPX_CSC,325154,330,330,-330
04/08/2019 21:30,SCH - OH - NY,23317,610.27,1300,-1750
04/08/2019 21:30,SCH - PJ - NY,23316,486.66,2000,-1300
04/08/2019 21:30,SCH - PJM_HTP,325905,0,660,-660
04/08/2019 21:30,SCH - PJM_NEPTUNE,325305,0,0,0
04/08/2019 21:30,SCH - PJM_VFT,325658,0,0,0
04/08/2019 21:30,SPR/DUN-SOUTH,23320,2535.61,4600,-9999
04/08/2019 21:30,TOTAL EAST,23314,4058.92,6800,-9999
04/08/2019 21:30,UPNY CONED,23315,3131.81,5700,-9999
04/08/2019 21:30,WEST CENTRAL,23312,588.22,9999,-9999
04/08/2019 21:35,CENTRAL EAST - VC,23330,2137.23,2245,-9999
04/08/2019 21:35,DYSINGER EAST,23326,1002.36,3150,-9999
04/08/2019 21:35,MOSES SOUTH,23319,2156.22,3150,-1600
04/08/2019 21:35,SCH - HQ - NY,23324,1412,1450,-1000
04/08/2019 21:35,SCH - HQ_CEDARS,325274,160,160,0
04/08/2019 21:35,SCH - HQ_IMPORT_EXPORT,325376,1257,1310,-9999
04/08/2019 21:35,SCH - NE - NY,23318,-509.03,600,-800
04/08/2019 21:35,SCH - NPX_1385,325277,60,100,-100
04/08/2019 21:35,SCH - NPX_CSC,325154,330,330,-330
04/08/2019 21:35,SCH - OH - NY,23317,610.28,1300,-1750
04/08/2019 21:35,SCH - PJ - NY,23316,493.25,2000,-1300
04/08/2019 21:35,SCH - PJM_HTP,325905,0,660,-660
04/08/2019 21:35,SCH - PJM_NEPTUNE,325305,0,0,0
04/08/2019 21:35,SCH - PJM_VFT,325658,0,0,0
04/08/2019 21:35,SPR/DUN-SOUTH,23320,2541.58,4600,-9999
04/08/2019 21:35,TOTAL EAST,23314,4038.63,6800,-9999
04/08/2019 21:35,UPNY CONED,23315,3149,5700,-9999
04/08/2019 21:35,WEST CENTRAL,23312,581.75,9999,-9999
04/08/2019 21:40,CENTRAL EAST - VC,23330,2143.23,2245,-9999
04/08/2019 21:40,DYSINGER EAST,23326,1053.5,3150,-9999
04/08/2019 21:40,MOSES SOUTH,23319,2093.84,3150,-1600
04/08/2019 21:40,SCH - HQ - NY,23324,1412,1450,-1000
04/08/2019 21:40,SCH - HQ_CEDARS,325274,160,160,0
04/08/2019 21:40,SCH - HQ_IMPORT_EXPORT,325376,1257,1310,-9999
04/08/2019 21:40,SCH - NE - NY,23318,-509.03,600,-800
04/08/2019 21:40,SCH - NPX_1385,325277,60,100,-100
04/08/2019 21:40,SCH - NPX_CSC,325154,330,330,-330
04/08/2019 21:40,SCH - OH - NY,23317,610.3,1300,-1750
04/08/2019 21:40,SCH - PJ - NY,23316,491.52,2000,-1300
04/08/2019 21:40,SCH - PJM_HTP,325905,0,660,-660
04/08/2019 21:40,SCH - PJM_NEPTUNE,325305,0,0,0
04/08/2019 21:40,SCH - PJM_VFT,325658,0,0,0
04/08/2019 21:40,SPR/DUN-SOUTH,23320,2623.9,4600,-9999
04/08/2019 21:40,TOTAL EAST,23314,4112.81,6800,-9999
04/08/2019 21:40,UPNY CONED,23315,3228.96,5700,-9999
04/08/2019 21:40,WEST CENTRAL,23312,640.31,9999,-9999
04/08/2019 21:45,CENTRAL EAST - VC,23330,2163.52,2245,-9999
04/08/2019 21:45,DYSINGER EAST,23326,1132.11,3150,-9999
04/08/2019 21:45,MOSES SOUTH,23319,2100.82,3150,-1600
04/08/2019 21:45,SCH - HQ - NY,23324,1412,1450,-1000
04/08/2019 21:45,SCH - HQ_CEDARS,325274,160,160,0
04/08/2019 21:45,SCH - HQ_IMPORT_EXPORT,325376,1257,1310,-9999
04/08/2019 21:45,SCH - NE - NY,23318,-407.61,600,-800
04/08/2019 21:45,SCH - NPX_1385,325277,60,100,-100
04/08/2019 21:45,SCH - NPX_CSC,325154,330,330,-330
04/08/2019 21:45,SCH - OH - NY,23317,610.33,1300,-1750
04/08/2019 21:45,SCH - PJ - NY,23316,541.34,2000,-1300
04/08/2019 21:45,SCH - PJM_HTP,325905,0,660,-660
04/08/2019 21:45,SCH - PJM_NEPTUNE,325305,0,0,0
04/08/2019 21:45,SCH - PJM_VFT,325658,0,0,0
04/08/2019 21:45,SPR/DUN-SOUTH,23320,2795.22,4600,-9999
04/08/2019 21:45,TOTAL EAST,23314,4250.57,6800,-9999
04/08/2019 21:45,UPNY CONED,23315,3370.37,5700,-9999
04/08/2019 21:45,WEST CENTRAL,23312,724.61,9999,-9999
04/08/2019 21:50,CENTRAL EAST - VC,23330,2119.4,2245,-9999
04/08/2019 21:50,DYSINGER EAST,23326,1073.08,3150,-9999
04/08/2019 21:50,MOSES SOUTH,23319,2069.84,3150,-1600
04/08/2019 21:50,SCH - HQ - NY,23324,1412,1450,-1000
04/08/2019 21:50,SCH - HQ_CEDARS,325274,160,160,0
04/08/2019 21:50,SCH - HQ_IMPORT_EXPORT,325376,1257,1310,-9999
04/08/2019 21:50,SCH - NE - NY,23318,-298.95,600,-800
04/08/2019 21:50,SCH - NPX_1385,325277,60,100,-100
04/08/2019 21:50,SCH - NPX_CSC,325154,330,330,-330
04/08/2019 21:50,SCH - OH - NY,23317,610.3,1300,-1750
04/08/2019 21:50,SCH - PJ - NY,23316,584.77,2000,-1300
04/08/2019 21:50,SCH - PJM_HTP,325905,0,660,-660
04/08/2019 21:50,SCH - PJM_NEPTUNE,325305,0,0,0
04/08/2019 21:50,SCH - PJM_VFT,325658,0,0,0
04/08/2019 21:50,SPR/DUN-SOUTH,23320,2872.86,4600,-9999
04/08/2019 21:50,TOTAL EAST,23314,4265.24,6800,-9999
04/08/2019 21:50,UPNY CONED,23315,3441.65,5700,-9999
04/08/2019 21:50,WEST CENTRAL,23312,677.76,9999,-9999
04/08/2019 21:55,CENTRAL EAST - VC,23330,2077.84,2245,-9999
04/08/2019 21:55,DYSINGER EAST,23326,994.84,3150,-9999
04/08/2019 21:55,MOSES SOUTH,23319,2058.97,3150,-1600
04/08/2019 21:55,SCH - HQ - NY,23324,1412,1450,-1000
04/08/2019 21:55,SCH - HQ_CEDARS,325274,160,160,0
04/08/2019 21:55,SCH - HQ_IMPORT_EXPORT,325376,1257,1310,-9999
04/08/2019 21:55,SCH - NE - NY,23318,-300,600,-800
04/08/2019 21:55,SCH - NPX_1385,325277,60,100,-100
04/08/2019 21:55,SCH - NPX_CSC,325154,330,330,-330
04/08/2019 21:55,SCH - OH - NY,23317,610.07,1300,-1750
04/08/2019 21:55,SCH - PJ - NY,23316,584.16,2000,-1300
04/08/2019 21:55,SCH - PJM_HTP,325905,0,660,-660
04/08/2019 21:55,SCH - PJM_NEPTUNE,325305,0,0,0
04/08/2019 21:55,SCH - PJM_VFT,325658,0,0,0
04/08/2019 21:55,SPR/DUN-SOUTH,23320,2830.1,4600,-9999
04/08/2019 21:55,TOTAL EAST,23314,4305.07,6800,-9999
04/08/2019 21:55,UPNY CONED,23315,3391.71,5700,-9999
04/08/2019 21:55,WEST CENTRAL,23312,611.71,9999,-9999
04/08/2019 22:00,CENTRAL EAST - VC,23330,2008.34,2245,-9999
04/08/2019 22:00,DYSINGER EAST,23326,948.6,3150,-9999
04/08/2019 22:00,MOSES SOUTH,23319,1975.04,3150,-1600
04/08/2019 22:00,SCH - HQ - NY,23324,1355,1450,-1000
04/08/2019 22:00,SCH - HQ_CEDARS,325274,117,160,0
04/08/2019 22:00,SCH - HQ_IMPORT_EXPORT,325376,1200,1310,-9999
04/08/2019 22:00,SCH - NE - NY,23318,-258.39,600,-800
04/08/2019 22:00,SCH - NPX_1385,325277,60,100,-100
04/08/2019 22:00,SCH - NPX_CSC,325154,330,330,-330
04/08/2019 22:00,SCH - OH - NY,23317,704.78,1300,-1750
04/08/2019 22:00,SCH - PJ - NY,23316,454.17,2000,-1300
04/08/2019 22:00,SCH - PJM_HTP,325905,0,660,-660
04/08/2019 22:00,SCH - PJM_NEPTUNE,325305,0,0,0
04/08/2019 22:00,SCH - PJM_VFT,325658,0,0,0
04/08/2019 22:00,SPR/DUN-SOUTH,23320,2727.99,4600,-9999
04/08/2019 22:00,TOTAL EAST,23314,4156.66,6800,-9999
04/08/2019 22:00,UPNY CONED,23315,3299.87,5700,-9999
04/08/2019 22:00,WEST CENTRAL,23312,573.11,9999,-9999
04/08/2019 22:05,CENTRAL EAST - VC,23330,1931.59,2245,-9999
04/08/2019 22:05,DYSINGER EAST,23326,957.68,3150,-9999
04/08/2019 22:05,MOSES SOUTH,23319,1848.31,3150,-1600
04/08/2019 22:05,SCH - HQ - NY,23324,1299,1450,-1000
04/08/2019 22:05,SCH - HQ_CEDARS,325274,74,160,0
04/08/2019 22:05,SCH - HQ_IMPORT_EXPORT,325376,1144,1310,-9999
04/08/2019 22:05,SCH - NE - NY,23318,-216.74,600,-800
04/08/2019 22:05,SCH - NPX_1385,325277,60,100,-100
04/08/2019 22:05,SCH - NPX_CSC,325154,330,330,-330
04/08/2019 22:05,SCH - OH - NY,23317,800.6,1300,-1750
04/08/2019 22:05,SCH - PJ - NY,23316,326.07,2000,-1300
04/08/2019 22:05,SCH - PJM_HTP,325905,0,660,-660
04/08/2019 22:05,SCH - PJM_NEPTUNE,325305,0,0,0
04/08/2019 22:05,SCH - PJM_VFT,325658,0,0,0
04/08/2019 22:05,SPR/DUN-SOUTH,23320,2680.92,4600,-9999
04/08/2019 22:05,TOTAL EAST,23314,4030.47,6800,-9999
04/08/2019 22:05,UPNY CONED,23315,3238.77,5700,-9999
04/08/2019 22:05,WEST CENTRAL,23312,587.95,9999,-9999
04/08/2019 22:10,CENTRAL EAST - VC,23330,1938.18,2245,-9999
04/08/2019 22:10,DYSINGER EAST,23326,914.01,3150,-9999
04/08/2019 22:10,MOSES SOUTH,23319,1914.1,3150,-1600
04/08/2019 22:10,SCH - HQ - NY,23324,1299,1450,-1000
04/08/2019 22:10,SCH - HQ_CEDARS,325274,74,160,0
04/08/2019 22:10,SCH - HQ_IMPORT_EXPORT,325376,1144,1310,-9999
04/08/2019 22:10,SCH - NE - NY,23318,-216.57,600,-800
04/08/2019 22:10,SCH - NPX_1385,325277,60,100,-100
04/08/2019 22:10,SCH - NPX_CSC,325154,330,330,-330
04/08/2019 22:10,SCH - OH - NY,23317,800.5,1300,-1750
04/08/2019 22:10,SCH - PJ - NY,23316,325.56,2000,-1300
04/08/2019 22:10,SCH - PJM_HTP,325905,0,660,-660
04/08/2019 22:10,SCH - PJM_NEPTUNE,325305,0,0,0
04/08/2019 22:10,SCH - PJM_VFT,325658,0,0,0
04/08/2019 22:10,SPR/DUN-SOUTH,23320,2728.2,4600,-9999
04/08/2019 22:10,TOTAL EAST,23314,4034.28,6800,-9999
04/08/2019 22:10,UPNY CONED,23315,3272.62,5700,-9999
04/08/2019 22:10,WEST CENTRAL,23312,548.68,9999,-9999
04/08/2019 22:15,CENTRAL EAST - VC,23330,2079.84,2245,-9999
04/08/2019 22:15,DYSINGER EAST,23326,1057.29,3150,-9999
04/08/2019 22:15,MOSES SOUTH,23319,1947.78,3150,-1600
04/08/2019 22:15,SCH - HQ - NY,23324,1299,1450,-1000
04/08/2019 22:15,SCH - HQ_CEDARS,325274,74,160,0
04/08/2019 22:15,SCH - HQ_IMPORT_EXPORT,325376,1144,1310,-9999
04/08/2019 22:15,SCH - NE - NY,23318,-369.36,600,-800
04/08/2019 22:15,SCH - NPX_1385,325277,60,100,-100
04/08/2019 22:15,SCH - NPX_CSC,325154,330,330,-330
04/08/2019 22:15,SCH - OH - NY,23317,800.52,1300,-1750
04/08/2019 22:15,SCH - PJ - NY,23316,387.73,2000,-1300
04/08/2019 22:15,SCH - PJM_HTP,325905,0,660,-660
04/08/2019 22:15,SCH - PJM_NEPTUNE,325305,0,0,0
04/08/2019 22:15,SCH - PJM_VFT,325658,0,0,0
04/08/2019 22:15,SPR/DUN-SOUTH,23320,2696.08,4600,-9999
04/08/2019 22:15,TOTAL EAST,23314,4086.97,6800,-9999
04/08/2019 22:15,UPNY CONED,23315,3237.95,5700,-9999
04/08/2019 22:15,WEST CENTRAL,23312,695.77,9999,-9999
04/08/2019 22:20,CENTRAL EAST - VC,23330,2083.42,2245,-9999
04/08/2019 22:20,DYSINGER EAST,23326,1088.01,3150,-9999
04/08/2019 22:20,MOSES SOUTH,23319,1874.65,3150,-1600
04/08/2019 22:20,SCH - HQ - NY,23324,1299,1450,-1000
04/08/2019 22:20,SCH - HQ_CEDARS,325274,74,160,0
04/08/2019 22:20,SCH - HQ_IMPORT_EXPORT,325376,1144,1310,-9999
04/08/2019 22:20,SCH - NE - NY,23318,-515.03,600,-800
04/08/2019 22:20,SCH - NPX_1385,325277,60,100,-100
04/08/2019 22:20,SCH - NPX_CSC,325154,330,330,-330
04/08/2019 22:20,SCH - OH - NY,23317,800.69,1300,-1750
04/08/2019 22:20,SCH - PJ - NY,23316,443.9,2000,-1300
04/08/2019 22:20,SCH - PJM_HTP,325905,0,660,-660
04/08/2019 22:20,SCH - PJM_NEPTUNE,325305,0,0,0
04/08/2019 22:20,SCH - PJM_VFT,325658,0,0,0
04/08/2019 22:20,SPR/DUN-SOUTH,23320,2632.38,4600,-9999
04/08/2019 22:20,TOTAL EAST,23314,4155.76,6800,-9999
04/08/2019 22:20,UPNY CONED,23315,3161.3,5700,-9999
04/08/2019 22:20,WEST CENTRAL,23312,730.93,9999,-9999
04/08/2019 22:25,CENTRAL EAST - VC,23330,2121.04,2245,-9999
04/08/2019 22:25,DYSINGER EAST,23326,1146.86,3150,-9999
04/08/2019 22:25,MOSES SOUTH,23319,1779.02,3150,-1600
04/08/2019 22:25,SCH - HQ - NY,23324,1299,1450,-1000
04/08/2019 22:25,SCH - HQ_CEDARS,325274,74,160,0
04/08/2019 22:25,SCH - HQ_IMPORT_EXPORT,325376,1144,1310,-9999
04/08/2019 22:25,SCH - NE - NY,23318,-515.03,600,-800
04/08/2019 22:25,SCH - NPX_1385,325277,60,100,-100
04/08/2019 22:25,SCH - NPX_CSC,325154,330,330,-330
04/08/2019 22:25,SCH - OH - NY,23317,800.73,1300,-1750
04/08/2019 22:25,SCH - PJ - NY,23316,437.84,2000,-1300
04/08/2019 22:25,SCH - PJM_HTP,325905,0,660,-660
04/08/2019 22:25,SCH - PJM_NEPTUNE,325305,0,0,0
04/08/2019 22:25,SCH - PJM_VFT,325658,0,0,0
04/08/2019 22:25,SPR/DUN-SOUTH,23320,2724.68,4600,-9999
04/08/2019 22:25,TOTAL EAST,23314,4179.28,6800,-9999
04/08/2019 22:25,UPNY CONED,23315,3232.83,5700,-9999
04/08/2019 22:25,WEST CENTRAL,23312,794.78,9999,-9999
04/08/2019 22:30,CENTRAL EAST - VC,23330,2096.46,2245,-9999
04/08/2019 22:30,DYSINGER EAST,23326,1076.36,3150,-9999
04/08/2019 22:30,MOSES SOUTH,23319,1783.49,3150,-1600
04/08/2019 22:30,SCH - HQ - NY,23324,1299,1450,-1000
04/08/2019 22:30,SCH - HQ_CEDARS,325274,74,160,0
04/08/2019 22:30,SCH - HQ_IMPORT_EXPORT,325376,1144,1310,-9999
04/08/2019 22:30,SCH - NE - NY,23318,-527.01,600,-800
04/08/2019 22:30,SCH - NPX_1385,325277,60,100,-100
04/08/2019 22:30,SCH - NPX_CSC,325154,330,330,-330
04/08/2019 22:30,SCH - OH - NY,23317,800.73,1300,-1750
04/08/2019 22:30,SCH - PJ - NY,23316,370.83,2000,-1300
04/08/2019 22:30,SCH - PJM_HTP,325905,0,660,-660
04/08/2019 22:30,SCH - PJM_NEPTUNE,325305,0,0,0
04/08/2019 22:30,SCH - PJM_VFT,325658,0,0,0
04/08/2019 22:30,SPR/DUN-SOUTH,23320,2684.84,4600,-9999
04/08/2019 22:30,TOTAL EAST,23314,4125.38,6800,-9999
04/08/2019 22:30,UPNY CONED,23315,3175.22,5700,-9999
04/08/2019 22:30,WEST CENTRAL,23312,734.42,9999,-9999
04/08/2019 22:35,CENTRAL EAST - VC,23330,2068.91,2245,-9999
04/08/2019 22:35,DYSINGER EAST,23326,1052.31,3150,-9999
04/08/2019 22:35,MOSES SOUTH,23319,1789.73,3150,-1600
04/08/2019 22:35,SCH - HQ - NY,23324,1299,1450,-1000
04/08/2019 22:35,SCH - HQ_CEDARS,325274,74,160,0
04/08/2019 22:35,SCH - HQ_IMPORT_EXPORT,325376,1144,1310,-9999
04/08/2019 22:35,SCH - NE - NY,23318,-539.96,600,-800
04/08/2019 22:35,SCH - NPX_1385,325277,60,100,-100
04/08/2019 22:35,SCH - NPX_CSC,325154,330,330,-330
04/08/2019 22:35,SCH - OH - NY,23317,800.78,1300,-1750
04/08/2019 22:35,SCH - PJ - NY,23316,296.89,2000,-1300
04/08/2019 22:35,SCH - PJM_HTP,325905,0,660,-660
04/08/2019 22:35,SCH - PJM_NEPTUNE,325305,0,0,0
04/08/2019 22:35,SCH - PJM_VFT,325658,0,0,0
04/08/2019 22:35,SPR/DUN-SOUTH,23320,2645.41,4600,-9999
04/08/2019 22:35,TOTAL EAST,23314,4054.86,6800,-9999
04/08/2019 22:35,UPNY CONED,23315,3105.61,5700,-9999
04/08/2019 22:35,WEST CENTRAL,23312,715.52,9999,-9999
04/08/2019 22:40,CENTRAL EAST - VC,23330,2004.87,2245,-9999
04/08/2019 22:40,DYSINGER EAST,23326,954.46,3150,-9999
04/08/2019 22:40,MOSES SOUTH,23319,1760.72,3150,-1600
04/08/2019 22:40,SCH - HQ - NY,23324,1299,1450,-1000
04/08/2019 22:40,SCH - HQ_CEDARS,325274,74,199,-100
04/08/2019 22:40,SCH - HQ_IMPORT_EXPORT,325376,1144,1310,-9999
04/08/2019 22:40,SCH - NE - NY,23318,-540,600,-800
04/08/2019 22:40,SCH - NPX_1385,325277,60,100,-100
04/08/2019 22:40,SCH - NPX_CSC,325154,330,330,-330
04/08/2019 22:40,SCH - OH - NY,23317,800.68,1300,-1750
04/08/2019 22:40,SCH - PJ - NY,23316,295.47,2000,-1300
04/08/2019 22:40,SCH - PJM_HTP,325905,0,660,-660
04/08/2019 22:40,SCH - PJM_NEPTUNE,325305,0,0,0
04/08/2019 22:40,SCH - PJM_VFT,325658,0,0,0
04/08/2019 22:40,SPR/DUN-SOUTH,23320,2628.67,4600,-9999
04/08/2019 22:40,TOTAL EAST,23314,4018.19,6800,-9999
04/08/2019 22:40,UPNY CONED,23315,3059.83,5700,-9999
04/08/2019 22:40,WEST CENTRAL,23312,626.07,9999,-9999
04/08/2019 22:45,CENTRAL EAST - VC,23330,2001.9,2245,-9999
04/08/2019 22:45,DYSINGER EAST,23326,938.75,3150,-9999
04/08/2019 22:45,MOSES SOUTH,23319,1749.48,3150,-1600
04/08/2019 22:45,SCH - HQ - NY,23324,1299,1450,-1000
04/08/2019 22:45,SCH - HQ_CEDARS,325274,74,199,-100
04/08/2019 22:45,SCH - HQ_IMPORT_EXPORT,325376,1144,1310,-9999
04/08/2019 22:45,SCH - NE - NY,23318,-477.04,600,-800
04/08/2019 22:45,SCH - NPX_1385,325277,60,100,-100
04/08/2019 22:45,SCH - NPX_CSC,325154,330,330,-330
04/08/2019 22:45,SCH - OH - NY,23317,800.59,1300,-1750
04/08/2019 22:45,SCH - PJ - NY,23316,270.34,2000,-1300
04/08/2019 22:45,SCH - PJM_HTP,325905,0,660,-660
04/08/2019 22:45,SCH - PJM_NEPTUNE,325305,0,0,0
04/08/2019 22:45,SCH - PJM_VFT,325658,0,0,0
04/08/2019 22:45,SPR/DUN-SOUTH,23320,2650.01,4600,-9999
04/08/2019 22:45,TOTAL EAST,23314,3966.04,6800,-9999
04/08/2019 22:45,UPNY CONED,23315,3058.85,5700,-9999
04/08/2019 22:45,WEST CENTRAL,23312,616.83,9999,-9999
04/08/2019 22:50,CENTRAL EAST - VC,23330,2006.4,2245,-9999
04/08/2019 22:50,DYSINGER EAST,23326,955.13,3150,-9999
04/08/2019 22:50,MOSES SOUTH,23319,1757.74,3150,-1600
04/08/2019 22:50,SCH - HQ - NY,23324,1299,1450,-1000
04/08/2019 22:50,SCH - HQ_CEDARS,325274,74,199,-100
04/08/2019 22:50,SCH - HQ_IMPORT_EXPORT,325376,1144,1310,-9999
04/08/2019 22:50,SCH - NE - NY,23318,-419.83,600,-800
04/08/2019 22:50,SCH - NPX_1385,325277,60,100,-100
04/08/2019 22:50,SCH - NPX_CSC,325154,330,330,-330
04/08/2019 22:50,SCH - OH - NY,23317,800.63,1300,-1750
04/08/2019 22:50,SCH - PJ - NY,23316,245.88,2000,-1300
04/08/2019 22:50,SCH - PJM_HTP,325905,0,660,-660
04/08/2019 22:50,SCH - PJM_NEPTUNE,325305,0,0,0
04/08/2019 22:50,SCH - PJM_VFT,325658,0,0,0
04/08/2019 22:50,SPR/DUN-SOUTH,23320,2733.58,4600,-9999
04/08/2019 22:50,TOTAL EAST,23314,3949.76,6800,-9999
04/08/2019 22:50,UPNY CONED,23315,3119.8,5700,-9999
04/08/2019 22:50,WEST CENTRAL,23312,637.04,9999,-9999
04/08/2019 22:55,CENTRAL EAST - VC,23330,1975.4,2245,-9999
04/08/2019 22:55,DYSINGER EAST,23326,884.05,3150,-9999
04/08/2019 22:55,MOSES SOUTH,23319,1756.9,3150,-1600
04/08/2019 22:55,SCH - HQ - NY,23324,1299,1450,-1000
04/08/2019 22:55,SCH - HQ_CEDARS,325274,74,199,-100
04/08/2019 22:55,SCH - HQ_IMPORT_EXPORT,325376,1144,1310,-9999
04/08/2019 22:55,SCH - NE - NY,23318,-419.94,600,-800
04/08/2019 22:55,SCH - NPX_1385,325277,60,100,-100
04/08/2019 22:55,SCH - NPX_CSC,325154,330,330,-330
04/08/2019 22:55,SCH - OH - NY,23317,800.61,1300,-1750
04/08/2019 22:55,SCH - PJ - NY,23316,247.14,2000,-1300
04/08/2019 22:55,SCH - PJM_HTP,325905,0,660,-660
04/08/2019 22:55,SCH - PJM_NEPTUNE,325305,0,0,0
04/08/2019 22:55,SCH - PJM_VFT,325658,0,0,0
04/08/2019 22:55,SPR/DUN-SOUTH,23320,2713.44,4600,-9999
04/08/2019 22:55,TOTAL EAST,23314,3874.37,6800,-9999
04/08/2019 22:55,UPNY CONED,23315,3071.77,5700,-9999
04/08/2019 22:55,WEST CENTRAL,23312,576.96,9999,-9999
04/08/2019 23:00,CENTRAL EAST - VC,23330,1919.62,2245,-9999
04/08/2019 23:00,DYSINGER EAST,23326,871.08,3150,-9999
04/08/2019 23:00,MOSES SOUTH,23319,1645.72,3150,-1600
04/08/2019 23:00,SCH - HQ - NY,23324,1231,1450,-1000
04/08/2019 23:00,SCH - HQ_CEDARS,325274,37,199,-100
04/08/2019 23:00,SCH - HQ_IMPORT_EXPORT,325376,1101,1310,-9999
04/08/2019 23:00,SCH - NE - NY,23318,-432.02,600,-800
04/08/2019 23:00,SCH - NPX_1385,325277,30,100,-100
04/08/2019 23:00,SCH - NPX_CSC,325154,330,330,-330
04/08/2019 23:00,SCH - OH - NY,23317,834.71,1300,-1750
04/08/2019 23:00,SCH - PJ - NY,23316,425.57,2000,-1300
04/08/2019 23:00,SCH - PJM_HTP,325905,0,660,-660
04/08/2019 23:00,SCH - PJM_NEPTUNE,325305,0,0,0
04/08/2019 23:00,SCH - PJM_VFT,325658,0,0,0
04/08/2019 23:00,SPR/DUN-SOUTH,23320,2610.15,4600,-9999
04/08/2019 23:00,TOTAL EAST,23314,3827.36,6800,-9999
04/08/2019 23:00,UPNY CONED,23315,3006.87,5700,-9999
04/08/2019 23:00,WEST CENTRAL,23312,571.25,9999,-9999
04/08/2019 23:05,CENTRAL EAST - VC,23330,1891.26,2245,-9999
04/08/2019 23:05,DYSINGER EAST,23326,845.43,3150,-9999
04/08/2019 23:05,MOSES SOUTH,23319,1528.09,3150,-1600
04/08/2019 23:05,SCH - HQ - NY,23324,1164,1450,-1000
04/08/2019 23:05,SCH - HQ_CEDARS,325274,0,199,-100
04/08/2019 23:05,SCH - HQ_IMPORT_EXPORT,325376,1059,1310,-9999
04/08/2019 23:05,SCH - NE - NY,23318,-450.04,600,-800
04/08/2019 23:05,SCH - NPX_1385,325277,0,100,-100
04/08/2019 23:05,SCH - NPX_CSC,325154,330,330,-330
04/08/2019 23:05,SCH - OH - NY,23317,869.57,1300,-1750
04/08/2019 23:05,SCH - PJ - NY,23316,607.89,2000,-1300
04/08/2019 23:05,SCH - PJM_HTP,325905,0,660,-660
04/08/2019 23:05,SCH - PJM_NEPTUNE,325305,0,0,0
04/08/2019 23:05,SCH - PJM_VFT,325658,0,0,0
04/08/2019 23:05,SPR/DUN-SOUTH,23320,2535.06,4600,-9999
04/08/2019 23:05,TOTAL EAST,23314,3836.07,6800,-9999
04/08/2019 23:05,UPNY CONED,23315,2965.82,5700,-9999
04/08/2019 23:05,WEST CENTRAL,23312,551.27,9999,-9999
04/08/2019 23:10,CENTRAL EAST - VC,23330,1966.33,2245,-9999
04/08/2019 23:10,DYSINGER EAST,23326,946.58,3150,-9999
04/08/2019 23:10,MOSES SOUTH,23319,1570.35,3150,-1600
04/08/2019 23:10,SCH - HQ - NY,23324,1164,1450,-1000
04/08/2019 23:10,SCH - HQ_CEDARS,325274,0,199,-100
04/08/2019 23:10,SCH - HQ_IMPORT_EXPORT,325376,1059,1310,-9999
04/08/2019 23:10,SCH - NE - NY,23318,-450.05,600,-800
04/08/2019 23:10,SCH - NPX_1385,325277,0,100,-100
04/08/2019 23:10,SCH - NPX_CSC,325154,330,330,-330
04/08/2019 23:10,SCH - OH - NY,23317,869.66,1300,-1750
04/08/2019 23:10,SCH - PJ - NY,23316,603.07,2000,-1300
04/08/2019 23:10,SCH - PJM_HTP,325905,0,660,-660
04/08/2019 23:10,SCH - PJM_NEPTUNE,325305,0,0,0
04/08/2019 23:10,SCH - PJM_VFT,325658,0,0,0
04/08/2019 23:10,SPR/DUN-SOUTH,23320,2513.44,4600,-9999
04/08/2019 23:10,TOTAL EAST,23314,3906.82,6800,-9999
04/08/2019 23:10,UPNY CONED,23315,2966.49,5700,-9999
04/08/2019 23:10,WEST CENTRAL,23312,655.19,9999,-9999
04/08/2019 23:15,CENTRAL EAST - VC,23330,1979.33,2245,-9999
04/08/2019 23:15,DYSINGER EAST,23326,913.01,3150,-9999
04/08/2019 23:15,MOSES SOUTH,23319,1620.78,3150,-1600
04/08/2019 23:15,SCH - HQ - NY,23324,1164,1450,-1000
04/08/2019 23:15,SCH - HQ_CEDARS,325274,0,199,-100
04/08/2019 23:15,SCH - HQ_IMPORT_EXPORT,325376,1059,1310,-9999
04/08/2019 23:15,SCH - NE - NY,23318,-525.01,600,-800
04/08/2019 23:15,SCH - NPX_1385,325277,0,100,-100
04/08/2019 23:15,SCH - NPX_CSC,325154,330,330,-330
04/08/2019 23:15,SCH - OH - NY,23317,869.69,1300,-1750
04/08/2019 23:15,SCH - PJ - NY,23316,617.39,2000,-1300
04/08/2019 23:15,SCH - PJM_HTP,325905,0,660,-660
04/08/2019 23:15,SCH - PJM_NEPTUNE,325305,0,0,0
04/08/2019 23:15,SCH - PJM_VFT,325658,0,0,0
04/08/2019 23:15,SPR/DUN-SOUTH,23320,2469.68,4600,-9999
04/08/2019 23:15,TOTAL EAST,23314,3954.29,6800,-9999
04/08/2019 23:15,UPNY CONED,23315,2938.26,5700,-9999
04/08/2019 23:15,WEST CENTRAL,23312,625.14,9999,-9999
04/08/2019 23:20,CENTRAL EAST - VC,23330,2039.78,2245,-9999
04/08/2019 23:20,DYSINGER EAST,23326,934.05,3150,-9999
04/08/2019 23:20,MOSES SOUTH,23319,1659.78,3150,-1600
04/08/2019 23:20,SCH - HQ - NY,23324,1164,1450,-1000
04/08/2019 23:20,SCH - HQ_CEDARS,325274,0,199,-100
04/08/2019 23:20,SCH - HQ_IMPORT_EXPORT,325376,1059,1310,-9999
04/08/2019 23:20,SCH - NE - NY,23318,-599.95,600,-800
04/08/2019 23:20,SCH - NPX_1385,325277,0,100,-100
04/08/2019 23:20,SCH - NPX_CSC,325154,330,330,-330
04/08/2019 23:20,SCH - OH - NY,23317,866.25,1300,-1750
04/08/2019 23:20,SCH - PJ - NY,23316,628.19,2000,-1300
04/08/2019 23:20,SCH - PJM_HTP,325905,0,660,-660
04/08/2019 23:20,SCH - PJM_NEPTUNE,325305,0,0,0
04/08/2019 23:20,SCH - PJM_VFT,325658,0,0,0
04/08/2019 23:20,SPR/DUN-SOUTH,23320,2457.84,4600,-9999
04/08/2019 23:20,TOTAL EAST,23314,3997.88,6800,-9999
04/08/2019 23:20,UPNY CONED,23315,2934.51,5700,-9999
04/08/2019 23:20,WEST CENTRAL,23312,651.94,9999,-9999
04/08/2019 23:25,CENTRAL EAST - VC,23330,1999.77,2245,-9999
04/08/2019 23:25,DYSINGER EAST,23326,869.03,3150,-9999
04/08/2019 23:25,MOSES SOUTH,23319,1647.59,3150,-1600
04/08/2019 23:25,SCH - HQ - NY,23324,1164,1450,-1000
04/08/2019 23:25,SCH - HQ_CEDARS,325274,0,199,-100
04/08/2019 23:25,SCH - HQ_IMPORT_EXPORT,325376,1059,1310,-9999
04/08/2019 23:25,SCH - NE - NY,23318,-599.89,600,-800
04/08/2019 23:25,SCH - NPX_1385,325277,0,100,-100
04/08/2019 23:25,SCH - NPX_CSC,325154,330,330,-330
04/08/2019 23:25,SCH - OH - NY,23317,869.75,1300,-1750
04/08/2019 23:25,SCH - PJ - NY,23316,628.87,2000,-1300
04/08/2019 23:25,SCH - PJM_HTP,325905,0,660,-660
04/08/2019 23:25,SCH - PJM_NEPTUNE,325305,0,0,0
04/08/2019 23:25,SCH - PJM_VFT,325658,0,0,0
04/08/2019 23:25,SPR/DUN-SOUTH,23320,2423.48,4600,-9999
04/08/2019 23:25,TOTAL EAST,23314,3956.79,6800,-9999
04/08/2019 23:25,UPNY CONED,23315,2905.82,5700,-9999
04/08/2019 23:25,WEST CENTRAL,23312,593.53,9999,-9999
04/08/2019 23:30,CENTRAL EAST - VC,23330,1977.07,2245,-9999
04/08/2019 23:30,DYSINGER EAST,23326,830.62,3150,-9999
04/08/2019 23:30,MOSES SOUTH,23319,1642.28,3150,-1600
04/08/2019 23:30,SCH - HQ - NY,23324,1164,1450,-1000
04/08/2019 23:30,SCH - HQ_CEDARS,325274,0,199,-100
04/08/2019 23:30,SCH - HQ_IMPORT_EXPORT,325376,1059,1310,-9999
04/08/2019 23:30,SCH - NE - NY,23318,-563.91,600,-800
04/08/2019 23:30,SCH - NPX_1385,325277,0,100,-100
04/08/2019 23:30,SCH - NPX_CSC,325154,330,330,-330
04/08/2019 23:30,SCH - OH - NY,23317,868.23,1300,-1750
04/08/2019 23:30,SCH - PJ - NY,23316,593.46,2000,-1300
04/08/2019 23:30,SCH - PJM_HTP,325905,0,660,-660
04/08/2019 23:30,SCH - PJM_NEPTUNE,325305,0,0,0
04/08/2019 23:30,SCH - PJM_VFT,325658,0,0,0
04/08/2019 23:30,SPR/DUN-SOUTH,23320,2440.22,4600,-9999
04/08/2019 23:30,TOTAL EAST,23314,3934.34,6800,-9999
04/08/2019 23:30,UPNY CONED,23315,2910.03,5700,-9999
04/08/2019 23:30,WEST CENTRAL,23312,563.48,9999,-9999
04/08/2019 23:35,CENTRAL EAST - VC,23330,1989.91,2245,-9999
04/08/2019 23:35,DYSINGER EAST,23326,865.88,3150,-9999
04/08/2019 23:35,MOSES SOUTH,23319,1627.29,3150,-1600
04/08/2019 23:35,SCH - HQ - NY,23324,1164,1450,-1000
04/08/2019 23:35,SCH - HQ_CEDARS,325274,0,199,-100
04/08/2019 23:35,SCH - HQ_IMPORT_EXPORT,325376,1059,1310,-9999
04/08/2019 23:35,SCH - NE - NY,23318,-528.93,600,-800
04/08/2019 23:35,SCH - NPX_1385,325277,0,100,-100
04/08/2019 23:35,SCH - NPX_CSC,325154,330,330,-330
04/08/2019 23:35,SCH - OH - NY,23317,868.13,1300,-1750
04/08/2019 23:35,SCH - PJ - NY,23316,553.63,2000,-1300
04/08/2019 23:35,SCH - PJM_HTP,325905,0,660,-660
04/08/2019 23:35,SCH - PJM_NEPTUNE,325305,0,0,0
04/08/2019 23:35,SCH - PJM_VFT,325658,0,0,0
04/08/2019 23:35,SPR/DUN-SOUTH,23320,2485.65,4600,-9999
04/08/2019 23:35,TOTAL EAST,23314,3910.69,6800,-9999
04/08/2019 23:35,UPNY CONED,23315,2937.37,5700,-9999
04/08/2019 23:35,WEST CENTRAL,23312,602.48,9999,-9999
04/08/2019 23:40,CENTRAL EAST - VC,23330,1981.41,2245,-9999
04/08/2019 23:40,DYSINGER EAST,23326,870.41,3150,-9999
04/08/2019 23:40,MOSES SOUTH,23319,1621.86,3150,-1600
04/08/2019 23:40,SCH - HQ - NY,23324,1164,1450,-1000
04/08/2019 23:40,SCH - HQ_CEDARS,325274,0,199,-100
04/08/2019 23:40,SCH - HQ_IMPORT_EXPORT,325376,1059,1310,-9999
04/08/2019 23:40,SCH - NE - NY,23318,-528.93,600,-800
04/08/2019 23:40,SCH - NPX_1385,325277,0,100,-100
04/08/2019 23:40,SCH - NPX_CSC,325154,330,330,-330
04/08/2019 23:40,SCH - OH - NY,23317,866.52,1300,-1750
04/08/2019 23:40,SCH - PJ - NY,23316,556.48,2000,-1300
04/08/2019 23:40,SCH - PJM_HTP,325905,0,660,-660
04/08/2019 23:40,SCH - PJM_NEPTUNE,325305,0,0,0
04/08/2019 23:40,SCH - PJM_VFT,325658,0,0,0
04/08/2019 23:40,SPR/DUN-SOUTH,23320,2514.12,4600,-9999
04/08/2019 23:40,TOTAL EAST,23314,3913.79,6800,-9999
04/08/2019 23:40,UPNY CONED,23315,2940.35,5700,-9999
04/08/2019 23:40,WEST CENTRAL,23312,612.02,9999,-9999
04/08/2019 23:45,CENTRAL EAST - VC,23330,1929.38,2245,-9999
04/08/2019 23:45,DYSINGER EAST,23326,820.42,3150,-9999
04/08/2019 23:45,MOSES SOUTH,23319,1626.08,3150,-1600
04/08/2019 23:45,SCH - HQ - NY,23324,1164,1450,-1000
04/08/2019 23:45,SCH - HQ_CEDARS,325274,0,199,-100
04/08/2019 23:45,SCH - HQ_IMPORT_EXPORT,325376,1059,1310,-9999
04/08/2019 23:45,SCH - NE - NY,23318,-528.92,600,-800
04/08/2019 23:45,SCH - NPX_1385,325277,0,100,-100
04/08/2019 23:45,SCH - NPX_CSC,325154,330,330,-330
04/08/2019 23:45,SCH - OH - NY,23317,868.97,1300,-1750
04/08/2019 23:45,SCH - PJ - NY,23316,523.19,2000,-1300
04/08/2019 23:45,SCH - PJM_HTP,325905,0,660,-660
04/08/2019 23:45,SCH - PJM_NEPTUNE,325305,0,0,0
04/08/2019 23:45,SCH - PJM_VFT,325658,0,0,0
04/08/2019 23:45,SPR/DUN-SOUTH,23320,2432.13,4600,-9999
04/08/2019 23:45,TOTAL EAST,23314,3871.29,6800,-9999
04/08/2019 23:45,UPNY CONED,23315,2838.99,5700,-9999
04/08/2019 23:45,WEST CENTRAL,23312,563.19,9999,-9999
04/08/2019 23:50,CENTRAL EAST - VC,23330,1940.19,2245,-9999
04/08/2019 23:50,DYSINGER EAST,23326,867.04,3150,-9999
04/08/2019 23:50,MOSES SOUTH,23319,1623.37,3150,-1600
04/08/2019 23:50,SCH - HQ - NY,23324,1164,1450,-1000
04/08/2019 23:50,SCH - HQ_CEDARS,325274,0,199,-100
04/08/2019 23:50,SCH - HQ_IMPORT_EXPORT,325376,1059,1310,-9999
04/08/2019 23:50,SCH - NE - NY,23318,-528.92,600,-800
04/08/2019 23:50,SCH - NPX_1385,325277,0,100,-100
04/08/2019 23:50,SCH - NPX_CSC,325154,330,330,-330
04/08/2019 23:50,SCH - OH - NY,23317,872.04,1300,-1750
04/08/2019 23:50,SCH - PJ - NY,23316,489.29,2000,-1300
04/08/2019 23:50,SCH - PJM_HTP,325905,0,660,-660
04/08/2019 23:50,SCH - PJM_NEPTUNE,325305,0,0,0
04/08/2019 23:50,SCH - PJM_VFT,325658,0,0,0
04/08/2019 23:50,SPR/DUN-SOUTH,23320,2447.1,4600,-9999
04/08/2019 23:50,TOTAL EAST,23314,3842.85,6800,-9999
04/08/2019 23:50,UPNY CONED,23315,2840.85,5700,-9999
04/08/2019 23:50,WEST CENTRAL,23312,613.28,9999,-9999
04/08/2019 23:55,CENTRAL EAST - VC,23330,1902.39,2245,-9999
04/08/2019 23:55,DYSINGER EAST,23326,795.58,3150,-9999
04/08/2019 23:55,MOSES SOUTH,23319,1638.95,3150,-1600
04/08/2019 23:55,SCH - HQ - NY,23324,1164,1450,-1000
04/08/2019 23:55,SCH - HQ_CEDARS,325274,0,199,-100
04/08/2019 23:55,SCH - HQ_IMPORT_EXPORT,325376,1059,1310,-9999
04/08/2019 23:55,SCH - NE - NY,23318,-528.92,600,-800
04/08/2019 23:55,SCH - NPX_1385,325277,0,100,-100
04/08/2019 23:55,SCH - NPX_CSC,325154,330,330,-330
04/08/2019 23:55,SCH - OH - NY,23317,870.53,1300,-1750
04/08/2019 23:55,SCH - PJ - NY,23316,489.66,2000,-1300
04/08/2019 23:55,SCH - PJM_HTP,325905,0,660,-660
04/08/2019 23:55,SCH - PJM_NEPTUNE,325305,0,0,0
04/08/2019 23:55,SCH - PJM_VFT,325658,0,0,0
04/08/2019 23:55,SPR/DUN-SOUTH,23320,2429.87,4600,-9999
04/08/2019 23:55,TOTAL EAST,23314,3817.25,6800,-9999
04/08/2019 23:55,UPNY CONED,23315,2808.06,5700,-9999
04/08/2019 23:55,WEST CENTRAL,23312,547.46,9999,-9999
