Timestamp,Interface Name,Point ID,Flow (MWH),Positive Limit (MWH),Negative Limit (MWH)
01/07/2019 00:00,CENTRAL EAST - VC,23330,2359.43,2640,-9999
01/07/2019 00:00,DYSINGER EAST,23326,1051.94,3150,-9999
01/07/2019 00:00,MOSES SOUTH,23319,1885.73,3150,-1600
01/07/2019 00:00,SCH - HQ - NY,23324,1321,1500,-1000
01/07/2019 00:00,SCH - HQ_CEDARS,325274,100,199,-100
01/07/2019 00:00,SCH - HQ_IMPORT_EXPORT,325376,1171,1310,-9999
01/07/2019 00:00,SCH - NE - NY,23318,-760.71,1400,-1800
01/07/2019 00:00,SCH - NPX_1385,325277,42,200,-200
01/07/2019 00:00,SCH - NPX_CSC,325154,0,330,-330
01/07/2019 00:00,SCH - OH - NY,23317,1086.67,2250,-1900
01/07/2019 00:00,SCH - PJ - NY,23316,-7.78,2000,-1300
01/07/2019 00:00,SCH - PJM_HTP,325905,55,660,-660
01/07/2019 00:00,SCH - PJM_NEPTUNE,325305,630,660,-660
01/07/2019 00:00,SCH - PJM_VFT,325658,258,315,-315
01/07/2019 00:00,SPR/DUN-SOUTH,23320,2231.79,4600,-9999
01/07/2019 00:00,TOTAL EAST,23314,3744.16,6800,-9999
01/07/2019 00:00,UPNY CONED,23315,1606.88,5700,-9999
01/07/2019 00:00,WEST CENTRAL,23312,658.09,9999,-9999
01/07/2019 00:05,CENTRAL EAST - VC,23330,2379.37,2640,-9999
01/07/2019 00:05,DYSINGER EAST,23326,1102.96,3150,-9999
01/07/2019 00:05,MOSES SOUTH,23319,1859.75,3150,-1600
01/07/2019 00:05,SCH - HQ - NY,23324,1310,1500,-1000
01/07/2019 00:05,SCH - HQ_CEDARS,325274,100,199,-100
01/07/2019 00:05,SCH - HQ_IMPORT_EXPORT,325376,1160,1310,-9999
01/07/2019 00:05,SCH - NE - NY,23318,-823.92,1400,-1800
01/07/2019 00:05,SCH - NPX_1385,325277,19,200,-200
01/07/2019 00:05,SCH - NPX_CSC,325154,0,330,-330
01/07/2019 00:05,SCH - OH - NY,23317,1149.61,2250,-1900
01/07/2019 00:05,SCH - PJ - NY,23316,28.59,2000,-1300
01/07/2019 00:05,SCH - PJM_HTP,325905,110,660,-660
01/07/2019 00:05,SCH - PJM_NEPTUNE,325305,600,660,-660
01/07/2019 00:05,SCH - PJM_VFT,325658,203,315,-315
01/07/2019 00:05,SPR/DUN-SOUTH,23320,2200.64,4600,-9999
01/07/2019 00:05,TOTAL EAST,23314,3808.25,6800,-9999
01/07/2019 00:05,UPNY CONED,23315,1615.34,5700,-9999
01/07/2019 00:05,WEST CENTRAL,23312,712.38,9999,-9999
01/07/2019 00:10,CENTRAL EAST - VC,23330,2344.04,2640,-9999
01/07/2019 00:10,DYSINGER EAST,23326,1066.32,3150,-9999
01/07/2019 00:10,MOSES SOUTH,23319,1851.47,3150,-1600
01/07/2019 00:10,SCH - HQ - NY,23324,1310,1500,-1000
01/07/2019 00:10,SCH - HQ_CEDARS,325274,100,199,-100
01/07/2019 00:10,SCH - HQ_IMPORT_EXPORT,325376,1160,1310,-9999
01/07/2019 00:10,SCH - NE - NY,23318,-823.95,1400,-1800
01/07/2019 00:10,SCH - NPX_1385,325277,19,200,-200
01/07/2019 00:10,SCH - NPX_CSC,325154,0,330,-330
01/07/2019 00:10,SCH - OH - NY,23317,1149.62,2250,-1900
01/07/2019 00:10,SCH - PJ - NY,23316,31.66,2000,-1300
01/07/2019 00:10,SCH - PJM_HTP,325905,110,660,-660
01/07/2019 00:10,SCH - PJM_NEPTUNE,325305,600,660,-660
01/07/2019 00:10,SCH - PJM_VFT,325658,203,315,-315
01/07/2019 00:10,SPR/DUN-SOUTH,23320,2155.77,4600,-9999
01/07/2019 00:10,TOTAL EAST,23314,3807.59,6800,-9999
01/07/2019 00:10,UPNY CONED,23315,1556.51,5700,-9999
01/07/2019 00:10,WEST CENTRAL,23312,680.31,9999,-9999
01/07/2019 00:15,CENTRAL EAST - VC,23330,2334.7,2600,-9999
01/07/2019 00:15,DYSINGER EAST,23326,1102.02,3150,-9999
01/07/2019 00:15,MOSES SOUTH,23319,1862.73,3150,-1600
01/07/2019 00:15,SCH - HQ - NY,23324,1310,1500,-1000
01/07/2019 00:15,SCH - HQ_CEDARS,325274,100,199,-100
01/07/2019 00:15,SCH - HQ_IMPORT_EXPORT,325376,1160,1310,-9999
01/07/2019 00:15,SCH - NE - NY,23318,-844.88,1400,-1800
01/07/2019 00:15,SCH - NPX_1385,325277,19,200,-200
01/07/2019 00:15,SCH - NPX_CSC,325154,0,330,-330
01/07/2019 00:15,SCH - OH - NY,23317,1145.7,2250,-1900
01/07/2019 00:15,SCH - PJ - NY,23316,-4.52,2000,-1300
01/07/2019 00:15,SCH - PJM_HTP,325905,110,660,-660
01/07/2019 00:15,SCH - PJM_NEPTUNE,325305,600,660,-660
01/07/2019 00:15,SCH - PJM_VFT,325658,199,315,-315
01/07/2019 00:15,SPR/DUN-SOUTH,23320,2061.56,4600,-9999
01/07/2019 00:15,TOTAL EAST,23314,3738.17,6800,-9999
01/07/2019 00:15,UPNY CONED,23315,1444.24,5700,-9999
01/07/2019 00:15,WEST CENTRAL,23312,719.71,9999,-9999
01/07/2019 00:20,CENTRAL EAST - VC,23330,2285.92,2600,-9999
01/07/2019 00:20,DYSINGER EAST,23326,1046.98,3150,-9999
01/07/2019 00:20,MOSES SOUTH,23319,1866.27,3150,-1600
01/07/2019 00:20,SCH - HQ - NY,23324,1310,1500,-1000
01/07/2019 00:20,SCH - HQ_CEDARS,325274,100,199,-100
01/07/2019 00:20,SCH - HQ_IMPORT_EXPORT,325376,1160,1310,-9999
01/07/2019 00:20,SCH - NE - NY,23318,-870.87,1400,-1800
01/07/2019 00:20,SCH - NPX_1385,325277,19,200,-200
01/07/2019 00:20,SCH - NPX_CSC,325154,0,330,-330
01/07/2019 00:20,SCH - OH - NY,23317,1145.39,2250,-1900
01/07/2019 00:20,SCH - PJ - NY,23316,-36.09,2000,-1300
01/07/2019 00:20,SCH - PJM_HTP,325905,110,660,-660
01/07/2019 00:20,SCH - PJM_NEPTUNE,325305,600,660,-660
01/07/2019 00:20,SCH - PJM_VFT,325658,196,315,-315
01/07/2019 00:20,SPR/DUN-SOUTH,23320,1996.25,4600,-9999
01/07/2019 00:20,TOTAL EAST,23314,3701.34,6800,-9999
01/07/2019 00:20,UPNY CONED,23315,1360.58,5700,-9999
01/07/2019 00:20,WEST CENTRAL,23312,668.34,9999,-9999
01/07/2019 00:25,CENTRAL EAST - VC,23330,2297.86,2600,-9999
01/07/2019 00:25,DYSINGER EAST,23326,1065.15,3150,-9999
01/07/2019 00:25,MOSES SOUTH,23319,1870.42,3150,-1600
01/07/2019 00:25,SCH - HQ - NY,23324,1310,1500,-1000
01/07/2019 00:25,SCH - HQ_CEDARS,325274,100,199,-100
01/07/2019 00:25,SCH - HQ_IMPORT_EXPORT,325376,1160,1310,-9999
01/07/2019 00:25,SCH - NE - NY,23318,-870.87,1400,-1800
01/07/2019 00:25,SCH - NPX_1385,325277,19,200,-200
01/07/2019 00:25,SCH - NPX_CSC,325154,0,330,-330
01/07/2019 00:25,SCH - OH - NY,23317,1149.66,2250,-1900
01/07/2019 00:25,SCH - PJ - NY,23316,-39.37,2000,-1300
01/07/2019 00:25,SCH - PJM_HTP,325905,110,660,-660
01/07/2019 00:25,SCH - PJM_NEPTUNE,325305,600,660,-660
01/07/2019 00:25,SCH - PJM_VFT,325658,196,315,-315
01/07/2019 00:25,SPR/DUN-SOUTH,23320,2028.74,4600,-9999
01/07/2019 00:25,TOTAL EAST,23314,3697.71,6800,-9999
01/07/2019 00:25,UPNY CONED,23315,1381.9,5700,-9999
01/07/2019 00:25,WEST CENTRAL,23312,687.27,9999,-9999
01/07/2019 00:30,CENTRAL EAST - VC,23330,2337.61,2600,-9999
01/07/2019 00:30,DYSINGER EAST,23326,1116.09,3150,-9999
01/07/2019 00:30,MOSES SOUTH,23319,1862.13,3150,-1600
01/07/2019 00:30,SCH - HQ - NY,23324,1310,1500,-1000
01/07/2019 00:30,SCH - HQ_CEDARS,325274,100,199,-100
01/07/2019 00:30,SCH - HQ_IMPORT_EXPORT,325376,1160,1310,-9999
01/07/2019 00:30,SCH - NE - NY,23318,-900.86,1400,-1800
01/07/2019 00:30,SCH - NPX_1385,325277,19,200,-200
01/07/2019 00:30,SCH - NPX_CSC,325154,0,330,-330
01/07/2019 00:30,SCH - OH - NY,23317,1149.61,2250,-1900
01/07/2019 00:30,SCH - PJ - NY,23316,-38.51,2000,-1300
01/07/2019 00:30,SCH - PJM_HTP,325905,110,660,-660
01/07/2019 00:30,SCH - PJM_NEPTUNE,325305,600,660,-660
01/07/2019 00:30,SCH - PJM_VFT,325658,196,315,-315
01/07/2019 00:30,SPR/DUN-SOUTH,23320,2039.81,4600,-9999
01/07/2019 00:30,TOTAL EAST,23314,3707.89,6800,-9999
01/07/2019 00:30,UPNY CONED,23315,1388.7,5700,-9999
01/07/2019 00:30,WEST CENTRAL,23312,735.52,9999,-9999
01/07/2019 00:35,CENTRAL EAST - VC,23330,2306.11,2600,-9999
01/07/2019 00:35,DYSINGER EAST,23326,1065.15,3150,-9999
01/07/2019 00:35,MOSES SOUTH,23319,1878.56,3150,-1600
01/07/2019 00:35,SCH - HQ - NY,23324,1310,1500,-1000
01/07/2019 00:35,SCH - HQ_CEDARS,325274,100,199,-100
01/07/2019 00:35,SCH - HQ_IMPORT_EXPORT,325376,1160,1310,-9999
01/07/2019 00:35,SCH - NE - NY,23318,-930.86,1400,-1800
01/07/2019 00:35,SCH - NPX_1385,325277,19,200,-200
01/07/2019 00:35,SCH - NPX_CSC,325154,0,330,-330
01/07/2019 00:35,SCH - OH - NY,23317,1149.6,2250,-1900
01/07/2019 00:35,SCH - PJ - NY,23316,-38.41,2000,-1300
01/07/2019 00:35,SCH - PJM_HTP,325905,110,660,-660
01/07/2019 00:35,SCH - PJM_NEPTUNE,325305,600,660,-660
01/07/2019 00:35,SCH - PJM_VFT,325658,196,315,-315
01/07/2019 00:35,SPR/DUN-SOUTH,23320,2026.06,4600,-9999
01/07/2019 00:35,TOTAL EAST,23314,3723.51,6800,-9999
01/07/2019 00:35,UPNY CONED,23315,1364.61,5700,-9999
01/07/2019 00:35,WEST CENTRAL,23312,684.28,9999,-9999
01/07/2019 00:40,CENTRAL EAST - VC,23330,2304.31,2600,-9999
01/07/2019 00:40,DYSINGER EAST,23326,1030.26,3150,-9999
01/07/2019 00:40,MOSES SOUTH,23319,1882.24,3150,-1600
01/07/2019 00:40,SCH - HQ - NY,23324,1310,1500,-1000
01/07/2019 00:40,SCH - HQ_CEDARS,325274,100,199,-100
01/07/2019 00:40,SCH - HQ_IMPORT_EXPORT,325376,1160,1310,-9999
01/07/2019 00:40,SCH - NE - NY,23318,-930.86,1400,-1800
01/07/2019 00:40,SCH - NPX_1385,325277,19,200,-200
01/07/2019 00:40,SCH - NPX_CSC,325154,0,330,-330
01/07/2019 00:40,SCH - OH - NY,23317,1149.51,2250,-1900
01/07/2019 00:40,SCH - PJ - NY,23316,-38.53,2000,-1300
01/07/2019 00:40,SCH - PJM_HTP,325905,110,660,-660
01/07/2019 00:40,SCH - PJM_NEPTUNE,325305,600,660,-660
01/07/2019 00:40,SCH - PJM_VFT,325658,196,315,-315
01/07/2019 00:40,SPR/DUN-SOUTH,23320,2050.38,4600,-9999
01/07/2019 00:40,TOTAL EAST,23314,3731.93,6800,-9999
01/07/2019 00:40,UPNY CONED,23315,1380.03,5700,-9999
01/07/2019 00:40,WEST CENTRAL,23312,652.99,9999,-9999
01/07/2019 00:45,CENTRAL EAST - VC,23330,2309.05,2600,-9999
01/07/2019 00:45,DYSINGER EAST,23326,1048.39,3150,-9999
01/07/2019 00:45,MOSES SOUTH,23319,1881.11,3150,-1600
01/07/2019 00:45,SCH - HQ - NY,23324,1310,1500,-1000
01/07/2019 00:45,SCH - HQ_CEDARS,325274,100,199,-100
01/07/2019 00:45,SCH - HQ_IMPORT_EXPORT,325376,1160,1310,-9999
01/07/2019 00:45,SCH - NE - NY,23318,-930.86,1400,-1800
01/07/2019 00:45,SCH - NPX_1385,325277,19,200,-200
01/07/2019 00:45,SCH - NPX_CSC,325154,0,330,-330
01/07/2019 00:45,SCH - OH - NY,23317,1149.51,2250,-1900
01/07/2019 00:45,SCH - PJ - NY,23316,-41.58,2000,-1300
01/07/2019 00:45,SCH - PJM_HTP,325905,110,660,-660
01/07/2019 00:45,SCH - PJM_NEPTUNE,325305,600,660,-660
01/07/2019 00:45,SCH - PJM_VFT,325658,196,315,-315
01/07/2019 00:45,SPR/DUN-SOUTH,23320,2067.96,4600,-9999
01/07/2019 00:45,TOTAL EAST,23314,3716.67,6800,-9999
01/07/2019 00:45,UPNY CONED,23315,1390.5,5700,-9999
01/07/2019 00:45,WEST CENTRAL,23312,667.88,9999,-9999
01/07/2019 00:50,CENTRAL EAST - VC,23330,2282.95,2600,-9999
01/07/2019 00:50,DYSINGER EAST,23326,1023.03,3150,-9999
01/07/2019 00:50,MOSES SOUTH,23319,1884.48,3150,-1600
01/07/2019 00:50,SCH - HQ - NY,23324,1310,1500,-1000
01/07/2019 00:50,SCH - HQ_CEDARS,325274,100,199,-100
01/07/2019 00:50,SCH - HQ_IMPORT_EXPORT,325376,1160,1310,-9999
01/07/2019 00:50,SCH - NE - NY,23318,-930.87,1400,-1800
01/07/2019 00:50,SCH - NPX_1385,325277,19,200,-200
01/07/2019 00:50,SCH - NPX_CSC,325154,0,330,-330
01/07/2019 00:50,SCH - OH - NY,23317,1149.54,2250,-1900
01/07/2019 00:50,SCH - PJ - NY,23316,-39.54,2000,-1300
01/07/2019 00:50,SCH - PJM_HTP,325905,110,660,-660
01/07/2019 00:50,SCH - PJM_NEPTUNE,325305,600,660,-660
01/07/2019 00:50,SCH - PJM_VFT,325658,196,315,-315
01/07/2019 00:50,SPR/DUN-SOUTH,23320,2045.58,4600,-9999
01/07/2019 00:50,TOTAL EAST,23314,3700.18,6800,-9999
01/07/2019 00:50,UPNY CONED,23315,1361.81,5700,-9999
01/07/2019 00:50,WEST CENTRAL,23312,643.79,9999,-9999
01/07/2019 00:55,CENTRAL EAST - VC,23330,2264.84,2600,-9999
01/07/2019 00:55,DYSINGER EAST,23326,1010.04,3150,-9999
01/07/2019 00:55,MOSES SOUTH,23319,1871.3,3150,-1600
01/07/2019 00:55,SCH - HQ - NY,23324,1310,1500,-1000
01/07/2019 00:55,SCH - HQ_CEDARS,325274,100,199,-100
01/07/2019 00:55,SCH - HQ_IMPORT_EXPORT,325376,1160,1310,-9999
01/07/2019 00:55,SCH - NE - NY,23318,-930.87,1400,-1800
01/07/2019 00:55,SCH - NPX_1385,325277,19,200,-200
01/07/2019 00:55,SCH - NPX_CSC,325154,0,330,-330
01/07/2019 00:55,SCH - OH - NY,23317,1149.55,2250,-1900
01/07/2019 00:55,SCH - PJ - NY,23316,-38.47,2000,-1300
01/07/2019 00:55,SCH - PJM_HTP,325905,110,660,-660
01/07/2019 00:55,SCH - PJM_NEPTUNE,325305,600,660,-660
01/07/2019 00:55,SCH - PJM_VFT,325658,196,315,-315
01/07/2019 00:55,SPR/DUN-SOUTH,23320,2038.02,4600,-9999
01/07/2019 00:55,TOTAL EAST,23314,3700.14,6800,-9999
01/07/2019 00:55,UPNY CONED,23315,1340.71,5700,-9999
01/07/2019 00:55,WEST CENTRAL,23312,632.89,9999,-9999
01/07/2019 01:00,CENTRAL EAST - VC,23330,2237.48,2600,-9999
01/07/2019 01:00,DYSINGER EAST,23326,1031.14,3150,-9999
01/07/2019 01:00,MOSES SOUTH,23319,1779.62,3150,-1600
01/07/2019 01:00,SCH - HQ - NY,23324,1231,1500,-1000
01/07/2019 01:00,SCH - HQ_CEDARS,325274,100,199,-100
01/07/2019 01:00,SCH - HQ_IMPORT_EXPORT,325376,1081,1310,-9999
01/07/2019 01:00,SCH - NE - NY,23318,-828.8,1400,-1800
01/07/2019 01:00,SCH - NPX_1385,325277,19,200,-200
01/07/2019 01:00,SCH - NPX_CSC,325154,0,330,-330
01/07/2019 01:00,SCH - OH - NY,23317,1149.5,2250,-1900
01/07/2019 01:00,SCH - PJ - NY,23316,-7.68,2000,-1300
01/07/2019 01:00,SCH - PJM_HTP,325905,55,660,-660
01/07/2019 01:00,SCH - PJM_NEPTUNE,325305,625,660,-660
01/07/2019 01:00,SCH - PJM_VFT,325658,255,315,-315
01/07/2019 01:00,SPR/DUN-SOUTH,23320,1883.19,4600,-9999
01/07/2019 01:00,TOTAL EAST,23314,3676.52,6800,-9999
01/07/2019 01:00,UPNY CONED,23315,1140.18,5700,-9999
01/07/2019 01:00,WEST CENTRAL,23312,655.77,9999,-9999
01/07/2019 01:05,CENTRAL EAST - VC,23330,2195.79,2600,-9999
01/07/2019 01:05,DYSINGER EAST,23326,1031.16,3150,-9999
01/07/2019 01:05,MOSES SOUTH,23319,1706.5,3150,-1600
01/07/2019 01:05,SCH - HQ - NY,23324,1153,1500,-1000
01/07/2019 01:05,SCH - HQ_CEDARS,325274,100,199,-100
01/07/2019 01:05,SCH - HQ_IMPORT_EXPORT,325376,1003,1310,-9999
01/07/2019 01:05,SCH - NE - NY,23318,-732.24,1400,-1800
01/07/2019 01:05,SCH - NPX_1385,325277,19,200,-200
01/07/2019 01:05,SCH - NPX_CSC,325154,0,330,-330
01/07/2019 01:05,SCH - OH - NY,23317,1149.53,2250,-1900
01/07/2019 01:05,SCH - PJ - NY,23316,32.9,2000,-1300
01/07/2019 01:05,SCH - PJM_HTP,325905,0,660,-660
01/07/2019 01:05,SCH - PJM_NEPTUNE,325305,650,660,-660
01/07/2019 01:05,SCH - PJM_VFT,325658,315,315,-315
01/07/2019 01:05,SPR/DUN-SOUTH,23320,1991.77,4600,-9999
01/07/2019 01:05,TOTAL EAST,23314,3666.75,6800,-9999
01/07/2019 01:05,UPNY CONED,23315,1223.57,5700,-9999
01/07/2019 01:05,WEST CENTRAL,23312,654.83,9999,-9999
01/07/2019 01:10,CENTRAL EAST - VC,23330,2178.3,2600,-9999
01/07/2019 01:10,DYSINGER EAST,23326,1023.73,3150,-9999
01/07/2019 01:10,MOSES SOUTH,23319,1702.88,3150,-1600
01/07/2019 01:10,SCH - HQ - NY,23324,1153,1500,-1000
01/07/2019 01:10,SCH - HQ_CEDARS,325274,100,199,-100
01/07/2019 01:10,SCH - HQ_IMPORT_EXPORT,325376,1003,1310,-9999
01/07/2019 01:10,SCH - NE - NY,23318,-732.11,1400,-1800
01/07/2019 01:10,SCH - NPX_1385,325277,19,200,-200
01/07/2019 01:10,SCH - NPX_CSC,325154,0,330,-330
01/07/2019 01:10,SCH - OH - NY,23317,1149.6,2250,-1900
01/07/2019 01:10,SCH - PJ - NY,23316,32.83,2000,-1300
01/07/2019 01:10,SCH - PJM_HTP,325905,0,660,-660
01/07/2019 01:10,SCH - PJM_NEPTUNE,325305,650,660,-660
01/07/2019 01:10,SCH - PJM_VFT,325658,315,315,-315
01/07/2019 01:10,SPR/DUN-SOUTH,23320,1997.39,4600,-9999
01/07/2019 01:10,TOTAL EAST,23314,3662,6800,-9999
01/07/2019 01:10,UPNY CONED,23315,1218.63,5700,-9999
01/07/2019 01:10,WEST CENTRAL,23312,649.4,9999,-9999
01/07/2019 01:15,CENTRAL EAST - VC,23330,2201.46,2570,-9999
01/07/2019 01:15,DYSINGER EAST,23326,1028.66,3150,-9999
01/07/2019 01:15,MOSES SOUTH,23319,1726.45,3150,-1600
01/07/2019 01:15,SCH - HQ - NY,23324,1153,1500,-1000
01/07/2019 01:15,SCH - HQ_CEDARS,325274,100,199,-100
01/07/2019 01:15,SCH - HQ_IMPORT_EXPORT,325376,1003,1310,-9999
01/07/2019 01:15,SCH - NE - NY,23318,-685.46,1400,-1800
01/07/2019 01:15,SCH - NPX_1385,325277,19,200,-200
01/07/2019 01:15,SCH - NPX_CSC,325154,0,330,-330
01/07/2019 01:15,SCH - OH - NY,23317,1149.53,2250,-1900
01/07/2019 01:15,SCH - PJ - NY,23316,33.11,2000,-1300
01/07/2019 01:15,SCH - PJM_HTP,325905,0,660,-660
01/07/2019 01:15,SCH - PJM_NEPTUNE,325305,625,660,-660
01/07/2019 01:15,SCH - PJM_VFT,325658,313,315,-315
01/07/2019 01:15,SPR/DUN-SOUTH,23320,2052.02,4600,-9999
01/07/2019 01:15,TOTAL EAST,23314,3662.24,6800,-9999
01/07/2019 01:15,UPNY CONED,23315,1290.96,5700,-9999
01/07/2019 01:15,WEST CENTRAL,23312,655.51,9999,-9999
01/07/2019 01:20,CENTRAL EAST - VC,23330,2184.65,2510,-9999
01/07/2019 01:20,DYSINGER EAST,23326,1022.34,3150,-9999
01/07/2019 01:20,MOSES SOUTH,23319,1735.29,3150,-1600
01/07/2019 01:20,SCH - HQ - NY,23324,1153,1500,-1000
01/07/2019 01:20,SCH - HQ_CEDARS,325274,100,199,-100
01/07/2019 01:20,SCH - HQ_IMPORT_EXPORT,325376,1003,1310,-9999
01/07/2019 01:20,SCH - NE - NY,23318,-639.23,1400,-1800
01/07/2019 01:20,SCH - NPX_1385,325277,19,200,-200
01/07/2019 01:20,SCH - NPX_CSC,325154,0,330,-330
01/07/2019 01:20,SCH - OH - NY,23317,1149.54,2250,-1900
01/07/2019 01:20,SCH - PJ - NY,23316,31.91,2000,-1300
01/07/2019 01:20,SCH - PJM_HTP,325905,0,660,-660
01/07/2019 01:20,SCH - PJM_NEPTUNE,325305,600,660,-660
01/07/2019 01:20,SCH - PJM_VFT,325658,312,315,-315
01/07/2019 01:20,SPR/DUN-SOUTH,23320,2053.98,4600,-9999
01/07/2019 01:20,TOTAL EAST,23314,3673.92,6800,-9999
01/07/2019 01:20,UPNY CONED,23315,1336.2,5700,-9999
01/07/2019 01:20,WEST CENTRAL,23312,648.17,9999,-9999
01/07/2019 01:25,CENTRAL EAST - VC,23330,2159.73,2510,-9999
01/07/2019 01:25,DYSINGER EAST,23326,1012.34,3150,-9999
01/07/2019 01:25,MOSES SOUTH,23319,1731.35,3150,-1600
01/07/2019 01:25,SCH - HQ - NY,23324,1153,1500,-1000
01/07/2019 01:25,SCH - HQ_CEDARS,325274,100,199,-100
01/07/2019 01:25,SCH - HQ_IMPORT_EXPORT,325376,1003,1310,-9999
01/07/2019 01:25,SCH - NE - NY,23318,-638.95,1400,-1800
01/07/2019 01:25,SCH - NPX_1385,325277,19,200,-200
01/07/2019 01:25,SCH - NPX_CSC,325154,0,330,-330
01/07/2019 01:25,SCH - OH - NY,23317,1149.58,2250,-1900
01/07/2019 01:25,SCH - PJ - NY,23316,31.64,2000,-1300
01/07/2019 01:25,SCH - PJM_HTP,325905,0,660,-660
01/07/2019 01:25,SCH - PJM_NEPTUNE,325305,600,660,-660
01/07/2019 01:25,SCH - PJM_VFT,325658,312,315,-315
01/07/2019 01:25,SPR/DUN-SOUTH,23320,2037.32,4600,-9999
01/07/2019 01:25,TOTAL EAST,23314,3672.23,6800,-9999
01/07/2019 01:25,UPNY CONED,23315,1333.08,5700,-9999
01/07/2019 01:25,WEST CENTRAL,23312,638.18,9999,-9999
01/07/2019 01:30,CENTRAL EAST - VC,23330,2148.46,2510,-9999
01/07/2019 01:30,DYSINGER EAST,23326,1022.08,3150,-9999
01/07/2019 01:30,MOSES SOUTH,23319,1726.39,3150,-1600
01/07/2019 01:30,SCH - HQ - NY,23324,1153,1500,-1000
01/07/2019 01:30,SCH - HQ_CEDARS,325274,100,199,-100
01/07/2019 01:30,SCH - HQ_IMPORT_EXPORT,325376,1003,1310,-9999
01/07/2019 01:30,SCH - NE - NY,23318,-603.7,1400,-1800
01/07/2019 01:30,SCH - NPX_1385,325277,19,200,-200
01/07/2019 01:30,SCH - NPX_CSC,325154,0,330,-330
01/07/2019 01:30,SCH - OH - NY,23317,1145.09,2250,-1900
01/07/2019 01:30,SCH - PJ - NY,23316,4,2000,-1300
01/07/2019 01:30,SCH - PJM_HTP,325905,0,660,-660
01/07/2019 01:30,SCH - PJM_NEPTUNE,325305,600,660,-660
01/07/2019 01:30,SCH - PJM_VFT,325658,309,315,-315
01/07/2019 01:30,SPR/DUN-SOUTH,23320,2047.32,4600,-9999
01/07/2019 01:30,TOTAL EAST,23314,3634.42,6800,-9999
01/07/2019 01:30,UPNY CONED,23315,1341.29,5700,-9999
01/07/2019 01:30,WEST CENTRAL,23312,648.6,9999,-9999
01/07/2019 01:35,CENTRAL EAST - VC,23330,2183.62,2510,-9999
01/07/2019 01:35,DYSINGER EAST,23326,1078.95,3150,-9999
01/07/2019 01:35,MOSES SOUTH,23319,1731.08,3150,-1600
01/07/2019 01:35,SCH - HQ - NY,23324,1153,1500,-1000
01/07/2019 01:35,SCH - HQ_CEDARS,325274,100,199,-100
01/07/2019 01:35,SCH - HQ_IMPORT_EXPORT,325376,1003,1310,-9999
01/07/2019 01:35,SCH - NE - NY,23318,-569.55,1400,-1800
01/07/2019 01:35,SCH - NPX_1385,325277,19,200,-200
01/07/2019 01:35,SCH - NPX_CSC,325154,0,330,-330
01/07/2019 01:35,SCH - OH - NY,23317,1146.85,2250,-1900
01/07/2019 01:35,SCH - PJ - NY,23316,-28.76,2000,-1300
01/07/2019 01:35,SCH - PJM_HTP,325905,0,660,-660
01/07/2019 01:35,SCH - PJM_NEPTUNE,325305,600,660,-660
01/07/2019 01:35,SCH - PJM_VFT,325658,307,315,-315
01/07/2019 01:35,SPR/DUN-SOUTH,23320,2108.02,4600,-9999
01/07/2019 01:35,TOTAL EAST,23314,3611.58,6800,-9999
01/07/2019 01:35,UPNY CONED,23315,1393.15,5700,-9999
01/07/2019 01:35,WEST CENTRAL,23312,706.58,9999,-9999
01/07/2019 01:40,CENTRAL EAST - VC,23330,2171.85,2510,-9999
01/07/2019 01:40,DYSINGER EAST,23326,1064.67,3150,-9999
01/07/2019 01:40,MOSES SOUTH,23319,1710.51,3150,-1600
01/07/2019 01:40,SCH - HQ - NY,23324,1153,1500,-1000
01/07/2019 01:40,SCH - HQ_CEDARS,325274,100,199,-100
01/07/2019 01:40,SCH - HQ_IMPORT_EXPORT,325376,1003,1310,-9999
01/07/2019 01:40,SCH - NE - NY,23318,-569.66,1400,-1800
01/07/2019 01:40,SCH - NPX_1385,325277,19,200,-200
01/07/2019 01:40,SCH - NPX_CSC,325154,0,330,-330
01/07/2019 01:40,SCH - OH - NY,23317,1145.17,2250,-1900
01/07/2019 01:40,SCH - PJ - NY,23316,-28.05,2000,-1300
01/07/2019 01:40,SCH - PJM_HTP,325905,0,660,-660
01/07/2019 01:40,SCH - PJM_NEPTUNE,325305,600,660,-660
01/07/2019 01:40,SCH - PJM_VFT,325658,307,315,-315
01/07/2019 01:40,SPR/DUN-SOUTH,23320,2117.3,4600,-9999
01/07/2019 01:40,TOTAL EAST,23314,3640.49,6800,-9999
01/07/2019 01:40,UPNY CONED,23315,1399.37,5700,-9999
01/07/2019 01:40,WEST CENTRAL,23312,695.42,9999,-9999
01/07/2019 01:45,CENTRAL EAST - VC,23330,2170.68,2510,-9999
01/07/2019 01:45,DYSINGER EAST,23326,1042.63,3150,-9999
01/07/2019 01:45,MOSES SOUTH,23319,1697.03,3150,-1600
01/07/2019 01:45,SCH - HQ - NY,23324,1153,1500,-1000
01/07/2019 01:45,SCH - HQ_CEDARS,325274,100,199,-100
01/07/2019 01:45,SCH - HQ_IMPORT_EXPORT,325376,1003,1310,-9999
01/07/2019 01:45,SCH - NE - NY,23318,-602.09,1400,-1800
01/07/2019 01:45,SCH - NPX_1385,325277,19,200,-200
01/07/2019 01:45,SCH - NPX_CSC,325154,0,330,-330
01/07/2019 01:45,SCH - OH - NY,23317,1149.57,2250,-1900
01/07/2019 01:45,SCH - PJ - NY,23316,-32.05,2000,-1300
01/07/2019 01:45,SCH - PJM_HTP,325905,0,660,-660
01/07/2019 01:45,SCH - PJM_NEPTUNE,325305,600,660,-660
01/07/2019 01:45,SCH - PJM_VFT,325658,307,315,-315
01/07/2019 01:45,SPR/DUN-SOUTH,23320,2089.08,4600,-9999
01/07/2019 01:45,TOTAL EAST,23314,3658.95,6800,-9999
01/07/2019 01:45,UPNY CONED,23315,1369.9,5700,-9999
01/07/2019 01:45,WEST CENTRAL,23312,673.81,9999,-9999
01/07/2019 01:50,CENTRAL EAST - VC,23330,2170.98,2510,-9999
01/07/2019 01:50,DYSINGER EAST,23326,1026.36,3150,-9999
01/07/2019 01:50,MOSES SOUTH,23319,1635.28,3150,-1600
01/07/2019 01:50,SCH - HQ - NY,23324,1153,1500,-1000
01/07/2019 01:50,SCH - HQ_CEDARS,325274,100,199,-100
01/07/2019 01:50,SCH - HQ_IMPORT_EXPORT,325376,1003,1310,-9999
01/07/2019 01:50,SCH - NE - NY,23318,-635.51,1400,-1800
01/07/2019 01:50,SCH - NPX_1385,325277,19,200,-200
01/07/2019 01:50,SCH - NPX_CSC,325154,0,330,-330
01/07/2019 01:50,SCH - OH - NY,23317,1149.42,2250,-1900
01/07/2019 01:50,SCH - PJ - NY,23316,-30.62,2000,-1300
01/07/2019 01:50,SCH - PJM_HTP,325905,0,660,-660
01/07/2019 01:50,SCH - PJM_NEPTUNE,325305,600,660,-660
01/07/2019 01:50,SCH - PJM_VFT,325658,307,315,-315
01/07/2019 01:50,SPR/DUN-SOUTH,23320,2045.63,4600,-9999
01/07/2019 01:50,TOTAL EAST,23314,3643.05,6800,-9999
01/07/2019 01:50,UPNY CONED,23315,1324.05,5700,-9999
01/07/2019 01:50,WEST CENTRAL,23312,659.92,9999,-9999
01/07/2019 01:55,CENTRAL EAST - VC,23330,2139.25,2510,-9999
01/07/2019 01:55,DYSINGER EAST,23326,974.72,3150,-9999
01/07/2019 01:55,MOSES SOUTH,23319,1637.05,3150,-1600
01/07/2019 01:55,SCH - HQ - NY,23324,1153,1500,-1000
01/07/2019 01:55,SCH - HQ_CEDARS,325274,100,199,-100
01/07/2019 01:55,SCH - HQ_IMPORT_EXPORT,325376,1003,1310,-9999
01/07/2019 01:55,SCH - NE - NY,23318,-635.25,1400,-1800
01/07/2019 01:55,SCH - NPX_1385,325277,19,200,-200
01/07/2019 01:55,SCH - NPX_CSC,325154,0,330,-330
01/07/2019 01:55,SCH - OH - NY,23317,1149.5,2250,-1900
01/07/2019 01:55,SCH - PJ - NY,23316,-32.56,2000,-1300
01/07/2019 01:55,SCH - PJM_HTP,325905,0,660,-660
01/07/2019 01:55,SCH - PJM_NEPTUNE,325305,600,660,-660
01/07/2019 01:55,SCH - PJM_VFT,325658,307,315,-315
01/07/2019 01:55,SPR/DUN-SOUTH,23320,2009.02,4600,-9999
01/07/2019 01:55,TOTAL EAST,23314,3618.42,6800,-9999
01/07/2019 01:55,UPNY CONED,23315,1287.34,5700,-9999
01/07/2019 01:55,WEST CENTRAL,23312,606.9,9999,-9999
01/07/2019 02:00,CENTRAL EAST - VC,23330,2179.46,2510,-9999
01/07/2019 02:00,DYSINGER EAST,23326,961.97,3150,-9999
01/07/2019 02:00,MOSES SOUTH,23319,1708.61,3150,-1600
01/07/2019 02:00,SCH - HQ - NY,23324,1219,1500,-1000
01/07/2019 02:00,SCH - HQ_CEDARS,325274,100,199,-100
01/07/2019 02:00,SCH - HQ_IMPORT_EXPORT,325376,1069,1310,-9999
01/07/2019 02:00,SCH - NE - NY,23318,-704.6,1400,-1800
01/07/2019 02:00,SCH - NPX_1385,325277,12,200,-200
01/07/2019 02:00,SCH - NPX_CSC,325154,50,330,-330
01/07/2019 02:00,SCH - OH - NY,23317,1149.53,2250,-1900
01/07/2019 02:00,SCH - PJ - NY,23316,-30.15,2000,-1300
01/07/2019 02:00,SCH - PJM_HTP,325905,0,660,-660
01/07/2019 02:00,SCH - PJM_NEPTUNE,325305,585,660,-660
01/07/2019 02:00,SCH - PJM_VFT,325658,311,315,-315
01/07/2019 02:00,SPR/DUN-SOUTH,23320,2020.81,4600,-9999
01/07/2019 02:00,TOTAL EAST,23314,3693.07,6800,-9999
01/07/2019 02:00,UPNY CONED,23315,1290.73,5700,-9999
01/07/2019 02:00,WEST CENTRAL,23312,595.42,9999,-9999
01/07/2019 02:05,CENTRAL EAST - VC,23330,2221.17,2510,-9999
01/07/2019 02:05,DYSINGER EAST,23326,958.41,3150,-9999
01/07/2019 02:05,MOSES SOUTH,23319,1770.39,3150,-1600
01/07/2019 02:05,SCH - HQ - NY,23324,1285,1500,-1000
01/07/2019 02:05,SCH - HQ_CEDARS,325274,100,199,-100
01/07/2019 02:05,SCH - HQ_IMPORT_EXPORT,325376,1135,1310,-9999
01/07/2019 02:05,SCH - NE - NY,23318,-769.9,1400,-1800
01/07/2019 02:05,SCH - NPX_1385,325277,5,200,-200
01/07/2019 02:05,SCH - NPX_CSC,325154,100,330,-330
01/07/2019 02:05,SCH - OH - NY,23317,1149.45,2250,-1900
01/07/2019 02:05,SCH - PJ - NY,23316,-32.96,2000,-1300
01/07/2019 02:05,SCH - PJM_HTP,325905,0,660,-660
01/07/2019 02:05,SCH - PJM_NEPTUNE,325305,570,660,-660
01/07/2019 02:05,SCH - PJM_VFT,325658,315,315,-315
01/07/2019 02:05,SPR/DUN-SOUTH,23320,2058.78,4600,-9999
01/07/2019 02:05,TOTAL EAST,23314,3743.65,6800,-9999
01/07/2019 02:05,UPNY CONED,23315,1293.44,5700,-9999
01/07/2019 02:05,WEST CENTRAL,23312,590.94,9999,-9999
01/07/2019 02:10,CENTRAL EAST - VC,23330,2233.78,2510,-9999
01/07/2019 02:10,DYSINGER EAST,23326,995.81,3150,-9999
01/07/2019 02:10,MOSES SOUTH,23319,1767.58,3150,-1600
01/07/2019 02:10,SCH - HQ - NY,23324,1285,1500,-1000
01/07/2019 02:10,SCH - HQ_CEDARS,325274,100,199,-100
01/07/2019 02:10,SCH - HQ_IMPORT_EXPORT,325376,1135,1310,-9999
01/07/2019 02:10,SCH - NE - NY,23318,-769.89,1400,-1800
01/07/2019 02:10,SCH - NPX_1385,325277,5,200,-200
01/07/2019 02:10,SCH - NPX_CSC,325154,100,330,-330
01/07/2019 02:10,SCH - OH - NY,23317,1149.52,2250,-1900
01/07/2019 02:10,SCH - PJ - NY,23316,-34.95,2000,-1300
01/07/2019 02:10,SCH - PJM_HTP,325905,0,660,-660
01/07/2019 02:10,SCH - PJM_NEPTUNE,325305,570,660,-660
01/07/2019 02:10,SCH - PJM_VFT,325658,315,315,-315
01/07/2019 02:10,SPR/DUN-SOUTH,23320,2058.21,4600,-9999
01/07/2019 02:10,TOTAL EAST,23314,3724.36,6800,-9999
01/07/2019 02:10,UPNY CONED,23315,1287.38,5700,-9999
01/07/2019 02:10,WEST CENTRAL,23312,626.88,9999,-9999
01/07/2019 02:15,CENTRAL EAST - VC,23330,2215.5,2510,-9999
01/07/2019 02:15,DYSINGER EAST,23326,987.1,3150,-9999
01/07/2019 02:15,MOSES SOUTH,23319,1758.03,3150,-1600
01/07/2019 02:15,SCH - HQ - NY,23324,1285,1500,-1000
01/07/2019 02:15,SCH - HQ_CEDARS,325274,100,199,-100
01/07/2019 02:15,SCH - HQ_IMPORT_EXPORT,325376,1135,1310,-9999
01/07/2019 02:15,SCH - NE - NY,23318,-769.87,1400,-1800
01/07/2019 02:15,SCH - NPX_1385,325277,5,200,-200
01/07/2019 02:15,SCH - NPX_CSC,325154,100,330,-330
01/07/2019 02:15,SCH - OH - NY,23317,1149.54,2250,-1900
01/07/2019 02:15,SCH - PJ - NY,23316,-33.86,2000,-1300
01/07/2019 02:15,SCH - PJM_HTP,325905,0,660,-660
01/07/2019 02:15,SCH - PJM_NEPTUNE,325305,570,660,-660
01/07/2019 02:15,SCH - PJM_VFT,325658,315,315,-315
01/07/2019 02:15,SPR/DUN-SOUTH,23320,2044.96,4600,-9999
01/07/2019 02:15,TOTAL EAST,23314,3714.61,6800,-9999
01/07/2019 02:15,UPNY CONED,23315,1277.84,5700,-9999
01/07/2019 02:15,WEST CENTRAL,23312,618.24,9999,-9999
01/07/2019 02:20,CENTRAL EAST - VC,23330,2178.99,2510,-9999
01/07/2019 02:20,DYSINGER EAST,23326,955,3150,-9999
01/07/2019 02:20,MOSES SOUTH,23319,1771.08,3150,-1600
01/07/2019 02:20,SCH - HQ - NY,23324,1285,1500,-1000
01/07/2019 02:20,SCH - HQ_CEDARS,325274,100,199,-100
01/07/2019 02:20,SCH - HQ_IMPORT_EXPORT,325376,1135,1310,-9999
01/07/2019 02:20,SCH - NE - NY,23318,-769.89,1400,-1800
01/07/2019 02:20,SCH - NPX_1385,325277,5,200,-200
01/07/2019 02:20,SCH - NPX_CSC,325154,100,330,-330
01/07/2019 02:20,SCH - OH - NY,23317,1149.61,2250,-1900
01/07/2019 02:20,SCH - PJ - NY,23316,-33.75,2000,-1300
01/07/2019 02:20,SCH - PJM_HTP,325905,0,660,-660
01/07/2019 02:20,SCH - PJM_NEPTUNE,325305,570,660,-660
01/07/2019 02:20,SCH - PJM_VFT,325658,315,315,-315
01/07/2019 02:20,SPR/DUN-SOUTH,23320,2026.95,4600,-9999
01/07/2019 02:20,TOTAL EAST,23314,3697.26,6800,-9999
01/07/2019 02:20,UPNY CONED,23315,1257.8,5700,-9999
01/07/2019 02:20,WEST CENTRAL,23312,586.34,9999,-9999
01/07/2019 02:25,CENTRAL EAST - VC,23330,2194.01,2510,-9999
01/07/2019 02:25,DYSINGER EAST,23326,996.7,3150,-9999
01/07/2019 02:25,MOSES SOUTH,23319,1756.23,3150,-1600
01/07/2019 02:25,SCH - HQ - NY,23324,1285,1500,-1000
01/07/2019 02:25,SCH - HQ_CEDARS,325274,100,199,-100
01/07/2019 02:25,SCH - HQ_IMPORT_EXPORT,325376,1135,1310,-9999
01/07/2019 02:25,SCH - NE - NY,23318,-769.88,1400,-1800
01/07/2019 02:25,SCH - NPX_1385,325277,5,200,-200
01/07/2019 02:25,SCH - NPX_CSC,325154,100,330,-330
01/07/2019 02:25,SCH - OH - NY,23317,1149.6,2250,-1900
01/07/2019 02:25,SCH - PJ - NY,23316,-34.82,2000,-1300
01/07/2019 02:25,SCH - PJM_HTP,325905,0,660,-660
01/07/2019 02:25,SCH - PJM_NEPTUNE,325305,570,660,-660
01/07/2019 02:25,SCH - PJM_VFT,325658,315,315,-315
01/07/2019 02:25,SPR/DUN-SOUTH,23320,2026.17,4600,-9999
01/07/2019 02:25,TOTAL EAST,23314,3681.47,6800,-9999
01/07/2019 02:25,UPNY CONED,23315,1256.99,5700,-9999
01/07/2019 02:25,WEST CENTRAL,23312,627.69,9999,-9999
01/07/2019 02:30,CENTRAL EAST - VC,23330,2201.08,2510,-9999
01/07/2019 02:30,DYSINGER EAST,23326,972.11,3150,-9999
01/07/2019 02:30,MOSES SOUTH,23319,1760.22,3150,-1600
01/07/2019 02:30,SCH - HQ - NY,23324,1285,1500,-1000
01/07/2019 02:30,SCH - HQ_CEDARS,325274,100,199,-100
01/07/2019 02:30,SCH - HQ_IMPORT_EXPORT,325376,1135,1310,-9999
01/07/2019 02:30,SCH - NE - NY,23318,-769.88,1400,-1800
01/07/2019 02:30,SCH - NPX_1385,325277,5,200,-200
01/07/2019 02:30,SCH - NPX_CSC,325154,100,330,-330
01/07/2019 02:30,SCH - OH - NY,23317,1149.48,2250,-1900
01/07/2019 02:30,SCH - PJ - NY,23316,-34.95,2000,-1300
01/07/2019 02:30,SCH - PJM_HTP,325905,0,660,-660
01/07/2019 02:30,SCH - PJM_NEPTUNE,325305,570,660,-660
01/07/2019 02:30,SCH - PJM_VFT,325658,315,315,-315
01/07/2019 02:30,SPR/DUN-SOUTH,23320,2045.85,4600,-9999
01/07/2019 02:30,TOTAL EAST,23314,3693.14,6800,-9999
01/07/2019 02:30,UPNY CONED,23315,1269.61,5700,-9999
01/07/2019 02:30,WEST CENTRAL,23312,603.56,9999,-9999
01/07/2019 02:35,CENTRAL EAST - VC,23330,2190.39,2510,-9999
01/07/2019 02:35,DYSINGER EAST,23326,973.78,3150,-9999
01/07/2019 02:35,MOSES SOUTH,23319,1760.85,3150,-1600
01/07/2019 02:35,SCH - HQ - NY,23324,1285,1500,-1000
01/07/2019 02:35,SCH - HQ_CEDARS,325274,100,199,-100
01/07/2019 02:35,SCH - HQ_IMPORT_EXPORT,325376,1135,1310,-9999
01/07/2019 02:35,SCH - NE - NY,23318,-769.88,1400,-1800
01/07/2019 02:35,SCH - NPX_1385,325277,5,200,-200
01/07/2019 02:35,SCH - NPX_CSC,325154,100,330,-330
01/07/2019 02:35,SCH - OH - NY,23317,1149.55,2250,-1900
01/07/2019 02:35,SCH - PJ - NY,23316,-34.89,2000,-1300
01/07/2019 02:35,SCH - PJM_HTP,325905,0,660,-660
01/07/2019 02:35,SCH - PJM_NEPTUNE,325305,570,660,-660
01/07/2019 02:35,SCH - PJM_VFT,325658,315,315,-315
01/07/2019 02:35,SPR/DUN-SOUTH,23320,2030.37,4600,-9999
01/07/2019 02:35,TOTAL EAST,23314,3674.25,6800,-9999
01/07/2019 02:35,UPNY CONED,23315,1243.63,5700,-9999
01/07/2019 02:35,WEST CENTRAL,23312,605.13,9999,-9999
01/07/2019 02:40,CENTRAL EAST - VC,23330,2199.86,2510,-9999
01/07/2019 02:40,DYSINGER EAST,23326,983.95,3150,-9999
01/07/2019 02:40,MOSES SOUTH,23319,1776.6,3150,-1600
01/07/2019 02:40,SCH - HQ - NY,23324,1285,1500,-1000
01/07/2019 02:40,SCH - HQ_CEDARS,325274,100,199,-100
01/07/2019 02:40,SCH - HQ_IMPORT_EXPORT,325376,1135,1310,-9999
01/07/2019 02:40,SCH - NE - NY,23318,-769.88,1400,-1800
01/07/2019 02:40,SCH - NPX_1385,325277,5,200,-200
01/07/2019 02:40,SCH - NPX_CSC,325154,100,330,-330
01/07/2019 02:40,SCH - OH - NY,23317,1149.6,2250,-1900
01/07/2019 02:40,SCH - PJ - NY,23316,-34.9,2000,-1300
01/07/2019 02:40,SCH - PJM_HTP,325905,0,660,-660
01/07/2019 02:40,SCH - PJM_NEPTUNE,325305,570,660,-660
01/07/2019 02:40,SCH - PJM_VFT,325658,315,315,-315
01/07/2019 02:40,SPR/DUN-SOUTH,23320,2028.92,4600,-9999
01/07/2019 02:40,TOTAL EAST,23314,3664.48,6800,-9999
01/07/2019 02:40,UPNY CONED,23315,1231.82,5700,-9999
01/07/2019 02:40,WEST CENTRAL,23312,616.25,9999,-9999
01/07/2019 02:45,CENTRAL EAST - VC,23330,2159.78,2510,-9999
01/07/2019 02:45,DYSINGER EAST,23326,907.6,3150,-9999
01/07/2019 02:45,MOSES SOUTH,23319,1771.2,3150,-1600
01/07/2019 02:45,SCH - HQ - NY,23324,1285,1500,-1000
01/07/2019 02:45,SCH - HQ_CEDARS,325274,100,199,-100
01/07/2019 02:45,SCH - HQ_IMPORT_EXPORT,325376,1135,1310,-9999
01/07/2019 02:45,SCH - NE - NY,23318,-739.81,1400,-1800
01/07/2019 02:45,SCH - NPX_1385,325277,5,200,-200
01/07/2019 02:45,SCH - NPX_CSC,325154,100,330,-330
01/07/2019 02:45,SCH - OH - NY,23317,1149.46,2250,-1900
01/07/2019 02:45,SCH - PJ - NY,23316,-34.28,2000,-1300
01/07/2019 02:45,SCH - PJM_HTP,325905,0,660,-660
01/07/2019 02:45,SCH - PJM_NEPTUNE,325305,570,660,-660
01/07/2019 02:45,SCH - PJM_VFT,325658,315,315,-315
01/07/2019 02:45,SPR/DUN-SOUTH,23320,2039.36,4600,-9999
01/07/2019 02:45,TOTAL EAST,23314,3608.21,6800,-9999
01/07/2019 02:45,UPNY CONED,23315,1237.17,5700,-9999
01/07/2019 02:45,WEST CENTRAL,23312,540.7,9999,-9999
01/07/2019 02:50,CENTRAL EAST - VC,23330,2152.06,2510,-9999
01/07/2019 02:50,DYSINGER EAST,23326,921.73,3150,-9999
01/07/2019 02:50,MOSES SOUTH,23319,1779.92,3150,-1600
01/07/2019 02:50,SCH - HQ - NY,23324,1285,1500,-1000
01/07/2019 02:50,SCH - HQ_CEDARS,325274,100,199,-100
01/07/2019 02:50,SCH - HQ_IMPORT_EXPORT,325376,1135,1310,-9999
01/07/2019 02:50,SCH - NE - NY,23318,-714.64,1400,-1800
01/07/2019 02:50,SCH - NPX_1385,325277,5,200,-200
01/07/2019 02:50,SCH - NPX_CSC,325154,100,330,-330
01/07/2019 02:50,SCH - OH - NY,23317,1149.54,2250,-1900
01/07/2019 02:50,SCH - PJ - NY,23316,-31.32,2000,-1300
01/07/2019 02:50,SCH - PJM_HTP,325905,0,660,-660
01/07/2019 02:50,SCH - PJM_NEPTUNE,325305,570,660,-660
01/07/2019 02:50,SCH - PJM_VFT,325658,315,315,-315
01/07/2019 02:50,SPR/DUN-SOUTH,23320,2051.27,4600,-9999
01/07/2019 02:50,TOTAL EAST,23314,3595.72,6800,-9999
01/07/2019 02:50,UPNY CONED,23315,1249.25,5700,-9999
01/07/2019 02:50,WEST CENTRAL,23312,554.62,9999,-9999
01/07/2019 02:55,CENTRAL EAST - VC,23330,2189.6,2510,-9999
01/07/2019 02:55,DYSINGER EAST,23326,963.66,3150,-9999
01/07/2019 02:55,MOSES SOUTH,23319,1772.27,3150,-1600
01/07/2019 02:55,SCH - HQ - NY,23324,1285,1500,-1000
01/07/2019 02:55,SCH - HQ_CEDARS,325274,100,199,-100
01/07/2019 02:55,SCH - HQ_IMPORT_EXPORT,325376,1135,1310,-9999
01/07/2019 02:55,SCH - NE - NY,23318,-714.87,1400,-1800
01/07/2019 02:55,SCH - NPX_1385,325277,5,200,-200
01/07/2019 02:55,SCH - NPX_CSC,325154,100,330,-330
01/07/2019 02:55,SCH - OH - NY,23317,1149.49,2250,-1900
01/07/2019 02:55,SCH - PJ - NY,23316,-30.14,2000,-1300
01/07/2019 02:55,SCH - PJM_HTP,325905,0,660,-660
01/07/2019 02:55,SCH - PJM_NEPTUNE,325305,570,660,-660
01/07/2019 02:55,SCH - PJM_VFT,325658,315,315,-315
01/07/2019 02:55,SPR/DUN-SOUTH,23320,2080.51,4600,-9999
01/07/2019 02:55,TOTAL EAST,23314,3592.39,6800,-9999
01/07/2019 02:55,UPNY CONED,23315,1273.58,5700,-9999
01/07/2019 02:55,WEST CENTRAL,23312,596.25,9999,-9999
01/07/2019 03:00,CENTRAL EAST - VC,23330,2160.96,2510,-9999
01/07/2019 03:00,DYSINGER EAST,23326,941.19,3150,-9999
01/07/2019 03:00,MOSES SOUTH,23319,1730.81,3150,-1600
01/07/2019 03:00,SCH - HQ - NY,23324,1285,1500,-1000
01/07/2019 03:00,SCH - HQ_CEDARS,325274,100,199,-100
01/07/2019 03:00,SCH - HQ_IMPORT_EXPORT,325376,1135,1310,-9999
01/07/2019 03:00,SCH - NE - NY,23318,-667.74,1400,-1800
01/07/2019 03:00,SCH - NPX_1385,325277,0,200,-200
01/07/2019 03:00,SCH - NPX_CSC,325154,50,330,-330
01/07/2019 03:00,SCH - OH - NY,23317,1149.33,2250,-1900
01/07/2019 03:00,SCH - PJ - NY,23316,-54.26,2000,-1300
01/07/2019 03:00,SCH - PJM_HTP,325905,0,660,-660
01/07/2019 03:00,SCH - PJM_NEPTUNE,325305,570,660,-660
01/07/2019 03:00,SCH - PJM_VFT,325658,315,315,-315
01/07/2019 03:00,SPR/DUN-SOUTH,23320,2067.2,4600,-9999
01/07/2019 03:00,TOTAL EAST,23314,3584.59,6800,-9999
01/07/2019 03:00,UPNY CONED,23315,1314.62,5700,-9999
01/07/2019 03:00,WEST CENTRAL,23312,572.1,9999,-9999
01/07/2019 03:05,CENTRAL EAST - VC,23330,2152.22,2510,-9999
01/07/2019 03:05,DYSINGER EAST,23326,975.78,3150,-9999
01/07/2019 03:05,MOSES SOUTH,23319,1719.55,3150,-1600
01/07/2019 03:05,SCH - HQ - NY,23324,1285,1500,-1000
01/07/2019 03:05,SCH - HQ_CEDARS,325274,100,199,-100
01/07/2019 03:05,SCH - HQ_IMPORT_EXPORT,325376,1135,1310,-9999
01/07/2019 03:05,SCH - NE - NY,23318,-621.27,1400,-1800
01/07/2019 03:05,SCH - NPX_1385,325277,-6,200,-200
01/07/2019 03:05,SCH - NPX_CSC,325154,0,330,-330
01/07/2019 03:05,SCH - OH - NY,23317,1149.31,2250,-1900
01/07/2019 03:05,SCH - PJ - NY,23316,-79.53,2000,-1300
01/07/2019 03:05,SCH - PJM_HTP,325905,0,660,-660
01/07/2019 03:05,SCH - PJM_NEPTUNE,325305,570,660,-660
01/07/2019 03:05,SCH - PJM_VFT,325658,315,315,-315
01/07/2019 03:05,SPR/DUN-SOUTH,23320,2027.95,4600,-9999
01/07/2019 03:05,TOTAL EAST,23314,3622.6,6800,-9999
01/07/2019 03:05,UPNY CONED,23315,1334.92,5700,-9999
01/07/2019 03:05,WEST CENTRAL,23312,604.1,9999,-9999
01/07/2019 03:10,CENTRAL EAST - VC,23330,2126.82,2510,-9999
01/07/2019 03:10,DYSINGER EAST,23326,936.61,3150,-9999
01/07/2019 03:10,MOSES SOUTH,23319,1705.9,3150,-1600
01/07/2019 03:10,SCH - HQ - NY,23324,1285,1500,-1000
01/07/2019 03:10,SCH - HQ_CEDARS,325274,100,199,-100
01/07/2019 03:10,SCH - HQ_IMPORT_EXPORT,325376,1135,1310,-9999
01/07/2019 03:10,SCH - NE - NY,23318,-620.95,1400,-1800
01/07/2019 03:10,SCH - NPX_1385,325277,-6,200,-200
01/07/2019 03:10,SCH - NPX_CSC,325154,0,330,-330
01/07/2019 03:10,SCH - OH - NY,23317,1149.2,2250,-1900
01/07/2019 03:10,SCH - PJ - NY,23316,-80.91,2000,-1300
01/07/2019 03:10,SCH - PJM_HTP,325905,0,660,-660
01/07/2019 03:10,SCH - PJM_NEPTUNE,325305,570,660,-660
01/07/2019 03:10,SCH - PJM_VFT,325658,315,315,-315
01/07/2019 03:10,SPR/DUN-SOUTH,23320,2021.94,4600,-9999
01/07/2019 03:10,TOTAL EAST,23314,3616.47,6800,-9999
01/07/2019 03:10,UPNY CONED,23315,1325.6,5700,-9999
01/07/2019 03:10,WEST CENTRAL,23312,563.41,9999,-9999
01/07/2019 03:15,CENTRAL EAST - VC,23330,2163.71,2510,-9999
01/07/2019 03:15,DYSINGER EAST,23326,992.85,3150,-9999
01/07/2019 03:15,MOSES SOUTH,23319,1700.64,3150,-1600
01/07/2019 03:15,SCH - HQ - NY,23324,1285,1500,-1000
01/07/2019 03:15,SCH - HQ_CEDARS,325274,100,199,-100
01/07/2019 03:15,SCH - HQ_IMPORT_EXPORT,325376,1135,1310,-9999
01/07/2019 03:15,SCH - NE - NY,23318,-658.46,1400,-1800
01/07/2019 03:15,SCH - NPX_1385,325277,-6,200,-200
01/07/2019 03:15,SCH - NPX_CSC,325154,0,330,-330
01/07/2019 03:15,SCH - OH - NY,23317,1149.23,2250,-1900
01/07/2019 03:15,SCH - PJ - NY,23316,-80.31,2000,-1300
01/07/2019 03:15,SCH - PJM_HTP,325905,0,660,-660
01/07/2019 03:15,SCH - PJM_NEPTUNE,325305,570,660,-660
01/07/2019 03:15,SCH - PJM_VFT,325658,315,315,-315
01/07/2019 03:15,SPR/DUN-SOUTH,23320,2027.96,4600,-9999
01/07/2019 03:15,TOTAL EAST,23314,3635.69,6800,-9999
01/07/2019 03:15,UPNY CONED,23315,1327.53,5700,-9999
01/07/2019 03:15,WEST CENTRAL,23312,620.06,9999,-9999
01/07/2019 03:20,CENTRAL EAST - VC,23330,2184.55,2510,-9999
01/07/2019 03:20,DYSINGER EAST,23326,997.86,3150,-9999
01/07/2019 03:20,MOSES SOUTH,23319,1686.49,3150,-1600
01/07/2019 03:20,SCH - HQ - NY,23324,1285,1500,-1000
01/07/2019 03:20,SCH - HQ_CEDARS,325274,100,199,-100
01/07/2019 03:20,SCH - HQ_IMPORT_EXPORT,325376,1135,1310,-9999
01/07/2019 03:20,SCH - NE - NY,23318,-690.91,1400,-1800
01/07/2019 03:20,SCH - NPX_1385,325277,-6,200,-200
01/07/2019 03:20,SCH - NPX_CSC,325154,0,330,-330
01/07/2019 03:20,SCH - OH - NY,23317,1149.08,2250,-1900
01/07/2019 03:20,SCH - PJ - NY,23316,-85.97,2000,-1300
01/07/2019 03:20,SCH - PJM_HTP,325905,0,660,-660
01/07/2019 03:20,SCH - PJM_NEPTUNE,325305,570,660,-660
01/07/2019 03:20,SCH - PJM_VFT,325658,315,315,-315
01/07/2019 03:20,SPR/DUN-SOUTH,23320,2001.98,4600,-9999
01/07/2019 03:20,TOTAL EAST,23314,3630.62,6800,-9999
01/07/2019 03:20,UPNY CONED,23315,1302.25,5700,-9999
01/07/2019 03:20,WEST CENTRAL,23312,624.11,9999,-9999
01/07/2019 03:25,CENTRAL EAST - VC,23330,2189.14,2510,-9999
01/07/2019 03:25,DYSINGER EAST,23326,991.85,3150,-9999
01/07/2019 03:25,MOSES SOUTH,23319,1699.02,3150,-1600
01/07/2019 03:25,SCH - HQ - NY,23324,1285,1500,-1000
01/07/2019 03:25,SCH - HQ_CEDARS,325274,100,199,-100
01/07/2019 03:25,SCH - HQ_IMPORT_EXPORT,325376,1135,1310,-9999
01/07/2019 03:25,SCH - NE - NY,23318,-690.91,1400,-1800
01/07/2019 03:25,SCH - NPX_1385,325277,-6,200,-200
01/07/2019 03:25,SCH - NPX_CSC,325154,0,330,-330
01/07/2019 03:25,SCH - OH - NY,23317,1149.19,2250,-1900
01/07/2019 03:25,SCH - PJ - NY,23316,-85.01,2000,-1300
01/07/2019 03:25,SCH - PJM_HTP,325905,0,660,-660
01/07/2019 03:25,SCH - PJM_NEPTUNE,325305,570,660,-660
01/07/2019 03:25,SCH - PJM_VFT,325658,315,315,-315
01/07/2019 03:25,SPR/DUN-SOUTH,23320,1989.29,4600,-9999
01/07/2019 03:25,TOTAL EAST,23314,3630.99,6800,-9999
01/07/2019 03:25,UPNY CONED,23315,1296.6,5700,-9999
01/07/2019 03:25,WEST CENTRAL,23312,618.15,9999,-9999
01/07/2019 03:30,CENTRAL EAST - VC,23330,2185.9,2510,-9999
01/07/2019 03:30,DYSINGER EAST,23326,1008.73,3150,-9999
01/07/2019 03:30,MOSES SOUTH,23319,1695.23,3150,-1600
01/07/2019 03:30,SCH - HQ - NY,23324,1285,1500,-1000
01/07/2019 03:30,SCH - HQ_CEDARS,325274,100,199,-100
01/07/2019 03:30,SCH - HQ_IMPORT_EXPORT,325376,1135,1310,-9999
01/07/2019 03:30,SCH - NE - NY,23318,-686.88,1400,-1800
01/07/2019 03:30,SCH - NPX_1385,325277,-6,200,-200
01/07/2019 03:30,SCH - NPX_CSC,325154,0,330,-330
01/07/2019 03:30,SCH - OH - NY,23317,1149.33,2250,-1900
01/07/2019 03:30,SCH - PJ - NY,23316,-80.86,2000,-1300
01/07/2019 03:30,SCH - PJM_HTP,325905,0,660,-660
01/07/2019 03:30,SCH - PJM_NEPTUNE,325305,570,660,-660
01/07/2019 03:30,SCH - PJM_VFT,325658,315,315,-315
01/07/2019 03:30,SPR/DUN-SOUTH,23320,1981.63,4600,-9999
01/07/2019 03:30,TOTAL EAST,23314,3624.79,6800,-9999
01/07/2019 03:30,UPNY CONED,23315,1294.04,5700,-9999
01/07/2019 03:30,WEST CENTRAL,23312,635.65,9999,-9999
01/07/2019 03:35,CENTRAL EAST - VC,23330,2200.32,2510,-9999
01/07/2019 03:35,DYSINGER EAST,23326,1022.36,3150,-9999
01/07/2019 03:35,MOSES SOUTH,23319,1708.16,3150,-1600
01/07/2019 03:35,SCH - HQ - NY,23324,1285,1500,-1000
01/07/2019 03:35,SCH - HQ_CEDARS,325274,100,199,-100
01/07/2019 03:35,SCH - HQ_IMPORT_EXPORT,325376,1135,1310,-9999
01/07/2019 03:35,SCH - NE - NY,23318,-678.92,1400,-1800
01/07/2019 03:35,SCH - NPX_1385,325277,-6,200,-200
01/07/2019 03:35,SCH - NPX_CSC,325154,0,330,-330
01/07/2019 03:35,SCH - OH - NY,23317,1149.4,2250,-1900
01/07/2019 03:35,SCH - PJ - NY,23316,-80.89,2000,-1300
01/07/2019 03:35,SCH - PJM_HTP,325905,0,660,-660
01/07/2019 03:35,SCH - PJM_NEPTUNE,325305,570,660,-660
01/07/2019 03:35,SCH - PJM_VFT,325658,315,315,-315
01/07/2019 03:35,SPR/DUN-SOUTH,23320,1983.28,4600,-9999
01/07/2019 03:35,TOTAL EAST,23314,3610.57,6800,-9999
01/07/2019 03:35,UPNY CONED,23315,1299.94,5700,-9999
01/07/2019 03:35,WEST CENTRAL,23312,647.11,9999,-9999
01/07/2019 03:40,CENTRAL EAST - VC,23330,2193.76,2510,-9999
01/07/2019 03:40,DYSINGER EAST,23326,1013.65,3150,-9999
01/07/2019 03:40,MOSES SOUTH,23319,1697.57,3150,-1600
01/07/2019 03:40,SCH - HQ - NY,23324,1285,1500,-1000
01/07/2019 03:40,SCH - HQ_CEDARS,325274,100,199,-100
01/07/2019 03:40,SCH - HQ_IMPORT_EXPORT,325376,1135,1310,-9999
01/07/2019 03:40,SCH - NE - NY,23318,-673.91,1400,-1800
01/07/2019 03:40,SCH - NPX_1385,325277,-6,200,-200
01/07/2019 03:40,SCH - NPX_CSC,325154,0,330,-330
01/07/2019 03:40,SCH - OH - NY,23317,1149.22,2250,-1900
01/07/2019 03:40,SCH - PJ - NY,23316,-85.01,2000,-1300
01/07/2019 03:40,SCH - PJM_HTP,325905,0,660,-660
01/07/2019 03:40,SCH - PJM_NEPTUNE,325305,570,660,-660
01/07/2019 03:40,SCH - PJM_VFT,325658,315,315,-315
01/07/2019 03:40,SPR/DUN-SOUTH,23320,1994.22,4600,-9999
01/07/2019 03:40,TOTAL EAST,23314,3614.04,6800,-9999
01/07/2019 03:40,UPNY CONED,23315,1315.12,5700,-9999
01/07/2019 03:40,WEST CENTRAL,23312,638.7,9999,-9999
01/07/2019 03:45,CENTRAL EAST - VC,23330,2174.88,2510,-9999
01/07/2019 03:45,DYSINGER EAST,23326,993.81,3150,-9999
01/07/2019 03:45,MOSES SOUTH,23319,1699.7,3150,-1600
01/07/2019 03:45,SCH - HQ - NY,23324,1285,1500,-1000
01/07/2019 03:45,SCH - HQ_CEDARS,325274,100,199,-100
01/07/2019 03:45,SCH - HQ_IMPORT_EXPORT,325376,1135,1310,-9999
01/07/2019 03:45,SCH - NE - NY,23318,-703.9,1400,-1800
01/07/2019 03:45,SCH - NPX_1385,325277,-6,200,-200
01/07/2019 03:45,SCH - NPX_CSC,325154,0,330,-330
01/07/2019 03:45,SCH - OH - NY,23317,1149.29,2250,-1900
01/07/2019 03:45,SCH - PJ - NY,23316,-86.94,2000,-1300
01/07/2019 03:45,SCH - PJM_HTP,325905,0,660,-660
01/07/2019 03:45,SCH - PJM_NEPTUNE,325305,598,660,-660
01/07/2019 03:45,SCH - PJM_VFT,325658,315,315,-315
01/07/2019 03:45,SPR/DUN-SOUTH,23320,1958.94,4600,-9999
01/07/2019 03:45,TOTAL EAST,23314,3603.45,6800,-9999
01/07/2019 03:45,UPNY CONED,23315,1258.17,5700,-9999
01/07/2019 03:45,WEST CENTRAL,23312,617,9999,-9999
01/07/2019 03:50,CENTRAL EAST - VC,23330,2191.51,2510,-9999
01/07/2019 03:50,DYSINGER EAST,23326,1023.07,3150,-9999
01/07/2019 03:50,MOSES SOUTH,23319,1686.11,3150,-1600
01/07/2019 03:50,SCH - HQ - NY,23324,1285,1500,-1000
01/07/2019 03:50,SCH - HQ_CEDARS,325274,100,199,-100
01/07/2019 03:50,SCH - HQ_IMPORT_EXPORT,325376,1135,1310,-9999
01/07/2019 03:50,SCH - NE - NY,23318,-733.89,1400,-1800
01/07/2019 03:50,SCH - NPX_1385,325277,-6,200,-200
01/07/2019 03:50,SCH - NPX_CSC,325154,0,330,-330
01/07/2019 03:50,SCH - OH - NY,23317,1149.32,2250,-1900
01/07/2019 03:50,SCH - PJ - NY,23316,-84.94,2000,-1300
01/07/2019 03:50,SCH - PJM_HTP,325905,0,660,-660
01/07/2019 03:50,SCH - PJM_NEPTUNE,325305,627,660,-660
01/07/2019 03:50,SCH - PJM_VFT,325658,315,315,-315
01/07/2019 03:50,SPR/DUN-SOUTH,23320,1974.61,4600,-9999
01/07/2019 03:50,TOTAL EAST,23314,3594.48,6800,-9999
01/07/2019 03:50,UPNY CONED,23315,1230.93,5700,-9999
01/07/2019 03:50,WEST CENTRAL,23312,641.87,9999,-9999
01/07/2019 03:55,CENTRAL EAST - VC,23330,2178.51,2510,-9999
01/07/2019 03:55,DYSINGER EAST,23326,994.96,3150,-9999
01/07/2019 03:55,MOSES SOUTH,23319,1673.22,3150,-1600
01/07/2019 03:55,SCH - HQ - NY,23324,1285,1500,-1000
01/07/2019 03:55,SCH - HQ_CEDARS,325274,100,199,-100
01/07/2019 03:55,SCH - HQ_IMPORT_EXPORT,325376,1135,1310,-9999
01/07/2019 03:55,SCH - NE - NY,23318,-733.9,1400,-1800
01/07/2019 03:55,SCH - NPX_1385,325277,-6,200,-200
01/07/2019 03:55,SCH - NPX_CSC,325154,0,330,-330
01/07/2019 03:55,SCH - OH - NY,23317,1149.24,2250,-1900
01/07/2019 03:55,SCH - PJ - NY,23316,-84.3,2000,-1300
01/07/2019 03:55,SCH - PJM_HTP,325905,0,660,-660
01/07/2019 03:55,SCH - PJM_NEPTUNE,325305,627,660,-660
01/07/2019 03:55,SCH - PJM_VFT,325658,315,315,-315
01/07/2019 03:55,SPR/DUN-SOUTH,23320,1981.62,4600,-9999
01/07/2019 03:55,TOTAL EAST,23314,3595.33,6800,-9999
01/07/2019 03:55,UPNY CONED,23315,1221.39,5700,-9999
01/07/2019 03:55,WEST CENTRAL,23312,611.18,9999,-9999
01/07/2019 04:00,CENTRAL EAST - VC,23330,2190.28,2510,-9999
01/07/2019 04:00,DYSINGER EAST,23326,1014.56,3150,-9999
01/07/2019 04:00,MOSES SOUTH,23319,1663.51,3150,-1600
01/07/2019 04:00,SCH - HQ - NY,23324,1285,1500,-1000
01/07/2019 04:00,SCH - HQ_CEDARS,325274,100,199,-100
01/07/2019 04:00,SCH - HQ_IMPORT_EXPORT,325376,1135,1310,-9999
01/07/2019 04:00,SCH - NE - NY,23318,-716.9,1400,-1800
01/07/2019 04:00,SCH - NPX_1385,325277,-6,200,-200
01/07/2019 04:00,SCH - NPX_CSC,325154,0,330,-330
01/07/2019 04:00,SCH - OH - NY,23317,1149.3,2250,-1900
01/07/2019 04:00,SCH - PJ - NY,23316,-85.36,2000,-1300
01/07/2019 04:00,SCH - PJM_HTP,325905,0,660,-660
01/07/2019 04:00,SCH - PJM_NEPTUNE,325305,598,660,-660
01/07/2019 04:00,SCH - PJM_VFT,325658,312,315,-315
01/07/2019 04:00,SPR/DUN-SOUTH,23320,1964.45,4600,-9999
01/07/2019 04:00,TOTAL EAST,23314,3583.7,6800,-9999
01/07/2019 04:00,UPNY CONED,23315,1239.07,5700,-9999
01/07/2019 04:00,WEST CENTRAL,23312,629.44,9999,-9999
01/07/2019 04:05,CENTRAL EAST - VC,23330,2166.97,2510,-9999
01/07/2019 04:05,DYSINGER EAST,23326,992.29,3150,-9999
01/07/2019 04:05,MOSES SOUTH,23319,1663.72,3150,-1600
01/07/2019 04:05,SCH - HQ - NY,23324,1285,1500,-1000
01/07/2019 04:05,SCH - HQ_CEDARS,325274,100,199,-100
01/07/2019 04:05,SCH - HQ_IMPORT_EXPORT,325376,1135,1310,-9999
01/07/2019 04:05,SCH - NE - NY,23318,-699.81,1400,-1800
01/07/2019 04:05,SCH - NPX_1385,325277,-6,200,-200
01/07/2019 04:05,SCH - NPX_CSC,325154,0,330,-330
01/07/2019 04:05,SCH - OH - NY,23317,1149.22,2250,-1900
01/07/2019 04:05,SCH - PJ - NY,23316,-88.52,2000,-1300
01/07/2019 04:05,SCH - PJM_HTP,325905,0,660,-660
01/07/2019 04:05,SCH - PJM_NEPTUNE,325305,570,660,-660
01/07/2019 04:05,SCH - PJM_VFT,325658,309,315,-315
01/07/2019 04:05,SPR/DUN-SOUTH,23320,1929.41,4600,-9999
01/07/2019 04:05,TOTAL EAST,23314,3567.64,6800,-9999
01/07/2019 04:05,UPNY CONED,23315,1238.54,5700,-9999
01/07/2019 04:05,WEST CENTRAL,23312,605.35,9999,-9999
01/07/2019 04:10,CENTRAL EAST - VC,23330,2148.97,2510,-9999
01/07/2019 04:10,DYSINGER EAST,23326,1016.59,3150,-9999
01/07/2019 04:10,MOSES SOUTH,23319,1667.26,3150,-1600
01/07/2019 04:10,SCH - HQ - NY,23324,1285,1500,-1000
01/07/2019 04:10,SCH - HQ_CEDARS,325274,100,199,-100
01/07/2019 04:10,SCH - HQ_IMPORT_EXPORT,325376,1135,1310,-9999
01/07/2019 04:10,SCH - NE - NY,23318,-704.97,1400,-1800
01/07/2019 04:10,SCH - NPX_1385,325277,-6,200,-200
01/07/2019 04:10,SCH - NPX_CSC,325154,0,330,-330
01/07/2019 04:10,SCH - OH - NY,23317,1149.4,2250,-1900
01/07/2019 04:10,SCH - PJ - NY,23316,-83.17,2000,-1300
01/07/2019 04:10,SCH - PJM_HTP,325905,0,660,-660
01/07/2019 04:10,SCH - PJM_NEPTUNE,325305,570,660,-660
01/07/2019 04:10,SCH - PJM_VFT,325658,309,315,-315
01/07/2019 04:10,SPR/DUN-SOUTH,23320,1941.65,4600,-9999
01/07/2019 04:10,TOTAL EAST,23314,3529.86,6800,-9999
01/07/2019 04:10,UPNY CONED,23315,1262.19,5700,-9999
01/07/2019 04:10,WEST CENTRAL,23312,624.24,9999,-9999
01/07/2019 04:15,CENTRAL EAST - VC,23330,2151.66,2550,-9999
01/07/2019 04:15,DYSINGER EAST,23326,993.12,3150,-9999
01/07/2019 04:15,MOSES SOUTH,23319,1663.03,3150,-1600
01/07/2019 04:15,SCH - HQ - NY,23324,1285,1500,-1000
01/07/2019 04:15,SCH - HQ_CEDARS,325274,100,199,-100
01/07/2019 04:15,SCH - HQ_IMPORT_EXPORT,325376,1135,1310,-9999
01/07/2019 04:15,SCH - NE - NY,23318,-747.77,1400,-1800
01/07/2019 04:15,SCH - NPX_1385,325277,-6,200,-200
01/07/2019 04:15,SCH - NPX_CSC,325154,0,330,-330
01/07/2019 04:15,SCH - OH - NY,23317,1149.29,2250,-1900
01/07/2019 04:15,SCH - PJ - NY,23316,-82.4,2000,-1300
01/07/2019 04:15,SCH - PJM_HTP,325905,0,660,-660
01/07/2019 04:15,SCH - PJM_NEPTUNE,325305,591,660,-660
01/07/2019 04:15,SCH - PJM_VFT,325658,308,315,-315
01/07/2019 04:15,SPR/DUN-SOUTH,23320,1855.34,4600,-9999
01/07/2019 04:15,TOTAL EAST,23314,3540.84,6800,-9999
01/07/2019 04:15,UPNY CONED,23315,1207.11,5700,-9999
01/07/2019 04:15,WEST CENTRAL,23312,597.24,9999,-9999
01/07/2019 04:20,CENTRAL EAST - VC,23330,2155.49,2550,-9999
01/07/2019 04:20,DYSINGER EAST,23326,979.01,3150,-9999
01/07/2019 04:20,MOSES SOUTH,23319,1647.43,3150,-1600
01/07/2019 04:20,SCH - HQ - NY,23324,1285,1500,-1000
01/07/2019 04:20,SCH - HQ_CEDARS,325274,100,199,-100
01/07/2019 04:20,SCH - HQ_IMPORT_EXPORT,325376,1135,1310,-9999
01/07/2019 04:20,SCH - NE - NY,23318,-786.89,1400,-1800
01/07/2019 04:20,SCH - NPX_1385,325277,-6,200,-200
01/07/2019 04:20,SCH - NPX_CSC,325154,0,330,-330
01/07/2019 04:20,SCH - OH - NY,23317,1149.09,2250,-1900
01/07/2019 04:20,SCH - PJ - NY,23316,-90.33,2000,-1300
01/07/2019 04:20,SCH - PJM_HTP,325905,0,660,-660
01/07/2019 04:20,SCH - PJM_NEPTUNE,325305,612,660,-660
01/07/2019 04:20,SCH - PJM_VFT,325658,307,315,-315
01/07/2019 04:20,SPR/DUN-SOUTH,23320,1829.66,4600,-9999
01/07/2019 04:20,TOTAL EAST,23314,3538.68,6800,-9999
01/07/2019 04:20,UPNY CONED,23315,1146.75,5700,-9999
01/07/2019 04:20,WEST CENTRAL,23312,581.27,9999,-9999
01/07/2019 04:25,CENTRAL EAST - VC,23330,2176.61,2550,-9999
01/07/2019 04:25,DYSINGER EAST,23326,970.64,3150,-9999
01/07/2019 04:25,MOSES SOUTH,23319,1657.4,3150,-1600
01/07/2019 04:25,SCH - HQ - NY,23324,1285,1500,-1000
01/07/2019 04:25,SCH - HQ_CEDARS,325274,100,199,-100
01/07/2019 04:25,SCH - HQ_IMPORT_EXPORT,325376,1135,1310,-9999
01/07/2019 04:25,SCH - NE - NY,23318,-786.89,1400,-1800
01/07/2019 04:25,SCH - NPX_1385,325277,-6,200,-200
01/07/2019 04:25,SCH - NPX_CSC,325154,0,330,-330
01/07/2019 04:25,SCH - OH - NY,23317,1148.98,2250,-1900
01/07/2019 04:25,SCH - PJ - NY,23316,-87.38,2000,-1300
01/07/2019 04:25,SCH - PJM_HTP,325905,0,660,-660
01/07/2019 04:25,SCH - PJM_NEPTUNE,325305,612,660,-660
01/07/2019 04:25,SCH - PJM_VFT,325658,307,315,-315
01/07/2019 04:25,SPR/DUN-SOUTH,23320,1847.02,4600,-9999
01/07/2019 04:25,TOTAL EAST,23314,3559.45,6800,-9999
01/07/2019 04:25,UPNY CONED,23315,1164.49,5700,-9999
01/07/2019 04:25,WEST CENTRAL,23312,569.06,9999,-9999
01/07/2019 04:30,CENTRAL EAST - VC,23330,2173.72,2550,-9999
01/07/2019 04:30,DYSINGER EAST,23326,952.61,3150,-9999
01/07/2019 04:30,MOSES SOUTH,23319,1652.95,3150,-1600
01/07/2019 04:30,SCH - HQ - NY,23324,1285,1500,-1000
01/07/2019 04:30,SCH - HQ_CEDARS,325274,100,199,-100
01/07/2019 04:30,SCH - HQ_IMPORT_EXPORT,325376,1135,1310,-9999
01/07/2019 04:30,SCH - NE - NY,23318,-806.89,1400,-1800
01/07/2019 04:30,SCH - NPX_1385,325277,-6,200,-200
01/07/2019 04:30,SCH - NPX_CSC,325154,0,330,-330
01/07/2019 04:30,SCH - OH - NY,23317,1148.82,2250,-1900
01/07/2019 04:30,SCH - PJ - NY,23316,-91.35,2000,-1300
01/07/2019 04:30,SCH - PJM_HTP,325905,0,660,-660
01/07/2019 04:30,SCH - PJM_NEPTUNE,325305,636,660,-660
01/07/2019 04:30,SCH - PJM_VFT,325658,311,315,-315
01/07/2019 04:30,SPR/DUN-SOUTH,23320,1862.91,4600,-9999
01/07/2019 04:30,TOTAL EAST,23314,3570.59,6800,-9999
01/07/2019 04:30,UPNY CONED,23315,1166.72,5700,-9999
01/07/2019 04:30,WEST CENTRAL,23312,549.37,9999,-9999
01/07/2019 04:35,CENTRAL EAST - VC,23330,2171.89,2550,-9999
01/07/2019 04:35,DYSINGER EAST,23326,968.42,3150,-9999
01/07/2019 04:35,MOSES SOUTH,23319,1663.11,3150,-1600
01/07/2019 04:35,SCH - HQ - NY,23324,1285,1500,-1000
01/07/2019 04:35,SCH - HQ_CEDARS,325274,100,199,-100
01/07/2019 04:35,SCH - HQ_IMPORT_EXPORT,325376,1135,1310,-9999
01/07/2019 04:35,SCH - NE - NY,23318,-827.89,1400,-1800
01/07/2019 04:35,SCH - NPX_1385,325277,-6,200,-200
01/07/2019 04:35,SCH - NPX_CSC,325154,0,330,-330
01/07/2019 04:35,SCH - OH - NY,23317,1149,2250,-1900
01/07/2019 04:35,SCH - PJ - NY,23316,-88.39,2000,-1300
01/07/2019 04:35,SCH - PJM_HTP,325905,0,660,-660
01/07/2019 04:35,SCH - PJM_NEPTUNE,325305,660,660,-660
01/07/2019 04:35,SCH - PJM_VFT,325658,315,315,-315
01/07/2019 04:35,SPR/DUN-SOUTH,23320,1865.98,4600,-9999
01/07/2019 04:35,TOTAL EAST,23314,3550.9,6800,-9999
01/07/2019 04:35,UPNY CONED,23315,1127.46,5700,-9999
01/07/2019 04:35,WEST CENTRAL,23312,559.89,9999,-9999
01/07/2019 04:40,CENTRAL EAST - VC,23330,2195.56,2550,-9999
01/07/2019 04:40,DYSINGER EAST,23326,984.73,3150,-9999
01/07/2019 04:40,MOSES SOUTH,23319,1670.77,3150,-1600
01/07/2019 04:40,SCH - HQ - NY,23324,1285,1500,-1000
01/07/2019 04:40,SCH - HQ_CEDARS,325274,100,199,-100
01/07/2019 04:40,SCH - HQ_IMPORT_EXPORT,325376,1135,1310,-9999
01/07/2019 04:40,SCH - NE - NY,23318,-827.89,1400,-1800
01/07/2019 04:40,SCH - NPX_1385,325277,-6,200,-200
01/07/2019 04:40,SCH - NPX_CSC,325154,0,330,-330
01/07/2019 04:40,SCH - OH - NY,23317,1149.12,2250,-1900
01/07/2019 04:40,SCH - PJ - NY,23316,-89.4,2000,-1300
01/07/2019 04:40,SCH - PJM_HTP,325905,0,660,-660
01/07/2019 04:40,SCH - PJM_NEPTUNE,325305,660,660,-660
01/07/2019 04:40,SCH - PJM_VFT,325658,315,315,-315
01/07/2019 04:40,SPR/DUN-SOUTH,23320,1886.64,4600,-9999
01/07/2019 04:40,TOTAL EAST,23314,3566.45,6800,-9999
01/07/2019 04:40,UPNY CONED,23315,1134.87,5700,-9999
01/07/2019 04:40,WEST CENTRAL,23312,570.87,9999,-9999
01/07/2019 04:45,CENTRAL EAST - VC,23330,2218.41,2550,-9999
01/07/2019 04:45,DYSINGER EAST,23326,1007.89,3150,-9999
01/07/2019 04:45,MOSES SOUTH,23319,1670.49,3150,-1600
01/07/2019 04:45,SCH - HQ - NY,23324,1285,1500,-1000
01/07/2019 04:45,SCH - HQ_CEDARS,325274,100,199,-100
01/07/2019 04:45,SCH - HQ_IMPORT_EXPORT,325376,1135,1310,-9999
01/07/2019 04:45,SCH - NE - NY,23318,-821.89,1400,-1800
01/07/2019 04:45,SCH - NPX_1385,325277,-6,200,-200
01/07/2019 04:45,SCH - NPX_CSC,325154,0,330,-330
01/07/2019 04:45,SCH - OH - NY,23317,1149.19,2250,-1900
01/07/2019 04:45,SCH - PJ - NY,23316,-32.42,2000,-1300
01/07/2019 04:45,SCH - PJM_HTP,325905,0,660,-660
01/07/2019 04:45,SCH - PJM_NEPTUNE,325305,660,660,-660
01/07/2019 04:45,SCH - PJM_VFT,325658,315,315,-315
01/07/2019 04:45,SPR/DUN-SOUTH,23320,1913.64,4600,-9999
01/07/2019 04:45,TOTAL EAST,23314,3634.21,6800,-9999
01/07/2019 04:45,UPNY CONED,23315,1192.44,5700,-9999
01/07/2019 04:45,WEST CENTRAL,23312,588.72,9999,-9999
01/07/2019 04:50,CENTRAL EAST - VC,23330,2202.88,2550,-9999
01/07/2019 04:50,DYSINGER EAST,23326,978.1,3150,-9999
01/07/2019 04:50,MOSES SOUTH,23319,1660.75,3150,-1600
01/07/2019 04:50,SCH - HQ - NY,23324,1285,1500,-1000
01/07/2019 04:50,SCH - HQ_CEDARS,325274,100,199,-100
01/07/2019 04:50,SCH - HQ_IMPORT_EXPORT,325376,1135,1310,-9999
01/07/2019 04:50,SCH - NE - NY,23318,-815.89,1400,-1800
01/07/2019 04:50,SCH - NPX_1385,325277,-6,200,-200
01/07/2019 04:50,SCH - NPX_CSC,325154,0,330,-330
01/07/2019 04:50,SCH - OH - NY,23317,1149.11,2250,-1900
01/07/2019 04:50,SCH - PJ - NY,23316,24.53,2000,-1300
01/07/2019 04:50,SCH - PJM_HTP,325905,0,660,-660
01/07/2019 04:50,SCH - PJM_NEPTUNE,325305,660,660,-660
01/07/2019 04:50,SCH - PJM_VFT,325658,315,315,-315
01/07/2019 04:50,SPR/DUN-SOUTH,23320,1941.03,4600,-9999
01/07/2019 04:50,TOTAL EAST,23314,3671.39,6800,-9999
01/07/2019 04:50,UPNY CONED,23315,1231.54,5700,-9999
01/07/2019 04:50,WEST CENTRAL,23312,554.43,9999,-9999
01/07/2019 04:55,CENTRAL EAST - VC,23330,2162.66,2550,-9999
01/07/2019 04:55,DYSINGER EAST,23326,935.98,3150,-9999
01/07/2019 04:55,MOSES SOUTH,23319,1631.3,3150,-1600
01/07/2019 04:55,SCH - HQ - NY,23324,1285,1500,-1000
01/07/2019 04:55,SCH - HQ_CEDARS,325274,100,199,-100
01/07/2019 04:55,SCH - HQ_IMPORT_EXPORT,325376,1135,1310,-9999
01/07/2019 04:55,SCH - NE - NY,23318,-815.9,1400,-1800
01/07/2019 04:55,SCH - NPX_1385,325277,-6,200,-200
01/07/2019 04:55,SCH - NPX_CSC,325154,0,330,-330
01/07/2019 04:55,SCH - OH - NY,23317,1148.95,2250,-1900
01/07/2019 04:55,SCH - PJ - NY,23316,24.58,2000,-1300
01/07/2019 04:55,SCH - PJM_HTP,325905,0,660,-660
01/07/2019 04:55,SCH - PJM_NEPTUNE,325305,660,660,-660
01/07/2019 04:55,SCH - PJM_VFT,325658,315,315,-315
01/07/2019 04:55,SPR/DUN-SOUTH,23320,1895.88,4600,-9999
01/07/2019 04:55,TOTAL EAST,23314,3647,6800,-9999
01/07/2019 04:55,UPNY CONED,23315,1175.87,5700,-9999
01/07/2019 04:55,WEST CENTRAL,23312,503.76,9999,-9999
01/07/2019 05:00,CENTRAL EAST - VC,23330,2193.15,2550,-9999
01/07/2019 05:00,DYSINGER EAST,23326,932.55,3150,-9999
01/07/2019 05:00,MOSES SOUTH,23319,1704.2,3150,-1600
01/07/2019 05:00,SCH - HQ - NY,23324,1372,1500,-1000
01/07/2019 05:00,SCH - HQ_CEDARS,325274,100,199,-100
01/07/2019 05:00,SCH - HQ_IMPORT_EXPORT,325376,1222,1310,-9999
01/07/2019 05:00,SCH - NE - NY,23318,-915.87,1400,-1800
01/07/2019 05:00,SCH - NPX_1385,325277,-15,200,-200
01/07/2019 05:00,SCH - NPX_CSC,325154,0,330,-330
01/07/2019 05:00,SCH - OH - NY,23317,1149.06,2250,-1900
01/07/2019 05:00,SCH - PJ - NY,23316,38.59,2000,-1300
01/07/2019 05:00,SCH - PJM_HTP,325905,0,660,-660
01/07/2019 05:00,SCH - PJM_NEPTUNE,325305,660,660,-660
01/07/2019 05:00,SCH - PJM_VFT,325658,315,315,-315
01/07/2019 05:00,SPR/DUN-SOUTH,23320,1927.07,4600,-9999
01/07/2019 05:00,TOTAL EAST,23314,3717.98,6800,-9999
01/07/2019 05:00,UPNY CONED,23315,1210.43,5700,-9999
01/07/2019 05:00,WEST CENTRAL,23312,496.14,9999,-9999
01/07/2019 05:05,CENTRAL EAST - VC,23330,2297.86,2550,-9999
01/07/2019 05:05,DYSINGER EAST,23326,981.32,3150,-9999
01/07/2019 05:05,MOSES SOUTH,23319,1793.4,3150,-1600
01/07/2019 05:05,SCH - HQ - NY,23324,1460,1500,-1000
01/07/2019 05:05,SCH - HQ_CEDARS,325274,100,199,-100
01/07/2019 05:05,SCH - HQ_IMPORT_EXPORT,325376,1310,1310,-9999
01/07/2019 05:05,SCH - NE - NY,23318,-1015.83,1400,-1800
01/07/2019 05:05,SCH - NPX_1385,325277,-25,200,-200
01/07/2019 05:05,SCH - NPX_CSC,325154,0,330,-330
01/07/2019 05:05,SCH - OH - NY,23317,1149.19,2250,-1900
01/07/2019 05:05,SCH - PJ - NY,23316,50.45,2000,-1300
01/07/2019 05:05,SCH - PJM_HTP,325905,0,660,-660
01/07/2019 05:05,SCH - PJM_NEPTUNE,325305,660,660,-660
01/07/2019 05:05,SCH - PJM_VFT,325658,315,315,-315
01/07/2019 05:05,SPR/DUN-SOUTH,23320,1879.25,4600,-9999
01/07/2019 05:05,TOTAL EAST,23314,3792.56,6800,-9999
01/07/2019 05:05,UPNY CONED,23315,1200.69,5700,-9999
01/07/2019 05:05,WEST CENTRAL,23312,534.3,9999,-9999
01/07/2019 05:10,CENTRAL EAST - VC,23330,2284.24,2550,-9999
01/07/2019 05:10,DYSINGER EAST,23326,967.43,3150,-9999
01/07/2019 05:10,MOSES SOUTH,23319,1754.81,3150,-1600
01/07/2019 05:10,SCH - HQ - NY,23324,1460,1500,-1000
01/07/2019 05:10,SCH - HQ_CEDARS,325274,100,199,-100
01/07/2019 05:10,SCH - HQ_IMPORT_EXPORT,325376,1310,1310,-9999
01/07/2019 05:10,SCH - NE - NY,23318,-1015.81,1400,-1800
01/07/2019 05:10,SCH - NPX_1385,325277,-25,200,-200
01/07/2019 05:10,SCH - NPX_CSC,325154,0,330,-330
01/07/2019 05:10,SCH - OH - NY,23317,1148.92,2250,-1900
01/07/2019 05:10,SCH - PJ - NY,23316,50.48,2000,-1300
01/07/2019 05:10,SCH - PJM_HTP,325905,0,660,-660
01/07/2019 05:10,SCH - PJM_NEPTUNE,325305,660,660,-660
01/07/2019 05:10,SCH - PJM_VFT,325658,315,315,-315
01/07/2019 05:10,SPR/DUN-SOUTH,23320,1872.82,4600,-9999
01/07/2019 05:10,TOTAL EAST,23314,3792.06,6800,-9999
01/07/2019 05:10,UPNY CONED,23315,1232.72,5700,-9999
01/07/2019 05:10,WEST CENTRAL,23312,510.54,9999,-9999
01/07/2019 05:15,CENTRAL EAST - VC,23330,2299.66,2640,-9999
01/07/2019 05:15,DYSINGER EAST,23326,942.96,3150,-9999
01/07/2019 05:15,MOSES SOUTH,23319,1749.07,3150,-1600
01/07/2019 05:15,SCH - HQ - NY,23324,1460,1500,-1000
01/07/2019 05:15,SCH - HQ_CEDARS,325274,100,199,-100
01/07/2019 05:15,SCH - HQ_IMPORT_EXPORT,325376,1310,1310,-9999
01/07/2019 05:15,SCH - NE - NY,23318,-1020.84,1400,-1800
01/07/2019 05:15,SCH - NPX_1385,325277,-25,200,-200
01/07/2019 05:15,SCH - NPX_CSC,325154,0,330,-330
01/07/2019 05:15,SCH - OH - NY,23317,1149,2250,-1900
01/07/2019 05:15,SCH - PJ - NY,23316,51.43,2000,-1300
01/07/2019 05:15,SCH - PJM_HTP,325905,0,660,-660
01/07/2019 05:15,SCH - PJM_NEPTUNE,325305,660,660,-660
01/07/2019 05:15,SCH - PJM_VFT,325658,315,315,-315
01/07/2019 05:15,SPR/DUN-SOUTH,23320,1919.39,4600,-9999
01/07/2019 05:15,TOTAL EAST,23314,3850.18,6800,-9999
01/07/2019 05:15,UPNY CONED,23315,1294.18,5700,-9999
01/07/2019 05:15,WEST CENTRAL,23312,479.12,9999,-9999
01/07/2019 05:20,CENTRAL EAST - VC,23330,2253.81,2640,-9999
01/07/2019 05:20,DYSINGER EAST,23326,911.02,3150,-9999
01/07/2019 05:20,MOSES SOUTH,23319,1766.96,3150,-1600
01/07/2019 05:20,SCH - HQ - NY,23324,1460,1500,-1000
01/07/2019 05:20,SCH - HQ_CEDARS,325274,100,199,-100
01/07/2019 05:20,SCH - HQ_IMPORT_EXPORT,325376,1310,1310,-9999
01/07/2019 05:20,SCH - NE - NY,23318,-1026.85,1400,-1800
01/07/2019 05:20,SCH - NPX_1385,325277,-25,200,-200
01/07/2019 05:20,SCH - NPX_CSC,325154,0,330,-330
01/07/2019 05:20,SCH - OH - NY,23317,1149.02,2250,-1900
01/07/2019 05:20,SCH - PJ - NY,23316,51.56,2000,-1300
01/07/2019 05:20,SCH - PJM_HTP,325905,0,660,-660
01/07/2019 05:20,SCH - PJM_NEPTUNE,325305,660,660,-660
01/07/2019 05:20,SCH - PJM_VFT,325658,315,315,-315
01/07/2019 05:20,SPR/DUN-SOUTH,23320,1818.97,4600,-9999
01/07/2019 05:20,TOTAL EAST,23314,3830.65,6800,-9999
01/07/2019 05:20,UPNY CONED,23315,1217.9,5700,-9999
01/07/2019 05:20,WEST CENTRAL,23312,440.25,9999,-9999
01/07/2019 05:25,CENTRAL EAST - VC,23330,2250.6,2640,-9999
01/07/2019 05:25,DYSINGER EAST,23326,950.47,3150,-9999
01/07/2019 05:25,MOSES SOUTH,23319,1790.8,3150,-1600
01/07/2019 05:25,SCH - HQ - NY,23324,1460,1500,-1000
01/07/2019 05:25,SCH - HQ_CEDARS,325274,100,199,-100
01/07/2019 05:25,SCH - HQ_IMPORT_EXPORT,325376,1310,1310,-9999
01/07/2019 05:25,SCH - NE - NY,23318,-1026.86,1400,-1800
01/07/2019 05:25,SCH - NPX_1385,325277,-25,200,-200
01/07/2019 05:25,SCH - NPX_CSC,325154,0,330,-330
01/07/2019 05:25,SCH - OH - NY,23317,1149.24,2250,-1900
01/07/2019 05:25,SCH - PJ - NY,23316,54.7,2000,-1300
01/07/2019 05:25,SCH - PJM_HTP,325905,0,660,-660
01/07/2019 05:25,SCH - PJM_NEPTUNE,325305,660,660,-660
01/07/2019 05:25,SCH - PJM_VFT,325658,315,315,-315
01/07/2019 05:25,SPR/DUN-SOUTH,23320,1805.46,4600,-9999
01/07/2019 05:25,TOTAL EAST,23314,3856.99,6800,-9999
01/07/2019 05:25,UPNY CONED,23315,1224.02,5700,-9999
01/07/2019 05:25,WEST CENTRAL,23312,469.95,9999,-9999
01/07/2019 05:30,CENTRAL EAST - VC,23330,2200.28,2640,-9999
01/07/2019 05:30,DYSINGER EAST,23326,862.02,3150,-9999
01/07/2019 05:30,MOSES SOUTH,23319,1792.42,3150,-1600
01/07/2019 05:30,SCH - HQ - NY,23324,1460,1500,-1000
01/07/2019 05:30,SCH - HQ_CEDARS,325274,100,199,-100
01/07/2019 05:30,SCH - HQ_IMPORT_EXPORT,325376,1310,1310,-9999
01/07/2019 05:30,SCH - NE - NY,23318,-1079.86,1400,-1800
01/07/2019 05:30,SCH - NPX_1385,325277,-25,200,-200
01/07/2019 05:30,SCH - NPX_CSC,325154,0,330,-330
01/07/2019 05:30,SCH - OH - NY,23317,1149.14,2250,-1900
01/07/2019 05:30,SCH - PJ - NY,23316,54.48,2000,-1300
01/07/2019 05:30,SCH - PJM_HTP,325905,0,660,-660
01/07/2019 05:30,SCH - PJM_NEPTUNE,325305,660,660,-660
01/07/2019 05:30,SCH - PJM_VFT,325658,315,315,-315
01/07/2019 05:30,SPR/DUN-SOUTH,23320,1896.1,4600,-9999
01/07/2019 05:30,TOTAL EAST,23314,3734.19,6800,-9999
01/07/2019 05:30,UPNY CONED,23315,1330.88,5700,-9999
01/07/2019 05:30,WEST CENTRAL,23312,373.15,9999,-9999
01/07/2019 05:35,CENTRAL EAST - VC,23330,2207.81,2700,-9999
01/07/2019 05:35,DYSINGER EAST,23326,919.49,3150,-9999
01/07/2019 05:35,MOSES SOUTH,23319,1758.11,3150,-1600
01/07/2019 05:35,SCH - HQ - NY,23324,1460,1500,-1000
01/07/2019 05:35,SCH - HQ_CEDARS,325274,100,199,-100
01/07/2019 05:35,SCH - HQ_IMPORT_EXPORT,325376,1310,1310,-9999
01/07/2019 05:35,SCH - NE - NY,23318,-1133.83,1400,-1800
01/07/2019 05:35,SCH - NPX_1385,325277,-25,200,-200
01/07/2019 05:35,SCH - NPX_CSC,325154,0,330,-330
01/07/2019 05:35,SCH - OH - NY,23317,1148.92,2250,-1900
01/07/2019 05:35,SCH - PJ - NY,23316,52.58,2000,-1300
01/07/2019 05:35,SCH - PJM_HTP,325905,0,660,-660
01/07/2019 05:35,SCH - PJM_NEPTUNE,325305,660,660,-660
01/07/2019 05:35,SCH - PJM_VFT,325658,315,315,-315
01/07/2019 05:35,SPR/DUN-SOUTH,23320,1881.46,4600,-9999
01/07/2019 05:35,TOTAL EAST,23314,3751.99,6800,-9999
01/07/2019 05:35,UPNY CONED,23315,1342.21,5700,-9999
01/07/2019 05:35,WEST CENTRAL,23312,423.31,9999,-9999
01/07/2019 05:40,CENTRAL EAST - VC,23330,2179.36,2700,-9999
01/07/2019 05:40,DYSINGER EAST,23326,877.22,3150,-9999
01/07/2019 05:40,MOSES SOUTH,23319,1723.17,3150,-1600
01/07/2019 05:40,SCH - HQ - NY,23324,1460,1500,-1000
01/07/2019 05:40,SCH - HQ_CEDARS,325274,100,199,-100
01/07/2019 05:40,SCH - HQ_IMPORT_EXPORT,325376,1310,1310,-9999
01/07/2019 05:40,SCH - NE - NY,23318,-1133.83,1400,-1800
01/07/2019 05:40,SCH - NPX_1385,325277,-25,200,-200
01/07/2019 05:40,SCH - NPX_CSC,325154,0,330,-330
01/07/2019 05:40,SCH - OH - NY,23317,1148.82,2250,-1900
01/07/2019 05:40,SCH - PJ - NY,23316,55.32,2000,-1300
01/07/2019 05:40,SCH - PJM_HTP,325905,0,660,-660
01/07/2019 05:40,SCH - PJM_NEPTUNE,325305,660,660,-660
01/07/2019 05:40,SCH - PJM_VFT,325658,315,315,-315
01/07/2019 05:40,SPR/DUN-SOUTH,23320,1957.96,4600,-9999
01/07/2019 05:40,TOTAL EAST,23314,3662.26,6800,-9999
01/07/2019 05:40,UPNY CONED,23315,1386.29,5700,-9999
01/07/2019 05:40,WEST CENTRAL,23312,367.35,9999,-9999
01/07/2019 05:45,CENTRAL EAST - VC,23330,2170.8,2700,-9999
01/07/2019 05:45,DYSINGER EAST,23326,890.31,3150,-9999
01/07/2019 05:45,MOSES SOUTH,23319,1727.49,3150,-1600
01/07/2019 05:45,SCH - HQ - NY,23324,1460,1500,-1000
01/07/2019 05:45,SCH - HQ_CEDARS,325274,100,199,-100
01/07/2019 05:45,SCH - HQ_IMPORT_EXPORT,325376,1310,1310,-9999
01/07/2019 05:45,SCH - NE - NY,23318,-1073.85,1400,-1800
01/07/2019 05:45,SCH - NPX_1385,325277,-25,200,-200
01/07/2019 05:45,SCH - NPX_CSC,325154,0,330,-330
01/07/2019 05:45,SCH - OH - NY,23317,1149,2250,-1900
01/07/2019 05:45,SCH - PJ - NY,23316,52.34,2000,-1300
01/07/2019 05:45,SCH - PJM_HTP,325905,0,660,-660
01/07/2019 05:45,SCH - PJM_NEPTUNE,325305,660,660,-660
01/07/2019 05:45,SCH - PJM_VFT,325658,315,315,-315
01/07/2019 05:45,SPR/DUN-SOUTH,23320,2052.15,4600,-9999
01/07/2019 05:45,TOTAL EAST,23314,3662.98,6800,-9999
01/07/2019 05:45,UPNY CONED,23315,1483.71,5700,-9999
01/07/2019 05:45,WEST CENTRAL,23312,373.24,9999,-9999
01/07/2019 05:50,CENTRAL EAST - VC,23330,2135.93,2700,-9999
01/07/2019 05:50,DYSINGER EAST,23326,892.23,3150,-9999
01/07/2019 05:50,MOSES SOUTH,23319,1725.64,3150,-1600
01/07/2019 05:50,SCH - HQ - NY,23324,1460,1500,-1000
01/07/2019 05:50,SCH - HQ_CEDARS,325274,100,199,-100
01/07/2019 05:50,SCH - HQ_IMPORT_EXPORT,325376,1310,1310,-9999
01/07/2019 05:50,SCH - NE - NY,23318,-1019.98,1400,-1800
01/07/2019 05:50,SCH - NPX_1385,325277,-25,200,-200
01/07/2019 05:50,SCH - NPX_CSC,325154,0,330,-330
01/07/2019 05:50,SCH - OH - NY,23317,1149.11,2250,-1900
01/07/2019 05:50,SCH - PJ - NY,23316,58.51,2000,-1300
01/07/2019 05:50,SCH - PJM_HTP,325905,0,660,-660
01/07/2019 05:50,SCH - PJM_NEPTUNE,325305,660,660,-660
01/07/2019 05:50,SCH - PJM_VFT,325658,315,315,-315
01/07/2019 05:50,SPR/DUN-SOUTH,23320,2001.87,4600,-9999
01/07/2019 05:50,TOTAL EAST,23314,3609.87,6800,-9999
01/07/2019 05:50,UPNY CONED,23315,1463.11,5700,-9999
01/07/2019 05:50,WEST CENTRAL,23312,362.67,9999,-9999
01/07/2019 05:55,CENTRAL EAST - VC,23330,2122.02,2700,-9999
01/07/2019 05:55,DYSINGER EAST,23326,921.87,3150,-9999
01/07/2019 05:55,MOSES SOUTH,23319,1709.11,3150,-1600
01/07/2019 05:55,SCH - HQ - NY,23324,1460,1500,-1000
01/07/2019 05:55,SCH - HQ_CEDARS,325274,100,199,-100
01/07/2019 05:55,SCH - HQ_IMPORT_EXPORT,325376,1310,1310,-9999
01/07/2019 05:55,SCH - NE - NY,23318,-1019.83,1400,-1800
01/07/2019 05:55,SCH - NPX_1385,325277,-25,200,-200
01/07/2019 05:55,SCH - NPX_CSC,325154,0,330,-330
01/07/2019 05:55,SCH - OH - NY,23317,1148.99,2250,-1900
01/07/2019 05:55,SCH - PJ - NY,23316,60.56,2000,-1300
01/07/2019 05:55,SCH - PJM_HTP,325905,0,660,-660
01/07/2019 05:55,SCH - PJM_NEPTUNE,325305,660,660,-660
01/07/2019 05:55,SCH - PJM_VFT,325658,315,315,-315
01/07/2019 05:55,SPR/DUN-SOUTH,23320,2002.14,4600,-9999
01/07/2019 05:55,TOTAL EAST,23314,3658.84,6800,-9999
01/07/2019 05:55,UPNY CONED,23315,1478.29,5700,-9999
01/07/2019 05:55,WEST CENTRAL,23312,381.87,9999,-9999
01/07/2019 06:00,CENTRAL EAST - VC,23330,2140.08,2700,-9999
01/07/2019 06:00,DYSINGER EAST,23326,914.85,3150,-9999
01/07/2019 06:00,MOSES SOUTH,23319,1746.1,3150,-1600
01/07/2019 06:00,SCH - HQ - NY,23324,1460,1500,-1000
01/07/2019 06:00,SCH - HQ_CEDARS,325274,149,199,-100
01/07/2019 06:00,SCH - HQ_IMPORT_EXPORT,325376,1310,1310,-9999
01/07/2019 06:00,SCH - NE - NY,23318,-1040.87,1400,-1800
01/07/2019 06:00,SCH - NPX_1385,325277,-12,200,-200
01/07/2019 06:00,SCH - NPX_CSC,325154,18,330,-330
01/07/2019 06:00,SCH - OH - NY,23317,1148.97,2250,-1900
01/07/2019 06:00,SCH - PJ - NY,23316,52.65,2000,-1300
01/07/2019 06:00,SCH - PJM_HTP,325905,0,660,-660
01/07/2019 06:00,SCH - PJM_NEPTUNE,325305,660,660,-660
01/07/2019 06:00,SCH - PJM_VFT,325658,255,315,-315
01/07/2019 06:00,SPR/DUN-SOUTH,23320,2060.15,4600,-9999
01/07/2019 06:00,TOTAL EAST,23314,3733.03,6800,-9999
01/07/2019 06:00,UPNY CONED,23315,1575.34,5700,-9999
01/07/2019 06:00,WEST CENTRAL,23312,369.67,9999,-9999
01/07/2019 06:05,CENTRAL EAST - VC,23330,2191.39,2700,-9999
01/07/2019 06:05,DYSINGER EAST,23326,948.57,3150,-9999
01/07/2019 06:05,MOSES SOUTH,23319,1820.28,3150,-1600
01/07/2019 06:05,SCH - HQ - NY,23324,1460,1500,-1000
01/07/2019 06:05,SCH - HQ_CEDARS,325274,199,199,-100
01/07/2019 06:05,SCH - HQ_IMPORT_EXPORT,325376,1310,1310,-9999
01/07/2019 06:05,SCH - NE - NY,23318,-1066.86,1400,-1800
01/07/2019 06:05,SCH - NPX_1385,325277,0,200,-200
01/07/2019 06:05,SCH - NPX_CSC,325154,36,330,-330
01/07/2019 06:05,SCH - OH - NY,23317,1149.18,2250,-1900
01/07/2019 06:05,SCH - PJ - NY,23316,54.56,2000,-1300
01/07/2019 06:05,SCH - PJM_HTP,325905,0,660,-660
01/07/2019 06:05,SCH - PJM_NEPTUNE,325305,660,660,-660
01/07/2019 06:05,SCH - PJM_VFT,325658,196,315,-315
01/07/2019 06:05,SPR/DUN-SOUTH,23320,2111.16,4600,-9999
01/07/2019 06:05,TOTAL EAST,23314,3770.13,6800,-9999
01/07/2019 06:05,UPNY CONED,23315,1651.46,5700,-9999
01/07/2019 06:05,WEST CENTRAL,23312,390.9,9999,-9999
01/07/2019 06:10,CENTRAL EAST - VC,23330,2186.49,2700,-9999
01/07/2019 06:10,DYSINGER EAST,23326,938.58,3150,-9999
01/07/2019 06:10,MOSES SOUTH,23319,1827.85,3150,-1600
01/07/2019 06:10,SCH - HQ - NY,23324,1460,1500,-1000
01/07/2019 06:10,SCH - HQ_CEDARS,325274,199,199,-100
01/07/2019 06:10,SCH - HQ_IMPORT_EXPORT,325376,1310,1310,-9999
01/07/2019 06:10,SCH - NE - NY,23318,-1066.86,1400,-1800
01/07/2019 06:10,SCH - NPX_1385,325277,0,200,-200
01/07/2019 06:10,SCH - NPX_CSC,325154,36,330,-330
01/07/2019 06:10,SCH - OH - NY,23317,1149.35,2250,-1900
01/07/2019 06:10,SCH - PJ - NY,23316,53.62,2000,-1300
01/07/2019 06:10,SCH - PJM_HTP,325905,0,660,-660
01/07/2019 06:10,SCH - PJM_NEPTUNE,325305,660,660,-660
01/07/2019 06:10,SCH - PJM_VFT,325658,196,315,-315
01/07/2019 06:10,SPR/DUN-SOUTH,23320,2012.41,4600,-9999
01/07/2019 06:10,TOTAL EAST,23314,3763.94,6800,-9999
01/07/2019 06:10,UPNY CONED,23315,1599.77,5700,-9999
01/07/2019 06:10,WEST CENTRAL,23312,366.41,9999,-9999
01/07/2019 06:15,CENTRAL EAST - VC,23330,2249.08,2730,-9999
01/07/2019 06:15,DYSINGER EAST,23326,963.14,3150,-9999
01/07/2019 06:15,MOSES SOUTH,23319,1831.43,3150,-1600
01/07/2019 06:15,SCH - HQ - NY,23324,1460,1500,-1000
01/07/2019 06:15,SCH - HQ_CEDARS,325274,199,199,-100
01/07/2019 06:15,SCH - HQ_IMPORT_EXPORT,325376,1310,1310,-9999
01/07/2019 06:15,SCH - NE - NY,23318,-1114.7,1400,-1800
01/07/2019 06:15,SCH - NPX_1385,325277,0,200,-200
01/07/2019 06:15,SCH - NPX_CSC,325154,36,330,-330
01/07/2019 06:15,SCH - OH - NY,23317,1149.43,2250,-1900
01/07/2019 06:15,SCH - PJ - NY,23316,108.36,2000,-1300
01/07/2019 06:15,SCH - PJM_HTP,325905,0,660,-660
01/07/2019 06:15,SCH - PJM_NEPTUNE,325305,660,660,-660
01/07/2019 06:15,SCH - PJM_VFT,325658,255,315,-315
01/07/2019 06:15,SPR/DUN-SOUTH,23320,1948.79,4600,-9999
01/07/2019 06:15,TOTAL EAST,23314,3812.13,6800,-9999
01/07/2019 06:15,UPNY CONED,23315,1555.04,5700,-9999
01/07/2019 06:15,WEST CENTRAL,23312,381.35,9999,-9999
01/07/2019 06:20,CENTRAL EAST - VC,23330,2235.72,2730,-9999
01/07/2019 06:20,DYSINGER EAST,23326,919.18,3150,-9999
01/07/2019 06:20,MOSES SOUTH,23319,1824.42,3150,-1600
01/07/2019 06:20,SCH - HQ - NY,23324,1460,1500,-1000
01/07/2019 06:20,SCH - HQ_CEDARS,325274,199,199,-100
01/07/2019 06:20,SCH - HQ_IMPORT_EXPORT,325376,1310,1310,-9999
01/07/2019 06:20,SCH - NE - NY,23318,-1157.87,1400,-1800
01/07/2019 06:20,SCH - NPX_1385,325277,0,200,-200
01/07/2019 06:20,SCH - NPX_CSC,325154,36,330,-330
01/07/2019 06:20,SCH - OH - NY,23317,1149.3,2250,-1900
01/07/2019 06:20,SCH - PJ - NY,23316,156.47,2000,-1300
01/07/2019 06:20,SCH - PJM_HTP,325905,0,660,-660
01/07/2019 06:20,SCH - PJM_NEPTUNE,325305,660,660,-660
01/07/2019 06:20,SCH - PJM_VFT,325658,315,315,-315
01/07/2019 06:20,SPR/DUN-SOUTH,23320,1889.86,4600,-9999
01/07/2019 06:20,TOTAL EAST,23314,3825.35,6800,-9999
01/07/2019 06:20,UPNY CONED,23315,1533.12,5700,-9999
01/07/2019 06:20,WEST CENTRAL,23312,323.51,9999,-9999
01/07/2019 06:25,CENTRAL EAST - VC,23330,2305.08,2730,-9999
01/07/2019 06:25,DYSINGER EAST,23326,1066.27,3150,-9999
01/07/2019 06:25,MOSES SOUTH,23319,1833.77,3150,-1600
01/07/2019 06:25,SCH - HQ - NY,23324,1460,1500,-1000
01/07/2019 06:25,SCH - HQ_CEDARS,325274,199,199,-100
01/07/2019 06:25,SCH - HQ_IMPORT_EXPORT,325376,1310,1310,-9999
01/07/2019 06:25,SCH - NE - NY,23318,-1157.89,1400,-1800
01/07/2019 06:25,SCH - NPX_1385,325277,0,200,-200
01/07/2019 06:25,SCH - NPX_CSC,325154,36,330,-330
01/07/2019 06:25,SCH - OH - NY,23317,1149.44,2250,-1900
01/07/2019 06:25,SCH - PJ - NY,23316,159.42,2000,-1300
01/07/2019 06:25,SCH - PJM_HTP,325905,0,660,-660
01/07/2019 06:25,SCH - PJM_NEPTUNE,325305,660,660,-660
01/07/2019 06:25,SCH - PJM_VFT,325658,315,315,-315
01/07/2019 06:25,SPR/DUN-SOUTH,23320,1884.69,4600,-9999
01/07/2019 06:25,TOTAL EAST,23314,3814.83,6800,-9999
01/07/2019 06:25,UPNY CONED,23315,1559.88,5700,-9999
01/07/2019 06:25,WEST CENTRAL,23312,456.78,9999,-9999
01/07/2019 06:30,CENTRAL EAST - VC,23330,2256.87,2730,-9999
01/07/2019 06:30,DYSINGER EAST,23326,1053.62,3150,-9999
01/07/2019 06:30,MOSES SOUTH,23319,1807.69,3150,-1600
01/07/2019 06:30,SCH - HQ - NY,23324,1460,1500,-1000
01/07/2019 06:30,SCH - HQ_CEDARS,325274,199,199,-100
01/07/2019 06:30,SCH - HQ_IMPORT_EXPORT,325376,1310,1310,-9999
01/07/2019 06:30,SCH - NE - NY,23318,-1150.88,1400,-1800
01/07/2019 06:30,SCH - NPX_1385,325277,0,200,-200
01/07/2019 06:30,SCH - NPX_CSC,325154,36,330,-330
01/07/2019 06:30,SCH - OH - NY,23317,1149.35,2250,-1900
01/07/2019 06:30,SCH - PJ - NY,23316,158.4,2000,-1300
01/07/2019 06:30,SCH - PJM_HTP,325905,0,660,-660
01/07/2019 06:30,SCH - PJM_NEPTUNE,325305,660,660,-660
01/07/2019 06:30,SCH - PJM_VFT,325658,315,315,-315
01/07/2019 06:30,SPR/DUN-SOUTH,23320,1817.41,4600,-9999
01/07/2019 06:30,TOTAL EAST,23314,3744.76,6800,-9999
01/07/2019 06:30,UPNY CONED,23315,1508.96,5700,-9999
01/07/2019 06:30,WEST CENTRAL,23312,433,9999,-9999
01/07/2019 06:35,CENTRAL EAST - VC,23330,2247.46,2730,-9999
01/07/2019 06:35,DYSINGER EAST,23326,1076.82,3150,-9999
01/07/2019 06:35,MOSES SOUTH,23319,1796.9,3150,-1600
01/07/2019 06:35,SCH - HQ - NY,23324,1460,1500,-1000
01/07/2019 06:35,SCH - HQ_CEDARS,325274,199,199,-100
01/07/2019 06:35,SCH - HQ_IMPORT_EXPORT,325376,1310,1310,-9999
01/07/2019 06:35,SCH - NE - NY,23318,-1143.79,1400,-1800
01/07/2019 06:35,SCH - NPX_1385,325277,0,200,-200
01/07/2019 06:35,SCH - NPX_CSC,325154,36,330,-330
01/07/2019 06:35,SCH - OH - NY,23317,1149.48,2250,-1900
01/07/2019 06:35,SCH - PJ - NY,23316,161.34,2000,-1300
01/07/2019 06:35,SCH - PJM_HTP,325905,0,660,-660
01/07/2019 06:35,SCH - PJM_NEPTUNE,325305,660,660,-660
01/07/2019 06:35,SCH - PJM_VFT,325658,315,315,-315
01/07/2019 06:35,SPR/DUN-SOUTH,23320,1762.37,4600,-9999
01/07/2019 06:35,TOTAL EAST,23314,3698.46,6800,-9999
01/07/2019 06:35,UPNY CONED,23315,1462.67,5700,-9999
01/07/2019 06:35,WEST CENTRAL,23312,446.66,9999,-9999
01/07/2019 06:40,CENTRAL EAST - VC,23330,2290.33,2730,-9999
01/07/2019 06:40,DYSINGER EAST,23326,1172.41,3150,-9999
01/07/2019 06:40,MOSES SOUTH,23319,1788.11,3150,-1600
01/07/2019 06:40,SCH - HQ - NY,23324,1460,1500,-1000
01/07/2019 06:40,SCH - HQ_CEDARS,325274,199,199,-100
01/07/2019 06:40,SCH - HQ_IMPORT_EXPORT,325376,1310,1310,-9999
01/07/2019 06:40,SCH - NE - NY,23318,-1143.8,1400,-1800
01/07/2019 06:40,SCH - NPX_1385,325277,0,200,-200
01/07/2019 06:40,SCH - NPX_CSC,325154,36,330,-330
01/07/2019 06:40,SCH - OH - NY,23317,1149.47,2250,-1900
01/07/2019 06:40,SCH - PJ - NY,23316,159.5,2000,-1300
01/07/2019 06:40,SCH - PJM_HTP,325905,0,660,-660
01/07/2019 06:40,SCH - PJM_NEPTUNE,325305,660,660,-660
01/07/2019 06:40,SCH - PJM_VFT,325658,315,315,-315
01/07/2019 06:40,SPR/DUN-SOUTH,23320,1813.85,4600,-9999
01/07/2019 06:40,TOTAL EAST,23314,3776.2,6800,-9999
01/07/2019 06:40,UPNY CONED,23315,1537.4,5700,-9999
01/07/2019 06:40,WEST CENTRAL,23312,532.3,9999,-9999
01/07/2019 06:45,CENTRAL EAST - VC,23330,2260.74,2730,-9999
01/07/2019 06:45,DYSINGER EAST,23326,1119.31,3150,-9999
01/07/2019 06:45,MOSES SOUTH,23319,1755.52,3150,-1600
01/07/2019 06:45,SCH - HQ - NY,23324,1460,1500,-1000
01/07/2019 06:45,SCH - HQ_CEDARS,325274,199,199,-100
01/07/2019 06:45,SCH - HQ_IMPORT_EXPORT,325376,1310,1310,-9999
01/07/2019 06:45,SCH - NE - NY,23318,-1143.8,1400,-1800
01/07/2019 06:45,SCH - NPX_1385,325277,0,200,-200
01/07/2019 06:45,SCH - NPX_CSC,325154,36,330,-330
01/07/2019 06:45,SCH - OH - NY,23317,1149.3,2250,-1900
01/07/2019 06:45,SCH - PJ - NY,23316,234.4,2000,-1300
01/07/2019 06:45,SCH - PJM_HTP,325905,0,660,-660
01/07/2019 06:45,SCH - PJM_NEPTUNE,325305,660,660,-660
01/07/2019 06:45,SCH - PJM_VFT,325658,315,315,-315
01/07/2019 06:45,SPR/DUN-SOUTH,23320,1790.3,4600,-9999
01/07/2019 06:45,TOTAL EAST,23314,3806.04,6800,-9999
01/07/2019 06:45,UPNY CONED,23315,1541.57,5700,-9999
01/07/2019 06:45,WEST CENTRAL,23312,474.82,9999,-9999
01/07/2019 06:50,CENTRAL EAST - VC,23330,2297.28,2730,-9999
01/07/2019 06:50,DYSINGER EAST,23326,1182.55,3150,-9999
01/07/2019 06:50,MOSES SOUTH,23319,1744.89,3150,-1600
01/07/2019 06:50,SCH - HQ - NY,23324,1460,1500,-1000
01/07/2019 06:50,SCH - HQ_CEDARS,325274,199,199,-100
01/07/2019 06:50,SCH - HQ_IMPORT_EXPORT,325376,1310,1310,-9999
01/07/2019 06:50,SCH - NE - NY,23318,-1138.74,1400,-1800
01/07/2019 06:50,SCH - NPX_1385,325277,0,200,-200
01/07/2019 06:50,SCH - NPX_CSC,325154,36,330,-330
01/07/2019 06:50,SCH - OH - NY,23317,1149.13,2250,-1900
01/07/2019 06:50,SCH - PJ - NY,23316,301.49,2000,-1300
01/07/2019 06:50,SCH - PJM_HTP,325905,0,660,-660
01/07/2019 06:50,SCH - PJM_NEPTUNE,325305,660,660,-660
01/07/2019 06:50,SCH - PJM_VFT,325658,315,315,-315
01/07/2019 06:50,SPR/DUN-SOUTH,23320,1854.07,4600,-9999
01/07/2019 06:50,TOTAL EAST,23314,3873.63,6800,-9999
01/07/2019 06:50,UPNY CONED,23315,1636.63,5700,-9999
01/07/2019 06:50,WEST CENTRAL,23312,531.65,9999,-9999
01/07/2019 06:55,CENTRAL EAST - VC,23330,2343.27,2730,-9999
01/07/2019 06:55,DYSINGER EAST,23326,1310.01,3150,-9999
01/07/2019 06:55,MOSES SOUTH,23319,1764.6,3150,-1600
01/07/2019 06:55,SCH - HQ - NY,23324,1460,1500,-1000
01/07/2019 06:55,SCH - HQ_CEDARS,325274,199,199,-100
01/07/2019 06:55,SCH - HQ_IMPORT_EXPORT,325376,1310,1310,-9999
01/07/2019 06:55,SCH - NE - NY,23318,-1143.96,1400,-1800
01/07/2019 06:55,SCH - NPX_1385,325277,0,200,-200
01/07/2019 06:55,SCH - NPX_CSC,325154,36,330,-330
01/07/2019 06:55,SCH - OH - NY,23317,1149.34,2250,-1900
01/07/2019 06:55,SCH - PJ - NY,23316,311.03,2000,-1300
01/07/2019 06:55,SCH - PJM_HTP,325905,0,660,-660
01/07/2019 06:55,SCH - PJM_NEPTUNE,325305,660,660,-660
01/07/2019 06:55,SCH - PJM_VFT,325658,315,315,-315
01/07/2019 06:55,SPR/DUN-SOUTH,23320,1938.58,4600,-9999
01/07/2019 06:55,TOTAL EAST,23314,3950.94,6800,-9999
01/07/2019 06:55,UPNY CONED,23315,1734.55,5700,-9999
01/07/2019 06:55,WEST CENTRAL,23312,645.17,9999,-9999
01/07/2019 07:00,CENTRAL EAST - VC,23330,2309.03,2730,-9999
01/07/2019 07:00,DYSINGER EAST,23326,1431.87,3150,-9999
01/07/2019 07:00,MOSES SOUTH,23319,1792,3000,-1600
01/07/2019 07:00,SCH - HQ - NY,23324,1460,1500,-1000
01/07/2019 07:00,SCH - HQ_CEDARS,325274,199,199,-100
01/07/2019 07:00,SCH - HQ_IMPORT_EXPORT,325376,1310,1310,-9999
01/07/2019 07:00,SCH - NE - NY,23318,-1019.31,1400,-1800
01/07/2019 07:00,SCH - NPX_1385,325277,4,200,-200
01/07/2019 07:00,SCH - NPX_CSC,325154,68,330,-330
01/07/2019 07:00,SCH - OH - NY,23317,1237.07,2250,-1900
01/07/2019 07:00,SCH - PJ - NY,23316,352.89,2000,-1300
01/07/2019 07:00,SCH - PJM_HTP,325905,0,660,-660
01/07/2019 07:00,SCH - PJM_NEPTUNE,325305,660,660,-660
01/07/2019 07:00,SCH - PJM_VFT,325658,315,315,-315
01/07/2019 07:00,SPR/DUN-SOUTH,23320,2342.78,4600,-9999
01/07/2019 07:00,TOTAL EAST,23314,4026.6,6800,-9999
01/07/2019 07:00,UPNY CONED,23315,2044.89,5700,-9999
01/07/2019 07:00,WEST CENTRAL,23312,757.57,9999,-9999
01/07/2019 07:05,CENTRAL EAST - VC,23330,2355.95,2730,-9999
01/07/2019 07:05,DYSINGER EAST,23326,1529.71,3150,-9999
01/07/2019 07:05,MOSES SOUTH,23319,1791,3000,-1600
01/07/2019 07:05,SCH - HQ - NY,23324,1460,1500,-1000
01/07/2019 07:05,SCH - HQ_CEDARS,325274,199,199,-100
01/07/2019 07:05,SCH - HQ_IMPORT_EXPORT,325376,1310,1310,-9999
01/07/2019 07:05,SCH - NE - NY,23318,-895.69,1400,-1800
01/07/2019 07:05,SCH - NPX_1385,325277,8,200,-200
01/07/2019 07:05,SCH - NPX_CSC,325154,100,330,-330
01/07/2019 07:05,SCH - OH - NY,23317,1324.54,2250,-1900
01/07/2019 07:05,SCH - PJ - NY,23316,402.95,2000,-1300
01/07/2019 07:05,SCH - PJM_HTP,325905,0,660,-660
01/07/2019 07:05,SCH - PJM_NEPTUNE,325305,660,660,-660
01/07/2019 07:05,SCH - PJM_VFT,325658,315,315,-315
01/07/2019 07:05,SPR/DUN-SOUTH,23320,2547.41,4600,-9999
01/07/2019 07:05,TOTAL EAST,23314,4180.16,6800,-9999
01/07/2019 07:05,UPNY CONED,23315,2250.02,5700,-9999
01/07/2019 07:05,WEST CENTRAL,23312,848.33,9999,-9999
01/07/2019 07:10,CENTRAL EAST - VC,23330,2394.44,2730,-9999
01/07/2019 07:10,DYSINGER EAST,23326,1530.44,3150,-9999
01/07/2019 07:10,MOSES SOUTH,23319,1828.98,3000,-1600
01/07/2019 07:10,SCH - HQ - NY,23324,1460,1500,-1000
01/07/2019 07:10,SCH - HQ_CEDARS,325274,199,199,-100
01/07/2019 07:10,SCH - HQ_IMPORT_EXPORT,325376,1310,1310,-9999
01/07/2019 07:10,SCH - NE - NY,23318,-895.61,1400,-1800
01/07/2019 07:10,SCH - NPX_1385,325277,8,200,-200
01/07/2019 07:10,SCH - NPX_CSC,325154,100,330,-330
01/07/2019 07:10,SCH - OH - NY,23317,1324.53,2250,-1900
01/07/2019 07:10,SCH - PJ - NY,23316,400.32,2000,-1300
01/07/2019 07:10,SCH - PJM_HTP,325905,0,660,-660
01/07/2019 07:10,SCH - PJM_NEPTUNE,325305,660,660,-660
01/07/2019 07:10,SCH - PJM_VFT,325658,315,315,-315
01/07/2019 07:10,SPR/DUN-SOUTH,23320,2591.58,4600,-9999
01/07/2019 07:10,TOTAL EAST,23314,4211.19,6800,-9999
01/07/2019 07:10,UPNY CONED,23315,2316.04,5700,-9999
01/07/2019 07:10,WEST CENTRAL,23312,847,9999,-9999
01/07/2019 07:15,CENTRAL EAST - VC,23330,2351.09,2730,-9999
01/07/2019 07:15,DYSINGER EAST,23326,1475,3150,-9999
01/07/2019 07:15,MOSES SOUTH,23319,1847.94,3000,-1600
01/07/2019 07:15,SCH - HQ - NY,23324,1460,1500,-1000
01/07/2019 07:15,SCH - HQ_CEDARS,325274,199,199,-100
01/07/2019 07:15,SCH - HQ_IMPORT_EXPORT,325376,1310,1310,-9999
01/07/2019 07:15,SCH - NE - NY,23318,-916.52,1400,-1800
01/07/2019 07:15,SCH - NPX_1385,325277,8,200,-200
01/07/2019 07:15,SCH - NPX_CSC,325154,100,330,-330
01/07/2019 07:15,SCH - OH - NY,23317,1324.56,2250,-1900
01/07/2019 07:15,SCH - PJ - NY,23316,400.19,2000,-1300
01/07/2019 07:15,SCH - PJM_HTP,325905,0,660,-660
01/07/2019 07:15,SCH - PJM_NEPTUNE,325305,660,660,-660
01/07/2019 07:15,SCH - PJM_VFT,325658,315,315,-315
01/07/2019 07:15,SPR/DUN-SOUTH,23320,2578.4,4600,-9999
01/07/2019 07:15,TOTAL EAST,23314,4205.74,6800,-9999
01/07/2019 07:15,UPNY CONED,23315,2313.28,5700,-9999
01/07/2019 07:15,WEST CENTRAL,23312,793,9999,-9999
01/07/2019 07:20,CENTRAL EAST - VC,23330,2234.67,2730,-9999
01/07/2019 07:20,DYSINGER EAST,23326,1206.18,3150,-9999
01/07/2019 07:20,MOSES SOUTH,23319,1921.67,3000,-1600
01/07/2019 07:20,SCH - HQ - NY,23324,1460,1500,-1000
01/07/2019 07:20,SCH - HQ_CEDARS,325274,199,199,-100
01/07/2019 07:20,SCH - HQ_IMPORT_EXPORT,325376,1310,1310,-9999
01/07/2019 07:20,SCH - NE - NY,23318,-937.7,1400,-1800
01/07/2019 07:20,SCH - NPX_1385,325277,8,200,-200
01/07/2019 07:20,SCH - NPX_CSC,325154,100,330,-330
01/07/2019 07:20,SCH - OH - NY,23317,1324.54,2250,-1900
01/07/2019 07:20,SCH - PJ - NY,23316,399.32,2000,-1300
01/07/2019 07:20,SCH - PJM_HTP,325905,0,660,-660
01/07/2019 07:20,SCH - PJM_NEPTUNE,325305,660,660,-660
01/07/2019 07:20,SCH - PJM_VFT,325658,315,315,-315
01/07/2019 07:20,SPR/DUN-SOUTH,23320,2378.95,4600,-9999
01/07/2019 07:20,TOTAL EAST,23314,4078.98,6800,-9999
01/07/2019 07:20,UPNY CONED,23315,2130.2,5700,-9999
01/07/2019 07:20,WEST CENTRAL,23312,523.2,9999,-9999
01/07/2019 07:25,CENTRAL EAST - VC,23330,2258.45,2730,-9999
01/07/2019 07:25,DYSINGER EAST,23326,1224.52,3150,-9999
01/07/2019 07:25,MOSES SOUTH,23319,1926.07,3000,-1600
01/07/2019 07:25,SCH - HQ - NY,23324,1460,1500,-1000
01/07/2019 07:25,SCH - HQ_CEDARS,325274,199,199,-100
01/07/2019 07:25,SCH - HQ_IMPORT_EXPORT,325376,1310,1310,-9999
01/07/2019 07:25,SCH - NE - NY,23318,-937.98,1400,-1800
01/07/2019 07:25,SCH - NPX_1385,325277,8,200,-200
01/07/2019 07:25,SCH - NPX_CSC,325154,100,330,-330
01/07/2019 07:25,SCH - OH - NY,23317,1324.53,2250,-1900
01/07/2019 07:25,SCH - PJ - NY,23316,400.56,2000,-1300
01/07/2019 07:25,SCH - PJM_HTP,325905,0,660,-660
01/07/2019 07:25,SCH - PJM_NEPTUNE,325305,660,660,-660
01/07/2019 07:25,SCH - PJM_VFT,325658,315,315,-315
01/07/2019 07:25,SPR/DUN-SOUTH,23320,2384.37,4600,-9999
01/07/2019 07:25,TOTAL EAST,23314,4073.87,6800,-9999
01/07/2019 07:25,UPNY CONED,23315,2145.95,5700,-9999
01/07/2019 07:25,WEST CENTRAL,23312,535.38,9999,-9999
01/07/2019 07:30,CENTRAL EAST - VC,23330,2247.98,2730,-9999
01/07/2019 07:30,DYSINGER EAST,23326,1201.52,3150,-9999
01/07/2019 07:30,MOSES SOUTH,23319,1941.53,3000,-1600
01/07/2019 07:30,SCH - HQ - NY,23324,1460,1500,-1000
01/07/2019 07:30,SCH - HQ_CEDARS,325274,199,199,-100
01/07/2019 07:30,SCH - HQ_IMPORT_EXPORT,325376,1310,1310,-9999
01/07/2019 07:30,SCH - NE - NY,23318,-963.93,1400,-1800
01/07/2019 07:30,SCH - NPX_1385,325277,8,200,-200
01/07/2019 07:30,SCH - NPX_CSC,325154,100,330,-330
01/07/2019 07:30,SCH - OH - NY,23317,1324.58,2250,-1900
01/07/2019 07:30,SCH - PJ - NY,23316,398.54,2000,-1300
01/07/2019 07:30,SCH - PJM_HTP,325905,0,660,-660
01/07/2019 07:30,SCH - PJM_NEPTUNE,325305,660,660,-660
01/07/2019 07:30,SCH - PJM_VFT,325658,315,315,-315
01/07/2019 07:30,SPR/DUN-SOUTH,23320,2333.37,4600,-9999
01/07/2019 07:30,TOTAL EAST,23314,4011.2,6800,-9999
01/07/2019 07:30,UPNY CONED,23315,2096.82,5700,-9999
01/07/2019 07:30,WEST CENTRAL,23312,499.29,9999,-9999
01/07/2019 07:35,CENTRAL EAST - VC,23330,2248.9,2730,-9999
01/07/2019 07:35,DYSINGER EAST,23326,1204.97,3150,-9999
01/07/2019 07:35,MOSES SOUTH,23319,1941.95,3000,-1600
01/07/2019 07:35,SCH - HQ - NY,23324,1460,1500,-1000
01/07/2019 07:35,SCH - HQ_CEDARS,325274,199,199,-100
01/07/2019 07:35,SCH - HQ_IMPORT_EXPORT,325376,1310,1310,-9999
01/07/2019 07:35,SCH - NE - NY,23318,-991.03,1400,-1800
01/07/2019 07:35,SCH - NPX_1385,325277,8,200,-200
01/07/2019 07:35,SCH - NPX_CSC,325154,100,330,-330
01/07/2019 07:35,SCH - OH - NY,23317,1324.53,2250,-1900
01/07/2019 07:35,SCH - PJ - NY,23316,401.96,2000,-1300
01/07/2019 07:35,SCH - PJM_HTP,325905,0,660,-660
01/07/2019 07:35,SCH - PJM_NEPTUNE,325305,660,660,-660
01/07/2019 07:35,SCH - PJM_VFT,325658,315,315,-315
01/07/2019 07:35,SPR/DUN-SOUTH,23320,2353.92,4600,-9999
01/07/2019 07:35,TOTAL EAST,23314,4047.98,6800,-9999
01/07/2019 07:35,UPNY CONED,23315,2116.68,5700,-9999
01/07/2019 07:35,WEST CENTRAL,23312,502.74,9999,-9999
01/07/2019 07:40,CENTRAL EAST - VC,23330,2232.22,2730,-9999
01/07/2019 07:40,DYSINGER EAST,23326,1161.67,3150,-9999
01/07/2019 07:40,MOSES SOUTH,23319,1933.25,3000,-1600
01/07/2019 07:40,SCH - HQ - NY,23324,1460,1500,-1000
01/07/2019 07:40,SCH - HQ_CEDARS,325274,199,199,-100
01/07/2019 07:40,SCH - HQ_IMPORT_EXPORT,325376,1310,1310,-9999
01/07/2019 07:40,SCH - NE - NY,23318,-990.97,1400,-1800
01/07/2019 07:40,SCH - NPX_1385,325277,8,200,-200
01/07/2019 07:40,SCH - NPX_CSC,325154,100,330,-330
01/07/2019 07:40,SCH - OH - NY,23317,1324.56,2250,-1900
01/07/2019 07:40,SCH - PJ - NY,23316,399.89,2000,-1300
01/07/2019 07:40,SCH - PJM_HTP,325905,0,660,-660
01/07/2019 07:40,SCH - PJM_NEPTUNE,325305,660,660,-660
01/07/2019 07:40,SCH - PJM_VFT,325658,315,315,-315
01/07/2019 07:40,SPR/DUN-SOUTH,23320,2332.79,4600,-9999
01/07/2019 07:40,TOTAL EAST,23314,4021.77,6800,-9999
01/07/2019 07:40,UPNY CONED,23315,2098.53,5700,-9999
01/07/2019 07:40,WEST CENTRAL,23312,458.86,9999,-9999
01/07/2019 07:45,CENTRAL EAST - VC,23330,2337.64,2730,-9999
01/07/2019 07:45,DYSINGER EAST,23326,1363.78,3150,-9999
01/07/2019 07:45,MOSES SOUTH,23319,1868.3,3000,-1600
01/07/2019 07:45,SCH - HQ - NY,23324,1460,1500,-1000
01/07/2019 07:45,SCH - HQ_CEDARS,325274,199,199,-100
01/07/2019 07:45,SCH - HQ_IMPORT_EXPORT,325376,1310,1310,-9999
01/07/2019 07:45,SCH - NE - NY,23318,-1065.14,1400,-1800
01/07/2019 07:45,SCH - NPX_1385,325277,8,200,-200
01/07/2019 07:45,SCH - NPX_CSC,325154,100,330,-330
01/07/2019 07:45,SCH - OH - NY,23317,1324.54,2250,-1900
01/07/2019 07:45,SCH - PJ - NY,23316,455.22,2000,-1300
01/07/2019 07:45,SCH - PJM_HTP,325905,0,660,-660
01/07/2019 07:45,SCH - PJM_NEPTUNE,325305,660,660,-660
01/07/2019 07:45,SCH - PJM_VFT,325658,315,315,-315
01/07/2019 07:45,SPR/DUN-SOUTH,23320,2325.63,4600,-9999
01/07/2019 07:45,TOTAL EAST,23314,4234.41,6800,-9999
01/07/2019 07:45,UPNY CONED,23315,2105.33,5700,-9999
01/07/2019 07:45,WEST CENTRAL,23312,662.51,9999,-9999
01/07/2019 07:50,CENTRAL EAST - VC,23330,2296.58,2730,-9999
01/07/2019 07:50,DYSINGER EAST,23326,1241.74,3150,-9999
01/07/2019 07:50,MOSES SOUTH,23319,1911.63,3000,-1600
01/07/2019 07:50,SCH - HQ - NY,23324,1460,1500,-1000
01/07/2019 07:50,SCH - HQ_CEDARS,325274,199,199,-100
01/07/2019 07:50,SCH - HQ_IMPORT_EXPORT,325376,1310,1310,-9999
01/07/2019 07:50,SCH - NE - NY,23318,-1140.37,1400,-1800
01/07/2019 07:50,SCH - NPX_1385,325277,8,200,-200
01/07/2019 07:50,SCH - NPX_CSC,325154,100,330,-330
01/07/2019 07:50,SCH - OH - NY,23317,1324.63,2250,-1900
01/07/2019 07:50,SCH - PJ - NY,23316,500.89,2000,-1300
01/07/2019 07:50,SCH - PJM_HTP,325905,0,660,-660
01/07/2019 07:50,SCH - PJM_NEPTUNE,325305,660,660,-660
01/07/2019 07:50,SCH - PJM_VFT,325658,315,315,-315
01/07/2019 07:50,SPR/DUN-SOUTH,23320,2315.49,4600,-9999
01/07/2019 07:50,TOTAL EAST,23314,4165.66,6800,-9999
01/07/2019 07:50,UPNY CONED,23315,2091.41,5700,-9999
01/07/2019 07:50,WEST CENTRAL,23312,544.12,9999,-9999
01/07/2019 07:55,CENTRAL EAST - VC,23330,2346.06,2730,-9999
01/07/2019 07:55,DYSINGER EAST,23326,1294.08,3150,-9999
01/07/2019 07:55,MOSES SOUTH,23319,1911.68,3000,-1600
01/07/2019 07:55,SCH - HQ - NY,23324,1460,1500,-1000
01/07/2019 07:55,SCH - HQ_CEDARS,325274,199,199,-100
01/07/2019 07:55,SCH - HQ_IMPORT_EXPORT,325376,1310,1310,-9999
01/07/2019 07:55,SCH - NE - NY,23318,-1140.1,1400,-1800
01/07/2019 07:55,SCH - NPX_1385,325277,8,200,-200
01/07/2019 07:55,SCH - NPX_CSC,325154,100,330,-330
01/07/2019 07:55,SCH - OH - NY,23317,1324.63,2250,-1900
01/07/2019 07:55,SCH - PJ - NY,23316,498.23,2000,-1300
01/07/2019 07:55,SCH - PJM_HTP,325905,0,660,-660
01/07/2019 07:55,SCH - PJM_NEPTUNE,325305,660,660,-660
01/07/2019 07:55,SCH - PJM_VFT,325658,315,315,-315
01/07/2019 07:55,SPR/DUN-SOUTH,23320,2322.3,4600,-9999
01/07/2019 07:55,TOTAL EAST,23314,4250.88,6800,-9999
01/07/2019 07:55,UPNY CONED,23315,2085.73,5700,-9999
01/07/2019 07:55,WEST CENTRAL,23312,601.05,9999,-9999
01/07/2019 08:00,CENTRAL EAST - VC,23330,2284.53,2730,-9999
01/07/2019 08:00,DYSINGER EAST,23326,1196.43,3150,-9999
01/07/2019 08:00,MOSES SOUTH,23319,1886.46,3000,-1600
01/07/2019 08:00,SCH - HQ - NY,23324,1460,1500,-1000
01/07/2019 08:00,SCH - HQ_CEDARS,325274,199,199,-100
01/07/2019 08:00,SCH - HQ_IMPORT_EXPORT,325376,1310,1310,-9999
01/07/2019 08:00,SCH - NE - NY,23318,-1158.32,1400,-1800
01/07/2019 08:00,SCH - NPX_1385,325277,9,200,-200
01/07/2019 08:00,SCH - NPX_CSC,325154,100,330,-330
01/07/2019 08:00,SCH - OH - NY,23317,1351.42,2250,-1900
01/07/2019 08:00,SCH - PJ - NY,23316,506.74,2000,-1300
01/07/2019 08:00,SCH - PJM_HTP,325905,34,660,-660
01/07/2019 08:00,SCH - PJM_NEPTUNE,325305,660,660,-660
01/07/2019 08:00,SCH - PJM_VFT,325658,315,315,-315
01/07/2019 08:00,SPR/DUN-SOUTH,23320,2368.85,4600,-9999
01/07/2019 08:00,TOTAL EAST,23314,4188.66,6800,-9999
01/07/2019 08:00,UPNY CONED,23315,2095.65,5700,-9999
01/07/2019 08:00,WEST CENTRAL,23312,497.43,9999,-9999
01/07/2019 08:05,CENTRAL EAST - VC,23330,2299.44,2730,-9999
01/07/2019 08:05,DYSINGER EAST,23326,1240.77,3150,-9999
01/07/2019 08:05,MOSES SOUTH,23319,1885.06,3000,-1600
01/07/2019 08:05,SCH - HQ - NY,23324,1460,1500,-1000
01/07/2019 08:05,SCH - HQ_CEDARS,325274,199,199,-100
01/07/2019 08:05,SCH - HQ_IMPORT_EXPORT,325376,1310,1310,-9999
01/07/2019 08:05,SCH - NE - NY,23318,-1177.25,1400,-1800
01/07/2019 08:05,SCH - NPX_1385,325277,10,200,-200
01/07/2019 08:05,SCH - NPX_CSC,325154,100,330,-330
01/07/2019 08:05,SCH - OH - NY,23317,1378.27,2250,-1900
01/07/2019 08:05,SCH - PJ - NY,23316,516.12,2000,-1300
01/07/2019 08:05,SCH - PJM_HTP,325905,69,660,-660
01/07/2019 08:05,SCH - PJM_NEPTUNE,325305,660,660,-660
01/07/2019 08:05,SCH - PJM_VFT,325658,315,315,-315
01/07/2019 08:05,SPR/DUN-SOUTH,23320,2373.29,4600,-9999
01/07/2019 08:05,TOTAL EAST,23314,4228.2,6800,-9999
01/07/2019 08:05,UPNY CONED,23315,2099.03,5700,-9999
01/07/2019 08:05,WEST CENTRAL,23312,538.13,9999,-9999
01/07/2019 08:10,CENTRAL EAST - VC,23330,2381.32,2730,-9999
01/07/2019 08:10,DYSINGER EAST,23326,1398.58,3150,-9999
01/07/2019 08:10,MOSES SOUTH,23319,1868.17,3000,-1600
01/07/2019 08:10,SCH - HQ - NY,23324,1460,1500,-1000
01/07/2019 08:10,SCH - HQ_CEDARS,325274,199,199,-100
01/07/2019 08:10,SCH - HQ_IMPORT_EXPORT,325376,1310,1310,-9999
01/07/2019 08:10,SCH - NE - NY,23318,-1177.08,1400,-1800
01/07/2019 08:10,SCH - NPX_1385,325277,10,200,-200
01/07/2019 08:10,SCH - NPX_CSC,325154,100,330,-330
01/07/2019 08:10,SCH - OH - NY,23317,1378.24,2250,-1900
01/07/2019 08:10,SCH - PJ - NY,23316,512.64,2000,-1300
01/07/2019 08:10,SCH - PJM_HTP,325905,69,660,-660
01/07/2019 08:10,SCH - PJM_NEPTUNE,325305,660,660,-660
01/07/2019 08:10,SCH - PJM_VFT,325658,315,315,-315
01/07/2019 08:10,SPR/DUN-SOUTH,23320,2372.1,4600,-9999
01/07/2019 08:10,TOTAL EAST,23314,4323.9,6800,-9999
01/07/2019 08:10,UPNY CONED,23315,2098.07,5700,-9999
01/07/2019 08:10,WEST CENTRAL,23312,692.22,9999,-9999
01/07/2019 08:15,CENTRAL EAST - VC,23330,2363.69,2730,-9999
01/07/2019 08:15,DYSINGER EAST,23326,1391.99,3150,-9999
01/07/2019 08:15,MOSES SOUTH,23319,1878.71,3000,-1600
01/07/2019 08:15,SCH - HQ - NY,23324,1460,1500,-1000
01/07/2019 08:15,SCH - HQ_CEDARS,325274,199,199,-100
01/07/2019 08:15,SCH - HQ_IMPORT_EXPORT,325376,1310,1310,-9999
01/07/2019 08:15,SCH - NE - NY,23318,-1146.62,1400,-1800
01/07/2019 08:15,SCH - NPX_1385,325277,10,200,-200
01/07/2019 08:15,SCH - NPX_CSC,325154,100,330,-330
01/07/2019 08:15,SCH - OH - NY,23317,1378.24,2250,-1900
01/07/2019 08:15,SCH - PJ - NY,23316,511.18,2000,-1300
01/07/2019 08:15,SCH - PJM_HTP,325905,69,660,-660
01/07/2019 08:15,SCH - PJM_NEPTUNE,325305,660,660,-660
01/07/2019 08:15,SCH - PJM_VFT,325658,315,315,-315
01/07/2019 08:15,SPR/DUN-SOUTH,23320,2382.39,4600,-9999
01/07/2019 08:15,TOTAL EAST,23314,4303.81,6800,-9999
01/07/2019 08:15,UPNY CONED,23315,2106.26,5700,-9999
01/07/2019 08:15,WEST CENTRAL,23312,685.36,9999,-9999
01/07/2019 08:20,CENTRAL EAST - VC,23330,2335.5,2730,-9999
01/07/2019 08:20,DYSINGER EAST,23326,1366.03,3150,-9999
01/07/2019 08:20,MOSES SOUTH,23319,1881.49,3000,-1600
01/07/2019 08:20,SCH - HQ - NY,23324,1460,1500,-1000
01/07/2019 08:20,SCH - HQ_CEDARS,325274,199,199,-100
01/07/2019 08:20,SCH - HQ_IMPORT_EXPORT,325376,1310,1310,-9999
01/07/2019 08:20,SCH - NE - NY,23318,-1116.54,1400,-1800
01/07/2019 08:20,SCH - NPX_1385,325277,10,200,-200
01/07/2019 08:20,SCH - NPX_CSC,325154,100,330,-330
01/07/2019 08:20,SCH - OH - NY,23317,1378.27,2250,-1900
01/07/2019 08:20,SCH - PJ - NY,23316,509.1,2000,-1300
01/07/2019 08:20,SCH - PJM_HTP,325905,69,660,-660
01/07/2019 08:20,SCH - PJM_NEPTUNE,325305,660,660,-660
01/07/2019 08:20,SCH - PJM_VFT,325658,315,315,-315
01/07/2019 08:20,SPR/DUN-SOUTH,23320,2360.36,4600,-9999
01/07/2019 08:20,TOTAL EAST,23314,4243.02,6800,-9999
01/07/2019 08:20,UPNY CONED,23315,2087.29,5700,-9999
01/07/2019 08:20,WEST CENTRAL,23312,663.87,9999,-9999
01/07/2019 08:25,CENTRAL EAST - VC,23330,2318.94,2730,-9999
01/07/2019 08:25,DYSINGER EAST,23326,1318.03,3150,-9999
01/07/2019 08:25,MOSES SOUTH,23319,1880.75,3000,-1600
01/07/2019 08:25,SCH - HQ - NY,23324,1460,1500,-1000
01/07/2019 08:25,SCH - HQ_CEDARS,325274,199,199,-100
01/07/2019 08:25,SCH - HQ_IMPORT_EXPORT,325376,1310,1310,-9999
01/07/2019 08:25,SCH - NE - NY,23318,-1116.61,1400,-1800
01/07/2019 08:25,SCH - NPX_1385,325277,10,200,-200
01/07/2019 08:25,SCH - NPX_CSC,325154,100,330,-330
01/07/2019 08:25,SCH - OH - NY,23317,1378.18,2250,-1900
01/07/2019 08:25,SCH - PJ - NY,23316,516.36,2000,-1300
01/07/2019 08:25,SCH - PJM_HTP,325905,69,660,-660
01/07/2019 08:25,SCH - PJM_NEPTUNE,325305,660,660,-660
01/07/2019 08:25,SCH - PJM_VFT,325658,315,315,-315
01/07/2019 08:25,SPR/DUN-SOUTH,23320,2401.03,4600,-9999
01/07/2019 08:25,TOTAL EAST,23314,4234.69,6800,-9999
01/07/2019 08:25,UPNY CONED,23315,2077.33,5700,-9999
01/07/2019 08:25,WEST CENTRAL,23312,621,9999,-9999
01/07/2019 08:30,CENTRAL EAST - VC,23330,2330.28,2730,-9999
01/07/2019 08:30,DYSINGER EAST,23326,1298.52,3150,-9999
01/07/2019 08:30,MOSES SOUTH,23319,1941.91,3000,-1600
01/07/2019 08:30,SCH - HQ - NY,23324,1460,1500,-1000
01/07/2019 08:30,SCH - HQ_CEDARS,325274,199,199,-100
01/07/2019 08:30,SCH - HQ_IMPORT_EXPORT,325376,1310,1310,-9999
01/07/2019 08:30,SCH - NE - NY,23318,-1117.83,1400,-1800
01/07/2019 08:30,SCH - NPX_1385,325277,10,200,-200
01/07/2019 08:30,SCH - NPX_CSC,325154,100,330,-330
01/07/2019 08:30,SCH - OH - NY,23317,1378.21,2250,-1900
01/07/2019 08:30,SCH - PJ - NY,23316,491.63,2000,-1300
01/07/2019 08:30,SCH - PJM_HTP,325905,69,660,-660
01/07/2019 08:30,SCH - PJM_NEPTUNE,325305,660,660,-660
01/07/2019 08:30,SCH - PJM_VFT,325658,315,315,-315
01/07/2019 08:30,SPR/DUN-SOUTH,23320,2420.3,4600,-9999
01/07/2019 08:30,TOTAL EAST,23314,4282.98,6800,-9999
01/07/2019 08:30,UPNY CONED,23315,2087.33,5700,-9999
01/07/2019 08:30,WEST CENTRAL,23312,601.96,9999,-9999
01/07/2019 08:35,CENTRAL EAST - VC,23330,2321,2730,-9999
01/07/2019 08:35,DYSINGER EAST,23326,1209.34,3150,-9999
01/07/2019 08:35,MOSES SOUTH,23319,1941.28,3000,-1600
01/07/2019 08:35,SCH - HQ - NY,23324,1460,1500,-1000
01/07/2019 08:35,SCH - HQ_CEDARS,325274,199,199,-100
01/07/2019 08:35,SCH - HQ_IMPORT_EXPORT,325376,1310,1310,-9999
01/07/2019 08:35,SCH - NE - NY,23318,-1118.87,1400,-1800
01/07/2019 08:35,SCH - NPX_1385,325277,10,200,-200
01/07/2019 08:35,SCH - NPX_CSC,325154,100,330,-330
01/07/2019 08:35,SCH - OH - NY,23317,1378.21,2250,-1900
01/07/2019 08:35,SCH - PJ - NY,23316,467.08,2000,-1300
01/07/2019 08:35,SCH - PJM_HTP,325905,69,660,-660
01/07/2019 08:35,SCH - PJM_NEPTUNE,325305,660,660,-660
01/07/2019 08:35,SCH - PJM_VFT,325658,315,315,-315
01/07/2019 08:35,SPR/DUN-SOUTH,23320,2418.7,4600,-9999
01/07/2019 08:35,TOTAL EAST,23314,4254.45,6800,-9999
01/07/2019 08:35,UPNY CONED,23315,2075.46,5700,-9999
01/07/2019 08:35,WEST CENTRAL,23312,510.97,9999,-9999
01/07/2019 08:40,CENTRAL EAST - VC,23330,2331,2730,-9999
01/07/2019 08:40,DYSINGER EAST,23326,1239.64,3150,-9999
01/07/2019 08:40,MOSES SOUTH,23319,1942.4,3000,-1600
01/07/2019 08:40,SCH - HQ - NY,23324,1460,1500,-1000
01/07/2019 08:40,SCH - HQ_CEDARS,325274,199,199,-100
01/07/2019 08:40,SCH - HQ_IMPORT_EXPORT,325376,1310,1310,-9999
01/07/2019 08:40,SCH - NE - NY,23318,-1118.59,1400,-1800
01/07/2019 08:40,SCH - NPX_1385,325277,10,200,-200
01/07/2019 08:40,SCH - NPX_CSC,325154,100,330,-330
01/07/2019 08:40,SCH - OH - NY,23317,1378.25,2250,-1900
01/07/2019 08:40,SCH - PJ - NY,23316,461.81,2000,-1300
01/07/2019 08:40,SCH - PJM_HTP,325905,69,660,-660
01/07/2019 08:40,SCH - PJM_NEPTUNE,325305,660,660,-660
01/07/2019 08:40,SCH - PJM_VFT,325658,315,315,-315
01/07/2019 08:40,SPR/DUN-SOUTH,23320,2426.27,4600,-9999
01/07/2019 08:40,TOTAL EAST,23314,4286.1,6800,-9999
01/07/2019 08:40,UPNY CONED,23315,2073.73,5700,-9999
01/07/2019 08:40,WEST CENTRAL,23312,536.82,9999,-9999
01/07/2019 08:45,CENTRAL EAST - VC,23330,2361.19,2730,-9999
01/07/2019 08:45,DYSINGER EAST,23326,1258.73,3150,-9999
01/07/2019 08:45,MOSES SOUTH,23319,1928.24,3000,-1600
01/07/2019 08:45,SCH - HQ - NY,23324,1460,1500,-1000
01/07/2019 08:45,SCH - HQ_CEDARS,325274,199,199,-100
01/07/2019 08:45,SCH - HQ_IMPORT_EXPORT,325376,1310,1310,-9999
01/07/2019 08:45,SCH - NE - NY,23318,-1183.6,1400,-1800
01/07/2019 08:45,SCH - NPX_1385,325277,10,200,-200
01/07/2019 08:45,SCH - NPX_CSC,325154,100,330,-330
01/07/2019 08:45,SCH - OH - NY,23317,1378.2,2250,-1900
01/07/2019 08:45,SCH - PJ - NY,23316,445.64,2000,-1300
01/07/2019 08:45,SCH - PJM_HTP,325905,69,660,-660
01/07/2019 08:45,SCH - PJM_NEPTUNE,325305,660,660,-660
01/07/2019 08:45,SCH - PJM_VFT,325658,315,315,-315
01/07/2019 08:45,SPR/DUN-SOUTH,23320,2438.64,4600,-9999
01/07/2019 08:45,TOTAL EAST,23314,4338.88,6800,-9999
01/07/2019 08:45,UPNY CONED,23315,2073.64,5700,-9999
01/07/2019 08:45,WEST CENTRAL,23312,552.97,9999,-9999
01/07/2019 08:50,CENTRAL EAST - VC,23330,2418.33,2730,-9999
01/07/2019 08:50,DYSINGER EAST,23326,1420.57,3150,-9999
01/07/2019 08:50,MOSES SOUTH,23319,1878.13,3000,-1600
01/07/2019 08:50,SCH - HQ - NY,23324,1460,1500,-1000
01/07/2019 08:50,SCH - HQ_CEDARS,325274,199,199,-100
01/07/2019 08:50,SCH - HQ_IMPORT_EXPORT,325376,1310,1310,-9999
01/07/2019 08:50,SCH - NE - NY,23318,-1249.81,1400,-1800
01/07/2019 08:50,SCH - NPX_1385,325277,10,200,-200
01/07/2019 08:50,SCH - NPX_CSC,325154,100,330,-330
01/07/2019 08:50,SCH - OH - NY,23317,1378.21,2250,-1900
01/07/2019 08:50,SCH - PJ - NY,23316,429.34,2000,-1300
01/07/2019 08:50,SCH - PJM_HTP,325905,69,660,-660
01/07/2019 08:50,SCH - PJM_NEPTUNE,325305,660,660,-660
01/07/2019 08:50,SCH - PJM_VFT,325658,315,315,-315
01/07/2019 08:50,SPR/DUN-SOUTH,23320,2490.46,4600,-9999
01/07/2019 08:50,TOTAL EAST,23314,4379.56,6800,-9999
01/07/2019 08:50,UPNY CONED,23315,2061.69,5700,-9999
01/07/2019 08:50,WEST CENTRAL,23312,712.03,9999,-9999
01/07/2019 08:55,CENTRAL EAST - VC,23330,2350.92,2730,-9999
01/07/2019 08:55,DYSINGER EAST,23326,1231.94,3150,-9999
01/07/2019 08:55,MOSES SOUTH,23319,1935.63,3000,-1600
01/07/2019 08:55,SCH - HQ - NY,23324,1460,1500,-1000
01/07/2019 08:55,SCH - HQ_CEDARS,325274,199,199,-100
01/07/2019 08:55,SCH - HQ_IMPORT_EXPORT,325376,1310,1310,-9999
01/07/2019 08:55,SCH - NE - NY,23318,-1249.78,1400,-1800
01/07/2019 08:55,SCH - NPX_1385,325277,10,200,-200
01/07/2019 08:55,SCH - NPX_CSC,325154,100,330,-330
01/07/2019 08:55,SCH - OH - NY,23317,1378.19,2250,-1900
01/07/2019 08:55,SCH - PJ - NY,23316,426.57,2000,-1300
01/07/2019 08:55,SCH - PJM_HTP,325905,69,660,-660
01/07/2019 08:55,SCH - PJM_NEPTUNE,325305,660,660,-660
01/07/2019 08:55,SCH - PJM_VFT,325658,315,315,-315
01/07/2019 08:55,SPR/DUN-SOUTH,23320,2503.53,4600,-9999
01/07/2019 08:55,TOTAL EAST,23314,4331.34,6800,-9999
01/07/2019 08:55,UPNY CONED,23315,2067.14,5700,-9999
01/07/2019 08:55,WEST CENTRAL,23312,525.81,9999,-9999
01/07/2019 09:00,CENTRAL EAST - VC,23330,2353.62,2730,-9999
01/07/2019 09:00,DYSINGER EAST,23326,1384.92,3150,-9999
01/07/2019 09:00,MOSES SOUTH,23319,1900.72,3000,-1600
01/07/2019 09:00,SCH - HQ - NY,23324,1460,1500,-1000
01/07/2019 09:00,SCH - HQ_CEDARS,325274,199,199,-100
01/07/2019 09:00,SCH - HQ_IMPORT_EXPORT,325376,1310,1310,-9999
01/07/2019 09:00,SCH - NE - NY,23318,-1221.73,1400,-1800
01/07/2019 09:00,SCH - NPX_1385,325277,47,200,-200
01/07/2019 09:00,SCH - NPX_CSC,325154,157,330,-330
01/07/2019 09:00,SCH - OH - NY,23317,1389.18,2250,-1900
01/07/2019 09:00,SCH - PJ - NY,23316,461.37,2000,-1300
01/07/2019 09:00,SCH - PJM_HTP,325905,131,660,-660
01/07/2019 09:00,SCH - PJM_NEPTUNE,325305,660,660,-660
01/07/2019 09:00,SCH - PJM_VFT,325658,315,315,-315
01/07/2019 09:00,SPR/DUN-SOUTH,23320,2597.43,4600,-9999
01/07/2019 09:00,TOTAL EAST,23314,4351.1,6800,-9999
01/07/2019 09:00,UPNY CONED,23315,2057.66,5700,-9999
01/07/2019 09:00,WEST CENTRAL,23312,674.21,9999,-9999
01/07/2019 09:05,CENTRAL EAST - VC,23330,2329.79,2730,-9999
01/07/2019 09:05,DYSINGER EAST,23326,1417.78,3150,-9999
01/07/2019 09:05,MOSES SOUTH,23319,1908.45,3000,-1600
01/07/2019 09:05,SCH - HQ - NY,23324,1460,1500,-1000
01/07/2019 09:05,SCH - HQ_CEDARS,325274,199,199,-100
01/07/2019 09:05,SCH - HQ_IMPORT_EXPORT,325376,1310,1310,-9999
01/07/2019 09:05,SCH - NE - NY,23318,-1194.73,1400,-1800
01/07/2019 09:05,SCH - NPX_1385,325277,85,200,-200
01/07/2019 09:05,SCH - NPX_CSC,325154,215,330,-330
01/07/2019 09:05,SCH - OH - NY,23317,1400.11,2250,-1900
01/07/2019 09:05,SCH - PJ - NY,23316,486.4,2000,-1300
01/07/2019 09:05,SCH - PJM_HTP,325905,193,660,-660
01/07/2019 09:05,SCH - PJM_NEPTUNE,325305,660,660,-660
01/07/2019 09:05,SCH - PJM_VFT,325658,315,315,-315
01/07/2019 09:05,SPR/DUN-SOUTH,23320,2685.42,4600,-9999
01/07/2019 09:05,TOTAL EAST,23314,4303.53,6800,-9999
01/07/2019 09:05,UPNY CONED,23315,2050.78,5700,-9999
01/07/2019 09:05,WEST CENTRAL,23312,704.06,9999,-9999
01/07/2019 09:10,CENTRAL EAST - VC,23330,2352.76,2730,-9999
01/07/2019 09:10,DYSINGER EAST,23326,1500.71,3150,-9999
01/07/2019 09:10,MOSES SOUTH,23319,1899.22,3000,-1600
01/07/2019 09:10,SCH - HQ - NY,23324,1460,1500,-1000
01/07/2019 09:10,SCH - HQ_CEDARS,325274,199,199,-100
01/07/2019 09:10,SCH - HQ_IMPORT_EXPORT,325376,1310,1310,-9999
01/07/2019 09:10,SCH - NE - NY,23318,-1194.63,1400,-1800
01/07/2019 09:10,SCH - NPX_1385,325277,85,200,-200
01/07/2019 09:10,SCH - NPX_CSC,325154,215,330,-330
01/07/2019 09:10,SCH - OH - NY,23317,1400.14,2250,-1900
01/07/2019 09:10,SCH - PJ - NY,23316,484.03,2000,-1300
01/07/2019 09:10,SCH - PJM_HTP,325905,193,660,-660
01/07/2019 09:10,SCH - PJM_NEPTUNE,325305,660,660,-660
01/07/2019 09:10,SCH - PJM_VFT,325658,315,315,-315
01/07/2019 09:10,SPR/DUN-SOUTH,23320,2640.5,4600,-9999
01/07/2019 09:10,TOTAL EAST,23314,4265.83,6800,-9999
01/07/2019 09:10,UPNY CONED,23315,1991.2,5700,-9999
01/07/2019 09:10,WEST CENTRAL,23312,790.98,9999,-9999
01/07/2019 09:15,CENTRAL EAST - VC,23330,2308.21,2730,-9999
01/07/2019 09:15,DYSINGER EAST,23326,1343.71,3150,-9999
01/07/2019 09:15,MOSES SOUTH,23319,1945.24,3000,-1600
01/07/2019 09:15,SCH - HQ - NY,23324,1460,1500,-1000
01/07/2019 09:15,SCH - HQ_CEDARS,325274,199,199,-100
01/07/2019 09:15,SCH - HQ_IMPORT_EXPORT,325376,1310,1310,-9999
01/07/2019 09:15,SCH - NE - NY,23318,-1206.01,1400,-1800
01/07/2019 09:15,SCH - NPX_1385,325277,85,200,-200
01/07/2019 09:15,SCH - NPX_CSC,325154,215,330,-330
01/07/2019 09:15,SCH - OH - NY,23317,1400.11,2250,-1900
01/07/2019 09:15,SCH - PJ - NY,23316,472.07,2000,-1300
01/07/2019 09:15,SCH - PJM_HTP,325905,193,660,-660
01/07/2019 09:15,SCH - PJM_NEPTUNE,325305,660,660,-660
01/07/2019 09:15,SCH - PJM_VFT,325658,315,315,-315
01/07/2019 09:15,SPR/DUN-SOUTH,23320,2621.44,4600,-9999
01/07/2019 09:15,TOTAL EAST,23314,4264.06,6800,-9999
01/07/2019 09:15,UPNY CONED,23315,1967.57,5700,-9999
01/07/2019 09:15,WEST CENTRAL,23312,642.78,9999,-9999
01/07/2019 09:20,CENTRAL EAST - VC,23330,2255.86,2730,-9999
01/07/2019 09:20,DYSINGER EAST,23326,1183.36,3150,-9999
01/07/2019 09:20,MOSES SOUTH,23319,1942.05,3000,-1600
01/07/2019 09:20,SCH - HQ - NY,23324,1460,1500,-1000
01/07/2019 09:20,SCH - HQ_CEDARS,325274,199,199,-100
01/07/2019 09:20,SCH - HQ_IMPORT_EXPORT,325376,1310,1310,-9999
01/07/2019 09:20,SCH - NE - NY,23318,-1218.27,1400,-1800
01/07/2019 09:20,SCH - NPX_1385,325277,85,200,-200
01/07/2019 09:20,SCH - NPX_CSC,325154,215,330,-330
01/07/2019 09:20,SCH - OH - NY,23317,1400.11,2250,-1900
01/07/2019 09:20,SCH - PJ - NY,23316,462.31,2000,-1300
01/07/2019 09:20,SCH - PJM_HTP,325905,193,660,-660
01/07/2019 09:20,SCH - PJM_NEPTUNE,325305,660,660,-660
01/07/2019 09:20,SCH - PJM_VFT,325658,315,315,-315
01/07/2019 09:20,SPR/DUN-SOUTH,23320,2615.45,4600,-9999
01/07/2019 09:20,TOTAL EAST,23314,4210.52,6800,-9999
01/07/2019 09:20,UPNY CONED,23315,1954.08,5700,-9999
01/07/2019 09:20,WEST CENTRAL,23312,488.84,9999,-9999
01/07/2019 09:25,CENTRAL EAST - VC,23330,2290.79,2730,-9999
01/07/2019 09:25,DYSINGER EAST,23326,1192.92,3150,-9999
01/07/2019 09:25,MOSES SOUTH,23319,1934.69,3000,-1600
01/07/2019 09:25,SCH - HQ - NY,23324,1460,1500,-1000
01/07/2019 09:25,SCH - HQ_CEDARS,325274,199,199,-100
01/07/2019 09:25,SCH - HQ_IMPORT_EXPORT,325376,1310,1310,-9999
01/07/2019 09:25,SCH - NE - NY,23318,-1218.33,1400,-1800
01/07/2019 09:25,SCH - NPX_1385,325277,85,200,-200
01/07/2019 09:25,SCH - NPX_CSC,325154,215,330,-330
01/07/2019 09:25,SCH - OH - NY,23317,1400.12,2250,-1900
01/07/2019 09:25,SCH - PJ - NY,23316,456.35,2000,-1300
01/07/2019 09:25,SCH - PJM_HTP,325905,193,660,-660
01/07/2019 09:25,SCH - PJM_NEPTUNE,325305,660,660,-660
01/07/2019 09:25,SCH - PJM_VFT,325658,315,315,-315
01/07/2019 09:25,SPR/DUN-SOUTH,23320,2619.03,4600,-9999
01/07/2019 09:25,TOTAL EAST,23314,4260.77,6800,-9999
01/07/2019 09:25,UPNY CONED,23315,1947.64,5700,-9999
01/07/2019 09:25,WEST CENTRAL,23312,492.17,9999,-9999
01/07/2019 09:30,CENTRAL EAST - VC,23330,2348.37,2730,-9999
01/07/2019 09:30,DYSINGER EAST,23326,1372.18,3150,-9999
01/07/2019 09:30,MOSES SOUTH,23319,1898.31,3000,-1600
01/07/2019 09:30,SCH - HQ - NY,23324,1460,1500,-1000
01/07/2019 09:30,SCH - HQ_CEDARS,325274,199,199,-100
01/07/2019 09:30,SCH - HQ_IMPORT_EXPORT,325376,1310,1310,-9999
01/07/2019 09:30,SCH - NE - NY,23318,-1235.02,1400,-1800
01/07/2019 09:30,SCH - NPX_1385,325277,85,200,-200
01/07/2019 09:30,SCH - NPX_CSC,325154,215,330,-330
01/07/2019 09:30,SCH - OH - NY,23317,1400.11,2250,-1900
01/07/2019 09:30,SCH - PJ - NY,23316,461.78,2000,-1300
01/07/2019 09:30,SCH - PJM_HTP,325905,193,660,-660
01/07/2019 09:30,SCH - PJM_NEPTUNE,325305,660,660,-660
01/07/2019 09:30,SCH - PJM_VFT,325658,315,315,-315
01/07/2019 09:30,SPR/DUN-SOUTH,23320,2624.75,4600,-9999
01/07/2019 09:30,TOTAL EAST,23314,4326.16,6800,-9999
01/07/2019 09:30,UPNY CONED,23315,1950.96,5700,-9999
01/07/2019 09:30,WEST CENTRAL,23312,658.39,9999,-9999
01/07/2019 09:35,CENTRAL EAST - VC,23330,2339.75,2730,-9999
01/07/2019 09:35,DYSINGER EAST,23326,1425.78,3150,-9999
01/07/2019 09:35,MOSES SOUTH,23319,1880.9,3000,-1600
01/07/2019 09:35,SCH - HQ - NY,23324,1460,1500,-1000
01/07/2019 09:35,SCH - HQ_CEDARS,325274,199,199,-100
01/07/2019 09:35,SCH - HQ_IMPORT_EXPORT,325376,1310,1310,-9999
01/07/2019 09:35,SCH - NE - NY,23318,-1252.03,1400,-1800
01/07/2019 09:35,SCH - NPX_1385,325277,85,200,-200
01/07/2019 09:35,SCH - NPX_CSC,325154,215,330,-330
01/07/2019 09:35,SCH - OH - NY,23317,1400.09,2250,-1900
01/07/2019 09:35,SCH - PJ - NY,23316,460.89,2000,-1300
01/07/2019 09:35,SCH - PJM_HTP,325905,193,660,-660
01/07/2019 09:35,SCH - PJM_NEPTUNE,325305,660,660,-660
01/07/2019 09:35,SCH - PJM_VFT,325658,315,315,-315
01/07/2019 09:35,SPR/DUN-SOUTH,23320,2753.4,4600,-9999
01/07/2019 09:35,TOTAL EAST,23314,4345.23,6800,-9999
01/07/2019 09:35,UPNY CONED,23315,1940.15,5700,-9999
01/07/2019 09:35,WEST CENTRAL,23312,708.02,9999,-9999
01/07/2019 09:40,CENTRAL EAST - VC,23330,2340.77,2730,-9999
01/07/2019 09:40,DYSINGER EAST,23326,1292.33,3150,-9999
01/07/2019 09:40,MOSES SOUTH,23319,1941.89,3000,-1600
01/07/2019 09:40,SCH - HQ - NY,23324,1460,1500,-1000
01/07/2019 09:40,SCH - HQ_CEDARS,325274,199,199,-100
01/07/2019 09:40,SCH - HQ_IMPORT_EXPORT,325376,1310,1310,-9999
01/07/2019 09:40,SCH - NE - NY,23318,-1252.01,1400,-1800
01/07/2019 09:40,SCH - NPX_1385,325277,85,200,-200
01/07/2019 09:40,SCH - NPX_CSC,325154,215,330,-330
01/07/2019 09:40,SCH - OH - NY,23317,1400.12,2250,-1900
01/07/2019 09:40,SCH - PJ - NY,23316,459.6,2000,-1300
01/07/2019 09:40,SCH - PJM_HTP,325905,193,660,-660
01/07/2019 09:40,SCH - PJM_NEPTUNE,325305,660,660,-660
01/07/2019 09:40,SCH - PJM_VFT,325658,315,315,-315
01/07/2019 09:40,SPR/DUN-SOUTH,23320,2759.05,4600,-9999
01/07/2019 09:40,TOTAL EAST,23314,4343.05,6800,-9999
01/07/2019 09:40,UPNY CONED,23315,1933.41,5700,-9999
01/07/2019 09:40,WEST CENTRAL,23312,575.95,9999,-9999
01/07/2019 09:45,CENTRAL EAST - VC,23330,2317.47,2730,-9999
01/07/2019 09:45,DYSINGER EAST,23326,1262.59,3150,-9999
01/07/2019 09:45,MOSES SOUTH,23319,1952.93,3000,-1600
01/07/2019 09:45,SCH - HQ - NY,23324,1460,1500,-1000
01/07/2019 09:45,SCH - HQ_CEDARS,325274,199,199,-100
01/07/2019 09:45,SCH - HQ_IMPORT_EXPORT,325376,1310,1310,-9999
01/07/2019 09:45,SCH - NE - NY,23318,-1212.31,1400,-1800
01/07/2019 09:45,SCH - NPX_1385,325277,85,200,-200
01/07/2019 09:45,SCH - NPX_CSC,325154,215,330,-330
01/07/2019 09:45,SCH - OH - NY,23317,1400.07,2250,-1900
01/07/2019 09:45,SCH - PJ - NY,23316,460.35,2000,-1300
01/07/2019 09:45,SCH - PJM_HTP,325905,193,660,-660
01/07/2019 09:45,SCH - PJM_NEPTUNE,325305,660,660,-660
01/07/2019 09:45,SCH - PJM_VFT,325658,315,315,-315
01/07/2019 09:45,SPR/DUN-SOUTH,23320,2753.88,4600,-9999
01/07/2019 09:45,TOTAL EAST,23314,4312.65,6800,-9999
01/07/2019 09:45,UPNY CONED,23315,1942.18,5700,-9999
01/07/2019 09:45,WEST CENTRAL,23312,550.87,9999,-9999
01/07/2019 09:50,CENTRAL EAST - VC,23330,2298.07,2730,-9999
01/07/2019 09:50,DYSINGER EAST,23326,1208.69,3150,-9999
01/07/2019 09:50,MOSES SOUTH,23319,1975.33,3000,-1600
01/07/2019 09:50,SCH - HQ - NY,23324,1460,1500,-1000
01/07/2019 09:50,SCH - HQ_CEDARS,325274,199,199,-100
01/07/2019 09:50,SCH - HQ_IMPORT_EXPORT,325376,1310,1310,-9999
01/07/2019 09:50,SCH - NE - NY,23318,-1172.1,1400,-1800
01/07/2019 09:50,SCH - NPX_1385,325277,85,200,-200
01/07/2019 09:50,SCH - NPX_CSC,325154,215,330,-330
01/07/2019 09:50,SCH - OH - NY,23317,1400.11,2250,-1900
01/07/2019 09:50,SCH - PJ - NY,23316,458.96,2000,-1300
01/07/2019 09:50,SCH - PJM_HTP,325905,193,660,-660
01/07/2019 09:50,SCH - PJM_NEPTUNE,325305,660,660,-660
01/07/2019 09:50,SCH - PJM_VFT,325658,315,315,-315
01/07/2019 09:50,SPR/DUN-SOUTH,23320,2747.38,4600,-9999
01/07/2019 09:50,TOTAL EAST,23314,4253.82,6800,-9999
01/07/2019 09:50,UPNY CONED,23315,1946.83,5700,-9999
01/07/2019 09:50,WEST CENTRAL,23312,497.52,9999,-9999
01/07/2019 09:55,CENTRAL EAST - VC,23330,2270.69,2730,-9999
01/07/2019 09:55,DYSINGER EAST,23326,1259.54,3150,-9999
01/07/2019 09:55,MOSES SOUTH,23319,1972.11,3000,-1600
01/07/2019 09:55,SCH - HQ - NY,23324,1460,1500,-1000
01/07/2019 09:55,SCH - HQ_CEDARS,325274,199,199,-100
01/07/2019 09:55,SCH - HQ_IMPORT_EXPORT,325376,1310,1310,-9999
01/07/2019 09:55,SCH - NE - NY,23318,-1172.11,1400,-1800
01/07/2019 09:55,SCH - NPX_1385,325277,85,200,-200
01/07/2019 09:55,SCH - NPX_CSC,325154,215,330,-330
01/07/2019 09:55,SCH - OH - NY,23317,1400.06,2250,-1900
01/07/2019 09:55,SCH - PJ - NY,23316,459.83,2000,-1300
01/07/2019 09:55,SCH - PJM_HTP,325905,193,660,-660
01/07/2019 09:55,SCH - PJM_NEPTUNE,325305,660,660,-660
01/07/2019 09:55,SCH - PJM_VFT,325658,315,315,-315
01/07/2019 09:55,SPR/DUN-SOUTH,23320,2685.47,4600,-9999
01/07/2019 09:55,TOTAL EAST,23314,4259.57,6800,-9999
01/07/2019 09:55,UPNY CONED,23315,1898.44,5700,-9999
01/07/2019 09:55,WEST CENTRAL,23312,547.85,9999,-9999
01/07/2019 10:00,CENTRAL EAST - VC,23330,2262.2,2730,-9999
01/07/2019 10:00,DYSINGER EAST,23326,1316.55,3150,-9999
01/07/2019 10:00,MOSES SOUTH,23319,1966.45,3000,-1600
01/07/2019 10:00,SCH - HQ - NY,23324,1460,1500,-1000
01/07/2019 10:00,SCH - HQ_CEDARS,325274,199,199,-100
01/07/2019 10:00,SCH - HQ_IMPORT_EXPORT,325376,1310,1310,-9999
01/07/2019 10:00,SCH - NE - NY,23318,-1055.03,1400,-1800
01/07/2019 10:00,SCH - NPX_1385,325277,105,200,-200
01/07/2019 10:00,SCH - NPX_CSC,325154,157,330,-330
01/07/2019 10:00,SCH - OH - NY,23317,1371.26,2250,-1900
01/07/2019 10:00,SCH - PJ - NY,23316,451.46,2000,-1300
01/07/2019 10:00,SCH - PJM_HTP,325905,206,660,-660
01/07/2019 10:00,SCH - PJM_NEPTUNE,325305,660,660,-660
01/07/2019 10:00,SCH - PJM_VFT,325658,315,315,-315
01/07/2019 10:00,SPR/DUN-SOUTH,23320,2582.21,4600,-9999
01/07/2019 10:00,TOTAL EAST,23314,4172.02,6800,-9999
01/07/2019 10:00,UPNY CONED,23315,1945.36,5700,-9999
01/07/2019 10:00,WEST CENTRAL,23312,600,9999,-9999
01/07/2019 10:05,CENTRAL EAST - VC,23330,2162.92,2730,-9999
01/07/2019 10:05,DYSINGER EAST,23326,1170.89,3150,-9999
01/07/2019 10:05,MOSES SOUTH,23319,1949.06,3000,-1600
01/07/2019 10:05,SCH - HQ - NY,23324,1460,1500,-1000
01/07/2019 10:05,SCH - HQ_CEDARS,325274,199,199,-100
01/07/2019 10:05,SCH - HQ_IMPORT_EXPORT,325376,1310,1310,-9999
01/07/2019 10:05,SCH - NE - NY,23318,-938.56,1400,-1800
01/07/2019 10:05,SCH - NPX_1385,325277,125,200,-200
01/07/2019 10:05,SCH - NPX_CSC,325154,100,330,-330
01/07/2019 10:05,SCH - OH - NY,23317,1343.45,2250,-1900
01/07/2019 10:05,SCH - PJ - NY,23316,438.34,2000,-1300
01/07/2019 10:05,SCH - PJM_HTP,325905,220,660,-660
01/07/2019 10:05,SCH - PJM_NEPTUNE,325305,660,660,-660
01/07/2019 10:05,SCH - PJM_VFT,325658,315,315,-315
01/07/2019 10:05,SPR/DUN-SOUTH,23320,2536.2,4600,-9999
01/07/2019 10:05,TOTAL EAST,23314,4082.48,6800,-9999
01/07/2019 10:05,UPNY CONED,23315,1968.55,5700,-9999
01/07/2019 10:05,WEST CENTRAL,23312,455.21,9999,-9999
01/07/2019 10:10,CENTRAL EAST - VC,23330,2168.28,2730,-9999
01/07/2019 10:10,DYSINGER EAST,23326,1092.3,3150,-9999
01/07/2019 10:10,MOSES SOUTH,23319,1947.76,3000,-1600
01/07/2019 10:10,SCH - HQ - NY,23324,1460,1500,-1000
01/07/2019 10:10,SCH - HQ_CEDARS,325274,199,199,-100
01/07/2019 10:10,SCH - HQ_IMPORT_EXPORT,325376,1310,1310,-9999
01/07/2019 10:10,SCH - NE - NY,23318,-938.47,1400,-1800
01/07/2019 10:10,SCH - NPX_1385,325277,125,200,-200
01/07/2019 10:10,SCH - NPX_CSC,325154,100,330,-330
01/07/2019 10:10,SCH - OH - NY,23317,1343.5,2250,-1900
01/07/2019 10:10,SCH - PJ - NY,23316,438.49,2000,-1300
01/07/2019 10:10,SCH - PJM_HTP,325905,220,660,-660
01/07/2019 10:10,SCH - PJM_NEPTUNE,325305,660,660,-660
01/07/2019 10:10,SCH - PJM_VFT,325658,315,315,-315
01/07/2019 10:10,SPR/DUN-SOUTH,23320,2543.06,4600,-9999
01/07/2019 10:10,TOTAL EAST,23314,4088.71,6800,-9999
01/07/2019 10:10,UPNY CONED,23315,1993.91,5700,-9999
01/07/2019 10:10,WEST CENTRAL,23312,378.63,9999,-9999
01/07/2019 10:15,CENTRAL EAST - VC,23330,2257.52,2730,-9999
01/07/2019 10:15,DYSINGER EAST,23326,1305.46,3150,-9999
01/07/2019 10:15,MOSES SOUTH,23319,1877.47,3000,-1600
01/07/2019 10:15,SCH - HQ - NY,23324,1460,1500,-1000
01/07/2019 10:15,SCH - HQ_CEDARS,325274,199,199,-100
01/07/2019 10:15,SCH - HQ_IMPORT_EXPORT,325376,1310,1310,-9999
01/07/2019 10:15,SCH - NE - NY,23318,-1009.87,1400,-1800
01/07/2019 10:15,SCH - NPX_1385,325277,125,200,-200
01/07/2019 10:15,SCH - NPX_CSC,325154,100,330,-330
01/07/2019 10:15,SCH - OH - NY,23317,1343.38,2250,-1900
01/07/2019 10:15,SCH - PJ - NY,23316,443.31,2000,-1300
01/07/2019 10:15,SCH - PJM_HTP,325905,220,660,-660
01/07/2019 10:15,SCH - PJM_NEPTUNE,325305,660,660,-660
01/07/2019 10:15,SCH - PJM_VFT,325658,315,315,-315
01/07/2019 10:15,SPR/DUN-SOUTH,23320,2576.38,4600,-9999
01/07/2019 10:15,TOTAL EAST,23314,4230.06,6800,-9999
01/07/2019 10:15,UPNY CONED,23315,2054.94,5700,-9999
01/07/2019 10:15,WEST CENTRAL,23312,583.65,9999,-9999
01/07/2019 10:20,CENTRAL EAST - VC,23330,2308.09,2730,-9999
01/07/2019 10:20,DYSINGER EAST,23326,1407.36,3150,-9999
01/07/2019 10:20,MOSES SOUTH,23319,1851.27,3000,-1600
01/07/2019 10:20,SCH - HQ - NY,23324,1460,1500,-1000
01/07/2019 10:20,SCH - HQ_CEDARS,325274,199,199,-100
01/07/2019 10:20,SCH - HQ_IMPORT_EXPORT,325376,1310,1310,-9999
01/07/2019 10:20,SCH - NE - NY,23318,-1081.82,1400,-1800
01/07/2019 10:20,SCH - NPX_1385,325277,125,200,-200
01/07/2019 10:20,SCH - NPX_CSC,325154,100,330,-330
01/07/2019 10:20,SCH - OH - NY,23317,1343.29,2250,-1900
01/07/2019 10:20,SCH - PJ - NY,23316,444.15,2000,-1300
01/07/2019 10:20,SCH - PJM_HTP,325905,220,660,-660
01/07/2019 10:20,SCH - PJM_NEPTUNE,325305,660,660,-660
01/07/2019 10:20,SCH - PJM_VFT,325658,315,315,-315
01/07/2019 10:20,SPR/DUN-SOUTH,23320,2567.34,4600,-9999
01/07/2019 10:20,TOTAL EAST,23314,4304.1,6800,-9999
01/07/2019 10:20,UPNY CONED,23315,2075.52,5700,-9999
01/07/2019 10:20,WEST CENTRAL,23312,680.07,9999,-9999
01/07/2019 10:25,CENTRAL EAST - VC,23330,2302.56,2730,-9999
01/07/2019 10:25,DYSINGER EAST,23326,1396.82,3150,-9999
01/07/2019 10:25,MOSES SOUTH,23319,1840.49,3000,-1600
01/07/2019 10:25,SCH - HQ - NY,23324,1460,1500,-1000
01/07/2019 10:25,SCH - HQ_CEDARS,325274,199,199,-100
01/07/2019 10:25,SCH - HQ_IMPORT_EXPORT,325376,1310,1310,-9999
01/07/2019 10:25,SCH - NE - NY,23318,-1081.84,1400,-1800
01/07/2019 10:25,SCH - NPX_1385,325277,125,200,-200
01/07/2019 10:25,SCH - NPX_CSC,325154,100,330,-330
01/07/2019 10:25,SCH - OH - NY,23317,1343.4,2250,-1900
01/07/2019 10:25,SCH - PJ - NY,23316,441.91,2000,-1300
01/07/2019 10:25,SCH - PJM_HTP,325905,220,660,-660
01/07/2019 10:25,SCH - PJM_NEPTUNE,325305,660,660,-660
01/07/2019 10:25,SCH - PJM_VFT,325658,315,315,-315
01/07/2019 10:25,SPR/DUN-SOUTH,23320,2582.56,4600,-9999
01/07/2019 10:25,TOTAL EAST,23314,4323.2,6800,-9999
01/07/2019 10:25,UPNY CONED,23315,2084.85,5700,-9999
01/07/2019 10:25,WEST CENTRAL,23312,671,9999,-9999
01/07/2019 10:30,CENTRAL EAST - VC,23330,2283.81,2730,-9999
01/07/2019 10:30,DYSINGER EAST,23326,1418.61,3150,-9999
01/07/2019 10:30,MOSES SOUTH,23319,1827.08,3000,-1600
01/07/2019 10:30,SCH - HQ - NY,23324,1460,1500,-1000
01/07/2019 10:30,SCH - HQ_CEDARS,325274,199,199,-100
01/07/2019 10:30,SCH - HQ_IMPORT_EXPORT,325376,1310,1310,-9999
01/07/2019 10:30,SCH - NE - NY,23318,-1049.1,1400,-1800
01/07/2019 10:30,SCH - NPX_1385,325277,125,200,-200
01/07/2019 10:30,SCH - NPX_CSC,325154,100,330,-330
01/07/2019 10:30,SCH - OH - NY,23317,1343.33,2250,-1900
01/07/2019 10:30,SCH - PJ - NY,23316,515.79,2000,-1300
01/07/2019 10:30,SCH - PJM_HTP,325905,220,660,-660
01/07/2019 10:30,SCH - PJM_NEPTUNE,325305,660,660,-660
01/07/2019 10:30,SCH - PJM_VFT,325658,315,315,-315
01/07/2019 10:30,SPR/DUN-SOUTH,23320,2600.78,4600,-9999
01/07/2019 10:30,TOTAL EAST,23314,4290.71,6800,-9999
01/07/2019 10:30,UPNY CONED,23315,2094.72,5700,-9999
01/07/2019 10:30,WEST CENTRAL,23312,696.05,9999,-9999
01/07/2019 10:35,CENTRAL EAST - VC,23330,2298.48,2730,-9999
01/07/2019 10:35,DYSINGER EAST,23326,1447.8,3150,-9999
01/07/2019 10:35,MOSES SOUTH,23319,1832.54,3000,-1600
01/07/2019 10:35,SCH - HQ - NY,23324,1460,1500,-1000
01/07/2019 10:35,SCH - HQ_CEDARS,325274,199,199,-100
01/07/2019 10:35,SCH - HQ_IMPORT_EXPORT,325376,1310,1310,-9999
01/07/2019 10:35,SCH - NE - NY,23318,-1015.97,1400,-1800
01/07/2019 10:35,SCH - NPX_1385,325277,125,200,-200
01/07/2019 10:35,SCH - NPX_CSC,325154,100,330,-330
01/07/2019 10:35,SCH - OH - NY,23317,1343.32,2250,-1900
01/07/2019 10:35,SCH - PJ - NY,23316,590.68,2000,-1300
01/07/2019 10:35,SCH - PJM_HTP,325905,220,660,-660
01/07/2019 10:35,SCH - PJM_NEPTUNE,325305,660,660,-660
01/07/2019 10:35,SCH - PJM_VFT,325658,315,315,-315
01/07/2019 10:35,SPR/DUN-SOUTH,23320,2596.42,4600,-9999
01/07/2019 10:35,TOTAL EAST,23314,4325.97,6800,-9999
01/07/2019 10:35,UPNY CONED,23315,2087.69,5700,-9999
01/07/2019 10:35,WEST CENTRAL,23312,727.71,9999,-9999
01/07/2019 10:40,CENTRAL EAST - VC,23330,2275.47,2730,-9999
01/07/2019 10:40,DYSINGER EAST,23326,1417.64,3150,-9999
01/07/2019 10:40,MOSES SOUTH,23319,1859.94,3000,-1600
01/07/2019 10:40,SCH - HQ - NY,23324,1460,1500,-1000
01/07/2019 10:40,SCH - HQ_CEDARS,325274,199,199,-100
01/07/2019 10:40,SCH - HQ_IMPORT_EXPORT,325376,1310,1310,-9999
01/07/2019 10:40,SCH - NE - NY,23318,-1016.08,1400,-1800
01/07/2019 10:40,SCH - NPX_1385,325277,125,200,-200
01/07/2019 10:40,SCH - NPX_CSC,325154,100,330,-330
01/07/2019 10:40,SCH - OH - NY,23317,1343.3,2250,-1900
01/07/2019 10:40,SCH - PJ - NY,23316,594.94,2000,-1300
01/07/2019 10:40,SCH - PJM_HTP,325905,220,660,-660
01/07/2019 10:40,SCH - PJM_NEPTUNE,325305,660,660,-660
01/07/2019 10:40,SCH - PJM_VFT,325658,315,315,-315
01/07/2019 10:40,SPR/DUN-SOUTH,23320,2612.39,4600,-9999
01/07/2019 10:40,TOTAL EAST,23314,4318.41,6800,-9999
01/07/2019 10:40,UPNY CONED,23315,2096.22,5700,-9999
01/07/2019 10:40,WEST CENTRAL,23312,699.92,9999,-9999
01/07/2019 10:45,CENTRAL EAST - VC,23330,2253.6,2730,-9999
01/07/2019 10:45,DYSINGER EAST,23326,1349.32,3150,-9999
01/07/2019 10:45,MOSES SOUTH,23319,1874.28,3000,-1600
01/07/2019 10:45,SCH - HQ - NY,23324,1460,1500,-1000
01/07/2019 10:45,SCH - HQ_CEDARS,325274,199,199,-100
01/07/2019 10:45,SCH - HQ_IMPORT_EXPORT,325376,1310,1310,-9999
01/07/2019 10:45,SCH - NE - NY,23318,-953.96,1400,-1800
01/07/2019 10:45,SCH - NPX_1385,325277,125,200,-200
01/07/2019 10:45,SCH - NPX_CSC,325154,100,330,-330
01/07/2019 10:45,SCH - OH - NY,23317,1343.19,2250,-1900
01/07/2019 10:45,SCH - PJ - NY,23316,439.7,2000,-1300
01/07/2019 10:45,SCH - PJM_HTP,325905,220,660,-660
01/07/2019 10:45,SCH - PJM_NEPTUNE,325305,660,660,-660
01/07/2019 10:45,SCH - PJM_VFT,325658,315,315,-315
01/07/2019 10:45,SPR/DUN-SOUTH,23320,2625.33,4600,-9999
01/07/2019 10:45,TOTAL EAST,23314,4238.22,6800,-9999
01/07/2019 10:45,UPNY CONED,23315,2095,5700,-9999
01/07/2019 10:45,WEST CENTRAL,23312,634.38,9999,-9999
01/07/2019 10:50,CENTRAL EAST - VC,23330,2132.78,2730,-9999
01/07/2019 10:50,DYSINGER EAST,23326,1067.34,3150,-9999
01/07/2019 10:50,MOSES SOUTH,23319,1915.19,3000,-1600
01/07/2019 10:50,SCH - HQ - NY,23324,1460,1500,-1000
01/07/2019 10:50,SCH - HQ_CEDARS,325274,199,199,-100
01/07/2019 10:50,SCH - HQ_IMPORT_EXPORT,325376,1310,1310,-9999
01/07/2019 10:50,SCH - NE - NY,23318,-892.77,1400,-1800
01/07/2019 10:50,SCH - NPX_1385,325277,125,200,-200
01/07/2019 10:50,SCH - NPX_CSC,325154,100,330,-330
01/07/2019 10:50,SCH - OH - NY,23317,1343.26,2250,-1900
01/07/2019 10:50,SCH - PJ - NY,23316,288.96,2000,-1300
01/07/2019 10:50,SCH - PJM_HTP,325905,220,660,-660
01/07/2019 10:50,SCH - PJM_NEPTUNE,325305,660,660,-660
01/07/2019 10:50,SCH - PJM_VFT,325658,315,315,-315
01/07/2019 10:50,SPR/DUN-SOUTH,23320,2555.22,4600,-9999
01/07/2019 10:50,TOTAL EAST,23314,4055.08,6800,-9999
01/07/2019 10:50,UPNY CONED,23315,2022.18,5700,-9999
01/07/2019 10:50,WEST CENTRAL,23312,354.9,9999,-9999
01/07/2019 10:55,CENTRAL EAST - VC,23330,2120.41,2690,-9999
01/07/2019 10:55,DYSINGER EAST,23326,975.5,3150,-9999
01/07/2019 10:55,MOSES SOUTH,23319,1915.7,3000,-1600
01/07/2019 10:55,SCH - HQ - NY,23324,1460,1500,-1000
01/07/2019 10:55,SCH - HQ_CEDARS,325274,199,199,-100
01/07/2019 10:55,SCH - HQ_IMPORT_EXPORT,325376,1310,1310,-9999
01/07/2019 10:55,SCH - NE - NY,23318,-892.71,1400,-1800
01/07/2019 10:55,SCH - NPX_1385,325277,125,200,-200
01/07/2019 10:55,SCH - NPX_CSC,325154,100,330,-330
01/07/2019 10:55,SCH - OH - NY,23317,1343.37,2250,-1900
01/07/2019 10:55,SCH - PJ - NY,23316,289.34,2000,-1300
01/07/2019 10:55,SCH - PJM_HTP,325905,220,660,-660
01/07/2019 10:55,SCH - PJM_NEPTUNE,325305,660,660,-660
01/07/2019 10:55,SCH - PJM_VFT,325658,315,315,-315
01/07/2019 10:55,SPR/DUN-SOUTH,23320,2529.19,4600,-9999
01/07/2019 10:55,TOTAL EAST,23314,4022.01,6800,-9999
01/07/2019 10:55,UPNY CONED,23315,2002.4,5700,-9999
01/07/2019 10:55,WEST CENTRAL,23312,265.22,9999,-9999
01/07/2019 11:00,CENTRAL EAST - VC,23330,2237.31,2730,-9999
01/07/2019 11:00,DYSINGER EAST,23326,1235.11,3150,-9999
01/07/2019 11:00,MOSES SOUTH,23319,1851.56,3000,-1600
01/07/2019 11:00,SCH - HQ - NY,23324,1460,1500,-1000
01/07/2019 11:00,SCH - HQ_CEDARS,325274,199,199,-100
01/07/2019 11:00,SCH - HQ_IMPORT_EXPORT,325376,1310,1310,-9999
01/07/2019 11:00,SCH - NE - NY,23318,-920.8,1400,-1800
01/07/2019 11:00,SCH - NPX_1385,325277,125,200,-200
01/07/2019 11:00,SCH - NPX_CSC,325154,100,330,-330
01/07/2019 11:00,SCH - OH - NY,23317,1392.89,2250,-1900
01/07/2019 11:00,SCH - PJ - NY,23316,318.83,2000,-1300
01/07/2019 11:00,SCH - PJM_HTP,325905,190,660,-660
01/07/2019 11:00,SCH - PJM_NEPTUNE,325305,660,660,-660
01/07/2019 11:00,SCH - PJM_VFT,325658,315,315,-315
01/07/2019 11:00,SPR/DUN-SOUTH,23320,2582.96,4600,-9999
01/07/2019 11:00,TOTAL EAST,23314,4192.64,6800,-9999
01/07/2019 11:00,UPNY CONED,23315,2086.02,5700,-9999
01/07/2019 11:00,WEST CENTRAL,23312,510.46,9999,-9999
01/07/2019 11:05,CENTRAL EAST - VC,23330,2285.69,2730,-9999
01/07/2019 11:05,DYSINGER EAST,23326,1435.1,3150,-9999
01/07/2019 11:05,MOSES SOUTH,23319,1827.91,3000,-1600
01/07/2019 11:05,SCH - HQ - NY,23324,1460,1500,-1000
01/07/2019 11:05,SCH - HQ_CEDARS,325274,199,199,-100
01/07/2019 11:05,SCH - HQ_IMPORT_EXPORT,325376,1310,1310,-9999
01/07/2019 11:05,SCH - NE - NY,23318,-948.87,1400,-1800
01/07/2019 11:05,SCH - NPX_1385,325277,125,200,-200
01/07/2019 11:05,SCH - NPX_CSC,325154,100,330,-330
01/07/2019 11:05,SCH - OH - NY,23317,1443.52,2250,-1900
01/07/2019 11:05,SCH - PJ - NY,23316,346.24,2000,-1300
01/07/2019 11:05,SCH - PJM_HTP,325905,161,660,-660
01/07/2019 11:05,SCH - PJM_NEPTUNE,325305,660,660,-660
01/07/2019 11:05,SCH - PJM_VFT,325658,315,315,-315
01/07/2019 11:05,SPR/DUN-SOUTH,23320,2590.36,4600,-9999
01/07/2019 11:05,TOTAL EAST,23314,4262.93,6800,-9999
01/07/2019 11:05,UPNY CONED,23315,2095,5700,-9999
01/07/2019 11:05,WEST CENTRAL,23312,702.4,9999,-9999
01/07/2019 11:10,CENTRAL EAST - VC,23330,2251.12,2730,-9999
01/07/2019 11:10,DYSINGER EAST,23326,1427.27,3150,-9999
01/07/2019 11:10,MOSES SOUTH,23319,1838.91,3000,-1600
01/07/2019 11:10,SCH - HQ - NY,23324,1460,1500,-1000
01/07/2019 11:10,SCH - HQ_CEDARS,325274,199,199,-100
01/07/2019 11:10,SCH - HQ_IMPORT_EXPORT,325376,1310,1310,-9999
01/07/2019 11:10,SCH - NE - NY,23318,-948.93,1400,-1800
01/07/2019 11:10,SCH - NPX_1385,325277,125,200,-200
01/07/2019 11:10,SCH - NPX_CSC,325154,100,330,-330
01/07/2019 11:10,SCH - OH - NY,23317,1443.6,2250,-1900
01/07/2019 11:10,SCH - PJ - NY,23316,346.41,2000,-1300
01/07/2019 11:10,SCH - PJM_HTP,325905,161,660,-660
01/07/2019 11:10,SCH - PJM_NEPTUNE,325305,660,660,-660
01/07/2019 11:10,SCH - PJM_VFT,325658,315,315,-315
01/07/2019 11:10,SPR/DUN-SOUTH,23320,2586.79,4600,-9999
01/07/2019 11:10,TOTAL EAST,23314,4197.44,6800,-9999
01/07/2019 11:10,UPNY CONED,23315,2089.22,5700,-9999
01/07/2019 11:10,WEST CENTRAL,23312,697.42,9999,-9999
01/07/2019 11:15,CENTRAL EAST - VC,23330,2193.57,2730,-9999
01/07/2019 11:15,DYSINGER EAST,23326,1295.9,3150,-9999
01/07/2019 11:15,MOSES SOUTH,23319,1900.68,3000,-1600
01/07/2019 11:15,SCH - HQ - NY,23324,1460,1500,-1000
01/07/2019 11:15,SCH - HQ_CEDARS,325274,199,199,-100
01/07/2019 11:15,SCH - HQ_IMPORT_EXPORT,325376,1310,1310,-9999
01/07/2019 11:15,SCH - NE - NY,23318,-900.27,1400,-1800
01/07/2019 11:15,SCH - NPX_1385,325277,125,200,-200
01/07/2019 11:15,SCH - NPX_CSC,325154,100,330,-330
01/07/2019 11:15,SCH - OH - NY,23317,1443.74,2250,-1900
01/07/2019 11:15,SCH - PJ - NY,23316,355.83,2000,-1300
01/07/2019 11:15,SCH - PJM_HTP,325905,156,660,-660
01/07/2019 11:15,SCH - PJM_NEPTUNE,325305,660,660,-660
01/07/2019 11:15,SCH - PJM_VFT,325658,315,315,-315
01/07/2019 11:15,SPR/DUN-SOUTH,23320,2571.34,4600,-9999
01/07/2019 11:15,TOTAL EAST,23314,4120.16,6800,-9999
01/07/2019 11:15,UPNY CONED,23315,2063.08,5700,-9999
01/07/2019 11:15,WEST CENTRAL,23312,571.72,9999,-9999
01/07/2019 11:20,CENTRAL EAST - VC,23330,2194.93,2730,-9999
01/07/2019 11:20,DYSINGER EAST,23326,1236.38,3150,-9999
01/07/2019 11:20,MOSES SOUTH,23319,1893.29,3000,-1600
01/07/2019 11:20,SCH - HQ - NY,23324,1460,1500,-1000
01/07/2019 11:20,SCH - HQ_CEDARS,325274,199,199,-100
01/07/2019 11:20,SCH - HQ_IMPORT_EXPORT,325376,1310,1310,-9999
01/07/2019 11:20,SCH - NE - NY,23318,-852.08,1400,-1800
01/07/2019 11:20,SCH - NPX_1385,325277,125,200,-200
01/07/2019 11:20,SCH - NPX_CSC,325154,100,330,-330
01/07/2019 11:20,SCH - OH - NY,23317,1443.72,2250,-1900
01/07/2019 11:20,SCH - PJ - NY,23316,352.37,2000,-1300
01/07/2019 11:20,SCH - PJM_HTP,325905,152,660,-660
01/07/2019 11:20,SCH - PJM_NEPTUNE,325305,660,660,-660
01/07/2019 11:20,SCH - PJM_VFT,325658,315,315,-315
01/07/2019 11:20,SPR/DUN-SOUTH,23320,2571.31,4600,-9999
01/07/2019 11:20,TOTAL EAST,23314,4154.67,6800,-9999
01/07/2019 11:20,UPNY CONED,23315,2053.7,5700,-9999
01/07/2019 11:20,WEST CENTRAL,23312,518.17,9999,-9999
01/07/2019 11:25,CENTRAL EAST - VC,23330,2147.24,2730,-9999
01/07/2019 11:25,DYSINGER EAST,23326,1106.29,3150,-9999
01/07/2019 11:25,MOSES SOUTH,23319,1904.71,3000,-1600
01/07/2019 11:25,SCH - HQ - NY,23324,1460,1500,-1000
01/07/2019 11:25,SCH - HQ_CEDARS,325274,199,199,-100
01/07/2019 11:25,SCH - HQ_IMPORT_EXPORT,325376,1310,1310,-9999
01/07/2019 11:25,SCH - NE - NY,23318,-851.93,1400,-1800
01/07/2019 11:25,SCH - NPX_1385,325277,125,200,-200
01/07/2019 11:25,SCH - NPX_CSC,325154,100,330,-330
01/07/2019 11:25,SCH - OH - NY,23317,1443.76,2250,-1900
01/07/2019 11:25,SCH - PJ - NY,23316,351.25,2000,-1300
01/07/2019 11:25,SCH - PJM_HTP,325905,152,660,-660
01/07/2019 11:25,SCH - PJM_NEPTUNE,325305,660,660,-660
01/07/2019 11:25,SCH - PJM_VFT,325658,315,315,-315
01/07/2019 11:25,SPR/DUN-SOUTH,23320,2550.39,4600,-9999
01/07/2019 11:25,TOTAL EAST,23314,4099.03,6800,-9999
01/07/2019 11:25,UPNY CONED,23315,2026.37,5700,-9999
01/07/2019 11:25,WEST CENTRAL,23312,387.71,9999,-9999
01/07/2019 11:30,CENTRAL EAST - VC,23330,2220.89,2730,-9999
01/07/2019 11:30,DYSINGER EAST,23326,1206.01,3150,-9999
01/07/2019 11:30,MOSES SOUTH,23319,1915.42,3000,-1600
01/07/2019 11:30,SCH - HQ - NY,23324,1460,1500,-1000
01/07/2019 11:30,SCH - HQ_CEDARS,325274,199,199,-100
01/07/2019 11:30,SCH - HQ_IMPORT_EXPORT,325376,1310,1310,-9999
01/07/2019 11:30,SCH - NE - NY,23318,-952.36,1400,-1800
01/07/2019 11:30,SCH - NPX_1385,325277,125,200,-200
01/07/2019 11:30,SCH - NPX_CSC,325154,100,330,-330
01/07/2019 11:30,SCH - OH - NY,23317,1443.73,2250,-1900
01/07/2019 11:30,SCH - PJ - NY,23316,330.7,2000,-1300
01/07/2019 11:30,SCH - PJM_HTP,325905,152,660,-660
01/07/2019 11:30,SCH - PJM_NEPTUNE,325305,660,660,-660
01/07/2019 11:30,SCH - PJM_VFT,325658,315,315,-315
01/07/2019 11:30,SPR/DUN-SOUTH,23320,2599.95,4600,-9999
01/07/2019 11:30,TOTAL EAST,23314,4178.08,6800,-9999
01/07/2019 11:30,UPNY CONED,23315,2058.29,5700,-9999
01/07/2019 11:30,WEST CENTRAL,23312,481.28,9999,-9999
01/07/2019 11:35,CENTRAL EAST - VC,23330,2266.54,2730,-9999
01/07/2019 11:35,DYSINGER EAST,23326,1221.44,3150,-9999
01/07/2019 11:35,MOSES SOUTH,23319,1911.22,3000,-1600
01/07/2019 11:35,SCH - HQ - NY,23324,1460,1500,-1000
01/07/2019 11:35,SCH - HQ_CEDARS,325274,199,199,-100
01/07/2019 11:35,SCH - HQ_IMPORT_EXPORT,325376,1310,1310,-9999
01/07/2019 11:35,SCH - NE - NY,23318,-1052.61,1400,-1800
01/07/2019 11:35,SCH - NPX_1385,325277,125,200,-200
01/07/2019 11:35,SCH - NPX_CSC,325154,100,330,-330
01/07/2019 11:35,SCH - OH - NY,23317,1443.73,2250,-1900
01/07/2019 11:35,SCH - PJ - NY,23316,297.24,2000,-1300
01/07/2019 11:35,SCH - PJM_HTP,325905,153,660,-660
01/07/2019 11:35,SCH - PJM_NEPTUNE,325305,660,660,-660
01/07/2019 11:35,SCH - PJM_VFT,325658,315,315,-315
01/07/2019 11:35,SPR/DUN-SOUTH,23320,2570.39,4600,-9999
01/07/2019 11:35,TOTAL EAST,23314,4211,6800,-9999
01/07/2019 11:35,UPNY CONED,23315,2025.44,5700,-9999
01/07/2019 11:35,WEST CENTRAL,23312,491.34,9999,-9999
01/07/2019 11:40,CENTRAL EAST - VC,23330,2262.54,2730,-9999
01/07/2019 11:40,DYSINGER EAST,23326,1157.78,3150,-9999
01/07/2019 11:40,MOSES SOUTH,23319,1903.12,3000,-1600
01/07/2019 11:40,SCH - HQ - NY,23324,1460,1500,-1000
01/07/2019 11:40,SCH - HQ_CEDARS,325274,199,199,-100
01/07/2019 11:40,SCH - HQ_IMPORT_EXPORT,325376,1310,1310,-9999
01/07/2019 11:40,SCH - NE - NY,23318,-1052.66,1400,-1800
01/07/2019 11:40,SCH - NPX_1385,325277,125,200,-200
01/07/2019 11:40,SCH - NPX_CSC,325154,100,330,-330
01/07/2019 11:40,SCH - OH - NY,23317,1443.76,2250,-1900
01/07/2019 11:40,SCH - PJ - NY,23316,302.81,2000,-1300
01/07/2019 11:40,SCH - PJM_HTP,325905,153,660,-660
01/07/2019 11:40,SCH - PJM_NEPTUNE,325305,660,660,-660
01/07/2019 11:40,SCH - PJM_VFT,325658,315,315,-315
01/07/2019 11:40,SPR/DUN-SOUTH,23320,2568.74,4600,-9999
01/07/2019 11:40,TOTAL EAST,23314,4189.46,6800,-9999
01/07/2019 11:40,UPNY CONED,23315,2023.59,5700,-9999
01/07/2019 11:40,WEST CENTRAL,23312,425.69,9999,-9999
01/07/2019 11:45,CENTRAL EAST - VC,23330,2259.6,2730,-9999
01/07/2019 11:45,DYSINGER EAST,23326,1284.68,3150,-9999
01/07/2019 11:45,MOSES SOUTH,23319,1850.08,3000,-1600
01/07/2019 11:45,SCH - HQ - NY,23324,1460,1500,-1000
01/07/2019 11:45,SCH - HQ_CEDARS,325274,199,199,-100
01/07/2019 11:45,SCH - HQ_IMPORT_EXPORT,325376,1310,1310,-9999
01/07/2019 11:45,SCH - NE - NY,23318,-902.37,1400,-1800
01/07/2019 11:45,SCH - NPX_1385,325277,125,200,-200
01/07/2019 11:45,SCH - NPX_CSC,325154,100,330,-330
01/07/2019 11:45,SCH - OH - NY,23317,1443.67,2250,-1900
01/07/2019 11:45,SCH - PJ - NY,23316,319.66,2000,-1300
01/07/2019 11:45,SCH - PJM_HTP,325905,131,660,-660
01/07/2019 11:45,SCH - PJM_NEPTUNE,325305,660,660,-660
01/07/2019 11:45,SCH - PJM_VFT,325658,315,315,-315
01/07/2019 11:45,SPR/DUN-SOUTH,23320,2614.49,4600,-9999
01/07/2019 11:45,TOTAL EAST,23314,4166.88,6800,-9999
01/07/2019 11:45,UPNY CONED,23315,2057.95,5700,-9999
01/07/2019 11:45,WEST CENTRAL,23312,550.62,9999,-9999
01/07/2019 11:50,CENTRAL EAST - VC,23330,2201.95,2730,-9999
01/07/2019 11:50,DYSINGER EAST,23326,1321.36,3150,-9999
01/07/2019 11:50,MOSES SOUTH,23319,1839.24,3000,-1600
01/07/2019 11:50,SCH - HQ - NY,23324,1460,1500,-1000
01/07/2019 11:50,SCH - HQ_CEDARS,325274,199,199,-100
01/07/2019 11:50,SCH - HQ_IMPORT_EXPORT,325376,1310,1310,-9999
01/07/2019 11:50,SCH - NE - NY,23318,-751.7,1400,-1800
01/07/2019 11:50,SCH - NPX_1385,325277,125,200,-200
01/07/2019 11:50,SCH - NPX_CSC,325154,100,330,-330
01/07/2019 11:50,SCH - OH - NY,23317,1443.58,2250,-1900
01/07/2019 11:50,SCH - PJ - NY,23316,340.08,2000,-1300
01/07/2019 11:50,SCH - PJM_HTP,325905,110,660,-660
01/07/2019 11:50,SCH - PJM_NEPTUNE,325305,660,660,-660
01/07/2019 11:50,SCH - PJM_VFT,325658,315,315,-315
01/07/2019 11:50,SPR/DUN-SOUTH,23320,2612.72,4600,-9999
01/07/2019 11:50,TOTAL EAST,23314,4094.89,6800,-9999
01/07/2019 11:50,UPNY CONED,23315,2051.72,5700,-9999
01/07/2019 11:50,WEST CENTRAL,23312,588.04,9999,-9999
01/07/2019 11:55,CENTRAL EAST - VC,23330,2225.53,2730,-9999
01/07/2019 11:55,DYSINGER EAST,23326,1362.28,3150,-9999
01/07/2019 11:55,MOSES SOUTH,23319,1855.93,3000,-1600
01/07/2019 11:55,SCH - HQ - NY,23324,1460,1500,-1000
01/07/2019 11:55,SCH - HQ_CEDARS,325274,199,199,-100
01/07/2019 11:55,SCH - HQ_IMPORT_EXPORT,325376,1310,1310,-9999
01/07/2019 11:55,SCH - NE - NY,23318,-751.56,1400,-1800
01/07/2019 11:55,SCH - NPX_1385,325277,125,200,-200
01/07/2019 11:55,SCH - NPX_CSC,325154,100,330,-330
01/07/2019 11:55,SCH - OH - NY,23317,1443.66,2250,-1900
01/07/2019 11:55,SCH - PJ - NY,23316,339.9,2000,-1300
01/07/2019 11:55,SCH - PJM_HTP,325905,110,660,-660
01/07/2019 11:55,SCH - PJM_NEPTUNE,325305,660,660,-660
01/07/2019 11:55,SCH - PJM_VFT,325658,315,315,-315
01/07/2019 11:55,SPR/DUN-SOUTH,23320,2590.35,4600,-9999
01/07/2019 11:55,TOTAL EAST,23314,4135.67,6800,-9999
01/07/2019 11:55,UPNY CONED,23315,2025.06,5700,-9999
01/07/2019 11:55,WEST CENTRAL,23312,627.97,9999,-9999
01/07/2019 12:00,CENTRAL EAST - VC,23330,2147.29,2730,-9999
01/07/2019 12:00,DYSINGER EAST,23326,1097.72,3150,-9999
01/07/2019 12:00,MOSES SOUTH,23319,1902.35,3000,-1600
01/07/2019 12:00,SCH - HQ - NY,23324,1460,1500,-1000
01/07/2019 12:00,SCH - HQ_CEDARS,325274,199,199,-100
01/07/2019 12:00,SCH - HQ_IMPORT_EXPORT,325376,1310,1310,-9999
01/07/2019 12:00,SCH - NE - NY,23318,-643.28,1400,-1800
01/07/2019 12:00,SCH - NPX_1385,325277,100,200,-200
01/07/2019 12:00,SCH - NPX_CSC,325154,100,330,-330
01/07/2019 12:00,SCH - OH - NY,23317,1357.31,2250,-1900
01/07/2019 12:00,SCH - PJ - NY,23316,252.08,2000,-1300
01/07/2019 12:00,SCH - PJM_HTP,325905,140,660,-660
01/07/2019 12:00,SCH - PJM_NEPTUNE,325305,660,660,-660
01/07/2019 12:00,SCH - PJM_VFT,325658,315,315,-315
01/07/2019 12:00,SPR/DUN-SOUTH,23320,2538.72,4600,-9999
01/07/2019 12:00,TOTAL EAST,23314,3980.75,6800,-9999
01/07/2019 12:00,UPNY CONED,23315,2003.79,5700,-9999
01/07/2019 12:00,WEST CENTRAL,23312,370.11,9999,-9999
01/07/2019 12:05,CENTRAL EAST - VC,23330,2022.3,2730,-9999
01/07/2019 12:05,DYSINGER EAST,23326,836.94,3150,-9999
01/07/2019 12:05,MOSES SOUTH,23319,1897.41,3000,-1600
01/07/2019 12:05,SCH - HQ - NY,23324,1460,1500,-1000
01/07/2019 12:05,SCH - HQ_CEDARS,325274,199,199,-100
01/07/2019 12:05,SCH - HQ_IMPORT_EXPORT,325376,1310,1310,-9999
01/07/2019 12:05,SCH - NE - NY,23318,-534.62,1400,-1800
01/07/2019 12:05,SCH - NPX_1385,325277,75,200,-200
01/07/2019 12:05,SCH - NPX_CSC,325154,100,330,-330
01/07/2019 12:05,SCH - OH - NY,23317,1270.87,2250,-1900
01/07/2019 12:05,SCH - PJ - NY,23316,166.48,2000,-1300
01/07/2019 12:05,SCH - PJM_HTP,325905,170,660,-660
01/07/2019 12:05,SCH - PJM_NEPTUNE,325305,660,660,-660
01/07/2019 12:05,SCH - PJM_VFT,325658,315,315,-315
01/07/2019 12:05,SPR/DUN-SOUTH,23320,2440.2,4600,-9999
01/07/2019 12:05,TOTAL EAST,23314,3799.03,6800,-9999
01/07/2019 12:05,UPNY CONED,23315,1936.19,5700,-9999
01/07/2019 12:05,WEST CENTRAL,23312,114.9,9999,-9999
01/07/2019 12:10,CENTRAL EAST - VC,23330,2137.59,2730,-9999
01/07/2019 12:10,DYSINGER EAST,23326,1095.87,3150,-9999
01/07/2019 12:10,MOSES SOUTH,23319,1836.85,3000,-1600
01/07/2019 12:10,SCH - HQ - NY,23324,1460,1500,-1000
01/07/2019 12:10,SCH - HQ_CEDARS,325274,199,199,-100
01/07/2019 12:10,SCH - HQ_IMPORT_EXPORT,325376,1310,1310,-9999
01/07/2019 12:10,SCH - NE - NY,23318,-535.04,1400,-1800
01/07/2019 12:10,SCH - NPX_1385,325277,75,200,-200
01/07/2019 12:10,SCH - NPX_CSC,325154,100,330,-330
01/07/2019 12:10,SCH - OH - NY,23317,1270.76,2250,-1900
01/07/2019 12:10,SCH - PJ - NY,23316,166.27,2000,-1300
01/07/2019 12:10,SCH - PJM_HTP,325905,170,660,-660
01/07/2019 12:10,SCH - PJM_NEPTUNE,325305,660,660,-660
01/07/2019 12:10,SCH - PJM_VFT,325658,315,315,-315
01/07/2019 12:10,SPR/DUN-SOUTH,23320,2541.9,4600,-9999
01/07/2019 12:10,TOTAL EAST,23314,3904,6800,-9999
01/07/2019 12:10,UPNY CONED,23315,2036.39,5700,-9999
01/07/2019 12:10,WEST CENTRAL,23312,367.17,9999,-9999
01/07/2019 12:15,CENTRAL EAST - VC,23330,2177.1,2730,-9999
01/07/2019 12:15,DYSINGER EAST,23326,1234.16,3150,-9999
01/07/2019 12:15,MOSES SOUTH,23319,1818.17,3000,-1600
01/07/2019 12:15,SCH - HQ - NY,23324,1460,1500,-1000
01/07/2019 12:15,SCH - HQ_CEDARS,325274,199,199,-100
01/07/2019 12:15,SCH - HQ_IMPORT_EXPORT,325376,1310,1310,-9999
01/07/2019 12:15,SCH - NE - NY,23318,-592.5,1400,-1800
01/07/2019 12:15,SCH - NPX_1385,325277,75,200,-200
01/07/2019 12:15,SCH - NPX_CSC,325154,100,330,-330
01/07/2019 12:15,SCH - OH - NY,23317,1270.63,2250,-1900
01/07/2019 12:15,SCH - PJ - NY,23316,230.23,2000,-1300
01/07/2019 12:15,SCH - PJM_HTP,325905,170,660,-660
01/07/2019 12:15,SCH - PJM_NEPTUNE,325305,660,660,-660
01/07/2019 12:15,SCH - PJM_VFT,325658,315,315,-315
01/07/2019 12:15,SPR/DUN-SOUTH,23320,2558.98,4600,-9999
01/07/2019 12:15,TOTAL EAST,23314,4007.1,6800,-9999
01/07/2019 12:15,UPNY CONED,23315,2059.83,5700,-9999
01/07/2019 12:15,WEST CENTRAL,23312,496.6,9999,-9999
01/07/2019 12:20,CENTRAL EAST - VC,23330,2185.09,2730,-9999
01/07/2019 12:20,DYSINGER EAST,23326,1236.39,3150,-9999
01/07/2019 12:20,MOSES SOUTH,23319,1830.62,3000,-1600
01/07/2019 12:20,SCH - HQ - NY,23324,1460,1500,-1000
01/07/2019 12:20,SCH - HQ_CEDARS,325274,199,199,-100
01/07/2019 12:20,SCH - HQ_IMPORT_EXPORT,325376,1310,1310,-9999
01/07/2019 12:20,SCH - NE - NY,23318,-649.69,1400,-1800
01/07/2019 12:20,SCH - NPX_1385,325277,75,200,-200
01/07/2019 12:20,SCH - NPX_CSC,325154,100,330,-330
01/07/2019 12:20,SCH - OH - NY,23317,1270.7,2250,-1900
01/07/2019 12:20,SCH - PJ - NY,23316,296.77,2000,-1300
01/07/2019 12:20,SCH - PJM_HTP,325905,170,660,-660
01/07/2019 12:20,SCH - PJM_NEPTUNE,325305,660,660,-660
01/07/2019 12:20,SCH - PJM_VFT,325658,315,315,-315
01/07/2019 12:20,SPR/DUN-SOUTH,23320,2575.57,4600,-9999
01/07/2019 12:20,TOTAL EAST,23314,4069.46,6800,-9999
01/07/2019 12:20,UPNY CONED,23315,2064.23,5700,-9999
01/07/2019 12:20,WEST CENTRAL,23312,503.8,9999,-9999
01/07/2019 12:25,CENTRAL EAST - VC,23330,2221.22,2730,-9999
01/07/2019 12:25,DYSINGER EAST,23326,1340.88,3150,-9999
01/07/2019 12:25,MOSES SOUTH,23319,1837.46,3000,-1600
01/07/2019 12:25,SCH - HQ - NY,23324,1460,1500,-1000
01/07/2019 12:25,SCH - HQ_CEDARS,325274,199,199,-100
01/07/2019 12:25,SCH - HQ_IMPORT_EXPORT,325376,1310,1310,-9999
01/07/2019 12:25,SCH - NE - NY,23318,-649.77,1400,-1800
01/07/2019 12:25,SCH - NPX_1385,325277,75,200,-200
01/07/2019 12:25,SCH - NPX_CSC,325154,100,330,-330
01/07/2019 12:25,SCH - OH - NY,23317,1270.65,2250,-1900
01/07/2019 12:25,SCH - PJ - NY,23316,299.82,2000,-1300
01/07/2019 12:25,SCH - PJM_HTP,325905,170,660,-660
01/07/2019 12:25,SCH - PJM_NEPTUNE,325305,660,660,-660
01/07/2019 12:25,SCH - PJM_VFT,325658,315,315,-315
01/07/2019 12:25,SPR/DUN-SOUTH,23320,2587.85,4600,-9999
01/07/2019 12:25,TOTAL EAST,23314,4105.34,6800,-9999
01/07/2019 12:25,UPNY CONED,23315,2065.08,5700,-9999
01/07/2019 12:25,WEST CENTRAL,23312,612.99,9999,-9999
01/07/2019 12:30,CENTRAL EAST - VC,23330,2199.91,2730,-9999
01/07/2019 12:30,DYSINGER EAST,23326,1400.62,3150,-9999
01/07/2019 12:30,MOSES SOUTH,23319,1807.8,3000,-1600
01/07/2019 12:30,SCH - HQ - NY,23324,1460,1500,-1000
01/07/2019 12:30,SCH - HQ_CEDARS,325274,199,199,-100
01/07/2019 12:30,SCH - HQ_IMPORT_EXPORT,325376,1310,1310,-9999
01/07/2019 12:30,SCH - NE - NY,23318,-596.61,1400,-1800
01/07/2019 12:30,SCH - NPX_1385,325277,75,200,-200
01/07/2019 12:30,SCH - NPX_CSC,325154,100,330,-330
01/07/2019 12:30,SCH - OH - NY,23317,1270.62,2250,-1900
01/07/2019 12:30,SCH - PJ - NY,23316,286.32,2000,-1300
01/07/2019 12:30,SCH - PJM_HTP,325905,170,660,-660
01/07/2019 12:30,SCH - PJM_NEPTUNE,325305,660,660,-660
01/07/2019 12:30,SCH - PJM_VFT,325658,315,315,-315
01/07/2019 12:30,SPR/DUN-SOUTH,23320,2604.48,4600,-9999
01/07/2019 12:30,TOTAL EAST,23314,4066.97,6800,-9999
01/07/2019 12:30,UPNY CONED,23315,2078.86,5700,-9999
01/07/2019 12:30,WEST CENTRAL,23312,673.82,9999,-9999
01/07/2019 12:35,CENTRAL EAST - VC,23330,2159.29,2730,-9999
01/07/2019 12:35,DYSINGER EAST,23326,1346.5,3150,-9999
01/07/2019 12:35,MOSES SOUTH,23319,1811.74,3000,-1600
01/07/2019 12:35,SCH - HQ - NY,23324,1460,1500,-1000
01/07/2019 12:35,SCH - HQ_CEDARS,325274,199,199,-100
01/07/2019 12:35,SCH - HQ_IMPORT_EXPORT,325376,1310,1310,-9999
01/07/2019 12:35,SCH - NE - NY,23318,-544.35,1400,-1800
01/07/2019 12:35,SCH - NPX_1385,325277,75,200,-200
01/07/2019 12:35,SCH - NPX_CSC,325154,100,330,-330
01/07/2019 12:35,SCH - OH - NY,23317,1270.53,2250,-1900
01/07/2019 12:35,SCH - PJ - NY,23316,275.06,2000,-1300
01/07/2019 12:35,SCH - PJM_HTP,325905,170,660,-660
01/07/2019 12:35,SCH - PJM_NEPTUNE,325305,660,660,-660
01/07/2019 12:35,SCH - PJM_VFT,325658,315,315,-315
01/07/2019 12:35,SPR/DUN-SOUTH,23320,2611.86,4600,-9999
01/07/2019 12:35,TOTAL EAST,23314,4002.47,6800,-9999
01/07/2019 12:35,UPNY CONED,23315,2070.62,5700,-9999
01/07/2019 12:35,WEST CENTRAL,23312,620.78,9999,-9999
01/07/2019 12:40,CENTRAL EAST - VC,23330,2157.3,2730,-9999
01/07/2019 12:40,DYSINGER EAST,23326,1376.65,3150,-9999
01/07/2019 12:40,MOSES SOUTH,23319,1821.54,3000,-1600
01/07/2019 12:40,SCH - HQ - NY,23324,1460,1500,-1000
01/07/2019 12:40,SCH - HQ_CEDARS,325274,199,199,-100
01/07/2019 12:40,SCH - HQ_IMPORT_EXPORT,325376,1310,1310,-9999
01/07/2019 12:40,SCH - NE - NY,23318,-544.3,1400,-1800
01/07/2019 12:40,SCH - NPX_1385,325277,75,200,-200
01/07/2019 12:40,SCH - NPX_CSC,325154,100,330,-330
01/07/2019 12:40,SCH - OH - NY,23317,1270.59,2250,-1900
01/07/2019 12:40,SCH - PJ - NY,23316,273.97,2000,-1300
01/07/2019 12:40,SCH - PJM_HTP,325905,170,660,-660
01/07/2019 12:40,SCH - PJM_NEPTUNE,325305,660,660,-660
01/07/2019 12:40,SCH - PJM_VFT,325658,315,315,-315
01/07/2019 12:40,SPR/DUN-SOUTH,23320,2617.02,4600,-9999
01/07/2019 12:40,TOTAL EAST,23314,4005.94,6800,-9999
01/07/2019 12:40,UPNY CONED,23315,2071.09,5700,-9999
01/07/2019 12:40,WEST CENTRAL,23312,651.27,9999,-9999
01/07/2019 12:45,CENTRAL EAST - VC,23330,2175.95,2730,-9999
01/07/2019 12:45,DYSINGER EAST,23326,1397.57,3150,-9999
01/07/2019 12:45,MOSES SOUTH,23319,1835,3000,-1600
01/07/2019 12:45,SCH - HQ - NY,23324,1460,1500,-1000
01/07/2019 12:45,SCH - HQ_CEDARS,325274,199,199,-100
01/07/2019 12:45,SCH - HQ_IMPORT_EXPORT,325376,1310,1310,-9999
01/07/2019 12:45,SCH - NE - NY,23318,-577.37,1400,-1800
01/07/2019 12:45,SCH - NPX_1385,325277,75,200,-200
01/07/2019 12:45,SCH - NPX_CSC,325154,100,330,-330
01/07/2019 12:45,SCH - OH - NY,23317,1270.72,2250,-1900
01/07/2019 12:45,SCH - PJ - NY,23316,283.02,2000,-1300
01/07/2019 12:45,SCH - PJM_HTP,325905,168,660,-660
01/07/2019 12:45,SCH - PJM_NEPTUNE,325305,660,660,-660
01/07/2019 12:45,SCH - PJM_VFT,325658,315,315,-315
01/07/2019 12:45,SPR/DUN-SOUTH,23320,2623.04,4600,-9999
01/07/2019 12:45,TOTAL EAST,23314,4020.96,6800,-9999
01/07/2019 12:45,UPNY CONED,23315,2066.74,5700,-9999
01/07/2019 12:45,WEST CENTRAL,23312,669.18,9999,-9999
01/07/2019 12:50,CENTRAL EAST - VC,23330,2181.64,2730,-9999
01/07/2019 12:50,DYSINGER EAST,23326,1373.68,3150,-9999
01/07/2019 12:50,MOSES SOUTH,23319,1836.79,3000,-1600
01/07/2019 12:50,SCH - HQ - NY,23324,1460,1500,-1000
01/07/2019 12:50,SCH - HQ_CEDARS,325274,199,199,-100
01/07/2019 12:50,SCH - HQ_IMPORT_EXPORT,325376,1310,1310,-9999
01/07/2019 12:50,SCH - NE - NY,23318,-610.6,1400,-1800
01/07/2019 12:50,SCH - NPX_1385,325277,75,200,-200
01/07/2019 12:50,SCH - NPX_CSC,325154,100,330,-330
01/07/2019 12:50,SCH - OH - NY,23317,1270.72,2250,-1900
01/07/2019 12:50,SCH - PJ - NY,23316,298.26,2000,-1300
01/07/2019 12:50,SCH - PJM_HTP,325905,167,660,-660
01/07/2019 12:50,SCH - PJM_NEPTUNE,325305,660,660,-660
01/07/2019 12:50,SCH - PJM_VFT,325658,315,315,-315
01/07/2019 12:50,SPR/DUN-SOUTH,23320,2624.66,4600,-9999
01/07/2019 12:50,TOTAL EAST,23314,4065.51,6800,-9999
01/07/2019 12:50,UPNY CONED,23315,2067.86,5700,-9999
01/07/2019 12:50,WEST CENTRAL,23312,645.48,9999,-9999
01/07/2019 12:55,CENTRAL EAST - VC,23330,2193.75,2730,-9999
01/07/2019 12:55,DYSINGER EAST,23326,1375.56,3150,-9999
01/07/2019 12:55,MOSES SOUTH,23319,1833.8,3000,-1600
01/07/2019 12:55,SCH - HQ - NY,23324,1460,1500,-1000
01/07/2019 12:55,SCH - HQ_CEDARS,325274,199,199,-100
01/07/2019 12:55,SCH - HQ_IMPORT_EXPORT,325376,1310,1310,-9999
01/07/2019 12:55,SCH - NE - NY,23318,-610.75,1400,-1800
01/07/2019 12:55,SCH - NPX_1385,325277,75,200,-200
01/07/2019 12:55,SCH - NPX_CSC,325154,100,330,-330
01/07/2019 12:55,SCH - OH - NY,23317,1270.6,2250,-1900
01/07/2019 12:55,SCH - PJ - NY,23316,295.46,2000,-1300
01/07/2019 12:55,SCH - PJM_HTP,325905,167,660,-660
01/07/2019 12:55,SCH - PJM_NEPTUNE,325305,660,660,-660
01/07/2019 12:55,SCH - PJM_VFT,325658,315,315,-315
01/07/2019 12:55,SPR/DUN-SOUTH,23320,2627.71,4600,-9999
01/07/2019 12:55,TOTAL EAST,23314,4053.74,6800,-9999
01/07/2019 12:55,UPNY CONED,23315,2060.91,5700,-9999
01/07/2019 12:55,WEST CENTRAL,23312,645.95,9999,-9999
01/07/2019 13:00,CENTRAL EAST - VC,23330,2205.57,2730,-9999
01/07/2019 13:00,DYSINGER EAST,23326,1227.62,3150,-9999
01/07/2019 13:00,MOSES SOUTH,23319,1828.17,3000,-1600
01/07/2019 13:00,SCH - HQ - NY,23324,1460,1500,-1000
01/07/2019 13:00,SCH - HQ_CEDARS,325274,199,199,-100
01/07/2019 13:00,SCH - HQ_IMPORT_EXPORT,325376,1310,1310,-9999
01/07/2019 13:00,SCH - NE - NY,23318,-662.86,1400,-1800
01/07/2019 13:00,SCH - NPX_1385,325277,75,200,-200
01/07/2019 13:00,SCH - NPX_CSC,325154,100,330,-330
01/07/2019 13:00,SCH - OH - NY,23317,1080.35,2250,-1900
01/07/2019 13:00,SCH - PJ - NY,23316,223.53,2000,-1300
01/07/2019 13:00,SCH - PJM_HTP,325905,168,660,-660
01/07/2019 13:00,SCH - PJM_NEPTUNE,325305,660,660,-660
01/07/2019 13:00,SCH - PJM_VFT,325658,315,315,-315
01/07/2019 13:00,SPR/DUN-SOUTH,23320,2533.68,4600,-9999
01/07/2019 13:00,TOTAL EAST,23314,3982.18,6800,-9999
01/07/2019 13:00,UPNY CONED,23315,1936.79,5700,-9999
01/07/2019 13:00,WEST CENTRAL,23312,495.75,9999,-9999
01/07/2019 13:05,CENTRAL EAST - VC,23330,2228.26,2730,-9999
01/07/2019 13:05,DYSINGER EAST,23326,1170.07,3150,-9999
01/07/2019 13:05,MOSES SOUTH,23319,1805.33,3000,-1600
01/07/2019 13:05,SCH - HQ - NY,23324,1460,1500,-1000
01/07/2019 13:05,SCH - HQ_CEDARS,325274,199,199,-100
01/07/2019 13:05,SCH - HQ_IMPORT_EXPORT,325376,1310,1310,-9999
01/07/2019 13:05,SCH - NE - NY,23318,-715.19,1400,-1800
01/07/2019 13:05,SCH - NPX_1385,325277,75,200,-200
01/07/2019 13:05,SCH - NPX_CSC,325154,100,330,-330
01/07/2019 13:05,SCH - OH - NY,23317,890.38,2250,-1900
01/07/2019 13:05,SCH - PJ - NY,23316,154.81,2000,-1300
01/07/2019 13:05,SCH - PJM_HTP,325905,170,660,-660
01/07/2019 13:05,SCH - PJM_NEPTUNE,325305,660,660,-660
01/07/2019 13:05,SCH - PJM_VFT,325658,315,315,-315
01/07/2019 13:05,SPR/DUN-SOUTH,23320,2517.3,4600,-9999
01/07/2019 13:05,TOTAL EAST,23314,3940.12,6800,-9999
01/07/2019 13:05,UPNY CONED,23315,1892.35,5700,-9999
01/07/2019 13:05,WEST CENTRAL,23312,438.51,9999,-9999
01/07/2019 13:10,CENTRAL EAST - VC,23330,2286.62,2730,-9999
01/07/2019 13:10,DYSINGER EAST,23326,1176.37,3150,-9999
01/07/2019 13:10,MOSES SOUTH,23319,1799.39,3000,-1600
01/07/2019 13:10,SCH - HQ - NY,23324,1460,1500,-1000
01/07/2019 13:10,SCH - HQ_CEDARS,325274,199,199,-100
01/07/2019 13:10,SCH - HQ_IMPORT_EXPORT,325376,1310,1310,-9999
01/07/2019 13:10,SCH - NE - NY,23318,-715.22,1400,-1800
01/07/2019 13:10,SCH - NPX_1385,325277,75,200,-200
01/07/2019 13:10,SCH - NPX_CSC,325154,100,330,-330
01/07/2019 13:10,SCH - OH - NY,23317,892.79,2250,-1900
01/07/2019 13:10,SCH - PJ - NY,23316,144.36,2000,-1300
01/07/2019 13:10,SCH - PJM_HTP,325905,170,660,-660
01/07/2019 13:10,SCH - PJM_NEPTUNE,325305,660,660,-660
01/07/2019 13:10,SCH - PJM_VFT,325658,315,315,-315
01/07/2019 13:10,SPR/DUN-SOUTH,23320,2560.2,4600,-9999
01/07/2019 13:10,TOTAL EAST,23314,3953.53,6800,-9999
01/07/2019 13:10,UPNY CONED,23315,1939.57,5700,-9999
01/07/2019 13:10,WEST CENTRAL,23312,441.22,9999,-9999
01/07/2019 13:15,CENTRAL EAST - VC,23330,2327.54,2730,-9999
01/07/2019 13:15,DYSINGER EAST,23326,1169.1,3150,-9999
01/07/2019 13:15,MOSES SOUTH,23319,1824.34,3000,-1600
01/07/2019 13:15,SCH - HQ - NY,23324,1460,1500,-1000
01/07/2019 13:15,SCH - HQ_CEDARS,325274,199,199,-100
01/07/2019 13:15,SCH - HQ_IMPORT_EXPORT,325376,1310,1310,-9999
01/07/2019 13:15,SCH - NE - NY,23318,-715.25,1400,-1800
01/07/2019 13:15,SCH - NPX_1385,325277,75,200,-200
01/07/2019 13:15,SCH - NPX_CSC,325154,100,330,-330
01/07/2019 13:15,SCH - OH - NY,23317,890.14,2250,-1900
01/07/2019 13:15,SCH - PJ - NY,23316,150.5,2000,-1300
01/07/2019 13:15,SCH - PJM_HTP,325905,170,660,-660
01/07/2019 13:15,SCH - PJM_NEPTUNE,325305,660,660,-660
01/07/2019 13:15,SCH - PJM_VFT,325658,315,315,-315
01/07/2019 13:15,SPR/DUN-SOUTH,23320,2600.71,4600,-9999
01/07/2019 13:15,TOTAL EAST,23314,4035.64,6800,-9999
01/07/2019 13:15,UPNY CONED,23315,2000.69,5700,-9999
01/07/2019 13:15,WEST CENTRAL,23312,430.4,9999,-9999
01/07/2019 13:20,CENTRAL EAST - VC,23330,2347.79,2730,-9999
01/07/2019 13:20,DYSINGER EAST,23326,1159.1,3150,-9999
01/07/2019 13:20,MOSES SOUTH,23319,1815.67,3000,-1600
01/07/2019 13:20,SCH - HQ - NY,23324,1460,1500,-1000
01/07/2019 13:20,SCH - HQ_CEDARS,325274,199,199,-100
01/07/2019 13:20,SCH - HQ_IMPORT_EXPORT,325376,1310,1310,-9999
01/07/2019 13:20,SCH - NE - NY,23318,-715.2,1400,-1800
01/07/2019 13:20,SCH - NPX_1385,325277,75,200,-200
01/07/2019 13:20,SCH - NPX_CSC,325154,100,330,-330
01/07/2019 13:20,SCH - OH - NY,23317,892.48,2250,-1900
01/07/2019 13:20,SCH - PJ - NY,23316,147.1,2000,-1300
01/07/2019 13:20,SCH - PJM_HTP,325905,170,660,-660
01/07/2019 13:20,SCH - PJM_NEPTUNE,325305,660,660,-660
01/07/2019 13:20,SCH - PJM_VFT,325658,315,315,-315
01/07/2019 13:20,SPR/DUN-SOUTH,23320,2624.03,4600,-9999
01/07/2019 13:20,TOTAL EAST,23314,4067.36,6800,-9999
01/07/2019 13:20,UPNY CONED,23315,2026.74,5700,-9999
01/07/2019 13:20,WEST CENTRAL,23312,419.43,9999,-9999
01/07/2019 13:25,CENTRAL EAST - VC,23330,2338.04,2730,-9999
01/07/2019 13:25,DYSINGER EAST,23326,1134.37,3150,-9999
01/07/2019 13:25,MOSES SOUTH,23319,1806.2,3000,-1600
01/07/2019 13:25,SCH - HQ - NY,23324,1460,1500,-1000
01/07/2019 13:25,SCH - HQ_CEDARS,325274,199,199,-100
01/07/2019 13:25,SCH - HQ_IMPORT_EXPORT,325376,1310,1310,-9999
01/07/2019 13:25,SCH - NE - NY,23318,-715.19,1400,-1800
01/07/2019 13:25,SCH - NPX_1385,325277,75,200,-200
01/07/2019 13:25,SCH - NPX_CSC,325154,100,330,-330
01/07/2019 13:25,SCH - OH - NY,23317,891.09,2250,-1900
01/07/2019 13:25,SCH - PJ - NY,23316,145.66,2000,-1300
01/07/2019 13:25,SCH - PJM_HTP,325905,170,660,-660
01/07/2019 13:25,SCH - PJM_NEPTUNE,325305,660,660,-660
01/07/2019 13:25,SCH - PJM_VFT,325658,315,315,-315
01/07/2019 13:25,SPR/DUN-SOUTH,23320,2639.46,4600,-9999
01/07/2019 13:25,TOTAL EAST,23314,4096.51,6800,-9999
01/07/2019 13:25,UPNY CONED,23315,2041.73,5700,-9999
01/07/2019 13:25,WEST CENTRAL,23312,395.89,9999,-9999
01/07/2019 13:30,CENTRAL EAST - VC,23330,2329.71,2730,-9999
01/07/2019 13:30,DYSINGER EAST,23326,1124.83,3150,-9999
01/07/2019 13:30,MOSES SOUTH,23319,1798.42,3000,-1600
01/07/2019 13:30,SCH - HQ - NY,23324,1460,1500,-1000
01/07/2019 13:30,SCH - HQ_CEDARS,325274,199,199,-100
01/07/2019 13:30,SCH - HQ_IMPORT_EXPORT,325376,1310,1310,-9999
01/07/2019 13:30,SCH - NE - NY,23318,-715.24,1400,-1800
01/07/2019 13:30,SCH - NPX_1385,325277,75,200,-200
01/07/2019 13:30,SCH - NPX_CSC,325154,100,330,-330
01/07/2019 13:30,SCH - OH - NY,23317,891.73,2250,-1900
01/07/2019 13:30,SCH - PJ - NY,23316,146.93,2000,-1300
01/07/2019 13:30,SCH - PJM_HTP,325905,170,660,-660
01/07/2019 13:30,SCH - PJM_NEPTUNE,325305,660,660,-660
01/07/2019 13:30,SCH - PJM_VFT,325658,315,315,-315
01/07/2019 13:30,SPR/DUN-SOUTH,23320,2630.66,4600,-9999
01/07/2019 13:30,TOTAL EAST,23314,4103.81,6800,-9999
01/07/2019 13:30,UPNY CONED,23315,2029.07,5700,-9999
01/07/2019 13:30,WEST CENTRAL,23312,385.53,9999,-9999
01/07/2019 13:35,CENTRAL EAST - VC,23330,2320.19,2730,-9999
01/07/2019 13:35,DYSINGER EAST,23326,1099.66,3150,-9999
01/07/2019 13:35,MOSES SOUTH,23319,1792.28,3000,-1600
01/07/2019 13:35,SCH - HQ - NY,23324,1460,1500,-1000
01/07/2019 13:35,SCH - HQ_CEDARS,325274,199,199,-100
01/07/2019 13:35,SCH - HQ_IMPORT_EXPORT,325376,1310,1310,-9999
01/07/2019 13:35,SCH - NE - NY,23318,-715.22,1400,-1800
01/07/2019 13:35,SCH - NPX_1385,325277,75,200,-200
01/07/2019 13:35,SCH - NPX_CSC,325154,100,330,-330
01/07/2019 13:35,SCH - OH - NY,23317,889.36,2250,-1900
01/07/2019 13:35,SCH - PJ - NY,23316,147.56,2000,-1300
01/07/2019 13:35,SCH - PJM_HTP,325905,170,660,-660
01/07/2019 13:35,SCH - PJM_NEPTUNE,325305,660,660,-660
01/07/2019 13:35,SCH - PJM_VFT,325658,315,315,-315
01/07/2019 13:35,SPR/DUN-SOUTH,23320,2617.41,4600,-9999
01/07/2019 13:35,TOTAL EAST,23314,4096.81,6800,-9999
01/07/2019 13:35,UPNY CONED,23315,2012.92,5700,-9999
01/07/2019 13:35,WEST CENTRAL,23312,361.48,9999,-9999
01/07/2019 13:40,CENTRAL EAST - VC,23330,2328.39,2730,-9999
01/07/2019 13:40,DYSINGER EAST,23326,1129.57,3150,-9999
01/07/2019 13:40,MOSES SOUTH,23319,1795.86,3000,-1600
01/07/2019 13:40,SCH - HQ - NY,23324,1460,1500,-1000
01/07/2019 13:40,SCH - HQ_CEDARS,325274,199,199,-100
01/07/2019 13:40,SCH - HQ_IMPORT_EXPORT,325376,1310,1310,-9999
01/07/2019 13:40,SCH - NE - NY,23318,-715.19,1400,-1800
01/07/2019 13:40,SCH - NPX_1385,325277,75,200,-200
01/07/2019 13:40,SCH - NPX_CSC,325154,100,330,-330
01/07/2019 13:40,SCH - OH - NY,23317,891.58,2250,-1900
01/07/2019 13:40,SCH - PJ - NY,23316,144.86,2000,-1300
01/07/2019 13:40,SCH - PJM_HTP,325905,170,660,-660
01/07/2019 13:40,SCH - PJM_NEPTUNE,325305,660,660,-660
01/07/2019 13:40,SCH - PJM_VFT,325658,315,315,-315
01/07/2019 13:40,SPR/DUN-SOUTH,23320,2604.12,4600,-9999
01/07/2019 13:40,TOTAL EAST,23314,4093.04,6800,-9999
01/07/2019 13:40,UPNY CONED,23315,2002.62,5700,-9999
01/07/2019 13:40,WEST CENTRAL,23312,392.46,9999,-9999
01/07/2019 13:45,CENTRAL EAST - VC,23330,2313.35,2730,-9999
01/07/2019 13:45,DYSINGER EAST,23326,1094.42,3150,-9999
01/07/2019 13:45,MOSES SOUTH,23319,1805.4,3000,-1600
01/07/2019 13:45,SCH - HQ - NY,23324,1460,1500,-1000
01/07/2019 13:45,SCH - HQ_CEDARS,325274,199,199,-100
01/07/2019 13:45,SCH - HQ_IMPORT_EXPORT,325376,1310,1310,-9999
01/07/2019 13:45,SCH - NE - NY,23318,-715.18,1400,-1800
01/07/2019 13:45,SCH - NPX_1385,325277,75,200,-200
01/07/2019 13:45,SCH - NPX_CSC,325154,100,330,-330
01/07/2019 13:45,SCH - OH - NY,23317,891.53,2250,-1900
01/07/2019 13:45,SCH - PJ - NY,23316,137.22,2000,-1300
01/07/2019 13:45,SCH - PJM_HTP,325905,170,660,-660
01/07/2019 13:45,SCH - PJM_NEPTUNE,325305,660,660,-660
01/07/2019 13:45,SCH - PJM_VFT,325658,315,315,-315
01/07/2019 13:45,SPR/DUN-SOUTH,23320,2583.61,4600,-9999
01/07/2019 13:45,TOTAL EAST,23314,4076.9,6800,-9999
01/07/2019 13:45,UPNY CONED,23315,1981.2,5700,-9999
01/07/2019 13:45,WEST CENTRAL,23312,359.8,9999,-9999
01/07/2019 13:50,CENTRAL EAST - VC,23330,2341.55,2730,-9999
01/07/2019 13:50,DYSINGER EAST,23326,1120.11,3150,-9999
01/07/2019 13:50,MOSES SOUTH,23319,1798.14,3000,-1600
01/07/2019 13:50,SCH - HQ - NY,23324,1460,1500,-1000
01/07/2019 13:50,SCH - HQ_CEDARS,325274,199,199,-100
01/07/2019 13:50,SCH - HQ_IMPORT_EXPORT,325376,1310,1310,-9999
01/07/2019 13:50,SCH - NE - NY,23318,-715.27,1400,-1800
01/07/2019 13:50,SCH - NPX_1385,325277,75,200,-200
01/07/2019 13:50,SCH - NPX_CSC,325154,100,330,-330
01/07/2019 13:50,SCH - OH - NY,23317,890.35,2250,-1900
01/07/2019 13:50,SCH - PJ - NY,23316,127.94,2000,-1300
01/07/2019 13:50,SCH - PJM_HTP,325905,170,660,-660
01/07/2019 13:50,SCH - PJM_NEPTUNE,325305,660,660,-660
01/07/2019 13:50,SCH - PJM_VFT,325658,315,315,-315
01/07/2019 13:50,SPR/DUN-SOUTH,23320,2591.39,4600,-9999
01/07/2019 13:50,TOTAL EAST,23314,4077.89,6800,-9999
01/07/2019 13:50,UPNY CONED,23315,1994.73,5700,-9999
01/07/2019 13:50,WEST CENTRAL,23312,388.1,9999,-9999
01/07/2019 13:55,CENTRAL EAST - VC,23330,2334.66,2730,-9999
01/07/2019 13:55,DYSINGER EAST,23326,1135.49,3150,-9999
01/07/2019 13:55,MOSES SOUTH,23319,1815.31,3000,-1600
01/07/2019 13:55,SCH - HQ - NY,23324,1460,1500,-1000
01/07/2019 13:55,SCH - HQ_CEDARS,325274,199,199,-100
01/07/2019 13:55,SCH - HQ_IMPORT_EXPORT,325376,1310,1310,-9999
01/07/2019 13:55,SCH - NE - NY,23318,-715.21,1400,-1800
01/07/2019 13:55,SCH - NPX_1385,325277,75,200,-200
01/07/2019 13:55,SCH - NPX_CSC,325154,100,330,-330
01/07/2019 13:55,SCH - OH - NY,23317,894.39,2250,-1900
01/07/2019 13:55,SCH - PJ - NY,23316,127.43,2000,-1300
01/07/2019 13:55,SCH - PJM_HTP,325905,170,660,-660
01/07/2019 13:55,SCH - PJM_NEPTUNE,325305,660,660,-660
01/07/2019 13:55,SCH - PJM_VFT,325658,315,315,-315
01/07/2019 13:55,SPR/DUN-SOUTH,23320,2573.54,4600,-9999
01/07/2019 13:55,TOTAL EAST,23314,4072.68,6800,-9999
01/07/2019 13:55,UPNY CONED,23315,1982.42,5700,-9999
01/07/2019 13:55,WEST CENTRAL,23312,401.1,9999,-9999
01/07/2019 14:00,CENTRAL EAST - VC,23330,2329.94,2730,-9999
01/07/2019 14:00,DYSINGER EAST,23326,1121.64,3150,-9999
01/07/2019 14:00,MOSES SOUTH,23319,1800.08,3000,-1600
01/07/2019 14:00,SCH - HQ - NY,23324,1460,1500,-1000
01/07/2019 14:00,SCH - HQ_CEDARS,325274,199,199,-100
01/07/2019 14:00,SCH - HQ_IMPORT_EXPORT,325376,1310,1310,-9999
01/07/2019 14:00,SCH - NE - NY,23318,-819.46,1400,-1800
01/07/2019 14:00,SCH - NPX_1385,325277,87,200,-200
01/07/2019 14:00,SCH - NPX_CSC,325154,100,330,-330
01/07/2019 14:00,SCH - OH - NY,23317,822.32,2250,-1900
01/07/2019 14:00,SCH - PJ - NY,23316,164.94,2000,-1300
01/07/2019 14:00,SCH - PJM_HTP,325905,170,660,-660
01/07/2019 14:00,SCH - PJM_NEPTUNE,325305,660,660,-660
01/07/2019 14:00,SCH - PJM_VFT,325658,315,315,-315
01/07/2019 14:00,SPR/DUN-SOUTH,23320,2552.85,4600,-9999
01/07/2019 14:00,TOTAL EAST,23314,4088.43,6800,-9999
01/07/2019 14:00,UPNY CONED,23315,1946.93,5700,-9999
01/07/2019 14:00,WEST CENTRAL,23312,389.41,9999,-9999
01/07/2019 14:05,CENTRAL EAST - VC,23330,2363.13,2730,-9999
01/07/2019 14:05,DYSINGER EAST,23326,1128.88,3150,-9999
01/07/2019 14:05,MOSES SOUTH,23319,1799.72,3000,-1600
01/07/2019 14:05,SCH - HQ - NY,23324,1460,1500,-1000
01/07/2019 14:05,SCH - HQ_CEDARS,325274,199,199,-100
01/07/2019 14:05,SCH - HQ_IMPORT_EXPORT,325376,1310,1310,-9999
01/07/2019 14:05,SCH - NE - NY,23318,-924.83,1400,-1800
01/07/2019 14:05,SCH - NPX_1385,325277,100,200,-200
01/07/2019 14:05,SCH - NPX_CSC,325154,100,330,-330
01/07/2019 14:05,SCH - OH - NY,23317,755.47,2250,-1900
01/07/2019 14:05,SCH - PJ - NY,23316,198.12,2000,-1300
01/07/2019 14:05,SCH - PJM_HTP,325905,170,660,-660
01/07/2019 14:05,SCH - PJM_NEPTUNE,325305,660,660,-660
01/07/2019 14:05,SCH - PJM_VFT,325658,315,315,-315
01/07/2019 14:05,SPR/DUN-SOUTH,23320,2530.69,4600,-9999
01/07/2019 14:05,TOTAL EAST,23314,4149.42,6800,-9999
01/07/2019 14:05,UPNY CONED,23315,1932.61,5700,-9999
01/07/2019 14:05,WEST CENTRAL,23312,396.72,9999,-9999
01/07/2019 14:10,CENTRAL EAST - VC,23330,2414.22,2730,-9999
01/07/2019 14:10,DYSINGER EAST,23326,1170.5,3150,-9999
01/07/2019 14:10,MOSES SOUTH,23319,1776.4,3000,-1600
01/07/2019 14:10,SCH - HQ - NY,23324,1460,1500,-1000
01/07/2019 14:10,SCH - HQ_CEDARS,325274,199,199,-100
01/07/2019 14:10,SCH - HQ_IMPORT_EXPORT,325376,1310,1310,-9999
01/07/2019 14:10,SCH - NE - NY,23318,-924.8,1400,-1800
01/07/2019 14:10,SCH - NPX_1385,325277,100,200,-200
01/07/2019 14:10,SCH - NPX_CSC,325154,100,330,-330
01/07/2019 14:10,SCH - OH - NY,23317,755.31,2250,-1900
01/07/2019 14:10,SCH - PJ - NY,23316,201.37,2000,-1300
01/07/2019 14:10,SCH - PJM_HTP,325905,170,660,-660
01/07/2019 14:10,SCH - PJM_NEPTUNE,325305,660,660,-660
01/07/2019 14:10,SCH - PJM_VFT,325658,315,315,-315
01/07/2019 14:10,SPR/DUN-SOUTH,23320,2569.98,4600,-9999
01/07/2019 14:10,TOTAL EAST,23314,4181.97,6800,-9999
01/07/2019 14:10,UPNY CONED,23315,2005.69,5700,-9999
01/07/2019 14:10,WEST CENTRAL,23312,440.08,9999,-9999
01/07/2019 14:15,CENTRAL EAST - VC,23330,2391.45,2730,-9999
01/07/2019 14:15,DYSINGER EAST,23326,1156.67,3150,-9999
01/07/2019 14:15,MOSES SOUTH,23319,1733.21,3000,-1600
01/07/2019 14:15,SCH - HQ - NY,23324,1460,1500,-1000
01/07/2019 14:15,SCH - HQ_CEDARS,325274,199,199,-100
01/07/2019 14:15,SCH - HQ_IMPORT_EXPORT,325376,1310,1310,-9999
01/07/2019 14:15,SCH - NE - NY,23318,-924.67,1400,-1800
01/07/2019 14:15,SCH - NPX_1385,325277,100,200,-200
01/07/2019 14:15,SCH - NPX_CSC,325154,100,330,-330
01/07/2019 14:15,SCH - OH - NY,23317,759.51,2250,-1900
01/07/2019 14:15,SCH - PJ - NY,23316,197.91,2000,-1300
01/07/2019 14:15,SCH - PJM_HTP,325905,170,660,-660
01/07/2019 14:15,SCH - PJM_NEPTUNE,325305,660,660,-660
01/07/2019 14:15,SCH - PJM_VFT,325658,315,315,-315
01/07/2019 14:15,SPR/DUN-SOUTH,23320,2557.28,4600,-9999
01/07/2019 14:15,TOTAL EAST,23314,4216.21,6800,-9999
01/07/2019 14:15,UPNY CONED,23315,2032.9,5700,-9999
01/07/2019 14:15,WEST CENTRAL,23312,422.3,9999,-9999
01/07/2019 14:20,CENTRAL EAST - VC,23330,2385.31,2730,-9999
01/07/2019 14:20,DYSINGER EAST,23326,1123.58,3150,-9999
01/07/2019 14:20,MOSES SOUTH,23319,1736.81,3000,-1600
01/07/2019 14:20,SCH - HQ - NY,23324,1460,1500,-1000
01/07/2019 14:20,SCH - HQ_CEDARS,325274,199,199,-100
01/07/2019 14:20,SCH - HQ_IMPORT_EXPORT,325376,1310,1310,-9999
01/07/2019 14:20,SCH - NE - NY,23318,-924.66,1400,-1800
01/07/2019 14:20,SCH - NPX_1385,325277,100,200,-200
01/07/2019 14:20,SCH - NPX_CSC,325154,100,330,-330
01/07/2019 14:20,SCH - OH - NY,23317,757.72,2250,-1900
01/07/2019 14:20,SCH - PJ - NY,23316,198.77,2000,-1300
01/07/2019 14:20,SCH - PJM_HTP,325905,170,660,-660
01/07/2019 14:20,SCH - PJM_NEPTUNE,325305,660,660,-660
01/07/2019 14:20,SCH - PJM_VFT,325658,315,315,-315
01/07/2019 14:20,SPR/DUN-SOUTH,23320,2509.95,4600,-9999
01/07/2019 14:20,TOTAL EAST,23314,4222.22,6800,-9999
01/07/2019 14:20,UPNY CONED,23315,2022.03,5700,-9999
01/07/2019 14:20,WEST CENTRAL,23312,390.76,9999,-9999
01/07/2019 14:25,CENTRAL EAST - VC,23330,2354.32,2730,-9999
01/07/2019 14:25,DYSINGER EAST,23326,1085.24,3150,-9999
01/07/2019 14:25,MOSES SOUTH,23319,1726.4,3000,-1600
01/07/2019 14:25,SCH - HQ - NY,23324,1460,1500,-1000
01/07/2019 14:25,SCH - HQ_CEDARS,325274,199,199,-100
01/07/2019 14:25,SCH - HQ_IMPORT_EXPORT,325376,1310,1310,-9999
01/07/2019 14:25,SCH - NE - NY,23318,-924.61,1400,-1800
01/07/2019 14:25,SCH - NPX_1385,325277,100,200,-200
01/07/2019 14:25,SCH - NPX_CSC,325154,100,330,-330
01/07/2019 14:25,SCH - OH - NY,23317,756.03,2250,-1900
01/07/2019 14:25,SCH - PJ - NY,23316,198.02,2000,-1300
01/07/2019 14:25,SCH - PJM_HTP,325905,170,660,-660
01/07/2019 14:25,SCH - PJM_NEPTUNE,325305,660,660,-660
01/07/2019 14:25,SCH - PJM_VFT,325658,315,315,-315
01/07/2019 14:25,SPR/DUN-SOUTH,23320,2475.22,4600,-9999
01/07/2019 14:25,TOTAL EAST,23314,4226.01,6800,-9999
01/07/2019 14:25,UPNY CONED,23315,1991.49,5700,-9999
01/07/2019 14:25,WEST CENTRAL,23312,350.87,9999,-9999
01/07/2019 14:30,CENTRAL EAST - VC,23330,2364.05,2730,-9999
01/07/2019 14:30,DYSINGER EAST,23326,1097.95,3150,-9999
01/07/2019 14:30,MOSES SOUTH,23319,1726.63,3000,-1600
01/07/2019 14:30,SCH - HQ - NY,23324,1460,1500,-1000
01/07/2019 14:30,SCH - HQ_CEDARS,325274,199,199,-100
01/07/2019 14:30,SCH - HQ_IMPORT_EXPORT,325376,1310,1310,-9999
01/07/2019 14:30,SCH - NE - NY,23318,-924.56,1400,-1800
01/07/2019 14:30,SCH - NPX_1385,325277,100,200,-200
01/07/2019 14:30,SCH - NPX_CSC,325154,100,330,-330
01/07/2019 14:30,SCH - OH - NY,23317,757.38,2250,-1900
01/07/2019 14:30,SCH - PJ - NY,23316,197.78,2000,-1300
01/07/2019 14:30,SCH - PJM_HTP,325905,170,660,-660
01/07/2019 14:30,SCH - PJM_NEPTUNE,325305,660,660,-660
01/07/2019 14:30,SCH - PJM_VFT,325658,315,315,-315
01/07/2019 14:30,SPR/DUN-SOUTH,23320,2464.19,4600,-9999
01/07/2019 14:30,TOTAL EAST,23314,4221.03,6800,-9999
01/07/2019 14:30,UPNY CONED,23315,1991.05,5700,-9999
01/07/2019 14:30,WEST CENTRAL,23312,361.44,9999,-9999
01/07/2019 14:35,CENTRAL EAST - VC,23330,2397.24,2730,-9999
01/07/2019 14:35,DYSINGER EAST,23326,1123.7,3150,-9999
01/07/2019 14:35,MOSES SOUTH,23319,1721.54,3000,-1600
01/07/2019 14:35,SCH - HQ - NY,23324,1460,1500,-1000
01/07/2019 14:35,SCH - HQ_CEDARS,325274,199,199,-100
01/07/2019 14:35,SCH - HQ_IMPORT_EXPORT,325376,1310,1310,-9999
01/07/2019 14:35,SCH - NE - NY,23318,-924.66,1400,-1800
01/07/2019 14:35,SCH - NPX_1385,325277,100,200,-200
01/07/2019 14:35,SCH - NPX_CSC,325154,100,330,-330
01/07/2019 14:35,SCH - OH - NY,23317,756.76,2250,-1900
01/07/2019 14:35,SCH - PJ - NY,23316,200.04,2000,-1300
01/07/2019 14:35,SCH - PJM_HTP,325905,170,660,-660
01/07/2019 14:35,SCH - PJM_NEPTUNE,325305,660,660,-660
01/07/2019 14:35,SCH - PJM_VFT,325658,315,315,-315
01/07/2019 14:35,SPR/DUN-SOUTH,23320,2480.43,4600,-9999
01/07/2019 14:35,TOTAL EAST,23314,4246.69,6800,-9999
01/07/2019 14:35,UPNY CONED,23315,2015.4,5700,-9999
01/07/2019 14:35,WEST CENTRAL,23312,386.96,9999,-9999
01/07/2019 14:40,CENTRAL EAST - VC,23330,2395.85,2730,-9999
01/07/2019 14:40,DYSINGER EAST,23326,1105.4,3150,-9999
01/07/2019 14:40,MOSES SOUTH,23319,1728.43,3000,-1600
01/07/2019 14:40,SCH - HQ - NY,23324,1460,1500,-1000
01/07/2019 14:40,SCH - HQ_CEDARS,325274,199,199,-100
01/07/2019 14:40,SCH - HQ_IMPORT_EXPORT,325376,1310,1310,-9999
01/07/2019 14:40,SCH - NE - NY,23318,-924.56,1400,-1800
01/07/2019 14:40,SCH - NPX_1385,325277,100,200,-200
01/07/2019 14:40,SCH - NPX_CSC,325154,100,330,-330
01/07/2019 14:40,SCH - OH - NY,23317,756.67,2250,-1900
01/07/2019 14:40,SCH - PJ - NY,23316,199.41,2000,-1300
01/07/2019 14:40,SCH - PJM_HTP,325905,170,660,-660
01/07/2019 14:40,SCH - PJM_NEPTUNE,325305,660,660,-660
01/07/2019 14:40,SCH - PJM_VFT,325658,315,315,-315
01/07/2019 14:40,SPR/DUN-SOUTH,23320,2483.52,4600,-9999
01/07/2019 14:40,TOTAL EAST,23314,4276.69,6800,-9999
01/07/2019 14:40,UPNY CONED,23315,2017.66,5700,-9999
01/07/2019 14:40,WEST CENTRAL,23312,367.8,9999,-9999
01/07/2019 14:45,CENTRAL EAST - VC,23330,2444.43,2730,-9999
01/07/2019 14:45,DYSINGER EAST,23326,1162.66,3150,-9999
01/07/2019 14:45,MOSES SOUTH,23319,1754,3000,-1600
01/07/2019 14:45,SCH - HQ - NY,23324,1460,1500,-1000
01/07/2019 14:45,SCH - HQ_CEDARS,325274,199,199,-100
01/07/2019 14:45,SCH - HQ_IMPORT_EXPORT,325376,1310,1310,-9999
01/07/2019 14:45,SCH - NE - NY,23318,-924.32,1400,-1800
01/07/2019 14:45,SCH - NPX_1385,325277,100,200,-200
01/07/2019 14:45,SCH - NPX_CSC,325154,100,330,-330
01/07/2019 14:45,SCH - OH - NY,23317,755.2,2250,-1900
01/07/2019 14:45,SCH - PJ - NY,23316,199.96,2000,-1300
01/07/2019 14:45,SCH - PJM_HTP,325905,170,660,-660
01/07/2019 14:45,SCH - PJM_NEPTUNE,325305,660,660,-660
01/07/2019 14:45,SCH - PJM_VFT,325658,315,315,-315
01/07/2019 14:45,SPR/DUN-SOUTH,23320,2511.81,4600,-9999
01/07/2019 14:45,TOTAL EAST,23314,4269.79,6800,-9999
01/07/2019 14:45,UPNY CONED,23315,2035.86,5700,-9999
01/07/2019 14:45,WEST CENTRAL,23312,425.05,9999,-9999
01/07/2019 14:50,CENTRAL EAST - VC,23330,2437.05,2730,-9999
01/07/2019 14:50,DYSINGER EAST,23326,1145.66,3150,-9999
01/07/2019 14:50,MOSES SOUTH,23319,1760.57,3000,-1600
01/07/2019 14:50,SCH - HQ - NY,23324,1460,1500,-1000
01/07/2019 14:50,SCH - HQ_CEDARS,325274,199,199,-100
01/07/2019 14:50,SCH - HQ_IMPORT_EXPORT,325376,1310,1310,-9999
01/07/2019 14:50,SCH - NE - NY,23318,-924.39,1400,-1800
01/07/2019 14:50,SCH - NPX_1385,325277,100,200,-200
01/07/2019 14:50,SCH - NPX_CSC,325154,100,330,-330
01/07/2019 14:50,SCH - OH - NY,23317,755.16,2250,-1900
01/07/2019 14:50,SCH - PJ - NY,23316,196.63,2000,-1300
01/07/2019 14:50,SCH - PJM_HTP,325905,170,660,-660
01/07/2019 14:50,SCH - PJM_NEPTUNE,325305,660,660,-660
01/07/2019 14:50,SCH - PJM_VFT,325658,315,315,-315
01/07/2019 14:50,SPR/DUN-SOUTH,23320,2503.29,4600,-9999
01/07/2019 14:50,TOTAL EAST,23314,4281.81,6800,-9999
01/07/2019 14:50,UPNY CONED,23315,2020.46,5700,-9999
01/07/2019 14:50,WEST CENTRAL,23312,406.4,9999,-9999
01/07/2019 14:55,CENTRAL EAST - VC,23330,2453.51,2730,-9999
01/07/2019 14:55,DYSINGER EAST,23326,1159.63,3150,-9999
01/07/2019 14:55,MOSES SOUTH,23319,1738.56,3000,-1600
01/07/2019 14:55,SCH - HQ - NY,23324,1460,1500,-1000
01/07/2019 14:55,SCH - HQ_CEDARS,325274,199,199,-100
01/07/2019 14:55,SCH - HQ_IMPORT_EXPORT,325376,1310,1310,-9999
01/07/2019 14:55,SCH - NE - NY,23318,-924.45,1400,-1800
01/07/2019 14:55,SCH - NPX_1385,325277,100,200,-200
01/07/2019 14:55,SCH - NPX_CSC,325154,100,330,-330
01/07/2019 14:55,SCH - OH - NY,23317,756.01,2250,-1900
01/07/2019 14:55,SCH - PJ - NY,23316,200.35,2000,-1300
01/07/2019 14:55,SCH - PJM_HTP,325905,170,660,-660
01/07/2019 14:55,SCH - PJM_NEPTUNE,325305,660,660,-660
01/07/2019 14:55,SCH - PJM_VFT,325658,315,315,-315
01/07/2019 14:55,SPR/DUN-SOUTH,23320,2518.7,4600,-9999
01/07/2019 14:55,TOTAL EAST,23314,4306.35,6800,-9999
01/07/2019 14:55,UPNY CONED,23315,2040.95,5700,-9999
01/07/2019 14:55,WEST CENTRAL,23312,417.91,9999,-9999
01/07/2019 15:00,CENTRAL EAST - VC,23330,2388.58,2730,-9999
01/07/2019 15:00,DYSINGER EAST,23326,1193.21,3150,-9999
01/07/2019 15:00,MOSES SOUTH,23319,1739.55,3000,-1600
01/07/2019 15:00,SCH - HQ - NY,23324,1460,1500,-1000
01/07/2019 15:00,SCH - HQ_CEDARS,325274,172,199,-100
01/07/2019 15:00,SCH - HQ_IMPORT_EXPORT,325376,1310,1310,-9999
01/07/2019 15:00,SCH - NE - NY,23318,-910.56,1400,-1800
01/07/2019 15:00,SCH - NPX_1385,325277,100,200,-200
01/07/2019 15:00,SCH - NPX_CSC,325154,75,330,-330
01/07/2019 15:00,SCH - OH - NY,23317,781.14,2250,-1900
01/07/2019 15:00,SCH - PJ - NY,23316,250.33,2000,-1300
01/07/2019 15:00,SCH - PJM_HTP,325905,140,660,-660
01/07/2019 15:00,SCH - PJM_NEPTUNE,325305,660,660,-660
01/07/2019 15:00,SCH - PJM_VFT,325658,315,315,-315
01/07/2019 15:00,SPR/DUN-SOUTH,23320,2525.9,4600,-9999
01/07/2019 15:00,TOTAL EAST,23314,4258.91,6800,-9999
01/07/2019 15:00,UPNY CONED,23315,2062.3,5700,-9999
01/07/2019 15:00,WEST CENTRAL,23312,453.21,9999,-9999
01/07/2019 15:05,CENTRAL EAST - VC,23330,2407.91,2730,-9999
01/07/2019 15:05,DYSINGER EAST,23326,1231.69,3150,-9999
01/07/2019 15:05,MOSES SOUTH,23319,1721.74,3000,-1600
01/07/2019 15:05,SCH - HQ - NY,23324,1460,1500,-1000
01/07/2019 15:05,SCH - HQ_CEDARS,325274,145,199,-100
01/07/2019 15:05,SCH - HQ_IMPORT_EXPORT,325376,1310,1310,-9999
01/07/2019 15:05,SCH - NE - NY,23318,-896.45,1400,-1800
01/07/2019 15:05,SCH - NPX_1385,325277,100,200,-200
01/07/2019 15:05,SCH - NPX_CSC,325154,50,330,-330
01/07/2019 15:05,SCH - OH - NY,23317,811.29,2250,-1900
01/07/2019 15:05,SCH - PJ - NY,23316,297.16,2000,-1300
01/07/2019 15:05,SCH - PJM_HTP,325905,110,660,-660
01/07/2019 15:05,SCH - PJM_NEPTUNE,325305,660,660,-660
01/07/2019 15:05,SCH - PJM_VFT,325658,315,315,-315
01/07/2019 15:05,SPR/DUN-SOUTH,23320,2531.39,4600,-9999
01/07/2019 15:05,TOTAL EAST,23314,4309.53,6800,-9999
01/07/2019 15:05,UPNY CONED,23315,2084.87,5700,-9999
01/07/2019 15:05,WEST CENTRAL,23312,491.97,9999,-9999
01/07/2019 15:10,CENTRAL EAST - VC,23330,2440.07,2730,-9999
01/07/2019 15:10,DYSINGER EAST,23326,1255.66,3150,-9999
01/07/2019 15:10,MOSES SOUTH,23319,1743.88,3000,-1600
01/07/2019 15:10,SCH - HQ - NY,23324,1460,1500,-1000
01/07/2019 15:10,SCH - HQ_CEDARS,325274,145,199,-100
01/07/2019 15:10,SCH - HQ_IMPORT_EXPORT,325376,1310,1310,-9999
01/07/2019 15:10,SCH - NE - NY,23318,-896.32,1400,-1800
01/07/2019 15:10,SCH - NPX_1385,325277,100,200,-200
01/07/2019 15:10,SCH - NPX_CSC,325154,50,330,-330
01/07/2019 15:10,SCH - OH - NY,23317,811.52,2250,-1900
01/07/2019 15:10,SCH - PJ - NY,23316,296.86,2000,-1300
01/07/2019 15:10,SCH - PJM_HTP,325905,110,660,-660
01/07/2019 15:10,SCH - PJM_NEPTUNE,325305,660,660,-660
01/07/2019 15:10,SCH - PJM_VFT,325658,315,315,-315
01/07/2019 15:10,SPR/DUN-SOUTH,23320,2516.13,4600,-9999
01/07/2019 15:10,TOTAL EAST,23314,4326.99,6800,-9999
01/07/2019 15:10,UPNY CONED,23315,2079.9,5700,-9999
01/07/2019 15:10,WEST CENTRAL,23312,514.86,9999,-9999
01/07/2019 15:15,CENTRAL EAST - VC,23330,2438.84,2730,-9999
01/07/2019 15:15,DYSINGER EAST,23326,1247.83,3150,-9999
01/07/2019 15:15,MOSES SOUTH,23319,1756.97,3000,-1600
01/07/2019 15:15,SCH - HQ - NY,23324,1460,1500,-1000
01/07/2019 15:15,SCH - HQ_CEDARS,325274,145,199,-100
01/07/2019 15:15,SCH - HQ_IMPORT_EXPORT,325376,1310,1310,-9999
01/07/2019 15:15,SCH - NE - NY,23318,-895.99,1400,-1800
01/07/2019 15:15,SCH - NPX_1385,325277,100,200,-200
01/07/2019 15:15,SCH - NPX_CSC,325154,50,330,-330
01/07/2019 15:15,SCH - OH - NY,23317,811.89,2250,-1900
01/07/2019 15:15,SCH - PJ - NY,23316,295.29,2000,-1300
01/07/2019 15:15,SCH - PJM_HTP,325905,110,660,-660
01/07/2019 15:15,SCH - PJM_NEPTUNE,325305,660,660,-660
01/07/2019 15:15,SCH - PJM_VFT,325658,315,315,-315
01/07/2019 15:15,SPR/DUN-SOUTH,23320,2523.34,4600,-9999
01/07/2019 15:15,TOTAL EAST,23314,4319.95,6800,-9999
01/07/2019 15:15,UPNY CONED,23315,2101.02,5700,-9999
01/07/2019 15:15,WEST CENTRAL,23312,505.77,9999,-9999
01/07/2019 15:20,CENTRAL EAST - VC,23330,2427.4,2730,-9999
01/07/2019 15:20,DYSINGER EAST,23326,1232.14,3150,-9999
01/07/2019 15:20,MOSES SOUTH,23319,1749.06,3000,-1600
01/07/2019 15:20,SCH - HQ - NY,23324,1460,1500,-1000
01/07/2019 15:20,SCH - HQ_CEDARS,325274,145,199,-100
01/07/2019 15:20,SCH - HQ_IMPORT_EXPORT,325376,1310,1310,-9999
01/07/2019 15:20,SCH - NE - NY,23318,-896.03,1400,-1800
01/07/2019 15:20,SCH - NPX_1385,325277,100,200,-200
01/07/2019 15:20,SCH - NPX_CSC,325154,50,330,-330
01/07/2019 15:20,SCH - OH - NY,23317,809.74,2250,-1900
01/07/2019 15:20,SCH - PJ - NY,23316,294.88,2000,-1300
01/07/2019 15:20,SCH - PJM_HTP,325905,110,660,-660
01/07/2019 15:20,SCH - PJM_NEPTUNE,325305,660,660,-660
01/07/2019 15:20,SCH - PJM_VFT,325658,315,315,-315
01/07/2019 15:20,SPR/DUN-SOUTH,23320,2489.49,4600,-9999
01/07/2019 15:20,TOTAL EAST,23314,4336.04,6800,-9999
01/07/2019 15:20,UPNY CONED,23315,2096.47,5700,-9999
01/07/2019 15:20,WEST CENTRAL,23312,491.46,9999,-9999
01/07/2019 15:25,CENTRAL EAST - VC,23330,2408.37,2730,-9999
01/07/2019 15:25,DYSINGER EAST,23326,1225.48,3150,-9999
01/07/2019 15:25,MOSES SOUTH,23319,1746.37,3000,-1600
01/07/2019 15:25,SCH - HQ - NY,23324,1460,1500,-1000
01/07/2019 15:25,SCH - HQ_CEDARS,325274,145,199,-100
01/07/2019 15:25,SCH - HQ_IMPORT_EXPORT,325376,1310,1310,-9999
01/07/2019 15:25,SCH - NE - NY,23318,-896,1400,-1800
01/07/2019 15:25,SCH - NPX_1385,325277,100,200,-200
01/07/2019 15:25,SCH - NPX_CSC,325154,50,330,-330
01/07/2019 15:25,SCH - OH - NY,23317,811.8,2250,-1900
01/07/2019 15:25,SCH - PJ - NY,23316,292.17,2000,-1300
01/07/2019 15:25,SCH - PJM_HTP,325905,110,660,-660
01/07/2019 15:25,SCH - PJM_NEPTUNE,325305,660,660,-660
01/07/2019 15:25,SCH - PJM_VFT,325658,315,315,-315
01/07/2019 15:25,SPR/DUN-SOUTH,23320,2441.26,4600,-9999
01/07/2019 15:25,TOTAL EAST,23314,4327.3,6800,-9999
01/07/2019 15:25,UPNY CONED,23315,2075.12,5700,-9999
01/07/2019 15:25,WEST CENTRAL,23312,478.6,9999,-9999
01/07/2019 15:30,CENTRAL EAST - VC,23330,2487.65,2730,-9999
01/07/2019 15:30,DYSINGER EAST,23326,1336.52,3150,-9999
01/07/2019 15:30,MOSES SOUTH,23319,1752.07,3000,-1600
01/07/2019 15:30,SCH - HQ - NY,23324,1460,1500,-1000
01/07/2019 15:30,SCH - HQ_CEDARS,325274,145,199,-100
01/07/2019 15:30,SCH - HQ_IMPORT_EXPORT,325376,1310,1310,-9999
01/07/2019 15:30,SCH - NE - NY,23318,-921.07,1400,-1800
01/07/2019 15:30,SCH - NPX_1385,325277,100,200,-200
01/07/2019 15:30,SCH - NPX_CSC,325154,50,330,-330
01/07/2019 15:30,SCH - OH - NY,23317,809.16,2250,-1900
01/07/2019 15:30,SCH - PJ - NY,23316,282.84,2000,-1300
01/07/2019 15:30,SCH - PJM_HTP,325905,110,660,-660
01/07/2019 15:30,SCH - PJM_NEPTUNE,325305,660,660,-660
01/07/2019 15:30,SCH - PJM_VFT,325658,315,315,-315
01/07/2019 15:30,SPR/DUN-SOUTH,23320,2476.04,4600,-9999
01/07/2019 15:30,TOTAL EAST,23314,4454.44,6800,-9999
01/07/2019 15:30,UPNY CONED,23315,2128.75,5700,-9999
01/07/2019 15:30,WEST CENTRAL,23312,586.57,9999,-9999
01/07/2019 15:35,CENTRAL EAST - VC,23330,2508.15,2730,-9999
01/07/2019 15:35,DYSINGER EAST,23326,1342.86,3150,-9999
01/07/2019 15:35,MOSES SOUTH,23319,1759.04,3000,-1600
01/07/2019 15:35,SCH - HQ - NY,23324,1460,1500,-1000
01/07/2019 15:35,SCH - HQ_CEDARS,325274,145,199,-100
01/07/2019 15:35,SCH - HQ_IMPORT_EXPORT,325376,1310,1310,-9999
01/07/2019 15:35,SCH - NE - NY,23318,-946.14,1400,-1800
01/07/2019 15:35,SCH - NPX_1385,325277,100,200,-200
01/07/2019 15:35,SCH - NPX_CSC,325154,50,330,-330
01/07/2019 15:35,SCH - OH - NY,23317,810.45,2250,-1900
01/07/2019 15:35,SCH - PJ - NY,23316,266.46,2000,-1300
01/07/2019 15:35,SCH - PJM_HTP,325905,110,660,-660
01/07/2019 15:35,SCH - PJM_NEPTUNE,325305,660,660,-660
01/07/2019 15:35,SCH - PJM_VFT,325658,315,315,-315
01/07/2019 15:35,SPR/DUN-SOUTH,23320,2452.63,4600,-9999
01/07/2019 15:35,TOTAL EAST,23314,4493.33,6800,-9999
01/07/2019 15:35,UPNY CONED,23315,2134.41,5700,-9999
01/07/2019 15:35,WEST CENTRAL,23312,592.64,9999,-9999
01/07/2019 15:40,CENTRAL EAST - VC,23330,2517.41,2790,-9999
01/07/2019 15:40,DYSINGER EAST,23326,1333.36,3150,-9999
01/07/2019 15:40,MOSES SOUTH,23319,1791.35,3000,-1600
01/07/2019 15:40,SCH - HQ - NY,23324,1460,1500,-1000
01/07/2019 15:40,SCH - HQ_CEDARS,325274,145,199,-100
01/07/2019 15:40,SCH - HQ_IMPORT_EXPORT,325376,1310,1310,-9999
01/07/2019 15:40,SCH - NE - NY,23318,-946.14,1400,-1800
01/07/2019 15:40,SCH - NPX_1385,325277,100,200,-200
01/07/2019 15:40,SCH - NPX_CSC,325154,50,330,-330
01/07/2019 15:40,SCH - OH - NY,23317,807.57,2250,-1900
01/07/2019 15:40,SCH - PJ - NY,23316,267.79,2000,-1300
01/07/2019 15:40,SCH - PJM_HTP,325905,110,660,-660
01/07/2019 15:40,SCH - PJM_NEPTUNE,325305,660,660,-660
01/07/2019 15:40,SCH - PJM_VFT,325658,315,315,-315
01/07/2019 15:40,SPR/DUN-SOUTH,23320,2442.66,4600,-9999
01/07/2019 15:40,TOTAL EAST,23314,4494.65,6800,-9999
01/07/2019 15:40,UPNY CONED,23315,2130.1,5700,-9999
01/07/2019 15:40,WEST CENTRAL,23312,586.13,9999,-9999
01/07/2019 15:45,CENTRAL EAST - VC,23330,2580.65,2790,-9999
01/07/2019 15:45,DYSINGER EAST,23326,1493.04,3150,-9999
01/07/2019 15:45,MOSES SOUTH,23319,1802.44,3000,-1600
01/07/2019 15:45,SCH - HQ - NY,23324,1460,1500,-1000
01/07/2019 15:45,SCH - HQ_CEDARS,325274,145,199,-100
01/07/2019 15:45,SCH - HQ_IMPORT_EXPORT,325376,1310,1310,-9999
01/07/2019 15:45,SCH - NE - NY,23318,-1031.32,1400,-1800
01/07/2019 15:45,SCH - NPX_1385,325277,100,200,-200
01/07/2019 15:45,SCH - NPX_CSC,325154,50,330,-330
01/07/2019 15:45,SCH - OH - NY,23317,807.99,2250,-1900
01/07/2019 15:45,SCH - PJ - NY,23316,335.42,2000,-1300
01/07/2019 15:45,SCH - PJM_HTP,325905,110,660,-660
01/07/2019 15:45,SCH - PJM_NEPTUNE,325305,660,660,-660
01/07/2019 15:45,SCH - PJM_VFT,325658,315,315,-315
01/07/2019 15:45,SPR/DUN-SOUTH,23320,2434.36,4600,-9999
01/07/2019 15:45,TOTAL EAST,23314,4599.6,6800,-9999
01/07/2019 15:45,UPNY CONED,23315,2131.17,5700,-9999
01/07/2019 15:45,WEST CENTRAL,23312,743.5,9999,-9999
01/07/2019 15:50,CENTRAL EAST - VC,23330,2646.2,2790,-9999
01/07/2019 15:50,DYSINGER EAST,23326,1524.7,3150,-9999
01/07/2019 15:50,MOSES SOUTH,23319,1798.29,3000,-1600
01/07/2019 15:50,SCH - HQ - NY,23324,1460,1500,-1000
01/07/2019 15:50,SCH - HQ_CEDARS,325274,145,199,-100
01/07/2019 15:50,SCH - HQ_IMPORT_EXPORT,325376,1310,1310,-9999
01/07/2019 15:50,SCH - NE - NY,23318,-1116.44,1400,-1800
01/07/2019 15:50,SCH - NPX_1385,325277,100,200,-200
01/07/2019 15:50,SCH - NPX_CSC,325154,50,330,-330
01/07/2019 15:50,SCH - OH - NY,23317,810.51,2250,-1900
01/07/2019 15:50,SCH - PJ - NY,23316,400.24,2000,-1300
01/07/2019 15:50,SCH - PJM_HTP,325905,110,660,-660
01/07/2019 15:50,SCH - PJM_NEPTUNE,325305,660,660,-660
01/07/2019 15:50,SCH - PJM_VFT,325658,315,315,-315
01/07/2019 15:50,SPR/DUN-SOUTH,23320,2427.37,4600,-9999
01/07/2019 15:50,TOTAL EAST,23314,4693.2,6800,-9999
01/07/2019 15:50,UPNY CONED,23315,2133.39,5700,-9999
01/07/2019 15:50,WEST CENTRAL,23312,771.75,9999,-9999
01/07/2019 15:55,CENTRAL EAST - VC,23330,2667.87,2790,-9999
01/07/2019 15:55,DYSINGER EAST,23326,1516.77,3150,-9999
01/07/2019 15:55,MOSES SOUTH,23319,1798.72,3000,-1600
01/07/2019 15:55,SCH - HQ - NY,23324,1460,1500,-1000
01/07/2019 15:55,SCH - HQ_CEDARS,325274,145,199,-100
01/07/2019 15:55,SCH - HQ_IMPORT_EXPORT,325376,1310,1310,-9999
01/07/2019 15:55,SCH - NE - NY,23318,-1116.45,1400,-1800
01/07/2019 15:55,SCH - NPX_1385,325277,100,200,-200
01/07/2019 15:55,SCH - NPX_CSC,325154,50,330,-330
01/07/2019 15:55,SCH - OH - NY,23317,810.08,2250,-1900
01/07/2019 15:55,SCH - PJ - NY,23316,398.77,2000,-1300
01/07/2019 15:55,SCH - PJM_HTP,325905,110,660,-660
01/07/2019 15:55,SCH - PJM_NEPTUNE,325305,660,660,-660
01/07/2019 15:55,SCH - PJM_VFT,325658,315,315,-315
01/07/2019 15:55,SPR/DUN-SOUTH,23320,2442.04,4600,-9999
01/07/2019 15:55,TOTAL EAST,23314,4709.17,6800,-9999
01/07/2019 15:55,UPNY CONED,23315,2135.36,5700,-9999
01/07/2019 15:55,WEST CENTRAL,23312,764.1,9999,-9999
01/07/2019 16:00,CENTRAL EAST - VC,23330,2576.52,2790,-9999
01/07/2019 16:00,DYSINGER EAST,23326,1531.07,3150,-9999
01/07/2019 16:00,MOSES SOUTH,23319,1750.93,3000,-1600
01/07/2019 16:00,SCH - HQ - NY,23324,1420,1500,-1000
01/07/2019 16:00,SCH - HQ_CEDARS,325274,112,199,-100
01/07/2019 16:00,SCH - HQ_IMPORT_EXPORT,325376,1270,1310,-9999
01/07/2019 16:00,SCH - NE - NY,23318,-1266.52,1400,-1800
01/07/2019 16:00,SCH - NPX_1385,325277,87,200,-200
01/07/2019 16:00,SCH - NPX_CSC,325154,50,330,-330
01/07/2019 16:00,SCH - OH - NY,23317,877.67,2250,-1900
01/07/2019 16:00,SCH - PJ - NY,23316,477.02,2000,-1300
01/07/2019 16:00,SCH - PJM_HTP,325905,140,660,-660
01/07/2019 16:00,SCH - PJM_NEPTUNE,325305,660,660,-660
01/07/2019 16:00,SCH - PJM_VFT,325658,315,315,-315
01/07/2019 16:00,SPR/DUN-SOUTH,23320,2481.1,4600,-9999
01/07/2019 16:00,TOTAL EAST,23314,4696.5,6800,-9999
01/07/2019 16:00,UPNY CONED,23315,2124.74,5700,-9999
01/07/2019 16:00,WEST CENTRAL,23312,779.8,9999,-9999
01/07/2019 16:05,CENTRAL EAST - VC,23330,2663.34,2790,-9999
01/07/2019 16:05,DYSINGER EAST,23326,1635.55,3150,-9999
01/07/2019 16:05,MOSES SOUTH,23319,1702.54,3000,-1600
01/07/2019 16:05,SCH - HQ - NY,23324,1380,1500,-1000
01/07/2019 16:05,SCH - HQ_CEDARS,325274,80,199,-100
01/07/2019 16:05,SCH - HQ_IMPORT_EXPORT,325376,1230,1310,-9999
01/07/2019 16:05,SCH - NE - NY,23318,-1416.45,1400,-1800
01/07/2019 16:05,SCH - NPX_1385,325277,75,200,-200
01/07/2019 16:05,SCH - NPX_CSC,325154,50,330,-330
01/07/2019 16:05,SCH - OH - NY,23317,944.6,2250,-1900
01/07/2019 16:05,SCH - PJ - NY,23316,549.63,2000,-1300
01/07/2019 16:05,SCH - PJM_HTP,325905,170,660,-660
01/07/2019 16:05,SCH - PJM_NEPTUNE,325305,660,660,-660
01/07/2019 16:05,SCH - PJM_VFT,325658,315,315,-315
01/07/2019 16:05,SPR/DUN-SOUTH,23320,2435.36,4600,-9999
01/07/2019 16:05,TOTAL EAST,23314,4807.43,6800,-9999
01/07/2019 16:05,UPNY CONED,23315,2119.26,5700,-9999
01/07/2019 16:05,WEST CENTRAL,23312,877.6,9999,-9999
01/07/2019 16:10,CENTRAL EAST - VC,23330,2686.87,2790,-9999
01/07/2019 16:10,DYSINGER EAST,23326,1639.28,3150,-9999
01/07/2019 16:10,MOSES SOUTH,23319,1731.06,3000,-1600
01/07/2019 16:10,SCH - HQ - NY,23324,1380,1500,-1000
01/07/2019 16:10,SCH - HQ_CEDARS,325274,80,199,-100
01/07/2019 16:10,SCH - HQ_IMPORT_EXPORT,325376,1230,1310,-9999
01/07/2019 16:10,SCH - NE - NY,23318,-1416.25,1400,-1800
01/07/2019 16:10,SCH - NPX_1385,325277,75,200,-200
01/07/2019 16:10,SCH - NPX_CSC,325154,50,330,-330
01/07/2019 16:10,SCH - OH - NY,23317,948.69,2250,-1900
01/07/2019 16:10,SCH - PJ - NY,23316,549.99,2000,-1300
01/07/2019 16:10,SCH - PJM_HTP,325905,170,660,-660
01/07/2019 16:10,SCH - PJM_NEPTUNE,325305,660,660,-660
01/07/2019 16:10,SCH - PJM_VFT,325658,315,315,-315
01/07/2019 16:10,SPR/DUN-SOUTH,23320,2433.57,4600,-9999
01/07/2019 16:10,TOTAL EAST,23314,4778.76,6800,-9999
01/07/2019 16:10,UPNY CONED,23315,2159.54,5700,-9999
01/07/2019 16:10,WEST CENTRAL,23312,872.56,9999,-9999
01/07/2019 16:15,CENTRAL EAST - VC,23330,2541.71,2790,-9999
01/07/2019 16:15,DYSINGER EAST,23326,1418.74,3150,-9999
01/07/2019 16:15,MOSES SOUTH,23319,1759.91,3000,-1600
01/07/2019 16:15,SCH - HQ - NY,23324,1380,1500,-1000
01/07/2019 16:15,SCH - HQ_CEDARS,325274,80,199,-100
01/07/2019 16:15,SCH - HQ_IMPORT_EXPORT,325376,1230,1310,-9999
01/07/2019 16:15,SCH - NE - NY,23318,-1432.84,1400,-1800
01/07/2019 16:15,SCH - NPX_1385,325277,75,200,-200
01/07/2019 16:15,SCH - NPX_CSC,325154,50,330,-330
01/07/2019 16:15,SCH - OH - NY,23317,948.58,2250,-1900
01/07/2019 16:15,SCH - PJ - NY,23316,528.43,2000,-1300
01/07/2019 16:15,SCH - PJM_HTP,325905,170,660,-660
01/07/2019 16:15,SCH - PJM_NEPTUNE,325305,660,660,-660
01/07/2019 16:15,SCH - PJM_VFT,325658,315,315,-315
01/07/2019 16:15,SPR/DUN-SOUTH,23320,2420.02,4600,-9999
01/07/2019 16:15,TOTAL EAST,23314,4789.77,6800,-9999
01/07/2019 16:15,UPNY CONED,23315,2166.76,5700,-9999
01/07/2019 16:15,WEST CENTRAL,23312,657.16,9999,-9999
01/07/2019 16:20,CENTRAL EAST - VC,23330,2586.05,2790,-9999
01/07/2019 16:20,DYSINGER EAST,23326,1433.85,3150,-9999
01/07/2019 16:20,MOSES SOUTH,23319,1773.15,3000,-1600
01/07/2019 16:20,SCH - HQ - NY,23324,1380,1500,-1000
01/07/2019 16:20,SCH - HQ_CEDARS,325274,80,199,-100
01/07/2019 16:20,SCH - HQ_IMPORT_EXPORT,325376,1230,1310,-9999
01/07/2019 16:20,SCH - NE - NY,23318,-1449.81,1400,-1800
01/07/2019 16:20,SCH - NPX_1385,325277,75,200,-200
01/07/2019 16:20,SCH - NPX_CSC,325154,50,330,-330
01/07/2019 16:20,SCH - OH - NY,23317,948.62,2250,-1900
01/07/2019 16:20,SCH - PJ - NY,23316,509.34,2000,-1300
01/07/2019 16:20,SCH - PJM_HTP,325905,170,660,-660
01/07/2019 16:20,SCH - PJM_NEPTUNE,325305,660,660,-660
01/07/2019 16:20,SCH - PJM_VFT,325658,315,315,-315
01/07/2019 16:20,SPR/DUN-SOUTH,23320,2393.41,4600,-9999
01/07/2019 16:20,TOTAL EAST,23314,4794.44,6800,-9999
01/07/2019 16:20,UPNY CONED,23315,2169.41,5700,-9999
01/07/2019 16:20,WEST CENTRAL,23312,664.72,9999,-9999
01/07/2019 16:25,CENTRAL EAST - VC,23330,2607.17,2790,-9999
01/07/2019 16:25,DYSINGER EAST,23326,1459.65,3150,-9999
01/07/2019 16:25,MOSES SOUTH,23319,1775.6,3000,-1600
01/07/2019 16:25,SCH - HQ - NY,23324,1380,1500,-1000
01/07/2019 16:25,SCH - HQ_CEDARS,325274,80,199,-100
01/07/2019 16:25,SCH - HQ_IMPORT_EXPORT,325376,1230,1310,-9999
01/07/2019 16:25,SCH - NE - NY,23318,-1449.76,1400,-1800
01/07/2019 16:25,SCH - NPX_1385,325277,75,200,-200
01/07/2019 16:25,SCH - NPX_CSC,325154,50,330,-330
01/07/2019 16:25,SCH - OH - NY,23317,948.58,2250,-1900
01/07/2019 16:25,SCH - PJ - NY,23316,508.07,2000,-1300
01/07/2019 16:25,SCH - PJM_HTP,325905,170,660,-660
01/07/2019 16:25,SCH - PJM_NEPTUNE,325305,660,660,-660
01/07/2019 16:25,SCH - PJM_VFT,325658,315,315,-315
01/07/2019 16:25,SPR/DUN-SOUTH,23320,2405.47,4600,-9999
01/07/2019 16:25,TOTAL EAST,23314,4812.66,6800,-9999
01/07/2019 16:25,UPNY CONED,23315,2194.52,5700,-9999
01/07/2019 16:25,WEST CENTRAL,23312,676.24,9999,-9999
01/07/2019 16:30,CENTRAL EAST - VC,23330,2656.93,2790,-9999
01/07/2019 16:30,DYSINGER EAST,23326,1530.72,3150,-9999
01/07/2019 16:30,MOSES SOUTH,23319,1788.55,3000,-1600
01/07/2019 16:30,SCH - HQ - NY,23324,1380,1500,-1000
01/07/2019 16:30,SCH - HQ_CEDARS,325274,80,199,-100
01/07/2019 16:30,SCH - HQ_IMPORT_EXPORT,325376,1230,1310,-9999
01/07/2019 16:30,SCH - NE - NY,23318,-1449.77,1400,-1800
01/07/2019 16:30,SCH - NPX_1385,325277,75,200,-200
01/07/2019 16:30,SCH - NPX_CSC,325154,50,330,-330
01/07/2019 16:30,SCH - OH - NY,23317,948.76,2250,-1900
01/07/2019 16:30,SCH - PJ - NY,23316,541.96,2000,-1300
01/07/2019 16:30,SCH - PJM_HTP,325905,170,660,-660
01/07/2019 16:30,SCH - PJM_NEPTUNE,325305,660,660,-660
01/07/2019 16:30,SCH - PJM_VFT,325658,315,315,-315
01/07/2019 16:30,SPR/DUN-SOUTH,23320,2423.72,4600,-9999
01/07/2019 16:30,TOTAL EAST,23314,4850.67,6800,-9999
01/07/2019 16:30,UPNY CONED,23315,2219.32,5700,-9999
01/07/2019 16:30,WEST CENTRAL,23312,740.24,9999,-9999
01/07/2019 16:35,CENTRAL EAST - VC,23330,2671.81,2820,-9999
01/07/2019 16:35,DYSINGER EAST,23326,1544,3150,-9999
01/07/2019 16:35,MOSES SOUTH,23319,1791.89,3000,-1600
01/07/2019 16:35,SCH - HQ - NY,23324,1380,1500,-1000
01/07/2019 16:35,SCH - HQ_CEDARS,325274,80,199,-100
01/07/2019 16:35,SCH - HQ_IMPORT_EXPORT,325376,1230,1310,-9999
01/07/2019 16:35,SCH - NE - NY,23318,-1449.77,1400,-1800
01/07/2019 16:35,SCH - NPX_1385,325277,75,200,-200
01/07/2019 16:35,SCH - NPX_CSC,325154,50,330,-330
01/07/2019 16:35,SCH - OH - NY,23317,948.8,2250,-1900
01/07/2019 16:35,SCH - PJ - NY,23316,572.83,2000,-1300
01/07/2019 16:35,SCH - PJM_HTP,325905,170,660,-660
01/07/2019 16:35,SCH - PJM_NEPTUNE,325305,660,660,-660
01/07/2019 16:35,SCH - PJM_VFT,325658,315,315,-315
01/07/2019 16:35,SPR/DUN-SOUTH,23320,2391.06,4600,-9999
01/07/2019 16:35,TOTAL EAST,23314,4868.85,6800,-9999
01/07/2019 16:35,UPNY CONED,23315,2222.42,5700,-9999
01/07/2019 16:35,WEST CENTRAL,23312,746.83,9999,-9999
01/07/2019 16:40,CENTRAL EAST - VC,23330,2707.37,2820,-9999
01/07/2019 16:40,DYSINGER EAST,23326,1565.03,3150,-9999
01/07/2019 16:40,MOSES SOUTH,23319,1766.12,3000,-1600
01/07/2019 16:40,SCH - HQ - NY,23324,1380,1500,-1000
01/07/2019 16:40,SCH - HQ_CEDARS,325274,80,199,-100
01/07/2019 16:40,SCH - HQ_IMPORT_EXPORT,325376,1230,1310,-9999
01/07/2019 16:40,SCH - NE - NY,23318,-1449.69,1400,-1800
01/07/2019 16:40,SCH - NPX_1385,325277,75,200,-200
01/07/2019 16:40,SCH - NPX_CSC,325154,50,330,-330
01/07/2019 16:40,SCH - OH - NY,23317,948.73,2250,-1900
01/07/2019 16:40,SCH - PJ - NY,23316,572.23,2000,-1300
01/07/2019 16:40,SCH - PJM_HTP,325905,170,660,-660
01/07/2019 16:40,SCH - PJM_NEPTUNE,325305,660,660,-660
01/07/2019 16:40,SCH - PJM_VFT,325658,315,315,-315
01/07/2019 16:40,SPR/DUN-SOUTH,23320,2391.9,4600,-9999
01/07/2019 16:40,TOTAL EAST,23314,4875.74,6800,-9999
01/07/2019 16:40,UPNY CONED,23315,2229.11,5700,-9999
01/07/2019 16:40,WEST CENTRAL,23312,765.02,9999,-9999
01/07/2019 16:45,CENTRAL EAST - VC,23330,2689.99,2840,-9999
01/07/2019 16:45,DYSINGER EAST,23326,1574.51,3150,-9999
01/07/2019 16:45,MOSES SOUTH,23319,1740.5,3000,-1600
01/07/2019 16:45,SCH - HQ - NY,23324,1380,1500,-1000
01/07/2019 16:45,SCH - HQ_CEDARS,325274,80,199,-100
01/07/2019 16:45,SCH - HQ_IMPORT_EXPORT,325376,1230,1310,-9999
01/07/2019 16:45,SCH - NE - NY,23318,-1449.72,1400,-1800
01/07/2019 16:45,SCH - NPX_1385,325277,75,200,-200
01/07/2019 16:45,SCH - NPX_CSC,325154,50,330,-330
01/07/2019 16:45,SCH - OH - NY,23317,946.43,2250,-1900
01/07/2019 16:45,SCH - PJ - NY,23316,534.42,2000,-1300
01/07/2019 16:45,SCH - PJM_HTP,325905,176,660,-660
01/07/2019 16:45,SCH - PJM_NEPTUNE,325305,660,660,-660
01/07/2019 16:45,SCH - PJM_VFT,325658,315,315,-315
01/07/2019 16:45,SPR/DUN-SOUTH,23320,2354.28,4600,-9999
01/07/2019 16:45,TOTAL EAST,23314,4811.15,6800,-9999
01/07/2019 16:45,UPNY CONED,23315,2203.16,5700,-9999
01/07/2019 16:45,WEST CENTRAL,23312,768.65,9999,-9999
01/07/2019 16:50,CENTRAL EAST - VC,23330,2656.09,2840,-9999
01/07/2019 16:50,DYSINGER EAST,23326,1530.54,3150,-9999
01/07/2019 16:50,MOSES SOUTH,23319,1730.29,3000,-1600
01/07/2019 16:50,SCH - HQ - NY,23324,1380,1500,-1000
01/07/2019 16:50,SCH - HQ_CEDARS,325274,80,199,-100
01/07/2019 16:50,SCH - HQ_IMPORT_EXPORT,325376,1230,1310,-9999
01/07/2019 16:50,SCH - NE - NY,23318,-1449.72,1400,-1800
01/07/2019 16:50,SCH - NPX_1385,325277,75,200,-200
01/07/2019 16:50,SCH - NPX_CSC,325154,50,330,-330
01/07/2019 16:50,SCH - OH - NY,23317,945.77,2250,-1900
01/07/2019 16:50,SCH - PJ - NY,23316,499.02,2000,-1300
01/07/2019 16:50,SCH - PJM_HTP,325905,182,660,-660
01/07/2019 16:50,SCH - PJM_NEPTUNE,325305,660,660,-660
01/07/2019 16:50,SCH - PJM_VFT,325658,315,315,-315
01/07/2019 16:50,SPR/DUN-SOUTH,23320,2240.22,4600,-9999
01/07/2019 16:50,TOTAL EAST,23314,4746.43,6800,-9999
01/07/2019 16:50,UPNY CONED,23315,2111.65,5700,-9999
01/07/2019 16:50,WEST CENTRAL,23312,718.3,9999,-9999
01/07/2019 16:55,CENTRAL EAST - VC,23330,2655.86,2840,-9999
01/07/2019 16:55,DYSINGER EAST,23326,1572.09,3150,-9999
01/07/2019 16:55,MOSES SOUTH,23319,1717.33,3000,-1600
01/07/2019 16:55,SCH - HQ - NY,23324,1380,1500,-1000
01/07/2019 16:55,SCH - HQ_CEDARS,325274,80,199,-100
01/07/2019 16:55,SCH - HQ_IMPORT_EXPORT,325376,1230,1310,-9999
01/07/2019 16:55,SCH - NE - NY,23318,-1449.72,1400,-1800
01/07/2019 16:55,SCH - NPX_1385,325277,75,200,-200
01/07/2019 16:55,SCH - NPX_CSC,325154,50,330,-330
01/07/2019 16:55,SCH - OH - NY,23317,950.11,2250,-1900
01/07/2019 16:55,SCH - PJ - NY,23316,495.22,2000,-1300
01/07/2019 16:55,SCH - PJM_HTP,325905,182,660,-660
01/07/2019 16:55,SCH - PJM_NEPTUNE,325305,660,660,-660
01/07/2019 16:55,SCH - PJM_VFT,325658,315,315,-315
01/07/2019 16:55,SPR/DUN-SOUTH,23320,2195.71,4600,-9999
01/07/2019 16:55,TOTAL EAST,23314,4682,6800,-9999
01/07/2019 16:55,UPNY CONED,23315,2063.9,5700,-9999
01/07/2019 16:55,WEST CENTRAL,23312,746.22,9999,-9999
01/07/2019 17:00,CENTRAL EAST - VC,23330,2595.32,2840,-9999
01/07/2019 17:00,DYSINGER EAST,23326,1600.36,3150,-9999
01/07/2019 17:00,MOSES SOUTH,23319,1577.85,3000,-1600
01/07/2019 17:00,SCH - HQ - NY,23324,1305,1500,-1000
01/07/2019 17:00,SCH - HQ_CEDARS,325274,39,199,-100
01/07/2019 17:00,SCH - HQ_IMPORT_EXPORT,325376,1155,1310,-9999
01/07/2019 17:00,SCH - NE - NY,23318,-1422.73,1400,-1800
01/07/2019 17:00,SCH - NPX_1385,325277,83,200,-200
01/07/2019 17:00,SCH - NPX_CSC,325154,50,330,-330
01/07/2019 17:00,SCH - OH - NY,23317,1004.18,2250,-1900
01/07/2019 17:00,SCH - PJ - NY,23316,523.91,2000,-1300
01/07/2019 17:00,SCH - PJM_HTP,325905,121,660,-660
01/07/2019 17:00,SCH - PJM_NEPTUNE,325305,660,660,-660
01/07/2019 17:00,SCH - PJM_VFT,325658,315,315,-315
01/07/2019 17:00,SPR/DUN-SOUTH,23320,2303.23,4600,-9999
01/07/2019 17:00,TOTAL EAST,23314,4617.13,6800,-9999
01/07/2019 17:00,UPNY CONED,23315,2182.83,5700,-9999
01/07/2019 17:00,WEST CENTRAL,23312,763.01,9999,-9999
01/07/2019 17:05,CENTRAL EAST - VC,23330,2577.74,2840,-9999
01/07/2019 17:05,DYSINGER EAST,23326,1641.26,3150,-9999
01/07/2019 17:05,MOSES SOUTH,23319,1467.95,3000,-1600
01/07/2019 17:05,SCH - HQ - NY,23324,1230,1500,-1000
01/07/2019 17:05,SCH - HQ_CEDARS,325274,0,199,-100
01/07/2019 17:05,SCH - HQ_IMPORT_EXPORT,325376,1080,1310,-9999
01/07/2019 17:05,SCH - NE - NY,23318,-1395.73,1400,-1800
01/07/2019 17:05,SCH - NPX_1385,325277,92,200,-200
01/07/2019 17:05,SCH - NPX_CSC,325154,50,330,-330
01/07/2019 17:05,SCH - OH - NY,23317,1067.47,2250,-1900
01/07/2019 17:05,SCH - PJ - NY,23316,546.38,2000,-1300
01/07/2019 17:05,SCH - PJM_HTP,325905,60,660,-660
01/07/2019 17:05,SCH - PJM_NEPTUNE,325305,660,660,-660
01/07/2019 17:05,SCH - PJM_VFT,325658,315,315,-315
01/07/2019 17:05,SPR/DUN-SOUTH,23320,2311.59,4600,-9999
01/07/2019 17:05,TOTAL EAST,23314,4580.25,6800,-9999
01/07/2019 17:05,UPNY CONED,23315,2184.55,5700,-9999
01/07/2019 17:05,WEST CENTRAL,23312,791.9,9999,-9999
01/07/2019 17:10,CENTRAL EAST - VC,23330,2540.17,2840,-9999
01/07/2019 17:10,DYSINGER EAST,23326,1598.08,3150,-9999
01/07/2019 17:10,MOSES SOUTH,23319,1469.85,3000,-1600
01/07/2019 17:10,SCH - HQ - NY,23324,1230,1500,-1000
01/07/2019 17:10,SCH - HQ_CEDARS,325274,0,199,-100
01/07/2019 17:10,SCH - HQ_IMPORT_EXPORT,325376,1080,1310,-9999
01/07/2019 17:10,SCH - NE - NY,23318,-1395.79,1400,-1800
01/07/2019 17:10,SCH - NPX_1385,325277,92,200,-200
01/07/2019 17:10,SCH - NPX_CSC,325154,50,330,-330
01/07/2019 17:10,SCH - OH - NY,23317,1067.45,2250,-1900
01/07/2019 17:10,SCH - PJ - NY,23316,548.42,2000,-1300
01/07/2019 17:10,SCH - PJM_HTP,325905,60,660,-660
01/07/2019 17:10,SCH - PJM_NEPTUNE,325305,660,660,-660
01/07/2019 17:10,SCH - PJM_VFT,325658,315,315,-315
01/07/2019 17:10,SPR/DUN-SOUTH,23320,2262.94,4600,-9999
01/07/2019 17:10,TOTAL EAST,23314,4558.52,6800,-9999
01/07/2019 17:10,UPNY CONED,23315,2146.96,5700,-9999
01/07/2019 17:10,WEST CENTRAL,23312,741.12,9999,-9999
01/07/2019 17:15,CENTRAL EAST - VC,23330,2531.6,2840,-9999
01/07/2019 17:15,DYSINGER EAST,23326,1574.96,3150,-9999
01/07/2019 17:15,MOSES SOUTH,23319,1480.77,3000,-1600
01/07/2019 17:15,SCH - HQ - NY,23324,1230,1500,-1000
01/07/2019 17:15,SCH - HQ_CEDARS,325274,0,199,-100
01/07/2019 17:15,SCH - HQ_IMPORT_EXPORT,325376,1080,1310,-9999
01/07/2019 17:15,SCH - NE - NY,23318,-1385.22,1400,-1800
01/07/2019 17:15,SCH - NPX_1385,325277,92,200,-200
01/07/2019 17:15,SCH - NPX_CSC,325154,50,330,-330
01/07/2019 17:15,SCH - OH - NY,23317,1067.28,2250,-1900
01/07/2019 17:15,SCH - PJ - NY,23316,572.55,2000,-1300
01/07/2019 17:15,SCH - PJM_HTP,325905,85,660,-660
01/07/2019 17:15,SCH - PJM_NEPTUNE,325305,660,660,-660
01/07/2019 17:15,SCH - PJM_VFT,325658,315,315,-315
01/07/2019 17:15,SPR/DUN-SOUTH,23320,2332.27,4600,-9999
01/07/2019 17:15,TOTAL EAST,23314,4539.11,6800,-9999
01/07/2019 17:15,UPNY CONED,23315,2162.95,5700,-9999
01/07/2019 17:15,WEST CENTRAL,23312,713.56,9999,-9999
01/07/2019 17:20,CENTRAL EAST - VC,23330,2529.99,2840,-9999
01/07/2019 17:20,DYSINGER EAST,23326,1569.67,3150,-9999
01/07/2019 17:20,MOSES SOUTH,23319,1492.63,3000,-1600
01/07/2019 17:20,SCH - HQ - NY,23324,1230,1500,-1000
01/07/2019 17:20,SCH - HQ_CEDARS,325274,0,199,-100
01/07/2019 17:20,SCH - HQ_IMPORT_EXPORT,325376,1080,1310,-9999
01/07/2019 17:20,SCH - NE - NY,23318,-1376.3,1400,-1800
01/07/2019 17:20,SCH - NPX_1385,325277,92,200,-200
01/07/2019 17:20,SCH - NPX_CSC,325154,50,330,-330
01/07/2019 17:20,SCH - OH - NY,23317,1067.31,2250,-1900
01/07/2019 17:20,SCH - PJ - NY,23316,597.92,2000,-1300
01/07/2019 17:20,SCH - PJM_HTP,325905,110,660,-660
01/07/2019 17:20,SCH - PJM_NEPTUNE,325305,660,660,-660
01/07/2019 17:20,SCH - PJM_VFT,325658,315,315,-315
01/07/2019 17:20,SPR/DUN-SOUTH,23320,2304.63,4600,-9999
01/07/2019 17:20,TOTAL EAST,23314,4526.46,6800,-9999
01/07/2019 17:20,UPNY CONED,23315,2158.59,5700,-9999
01/07/2019 17:20,WEST CENTRAL,23312,704.2,9999,-9999
01/07/2019 17:25,CENTRAL EAST - VC,23330,2525.35,2840,-9999
01/07/2019 17:25,DYSINGER EAST,23326,1548.04,3150,-9999
01/07/2019 17:25,MOSES SOUTH,23319,1503.87,3000,-1600
01/07/2019 17:25,SCH - HQ - NY,23324,1230,1500,-1000
01/07/2019 17:25,SCH - HQ_CEDARS,325274,0,199,-100
01/07/2019 17:25,SCH - HQ_IMPORT_EXPORT,325376,1080,1310,-9999
01/07/2019 17:25,SCH - NE - NY,23318,-1376.35,1400,-1800
01/07/2019 17:25,SCH - NPX_1385,325277,92,200,-200
01/07/2019 17:25,SCH - NPX_CSC,325154,50,330,-330
01/07/2019 17:25,SCH - OH - NY,23317,1067.36,2250,-1900
01/07/2019 17:25,SCH - PJ - NY,23316,597.39,2000,-1300
01/07/2019 17:25,SCH - PJM_HTP,325905,110,660,-660
01/07/2019 17:25,SCH - PJM_NEPTUNE,325305,660,660,-660
01/07/2019 17:25,SCH - PJM_VFT,325658,315,315,-315
01/07/2019 17:25,SPR/DUN-SOUTH,23320,2294.43,4600,-9999
01/07/2019 17:25,TOTAL EAST,23314,4534.79,6800,-9999
01/07/2019 17:25,UPNY CONED,23315,2139,5700,-9999
01/07/2019 17:25,WEST CENTRAL,23312,682.41,9999,-9999
01/07/2019 17:30,CENTRAL EAST - VC,23330,2514.21,2840,-9999
01/07/2019 17:30,DYSINGER EAST,23326,1529.48,3150,-9999
01/07/2019 17:30,MOSES SOUTH,23319,1500.67,3000,-1600
01/07/2019 17:30,SCH - HQ - NY,23324,1230,1500,-1000
01/07/2019 17:30,SCH - HQ_CEDARS,325274,0,199,-100
01/07/2019 17:30,SCH - HQ_IMPORT_EXPORT,325376,1080,1310,-9999
01/07/2019 17:30,SCH - NE - NY,23318,-1365.21,1400,-1800
01/07/2019 17:30,SCH - NPX_1385,325277,92,200,-200
01/07/2019 17:30,SCH - NPX_CSC,325154,50,330,-330
01/07/2019 17:30,SCH - OH - NY,23317,1067.26,2250,-1900
01/07/2019 17:30,SCH - PJ - NY,23316,646.69,2000,-1300
01/07/2019 17:30,SCH - PJM_HTP,325905,110,660,-660
01/07/2019 17:30,SCH - PJM_NEPTUNE,325305,660,660,-660
01/07/2019 17:30,SCH - PJM_VFT,325658,315,315,-315
01/07/2019 17:30,SPR/DUN-SOUTH,23320,2313.04,4600,-9999
01/07/2019 17:30,TOTAL EAST,23314,4585.62,6800,-9999
01/07/2019 17:30,UPNY CONED,23315,2165.4,5700,-9999
01/07/2019 17:30,WEST CENTRAL,23312,663.22,9999,-9999
01/07/2019 17:35,CENTRAL EAST - VC,23330,2536.34,2840,-9999
01/07/2019 17:35,DYSINGER EAST,23326,1577.36,3150,-9999
01/07/2019 17:35,MOSES SOUTH,23319,1507.56,3000,-1600
01/07/2019 17:35,SCH - HQ - NY,23324,1230,1500,-1000
01/07/2019 17:35,SCH - HQ_CEDARS,325274,0,199,-100
01/07/2019 17:35,SCH - HQ_IMPORT_EXPORT,325376,1080,1310,-9999
01/07/2019 17:35,SCH - NE - NY,23318,-1355.32,1400,-1800
01/07/2019 17:35,SCH - NPX_1385,325277,92,200,-200
01/07/2019 17:35,SCH - NPX_CSC,325154,50,330,-330
01/07/2019 17:35,SCH - OH - NY,23317,1067.36,2250,-1900
01/07/2019 17:35,SCH - PJ - NY,23316,696.04,2000,-1300
01/07/2019 17:35,SCH - PJM_HTP,325905,110,660,-660
01/07/2019 17:35,SCH - PJM_NEPTUNE,325305,660,660,-660
01/07/2019 17:35,SCH - PJM_VFT,325658,315,315,-315
01/07/2019 17:35,SPR/DUN-SOUTH,23320,2323.66,4600,-9999
01/07/2019 17:35,TOTAL EAST,23314,4620.82,6800,-9999
01/07/2019 17:35,UPNY CONED,23315,2193.81,5700,-9999
01/07/2019 17:35,WEST CENTRAL,23312,709.9,9999,-9999
01/07/2019 17:40,CENTRAL EAST - VC,23330,2533.04,2840,-9999
01/07/2019 17:40,DYSINGER EAST,23326,1555.64,3150,-9999
01/07/2019 17:40,MOSES SOUTH,23319,1504.31,3000,-1600
01/07/2019 17:40,SCH - HQ - NY,23324,1230,1500,-1000
01/07/2019 17:40,SCH - HQ_CEDARS,325274,0,199,-100
01/07/2019 17:40,SCH - HQ_IMPORT_EXPORT,325376,1080,1310,-9999
01/07/2019 17:40,SCH - NE - NY,23318,-1355.36,1400,-1800
01/07/2019 17:40,SCH - NPX_1385,325277,92,200,-200
01/07/2019 17:40,SCH - NPX_CSC,325154,50,330,-330
01/07/2019 17:40,SCH - OH - NY,23317,1067.26,2250,-1900
01/07/2019 17:40,SCH - PJ - NY,23316,695.96,2000,-1300
01/07/2019 17:40,SCH - PJM_HTP,325905,110,660,-660
01/07/2019 17:40,SCH - PJM_NEPTUNE,325305,660,660,-660
01/07/2019 17:40,SCH - PJM_VFT,325658,315,315,-315
01/07/2019 17:40,SPR/DUN-SOUTH,23320,2323.32,4600,-9999
01/07/2019 17:40,TOTAL EAST,23314,4632.11,6800,-9999
01/07/2019 17:40,UPNY CONED,23315,2199.8,5700,-9999
01/07/2019 17:40,WEST CENTRAL,23312,689.46,9999,-9999
01/07/2019 17:45,CENTRAL EAST - VC,23330,2519.83,2840,-9999
01/07/2019 17:45,DYSINGER EAST,23326,1530.75,3150,-9999
01/07/2019 17:45,MOSES SOUTH,23319,1537.22,3000,-1600
01/07/2019 17:45,SCH - HQ - NY,23324,1230,1500,-1000
01/07/2019 17:45,SCH - HQ_CEDARS,325274,0,199,-100
01/07/2019 17:45,SCH - HQ_IMPORT_EXPORT,325376,1080,1310,-9999
01/07/2019 17:45,SCH - NE - NY,23318,-1365.31,1400,-1800
01/07/2019 17:45,SCH - NPX_1385,325277,92,200,-200
01/07/2019 17:45,SCH - NPX_CSC,325154,50,330,-330
01/07/2019 17:45,SCH - OH - NY,23317,1067.38,2250,-1900
01/07/2019 17:45,SCH - PJ - NY,23316,620.67,2000,-1300
01/07/2019 17:45,SCH - PJM_HTP,325905,99,660,-660
01/07/2019 17:45,SCH - PJM_NEPTUNE,325305,660,660,-660
01/07/2019 17:45,SCH - PJM_VFT,325658,315,315,-315
01/07/2019 17:45,SPR/DUN-SOUTH,23320,2295.53,4600,-9999
01/07/2019 17:45,TOTAL EAST,23314,4585.27,6800,-9999
01/07/2019 17:45,UPNY CONED,23315,2160.45,5700,-9999
01/07/2019 17:45,WEST CENTRAL,23312,668.29,9999,-9999
01/07/2019 17:50,CENTRAL EAST - VC,23330,2521.82,2840,-9999
01/07/2019 17:50,DYSINGER EAST,23326,1513.31,3150,-9999
01/07/2019 17:50,MOSES SOUTH,23319,1537.16,3000,-1600
01/07/2019 17:50,SCH - HQ - NY,23324,1230,1500,-1000
01/07/2019 17:50,SCH - HQ_CEDARS,325274,0,199,-100
01/07/2019 17:50,SCH - HQ_IMPORT_EXPORT,325376,1080,1310,-9999
01/07/2019 17:50,SCH - NE - NY,23318,-1376.3,1400,-1800
01/07/2019 17:50,SCH - NPX_1385,325277,92,200,-200
01/07/2019 17:50,SCH - NPX_CSC,325154,50,330,-330
01/07/2019 17:50,SCH - OH - NY,23317,1067.33,2250,-1900
01/07/2019 17:50,SCH - PJ - NY,23316,542.54,2000,-1300
01/07/2019 17:50,SCH - PJM_HTP,325905,89,660,-660
01/07/2019 17:50,SCH - PJM_NEPTUNE,325305,660,660,-660
01/07/2019 17:50,SCH - PJM_VFT,325658,315,315,-315
01/07/2019 17:50,SPR/DUN-SOUTH,23320,2291.26,4600,-9999
01/07/2019 17:50,TOTAL EAST,23314,4547.6,6800,-9999
01/07/2019 17:50,UPNY CONED,23315,2132.08,5700,-9999
01/07/2019 17:50,WEST CENTRAL,23312,655.96,9999,-9999
01/07/2019 17:55,CENTRAL EAST - VC,23330,2553.13,2840,-9999
01/07/2019 17:55,DYSINGER EAST,23326,1551.02,3150,-9999
01/07/2019 17:55,MOSES SOUTH,23319,1564.6,3000,-1600
01/07/2019 17:55,SCH - HQ - NY,23324,1230,1500,-1000
01/07/2019 17:55,SCH - HQ_CEDARS,325274,0,199,-100
01/07/2019 17:55,SCH - HQ_IMPORT_EXPORT,325376,1080,1310,-9999
01/07/2019 17:55,SCH - NE - NY,23318,-1376.34,1400,-1800
01/07/2019 17:55,SCH - NPX_1385,325277,92,200,-200
01/07/2019 17:55,SCH - NPX_CSC,325154,50,330,-330
01/07/2019 17:55,SCH - OH - NY,23317,1067.52,2250,-1900
01/07/2019 17:55,SCH - PJ - NY,23316,543.5,2000,-1300
01/07/2019 17:55,SCH - PJM_HTP,325905,89,660,-660
01/07/2019 17:55,SCH - PJM_NEPTUNE,325305,660,660,-660
01/07/2019 17:55,SCH - PJM_VFT,325658,315,315,-315
01/07/2019 17:55,SPR/DUN-SOUTH,23320,2283.75,4600,-9999
01/07/2019 17:55,TOTAL EAST,23314,4574.86,6800,-9999
01/07/2019 17:55,UPNY CONED,23315,2148.41,5700,-9999
01/07/2019 17:55,WEST CENTRAL,23312,699.32,9999,-9999
01/07/2019 18:00,CENTRAL EAST - VC,23330,2588.21,2840,-9999
01/07/2019 18:00,DYSINGER EAST,23326,1537.39,3150,-9999
01/07/2019 18:00,MOSES SOUTH,23319,1597.74,3000,-1600
01/07/2019 18:00,SCH - HQ - NY,23324,1234,1500,-1000
01/07/2019 18:00,SCH - HQ_CEDARS,325274,0,199,-100
01/07/2019 18:00,SCH - HQ_IMPORT_EXPORT,325376,1084,1310,-9999
01/07/2019 18:00,SCH - NE - NY,23318,-1361.37,1400,-1800
01/07/2019 18:00,SCH - NPX_1385,325277,88,200,-200
01/07/2019 18:00,SCH - NPX_CSC,325154,25,330,-330
01/07/2019 18:00,SCH - OH - NY,23317,982.63,2250,-1900
01/07/2019 18:00,SCH - PJ - NY,23316,473.12,2000,-1300
01/07/2019 18:00,SCH - PJM_HTP,325905,99,660,-660
01/07/2019 18:00,SCH - PJM_NEPTUNE,325305,660,660,-660
01/07/2019 18:00,SCH - PJM_VFT,325658,315,315,-315
01/07/2019 18:00,SPR/DUN-SOUTH,23320,2266,4600,-9999
01/07/2019 18:00,TOTAL EAST,23314,4501.31,6800,-9999
01/07/2019 18:00,UPNY CONED,23315,2138.89,5700,-9999
01/07/2019 18:00,WEST CENTRAL,23312,691.05,9999,-9999
01/07/2019 18:05,CENTRAL EAST - VC,23330,2503.5,2840,-9999
01/07/2019 18:05,DYSINGER EAST,23326,1426.37,3150,-9999
01/07/2019 18:05,MOSES SOUTH,23319,1579.89,3000,-1600
01/07/2019 18:05,SCH - HQ - NY,23324,1238,1500,-1000
01/07/2019 18:05,SCH - HQ_CEDARS,325274,0,199,-100
01/07/2019 18:05,SCH - HQ_IMPORT_EXPORT,325376,1088,1310,-9999
01/07/2019 18:05,SCH - NE - NY,23318,-1347.43,1400,-1800
01/07/2019 18:05,SCH - NPX_1385,325277,85,200,-200
01/07/2019 18:05,SCH - NPX_CSC,325154,0,330,-330
01/07/2019 18:05,SCH - OH - NY,23317,905.26,2250,-1900
01/07/2019 18:05,SCH - PJ - NY,23316,394.69,2000,-1300
01/07/2019 18:05,SCH - PJM_HTP,325905,110,660,-660
01/07/2019 18:05,SCH - PJM_NEPTUNE,325305,660,660,-660
01/07/2019 18:05,SCH - PJM_VFT,325658,315,315,-315
01/07/2019 18:05,SPR/DUN-SOUTH,23320,2157.48,4600,-9999
01/07/2019 18:05,TOTAL EAST,23314,4397.33,6800,-9999
01/07/2019 18:05,UPNY CONED,23315,2041.94,5700,-9999
01/07/2019 18:05,WEST CENTRAL,23312,591.53,9999,-9999
01/07/2019 18:10,CENTRAL EAST - VC,23330,2504.59,2840,-9999
01/07/2019 18:10,DYSINGER EAST,23326,1400.39,3150,-9999
01/07/2019 18:10,MOSES SOUTH,23319,1577.44,3000,-1600
01/07/2019 18:10,SCH - HQ - NY,23324,1238,1500,-1000
01/07/2019 18:10,SCH - HQ_CEDARS,325274,0,199,-100
01/07/2019 18:10,SCH - HQ_IMPORT_EXPORT,325376,1088,1310,-9999
01/07/2019 18:10,SCH - NE - NY,23318,-1347.34,1400,-1800
01/07/2019 18:10,SCH - NPX_1385,325277,85,200,-200
01/07/2019 18:10,SCH - NPX_CSC,325154,0,330,-330
01/07/2019 18:10,SCH - OH - NY,23317,900.59,2250,-1900
01/07/2019 18:10,SCH - PJ - NY,23316,400.33,2000,-1300
01/07/2019 18:10,SCH - PJM_HTP,325905,110,660,-660
01/07/2019 18:10,SCH - PJM_NEPTUNE,325305,660,660,-660
01/07/2019 18:10,SCH - PJM_VFT,325658,315,315,-315
01/07/2019 18:10,SPR/DUN-SOUTH,23320,2187.09,4600,-9999
01/07/2019 18:10,TOTAL EAST,23314,4429.15,6800,-9999
01/07/2019 18:10,UPNY CONED,23315,2053.81,5700,-9999
01/07/2019 18:10,WEST CENTRAL,23312,574.09,9999,-9999
01/07/2019 18:15,CENTRAL EAST - VC,23330,2566.02,2840,-9999
01/07/2019 18:15,DYSINGER EAST,23326,1442.35,3150,-9999
01/07/2019 18:15,MOSES SOUTH,23319,1584.89,3000,-1600
01/07/2019 18:15,SCH - HQ - NY,23324,1238,1500,-1000
01/07/2019 18:15,SCH - HQ_CEDARS,325274,0,199,-100
01/07/2019 18:15,SCH - HQ_IMPORT_EXPORT,325376,1088,1310,-9999
01/07/2019 18:15,SCH - NE - NY,23318,-1415.65,1400,-1800
01/07/2019 18:15,SCH - NPX_1385,325277,85,200,-200
01/07/2019 18:15,SCH - NPX_CSC,325154,0,330,-330
01/07/2019 18:15,SCH - OH - NY,23317,903.73,2250,-1900
01/07/2019 18:15,SCH - PJ - NY,23316,343.56,2000,-1300
01/07/2019 18:15,SCH - PJM_HTP,325905,85,660,-660
01/07/2019 18:15,SCH - PJM_NEPTUNE,325305,660,660,-660
01/07/2019 18:15,SCH - PJM_VFT,325658,315,315,-315
01/07/2019 18:15,SPR/DUN-SOUTH,23320,2163.33,4600,-9999
01/07/2019 18:15,TOTAL EAST,23314,4399.61,6800,-9999
01/07/2019 18:15,UPNY CONED,23315,2006.9,5700,-9999
01/07/2019 18:15,WEST CENTRAL,23312,613.83,9999,-9999
01/07/2019 18:20,CENTRAL EAST - VC,23330,2597.83,2840,-9999
01/07/2019 18:20,DYSINGER EAST,23326,1412,3150,-9999
01/07/2019 18:20,MOSES SOUTH,23319,1589.27,3000,-1600
01/07/2019 18:20,SCH - HQ - NY,23324,1238,1500,-1000
01/07/2019 18:20,SCH - HQ_CEDARS,325274,0,199,-100
01/07/2019 18:20,SCH - HQ_IMPORT_EXPORT,325376,1088,1310,-9999
01/07/2019 18:20,SCH - NE - NY,23318,-1485.08,1400,-1800
01/07/2019 18:20,SCH - NPX_1385,325277,85,200,-200
01/07/2019 18:20,SCH - NPX_CSC,325154,0,330,-330
01/07/2019 18:20,SCH - OH - NY,23317,903.57,2250,-1900
01/07/2019 18:20,SCH - PJ - NY,23316,298.77,2000,-1300
01/07/2019 18:20,SCH - PJM_HTP,325905,60,660,-660
01/07/2019 18:20,SCH - PJM_NEPTUNE,325305,660,660,-660
01/07/2019 18:20,SCH - PJM_VFT,325658,315,315,-315
01/07/2019 18:20,SPR/DUN-SOUTH,23320,2145.53,4600,-9999
01/07/2019 18:20,TOTAL EAST,23314,4421.38,6800,-9999
01/07/2019 18:20,UPNY CONED,23315,1994.61,5700,-9999
01/07/2019 18:20,WEST CENTRAL,23312,589.09,9999,-9999
01/07/2019 18:25,CENTRAL EAST - VC,23330,2566.79,2840,-9999
01/07/2019 18:25,DYSINGER EAST,23326,1351.18,3150,-9999
01/07/2019 18:25,MOSES SOUTH,23319,1590.91,3000,-1600
01/07/2019 18:25,SCH - HQ - NY,23324,1238,1500,-1000
01/07/2019 18:25,SCH - HQ_CEDARS,325274,0,199,-100
01/07/2019 18:25,SCH - HQ_IMPORT_EXPORT,325376,1088,1310,-9999
01/07/2019 18:25,SCH - NE - NY,23318,-1485.18,1400,-1800
01/07/2019 18:25,SCH - NPX_1385,325277,85,200,-200
01/07/2019 18:25,SCH - NPX_CSC,325154,0,330,-330
01/07/2019 18:25,SCH - OH - NY,23317,903.45,2250,-1900
01/07/2019 18:25,SCH - PJ - NY,23316,296.11,2000,-1300
01/07/2019 18:25,SCH - PJM_HTP,325905,60,660,-660
01/07/2019 18:25,SCH - PJM_NEPTUNE,325305,660,660,-660
01/07/2019 18:25,SCH - PJM_VFT,325658,315,315,-315
01/07/2019 18:25,SPR/DUN-SOUTH,23320,2126.7,4600,-9999
01/07/2019 18:25,TOTAL EAST,23314,4431.62,6800,-9999
01/07/2019 18:25,UPNY CONED,23315,1967.29,5700,-9999
01/07/2019 18:25,WEST CENTRAL,23312,535.03,9999,-9999
01/07/2019 18:30,CENTRAL EAST - VC,23330,2616.03,2840,-9999
01/07/2019 18:30,DYSINGER EAST,23326,1375.14,3150,-9999
01/07/2019 18:30,MOSES SOUTH,23319,1598.75,3000,-1600
01/07/2019 18:30,SCH - HQ - NY,23324,1238,1500,-1000
01/07/2019 18:30,SCH - HQ_CEDARS,325274,0,199,-100
01/07/2019 18:30,SCH - HQ_IMPORT_EXPORT,325376,1088,1310,-9999
01/07/2019 18:30,SCH - NE - NY,23318,-1485.33,1400,-1800
01/07/2019 18:30,SCH - NPX_1385,325277,85,200,-200
01/07/2019 18:30,SCH - NPX_CSC,325154,0,330,-330
01/07/2019 18:30,SCH - OH - NY,23317,903.45,2250,-1900
01/07/2019 18:30,SCH - PJ - NY,23316,295.16,2000,-1300
01/07/2019 18:30,SCH - PJM_HTP,325905,60,660,-660
01/07/2019 18:30,SCH - PJM_NEPTUNE,325305,660,660,-660
01/07/2019 18:30,SCH - PJM_VFT,325658,315,315,-315
01/07/2019 18:30,SPR/DUN-SOUTH,23320,2239.91,4600,-9999
01/07/2019 18:30,TOTAL EAST,23314,4500.08,6800,-9999
01/07/2019 18:30,UPNY CONED,23315,2076.95,5700,-9999
01/07/2019 18:30,WEST CENTRAL,23312,562.21,9999,-9999
01/07/2019 18:35,CENTRAL EAST - VC,23330,2612.69,2840,-9999
01/07/2019 18:35,DYSINGER EAST,23326,1381.53,3150,-9999
01/07/2019 18:35,MOSES SOUTH,23319,1627.26,3000,-1600
01/07/2019 18:35,SCH - HQ - NY,23324,1238,1500,-1000
01/07/2019 18:35,SCH - HQ_CEDARS,325274,0,199,-100
01/07/2019 18:35,SCH - HQ_IMPORT_EXPORT,325376,1088,1310,-9999
01/07/2019 18:35,SCH - NE - NY,23318,-1485.5,1400,-1800
01/07/2019 18:35,SCH - NPX_1385,325277,85,200,-200
01/07/2019 18:35,SCH - NPX_CSC,325154,0,330,-330
01/07/2019 18:35,SCH - OH - NY,23317,903.6,2250,-1900
01/07/2019 18:35,SCH - PJ - NY,23316,297.8,2000,-1300
01/07/2019 18:35,SCH - PJM_HTP,325905,60,660,-660
01/07/2019 18:35,SCH - PJM_NEPTUNE,325305,660,660,-660
01/07/2019 18:35,SCH - PJM_VFT,325658,315,315,-315
01/07/2019 18:35,SPR/DUN-SOUTH,23320,2226.51,4600,-9999
01/07/2019 18:35,TOTAL EAST,23314,4516.2,6800,-9999
01/07/2019 18:35,UPNY CONED,23315,2076.3,5700,-9999
01/07/2019 18:35,WEST CENTRAL,23312,569.46,9999,-9999
01/07/2019 18:40,CENTRAL EAST - VC,23330,2623.46,2840,-9999
01/07/2019 18:40,DYSINGER EAST,23326,1373.33,3150,-9999
01/07/2019 18:40,MOSES SOUTH,23319,1626.32,3000,-1600
01/07/2019 18:40,SCH - HQ - NY,23324,1238,1500,-1000
01/07/2019 18:40,SCH - HQ_CEDARS,325274,0,199,-100
01/07/2019 18:40,SCH - HQ_IMPORT_EXPORT,325376,1088,1310,-9999
01/07/2019 18:40,SCH - NE - NY,23318,-1485.52,1400,-1800
01/07/2019 18:40,SCH - NPX_1385,325277,85,200,-200
01/07/2019 18:40,SCH - NPX_CSC,325154,0,330,-330
01/07/2019 18:40,SCH - OH - NY,23317,903.53,2250,-1900
01/07/2019 18:40,SCH - PJ - NY,23316,298.13,2000,-1300
01/07/2019 18:40,SCH - PJM_HTP,325905,60,660,-660
01/07/2019 18:40,SCH - PJM_NEPTUNE,325305,660,660,-660
01/07/2019 18:40,SCH - PJM_VFT,325658,315,315,-315
01/07/2019 18:40,SPR/DUN-SOUTH,23320,2243.25,4600,-9999
01/07/2019 18:40,TOTAL EAST,23314,4549.41,6800,-9999
01/07/2019 18:40,UPNY CONED,23315,2086.02,5700,-9999
01/07/2019 18:40,WEST CENTRAL,23312,565.7,9999,-9999
01/07/2019 18:45,CENTRAL EAST - VC,23330,2642.61,2840,-9999
01/07/2019 18:45,DYSINGER EAST,23326,1363.42,3150,-9999
01/07/2019 18:45,MOSES SOUTH,23319,1642.22,3000,-1600
01/07/2019 18:45,SCH - HQ - NY,23324,1238,1500,-1000
01/07/2019 18:45,SCH - HQ_CEDARS,325274,0,199,-100
01/07/2019 18:45,SCH - HQ_IMPORT_EXPORT,325376,1088,1310,-9999
01/07/2019 18:45,SCH - NE - NY,23318,-1466.43,1400,-1800
01/07/2019 18:45,SCH - NPX_1385,325277,85,200,-200
01/07/2019 18:45,SCH - NPX_CSC,325154,0,330,-330
01/07/2019 18:45,SCH - OH - NY,23317,903.43,2250,-1900
01/07/2019 18:45,SCH - PJ - NY,23316,313.35,2000,-1300
01/07/2019 18:45,SCH - PJM_HTP,325905,60,660,-660
01/07/2019 18:45,SCH - PJM_NEPTUNE,325305,660,660,-660
01/07/2019 18:45,SCH - PJM_VFT,325658,315,315,-315
01/07/2019 18:45,SPR/DUN-SOUTH,23320,2329.51,4600,-9999
01/07/2019 18:45,TOTAL EAST,23314,4598.3,6800,-9999
01/07/2019 18:45,UPNY CONED,23315,2156.71,5700,-9999
01/07/2019 18:45,WEST CENTRAL,23312,557.9,9999,-9999
01/07/2019 18:50,CENTRAL EAST - VC,23330,2661.18,2840,-9999
01/07/2019 18:50,DYSINGER EAST,23326,1405.06,3150,-9999
01/07/2019 18:50,MOSES SOUTH,23319,1644.33,3000,-1600
01/07/2019 18:50,SCH - HQ - NY,23324,1238,1500,-1000
01/07/2019 18:50,SCH - HQ_CEDARS,325274,0,199,-100
01/07/2019 18:50,SCH - HQ_IMPORT_EXPORT,325376,1088,1310,-9999
01/07/2019 18:50,SCH - NE - NY,23318,-1447.59,1400,-1800
01/07/2019 18:50,SCH - NPX_1385,325277,85,200,-200
01/07/2019 18:50,SCH - NPX_CSC,325154,0,330,-330
01/07/2019 18:50,SCH - OH - NY,23317,903.49,2250,-1900
01/07/2019 18:50,SCH - PJ - NY,23316,329.13,2000,-1300
01/07/2019 18:50,SCH - PJM_HTP,325905,60,660,-660
01/07/2019 18:50,SCH - PJM_NEPTUNE,325305,660,660,-660
01/07/2019 18:50,SCH - PJM_VFT,325658,315,315,-315
01/07/2019 18:50,SPR/DUN-SOUTH,23320,2364.58,4600,-9999
01/07/2019 18:50,TOTAL EAST,23314,4629.5,6800,-9999
01/07/2019 18:50,UPNY CONED,23315,2207.98,5700,-9999
01/07/2019 18:50,WEST CENTRAL,23312,596.34,9999,-9999
01/07/2019 18:55,CENTRAL EAST - VC,23330,2640.09,2840,-9999
01/07/2019 18:55,DYSINGER EAST,23326,1361.56,3150,-9999
01/07/2019 18:55,MOSES SOUTH,23319,1667.59,3000,-1600
01/07/2019 18:55,SCH - HQ - NY,23324,1238,1500,-1000
01/07/2019 18:55,SCH - HQ_CEDARS,325274,0,199,-100
01/07/2019 18:55,SCH - HQ_IMPORT_EXPORT,325376,1088,1310,-9999
01/07/2019 18:55,SCH - NE - NY,23318,-1447.62,1400,-1800
01/07/2019 18:55,SCH - NPX_1385,325277,85,200,-200
01/07/2019 18:55,SCH - NPX_CSC,325154,0,330,-330
01/07/2019 18:55,SCH - OH - NY,23317,903.44,2250,-1900
01/07/2019 18:55,SCH - PJ - NY,23316,329.67,2000,-1300
01/07/2019 18:55,SCH - PJM_HTP,325905,60,660,-660
01/07/2019 18:55,SCH - PJM_NEPTUNE,325305,660,660,-660
01/07/2019 18:55,SCH - PJM_VFT,325658,315,315,-315
01/07/2019 18:55,SPR/DUN-SOUTH,23320,2344.25,4600,-9999
01/07/2019 18:55,TOTAL EAST,23314,4661.84,6800,-9999
01/07/2019 18:55,UPNY CONED,23315,2197.58,5700,-9999
01/07/2019 18:55,WEST CENTRAL,23312,558.17,9999,-9999
01/07/2019 19:00,CENTRAL EAST - VC,23330,2638.35,2840,-9999
01/07/2019 19:00,DYSINGER EAST,23326,1311.92,3150,-9999
01/07/2019 19:00,MOSES SOUTH,23319,1724.59,3000,-1600
01/07/2019 19:00,SCH - HQ - NY,23324,1288,1500,-1000
01/07/2019 19:00,SCH - HQ_CEDARS,325274,0,199,-100
01/07/2019 19:00,SCH - HQ_IMPORT_EXPORT,325376,1138,1310,-9999
01/07/2019 19:00,SCH - NE - NY,23318,-1298.69,1400,-1800
01/07/2019 19:00,SCH - NPX_1385,325277,80,200,-200
01/07/2019 19:00,SCH - NPX_CSC,325154,18,330,-330
01/07/2019 19:00,SCH - OH - NY,23317,813.66,2250,-1900
01/07/2019 19:00,SCH - PJ - NY,23316,301.72,2000,-1300
01/07/2019 19:00,SCH - PJM_HTP,325905,60,660,-660
01/07/2019 19:00,SCH - PJM_NEPTUNE,325305,660,660,-660
01/07/2019 19:00,SCH - PJM_VFT,325658,315,315,-315
01/07/2019 19:00,SPR/DUN-SOUTH,23320,2336.71,4600,-9999
01/07/2019 19:00,TOTAL EAST,23314,4632.59,6800,-9999
01/07/2019 19:00,UPNY CONED,23315,2166.59,5700,-9999
01/07/2019 19:00,WEST CENTRAL,23312,514.86,9999,-9999
01/07/2019 19:05,CENTRAL EAST - VC,23330,2570.37,2840,-9999
01/07/2019 19:05,DYSINGER EAST,23326,1229.24,3150,-9999
01/07/2019 19:05,MOSES SOUTH,23319,1783.59,3000,-1600
01/07/2019 19:05,SCH - HQ - NY,23324,1338,1500,-1000
01/07/2019 19:05,SCH - HQ_CEDARS,325274,0,199,-100
01/07/2019 19:05,SCH - HQ_IMPORT_EXPORT,325376,1188,1310,-9999
01/07/2019 19:05,SCH - NE - NY,23318,-1148.47,1400,-1800
01/07/2019 19:05,SCH - NPX_1385,325277,75,200,-200
01/07/2019 19:05,SCH - NPX_CSC,325154,36,330,-330
01/07/2019 19:05,SCH - OH - NY,23317,720.58,2250,-1900
01/07/2019 19:05,SCH - PJ - NY,23316,279.45,2000,-1300
01/07/2019 19:05,SCH - PJM_HTP,325905,60,660,-660
01/07/2019 19:05,SCH - PJM_NEPTUNE,325305,660,660,-660
01/07/2019 19:05,SCH - PJM_VFT,325658,315,315,-315
01/07/2019 19:05,SPR/DUN-SOUTH,23320,2379.56,4600,-9999
01/07/2019 19:05,TOTAL EAST,23314,4564.68,6800,-9999
01/07/2019 19:05,UPNY CONED,23315,2226.95,5700,-9999
01/07/2019 19:05,WEST CENTRAL,23312,438.25,9999,-9999
01/07/2019 19:10,CENTRAL EAST - VC,23330,2583.72,2840,-9999
01/07/2019 19:10,DYSINGER EAST,23326,1279.06,3150,-9999
01/07/2019 19:10,MOSES SOUTH,23319,1772.24,3000,-1600
01/07/2019 19:10,SCH - HQ - NY,23324,1338,1500,-1000
01/07/2019 19:10,SCH - HQ_CEDARS,325274,0,199,-100
01/07/2019 19:10,SCH - HQ_IMPORT_EXPORT,325376,1188,1310,-9999
01/07/2019 19:10,SCH - NE - NY,23318,-1148.52,1400,-1800
01/07/2019 19:10,SCH - NPX_1385,325277,75,200,-200
01/07/2019 19:10,SCH - NPX_CSC,325154,36,330,-330
01/07/2019 19:10,SCH - OH - NY,23317,724.31,2250,-1900
01/07/2019 19:10,SCH - PJ - NY,23316,277.12,2000,-1300
01/07/2019 19:10,SCH - PJM_HTP,325905,60,660,-660
01/07/2019 19:10,SCH - PJM_NEPTUNE,325305,660,660,-660
01/07/2019 19:10,SCH - PJM_VFT,325658,315,315,-315
01/07/2019 19:10,SPR/DUN-SOUTH,23320,2376.21,4600,-9999
01/07/2019 19:10,TOTAL EAST,23314,4564.51,6800,-9999
01/07/2019 19:10,UPNY CONED,23315,2221.67,5700,-9999
01/07/2019 19:10,WEST CENTRAL,23312,487.08,9999,-9999
01/07/2019 19:15,CENTRAL EAST - VC,23330,2603.15,2840,-9999
01/07/2019 19:15,DYSINGER EAST,23326,1341.19,3150,-9999
01/07/2019 19:15,MOSES SOUTH,23319,1751.75,3000,-1600
01/07/2019 19:15,SCH - HQ - NY,23324,1338,1500,-1000
01/07/2019 19:15,SCH - HQ_CEDARS,325274,0,199,-100
01/07/2019 19:15,SCH - HQ_IMPORT_EXPORT,325376,1188,1310,-9999
01/07/2019 19:15,SCH - NE - NY,23318,-1123.99,1400,-1800
01/07/2019 19:15,SCH - NPX_1385,325277,75,200,-200
01/07/2019 19:15,SCH - NPX_CSC,325154,36,330,-330
01/07/2019 19:15,SCH - OH - NY,23317,726.21,2250,-1900
01/07/2019 19:15,SCH - PJ - NY,23316,216.13,2000,-1300
01/07/2019 19:15,SCH - PJM_HTP,325905,60,660,-660
01/07/2019 19:15,SCH - PJM_NEPTUNE,325305,660,660,-660
01/07/2019 19:15,SCH - PJM_VFT,325658,315,315,-315
01/07/2019 19:15,SPR/DUN-SOUTH,23320,2410.66,4600,-9999
01/07/2019 19:15,TOTAL EAST,23314,4498.7,6800,-9999
01/07/2019 19:15,UPNY CONED,23315,2231.62,5700,-9999
01/07/2019 19:15,WEST CENTRAL,23312,545.68,9999,-9999
01/07/2019 19:20,CENTRAL EAST - VC,23330,2602.18,2840,-9999
01/07/2019 19:20,DYSINGER EAST,23326,1345.93,3150,-9999
01/07/2019 19:20,MOSES SOUTH,23319,1764.32,3000,-1600
01/07/2019 19:20,SCH - HQ - NY,23324,1338,1500,-1000
01/07/2019 19:20,SCH - HQ_CEDARS,325274,0,199,-100
01/07/2019 19:20,SCH - HQ_IMPORT_EXPORT,325376,1188,1310,-9999
01/07/2019 19:20,SCH - NE - NY,23318,-1098.97,1400,-1800
01/07/2019 19:20,SCH - NPX_1385,325277,75,200,-200
01/07/2019 19:20,SCH - NPX_CSC,325154,36,330,-330
01/07/2019 19:20,SCH - OH - NY,23317,724.75,2250,-1900
01/07/2019 19:20,SCH - PJ - NY,23316,159.26,2000,-1300
01/07/2019 19:20,SCH - PJM_HTP,325905,60,660,-660
01/07/2019 19:20,SCH - PJM_NEPTUNE,325305,660,660,-660
01/07/2019 19:20,SCH - PJM_VFT,325658,315,315,-315
01/07/2019 19:20,SPR/DUN-SOUTH,23320,2429.65,4600,-9999
01/07/2019 19:20,TOTAL EAST,23314,4455.58,6800,-9999
01/07/2019 19:20,UPNY CONED,23315,2235.85,5700,-9999
01/07/2019 19:20,WEST CENTRAL,23312,555.59,9999,-9999
01/07/2019 19:25,CENTRAL EAST - VC,23330,2614.25,2840,-9999
01/07/2019 19:25,DYSINGER EAST,23326,1352.78,3150,-9999
01/07/2019 19:25,MOSES SOUTH,23319,1761.48,3000,-1600
01/07/2019 19:25,SCH - HQ - NY,23324,1338,1500,-1000
01/07/2019 19:25,SCH - HQ_CEDARS,325274,0,199,-100
01/07/2019 19:25,SCH - HQ_IMPORT_EXPORT,325376,1188,1310,-9999
01/07/2019 19:25,SCH - NE - NY,23318,-1098.78,1400,-1800
01/07/2019 19:25,SCH - NPX_1385,325277,75,200,-200
01/07/2019 19:25,SCH - NPX_CSC,325154,36,330,-330
01/07/2019 19:25,SCH - OH - NY,23317,724.4,2250,-1900
01/07/2019 19:25,SCH - PJ - NY,23316,155.79,2000,-1300
01/07/2019 19:25,SCH - PJM_HTP,325905,60,660,-660
01/07/2019 19:25,SCH - PJM_NEPTUNE,325305,660,660,-660
01/07/2019 19:25,SCH - PJM_VFT,325658,315,315,-315
01/07/2019 19:25,SPR/DUN-SOUTH,23320,2408.28,4600,-9999
01/07/2019 19:25,TOTAL EAST,23314,4448.84,6800,-9999
01/07/2019 19:25,UPNY CONED,23315,2213.38,5700,-9999
01/07/2019 19:25,WEST CENTRAL,23312,567,9999,-9999
01/07/2019 19:30,CENTRAL EAST - VC,23330,2648.04,2840,-9999
01/07/2019 19:30,DYSINGER EAST,23326,1391.54,3150,-9999
01/07/2019 19:30,MOSES SOUTH,23319,1750.77,3000,-1600
01/07/2019 19:30,SCH - HQ - NY,23324,1338,1500,-1000
01/07/2019 19:30,SCH - HQ_CEDARS,325274,0,199,-100
01/07/2019 19:30,SCH - HQ_IMPORT_EXPORT,325376,1188,1310,-9999
01/07/2019 19:30,SCH - NE - NY,23318,-1098.79,1400,-1800
01/07/2019 19:30,SCH - NPX_1385,325277,75,200,-200
01/07/2019 19:30,SCH - NPX_CSC,325154,36,330,-330
01/07/2019 19:30,SCH - OH - NY,23317,724.38,2250,-1900
01/07/2019 19:30,SCH - PJ - NY,23316,158.37,2000,-1300
01/07/2019 19:30,SCH - PJM_HTP,325905,60,660,-660
01/07/2019 19:30,SCH - PJM_NEPTUNE,325305,660,660,-660
01/07/2019 19:30,SCH - PJM_VFT,325658,315,315,-315
01/07/2019 19:30,SPR/DUN-SOUTH,23320,2450.8,4600,-9999
01/07/2019 19:30,TOTAL EAST,23314,4466.64,6800,-9999
01/07/2019 19:30,UPNY CONED,23315,2234.37,5700,-9999
01/07/2019 19:30,WEST CENTRAL,23312,610.82,9999,-9999
01/07/2019 19:35,CENTRAL EAST - VC,23330,2637.42,2840,-9999
01/07/2019 19:35,DYSINGER EAST,23326,1349.17,3150,-9999
01/07/2019 19:35,MOSES SOUTH,23319,1760.06,3000,-1600
01/07/2019 19:35,SCH - HQ - NY,23324,1338,1500,-1000
01/07/2019 19:35,SCH - HQ_CEDARS,325274,0,199,-100
01/07/2019 19:35,SCH - HQ_IMPORT_EXPORT,325376,1188,1310,-9999
01/07/2019 19:35,SCH - NE - NY,23318,-1098.84,1400,-1800
01/07/2019 19:35,SCH - NPX_1385,325277,75,200,-200
01/07/2019 19:35,SCH - NPX_CSC,325154,36,330,-330
01/07/2019 19:35,SCH - OH - NY,23317,722.78,2250,-1900
01/07/2019 19:35,SCH - PJ - NY,23316,157.74,2000,-1300
01/07/2019 19:35,SCH - PJM_HTP,325905,60,660,-660
01/07/2019 19:35,SCH - PJM_NEPTUNE,325305,660,660,-660
01/07/2019 19:35,SCH - PJM_VFT,325658,315,315,-315
01/07/2019 19:35,SPR/DUN-SOUTH,23320,2451,4600,-9999
01/07/2019 19:35,TOTAL EAST,23314,4498.61,6800,-9999
01/07/2019 19:35,UPNY CONED,23315,2238.65,5700,-9999
01/07/2019 19:35,WEST CENTRAL,23312,574.66,9999,-9999
01/07/2019 19:40,CENTRAL EAST - VC,23330,2652.17,2840,-9999
01/07/2019 19:40,DYSINGER EAST,23326,1376.73,3150,-9999
01/07/2019 19:40,MOSES SOUTH,23319,1754.21,3000,-1600
01/07/2019 19:40,SCH - HQ - NY,23324,1338,1500,-1000
01/07/2019 19:40,SCH - HQ_CEDARS,325274,0,199,-100
01/07/2019 19:40,SCH - HQ_IMPORT_EXPORT,325376,1188,1310,-9999
01/07/2019 19:40,SCH - NE - NY,23318,-1098.8,1400,-1800
01/07/2019 19:40,SCH - NPX_1385,325277,75,200,-200
01/07/2019 19:40,SCH - NPX_CSC,325154,36,330,-330
01/07/2019 19:40,SCH - OH - NY,23317,723.98,2250,-1900
01/07/2019 19:40,SCH - PJ - NY,23316,158.48,2000,-1300
01/07/2019 19:40,SCH - PJM_HTP,325905,60,660,-660
01/07/2019 19:40,SCH - PJM_NEPTUNE,325305,660,660,-660
01/07/2019 19:40,SCH - PJM_VFT,325658,315,315,-315
01/07/2019 19:40,SPR/DUN-SOUTH,23320,2455.43,4600,-9999
01/07/2019 19:40,TOTAL EAST,23314,4508.08,6800,-9999
01/07/2019 19:40,UPNY CONED,23315,2243.32,5700,-9999
01/07/2019 19:40,WEST CENTRAL,23312,608.34,9999,-9999
01/07/2019 19:45,CENTRAL EAST - VC,23330,2638.22,2840,-9999
01/07/2019 19:45,DYSINGER EAST,23326,1347.15,3150,-9999
01/07/2019 19:45,MOSES SOUTH,23319,1760.73,3000,-1600
01/07/2019 19:45,SCH - HQ - NY,23324,1338,1500,-1000
01/07/2019 19:45,SCH - HQ_CEDARS,325274,0,199,-100
01/07/2019 19:45,SCH - HQ_IMPORT_EXPORT,325376,1188,1310,-9999
01/07/2019 19:45,SCH - NE - NY,23318,-1123.79,1400,-1800
01/07/2019 19:45,SCH - NPX_1385,325277,75,200,-200
01/07/2019 19:45,SCH - NPX_CSC,325154,36,330,-330
01/07/2019 19:45,SCH - OH - NY,23317,723.32,2250,-1900
01/07/2019 19:45,SCH - PJ - NY,23316,157.43,2000,-1300
01/07/2019 19:45,SCH - PJM_HTP,325905,60,660,-660
01/07/2019 19:45,SCH - PJM_NEPTUNE,325305,660,660,-660
01/07/2019 19:45,SCH - PJM_VFT,325658,315,315,-315
01/07/2019 19:45,SPR/DUN-SOUTH,23320,2458.37,4600,-9999
01/07/2019 19:45,TOTAL EAST,23314,4537.86,6800,-9999
01/07/2019 19:45,UPNY CONED,23315,2251.46,5700,-9999
01/07/2019 19:45,WEST CENTRAL,23312,583.74,9999,-9999
01/07/2019 19:50,CENTRAL EAST - VC,23330,2634.79,2840,-9999
01/07/2019 19:50,DYSINGER EAST,23326,1340.97,3150,-9999
01/07/2019 19:50,MOSES SOUTH,23319,1762.4,3000,-1600
01/07/2019 19:50,SCH - HQ - NY,23324,1338,1500,-1000
01/07/2019 19:50,SCH - HQ_CEDARS,325274,0,199,-100
01/07/2019 19:50,SCH - HQ_IMPORT_EXPORT,325376,1188,1310,-9999
01/07/2019 19:50,SCH - NE - NY,23318,-1148.73,1400,-1800
01/07/2019 19:50,SCH - NPX_1385,325277,75,200,-200
01/07/2019 19:50,SCH - NPX_CSC,325154,36,330,-330
01/07/2019 19:50,SCH - OH - NY,23317,722.03,2250,-1900
01/07/2019 19:50,SCH - PJ - NY,23316,158.91,2000,-1300
01/07/2019 19:50,SCH - PJM_HTP,325905,60,660,-660
01/07/2019 19:50,SCH - PJM_NEPTUNE,325305,660,660,-660
01/07/2019 19:50,SCH - PJM_VFT,325658,315,315,-315
01/07/2019 19:50,SPR/DUN-SOUTH,23320,2436.47,4600,-9999
01/07/2019 19:50,TOTAL EAST,23314,4536.4,6800,-9999
01/07/2019 19:50,UPNY CONED,23315,2231.42,5700,-9999
01/07/2019 19:50,WEST CENTRAL,23312,582.73,9999,-9999
01/07/2019 19:55,CENTRAL EAST - VC,23330,2599.85,2840,-9999
01/07/2019 19:55,DYSINGER EAST,23326,1249.75,3150,-9999
01/07/2019 19:55,MOSES SOUTH,23319,1752.17,3000,-1600
01/07/2019 19:55,SCH - HQ - NY,23324,1338,1500,-1000
01/07/2019 19:55,SCH - HQ_CEDARS,325274,0,199,-100
01/07/2019 19:55,SCH - HQ_IMPORT_EXPORT,325376,1188,1310,-9999
01/07/2019 19:55,SCH - NE - NY,23318,-1148.61,1400,-1800
01/07/2019 19:55,SCH - NPX_1385,325277,75,200,-200
01/07/2019 19:55,SCH - NPX_CSC,325154,36,330,-330
01/07/2019 19:55,SCH - OH - NY,23317,722.42,2250,-1900
01/07/2019 19:55,SCH - PJ - NY,23316,158.31,2000,-1300
01/07/2019 19:55,SCH - PJM_HTP,325905,60,660,-660
01/07/2019 19:55,SCH - PJM_NEPTUNE,325305,660,660,-660
01/07/2019 19:55,SCH - PJM_VFT,325658,315,315,-315
01/07/2019 19:55,SPR/DUN-SOUTH,23320,2384.56,4600,-9999
01/07/2019 19:55,TOTAL EAST,23314,4410.44,6800,-9999
01/07/2019 19:55,UPNY CONED,23315,2153.77,5700,-9999
01/07/2019 19:55,WEST CENTRAL,23312,497.27,9999,-9999
01/07/2019 20:00,CENTRAL EAST - VC,23330,2524.57,2840,-9999
01/07/2019 20:00,DYSINGER EAST,23326,1153.75,3150,-9999
01/07/2019 20:00,MOSES SOUTH,23319,1817.52,3000,-1600
01/07/2019 20:00,SCH - HQ - NY,23324,1375,1500,-1000
01/07/2019 20:00,SCH - HQ_CEDARS,325274,50,199,-100
01/07/2019 20:00,SCH - HQ_IMPORT_EXPORT,325376,1225,1310,-9999
01/07/2019 20:00,SCH - NE - NY,23318,-1115.77,1400,-1800
01/07/2019 20:00,SCH - NPX_1385,325277,62,200,-200
01/07/2019 20:00,SCH - NPX_CSC,325154,18,330,-330
01/07/2019 20:00,SCH - OH - NY,23317,640.33,2250,-1900
01/07/2019 20:00,SCH - PJ - NY,23316,244.9,2000,-1300
01/07/2019 20:00,SCH - PJM_HTP,325905,85,660,-660
01/07/2019 20:00,SCH - PJM_NEPTUNE,325305,660,660,-660
01/07/2019 20:00,SCH - PJM_VFT,325658,315,315,-315
01/07/2019 20:00,SPR/DUN-SOUTH,23320,2216.86,4600,-9999
01/07/2019 20:00,TOTAL EAST,23314,4317.09,6800,-9999
01/07/2019 20:00,UPNY CONED,23315,1911.23,5700,-9999
01/07/2019 20:00,WEST CENTRAL,23312,406.71,9999,-9999
01/07/2019 20:05,CENTRAL EAST - VC,23330,2634.99,2840,-9999
01/07/2019 20:05,DYSINGER EAST,23326,1160.2,3150,-9999
01/07/2019 20:05,MOSES SOUTH,23319,1900.4,3000,-1600
01/07/2019 20:05,SCH - HQ - NY,23324,1413,1500,-1000
01/07/2019 20:05,SCH - HQ_CEDARS,325274,100,199,-100
01/07/2019 20:05,SCH - HQ_IMPORT_EXPORT,325376,1263,1310,-9999
01/07/2019 20:05,SCH - NE - NY,23318,-1083.82,1400,-1800
01/07/2019 20:05,SCH - NPX_1385,325277,50,200,-200
01/07/2019 20:05,SCH - NPX_CSC,325154,0,330,-330
01/07/2019 20:05,SCH - OH - NY,23317,547.19,2250,-1900
01/07/2019 20:05,SCH - PJ - NY,23316,342.79,2000,-1300
01/07/2019 20:05,SCH - PJM_HTP,325905,110,660,-660
01/07/2019 20:05,SCH - PJM_NEPTUNE,325305,660,660,-660
01/07/2019 20:05,SCH - PJM_VFT,325658,315,315,-315
01/07/2019 20:05,SPR/DUN-SOUTH,23320,2279.64,4600,-9999
01/07/2019 20:05,TOTAL EAST,23314,4537.92,6800,-9999
01/07/2019 20:05,UPNY CONED,23315,2136.64,5700,-9999
01/07/2019 20:05,WEST CENTRAL,23312,415.05,9999,-9999
01/07/2019 20:10,CENTRAL EAST - VC,23330,2668.99,2840,-9999
01/07/2019 20:10,DYSINGER EAST,23326,1170.72,3150,-9999
01/07/2019 20:10,MOSES SOUTH,23319,1907.95,3000,-1600
01/07/2019 20:10,SCH - HQ - NY,23324,1413,1500,-1000
01/07/2019 20:10,SCH - HQ_CEDARS,325274,100,199,-100
01/07/2019 20:10,SCH - HQ_IMPORT_EXPORT,325376,1263,1310,-9999
01/07/2019 20:10,SCH - NE - NY,23318,-1083.91,1400,-1800
01/07/2019 20:10,SCH - NPX_1385,325277,50,200,-200
01/07/2019 20:10,SCH - NPX_CSC,325154,0,330,-330
01/07/2019 20:10,SCH - OH - NY,23317,547.16,2250,-1900
01/07/2019 20:10,SCH - PJ - NY,23316,342.18,2000,-1300
01/07/2019 20:10,SCH - PJM_HTP,325905,110,660,-660
01/07/2019 20:10,SCH - PJM_NEPTUNE,325305,660,660,-660
01/07/2019 20:10,SCH - PJM_VFT,325658,315,315,-315
01/07/2019 20:10,SPR/DUN-SOUTH,23320,2320.9,4600,-9999
01/07/2019 20:10,TOTAL EAST,23314,4610.8,6800,-9999
01/07/2019 20:10,UPNY CONED,23315,2186.62,5700,-9999
01/07/2019 20:10,WEST CENTRAL,23312,427.46,9999,-9999
01/07/2019 20:15,CENTRAL EAST - VC,23330,2657.09,2840,-9999
01/07/2019 20:15,DYSINGER EAST,23326,1221.27,3150,-9999
01/07/2019 20:15,MOSES SOUTH,23319,1850.95,3000,-1600
01/07/2019 20:15,SCH - HQ - NY,23324,1413,1500,-1000
01/07/2019 20:15,SCH - HQ_CEDARS,325274,100,199,-100
01/07/2019 20:15,SCH - HQ_IMPORT_EXPORT,325376,1263,1310,-9999
01/07/2019 20:15,SCH - NE - NY,23318,-1100.3,1400,-1800
01/07/2019 20:15,SCH - NPX_1385,325277,50,200,-200
01/07/2019 20:15,SCH - NPX_CSC,325154,0,330,-330
01/07/2019 20:15,SCH - OH - NY,23317,546.99,2250,-1900
01/07/2019 20:15,SCH - PJ - NY,23316,301.28,2000,-1300
01/07/2019 20:15,SCH - PJM_HTP,325905,85,660,-660
01/07/2019 20:15,SCH - PJM_NEPTUNE,325305,660,660,-660
01/07/2019 20:15,SCH - PJM_VFT,325658,315,315,-315
01/07/2019 20:15,SPR/DUN-SOUTH,23320,2316.9,4600,-9999
01/07/2019 20:15,TOTAL EAST,23314,4586.89,6800,-9999
01/07/2019 20:15,UPNY CONED,23315,2157.48,5700,-9999
01/07/2019 20:15,WEST CENTRAL,23312,479.62,9999,-9999
01/07/2019 20:20,CENTRAL EAST - VC,23330,2649.4,2840,-9999
01/07/2019 20:20,DYSINGER EAST,23326,1170.04,3150,-9999
01/07/2019 20:20,MOSES SOUTH,23319,1866.24,3000,-1600
01/07/2019 20:20,SCH - HQ - NY,23324,1413,1500,-1000
01/07/2019 20:20,SCH - HQ_CEDARS,325274,100,199,-100
01/07/2019 20:20,SCH - HQ_IMPORT_EXPORT,325376,1263,1310,-9999
01/07/2019 20:20,SCH - NE - NY,23318,-1117.33,1400,-1800
01/07/2019 20:20,SCH - NPX_1385,325277,50,200,-200
01/07/2019 20:20,SCH - NPX_CSC,325154,0,330,-330
01/07/2019 20:20,SCH - OH - NY,23317,546.89,2250,-1900
01/07/2019 20:20,SCH - PJ - NY,23316,257.34,2000,-1300
01/07/2019 20:20,SCH - PJM_HTP,325905,60,660,-660
01/07/2019 20:20,SCH - PJM_NEPTUNE,325305,660,660,-660
01/07/2019 20:20,SCH - PJM_VFT,325658,315,315,-315
01/07/2019 20:20,SPR/DUN-SOUTH,23320,2308.13,4600,-9999
01/07/2019 20:20,TOTAL EAST,23314,4587.44,6800,-9999
01/07/2019 20:20,UPNY CONED,23315,2136.1,5700,-9999
01/07/2019 20:20,WEST CENTRAL,23312,434.53,9999,-9999
01/07/2019 20:25,CENTRAL EAST - VC,23330,2646.69,2840,-9999
01/07/2019 20:25,DYSINGER EAST,23326,1175.51,3150,-9999
01/07/2019 20:25,MOSES SOUTH,23319,1864.33,3000,-1600
01/07/2019 20:25,SCH - HQ - NY,23324,1413,1500,-1000
01/07/2019 20:25,SCH - HQ_CEDARS,325274,100,199,-100
01/07/2019 20:25,SCH - HQ_IMPORT_EXPORT,325376,1263,1310,-9999
01/07/2019 20:25,SCH - NE - NY,23318,-1117.35,1400,-1800
01/07/2019 20:25,SCH - NPX_1385,325277,50,200,-200
01/07/2019 20:25,SCH - NPX_CSC,325154,0,330,-330
01/07/2019 20:25,SCH - OH - NY,23317,546.86,2250,-1900
01/07/2019 20:25,SCH - PJ - NY,23316,258.81,2000,-1300
01/07/2019 20:25,SCH - PJM_HTP,325905,60,660,-660
01/07/2019 20:25,SCH - PJM_NEPTUNE,325305,660,660,-660
01/07/2019 20:25,SCH - PJM_VFT,325658,315,315,-315
01/07/2019 20:25,SPR/DUN-SOUTH,23320,2355.67,4600,-9999
01/07/2019 20:25,TOTAL EAST,23314,4625.54,6800,-9999
01/07/2019 20:25,UPNY CONED,23315,2199.1,5700,-9999
01/07/2019 20:25,WEST CENTRAL,23312,448.22,9999,-9999
01/07/2019 20:30,CENTRAL EAST - VC,23330,2639.61,2840,-9999
01/07/2019 20:30,DYSINGER EAST,23326,1171.46,3150,-9999
01/07/2019 20:30,MOSES SOUTH,23319,1854.16,3000,-1600
01/07/2019 20:30,SCH - HQ - NY,23324,1413,1500,-1000
01/07/2019 20:30,SCH - HQ_CEDARS,325274,100,199,-100
01/07/2019 20:30,SCH - HQ_IMPORT_EXPORT,325376,1263,1310,-9999
01/07/2019 20:30,SCH - NE - NY,23318,-1125.23,1400,-1800
01/07/2019 20:30,SCH - NPX_1385,325277,50,200,-200
01/07/2019 20:30,SCH - NPX_CSC,325154,0,330,-330
01/07/2019 20:30,SCH - OH - NY,23317,550.92,2250,-1900
01/07/2019 20:30,SCH - PJ - NY,23316,220.29,2000,-1300
01/07/2019 20:30,SCH - PJM_HTP,325905,60,660,-660
01/07/2019 20:30,SCH - PJM_NEPTUNE,325305,660,660,-660
01/07/2019 20:30,SCH - PJM_VFT,325658,315,315,-315
01/07/2019 20:30,SPR/DUN-SOUTH,23320,2347.09,4600,-9999
01/07/2019 20:30,TOTAL EAST,23314,4598.4,6800,-9999
01/07/2019 20:30,UPNY CONED,23315,2178.14,5700,-9999
01/07/2019 20:30,WEST CENTRAL,23312,451.43,9999,-9999
01/07/2019 20:35,CENTRAL EAST - VC,23330,2581.01,2840,-9999
01/07/2019 20:35,DYSINGER EAST,23326,1120.05,3150,-9999
01/07/2019 20:35,MOSES SOUTH,23319,1847.2,3000,-1600
01/07/2019 20:35,SCH - HQ - NY,23324,1413,1500,-1000
01/07/2019 20:35,SCH - HQ_CEDARS,325274,100,199,-100
01/07/2019 20:35,SCH - HQ_IMPORT_EXPORT,325376,1263,1310,-9999
01/07/2019 20:35,SCH - NE - NY,23318,-1134.38,1400,-1800
01/07/2019 20:35,SCH - NPX_1385,325277,50,200,-200
01/07/2019 20:35,SCH - NPX_CSC,325154,0,330,-330
01/07/2019 20:35,SCH - OH - NY,23317,548.64,2250,-1900
01/07/2019 20:35,SCH - PJ - NY,23316,191.25,2000,-1300
01/07/2019 20:35,SCH - PJM_HTP,325905,60,660,-660
01/07/2019 20:35,SCH - PJM_NEPTUNE,325305,660,660,-660
01/07/2019 20:35,SCH - PJM_VFT,325658,315,315,-315
01/07/2019 20:35,SPR/DUN-SOUTH,23320,2293.26,4600,-9999
01/07/2019 20:35,TOTAL EAST,23314,4551.04,6800,-9999
01/07/2019 20:35,UPNY CONED,23315,2116.98,5700,-9999
01/07/2019 20:35,WEST CENTRAL,23312,406.04,9999,-9999
01/07/2019 20:40,CENTRAL EAST - VC,23330,2570.59,2840,-9999
01/07/2019 20:40,DYSINGER EAST,23326,1144.76,3150,-9999
01/07/2019 20:40,MOSES SOUTH,23319,1856.2,3000,-1600
01/07/2019 20:40,SCH - HQ - NY,23324,1413,1500,-1000
01/07/2019 20:40,SCH - HQ_CEDARS,325274,100,199,-100
01/07/2019 20:40,SCH - HQ_IMPORT_EXPORT,325376,1263,1310,-9999
01/07/2019 20:40,SCH - NE - NY,23318,-1134.36,1400,-1800
01/07/2019 20:40,SCH - NPX_1385,325277,50,200,-200
01/07/2019 20:40,SCH - NPX_CSC,325154,0,330,-330
01/07/2019 20:40,SCH - OH - NY,23317,550.66,2250,-1900
01/07/2019 20:40,SCH - PJ - NY,23316,188.27,2000,-1300
01/07/2019 20:40,SCH - PJM_HTP,325905,60,660,-660
01/07/2019 20:40,SCH - PJM_NEPTUNE,325305,660,660,-660
01/07/2019 20:40,SCH - PJM_VFT,325658,315,315,-315
01/07/2019 20:40,SPR/DUN-SOUTH,23320,2297.95,4600,-9999
01/07/2019 20:40,TOTAL EAST,23314,4499.38,6800,-9999
01/07/2019 20:40,UPNY CONED,23315,2074.46,5700,-9999
01/07/2019 20:40,WEST CENTRAL,23312,438.88,9999,-9999
01/07/2019 20:45,CENTRAL EAST - VC,23330,2544.64,2840,-9999
01/07/2019 20:45,DYSINGER EAST,23326,1116.67,3150,-9999
01/07/2019 20:45,MOSES SOUTH,23319,1842.75,3000,-1600
01/07/2019 20:45,SCH - HQ - NY,23324,1413,1500,-1000
01/07/2019 20:45,SCH - HQ_CEDARS,325274,100,199,-100
01/07/2019 20:45,SCH - HQ_IMPORT_EXPORT,325376,1263,1310,-9999
01/07/2019 20:45,SCH - NE - NY,23318,-1138.35,1400,-1800
01/07/2019 20:45,SCH - NPX_1385,325277,50,200,-200
01/07/2019 20:45,SCH - NPX_CSC,325154,0,330,-330
01/07/2019 20:45,SCH - OH - NY,23317,545.84,2250,-1900
01/07/2019 20:45,SCH - PJ - NY,23316,193.19,2000,-1300
01/07/2019 20:45,SCH - PJM_HTP,325905,60,660,-660
01/07/2019 20:45,SCH - PJM_NEPTUNE,325305,660,660,-660
01/07/2019 20:45,SCH - PJM_VFT,325658,315,315,-315
01/07/2019 20:45,SPR/DUN-SOUTH,23320,2299.2,4600,-9999
01/07/2019 20:45,TOTAL EAST,23314,4459.19,6800,-9999
01/07/2019 20:45,UPNY CONED,23315,2047.95,5700,-9999
01/07/2019 20:45,WEST CENTRAL,23312,418.16,9999,-9999
01/07/2019 20:50,CENTRAL EAST - VC,23330,2556.22,2840,-9999
01/07/2019 20:50,DYSINGER EAST,23326,1145.91,3150,-9999
01/07/2019 20:50,MOSES SOUTH,23319,1844.54,3000,-1600
01/07/2019 20:50,SCH - HQ - NY,23324,1413,1500,-1000
01/07/2019 20:50,SCH - HQ_CEDARS,325274,100,199,-100
01/07/2019 20:50,SCH - HQ_IMPORT_EXPORT,325376,1263,1310,-9999
01/07/2019 20:50,SCH - NE - NY,23318,-1142.29,1400,-1800
01/07/2019 20:50,SCH - NPX_1385,325277,50,200,-200
01/07/2019 20:50,SCH - NPX_CSC,325154,0,330,-330
01/07/2019 20:50,SCH - OH - NY,23317,548.04,2250,-1900
01/07/2019 20:50,SCH - PJ - NY,23316,190.23,2000,-1300
01/07/2019 20:50,SCH - PJM_HTP,325905,60,660,-660
01/07/2019 20:50,SCH - PJM_NEPTUNE,325305,660,660,-660
01/07/2019 20:50,SCH - PJM_VFT,325658,315,315,-315
01/07/2019 20:50,SPR/DUN-SOUTH,23320,2270.3,4600,-9999
01/07/2019 20:50,TOTAL EAST,23314,4434.63,6800,-9999
01/07/2019 20:50,UPNY CONED,23315,1999.89,5700,-9999
01/07/2019 20:50,WEST CENTRAL,23312,455.02,9999,-9999
01/07/2019 20:55,CENTRAL EAST - VC,23330,2576.24,2840,-9999
01/07/2019 20:55,DYSINGER EAST,23326,1152.25,3150,-9999
01/07/2019 20:55,MOSES SOUTH,23319,1829.83,3000,-1600
01/07/2019 20:55,SCH - HQ - NY,23324,1413,1500,-1000
01/07/2019 20:55,SCH - HQ_CEDARS,325274,100,199,-100
01/07/2019 20:55,SCH - HQ_IMPORT_EXPORT,325376,1263,1310,-9999
01/07/2019 20:55,SCH - NE - NY,23318,-1142.25,1400,-1800
01/07/2019 20:55,SCH - NPX_1385,325277,50,200,-200
01/07/2019 20:55,SCH - NPX_CSC,325154,0,330,-330
01/07/2019 20:55,SCH - OH - NY,23317,545.59,2250,-1900
01/07/2019 20:55,SCH - PJ - NY,23316,193.63,2000,-1300
01/07/2019 20:55,SCH - PJM_HTP,325905,60,660,-660
01/07/2019 20:55,SCH - PJM_NEPTUNE,325305,660,660,-660
01/07/2019 20:55,SCH - PJM_VFT,325658,315,315,-315
01/07/2019 20:55,SPR/DUN-SOUTH,23320,2206.83,4600,-9999
01/07/2019 20:55,TOTAL EAST,23314,4418.34,6800,-9999
01/07/2019 20:55,UPNY CONED,23315,1929.43,5700,-9999
01/07/2019 20:55,WEST CENTRAL,23312,468.17,9999,-9999
01/07/2019 21:00,CENTRAL EAST - VC,23330,2681.34,2840,-9999
01/07/2019 21:00,DYSINGER EAST,23326,1276.28,3150,-9999
01/07/2019 21:00,MOSES SOUTH,23319,1794.06,3000,-1600
01/07/2019 21:00,SCH - HQ - NY,23324,1390,1500,-1000
01/07/2019 21:00,SCH - HQ_CEDARS,325274,100,199,-100
01/07/2019 21:00,SCH - HQ_IMPORT_EXPORT,325376,1240,1310,-9999
01/07/2019 21:00,SCH - NE - NY,23318,-1096.11,1400,-1800
01/07/2019 21:00,SCH - NPX_1385,325277,72,200,-200
01/07/2019 21:00,SCH - NPX_CSC,325154,25,330,-330
01/07/2019 21:00,SCH - OH - NY,23317,674.25,2250,-1900
01/07/2019 21:00,SCH - PJ - NY,23316,170.71,2000,-1300
01/07/2019 21:00,SCH - PJM_HTP,325905,30,660,-660
01/07/2019 21:00,SCH - PJM_NEPTUNE,325305,660,660,-660
01/07/2019 21:00,SCH - PJM_VFT,325658,315,315,-315
01/07/2019 21:00,SPR/DUN-SOUTH,23320,2315.43,4600,-9999
01/07/2019 21:00,TOTAL EAST,23314,4623.41,6800,-9999
01/07/2019 21:00,UPNY CONED,23315,2030.2,5700,-9999
01/07/2019 21:00,WEST CENTRAL,23312,594.91,9999,-9999
01/07/2019 21:05,CENTRAL EAST - VC,23330,2721.93,2840,-9999
01/07/2019 21:05,DYSINGER EAST,23326,1326.24,3150,-9999
01/07/2019 21:05,MOSES SOUTH,23319,1773.66,3000,-1600
01/07/2019 21:05,SCH - HQ - NY,23324,1367,1500,-1000
01/07/2019 21:05,SCH - HQ_CEDARS,325274,100,199,-100
01/07/2019 21:05,SCH - HQ_IMPORT_EXPORT,325376,1217,1310,-9999
01/07/2019 21:05,SCH - NE - NY,23318,-1051.33,1400,-1800
01/07/2019 21:05,SCH - NPX_1385,325277,94,200,-200
01/07/2019 21:05,SCH - NPX_CSC,325154,50,330,-330
01/07/2019 21:05,SCH - OH - NY,23317,802.07,2250,-1900
01/07/2019 21:05,SCH - PJ - NY,23316,162.87,2000,-1300
01/07/2019 21:05,SCH - PJM_HTP,325905,0,660,-660
01/07/2019 21:05,SCH - PJM_NEPTUNE,325305,660,660,-660
01/07/2019 21:05,SCH - PJM_VFT,325658,315,315,-315
01/07/2019 21:05,SPR/DUN-SOUTH,23320,2407.88,4600,-9999
01/07/2019 21:05,TOTAL EAST,23314,4670.1,6800,-9999
01/07/2019 21:05,UPNY CONED,23315,2106.42,5700,-9999
01/07/2019 21:05,WEST CENTRAL,23312,651.6,9999,-9999
01/07/2019 21:10,CENTRAL EAST - VC,23330,2710.14,2840,-9999
01/07/2019 21:10,DYSINGER EAST,23326,1315.12,3150,-9999
01/07/2019 21:10,MOSES SOUTH,23319,1797.88,3000,-1600
01/07/2019 21:10,SCH - HQ - NY,23324,1367,1500,-1000
01/07/2019 21:10,SCH - HQ_CEDARS,325274,100,199,-100
01/07/2019 21:10,SCH - HQ_IMPORT_EXPORT,325376,1217,1310,-9999
01/07/2019 21:10,SCH - NE - NY,23318,-1051.43,1400,-1800
01/07/2019 21:10,SCH - NPX_1385,325277,94,200,-200
01/07/2019 21:10,SCH - NPX_CSC,325154,50,330,-330
01/07/2019 21:10,SCH - OH - NY,23317,802.27,2250,-1900
01/07/2019 21:10,SCH - PJ - NY,23316,162.87,2000,-1300
01/07/2019 21:10,SCH - PJM_HTP,325905,0,660,-660
01/07/2019 21:10,SCH - PJM_NEPTUNE,325305,660,660,-660
01/07/2019 21:10,SCH - PJM_VFT,325658,315,315,-315
01/07/2019 21:10,SPR/DUN-SOUTH,23320,2409.77,4600,-9999
01/07/2019 21:10,TOTAL EAST,23314,4667.41,6800,-9999
01/07/2019 21:10,UPNY CONED,23315,2112.45,5700,-9999
01/07/2019 21:10,WEST CENTRAL,23312,655.37,9999,-9999
01/07/2019 21:15,CENTRAL EAST - VC,23330,2673.28,2810,-9999
01/07/2019 21:15,DYSINGER EAST,23326,1268.45,3150,-9999
01/07/2019 21:15,MOSES SOUTH,23319,1812.48,3000,-1600
01/07/2019 21:15,SCH - HQ - NY,23324,1367,1500,-1000
01/07/2019 21:15,SCH - HQ_CEDARS,325274,100,199,-100
01/07/2019 21:15,SCH - HQ_IMPORT_EXPORT,325376,1217,1310,-9999
01/07/2019 21:15,SCH - NE - NY,23318,-1052.44,1400,-1800
01/07/2019 21:15,SCH - NPX_1385,325277,94,200,-200
01/07/2019 21:15,SCH - NPX_CSC,325154,50,330,-330
01/07/2019 21:15,SCH - OH - NY,23317,802.56,2250,-1900
01/07/2019 21:15,SCH - PJ - NY,23316,156.57,2000,-1300
01/07/2019 21:15,SCH - PJM_HTP,325905,0,660,-660
01/07/2019 21:15,SCH - PJM_NEPTUNE,325305,660,660,-660
01/07/2019 21:15,SCH - PJM_VFT,325658,315,315,-315
01/07/2019 21:15,SPR/DUN-SOUTH,23320,2362.58,4600,-9999
01/07/2019 21:15,TOTAL EAST,23314,4624.67,6800,-9999
01/07/2019 21:15,UPNY CONED,23315,2060.68,5700,-9999
01/07/2019 21:15,WEST CENTRAL,23312,623.02,9999,-9999
01/07/2019 21:20,CENTRAL EAST - VC,23330,2706.26,2810,-9999
01/07/2019 21:20,DYSINGER EAST,23326,1310.58,3150,-9999
01/07/2019 21:20,MOSES SOUTH,23319,1819.86,3000,-1600
01/07/2019 21:20,SCH - HQ - NY,23324,1367,1500,-1000
01/07/2019 21:20,SCH - HQ_CEDARS,325274,100,199,-100
01/07/2019 21:20,SCH - HQ_IMPORT_EXPORT,325376,1217,1310,-9999
01/07/2019 21:20,SCH - NE - NY,23318,-1052.43,1400,-1800
01/07/2019 21:20,SCH - NPX_1385,325277,94,200,-200
01/07/2019 21:20,SCH - NPX_CSC,325154,50,330,-330
01/07/2019 21:20,SCH - OH - NY,23317,802.74,2250,-1900
01/07/2019 21:20,SCH - PJ - NY,23316,139.54,2000,-1300
01/07/2019 21:20,SCH - PJM_HTP,325905,0,660,-660
01/07/2019 21:20,SCH - PJM_NEPTUNE,325305,660,660,-660
01/07/2019 21:20,SCH - PJM_VFT,325658,315,315,-315
01/07/2019 21:20,SPR/DUN-SOUTH,23320,2374.87,4600,-9999
01/07/2019 21:20,TOTAL EAST,23314,4627.77,6800,-9999
01/07/2019 21:20,UPNY CONED,23315,2072.96,5700,-9999
01/07/2019 21:20,WEST CENTRAL,23312,678.14,9999,-9999
01/07/2019 21:25,CENTRAL EAST - VC,23330,2708.42,2810,-9999
01/07/2019 21:25,DYSINGER EAST,23326,1358.82,3150,-9999
01/07/2019 21:25,MOSES SOUTH,23319,1803.82,3000,-1600
01/07/2019 21:25,SCH - HQ - NY,23324,1367,1500,-1000
01/07/2019 21:25,SCH - HQ_CEDARS,325274,100,199,-100
01/07/2019 21:25,SCH - HQ_IMPORT_EXPORT,325376,1217,1310,-9999
01/07/2019 21:25,SCH - NE - NY,23318,-1052.46,1400,-1800
01/07/2019 21:25,SCH - NPX_1385,325277,94,200,-200
01/07/2019 21:25,SCH - NPX_CSC,325154,50,330,-330
01/07/2019 21:25,SCH - OH - NY,23317,803.08,2250,-1900
01/07/2019 21:25,SCH - PJ - NY,23316,139.26,2000,-1300
01/07/2019 21:25,SCH - PJM_HTP,325905,0,660,-660
01/07/2019 21:25,SCH - PJM_NEPTUNE,325305,660,660,-660
01/07/2019 21:25,SCH - PJM_VFT,325658,315,315,-315
01/07/2019 21:25,SPR/DUN-SOUTH,23320,2408.45,4600,-9999
01/07/2019 21:25,TOTAL EAST,23314,4657.81,6800,-9999
01/07/2019 21:25,UPNY CONED,23315,2104.66,5700,-9999
01/07/2019 21:25,WEST CENTRAL,23312,722.74,9999,-9999
01/07/2019 21:30,CENTRAL EAST - VC,23330,2697.52,2810,-9999
01/07/2019 21:30,DYSINGER EAST,23326,1346.65,3150,-9999
01/07/2019 21:30,MOSES SOUTH,23319,1841.32,3000,-1600
01/07/2019 21:30,SCH - HQ - NY,23324,1367,1500,-1000
01/07/2019 21:30,SCH - HQ_CEDARS,325274,100,199,-100
01/07/2019 21:30,SCH - HQ_IMPORT_EXPORT,325376,1217,1310,-9999
01/07/2019 21:30,SCH - NE - NY,23318,-1052.45,1400,-1800
01/07/2019 21:30,SCH - NPX_1385,325277,94,200,-200
01/07/2019 21:30,SCH - NPX_CSC,325154,50,330,-330
01/07/2019 21:30,SCH - OH - NY,23317,807.25,2250,-1900
01/07/2019 21:30,SCH - PJ - NY,23316,99.62,2000,-1300
01/07/2019 21:30,SCH - PJM_HTP,325905,0,660,-660
01/07/2019 21:30,SCH - PJM_NEPTUNE,325305,660,660,-660
01/07/2019 21:30,SCH - PJM_VFT,325658,315,315,-315
01/07/2019 21:30,SPR/DUN-SOUTH,23320,2401.18,4600,-9999
01/07/2019 21:30,TOTAL EAST,23314,4636.85,6800,-9999
01/07/2019 21:30,UPNY CONED,23315,2094.07,5700,-9999
01/07/2019 21:30,WEST CENTRAL,23312,714.38,9999,-9999
01/07/2019 21:35,CENTRAL EAST - VC,23330,2699.26,2810,-9999
01/07/2019 21:35,DYSINGER EAST,23326,1365.72,3150,-9999
01/07/2019 21:35,MOSES SOUTH,23319,1853.21,3000,-1600
01/07/2019 21:35,SCH - HQ - NY,23324,1367,1500,-1000
01/07/2019 21:35,SCH - HQ_CEDARS,325274,100,199,-100
01/07/2019 21:35,SCH - HQ_IMPORT_EXPORT,325376,1217,1310,-9999
01/07/2019 21:35,SCH - NE - NY,23318,-1052.41,1400,-1800
01/07/2019 21:35,SCH - NPX_1385,325277,94,200,-200
01/07/2019 21:35,SCH - NPX_CSC,325154,50,330,-330
01/07/2019 21:35,SCH - OH - NY,23317,805.2,2250,-1900
01/07/2019 21:35,SCH - PJ - NY,23316,62.16,2000,-1300
01/07/2019 21:35,SCH - PJM_HTP,325905,0,660,-660
01/07/2019 21:35,SCH - PJM_NEPTUNE,325305,660,660,-660
01/07/2019 21:35,SCH - PJM_VFT,325658,315,315,-315
01/07/2019 21:35,SPR/DUN-SOUTH,23320,2381.11,4600,-9999
01/07/2019 21:35,TOTAL EAST,23314,4557.4,6800,-9999
01/07/2019 21:35,UPNY CONED,23315,2064.37,5700,-9999
01/07/2019 21:35,WEST CENTRAL,23312,738.97,9999,-9999
01/07/2019 21:40,CENTRAL EAST - VC,23330,2640.47,2810,-9999
01/07/2019 21:40,DYSINGER EAST,23326,1351.35,3150,-9999
01/07/2019 21:40,MOSES SOUTH,23319,1850.24,3000,-1600
01/07/2019 21:40,SCH - HQ - NY,23324,1367,1500,-1000
01/07/2019 21:40,SCH - HQ_CEDARS,325274,100,199,-100
01/07/2019 21:40,SCH - HQ_IMPORT_EXPORT,325376,1217,1310,-9999
01/07/2019 21:40,SCH - NE - NY,23318,-1052.43,1400,-1800
01/07/2019 21:40,SCH - NPX_1385,325277,94,200,-200
01/07/2019 21:40,SCH - NPX_CSC,325154,50,330,-330
01/07/2019 21:40,SCH - OH - NY,23317,803.21,2250,-1900
01/07/2019 21:40,SCH - PJ - NY,23316,60.43,2000,-1300
01/07/2019 21:40,SCH - PJM_HTP,325905,0,660,-660
01/07/2019 21:40,SCH - PJM_NEPTUNE,325305,660,660,-660
01/07/2019 21:40,SCH - PJM_VFT,325658,315,315,-315
01/07/2019 21:40,SPR/DUN-SOUTH,23320,2303.23,4600,-9999
01/07/2019 21:40,TOTAL EAST,23314,4476.15,6800,-9999
01/07/2019 21:40,UPNY CONED,23315,1970.83,5700,-9999
01/07/2019 21:40,WEST CENTRAL,23312,734.59,9999,-9999
01/07/2019 21:45,CENTRAL EAST - VC,23330,2582.06,2810,-9999
01/07/2019 21:45,DYSINGER EAST,23326,1338.03,3150,-9999
01/07/2019 21:45,MOSES SOUTH,23319,1791.22,3000,-1600
01/07/2019 21:45,SCH - HQ - NY,23324,1367,1500,-1000
01/07/2019 21:45,SCH - HQ_CEDARS,325274,100,199,-100
01/07/2019 21:45,SCH - HQ_IMPORT_EXPORT,325376,1217,1310,-9999
01/07/2019 21:45,SCH - NE - NY,23318,-1052.44,1400,-1800
01/07/2019 21:45,SCH - NPX_1385,325277,94,200,-200
01/07/2019 21:45,SCH - NPX_CSC,325154,50,330,-330
01/07/2019 21:45,SCH - OH - NY,23317,804.1,2250,-1900
01/07/2019 21:45,SCH - PJ - NY,23316,63.96,2000,-1300
01/07/2019 21:45,SCH - PJM_HTP,325905,0,660,-660
01/07/2019 21:45,SCH - PJM_NEPTUNE,325305,660,660,-660
01/07/2019 21:45,SCH - PJM_VFT,325658,315,315,-315
01/07/2019 21:45,SPR/DUN-SOUTH,23320,2304.04,4600,-9999
01/07/2019 21:45,TOTAL EAST,23314,4434.56,6800,-9999
01/07/2019 21:45,UPNY CONED,23315,1947.15,5700,-9999
01/07/2019 21:45,WEST CENTRAL,23312,731.58,9999,-9999
01/07/2019 21:50,CENTRAL EAST - VC,23330,2616.03,2810,-9999
01/07/2019 21:50,DYSINGER EAST,23326,1357.93,3150,-9999
01/07/2019 21:50,MOSES SOUTH,23319,1819.46,3000,-1600
01/07/2019 21:50,SCH - HQ - NY,23324,1367,1500,-1000
01/07/2019 21:50,SCH - HQ_CEDARS,325274,100,199,-100
01/07/2019 21:50,SCH - HQ_IMPORT_EXPORT,325376,1217,1310,-9999
01/07/2019 21:50,SCH - NE - NY,23318,-1052.42,1400,-1800
01/07/2019 21:50,SCH - NPX_1385,325277,94,200,-200
01/07/2019 21:50,SCH - NPX_CSC,325154,50,330,-330
01/07/2019 21:50,SCH - OH - NY,23317,804.8,2250,-1900
01/07/2019 21:50,SCH - PJ - NY,23316,63.18,2000,-1300
01/07/2019 21:50,SCH - PJM_HTP,325905,0,660,-660
01/07/2019 21:50,SCH - PJM_NEPTUNE,325305,660,660,-660
01/07/2019 21:50,SCH - PJM_VFT,325658,315,315,-315
01/07/2019 21:50,SPR/DUN-SOUTH,23320,2347.56,4600,-9999
01/07/2019 21:50,TOTAL EAST,23314,4446.56,6800,-9999
01/07/2019 21:50,UPNY CONED,23315,1981,5700,-9999
01/07/2019 21:50,WEST CENTRAL,23312,761.5,9999,-9999
01/07/2019 21:55,CENTRAL EAST - VC,23330,2634.49,2810,-9999
01/07/2019 21:55,DYSINGER EAST,23326,1352.28,3150,-9999
01/07/2019 21:55,MOSES SOUTH,23319,1840.47,3000,-1600
01/07/2019 21:55,SCH - HQ - NY,23324,1367,1500,-1000
01/07/2019 21:55,SCH - HQ_CEDARS,325274,100,199,-100
01/07/2019 21:55,SCH - HQ_IMPORT_EXPORT,325376,1217,1310,-9999
01/07/2019 21:55,SCH - NE - NY,23318,-1052.41,1400,-1800
01/07/2019 21:55,SCH - NPX_1385,325277,94,200,-200
01/07/2019 21:55,SCH - NPX_CSC,325154,50,330,-330
01/07/2019 21:55,SCH - OH - NY,23317,804.29,2250,-1900
01/07/2019 21:55,SCH - PJ - NY,23316,64.66,2000,-1300
01/07/2019 21:55,SCH - PJM_HTP,325905,0,660,-660
01/07/2019 21:55,SCH - PJM_NEPTUNE,325305,660,660,-660
01/07/2019 21:55,SCH - PJM_VFT,325658,315,315,-315
01/07/2019 21:55,SPR/DUN-SOUTH,23320,2395.24,4600,-9999
01/07/2019 21:55,TOTAL EAST,23314,4478.73,6800,-9999
01/07/2019 21:55,UPNY CONED,23315,2035.61,5700,-9999
01/07/2019 21:55,WEST CENTRAL,23312,766.72,9999,-9999
01/07/2019 22:00,CENTRAL EAST - VC,23330,2636.61,2810,-9999
01/07/2019 22:00,DYSINGER EAST,23326,1344.08,3150,-9999
01/07/2019 22:00,MOSES SOUTH,23319,1829.68,3000,-1600
01/07/2019 22:00,SCH - HQ - NY,23324,1367,1500,-1000
01/07/2019 22:00,SCH - HQ_CEDARS,325274,53,199,-100
01/07/2019 22:00,SCH - HQ_IMPORT_EXPORT,325376,1217,1310,-9999
01/07/2019 22:00,SCH - NE - NY,23318,-961.34,1400,-1800
01/07/2019 22:00,SCH - NPX_1385,325277,88,200,-200
01/07/2019 22:00,SCH - NPX_CSC,325154,25,330,-330
01/07/2019 22:00,SCH - OH - NY,23317,944.5,2250,-1900
01/07/2019 22:00,SCH - PJ - NY,23316,38.58,2000,-1300
01/07/2019 22:00,SCH - PJM_HTP,325905,0,660,-660
01/07/2019 22:00,SCH - PJM_NEPTUNE,325305,660,660,-660
01/07/2019 22:00,SCH - PJM_VFT,325658,315,315,-315
01/07/2019 22:00,SPR/DUN-SOUTH,23320,2365.61,4600,-9999
01/07/2019 22:00,TOTAL EAST,23314,4467.5,6800,-9999
01/07/2019 22:00,UPNY CONED,23315,2091.07,5700,-9999
01/07/2019 22:00,WEST CENTRAL,23312,763.72,9999,-9999
01/07/2019 22:05,CENTRAL EAST - VC,23330,2619.33,2810,-9999
01/07/2019 22:05,DYSINGER EAST,23326,1409.5,3150,-9999
01/07/2019 22:05,MOSES SOUTH,23319,1800.83,3000,-1600
01/07/2019 22:05,SCH - HQ - NY,23324,1367,1500,-1000
01/07/2019 22:05,SCH - HQ_CEDARS,325274,6,199,-100
01/07/2019 22:05,SCH - HQ_IMPORT_EXPORT,325376,1217,1310,-9999
01/07/2019 22:05,SCH - NE - NY,23318,-870.25,1400,-1800
01/07/2019 22:05,SCH - NPX_1385,325277,83,200,-200
01/07/2019 22:05,SCH - NPX_CSC,325154,0,330,-330
01/07/2019 22:05,SCH - OH - NY,23317,1086.02,2250,-1900
01/07/2019 22:05,SCH - PJ - NY,23316,5.75,2000,-1300
01/07/2019 22:05,SCH - PJM_HTP,325905,0,660,-660
01/07/2019 22:05,SCH - PJM_NEPTUNE,325305,660,660,-660
01/07/2019 22:05,SCH - PJM_VFT,325658,315,315,-315
01/07/2019 22:05,SPR/DUN-SOUTH,23320,2373.12,4600,-9999
01/07/2019 22:05,TOTAL EAST,23314,4430.02,6800,-9999
01/07/2019 22:05,UPNY CONED,23315,2106.3,5700,-9999
01/07/2019 22:05,WEST CENTRAL,23312,833.76,9999,-9999
01/07/2019 22:10,CENTRAL EAST - VC,23330,2548.33,2810,-9999
01/07/2019 22:10,DYSINGER EAST,23326,1366.16,3150,-9999
01/07/2019 22:10,MOSES SOUTH,23319,1845.96,3000,-1600
01/07/2019 22:10,SCH - HQ - NY,23324,1367,1500,-1000
01/07/2019 22:10,SCH - HQ_CEDARS,325274,6,199,-100
01/07/2019 22:10,SCH - HQ_IMPORT_EXPORT,325376,1217,1310,-9999
01/07/2019 22:10,SCH - NE - NY,23318,-870.26,1400,-1800
01/07/2019 22:10,SCH - NPX_1385,325277,83,200,-200
01/07/2019 22:10,SCH - NPX_CSC,325154,0,330,-330
01/07/2019 22:10,SCH - OH - NY,23317,1086.38,2250,-1900
01/07/2019 22:10,SCH - PJ - NY,23316,5.54,2000,-1300
01/07/2019 22:10,SCH - PJM_HTP,325905,0,660,-660
01/07/2019 22:10,SCH - PJM_NEPTUNE,325305,660,660,-660
01/07/2019 22:10,SCH - PJM_VFT,325658,315,315,-315
01/07/2019 22:10,SPR/DUN-SOUTH,23320,2310.07,4600,-9999
01/07/2019 22:10,TOTAL EAST,23314,4370.18,6800,-9999
01/07/2019 22:10,UPNY CONED,23315,2027.71,5700,-9999
01/07/2019 22:10,WEST CENTRAL,23312,799.32,9999,-9999
01/07/2019 22:15,CENTRAL EAST - VC,23330,2526.41,2710,-9999
01/07/2019 22:15,DYSINGER EAST,23326,1459.31,3150,-9999
01/07/2019 22:15,MOSES SOUTH,23319,1849.86,3000,-1600
01/07/2019 22:15,SCH - HQ - NY,23324,1367,1500,-1000
01/07/2019 22:15,SCH - HQ_CEDARS,325274,6,199,-100
01/07/2019 22:15,SCH - HQ_IMPORT_EXPORT,325376,1217,1310,-9999
01/07/2019 22:15,SCH - NE - NY,23318,-904,1400,-1800
01/07/2019 22:15,SCH - NPX_1385,325277,83,200,-200
01/07/2019 22:15,SCH - NPX_CSC,325154,0,330,-330
01/07/2019 22:15,SCH - OH - NY,23317,1086.5,2250,-1900
01/07/2019 22:15,SCH - PJ - NY,23316,8.22,2000,-1300
01/07/2019 22:15,SCH - PJM_HTP,325905,0,660,-660
01/07/2019 22:15,SCH - PJM_NEPTUNE,325305,660,660,-660
01/07/2019 22:15,SCH - PJM_VFT,325658,315,315,-315
01/07/2019 22:15,SPR/DUN-SOUTH,23320,2240.96,4600,-9999
01/07/2019 22:15,TOTAL EAST,23314,4341.63,6800,-9999
01/07/2019 22:15,UPNY CONED,23315,1919.4,5700,-9999
01/07/2019 22:15,WEST CENTRAL,23312,898.25,9999,-9999
01/07/2019 22:20,CENTRAL EAST - VC,23330,2539.93,2710,-9999
01/07/2019 22:20,DYSINGER EAST,23326,1466.72,3150,-9999
01/07/2019 22:20,MOSES SOUTH,23319,1866.59,3000,-1600
01/07/2019 22:20,SCH - HQ - NY,23324,1367,1500,-1000
01/07/2019 22:20,SCH - HQ_CEDARS,325274,6,199,-100
01/07/2019 22:20,SCH - HQ_IMPORT_EXPORT,325376,1217,1310,-9999
01/07/2019 22:20,SCH - NE - NY,23318,-937.05,1400,-1800
01/07/2019 22:20,SCH - NPX_1385,325277,83,200,-200
01/07/2019 22:20,SCH - NPX_CSC,325154,0,330,-330
01/07/2019 22:20,SCH - OH - NY,23317,1086.56,2250,-1900
01/07/2019 22:20,SCH - PJ - NY,23316,6.92,2000,-1300
01/07/2019 22:20,SCH - PJM_HTP,325905,0,660,-660
01/07/2019 22:20,SCH - PJM_NEPTUNE,325305,660,660,-660
01/07/2019 22:20,SCH - PJM_VFT,325658,315,315,-315
01/07/2019 22:20,SPR/DUN-SOUTH,23320,2219.31,4600,-9999
01/07/2019 22:20,TOTAL EAST,23314,4352.15,6800,-9999
01/07/2019 22:20,UPNY CONED,23315,1880.5,5700,-9999
01/07/2019 22:20,WEST CENTRAL,23312,914.52,9999,-9999
01/07/2019 22:25,CENTRAL EAST - VC,23330,2522.83,2710,-9999
01/07/2019 22:25,DYSINGER EAST,23326,1424.18,3150,-9999
01/07/2019 22:25,MOSES SOUTH,23319,1865.14,3000,-1600
01/07/2019 22:25,SCH - HQ - NY,23324,1367,1500,-1000
01/07/2019 22:25,SCH - HQ_CEDARS,325274,6,199,-100
01/07/2019 22:25,SCH - HQ_IMPORT_EXPORT,325376,1217,1310,-9999
01/07/2019 22:25,SCH - NE - NY,23318,-937.05,1400,-1800
01/07/2019 22:25,SCH - NPX_1385,325277,83,200,-200
01/07/2019 22:25,SCH - NPX_CSC,325154,0,330,-330
01/07/2019 22:25,SCH - OH - NY,23317,1086.61,2250,-1900
01/07/2019 22:25,SCH - PJ - NY,23316,16.45,2000,-1300
01/07/2019 22:25,SCH - PJM_HTP,325905,0,660,-660
01/07/2019 22:25,SCH - PJM_NEPTUNE,325305,660,660,-660
01/07/2019 22:25,SCH - PJM_VFT,325658,315,315,-315
01/07/2019 22:25,SPR/DUN-SOUTH,23320,2191.32,4600,-9999
01/07/2019 22:25,TOTAL EAST,23314,4300.61,6800,-9999
01/07/2019 22:25,UPNY CONED,23315,1841.66,5700,-9999
01/07/2019 22:25,WEST CENTRAL,23312,880.28,9999,-9999
01/07/2019 22:30,CENTRAL EAST - VC,23330,2494.57,2710,-9999
01/07/2019 22:30,DYSINGER EAST,23326,1353.18,3150,-9999
01/07/2019 22:30,MOSES SOUTH,23319,1851.8,3000,-1600
01/07/2019 22:30,SCH - HQ - NY,23324,1367,1500,-1000
01/07/2019 22:30,SCH - HQ_CEDARS,325274,6,199,-100
01/07/2019 22:30,SCH - HQ_IMPORT_EXPORT,325376,1217,1310,-9999
01/07/2019 22:30,SCH - NE - NY,23318,-937.03,1400,-1800
01/07/2019 22:30,SCH - NPX_1385,325277,83,200,-200
01/07/2019 22:30,SCH - NPX_CSC,325154,0,330,-330
01/07/2019 22:30,SCH - OH - NY,23317,1086.45,2250,-1900
01/07/2019 22:30,SCH - PJ - NY,23316,-16.92,2000,-1300
01/07/2019 22:30,SCH - PJM_HTP,325905,0,660,-660
01/07/2019 22:30,SCH - PJM_NEPTUNE,325305,660,660,-660
01/07/2019 22:30,SCH - PJM_VFT,325658,315,315,-315
01/07/2019 22:30,SPR/DUN-SOUTH,23320,2187.82,4600,-9999
01/07/2019 22:30,TOTAL EAST,23314,4270.99,6800,-9999
01/07/2019 22:30,UPNY CONED,23315,1822.09,5700,-9999
01/07/2019 22:30,WEST CENTRAL,23312,815.34,9999,-9999
01/07/2019 22:35,CENTRAL EAST - VC,23330,2479.24,2710,-9999
01/07/2019 22:35,DYSINGER EAST,23326,1355.81,3150,-9999
01/07/2019 22:35,MOSES SOUTH,23319,1831.82,3000,-1600
01/07/2019 22:35,SCH - HQ - NY,23324,1367,1500,-1000
01/07/2019 22:35,SCH - HQ_CEDARS,325274,6,199,-100
01/07/2019 22:35,SCH - HQ_IMPORT_EXPORT,325376,1217,1310,-9999
01/07/2019 22:35,SCH - NE - NY,23318,-936.98,1400,-1800
01/07/2019 22:35,SCH - NPX_1385,325277,83,200,-200
01/07/2019 22:35,SCH - NPX_CSC,325154,0,330,-330
01/07/2019 22:35,SCH - OH - NY,23317,1086.37,2250,-1900
01/07/2019 22:35,SCH - PJ - NY,23316,-45.58,2000,-1300
01/07/2019 22:35,SCH - PJM_HTP,325905,0,660,-660
01/07/2019 22:35,SCH - PJM_NEPTUNE,325305,660,660,-660
01/07/2019 22:35,SCH - PJM_VFT,325658,315,315,-315
01/07/2019 22:35,SPR/DUN-SOUTH,23320,2169.66,4600,-9999
01/07/2019 22:35,TOTAL EAST,23314,4227.98,6800,-9999
01/07/2019 22:35,UPNY CONED,23315,1818.82,5700,-9999
01/07/2019 22:35,WEST CENTRAL,23312,822.42,9999,-9999
01/07/2019 22:40,CENTRAL EAST - VC,23330,2469.49,2710,-9999
01/07/2019 22:40,DYSINGER EAST,23326,1367.68,3150,-9999
01/07/2019 22:40,MOSES SOUTH,23319,1823.76,3000,-1600
01/07/2019 22:40,SCH - HQ - NY,23324,1367,1500,-1000
01/07/2019 22:40,SCH - HQ_CEDARS,325274,6,199,-100
01/07/2019 22:40,SCH - HQ_IMPORT_EXPORT,325376,1217,1310,-9999
01/07/2019 22:40,SCH - NE - NY,23318,-936.96,1400,-1800
01/07/2019 22:40,SCH - NPX_1385,325277,83,200,-200
01/07/2019 22:40,SCH - NPX_CSC,325154,0,330,-330
01/07/2019 22:40,SCH - OH - NY,23317,1086.44,2250,-1900
01/07/2019 22:40,SCH - PJ - NY,23316,-46.3,2000,-1300
01/07/2019 22:40,SCH - PJM_HTP,325905,0,660,-660
01/07/2019 22:40,SCH - PJM_NEPTUNE,325305,660,660,-660
01/07/2019 22:40,SCH - PJM_VFT,325658,315,315,-315
01/07/2019 22:40,SPR/DUN-SOUTH,23320,2183.28,4600,-9999
01/07/2019 22:40,TOTAL EAST,23314,4185.83,6800,-9999
01/07/2019 22:40,UPNY CONED,23315,1804.9,5700,-9999
01/07/2019 22:40,WEST CENTRAL,23312,835.66,9999,-9999
01/07/2019 22:45,CENTRAL EAST - VC,23330,2502.81,2710,-9999
01/07/2019 22:45,DYSINGER EAST,23326,1405.76,3150,-9999
01/07/2019 22:45,MOSES SOUTH,23319,1778.99,3000,-1600
01/07/2019 22:45,SCH - HQ - NY,23324,1367,1500,-1000
01/07/2019 22:45,SCH - HQ_CEDARS,325274,6,199,-100
01/07/2019 22:45,SCH - HQ_IMPORT_EXPORT,325376,1217,1310,-9999
01/07/2019 22:45,SCH - NE - NY,23318,-921.97,1400,-1800
01/07/2019 22:45,SCH - NPX_1385,325277,83,200,-200
01/07/2019 22:45,SCH - NPX_CSC,325154,0,330,-330
01/07/2019 22:45,SCH - OH - NY,23317,1086.37,2250,-1900
01/07/2019 22:45,SCH - PJ - NY,23316,-48.59,2000,-1300
01/07/2019 22:45,SCH - PJM_HTP,325905,0,660,-660
01/07/2019 22:45,SCH - PJM_NEPTUNE,325305,660,660,-660
01/07/2019 22:45,SCH - PJM_VFT,325658,315,315,-315
01/07/2019 22:45,SPR/DUN-SOUTH,23320,2268.63,4600,-9999
01/07/2019 22:45,TOTAL EAST,23314,4216.81,6800,-9999
01/07/2019 22:45,UPNY CONED,23315,1858.12,5700,-9999
01/07/2019 22:45,WEST CENTRAL,23312,875.4,9999,-9999
01/07/2019 22:50,CENTRAL EAST - VC,23330,2469.94,2620,-9999
01/07/2019 22:50,DYSINGER EAST,23326,1315.62,3150,-9999
01/07/2019 22:50,MOSES SOUTH,23319,1781.65,3000,-1600
01/07/2019 22:50,SCH - HQ - NY,23324,1367,1500,-1000
01/07/2019 22:50,SCH - HQ_CEDARS,325274,6,199,-100
01/07/2019 22:50,SCH - HQ_IMPORT_EXPORT,325376,1217,1310,-9999
01/07/2019 22:50,SCH - NE - NY,23318,-906.91,1400,-1800
01/07/2019 22:50,SCH - NPX_1385,325277,83,200,-200
01/07/2019 22:50,SCH - NPX_CSC,325154,0,330,-330
01/07/2019 22:50,SCH - OH - NY,23317,1086.27,2250,-1900
01/07/2019 22:50,SCH - PJ - NY,23316,-45.62,2000,-1300
01/07/2019 22:50,SCH - PJM_HTP,325905,0,660,-660
01/07/2019 22:50,SCH - PJM_NEPTUNE,325305,660,660,-660
01/07/2019 22:50,SCH - PJM_VFT,325658,315,315,-315
01/07/2019 22:50,SPR/DUN-SOUTH,23320,2294.66,4600,-9999
01/07/2019 22:50,TOTAL EAST,23314,4200.52,6800,-9999
01/07/2019 22:50,UPNY CONED,23315,1858.35,5700,-9999
01/07/2019 22:50,WEST CENTRAL,23312,794.68,9999,-9999
01/07/2019 22:55,CENTRAL EAST - VC,23330,2480.58,2620,-9999
01/07/2019 22:55,DYSINGER EAST,23326,1234.69,3150,-9999
01/07/2019 22:55,MOSES SOUTH,23319,1830.54,3000,-1600
01/07/2019 22:55,SCH - HQ - NY,23324,1367,1500,-1000
01/07/2019 22:55,SCH - HQ_CEDARS,325274,6,199,-100
01/07/2019 22:55,SCH - HQ_IMPORT_EXPORT,325376,1217,1310,-9999
01/07/2019 22:55,SCH - NE - NY,23318,-906.9,1400,-1800
01/07/2019 22:55,SCH - NPX_1385,325277,83,200,-200
01/07/2019 22:55,SCH - NPX_CSC,325154,0,330,-330
01/07/2019 22:55,SCH - OH - NY,23317,1086.34,2250,-1900
01/07/2019 22:55,SCH - PJ - NY,23316,-37.68,2000,-1300
01/07/2019 22:55,SCH - PJM_HTP,325905,0,660,-660
01/07/2019 22:55,SCH - PJM_NEPTUNE,325305,660,660,-660
01/07/2019 22:55,SCH - PJM_VFT,325658,315,315,-315
01/07/2019 22:55,SPR/DUN-SOUTH,23320,2322.8,4600,-9999
01/07/2019 22:55,TOTAL EAST,23314,4185.01,6800,-9999
01/07/2019 22:55,UPNY CONED,23315,1865.69,5700,-9999
01/07/2019 22:55,WEST CENTRAL,23312,726,9999,-9999
01/07/2019 23:00,CENTRAL EAST - VC,23330,2490,2620,-9999
01/07/2019 23:00,DYSINGER EAST,23326,1261.5,3150,-9999
01/07/2019 23:00,MOSES SOUTH,23319,1777.11,3000,-1600
01/07/2019 23:00,SCH - HQ - NY,23324,1317,1500,-1000
01/07/2019 23:00,SCH - HQ_CEDARS,325274,3,199,-100
01/07/2019 23:00,SCH - HQ_IMPORT_EXPORT,325376,1167,1310,-9999
01/07/2019 23:00,SCH - NE - NY,23318,-921.02,1400,-1800
01/07/2019 23:00,SCH - NPX_1385,325277,76,200,-200
01/07/2019 23:00,SCH - NPX_CSC,325154,0,330,-330
01/07/2019 23:00,SCH - OH - NY,23317,1117.31,2250,-1900
01/07/2019 23:00,SCH - PJ - NY,23316,-65.53,2000,-1300
01/07/2019 23:00,SCH - PJM_HTP,325905,0,660,-660
01/07/2019 23:00,SCH - PJM_NEPTUNE,325305,660,660,-660
01/07/2019 23:00,SCH - PJM_VFT,325658,315,315,-315
01/07/2019 23:00,SPR/DUN-SOUTH,23320,2217.51,4600,-9999
01/07/2019 23:00,TOTAL EAST,23314,4101.65,6800,-9999
01/07/2019 23:00,UPNY CONED,23315,1758.15,5700,-9999
01/07/2019 23:00,WEST CENTRAL,23312,759.75,9999,-9999
01/07/2019 23:05,CENTRAL EAST - VC,23330,2487.85,2620,-9999
01/07/2019 23:05,DYSINGER EAST,23326,1311.4,3150,-9999
01/07/2019 23:05,MOSES SOUTH,23319,1725.6,3000,-1600
01/07/2019 23:05,SCH - HQ - NY,23324,1267,1500,-1000
01/07/2019 23:05,SCH - HQ_CEDARS,325274,0,199,-100
01/07/2019 23:05,SCH - HQ_IMPORT_EXPORT,325376,1117,1310,-9999
01/07/2019 23:05,SCH - NE - NY,23318,-935.03,1400,-1800
01/07/2019 23:05,SCH - NPX_1385,325277,69,200,-200
01/07/2019 23:05,SCH - NPX_CSC,325154,0,330,-330
01/07/2019 23:05,SCH - OH - NY,23317,1149.23,2250,-1900
01/07/2019 23:05,SCH - PJ - NY,23316,-90.37,2000,-1300
01/07/2019 23:05,SCH - PJM_HTP,325905,0,660,-660
01/07/2019 23:05,SCH - PJM_NEPTUNE,325305,660,660,-660
01/07/2019 23:05,SCH - PJM_VFT,325658,315,315,-315
01/07/2019 23:05,SPR/DUN-SOUTH,23320,2175.77,4600,-9999
01/07/2019 23:05,TOTAL EAST,23314,4085.23,6800,-9999
01/07/2019 23:05,UPNY CONED,23315,1714.02,5700,-9999
01/07/2019 23:05,WEST CENTRAL,23312,811.67,9999,-9999
01/07/2019 23:10,CENTRAL EAST - VC,23330,2516.2,2620,-9999
01/07/2019 23:10,DYSINGER EAST,23326,1302.66,3150,-9999
01/07/2019 23:10,MOSES SOUTH,23319,1735.5,3000,-1600
01/07/2019 23:10,SCH - HQ - NY,23324,1267,1500,-1000
01/07/2019 23:10,SCH - HQ_CEDARS,325274,0,199,-100
01/07/2019 23:10,SCH - HQ_IMPORT_EXPORT,325376,1117,1310,-9999
01/07/2019 23:10,SCH - NE - NY,23318,-935.04,1400,-1800
01/07/2019 23:10,SCH - NPX_1385,325277,69,200,-200
01/07/2019 23:10,SCH - NPX_CSC,325154,0,330,-330
01/07/2019 23:10,SCH - OH - NY,23317,1149.27,2250,-1900
01/07/2019 23:10,SCH - PJ - NY,23316,-92.5,2000,-1300
01/07/2019 23:10,SCH - PJM_HTP,325905,0,660,-660
01/07/2019 23:10,SCH - PJM_NEPTUNE,325305,660,660,-660
01/07/2019 23:10,SCH - PJM_VFT,325658,315,315,-315
01/07/2019 23:10,SPR/DUN-SOUTH,23320,2196.9,4600,-9999
01/07/2019 23:10,TOTAL EAST,23314,4099.34,6800,-9999
01/07/2019 23:10,UPNY CONED,23315,1714.1,5700,-9999
01/07/2019 23:10,WEST CENTRAL,23312,809.37,9999,-9999
01/07/2019 23:15,CENTRAL EAST - VC,23330,2512.12,2620,-9999
01/07/2019 23:15,DYSINGER EAST,23326,1226.43,3150,-9999
01/07/2019 23:15,MOSES SOUTH,23319,1770.34,3000,-1600
01/07/2019 23:15,SCH - HQ - NY,23324,1267,1500,-1000
01/07/2019 23:15,SCH - HQ_CEDARS,325274,0,199,-100
01/07/2019 23:15,SCH - HQ_IMPORT_EXPORT,325376,1117,1310,-9999
01/07/2019 23:15,SCH - NE - NY,23318,-989.4,1400,-1800
01/07/2019 23:15,SCH - NPX_1385,325277,69,200,-200
01/07/2019 23:15,SCH - NPX_CSC,325154,0,330,-330
01/07/2019 23:15,SCH - OH - NY,23317,1149.22,2250,-1900
01/07/2019 23:15,SCH - PJ - NY,23316,-83.19,2000,-1300
01/07/2019 23:15,SCH - PJM_HTP,325905,0,660,-660
01/07/2019 23:15,SCH - PJM_NEPTUNE,325305,660,660,-660
01/07/2019 23:15,SCH - PJM_VFT,325658,315,315,-315
01/07/2019 23:15,SPR/DUN-SOUTH,23320,2141.11,4600,-9999
01/07/2019 23:15,TOTAL EAST,23314,4137.71,6800,-9999
01/07/2019 23:15,UPNY CONED,23315,1642.94,5700,-9999
01/07/2019 23:15,WEST CENTRAL,23312,744.45,9999,-9999
01/07/2019 23:20,CENTRAL EAST - VC,23330,2511.28,2620,-9999
01/07/2019 23:20,DYSINGER EAST,23326,1242.43,3150,-9999
01/07/2019 23:20,MOSES SOUTH,23319,1762.51,3000,-1600
01/07/2019 23:20,SCH - HQ - NY,23324,1267,1500,-1000
01/07/2019 23:20,SCH - HQ_CEDARS,325274,0,199,-100
01/07/2019 23:20,SCH - HQ_IMPORT_EXPORT,325376,1117,1310,-9999
01/07/2019 23:20,SCH - NE - NY,23318,-1043.67,1400,-1800
01/07/2019 23:20,SCH - NPX_1385,325277,69,200,-200
01/07/2019 23:20,SCH - NPX_CSC,325154,0,330,-330
01/07/2019 23:20,SCH - OH - NY,23317,1149.27,2250,-1900
01/07/2019 23:20,SCH - PJ - NY,23316,-86.79,2000,-1300
01/07/2019 23:20,SCH - PJM_HTP,325905,0,660,-660
01/07/2019 23:20,SCH - PJM_NEPTUNE,325305,660,660,-660
01/07/2019 23:20,SCH - PJM_VFT,325658,315,315,-315
01/07/2019 23:20,SPR/DUN-SOUTH,23320,2064.63,4600,-9999
01/07/2019 23:20,TOTAL EAST,23314,4106.1,6800,-9999
01/07/2019 23:20,UPNY CONED,23315,1565.74,5700,-9999
01/07/2019 23:20,WEST CENTRAL,23312,766.9,9999,-9999
01/07/2019 23:25,CENTRAL EAST - VC,23330,2515.19,2620,-9999
01/07/2019 23:25,DYSINGER EAST,23326,1269.52,3150,-9999
01/07/2019 23:25,MOSES SOUTH,23319,1774.53,3000,-1600
01/07/2019 23:25,SCH - HQ - NY,23324,1267,1500,-1000
01/07/2019 23:25,SCH - HQ_CEDARS,325274,0,199,-100
01/07/2019 23:25,SCH - HQ_IMPORT_EXPORT,325376,1117,1310,-9999
01/07/2019 23:25,SCH - NE - NY,23318,-1043.63,1400,-1800
01/07/2019 23:25,SCH - NPX_1385,325277,69,200,-200
01/07/2019 23:25,SCH - NPX_CSC,325154,0,330,-330
01/07/2019 23:25,SCH - OH - NY,23317,1149.41,2250,-1900
01/07/2019 23:25,SCH - PJ - NY,23316,-85.84,2000,-1300
01/07/2019 23:25,SCH - PJM_HTP,325905,0,660,-660
01/07/2019 23:25,SCH - PJM_NEPTUNE,325305,660,660,-660
01/07/2019 23:25,SCH - PJM_VFT,325658,315,315,-315
01/07/2019 23:25,SPR/DUN-SOUTH,23320,2070.14,4600,-9999
01/07/2019 23:25,TOTAL EAST,23314,4132.43,6800,-9999
01/07/2019 23:25,UPNY CONED,23315,1569.27,5700,-9999
01/07/2019 23:25,WEST CENTRAL,23312,796.77,9999,-9999
01/07/2019 23:30,CENTRAL EAST - VC,23330,2514.38,2620,-9999
01/07/2019 23:30,DYSINGER EAST,23326,1293.28,3150,-9999
01/07/2019 23:30,MOSES SOUTH,23319,1791.2,3000,-1600
01/07/2019 23:30,SCH - HQ - NY,23324,1267,1500,-1000
01/07/2019 23:30,SCH - HQ_CEDARS,325274,0,199,-100
01/07/2019 23:30,SCH - HQ_IMPORT_EXPORT,325376,1117,1310,-9999
01/07/2019 23:30,SCH - NE - NY,23318,-1040.51,1400,-1800
01/07/2019 23:30,SCH - NPX_1385,325277,69,200,-200
01/07/2019 23:30,SCH - NPX_CSC,325154,0,330,-330
01/07/2019 23:30,SCH - OH - NY,23317,1149.43,2250,-1900
01/07/2019 23:30,SCH - PJ - NY,23316,-87.96,2000,-1300
01/07/2019 23:30,SCH - PJM_HTP,325905,0,660,-660
01/07/2019 23:30,SCH - PJM_NEPTUNE,325305,660,660,-660
01/07/2019 23:30,SCH - PJM_VFT,325658,315,315,-315
01/07/2019 23:30,SPR/DUN-SOUTH,23320,2064.12,4600,-9999
01/07/2019 23:30,TOTAL EAST,23314,4120.27,6800,-9999
01/07/2019 23:30,UPNY CONED,23315,1582.49,5700,-9999
01/07/2019 23:30,WEST CENTRAL,23312,820.6,9999,-9999
01/07/2019 23:35,CENTRAL EAST - VC,23330,2516.61,2620,-9999
01/07/2019 23:35,DYSINGER EAST,23326,1338.8,3150,-9999
01/07/2019 23:35,MOSES SOUTH,23319,1760.42,3000,-1600
01/07/2019 23:35,SCH - HQ - NY,23324,1267,1500,-1000
01/07/2019 23:35,SCH - HQ_CEDARS,325274,0,199,-100
01/07/2019 23:35,SCH - HQ_IMPORT_EXPORT,325376,1117,1310,-9999
01/07/2019 23:35,SCH - NE - NY,23318,-1037.46,1400,-1800
01/07/2019 23:35,SCH - NPX_1385,325277,69,200,-200
01/07/2019 23:35,SCH - NPX_CSC,325154,0,330,-330
01/07/2019 23:35,SCH - OH - NY,23317,1149.41,2250,-1900
01/07/2019 23:35,SCH - PJ - NY,23316,-88,2000,-1300
01/07/2019 23:35,SCH - PJM_HTP,325905,0,660,-660
01/07/2019 23:35,SCH - PJM_NEPTUNE,325305,660,660,-660
01/07/2019 23:35,SCH - PJM_VFT,325658,315,315,-315
01/07/2019 23:35,SPR/DUN-SOUTH,23320,2098.73,4600,-9999
01/07/2019 23:35,TOTAL EAST,23314,4096.41,6800,-9999
01/07/2019 23:35,UPNY CONED,23315,1600.79,5700,-9999
01/07/2019 23:35,WEST CENTRAL,23312,868.08,9999,-9999
01/07/2019 23:40,CENTRAL EAST - VC,23330,2516.44,2620,-9999
01/07/2019 23:40,DYSINGER EAST,23326,1258.68,3150,-9999
01/07/2019 23:40,MOSES SOUTH,23319,1775.31,3000,-1600
01/07/2019 23:40,SCH - HQ - NY,23324,1267,1500,-1000
01/07/2019 23:40,SCH - HQ_CEDARS,325274,0,199,-100
01/07/2019 23:40,SCH - HQ_IMPORT_EXPORT,325376,1117,1310,-9999
01/07/2019 23:40,SCH - NE - NY,23318,-1037.52,1400,-1800
01/07/2019 23:40,SCH - NPX_1385,325277,69,200,-200
01/07/2019 23:40,SCH - NPX_CSC,325154,0,330,-330
01/07/2019 23:40,SCH - OH - NY,23317,1149.32,2250,-1900
01/07/2019 23:40,SCH - PJ - NY,23316,-87.84,2000,-1300
01/07/2019 23:40,SCH - PJM_HTP,325905,0,660,-660
01/07/2019 23:40,SCH - PJM_NEPTUNE,325305,660,660,-660
01/07/2019 23:40,SCH - PJM_VFT,325658,315,315,-315
01/07/2019 23:40,SPR/DUN-SOUTH,23320,2088.29,4600,-9999
01/07/2019 23:40,TOTAL EAST,23314,4020.58,6800,-9999
01/07/2019 23:40,UPNY CONED,23315,1564.17,5700,-9999
01/07/2019 23:40,WEST CENTRAL,23312,795.36,9999,-9999
01/07/2019 23:45,CENTRAL EAST - VC,23330,2507.02,2620,-9999
01/07/2019 23:45,DYSINGER EAST,23326,1267.77,3150,-9999
01/07/2019 23:45,MOSES SOUTH,23319,1738.91,3000,-1600
01/07/2019 23:45,SCH - HQ - NY,23324,1267,1500,-1000
01/07/2019 23:45,SCH - HQ_CEDARS,325274,0,199,-100
01/07/2019 23:45,SCH - HQ_IMPORT_EXPORT,325376,1117,1310,-9999
01/07/2019 23:45,SCH - NE - NY,23318,-1144.81,1400,-1800
01/07/2019 23:45,SCH - NPX_1385,325277,69,200,-200
01/07/2019 23:45,SCH - NPX_CSC,325154,0,330,-330
01/07/2019 23:45,SCH - OH - NY,23317,1149.47,2250,-1900
01/07/2019 23:45,SCH - PJ - NY,23316,-87.51,2000,-1300
01/07/2019 23:45,SCH - PJM_HTP,325905,0,660,-660
01/07/2019 23:45,SCH - PJM_NEPTUNE,325305,660,660,-660
01/07/2019 23:45,SCH - PJM_VFT,325658,315,315,-315
01/07/2019 23:45,SPR/DUN-SOUTH,23320,1980.56,4600,-9999
01/07/2019 23:45,TOTAL EAST,23314,3968.82,6800,-9999
01/07/2019 23:45,UPNY CONED,23315,1422.08,5700,-9999
01/07/2019 23:45,WEST CENTRAL,23312,810.46,9999,-9999
01/07/2019 23:50,CENTRAL EAST - VC,23330,2503.48,2620,-9999
01/07/2019 23:50,DYSINGER EAST,23326,1191.59,3150,-9999
01/07/2019 23:50,MOSES SOUTH,23319,1766.98,3000,-1600
01/07/2019 23:50,SCH - HQ - NY,23324,1267,1500,-1000
01/07/2019 23:50,SCH - HQ_CEDARS,325274,0,199,-100
01/07/2019 23:50,SCH - HQ_IMPORT_EXPORT,325376,1117,1310,-9999
01/07/2019 23:50,SCH - NE - NY,23318,-1246.71,1400,-1800
01/07/2019 23:50,SCH - NPX_1385,325277,69,200,-200
01/07/2019 23:50,SCH - NPX_CSC,325154,0,330,-330
01/07/2019 23:50,SCH - OH - NY,23317,1149.45,2250,-1900
01/07/2019 23:50,SCH - PJ - NY,23316,-90.16,2000,-1300
01/07/2019 23:50,SCH - PJM_HTP,325905,0,660,-660
01/07/2019 23:50,SCH - PJM_NEPTUNE,325305,660,660,-660
01/07/2019 23:50,SCH - PJM_VFT,325658,315,315,-315
01/07/2019 23:50,SPR/DUN-SOUTH,23320,1905.54,4600,-9999
01/07/2019 23:50,TOTAL EAST,23314,3936,6800,-9999
01/07/2019 23:50,UPNY CONED,23315,1335.35,5700,-9999
01/07/2019 23:50,WEST CENTRAL,23312,742.39,9999,-9999
01/07/2019 23:55,CENTRAL EAST - VC,23330,2511,2620,-9999
01/07/2019 23:55,DYSINGER EAST,23326,1201.45,3150,-9999
01/07/2019 23:55,MOSES SOUTH,23319,1786.26,3000,-1600
01/07/2019 23:55,SCH - HQ - NY,23324,1267,1500,-1000
01/07/2019 23:55,SCH - HQ_CEDARS,325274,0,199,-100
01/07/2019 23:55,SCH - HQ_IMPORT_EXPORT,325376,1117,1310,-9999
01/07/2019 23:55,SCH - NE - NY,23318,-1246.71,1400,-1800
01/07/2019 23:55,SCH - NPX_1385,325277,69,200,-200
01/07/2019 23:55,SCH - NPX_CSC,325154,0,330,-330
01/07/2019 23:55,SCH - OH - NY,23317,1149.55,2250,-1900
01/07/2019 23:55,SCH - PJ - NY,23316,-92.22,2000,-1300
01/07/2019 23:55,SCH - PJM_HTP,325905,0,660,-660
01/07/2019 23:55,SCH - PJM_NEPTUNE,325305,660,660,-660
01/07/2019 23:55,SCH - PJM_VFT,325658,315,315,-315
01/07/2019 23:55,SPR/DUN-SOUTH,23320,1930.75,4600,-9999
01/07/2019 23:55,TOTAL EAST,23314,3899.22,6800,-9999
01/07/2019 23:55,UPNY CONED,23315,1350.38,5700,-9999
01/07/2019 23:55,WEST CENTRAL,23312,756.28,9999,-9999
