Timestamp,Interface Name,Point ID,Flow (MWH),Positive Limit (MWH),Negative Limit (MWH)
04/07/2019 00:00,CENTRAL EAST - VC,23330,1892.1,2200,-9999
04/07/2019 00:00,DYSINGER EAST,23326,610,3150,-9999
04/07/2019 00:00,MOSES SOUTH,23319,1814.5,3150,-1600
04/07/2019 00:00,SCH - HQ - NY,23324,1176,1450,-1000
04/07/2019 00:00,SCH - HQ_CEDARS,325274,100,160,0
04/07/2019 00:00,SCH - HQ_IMPORT_EXPORT,325376,1071,1310,-9999
04/07/2019 00:00,SCH - NE - NY,23318,-154.18,600,-800
04/07/2019 00:00,SCH - NPX_1385,325277,44,100,-100
04/07/2019 00:00,SCH - NPX_CSC,325154,50,330,-330
04/07/2019 00:00,SCH - OH - NY,23317,738.47,1300,-1900
04/07/2019 00:00,SCH - PJ - NY,23316,28.2,2000,-1300
04/07/2019 00:00,SCH - PJM_HTP,325905,0,660,-660
04/07/2019 00:00,SCH - PJM_NEPTUNE,325305,660,660,-660
04/07/2019 00:00,SCH - PJM_VFT,325658,315,315,-315
04/07/2019 00:00,SPR/DUN-SOUTH,23320,2159.85,4600,-9999
04/07/2019 00:00,TOTAL EAST,23314,3412.98,6800,-9999
04/07/2019 00:00,UPNY CONED,23315,2313.28,5700,-9999
04/07/2019 00:00,WEST CENTRAL,23312,394.73,9999,-9999
04/07/2019 00:05,CENTRAL EAST - VC,23330,1881.95,2200,-9999
04/07/2019 00:05,DYSINGER EAST,23326,628.93,3150,-9999
04/07/2019 00:05,MOSES SOUTH,23319,1752.79,3150,-1600
04/07/2019 00:05,SCH - HQ - NY,23324,1117,1450,-1000
04/07/2019 00:05,SCH - HQ_CEDARS,325274,100,160,0
04/07/2019 00:05,SCH - HQ_IMPORT_EXPORT,325376,1012,1310,-9999
04/07/2019 00:05,SCH - NE - NY,23318,-214.02,600,-800
04/07/2019 00:05,SCH - NPX_1385,325277,64,100,-100
04/07/2019 00:05,SCH - NPX_CSC,325154,50,330,-330
04/07/2019 00:05,SCH - OH - NY,23317,691.69,1300,-1900
04/07/2019 00:05,SCH - PJ - NY,23316,49.33,2000,-1300
04/07/2019 00:05,SCH - PJM_HTP,325905,0,660,-660
04/07/2019 00:05,SCH - PJM_NEPTUNE,325305,660,660,-660
04/07/2019 00:05,SCH - PJM_VFT,325658,315,315,-315
04/07/2019 00:05,SPR/DUN-SOUTH,23320,2085.4,4600,-9999
04/07/2019 00:05,TOTAL EAST,23314,3401.02,6800,-9999
04/07/2019 00:05,UPNY CONED,23315,2204.51,5700,-9999
04/07/2019 00:05,WEST CENTRAL,23312,417.28,9999,-9999
04/07/2019 00:10,CENTRAL EAST - VC,23330,1903.14,2200,-9999
04/07/2019 00:10,DYSINGER EAST,23326,705.86,3150,-9999
04/07/2019 00:10,MOSES SOUTH,23319,1738.12,3150,-1600
04/07/2019 00:10,SCH - HQ - NY,23324,1117,1450,-1000
04/07/2019 00:10,SCH - HQ_CEDARS,325274,100,160,0
04/07/2019 00:10,SCH - HQ_IMPORT_EXPORT,325376,1012,1310,-9999
04/07/2019 00:10,SCH - NE - NY,23318,-214.09,600,-800
04/07/2019 00:10,SCH - NPX_1385,325277,64,100,-100
04/07/2019 00:10,SCH - NPX_CSC,325154,50,330,-330
04/07/2019 00:10,SCH - OH - NY,23317,691.77,1300,-1900
04/07/2019 00:10,SCH - PJ - NY,23316,50.56,2000,-1300
04/07/2019 00:10,SCH - PJM_HTP,325905,0,660,-660
04/07/2019 00:10,SCH - PJM_NEPTUNE,325305,660,660,-660
04/07/2019 00:10,SCH - PJM_VFT,325658,315,315,-315
04/07/2019 00:10,SPR/DUN-SOUTH,23320,2019.79,4600,-9999
04/07/2019 00:10,TOTAL EAST,23314,3379.06,6800,-9999
04/07/2019 00:10,UPNY CONED,23315,2126.14,5700,-9999
04/07/2019 00:10,WEST CENTRAL,23312,496.05,9999,-9999
04/07/2019 00:15,CENTRAL EAST - VC,23330,1901.92,2140,-9999
04/07/2019 00:15,DYSINGER EAST,23326,835.49,3150,-9999
04/07/2019 00:15,MOSES SOUTH,23319,1644.61,3150,-1600
04/07/2019 00:15,SCH - HQ - NY,23324,1117,1450,-1000
04/07/2019 00:15,SCH - HQ_CEDARS,325274,100,160,0
04/07/2019 00:15,SCH - HQ_IMPORT_EXPORT,325376,1012,1310,-9999
04/07/2019 00:15,SCH - NE - NY,23318,-307.19,600,-800
04/07/2019 00:15,SCH - NPX_1385,325277,64,100,-100
04/07/2019 00:15,SCH - NPX_CSC,325154,50,330,-330
04/07/2019 00:15,SCH - OH - NY,23317,691.62,1300,-1900
04/07/2019 00:15,SCH - PJ - NY,23316,53.99,2000,-1300
04/07/2019 00:15,SCH - PJM_HTP,325905,0,660,-660
04/07/2019 00:15,SCH - PJM_NEPTUNE,325305,660,660,-660
04/07/2019 00:15,SCH - PJM_VFT,325658,315,315,-315
04/07/2019 00:15,SPR/DUN-SOUTH,23320,1986.13,4600,-9999
04/07/2019 00:15,TOTAL EAST,23314,3413.04,6800,-9999
04/07/2019 00:15,UPNY CONED,23315,2083.25,5700,-9999
04/07/2019 00:15,WEST CENTRAL,23312,627.92,9999,-9999
04/07/2019 00:20,CENTRAL EAST - VC,23330,1976.84,2140,-9999
04/07/2019 00:20,DYSINGER EAST,23326,871.74,3150,-9999
04/07/2019 00:20,MOSES SOUTH,23319,1653.46,3150,-1600
04/07/2019 00:20,SCH - HQ - NY,23324,1117,1450,-1000
04/07/2019 00:20,SCH - HQ_CEDARS,325274,100,160,0
04/07/2019 00:20,SCH - HQ_IMPORT_EXPORT,325376,1012,1310,-9999
04/07/2019 00:20,SCH - NE - NY,23318,-395.01,600,-800
04/07/2019 00:20,SCH - NPX_1385,325277,64,100,-100
04/07/2019 00:20,SCH - NPX_CSC,325154,50,330,-330
04/07/2019 00:20,SCH - OH - NY,23317,691.47,1300,-1900
04/07/2019 00:20,SCH - PJ - NY,23316,50.02,2000,-1300
04/07/2019 00:20,SCH - PJM_HTP,325905,0,660,-660
04/07/2019 00:20,SCH - PJM_NEPTUNE,325305,660,660,-660
04/07/2019 00:20,SCH - PJM_VFT,325658,315,315,-315
04/07/2019 00:20,SPR/DUN-SOUTH,23320,1997.04,4600,-9999
04/07/2019 00:20,TOTAL EAST,23314,3467.14,6800,-9999
04/07/2019 00:20,UPNY CONED,23315,2081.8,5700,-9999
04/07/2019 00:20,WEST CENTRAL,23312,666,9999,-9999
04/07/2019 00:25,CENTRAL EAST - VC,23330,1977.76,2080,-9999
04/07/2019 00:25,DYSINGER EAST,23326,866.82,3150,-9999
04/07/2019 00:25,MOSES SOUTH,23319,1618.25,3150,-1600
04/07/2019 00:25,SCH - HQ - NY,23324,1117,1450,-1000
04/07/2019 00:25,SCH - HQ_CEDARS,325274,100,160,0
04/07/2019 00:25,SCH - HQ_IMPORT_EXPORT,325376,1012,1310,-9999
04/07/2019 00:25,SCH - NE - NY,23318,-395.01,600,-800
04/07/2019 00:25,SCH - NPX_1385,325277,64,100,-100
04/07/2019 00:25,SCH - NPX_CSC,325154,50,330,-330
04/07/2019 00:25,SCH - OH - NY,23317,691.43,1300,-1900
04/07/2019 00:25,SCH - PJ - NY,23316,50.98,2000,-1300
04/07/2019 00:25,SCH - PJM_HTP,325905,0,660,-660
04/07/2019 00:25,SCH - PJM_NEPTUNE,325305,660,660,-660
04/07/2019 00:25,SCH - PJM_VFT,325658,315,315,-315
04/07/2019 00:25,SPR/DUN-SOUTH,23320,1997.03,4600,-9999
04/07/2019 00:25,TOTAL EAST,23314,3473.39,6800,-9999
04/07/2019 00:25,UPNY CONED,23315,2074.62,5700,-9999
04/07/2019 00:25,WEST CENTRAL,23312,663.13,9999,-9999
04/07/2019 00:30,CENTRAL EAST - VC,23330,1980.18,2080,-9999
04/07/2019 00:30,DYSINGER EAST,23326,833.93,3150,-9999
04/07/2019 00:30,MOSES SOUTH,23319,1607.42,3150,-1600
04/07/2019 00:30,SCH - HQ - NY,23324,1117,1450,-1000
04/07/2019 00:30,SCH - HQ_CEDARS,325274,100,160,0
04/07/2019 00:30,SCH - HQ_IMPORT_EXPORT,325376,1012,1310,-9999
04/07/2019 00:30,SCH - NE - NY,23318,-393.01,600,-800
04/07/2019 00:30,SCH - NPX_1385,325277,64,100,-100
04/07/2019 00:30,SCH - NPX_CSC,325154,50,330,-330
04/07/2019 00:30,SCH - OH - NY,23317,691.3,1300,-1900
04/07/2019 00:30,SCH - PJ - NY,23316,32.84,2000,-1300
04/07/2019 00:30,SCH - PJM_HTP,325905,0,660,-660
04/07/2019 00:30,SCH - PJM_NEPTUNE,325305,660,660,-660
04/07/2019 00:30,SCH - PJM_VFT,325658,315,315,-315
04/07/2019 00:30,SPR/DUN-SOUTH,23320,1993.39,4600,-9999
04/07/2019 00:30,TOTAL EAST,23314,3412.46,6800,-9999
04/07/2019 00:30,UPNY CONED,23315,2061.85,5700,-9999
04/07/2019 00:30,WEST CENTRAL,23312,632.87,9999,-9999
04/07/2019 00:35,CENTRAL EAST - VC,23330,1947.66,2050,-9999
04/07/2019 00:35,DYSINGER EAST,23326,770.31,3150,-9999
04/07/2019 00:35,MOSES SOUTH,23319,1586.86,3150,-1600
04/07/2019 00:35,SCH - HQ - NY,23324,1117,1450,-1000
04/07/2019 00:35,SCH - HQ_CEDARS,325274,100,160,0
04/07/2019 00:35,SCH - HQ_IMPORT_EXPORT,325376,1012,1310,-9999
04/07/2019 00:35,SCH - NE - NY,23318,-392.02,600,-800
04/07/2019 00:35,SCH - NPX_1385,325277,64,100,-100
04/07/2019 00:35,SCH - NPX_CSC,325154,50,330,-330
04/07/2019 00:35,SCH - OH - NY,23317,691,1300,-1900
04/07/2019 00:35,SCH - PJ - NY,23316,19.74,2000,-1300
04/07/2019 00:35,SCH - PJM_HTP,325905,0,660,-660
04/07/2019 00:35,SCH - PJM_NEPTUNE,325305,660,660,-660
04/07/2019 00:35,SCH - PJM_VFT,325658,315,315,-315
04/07/2019 00:35,SPR/DUN-SOUTH,23320,1962.03,4600,-9999
04/07/2019 00:35,TOTAL EAST,23314,3339.24,6800,-9999
04/07/2019 00:35,UPNY CONED,23315,2015.91,5700,-9999
04/07/2019 00:35,WEST CENTRAL,23312,572.05,9999,-9999
04/07/2019 00:40,CENTRAL EAST - VC,23330,1944.32,2050,-9999
04/07/2019 00:40,DYSINGER EAST,23326,730.77,3150,-9999
04/07/2019 00:40,MOSES SOUTH,23319,1596.26,3150,-1600
04/07/2019 00:40,SCH - HQ - NY,23324,1117,1450,-1000
04/07/2019 00:40,SCH - HQ_CEDARS,325274,100,160,0
04/07/2019 00:40,SCH - HQ_IMPORT_EXPORT,325376,1012,1310,-9999
04/07/2019 00:40,SCH - NE - NY,23318,-392.02,600,-800
04/07/2019 00:40,SCH - NPX_1385,325277,64,100,-100
04/07/2019 00:40,SCH - NPX_CSC,325154,50,330,-330
04/07/2019 00:40,SCH - OH - NY,23317,690.94,1300,-1900
04/07/2019 00:40,SCH - PJ - NY,23316,18.66,2000,-1300
04/07/2019 00:40,SCH - PJM_HTP,325905,0,660,-660
04/07/2019 00:40,SCH - PJM_NEPTUNE,325305,660,660,-660
04/07/2019 00:40,SCH - PJM_VFT,325658,315,315,-315
04/07/2019 00:40,SPR/DUN-SOUTH,23320,1954.08,4600,-9999
04/07/2019 00:40,TOTAL EAST,23314,3312.73,6800,-9999
04/07/2019 00:40,UPNY CONED,23315,1991.48,5700,-9999
04/07/2019 00:40,WEST CENTRAL,23312,534.99,9999,-9999
04/07/2019 00:45,CENTRAL EAST - VC,23330,1882.62,2050,-9999
04/07/2019 00:45,DYSINGER EAST,23326,649.29,3150,-9999
04/07/2019 00:45,MOSES SOUTH,23319,1627.78,3150,-1600
04/07/2019 00:45,SCH - HQ - NY,23324,1117,1450,-1000
04/07/2019 00:45,SCH - HQ_CEDARS,325274,100,160,0
04/07/2019 00:45,SCH - HQ_IMPORT_EXPORT,325376,1012,1310,-9999
04/07/2019 00:45,SCH - NE - NY,23318,-250.8,600,-800
04/07/2019 00:45,SCH - NPX_1385,325277,64,100,-100
04/07/2019 00:45,SCH - NPX_CSC,325154,50,330,-330
04/07/2019 00:45,SCH - OH - NY,23317,691.25,1300,-1900
04/07/2019 00:45,SCH - PJ - NY,23316,-13.72,2000,-1300
04/07/2019 00:45,SCH - PJM_HTP,325905,0,660,-660
04/07/2019 00:45,SCH - PJM_NEPTUNE,325305,660,660,-660
04/07/2019 00:45,SCH - PJM_VFT,325658,315,315,-315
04/07/2019 00:45,SPR/DUN-SOUTH,23320,2043.2,4600,-9999
04/07/2019 00:45,TOTAL EAST,23314,3315.98,6800,-9999
04/07/2019 00:45,UPNY CONED,23315,2071.55,5700,-9999
04/07/2019 00:45,WEST CENTRAL,23312,454.62,9999,-9999
04/07/2019 00:50,CENTRAL EAST - VC,23330,1845.98,2050,-9999
04/07/2019 00:50,DYSINGER EAST,23326,661.02,3150,-9999
04/07/2019 00:50,MOSES SOUTH,23319,1641.82,3150,-1600
04/07/2019 00:50,SCH - HQ - NY,23324,1117,1450,-1000
04/07/2019 00:50,SCH - HQ_CEDARS,325274,100,160,0
04/07/2019 00:50,SCH - HQ_IMPORT_EXPORT,325376,1012,1310,-9999
04/07/2019 00:50,SCH - NE - NY,23318,-104.12,600,-800
04/07/2019 00:50,SCH - NPX_1385,325277,64,100,-100
04/07/2019 00:50,SCH - NPX_CSC,325154,50,330,-330
04/07/2019 00:50,SCH - OH - NY,23317,691.5,1300,-1900
04/07/2019 00:50,SCH - PJ - NY,23316,-51.74,2000,-1300
04/07/2019 00:50,SCH - PJM_HTP,325905,0,660,-660
04/07/2019 00:50,SCH - PJM_NEPTUNE,325305,660,660,-660
04/07/2019 00:50,SCH - PJM_VFT,325658,315,315,-315
04/07/2019 00:50,SPR/DUN-SOUTH,23320,2111.97,4600,-9999
04/07/2019 00:50,TOTAL EAST,23314,3222.03,6800,-9999
04/07/2019 00:50,UPNY CONED,23315,2134.36,5700,-9999
04/07/2019 00:50,WEST CENTRAL,23312,467.11,9999,-9999
04/07/2019 00:55,CENTRAL EAST - VC,23330,1905.76,2050,-9999
04/07/2019 00:55,DYSINGER EAST,23326,664.87,3150,-9999
04/07/2019 00:55,MOSES SOUTH,23319,1768.1,3150,-1600
04/07/2019 00:55,SCH - HQ - NY,23324,1117,1450,-1000
04/07/2019 00:55,SCH - HQ_CEDARS,325274,100,160,0
04/07/2019 00:55,SCH - HQ_IMPORT_EXPORT,325376,1012,1310,-9999
04/07/2019 00:55,SCH - NE - NY,23318,-104.28,600,-800
04/07/2019 00:55,SCH - NPX_1385,325277,64,100,-100
04/07/2019 00:55,SCH - NPX_CSC,325154,50,330,-330
04/07/2019 00:55,SCH - OH - NY,23317,691.77,1300,-1900
04/07/2019 00:55,SCH - PJ - NY,23316,-51.58,2000,-1300
04/07/2019 00:55,SCH - PJM_HTP,325905,0,660,-660
04/07/2019 00:55,SCH - PJM_NEPTUNE,325305,660,660,-660
04/07/2019 00:55,SCH - PJM_VFT,325658,315,315,-315
04/07/2019 00:55,SPR/DUN-SOUTH,23320,2124.55,4600,-9999
04/07/2019 00:55,TOTAL EAST,23314,3207.42,6800,-9999
04/07/2019 00:55,UPNY CONED,23315,2153.47,5700,-9999
04/07/2019 00:55,WEST CENTRAL,23312,475.13,9999,-9999
04/07/2019 01:00,CENTRAL EAST - VC,23330,1807.07,2050,-9999
04/07/2019 01:00,DYSINGER EAST,23326,734.47,3150,-9999
04/07/2019 01:00,MOSES SOUTH,23319,1569.52,3150,-1600
04/07/2019 01:00,SCH - HQ - NY,23324,903,1450,-1000
04/07/2019 01:00,SCH - HQ_CEDARS,325274,100,160,0
04/07/2019 01:00,SCH - HQ_IMPORT_EXPORT,325376,798,1310,-9999
04/07/2019 01:00,SCH - NE - NY,23318,-101.43,600,-800
04/07/2019 01:00,SCH - NPX_1385,325277,32,100,-100
04/07/2019 01:00,SCH - NPX_CSC,325154,25,330,-330
04/07/2019 01:00,SCH - OH - NY,23317,742.8,1300,-1900
04/07/2019 01:00,SCH - PJ - NY,23316,-10.38,2000,-1300
04/07/2019 01:00,SCH - PJM_HTP,325905,0,660,-660
04/07/2019 01:00,SCH - PJM_NEPTUNE,325305,647,660,-660
04/07/2019 01:00,SCH - PJM_VFT,325658,308,315,-315
04/07/2019 01:00,SPR/DUN-SOUTH,23320,2023.76,4600,-9999
04/07/2019 01:00,TOTAL EAST,23314,3123.7,6800,-9999
04/07/2019 01:00,UPNY CONED,23315,2103.05,5700,-9999
04/07/2019 01:00,WEST CENTRAL,23312,547.14,9999,-9999
04/07/2019 01:05,CENTRAL EAST - VC,23330,1727.12,2050,-9999
04/07/2019 01:05,DYSINGER EAST,23326,782.06,3150,-9999
04/07/2019 01:05,MOSES SOUTH,23319,1355.03,3150,-1600
04/07/2019 01:05,SCH - HQ - NY,23324,690,1450,-1000
04/07/2019 01:05,SCH - HQ_CEDARS,325274,100,160,0
04/07/2019 01:05,SCH - HQ_IMPORT_EXPORT,325376,585,1310,-9999
04/07/2019 01:05,SCH - NE - NY,23318,-98.32,600,-800
04/07/2019 01:05,SCH - NPX_1385,325277,0,100,-100
04/07/2019 01:05,SCH - NPX_CSC,325154,0,330,-330
04/07/2019 01:05,SCH - OH - NY,23317,794.54,1300,-1900
04/07/2019 01:05,SCH - PJ - NY,23316,22.96,2000,-1300
04/07/2019 01:05,SCH - PJM_HTP,325905,0,660,-660
04/07/2019 01:05,SCH - PJM_NEPTUNE,325305,634,660,-660
04/07/2019 01:05,SCH - PJM_VFT,325658,302,315,-315
04/07/2019 01:05,SPR/DUN-SOUTH,23320,1926.07,4600,-9999
04/07/2019 01:05,TOTAL EAST,23314,3105.73,6800,-9999
04/07/2019 01:05,UPNY CONED,23315,2054.53,5700,-9999
04/07/2019 01:05,WEST CENTRAL,23312,597.29,9999,-9999
04/07/2019 01:10,CENTRAL EAST - VC,23330,1730.27,2050,-9999
04/07/2019 01:10,DYSINGER EAST,23326,788.17,3150,-9999
04/07/2019 01:10,MOSES SOUTH,23319,1369.15,3150,-1600
04/07/2019 01:10,SCH - HQ - NY,23324,690,1450,-1000
04/07/2019 01:10,SCH - HQ_CEDARS,325274,100,160,0
04/07/2019 01:10,SCH - HQ_IMPORT_EXPORT,325376,585,1310,-9999
04/07/2019 01:10,SCH - NE - NY,23318,-98.53,600,-800
04/07/2019 01:10,SCH - NPX_1385,325277,0,100,-100
04/07/2019 01:10,SCH - NPX_CSC,325154,0,330,-330
04/07/2019 01:10,SCH - OH - NY,23317,794.47,1300,-1900
04/07/2019 01:10,SCH - PJ - NY,23316,22.3,2000,-1300
04/07/2019 01:10,SCH - PJM_HTP,325905,0,660,-660
04/07/2019 01:10,SCH - PJM_NEPTUNE,325305,634,660,-660
04/07/2019 01:10,SCH - PJM_VFT,325658,302,315,-315
04/07/2019 01:10,SPR/DUN-SOUTH,23320,1967.14,4600,-9999
04/07/2019 01:10,TOTAL EAST,23314,3142.82,6800,-9999
04/07/2019 01:10,UPNY CONED,23315,2075,5700,-9999
04/07/2019 01:10,WEST CENTRAL,23312,606.38,9999,-9999
04/07/2019 01:15,CENTRAL EAST - VC,23330,1701.92,2050,-9999
04/07/2019 01:15,DYSINGER EAST,23326,756.91,3150,-9999
04/07/2019 01:15,MOSES SOUTH,23319,1360.29,3150,-1600
04/07/2019 01:15,SCH - HQ - NY,23324,690,1450,-1000
04/07/2019 01:15,SCH - HQ_CEDARS,325274,100,160,0
04/07/2019 01:15,SCH - HQ_IMPORT_EXPORT,325376,585,1310,-9999
04/07/2019 01:15,SCH - NE - NY,23318,-98.53,600,-800
04/07/2019 01:15,SCH - NPX_1385,325277,0,100,-100
04/07/2019 01:15,SCH - NPX_CSC,325154,0,330,-330
04/07/2019 01:15,SCH - OH - NY,23317,794.23,1300,-1900
04/07/2019 01:15,SCH - PJ - NY,23316,23.41,2000,-1300
04/07/2019 01:15,SCH - PJM_HTP,325905,0,660,-660
04/07/2019 01:15,SCH - PJM_NEPTUNE,325305,634,660,-660
04/07/2019 01:15,SCH - PJM_VFT,325658,308,315,-315
04/07/2019 01:15,SPR/DUN-SOUTH,23320,1948.03,4600,-9999
04/07/2019 01:15,TOTAL EAST,23314,3127.78,6800,-9999
04/07/2019 01:15,UPNY CONED,23315,2048.82,5700,-9999
04/07/2019 01:15,WEST CENTRAL,23312,578.68,9999,-9999
04/07/2019 01:20,CENTRAL EAST - VC,23330,1664.33,2050,-9999
04/07/2019 01:20,DYSINGER EAST,23326,670.44,3150,-9999
04/07/2019 01:20,MOSES SOUTH,23319,1357.56,3150,-1600
04/07/2019 01:20,SCH - HQ - NY,23324,690,1450,-1000
04/07/2019 01:20,SCH - HQ_CEDARS,325274,100,160,0
04/07/2019 01:20,SCH - HQ_IMPORT_EXPORT,325376,585,1310,-9999
04/07/2019 01:20,SCH - NE - NY,23318,-98.41,600,-800
04/07/2019 01:20,SCH - NPX_1385,325277,0,100,-100
04/07/2019 01:20,SCH - NPX_CSC,325154,0,330,-330
04/07/2019 01:20,SCH - OH - NY,23317,794.21,1300,-1900
04/07/2019 01:20,SCH - PJ - NY,23316,29.93,2000,-1300
04/07/2019 01:20,SCH - PJM_HTP,325905,0,660,-660
04/07/2019 01:20,SCH - PJM_NEPTUNE,325305,634,660,-660
04/07/2019 01:20,SCH - PJM_VFT,325658,315,315,-315
04/07/2019 01:20,SPR/DUN-SOUTH,23320,1921.52,4600,-9999
04/07/2019 01:20,TOTAL EAST,23314,3092.69,6800,-9999
04/07/2019 01:20,UPNY CONED,23315,2010.22,5700,-9999
04/07/2019 01:20,WEST CENTRAL,23312,492.79,9999,-9999
04/07/2019 01:25,CENTRAL EAST - VC,23330,1695.04,2050,-9999
04/07/2019 01:25,DYSINGER EAST,23326,680.73,3150,-9999
04/07/2019 01:25,MOSES SOUTH,23319,1358.52,3150,-1600
04/07/2019 01:25,SCH - HQ - NY,23324,690,1450,-1000
04/07/2019 01:25,SCH - HQ_CEDARS,325274,100,160,0
04/07/2019 01:25,SCH - HQ_IMPORT_EXPORT,325376,585,1310,-9999
04/07/2019 01:25,SCH - NE - NY,23318,-98.31,600,-800
04/07/2019 01:25,SCH - NPX_1385,325277,0,100,-100
04/07/2019 01:25,SCH - NPX_CSC,325154,0,330,-330
04/07/2019 01:25,SCH - OH - NY,23317,798.28,1300,-1900
04/07/2019 01:25,SCH - PJ - NY,23316,18,2000,-1300
04/07/2019 01:25,SCH - PJM_HTP,325905,0,660,-660
04/07/2019 01:25,SCH - PJM_NEPTUNE,325305,634,660,-660
04/07/2019 01:25,SCH - PJM_VFT,325658,315,315,-315
04/07/2019 01:25,SPR/DUN-SOUTH,23320,1983.05,4600,-9999
04/07/2019 01:25,TOTAL EAST,23314,3138.23,6800,-9999
04/07/2019 01:25,UPNY CONED,23315,2067.86,5700,-9999
04/07/2019 01:25,WEST CENTRAL,23312,504.12,9999,-9999
04/07/2019 01:30,CENTRAL EAST - VC,23330,1690.74,2050,-9999
04/07/2019 01:30,DYSINGER EAST,23326,705.5,3150,-9999
04/07/2019 01:30,MOSES SOUTH,23319,1355.04,3150,-1600
04/07/2019 01:30,SCH - HQ - NY,23324,690,1450,-1000
04/07/2019 01:30,SCH - HQ_CEDARS,325274,100,160,0
04/07/2019 01:30,SCH - HQ_IMPORT_EXPORT,325376,585,1310,-9999
04/07/2019 01:30,SCH - NE - NY,23318,-64.7,600,-800
04/07/2019 01:30,SCH - NPX_1385,325277,0,100,-100
04/07/2019 01:30,SCH - NPX_CSC,325154,0,330,-330
04/07/2019 01:30,SCH - OH - NY,23317,794.31,1300,-1900
04/07/2019 01:30,SCH - PJ - NY,23316,21.36,2000,-1300
04/07/2019 01:30,SCH - PJM_HTP,325905,0,660,-660
04/07/2019 01:30,SCH - PJM_NEPTUNE,325305,634,660,-660
04/07/2019 01:30,SCH - PJM_VFT,325658,315,315,-315
04/07/2019 01:30,SPR/DUN-SOUTH,23320,2024.27,4600,-9999
04/07/2019 01:30,TOTAL EAST,23314,3149.79,6800,-9999
04/07/2019 01:30,UPNY CONED,23315,2105.11,5700,-9999
04/07/2019 01:30,WEST CENTRAL,23312,528.54,9999,-9999
04/07/2019 01:35,CENTRAL EAST - VC,23330,1666.76,2050,-9999
04/07/2019 01:35,DYSINGER EAST,23326,642.86,3150,-9999
04/07/2019 01:35,MOSES SOUTH,23319,1358.72,3150,-1600
04/07/2019 01:35,SCH - HQ - NY,23324,690,1450,-1000
04/07/2019 01:35,SCH - HQ_CEDARS,325274,100,160,0
04/07/2019 01:35,SCH - HQ_IMPORT_EXPORT,325376,585,1310,-9999
04/07/2019 01:35,SCH - NE - NY,23318,-31.2,600,-800
04/07/2019 01:35,SCH - NPX_1385,325277,0,100,-100
04/07/2019 01:35,SCH - NPX_CSC,325154,0,330,-330
04/07/2019 01:35,SCH - OH - NY,23317,794.14,1300,-1900
04/07/2019 01:35,SCH - PJ - NY,23316,23.26,2000,-1300
04/07/2019 01:35,SCH - PJM_HTP,325905,0,660,-660
04/07/2019 01:35,SCH - PJM_NEPTUNE,325305,634,660,-660
04/07/2019 01:35,SCH - PJM_VFT,325658,315,315,-315
04/07/2019 01:35,SPR/DUN-SOUTH,23320,2019.25,4600,-9999
04/07/2019 01:35,TOTAL EAST,23314,3081.18,6800,-9999
04/07/2019 01:35,UPNY CONED,23315,2088.87,5700,-9999
04/07/2019 01:35,WEST CENTRAL,23312,467.61,9999,-9999
04/07/2019 01:40,CENTRAL EAST - VC,23330,1646.48,2050,-9999
04/07/2019 01:40,DYSINGER EAST,23326,598.01,3150,-9999
04/07/2019 01:40,MOSES SOUTH,23319,1358.6,3150,-1600
04/07/2019 01:40,SCH - HQ - NY,23324,690,1450,-1000
04/07/2019 01:40,SCH - HQ_CEDARS,325274,100,160,0
04/07/2019 01:40,SCH - HQ_IMPORT_EXPORT,325376,585,1310,-9999
04/07/2019 01:40,SCH - NE - NY,23318,-31.25,600,-800
04/07/2019 01:40,SCH - NPX_1385,325277,0,100,-100
04/07/2019 01:40,SCH - NPX_CSC,325154,0,330,-330
04/07/2019 01:40,SCH - OH - NY,23317,794.28,1300,-1900
04/07/2019 01:40,SCH - PJ - NY,23316,21.53,2000,-1300
04/07/2019 01:40,SCH - PJM_HTP,325905,0,660,-660
04/07/2019 01:40,SCH - PJM_NEPTUNE,325305,634,660,-660
04/07/2019 01:40,SCH - PJM_VFT,325658,315,315,-315
04/07/2019 01:40,SPR/DUN-SOUTH,23320,2031.98,4600,-9999
04/07/2019 01:40,TOTAL EAST,23314,3082.6,6800,-9999
04/07/2019 01:40,UPNY CONED,23315,2092.37,5700,-9999
04/07/2019 01:40,WEST CENTRAL,23312,423.12,9999,-9999
04/07/2019 01:45,CENTRAL EAST - VC,23330,1643.54,2050,-9999
04/07/2019 01:45,DYSINGER EAST,23326,598.22,3150,-9999
04/07/2019 01:45,MOSES SOUTH,23319,1351.99,3150,-1600
04/07/2019 01:45,SCH - HQ - NY,23324,690,1450,-1000
04/07/2019 01:45,SCH - HQ_CEDARS,325274,100,160,0
04/07/2019 01:45,SCH - HQ_IMPORT_EXPORT,325376,585,1310,-9999
04/07/2019 01:45,SCH - NE - NY,23318,-64.85,600,-800
04/07/2019 01:45,SCH - NPX_1385,325277,0,100,-100
04/07/2019 01:45,SCH - NPX_CSC,325154,0,330,-330
04/07/2019 01:45,SCH - OH - NY,23317,795.61,1300,-1900
04/07/2019 01:45,SCH - PJ - NY,23316,20.85,2000,-1300
04/07/2019 01:45,SCH - PJM_HTP,325905,0,660,-660
04/07/2019 01:45,SCH - PJM_NEPTUNE,325305,634,660,-660
04/07/2019 01:45,SCH - PJM_VFT,325658,315,315,-315
04/07/2019 01:45,SPR/DUN-SOUTH,23320,2008.67,4600,-9999
04/07/2019 01:45,TOTAL EAST,23314,3090.05,6800,-9999
04/07/2019 01:45,UPNY CONED,23315,2058.5,5700,-9999
04/07/2019 01:45,WEST CENTRAL,23312,425.2,9999,-9999
04/07/2019 01:50,CENTRAL EAST - VC,23330,1658.01,2050,-9999
04/07/2019 01:50,DYSINGER EAST,23326,600.58,3150,-9999
04/07/2019 01:50,MOSES SOUTH,23319,1364.18,3150,-1600
04/07/2019 01:50,SCH - HQ - NY,23324,690,1450,-1000
04/07/2019 01:50,SCH - HQ_CEDARS,325274,100,160,0
04/07/2019 01:50,SCH - HQ_IMPORT_EXPORT,325376,585,1310,-9999
04/07/2019 01:50,SCH - NE - NY,23318,-98.46,600,-800
04/07/2019 01:50,SCH - NPX_1385,325277,0,100,-100
04/07/2019 01:50,SCH - NPX_CSC,325154,0,330,-330
04/07/2019 01:50,SCH - OH - NY,23317,796.39,1300,-1900
04/07/2019 01:50,SCH - PJ - NY,23316,21.76,2000,-1300
04/07/2019 01:50,SCH - PJM_HTP,325905,0,660,-660
04/07/2019 01:50,SCH - PJM_NEPTUNE,325305,634,660,-660
04/07/2019 01:50,SCH - PJM_VFT,325658,315,315,-315
04/07/2019 01:50,SPR/DUN-SOUTH,23320,1977.4,4600,-9999
04/07/2019 01:50,TOTAL EAST,23314,3094.57,6800,-9999
04/07/2019 01:50,UPNY CONED,23315,2022.94,5700,-9999
04/07/2019 01:50,WEST CENTRAL,23312,428.54,9999,-9999
04/07/2019 01:55,CENTRAL EAST - VC,23330,1677.76,2050,-9999
04/07/2019 01:55,DYSINGER EAST,23326,620.73,3150,-9999
04/07/2019 01:55,MOSES SOUTH,23319,1350.36,3150,-1600
04/07/2019 01:55,SCH - HQ - NY,23324,690,1450,-1000
04/07/2019 01:55,SCH - HQ_CEDARS,325274,100,160,0
04/07/2019 01:55,SCH - HQ_IMPORT_EXPORT,325376,585,1310,-9999
04/07/2019 01:55,SCH - NE - NY,23318,-98.37,600,-800
04/07/2019 01:55,SCH - NPX_1385,325277,0,100,-100
04/07/2019 01:55,SCH - NPX_CSC,325154,0,330,-330
04/07/2019 01:55,SCH - OH - NY,23317,796.52,1300,-1900
04/07/2019 01:55,SCH - PJ - NY,23316,20.67,2000,-1300
04/07/2019 01:55,SCH - PJM_HTP,325905,0,660,-660
04/07/2019 01:55,SCH - PJM_NEPTUNE,325305,634,660,-660
04/07/2019 01:55,SCH - PJM_VFT,325658,315,315,-315
04/07/2019 01:55,SPR/DUN-SOUTH,23320,1969.44,4600,-9999
04/07/2019 01:55,TOTAL EAST,23314,3110.93,6800,-9999
04/07/2019 01:55,UPNY CONED,23315,1984.5,5700,-9999
04/07/2019 01:55,WEST CENTRAL,23312,451.56,9999,-9999
04/07/2019 02:00,CENTRAL EAST - VC,23330,1689.7,2050,-9999
04/07/2019 02:00,DYSINGER EAST,23326,635.98,3150,-9999
04/07/2019 02:00,MOSES SOUTH,23319,1325.8,3150,-1600
04/07/2019 02:00,SCH - HQ - NY,23324,682,1450,-1000
04/07/2019 02:00,SCH - HQ_CEDARS,325274,100,160,0
04/07/2019 02:00,SCH - HQ_IMPORT_EXPORT,325376,577,1310,-9999
04/07/2019 02:00,SCH - NE - NY,23318,-64.78,600,-800
04/07/2019 02:00,SCH - NPX_1385,325277,12,100,-100
04/07/2019 02:00,SCH - NPX_CSC,325154,0,330,-330
04/07/2019 02:00,SCH - OH - NY,23317,896.73,1300,-1900
04/07/2019 02:00,SCH - PJ - NY,23316,-1.14,2000,-1300
04/07/2019 02:00,SCH - PJM_HTP,325905,0,660,-660
04/07/2019 02:00,SCH - PJM_NEPTUNE,325305,564,660,-660
04/07/2019 02:00,SCH - PJM_VFT,325658,315,315,-315
04/07/2019 02:00,SPR/DUN-SOUTH,23320,1937.6,4600,-9999
04/07/2019 02:00,TOTAL EAST,23314,3125.14,6800,-9999
04/07/2019 02:00,UPNY CONED,23315,2004.95,5700,-9999
04/07/2019 02:00,WEST CENTRAL,23312,467.95,9999,-9999
04/07/2019 02:05,CENTRAL EAST - VC,23330,1674.63,2050,-9999
04/07/2019 02:05,DYSINGER EAST,23326,607.24,3150,-9999
04/07/2019 02:05,MOSES SOUTH,23319,1319.18,3150,-1600
04/07/2019 02:05,SCH - HQ - NY,23324,675,1450,-1000
04/07/2019 02:05,SCH - HQ_CEDARS,325274,100,160,0
04/07/2019 02:05,SCH - HQ_IMPORT_EXPORT,325376,570,1310,-9999
04/07/2019 02:05,SCH - NE - NY,23318,-31.13,600,-800
04/07/2019 02:05,SCH - NPX_1385,325277,25,100,-100
04/07/2019 02:05,SCH - NPX_CSC,325154,0,330,-330
04/07/2019 02:05,SCH - OH - NY,23317,999.37,1300,-1900
04/07/2019 02:05,SCH - PJ - NY,23316,-25.5,2000,-1300
04/07/2019 02:05,SCH - PJM_HTP,325905,0,660,-660
04/07/2019 02:05,SCH - PJM_NEPTUNE,325305,495,660,-660
04/07/2019 02:05,SCH - PJM_VFT,325658,315,315,-315
04/07/2019 02:05,SPR/DUN-SOUTH,23320,1931.84,4600,-9999
04/07/2019 02:05,TOTAL EAST,23314,3126.13,6800,-9999
04/07/2019 02:05,UPNY CONED,23315,2050.89,5700,-9999
04/07/2019 02:05,WEST CENTRAL,23312,440.55,9999,-9999
04/07/2019 02:10,CENTRAL EAST - VC,23330,1669.35,2050,-9999
04/07/2019 02:10,DYSINGER EAST,23326,609.23,3150,-9999
04/07/2019 02:10,MOSES SOUTH,23319,1299.87,3150,-1600
04/07/2019 02:10,SCH - HQ - NY,23324,675,1450,-1000
04/07/2019 02:10,SCH - HQ_CEDARS,325274,100,160,0
04/07/2019 02:10,SCH - HQ_IMPORT_EXPORT,325376,570,1310,-9999
04/07/2019 02:10,SCH - NE - NY,23318,-31.22,600,-800
04/07/2019 02:10,SCH - NPX_1385,325277,25,100,-100
04/07/2019 02:10,SCH - NPX_CSC,325154,0,330,-330
04/07/2019 02:10,SCH - OH - NY,23317,999.33,1300,-1900
04/07/2019 02:10,SCH - PJ - NY,23316,-25.37,2000,-1300
04/07/2019 02:10,SCH - PJM_HTP,325905,0,660,-660
04/07/2019 02:10,SCH - PJM_NEPTUNE,325305,495,660,-660
04/07/2019 02:10,SCH - PJM_VFT,325658,315,315,-315
04/07/2019 02:10,SPR/DUN-SOUTH,23320,1942.95,4600,-9999
04/07/2019 02:10,TOTAL EAST,23314,3127,6800,-9999
04/07/2019 02:10,UPNY CONED,23315,2058.78,5700,-9999
04/07/2019 02:10,WEST CENTRAL,23312,442.6,9999,-9999
04/07/2019 02:15,CENTRAL EAST - VC,23330,1673.9,2050,-9999
04/07/2019 02:15,DYSINGER EAST,23326,634.82,3150,-9999
04/07/2019 02:15,MOSES SOUTH,23319,1288.87,3150,-1600
04/07/2019 02:15,SCH - HQ - NY,23324,675,1450,-1000
04/07/2019 02:15,SCH - HQ_CEDARS,325274,100,160,0
04/07/2019 02:15,SCH - HQ_IMPORT_EXPORT,325376,570,1310,-9999
04/07/2019 02:15,SCH - NE - NY,23318,-45.65,600,-800
04/07/2019 02:15,SCH - NPX_1385,325277,25,100,-100
04/07/2019 02:15,SCH - NPX_CSC,325154,0,330,-330
04/07/2019 02:15,SCH - OH - NY,23317,999.4,1300,-1900
04/07/2019 02:15,SCH - PJ - NY,23316,-23.94,2000,-1300
04/07/2019 02:15,SCH - PJM_HTP,325905,0,660,-660
04/07/2019 02:15,SCH - PJM_NEPTUNE,325305,495,660,-660
04/07/2019 02:15,SCH - PJM_VFT,325658,315,315,-315
04/07/2019 02:15,SPR/DUN-SOUTH,23320,1928.8,4600,-9999
04/07/2019 02:15,TOTAL EAST,23314,3139.79,6800,-9999
04/07/2019 02:15,UPNY CONED,23315,2039.95,5700,-9999
04/07/2019 02:15,WEST CENTRAL,23312,469.06,9999,-9999
04/07/2019 02:20,CENTRAL EAST - VC,23330,1690.74,2050,-9999
04/07/2019 02:20,DYSINGER EAST,23326,656.72,3150,-9999
04/07/2019 02:20,MOSES SOUTH,23319,1301.84,3150,-1600
04/07/2019 02:20,SCH - HQ - NY,23324,675,1450,-1000
04/07/2019 02:20,SCH - HQ_CEDARS,325274,100,160,0
04/07/2019 02:20,SCH - HQ_IMPORT_EXPORT,325376,570,1310,-9999
04/07/2019 02:20,SCH - NE - NY,23318,-59.84,600,-800
04/07/2019 02:20,SCH - NPX_1385,325277,25,100,-100
04/07/2019 02:20,SCH - NPX_CSC,325154,0,330,-330
04/07/2019 02:20,SCH - OH - NY,23317,999.55,1300,-1900
04/07/2019 02:20,SCH - PJ - NY,23316,-26.78,2000,-1300
04/07/2019 02:20,SCH - PJM_HTP,325905,0,660,-660
04/07/2019 02:20,SCH - PJM_NEPTUNE,325305,495,660,-660
04/07/2019 02:20,SCH - PJM_VFT,325658,315,315,-315
04/07/2019 02:20,SPR/DUN-SOUTH,23320,1922.5,4600,-9999
04/07/2019 02:20,TOTAL EAST,23314,3126.06,6800,-9999
04/07/2019 02:20,UPNY CONED,23315,2028.67,5700,-9999
04/07/2019 02:20,WEST CENTRAL,23312,491.87,9999,-9999
04/07/2019 02:25,CENTRAL EAST - VC,23330,1683.48,2050,-9999
04/07/2019 02:25,DYSINGER EAST,23326,654.76,3150,-9999
04/07/2019 02:25,MOSES SOUTH,23319,1308.8,3150,-1600
04/07/2019 02:25,SCH - HQ - NY,23324,675,1450,-1000
04/07/2019 02:25,SCH - HQ_CEDARS,325274,100,160,0
04/07/2019 02:25,SCH - HQ_IMPORT_EXPORT,325376,570,1310,-9999
04/07/2019 02:25,SCH - NE - NY,23318,-59.73,600,-800
04/07/2019 02:25,SCH - NPX_1385,325277,25,100,-100
04/07/2019 02:25,SCH - NPX_CSC,325154,0,330,-330
04/07/2019 02:25,SCH - OH - NY,23317,999.68,1300,-1900
04/07/2019 02:25,SCH - PJ - NY,23316,-23.96,2000,-1300
04/07/2019 02:25,SCH - PJM_HTP,325905,0,660,-660
04/07/2019 02:25,SCH - PJM_NEPTUNE,325305,495,660,-660
04/07/2019 02:25,SCH - PJM_VFT,325658,315,315,-315
04/07/2019 02:25,SPR/DUN-SOUTH,23320,1897.32,4600,-9999
04/07/2019 02:25,TOTAL EAST,23314,3128.1,6800,-9999
04/07/2019 02:25,UPNY CONED,23315,2014.36,5700,-9999
04/07/2019 02:25,WEST CENTRAL,23312,490.72,9999,-9999
04/07/2019 02:30,CENTRAL EAST - VC,23330,1683.66,2050,-9999
04/07/2019 02:30,DYSINGER EAST,23326,662.74,3150,-9999
04/07/2019 02:30,MOSES SOUTH,23319,1310.13,3150,-1600
04/07/2019 02:30,SCH - HQ - NY,23324,675,1450,-1000
04/07/2019 02:30,SCH - HQ_CEDARS,325274,100,160,0
04/07/2019 02:30,SCH - HQ_IMPORT_EXPORT,325376,570,1310,-9999
04/07/2019 02:30,SCH - NE - NY,23318,-72.97,600,-800
04/07/2019 02:30,SCH - NPX_1385,325277,25,100,-100
04/07/2019 02:30,SCH - NPX_CSC,325154,0,330,-330
04/07/2019 02:30,SCH - OH - NY,23317,999.76,1300,-1900
04/07/2019 02:30,SCH - PJ - NY,23316,-23.77,2000,-1300
04/07/2019 02:30,SCH - PJM_HTP,325905,0,660,-660
04/07/2019 02:30,SCH - PJM_NEPTUNE,325305,495,660,-660
04/07/2019 02:30,SCH - PJM_VFT,325658,315,315,-315
04/07/2019 02:30,SPR/DUN-SOUTH,23320,1891.24,4600,-9999
04/07/2019 02:30,TOTAL EAST,23314,3131.6,6800,-9999
04/07/2019 02:30,UPNY CONED,23315,2007.71,5700,-9999
04/07/2019 02:30,WEST CENTRAL,23312,500.56,9999,-9999
04/07/2019 02:35,CENTRAL EAST - VC,23330,1715.12,2050,-9999
04/07/2019 02:35,DYSINGER EAST,23326,700.35,3150,-9999
04/07/2019 02:35,MOSES SOUTH,23319,1286.41,3150,-1600
04/07/2019 02:35,SCH - HQ - NY,23324,675,1450,-1000
04/07/2019 02:35,SCH - HQ_CEDARS,325274,100,160,0
04/07/2019 02:35,SCH - HQ_IMPORT_EXPORT,325376,570,1310,-9999
04/07/2019 02:35,SCH - NE - NY,23318,-86.3,600,-800
04/07/2019 02:35,SCH - NPX_1385,325277,25,100,-100
04/07/2019 02:35,SCH - NPX_CSC,325154,0,330,-330
04/07/2019 02:35,SCH - OH - NY,23317,999.62,1300,-1900
04/07/2019 02:35,SCH - PJ - NY,23316,-23.31,2000,-1300
04/07/2019 02:35,SCH - PJM_HTP,325905,0,660,-660
04/07/2019 02:35,SCH - PJM_NEPTUNE,325305,495,660,-660
04/07/2019 02:35,SCH - PJM_VFT,325658,315,315,-315
04/07/2019 02:35,SPR/DUN-SOUTH,23320,1907.31,4600,-9999
04/07/2019 02:35,TOTAL EAST,23314,3130.89,6800,-9999
04/07/2019 02:35,UPNY CONED,23315,2018.86,5700,-9999
04/07/2019 02:35,WEST CENTRAL,23312,539.26,9999,-9999
04/07/2019 02:40,CENTRAL EAST - VC,23330,1719.99,2050,-9999
04/07/2019 02:40,DYSINGER EAST,23326,699.15,3150,-9999
04/07/2019 02:40,MOSES SOUTH,23319,1290.77,3150,-1600
04/07/2019 02:40,SCH - HQ - NY,23324,675,1450,-1000
04/07/2019 02:40,SCH - HQ_CEDARS,325274,100,160,0
04/07/2019 02:40,SCH - HQ_IMPORT_EXPORT,325376,570,1310,-9999
04/07/2019 02:40,SCH - NE - NY,23318,-86.54,600,-800
04/07/2019 02:40,SCH - NPX_1385,325277,25,100,-100
04/07/2019 02:40,SCH - NPX_CSC,325154,0,330,-330
04/07/2019 02:40,SCH - OH - NY,23317,999.43,1300,-1900
04/07/2019 02:40,SCH - PJ - NY,23316,-24.94,2000,-1300
04/07/2019 02:40,SCH - PJM_HTP,325905,0,660,-660
04/07/2019 02:40,SCH - PJM_NEPTUNE,325305,495,660,-660
04/07/2019 02:40,SCH - PJM_VFT,325658,315,315,-315
04/07/2019 02:40,SPR/DUN-SOUTH,23320,1904.95,4600,-9999
04/07/2019 02:40,TOTAL EAST,23314,3134.13,6800,-9999
04/07/2019 02:40,UPNY CONED,23315,2030,5700,-9999
04/07/2019 02:40,WEST CENTRAL,23312,541.29,9999,-9999
04/07/2019 02:45,CENTRAL EAST - VC,23330,1695.56,2050,-9999
04/07/2019 02:45,DYSINGER EAST,23326,661.35,3150,-9999
04/07/2019 02:45,MOSES SOUTH,23319,1273.21,3150,-1600
04/07/2019 02:45,SCH - HQ - NY,23324,675,1450,-1000
04/07/2019 02:45,SCH - HQ_CEDARS,325274,100,160,0
04/07/2019 02:45,SCH - HQ_IMPORT_EXPORT,325376,570,1310,-9999
04/07/2019 02:45,SCH - NE - NY,23318,-106.78,600,-800
04/07/2019 02:45,SCH - NPX_1385,325277,25,100,-100
04/07/2019 02:45,SCH - NPX_CSC,325154,0,330,-330
04/07/2019 02:45,SCH - OH - NY,23317,999.37,1300,-1900
04/07/2019 02:45,SCH - PJ - NY,23316,-22.66,2000,-1300
04/07/2019 02:45,SCH - PJM_HTP,325905,0,660,-660
04/07/2019 02:45,SCH - PJM_NEPTUNE,325305,495,660,-660
04/07/2019 02:45,SCH - PJM_VFT,325658,315,315,-315
04/07/2019 02:45,SPR/DUN-SOUTH,23320,1886.21,4600,-9999
04/07/2019 02:45,TOTAL EAST,23314,3119,6800,-9999
04/07/2019 02:45,UPNY CONED,23315,1991.25,5700,-9999
04/07/2019 02:45,WEST CENTRAL,23312,503.76,9999,-9999
04/07/2019 02:50,CENTRAL EAST - VC,23330,1659.17,2050,-9999
04/07/2019 02:50,DYSINGER EAST,23326,617.91,3150,-9999
04/07/2019 02:50,MOSES SOUTH,23319,1279.15,3150,-1600
04/07/2019 02:50,SCH - HQ - NY,23324,675,1450,-1000
04/07/2019 02:50,SCH - HQ_CEDARS,325274,100,160,0
04/07/2019 02:50,SCH - HQ_IMPORT_EXPORT,325376,570,1310,-9999
04/07/2019 02:50,SCH - NE - NY,23318,-128.05,600,-800
04/07/2019 02:50,SCH - NPX_1385,325277,25,100,-100
04/07/2019 02:50,SCH - NPX_CSC,325154,0,330,-330
04/07/2019 02:50,SCH - OH - NY,23317,999.56,1300,-1900
04/07/2019 02:50,SCH - PJ - NY,23316,-23.57,2000,-1300
04/07/2019 02:50,SCH - PJM_HTP,325905,0,660,-660
04/07/2019 02:50,SCH - PJM_NEPTUNE,325305,495,660,-660
04/07/2019 02:50,SCH - PJM_VFT,325658,315,315,-315
04/07/2019 02:50,SPR/DUN-SOUTH,23320,1855.26,4600,-9999
04/07/2019 02:50,TOTAL EAST,23314,3099.39,6800,-9999
04/07/2019 02:50,UPNY CONED,23315,1943.72,5700,-9999
04/07/2019 02:50,WEST CENTRAL,23312,461.25,9999,-9999
04/07/2019 02:55,CENTRAL EAST - VC,23330,1690.76,2050,-9999
04/07/2019 02:55,DYSINGER EAST,23326,691.15,3150,-9999
04/07/2019 02:55,MOSES SOUTH,23319,1265.22,3150,-1600
04/07/2019 02:55,SCH - HQ - NY,23324,675,1450,-1000
04/07/2019 02:55,SCH - HQ_CEDARS,325274,100,160,0
04/07/2019 02:55,SCH - HQ_IMPORT_EXPORT,325376,570,1310,-9999
04/07/2019 02:55,SCH - NE - NY,23318,-128.01,600,-800
04/07/2019 02:55,SCH - NPX_1385,325277,25,100,-100
04/07/2019 02:55,SCH - NPX_CSC,325154,0,330,-330
04/07/2019 02:55,SCH - OH - NY,23317,999.74,1300,-1900
04/07/2019 02:55,SCH - PJ - NY,23316,-23.59,2000,-1300
04/07/2019 02:55,SCH - PJM_HTP,325905,0,660,-660
04/07/2019 02:55,SCH - PJM_NEPTUNE,325305,495,660,-660
04/07/2019 02:55,SCH - PJM_VFT,325658,315,315,-315
04/07/2019 02:55,SPR/DUN-SOUTH,23320,1849.74,4600,-9999
04/07/2019 02:55,TOTAL EAST,23314,3076.27,6800,-9999
04/07/2019 02:55,UPNY CONED,23315,1934.24,5700,-9999
04/07/2019 02:55,WEST CENTRAL,23312,534.98,9999,-9999
04/07/2019 03:00,CENTRAL EAST - VC,23330,1635.18,2050,-9999
04/07/2019 03:00,DYSINGER EAST,23326,743.13,3150,-9999
04/07/2019 03:00,MOSES SOUTH,23319,1151.9,3150,-1600
04/07/2019 03:00,SCH - HQ - NY,23324,622,1450,-1000
04/07/2019 03:00,SCH - HQ_CEDARS,325274,50,160,0
04/07/2019 03:00,SCH - HQ_IMPORT_EXPORT,325376,517,1310,-9999
04/07/2019 03:00,SCH - NE - NY,23318,-129.01,600,-800
04/07/2019 03:00,SCH - NPX_1385,325277,12,100,-100
04/07/2019 03:00,SCH - NPX_CSC,325154,0,330,-330
04/07/2019 03:00,SCH - OH - NY,23317,999.78,1300,-1900
04/07/2019 03:00,SCH - PJ - NY,23316,-22.6,2000,-1300
04/07/2019 03:00,SCH - PJM_HTP,325905,0,660,-660
04/07/2019 03:00,SCH - PJM_NEPTUNE,325305,495,660,-660
04/07/2019 03:00,SCH - PJM_VFT,325658,315,315,-315
04/07/2019 03:00,SPR/DUN-SOUTH,23320,1823.89,4600,-9999
04/07/2019 03:00,TOTAL EAST,23314,2997.72,6800,-9999
04/07/2019 03:00,UPNY CONED,23315,1910.31,5700,-9999
04/07/2019 03:00,WEST CENTRAL,23312,584.43,9999,-9999
04/07/2019 03:05,CENTRAL EAST - VC,23330,1601.9,2050,-9999
04/07/2019 03:05,DYSINGER EAST,23326,798.27,3150,-9999
04/07/2019 03:05,MOSES SOUTH,23319,1056.68,3150,-1600
04/07/2019 03:05,SCH - HQ - NY,23324,570,1450,-1000
04/07/2019 03:05,SCH - HQ_CEDARS,325274,0,160,0
04/07/2019 03:05,SCH - HQ_IMPORT_EXPORT,325376,465,1310,-9999
04/07/2019 03:05,SCH - NE - NY,23318,-130.11,600,-800
04/07/2019 03:05,SCH - NPX_1385,325277,0,100,-100
04/07/2019 03:05,SCH - NPX_CSC,325154,0,330,-330
04/07/2019 03:05,SCH - OH - NY,23317,999.82,1300,-1900
04/07/2019 03:05,SCH - PJ - NY,23316,-20.39,2000,-1300
04/07/2019 03:05,SCH - PJM_HTP,325905,0,660,-660
04/07/2019 03:05,SCH - PJM_NEPTUNE,325305,495,660,-660
04/07/2019 03:05,SCH - PJM_VFT,325658,315,315,-315
04/07/2019 03:05,SPR/DUN-SOUTH,23320,1769.22,4600,-9999
04/07/2019 03:05,TOTAL EAST,23314,2934.98,6800,-9999
04/07/2019 03:05,UPNY CONED,23315,1866.45,5700,-9999
04/07/2019 03:05,WEST CENTRAL,23312,636.86,9999,-9999
04/07/2019 03:10,CENTRAL EAST - VC,23330,1608.92,2050,-9999
04/07/2019 03:10,DYSINGER EAST,23326,801,3150,-9999
04/07/2019 03:10,MOSES SOUTH,23319,1080.47,3150,-1600
04/07/2019 03:10,SCH - HQ - NY,23324,570,1450,-1000
04/07/2019 03:10,SCH - HQ_CEDARS,325274,0,160,0
04/07/2019 03:10,SCH - HQ_IMPORT_EXPORT,325376,465,1310,-9999
04/07/2019 03:10,SCH - NE - NY,23318,-130.16,600,-800
04/07/2019 03:10,SCH - NPX_1385,325277,0,100,-100
04/07/2019 03:10,SCH - NPX_CSC,325154,0,330,-330
04/07/2019 03:10,SCH - OH - NY,23317,996.91,1300,-1900
04/07/2019 03:10,SCH - PJ - NY,23316,-19.39,2000,-1300
04/07/2019 03:10,SCH - PJM_HTP,325905,0,660,-660
04/07/2019 03:10,SCH - PJM_NEPTUNE,325305,495,660,-660
04/07/2019 03:10,SCH - PJM_VFT,325658,315,315,-315
04/07/2019 03:10,SPR/DUN-SOUTH,23320,1766.99,4600,-9999
04/07/2019 03:10,TOTAL EAST,23314,2941.6,6800,-9999
04/07/2019 03:10,UPNY CONED,23315,1861.13,5700,-9999
04/07/2019 03:10,WEST CENTRAL,23312,638.41,9999,-9999
04/07/2019 03:15,CENTRAL EAST - VC,23330,1569.23,2050,-9999
04/07/2019 03:15,DYSINGER EAST,23326,715.2,3150,-9999
04/07/2019 03:15,MOSES SOUTH,23319,1121.57,3150,-1600
04/07/2019 03:15,SCH - HQ - NY,23324,570,1450,-1000
04/07/2019 03:15,SCH - HQ_CEDARS,325274,0,160,0
04/07/2019 03:15,SCH - HQ_IMPORT_EXPORT,325376,465,1310,-9999
04/07/2019 03:15,SCH - NE - NY,23318,-145.91,600,-800
04/07/2019 03:15,SCH - NPX_1385,325277,0,100,-100
04/07/2019 03:15,SCH - NPX_CSC,325154,0,330,-330
04/07/2019 03:15,SCH - OH - NY,23317,995.52,1300,-1900
04/07/2019 03:15,SCH - PJ - NY,23316,-18.53,2000,-1300
04/07/2019 03:15,SCH - PJM_HTP,325905,0,660,-660
04/07/2019 03:15,SCH - PJM_NEPTUNE,325305,495,660,-660
04/07/2019 03:15,SCH - PJM_VFT,325658,315,315,-315
04/07/2019 03:15,SPR/DUN-SOUTH,23320,1733.8,4600,-9999
04/07/2019 03:15,TOTAL EAST,23314,2941.23,6800,-9999
04/07/2019 03:15,UPNY CONED,23315,1828.62,5700,-9999
04/07/2019 03:15,WEST CENTRAL,23312,554.41,9999,-9999
04/07/2019 03:20,CENTRAL EAST - VC,23330,1603.87,2050,-9999
04/07/2019 03:20,DYSINGER EAST,23326,756.85,3150,-9999
04/07/2019 03:20,MOSES SOUTH,23319,1118.32,3150,-1600
04/07/2019 03:20,SCH - HQ - NY,23324,570,1450,-1000
04/07/2019 03:20,SCH - HQ_CEDARS,325274,0,160,0
04/07/2019 03:20,SCH - HQ_IMPORT_EXPORT,325376,465,1310,-9999
04/07/2019 03:20,SCH - NE - NY,23318,-162.25,600,-800
04/07/2019 03:20,SCH - NPX_1385,325277,0,100,-100
04/07/2019 03:20,SCH - NPX_CSC,325154,0,330,-330
04/07/2019 03:20,SCH - OH - NY,23317,995.42,1300,-1900
04/07/2019 03:20,SCH - PJ - NY,23316,-16.91,2000,-1300
04/07/2019 03:20,SCH - PJM_HTP,325905,0,660,-660
04/07/2019 03:20,SCH - PJM_NEPTUNE,325305,495,660,-660
04/07/2019 03:20,SCH - PJM_VFT,325658,315,315,-315
04/07/2019 03:20,SPR/DUN-SOUTH,23320,1752.87,4600,-9999
04/07/2019 03:20,TOTAL EAST,23314,2959.14,6800,-9999
04/07/2019 03:20,UPNY CONED,23315,1844.56,5700,-9999
04/07/2019 03:20,WEST CENTRAL,23312,595.76,9999,-9999
04/07/2019 03:25,CENTRAL EAST - VC,23330,1591.54,2050,-9999
04/07/2019 03:25,DYSINGER EAST,23326,708.35,3150,-9999
04/07/2019 03:25,MOSES SOUTH,23319,1128.23,3150,-1600
04/07/2019 03:25,SCH - HQ - NY,23324,570,1450,-1000
04/07/2019 03:25,SCH - HQ_CEDARS,325274,0,160,0
04/07/2019 03:25,SCH - HQ_IMPORT_EXPORT,325376,465,1310,-9999
04/07/2019 03:25,SCH - NE - NY,23318,-162.22,600,-800
04/07/2019 03:25,SCH - NPX_1385,325277,0,100,-100
04/07/2019 03:25,SCH - NPX_CSC,325154,0,330,-330
04/07/2019 03:25,SCH - OH - NY,23317,999.69,1300,-1900
04/07/2019 03:25,SCH - PJ - NY,23316,-22.32,2000,-1300
04/07/2019 03:25,SCH - PJM_HTP,325905,0,660,-660
04/07/2019 03:25,SCH - PJM_NEPTUNE,325305,495,660,-660
04/07/2019 03:25,SCH - PJM_VFT,325658,315,315,-315
04/07/2019 03:25,SPR/DUN-SOUTH,23320,1743.73,4600,-9999
04/07/2019 03:25,TOTAL EAST,23314,2968.51,6800,-9999
04/07/2019 03:25,UPNY CONED,23315,1833.49,5700,-9999
04/07/2019 03:25,WEST CENTRAL,23312,545.93,9999,-9999
04/07/2019 03:30,CENTRAL EAST - VC,23330,1607.47,2050,-9999
04/07/2019 03:30,DYSINGER EAST,23326,718.89,3150,-9999
04/07/2019 03:30,MOSES SOUTH,23319,1143.43,3150,-1600
04/07/2019 03:30,SCH - HQ - NY,23324,570,1450,-1000
04/07/2019 03:30,SCH - HQ_CEDARS,325274,0,160,0
04/07/2019 03:30,SCH - HQ_IMPORT_EXPORT,325376,465,1310,-9999
04/07/2019 03:30,SCH - NE - NY,23318,-98.88,600,-800
04/07/2019 03:30,SCH - NPX_1385,325277,0,100,-100
04/07/2019 03:30,SCH - NPX_CSC,325154,0,330,-330
04/07/2019 03:30,SCH - OH - NY,23317,999.68,1300,-1900
04/07/2019 03:30,SCH - PJ - NY,23316,-21.76,2000,-1300
04/07/2019 03:30,SCH - PJM_HTP,325905,0,660,-660
04/07/2019 03:30,SCH - PJM_NEPTUNE,325305,495,660,-660
04/07/2019 03:30,SCH - PJM_VFT,325658,315,315,-315
04/07/2019 03:30,SPR/DUN-SOUTH,23320,1807.99,4600,-9999
04/07/2019 03:30,TOTAL EAST,23314,2951.23,6800,-9999
04/07/2019 03:30,UPNY CONED,23315,1899.86,5700,-9999
04/07/2019 03:30,WEST CENTRAL,23312,556.49,9999,-9999
04/07/2019 03:35,CENTRAL EAST - VC,23330,1557.91,2050,-9999
04/07/2019 03:35,DYSINGER EAST,23326,651.26,3150,-9999
04/07/2019 03:35,MOSES SOUTH,23319,1136.59,3150,-1600
04/07/2019 03:35,SCH - HQ - NY,23324,570,1450,-1000
04/07/2019 03:35,SCH - HQ_CEDARS,325274,0,160,0
04/07/2019 03:35,SCH - HQ_IMPORT_EXPORT,325376,465,1310,-9999
04/07/2019 03:35,SCH - NE - NY,23318,-35.62,600,-800
04/07/2019 03:35,SCH - NPX_1385,325277,0,100,-100
04/07/2019 03:35,SCH - NPX_CSC,325154,0,330,-330
04/07/2019 03:35,SCH - OH - NY,23317,999.59,1300,-1900
04/07/2019 03:35,SCH - PJ - NY,23316,-24.18,2000,-1300
04/07/2019 03:35,SCH - PJM_HTP,325905,0,660,-660
04/07/2019 03:35,SCH - PJM_NEPTUNE,325305,495,660,-660
04/07/2019 03:35,SCH - PJM_VFT,325658,315,315,-315
04/07/2019 03:35,SPR/DUN-SOUTH,23320,1794.03,4600,-9999
04/07/2019 03:35,TOTAL EAST,23314,2886.65,6800,-9999
04/07/2019 03:35,UPNY CONED,23315,1887.91,5700,-9999
04/07/2019 03:35,WEST CENTRAL,23312,487.54,9999,-9999
04/07/2019 03:40,CENTRAL EAST - VC,23330,1537.18,2050,-9999
04/07/2019 03:40,DYSINGER EAST,23326,654.81,3150,-9999
04/07/2019 03:40,MOSES SOUTH,23319,1129.61,3150,-1600
04/07/2019 03:40,SCH - HQ - NY,23324,570,1450,-1000
04/07/2019 03:40,SCH - HQ_CEDARS,325274,0,160,0
04/07/2019 03:40,SCH - HQ_IMPORT_EXPORT,325376,465,1310,-9999
04/07/2019 03:40,SCH - NE - NY,23318,-35.66,600,-800
04/07/2019 03:40,SCH - NPX_1385,325277,0,100,-100
04/07/2019 03:40,SCH - NPX_CSC,325154,0,330,-330
04/07/2019 03:40,SCH - OH - NY,23317,999.69,1300,-1900
04/07/2019 03:40,SCH - PJ - NY,23316,-24.27,2000,-1300
04/07/2019 03:40,SCH - PJM_HTP,325905,0,660,-660
04/07/2019 03:40,SCH - PJM_NEPTUNE,325305,495,660,-660
04/07/2019 03:40,SCH - PJM_VFT,325658,315,315,-315
04/07/2019 03:40,SPR/DUN-SOUTH,23320,1772.95,4600,-9999
04/07/2019 03:40,TOTAL EAST,23314,2882.5,6800,-9999
04/07/2019 03:40,UPNY CONED,23315,1869.23,5700,-9999
04/07/2019 03:40,WEST CENTRAL,23312,488.8,9999,-9999
04/07/2019 03:45,CENTRAL EAST - VC,23330,1575.8,2050,-9999
04/07/2019 03:45,DYSINGER EAST,23326,712.37,3150,-9999
04/07/2019 03:45,MOSES SOUTH,23319,1136.75,3150,-1600
04/07/2019 03:45,SCH - HQ - NY,23324,570,1450,-1000
04/07/2019 03:45,SCH - HQ_CEDARS,325274,0,160,0
04/07/2019 03:45,SCH - HQ_IMPORT_EXPORT,325376,465,1310,-9999
04/07/2019 03:45,SCH - NE - NY,23318,-67.34,600,-800
04/07/2019 03:45,SCH - NPX_1385,325277,0,100,-100
04/07/2019 03:45,SCH - NPX_CSC,325154,0,330,-330
04/07/2019 03:45,SCH - OH - NY,23317,995.36,1300,-1900
04/07/2019 03:45,SCH - PJ - NY,23316,-21.01,2000,-1300
04/07/2019 03:45,SCH - PJM_HTP,325905,0,660,-660
04/07/2019 03:45,SCH - PJM_NEPTUNE,325305,495,660,-660
04/07/2019 03:45,SCH - PJM_VFT,325658,315,315,-315
04/07/2019 03:45,SPR/DUN-SOUTH,23320,1784.43,4600,-9999
04/07/2019 03:45,TOTAL EAST,23314,2902.06,6800,-9999
04/07/2019 03:45,UPNY CONED,23315,1878.76,5700,-9999
04/07/2019 03:45,WEST CENTRAL,23312,544.9,9999,-9999
04/07/2019 03:50,CENTRAL EAST - VC,23330,1607.29,2050,-9999
04/07/2019 03:50,DYSINGER EAST,23326,735.91,3150,-9999
04/07/2019 03:50,MOSES SOUTH,23319,1132.14,3150,-1600
04/07/2019 03:50,SCH - HQ - NY,23324,570,1450,-1000
04/07/2019 03:50,SCH - HQ_CEDARS,325274,0,160,0
04/07/2019 03:50,SCH - HQ_IMPORT_EXPORT,325376,465,1310,-9999
04/07/2019 03:50,SCH - NE - NY,23318,-100.01,600,-800
04/07/2019 03:50,SCH - NPX_1385,325277,0,100,-100
04/07/2019 03:50,SCH - NPX_CSC,325154,0,330,-330
04/07/2019 03:50,SCH - OH - NY,23317,995.33,1300,-1900
04/07/2019 03:50,SCH - PJ - NY,23316,-18.24,2000,-1300
04/07/2019 03:50,SCH - PJM_HTP,325905,0,660,-660
04/07/2019 03:50,SCH - PJM_NEPTUNE,325305,495,660,-660
04/07/2019 03:50,SCH - PJM_VFT,325658,315,315,-315
04/07/2019 03:50,SPR/DUN-SOUTH,23320,1791.61,4600,-9999
04/07/2019 03:50,TOTAL EAST,23314,2931.05,6800,-9999
04/07/2019 03:50,UPNY CONED,23315,1886.67,5700,-9999
04/07/2019 03:50,WEST CENTRAL,23312,566.23,9999,-9999
04/07/2019 03:55,CENTRAL EAST - VC,23330,1583.06,2050,-9999
04/07/2019 03:55,DYSINGER EAST,23326,682.49,3150,-9999
04/07/2019 03:55,MOSES SOUTH,23319,1117.17,3150,-1600
04/07/2019 03:55,SCH - HQ - NY,23324,570,1450,-1000
04/07/2019 03:55,SCH - HQ_CEDARS,325274,0,160,0
04/07/2019 03:55,SCH - HQ_IMPORT_EXPORT,325376,465,1310,-9999
04/07/2019 03:55,SCH - NE - NY,23318,-99.83,600,-800
04/07/2019 03:55,SCH - NPX_1385,325277,0,100,-100
04/07/2019 03:55,SCH - NPX_CSC,325154,0,330,-330
04/07/2019 03:55,SCH - OH - NY,23317,999.69,1300,-1900
04/07/2019 03:55,SCH - PJ - NY,23316,-23.89,2000,-1300
04/07/2019 03:55,SCH - PJM_HTP,325905,0,660,-660
04/07/2019 03:55,SCH - PJM_NEPTUNE,325305,495,660,-660
04/07/2019 03:55,SCH - PJM_VFT,325658,315,315,-315
04/07/2019 03:55,SPR/DUN-SOUTH,23320,1770.46,4600,-9999
04/07/2019 03:55,TOTAL EAST,23314,2919.25,6800,-9999
04/07/2019 03:55,UPNY CONED,23315,1865.43,5700,-9999
04/07/2019 03:55,WEST CENTRAL,23312,511.35,9999,-9999
04/07/2019 04:00,CENTRAL EAST - VC,23330,1659.76,2050,-9999
04/07/2019 04:00,DYSINGER EAST,23326,727.02,3150,-9999
04/07/2019 04:00,MOSES SOUTH,23319,1194.09,3150,-1600
04/07/2019 04:00,SCH - HQ - NY,23324,620,1450,-1000
04/07/2019 04:00,SCH - HQ_CEDARS,325274,21,160,0
04/07/2019 04:00,SCH - HQ_IMPORT_EXPORT,325376,515,1310,-9999
04/07/2019 04:00,SCH - NE - NY,23318,-121.23,600,-800
04/07/2019 04:00,SCH - NPX_1385,325277,0,100,-100
04/07/2019 04:00,SCH - NPX_CSC,325154,0,330,-330
04/07/2019 04:00,SCH - OH - NY,23317,999.73,1300,-1900
04/07/2019 04:00,SCH - PJ - NY,23316,-22.31,2000,-1300
04/07/2019 04:00,SCH - PJM_HTP,325905,0,660,-660
04/07/2019 04:00,SCH - PJM_NEPTUNE,325305,506,660,-660
04/07/2019 04:00,SCH - PJM_VFT,325658,315,315,-315
04/07/2019 04:00,SPR/DUN-SOUTH,23320,1753.32,4600,-9999
04/07/2019 04:00,TOTAL EAST,23314,3004.02,6800,-9999
04/07/2019 04:00,UPNY CONED,23315,1837.32,5700,-9999
04/07/2019 04:00,WEST CENTRAL,23312,555.43,9999,-9999
04/07/2019 04:05,CENTRAL EAST - VC,23330,1663.84,2050,-9999
04/07/2019 04:05,DYSINGER EAST,23326,682.16,3150,-9999
04/07/2019 04:05,MOSES SOUTH,23319,1259.79,3150,-1600
04/07/2019 04:05,SCH - HQ - NY,23324,670,1450,-1000
04/07/2019 04:05,SCH - HQ_CEDARS,325274,43,160,0
04/07/2019 04:05,SCH - HQ_IMPORT_EXPORT,325376,565,1310,-9999
04/07/2019 04:05,SCH - NE - NY,23318,-142.73,600,-800
04/07/2019 04:05,SCH - NPX_1385,325277,0,100,-100
04/07/2019 04:05,SCH - NPX_CSC,325154,0,330,-330
04/07/2019 04:05,SCH - OH - NY,23317,999.54,1300,-1900
04/07/2019 04:05,SCH - PJ - NY,23316,-21.7,2000,-1300
04/07/2019 04:05,SCH - PJM_HTP,325905,0,660,-660
04/07/2019 04:05,SCH - PJM_NEPTUNE,325305,518,660,-660
04/07/2019 04:05,SCH - PJM_VFT,325658,315,315,-315
04/07/2019 04:05,SPR/DUN-SOUTH,23320,1744.43,4600,-9999
04/07/2019 04:05,TOTAL EAST,23314,3035.03,6800,-9999
04/07/2019 04:05,UPNY CONED,23315,1819.41,5700,-9999
04/07/2019 04:05,WEST CENTRAL,23312,510.99,9999,-9999
04/07/2019 04:10,CENTRAL EAST - VC,23330,1681.91,2050,-9999
04/07/2019 04:10,DYSINGER EAST,23326,715.84,3150,-9999
04/07/2019 04:10,MOSES SOUTH,23319,1246.57,3150,-1600
04/07/2019 04:10,SCH - HQ - NY,23324,670,1450,-1000
04/07/2019 04:10,SCH - HQ_CEDARS,325274,43,160,0
04/07/2019 04:10,SCH - HQ_IMPORT_EXPORT,325376,565,1310,-9999
04/07/2019 04:10,SCH - NE - NY,23318,-142.67,600,-800
04/07/2019 04:10,SCH - NPX_1385,325277,0,100,-100
04/07/2019 04:10,SCH - NPX_CSC,325154,0,330,-330
04/07/2019 04:10,SCH - OH - NY,23317,999.64,1300,-1900
04/07/2019 04:10,SCH - PJ - NY,23316,-21.83,2000,-1300
04/07/2019 04:10,SCH - PJM_HTP,325905,0,660,-660
04/07/2019 04:10,SCH - PJM_NEPTUNE,325305,518,660,-660
04/07/2019 04:10,SCH - PJM_VFT,325658,315,315,-315
04/07/2019 04:10,SPR/DUN-SOUTH,23320,1749.96,4600,-9999
04/07/2019 04:10,TOTAL EAST,23314,3014.56,6800,-9999
04/07/2019 04:10,UPNY CONED,23315,1828.63,5700,-9999
04/07/2019 04:10,WEST CENTRAL,23312,544.41,9999,-9999
04/07/2019 04:15,CENTRAL EAST - VC,23330,1661.15,2050,-9999
04/07/2019 04:15,DYSINGER EAST,23326,684.44,3150,-9999
04/07/2019 04:15,MOSES SOUTH,23319,1218.68,3150,-1600
04/07/2019 04:15,SCH - HQ - NY,23324,670,1450,-1000
04/07/2019 04:15,SCH - HQ_CEDARS,325274,43,160,0
04/07/2019 04:15,SCH - HQ_IMPORT_EXPORT,325376,565,1310,-9999
04/07/2019 04:15,SCH - NE - NY,23318,-159.12,600,-800
04/07/2019 04:15,SCH - NPX_1385,325277,0,100,-100
04/07/2019 04:15,SCH - NPX_CSC,325154,0,330,-330
04/07/2019 04:15,SCH - OH - NY,23317,999.55,1300,-1900
04/07/2019 04:15,SCH - PJ - NY,23316,-21.35,2000,-1300
04/07/2019 04:15,SCH - PJM_HTP,325905,0,660,-660
04/07/2019 04:15,SCH - PJM_NEPTUNE,325305,518,660,-660
04/07/2019 04:15,SCH - PJM_VFT,325658,315,315,-315
04/07/2019 04:15,SPR/DUN-SOUTH,23320,1729.93,4600,-9999
04/07/2019 04:15,TOTAL EAST,23314,3024.9,6800,-9999
04/07/2019 04:15,UPNY CONED,23315,1809.81,5700,-9999
04/07/2019 04:15,WEST CENTRAL,23312,512.46,9999,-9999
04/07/2019 04:20,CENTRAL EAST - VC,23330,1671.52,2050,-9999
04/07/2019 04:20,DYSINGER EAST,23326,705.24,3150,-9999
04/07/2019 04:20,MOSES SOUTH,23319,1219.79,3150,-1600
04/07/2019 04:20,SCH - HQ - NY,23324,670,1450,-1000
04/07/2019 04:20,SCH - HQ_CEDARS,325274,43,160,0
04/07/2019 04:20,SCH - HQ_IMPORT_EXPORT,325376,565,1310,-9999
04/07/2019 04:20,SCH - NE - NY,23318,-175.44,600,-800
04/07/2019 04:20,SCH - NPX_1385,325277,0,100,-100
04/07/2019 04:20,SCH - NPX_CSC,325154,0,330,-330
04/07/2019 04:20,SCH - OH - NY,23317,999.65,1300,-1900
04/07/2019 04:20,SCH - PJ - NY,23316,-20.13,2000,-1300
04/07/2019 04:20,SCH - PJM_HTP,325905,0,660,-660
04/07/2019 04:20,SCH - PJM_NEPTUNE,325305,518,660,-660
04/07/2019 04:20,SCH - PJM_VFT,325658,315,315,-315
04/07/2019 04:20,SPR/DUN-SOUTH,23320,1708.47,4600,-9999
04/07/2019 04:20,TOTAL EAST,23314,3004.23,6800,-9999
04/07/2019 04:20,UPNY CONED,23315,1788.48,5700,-9999
04/07/2019 04:20,WEST CENTRAL,23312,533.01,9999,-9999
04/07/2019 04:25,CENTRAL EAST - VC,23330,1673.12,2050,-9999
04/07/2019 04:25,DYSINGER EAST,23326,719.92,3150,-9999
04/07/2019 04:25,MOSES SOUTH,23319,1220.62,3150,-1600
04/07/2019 04:25,SCH - HQ - NY,23324,670,1450,-1000
04/07/2019 04:25,SCH - HQ_CEDARS,325274,43,160,0
04/07/2019 04:25,SCH - HQ_IMPORT_EXPORT,325376,565,1310,-9999
04/07/2019 04:25,SCH - NE - NY,23318,-175.44,600,-800
04/07/2019 04:25,SCH - NPX_1385,325277,0,100,-100
04/07/2019 04:25,SCH - NPX_CSC,325154,0,330,-330
04/07/2019 04:25,SCH - OH - NY,23317,999.72,1300,-1900
04/07/2019 04:25,SCH - PJ - NY,23316,-20.12,2000,-1300
04/07/2019 04:25,SCH - PJM_HTP,325905,0,660,-660
04/07/2019 04:25,SCH - PJM_NEPTUNE,325305,518,660,-660
04/07/2019 04:25,SCH - PJM_VFT,325658,315,315,-315
04/07/2019 04:25,SPR/DUN-SOUTH,23320,1697.92,4600,-9999
04/07/2019 04:25,TOTAL EAST,23314,2986.34,6800,-9999
04/07/2019 04:25,UPNY CONED,23315,1773.26,5700,-9999
04/07/2019 04:25,WEST CENTRAL,23312,545.55,9999,-9999
04/07/2019 04:30,CENTRAL EAST - VC,23330,1648.42,2050,-9999
04/07/2019 04:30,DYSINGER EAST,23326,693.54,3150,-9999
04/07/2019 04:30,MOSES SOUTH,23319,1210.78,3150,-1600
04/07/2019 04:30,SCH - HQ - NY,23324,670,1450,-1000
04/07/2019 04:30,SCH - HQ_CEDARS,325274,43,160,0
04/07/2019 04:30,SCH - HQ_IMPORT_EXPORT,325376,565,1310,-9999
04/07/2019 04:30,SCH - NE - NY,23318,-146.89,600,-800
04/07/2019 04:30,SCH - NPX_1385,325277,0,100,-100
04/07/2019 04:30,SCH - NPX_CSC,325154,0,330,-330
04/07/2019 04:30,SCH - OH - NY,23317,999.57,1300,-1900
04/07/2019 04:30,SCH - PJ - NY,23316,-21.64,2000,-1300
04/07/2019 04:30,SCH - PJM_HTP,325905,0,660,-660
04/07/2019 04:30,SCH - PJM_NEPTUNE,325305,518,660,-660
04/07/2019 04:30,SCH - PJM_VFT,325658,315,315,-315
04/07/2019 04:30,SPR/DUN-SOUTH,23320,1705.25,4600,-9999
04/07/2019 04:30,TOTAL EAST,23314,2972.13,6800,-9999
04/07/2019 04:30,UPNY CONED,23315,1779.94,5700,-9999
04/07/2019 04:30,WEST CENTRAL,23312,518.49,9999,-9999
04/07/2019 04:35,CENTRAL EAST - VC,23330,1656.66,2050,-9999
04/07/2019 04:35,DYSINGER EAST,23326,722.82,3150,-9999
04/07/2019 04:35,MOSES SOUTH,23319,1202.96,3150,-1600
04/07/2019 04:35,SCH - HQ - NY,23324,670,1450,-1000
04/07/2019 04:35,SCH - HQ_CEDARS,325274,43,160,0
04/07/2019 04:35,SCH - HQ_IMPORT_EXPORT,325376,565,1310,-9999
04/07/2019 04:35,SCH - NE - NY,23318,-118.42,600,-800
04/07/2019 04:35,SCH - NPX_1385,325277,0,100,-100
04/07/2019 04:35,SCH - NPX_CSC,325154,0,330,-330
04/07/2019 04:35,SCH - OH - NY,23317,999.58,1300,-1900
04/07/2019 04:35,SCH - PJ - NY,23316,-22.09,2000,-1300
04/07/2019 04:35,SCH - PJM_HTP,325905,0,660,-660
04/07/2019 04:35,SCH - PJM_NEPTUNE,325305,518,660,-660
04/07/2019 04:35,SCH - PJM_VFT,325658,315,315,-315
04/07/2019 04:35,SPR/DUN-SOUTH,23320,1740.84,4600,-9999
04/07/2019 04:35,TOTAL EAST,23314,2960.59,6800,-9999
04/07/2019 04:35,UPNY CONED,23315,1815.62,5700,-9999
04/07/2019 04:35,WEST CENTRAL,23312,546.6,9999,-9999
04/07/2019 04:40,CENTRAL EAST - VC,23330,1654.91,2050,-9999
04/07/2019 04:40,DYSINGER EAST,23326,734.48,3150,-9999
04/07/2019 04:40,MOSES SOUTH,23319,1205.53,3150,-1600
04/07/2019 04:40,SCH - HQ - NY,23324,670,1450,-1000
04/07/2019 04:40,SCH - HQ_CEDARS,325274,43,160,0
04/07/2019 04:40,SCH - HQ_IMPORT_EXPORT,325376,565,1310,-9999
04/07/2019 04:40,SCH - NE - NY,23318,-118.4,600,-800
04/07/2019 04:40,SCH - NPX_1385,325277,0,100,-100
04/07/2019 04:40,SCH - NPX_CSC,325154,0,330,-330
04/07/2019 04:40,SCH - OH - NY,23317,999.68,1300,-1900
04/07/2019 04:40,SCH - PJ - NY,23316,-22.17,2000,-1300
04/07/2019 04:40,SCH - PJM_HTP,325905,0,660,-660
04/07/2019 04:40,SCH - PJM_NEPTUNE,325305,518,660,-660
04/07/2019 04:40,SCH - PJM_VFT,325658,315,315,-315
04/07/2019 04:40,SPR/DUN-SOUTH,23320,1719.54,4600,-9999
04/07/2019 04:40,TOTAL EAST,23314,2945.84,6800,-9999
04/07/2019 04:40,UPNY CONED,23315,1799.37,5700,-9999
04/07/2019 04:40,WEST CENTRAL,23312,557.03,9999,-9999
04/07/2019 04:45,CENTRAL EAST - VC,23330,1659.59,2050,-9999
04/07/2019 04:45,DYSINGER EAST,23326,719.31,3150,-9999
04/07/2019 04:45,MOSES SOUTH,23319,1209.86,3150,-1600
04/07/2019 04:45,SCH - HQ - NY,23324,670,1450,-1000
04/07/2019 04:45,SCH - HQ_CEDARS,325274,43,160,0
04/07/2019 04:45,SCH - HQ_IMPORT_EXPORT,325376,565,1310,-9999
04/07/2019 04:45,SCH - NE - NY,23318,-125.48,600,-800
04/07/2019 04:45,SCH - NPX_1385,325277,0,100,-100
04/07/2019 04:45,SCH - NPX_CSC,325154,0,330,-330
04/07/2019 04:45,SCH - OH - NY,23317,999.67,1300,-1900
04/07/2019 04:45,SCH - PJ - NY,23316,-21.11,2000,-1300
04/07/2019 04:45,SCH - PJM_HTP,325905,0,660,-660
04/07/2019 04:45,SCH - PJM_NEPTUNE,325305,518,660,-660
04/07/2019 04:45,SCH - PJM_VFT,325658,315,315,-315
04/07/2019 04:45,SPR/DUN-SOUTH,23320,1700.36,4600,-9999
04/07/2019 04:45,TOTAL EAST,23314,2952.73,6800,-9999
04/07/2019 04:45,UPNY CONED,23315,1785.77,5700,-9999
04/07/2019 04:45,WEST CENTRAL,23312,540.98,9999,-9999
04/07/2019 04:50,CENTRAL EAST - VC,23330,1646.59,2050,-9999
04/07/2019 04:50,DYSINGER EAST,23326,725.31,3150,-9999
04/07/2019 04:50,MOSES SOUTH,23319,1191.23,3150,-1600
04/07/2019 04:50,SCH - HQ - NY,23324,670,1450,-1000
04/07/2019 04:50,SCH - HQ_CEDARS,325274,43,160,0
04/07/2019 04:50,SCH - HQ_IMPORT_EXPORT,325376,565,1310,-9999
04/07/2019 04:50,SCH - NE - NY,23318,-132.63,600,-800
04/07/2019 04:50,SCH - NPX_1385,325277,0,100,-100
04/07/2019 04:50,SCH - NPX_CSC,325154,0,330,-330
04/07/2019 04:50,SCH - OH - NY,23317,999.69,1300,-1900
04/07/2019 04:50,SCH - PJ - NY,23316,-19.98,2000,-1300
04/07/2019 04:50,SCH - PJM_HTP,325905,0,660,-660
04/07/2019 04:50,SCH - PJM_NEPTUNE,325305,518,660,-660
04/07/2019 04:50,SCH - PJM_VFT,325658,315,315,-315
04/07/2019 04:50,SPR/DUN-SOUTH,23320,1675.36,4600,-9999
04/07/2019 04:50,TOTAL EAST,23314,2944.67,6800,-9999
04/07/2019 04:50,UPNY CONED,23315,1766.37,5700,-9999
04/07/2019 04:50,WEST CENTRAL,23312,544.88,9999,-9999
04/07/2019 04:55,CENTRAL EAST - VC,23330,1663.53,2050,-9999
04/07/2019 04:55,DYSINGER EAST,23326,793.65,3150,-9999
04/07/2019 04:55,MOSES SOUTH,23319,1197.24,3150,-1600
04/07/2019 04:55,SCH - HQ - NY,23324,670,1450,-1000
04/07/2019 04:55,SCH - HQ_CEDARS,325274,43,160,0
04/07/2019 04:55,SCH - HQ_IMPORT_EXPORT,325376,565,1310,-9999
04/07/2019 04:55,SCH - NE - NY,23318,-132.64,600,-800
04/07/2019 04:55,SCH - NPX_1385,325277,0,100,-100
04/07/2019 04:55,SCH - NPX_CSC,325154,0,330,-330
04/07/2019 04:55,SCH - OH - NY,23317,999.73,1300,-1900
04/07/2019 04:55,SCH - PJ - NY,23316,-21.77,2000,-1300
04/07/2019 04:55,SCH - PJM_HTP,325905,0,660,-660
04/07/2019 04:55,SCH - PJM_NEPTUNE,325305,518,660,-660
04/07/2019 04:55,SCH - PJM_VFT,325658,315,315,-315
04/07/2019 04:55,SPR/DUN-SOUTH,23320,1680.6,4600,-9999
04/07/2019 04:55,TOTAL EAST,23314,2957.98,6800,-9999
04/07/2019 04:55,UPNY CONED,23315,1776.85,5700,-9999
04/07/2019 04:55,WEST CENTRAL,23312,609.34,9999,-9999
04/07/2019 05:00,CENTRAL EAST - VC,23330,1633.25,2050,-9999
04/07/2019 05:00,DYSINGER EAST,23326,756.45,2350,-9999
04/07/2019 05:00,MOSES SOUTH,23319,1219.1,3150,-1600
04/07/2019 05:00,SCH - HQ - NY,23324,666,1450,-1000
04/07/2019 05:00,SCH - HQ_CEDARS,325274,71,160,0
04/07/2019 05:00,SCH - HQ_IMPORT_EXPORT,325376,561,1310,-9999
04/07/2019 05:00,SCH - NE - NY,23318,-76.33,600,-800
04/07/2019 05:00,SCH - NPX_1385,325277,0,100,-100
04/07/2019 05:00,SCH - NPX_CSC,325154,0,330,-330
04/07/2019 05:00,SCH - OH - NY,23317,979.8,1300,-1900
04/07/2019 05:00,SCH - PJ - NY,23316,-21.67,2000,-1300
04/07/2019 05:00,SCH - PJM_HTP,325905,0,660,-660
04/07/2019 05:00,SCH - PJM_NEPTUNE,325305,506,660,-660
04/07/2019 05:00,SCH - PJM_VFT,325658,315,315,-315
04/07/2019 05:00,SPR/DUN-SOUTH,23320,1686.47,4600,-9999
04/07/2019 05:00,TOTAL EAST,23314,2904.68,6800,-9999
04/07/2019 05:00,UPNY CONED,23315,1803.35,5700,-9999
04/07/2019 05:00,WEST CENTRAL,23312,564.8,9999,-9999
04/07/2019 05:05,CENTRAL EAST - VC,23330,1640.36,2050,-9999
04/07/2019 05:05,DYSINGER EAST,23326,766.55,2350,-9999
04/07/2019 05:05,MOSES SOUTH,23319,1239.89,3150,-1600
04/07/2019 05:05,SCH - HQ - NY,23324,662,1450,-1000
04/07/2019 05:05,SCH - HQ_CEDARS,325274,100,160,0
04/07/2019 05:05,SCH - HQ_IMPORT_EXPORT,325376,557,1310,-9999
04/07/2019 05:05,SCH - NE - NY,23318,-21.25,600,-800
04/07/2019 05:05,SCH - NPX_1385,325277,0,100,-100
04/07/2019 05:05,SCH - NPX_CSC,325154,0,330,-330
04/07/2019 05:05,SCH - OH - NY,23317,962.56,1300,-1900
04/07/2019 05:05,SCH - PJ - NY,23316,-25.59,2000,-1300
04/07/2019 05:05,SCH - PJM_HTP,325905,0,660,-660
04/07/2019 05:05,SCH - PJM_NEPTUNE,325305,495,660,-660
04/07/2019 05:05,SCH - PJM_VFT,325658,315,315,-315
04/07/2019 05:05,SPR/DUN-SOUTH,23320,1713.43,4600,-9999
04/07/2019 05:05,TOTAL EAST,23314,2893.8,6800,-9999
04/07/2019 05:05,UPNY CONED,23315,1854.43,5700,-9999
04/07/2019 05:05,WEST CENTRAL,23312,570.78,9999,-9999
04/07/2019 05:10,CENTRAL EAST - VC,23330,1615.93,2050,-9999
04/07/2019 05:10,DYSINGER EAST,23326,748.99,2350,-9999
04/07/2019 05:10,MOSES SOUTH,23319,1222.64,3150,-1600
04/07/2019 05:10,SCH - HQ - NY,23324,662,1450,-1000
04/07/2019 05:10,SCH - HQ_CEDARS,325274,100,160,0
04/07/2019 05:10,SCH - HQ_IMPORT_EXPORT,325376,557,1310,-9999
04/07/2019 05:10,SCH - NE - NY,23318,-21.27,600,-800
04/07/2019 05:10,SCH - NPX_1385,325277,0,100,-100
04/07/2019 05:10,SCH - NPX_CSC,325154,0,330,-330
04/07/2019 05:10,SCH - OH - NY,23317,961.16,1300,-1900
04/07/2019 05:10,SCH - PJ - NY,23316,-20.28,2000,-1300
04/07/2019 05:10,SCH - PJM_HTP,325905,0,660,-660
04/07/2019 05:10,SCH - PJM_NEPTUNE,325305,495,660,-660
04/07/2019 05:10,SCH - PJM_VFT,325658,315,315,-315
04/07/2019 05:10,SPR/DUN-SOUTH,23320,1706.1,4600,-9999
04/07/2019 05:10,TOTAL EAST,23314,2923.37,6800,-9999
04/07/2019 05:10,UPNY CONED,23315,1853.83,5700,-9999
04/07/2019 05:10,WEST CENTRAL,23312,551.72,9999,-9999
04/07/2019 05:15,CENTRAL EAST - VC,23330,1609.08,2050,-9999
04/07/2019 05:15,DYSINGER EAST,23326,757.53,2350,-9999
04/07/2019 05:15,MOSES SOUTH,23319,1205.83,3150,-1600
04/07/2019 05:15,SCH - HQ - NY,23324,662,1450,-1000
04/07/2019 05:15,SCH - HQ_CEDARS,325274,100,160,0
04/07/2019 05:15,SCH - HQ_IMPORT_EXPORT,325376,557,1310,-9999
04/07/2019 05:15,SCH - NE - NY,23318,-40.53,600,-800
04/07/2019 05:15,SCH - NPX_1385,325277,0,100,-100
04/07/2019 05:15,SCH - NPX_CSC,325154,0,330,-330
04/07/2019 05:15,SCH - OH - NY,23317,961.49,1300,-1900
04/07/2019 05:15,SCH - PJ - NY,23316,-6.29,2000,-1300
04/07/2019 05:15,SCH - PJM_HTP,325905,0,660,-660
04/07/2019 05:15,SCH - PJM_NEPTUNE,325305,495,660,-660
04/07/2019 05:15,SCH - PJM_VFT,325658,315,315,-315
04/07/2019 05:15,SPR/DUN-SOUTH,23320,1685.61,4600,-9999
04/07/2019 05:15,TOTAL EAST,23314,2941.75,6800,-9999
04/07/2019 05:15,UPNY CONED,23315,1840.79,5700,-9999
04/07/2019 05:15,WEST CENTRAL,23312,556.05,9999,-9999
04/07/2019 05:20,CENTRAL EAST - VC,23330,1627.48,2050,-9999
04/07/2019 05:20,DYSINGER EAST,23326,785.33,2350,-9999
04/07/2019 05:20,MOSES SOUTH,23319,1201.93,3150,-1600
04/07/2019 05:20,SCH - HQ - NY,23324,662,1450,-1000
04/07/2019 05:20,SCH - HQ_CEDARS,325274,100,160,0
04/07/2019 05:20,SCH - HQ_IMPORT_EXPORT,325376,557,1310,-9999
04/07/2019 05:20,SCH - NE - NY,23318,-61.01,600,-800
04/07/2019 05:20,SCH - NPX_1385,325277,0,100,-100
04/07/2019 05:20,SCH - NPX_CSC,325154,0,330,-330
04/07/2019 05:20,SCH - OH - NY,23317,965.77,1300,-1900
04/07/2019 05:20,SCH - PJ - NY,23316,3.65,2000,-1300
04/07/2019 05:20,SCH - PJM_HTP,325905,0,660,-660
04/07/2019 05:20,SCH - PJM_NEPTUNE,325305,495,660,-660
04/07/2019 05:20,SCH - PJM_VFT,325658,315,315,-315
04/07/2019 05:20,SPR/DUN-SOUTH,23320,1712.56,4600,-9999
04/07/2019 05:20,TOTAL EAST,23314,2936.02,6800,-9999
04/07/2019 05:20,UPNY CONED,23315,1874.42,5700,-9999
04/07/2019 05:20,WEST CENTRAL,23312,581.28,9999,-9999
04/07/2019 05:25,CENTRAL EAST - VC,23330,1601.32,2050,-9999
04/07/2019 05:25,DYSINGER EAST,23326,729.26,2350,-9999
04/07/2019 05:25,MOSES SOUTH,23319,1235.33,3150,-1600
04/07/2019 05:25,SCH - HQ - NY,23324,662,1450,-1000
04/07/2019 05:25,SCH - HQ_CEDARS,325274,100,160,0
04/07/2019 05:25,SCH - HQ_IMPORT_EXPORT,325376,557,1310,-9999
04/07/2019 05:25,SCH - NE - NY,23318,-60.99,600,-800
04/07/2019 05:25,SCH - NPX_1385,325277,0,100,-100
04/07/2019 05:25,SCH - NPX_CSC,325154,0,330,-330
04/07/2019 05:25,SCH - OH - NY,23317,965.57,1300,-1900
04/07/2019 05:25,SCH - PJ - NY,23316,11.46,2000,-1300
04/07/2019 05:25,SCH - PJM_HTP,325905,0,660,-660
04/07/2019 05:25,SCH - PJM_NEPTUNE,325305,495,660,-660
04/07/2019 05:25,SCH - PJM_VFT,325658,315,315,-315
04/07/2019 05:25,SPR/DUN-SOUTH,23320,1712.07,4600,-9999
04/07/2019 05:25,TOTAL EAST,23314,2925.07,6800,-9999
04/07/2019 05:25,UPNY CONED,23315,1879.64,5700,-9999
04/07/2019 05:25,WEST CENTRAL,23312,525.82,9999,-9999
04/07/2019 05:30,CENTRAL EAST - VC,23330,1596.92,2050,-9999
04/07/2019 05:30,DYSINGER EAST,23326,742.29,2350,-9999
04/07/2019 05:30,MOSES SOUTH,23319,1223.1,3150,-1600
04/07/2019 05:30,SCH - HQ - NY,23324,662,1450,-1000
04/07/2019 05:30,SCH - HQ_CEDARS,325274,100,160,0
04/07/2019 05:30,SCH - HQ_IMPORT_EXPORT,325376,557,1310,-9999
04/07/2019 05:30,SCH - NE - NY,23318,-40.61,600,-800
04/07/2019 05:30,SCH - NPX_1385,325277,0,100,-100
04/07/2019 05:30,SCH - NPX_CSC,325154,0,330,-330
04/07/2019 05:30,SCH - OH - NY,23317,965.56,1300,-1900
04/07/2019 05:30,SCH - PJ - NY,23316,8.14,2000,-1300
04/07/2019 05:30,SCH - PJM_HTP,325905,0,660,-660
04/07/2019 05:30,SCH - PJM_NEPTUNE,325305,495,660,-660
04/07/2019 05:30,SCH - PJM_VFT,325658,315,315,-315
04/07/2019 05:30,SPR/DUN-SOUTH,23320,1719.72,4600,-9999
04/07/2019 05:30,TOTAL EAST,23314,2907.83,6800,-9999
04/07/2019 05:30,UPNY CONED,23315,1889.81,5700,-9999
04/07/2019 05:30,WEST CENTRAL,23312,538.7,9999,-9999
04/07/2019 05:35,CENTRAL EAST - VC,23330,1593.12,2050,-9999
04/07/2019 05:35,DYSINGER EAST,23326,751.68,2350,-9999
04/07/2019 05:35,MOSES SOUTH,23319,1230.31,3150,-1600
04/07/2019 05:35,SCH - HQ - NY,23324,662,1450,-1000
04/07/2019 05:35,SCH - HQ_CEDARS,325274,100,160,0
04/07/2019 05:35,SCH - HQ_IMPORT_EXPORT,325376,557,1310,-9999
04/07/2019 05:35,SCH - NE - NY,23318,-21.18,600,-800
04/07/2019 05:35,SCH - NPX_1385,325277,0,100,-100
04/07/2019 05:35,SCH - NPX_CSC,325154,0,330,-330
04/07/2019 05:35,SCH - OH - NY,23317,965.67,1300,-1900
04/07/2019 05:35,SCH - PJ - NY,23316,7.61,2000,-1300
04/07/2019 05:35,SCH - PJM_HTP,325905,0,660,-660
04/07/2019 05:35,SCH - PJM_NEPTUNE,325305,495,660,-660
04/07/2019 05:35,SCH - PJM_VFT,325658,315,315,-315
04/07/2019 05:35,SPR/DUN-SOUTH,23320,1729.25,4600,-9999
04/07/2019 05:35,TOTAL EAST,23314,2917.06,6800,-9999
04/07/2019 05:35,UPNY CONED,23315,1905.13,5700,-9999
04/07/2019 05:35,WEST CENTRAL,23312,544.74,9999,-9999
04/07/2019 05:40,CENTRAL EAST - VC,23330,1567.49,2050,-9999
04/07/2019 05:40,DYSINGER EAST,23326,721.06,2350,-9999
04/07/2019 05:40,MOSES SOUTH,23319,1231.65,3150,-1600
04/07/2019 05:40,SCH - HQ - NY,23324,662,1450,-1000
04/07/2019 05:40,SCH - HQ_CEDARS,325274,100,160,0
04/07/2019 05:40,SCH - HQ_IMPORT_EXPORT,325376,557,1310,-9999
04/07/2019 05:40,SCH - NE - NY,23318,-21.23,600,-800
04/07/2019 05:40,SCH - NPX_1385,325277,0,100,-100
04/07/2019 05:40,SCH - NPX_CSC,325154,0,330,-330
04/07/2019 05:40,SCH - OH - NY,23317,961.49,1300,-1900
04/07/2019 05:40,SCH - PJ - NY,23316,9.62,2000,-1300
04/07/2019 05:40,SCH - PJM_HTP,325905,0,660,-660
04/07/2019 05:40,SCH - PJM_NEPTUNE,325305,495,660,-660
04/07/2019 05:40,SCH - PJM_VFT,325658,315,315,-315
04/07/2019 05:40,SPR/DUN-SOUTH,23320,1710.33,4600,-9999
04/07/2019 05:40,TOTAL EAST,23314,2899.57,6800,-9999
04/07/2019 05:40,UPNY CONED,23315,1894.31,5700,-9999
04/07/2019 05:40,WEST CENTRAL,23312,510.74,9999,-9999
04/07/2019 05:45,CENTRAL EAST - VC,23330,1599.09,2050,-9999
04/07/2019 05:45,DYSINGER EAST,23326,800.45,2350,-9999
04/07/2019 05:45,MOSES SOUTH,23319,1219.22,3150,-1600
04/07/2019 05:45,SCH - HQ - NY,23324,662,1450,-1000
04/07/2019 05:45,SCH - HQ_CEDARS,325274,100,160,0
04/07/2019 05:45,SCH - HQ_IMPORT_EXPORT,325376,557,1310,-9999
04/07/2019 05:45,SCH - NE - NY,23318,-36.57,600,-800
04/07/2019 05:45,SCH - NPX_1385,325277,0,100,-100
04/07/2019 05:45,SCH - NPX_CSC,325154,0,330,-330
04/07/2019 05:45,SCH - OH - NY,23317,965.79,1300,-1900
04/07/2019 05:45,SCH - PJ - NY,23316,2.09,2000,-1300
04/07/2019 05:45,SCH - PJM_HTP,325905,0,660,-660
04/07/2019 05:45,SCH - PJM_NEPTUNE,325305,495,660,-660
04/07/2019 05:45,SCH - PJM_VFT,325658,315,315,-315
04/07/2019 05:45,SPR/DUN-SOUTH,23320,1724.73,4600,-9999
04/07/2019 05:45,TOTAL EAST,23314,2930.18,6800,-9999
04/07/2019 05:45,UPNY CONED,23315,1924.15,5700,-9999
04/07/2019 05:45,WEST CENTRAL,23312,585.16,9999,-9999
04/07/2019 05:50,CENTRAL EAST - VC,23330,1642.74,2050,-9999
04/07/2019 05:50,DYSINGER EAST,23326,857.56,2350,-9999
04/07/2019 05:50,MOSES SOUTH,23319,1235.95,3150,-1600
04/07/2019 05:50,SCH - HQ - NY,23324,662,1450,-1000
04/07/2019 05:50,SCH - HQ_CEDARS,325274,100,160,0
04/07/2019 05:50,SCH - HQ_IMPORT_EXPORT,325376,557,1310,-9999
04/07/2019 05:50,SCH - NE - NY,23318,-51.89,600,-800
04/07/2019 05:50,SCH - NPX_1385,325277,0,100,-100
04/07/2019 05:50,SCH - NPX_CSC,325154,0,330,-330
04/07/2019 05:50,SCH - OH - NY,23317,965.77,1300,-1900
04/07/2019 05:50,SCH - PJ - NY,23316,2.76,2000,-1300
04/07/2019 05:50,SCH - PJM_HTP,325905,0,660,-660
04/07/2019 05:50,SCH - PJM_NEPTUNE,325305,495,660,-660
04/07/2019 05:50,SCH - PJM_VFT,325658,315,315,-315
04/07/2019 05:50,SPR/DUN-SOUTH,23320,1730.27,4600,-9999
04/07/2019 05:50,TOTAL EAST,23314,2946.82,6800,-9999
04/07/2019 05:50,UPNY CONED,23315,1933.97,5700,-9999
04/07/2019 05:50,WEST CENTRAL,23312,635.64,9999,-9999
04/07/2019 05:55,CENTRAL EAST - VC,23330,1625.98,2050,-9999
04/07/2019 05:55,DYSINGER EAST,23326,873.79,2350,-9999
04/07/2019 05:55,MOSES SOUTH,23319,1229.58,3150,-1600
04/07/2019 05:55,SCH - HQ - NY,23324,662,1450,-1000
04/07/2019 05:55,SCH - HQ_CEDARS,325274,100,160,0
04/07/2019 05:55,SCH - HQ_IMPORT_EXPORT,325376,557,1310,-9999
04/07/2019 05:55,SCH - NE - NY,23318,-51.89,600,-800
04/07/2019 05:55,SCH - NPX_1385,325277,0,100,-100
04/07/2019 05:55,SCH - NPX_CSC,325154,0,330,-330
04/07/2019 05:55,SCH - OH - NY,23317,965.77,1300,-1900
04/07/2019 05:55,SCH - PJ - NY,23316,4.83,2000,-1300
04/07/2019 05:55,SCH - PJM_HTP,325905,0,660,-660
04/07/2019 05:55,SCH - PJM_NEPTUNE,325305,495,660,-660
04/07/2019 05:55,SCH - PJM_VFT,325658,315,315,-315
04/07/2019 05:55,SPR/DUN-SOUTH,23320,1714.58,4600,-9999
04/07/2019 05:55,TOTAL EAST,23314,2981.66,6800,-9999
04/07/2019 05:55,UPNY CONED,23315,1924.11,5700,-9999
04/07/2019 05:55,WEST CENTRAL,23312,646.21,9999,-9999
04/07/2019 06:00,CENTRAL EAST - VC,23330,1686.3,2050,-9999
04/07/2019 06:00,DYSINGER EAST,23326,975.03,2350,-9999
04/07/2019 06:00,MOSES SOUTH,23319,1259.74,3150,-1600
04/07/2019 06:00,SCH - HQ - NY,23324,687,1450,-1000
04/07/2019 06:00,SCH - HQ_CEDARS,325274,100,160,0
04/07/2019 06:00,SCH - HQ_IMPORT_EXPORT,325376,582,1310,-9999
04/07/2019 06:00,SCH - NE - NY,23318,-30.37,600,-800
04/07/2019 06:00,SCH - NPX_1385,325277,0,100,-100
04/07/2019 06:00,SCH - NPX_CSC,325154,0,330,-330
04/07/2019 06:00,SCH - OH - NY,23317,947.38,1300,-1900
04/07/2019 06:00,SCH - PJ - NY,23316,-8.83,2000,-1300
04/07/2019 06:00,SCH - PJM_HTP,325905,0,660,-660
04/07/2019 06:00,SCH - PJM_NEPTUNE,325305,495,660,-660
04/07/2019 06:00,SCH - PJM_VFT,325658,315,315,-315
04/07/2019 06:00,SPR/DUN-SOUTH,23320,1780.71,4600,-9999
04/07/2019 06:00,TOTAL EAST,23314,3075,6800,-9999
04/07/2019 06:00,UPNY CONED,23315,1999.18,5700,-9999
04/07/2019 06:00,WEST CENTRAL,23312,740.66,9999,-9999
04/07/2019 06:05,CENTRAL EAST - VC,23330,1714.67,2050,-9999
04/07/2019 06:05,DYSINGER EAST,23326,957.02,2350,-9999
04/07/2019 06:05,MOSES SOUTH,23319,1348.11,3150,-1600
04/07/2019 06:05,SCH - HQ - NY,23324,713,1450,-1000
04/07/2019 06:05,SCH - HQ_CEDARS,325274,100,160,0
04/07/2019 06:05,SCH - HQ_IMPORT_EXPORT,325376,608,1310,-9999
04/07/2019 06:05,SCH - NE - NY,23318,-9.91,600,-800
04/07/2019 06:05,SCH - NPX_1385,325277,0,100,-100
04/07/2019 06:05,SCH - NPX_CSC,325154,0,330,-330
04/07/2019 06:05,SCH - OH - NY,23317,932.01,1300,-1900
04/07/2019 06:05,SCH - PJ - NY,23316,-27.14,2000,-1300
04/07/2019 06:05,SCH - PJM_HTP,325905,0,660,-660
04/07/2019 06:05,SCH - PJM_NEPTUNE,325305,495,660,-660
04/07/2019 06:05,SCH - PJM_VFT,325658,315,315,-315
04/07/2019 06:05,SPR/DUN-SOUTH,23320,1801.79,4600,-9999
04/07/2019 06:05,TOTAL EAST,23314,3080.01,6800,-9999
04/07/2019 06:05,UPNY CONED,23315,2036.46,5700,-9999
04/07/2019 06:05,WEST CENTRAL,23312,719.35,9999,-9999
04/07/2019 06:10,CENTRAL EAST - VC,23330,1714.7,2050,-9999
04/07/2019 06:10,DYSINGER EAST,23326,950.22,2350,-9999
04/07/2019 06:10,MOSES SOUTH,23319,1350.59,3150,-1600
04/07/2019 06:10,SCH - HQ - NY,23324,713,1450,-1000
04/07/2019 06:10,SCH - HQ_CEDARS,325274,100,160,0
04/07/2019 06:10,SCH - HQ_IMPORT_EXPORT,325376,608,1310,-9999
04/07/2019 06:10,SCH - NE - NY,23318,-9.96,600,-800
04/07/2019 06:10,SCH - NPX_1385,325277,0,100,-100
04/07/2019 06:10,SCH - NPX_CSC,325154,0,330,-330
04/07/2019 06:10,SCH - OH - NY,23317,933.56,1300,-1900
04/07/2019 06:10,SCH - PJ - NY,23316,-28.6,2000,-1300
04/07/2019 06:10,SCH - PJM_HTP,325905,0,660,-660
04/07/2019 06:10,SCH - PJM_NEPTUNE,325305,495,660,-660
04/07/2019 06:10,SCH - PJM_VFT,325658,315,315,-315
04/07/2019 06:10,SPR/DUN-SOUTH,23320,1795.23,4600,-9999
04/07/2019 06:10,TOTAL EAST,23314,3136.18,6800,-9999
04/07/2019 06:10,UPNY CONED,23315,2040.11,5700,-9999
04/07/2019 06:10,WEST CENTRAL,23312,710.84,9999,-9999
04/07/2019 06:15,CENTRAL EAST - VC,23330,1746.02,2110,-9999
04/07/2019 06:15,DYSINGER EAST,23326,967.46,2350,-9999
04/07/2019 06:15,MOSES SOUTH,23319,1378.36,3150,-1600
04/07/2019 06:15,SCH - HQ - NY,23324,713,1450,-1000
04/07/2019 06:15,SCH - HQ_CEDARS,325274,100,160,0
04/07/2019 06:15,SCH - HQ_IMPORT_EXPORT,325376,608,1310,-9999
04/07/2019 06:15,SCH - NE - NY,23318,.36,600,-800
04/07/2019 06:15,SCH - NPX_1385,325277,0,100,-100
04/07/2019 06:15,SCH - NPX_CSC,325154,0,330,-330
04/07/2019 06:15,SCH - OH - NY,23317,933.5,1300,-1900
04/07/2019 06:15,SCH - PJ - NY,23316,-16.73,2000,-1300
04/07/2019 06:15,SCH - PJM_HTP,325905,0,660,-660
04/07/2019 06:15,SCH - PJM_NEPTUNE,325305,495,660,-660
04/07/2019 06:15,SCH - PJM_VFT,325658,315,315,-315
04/07/2019 06:15,SPR/DUN-SOUTH,23320,1813.05,4600,-9999
04/07/2019 06:15,TOTAL EAST,23314,3157.98,6800,-9999
04/07/2019 06:15,UPNY CONED,23315,2065.55,5700,-9999
04/07/2019 06:15,WEST CENTRAL,23312,726.57,9999,-9999
04/07/2019 06:20,CENTRAL EAST - VC,23330,1752.07,2110,-9999
04/07/2019 06:20,DYSINGER EAST,23326,1073.51,2350,-9999
04/07/2019 06:20,MOSES SOUTH,23319,1288.94,3150,-1600
04/07/2019 06:20,SCH - HQ - NY,23324,713,1450,-1000
04/07/2019 06:20,SCH - HQ_CEDARS,325274,100,160,0
04/07/2019 06:20,SCH - HQ_IMPORT_EXPORT,325376,608,1310,-9999
04/07/2019 06:20,SCH - NE - NY,23318,10.32,600,-800
04/07/2019 06:20,SCH - NPX_1385,325277,0,100,-100
04/07/2019 06:20,SCH - NPX_CSC,325154,0,330,-330
04/07/2019 06:20,SCH - OH - NY,23317,933.71,1300,-1900
04/07/2019 06:20,SCH - PJ - NY,23316,.77,2000,-1300
04/07/2019 06:20,SCH - PJM_HTP,325905,0,660,-660
04/07/2019 06:20,SCH - PJM_NEPTUNE,325305,495,660,-660
04/07/2019 06:20,SCH - PJM_VFT,325658,315,315,-315
04/07/2019 06:20,SPR/DUN-SOUTH,23320,1847.76,4600,-9999
04/07/2019 06:20,TOTAL EAST,23314,3173.18,6800,-9999
04/07/2019 06:20,UPNY CONED,23315,2108.8,5700,-9999
04/07/2019 06:20,WEST CENTRAL,23312,824.19,9999,-9999
04/07/2019 06:25,CENTRAL EAST - VC,23330,1753.68,2110,-9999
04/07/2019 06:25,DYSINGER EAST,23326,1016.55,2350,-9999
04/07/2019 06:25,MOSES SOUTH,23319,1293.54,3150,-1600
04/07/2019 06:25,SCH - HQ - NY,23324,713,1450,-1000
04/07/2019 06:25,SCH - HQ_CEDARS,325274,100,160,0
04/07/2019 06:25,SCH - HQ_IMPORT_EXPORT,325376,608,1310,-9999
04/07/2019 06:25,SCH - NE - NY,23318,10.34,600,-800
04/07/2019 06:25,SCH - NPX_1385,325277,0,100,-100
04/07/2019 06:25,SCH - NPX_CSC,325154,0,330,-330
04/07/2019 06:25,SCH - OH - NY,23317,933.53,1300,-1900
04/07/2019 06:25,SCH - PJ - NY,23316,-.68,2000,-1300
04/07/2019 06:25,SCH - PJM_HTP,325905,0,660,-660
04/07/2019 06:25,SCH - PJM_NEPTUNE,325305,495,660,-660
04/07/2019 06:25,SCH - PJM_VFT,325658,315,315,-315
04/07/2019 06:25,SPR/DUN-SOUTH,23320,1882.92,4600,-9999
04/07/2019 06:25,TOTAL EAST,23314,3225.69,6800,-9999
04/07/2019 06:25,UPNY CONED,23315,2145.47,5700,-9999
04/07/2019 06:25,WEST CENTRAL,23312,767.72,9999,-9999
04/07/2019 06:30,CENTRAL EAST - VC,23330,1768.2,2110,-9999
04/07/2019 06:30,DYSINGER EAST,23326,1009.44,2350,-9999
04/07/2019 06:30,MOSES SOUTH,23319,1301.08,3150,-1600
04/07/2019 06:30,SCH - HQ - NY,23324,713,1450,-1000
04/07/2019 06:30,SCH - HQ_CEDARS,325274,100,160,0
04/07/2019 06:30,SCH - HQ_IMPORT_EXPORT,325376,608,1310,-9999
04/07/2019 06:30,SCH - NE - NY,23318,-22.25,600,-800
04/07/2019 06:30,SCH - NPX_1385,325277,0,100,-100
04/07/2019 06:30,SCH - NPX_CSC,325154,0,330,-330
04/07/2019 06:30,SCH - OH - NY,23317,933.53,1300,-1900
04/07/2019 06:30,SCH - PJ - NY,23316,1.92,2000,-1300
04/07/2019 06:30,SCH - PJM_HTP,325905,0,660,-660
04/07/2019 06:30,SCH - PJM_NEPTUNE,325305,495,660,-660
04/07/2019 06:30,SCH - PJM_VFT,325658,315,315,-315
04/07/2019 06:30,SPR/DUN-SOUTH,23320,1880.87,4600,-9999
04/07/2019 06:30,TOTAL EAST,23314,3258.31,6800,-9999
04/07/2019 06:30,UPNY CONED,23315,2144.87,5700,-9999
04/07/2019 06:30,WEST CENTRAL,23312,765.77,9999,-9999
04/07/2019 06:35,CENTRAL EAST - VC,23330,1771.53,2110,-9999
04/07/2019 06:35,DYSINGER EAST,23326,1013.31,2350,-9999
04/07/2019 06:35,MOSES SOUTH,23319,1285.76,3150,-1600
04/07/2019 06:35,SCH - HQ - NY,23324,713,1450,-1000
04/07/2019 06:35,SCH - HQ_CEDARS,325274,100,160,0
04/07/2019 06:35,SCH - HQ_IMPORT_EXPORT,325376,608,1310,-9999
04/07/2019 06:35,SCH - NE - NY,23318,-54.94,600,-800
04/07/2019 06:35,SCH - NPX_1385,325277,0,100,-100
04/07/2019 06:35,SCH - NPX_CSC,325154,0,330,-330
04/07/2019 06:35,SCH - OH - NY,23317,933.52,1300,-1900
04/07/2019 06:35,SCH - PJ - NY,23316,2.75,2000,-1300
04/07/2019 06:35,SCH - PJM_HTP,325905,0,660,-660
04/07/2019 06:35,SCH - PJM_NEPTUNE,325305,495,660,-660
04/07/2019 06:35,SCH - PJM_VFT,325658,315,315,-315
04/07/2019 06:35,SPR/DUN-SOUTH,23320,1853.55,4600,-9999
04/07/2019 06:35,TOTAL EAST,23314,3263.03,6800,-9999
04/07/2019 06:35,UPNY CONED,23315,2111.91,5700,-9999
04/07/2019 06:35,WEST CENTRAL,23312,771.41,9999,-9999
04/07/2019 06:40,CENTRAL EAST - VC,23330,1771.99,2110,-9999
04/07/2019 06:40,DYSINGER EAST,23326,955.43,2350,-9999
04/07/2019 06:40,MOSES SOUTH,23319,1318.91,3150,-1600
04/07/2019 06:40,SCH - HQ - NY,23324,713,1450,-1000
04/07/2019 06:40,SCH - HQ_CEDARS,325274,100,160,0
04/07/2019 06:40,SCH - HQ_IMPORT_EXPORT,325376,608,1310,-9999
04/07/2019 06:40,SCH - NE - NY,23318,-54.65,600,-800
04/07/2019 06:40,SCH - NPX_1385,325277,0,100,-100
04/07/2019 06:40,SCH - NPX_CSC,325154,0,330,-330
04/07/2019 06:40,SCH - OH - NY,23317,933.46,1300,-1900
04/07/2019 06:40,SCH - PJ - NY,23316,-.87,2000,-1300
04/07/2019 06:40,SCH - PJM_HTP,325905,0,660,-660
04/07/2019 06:40,SCH - PJM_NEPTUNE,325305,495,660,-660
04/07/2019 06:40,SCH - PJM_VFT,325658,315,315,-315
04/07/2019 06:40,SPR/DUN-SOUTH,23320,1881.59,4600,-9999
04/07/2019 06:40,TOTAL EAST,23314,3310.65,6800,-9999
04/07/2019 06:40,UPNY CONED,23315,2137.82,5700,-9999
04/07/2019 06:40,WEST CENTRAL,23312,713.82,9999,-9999
04/07/2019 06:45,CENTRAL EAST - VC,23330,1774.78,2110,-9999
04/07/2019 06:45,DYSINGER EAST,23326,912.3,2350,-9999
04/07/2019 06:45,MOSES SOUTH,23319,1332.13,3150,-1600
04/07/2019 06:45,SCH - HQ - NY,23324,713,1450,-1000
04/07/2019 06:45,SCH - HQ_CEDARS,325274,100,160,0
04/07/2019 06:45,SCH - HQ_IMPORT_EXPORT,325376,608,1310,-9999
04/07/2019 06:45,SCH - NE - NY,23318,-59.66,600,-800
04/07/2019 06:45,SCH - NPX_1385,325277,0,100,-100
04/07/2019 06:45,SCH - NPX_CSC,325154,0,330,-330
04/07/2019 06:45,SCH - OH - NY,23317,933.48,1300,-1900
04/07/2019 06:45,SCH - PJ - NY,23316,-14.07,2000,-1300
04/07/2019 06:45,SCH - PJM_HTP,325905,0,660,-660
04/07/2019 06:45,SCH - PJM_NEPTUNE,325305,495,660,-660
04/07/2019 06:45,SCH - PJM_VFT,325658,315,315,-315
04/07/2019 06:45,SPR/DUN-SOUTH,23320,1855.96,4600,-9999
04/07/2019 06:45,TOTAL EAST,23314,3265.71,6800,-9999
04/07/2019 06:45,UPNY CONED,23315,2109.71,5700,-9999
04/07/2019 06:45,WEST CENTRAL,23312,672.19,9999,-9999
04/07/2019 06:50,CENTRAL EAST - VC,23330,1772.57,2110,-9999
04/07/2019 06:50,DYSINGER EAST,23326,900.69,2350,-9999
04/07/2019 06:50,MOSES SOUTH,23319,1338.65,3150,-1600
04/07/2019 06:50,SCH - HQ - NY,23324,713,1450,-1000
04/07/2019 06:50,SCH - HQ_CEDARS,325274,100,160,0
04/07/2019 06:50,SCH - HQ_IMPORT_EXPORT,325376,608,1310,-9999
04/07/2019 06:50,SCH - NE - NY,23318,-65.75,600,-800
04/07/2019 06:50,SCH - NPX_1385,325277,0,100,-100
04/07/2019 06:50,SCH - NPX_CSC,325154,0,330,-330
04/07/2019 06:50,SCH - OH - NY,23317,933.5,1300,-1900
04/07/2019 06:50,SCH - PJ - NY,23316,-29.04,2000,-1300
04/07/2019 06:50,SCH - PJM_HTP,325905,0,660,-660
04/07/2019 06:50,SCH - PJM_NEPTUNE,325305,495,660,-660
04/07/2019 06:50,SCH - PJM_VFT,325658,315,315,-315
04/07/2019 06:50,SPR/DUN-SOUTH,23320,1836.44,4600,-9999
04/07/2019 06:50,TOTAL EAST,23314,3238.63,6800,-9999
04/07/2019 06:50,UPNY CONED,23315,2089.03,5700,-9999
04/07/2019 06:50,WEST CENTRAL,23312,658.87,9999,-9999
04/07/2019 06:55,CENTRAL EAST - VC,23330,1755.18,2110,-9999
04/07/2019 06:55,DYSINGER EAST,23326,884.65,2350,-9999
04/07/2019 06:55,MOSES SOUTH,23319,1341.23,3150,-1600
04/07/2019 06:55,SCH - HQ - NY,23324,713,1450,-1000
04/07/2019 06:55,SCH - HQ_CEDARS,325274,100,160,0
04/07/2019 06:55,SCH - HQ_IMPORT_EXPORT,325376,608,1310,-9999
04/07/2019 06:55,SCH - NE - NY,23318,-65.78,600,-800
04/07/2019 06:55,SCH - NPX_1385,325277,0,100,-100
04/07/2019 06:55,SCH - NPX_CSC,325154,0,330,-330
04/07/2019 06:55,SCH - OH - NY,23317,933.62,1300,-1900
04/07/2019 06:55,SCH - PJ - NY,23316,-28.89,2000,-1300
04/07/2019 06:55,SCH - PJM_HTP,325905,0,660,-660
04/07/2019 06:55,SCH - PJM_NEPTUNE,325305,495,660,-660
04/07/2019 06:55,SCH - PJM_VFT,325658,315,315,-315
04/07/2019 06:55,SPR/DUN-SOUTH,23320,1807.22,4600,-9999
04/07/2019 06:55,TOTAL EAST,23314,3165.23,6800,-9999
04/07/2019 06:55,UPNY CONED,23315,2060.8,5700,-9999
04/07/2019 06:55,WEST CENTRAL,23312,641.41,9999,-9999
04/07/2019 07:00,CENTRAL EAST - VC,23330,1836.57,2110,-9999
04/07/2019 07:00,DYSINGER EAST,23326,952.11,2350,-9999
04/07/2019 07:00,MOSES SOUTH,23319,1367.43,3150,-1600
04/07/2019 07:00,SCH - HQ - NY,23324,738,1450,-1000
04/07/2019 07:00,SCH - HQ_CEDARS,325274,100,160,0
04/07/2019 07:00,SCH - HQ_IMPORT_EXPORT,325376,633,1310,-9999
04/07/2019 07:00,SCH - NE - NY,23318,-97.35,600,-800
04/07/2019 07:00,SCH - NPX_1385,325277,0,100,-100
04/07/2019 07:00,SCH - NPX_CSC,325154,0,330,-330
04/07/2019 07:00,SCH - OH - NY,23317,966.54,1300,-1900
04/07/2019 07:00,SCH - PJ - NY,23316,.37,2000,-1300
04/07/2019 07:00,SCH - PJM_HTP,325905,0,660,-660
04/07/2019 07:00,SCH - PJM_NEPTUNE,325305,495,660,-660
04/07/2019 07:00,SCH - PJM_VFT,325658,315,315,-315
04/07/2019 07:00,SPR/DUN-SOUTH,23320,1887.2,4600,-9999
04/07/2019 07:00,TOTAL EAST,23314,3278.79,6800,-9999
04/07/2019 07:00,UPNY CONED,23315,2139.37,5700,-9999
04/07/2019 07:00,WEST CENTRAL,23312,709.01,9999,-9999
04/07/2019 07:05,CENTRAL EAST - VC,23330,1833.55,2110,-9999
04/07/2019 07:05,DYSINGER EAST,23326,1014.75,2350,-9999
04/07/2019 07:05,MOSES SOUTH,23319,1335.55,3150,-1600
04/07/2019 07:05,SCH - HQ - NY,23324,764,1450,-1000
04/07/2019 07:05,SCH - HQ_CEDARS,325274,100,160,0
04/07/2019 07:05,SCH - HQ_IMPORT_EXPORT,325376,659,1310,-9999
04/07/2019 07:05,SCH - NE - NY,23318,-128.96,600,-800
04/07/2019 07:05,SCH - NPX_1385,325277,0,100,-100
04/07/2019 07:05,SCH - NPX_CSC,325154,0,330,-330
04/07/2019 07:05,SCH - OH - NY,23317,999.54,1300,-1900
04/07/2019 07:05,SCH - PJ - NY,23316,28.38,2000,-1300
04/07/2019 07:05,SCH - PJM_HTP,325905,0,660,-660
04/07/2019 07:05,SCH - PJM_NEPTUNE,325305,495,660,-660
04/07/2019 07:05,SCH - PJM_VFT,325658,315,315,-315
04/07/2019 07:05,SPR/DUN-SOUTH,23320,1864.85,4600,-9999
04/07/2019 07:05,TOTAL EAST,23314,3329.52,6800,-9999
04/07/2019 07:05,UPNY CONED,23315,2133.6,5700,-9999
04/07/2019 07:05,WEST CENTRAL,23312,766.96,9999,-9999
04/07/2019 07:10,CENTRAL EAST - VC,23330,1801.36,2110,-9999
04/07/2019 07:10,DYSINGER EAST,23326,955.15,2350,-9999
04/07/2019 07:10,MOSES SOUTH,23319,1357.97,3150,-1600
04/07/2019 07:10,SCH - HQ - NY,23324,764,1450,-1000
04/07/2019 07:10,SCH - HQ_CEDARS,325274,100,160,0
04/07/2019 07:10,SCH - HQ_IMPORT_EXPORT,325376,659,1310,-9999
04/07/2019 07:10,SCH - NE - NY,23318,-128.96,600,-800
04/07/2019 07:10,SCH - NPX_1385,325277,0,100,-100
04/07/2019 07:10,SCH - NPX_CSC,325154,0,330,-330
04/07/2019 07:10,SCH - OH - NY,23317,999.33,1300,-1900
04/07/2019 07:10,SCH - PJ - NY,23316,27.14,2000,-1300
04/07/2019 07:10,SCH - PJM_HTP,325905,0,660,-660
04/07/2019 07:10,SCH - PJM_NEPTUNE,325305,495,660,-660
04/07/2019 07:10,SCH - PJM_VFT,325658,315,315,-315
04/07/2019 07:10,SPR/DUN-SOUTH,23320,1838.03,4600,-9999
04/07/2019 07:10,TOTAL EAST,23314,3330.36,6800,-9999
04/07/2019 07:10,UPNY CONED,23315,2118.36,5700,-9999
04/07/2019 07:10,WEST CENTRAL,23312,704.83,9999,-9999
04/07/2019 07:15,CENTRAL EAST - VC,23330,1823.69,2110,-9999
04/07/2019 07:15,DYSINGER EAST,23326,912.03,2350,-9999
04/07/2019 07:15,MOSES SOUTH,23319,1394.53,3150,-1600
04/07/2019 07:15,SCH - HQ - NY,23324,764,1450,-1000
04/07/2019 07:15,SCH - HQ_CEDARS,325274,100,160,0
04/07/2019 07:15,SCH - HQ_IMPORT_EXPORT,325376,659,1310,-9999
04/07/2019 07:15,SCH - NE - NY,23318,-120.7,600,-800
04/07/2019 07:15,SCH - NPX_1385,325277,0,100,-100
04/07/2019 07:15,SCH - NPX_CSC,325154,0,330,-330
04/07/2019 07:15,SCH - OH - NY,23317,999.22,1300,-1900
04/07/2019 07:15,SCH - PJ - NY,23316,25.77,2000,-1300
04/07/2019 07:15,SCH - PJM_HTP,325905,0,660,-660
04/07/2019 07:15,SCH - PJM_NEPTUNE,325305,495,660,-660
04/07/2019 07:15,SCH - PJM_VFT,325658,315,315,-315
04/07/2019 07:15,SPR/DUN-SOUTH,23320,1859.15,4600,-9999
04/07/2019 07:15,TOTAL EAST,23314,3361.15,6800,-9999
04/07/2019 07:15,UPNY CONED,23315,2148.06,5700,-9999
04/07/2019 07:15,WEST CENTRAL,23312,664.29,9999,-9999
04/07/2019 07:20,CENTRAL EAST - VC,23330,1871.88,2110,-9999
04/07/2019 07:20,DYSINGER EAST,23326,894.3,2350,-9999
04/07/2019 07:20,MOSES SOUTH,23319,1443.1,3150,-1600
04/07/2019 07:20,SCH - HQ - NY,23324,764,1450,-1000
04/07/2019 07:20,SCH - HQ_CEDARS,325274,100,160,0
04/07/2019 07:20,SCH - HQ_IMPORT_EXPORT,325376,659,1310,-9999
04/07/2019 07:20,SCH - NE - NY,23318,-113.44,600,-800
04/07/2019 07:20,SCH - NPX_1385,325277,0,100,-100
04/07/2019 07:20,SCH - NPX_CSC,325154,0,330,-330
04/07/2019 07:20,SCH - OH - NY,23317,999.03,1300,-1900
04/07/2019 07:20,SCH - PJ - NY,23316,25.56,2000,-1300
04/07/2019 07:20,SCH - PJM_HTP,325905,0,660,-660
04/07/2019 07:20,SCH - PJM_NEPTUNE,325305,495,660,-660
04/07/2019 07:20,SCH - PJM_VFT,325658,315,315,-315
04/07/2019 07:20,SPR/DUN-SOUTH,23320,1881.65,4600,-9999
04/07/2019 07:20,TOTAL EAST,23314,3383.87,6800,-9999
04/07/2019 07:20,UPNY CONED,23315,2182.39,5700,-9999
04/07/2019 07:20,WEST CENTRAL,23312,644.23,9999,-9999
04/07/2019 07:25,CENTRAL EAST - VC,23330,1863.11,2110,-9999
04/07/2019 07:25,DYSINGER EAST,23326,889.33,2350,-9999
04/07/2019 07:25,MOSES SOUTH,23319,1423.26,3150,-1600
04/07/2019 07:25,SCH - HQ - NY,23324,764,1450,-1000
04/07/2019 07:25,SCH - HQ_CEDARS,325274,100,160,0
04/07/2019 07:25,SCH - HQ_IMPORT_EXPORT,325376,659,1310,-9999
04/07/2019 07:25,SCH - NE - NY,23318,-113.5,600,-800
04/07/2019 07:25,SCH - NPX_1385,325277,0,100,-100
04/07/2019 07:25,SCH - NPX_CSC,325154,0,330,-330
04/07/2019 07:25,SCH - OH - NY,23317,999.06,1300,-1900
04/07/2019 07:25,SCH - PJ - NY,23316,25.63,2000,-1300
04/07/2019 07:25,SCH - PJM_HTP,325905,0,660,-660
04/07/2019 07:25,SCH - PJM_NEPTUNE,325305,495,660,-660
04/07/2019 07:25,SCH - PJM_VFT,325658,315,315,-315
04/07/2019 07:25,SPR/DUN-SOUTH,23320,1878.84,4600,-9999
04/07/2019 07:25,TOTAL EAST,23314,3421.5,6800,-9999
04/07/2019 07:25,UPNY CONED,23315,2184.67,5700,-9999
04/07/2019 07:25,WEST CENTRAL,23312,635.45,9999,-9999
04/07/2019 07:30,CENTRAL EAST - VC,23330,1865.32,2110,-9999
04/07/2019 07:30,DYSINGER EAST,23326,906.5,2350,-9999
04/07/2019 07:30,MOSES SOUTH,23319,1419.26,3150,-1600
04/07/2019 07:30,SCH - HQ - NY,23324,764,1450,-1000
04/07/2019 07:30,SCH - HQ_CEDARS,325274,100,160,0
04/07/2019 07:30,SCH - HQ_IMPORT_EXPORT,325376,659,1310,-9999
04/07/2019 07:30,SCH - NE - NY,23318,-120.68,600,-800
04/07/2019 07:30,SCH - NPX_1385,325277,0,100,-100
04/07/2019 07:30,SCH - NPX_CSC,325154,0,330,-330
04/07/2019 07:30,SCH - OH - NY,23317,999.12,1300,-1900
04/07/2019 07:30,SCH - PJ - NY,23316,25.85,2000,-1300
04/07/2019 07:30,SCH - PJM_HTP,325905,0,660,-660
04/07/2019 07:30,SCH - PJM_NEPTUNE,325305,495,660,-660
04/07/2019 07:30,SCH - PJM_VFT,325658,315,315,-315
04/07/2019 07:30,SPR/DUN-SOUTH,23320,1904.51,4600,-9999
04/07/2019 07:30,TOTAL EAST,23314,3415.77,6800,-9999
04/07/2019 07:30,UPNY CONED,23315,2213.28,5700,-9999
04/07/2019 07:30,WEST CENTRAL,23312,651.02,9999,-9999
04/07/2019 07:35,CENTRAL EAST - VC,23330,1868.62,2110,-9999
04/07/2019 07:35,DYSINGER EAST,23326,918.71,2350,-9999
04/07/2019 07:35,MOSES SOUTH,23319,1395.23,3150,-1600
04/07/2019 07:35,SCH - HQ - NY,23324,764,1450,-1000
04/07/2019 07:35,SCH - HQ_CEDARS,325274,100,160,0
04/07/2019 07:35,SCH - HQ_IMPORT_EXPORT,325376,659,1310,-9999
04/07/2019 07:35,SCH - NE - NY,23318,-128.87,600,-800
04/07/2019 07:35,SCH - NPX_1385,325277,0,100,-100
04/07/2019 07:35,SCH - NPX_CSC,325154,0,330,-330
04/07/2019 07:35,SCH - OH - NY,23317,999.11,1300,-1900
04/07/2019 07:35,SCH - PJ - NY,23316,27.29,2000,-1300
04/07/2019 07:35,SCH - PJM_HTP,325905,0,660,-660
04/07/2019 07:35,SCH - PJM_NEPTUNE,325305,495,660,-660
04/07/2019 07:35,SCH - PJM_VFT,325658,315,315,-315
04/07/2019 07:35,SPR/DUN-SOUTH,23320,1912.89,4600,-9999
04/07/2019 07:35,TOTAL EAST,23314,3456.15,6800,-9999
04/07/2019 07:35,UPNY CONED,23315,2226.55,5700,-9999
04/07/2019 07:35,WEST CENTRAL,23312,657.67,9999,-9999
04/07/2019 07:40,CENTRAL EAST - VC,23330,1840.34,2110,-9999
04/07/2019 07:40,DYSINGER EAST,23326,875.29,2350,-9999
04/07/2019 07:40,MOSES SOUTH,23319,1393.38,3150,-1600
04/07/2019 07:40,SCH - HQ - NY,23324,764,1450,-1000
04/07/2019 07:40,SCH - HQ_CEDARS,325274,100,160,0
04/07/2019 07:40,SCH - HQ_IMPORT_EXPORT,325376,659,1310,-9999
04/07/2019 07:40,SCH - NE - NY,23318,-128.86,600,-800
04/07/2019 07:40,SCH - NPX_1385,325277,0,100,-100
04/07/2019 07:40,SCH - NPX_CSC,325154,0,330,-330
04/07/2019 07:40,SCH - OH - NY,23317,999.1,1300,-1900
04/07/2019 07:40,SCH - PJ - NY,23316,26,2000,-1300
04/07/2019 07:40,SCH - PJM_HTP,325905,0,660,-660
04/07/2019 07:40,SCH - PJM_NEPTUNE,325305,495,660,-660
04/07/2019 07:40,SCH - PJM_VFT,325658,315,315,-315
04/07/2019 07:40,SPR/DUN-SOUTH,23320,1890.1,4600,-9999
04/07/2019 07:40,TOTAL EAST,23314,3430.6,6800,-9999
04/07/2019 07:40,UPNY CONED,23315,2205.01,5700,-9999
04/07/2019 07:40,WEST CENTRAL,23312,612.94,9999,-9999
04/07/2019 07:45,CENTRAL EAST - VC,23330,1812.05,2110,-9999
04/07/2019 07:45,DYSINGER EAST,23326,853.21,2350,-9999
04/07/2019 07:45,MOSES SOUTH,23319,1402.42,3150,-1600
04/07/2019 07:45,SCH - HQ - NY,23324,764,1450,-1000
04/07/2019 07:45,SCH - HQ_CEDARS,325274,100,160,0
04/07/2019 07:45,SCH - HQ_IMPORT_EXPORT,325376,659,1310,-9999
04/07/2019 07:45,SCH - NE - NY,23318,-57.41,600,-800
04/07/2019 07:45,SCH - NPX_1385,325277,0,100,-100
04/07/2019 07:45,SCH - NPX_CSC,325154,0,330,-330
04/07/2019 07:45,SCH - OH - NY,23317,999.06,1300,-1900
04/07/2019 07:45,SCH - PJ - NY,23316,25.29,2000,-1300
04/07/2019 07:45,SCH - PJM_HTP,325905,0,660,-660
04/07/2019 07:45,SCH - PJM_NEPTUNE,325305,495,660,-660
04/07/2019 07:45,SCH - PJM_VFT,325658,315,315,-315
04/07/2019 07:45,SPR/DUN-SOUTH,23320,1918.69,4600,-9999
04/07/2019 07:45,TOTAL EAST,23314,3397.85,6800,-9999
04/07/2019 07:45,UPNY CONED,23315,2241.1,5700,-9999
04/07/2019 07:45,WEST CENTRAL,23312,588.7,9999,-9999
04/07/2019 07:50,CENTRAL EAST - VC,23330,1770.96,2110,-9999
04/07/2019 07:50,DYSINGER EAST,23326,892.03,2350,-9999
04/07/2019 07:50,MOSES SOUTH,23319,1388.66,3150,-1600
04/07/2019 07:50,SCH - HQ - NY,23324,764,1450,-1000
04/07/2019 07:50,SCH - HQ_CEDARS,325274,100,160,0
04/07/2019 07:50,SCH - HQ_IMPORT_EXPORT,325376,659,1310,-9999
04/07/2019 07:50,SCH - NE - NY,23318,14.02,600,-800
04/07/2019 07:50,SCH - NPX_1385,325277,0,100,-100
04/07/2019 07:50,SCH - NPX_CSC,325154,0,330,-330
04/07/2019 07:50,SCH - OH - NY,23317,999.02,1300,-1900
04/07/2019 07:50,SCH - PJ - NY,23316,21.92,2000,-1300
04/07/2019 07:50,SCH - PJM_HTP,325905,0,660,-660
04/07/2019 07:50,SCH - PJM_NEPTUNE,325305,495,660,-660
04/07/2019 07:50,SCH - PJM_VFT,325658,315,315,-315
04/07/2019 07:50,SPR/DUN-SOUTH,23320,1956.8,4600,-9999
04/07/2019 07:50,TOTAL EAST,23314,3375.43,6800,-9999
04/07/2019 07:50,UPNY CONED,23315,2287.14,5700,-9999
04/07/2019 07:50,WEST CENTRAL,23312,618.8,9999,-9999
04/07/2019 07:55,CENTRAL EAST - VC,23330,1725.17,2110,-9999
04/07/2019 07:55,DYSINGER EAST,23326,843.18,2350,-9999
04/07/2019 07:55,MOSES SOUTH,23319,1394.02,3150,-1600
04/07/2019 07:55,SCH - HQ - NY,23324,764,1450,-1000
04/07/2019 07:55,SCH - HQ_CEDARS,325274,100,160,0
04/07/2019 07:55,SCH - HQ_IMPORT_EXPORT,325376,659,1310,-9999
04/07/2019 07:55,SCH - NE - NY,23318,13.89,600,-800
04/07/2019 07:55,SCH - NPX_1385,325277,0,100,-100
04/07/2019 07:55,SCH - NPX_CSC,325154,0,330,-330
04/07/2019 07:55,SCH - OH - NY,23317,999.05,1300,-1900
04/07/2019 07:55,SCH - PJ - NY,23316,25.75,2000,-1300
04/07/2019 07:55,SCH - PJM_HTP,325905,0,660,-660
04/07/2019 07:55,SCH - PJM_NEPTUNE,325305,495,660,-660
04/07/2019 07:55,SCH - PJM_VFT,325658,315,315,-315
04/07/2019 07:55,SPR/DUN-SOUTH,23320,1975.76,4600,-9999
04/07/2019 07:55,TOTAL EAST,23314,3322.44,6800,-9999
04/07/2019 07:55,UPNY CONED,23315,2309.49,5700,-9999
04/07/2019 07:55,WEST CENTRAL,23312,564.68,9999,-9999
04/07/2019 08:00,CENTRAL EAST - VC,23330,1848.71,2110,-9999
04/07/2019 08:00,DYSINGER EAST,23326,922.96,2350,-9999
04/07/2019 08:00,MOSES SOUTH,23319,1620.9,3150,-1600
04/07/2019 08:00,SCH - HQ - NY,23324,1036,1450,-1000
04/07/2019 08:00,SCH - HQ_CEDARS,325274,100,160,0
04/07/2019 08:00,SCH - HQ_IMPORT_EXPORT,325376,931,1310,-9999
04/07/2019 08:00,SCH - NE - NY,23318,-39.27,600,-800
04/07/2019 08:00,SCH - NPX_1385,325277,10,100,-100
04/07/2019 08:00,SCH - NPX_CSC,325154,0,330,-330
04/07/2019 08:00,SCH - OH - NY,23317,988.27,1300,-1900
04/07/2019 08:00,SCH - PJ - NY,23316,23.87,2000,-1300
04/07/2019 08:00,SCH - PJM_HTP,325905,0,660,-660
04/07/2019 08:00,SCH - PJM_NEPTUNE,325305,495,660,-660
04/07/2019 08:00,SCH - PJM_VFT,325658,184,315,-315
04/07/2019 08:00,SPR/DUN-SOUTH,23320,2203.14,4600,-9999
04/07/2019 08:00,TOTAL EAST,23314,3490.92,6800,-9999
04/07/2019 08:00,UPNY CONED,23315,2514.16,5700,-9999
04/07/2019 08:00,WEST CENTRAL,23312,636.95,9999,-9999
04/07/2019 08:05,CENTRAL EAST - VC,23330,1879.01,2110,-9999
04/07/2019 08:05,DYSINGER EAST,23326,781.59,2350,-9999
04/07/2019 08:05,MOSES SOUTH,23319,1935.33,3150,-1600
04/07/2019 08:05,SCH - HQ - NY,23324,1308,1450,-1000
04/07/2019 08:05,SCH - HQ_CEDARS,325274,100,160,0
04/07/2019 08:05,SCH - HQ_IMPORT_EXPORT,325376,1203,1310,-9999
04/07/2019 08:05,SCH - NE - NY,23318,-93.44,600,-800
04/07/2019 08:05,SCH - NPX_1385,325277,20,100,-100
04/07/2019 08:05,SCH - NPX_CSC,325154,0,330,-330
04/07/2019 08:05,SCH - OH - NY,23317,978.23,1300,-1900
04/07/2019 08:05,SCH - PJ - NY,23316,23.48,2000,-1300
04/07/2019 08:05,SCH - PJM_HTP,325905,0,660,-660
04/07/2019 08:05,SCH - PJM_NEPTUNE,325305,495,660,-660
04/07/2019 08:05,SCH - PJM_VFT,325658,53,315,-315
04/07/2019 08:05,SPR/DUN-SOUTH,23320,2333.33,4600,-9999
04/07/2019 08:05,TOTAL EAST,23314,3596.75,6800,-9999
04/07/2019 08:05,UPNY CONED,23315,2647.57,5700,-9999
04/07/2019 08:05,WEST CENTRAL,23312,495.25,9999,-9999
04/07/2019 08:10,CENTRAL EAST - VC,23330,1819,2110,-9999
04/07/2019 08:10,DYSINGER EAST,23326,695.68,2350,-9999
04/07/2019 08:10,MOSES SOUTH,23319,1940.23,3150,-1600
04/07/2019 08:10,SCH - HQ - NY,23324,1308,1450,-1000
04/07/2019 08:10,SCH - HQ_CEDARS,325274,100,160,0
04/07/2019 08:10,SCH - HQ_IMPORT_EXPORT,325376,1203,1310,-9999
04/07/2019 08:10,SCH - NE - NY,23318,-93.44,600,-800
04/07/2019 08:10,SCH - NPX_1385,325277,20,100,-100
04/07/2019 08:10,SCH - NPX_CSC,325154,0,330,-330
04/07/2019 08:10,SCH - OH - NY,23317,978.16,1300,-1900
04/07/2019 08:10,SCH - PJ - NY,23316,21.32,2000,-1300
04/07/2019 08:10,SCH - PJM_HTP,325905,0,660,-660
04/07/2019 08:10,SCH - PJM_NEPTUNE,325305,495,660,-660
04/07/2019 08:10,SCH - PJM_VFT,325658,53,315,-315
04/07/2019 08:10,SPR/DUN-SOUTH,23320,2280.97,4600,-9999
04/07/2019 08:10,TOTAL EAST,23314,3603.62,6800,-9999
04/07/2019 08:10,UPNY CONED,23315,2600.48,5700,-9999
04/07/2019 08:10,WEST CENTRAL,23312,407.34,9999,-9999
04/07/2019 08:15,CENTRAL EAST - VC,23330,1856.71,2110,-9999
04/07/2019 08:15,DYSINGER EAST,23326,804.57,2350,-9999
04/07/2019 08:15,MOSES SOUTH,23319,1861.78,3150,-1600
04/07/2019 08:15,SCH - HQ - NY,23324,1308,1450,-1000
04/07/2019 08:15,SCH - HQ_CEDARS,325274,100,160,0
04/07/2019 08:15,SCH - HQ_IMPORT_EXPORT,325376,1203,1310,-9999
04/07/2019 08:15,SCH - NE - NY,23318,-93.41,600,-800
04/07/2019 08:15,SCH - NPX_1385,325277,20,100,-100
04/07/2019 08:15,SCH - NPX_CSC,325154,0,330,-330
04/07/2019 08:15,SCH - OH - NY,23317,978.29,1300,-1900
04/07/2019 08:15,SCH - PJ - NY,23316,22.3,2000,-1300
04/07/2019 08:15,SCH - PJM_HTP,325905,0,660,-660
04/07/2019 08:15,SCH - PJM_NEPTUNE,325305,495,660,-660
04/07/2019 08:15,SCH - PJM_VFT,325658,111,315,-315
04/07/2019 08:15,SPR/DUN-SOUTH,23320,2190.46,4600,-9999
04/07/2019 08:15,TOTAL EAST,23314,3631.7,6800,-9999
04/07/2019 08:15,UPNY CONED,23315,2513.63,5700,-9999
04/07/2019 08:15,WEST CENTRAL,23312,508.41,9999,-9999
04/07/2019 08:20,CENTRAL EAST - VC,23330,1837.6,2110,-9999
04/07/2019 08:20,DYSINGER EAST,23326,787.15,2350,-9999
04/07/2019 08:20,MOSES SOUTH,23319,1791.67,3150,-1600
04/07/2019 08:20,SCH - HQ - NY,23324,1308,1450,-1000
04/07/2019 08:20,SCH - HQ_CEDARS,325274,100,160,0
04/07/2019 08:20,SCH - HQ_IMPORT_EXPORT,325376,1203,1310,-9999
04/07/2019 08:20,SCH - NE - NY,23318,-92.89,600,-800
04/07/2019 08:20,SCH - NPX_1385,325277,20,100,-100
04/07/2019 08:20,SCH - NPX_CSC,325154,0,330,-330
04/07/2019 08:20,SCH - OH - NY,23317,978.19,1300,-1900
04/07/2019 08:20,SCH - PJ - NY,23316,19.93,2000,-1300
04/07/2019 08:20,SCH - PJM_HTP,325905,0,660,-660
04/07/2019 08:20,SCH - PJM_NEPTUNE,325305,495,660,-660
04/07/2019 08:20,SCH - PJM_VFT,325658,170,315,-315
04/07/2019 08:20,SPR/DUN-SOUTH,23320,2126.5,4600,-9999
04/07/2019 08:20,TOTAL EAST,23314,3639.77,6800,-9999
04/07/2019 08:20,UPNY CONED,23315,2447.71,5700,-9999
04/07/2019 08:20,WEST CENTRAL,23312,487.6,9999,-9999
04/07/2019 08:25,CENTRAL EAST - VC,23330,1813.73,2170,-9999
04/07/2019 08:25,DYSINGER EAST,23326,762.36,2350,-9999
04/07/2019 08:25,MOSES SOUTH,23319,1817.33,3150,-1600
04/07/2019 08:25,SCH - HQ - NY,23324,1308,1450,-1000
04/07/2019 08:25,SCH - HQ_CEDARS,325274,100,160,0
04/07/2019 08:25,SCH - HQ_IMPORT_EXPORT,325376,1203,1310,-9999
04/07/2019 08:25,SCH - NE - NY,23318,-93.22,600,-800
04/07/2019 08:25,SCH - NPX_1385,325277,20,100,-100
04/07/2019 08:25,SCH - NPX_CSC,325154,0,330,-330
04/07/2019 08:25,SCH - OH - NY,23317,978.16,1300,-1900
04/07/2019 08:25,SCH - PJ - NY,23316,20.45,2000,-1300
04/07/2019 08:25,SCH - PJM_HTP,325905,0,660,-660
04/07/2019 08:25,SCH - PJM_NEPTUNE,325305,495,660,-660
04/07/2019 08:25,SCH - PJM_VFT,325658,170,315,-315
04/07/2019 08:25,SPR/DUN-SOUTH,23320,2165.06,4600,-9999
04/07/2019 08:25,TOTAL EAST,23314,3632.03,6800,-9999
04/07/2019 08:25,UPNY CONED,23315,2487.78,5700,-9999
04/07/2019 08:25,WEST CENTRAL,23312,461.5,9999,-9999
04/07/2019 08:30,CENTRAL EAST - VC,23330,1812.1,2170,-9999
04/07/2019 08:30,DYSINGER EAST,23326,823.3,2350,-9999
04/07/2019 08:30,MOSES SOUTH,23319,1755.55,3150,-1600
04/07/2019 08:30,SCH - HQ - NY,23324,1308,1450,-1000
04/07/2019 08:30,SCH - HQ_CEDARS,325274,100,160,0
04/07/2019 08:30,SCH - HQ_IMPORT_EXPORT,325376,1203,1310,-9999
04/07/2019 08:30,SCH - NE - NY,23318,-93.19,600,-800
04/07/2019 08:30,SCH - NPX_1385,325277,20,100,-100
04/07/2019 08:30,SCH - NPX_CSC,325154,0,330,-330
04/07/2019 08:30,SCH - OH - NY,23317,978.14,1300,-1900
04/07/2019 08:30,SCH - PJ - NY,23316,20.36,2000,-1300
04/07/2019 08:30,SCH - PJM_HTP,325905,0,660,-660
04/07/2019 08:30,SCH - PJM_NEPTUNE,325305,495,660,-660
04/07/2019 08:30,SCH - PJM_VFT,325658,240,315,-315
04/07/2019 08:30,SPR/DUN-SOUTH,23320,2153.36,4600,-9999
04/07/2019 08:30,TOTAL EAST,23314,3608.77,6800,-9999
04/07/2019 08:30,UPNY CONED,23315,2486.05,5700,-9999
04/07/2019 08:30,WEST CENTRAL,23312,520.87,9999,-9999
04/07/2019 08:35,CENTRAL EAST - VC,23330,1811.9,2170,-9999
04/07/2019 08:35,DYSINGER EAST,23326,797.1,2350,-9999
04/07/2019 08:35,MOSES SOUTH,23319,1767.58,3150,-1600
04/07/2019 08:35,SCH - HQ - NY,23324,1308,1450,-1000
04/07/2019 08:35,SCH - HQ_CEDARS,325274,100,160,0
04/07/2019 08:35,SCH - HQ_IMPORT_EXPORT,325376,1203,1310,-9999
04/07/2019 08:35,SCH - NE - NY,23318,-93.15,600,-800
04/07/2019 08:35,SCH - NPX_1385,325277,20,100,-100
04/07/2019 08:35,SCH - NPX_CSC,325154,0,330,-330
04/07/2019 08:35,SCH - OH - NY,23317,978.15,1300,-1900
04/07/2019 08:35,SCH - PJ - NY,23316,19.58,2000,-1300
04/07/2019 08:35,SCH - PJM_HTP,325905,0,660,-660
04/07/2019 08:35,SCH - PJM_NEPTUNE,325305,495,660,-660
04/07/2019 08:35,SCH - PJM_VFT,325658,310,315,-315
04/07/2019 08:35,SPR/DUN-SOUTH,23320,2083.93,4600,-9999
04/07/2019 08:35,TOTAL EAST,23314,3603.08,6800,-9999
04/07/2019 08:35,UPNY CONED,23315,2420.09,5700,-9999
04/07/2019 08:35,WEST CENTRAL,23312,493.33,9999,-9999
04/07/2019 08:40,CENTRAL EAST - VC,23330,1824.91,2170,-9999
04/07/2019 08:40,DYSINGER EAST,23326,835.97,2350,-9999
04/07/2019 08:40,MOSES SOUTH,23319,1731.99,3150,-1600
04/07/2019 08:40,SCH - HQ - NY,23324,1308,1450,-1000
04/07/2019 08:40,SCH - HQ_CEDARS,325274,100,160,0
04/07/2019 08:40,SCH - HQ_IMPORT_EXPORT,325376,1203,1310,-9999
04/07/2019 08:40,SCH - NE - NY,23318,-93.1,600,-800
04/07/2019 08:40,SCH - NPX_1385,325277,20,100,-100
04/07/2019 08:40,SCH - NPX_CSC,325154,0,330,-330
04/07/2019 08:40,SCH - OH - NY,23317,978.12,1300,-1900
04/07/2019 08:40,SCH - PJ - NY,23316,19.97,2000,-1300
04/07/2019 08:40,SCH - PJM_HTP,325905,0,660,-660
04/07/2019 08:40,SCH - PJM_NEPTUNE,325305,495,660,-660
04/07/2019 08:40,SCH - PJM_VFT,325658,310,315,-315
04/07/2019 08:40,SPR/DUN-SOUTH,23320,2132.24,4600,-9999
04/07/2019 08:40,TOTAL EAST,23314,3596.45,6800,-9999
04/07/2019 08:40,UPNY CONED,23315,2464.88,5700,-9999
04/07/2019 08:40,WEST CENTRAL,23312,531.13,9999,-9999
04/07/2019 08:45,CENTRAL EAST - VC,23330,1834.97,2170,-9999
04/07/2019 08:45,DYSINGER EAST,23326,841.13,2350,-9999
04/07/2019 08:45,MOSES SOUTH,23319,1775.89,3150,-1600
04/07/2019 08:45,SCH - HQ - NY,23324,1308,1450,-1000
04/07/2019 08:45,SCH - HQ_CEDARS,325274,100,160,0
04/07/2019 08:45,SCH - HQ_IMPORT_EXPORT,325376,1203,1310,-9999
04/07/2019 08:45,SCH - NE - NY,23318,-36.04,600,-800
04/07/2019 08:45,SCH - NPX_1385,325277,20,100,-100
04/07/2019 08:45,SCH - NPX_CSC,325154,0,330,-330
04/07/2019 08:45,SCH - OH - NY,23317,978.2,1300,-1900
04/07/2019 08:45,SCH - PJ - NY,23316,54.65,2000,-1300
04/07/2019 08:45,SCH - PJM_HTP,325905,0,660,-660
04/07/2019 08:45,SCH - PJM_NEPTUNE,325305,495,660,-660
04/07/2019 08:45,SCH - PJM_VFT,325658,312,315,-315
04/07/2019 08:45,SPR/DUN-SOUTH,23320,2168.38,4600,-9999
04/07/2019 08:45,TOTAL EAST,23314,3600.45,6800,-9999
04/07/2019 08:45,UPNY CONED,23315,2497.27,5700,-9999
04/07/2019 08:45,WEST CENTRAL,23312,534.23,9999,-9999
04/07/2019 08:50,CENTRAL EAST - VC,23330,1825.43,2170,-9999
04/07/2019 08:50,DYSINGER EAST,23326,868.23,2350,-9999
04/07/2019 08:50,MOSES SOUTH,23319,1775.88,3150,-1600
04/07/2019 08:50,SCH - HQ - NY,23324,1308,1450,-1000
04/07/2019 08:50,SCH - HQ_CEDARS,325274,100,160,0
04/07/2019 08:50,SCH - HQ_IMPORT_EXPORT,325376,1203,1310,-9999
04/07/2019 08:50,SCH - NE - NY,23318,21.08,600,-800
04/07/2019 08:50,SCH - NPX_1385,325277,20,100,-100
04/07/2019 08:50,SCH - NPX_CSC,325154,0,330,-330
04/07/2019 08:50,SCH - OH - NY,23317,978.29,1300,-1900
04/07/2019 08:50,SCH - PJ - NY,23316,86.95,2000,-1300
04/07/2019 08:50,SCH - PJM_HTP,325905,0,660,-660
04/07/2019 08:50,SCH - PJM_NEPTUNE,325305,495,660,-660
04/07/2019 08:50,SCH - PJM_VFT,325658,315,315,-315
04/07/2019 08:50,SPR/DUN-SOUTH,23320,2183.22,4600,-9999
04/07/2019 08:50,TOTAL EAST,23314,3554.45,6800,-9999
04/07/2019 08:50,UPNY CONED,23315,2505.21,5700,-9999
04/07/2019 08:50,WEST CENTRAL,23312,559.6,9999,-9999
04/07/2019 08:55,CENTRAL EAST - VC,23330,1773.23,2170,-9999
04/07/2019 08:55,DYSINGER EAST,23326,805.27,2350,-9999
04/07/2019 08:55,MOSES SOUTH,23319,1739.41,3150,-1600
04/07/2019 08:55,SCH - HQ - NY,23324,1308,1450,-1000
04/07/2019 08:55,SCH - HQ_CEDARS,325274,100,160,0
04/07/2019 08:55,SCH - HQ_IMPORT_EXPORT,325376,1203,1310,-9999
04/07/2019 08:55,SCH - NE - NY,23318,21.03,600,-800
04/07/2019 08:55,SCH - NPX_1385,325277,20,100,-100
04/07/2019 08:55,SCH - NPX_CSC,325154,0,330,-330
04/07/2019 08:55,SCH - OH - NY,23317,978.22,1300,-1900
04/07/2019 08:55,SCH - PJ - NY,23316,89.05,2000,-1300
04/07/2019 08:55,SCH - PJM_HTP,325905,0,660,-660
04/07/2019 08:55,SCH - PJM_NEPTUNE,325305,495,660,-660
04/07/2019 08:55,SCH - PJM_VFT,325658,315,315,-315
04/07/2019 08:55,SPR/DUN-SOUTH,23320,2189.78,4600,-9999
04/07/2019 08:55,TOTAL EAST,23314,3444.16,6800,-9999
04/07/2019 08:55,UPNY CONED,23315,2484.24,5700,-9999
04/07/2019 08:55,WEST CENTRAL,23312,502.43,9999,-9999
04/07/2019 09:00,CENTRAL EAST - VC,23330,1782.95,2170,-9999
04/07/2019 09:00,DYSINGER EAST,23326,785.01,2350,-9999
04/07/2019 09:00,MOSES SOUTH,23319,1852.3,3150,-1600
04/07/2019 09:00,SCH - HQ - NY,23324,1361,1450,-1000
04/07/2019 09:00,SCH - HQ_CEDARS,325274,130,160,0
04/07/2019 09:00,SCH - HQ_IMPORT_EXPORT,325376,1256,1310,-9999
04/07/2019 09:00,SCH - NE - NY,23318,55.69,600,-800
04/07/2019 09:00,SCH - NPX_1385,325277,35,100,-100
04/07/2019 09:00,SCH - NPX_CSC,325154,0,330,-330
04/07/2019 09:00,SCH - OH - NY,23317,889.47,1300,-1900
04/07/2019 09:00,SCH - PJ - NY,23316,21.64,2000,-1300
04/07/2019 09:00,SCH - PJM_HTP,325905,0,660,-660
04/07/2019 09:00,SCH - PJM_NEPTUNE,325305,438,660,-660
04/07/2019 09:00,SCH - PJM_VFT,325658,315,315,-315
04/07/2019 09:00,SPR/DUN-SOUTH,23320,2226.79,4600,-9999
04/07/2019 09:00,TOTAL EAST,23314,3418.4,6800,-9999
04/07/2019 09:00,UPNY CONED,23315,2551.32,5700,-9999
04/07/2019 09:00,WEST CENTRAL,23312,483.84,9999,-9999
04/07/2019 09:05,CENTRAL EAST - VC,23330,1769.51,2170,-9999
04/07/2019 09:05,DYSINGER EAST,23326,725.26,2350,-9999
04/07/2019 09:05,MOSES SOUTH,23319,1931.69,3150,-1600
04/07/2019 09:05,SCH - HQ - NY,23324,1415,1450,-1000
04/07/2019 09:05,SCH - HQ_CEDARS,325274,160,160,0
04/07/2019 09:05,SCH - HQ_IMPORT_EXPORT,325376,1310,1310,-9999
04/07/2019 09:05,SCH - NE - NY,23318,90.25,600,-800
04/07/2019 09:05,SCH - NPX_1385,325277,50,100,-100
04/07/2019 09:05,SCH - NPX_CSC,325154,0,330,-330
04/07/2019 09:05,SCH - OH - NY,23317,801.73,1300,-1900
04/07/2019 09:05,SCH - PJ - NY,23316,-46.94,2000,-1300
04/07/2019 09:05,SCH - PJM_HTP,325905,0,660,-660
04/07/2019 09:05,SCH - PJM_NEPTUNE,325305,381,660,-660
04/07/2019 09:05,SCH - PJM_VFT,325658,315,315,-315
04/07/2019 09:05,SPR/DUN-SOUTH,23320,2240.44,4600,-9999
04/07/2019 09:05,TOTAL EAST,23314,3389.04,6800,-9999
04/07/2019 09:05,UPNY CONED,23315,2615.38,5700,-9999
04/07/2019 09:05,WEST CENTRAL,23312,424.52,9999,-9999
04/07/2019 09:10,CENTRAL EAST - VC,23330,1734.2,2170,-9999
04/07/2019 09:10,DYSINGER EAST,23326,628.83,2350,-9999
04/07/2019 09:10,MOSES SOUTH,23319,1956.12,3150,-1600
04/07/2019 09:10,SCH - HQ - NY,23324,1415,1450,-1000
04/07/2019 09:10,SCH - HQ_CEDARS,325274,160,160,0
04/07/2019 09:10,SCH - HQ_IMPORT_EXPORT,325376,1310,1310,-9999
04/07/2019 09:10,SCH - NE - NY,23318,90.38,600,-800
04/07/2019 09:10,SCH - NPX_1385,325277,50,100,-100
04/07/2019 09:10,SCH - NPX_CSC,325154,0,330,-330
04/07/2019 09:10,SCH - OH - NY,23317,801.73,1300,-1900
04/07/2019 09:10,SCH - PJ - NY,23316,-47.54,2000,-1300
04/07/2019 09:10,SCH - PJM_HTP,325905,0,660,-660
04/07/2019 09:10,SCH - PJM_NEPTUNE,325305,381,660,-660
04/07/2019 09:10,SCH - PJM_VFT,325658,315,315,-315
04/07/2019 09:10,SPR/DUN-SOUTH,23320,2236.3,4600,-9999
04/07/2019 09:10,TOTAL EAST,23314,3374.02,6800,-9999
04/07/2019 09:10,UPNY CONED,23315,2615.73,5700,-9999
04/07/2019 09:10,WEST CENTRAL,23312,325.73,9999,-9999
04/07/2019 09:15,CENTRAL EAST - VC,23330,1797.7,2170,-9999
04/07/2019 09:15,DYSINGER EAST,23326,721.67,2350,-9999
04/07/2019 09:15,MOSES SOUTH,23319,1909.27,3150,-1600
04/07/2019 09:15,SCH - HQ - NY,23324,1415,1450,-1000
04/07/2019 09:15,SCH - HQ_CEDARS,325274,160,160,0
04/07/2019 09:15,SCH - HQ_IMPORT_EXPORT,325376,1310,1310,-9999
04/07/2019 09:15,SCH - NE - NY,23318,101.51,600,-800
04/07/2019 09:15,SCH - NPX_1385,325277,50,100,-100
04/07/2019 09:15,SCH - NPX_CSC,325154,0,330,-330
04/07/2019 09:15,SCH - OH - NY,23317,801.72,1300,-1900
04/07/2019 09:15,SCH - PJ - NY,23316,-48.04,2000,-1300
04/07/2019 09:15,SCH - PJM_HTP,325905,0,660,-660
04/07/2019 09:15,SCH - PJM_NEPTUNE,325305,381,660,-660
04/07/2019 09:15,SCH - PJM_VFT,325658,315,315,-315
04/07/2019 09:15,SPR/DUN-SOUTH,23320,2263.44,4600,-9999
04/07/2019 09:15,TOTAL EAST,23314,3445.86,6800,-9999
04/07/2019 09:15,UPNY CONED,23315,2638.93,5700,-9999
04/07/2019 09:15,WEST CENTRAL,23312,415.76,9999,-9999
04/07/2019 09:20,CENTRAL EAST - VC,23330,1784.45,2170,-9999
04/07/2019 09:20,DYSINGER EAST,23326,703.74,2350,-9999
04/07/2019 09:20,MOSES SOUTH,23319,1891.27,3150,-1600
04/07/2019 09:20,SCH - HQ - NY,23324,1415,1450,-1000
04/07/2019 09:20,SCH - HQ_CEDARS,325274,160,160,0
04/07/2019 09:20,SCH - HQ_IMPORT_EXPORT,325376,1310,1310,-9999
04/07/2019 09:20,SCH - NE - NY,23318,113.68,600,-800
04/07/2019 09:20,SCH - NPX_1385,325277,50,100,-100
04/07/2019 09:20,SCH - NPX_CSC,325154,0,330,-330
04/07/2019 09:20,SCH - OH - NY,23317,801.65,1300,-1900
04/07/2019 09:20,SCH - PJ - NY,23316,-47.2,2000,-1300
04/07/2019 09:20,SCH - PJM_HTP,325905,0,660,-660
04/07/2019 09:20,SCH - PJM_NEPTUNE,325305,381,660,-660
04/07/2019 09:20,SCH - PJM_VFT,325658,315,315,-315
04/07/2019 09:20,SPR/DUN-SOUTH,23320,2257.36,4600,-9999
04/07/2019 09:20,TOTAL EAST,23314,3462.96,6800,-9999
04/07/2019 09:20,UPNY CONED,23315,2634.38,5700,-9999
04/07/2019 09:20,WEST CENTRAL,23312,394.2,9999,-9999
04/07/2019 09:25,CENTRAL EAST - VC,23330,1755.15,2170,-9999
04/07/2019 09:25,DYSINGER EAST,23326,696.79,2350,-9999
04/07/2019 09:25,MOSES SOUTH,23319,1895.53,3150,-1600
04/07/2019 09:25,SCH - HQ - NY,23324,1415,1450,-1000
04/07/2019 09:25,SCH - HQ_CEDARS,325274,160,160,0
04/07/2019 09:25,SCH - HQ_IMPORT_EXPORT,325376,1310,1310,-9999
04/07/2019 09:25,SCH - NE - NY,23318,113.64,600,-800
04/07/2019 09:25,SCH - NPX_1385,325277,50,100,-100
04/07/2019 09:25,SCH - NPX_CSC,325154,0,330,-330
04/07/2019 09:25,SCH - OH - NY,23317,801.63,1300,-1900
04/07/2019 09:25,SCH - PJ - NY,23316,-44.21,2000,-1300
04/07/2019 09:25,SCH - PJM_HTP,325905,0,660,-660
04/07/2019 09:25,SCH - PJM_NEPTUNE,325305,381,660,-660
04/07/2019 09:25,SCH - PJM_VFT,325658,315,315,-315
04/07/2019 09:25,SPR/DUN-SOUTH,23320,2267.31,4600,-9999
04/07/2019 09:25,TOTAL EAST,23314,3465.88,6800,-9999
04/07/2019 09:25,UPNY CONED,23315,2642.5,5700,-9999
04/07/2019 09:25,WEST CENTRAL,23312,385.37,9999,-9999
04/07/2019 09:30,CENTRAL EAST - VC,23330,1743.74,2170,-9999
04/07/2019 09:30,DYSINGER EAST,23326,661.33,2350,-9999
04/07/2019 09:30,MOSES SOUTH,23319,1896.12,3150,-1600
04/07/2019 09:30,SCH - HQ - NY,23324,1415,1450,-1000
04/07/2019 09:30,SCH - HQ_CEDARS,325274,160,160,0
04/07/2019 09:30,SCH - HQ_IMPORT_EXPORT,325376,1310,1310,-9999
04/07/2019 09:30,SCH - NE - NY,23318,107.44,600,-800
04/07/2019 09:30,SCH - NPX_1385,325277,50,100,-100
04/07/2019 09:30,SCH - NPX_CSC,325154,0,330,-330
04/07/2019 09:30,SCH - OH - NY,23317,801.5,1300,-1900
04/07/2019 09:30,SCH - PJ - NY,23316,-44.75,2000,-1300
04/07/2019 09:30,SCH - PJM_HTP,325905,0,660,-660
04/07/2019 09:30,SCH - PJM_NEPTUNE,325305,381,660,-660
04/07/2019 09:30,SCH - PJM_VFT,325658,315,315,-315
04/07/2019 09:30,SPR/DUN-SOUTH,23320,2276.77,4600,-9999
04/07/2019 09:30,TOTAL EAST,23314,3463.57,6800,-9999
04/07/2019 09:30,UPNY CONED,23315,2651.91,5700,-9999
04/07/2019 09:30,WEST CENTRAL,23312,349.39,9999,-9999
04/07/2019 09:35,CENTRAL EAST - VC,23330,1753.22,2170,-9999
04/07/2019 09:35,DYSINGER EAST,23326,686.57,2350,-9999
04/07/2019 09:35,MOSES SOUTH,23319,1893.2,3150,-1600
04/07/2019 09:35,SCH - HQ - NY,23324,1415,1450,-1000
04/07/2019 09:35,SCH - HQ_CEDARS,325274,160,160,0
04/07/2019 09:35,SCH - HQ_IMPORT_EXPORT,325376,1310,1310,-9999
04/07/2019 09:35,SCH - NE - NY,23318,101.34,600,-800
04/07/2019 09:35,SCH - NPX_1385,325277,50,100,-100
04/07/2019 09:35,SCH - NPX_CSC,325154,0,330,-330
04/07/2019 09:35,SCH - OH - NY,23317,801.54,1300,-1900
04/07/2019 09:35,SCH - PJ - NY,23316,-47.4,2000,-1300
04/07/2019 09:35,SCH - PJM_HTP,325905,0,660,-660
04/07/2019 09:35,SCH - PJM_NEPTUNE,325305,381,660,-660
04/07/2019 09:35,SCH - PJM_VFT,325658,315,315,-315
04/07/2019 09:35,SPR/DUN-SOUTH,23320,2298.15,4600,-9999
04/07/2019 09:35,TOTAL EAST,23314,3456.66,6800,-9999
04/07/2019 09:35,UPNY CONED,23315,2666.73,5700,-9999
04/07/2019 09:35,WEST CENTRAL,23312,372.22,9999,-9999
04/07/2019 09:40,CENTRAL EAST - VC,23330,1740.61,2170,-9999
04/07/2019 09:40,DYSINGER EAST,23326,688.68,2350,-9999
04/07/2019 09:40,MOSES SOUTH,23319,1887,3150,-1600
04/07/2019 09:40,SCH - HQ - NY,23324,1415,1450,-1000
04/07/2019 09:40,SCH - HQ_CEDARS,325274,160,160,0
04/07/2019 09:40,SCH - HQ_IMPORT_EXPORT,325376,1310,1310,-9999
04/07/2019 09:40,SCH - NE - NY,23318,101.29,600,-800
04/07/2019 09:40,SCH - NPX_1385,325277,50,100,-100
04/07/2019 09:40,SCH - NPX_CSC,325154,0,330,-330
04/07/2019 09:40,SCH - OH - NY,23317,801.55,1300,-1900
04/07/2019 09:40,SCH - PJ - NY,23316,-46.6,2000,-1300
04/07/2019 09:40,SCH - PJM_HTP,325905,0,660,-660
04/07/2019 09:40,SCH - PJM_NEPTUNE,325305,381,660,-660
04/07/2019 09:40,SCH - PJM_VFT,325658,315,315,-315
04/07/2019 09:40,SPR/DUN-SOUTH,23320,2309.28,4600,-9999
04/07/2019 09:40,TOTAL EAST,23314,3441.82,6800,-9999
04/07/2019 09:40,UPNY CONED,23315,2675.8,5700,-9999
04/07/2019 09:40,WEST CENTRAL,23312,371.25,9999,-9999
04/07/2019 09:45,CENTRAL EAST - VC,23330,1716.66,2170,-9999
04/07/2019 09:45,DYSINGER EAST,23326,687.22,2350,-9999
04/07/2019 09:45,MOSES SOUTH,23319,1877.5,3150,-1600
04/07/2019 09:45,SCH - HQ - NY,23324,1415,1450,-1000
04/07/2019 09:45,SCH - HQ_CEDARS,325274,160,160,0
04/07/2019 09:45,SCH - HQ_IMPORT_EXPORT,325376,1310,1310,-9999
04/07/2019 09:45,SCH - NE - NY,23318,185.76,600,-800
04/07/2019 09:45,SCH - NPX_1385,325277,50,100,-100
04/07/2019 09:45,SCH - NPX_CSC,325154,0,330,-330
04/07/2019 09:45,SCH - OH - NY,23317,801.61,1300,-1900
04/07/2019 09:45,SCH - PJ - NY,23316,-77.32,2000,-1300
04/07/2019 09:45,SCH - PJM_HTP,325905,0,660,-660
04/07/2019 09:45,SCH - PJM_NEPTUNE,325305,381,660,-660
04/07/2019 09:45,SCH - PJM_VFT,325658,315,315,-315
04/07/2019 09:45,SPR/DUN-SOUTH,23320,2313.69,4600,-9999
04/07/2019 09:45,TOTAL EAST,23314,3390.55,6800,-9999
04/07/2019 09:45,UPNY CONED,23315,2670.9,5700,-9999
04/07/2019 09:45,WEST CENTRAL,23312,369.82,9999,-9999
04/07/2019 09:50,CENTRAL EAST - VC,23330,1685.4,2170,-9999
04/07/2019 09:50,DYSINGER EAST,23326,661,2350,-9999
04/07/2019 09:50,MOSES SOUTH,23319,1881.27,3150,-1600
04/07/2019 09:50,SCH - HQ - NY,23324,1415,1450,-1000
04/07/2019 09:50,SCH - HQ_CEDARS,325274,160,160,0
04/07/2019 09:50,SCH - HQ_IMPORT_EXPORT,325376,1310,1310,-9999
04/07/2019 09:50,SCH - NE - NY,23318,265.01,600,-800
04/07/2019 09:50,SCH - NPX_1385,325277,50,100,-100
04/07/2019 09:50,SCH - NPX_CSC,325154,0,330,-330
04/07/2019 09:50,SCH - OH - NY,23317,801.57,1300,-1900
04/07/2019 09:50,SCH - PJ - NY,23316,-104.87,2000,-1300
04/07/2019 09:50,SCH - PJM_HTP,325905,0,660,-660
04/07/2019 09:50,SCH - PJM_NEPTUNE,325305,381,660,-660
04/07/2019 09:50,SCH - PJM_VFT,325658,315,315,-315
04/07/2019 09:50,SPR/DUN-SOUTH,23320,2322.47,4600,-9999
04/07/2019 09:50,TOTAL EAST,23314,3356.38,6800,-9999
04/07/2019 09:50,UPNY CONED,23315,2681.12,5700,-9999
04/07/2019 09:50,WEST CENTRAL,23312,342.04,9999,-9999
04/07/2019 09:55,CENTRAL EAST - VC,23330,1667.21,2170,-9999
04/07/2019 09:55,DYSINGER EAST,23326,630.79,2350,-9999
04/07/2019 09:55,MOSES SOUTH,23319,1880.32,3150,-1600
04/07/2019 09:55,SCH - HQ - NY,23324,1415,1450,-1000
04/07/2019 09:55,SCH - HQ_CEDARS,325274,160,160,0
04/07/2019 09:55,SCH - HQ_IMPORT_EXPORT,325376,1310,1310,-9999
04/07/2019 09:55,SCH - NE - NY,23318,265.01,600,-800
04/07/2019 09:55,SCH - NPX_1385,325277,50,100,-100
04/07/2019 09:55,SCH - NPX_CSC,325154,0,330,-330
04/07/2019 09:55,SCH - OH - NY,23317,801.53,1300,-1900
04/07/2019 09:55,SCH - PJ - NY,23316,-103.99,2000,-1300
04/07/2019 09:55,SCH - PJM_HTP,325905,0,660,-660
04/07/2019 09:55,SCH - PJM_NEPTUNE,325305,381,660,-660
04/07/2019 09:55,SCH - PJM_VFT,325658,315,315,-315
04/07/2019 09:55,SPR/DUN-SOUTH,23320,2320.63,4600,-9999
04/07/2019 09:55,TOTAL EAST,23314,3363.41,6800,-9999
04/07/2019 09:55,UPNY CONED,23315,2666.05,5700,-9999
04/07/2019 09:55,WEST CENTRAL,23312,311.25,9999,-9999
04/07/2019 10:00,CENTRAL EAST - VC,23330,1670.82,2170,-9999
04/07/2019 10:00,DYSINGER EAST,23326,630.13,2350,-9999
04/07/2019 10:00,MOSES SOUTH,23319,1931.55,3150,-1600
04/07/2019 10:00,SCH - HQ - NY,23324,1415,1450,-1000
04/07/2019 10:00,SCH - HQ_CEDARS,325274,160,160,0
04/07/2019 10:00,SCH - HQ_IMPORT_EXPORT,325376,1310,1310,-9999
04/07/2019 10:00,SCH - NE - NY,23318,281,600,-800
04/07/2019 10:00,SCH - NPX_1385,325277,50,100,-100
04/07/2019 10:00,SCH - NPX_CSC,325154,0,330,-330
04/07/2019 10:00,SCH - OH - NY,23317,714.74,1300,-1900
04/07/2019 10:00,SCH - PJ - NY,23316,-111.43,2000,-1300
04/07/2019 10:00,SCH - PJM_HTP,325905,0,660,-660
04/07/2019 10:00,SCH - PJM_NEPTUNE,325305,438,660,-660
04/07/2019 10:00,SCH - PJM_VFT,325658,315,315,-315
04/07/2019 10:00,SPR/DUN-SOUTH,23320,2351.59,4600,-9999
04/07/2019 10:00,TOTAL EAST,23314,3335.37,6800,-9999
04/07/2019 10:00,UPNY CONED,23315,2664.1,5700,-9999
04/07/2019 10:00,WEST CENTRAL,23312,309.58,9999,-9999
04/07/2019 10:05,CENTRAL EAST - VC,23330,1622.64,2170,-9999
04/07/2019 10:05,DYSINGER EAST,23326,597.32,2350,-9999
04/07/2019 10:05,MOSES SOUTH,23319,1918.47,3150,-1600
04/07/2019 10:05,SCH - HQ - NY,23324,1415,1450,-1000
04/07/2019 10:05,SCH - HQ_CEDARS,325274,160,160,0
04/07/2019 10:05,SCH - HQ_IMPORT_EXPORT,325376,1310,1310,-9999
04/07/2019 10:05,SCH - NE - NY,23318,298,600,-800
04/07/2019 10:05,SCH - NPX_1385,325277,50,100,-100
04/07/2019 10:05,SCH - NPX_CSC,325154,0,330,-330
04/07/2019 10:05,SCH - OH - NY,23317,627.84,1300,-1900
04/07/2019 10:05,SCH - PJ - NY,23316,-118.84,2000,-1300
04/07/2019 10:05,SCH - PJM_HTP,325905,0,660,-660
04/07/2019 10:05,SCH - PJM_NEPTUNE,325305,495,660,-660
04/07/2019 10:05,SCH - PJM_VFT,325658,315,315,-315
04/07/2019 10:05,SPR/DUN-SOUTH,23320,2369.16,4600,-9999
04/07/2019 10:05,TOTAL EAST,23314,3230.94,6800,-9999
04/07/2019 10:05,UPNY CONED,23315,2636.52,5700,-9999
04/07/2019 10:05,WEST CENTRAL,23312,274.32,9999,-9999
04/07/2019 10:10,CENTRAL EAST - VC,23330,1625.59,2170,-9999
04/07/2019 10:10,DYSINGER EAST,23326,652.15,2350,-9999
04/07/2019 10:10,MOSES SOUTH,23319,1853.64,3150,-1600
04/07/2019 10:10,SCH - HQ - NY,23324,1415,1450,-1000
04/07/2019 10:10,SCH - HQ_CEDARS,325274,160,160,0
04/07/2019 10:10,SCH - HQ_IMPORT_EXPORT,325376,1310,1310,-9999
04/07/2019 10:10,SCH - NE - NY,23318,298,600,-800
04/07/2019 10:10,SCH - NPX_1385,325277,50,100,-100
04/07/2019 10:10,SCH - NPX_CSC,325154,0,330,-330
04/07/2019 10:10,SCH - OH - NY,23317,626.06,1300,-1900
04/07/2019 10:10,SCH - PJ - NY,23316,-117.83,2000,-1300
04/07/2019 10:10,SCH - PJM_HTP,325905,0,660,-660
04/07/2019 10:10,SCH - PJM_NEPTUNE,325305,495,660,-660
04/07/2019 10:10,SCH - PJM_VFT,325658,315,315,-315
04/07/2019 10:10,SPR/DUN-SOUTH,23320,2399.61,4600,-9999
04/07/2019 10:10,TOTAL EAST,23314,3245.75,6800,-9999
04/07/2019 10:10,UPNY CONED,23315,2669.55,5700,-9999
04/07/2019 10:10,WEST CENTRAL,23312,331.46,9999,-9999
04/07/2019 10:15,CENTRAL EAST - VC,23330,1655.83,2170,-9999
04/07/2019 10:15,DYSINGER EAST,23326,683.98,2350,-9999
04/07/2019 10:15,MOSES SOUTH,23319,1866.85,3150,-1600
04/07/2019 10:15,SCH - HQ - NY,23324,1415,1450,-1000
04/07/2019 10:15,SCH - HQ_CEDARS,325274,160,160,0
04/07/2019 10:15,SCH - HQ_IMPORT_EXPORT,325376,1310,1310,-9999
04/07/2019 10:15,SCH - NE - NY,23318,306.01,600,-800
04/07/2019 10:15,SCH - NPX_1385,325277,50,100,-100
04/07/2019 10:15,SCH - NPX_CSC,325154,0,330,-330
04/07/2019 10:15,SCH - OH - NY,23317,628.13,1300,-1900
04/07/2019 10:15,SCH - PJ - NY,23316,-118.65,2000,-1300
04/07/2019 10:15,SCH - PJM_HTP,325905,0,660,-660
04/07/2019 10:15,SCH - PJM_NEPTUNE,325305,495,660,-660
04/07/2019 10:15,SCH - PJM_VFT,325658,315,315,-315
04/07/2019 10:15,SPR/DUN-SOUTH,23320,2421.83,4600,-9999
04/07/2019 10:15,TOTAL EAST,23314,3257.47,6800,-9999
04/07/2019 10:15,UPNY CONED,23315,2697.27,5700,-9999
04/07/2019 10:15,WEST CENTRAL,23312,369.63,9999,-9999
04/07/2019 10:20,CENTRAL EAST - VC,23330,1660.42,2170,-9999
04/07/2019 10:20,DYSINGER EAST,23326,650.97,2350,-9999
04/07/2019 10:20,MOSES SOUTH,23319,1890.12,3150,-1600
04/07/2019 10:20,SCH - HQ - NY,23324,1415,1450,-1000
04/07/2019 10:20,SCH - HQ_CEDARS,325274,160,160,0
04/07/2019 10:20,SCH - HQ_IMPORT_EXPORT,325376,1310,1310,-9999
04/07/2019 10:20,SCH - NE - NY,23318,314.02,600,-800
04/07/2019 10:20,SCH - NPX_1385,325277,50,100,-100
04/07/2019 10:20,SCH - NPX_CSC,325154,0,330,-330
04/07/2019 10:20,SCH - OH - NY,23317,624.54,1300,-1900
04/07/2019 10:20,SCH - PJ - NY,23316,-114.02,2000,-1300
04/07/2019 10:20,SCH - PJM_HTP,325905,0,660,-660
04/07/2019 10:20,SCH - PJM_NEPTUNE,325305,495,660,-660
04/07/2019 10:20,SCH - PJM_VFT,325658,315,315,-315
04/07/2019 10:20,SPR/DUN-SOUTH,23320,2433.17,4600,-9999
04/07/2019 10:20,TOTAL EAST,23314,3267.54,6800,-9999
04/07/2019 10:20,UPNY CONED,23315,2712.31,5700,-9999
04/07/2019 10:20,WEST CENTRAL,23312,340.18,9999,-9999
04/07/2019 10:25,CENTRAL EAST - VC,23330,1642.82,2170,-9999
04/07/2019 10:25,DYSINGER EAST,23326,630.54,2350,-9999
04/07/2019 10:25,MOSES SOUTH,23319,1906.13,3150,-1600
04/07/2019 10:25,SCH - HQ - NY,23324,1415,1450,-1000
04/07/2019 10:25,SCH - HQ_CEDARS,325274,160,160,0
04/07/2019 10:25,SCH - HQ_IMPORT_EXPORT,325376,1310,1310,-9999
04/07/2019 10:25,SCH - NE - NY,23318,314.01,600,-800
04/07/2019 10:25,SCH - NPX_1385,325277,50,100,-100
04/07/2019 10:25,SCH - NPX_CSC,325154,0,330,-330
04/07/2019 10:25,SCH - OH - NY,23317,627.64,1300,-1900
04/07/2019 10:25,SCH - PJ - NY,23316,-118.42,2000,-1300
04/07/2019 10:25,SCH - PJM_HTP,325905,0,660,-660
04/07/2019 10:25,SCH - PJM_NEPTUNE,325305,495,660,-660
04/07/2019 10:25,SCH - PJM_VFT,325658,315,315,-315
04/07/2019 10:25,SPR/DUN-SOUTH,23320,2424.93,4600,-9999
04/07/2019 10:25,TOTAL EAST,23314,3277.68,6800,-9999
04/07/2019 10:25,UPNY CONED,23315,2712.12,5700,-9999
04/07/2019 10:25,WEST CENTRAL,23312,323.08,9999,-9999
04/07/2019 10:30,CENTRAL EAST - VC,23330,1669.67,2170,-9999
04/07/2019 10:30,DYSINGER EAST,23326,650.79,2350,-9999
04/07/2019 10:30,MOSES SOUTH,23319,1901.09,3150,-1600
04/07/2019 10:30,SCH - HQ - NY,23324,1415,1450,-1000
04/07/2019 10:30,SCH - HQ_CEDARS,325274,160,160,0
04/07/2019 10:30,SCH - HQ_IMPORT_EXPORT,325376,1310,1310,-9999
04/07/2019 10:30,SCH - NE - NY,23318,308.01,600,-800
04/07/2019 10:30,SCH - NPX_1385,325277,50,100,-100
04/07/2019 10:30,SCH - NPX_CSC,325154,0,330,-330
04/07/2019 10:30,SCH - OH - NY,23317,623,1300,-1900
04/07/2019 10:30,SCH - PJ - NY,23316,-114.35,2000,-1300
04/07/2019 10:30,SCH - PJM_HTP,325905,0,660,-660
04/07/2019 10:30,SCH - PJM_NEPTUNE,325305,495,660,-660
04/07/2019 10:30,SCH - PJM_VFT,325658,315,315,-315
04/07/2019 10:30,SPR/DUN-SOUTH,23320,2456.57,4600,-9999
04/07/2019 10:30,TOTAL EAST,23314,3283.09,6800,-9999
04/07/2019 10:30,UPNY CONED,23315,2744.27,5700,-9999
04/07/2019 10:30,WEST CENTRAL,23312,344.97,9999,-9999
04/07/2019 10:35,CENTRAL EAST - VC,23330,1646.13,2170,-9999
04/07/2019 10:35,DYSINGER EAST,23326,645.27,2350,-9999
04/07/2019 10:35,MOSES SOUTH,23319,1902.58,3150,-1600
04/07/2019 10:35,SCH - HQ - NY,23324,1415,1450,-1000
04/07/2019 10:35,SCH - HQ_CEDARS,325274,160,160,0
04/07/2019 10:35,SCH - HQ_IMPORT_EXPORT,325376,1310,1310,-9999
04/07/2019 10:35,SCH - NE - NY,23318,303,600,-800
04/07/2019 10:35,SCH - NPX_1385,325277,50,100,-100
04/07/2019 10:35,SCH - NPX_CSC,325154,0,330,-330
04/07/2019 10:35,SCH - OH - NY,23317,625.52,1300,-1900
04/07/2019 10:35,SCH - PJ - NY,23316,-115.09,2000,-1300
04/07/2019 10:35,SCH - PJM_HTP,325905,0,660,-660
04/07/2019 10:35,SCH - PJM_NEPTUNE,325305,495,660,-660
04/07/2019 10:35,SCH - PJM_VFT,325658,315,315,-315
04/07/2019 10:35,SPR/DUN-SOUTH,23320,2448.6,4600,-9999
04/07/2019 10:35,TOTAL EAST,23314,3269.17,6800,-9999
04/07/2019 10:35,UPNY CONED,23315,2728.91,5700,-9999
04/07/2019 10:35,WEST CENTRAL,23312,340.62,9999,-9999
04/07/2019 10:40,CENTRAL EAST - VC,23330,1643.12,2170,-9999
04/07/2019 10:40,DYSINGER EAST,23326,634.58,2350,-9999
04/07/2019 10:40,MOSES SOUTH,23319,1905.27,3150,-1600
04/07/2019 10:40,SCH - HQ - NY,23324,1415,1450,-1000
04/07/2019 10:40,SCH - HQ_CEDARS,325274,160,160,0
04/07/2019 10:40,SCH - HQ_IMPORT_EXPORT,325376,1310,1310,-9999
04/07/2019 10:40,SCH - NE - NY,23318,302.99,600,-800
04/07/2019 10:40,SCH - NPX_1385,325277,50,100,-100
04/07/2019 10:40,SCH - NPX_CSC,325154,0,330,-330
04/07/2019 10:40,SCH - OH - NY,23317,628.29,1300,-1900
04/07/2019 10:40,SCH - PJ - NY,23316,-116.87,2000,-1300
04/07/2019 10:40,SCH - PJM_HTP,325905,0,660,-660
04/07/2019 10:40,SCH - PJM_NEPTUNE,325305,495,660,-660
04/07/2019 10:40,SCH - PJM_VFT,325658,315,315,-315
04/07/2019 10:40,SPR/DUN-SOUTH,23320,2460.72,4600,-9999
04/07/2019 10:40,TOTAL EAST,23314,3194.16,6800,-9999
04/07/2019 10:40,UPNY CONED,23315,2731.17,5700,-9999
04/07/2019 10:40,WEST CENTRAL,23312,332.09,9999,-9999
04/07/2019 10:45,CENTRAL EAST - VC,23330,1649.82,2170,-9999
04/07/2019 10:45,DYSINGER EAST,23326,613.62,2350,-9999
04/07/2019 10:45,MOSES SOUTH,23319,1890.63,3150,-1600
04/07/2019 10:45,SCH - HQ - NY,23324,1415,1450,-1000
04/07/2019 10:45,SCH - HQ_CEDARS,325274,160,160,0
04/07/2019 10:45,SCH - HQ_IMPORT_EXPORT,325376,1310,1310,-9999
04/07/2019 10:45,SCH - NE - NY,23318,280.98,600,-800
04/07/2019 10:45,SCH - NPX_1385,325277,50,100,-100
04/07/2019 10:45,SCH - NPX_CSC,325154,0,330,-330
04/07/2019 10:45,SCH - OH - NY,23317,625.26,1300,-1900
04/07/2019 10:45,SCH - PJ - NY,23316,-115.63,2000,-1300
04/07/2019 10:45,SCH - PJM_HTP,325905,0,660,-660
04/07/2019 10:45,SCH - PJM_NEPTUNE,325305,495,660,-660
04/07/2019 10:45,SCH - PJM_VFT,325658,315,315,-315
04/07/2019 10:45,SPR/DUN-SOUTH,23320,2467.8,4600,-9999
04/07/2019 10:45,TOTAL EAST,23314,3157.42,6800,-9999
04/07/2019 10:45,UPNY CONED,23315,2737.98,5700,-9999
04/07/2019 10:45,WEST CENTRAL,23312,312.33,9999,-9999
04/07/2019 10:49,CENTRAL EAST - VC,23330,1569.5,2170,-9999
04/07/2019 10:49,DYSINGER EAST,23326,587.2,2350,-9999
04/07/2019 10:49,MOSES SOUTH,23319,1953.74,3150,-1600
04/07/2019 10:49,SCH - HQ - NY,23324,1415,1450,-1000
04/07/2019 10:49,SCH - HQ_CEDARS,325274,160,160,0
04/07/2019 10:49,SCH - HQ_IMPORT_EXPORT,325376,1310,1310,-9999
04/07/2019 10:49,SCH - NE - NY,23318,396.05,600,-800
04/07/2019 10:49,SCH - NPX_1385,325277,50,100,-100
04/07/2019 10:49,SCH - NPX_CSC,325154,0,330,-330
04/07/2019 10:49,SCH - OH - NY,23317,710.37,1300,-1900
04/07/2019 10:49,SCH - PJ - NY,23316,-54.58,2000,-1300
04/07/2019 10:49,SCH - PJM_HTP,325905,0,660,-660
04/07/2019 10:49,SCH - PJM_NEPTUNE,325305,495,660,-660
04/07/2019 10:49,SCH - PJM_VFT,325658,315,315,-315
04/07/2019 10:49,SPR/DUN-SOUTH,23320,2393.97,4600,-9999
04/07/2019 10:49,TOTAL EAST,23314,3454.24,6800,-9999
04/07/2019 10:49,UPNY CONED,23315,2658.02,5700,-9999
04/07/2019 10:49,WEST CENTRAL,23312,289.13,9999,-9999
04/07/2019 10:50,CENTRAL EAST - VC,23330,1627.35,2170,-9999
04/07/2019 10:50,DYSINGER EAST,23326,606.83,2350,-9999
04/07/2019 10:50,MOSES SOUTH,23319,1968.46,3150,-1600
04/07/2019 10:50,SCH - HQ - NY,23324,1415,1450,-1000
04/07/2019 10:50,SCH - HQ_CEDARS,325274,160,160,0
04/07/2019 10:50,SCH - HQ_IMPORT_EXPORT,325376,1310,1310,-9999
04/07/2019 10:50,SCH - NE - NY,23318,392.04,600,-800
04/07/2019 10:50,SCH - NPX_1385,325277,50,100,-100
04/07/2019 10:50,SCH - NPX_CSC,325154,0,330,-330
04/07/2019 10:50,SCH - OH - NY,23317,707.42,1300,-1900
04/07/2019 10:50,SCH - PJ - NY,23316,-33.17,2000,-1300
04/07/2019 10:50,SCH - PJM_HTP,325905,0,660,-660
04/07/2019 10:50,SCH - PJM_NEPTUNE,325305,495,660,-660
04/07/2019 10:50,SCH - PJM_VFT,325658,315,315,-315
04/07/2019 10:50,SPR/DUN-SOUTH,23320,2393.44,4600,-9999
04/07/2019 10:50,TOTAL EAST,23314,3416.45,6800,-9999
04/07/2019 10:50,UPNY CONED,23315,2651.72,5700,-9999
04/07/2019 10:50,WEST CENTRAL,23312,309.12,9999,-9999
04/07/2019 11:00,CENTRAL EAST - VC,23330,1643.66,2170,-9999
04/07/2019 11:00,DYSINGER EAST,23326,613.92,2350,-9999
04/07/2019 11:00,MOSES SOUTH,23319,1887.78,3150,-1600
04/07/2019 11:00,SCH - HQ - NY,23324,1365,1450,-1000
04/07/2019 11:00,SCH - HQ_CEDARS,325274,130,160,0
04/07/2019 11:00,SCH - HQ_IMPORT_EXPORT,325376,1260,1310,-9999
04/07/2019 11:00,SCH - NE - NY,23318,241.95,600,-800
04/07/2019 11:00,SCH - NPX_1385,325277,55,100,-100
04/07/2019 11:00,SCH - NPX_CSC,325154,50,330,-330
04/07/2019 11:00,SCH - OH - NY,23317,737.78,1300,-1900
04/07/2019 11:00,SCH - PJ - NY,23316,-33.39,2000,-1300
04/07/2019 11:00,SCH - PJM_HTP,325905,0,660,-660
04/07/2019 11:00,SCH - PJM_NEPTUNE,325305,500,660,-660
04/07/2019 11:00,SCH - PJM_VFT,325658,315,315,-315
04/07/2019 11:00,SPR/DUN-SOUTH,23320,2338.64,4600,-9999
04/07/2019 11:00,TOTAL EAST,23314,3451.4,6800,-9999
04/07/2019 11:00,UPNY CONED,23315,2530.84,5700,-9999
04/07/2019 11:00,WEST CENTRAL,23312,320.75,9999,-9999
04/07/2019 11:05,CENTRAL EAST - VC,23330,1660.68,2170,-9999
04/07/2019 11:05,DYSINGER EAST,23326,671.23,2350,-9999
04/07/2019 11:05,MOSES SOUTH,23319,1788.16,3150,-1600
04/07/2019 11:05,SCH - HQ - NY,23324,1315,1450,-1000
04/07/2019 11:05,SCH - HQ_CEDARS,325274,100,160,0
04/07/2019 11:05,SCH - HQ_IMPORT_EXPORT,325376,1210,1310,-9999
04/07/2019 11:05,SCH - NE - NY,23318,94.69,600,-800
04/07/2019 11:05,SCH - NPX_1385,325277,60,100,-100
04/07/2019 11:05,SCH - NPX_CSC,325154,100,330,-330
04/07/2019 11:05,SCH - OH - NY,23317,765.65,1300,-1900
04/07/2019 11:05,SCH - PJ - NY,23316,-34.4,2000,-1300
04/07/2019 11:05,SCH - PJM_HTP,325905,0,660,-660
04/07/2019 11:05,SCH - PJM_NEPTUNE,325305,505,660,-660
04/07/2019 11:05,SCH - PJM_VFT,325658,315,315,-315
04/07/2019 11:05,SPR/DUN-SOUTH,23320,2293.84,4600,-9999
04/07/2019 11:05,TOTAL EAST,23314,3468.3,6800,-9999
04/07/2019 11:05,UPNY CONED,23315,2422.77,5700,-9999
04/07/2019 11:05,WEST CENTRAL,23312,375.17,9999,-9999
04/07/2019 11:10,CENTRAL EAST - VC,23330,1655.57,2170,-9999
04/07/2019 11:10,DYSINGER EAST,23326,626.04,2350,-9999
04/07/2019 11:10,MOSES SOUTH,23319,1805.29,3150,-1600
04/07/2019 11:10,SCH - HQ - NY,23324,1315,1450,-1000
04/07/2019 11:10,SCH - HQ_CEDARS,325274,100,160,0
04/07/2019 11:10,SCH - HQ_IMPORT_EXPORT,325376,1210,1310,-9999
04/07/2019 11:10,SCH - NE - NY,23318,80.59,600,-800
04/07/2019 11:10,SCH - NPX_1385,325277,60,100,-100
04/07/2019 11:10,SCH - NPX_CSC,325154,100,330,-330
04/07/2019 11:10,SCH - OH - NY,23317,756.68,1300,-1900
04/07/2019 11:10,SCH - PJ - NY,23316,-43.55,2000,-1300
04/07/2019 11:10,SCH - PJM_HTP,325905,0,660,-660
04/07/2019 11:10,SCH - PJM_NEPTUNE,325305,505,660,-660
04/07/2019 11:10,SCH - PJM_VFT,325658,315,315,-315
04/07/2019 11:10,SPR/DUN-SOUTH,23320,2235.51,4600,-9999
04/07/2019 11:10,TOTAL EAST,23314,3425.85,6800,-9999
04/07/2019 11:10,UPNY CONED,23315,2367.1,5700,-9999
04/07/2019 11:10,WEST CENTRAL,23312,331.75,9999,-9999
04/07/2019 11:15,CENTRAL EAST - VC,23330,1671.19,2170,-9999
04/07/2019 11:15,DYSINGER EAST,23326,604.58,2350,-9999
04/07/2019 11:15,MOSES SOUTH,23319,1854.48,3150,-1600
04/07/2019 11:15,SCH - HQ - NY,23324,1315,1450,-1000
04/07/2019 11:15,SCH - HQ_CEDARS,325274,100,160,0
04/07/2019 11:15,SCH - HQ_IMPORT_EXPORT,325376,1210,1310,-9999
04/07/2019 11:15,SCH - NE - NY,23318,58.35,600,-800
04/07/2019 11:15,SCH - NPX_1385,325277,60,100,-100
04/07/2019 11:15,SCH - NPX_CSC,325154,100,330,-330
04/07/2019 11:15,SCH - OH - NY,23317,711.37,1300,-1900
04/07/2019 11:15,SCH - PJ - NY,23316,26.47,2000,-1300
04/07/2019 11:15,SCH - PJM_HTP,325905,0,660,-660
04/07/2019 11:15,SCH - PJM_NEPTUNE,325305,505,660,-660
04/07/2019 11:15,SCH - PJM_VFT,325658,315,315,-315
04/07/2019 11:15,SPR/DUN-SOUTH,23320,2255.6,4600,-9999
04/07/2019 11:15,TOTAL EAST,23314,3476.97,6800,-9999
04/07/2019 11:15,UPNY CONED,23315,2389.05,5700,-9999
04/07/2019 11:15,WEST CENTRAL,23312,311.52,9999,-9999
04/07/2019 11:20,CENTRAL EAST - VC,23330,1707.61,2170,-9999
04/07/2019 11:20,DYSINGER EAST,23326,665.88,2350,-9999
04/07/2019 11:20,MOSES SOUTH,23319,1832.42,3150,-1600
04/07/2019 11:20,SCH - HQ - NY,23324,1315,1450,-1000
04/07/2019 11:20,SCH - HQ_CEDARS,325274,100,160,0
04/07/2019 11:20,SCH - HQ_IMPORT_EXPORT,325376,1210,1310,-9999
04/07/2019 11:20,SCH - NE - NY,23318,50.3,600,-800
04/07/2019 11:20,SCH - NPX_1385,325277,60,100,-100
04/07/2019 11:20,SCH - NPX_CSC,325154,100,330,-330
04/07/2019 11:20,SCH - OH - NY,23317,682.31,1300,-1900
04/07/2019 11:20,SCH - PJ - NY,23316,93.02,2000,-1300
04/07/2019 11:20,SCH - PJM_HTP,325905,0,660,-660
04/07/2019 11:20,SCH - PJM_NEPTUNE,325305,505,660,-660
04/07/2019 11:20,SCH - PJM_VFT,325658,315,315,-315
04/07/2019 11:20,SPR/DUN-SOUTH,23320,2314.14,4600,-9999
04/07/2019 11:20,TOTAL EAST,23314,3529.32,6800,-9999
04/07/2019 11:20,UPNY CONED,23315,2447.34,5700,-9999
04/07/2019 11:20,WEST CENTRAL,23312,373.01,9999,-9999
04/07/2019 11:25,CENTRAL EAST - VC,23330,1727.06,2170,-9999
04/07/2019 11:25,DYSINGER EAST,23326,690.48,2350,-9999
04/07/2019 11:25,MOSES SOUTH,23319,1812.82,3150,-1600
04/07/2019 11:25,SCH - HQ - NY,23324,1315,1450,-1000
04/07/2019 11:25,SCH - HQ_CEDARS,325274,100,160,0
04/07/2019 11:25,SCH - HQ_IMPORT_EXPORT,325376,1210,1310,-9999
04/07/2019 11:25,SCH - NE - NY,23318,50.13,600,-800
04/07/2019 11:25,SCH - NPX_1385,325277,60,100,-100
04/07/2019 11:25,SCH - NPX_CSC,325154,100,330,-330
04/07/2019 11:25,SCH - OH - NY,23317,682.77,1300,-1900
04/07/2019 11:25,SCH - PJ - NY,23316,92.29,2000,-1300
04/07/2019 11:25,SCH - PJM_HTP,325905,0,660,-660
04/07/2019 11:25,SCH - PJM_NEPTUNE,325305,505,660,-660
04/07/2019 11:25,SCH - PJM_VFT,325658,315,315,-315
04/07/2019 11:25,SPR/DUN-SOUTH,23320,2362.21,4600,-9999
04/07/2019 11:25,TOTAL EAST,23314,3547.81,6800,-9999
04/07/2019 11:25,UPNY CONED,23315,2494,5700,-9999
04/07/2019 11:25,WEST CENTRAL,23312,400.12,9999,-9999
04/07/2019 11:30,CENTRAL EAST - VC,23330,1744.02,2170,-9999
04/07/2019 11:30,DYSINGER EAST,23326,712.18,2350,-9999
04/07/2019 11:30,MOSES SOUTH,23319,1789.05,3150,-1600
04/07/2019 11:30,SCH - HQ - NY,23324,1315,1450,-1000
04/07/2019 11:30,SCH - HQ_CEDARS,325274,100,160,0
04/07/2019 11:30,SCH - HQ_IMPORT_EXPORT,325376,1210,1310,-9999
04/07/2019 11:30,SCH - NE - NY,23318,31.65,600,-800
04/07/2019 11:30,SCH - NPX_1385,325277,60,100,-100
04/07/2019 11:30,SCH - NPX_CSC,325154,100,330,-330
04/07/2019 11:30,SCH - OH - NY,23317,682.71,1300,-1900
04/07/2019 11:30,SCH - PJ - NY,23316,96.22,2000,-1300
04/07/2019 11:30,SCH - PJM_HTP,325905,0,660,-660
04/07/2019 11:30,SCH - PJM_NEPTUNE,325305,505,660,-660
04/07/2019 11:30,SCH - PJM_VFT,325658,315,315,-315
04/07/2019 11:30,SPR/DUN-SOUTH,23320,2385.7,4600,-9999
04/07/2019 11:30,TOTAL EAST,23314,3558.85,6800,-9999
04/07/2019 11:30,UPNY CONED,23315,2515.54,5700,-9999
04/07/2019 11:30,WEST CENTRAL,23312,421.29,9999,-9999
04/07/2019 11:35,CENTRAL EAST - VC,23330,1720.29,2170,-9999
04/07/2019 11:35,DYSINGER EAST,23326,652.74,2350,-9999
04/07/2019 11:35,MOSES SOUTH,23319,1799.29,3150,-1600
04/07/2019 11:35,SCH - HQ - NY,23324,1315,1450,-1000
04/07/2019 11:35,SCH - HQ_CEDARS,325274,100,160,0
04/07/2019 11:35,SCH - HQ_IMPORT_EXPORT,325376,1210,1310,-9999
04/07/2019 11:35,SCH - NE - NY,23318,14.45,600,-800
04/07/2019 11:35,SCH - NPX_1385,325277,60,100,-100
04/07/2019 11:35,SCH - NPX_CSC,325154,100,330,-330
04/07/2019 11:35,SCH - OH - NY,23317,682.71,1300,-1900
04/07/2019 11:35,SCH - PJ - NY,23316,96.02,2000,-1300
04/07/2019 11:35,SCH - PJM_HTP,325905,0,660,-660
04/07/2019 11:35,SCH - PJM_NEPTUNE,325305,505,660,-660
04/07/2019 11:35,SCH - PJM_VFT,325658,315,315,-315
04/07/2019 11:35,SPR/DUN-SOUTH,23320,2380.36,4600,-9999
04/07/2019 11:35,TOTAL EAST,23314,3574.42,6800,-9999
04/07/2019 11:35,UPNY CONED,23315,2493.16,5700,-9999
04/07/2019 11:35,WEST CENTRAL,23312,365.01,9999,-9999
04/07/2019 11:40,CENTRAL EAST - VC,23330,1736.5,2170,-9999
04/07/2019 11:40,DYSINGER EAST,23326,684,2350,-9999
04/07/2019 11:40,MOSES SOUTH,23319,1813.67,3150,-1600
04/07/2019 11:40,SCH - HQ - NY,23324,1315,1450,-1000
04/07/2019 11:40,SCH - HQ_CEDARS,325274,100,160,0
04/07/2019 11:40,SCH - HQ_IMPORT_EXPORT,325376,1210,1310,-9999
04/07/2019 11:40,SCH - NE - NY,23318,14.48,600,-800
04/07/2019 11:40,SCH - NPX_1385,325277,60,100,-100
04/07/2019 11:40,SCH - NPX_CSC,325154,100,330,-330
04/07/2019 11:40,SCH - OH - NY,23317,682.81,1300,-1900
04/07/2019 11:40,SCH - PJ - NY,23316,95.82,2000,-1300
04/07/2019 11:40,SCH - PJM_HTP,325905,0,660,-660
04/07/2019 11:40,SCH - PJM_NEPTUNE,325305,505,660,-660
04/07/2019 11:40,SCH - PJM_VFT,325658,315,315,-315
04/07/2019 11:40,SPR/DUN-SOUTH,23320,2387.86,4600,-9999
04/07/2019 11:40,TOTAL EAST,23314,3570.05,6800,-9999
04/07/2019 11:40,UPNY CONED,23315,2498.85,5700,-9999
04/07/2019 11:40,WEST CENTRAL,23312,395.79,9999,-9999
04/07/2019 11:45,CENTRAL EAST - VC,23330,1746.86,2170,-9999
04/07/2019 11:45,DYSINGER EAST,23326,682.84,2350,-9999
04/07/2019 11:45,MOSES SOUTH,23319,1821.22,3150,-1600
04/07/2019 11:45,SCH - HQ - NY,23324,1315,1450,-1000
04/07/2019 11:45,SCH - HQ_CEDARS,325274,100,160,0
04/07/2019 11:45,SCH - HQ_IMPORT_EXPORT,325376,1210,1310,-9999
04/07/2019 11:45,SCH - NE - NY,23318,4.27,600,-800
04/07/2019 11:45,SCH - NPX_1385,325277,60,100,-100
04/07/2019 11:45,SCH - NPX_CSC,325154,100,330,-330
04/07/2019 11:45,SCH - OH - NY,23317,678.27,1300,-1900
04/07/2019 11:45,SCH - PJ - NY,23316,69.56,2000,-1300
04/07/2019 11:45,SCH - PJM_HTP,325905,0,660,-660
04/07/2019 11:45,SCH - PJM_NEPTUNE,325305,505,660,-660
04/07/2019 11:45,SCH - PJM_VFT,325658,315,315,-315
04/07/2019 11:45,SPR/DUN-SOUTH,23320,2391.8,4600,-9999
04/07/2019 11:45,TOTAL EAST,23314,3554.51,6800,-9999
04/07/2019 11:45,UPNY CONED,23315,2497.14,5700,-9999
04/07/2019 11:45,WEST CENTRAL,23312,395.68,9999,-9999
04/07/2019 11:50,CENTRAL EAST - VC,23330,1702.24,2170,-9999
04/07/2019 11:50,DYSINGER EAST,23326,624.42,2350,-9999
04/07/2019 11:50,MOSES SOUTH,23319,1806.01,3150,-1600
04/07/2019 11:50,SCH - HQ - NY,23324,1315,1450,-1000
04/07/2019 11:50,SCH - HQ_CEDARS,325274,100,160,0
04/07/2019 11:50,SCH - HQ_IMPORT_EXPORT,325376,1210,1310,-9999
04/07/2019 11:50,SCH - NE - NY,23318,-5.86,600,-800
04/07/2019 11:50,SCH - NPX_1385,325277,60,100,-100
04/07/2019 11:50,SCH - NPX_CSC,325154,100,330,-330
04/07/2019 11:50,SCH - OH - NY,23317,682.73,1300,-1900
04/07/2019 11:50,SCH - PJ - NY,23316,33.97,2000,-1300
04/07/2019 11:50,SCH - PJM_HTP,325905,0,660,-660
04/07/2019 11:50,SCH - PJM_NEPTUNE,325305,505,660,-660
04/07/2019 11:50,SCH - PJM_VFT,325658,315,315,-315
04/07/2019 11:50,SPR/DUN-SOUTH,23320,2350.11,4600,-9999
04/07/2019 11:50,TOTAL EAST,23314,3530.99,6800,-9999
04/07/2019 11:50,UPNY CONED,23315,2455.01,5700,-9999
04/07/2019 11:50,WEST CENTRAL,23312,340.22,9999,-9999
04/07/2019 11:55,CENTRAL EAST - VC,23330,1715.49,2170,-9999
04/07/2019 11:55,DYSINGER EAST,23326,659.99,2350,-9999
04/07/2019 11:55,MOSES SOUTH,23319,1797.7,3150,-1600
04/07/2019 11:55,SCH - HQ - NY,23324,1315,1450,-1000
04/07/2019 11:55,SCH - HQ_CEDARS,325274,100,160,0
04/07/2019 11:55,SCH - HQ_IMPORT_EXPORT,325376,1210,1310,-9999
04/07/2019 11:55,SCH - NE - NY,23318,-5.83,600,-800
04/07/2019 11:55,SCH - NPX_1385,325277,60,100,-100
04/07/2019 11:55,SCH - NPX_CSC,325154,100,330,-330
04/07/2019 11:55,SCH - OH - NY,23317,682.8,1300,-1900
04/07/2019 11:55,SCH - PJ - NY,23316,30.88,2000,-1300
04/07/2019 11:55,SCH - PJM_HTP,325905,0,660,-660
04/07/2019 11:55,SCH - PJM_NEPTUNE,325305,505,660,-660
04/07/2019 11:55,SCH - PJM_VFT,325658,315,315,-315
04/07/2019 11:55,SPR/DUN-SOUTH,23320,2397.76,4600,-9999
04/07/2019 11:55,TOTAL EAST,23314,3528.65,6800,-9999
04/07/2019 11:55,UPNY CONED,23315,2498.79,5700,-9999
04/07/2019 11:55,WEST CENTRAL,23312,376.77,9999,-9999
04/07/2019 12:00,CENTRAL EAST - VC,23330,1740.28,2170,-9999
04/07/2019 12:00,DYSINGER EAST,23326,650.92,2350,-9999
04/07/2019 12:00,MOSES SOUTH,23319,1796.55,3150,-1600
04/07/2019 12:00,SCH - HQ - NY,23324,1310,1450,-1000
04/07/2019 12:00,SCH - HQ_CEDARS,325274,100,160,0
04/07/2019 12:00,SCH - HQ_IMPORT_EXPORT,325376,1205,1310,-9999
04/07/2019 12:00,SCH - NE - NY,23318,-122.11,600,-800
04/07/2019 12:00,SCH - NPX_1385,325277,42,100,-100
04/07/2019 12:00,SCH - NPX_CSC,325154,147,330,-330
04/07/2019 12:00,SCH - OH - NY,23317,684.76,1300,-1900
04/07/2019 12:00,SCH - PJ - NY,23316,-39.57,2000,-1300
04/07/2019 12:00,SCH - PJM_HTP,325905,0,660,-660
04/07/2019 12:00,SCH - PJM_NEPTUNE,325305,582,660,-660
04/07/2019 12:00,SCH - PJM_VFT,325658,315,315,-315
04/07/2019 12:00,SPR/DUN-SOUTH,23320,2402.83,4600,-9999
04/07/2019 12:00,TOTAL EAST,23314,3461.48,6800,-9999
04/07/2019 12:00,UPNY CONED,23315,2407.2,5700,-9999
04/07/2019 12:00,WEST CENTRAL,23312,368.81,9999,-9999
04/07/2019 12:05,CENTRAL EAST - VC,23330,1711.87,2170,-9999
04/07/2019 12:05,DYSINGER EAST,23326,593.92,2350,-9999
04/07/2019 12:05,MOSES SOUTH,23319,1777.44,3150,-1600
04/07/2019 12:05,SCH - HQ - NY,23324,1305,1450,-1000
04/07/2019 12:05,SCH - HQ_CEDARS,325274,100,160,0
04/07/2019 12:05,SCH - HQ_IMPORT_EXPORT,325376,1200,1310,-9999
04/07/2019 12:05,SCH - NE - NY,23318,-239.58,600,-800
04/07/2019 12:05,SCH - NPX_1385,325277,25,100,-100
04/07/2019 12:05,SCH - NPX_CSC,325154,194,330,-330
04/07/2019 12:05,SCH - OH - NY,23317,686.67,1300,-1900
04/07/2019 12:05,SCH - PJ - NY,23316,-111.15,2000,-1300
04/07/2019 12:05,SCH - PJM_HTP,325905,0,660,-660
04/07/2019 12:05,SCH - PJM_NEPTUNE,325305,660,660,-660
04/07/2019 12:05,SCH - PJM_VFT,325658,315,315,-315
04/07/2019 12:05,SPR/DUN-SOUTH,23320,2380.84,4600,-9999
04/07/2019 12:05,TOTAL EAST,23314,3409.03,6800,-9999
04/07/2019 12:05,UPNY CONED,23315,2281.16,5700,-9999
04/07/2019 12:05,WEST CENTRAL,23312,313.09,9999,-9999
04/07/2019 12:10,CENTRAL EAST - VC,23330,1723.66,2170,-9999
04/07/2019 12:10,DYSINGER EAST,23326,570.98,2350,-9999
04/07/2019 12:10,MOSES SOUTH,23319,1813.15,3150,-1600
04/07/2019 12:10,SCH - HQ - NY,23324,1305,1450,-1000
04/07/2019 12:10,SCH - HQ_CEDARS,325274,100,160,0
04/07/2019 12:10,SCH - HQ_IMPORT_EXPORT,325376,1200,1310,-9999
04/07/2019 12:10,SCH - NE - NY,23318,-239.21,600,-800
04/07/2019 12:10,SCH - NPX_1385,325277,25,100,-100
04/07/2019 12:10,SCH - NPX_CSC,325154,194,330,-330
04/07/2019 12:10,SCH - OH - NY,23317,686.7,1300,-1900
04/07/2019 12:10,SCH - PJ - NY,23316,-110.01,2000,-1300
04/07/2019 12:10,SCH - PJM_HTP,325905,0,660,-660
04/07/2019 12:10,SCH - PJM_NEPTUNE,325305,660,660,-660
04/07/2019 12:10,SCH - PJM_VFT,325658,315,315,-315
04/07/2019 12:10,SPR/DUN-SOUTH,23320,2392.14,4600,-9999
04/07/2019 12:10,TOTAL EAST,23314,3419.37,6800,-9999
04/07/2019 12:10,UPNY CONED,23315,2299.49,5700,-9999
04/07/2019 12:10,WEST CENTRAL,23312,291.54,9999,-9999
04/07/2019 12:15,CENTRAL EAST - VC,23330,1705.41,2170,-9999
04/07/2019 12:15,DYSINGER EAST,23326,554.23,2350,-9999
04/07/2019 12:15,MOSES SOUTH,23319,1796.11,3150,-1600
04/07/2019 12:15,SCH - HQ - NY,23324,1305,1450,-1000
04/07/2019 12:15,SCH - HQ_CEDARS,325274,100,160,0
04/07/2019 12:15,SCH - HQ_IMPORT_EXPORT,325376,1200,1310,-9999
04/07/2019 12:15,SCH - NE - NY,23318,-190.2,600,-800
04/07/2019 12:15,SCH - NPX_1385,325277,25,100,-100
04/07/2019 12:15,SCH - NPX_CSC,325154,194,330,-330
04/07/2019 12:15,SCH - OH - NY,23317,686.64,1300,-1900
04/07/2019 12:15,SCH - PJ - NY,23316,-36.85,2000,-1300
04/07/2019 12:15,SCH - PJM_HTP,325905,0,660,-660
04/07/2019 12:15,SCH - PJM_NEPTUNE,325305,660,660,-660
04/07/2019 12:15,SCH - PJM_VFT,325658,315,315,-315
04/07/2019 12:15,SPR/DUN-SOUTH,23320,2458.94,4600,-9999
04/07/2019 12:15,TOTAL EAST,23314,3487.65,6800,-9999
04/07/2019 12:15,UPNY CONED,23315,2377.48,5700,-9999
04/07/2019 12:15,WEST CENTRAL,23312,275.2,9999,-9999
04/07/2019 12:20,CENTRAL EAST - VC,23330,1710.27,2170,-9999
04/07/2019 12:20,DYSINGER EAST,23326,526.12,2350,-9999
04/07/2019 12:20,MOSES SOUTH,23319,1803.01,3150,-1600
04/07/2019 12:20,SCH - HQ - NY,23324,1305,1450,-1000
04/07/2019 12:20,SCH - HQ_CEDARS,325274,100,160,0
04/07/2019 12:20,SCH - HQ_IMPORT_EXPORT,325376,1200,1310,-9999
04/07/2019 12:20,SCH - NE - NY,23318,-142.36,600,-800
04/07/2019 12:20,SCH - NPX_1385,325277,25,100,-100
04/07/2019 12:20,SCH - NPX_CSC,325154,194,330,-330
04/07/2019 12:20,SCH - OH - NY,23317,686.64,1300,-1900
04/07/2019 12:20,SCH - PJ - NY,23316,39.68,2000,-1300
04/07/2019 12:20,SCH - PJM_HTP,325905,0,660,-660
04/07/2019 12:20,SCH - PJM_NEPTUNE,325305,660,660,-660
04/07/2019 12:20,SCH - PJM_VFT,325658,315,315,-315
04/07/2019 12:20,SPR/DUN-SOUTH,23320,2474.44,4600,-9999
04/07/2019 12:20,TOTAL EAST,23314,3488.58,6800,-9999
04/07/2019 12:20,UPNY CONED,23315,2411.96,5700,-9999
04/07/2019 12:20,WEST CENTRAL,23312,250.91,9999,-9999
04/07/2019 12:25,CENTRAL EAST - VC,23330,1730.79,2170,-9999
04/07/2019 12:25,DYSINGER EAST,23326,549.69,2350,-9999
04/07/2019 12:25,MOSES SOUTH,23319,1807.99,3150,-1600
04/07/2019 12:25,SCH - HQ - NY,23324,1305,1450,-1000
04/07/2019 12:25,SCH - HQ_CEDARS,325274,100,160,0
04/07/2019 12:25,SCH - HQ_IMPORT_EXPORT,325376,1200,1310,-9999
04/07/2019 12:25,SCH - NE - NY,23318,-142.43,600,-800
04/07/2019 12:25,SCH - NPX_1385,325277,25,100,-100
04/07/2019 12:25,SCH - NPX_CSC,325154,194,330,-330
04/07/2019 12:25,SCH - OH - NY,23317,686.65,1300,-1900
04/07/2019 12:25,SCH - PJ - NY,23316,37.94,2000,-1300
04/07/2019 12:25,SCH - PJM_HTP,325905,0,660,-660
04/07/2019 12:25,SCH - PJM_NEPTUNE,325305,660,660,-660
04/07/2019 12:25,SCH - PJM_VFT,325658,315,315,-315
04/07/2019 12:25,SPR/DUN-SOUTH,23320,2477.45,4600,-9999
04/07/2019 12:25,TOTAL EAST,23314,3492.67,6800,-9999
04/07/2019 12:25,UPNY CONED,23315,2406.85,5700,-9999
04/07/2019 12:25,WEST CENTRAL,23312,276.78,9999,-9999
04/07/2019 12:30,CENTRAL EAST - VC,23330,1718.73,2170,-9999
04/07/2019 12:30,DYSINGER EAST,23326,598.89,2350,-9999
04/07/2019 12:30,MOSES SOUTH,23319,1777.03,3150,-1600
04/07/2019 12:30,SCH - HQ - NY,23324,1305,1450,-1000
04/07/2019 12:30,SCH - HQ_CEDARS,325274,100,160,0
04/07/2019 12:30,SCH - HQ_IMPORT_EXPORT,325376,1200,1310,-9999
04/07/2019 12:30,SCH - NE - NY,23318,-142.69,600,-800
04/07/2019 12:30,SCH - NPX_1385,325277,25,100,-100
04/07/2019 12:30,SCH - NPX_CSC,325154,194,330,-330
04/07/2019 12:30,SCH - OH - NY,23317,686.68,1300,-1900
04/07/2019 12:30,SCH - PJ - NY,23316,-34.75,2000,-1300
04/07/2019 12:30,SCH - PJM_HTP,325905,0,660,-660
04/07/2019 12:30,SCH - PJM_NEPTUNE,325305,660,660,-660
04/07/2019 12:30,SCH - PJM_VFT,325658,315,315,-315
04/07/2019 12:30,SPR/DUN-SOUTH,23320,2489.24,4600,-9999
04/07/2019 12:30,TOTAL EAST,23314,3441.37,6800,-9999
04/07/2019 12:30,UPNY CONED,23315,2406.41,5700,-9999
04/07/2019 12:30,WEST CENTRAL,23312,326.88,9999,-9999
04/07/2019 12:35,CENTRAL EAST - VC,23330,1682.42,2170,-9999
04/07/2019 12:35,DYSINGER EAST,23326,527.06,2350,-9999
04/07/2019 12:35,MOSES SOUTH,23319,1774.82,3150,-1600
04/07/2019 12:35,SCH - HQ - NY,23324,1305,1450,-1000
04/07/2019 12:35,SCH - HQ_CEDARS,325274,100,160,0
04/07/2019 12:35,SCH - HQ_IMPORT_EXPORT,325376,1200,1310,-9999
04/07/2019 12:35,SCH - NE - NY,23318,-142.8,600,-800
04/07/2019 12:35,SCH - NPX_1385,325277,25,100,-100
04/07/2019 12:35,SCH - NPX_CSC,325154,194,330,-330
04/07/2019 12:35,SCH - OH - NY,23317,686.59,1300,-1900
04/07/2019 12:35,SCH - PJ - NY,23316,-111.71,2000,-1300
04/07/2019 12:35,SCH - PJM_HTP,325905,0,660,-660
04/07/2019 12:35,SCH - PJM_NEPTUNE,325305,660,660,-660
04/07/2019 12:35,SCH - PJM_VFT,325658,315,315,-315
04/07/2019 12:35,SPR/DUN-SOUTH,23320,2476.73,4600,-9999
04/07/2019 12:35,TOTAL EAST,23314,3357.19,6800,-9999
04/07/2019 12:35,UPNY CONED,23315,2402.03,5700,-9999
04/07/2019 12:35,WEST CENTRAL,23312,256.8,9999,-9999
04/07/2019 12:40,CENTRAL EAST - VC,23330,1709.16,2170,-9999
04/07/2019 12:40,DYSINGER EAST,23326,532.95,2350,-9999
04/07/2019 12:40,MOSES SOUTH,23319,1795.07,3150,-1600
04/07/2019 12:40,SCH - HQ - NY,23324,1305,1450,-1000
04/07/2019 12:40,SCH - HQ_CEDARS,325274,100,160,0
04/07/2019 12:40,SCH - HQ_IMPORT_EXPORT,325376,1200,1310,-9999
04/07/2019 12:40,SCH - NE - NY,23318,-142.81,600,-800
04/07/2019 12:40,SCH - NPX_1385,325277,25,100,-100
04/07/2019 12:40,SCH - NPX_CSC,325154,194,330,-330
04/07/2019 12:40,SCH - OH - NY,23317,686.63,1300,-1900
04/07/2019 12:40,SCH - PJ - NY,23316,-110.68,2000,-1300
04/07/2019 12:40,SCH - PJM_HTP,325905,0,660,-660
04/07/2019 12:40,SCH - PJM_NEPTUNE,325305,660,660,-660
04/07/2019 12:40,SCH - PJM_VFT,325658,315,315,-315
04/07/2019 12:40,SPR/DUN-SOUTH,23320,2488.3,4600,-9999
04/07/2019 12:40,TOTAL EAST,23314,3385.02,6800,-9999
04/07/2019 12:40,UPNY CONED,23315,2427.06,5700,-9999
04/07/2019 12:40,WEST CENTRAL,23312,265.65,9999,-9999
04/07/2019 12:45,CENTRAL EAST - VC,23330,1697.02,2170,-9999
04/07/2019 12:45,DYSINGER EAST,23326,504.44,2350,-9999
04/07/2019 12:45,MOSES SOUTH,23319,1805.48,3150,-1600
04/07/2019 12:45,SCH - HQ - NY,23324,1305,1450,-1000
04/07/2019 12:45,SCH - HQ_CEDARS,325274,100,160,0
04/07/2019 12:45,SCH - HQ_IMPORT_EXPORT,325376,1200,1310,-9999
04/07/2019 12:45,SCH - NE - NY,23318,-142.68,600,-800
04/07/2019 12:45,SCH - NPX_1385,325277,25,100,-100
04/07/2019 12:45,SCH - NPX_CSC,325154,194,330,-330
04/07/2019 12:45,SCH - OH - NY,23317,686.66,1300,-1900
04/07/2019 12:45,SCH - PJ - NY,23316,-111.2,2000,-1300
04/07/2019 12:45,SCH - PJM_HTP,325905,0,660,-660
04/07/2019 12:45,SCH - PJM_NEPTUNE,325305,660,660,-660
04/07/2019 12:45,SCH - PJM_VFT,325658,315,315,-315
04/07/2019 12:45,SPR/DUN-SOUTH,23320,2476.51,4600,-9999
04/07/2019 12:45,TOTAL EAST,23314,3393.56,6800,-9999
04/07/2019 12:45,UPNY CONED,23315,2419.22,5700,-9999
04/07/2019 12:45,WEST CENTRAL,23312,238.36,9999,-9999
04/07/2019 12:50,CENTRAL EAST - VC,23330,1716.05,2170,-9999
04/07/2019 12:50,DYSINGER EAST,23326,515.61,2350,-9999
04/07/2019 12:50,MOSES SOUTH,23319,1817.91,3150,-1600
04/07/2019 12:50,SCH - HQ - NY,23324,1305,1450,-1000
04/07/2019 12:50,SCH - HQ_CEDARS,325274,100,160,0
04/07/2019 12:50,SCH - HQ_IMPORT_EXPORT,325376,1200,1310,-9999
04/07/2019 12:50,SCH - NE - NY,23318,-142.59,600,-800
04/07/2019 12:50,SCH - NPX_1385,325277,25,100,-100
04/07/2019 12:50,SCH - NPX_CSC,325154,194,330,-330
04/07/2019 12:50,SCH - OH - NY,23317,686.68,1300,-1900
04/07/2019 12:50,SCH - PJ - NY,23316,-111.29,2000,-1300
04/07/2019 12:50,SCH - PJM_HTP,325905,0,660,-660
04/07/2019 12:50,SCH - PJM_NEPTUNE,325305,660,660,-660
04/07/2019 12:50,SCH - PJM_VFT,325658,315,315,-315
04/07/2019 12:50,SPR/DUN-SOUTH,23320,2487.21,4600,-9999
04/07/2019 12:50,TOTAL EAST,23314,3400.95,6800,-9999
04/07/2019 12:50,UPNY CONED,23315,2425.76,5700,-9999
04/07/2019 12:50,WEST CENTRAL,23312,250.45,9999,-9999
04/07/2019 12:55,CENTRAL EAST - VC,23330,1717.46,2170,-9999
04/07/2019 12:55,DYSINGER EAST,23326,508.13,2350,-9999
04/07/2019 12:55,MOSES SOUTH,23319,1807.4,3150,-1600
04/07/2019 12:55,SCH - HQ - NY,23324,1305,1450,-1000
04/07/2019 12:55,SCH - HQ_CEDARS,325274,100,160,0
04/07/2019 12:55,SCH - HQ_IMPORT_EXPORT,325376,1200,1310,-9999
04/07/2019 12:55,SCH - NE - NY,23318,-142.71,600,-800
04/07/2019 12:55,SCH - NPX_1385,325277,25,100,-100
04/07/2019 12:55,SCH - NPX_CSC,325154,194,330,-330
04/07/2019 12:55,SCH - OH - NY,23317,686.61,1300,-1900
04/07/2019 12:55,SCH - PJ - NY,23316,-112.82,2000,-1300
04/07/2019 12:55,SCH - PJM_HTP,325905,0,660,-660
04/07/2019 12:55,SCH - PJM_NEPTUNE,325305,660,660,-660
04/07/2019 12:55,SCH - PJM_VFT,325658,315,315,-315
04/07/2019 12:55,SPR/DUN-SOUTH,23320,2495.04,4600,-9999
04/07/2019 12:55,TOTAL EAST,23314,3406.67,6800,-9999
04/07/2019 12:55,UPNY CONED,23315,2432.18,5700,-9999
04/07/2019 12:55,WEST CENTRAL,23312,249.07,9999,-9999
04/07/2019 13:00,CENTRAL EAST - VC,23330,1662.12,2170,-9999
04/07/2019 13:00,DYSINGER EAST,23326,435.95,2350,-9999
04/07/2019 13:00,MOSES SOUTH,23319,1813.64,3150,-1600
04/07/2019 13:00,SCH - HQ - NY,23324,1304,1450,-1000
04/07/2019 13:00,SCH - HQ_CEDARS,325274,100,160,0
04/07/2019 13:00,SCH - HQ_IMPORT_EXPORT,325376,1199,1310,-9999
04/07/2019 13:00,SCH - NE - NY,23318,10.38,600,-800
04/07/2019 13:00,SCH - NPX_1385,325277,42,100,-100
04/07/2019 13:00,SCH - NPX_CSC,325154,147,330,-330
04/07/2019 13:00,SCH - OH - NY,23317,621.68,1300,-1900
04/07/2019 13:00,SCH - PJ - NY,23316,-114.51,2000,-1300
04/07/2019 13:00,SCH - PJM_HTP,325905,0,660,-660
04/07/2019 13:00,SCH - PJM_NEPTUNE,325305,660,660,-660
04/07/2019 13:00,SCH - PJM_VFT,325658,273,315,-315
04/07/2019 13:00,SPR/DUN-SOUTH,23320,2516.72,4600,-9999
04/07/2019 13:00,TOTAL EAST,23314,3357.22,6800,-9999
04/07/2019 13:00,UPNY CONED,23315,2472.8,5700,-9999
04/07/2019 13:00,WEST CENTRAL,23312,179.28,9999,-9999
04/07/2019 13:05,CENTRAL EAST - VC,23330,1641.61,2170,-9999
04/07/2019 13:05,DYSINGER EAST,23326,431.06,2350,-9999
04/07/2019 13:05,MOSES SOUTH,23319,1819.56,3150,-1600
04/07/2019 13:05,SCH - HQ - NY,23324,1304,1450,-1000
04/07/2019 13:05,SCH - HQ_CEDARS,325274,100,160,0
04/07/2019 13:05,SCH - HQ_IMPORT_EXPORT,325376,1199,1310,-9999
04/07/2019 13:05,SCH - NE - NY,23318,163.31,600,-800
04/07/2019 13:05,SCH - NPX_1385,325277,60,100,-100
04/07/2019 13:05,SCH - NPX_CSC,325154,100,330,-330
04/07/2019 13:05,SCH - OH - NY,23317,556.78,1300,-1900
04/07/2019 13:05,SCH - PJ - NY,23316,-116.75,2000,-1300
04/07/2019 13:05,SCH - PJM_HTP,325905,0,660,-660
04/07/2019 13:05,SCH - PJM_NEPTUNE,325305,660,660,-660
04/07/2019 13:05,SCH - PJM_VFT,325658,232,315,-315
04/07/2019 13:05,SPR/DUN-SOUTH,23320,2572.53,4600,-9999
04/07/2019 13:05,TOTAL EAST,23314,3297.51,6800,-9999
04/07/2019 13:05,UPNY CONED,23315,2569.86,5700,-9999
04/07/2019 13:05,WEST CENTRAL,23312,174.4,9999,-9999
04/07/2019 13:10,CENTRAL EAST - VC,23330,1668.33,2170,-9999
04/07/2019 13:10,DYSINGER EAST,23326,520.06,2350,-9999
04/07/2019 13:10,MOSES SOUTH,23319,1794.96,3150,-1600
04/07/2019 13:10,SCH - HQ - NY,23324,1304,1450,-1000
04/07/2019 13:10,SCH - HQ_CEDARS,325274,100,160,0
04/07/2019 13:10,SCH - HQ_IMPORT_EXPORT,325376,1199,1310,-9999
04/07/2019 13:10,SCH - NE - NY,23318,162.96,600,-800
04/07/2019 13:10,SCH - NPX_1385,325277,60,100,-100
04/07/2019 13:10,SCH - NPX_CSC,325154,100,330,-330
04/07/2019 13:10,SCH - OH - NY,23317,552.44,1300,-1900
04/07/2019 13:10,SCH - PJ - NY,23316,-111.67,2000,-1300
04/07/2019 13:10,SCH - PJM_HTP,325905,0,660,-660
04/07/2019 13:10,SCH - PJM_NEPTUNE,325305,660,660,-660
04/07/2019 13:10,SCH - PJM_VFT,325658,232,315,-315
04/07/2019 13:10,SPR/DUN-SOUTH,23320,2572.36,4600,-9999
04/07/2019 13:10,TOTAL EAST,23314,3284.31,6800,-9999
04/07/2019 13:10,UPNY CONED,23315,2547.94,5700,-9999
04/07/2019 13:10,WEST CENTRAL,23312,262.13,9999,-9999
04/07/2019 13:15,CENTRAL EAST - VC,23330,1590.46,2110,-9999
04/07/2019 13:15,DYSINGER EAST,23326,470.27,2350,-9999
04/07/2019 13:15,MOSES SOUTH,23319,1793.91,3150,-1600
04/07/2019 13:15,SCH - HQ - NY,23324,1304,1450,-1000
04/07/2019 13:15,SCH - HQ_CEDARS,325274,100,160,0
04/07/2019 13:15,SCH - HQ_IMPORT_EXPORT,325376,1199,1310,-9999
04/07/2019 13:15,SCH - NE - NY,23318,198.42,600,-800
04/07/2019 13:15,SCH - NPX_1385,325277,60,100,-100
04/07/2019 13:15,SCH - NPX_CSC,325154,100,330,-330
04/07/2019 13:15,SCH - OH - NY,23317,552.47,1300,-1900
04/07/2019 13:15,SCH - PJ - NY,23316,-112.59,2000,-1300
04/07/2019 13:15,SCH - PJM_HTP,325905,0,660,-660
04/07/2019 13:15,SCH - PJM_NEPTUNE,325305,660,660,-660
04/07/2019 13:15,SCH - PJM_VFT,325658,239,315,-315
04/07/2019 13:15,SPR/DUN-SOUTH,23320,2571.44,4600,-9999
04/07/2019 13:15,TOTAL EAST,23314,3247.43,6800,-9999
04/07/2019 13:15,UPNY CONED,23315,2557.58,5700,-9999
04/07/2019 13:15,WEST CENTRAL,23312,212.69,9999,-9999
04/07/2019 13:21,CENTRAL EAST - VC,23330,1538.48,2110,-9999
04/07/2019 13:21,DYSINGER EAST,23326,448.79,2350,-9999
04/07/2019 13:21,MOSES SOUTH,23319,1799.18,3150,-1600
04/07/2019 13:21,SCH - HQ - NY,23324,1304,1450,-1000
04/07/2019 13:21,SCH - HQ_CEDARS,325274,100,160,0
04/07/2019 13:21,SCH - HQ_IMPORT_EXPORT,325376,1199,1310,-9999
04/07/2019 13:21,SCH - NE - NY,23318,229.91,600,-800
04/07/2019 13:21,SCH - NPX_1385,325277,60,100,-100
04/07/2019 13:21,SCH - NPX_CSC,325154,100,330,-330
04/07/2019 13:21,SCH - OH - NY,23317,552.91,1300,-1900
04/07/2019 13:21,SCH - PJ - NY,23316,-109.16,2000,-1300
04/07/2019 13:21,SCH - PJM_HTP,325905,0,660,-660
04/07/2019 13:21,SCH - PJM_NEPTUNE,325305,660,660,-660
04/07/2019 13:21,SCH - PJM_VFT,325658,246,315,-315
04/07/2019 13:21,SPR/DUN-SOUTH,23320,2501.09,4600,-9999
04/07/2019 13:21,TOTAL EAST,23314,3311.76,6800,-9999
04/07/2019 13:21,UPNY CONED,23315,2440.78,5700,-9999
04/07/2019 13:21,WEST CENTRAL,23312,191.02,9999,-9999
04/07/2019 13:23,CENTRAL EAST - VC,23330,1602.35,2110,-9999
04/07/2019 13:23,DYSINGER EAST,23326,502.37,2350,-9999
04/07/2019 13:23,MOSES SOUTH,23319,1767.72,3150,-1600
04/07/2019 13:23,SCH - HQ - NY,23324,1304,1450,-1000
04/07/2019 13:23,SCH - HQ_CEDARS,325274,100,160,0
04/07/2019 13:23,SCH - HQ_IMPORT_EXPORT,325376,1199,1310,-9999
04/07/2019 13:23,SCH - NE - NY,23318,229.93,600,-800
04/07/2019 13:23,SCH - NPX_1385,325277,60,100,-100
04/07/2019 13:23,SCH - NPX_CSC,325154,100,330,-330
04/07/2019 13:23,SCH - OH - NY,23317,556.78,1300,-1900
04/07/2019 13:23,SCH - PJ - NY,23316,-110.13,2000,-1300
04/07/2019 13:23,SCH - PJM_HTP,325905,0,660,-660
04/07/2019 13:23,SCH - PJM_NEPTUNE,325305,660,660,-660
04/07/2019 13:23,SCH - PJM_VFT,325658,246,315,-315
04/07/2019 13:23,SPR/DUN-SOUTH,23320,2539.27,4600,-9999
04/07/2019 13:23,TOTAL EAST,23314,3330.96,6800,-9999
04/07/2019 13:23,UPNY CONED,23315,2479.83,5700,-9999
04/07/2019 13:23,WEST CENTRAL,23312,241.94,9999,-9999
04/07/2019 13:30,CENTRAL EAST - VC,23330,1630.05,2110,-9999
04/07/2019 13:30,DYSINGER EAST,23326,527.79,2350,-9999
04/07/2019 13:30,MOSES SOUTH,23319,1756.67,3150,-1600
04/07/2019 13:30,SCH - HQ - NY,23324,1304,1450,-1000
04/07/2019 13:30,SCH - HQ_CEDARS,325274,100,160,0
04/07/2019 13:30,SCH - HQ_IMPORT_EXPORT,325376,1199,1310,-9999
04/07/2019 13:30,SCH - NE - NY,23318,118.24,600,-800
04/07/2019 13:30,SCH - NPX_1385,325277,60,100,-100
04/07/2019 13:30,SCH - NPX_CSC,325154,100,330,-330
04/07/2019 13:30,SCH - OH - NY,23317,556.79,1300,-1900
04/07/2019 13:30,SCH - PJ - NY,23316,-114.31,2000,-1300
04/07/2019 13:30,SCH - PJM_HTP,325905,0,660,-660
04/07/2019 13:30,SCH - PJM_NEPTUNE,325305,660,660,-660
04/07/2019 13:30,SCH - PJM_VFT,325658,239,315,-315
04/07/2019 13:30,SPR/DUN-SOUTH,23320,2541.55,4600,-9999
04/07/2019 13:30,TOTAL EAST,23314,3381.8,6800,-9999
04/07/2019 13:30,UPNY CONED,23315,2495.46,5700,-9999
04/07/2019 13:30,WEST CENTRAL,23312,271.76,9999,-9999
04/07/2019 13:35,CENTRAL EAST - VC,23330,1653.04,2110,-9999
04/07/2019 13:35,DYSINGER EAST,23326,551.8,2350,-9999
04/07/2019 13:35,MOSES SOUTH,23319,1751.81,3150,-1600
04/07/2019 13:35,SCH - HQ - NY,23324,1304,1450,-1000
04/07/2019 13:35,SCH - HQ_CEDARS,325274,100,160,0
04/07/2019 13:35,SCH - HQ_IMPORT_EXPORT,325376,1199,1310,-9999
04/07/2019 13:35,SCH - NE - NY,23318,1.16,600,-800
04/07/2019 13:35,SCH - NPX_1385,325277,60,100,-100
04/07/2019 13:35,SCH - NPX_CSC,325154,100,330,-330
04/07/2019 13:35,SCH - OH - NY,23317,556.82,1300,-1900
04/07/2019 13:35,SCH - PJ - NY,23316,-115.3,2000,-1300
04/07/2019 13:35,SCH - PJM_HTP,325905,0,660,-660
04/07/2019 13:35,SCH - PJM_NEPTUNE,325305,660,660,-660
04/07/2019 13:35,SCH - PJM_VFT,325658,232,315,-315
04/07/2019 13:35,SPR/DUN-SOUTH,23320,2467.75,4600,-9999
04/07/2019 13:35,TOTAL EAST,23314,3405.81,6800,-9999
04/07/2019 13:35,UPNY CONED,23315,2415.82,5700,-9999
04/07/2019 13:35,WEST CENTRAL,23312,298.61,9999,-9999
04/07/2019 13:40,CENTRAL EAST - VC,23330,1652.2,2110,-9999
04/07/2019 13:40,DYSINGER EAST,23326,542.67,2350,-9999
04/07/2019 13:40,MOSES SOUTH,23319,1749.55,3150,-1600
04/07/2019 13:40,SCH - HQ - NY,23324,1304,1450,-1000
04/07/2019 13:40,SCH - HQ_CEDARS,325274,100,160,0
04/07/2019 13:40,SCH - HQ_IMPORT_EXPORT,325376,1199,1310,-9999
04/07/2019 13:40,SCH - NE - NY,23318,1.17,600,-800
04/07/2019 13:40,SCH - NPX_1385,325277,60,100,-100
04/07/2019 13:40,SCH - NPX_CSC,325154,100,330,-330
04/07/2019 13:40,SCH - OH - NY,23317,556.8,1300,-1900
04/07/2019 13:40,SCH - PJ - NY,23316,-115.32,2000,-1300
04/07/2019 13:40,SCH - PJM_HTP,325905,0,660,-660
04/07/2019 13:40,SCH - PJM_NEPTUNE,325305,660,660,-660
04/07/2019 13:40,SCH - PJM_VFT,325658,232,315,-315
04/07/2019 13:40,SPR/DUN-SOUTH,23320,2454.01,4600,-9999
04/07/2019 13:40,TOTAL EAST,23314,3416.76,6800,-9999
04/07/2019 13:40,UPNY CONED,23315,2395.85,5700,-9999
04/07/2019 13:40,WEST CENTRAL,23312,289.55,9999,-9999
04/07/2019 13:45,CENTRAL EAST - VC,23330,1638.03,2110,-9999
04/07/2019 13:45,DYSINGER EAST,23326,503.95,2350,-9999
04/07/2019 13:45,MOSES SOUTH,23319,1760.9,3150,-1600
04/07/2019 13:45,SCH - HQ - NY,23324,1304,1450,-1000
04/07/2019 13:45,SCH - HQ_CEDARS,325274,100,160,0
04/07/2019 13:45,SCH - HQ_IMPORT_EXPORT,325376,1199,1310,-9999
04/07/2019 13:45,SCH - NE - NY,23318,22.7,600,-800
04/07/2019 13:45,SCH - NPX_1385,325277,60,100,-100
04/07/2019 13:45,SCH - NPX_CSC,325154,100,330,-330
04/07/2019 13:45,SCH - OH - NY,23317,556.77,1300,-1900
04/07/2019 13:45,SCH - PJ - NY,23316,-112.92,2000,-1300
04/07/2019 13:45,SCH - PJM_HTP,325905,0,660,-660
04/07/2019 13:45,SCH - PJM_NEPTUNE,325305,660,660,-660
04/07/2019 13:45,SCH - PJM_VFT,325658,273,315,-315
04/07/2019 13:45,SPR/DUN-SOUTH,23320,2478.08,4600,-9999
04/07/2019 13:45,TOTAL EAST,23314,3424.76,6800,-9999
04/07/2019 13:45,UPNY CONED,23315,2414.89,5700,-9999
04/07/2019 13:45,WEST CENTRAL,23312,251.16,9999,-9999
04/07/2019 13:50,CENTRAL EAST - VC,23330,1615.99,2110,-9999
04/07/2019 13:50,DYSINGER EAST,23326,439.83,2350,-9999
04/07/2019 13:50,MOSES SOUTH,23319,1760.79,3150,-1600
04/07/2019 13:50,SCH - HQ - NY,23324,1304,1450,-1000
04/07/2019 13:50,SCH - HQ_CEDARS,325274,100,160,0
04/07/2019 13:50,SCH - HQ_IMPORT_EXPORT,325376,1199,1310,-9999
04/07/2019 13:50,SCH - NE - NY,23318,45.16,600,-800
04/07/2019 13:50,SCH - NPX_1385,325277,60,100,-100
04/07/2019 13:50,SCH - NPX_CSC,325154,100,330,-330
04/07/2019 13:50,SCH - OH - NY,23317,556.74,1300,-1900
04/07/2019 13:50,SCH - PJ - NY,23316,-113.26,2000,-1300
04/07/2019 13:50,SCH - PJM_HTP,325905,0,660,-660
04/07/2019 13:50,SCH - PJM_NEPTUNE,325305,660,660,-660
04/07/2019 13:50,SCH - PJM_VFT,325658,315,315,-315
04/07/2019 13:50,SPR/DUN-SOUTH,23320,2446.34,4600,-9999
04/07/2019 13:50,TOTAL EAST,23314,3353.62,6800,-9999
04/07/2019 13:50,UPNY CONED,23315,2376.8,5700,-9999
04/07/2019 13:50,WEST CENTRAL,23312,188.44,9999,-9999
04/07/2019 13:55,CENTRAL EAST - VC,23330,1643.01,2110,-9999
04/07/2019 13:55,DYSINGER EAST,23326,468.01,2350,-9999
04/07/2019 13:55,MOSES SOUTH,23319,1791.03,3150,-1600
04/07/2019 13:55,SCH - HQ - NY,23324,1304,1450,-1000
04/07/2019 13:55,SCH - HQ_CEDARS,325274,100,160,0
04/07/2019 13:55,SCH - HQ_IMPORT_EXPORT,325376,1199,1310,-9999
04/07/2019 13:55,SCH - NE - NY,23318,45.14,600,-800
04/07/2019 13:55,SCH - NPX_1385,325277,60,100,-100
04/07/2019 13:55,SCH - NPX_CSC,325154,100,330,-330
04/07/2019 13:55,SCH - OH - NY,23317,556.78,1300,-1900
04/07/2019 13:55,SCH - PJ - NY,23316,-112.14,2000,-1300
04/07/2019 13:55,SCH - PJM_HTP,325905,0,660,-660
04/07/2019 13:55,SCH - PJM_NEPTUNE,325305,660,660,-660
04/07/2019 13:55,SCH - PJM_VFT,325658,315,315,-315
04/07/2019 13:55,SPR/DUN-SOUTH,23320,2467.45,4600,-9999
04/07/2019 13:55,TOTAL EAST,23314,3345.18,6800,-9999
04/07/2019 13:55,UPNY CONED,23315,2401.41,5700,-9999
04/07/2019 13:55,WEST CENTRAL,23312,217.52,9999,-9999
04/07/2019 14:00,CENTRAL EAST - VC,23330,1677.06,2110,-9999
04/07/2019 14:00,DYSINGER EAST,23326,542.11,2350,-9999
04/07/2019 14:00,MOSES SOUTH,23319,1794.59,3150,-1600
04/07/2019 14:00,SCH - HQ - NY,23324,1300,1450,-1000
04/07/2019 14:00,SCH - HQ_CEDARS,325274,100,160,0
04/07/2019 14:00,SCH - HQ_IMPORT_EXPORT,325376,1195,1310,-9999
04/07/2019 14:00,SCH - NE - NY,23318,138.86,600,-800
04/07/2019 14:00,SCH - NPX_1385,325277,42,100,-100
04/07/2019 14:00,SCH - NPX_CSC,325154,100,330,-330
04/07/2019 14:00,SCH - OH - NY,23317,558.79,1300,-1900
04/07/2019 14:00,SCH - PJ - NY,23316,-112.86,2000,-1300
04/07/2019 14:00,SCH - PJM_HTP,325905,0,660,-660
04/07/2019 14:00,SCH - PJM_NEPTUNE,325305,660,660,-660
04/07/2019 14:00,SCH - PJM_VFT,325658,0,0,0
04/07/2019 14:00,SPR/DUN-SOUTH,23320,2648.18,4600,-9999
04/07/2019 14:00,TOTAL EAST,23314,3450.82,6800,-9999
04/07/2019 14:00,UPNY CONED,23315,2616.26,5700,-9999
04/07/2019 14:00,WEST CENTRAL,23312,290.06,9999,-9999
04/07/2019 14:05,CENTRAL EAST - VC,23330,1671.9,2110,-9999
04/07/2019 14:05,DYSINGER EAST,23326,564.24,2350,-9999
04/07/2019 14:05,MOSES SOUTH,23319,1793.09,3150,-1600
04/07/2019 14:05,SCH - HQ - NY,23324,1297,1450,-1000
04/07/2019 14:05,SCH - HQ_CEDARS,325274,100,160,0
04/07/2019 14:05,SCH - HQ_IMPORT_EXPORT,325376,1192,1310,-9999
04/07/2019 14:05,SCH - NE - NY,23318,226.97,600,-800
04/07/2019 14:05,SCH - NPX_1385,325277,25,100,-100
04/07/2019 14:05,SCH - NPX_CSC,325154,100,330,-330
04/07/2019 14:05,SCH - OH - NY,23317,561.79,1300,-1900
04/07/2019 14:05,SCH - PJ - NY,23316,-109.93,2000,-1300
04/07/2019 14:05,SCH - PJM_HTP,325905,0,660,-660
04/07/2019 14:05,SCH - PJM_NEPTUNE,325305,660,660,-660
04/07/2019 14:05,SCH - PJM_VFT,325658,0,0,0
04/07/2019 14:05,SPR/DUN-SOUTH,23320,2706.03,4600,-9999
04/07/2019 14:05,TOTAL EAST,23314,3416.06,6800,-9999
04/07/2019 14:05,UPNY CONED,23315,2684.38,5700,-9999
04/07/2019 14:05,WEST CENTRAL,23312,312.94,9999,-9999
04/07/2019 14:10,CENTRAL EAST - VC,23330,1637.06,2110,-9999
04/07/2019 14:10,DYSINGER EAST,23326,522.87,2350,-9999
04/07/2019 14:10,MOSES SOUTH,23319,1807.45,3150,-1600
04/07/2019 14:10,SCH - HQ - NY,23324,1297,1450,-1000
04/07/2019 14:10,SCH - HQ_CEDARS,325274,100,160,0
04/07/2019 14:10,SCH - HQ_IMPORT_EXPORT,325376,1192,1310,-9999
04/07/2019 14:10,SCH - NE - NY,23318,226.95,600,-800
04/07/2019 14:10,SCH - NPX_1385,325277,25,100,-100
04/07/2019 14:10,SCH - NPX_CSC,325154,100,330,-330
04/07/2019 14:10,SCH - OH - NY,23317,559.27,1300,-1900
04/07/2019 14:10,SCH - PJ - NY,23316,-107.22,2000,-1300
04/07/2019 14:10,SCH - PJM_HTP,325905,0,660,-660
04/07/2019 14:10,SCH - PJM_NEPTUNE,325305,660,660,-660
04/07/2019 14:10,SCH - PJM_VFT,325658,0,0,0
04/07/2019 14:10,SPR/DUN-SOUTH,23320,2721.37,4600,-9999
04/07/2019 14:10,TOTAL EAST,23314,3433.2,6800,-9999
04/07/2019 14:10,UPNY CONED,23315,2707.39,5700,-9999
04/07/2019 14:10,WEST CENTRAL,23312,271.01,9999,-9999
04/07/2019 14:15,CENTRAL EAST - VC,23330,1604.62,2110,-9999
04/07/2019 14:15,DYSINGER EAST,23326,509.75,2350,-9999
04/07/2019 14:15,MOSES SOUTH,23319,1805.45,3150,-1600
04/07/2019 14:15,SCH - HQ - NY,23324,1297,1450,-1000
04/07/2019 14:15,SCH - HQ_CEDARS,325274,100,160,0
04/07/2019 14:15,SCH - HQ_IMPORT_EXPORT,325376,1192,1310,-9999
04/07/2019 14:15,SCH - NE - NY,23318,226.88,600,-800
04/07/2019 14:15,SCH - NPX_1385,325277,25,100,-100
04/07/2019 14:15,SCH - NPX_CSC,325154,100,330,-330
04/07/2019 14:15,SCH - OH - NY,23317,562.62,1300,-1900
04/07/2019 14:15,SCH - PJ - NY,23316,-88.49,2000,-1300
04/07/2019 14:15,SCH - PJM_HTP,325905,0,660,-660
04/07/2019 14:15,SCH - PJM_NEPTUNE,325305,660,660,-660
04/07/2019 14:15,SCH - PJM_VFT,325658,0,0,0
04/07/2019 14:15,SPR/DUN-SOUTH,23320,2669.81,4600,-9999
04/07/2019 14:15,TOTAL EAST,23314,3438.08,6800,-9999
04/07/2019 14:15,UPNY CONED,23315,2654.62,5700,-9999
04/07/2019 14:15,WEST CENTRAL,23312,257.04,9999,-9999
04/07/2019 14:20,CENTRAL EAST - VC,23330,1628.98,2110,-9999
04/07/2019 14:20,DYSINGER EAST,23326,532.93,2350,-9999
04/07/2019 14:20,MOSES SOUTH,23319,1829.63,3150,-1600
04/07/2019 14:20,SCH - HQ - NY,23324,1297,1450,-1000
04/07/2019 14:20,SCH - HQ_CEDARS,325274,100,160,0
04/07/2019 14:20,SCH - HQ_IMPORT_EXPORT,325376,1192,1310,-9999
04/07/2019 14:20,SCH - NE - NY,23318,226.88,600,-800
04/07/2019 14:20,SCH - NPX_1385,325277,25,100,-100
04/07/2019 14:20,SCH - NPX_CSC,325154,100,330,-330
04/07/2019 14:20,SCH - OH - NY,23317,565.24,1300,-1900
04/07/2019 14:20,SCH - PJ - NY,23316,-64.85,2000,-1300
04/07/2019 14:20,SCH - PJM_HTP,325905,0,660,-660
04/07/2019 14:20,SCH - PJM_NEPTUNE,325305,660,660,-660
04/07/2019 14:20,SCH - PJM_VFT,325658,0,0,0
04/07/2019 14:20,SPR/DUN-SOUTH,23320,2689.66,4600,-9999
04/07/2019 14:20,TOTAL EAST,23314,3440.12,6800,-9999
04/07/2019 14:20,UPNY CONED,23315,2677.6,5700,-9999
04/07/2019 14:20,WEST CENTRAL,23312,278.04,9999,-9999
04/07/2019 14:25,CENTRAL EAST - VC,23330,1662.84,2110,-9999
04/07/2019 14:25,DYSINGER EAST,23326,540.74,2350,-9999
04/07/2019 14:25,MOSES SOUTH,23319,1847.93,3150,-1600
04/07/2019 14:25,SCH - HQ - NY,23324,1297,1450,-1000
04/07/2019 14:25,SCH - HQ_CEDARS,325274,100,160,0
04/07/2019 14:25,SCH - HQ_IMPORT_EXPORT,325376,1192,1310,-9999
04/07/2019 14:25,SCH - NE - NY,23318,226.89,600,-800
04/07/2019 14:25,SCH - NPX_1385,325277,25,100,-100
04/07/2019 14:25,SCH - NPX_CSC,325154,100,330,-330
04/07/2019 14:25,SCH - OH - NY,23317,564.45,1300,-1900
04/07/2019 14:25,SCH - PJ - NY,23316,-65.73,2000,-1300
04/07/2019 14:25,SCH - PJM_HTP,325905,0,660,-660
04/07/2019 14:25,SCH - PJM_NEPTUNE,325305,660,660,-660
04/07/2019 14:25,SCH - PJM_VFT,325658,0,0,0
04/07/2019 14:25,SPR/DUN-SOUTH,23320,2703.99,4600,-9999
04/07/2019 14:25,TOTAL EAST,23314,3442.43,6800,-9999
04/07/2019 14:25,UPNY CONED,23315,2699.53,5700,-9999
04/07/2019 14:25,WEST CENTRAL,23312,283.74,9999,-9999
04/07/2019 14:30,CENTRAL EAST - VC,23330,1630.78,2110,-9999
04/07/2019 14:30,DYSINGER EAST,23326,516.76,2350,-9999
04/07/2019 14:30,MOSES SOUTH,23319,1849.13,3150,-1600
04/07/2019 14:30,SCH - HQ - NY,23324,1297,1450,-1000
04/07/2019 14:30,SCH - HQ_CEDARS,325274,100,160,0
04/07/2019 14:30,SCH - HQ_IMPORT_EXPORT,325376,1192,1310,-9999
04/07/2019 14:30,SCH - NE - NY,23318,226.95,600,-800
04/07/2019 14:30,SCH - NPX_1385,325277,25,100,-100
04/07/2019 14:30,SCH - NPX_CSC,325154,100,330,-330
04/07/2019 14:30,SCH - OH - NY,23317,562.08,1300,-1900
04/07/2019 14:30,SCH - PJ - NY,23316,-87.98,2000,-1300
04/07/2019 14:30,SCH - PJM_HTP,325905,0,660,-660
04/07/2019 14:30,SCH - PJM_NEPTUNE,325305,660,660,-660
04/07/2019 14:30,SCH - PJM_VFT,325658,0,0,0
04/07/2019 14:30,SPR/DUN-SOUTH,23320,2679.08,4600,-9999
04/07/2019 14:30,TOTAL EAST,23314,3427.51,6800,-9999
04/07/2019 14:30,UPNY CONED,23315,2680.64,5700,-9999
04/07/2019 14:30,WEST CENTRAL,23312,259.97,9999,-9999
04/07/2019 14:35,CENTRAL EAST - VC,23330,1650.03,2110,-9999
04/07/2019 14:35,DYSINGER EAST,23326,499.35,2350,-9999
04/07/2019 14:35,MOSES SOUTH,23319,1864.96,3150,-1600
04/07/2019 14:35,SCH - HQ - NY,23324,1297,1450,-1000
04/07/2019 14:35,SCH - HQ_CEDARS,325274,100,160,0
04/07/2019 14:35,SCH - HQ_IMPORT_EXPORT,325376,1192,1310,-9999
04/07/2019 14:35,SCH - NE - NY,23318,226.89,600,-800
04/07/2019 14:35,SCH - NPX_1385,325277,25,100,-100
04/07/2019 14:35,SCH - NPX_CSC,325154,100,330,-330
04/07/2019 14:35,SCH - OH - NY,23317,562.17,1300,-1900
04/07/2019 14:35,SCH - PJ - NY,23316,-111.78,2000,-1300
04/07/2019 14:35,SCH - PJM_HTP,325905,0,660,-660
04/07/2019 14:35,SCH - PJM_NEPTUNE,325305,660,660,-660
04/07/2019 14:35,SCH - PJM_VFT,325658,0,0,0
04/07/2019 14:35,SPR/DUN-SOUTH,23320,2693.03,4600,-9999
04/07/2019 14:35,TOTAL EAST,23314,3423.04,6800,-9999
04/07/2019 14:35,UPNY CONED,23315,2698.25,5700,-9999
04/07/2019 14:35,WEST CENTRAL,23312,243.69,9999,-9999
04/07/2019 14:40,CENTRAL EAST - VC,23330,1660.31,2110,-9999
04/07/2019 14:40,DYSINGER EAST,23326,529.83,2350,-9999
04/07/2019 14:40,MOSES SOUTH,23319,1872.3,3150,-1600
04/07/2019 14:40,SCH - HQ - NY,23324,1297,1450,-1000
04/07/2019 14:40,SCH - HQ_CEDARS,325274,100,160,0
04/07/2019 14:40,SCH - HQ_IMPORT_EXPORT,325376,1192,1310,-9999
04/07/2019 14:40,SCH - NE - NY,23318,226.88,600,-800
04/07/2019 14:40,SCH - NPX_1385,325277,25,100,-100
04/07/2019 14:40,SCH - NPX_CSC,325154,100,330,-330
04/07/2019 14:40,SCH - OH - NY,23317,564.45,1300,-1900
04/07/2019 14:40,SCH - PJ - NY,23316,-115.01,2000,-1300
04/07/2019 14:40,SCH - PJM_HTP,325905,0,660,-660
04/07/2019 14:40,SCH - PJM_NEPTUNE,325305,660,660,-660
04/07/2019 14:40,SCH - PJM_VFT,325658,0,0,0
04/07/2019 14:40,SPR/DUN-SOUTH,23320,2698.03,4600,-9999
04/07/2019 14:40,TOTAL EAST,23314,3431.61,6800,-9999
04/07/2019 14:40,UPNY CONED,23315,2708.92,5700,-9999
04/07/2019 14:40,WEST CENTRAL,23312,273.94,9999,-9999
04/07/2019 14:45,CENTRAL EAST - VC,23330,1650.5,2110,-9999
04/07/2019 14:45,DYSINGER EAST,23326,514.04,2350,-9999
04/07/2019 14:45,MOSES SOUTH,23319,1852.55,3150,-1600
04/07/2019 14:45,SCH - HQ - NY,23324,1297,1450,-1000
04/07/2019 14:45,SCH - HQ_CEDARS,325274,100,160,0
04/07/2019 14:45,SCH - HQ_IMPORT_EXPORT,325376,1192,1310,-9999
04/07/2019 14:45,SCH - NE - NY,23318,214.88,600,-800
04/07/2019 14:45,SCH - NPX_1385,325277,25,100,-100
04/07/2019 14:45,SCH - NPX_CSC,325154,100,330,-330
04/07/2019 14:45,SCH - OH - NY,23317,558.72,1300,-1900
04/07/2019 14:45,SCH - PJ - NY,23316,-109.16,2000,-1300
04/07/2019 14:45,SCH - PJM_HTP,325905,0,660,-660
04/07/2019 14:45,SCH - PJM_NEPTUNE,325305,660,660,-660
04/07/2019 14:45,SCH - PJM_VFT,325658,0,0,0
04/07/2019 14:45,SPR/DUN-SOUTH,23320,2687.91,4600,-9999
04/07/2019 14:45,TOTAL EAST,23314,3452,6800,-9999
04/07/2019 14:45,UPNY CONED,23315,2707.25,5700,-9999
04/07/2019 14:45,WEST CENTRAL,23312,258.24,9999,-9999
04/07/2019 14:50,CENTRAL EAST - VC,23330,1652.32,2110,-9999
04/07/2019 14:50,DYSINGER EAST,23326,548.99,2350,-9999
04/07/2019 14:50,MOSES SOUTH,23319,1835.76,3150,-1600
04/07/2019 14:50,SCH - HQ - NY,23324,1297,1450,-1000
04/07/2019 14:50,SCH - HQ_CEDARS,325274,100,160,0
04/07/2019 14:50,SCH - HQ_IMPORT_EXPORT,325376,1192,1310,-9999
04/07/2019 14:50,SCH - NE - NY,23318,203.87,600,-800
04/07/2019 14:50,SCH - NPX_1385,325277,25,100,-100
04/07/2019 14:50,SCH - NPX_CSC,325154,100,330,-330
04/07/2019 14:50,SCH - OH - NY,23317,561.47,1300,-1900
04/07/2019 14:50,SCH - PJ - NY,23316,-111.8,2000,-1300
04/07/2019 14:50,SCH - PJM_HTP,325905,0,660,-660
04/07/2019 14:50,SCH - PJM_NEPTUNE,325305,660,660,-660
04/07/2019 14:50,SCH - PJM_VFT,325658,0,0,0
04/07/2019 14:50,SPR/DUN-SOUTH,23320,2650.27,4600,-9999
04/07/2019 14:50,TOTAL EAST,23314,3430.7,6800,-9999
04/07/2019 14:50,UPNY CONED,23315,2668.23,5700,-9999
04/07/2019 14:50,WEST CENTRAL,23312,290.9,9999,-9999
04/07/2019 14:55,CENTRAL EAST - VC,23330,1662.76,2110,-9999
04/07/2019 14:55,DYSINGER EAST,23326,553.85,2350,-9999
04/07/2019 14:55,MOSES SOUTH,23319,1833.62,3150,-1600
04/07/2019 14:55,SCH - HQ - NY,23324,1297,1450,-1000
04/07/2019 14:55,SCH - HQ_CEDARS,325274,100,160,0
04/07/2019 14:55,SCH - HQ_IMPORT_EXPORT,325376,1192,1310,-9999
04/07/2019 14:55,SCH - NE - NY,23318,203.87,600,-800
04/07/2019 14:55,SCH - NPX_1385,325277,25,100,-100
04/07/2019 14:55,SCH - NPX_CSC,325154,100,330,-330
04/07/2019 14:55,SCH - OH - NY,23317,562.81,1300,-1900
04/07/2019 14:55,SCH - PJ - NY,23316,-112.84,2000,-1300
04/07/2019 14:55,SCH - PJM_HTP,325905,0,660,-660
04/07/2019 14:55,SCH - PJM_NEPTUNE,325305,660,660,-660
04/07/2019 14:55,SCH - PJM_VFT,325658,0,0,0
04/07/2019 14:55,SPR/DUN-SOUTH,23320,2678.22,4600,-9999
04/07/2019 14:55,TOTAL EAST,23314,3389.05,6800,-9999
04/07/2019 14:55,UPNY CONED,23315,2690.56,5700,-9999
04/07/2019 14:55,WEST CENTRAL,23312,297.7,9999,-9999
04/07/2019 15:00,CENTRAL EAST - VC,23330,1706.81,2110,-9999
04/07/2019 15:00,DYSINGER EAST,23326,585.88,2350,-9999
04/07/2019 15:00,MOSES SOUTH,23319,1814,3150,-1600
04/07/2019 15:00,SCH - HQ - NY,23324,1300,1450,-1000
04/07/2019 15:00,SCH - HQ_CEDARS,325274,100,160,0
04/07/2019 15:00,SCH - HQ_IMPORT_EXPORT,325376,1195,1310,-9999
04/07/2019 15:00,SCH - NE - NY,23318,148.01,600,-800
04/07/2019 15:00,SCH - NPX_1385,325277,25,100,-100
04/07/2019 15:00,SCH - NPX_CSC,325154,132,330,-330
04/07/2019 15:00,SCH - OH - NY,23317,618.81,1300,-1900
04/07/2019 15:00,SCH - PJ - NY,23316,-113.4,2000,-1300
04/07/2019 15:00,SCH - PJM_HTP,325905,0,660,-660
04/07/2019 15:00,SCH - PJM_NEPTUNE,325305,660,660,-660
04/07/2019 15:00,SCH - PJM_VFT,325658,0,0,0
04/07/2019 15:00,SPR/DUN-SOUTH,23320,2721.45,4600,-9999
04/07/2019 15:00,TOTAL EAST,23314,3500.49,6800,-9999
04/07/2019 15:00,UPNY CONED,23315,2702.58,5700,-9999
04/07/2019 15:00,WEST CENTRAL,23312,328.3,9999,-9999
04/07/2019 15:05,CENTRAL EAST - VC,23330,1706.98,2110,-9999
04/07/2019 15:05,DYSINGER EAST,23326,564.68,2350,-9999
04/07/2019 15:05,MOSES SOUTH,23319,1826.91,3150,-1600
04/07/2019 15:05,SCH - HQ - NY,23324,1304,1450,-1000
04/07/2019 15:05,SCH - HQ_CEDARS,325274,100,160,0
04/07/2019 15:05,SCH - HQ_IMPORT_EXPORT,325376,1199,1310,-9999
04/07/2019 15:05,SCH - NE - NY,23318,87.79,600,-800
04/07/2019 15:05,SCH - NPX_1385,325277,25,100,-100
04/07/2019 15:05,SCH - NPX_CSC,325154,165,330,-330
04/07/2019 15:05,SCH - OH - NY,23317,676.74,1300,-1900
04/07/2019 15:05,SCH - PJ - NY,23316,-113.43,2000,-1300
04/07/2019 15:05,SCH - PJM_HTP,325905,0,660,-660
04/07/2019 15:05,SCH - PJM_NEPTUNE,325305,660,660,-660
04/07/2019 15:05,SCH - PJM_VFT,325658,0,0,0
04/07/2019 15:05,SPR/DUN-SOUTH,23320,2691.56,4600,-9999
04/07/2019 15:05,TOTAL EAST,23314,3563.9,6800,-9999
04/07/2019 15:05,UPNY CONED,23315,2666.45,5700,-9999
04/07/2019 15:05,WEST CENTRAL,23312,307.39,9999,-9999
04/07/2019 15:10,CENTRAL EAST - VC,23330,1715.03,2110,-9999
04/07/2019 15:10,DYSINGER EAST,23326,568.1,2350,-9999
04/07/2019 15:10,MOSES SOUTH,23319,1834.73,3150,-1600
04/07/2019 15:10,SCH - HQ - NY,23324,1304,1450,-1000
04/07/2019 15:10,SCH - HQ_CEDARS,325274,100,160,0
04/07/2019 15:10,SCH - HQ_IMPORT_EXPORT,325376,1199,1310,-9999
04/07/2019 15:10,SCH - NE - NY,23318,87.77,600,-800
04/07/2019 15:10,SCH - NPX_1385,325277,25,100,-100
04/07/2019 15:10,SCH - NPX_CSC,325154,165,330,-330
04/07/2019 15:10,SCH - OH - NY,23317,676.73,1300,-1900
04/07/2019 15:10,SCH - PJ - NY,23316,-111.35,2000,-1300
04/07/2019 15:10,SCH - PJM_HTP,325905,0,660,-660
04/07/2019 15:10,SCH - PJM_NEPTUNE,325305,660,660,-660
04/07/2019 15:10,SCH - PJM_VFT,325658,0,0,0
04/07/2019 15:10,SPR/DUN-SOUTH,23320,2690.96,4600,-9999
04/07/2019 15:10,TOTAL EAST,23314,3554.44,6800,-9999
04/07/2019 15:10,UPNY CONED,23315,2668.78,5700,-9999
04/07/2019 15:10,WEST CENTRAL,23312,307.74,9999,-9999
04/07/2019 15:15,CENTRAL EAST - VC,23330,1720.18,2110,-9999
04/07/2019 15:15,DYSINGER EAST,23326,563.99,2350,-9999
04/07/2019 15:15,MOSES SOUTH,23319,1841.78,3150,-1600
04/07/2019 15:15,SCH - HQ - NY,23324,1304,1450,-1000
04/07/2019 15:15,SCH - HQ_CEDARS,325274,100,160,0
04/07/2019 15:15,SCH - HQ_IMPORT_EXPORT,325376,1199,1310,-9999
04/07/2019 15:15,SCH - NE - NY,23318,87.94,600,-800
04/07/2019 15:15,SCH - NPX_1385,325277,25,100,-100
04/07/2019 15:15,SCH - NPX_CSC,325154,165,330,-330
04/07/2019 15:15,SCH - OH - NY,23317,676.77,1300,-1900
04/07/2019 15:15,SCH - PJ - NY,23316,-110.95,2000,-1300
04/07/2019 15:15,SCH - PJM_HTP,325905,0,660,-660
04/07/2019 15:15,SCH - PJM_NEPTUNE,325305,660,660,-660
04/07/2019 15:15,SCH - PJM_VFT,325658,0,0,0
04/07/2019 15:15,SPR/DUN-SOUTH,23320,2668.45,4600,-9999
04/07/2019 15:15,TOTAL EAST,23314,3542.88,6800,-9999
04/07/2019 15:15,UPNY CONED,23315,2672.42,5700,-9999
04/07/2019 15:15,WEST CENTRAL,23312,297.66,9999,-9999
04/07/2019 15:20,CENTRAL EAST - VC,23330,1710.77,2110,-9999
04/07/2019 15:20,DYSINGER EAST,23326,573.18,2350,-9999
04/07/2019 15:20,MOSES SOUTH,23319,1841.81,3150,-1600
04/07/2019 15:20,SCH - HQ - NY,23324,1304,1450,-1000
04/07/2019 15:20,SCH - HQ_CEDARS,325274,100,160,0
04/07/2019 15:20,SCH - HQ_IMPORT_EXPORT,325376,1199,1310,-9999
04/07/2019 15:20,SCH - NE - NY,23318,88.05,600,-800
04/07/2019 15:20,SCH - NPX_1385,325277,25,100,-100
04/07/2019 15:20,SCH - NPX_CSC,325154,165,330,-330
04/07/2019 15:20,SCH - OH - NY,23317,672.65,1300,-1900
04/07/2019 15:20,SCH - PJ - NY,23316,-109.11,2000,-1300
04/07/2019 15:20,SCH - PJM_HTP,325905,0,660,-660
04/07/2019 15:20,SCH - PJM_NEPTUNE,325305,660,660,-660
04/07/2019 15:20,SCH - PJM_VFT,325658,0,0,0
04/07/2019 15:20,SPR/DUN-SOUTH,23320,2665.19,4600,-9999
04/07/2019 15:20,TOTAL EAST,23314,3513.54,6800,-9999
04/07/2019 15:20,UPNY CONED,23315,2681.64,5700,-9999
04/07/2019 15:20,WEST CENTRAL,23312,304.75,9999,-9999
04/07/2019 15:25,CENTRAL EAST - VC,23330,1735.69,2110,-9999
04/07/2019 15:25,DYSINGER EAST,23326,564.02,2350,-9999
04/07/2019 15:25,MOSES SOUTH,23319,1867.13,3150,-1600
04/07/2019 15:25,SCH - HQ - NY,23324,1304,1450,-1000
04/07/2019 15:25,SCH - HQ_CEDARS,325274,100,160,0
04/07/2019 15:25,SCH - HQ_IMPORT_EXPORT,325376,1199,1310,-9999
04/07/2019 15:25,SCH - NE - NY,23318,88.18,600,-800
04/07/2019 15:25,SCH - NPX_1385,325277,25,100,-100
04/07/2019 15:25,SCH - NPX_CSC,325154,165,330,-330
04/07/2019 15:25,SCH - OH - NY,23317,675.46,1300,-1900
04/07/2019 15:25,SCH - PJ - NY,23316,-112.23,2000,-1300
04/07/2019 15:25,SCH - PJM_HTP,325905,0,660,-660
04/07/2019 15:25,SCH - PJM_NEPTUNE,325305,660,660,-660
04/07/2019 15:25,SCH - PJM_VFT,325658,0,0,0
04/07/2019 15:25,SPR/DUN-SOUTH,23320,2657.03,4600,-9999
04/07/2019 15:25,TOTAL EAST,23314,3494.94,6800,-9999
04/07/2019 15:25,UPNY CONED,23315,2709.19,5700,-9999
04/07/2019 15:25,WEST CENTRAL,23312,292.67,9999,-9999
04/07/2019 15:30,CENTRAL EAST - VC,23330,1743.12,2110,-9999
04/07/2019 15:30,DYSINGER EAST,23326,541.41,2350,-9999
04/07/2019 15:30,MOSES SOUTH,23319,1906.67,3150,-1600
04/07/2019 15:30,SCH - HQ - NY,23324,1304,1450,-1000
04/07/2019 15:30,SCH - HQ_CEDARS,325274,100,160,0
04/07/2019 15:30,SCH - HQ_IMPORT_EXPORT,325376,1199,1310,-9999
04/07/2019 15:30,SCH - NE - NY,23318,91.41,600,-800
04/07/2019 15:30,SCH - NPX_1385,325277,25,100,-100
04/07/2019 15:30,SCH - NPX_CSC,325154,165,330,-330
04/07/2019 15:30,SCH - OH - NY,23317,676.06,1300,-1900
04/07/2019 15:30,SCH - PJ - NY,23316,-111.2,2000,-1300
04/07/2019 15:30,SCH - PJM_HTP,325905,0,660,-660
04/07/2019 15:30,SCH - PJM_NEPTUNE,325305,660,660,-660
04/07/2019 15:30,SCH - PJM_VFT,325658,0,0,0
04/07/2019 15:30,SPR/DUN-SOUTH,23320,2657.54,4600,-9999
04/07/2019 15:30,TOTAL EAST,23314,3481.43,6800,-9999
04/07/2019 15:30,UPNY CONED,23315,2701.8,5700,-9999
04/07/2019 15:30,WEST CENTRAL,23312,269.26,9999,-9999
04/07/2019 15:35,CENTRAL EAST - VC,23330,1770.4,2110,-9999
04/07/2019 15:35,DYSINGER EAST,23326,599.16,2350,-9999
04/07/2019 15:35,MOSES SOUTH,23319,1851.06,3150,-1600
04/07/2019 15:35,SCH - HQ - NY,23324,1304,1450,-1000
04/07/2019 15:35,SCH - HQ_CEDARS,325274,100,160,0
04/07/2019 15:35,SCH - HQ_IMPORT_EXPORT,325376,1199,1310,-9999
04/07/2019 15:35,SCH - NE - NY,23318,95.38,600,-800
04/07/2019 15:35,SCH - NPX_1385,325277,25,100,-100
04/07/2019 15:35,SCH - NPX_CSC,325154,165,330,-330
04/07/2019 15:35,SCH - OH - NY,23317,672.81,1300,-1900
04/07/2019 15:35,SCH - PJ - NY,23316,-106.24,2000,-1300
04/07/2019 15:35,SCH - PJM_HTP,325905,0,660,-660
04/07/2019 15:35,SCH - PJM_NEPTUNE,325305,660,660,-660
04/07/2019 15:35,SCH - PJM_VFT,325658,0,0,0
04/07/2019 15:35,SPR/DUN-SOUTH,23320,2672.05,4600,-9999
04/07/2019 15:35,TOTAL EAST,23314,3507.45,6800,-9999
04/07/2019 15:35,UPNY CONED,23315,2704.87,5700,-9999
04/07/2019 15:35,WEST CENTRAL,23312,325.34,9999,-9999
04/07/2019 15:40,CENTRAL EAST - VC,23330,1773.36,2110,-9999
04/07/2019 15:40,DYSINGER EAST,23326,602.71,2350,-9999
04/07/2019 15:40,MOSES SOUTH,23319,1882.62,3150,-1600
04/07/2019 15:40,SCH - HQ - NY,23324,1304,1450,-1000
04/07/2019 15:40,SCH - HQ_CEDARS,325274,100,160,0
04/07/2019 15:40,SCH - HQ_IMPORT_EXPORT,325376,1199,1310,-9999
04/07/2019 15:40,SCH - NE - NY,23318,95.44,600,-800
04/07/2019 15:40,SCH - NPX_1385,325277,25,100,-100
04/07/2019 15:40,SCH - NPX_CSC,325154,165,330,-330
04/07/2019 15:40,SCH - OH - NY,23317,677.35,1300,-1900
04/07/2019 15:40,SCH - PJ - NY,23316,-114.06,2000,-1300
04/07/2019 15:40,SCH - PJM_HTP,325905,0,660,-660
04/07/2019 15:40,SCH - PJM_NEPTUNE,325305,660,660,-660
04/07/2019 15:40,SCH - PJM_VFT,325658,0,0,0
04/07/2019 15:40,SPR/DUN-SOUTH,23320,2676.14,4600,-9999
04/07/2019 15:40,TOTAL EAST,23314,3492.94,6800,-9999
04/07/2019 15:40,UPNY CONED,23315,2690.01,5700,-9999
04/07/2019 15:40,WEST CENTRAL,23312,327.88,9999,-9999
04/07/2019 15:45,CENTRAL EAST - VC,23330,1748.65,2110,-9999
04/07/2019 15:45,DYSINGER EAST,23326,609.13,2350,-9999
04/07/2019 15:45,MOSES SOUTH,23319,1820.83,3150,-1600
04/07/2019 15:45,SCH - HQ - NY,23324,1304,1450,-1000
04/07/2019 15:45,SCH - HQ_CEDARS,325274,100,160,0
04/07/2019 15:45,SCH - HQ_IMPORT_EXPORT,325376,1199,1310,-9999
04/07/2019 15:45,SCH - NE - NY,23318,91.24,600,-800
04/07/2019 15:45,SCH - NPX_1385,325277,25,100,-100
04/07/2019 15:45,SCH - NPX_CSC,325154,165,330,-330
04/07/2019 15:45,SCH - OH - NY,23317,673.92,1300,-1900
04/07/2019 15:45,SCH - PJ - NY,23316,-110.29,2000,-1300
04/07/2019 15:45,SCH - PJM_HTP,325905,0,660,-660
04/07/2019 15:45,SCH - PJM_NEPTUNE,325305,660,660,-660
04/07/2019 15:45,SCH - PJM_VFT,325658,0,0,0
04/07/2019 15:45,SPR/DUN-SOUTH,23320,2670.8,4600,-9999
04/07/2019 15:45,TOTAL EAST,23314,3497.01,6800,-9999
04/07/2019 15:45,UPNY CONED,23315,2675.89,5700,-9999
04/07/2019 15:45,WEST CENTRAL,23312,332.11,9999,-9999
04/07/2019 15:50,CENTRAL EAST - VC,23330,1731.65,2110,-9999
04/07/2019 15:50,DYSINGER EAST,23326,570.97,2350,-9999
04/07/2019 15:50,MOSES SOUTH,23319,1810.73,3150,-1600
04/07/2019 15:50,SCH - HQ - NY,23324,1304,1450,-1000
04/07/2019 15:50,SCH - HQ_CEDARS,325274,100,160,0
04/07/2019 15:50,SCH - HQ_IMPORT_EXPORT,325376,1199,1310,-9999
04/07/2019 15:50,SCH - NE - NY,23318,88.29,600,-800
04/07/2019 15:50,SCH - NPX_1385,325277,25,100,-100
04/07/2019 15:50,SCH - NPX_CSC,325154,165,330,-330
04/07/2019 15:50,SCH - OH - NY,23317,676.75,1300,-1900
04/07/2019 15:50,SCH - PJ - NY,23316,-114.07,2000,-1300
04/07/2019 15:50,SCH - PJM_HTP,325905,0,660,-660
04/07/2019 15:50,SCH - PJM_NEPTUNE,325305,660,660,-660
04/07/2019 15:50,SCH - PJM_VFT,325658,0,0,0
04/07/2019 15:50,SPR/DUN-SOUTH,23320,2667.36,4600,-9999
04/07/2019 15:50,TOTAL EAST,23314,3497.04,6800,-9999
04/07/2019 15:50,UPNY CONED,23315,2683.9,5700,-9999
04/07/2019 15:50,WEST CENTRAL,23312,290.39,9999,-9999
04/07/2019 15:55,CENTRAL EAST - VC,23330,1717.27,2110,-9999
04/07/2019 15:55,DYSINGER EAST,23326,556.88,2350,-9999
04/07/2019 15:55,MOSES SOUTH,23319,1787.15,3150,-1600
04/07/2019 15:55,SCH - HQ - NY,23324,1304,1450,-1000
04/07/2019 15:55,SCH - HQ_CEDARS,325274,100,160,0
04/07/2019 15:55,SCH - HQ_IMPORT_EXPORT,325376,1199,1310,-9999
04/07/2019 15:55,SCH - NE - NY,23318,88.33,600,-800
04/07/2019 15:55,SCH - NPX_1385,325277,25,100,-100
04/07/2019 15:55,SCH - NPX_CSC,325154,165,330,-330
04/07/2019 15:55,SCH - OH - NY,23317,676.68,1300,-1900
04/07/2019 15:55,SCH - PJ - NY,23316,-111.8,2000,-1300
04/07/2019 15:55,SCH - PJM_HTP,325905,0,660,-660
04/07/2019 15:55,SCH - PJM_NEPTUNE,325305,660,660,-660
04/07/2019 15:55,SCH - PJM_VFT,325658,0,0,0
04/07/2019 15:55,SPR/DUN-SOUTH,23320,2697.4,4600,-9999
04/07/2019 15:55,TOTAL EAST,23314,3478.6,6800,-9999
04/07/2019 15:55,UPNY CONED,23315,2730.21,5700,-9999
04/07/2019 15:55,WEST CENTRAL,23312,269.37,9999,-9999
04/07/2019 15:59,CENTRAL EAST - VC,23330,1618.21,2110,-9999
04/07/2019 15:59,DYSINGER EAST,23326,420.22,2350,-9999
04/07/2019 15:59,MOSES SOUTH,23319,1858.26,3150,-1600
04/07/2019 15:59,SCH - HQ - NY,23324,1303,1450,-1000
04/07/2019 15:59,SCH - HQ_CEDARS,325274,100,160,0
04/07/2019 15:59,SCH - HQ_IMPORT_EXPORT,325376,1198,1310,-9999
04/07/2019 15:59,SCH - NE - NY,23318,2.32,600,-800
04/07/2019 15:59,SCH - NPX_1385,325277,15,100,-100
04/07/2019 15:59,SCH - NPX_CSC,325154,185,330,-330
04/07/2019 15:59,SCH - OH - NY,23317,720.54,1300,-1900
04/07/2019 15:59,SCH - PJ - NY,23316,-113.99,2000,-1300
04/07/2019 15:59,SCH - PJM_HTP,325905,0,660,-660
04/07/2019 15:59,SCH - PJM_NEPTUNE,325305,660,660,-660
04/07/2019 15:59,SCH - PJM_VFT,325658,0,0,0
04/07/2019 15:59,SPR/DUN-SOUTH,23320,2268.24,4600,-9999
04/07/2019 15:59,TOTAL EAST,23314,3497.9,6800,-9999
04/07/2019 15:59,UPNY CONED,23315,2311,5700,-9999
04/07/2019 15:59,WEST CENTRAL,23312,133.15,9999,-9999
04/07/2019 16:03,CENTRAL EAST - VC,23330,1813.68,2110,-9999
04/07/2019 16:03,DYSINGER EAST,23326,652.63,2350,-9999
04/07/2019 16:03,MOSES SOUTH,23319,1863.17,3150,-1600
04/07/2019 16:03,SCH - HQ - NY,23324,1302,1450,-1000
04/07/2019 16:03,SCH - HQ_CEDARS,325274,100,160,0
04/07/2019 16:03,SCH - HQ_IMPORT_EXPORT,325376,1197,1310,-9999
04/07/2019 16:03,SCH - NE - NY,23318,-82.85,600,-800
04/07/2019 16:03,SCH - NPX_1385,325277,4,100,-100
04/07/2019 16:03,SCH - NPX_CSC,325154,205,330,-330
04/07/2019 16:03,SCH - OH - NY,23317,764.56,1300,-1900
04/07/2019 16:03,SCH - PJ - NY,23316,-111.74,2000,-1300
04/07/2019 16:03,SCH - PJM_HTP,325905,0,660,-660
04/07/2019 16:03,SCH - PJM_NEPTUNE,325305,660,660,-660
04/07/2019 16:03,SCH - PJM_VFT,325658,0,0,0
04/07/2019 16:03,SPR/DUN-SOUTH,23320,2383.62,4600,-9999
04/07/2019 16:03,TOTAL EAST,23314,3596.84,6800,-9999
04/07/2019 16:03,UPNY CONED,23315,2422.2,5700,-9999
04/07/2019 16:03,WEST CENTRAL,23312,362.03,9999,-9999
04/07/2019 16:15,CENTRAL EAST - VC,23330,1849.71,2110,-9999
04/07/2019 16:15,DYSINGER EAST,23326,784.04,3150,-9999
04/07/2019 16:15,MOSES SOUTH,23319,1857.26,3150,-1600
04/07/2019 16:15,SCH - HQ - NY,23324,1302,1450,-1000
04/07/2019 16:15,SCH - HQ_CEDARS,325274,100,160,0
04/07/2019 16:15,SCH - HQ_IMPORT_EXPORT,325376,1197,1310,-9999
04/07/2019 16:15,SCH - NE - NY,23318,-18.96,600,-800
04/07/2019 16:15,SCH - NPX_1385,325277,0,100,-100
04/07/2019 16:15,SCH - NPX_CSC,325154,215,330,-330
04/07/2019 16:15,SCH - OH - NY,23317,786.63,1300,-1900
04/07/2019 16:15,SCH - PJ - NY,23316,-114.95,2000,-1300
04/07/2019 16:15,SCH - PJM_HTP,325905,0,660,-660
04/07/2019 16:15,SCH - PJM_NEPTUNE,325305,660,660,-660
04/07/2019 16:15,SCH - PJM_VFT,325658,0,0,0
04/07/2019 16:15,SPR/DUN-SOUTH,23320,2465.92,4600,-9999
04/07/2019 16:15,TOTAL EAST,23314,3657.58,6800,-9999
04/07/2019 16:15,UPNY CONED,23315,2522.73,5700,-9999
04/07/2019 16:15,WEST CENTRAL,23312,493.44,9999,-9999
04/07/2019 16:20,CENTRAL EAST - VC,23330,1818.26,2170,-9999
04/07/2019 16:20,DYSINGER EAST,23326,761.27,3150,-9999
04/07/2019 16:20,MOSES SOUTH,23319,1867.33,3150,-1600
04/07/2019 16:20,SCH - HQ - NY,23324,1302,1450,-1000
04/07/2019 16:20,SCH - HQ_CEDARS,325274,100,160,0
04/07/2019 16:20,SCH - HQ_IMPORT_EXPORT,325376,1197,1310,-9999
04/07/2019 16:20,SCH - NE - NY,23318,88.42,600,-800
04/07/2019 16:20,SCH - NPX_1385,325277,0,100,-100
04/07/2019 16:20,SCH - NPX_CSC,325154,215,330,-330
04/07/2019 16:20,SCH - OH - NY,23317,786.6,1300,-1900
04/07/2019 16:20,SCH - PJ - NY,23316,-118.55,2000,-1300
04/07/2019 16:20,SCH - PJM_HTP,325905,0,660,-660
04/07/2019 16:20,SCH - PJM_NEPTUNE,325305,660,660,-660
04/07/2019 16:20,SCH - PJM_VFT,325658,0,0,0
04/07/2019 16:20,SPR/DUN-SOUTH,23320,2489.74,4600,-9999
04/07/2019 16:20,TOTAL EAST,23314,3626.14,6800,-9999
04/07/2019 16:20,UPNY CONED,23315,2564.1,5700,-9999
04/07/2019 16:20,WEST CENTRAL,23312,468.85,9999,-9999
04/07/2019 16:25,CENTRAL EAST - VC,23330,1829.32,2170,-9999
04/07/2019 16:25,DYSINGER EAST,23326,770.09,3150,-9999
04/07/2019 16:25,MOSES SOUTH,23319,1867.36,3150,-1600
04/07/2019 16:25,SCH - HQ - NY,23324,1302,1450,-1000
04/07/2019 16:25,SCH - HQ_CEDARS,325274,100,160,0
04/07/2019 16:25,SCH - HQ_IMPORT_EXPORT,325376,1197,1310,-9999
04/07/2019 16:25,SCH - NE - NY,23318,88.35,600,-800
04/07/2019 16:25,SCH - NPX_1385,325277,0,100,-100
04/07/2019 16:25,SCH - NPX_CSC,325154,215,330,-330
04/07/2019 16:25,SCH - OH - NY,23317,786.6,1300,-1900
04/07/2019 16:25,SCH - PJ - NY,23316,-117.31,2000,-1300
04/07/2019 16:25,SCH - PJM_HTP,325905,0,660,-660
04/07/2019 16:25,SCH - PJM_NEPTUNE,325305,660,660,-660
04/07/2019 16:25,SCH - PJM_VFT,325658,0,0,0
04/07/2019 16:25,SPR/DUN-SOUTH,23320,2471.22,4600,-9999
04/07/2019 16:25,TOTAL EAST,23314,3625.22,6800,-9999
04/07/2019 16:25,UPNY CONED,23315,2574.24,5700,-9999
04/07/2019 16:25,WEST CENTRAL,23312,476.59,9999,-9999
04/07/2019 16:30,CENTRAL EAST - VC,23330,1792.08,2170,-9999
04/07/2019 16:30,DYSINGER EAST,23326,760.44,3150,-9999
04/07/2019 16:30,MOSES SOUTH,23319,1861.27,3150,-1600
04/07/2019 16:30,SCH - HQ - NY,23324,1302,1450,-1000
04/07/2019 16:30,SCH - HQ_CEDARS,325274,100,160,0
04/07/2019 16:30,SCH - HQ_IMPORT_EXPORT,325376,1197,1310,-9999
04/07/2019 16:30,SCH - NE - NY,23318,103.61,600,-800
04/07/2019 16:30,SCH - NPX_1385,325277,0,100,-100
04/07/2019 16:30,SCH - NPX_CSC,325154,215,330,-330
04/07/2019 16:30,SCH - OH - NY,23317,786.67,1300,-1900
04/07/2019 16:30,SCH - PJ - NY,23316,-61.05,2000,-1300
04/07/2019 16:30,SCH - PJM_HTP,325905,0,660,-660
04/07/2019 16:30,SCH - PJM_NEPTUNE,325305,660,660,-660
04/07/2019 16:30,SCH - PJM_VFT,325658,0,0,0
04/07/2019 16:30,SPR/DUN-SOUTH,23320,2496.02,4600,-9999
04/07/2019 16:30,TOTAL EAST,23314,3663.76,6800,-9999
04/07/2019 16:30,UPNY CONED,23315,2597.97,5700,-9999
04/07/2019 16:30,WEST CENTRAL,23312,465.05,9999,-9999
04/07/2019 16:35,CENTRAL EAST - VC,23330,1843.84,2170,-9999
04/07/2019 16:35,DYSINGER EAST,23326,827.7,3150,-9999
04/07/2019 16:35,MOSES SOUTH,23319,1854.35,3150,-1600
04/07/2019 16:35,SCH - HQ - NY,23324,1302,1450,-1000
04/07/2019 16:35,SCH - HQ_CEDARS,325274,100,160,0
04/07/2019 16:35,SCH - HQ_IMPORT_EXPORT,325376,1197,1310,-9999
04/07/2019 16:35,SCH - NE - NY,23318,118.76,600,-800
04/07/2019 16:35,SCH - NPX_1385,325277,0,100,-100
04/07/2019 16:35,SCH - NPX_CSC,325154,215,330,-330
04/07/2019 16:35,SCH - OH - NY,23317,786.67,1300,-1900
04/07/2019 16:35,SCH - PJ - NY,23316,-4.38,2000,-1300
04/07/2019 16:35,SCH - PJM_HTP,325905,0,660,-660
04/07/2019 16:35,SCH - PJM_NEPTUNE,325305,660,660,-660
04/07/2019 16:35,SCH - PJM_VFT,325658,0,0,0
04/07/2019 16:35,SPR/DUN-SOUTH,23320,2557.37,4600,-9999
04/07/2019 16:35,TOTAL EAST,23314,3714.13,6800,-9999
04/07/2019 16:35,UPNY CONED,23315,2664.22,5700,-9999
04/07/2019 16:35,WEST CENTRAL,23312,529.71,9999,-9999
04/07/2019 16:40,CENTRAL EAST - VC,23330,1824.97,2170,-9999
04/07/2019 16:40,DYSINGER EAST,23326,816.55,3150,-9999
04/07/2019 16:40,MOSES SOUTH,23319,1855.21,3150,-1600
04/07/2019 16:40,SCH - HQ - NY,23324,1302,1450,-1000
04/07/2019 16:40,SCH - HQ_CEDARS,325274,100,160,0
04/07/2019 16:40,SCH - HQ_IMPORT_EXPORT,325376,1197,1310,-9999
04/07/2019 16:40,SCH - NE - NY,23318,118.7,600,-800
04/07/2019 16:40,SCH - NPX_1385,325277,0,100,-100
04/07/2019 16:40,SCH - NPX_CSC,325154,215,330,-330
04/07/2019 16:40,SCH - OH - NY,23317,786.66,1300,-1900
04/07/2019 16:40,SCH - PJ - NY,23316,-2.39,2000,-1300
04/07/2019 16:40,SCH - PJM_HTP,325905,0,660,-660
04/07/2019 16:40,SCH - PJM_NEPTUNE,325305,660,660,-660
04/07/2019 16:40,SCH - PJM_VFT,325658,0,0,0
04/07/2019 16:40,SPR/DUN-SOUTH,23320,2530.36,4600,-9999
04/07/2019 16:40,TOTAL EAST,23314,3696.3,6800,-9999
04/07/2019 16:40,UPNY CONED,23315,2633.19,5700,-9999
04/07/2019 16:40,WEST CENTRAL,23312,515.68,9999,-9999
04/07/2019 16:45,CENTRAL EAST - VC,23330,1837.37,2170,-9999
04/07/2019 16:45,DYSINGER EAST,23326,850.2,3150,-9999
04/07/2019 16:45,MOSES SOUTH,23319,1843.2,3150,-1600
04/07/2019 16:45,SCH - HQ - NY,23324,1302,1450,-1000
04/07/2019 16:45,SCH - HQ_CEDARS,325274,100,160,0
04/07/2019 16:45,SCH - HQ_IMPORT_EXPORT,325376,1197,1310,-9999
04/07/2019 16:45,SCH - NE - NY,23318,71.77,600,-800
04/07/2019 16:45,SCH - NPX_1385,325277,0,100,-100
04/07/2019 16:45,SCH - NPX_CSC,325154,215,330,-330
04/07/2019 16:45,SCH - OH - NY,23317,782.3,1300,-1900
04/07/2019 16:45,SCH - PJ - NY,23316,58.76,2000,-1300
04/07/2019 16:45,SCH - PJM_HTP,325905,0,660,-660
04/07/2019 16:45,SCH - PJM_NEPTUNE,325305,660,660,-660
04/07/2019 16:45,SCH - PJM_VFT,325658,0,0,0
04/07/2019 16:45,SPR/DUN-SOUTH,23320,2513.65,4600,-9999
04/07/2019 16:45,TOTAL EAST,23314,3725.5,6800,-9999
04/07/2019 16:45,UPNY CONED,23315,2609.37,5700,-9999
04/07/2019 16:45,WEST CENTRAL,23312,548.05,9999,-9999
04/07/2019 16:50,CENTRAL EAST - VC,23330,1856.34,2170,-9999
04/07/2019 16:50,DYSINGER EAST,23326,846.14,3150,-9999
04/07/2019 16:50,MOSES SOUTH,23319,1851.31,3150,-1600
04/07/2019 16:50,SCH - HQ - NY,23324,1302,1450,-1000
04/07/2019 16:50,SCH - HQ_CEDARS,325274,100,160,0
04/07/2019 16:50,SCH - HQ_IMPORT_EXPORT,325376,1197,1310,-9999
04/07/2019 16:50,SCH - NE - NY,23318,25.71,600,-800
04/07/2019 16:50,SCH - NPX_1385,325277,0,100,-100
04/07/2019 16:50,SCH - NPX_CSC,325154,215,330,-330
04/07/2019 16:50,SCH - OH - NY,23317,786.72,1300,-1900
04/07/2019 16:50,SCH - PJ - NY,23316,113.71,2000,-1300
04/07/2019 16:50,SCH - PJM_HTP,325905,0,660,-660
04/07/2019 16:50,SCH - PJM_NEPTUNE,325305,660,660,-660
04/07/2019 16:50,SCH - PJM_VFT,325658,0,0,0
04/07/2019 16:50,SPR/DUN-SOUTH,23320,2514.67,4600,-9999
04/07/2019 16:50,TOTAL EAST,23314,3793.29,6800,-9999
04/07/2019 16:50,UPNY CONED,23315,2621.74,5700,-9999
04/07/2019 16:50,WEST CENTRAL,23312,540.97,9999,-9999
04/07/2019 16:55,CENTRAL EAST - VC,23330,1872.7,2170,-9999
04/07/2019 16:55,DYSINGER EAST,23326,864.94,3150,-9999
04/07/2019 16:55,MOSES SOUTH,23319,1832.24,3150,-1600
04/07/2019 16:55,SCH - HQ - NY,23324,1302,1450,-1000
04/07/2019 16:55,SCH - HQ_CEDARS,325274,100,160,0
04/07/2019 16:55,SCH - HQ_IMPORT_EXPORT,325376,1197,1310,-9999
04/07/2019 16:55,SCH - NE - NY,23318,25.78,600,-800
04/07/2019 16:55,SCH - NPX_1385,325277,0,100,-100
04/07/2019 16:55,SCH - NPX_CSC,325154,215,330,-330
04/07/2019 16:55,SCH - OH - NY,23317,786.75,1300,-1900
04/07/2019 16:55,SCH - PJ - NY,23316,116.71,2000,-1300
04/07/2019 16:55,SCH - PJM_HTP,325905,0,660,-660
04/07/2019 16:55,SCH - PJM_NEPTUNE,325305,660,660,-660
04/07/2019 16:55,SCH - PJM_VFT,325658,0,0,0
04/07/2019 16:55,SPR/DUN-SOUTH,23320,2532.12,4600,-9999
04/07/2019 16:55,TOTAL EAST,23314,3803.83,6800,-9999
04/07/2019 16:55,UPNY CONED,23315,2663.07,5700,-9999
04/07/2019 16:55,WEST CENTRAL,23312,554.55,9999,-9999
04/07/2019 17:00,CENTRAL EAST - VC,23330,1934.92,2170,-9999
04/07/2019 17:00,DYSINGER EAST,23326,1023.37,3150,-9999
04/07/2019 17:00,MOSES SOUTH,23319,1884.04,3150,-1600
04/07/2019 17:00,SCH - HQ - NY,23324,1308,1450,-1000
04/07/2019 17:00,SCH - HQ_CEDARS,325274,130,160,0
04/07/2019 17:00,SCH - HQ_IMPORT_EXPORT,325376,1203,1310,-9999
04/07/2019 17:00,SCH - NE - NY,23318,161.63,600,-800
04/07/2019 17:00,SCH - NPX_1385,325277,24,100,-100
04/07/2019 17:00,SCH - NPX_CSC,325154,157,330,-330
04/07/2019 17:00,SCH - OH - NY,23317,887.57,1300,-1900
04/07/2019 17:00,SCH - PJ - NY,23316,-4.37,2000,-1300
04/07/2019 17:00,SCH - PJM_HTP,325905,0,660,-660
04/07/2019 17:00,SCH - PJM_NEPTUNE,325305,660,660,-660
04/07/2019 17:00,SCH - PJM_VFT,325658,0,0,0
04/07/2019 17:00,SPR/DUN-SOUTH,23320,2689.9,4600,-9999
04/07/2019 17:00,TOTAL EAST,23314,3865.53,6800,-9999
04/07/2019 17:00,UPNY CONED,23315,2873.65,5700,-9999
04/07/2019 17:00,WEST CENTRAL,23312,706.8,9999,-9999
04/07/2019 17:05,CENTRAL EAST - VC,23330,1881.44,2170,-9999
04/07/2019 17:05,DYSINGER EAST,23326,906.94,3150,-9999
04/07/2019 17:05,MOSES SOUTH,23319,1954.63,3150,-1600
04/07/2019 17:05,SCH - HQ - NY,23324,1315,1450,-1000
04/07/2019 17:05,SCH - HQ_CEDARS,325274,160,160,0
04/07/2019 17:05,SCH - HQ_IMPORT_EXPORT,325376,1210,1310,-9999
04/07/2019 17:05,SCH - NE - NY,23318,289.98,600,-800
04/07/2019 17:05,SCH - NPX_1385,325277,48,100,-100
04/07/2019 17:05,SCH - NPX_CSC,325154,100,330,-330
04/07/2019 17:05,SCH - OH - NY,23317,989.13,1300,-1900
04/07/2019 17:05,SCH - PJ - NY,23316,-118.23,2000,-1300
04/07/2019 17:05,SCH - PJM_HTP,325905,0,660,-660
04/07/2019 17:05,SCH - PJM_NEPTUNE,325305,660,660,-660
04/07/2019 17:05,SCH - PJM_VFT,325658,0,0,0
04/07/2019 17:05,SPR/DUN-SOUTH,23320,2768.26,4600,-9999
04/07/2019 17:05,TOTAL EAST,23314,3815.28,6800,-9999
04/07/2019 17:05,UPNY CONED,23315,3001.55,5700,-9999
04/07/2019 17:05,WEST CENTRAL,23312,591.11,9999,-9999
04/07/2019 17:10,CENTRAL EAST - VC,23330,1921.3,2170,-9999
04/07/2019 17:10,DYSINGER EAST,23326,1036.92,3150,-9999
04/07/2019 17:10,MOSES SOUTH,23319,1908.62,3150,-1600
04/07/2019 17:10,SCH - HQ - NY,23324,1315,1450,-1000
04/07/2019 17:10,SCH - HQ_CEDARS,325274,160,160,0
04/07/2019 17:10,SCH - HQ_IMPORT_EXPORT,325376,1210,1310,-9999
04/07/2019 17:10,SCH - NE - NY,23318,289.98,600,-800
04/07/2019 17:10,SCH - NPX_1385,325277,48,100,-100
04/07/2019 17:10,SCH - NPX_CSC,325154,100,330,-330
04/07/2019 17:10,SCH - OH - NY,23317,989.24,1300,-1900
04/07/2019 17:10,SCH - PJ - NY,23316,-118.64,2000,-1300
04/07/2019 17:10,SCH - PJM_HTP,325905,0,660,-660
04/07/2019 17:10,SCH - PJM_NEPTUNE,325305,660,660,-660
04/07/2019 17:10,SCH - PJM_VFT,325658,0,0,0
04/07/2019 17:10,SPR/DUN-SOUTH,23320,2821.12,4600,-9999
04/07/2019 17:10,TOTAL EAST,23314,3874.39,6800,-9999
04/07/2019 17:10,UPNY CONED,23315,3078.99,5700,-9999
04/07/2019 17:10,WEST CENTRAL,23312,719.26,9999,-9999
04/07/2019 17:15,CENTRAL EAST - VC,23330,1952.95,2170,-9999
04/07/2019 17:15,DYSINGER EAST,23326,1042.93,3150,-9999
04/07/2019 17:15,MOSES SOUTH,23319,1946.56,3150,-1600
04/07/2019 17:15,SCH - HQ - NY,23324,1315,1450,-1000
04/07/2019 17:15,SCH - HQ_CEDARS,325274,160,160,0
04/07/2019 17:15,SCH - HQ_IMPORT_EXPORT,325376,1210,1310,-9999
04/07/2019 17:15,SCH - NE - NY,23318,201.94,600,-800
04/07/2019 17:15,SCH - NPX_1385,325277,48,100,-100
04/07/2019 17:15,SCH - NPX_CSC,325154,100,330,-330
04/07/2019 17:15,SCH - OH - NY,23317,989.29,1300,-1900
04/07/2019 17:15,SCH - PJ - NY,23316,-45.48,2000,-1300
04/07/2019 17:15,SCH - PJM_HTP,325905,0,660,-660
04/07/2019 17:15,SCH - PJM_NEPTUNE,325305,660,660,-660
04/07/2019 17:15,SCH - PJM_VFT,325658,0,0,0
04/07/2019 17:15,SPR/DUN-SOUTH,23320,2774.88,4600,-9999
04/07/2019 17:15,TOTAL EAST,23314,3942.08,6800,-9999
04/07/2019 17:15,UPNY CONED,23315,3053.57,5700,-9999
04/07/2019 17:15,WEST CENTRAL,23312,723.15,9999,-9999
04/07/2019 17:20,CENTRAL EAST - VC,23330,1986.61,2225,-9999
04/07/2019 17:20,DYSINGER EAST,23326,1053.09,3150,-9999
04/07/2019 17:20,MOSES SOUTH,23319,1979.66,3150,-1600
04/07/2019 17:20,SCH - HQ - NY,23324,1315,1450,-1000
04/07/2019 17:20,SCH - HQ_CEDARS,325274,160,160,0
04/07/2019 17:20,SCH - HQ_IMPORT_EXPORT,325376,1210,1310,-9999
04/07/2019 17:20,SCH - NE - NY,23318,118.58,600,-800
04/07/2019 17:20,SCH - NPX_1385,325277,48,100,-100
04/07/2019 17:20,SCH - NPX_CSC,325154,100,330,-330
04/07/2019 17:20,SCH - OH - NY,23317,989.27,1300,-1900
04/07/2019 17:20,SCH - PJ - NY,23316,23.57,2000,-1300
04/07/2019 17:20,SCH - PJM_HTP,325905,0,660,-660
04/07/2019 17:20,SCH - PJM_NEPTUNE,325305,660,660,-660
04/07/2019 17:20,SCH - PJM_VFT,325658,0,0,0
04/07/2019 17:20,SPR/DUN-SOUTH,23320,2714.94,4600,-9999
04/07/2019 17:20,TOTAL EAST,23314,4000.39,6800,-9999
04/07/2019 17:20,UPNY CONED,23315,3014.72,5700,-9999
04/07/2019 17:20,WEST CENTRAL,23312,733.11,9999,-9999
04/07/2019 17:25,CENTRAL EAST - VC,23330,1952.69,2225,-9999
04/07/2019 17:25,DYSINGER EAST,23326,987.67,3150,-9999
04/07/2019 17:25,MOSES SOUTH,23319,1987.42,3150,-1600
04/07/2019 17:25,SCH - HQ - NY,23324,1315,1450,-1000
04/07/2019 17:25,SCH - HQ_CEDARS,325274,160,160,0
04/07/2019 17:25,SCH - HQ_IMPORT_EXPORT,325376,1210,1310,-9999
04/07/2019 17:25,SCH - NE - NY,23318,118.73,600,-800
04/07/2019 17:25,SCH - NPX_1385,325277,48,100,-100
04/07/2019 17:25,SCH - NPX_CSC,325154,100,330,-330
04/07/2019 17:25,SCH - OH - NY,23317,989.19,1300,-1900
04/07/2019 17:25,SCH - PJ - NY,23316,22.33,2000,-1300
04/07/2019 17:25,SCH - PJM_HTP,325905,0,660,-660
04/07/2019 17:25,SCH - PJM_NEPTUNE,325305,660,660,-660
04/07/2019 17:25,SCH - PJM_VFT,325658,0,0,0
04/07/2019 17:25,SPR/DUN-SOUTH,23320,2663.49,4600,-9999
04/07/2019 17:25,TOTAL EAST,23314,4005.41,6800,-9999
04/07/2019 17:25,UPNY CONED,23315,2981.41,5700,-9999
04/07/2019 17:25,WEST CENTRAL,23312,667.8,9999,-9999
04/07/2019 17:30,CENTRAL EAST - VC,23330,1918.43,2225,-9999
04/07/2019 17:30,DYSINGER EAST,23326,944.82,3150,-9999
04/07/2019 17:30,MOSES SOUTH,23319,1969.94,3150,-1600
04/07/2019 17:30,SCH - HQ - NY,23324,1315,1450,-1000
04/07/2019 17:30,SCH - HQ_CEDARS,325274,160,160,0
04/07/2019 17:30,SCH - HQ_IMPORT_EXPORT,325376,1210,1310,-9999
04/07/2019 17:30,SCH - NE - NY,23318,110.69,600,-800
04/07/2019 17:30,SCH - NPX_1385,325277,48,100,-100
04/07/2019 17:30,SCH - NPX_CSC,325154,100,330,-330
04/07/2019 17:30,SCH - OH - NY,23317,989.16,1300,-1900
04/07/2019 17:30,SCH - PJ - NY,23316,17.13,2000,-1300
04/07/2019 17:30,SCH - PJM_HTP,325905,0,660,-660
04/07/2019 17:30,SCH - PJM_NEPTUNE,325305,660,660,-660
04/07/2019 17:30,SCH - PJM_VFT,325658,0,0,0
04/07/2019 17:30,SPR/DUN-SOUTH,23320,2609.35,4600,-9999
04/07/2019 17:30,TOTAL EAST,23314,3989.5,6800,-9999
04/07/2019 17:30,UPNY CONED,23315,2940.82,5700,-9999
04/07/2019 17:30,WEST CENTRAL,23312,623.5,9999,-9999
04/07/2019 17:35,CENTRAL EAST - VC,23330,1930.25,2225,-9999
04/07/2019 17:35,DYSINGER EAST,23326,945.71,3150,-9999
04/07/2019 17:35,MOSES SOUTH,23319,1978.86,3150,-1600
04/07/2019 17:35,SCH - HQ - NY,23324,1315,1450,-1000
04/07/2019 17:35,SCH - HQ_CEDARS,325274,160,160,0
04/07/2019 17:35,SCH - HQ_IMPORT_EXPORT,325376,1210,1310,-9999
04/07/2019 17:35,SCH - NE - NY,23318,103.71,600,-800
04/07/2019 17:35,SCH - NPX_1385,325277,48,100,-100
04/07/2019 17:35,SCH - NPX_CSC,325154,100,330,-330
04/07/2019 17:35,SCH - OH - NY,23317,989.11,1300,-1900
04/07/2019 17:35,SCH - PJ - NY,23316,8.23,2000,-1300
04/07/2019 17:35,SCH - PJM_HTP,325905,0,660,-660
04/07/2019 17:35,SCH - PJM_NEPTUNE,325305,660,660,-660
04/07/2019 17:35,SCH - PJM_VFT,325658,0,0,0
04/07/2019 17:35,SPR/DUN-SOUTH,23320,2550.1,4600,-9999
04/07/2019 17:35,TOTAL EAST,23314,3952.36,6800,-9999
04/07/2019 17:35,UPNY CONED,23315,2898.32,5700,-9999
04/07/2019 17:35,WEST CENTRAL,23312,618.34,9999,-9999
04/07/2019 17:40,CENTRAL EAST - VC,23330,1919.04,2225,-9999
04/07/2019 17:40,DYSINGER EAST,23326,886.91,3150,-9999
04/07/2019 17:40,MOSES SOUTH,23319,1995.03,3150,-1600
04/07/2019 17:40,SCH - HQ - NY,23324,1315,1450,-1000
04/07/2019 17:40,SCH - HQ_CEDARS,325274,160,160,0
04/07/2019 17:40,SCH - HQ_IMPORT_EXPORT,325376,1210,1310,-9999
04/07/2019 17:40,SCH - NE - NY,23318,104.06,600,-800
04/07/2019 17:40,SCH - NPX_1385,325277,48,100,-100
04/07/2019 17:40,SCH - NPX_CSC,325154,100,330,-330
04/07/2019 17:40,SCH - OH - NY,23317,988.96,1300,-1900
04/07/2019 17:40,SCH - PJ - NY,23316,7.61,2000,-1300
04/07/2019 17:40,SCH - PJM_HTP,325905,0,660,-660
04/07/2019 17:40,SCH - PJM_NEPTUNE,325305,660,660,-660
04/07/2019 17:40,SCH - PJM_VFT,325658,0,0,0
04/07/2019 17:40,SPR/DUN-SOUTH,23320,2517.45,4600,-9999
04/07/2019 17:40,TOTAL EAST,23314,3952.49,6800,-9999
04/07/2019 17:40,UPNY CONED,23315,2874.4,5700,-9999
04/07/2019 17:40,WEST CENTRAL,23312,551.19,9999,-9999
04/07/2019 17:45,CENTRAL EAST - VC,23330,1822.39,2255,-9999
04/07/2019 17:45,DYSINGER EAST,23326,816.14,3150,-9999
04/07/2019 17:45,MOSES SOUTH,23319,1964.23,3150,-1600
04/07/2019 17:45,SCH - HQ - NY,23324,1315,1450,-1000
04/07/2019 17:45,SCH - HQ_CEDARS,325274,160,160,0
04/07/2019 17:45,SCH - HQ_IMPORT_EXPORT,325376,1210,1310,-9999
04/07/2019 17:45,SCH - NE - NY,23318,57.45,600,-800
04/07/2019 17:45,SCH - NPX_1385,325277,48,100,-100
04/07/2019 17:45,SCH - NPX_CSC,325154,100,330,-330
04/07/2019 17:45,SCH - OH - NY,23317,989.31,1300,-1900
04/07/2019 17:45,SCH - PJ - NY,23316,13.64,2000,-1300
04/07/2019 17:45,SCH - PJM_HTP,325905,0,660,-660
04/07/2019 17:45,SCH - PJM_NEPTUNE,325305,660,660,-660
04/07/2019 17:45,SCH - PJM_VFT,325658,0,0,0
04/07/2019 17:45,SPR/DUN-SOUTH,23320,2332.12,4600,-9999
04/07/2019 17:45,TOTAL EAST,23314,3826.21,6800,-9999
04/07/2019 17:45,UPNY CONED,23315,2694.22,5700,-9999
04/07/2019 17:45,WEST CENTRAL,23312,479.06,9999,-9999
04/07/2019 17:50,CENTRAL EAST - VC,23330,1896.77,2255,-9999
04/07/2019 17:50,DYSINGER EAST,23326,904.97,3150,-9999
04/07/2019 17:50,MOSES SOUTH,23319,1968.4,3150,-1600
04/07/2019 17:50,SCH - HQ - NY,23324,1315,1450,-1000
04/07/2019 17:50,SCH - HQ_CEDARS,325274,160,160,0
04/07/2019 17:50,SCH - HQ_IMPORT_EXPORT,325376,1210,1310,-9999
04/07/2019 17:50,SCH - NE - NY,23318,11.41,600,-800
04/07/2019 17:50,SCH - NPX_1385,325277,48,100,-100
04/07/2019 17:50,SCH - NPX_CSC,325154,100,330,-330
04/07/2019 17:50,SCH - OH - NY,23317,989.31,1300,-1900
04/07/2019 17:50,SCH - PJ - NY,23316,22.44,2000,-1300
04/07/2019 17:50,SCH - PJM_HTP,325905,0,660,-660
04/07/2019 17:50,SCH - PJM_NEPTUNE,325305,660,660,-660
04/07/2019 17:50,SCH - PJM_VFT,325658,0,0,0
04/07/2019 17:50,SPR/DUN-SOUTH,23320,2333.4,4600,-9999
04/07/2019 17:50,TOTAL EAST,23314,3849.41,6800,-9999
04/07/2019 17:50,UPNY CONED,23315,2692.43,5700,-9999
04/07/2019 17:50,WEST CENTRAL,23312,561.9,9999,-9999
04/07/2019 17:55,CENTRAL EAST - VC,23330,1920.61,2255,-9999
04/07/2019 17:55,DYSINGER EAST,23326,957.75,3150,-9999
04/07/2019 17:55,MOSES SOUTH,23319,1969.62,3150,-1600
04/07/2019 17:55,SCH - HQ - NY,23324,1315,1450,-1000
04/07/2019 17:55,SCH - HQ_CEDARS,325274,160,160,0
04/07/2019 17:55,SCH - HQ_IMPORT_EXPORT,325376,1210,1310,-9999
04/07/2019 17:55,SCH - NE - NY,23318,11.4,600,-800
04/07/2019 17:55,SCH - NPX_1385,325277,48,100,-100
04/07/2019 17:55,SCH - NPX_CSC,325154,100,330,-330
04/07/2019 17:55,SCH - OH - NY,23317,989.37,1300,-1900
04/07/2019 17:55,SCH - PJ - NY,23316,24.64,2000,-1300
04/07/2019 17:55,SCH - PJM_HTP,325905,0,660,-660
04/07/2019 17:55,SCH - PJM_NEPTUNE,325305,660,660,-660
04/07/2019 17:55,SCH - PJM_VFT,325658,0,0,0
04/07/2019 17:55,SPR/DUN-SOUTH,23320,2348.98,4600,-9999
04/07/2019 17:55,TOTAL EAST,23314,3831.16,6800,-9999
04/07/2019 17:55,UPNY CONED,23315,2683.63,5700,-9999
04/07/2019 17:55,WEST CENTRAL,23312,605.94,9999,-9999
04/07/2019 18:00,CENTRAL EAST - VC,23330,1975.35,2255,-9999
04/07/2019 18:00,DYSINGER EAST,23326,987.38,3150,-9999
04/07/2019 18:00,MOSES SOUTH,23319,2012.47,3150,-1600
04/07/2019 18:00,SCH - HQ - NY,23324,1365,1450,-1000
04/07/2019 18:00,SCH - HQ_CEDARS,325274,160,160,0
04/07/2019 18:00,SCH - HQ_IMPORT_EXPORT,325376,1260,1310,-9999
04/07/2019 18:00,SCH - NE - NY,23318,-93.69,600,-800
04/07/2019 18:00,SCH - NPX_1385,325277,24,100,-100
04/07/2019 18:00,SCH - NPX_CSC,325154,100,330,-330
04/07/2019 18:00,SCH - OH - NY,23317,971.44,1300,-1900
04/07/2019 18:00,SCH - PJ - NY,23316,94.71,2000,-1300
04/07/2019 18:00,SCH - PJM_HTP,325905,57,660,-660
04/07/2019 18:00,SCH - PJM_NEPTUNE,325305,660,660,-660
04/07/2019 18:00,SCH - PJM_VFT,325658,0,0,0
04/07/2019 18:00,SPR/DUN-SOUTH,23320,2349.81,4600,-9999
04/07/2019 18:00,TOTAL EAST,23314,3947.11,6800,-9999
04/07/2019 18:00,UPNY CONED,23315,2702.64,5700,-9999
04/07/2019 18:00,WEST CENTRAL,23312,631.21,9999,-9999
04/07/2019 18:05,CENTRAL EAST - VC,23330,2088.17,2255,-9999
04/07/2019 18:05,DYSINGER EAST,23326,1090.57,3150,-9999
04/07/2019 18:05,MOSES SOUTH,23319,2059.55,3150,-1600
04/07/2019 18:05,SCH - HQ - NY,23324,1415,1450,-1000
04/07/2019 18:05,SCH - HQ_CEDARS,325274,160,160,0
04/07/2019 18:05,SCH - HQ_IMPORT_EXPORT,325376,1310,1310,-9999
04/07/2019 18:05,SCH - NE - NY,23318,-198.92,600,-800
04/07/2019 18:05,SCH - NPX_1385,325277,0,100,-100
04/07/2019 18:05,SCH - NPX_CSC,325154,100,330,-330
04/07/2019 18:05,SCH - OH - NY,23317,953.53,1300,-1900
04/07/2019 18:05,SCH - PJ - NY,23316,162.01,2000,-1300
04/07/2019 18:05,SCH - PJM_HTP,325905,114,660,-660
04/07/2019 18:05,SCH - PJM_NEPTUNE,325305,660,660,-660
04/07/2019 18:05,SCH - PJM_VFT,325658,0,0,0
04/07/2019 18:05,SPR/DUN-SOUTH,23320,2384.13,4600,-9999
04/07/2019 18:05,TOTAL EAST,23314,4088.84,6800,-9999
04/07/2019 18:05,UPNY CONED,23315,2766.43,5700,-9999
04/07/2019 18:05,WEST CENTRAL,23312,732.67,9999,-9999
04/07/2019 18:10,CENTRAL EAST - VC,23330,2080.11,2255,-9999
04/07/2019 18:10,DYSINGER EAST,23326,1118.71,3150,-9999
04/07/2019 18:10,MOSES SOUTH,23319,1975.36,3150,-1600
04/07/2019 18:10,SCH - HQ - NY,23324,1415,1450,-1000
04/07/2019 18:10,SCH - HQ_CEDARS,325274,160,160,0
04/07/2019 18:10,SCH - HQ_IMPORT_EXPORT,325376,1310,1310,-9999
04/07/2019 18:10,SCH - NE - NY,23318,-198.91,600,-800
04/07/2019 18:10,SCH - NPX_1385,325277,0,100,-100
04/07/2019 18:10,SCH - NPX_CSC,325154,100,330,-330
04/07/2019 18:10,SCH - OH - NY,23317,953.53,1300,-1900
04/07/2019 18:10,SCH - PJ - NY,23316,164.27,2000,-1300
04/07/2019 18:10,SCH - PJM_HTP,325905,114,660,-660
04/07/2019 18:10,SCH - PJM_NEPTUNE,325305,660,660,-660
04/07/2019 18:10,SCH - PJM_VFT,325658,0,0,0
04/07/2019 18:10,SPR/DUN-SOUTH,23320,2388.43,4600,-9999
04/07/2019 18:10,TOTAL EAST,23314,4110.98,6800,-9999
04/07/2019 18:10,UPNY CONED,23315,2769.78,5700,-9999
04/07/2019 18:10,WEST CENTRAL,23312,760.13,9999,-9999
04/07/2019 18:15,CENTRAL EAST - VC,23330,2083.66,2255,-9999
04/07/2019 18:15,DYSINGER EAST,23326,1108.69,3150,-9999
04/07/2019 18:15,MOSES SOUTH,23319,1990.02,3150,-1600
04/07/2019 18:15,SCH - HQ - NY,23324,1415,1450,-1000
04/07/2019 18:15,SCH - HQ_CEDARS,325274,160,160,0
04/07/2019 18:15,SCH - HQ_IMPORT_EXPORT,325376,1310,1310,-9999
04/07/2019 18:15,SCH - NE - NY,23318,-215.56,600,-800
04/07/2019 18:15,SCH - NPX_1385,325277,0,100,-100
04/07/2019 18:15,SCH - NPX_CSC,325154,100,330,-330
04/07/2019 18:15,SCH - OH - NY,23317,953.61,1300,-1900
04/07/2019 18:15,SCH - PJ - NY,23316,266.09,2000,-1300
04/07/2019 18:15,SCH - PJM_HTP,325905,114,660,-660
04/07/2019 18:15,SCH - PJM_NEPTUNE,325305,660,660,-660
04/07/2019 18:15,SCH - PJM_VFT,325658,0,0,0
04/07/2019 18:15,SPR/DUN-SOUTH,23320,2418.29,4600,-9999
04/07/2019 18:15,TOTAL EAST,23314,4176.92,6800,-9999
04/07/2019 18:15,UPNY CONED,23315,2794.88,5700,-9999
04/07/2019 18:15,WEST CENTRAL,23312,755.37,9999,-9999
04/07/2019 18:20,CENTRAL EAST - VC,23330,2087.35,2255,-9999
04/07/2019 18:20,DYSINGER EAST,23326,1157.87,3150,-9999
04/07/2019 18:20,MOSES SOUTH,23319,1918.42,3150,-1600
04/07/2019 18:20,SCH - HQ - NY,23324,1415,1450,-1000
04/07/2019 18:20,SCH - HQ_CEDARS,325274,160,160,0
04/07/2019 18:20,SCH - HQ_IMPORT_EXPORT,325376,1310,1310,-9999
04/07/2019 18:20,SCH - NE - NY,23318,-232.84,600,-800
04/07/2019 18:20,SCH - NPX_1385,325277,0,100,-100
04/07/2019 18:20,SCH - NPX_CSC,325154,100,330,-330
04/07/2019 18:20,SCH - OH - NY,23317,953.51,1300,-1900
04/07/2019 18:20,SCH - PJ - NY,23316,365.07,2000,-1300
04/07/2019 18:20,SCH - PJM_HTP,325905,114,660,-660
04/07/2019 18:20,SCH - PJM_NEPTUNE,325305,660,660,-660
04/07/2019 18:20,SCH - PJM_VFT,325658,0,0,0
04/07/2019 18:20,SPR/DUN-SOUTH,23320,2487.95,4600,-9999
04/07/2019 18:20,TOTAL EAST,23314,4286.81,6800,-9999
04/07/2019 18:20,UPNY CONED,23315,2870.89,5700,-9999
04/07/2019 18:20,WEST CENTRAL,23312,806.44,9999,-9999
04/07/2019 18:25,CENTRAL EAST - VC,23330,2102.59,2255,-9999
04/07/2019 18:25,DYSINGER EAST,23326,1150.01,3150,-9999
04/07/2019 18:25,MOSES SOUTH,23319,1943.47,3150,-1600
04/07/2019 18:25,SCH - HQ - NY,23324,1415,1450,-1000
04/07/2019 18:25,SCH - HQ_CEDARS,325274,160,160,0
04/07/2019 18:25,SCH - HQ_IMPORT_EXPORT,325376,1310,1310,-9999
04/07/2019 18:25,SCH - NE - NY,23318,-232.63,600,-800
04/07/2019 18:25,SCH - NPX_1385,325277,0,100,-100
04/07/2019 18:25,SCH - NPX_CSC,325154,100,330,-330
04/07/2019 18:25,SCH - OH - NY,23317,953.59,1300,-1900
04/07/2019 18:25,SCH - PJ - NY,23316,365.1,2000,-1300
04/07/2019 18:25,SCH - PJM_HTP,325905,114,660,-660
04/07/2019 18:25,SCH - PJM_NEPTUNE,325305,660,660,-660
04/07/2019 18:25,SCH - PJM_VFT,325658,0,0,0
04/07/2019 18:25,SPR/DUN-SOUTH,23320,2466.61,4600,-9999
04/07/2019 18:25,TOTAL EAST,23314,4288.23,6800,-9999
04/07/2019 18:25,UPNY CONED,23315,2852.86,5700,-9999
04/07/2019 18:25,WEST CENTRAL,23312,798.77,9999,-9999
04/07/2019 18:30,CENTRAL EAST - VC,23330,2089.46,2255,-9999
04/07/2019 18:30,DYSINGER EAST,23326,1110.57,3150,-9999
04/07/2019 18:30,MOSES SOUTH,23319,2008.3,3150,-1600
04/07/2019 18:30,SCH - HQ - NY,23324,1415,1450,-1000
04/07/2019 18:30,SCH - HQ_CEDARS,325274,160,160,0
04/07/2019 18:30,SCH - HQ_IMPORT_EXPORT,325376,1310,1310,-9999
04/07/2019 18:30,SCH - NE - NY,23318,-225.66,600,-800
04/07/2019 18:30,SCH - NPX_1385,325277,0,100,-100
04/07/2019 18:30,SCH - NPX_CSC,325154,100,330,-330
04/07/2019 18:30,SCH - OH - NY,23317,953.55,1300,-1900
04/07/2019 18:30,SCH - PJ - NY,23316,363.44,2000,-1300
04/07/2019 18:30,SCH - PJM_HTP,325905,114,660,-660
04/07/2019 18:30,SCH - PJM_NEPTUNE,325305,660,660,-660
04/07/2019 18:30,SCH - PJM_VFT,325658,0,0,0
04/07/2019 18:30,SPR/DUN-SOUTH,23320,2429.91,4600,-9999
04/07/2019 18:30,TOTAL EAST,23314,4262.57,6800,-9999
04/07/2019 18:30,UPNY CONED,23315,2821.35,5700,-9999
04/07/2019 18:30,WEST CENTRAL,23312,756.21,9999,-9999
04/07/2019 18:35,CENTRAL EAST - VC,23330,2082.78,2255,-9999
04/07/2019 18:35,DYSINGER EAST,23326,1065.85,3150,-9999
04/07/2019 18:35,MOSES SOUTH,23319,2026.18,3150,-1600
04/07/2019 18:35,SCH - HQ - NY,23324,1415,1450,-1000
04/07/2019 18:35,SCH - HQ_CEDARS,325274,160,160,0
04/07/2019 18:35,SCH - HQ_IMPORT_EXPORT,325376,1310,1310,-9999
04/07/2019 18:35,SCH - NE - NY,23318,-219.51,600,-800
04/07/2019 18:35,SCH - NPX_1385,325277,0,100,-100
04/07/2019 18:35,SCH - NPX_CSC,325154,100,330,-330
04/07/2019 18:35,SCH - OH - NY,23317,953.49,1300,-1900
04/07/2019 18:35,SCH - PJ - NY,23316,362.28,2000,-1300
04/07/2019 18:35,SCH - PJM_HTP,325905,114,660,-660
04/07/2019 18:35,SCH - PJM_NEPTUNE,325305,660,660,-660
04/07/2019 18:35,SCH - PJM_VFT,325658,0,0,0
04/07/2019 18:35,SPR/DUN-SOUTH,23320,2413.89,4600,-9999
04/07/2019 18:35,TOTAL EAST,23314,4276.96,6800,-9999
04/07/2019 18:35,UPNY CONED,23315,2818.91,5700,-9999
04/07/2019 18:35,WEST CENTRAL,23312,710.28,9999,-9999
04/07/2019 18:40,CENTRAL EAST - VC,23330,2051.65,2255,-9999
04/07/2019 18:40,DYSINGER EAST,23326,1005.2,3150,-9999
04/07/2019 18:40,MOSES SOUTH,23319,2040.77,3150,-1600
04/07/2019 18:40,SCH - HQ - NY,23324,1415,1450,-1000
04/07/2019 18:40,SCH - HQ_CEDARS,325274,160,160,0
04/07/2019 18:40,SCH - HQ_IMPORT_EXPORT,325376,1310,1310,-9999
04/07/2019 18:40,SCH - NE - NY,23318,-219.56,600,-800
04/07/2019 18:40,SCH - NPX_1385,325277,0,100,-100
04/07/2019 18:40,SCH - NPX_CSC,325154,100,330,-330
04/07/2019 18:40,SCH - OH - NY,23317,953.56,1300,-1900
04/07/2019 18:40,SCH - PJ - NY,23316,359.72,2000,-1300
04/07/2019 18:40,SCH - PJM_HTP,325905,114,660,-660
04/07/2019 18:40,SCH - PJM_NEPTUNE,325305,660,660,-660
04/07/2019 18:40,SCH - PJM_VFT,325658,0,0,0
04/07/2019 18:40,SPR/DUN-SOUTH,23320,2325.26,4600,-9999
04/07/2019 18:40,TOTAL EAST,23314,4216.19,6800,-9999
04/07/2019 18:40,UPNY CONED,23315,2723.1,5700,-9999
04/07/2019 18:40,WEST CENTRAL,23312,647.69,9999,-9999
04/07/2019 18:45,CENTRAL EAST - VC,23330,2050.11,2255,-9999
04/07/2019 18:45,DYSINGER EAST,23326,1032.93,3150,-9999
04/07/2019 18:45,MOSES SOUTH,23319,2045.5,3150,-1600
04/07/2019 18:45,SCH - HQ - NY,23324,1415,1450,-1000
04/07/2019 18:45,SCH - HQ_CEDARS,325274,160,160,0
04/07/2019 18:45,SCH - HQ_IMPORT_EXPORT,325376,1310,1310,-9999
04/07/2019 18:45,SCH - NE - NY,23318,-201.24,600,-800
04/07/2019 18:45,SCH - NPX_1385,325277,0,100,-100
04/07/2019 18:45,SCH - NPX_CSC,325154,100,330,-330
04/07/2019 18:45,SCH - OH - NY,23317,953.64,1300,-1900
04/07/2019 18:45,SCH - PJ - NY,23316,394.56,2000,-1300
04/07/2019 18:45,SCH - PJM_HTP,325905,114,660,-660
04/07/2019 18:45,SCH - PJM_NEPTUNE,325305,660,660,-660
04/07/2019 18:45,SCH - PJM_VFT,325658,0,0,0
04/07/2019 18:45,SPR/DUN-SOUTH,23320,2330.51,4600,-9999
04/07/2019 18:45,TOTAL EAST,23314,4201.28,6800,-9999
04/07/2019 18:45,UPNY CONED,23315,2721.3,5700,-9999
04/07/2019 18:45,WEST CENTRAL,23312,672.08,9999,-9999
04/07/2019 18:50,CENTRAL EAST - VC,23330,2084.14,2255,-9999
04/07/2019 18:50,DYSINGER EAST,23326,1122.5,3150,-9999
04/07/2019 18:50,MOSES SOUTH,23319,2027.09,3150,-1600
04/07/2019 18:50,SCH - HQ - NY,23324,1415,1450,-1000
04/07/2019 18:50,SCH - HQ_CEDARS,325274,160,160,0
04/07/2019 18:50,SCH - HQ_IMPORT_EXPORT,325376,1310,1310,-9999
04/07/2019 18:50,SCH - NE - NY,23318,-182.95,600,-800
04/07/2019 18:50,SCH - NPX_1385,325277,0,100,-100
04/07/2019 18:50,SCH - NPX_CSC,325154,100,330,-330
04/07/2019 18:50,SCH - OH - NY,23317,953.55,1300,-1900
04/07/2019 18:50,SCH - PJ - NY,23316,435.66,2000,-1300
04/07/2019 18:50,SCH - PJM_HTP,325905,114,660,-660
04/07/2019 18:50,SCH - PJM_NEPTUNE,325305,660,660,-660
04/07/2019 18:50,SCH - PJM_VFT,325658,0,0,0
04/07/2019 18:50,SPR/DUN-SOUTH,23320,2406.25,4600,-9999
04/07/2019 18:50,TOTAL EAST,23314,4306.08,6800,-9999
04/07/2019 18:50,UPNY CONED,23315,2809.7,5700,-9999
04/07/2019 18:50,WEST CENTRAL,23312,756.98,9999,-9999
04/07/2019 18:55,CENTRAL EAST - VC,23330,2063.22,2255,-9999
04/07/2019 18:55,DYSINGER EAST,23326,1089.94,3150,-9999
04/07/2019 18:55,MOSES SOUTH,23319,2020.99,3150,-1600
04/07/2019 18:55,SCH - HQ - NY,23324,1415,1450,-1000
04/07/2019 18:55,SCH - HQ_CEDARS,325274,160,160,0
04/07/2019 18:55,SCH - HQ_IMPORT_EXPORT,325376,1310,1310,-9999
04/07/2019 18:55,SCH - NE - NY,23318,-182.92,600,-800
04/07/2019 18:55,SCH - NPX_1385,325277,0,100,-100
04/07/2019 18:55,SCH - NPX_CSC,325154,100,330,-330
04/07/2019 18:55,SCH - OH - NY,23317,953.69,1300,-1900
04/07/2019 18:55,SCH - PJ - NY,23316,435.12,2000,-1300
04/07/2019 18:55,SCH - PJM_HTP,325905,114,660,-660
04/07/2019 18:55,SCH - PJM_NEPTUNE,325305,660,660,-660
04/07/2019 18:55,SCH - PJM_VFT,325658,0,0,0
04/07/2019 18:55,SPR/DUN-SOUTH,23320,2339.88,4600,-9999
04/07/2019 18:55,TOTAL EAST,23314,4226.16,6800,-9999
04/07/2019 18:55,UPNY CONED,23315,2753.61,5700,-9999
04/07/2019 18:55,WEST CENTRAL,23312,722.1,9999,-9999
04/07/2019 19:00,CENTRAL EAST - VC,23330,2009.13,2255,-9999
04/07/2019 19:00,DYSINGER EAST,23326,1013.86,3150,-9999
04/07/2019 19:00,MOSES SOUTH,23319,2028.24,3150,-1600
04/07/2019 19:00,SCH - HQ - NY,23324,1415,1450,-1000
04/07/2019 19:00,SCH - HQ_CEDARS,325274,160,160,0
04/07/2019 19:00,SCH - HQ_IMPORT_EXPORT,325376,1310,1310,-9999
04/07/2019 19:00,SCH - NE - NY,23318,-123.61,600,-800
04/07/2019 19:00,SCH - NPX_1385,325277,0,100,-100
04/07/2019 19:00,SCH - NPX_CSC,325154,100,330,-330
04/07/2019 19:00,SCH - OH - NY,23317,976.57,1300,-1900
04/07/2019 19:00,SCH - PJ - NY,23316,422.81,2000,-1300
04/07/2019 19:00,SCH - PJM_HTP,325905,157,660,-660
04/07/2019 19:00,SCH - PJM_NEPTUNE,325305,660,660,-660
04/07/2019 19:00,SCH - PJM_VFT,325658,0,0,0
04/07/2019 19:00,SPR/DUN-SOUTH,23320,2324.56,4600,-9999
04/07/2019 19:00,TOTAL EAST,23314,4223.09,6800,-9999
04/07/2019 19:00,UPNY CONED,23315,2714.13,5700,-9999
04/07/2019 19:00,WEST CENTRAL,23312,647.09,9999,-9999
04/07/2019 19:05,CENTRAL EAST - VC,23330,2093.69,2315,-9999
04/07/2019 19:05,DYSINGER EAST,23326,1165.59,3150,-9999
04/07/2019 19:05,MOSES SOUTH,23319,2021.15,3150,-1600
04/07/2019 19:05,SCH - HQ - NY,23324,1415,1450,-1000
04/07/2019 19:05,SCH - HQ_CEDARS,325274,160,160,0
04/07/2019 19:05,SCH - HQ_IMPORT_EXPORT,325376,1310,1310,-9999
04/07/2019 19:05,SCH - NE - NY,23318,-65.52,600,-800
04/07/2019 19:05,SCH - NPX_1385,325277,0,100,-100
04/07/2019 19:05,SCH - NPX_CSC,325154,100,330,-330
04/07/2019 19:05,SCH - OH - NY,23317,999.44,1300,-1900
04/07/2019 19:05,SCH - PJ - NY,23316,422.6,2000,-1300
04/07/2019 19:05,SCH - PJM_HTP,325905,200,660,-660
04/07/2019 19:05,SCH - PJM_NEPTUNE,325305,660,660,-660
04/07/2019 19:05,SCH - PJM_VFT,325658,0,0,0
04/07/2019 19:05,SPR/DUN-SOUTH,23320,2422.04,4600,-9999
04/07/2019 19:05,TOTAL EAST,23314,4319.82,6800,-9999
04/07/2019 19:05,UPNY CONED,23315,2829.49,5700,-9999
04/07/2019 19:05,WEST CENTRAL,23312,795.39,9999,-9999
04/07/2019 19:10,CENTRAL EAST - VC,23330,2069.19,2315,-9999
04/07/2019 19:10,DYSINGER EAST,23326,1215.79,3150,-9999
04/07/2019 19:10,MOSES SOUTH,23319,1954.07,3150,-1600
04/07/2019 19:10,SCH - HQ - NY,23324,1415,1450,-1000
04/07/2019 19:10,SCH - HQ_CEDARS,325274,160,160,0
04/07/2019 19:10,SCH - HQ_IMPORT_EXPORT,325376,1310,1310,-9999
04/07/2019 19:10,SCH - NE - NY,23318,-65.66,600,-800
04/07/2019 19:10,SCH - NPX_1385,325277,0,100,-100
04/07/2019 19:10,SCH - NPX_CSC,325154,100,330,-330
04/07/2019 19:10,SCH - OH - NY,23317,999.45,1300,-1900
04/07/2019 19:10,SCH - PJ - NY,23316,422.03,2000,-1300
04/07/2019 19:10,SCH - PJM_HTP,325905,200,660,-660
04/07/2019 19:10,SCH - PJM_NEPTUNE,325305,660,660,-660
04/07/2019 19:10,SCH - PJM_VFT,325658,0,0,0
04/07/2019 19:10,SPR/DUN-SOUTH,23320,2389.71,4600,-9999
04/07/2019 19:10,TOTAL EAST,23314,4316.77,6800,-9999
04/07/2019 19:10,UPNY CONED,23315,2814.35,5700,-9999
04/07/2019 19:10,WEST CENTRAL,23312,842.53,9999,-9999
04/07/2019 19:15,CENTRAL EAST - VC,23330,2047.31,2315,-9999
04/07/2019 19:15,DYSINGER EAST,23326,1136.3,3150,-9999
04/07/2019 19:15,MOSES SOUTH,23319,2006.81,3150,-1600
04/07/2019 19:15,SCH - HQ - NY,23324,1415,1450,-1000
04/07/2019 19:15,SCH - HQ_CEDARS,325274,160,160,0
04/07/2019 19:15,SCH - HQ_IMPORT_EXPORT,325376,1310,1310,-9999
04/07/2019 19:15,SCH - NE - NY,23318,-55.2,600,-800
04/07/2019 19:15,SCH - NPX_1385,325277,0,100,-100
04/07/2019 19:15,SCH - NPX_CSC,325154,100,330,-330
04/07/2019 19:15,SCH - OH - NY,23317,999.5,1300,-1900
04/07/2019 19:15,SCH - PJ - NY,23316,434.88,2000,-1300
04/07/2019 19:15,SCH - PJM_HTP,325905,200,660,-660
04/07/2019 19:15,SCH - PJM_NEPTUNE,325305,660,660,-660
04/07/2019 19:15,SCH - PJM_VFT,325658,0,0,0
04/07/2019 19:15,SPR/DUN-SOUTH,23320,2341.76,4600,-9999
04/07/2019 19:15,TOTAL EAST,23314,4290.29,6800,-9999
04/07/2019 19:15,UPNY CONED,23315,2780.5,5700,-9999
04/07/2019 19:15,WEST CENTRAL,23312,763.52,9999,-9999
04/07/2019 19:20,CENTRAL EAST - VC,23330,2013.47,2315,-9999
04/07/2019 19:20,DYSINGER EAST,23326,1086.14,3150,-9999
04/07/2019 19:20,MOSES SOUTH,23319,1992.32,3150,-1600
04/07/2019 19:20,SCH - HQ - NY,23324,1415,1450,-1000
04/07/2019 19:20,SCH - HQ_CEDARS,325274,160,160,0
04/07/2019 19:20,SCH - HQ_IMPORT_EXPORT,325376,1310,1310,-9999
04/07/2019 19:20,SCH - NE - NY,23318,-46.02,600,-800
04/07/2019 19:20,SCH - NPX_1385,325277,0,100,-100
04/07/2019 19:20,SCH - NPX_CSC,325154,100,330,-330
04/07/2019 19:20,SCH - OH - NY,23317,999.5,1300,-1900
04/07/2019 19:20,SCH - PJ - NY,23316,449.65,2000,-1300
04/07/2019 19:20,SCH - PJM_HTP,325905,200,660,-660
04/07/2019 19:20,SCH - PJM_NEPTUNE,325305,660,660,-660
04/07/2019 19:20,SCH - PJM_VFT,325658,0,0,0
04/07/2019 19:20,SPR/DUN-SOUTH,23320,2266.2,4600,-9999
04/07/2019 19:20,TOTAL EAST,23314,4245.28,6800,-9999
04/07/2019 19:20,UPNY CONED,23315,2717.74,5700,-9999
04/07/2019 19:20,WEST CENTRAL,23312,714.3,9999,-9999
04/07/2019 19:25,CENTRAL EAST - VC,23330,1972.91,2315,-9999
04/07/2019 19:25,DYSINGER EAST,23326,1012.11,3150,-9999
04/07/2019 19:25,MOSES SOUTH,23319,1994.02,3150,-1600
04/07/2019 19:25,SCH - HQ - NY,23324,1415,1450,-1000
04/07/2019 19:25,SCH - HQ_CEDARS,325274,160,160,0
04/07/2019 19:25,SCH - HQ_IMPORT_EXPORT,325376,1310,1310,-9999
04/07/2019 19:25,SCH - NE - NY,23318,-46.06,600,-800
04/07/2019 19:25,SCH - NPX_1385,325277,0,100,-100
04/07/2019 19:25,SCH - NPX_CSC,325154,100,330,-330
04/07/2019 19:25,SCH - OH - NY,23317,999.63,1300,-1900
04/07/2019 19:25,SCH - PJ - NY,23316,453.25,2000,-1300
04/07/2019 19:25,SCH - PJM_HTP,325905,200,660,-660
04/07/2019 19:25,SCH - PJM_NEPTUNE,325305,660,660,-660
04/07/2019 19:25,SCH - PJM_VFT,325658,0,0,0
04/07/2019 19:25,SPR/DUN-SOUTH,23320,2159.31,4600,-9999
04/07/2019 19:25,TOTAL EAST,23314,4133.68,6800,-9999
04/07/2019 19:25,UPNY CONED,23315,2631.59,5700,-9999
04/07/2019 19:25,WEST CENTRAL,23312,637.34,9999,-9999
04/07/2019 19:30,CENTRAL EAST - VC,23330,1965.27,2315,-9999
04/07/2019 19:30,DYSINGER EAST,23326,988.32,3150,-9999
04/07/2019 19:30,MOSES SOUTH,23319,1990.7,3150,-1600
04/07/2019 19:30,SCH - HQ - NY,23324,1415,1450,-1000
04/07/2019 19:30,SCH - HQ_CEDARS,325274,160,160,0
04/07/2019 19:30,SCH - HQ_IMPORT_EXPORT,325376,1310,1310,-9999
04/07/2019 19:30,SCH - NE - NY,23318,-4.22,600,-800
04/07/2019 19:30,SCH - NPX_1385,325277,0,100,-100
04/07/2019 19:30,SCH - NPX_CSC,325154,100,330,-330
04/07/2019 19:30,SCH - OH - NY,23317,999.59,1300,-1900
04/07/2019 19:30,SCH - PJ - NY,23316,453.78,2000,-1300
04/07/2019 19:30,SCH - PJM_HTP,325905,200,660,-660
04/07/2019 19:30,SCH - PJM_NEPTUNE,325305,660,660,-660
04/07/2019 19:30,SCH - PJM_VFT,325658,0,0,0
04/07/2019 19:30,SPR/DUN-SOUTH,23320,2165.76,4600,-9999
04/07/2019 19:30,TOTAL EAST,23314,4159.83,6800,-9999
04/07/2019 19:30,UPNY CONED,23315,2655.92,5700,-9999
04/07/2019 19:30,WEST CENTRAL,23312,612.86,9999,-9999
04/07/2019 19:35,CENTRAL EAST - VC,23330,1946.31,2315,-9999
04/07/2019 19:35,DYSINGER EAST,23326,965.54,3150,-9999
04/07/2019 19:35,MOSES SOUTH,23319,2013.72,3150,-1600
04/07/2019 19:35,SCH - HQ - NY,23324,1415,1450,-1000
04/07/2019 19:35,SCH - HQ_CEDARS,325274,160,160,0
04/07/2019 19:35,SCH - HQ_IMPORT_EXPORT,325376,1310,1310,-9999
04/07/2019 19:35,SCH - NE - NY,23318,36.48,600,-800
04/07/2019 19:35,SCH - NPX_1385,325277,0,100,-100
04/07/2019 19:35,SCH - NPX_CSC,325154,100,330,-330
04/07/2019 19:35,SCH - OH - NY,23317,999.7,1300,-1900
04/07/2019 19:35,SCH - PJ - NY,23316,453.47,2000,-1300
04/07/2019 19:35,SCH - PJM_HTP,325905,200,660,-660
04/07/2019 19:35,SCH - PJM_NEPTUNE,325305,660,660,-660
04/07/2019 19:35,SCH - PJM_VFT,325658,0,0,0
04/07/2019 19:35,SPR/DUN-SOUTH,23320,2118.84,4600,-9999
04/07/2019 19:35,TOTAL EAST,23314,4073.77,6800,-9999
04/07/2019 19:35,UPNY CONED,23315,2636.34,5700,-9999
04/07/2019 19:35,WEST CENTRAL,23312,586.3,9999,-9999
04/07/2019 19:40,CENTRAL EAST - VC,23330,1974.85,2315,-9999
04/07/2019 19:40,DYSINGER EAST,23326,1007.54,3150,-9999
04/07/2019 19:40,MOSES SOUTH,23319,2019.08,3150,-1600
04/07/2019 19:40,SCH - HQ - NY,23324,1415,1450,-1000
04/07/2019 19:40,SCH - HQ_CEDARS,325274,160,160,0
04/07/2019 19:40,SCH - HQ_IMPORT_EXPORT,325376,1310,1310,-9999
04/07/2019 19:40,SCH - NE - NY,23318,36.4,600,-800
04/07/2019 19:40,SCH - NPX_1385,325277,0,100,-100
04/07/2019 19:40,SCH - NPX_CSC,325154,100,330,-330
04/07/2019 19:40,SCH - OH - NY,23317,996.71,1300,-1900
04/07/2019 19:40,SCH - PJ - NY,23316,465.47,2000,-1300
04/07/2019 19:40,SCH - PJM_HTP,325905,200,660,-660
04/07/2019 19:40,SCH - PJM_NEPTUNE,325305,660,660,-660
04/07/2019 19:40,SCH - PJM_VFT,325658,0,0,0
04/07/2019 19:40,SPR/DUN-SOUTH,23320,2111.16,4600,-9999
04/07/2019 19:40,TOTAL EAST,23314,4065.35,6800,-9999
04/07/2019 19:40,UPNY CONED,23315,2632.14,5700,-9999
04/07/2019 19:40,WEST CENTRAL,23312,623.85,9999,-9999
04/07/2019 19:45,CENTRAL EAST - VC,23330,2022.25,2315,-9999
04/07/2019 19:45,DYSINGER EAST,23326,1087.71,3150,-9999
04/07/2019 19:45,MOSES SOUTH,23319,2035.16,3150,-1600
04/07/2019 19:45,SCH - HQ - NY,23324,1415,1450,-1000
04/07/2019 19:45,SCH - HQ_CEDARS,325274,160,160,0
04/07/2019 19:45,SCH - HQ_IMPORT_EXPORT,325376,1310,1310,-9999
04/07/2019 19:45,SCH - NE - NY,23318,-35.81,600,-800
04/07/2019 19:45,SCH - NPX_1385,325277,0,100,-100
04/07/2019 19:45,SCH - NPX_CSC,325154,100,330,-330
04/07/2019 19:45,SCH - OH - NY,23317,997.88,1300,-1900
04/07/2019 19:45,SCH - PJ - NY,23316,485.62,2000,-1300
04/07/2019 19:45,SCH - PJM_HTP,325905,200,660,-660
04/07/2019 19:45,SCH - PJM_NEPTUNE,325305,660,660,-660
04/07/2019 19:45,SCH - PJM_VFT,325658,0,0,0
04/07/2019 19:45,SPR/DUN-SOUTH,23320,2036.62,4600,-9999
04/07/2019 19:45,TOTAL EAST,23314,4122.54,6800,-9999
04/07/2019 19:45,UPNY CONED,23315,2576.82,5700,-9999
04/07/2019 19:45,WEST CENTRAL,23312,696.69,9999,-9999
04/07/2019 19:50,CENTRAL EAST - VC,23330,2078.58,2315,-9999
04/07/2019 19:50,DYSINGER EAST,23326,1143.76,3150,-9999
04/07/2019 19:50,MOSES SOUTH,23319,2038.98,3150,-1600
04/07/2019 19:50,SCH - HQ - NY,23324,1415,1450,-1000
04/07/2019 19:50,SCH - HQ_CEDARS,325274,160,160,0
04/07/2019 19:50,SCH - HQ_IMPORT_EXPORT,325376,1310,1310,-9999
04/07/2019 19:50,SCH - NE - NY,23318,-108.12,600,-800
04/07/2019 19:50,SCH - NPX_1385,325277,0,100,-100
04/07/2019 19:50,SCH - NPX_CSC,325154,100,330,-330
04/07/2019 19:50,SCH - OH - NY,23317,995.07,1300,-1900
04/07/2019 19:50,SCH - PJ - NY,23316,507.27,2000,-1300
04/07/2019 19:50,SCH - PJM_HTP,325905,200,660,-660
04/07/2019 19:50,SCH - PJM_NEPTUNE,325305,660,660,-660
04/07/2019 19:50,SCH - PJM_VFT,325658,0,0,0
04/07/2019 19:50,SPR/DUN-SOUTH,23320,2032.79,4600,-9999
04/07/2019 19:50,TOTAL EAST,23314,4213.81,6800,-9999
04/07/2019 19:50,UPNY CONED,23315,2601.16,5700,-9999
04/07/2019 19:50,WEST CENTRAL,23312,747.88,9999,-9999
04/07/2019 19:55,CENTRAL EAST - VC,23330,2118.5,2315,-9999
04/07/2019 19:55,DYSINGER EAST,23326,1199.3,3150,-9999
04/07/2019 19:55,MOSES SOUTH,23319,2054.58,3150,-1600
04/07/2019 19:55,SCH - HQ - NY,23324,1415,1450,-1000
04/07/2019 19:55,SCH - HQ_CEDARS,325274,160,160,0
04/07/2019 19:55,SCH - HQ_IMPORT_EXPORT,325376,1310,1310,-9999
04/07/2019 19:55,SCH - NE - NY,23318,-108.21,600,-800
04/07/2019 19:55,SCH - NPX_1385,325277,0,100,-100
04/07/2019 19:55,SCH - NPX_CSC,325154,100,330,-330
04/07/2019 19:55,SCH - OH - NY,23317,998.03,1300,-1900
04/07/2019 19:55,SCH - PJ - NY,23316,505.7,2000,-1300
04/07/2019 19:55,SCH - PJM_HTP,325905,200,660,-660
04/07/2019 19:55,SCH - PJM_NEPTUNE,325305,660,660,-660
04/07/2019 19:55,SCH - PJM_VFT,325658,0,0,0
04/07/2019 19:55,SPR/DUN-SOUTH,23320,2032.94,4600,-9999
04/07/2019 19:55,TOTAL EAST,23314,4160.24,6800,-9999
04/07/2019 19:55,UPNY CONED,23315,2614.85,5700,-9999
04/07/2019 19:55,WEST CENTRAL,23312,792.41,9999,-9999
04/07/2019 20:00,CENTRAL EAST - VC,23330,2039.1,2315,-9999
04/07/2019 20:00,DYSINGER EAST,23326,1026.46,3150,-9999
04/07/2019 20:00,MOSES SOUTH,23319,2046.78,3150,-1600
04/07/2019 20:00,SCH - HQ - NY,23324,1415,1450,-1000
04/07/2019 20:00,SCH - HQ_CEDARS,325274,160,160,0
04/07/2019 20:00,SCH - HQ_IMPORT_EXPORT,325376,1310,1310,-9999
04/07/2019 20:00,SCH - NE - NY,23318,-192.62,600,-800
04/07/2019 20:00,SCH - NPX_1385,325277,30,100,-100
04/07/2019 20:00,SCH - NPX_CSC,325154,100,330,-330
04/07/2019 20:00,SCH - OH - NY,23317,1000.39,1300,-1900
04/07/2019 20:00,SCH - PJ - NY,23316,487.55,2000,-1300
04/07/2019 20:00,SCH - PJM_HTP,325905,200,660,-660
04/07/2019 20:00,SCH - PJM_NEPTUNE,325305,660,660,-660
04/07/2019 20:00,SCH - PJM_VFT,325658,0,0,0
04/07/2019 20:00,SPR/DUN-SOUTH,23320,1847.66,4600,-9999
04/07/2019 20:00,TOTAL EAST,23314,3953.5,6800,-9999
04/07/2019 20:00,UPNY CONED,23315,2350.23,5700,-9999
04/07/2019 20:00,WEST CENTRAL,23312,612.49,9999,-9999
04/07/2019 20:05,CENTRAL EAST - VC,23330,2070.3,2315,-9999
04/07/2019 20:05,DYSINGER EAST,23326,1116.51,3150,-9999
04/07/2019 20:05,MOSES SOUTH,23319,2030.31,3150,-1600
04/07/2019 20:05,SCH - HQ - NY,23324,1415,1450,-1000
04/07/2019 20:05,SCH - HQ_CEDARS,325274,160,160,0
04/07/2019 20:05,SCH - HQ_IMPORT_EXPORT,325376,1310,1310,-9999
04/07/2019 20:05,SCH - NE - NY,23318,-278.14,600,-800
04/07/2019 20:05,SCH - NPX_1385,325277,60,100,-100
04/07/2019 20:05,SCH - NPX_CSC,325154,100,330,-330
04/07/2019 20:05,SCH - OH - NY,23317,997.31,1300,-1900
04/07/2019 20:05,SCH - PJ - NY,23316,374.56,2000,-1300
04/07/2019 20:05,SCH - PJM_HTP,325905,200,660,-660
04/07/2019 20:05,SCH - PJM_NEPTUNE,325305,660,660,-660
04/07/2019 20:05,SCH - PJM_VFT,325658,0,0,0
04/07/2019 20:05,SPR/DUN-SOUTH,23320,1850.8,4600,-9999
04/07/2019 20:05,TOTAL EAST,23314,3993.05,6800,-9999
04/07/2019 20:05,UPNY CONED,23315,2307.76,5700,-9999
04/07/2019 20:05,WEST CENTRAL,23312,692.71,9999,-9999
04/07/2019 20:10,CENTRAL EAST - VC,23330,2070.8,2315,-9999
04/07/2019 20:10,DYSINGER EAST,23326,1092.77,3150,-9999
04/07/2019 20:10,MOSES SOUTH,23319,2013.99,3150,-1600
04/07/2019 20:10,SCH - HQ - NY,23324,1415,1450,-1000
04/07/2019 20:10,SCH - HQ_CEDARS,325274,160,160,0
04/07/2019 20:10,SCH - HQ_IMPORT_EXPORT,325376,1310,1310,-9999
04/07/2019 20:10,SCH - NE - NY,23318,-277.97,600,-800
04/07/2019 20:10,SCH - NPX_1385,325277,60,100,-100
04/07/2019 20:10,SCH - NPX_CSC,325154,100,330,-330
04/07/2019 20:10,SCH - OH - NY,23317,998.15,1300,-1900
04/07/2019 20:10,SCH - PJ - NY,23316,378.46,2000,-1300
04/07/2019 20:10,SCH - PJM_HTP,325905,200,660,-660
04/07/2019 20:10,SCH - PJM_NEPTUNE,325305,660,660,-660
04/07/2019 20:10,SCH - PJM_VFT,325658,0,0,0
04/07/2019 20:10,SPR/DUN-SOUTH,23320,1821.18,4600,-9999
04/07/2019 20:10,TOTAL EAST,23314,3932.89,6800,-9999
04/07/2019 20:10,UPNY CONED,23315,2261.99,5700,-9999
04/07/2019 20:10,WEST CENTRAL,23312,664.33,9999,-9999
04/07/2019 20:15,CENTRAL EAST - VC,23330,2062.64,2315,-9999
04/07/2019 20:15,DYSINGER EAST,23326,1089.27,3150,-9999
04/07/2019 20:15,MOSES SOUTH,23319,2057.46,3150,-1600
04/07/2019 20:15,SCH - HQ - NY,23324,1415,1450,-1000
04/07/2019 20:15,SCH - HQ_CEDARS,325274,160,160,0
04/07/2019 20:15,SCH - HQ_IMPORT_EXPORT,325376,1310,1310,-9999
04/07/2019 20:15,SCH - NE - NY,23318,-195.99,600,-800
04/07/2019 20:15,SCH - NPX_1385,325277,60,100,-100
04/07/2019 20:15,SCH - NPX_CSC,325154,100,330,-330
04/07/2019 20:15,SCH - OH - NY,23317,998.77,1300,-1900
04/07/2019 20:15,SCH - PJ - NY,23316,329.75,2000,-1300
04/07/2019 20:15,SCH - PJM_HTP,325905,200,660,-660
04/07/2019 20:15,SCH - PJM_NEPTUNE,325305,660,660,-660
04/07/2019 20:15,SCH - PJM_VFT,325658,0,0,0
04/07/2019 20:15,SPR/DUN-SOUTH,23320,1870.47,4600,-9999
04/07/2019 20:15,TOTAL EAST,23314,3861.45,6800,-9999
04/07/2019 20:15,UPNY CONED,23315,2313.5,5700,-9999
04/07/2019 20:15,WEST CENTRAL,23312,652.47,9999,-9999
04/07/2019 20:20,CENTRAL EAST - VC,23330,2065.07,2365,-9999
04/07/2019 20:20,DYSINGER EAST,23326,1098.83,3150,-9999
04/07/2019 20:20,MOSES SOUTH,23319,2046.23,3150,-1600
04/07/2019 20:20,SCH - HQ - NY,23324,1415,1450,-1000
04/07/2019 20:20,SCH - HQ_CEDARS,325274,160,160,0
04/07/2019 20:20,SCH - HQ_IMPORT_EXPORT,325376,1310,1310,-9999
04/07/2019 20:20,SCH - NE - NY,23318,-115.95,600,-800
04/07/2019 20:20,SCH - NPX_1385,325277,60,100,-100
04/07/2019 20:20,SCH - NPX_CSC,325154,100,330,-330
04/07/2019 20:20,SCH - OH - NY,23317,995.41,1300,-1900
04/07/2019 20:20,SCH - PJ - NY,23316,292.03,2000,-1300
04/07/2019 20:20,SCH - PJM_HTP,325905,200,660,-660
04/07/2019 20:20,SCH - PJM_NEPTUNE,325305,660,660,-660
04/07/2019 20:20,SCH - PJM_VFT,325658,0,0,0
04/07/2019 20:20,SPR/DUN-SOUTH,23320,1999.6,4600,-9999
04/07/2019 20:20,TOTAL EAST,23314,3868.64,6800,-9999
04/07/2019 20:20,UPNY CONED,23315,2422.32,5700,-9999
04/07/2019 20:20,WEST CENTRAL,23312,663.03,9999,-9999
04/07/2019 20:25,CENTRAL EAST - VC,23330,2026.01,2365,-9999
04/07/2019 20:25,DYSINGER EAST,23326,1002.48,3150,-9999
04/07/2019 20:25,MOSES SOUTH,23319,2053.84,3150,-1600
04/07/2019 20:25,SCH - HQ - NY,23324,1415,1450,-1000
04/07/2019 20:25,SCH - HQ_CEDARS,325274,160,160,0
04/07/2019 20:25,SCH - HQ_IMPORT_EXPORT,325376,1310,1310,-9999
04/07/2019 20:25,SCH - NE - NY,23318,-115.88,600,-800
04/07/2019 20:25,SCH - NPX_1385,325277,60,100,-100
04/07/2019 20:25,SCH - NPX_CSC,325154,100,330,-330
04/07/2019 20:25,SCH - OH - NY,23317,998.07,1300,-1900
04/07/2019 20:25,SCH - PJ - NY,23316,296.03,2000,-1300
04/07/2019 20:25,SCH - PJM_HTP,325905,200,660,-660
04/07/2019 20:25,SCH - PJM_NEPTUNE,325305,660,660,-660
04/07/2019 20:25,SCH - PJM_VFT,325658,0,0,0
04/07/2019 20:25,SPR/DUN-SOUTH,23320,2004.34,4600,-9999
04/07/2019 20:25,TOTAL EAST,23314,3837.72,6800,-9999
04/07/2019 20:25,UPNY CONED,23315,2397.38,5700,-9999
04/07/2019 20:25,WEST CENTRAL,23312,575.96,9999,-9999
04/07/2019 20:30,CENTRAL EAST - VC,23330,2074.72,2365,-9999
04/07/2019 20:30,DYSINGER EAST,23326,1102.13,3150,-9999
04/07/2019 20:30,MOSES SOUTH,23319,2059.93,3150,-1600
04/07/2019 20:30,SCH - HQ - NY,23324,1415,1450,-1000
04/07/2019 20:30,SCH - HQ_CEDARS,325274,160,160,0
04/07/2019 20:30,SCH - HQ_IMPORT_EXPORT,325376,1310,1310,-9999
04/07/2019 20:30,SCH - NE - NY,23318,-74.34,600,-800
04/07/2019 20:30,SCH - NPX_1385,325277,60,100,-100
04/07/2019 20:30,SCH - NPX_CSC,325154,100,330,-330
04/07/2019 20:30,SCH - OH - NY,23317,999.76,1300,-1900
04/07/2019 20:30,SCH - PJ - NY,23316,203.33,2000,-1300
04/07/2019 20:30,SCH - PJM_HTP,325905,200,660,-660
04/07/2019 20:30,SCH - PJM_NEPTUNE,325305,660,660,-660
04/07/2019 20:30,SCH - PJM_VFT,325658,0,0,0
04/07/2019 20:30,SPR/DUN-SOUTH,23320,2155.38,4600,-9999
04/07/2019 20:30,TOTAL EAST,23314,3914.02,6800,-9999
04/07/2019 20:30,UPNY CONED,23315,2533.06,5700,-9999
04/07/2019 20:30,WEST CENTRAL,23312,681.16,9999,-9999
04/07/2019 20:35,CENTRAL EAST - VC,23330,2006.02,2365,-9999
04/07/2019 20:35,DYSINGER EAST,23326,1012.32,3150,-9999
04/07/2019 20:35,MOSES SOUTH,23319,2048.92,3150,-1600
04/07/2019 20:35,SCH - HQ - NY,23324,1415,1450,-1000
04/07/2019 20:35,SCH - HQ_CEDARS,325274,160,160,0
04/07/2019 20:35,SCH - HQ_IMPORT_EXPORT,325376,1310,1310,-9999
04/07/2019 20:35,SCH - NE - NY,23318,-33.8,600,-800
04/07/2019 20:35,SCH - NPX_1385,325277,60,100,-100
04/07/2019 20:35,SCH - NPX_CSC,325154,100,330,-330
04/07/2019 20:35,SCH - OH - NY,23317,999.73,1300,-1900
04/07/2019 20:35,SCH - PJ - NY,23316,118.71,2000,-1300
04/07/2019 20:35,SCH - PJM_HTP,325905,200,660,-660
04/07/2019 20:35,SCH - PJM_NEPTUNE,325305,660,660,-660
04/07/2019 20:35,SCH - PJM_VFT,325658,0,0,0
04/07/2019 20:35,SPR/DUN-SOUTH,23320,2129.98,4600,-9999
04/07/2019 20:35,TOTAL EAST,23314,3802.14,6800,-9999
04/07/2019 20:35,UPNY CONED,23315,2485.78,5700,-9999
04/07/2019 20:35,WEST CENTRAL,23312,597.63,9999,-9999
04/07/2019 20:40,CENTRAL EAST - VC,23330,2036.41,2365,-9999
04/07/2019 20:40,DYSINGER EAST,23326,1044.99,3150,-9999
04/07/2019 20:40,MOSES SOUTH,23319,2065.65,3150,-1600
04/07/2019 20:40,SCH - HQ - NY,23324,1415,1450,-1000
04/07/2019 20:40,SCH - HQ_CEDARS,325274,160,160,0
04/07/2019 20:40,SCH - HQ_IMPORT_EXPORT,325376,1310,1310,-9999
04/07/2019 20:40,SCH - NE - NY,23318,-33.83,600,-800
04/07/2019 20:40,SCH - NPX_1385,325277,60,100,-100
04/07/2019 20:40,SCH - NPX_CSC,325154,100,330,-330
04/07/2019 20:40,SCH - OH - NY,23317,999.75,1300,-1900
04/07/2019 20:40,SCH - PJ - NY,23316,118.87,2000,-1300
04/07/2019 20:40,SCH - PJM_HTP,325905,200,660,-660
04/07/2019 20:40,SCH - PJM_NEPTUNE,325305,660,660,-660
04/07/2019 20:40,SCH - PJM_VFT,325658,0,0,0
04/07/2019 20:40,SPR/DUN-SOUTH,23320,2194.56,4600,-9999
04/07/2019 20:40,TOTAL EAST,23314,3869.91,6800,-9999
04/07/2019 20:40,UPNY CONED,23315,2535.54,5700,-9999
04/07/2019 20:40,WEST CENTRAL,23312,638.82,9999,-9999
04/07/2019 20:45,CENTRAL EAST - VC,23330,2064.1,2365,-9999
04/07/2019 20:45,DYSINGER EAST,23326,1048.9,3150,-9999
04/07/2019 20:45,MOSES SOUTH,23319,2067.36,3150,-1600
04/07/2019 20:45,SCH - HQ - NY,23324,1415,1450,-1000
04/07/2019 20:45,SCH - HQ_CEDARS,325274,160,160,0
04/07/2019 20:45,SCH - HQ_IMPORT_EXPORT,325376,1310,1310,-9999
04/07/2019 20:45,SCH - NE - NY,23318,-105.85,600,-800
04/07/2019 20:45,SCH - NPX_1385,325277,60,100,-100
04/07/2019 20:45,SCH - NPX_CSC,325154,100,330,-330
04/07/2019 20:45,SCH - OH - NY,23317,995.5,1300,-1900
04/07/2019 20:45,SCH - PJ - NY,23316,102.18,2000,-1300
04/07/2019 20:45,SCH - PJM_HTP,325905,200,660,-660
04/07/2019 20:45,SCH - PJM_NEPTUNE,325305,660,660,-660
04/07/2019 20:45,SCH - PJM_VFT,325658,0,0,0
04/07/2019 20:45,SPR/DUN-SOUTH,23320,2165.52,4600,-9999
04/07/2019 20:45,TOTAL EAST,23314,3865.24,6800,-9999
04/07/2019 20:45,UPNY CONED,23315,2502.09,5700,-9999
04/07/2019 20:45,WEST CENTRAL,23312,649.75,9999,-9999
04/07/2019 20:50,CENTRAL EAST - VC,23330,2124.75,2365,-9999
04/07/2019 20:50,DYSINGER EAST,23326,1133.11,3150,-9999
04/07/2019 20:50,MOSES SOUTH,23319,2064.77,3150,-1600
04/07/2019 20:50,SCH - HQ - NY,23324,1415,1450,-1000
04/07/2019 20:50,SCH - HQ_CEDARS,325274,160,160,0
04/07/2019 20:50,SCH - HQ_IMPORT_EXPORT,325376,1310,1310,-9999
04/07/2019 20:50,SCH - NE - NY,23318,-177.91,600,-800
04/07/2019 20:50,SCH - NPX_1385,325277,60,100,-100
04/07/2019 20:50,SCH - NPX_CSC,325154,100,330,-330
04/07/2019 20:50,SCH - OH - NY,23317,999.69,1300,-1900
04/07/2019 20:50,SCH - PJ - NY,23316,71.47,2000,-1300
04/07/2019 20:50,SCH - PJM_HTP,325905,200,660,-660
04/07/2019 20:50,SCH - PJM_NEPTUNE,325305,660,660,-660
04/07/2019 20:50,SCH - PJM_VFT,325658,0,0,0
04/07/2019 20:50,SPR/DUN-SOUTH,23320,2202.04,4600,-9999
04/07/2019 20:50,TOTAL EAST,23314,3985.47,6800,-9999
04/07/2019 20:50,UPNY CONED,23315,2534.83,5700,-9999
04/07/2019 20:50,WEST CENTRAL,23312,739.51,9999,-9999
04/07/2019 20:55,CENTRAL EAST - VC,23330,2113.27,2365,-9999
04/07/2019 20:55,DYSINGER EAST,23326,1087.03,3150,-9999
04/07/2019 20:55,MOSES SOUTH,23319,2078.24,3150,-1600
04/07/2019 20:55,SCH - HQ - NY,23324,1415,1450,-1000
04/07/2019 20:55,SCH - HQ_CEDARS,325274,160,160,0
04/07/2019 20:55,SCH - HQ_IMPORT_EXPORT,325376,1310,1310,-9999
04/07/2019 20:55,SCH - NE - NY,23318,-177.86,600,-800
04/07/2019 20:55,SCH - NPX_1385,325277,60,100,-100
04/07/2019 20:55,SCH - NPX_CSC,325154,100,330,-330
04/07/2019 20:55,SCH - OH - NY,23317,996.49,1300,-1900
04/07/2019 20:55,SCH - PJ - NY,23316,82.36,2000,-1300
04/07/2019 20:55,SCH - PJM_HTP,325905,200,660,-660
04/07/2019 20:55,SCH - PJM_NEPTUNE,325305,660,660,-660
04/07/2019 20:55,SCH - PJM_VFT,325658,0,0,0
04/07/2019 20:55,SPR/DUN-SOUTH,23320,2178.96,4600,-9999
04/07/2019 20:55,TOTAL EAST,23314,3951.23,6800,-9999
04/07/2019 20:55,UPNY CONED,23315,2508.27,5700,-9999
04/07/2019 20:55,WEST CENTRAL,23312,703.15,9999,-9999
04/07/2019 21:00,CENTRAL EAST - VC,23330,2150.29,2365,-9999
04/07/2019 21:00,DYSINGER EAST,23326,1194.79,3150,-9999
04/07/2019 21:00,MOSES SOUTH,23319,1961.66,3150,-1600
04/07/2019 21:00,SCH - HQ - NY,23324,1325,1450,-1000
04/07/2019 21:00,SCH - HQ_CEDARS,325274,130,160,0
04/07/2019 21:00,SCH - HQ_IMPORT_EXPORT,325376,1220,1310,-9999
04/07/2019 21:00,SCH - NE - NY,23318,-291.49,600,-800
04/07/2019 21:00,SCH - NPX_1385,325277,34,100,-100
04/07/2019 21:00,SCH - NPX_CSC,325154,100,330,-330
04/07/2019 21:00,SCH - OH - NY,23317,999.7,1300,-1900
04/07/2019 21:00,SCH - PJ - NY,23316,118.28,2000,-1300
04/07/2019 21:00,SCH - PJM_HTP,325905,200,660,-660
04/07/2019 21:00,SCH - PJM_NEPTUNE,325305,660,660,-660
04/07/2019 21:00,SCH - PJM_VFT,325658,0,0,0
04/07/2019 21:00,SPR/DUN-SOUTH,23320,2080.22,4600,-9999
04/07/2019 21:00,TOTAL EAST,23314,4037.28,6800,-9999
04/07/2019 21:00,UPNY CONED,23315,2468.03,5700,-9999
04/07/2019 21:00,WEST CENTRAL,23312,816.95,9999,-9999
04/07/2019 21:05,CENTRAL EAST - VC,23330,2189.1,2365,-9999
04/07/2019 21:05,DYSINGER EAST,23326,1373.08,3150,-9999
04/07/2019 21:05,MOSES SOUTH,23319,1784.22,3150,-1600
04/07/2019 21:05,SCH - HQ - NY,23324,1235,1450,-1000
04/07/2019 21:05,SCH - HQ_CEDARS,325274,100,160,0
04/07/2019 21:05,SCH - HQ_IMPORT_EXPORT,325376,1130,1310,-9999
04/07/2019 21:05,SCH - NE - NY,23318,-406.3,600,-800
04/07/2019 21:05,SCH - NPX_1385,325277,9,100,-100
04/07/2019 21:05,SCH - NPX_CSC,325154,100,330,-330
04/07/2019 21:05,SCH - OH - NY,23317,999.72,1300,-1900
04/07/2019 21:05,SCH - PJ - NY,23316,156.75,2000,-1300
04/07/2019 21:05,SCH - PJM_HTP,325905,200,660,-660
04/07/2019 21:05,SCH - PJM_NEPTUNE,325305,660,660,-660
04/07/2019 21:05,SCH - PJM_VFT,325658,0,0,0
04/07/2019 21:05,SPR/DUN-SOUTH,23320,1983.37,4600,-9999
04/07/2019 21:05,TOTAL EAST,23314,4050.98,6800,-9999
04/07/2019 21:05,UPNY CONED,23315,2407.36,5700,-9999
04/07/2019 21:05,WEST CENTRAL,23312,994.6,9999,-9999
04/07/2019 21:10,CENTRAL EAST - VC,23330,2110.47,2365,-9999
04/07/2019 21:10,DYSINGER EAST,23326,1125.41,3150,-9999
04/07/2019 21:10,MOSES SOUTH,23319,1862.17,3150,-1600
04/07/2019 21:10,SCH - HQ - NY,23324,1235,1450,-1000
04/07/2019 21:10,SCH - HQ_CEDARS,325274,100,160,0
04/07/2019 21:10,SCH - HQ_IMPORT_EXPORT,325376,1130,1310,-9999
04/07/2019 21:10,SCH - NE - NY,23318,-406.02,600,-800
04/07/2019 21:10,SCH - NPX_1385,325277,10,100,-100
04/07/2019 21:10,SCH - NPX_CSC,325154,100,330,-330
04/07/2019 21:10,SCH - OH - NY,23317,999.72,1300,-1900
04/07/2019 21:10,SCH - PJ - NY,23316,154.91,2000,-1300
04/07/2019 21:10,SCH - PJM_HTP,325905,200,660,-660
04/07/2019 21:10,SCH - PJM_NEPTUNE,325305,660,660,-660
04/07/2019 21:10,SCH - PJM_VFT,325658,0,0,0
04/07/2019 21:10,SPR/DUN-SOUTH,23320,1894.56,4600,-9999
04/07/2019 21:10,TOTAL EAST,23314,3983.87,6800,-9999
04/07/2019 21:10,UPNY CONED,23315,2313.92,5700,-9999
04/07/2019 21:10,WEST CENTRAL,23312,758.88,9999,-9999
04/07/2019 21:15,CENTRAL EAST - VC,23330,2132.12,2365,-9999
04/07/2019 21:15,DYSINGER EAST,23326,1205.1,3150,-9999
04/07/2019 21:15,MOSES SOUTH,23319,1824.36,3150,-1600
04/07/2019 21:15,SCH - HQ - NY,23324,1235,1450,-1000
04/07/2019 21:15,SCH - HQ_CEDARS,325274,100,160,0
04/07/2019 21:15,SCH - HQ_IMPORT_EXPORT,325376,1130,1310,-9999
04/07/2019 21:15,SCH - NE - NY,23318,-291.43,600,-800
04/07/2019 21:15,SCH - NPX_1385,325277,10,100,-100
04/07/2019 21:15,SCH - NPX_CSC,325154,100,330,-330
04/07/2019 21:15,SCH - OH - NY,23317,999.7,1300,-1900
04/07/2019 21:15,SCH - PJ - NY,23316,162.06,2000,-1300
04/07/2019 21:15,SCH - PJM_HTP,325905,200,660,-660
04/07/2019 21:15,SCH - PJM_NEPTUNE,325305,660,660,-660
04/07/2019 21:15,SCH - PJM_VFT,325658,0,0,0
04/07/2019 21:15,SPR/DUN-SOUTH,23320,2113.07,4600,-9999
04/07/2019 21:15,TOTAL EAST,23314,4080.46,6800,-9999
04/07/2019 21:15,UPNY CONED,23315,2535.02,5700,-9999
04/07/2019 21:15,WEST CENTRAL,23312,845.69,9999,-9999
04/07/2019 21:20,CENTRAL EAST - VC,23330,2072.7,2365,-9999
04/07/2019 21:20,DYSINGER EAST,23326,1111.2,3150,-9999
04/07/2019 21:20,MOSES SOUTH,23319,1839.99,3150,-1600
04/07/2019 21:20,SCH - HQ - NY,23324,1235,1450,-1000
04/07/2019 21:20,SCH - HQ_CEDARS,325274,100,160,0
04/07/2019 21:20,SCH - HQ_IMPORT_EXPORT,325376,1130,1310,-9999
04/07/2019 21:20,SCH - NE - NY,23318,-176.67,600,-800
04/07/2019 21:20,SCH - NPX_1385,325277,10,100,-100
04/07/2019 21:20,SCH - NPX_CSC,325154,100,330,-330
04/07/2019 21:20,SCH - OH - NY,23317,999.75,1300,-1900
04/07/2019 21:20,SCH - PJ - NY,23316,172.77,2000,-1300
04/07/2019 21:20,SCH - PJM_HTP,325905,200,660,-660
04/07/2019 21:20,SCH - PJM_NEPTUNE,325305,660,660,-660
04/07/2019 21:20,SCH - PJM_VFT,325658,0,0,0
04/07/2019 21:20,SPR/DUN-SOUTH,23320,2135.15,4600,-9999
04/07/2019 21:20,TOTAL EAST,23314,3973.74,6800,-9999
04/07/2019 21:20,UPNY CONED,23315,2557.68,5700,-9999
04/07/2019 21:20,WEST CENTRAL,23312,751.86,9999,-9999
04/07/2019 21:25,CENTRAL EAST - VC,23330,2101.51,2365,-9999
04/07/2019 21:25,DYSINGER EAST,23326,1168.51,3150,-9999
04/07/2019 21:25,MOSES SOUTH,23319,1835.93,3150,-1600
04/07/2019 21:25,SCH - HQ - NY,23324,1235,1450,-1000
04/07/2019 21:25,SCH - HQ_CEDARS,325274,100,160,0
04/07/2019 21:25,SCH - HQ_IMPORT_EXPORT,325376,1130,1310,-9999
04/07/2019 21:25,SCH - NE - NY,23318,-176.72,600,-800
04/07/2019 21:25,SCH - NPX_1385,325277,10,100,-100
04/07/2019 21:25,SCH - NPX_CSC,325154,100,330,-330
04/07/2019 21:25,SCH - OH - NY,23317,999.67,1300,-1900
04/07/2019 21:25,SCH - PJ - NY,23316,173.11,2000,-1300
04/07/2019 21:25,SCH - PJM_HTP,325905,200,660,-660
04/07/2019 21:25,SCH - PJM_NEPTUNE,325305,660,660,-660
04/07/2019 21:25,SCH - PJM_VFT,325658,0,0,0
04/07/2019 21:25,SPR/DUN-SOUTH,23320,2194.75,4600,-9999
04/07/2019 21:25,TOTAL EAST,23314,4077.22,6800,-9999
04/07/2019 21:25,UPNY CONED,23315,2609.57,5700,-9999
04/07/2019 21:25,WEST CENTRAL,23312,811.93,9999,-9999
04/07/2019 21:30,CENTRAL EAST - VC,23330,2172.04,2365,-9999
04/07/2019 21:30,DYSINGER EAST,23326,1255.53,3150,-9999
04/07/2019 21:30,MOSES SOUTH,23319,1857.55,3150,-1600
04/07/2019 21:30,SCH - HQ - NY,23324,1235,1450,-1000
04/07/2019 21:30,SCH - HQ_CEDARS,325274,100,160,0
04/07/2019 21:30,SCH - HQ_IMPORT_EXPORT,325376,1130,1310,-9999
04/07/2019 21:30,SCH - NE - NY,23318,-291.54,600,-800
04/07/2019 21:30,SCH - NPX_1385,325277,10,100,-100
04/07/2019 21:30,SCH - NPX_CSC,325154,100,330,-330
04/07/2019 21:30,SCH - OH - NY,23317,999.73,1300,-1900
04/07/2019 21:30,SCH - PJ - NY,23316,220.24,2000,-1300
04/07/2019 21:30,SCH - PJM_HTP,325905,200,660,-660
04/07/2019 21:30,SCH - PJM_NEPTUNE,325305,660,660,-660
04/07/2019 21:30,SCH - PJM_VFT,325658,0,0,0
04/07/2019 21:30,SPR/DUN-SOUTH,23320,2270.83,4600,-9999
04/07/2019 21:30,TOTAL EAST,23314,4174.4,6800,-9999
04/07/2019 21:30,UPNY CONED,23315,2651.54,5700,-9999
04/07/2019 21:30,WEST CENTRAL,23312,898.02,9999,-9999
04/07/2019 21:35,CENTRAL EAST - VC,23330,2192.37,2365,-9999
04/07/2019 21:35,DYSINGER EAST,23326,1217.14,3150,-9999
04/07/2019 21:35,MOSES SOUTH,23319,1873.63,3150,-1600
04/07/2019 21:35,SCH - HQ - NY,23324,1235,1450,-1000
04/07/2019 21:35,SCH - HQ_CEDARS,325274,100,160,0
04/07/2019 21:35,SCH - HQ_IMPORT_EXPORT,325376,1130,1310,-9999
04/07/2019 21:35,SCH - NE - NY,23318,-406.26,600,-800
04/07/2019 21:35,SCH - NPX_1385,325277,10,100,-100
04/07/2019 21:35,SCH - NPX_CSC,325154,100,330,-330
04/07/2019 21:35,SCH - OH - NY,23317,997.47,1300,-1900
04/07/2019 21:35,SCH - PJ - NY,23316,274.3,2000,-1300
04/07/2019 21:35,SCH - PJM_HTP,325905,200,660,-660
04/07/2019 21:35,SCH - PJM_NEPTUNE,325305,660,660,-660
04/07/2019 21:35,SCH - PJM_VFT,325658,0,0,0
04/07/2019 21:35,SPR/DUN-SOUTH,23320,2189.95,4600,-9999
04/07/2019 21:35,TOTAL EAST,23314,4190.76,6800,-9999
04/07/2019 21:35,UPNY CONED,23315,2556.6,5700,-9999
04/07/2019 21:35,WEST CENTRAL,23312,866.46,9999,-9999
04/07/2019 21:40,CENTRAL EAST - VC,23330,2188.96,2365,-9999
04/07/2019 21:40,DYSINGER EAST,23326,1180.32,3150,-9999
04/07/2019 21:40,MOSES SOUTH,23319,1871.76,3150,-1600
04/07/2019 21:40,SCH - HQ - NY,23324,1235,1450,-1000
04/07/2019 21:40,SCH - HQ_CEDARS,325274,100,160,0
04/07/2019 21:40,SCH - HQ_IMPORT_EXPORT,325376,1130,1310,-9999
04/07/2019 21:40,SCH - NE - NY,23318,-406.15,600,-800
04/07/2019 21:40,SCH - NPX_1385,325277,10,100,-100
04/07/2019 21:40,SCH - NPX_CSC,325154,100,330,-330
04/07/2019 21:40,SCH - OH - NY,23317,999.72,1300,-1900
04/07/2019 21:40,SCH - PJ - NY,23316,270.92,2000,-1300
04/07/2019 21:40,SCH - PJM_HTP,325905,200,660,-660
04/07/2019 21:40,SCH - PJM_NEPTUNE,325305,660,660,-660
04/07/2019 21:40,SCH - PJM_VFT,325658,0,0,0
04/07/2019 21:40,SPR/DUN-SOUTH,23320,2212.61,4600,-9999
04/07/2019 21:40,TOTAL EAST,23314,4282.45,6800,-9999
04/07/2019 21:40,UPNY CONED,23315,2579.75,5700,-9999
04/07/2019 21:40,WEST CENTRAL,23312,839.45,9999,-9999
04/07/2019 21:45,CENTRAL EAST - VC,23330,2116.8,2365,-9999
04/07/2019 21:45,DYSINGER EAST,23326,1063.26,3150,-9999
04/07/2019 21:45,MOSES SOUTH,23319,1853.13,3150,-1600
04/07/2019 21:45,SCH - HQ - NY,23324,1235,1450,-1000
04/07/2019 21:45,SCH - HQ_CEDARS,325274,100,160,0
04/07/2019 21:45,SCH - HQ_IMPORT_EXPORT,325376,1130,1310,-9999
04/07/2019 21:45,SCH - NE - NY,23318,-253.86,600,-800
04/07/2019 21:45,SCH - NPX_1385,325277,10,100,-100
04/07/2019 21:45,SCH - NPX_CSC,325154,100,330,-330
04/07/2019 21:45,SCH - OH - NY,23317,999.57,1300,-1900
04/07/2019 21:45,SCH - PJ - NY,23316,141.66,2000,-1300
04/07/2019 21:45,SCH - PJM_HTP,325905,200,660,-660
04/07/2019 21:45,SCH - PJM_NEPTUNE,325305,660,660,-660
04/07/2019 21:45,SCH - PJM_VFT,325658,0,0,0
04/07/2019 21:45,SPR/DUN-SOUTH,23320,2216.38,4600,-9999
04/07/2019 21:45,TOTAL EAST,23314,4107.13,6800,-9999
04/07/2019 21:45,UPNY CONED,23315,2571.01,5700,-9999
04/07/2019 21:45,WEST CENTRAL,23312,727.75,9999,-9999
04/07/2019 21:50,CENTRAL EAST - VC,23330,2063.11,2365,-9999
04/07/2019 21:50,DYSINGER EAST,23326,1049,3150,-9999
04/07/2019 21:50,MOSES SOUTH,23319,1833.63,3150,-1600
04/07/2019 21:50,SCH - HQ - NY,23324,1235,1450,-1000
04/07/2019 21:50,SCH - HQ_CEDARS,325274,100,160,0
04/07/2019 21:50,SCH - HQ_IMPORT_EXPORT,325376,1130,1310,-9999
04/07/2019 21:50,SCH - NE - NY,23318,-101.66,600,-800
04/07/2019 21:50,SCH - NPX_1385,325277,10,100,-100
04/07/2019 21:50,SCH - NPX_CSC,325154,100,330,-330
04/07/2019 21:50,SCH - OH - NY,23317,999.52,1300,-1900
04/07/2019 21:50,SCH - PJ - NY,23316,-62.05,2000,-1300
04/07/2019 21:50,SCH - PJM_HTP,325905,200,660,-660
04/07/2019 21:50,SCH - PJM_NEPTUNE,325305,660,660,-660
04/07/2019 21:50,SCH - PJM_VFT,325658,0,0,0
04/07/2019 21:50,SPR/DUN-SOUTH,23320,2277.23,4600,-9999
04/07/2019 21:50,TOTAL EAST,23314,4010.43,6800,-9999
04/07/2019 21:50,UPNY CONED,23315,2637.28,5700,-9999
04/07/2019 21:50,WEST CENTRAL,23312,719.48,9999,-9999
04/07/2019 21:55,CENTRAL EAST - VC,23330,2049.86,2365,-9999
04/07/2019 21:55,DYSINGER EAST,23326,1027.19,3150,-9999
04/07/2019 21:55,MOSES SOUTH,23319,1849.84,3150,-1600
04/07/2019 21:55,SCH - HQ - NY,23324,1235,1450,-1000
04/07/2019 21:55,SCH - HQ_CEDARS,325274,100,160,0
04/07/2019 21:55,SCH - HQ_IMPORT_EXPORT,325376,1130,1310,-9999
04/07/2019 21:55,SCH - NE - NY,23318,-101.82,600,-800
04/07/2019 21:55,SCH - NPX_1385,325277,10,100,-100
04/07/2019 21:55,SCH - NPX_CSC,325154,100,330,-330
04/07/2019 21:55,SCH - OH - NY,23317,999.6,1300,-1900
04/07/2019 21:55,SCH - PJ - NY,23316,-60.92,2000,-1300
04/07/2019 21:55,SCH - PJM_HTP,325905,200,660,-660
04/07/2019 21:55,SCH - PJM_NEPTUNE,325305,660,660,-660
04/07/2019 21:55,SCH - PJM_VFT,325658,0,0,0
04/07/2019 21:55,SPR/DUN-SOUTH,23320,2333.69,4600,-9999
04/07/2019 21:55,TOTAL EAST,23314,4042.33,6800,-9999
04/07/2019 21:55,UPNY CONED,23315,2682.43,5700,-9999
04/07/2019 21:55,WEST CENTRAL,23312,707.84,9999,-9999
04/07/2019 22:00,CENTRAL EAST - VC,23330,2091.9,2365,-9999
04/07/2019 22:00,DYSINGER EAST,23326,1083.15,3150,-9999
04/07/2019 22:00,MOSES SOUTH,23319,1798.24,3150,-1600
04/07/2019 22:00,SCH - HQ - NY,23324,1225,1450,-1000
04/07/2019 22:00,SCH - HQ_CEDARS,325274,100,160,0
04/07/2019 22:00,SCH - HQ_IMPORT_EXPORT,325376,1120,1310,-9999
04/07/2019 22:00,SCH - NE - NY,23318,-142.54,600,-800
04/07/2019 22:00,SCH - NPX_1385,325277,17,100,-100
04/07/2019 22:00,SCH - NPX_CSC,325154,100,330,-330
04/07/2019 22:00,SCH - OH - NY,23317,999.53,1300,-1900
04/07/2019 22:00,SCH - PJ - NY,23316,94.97,2000,-1300
04/07/2019 22:00,SCH - PJM_HTP,325905,100,660,-660
04/07/2019 22:00,SCH - PJM_NEPTUNE,325305,660,660,-660
04/07/2019 22:00,SCH - PJM_VFT,325658,0,0,0
04/07/2019 22:00,SPR/DUN-SOUTH,23320,2452.49,4600,-9999
04/07/2019 22:00,TOTAL EAST,23314,4168.76,6800,-9999
04/07/2019 22:00,UPNY CONED,23315,2804.36,5700,-9999
04/07/2019 22:00,WEST CENTRAL,23312,762.92,9999,-9999
04/07/2019 22:05,CENTRAL EAST - VC,23330,2186.26,2365,-9999
04/07/2019 22:05,DYSINGER EAST,23326,1169,3150,-9999
04/07/2019 22:05,MOSES SOUTH,23319,1794.84,3150,-1600
04/07/2019 22:05,SCH - HQ - NY,23324,1215,1450,-1000
04/07/2019 22:05,SCH - HQ_CEDARS,325274,100,160,0
04/07/2019 22:05,SCH - HQ_IMPORT_EXPORT,325376,1110,1310,-9999
04/07/2019 22:05,SCH - NE - NY,23318,-184.22,600,-800
04/07/2019 22:05,SCH - NPX_1385,325277,25,100,-100
04/07/2019 22:05,SCH - NPX_CSC,325154,100,330,-330
04/07/2019 22:05,SCH - OH - NY,23317,999.55,1300,-1900
04/07/2019 22:05,SCH - PJ - NY,23316,251.96,2000,-1300
04/07/2019 22:05,SCH - PJM_HTP,325905,0,660,-660
04/07/2019 22:05,SCH - PJM_NEPTUNE,325305,660,660,-660
04/07/2019 22:05,SCH - PJM_VFT,325658,0,0,0
04/07/2019 22:05,SPR/DUN-SOUTH,23320,2579.61,4600,-9999
04/07/2019 22:05,TOTAL EAST,23314,4329.69,6800,-9999
04/07/2019 22:05,UPNY CONED,23315,2928.55,5700,-9999
04/07/2019 22:05,WEST CENTRAL,23312,849.59,9999,-9999
04/07/2019 22:10,CENTRAL EAST - VC,23330,2139.94,2365,-9999
04/07/2019 22:10,DYSINGER EAST,23326,1080.06,3150,-9999
04/07/2019 22:10,MOSES SOUTH,23319,1773.93,3150,-1600
04/07/2019 22:10,SCH - HQ - NY,23324,1215,1450,-1000
04/07/2019 22:10,SCH - HQ_CEDARS,325274,100,160,0
04/07/2019 22:10,SCH - HQ_IMPORT_EXPORT,325376,1110,1310,-9999
04/07/2019 22:10,SCH - NE - NY,23318,-184.01,600,-800
04/07/2019 22:10,SCH - NPX_1385,325277,25,100,-100
04/07/2019 22:10,SCH - NPX_CSC,325154,100,330,-330
04/07/2019 22:10,SCH - OH - NY,23317,999.64,1300,-1900
04/07/2019 22:10,SCH - PJ - NY,23316,250.38,2000,-1300
04/07/2019 22:10,SCH - PJM_HTP,325905,0,660,-660
04/07/2019 22:10,SCH - PJM_NEPTUNE,325305,660,660,-660
04/07/2019 22:10,SCH - PJM_VFT,325658,0,0,0
04/07/2019 22:10,SPR/DUN-SOUTH,23320,2546.63,4600,-9999
04/07/2019 22:10,TOTAL EAST,23314,4294.93,6800,-9999
04/07/2019 22:10,UPNY CONED,23315,2886.41,5700,-9999
04/07/2019 22:10,WEST CENTRAL,23312,769.83,9999,-9999
04/07/2019 22:15,CENTRAL EAST - VC,23330,2065.49,2365,-9999
04/07/2019 22:15,DYSINGER EAST,23326,1026,3150,-9999
04/07/2019 22:15,MOSES SOUTH,23319,1714.08,3150,-1600
04/07/2019 22:15,SCH - HQ - NY,23324,1215,1450,-1000
04/07/2019 22:15,SCH - HQ_CEDARS,325274,100,160,0
04/07/2019 22:15,SCH - HQ_IMPORT_EXPORT,325376,1110,1310,-9999
04/07/2019 22:15,SCH - NE - NY,23318,-184.61,600,-800
04/07/2019 22:15,SCH - NPX_1385,325277,25,100,-100
04/07/2019 22:15,SCH - NPX_CSC,325154,100,330,-330
04/07/2019 22:15,SCH - OH - NY,23317,999.4,1300,-1900
04/07/2019 22:15,SCH - PJ - NY,23316,220.03,2000,-1300
04/07/2019 22:15,SCH - PJM_HTP,325905,0,660,-660
04/07/2019 22:15,SCH - PJM_NEPTUNE,325305,660,660,-660
04/07/2019 22:15,SCH - PJM_VFT,325658,0,0,0
04/07/2019 22:15,SPR/DUN-SOUTH,23320,2528.91,4600,-9999
04/07/2019 22:15,TOTAL EAST,23314,4294.82,6800,-9999
04/07/2019 22:15,UPNY CONED,23315,2855.9,5700,-9999
04/07/2019 22:15,WEST CENTRAL,23312,722.96,9999,-9999
04/07/2019 22:20,CENTRAL EAST - VC,23330,2092.65,2365,-9999
04/07/2019 22:20,DYSINGER EAST,23326,1047.05,3150,-9999
04/07/2019 22:20,MOSES SOUTH,23319,1737.85,3150,-1600
04/07/2019 22:20,SCH - HQ - NY,23324,1215,1450,-1000
04/07/2019 22:20,SCH - HQ_CEDARS,325274,100,160,0
04/07/2019 22:20,SCH - HQ_IMPORT_EXPORT,325376,1110,1310,-9999
04/07/2019 22:20,SCH - NE - NY,23318,-184.52,600,-800
04/07/2019 22:20,SCH - NPX_1385,325277,25,100,-100
04/07/2019 22:20,SCH - NPX_CSC,325154,100,330,-330
04/07/2019 22:20,SCH - OH - NY,23317,999.51,1300,-1900
04/07/2019 22:20,SCH - PJ - NY,23316,189.94,2000,-1300
04/07/2019 22:20,SCH - PJM_HTP,325905,0,660,-660
04/07/2019 22:20,SCH - PJM_NEPTUNE,325305,660,660,-660
04/07/2019 22:20,SCH - PJM_VFT,325658,0,0,0
04/07/2019 22:20,SPR/DUN-SOUTH,23320,2543.71,4600,-9999
04/07/2019 22:20,TOTAL EAST,23314,4292.74,6800,-9999
04/07/2019 22:20,UPNY CONED,23315,2860.51,5700,-9999
04/07/2019 22:20,WEST CENTRAL,23312,749.6,9999,-9999
04/07/2019 22:25,CENTRAL EAST - VC,23330,2046.22,2365,-9999
04/07/2019 22:25,DYSINGER EAST,23326,963.06,3150,-9999
04/07/2019 22:25,MOSES SOUTH,23319,1748.14,3150,-1600
04/07/2019 22:25,SCH - HQ - NY,23324,1215,1450,-1000
04/07/2019 22:25,SCH - HQ_CEDARS,325274,100,160,0
04/07/2019 22:25,SCH - HQ_IMPORT_EXPORT,325376,1110,1310,-9999
04/07/2019 22:25,SCH - NE - NY,23318,-184.47,600,-800
04/07/2019 22:25,SCH - NPX_1385,325277,25,100,-100
04/07/2019 22:25,SCH - NPX_CSC,325154,100,330,-330
04/07/2019 22:25,SCH - OH - NY,23317,999.64,1300,-1900
04/07/2019 22:25,SCH - PJ - NY,23316,187.46,2000,-1300
04/07/2019 22:25,SCH - PJM_HTP,325905,0,660,-660
04/07/2019 22:25,SCH - PJM_NEPTUNE,325305,660,660,-660
04/07/2019 22:25,SCH - PJM_VFT,325658,0,0,0
04/07/2019 22:25,SPR/DUN-SOUTH,23320,2502.53,4600,-9999
04/07/2019 22:25,TOTAL EAST,23314,4252.02,6800,-9999
04/07/2019 22:25,UPNY CONED,23315,2811.53,5700,-9999
04/07/2019 22:25,WEST CENTRAL,23312,669.07,9999,-9999
04/07/2019 22:30,CENTRAL EAST - VC,23330,2071.68,2365,-9999
04/07/2019 22:30,DYSINGER EAST,23326,941.19,3150,-9999
04/07/2019 22:30,MOSES SOUTH,23319,1752.35,3150,-1600
04/07/2019 22:30,SCH - HQ - NY,23324,1215,1450,-1000
04/07/2019 22:30,SCH - HQ_CEDARS,325274,100,160,0
04/07/2019 22:30,SCH - HQ_IMPORT_EXPORT,325376,1110,1310,-9999
04/07/2019 22:30,SCH - NE - NY,23318,-229.21,600,-800
04/07/2019 22:30,SCH - NPX_1385,325277,25,100,-100
04/07/2019 22:30,SCH - NPX_CSC,325154,100,330,-330
04/07/2019 22:30,SCH - OH - NY,23317,999.6,1300,-1900
04/07/2019 22:30,SCH - PJ - NY,23316,164.34,2000,-1300
04/07/2019 22:30,SCH - PJM_HTP,325905,0,660,-660
04/07/2019 22:30,SCH - PJM_NEPTUNE,325305,660,660,-660
04/07/2019 22:30,SCH - PJM_VFT,325658,0,0,0
04/07/2019 22:30,SPR/DUN-SOUTH,23320,2500.95,4600,-9999
04/07/2019 22:30,TOTAL EAST,23314,4251.26,6800,-9999
04/07/2019 22:30,UPNY CONED,23315,2796.23,5700,-9999
04/07/2019 22:30,WEST CENTRAL,23312,652.51,9999,-9999
04/07/2019 22:35,CENTRAL EAST - VC,23330,2077.36,2365,-9999
04/07/2019 22:35,DYSINGER EAST,23326,915.88,3150,-9999
04/07/2019 22:35,MOSES SOUTH,23319,1770.93,3150,-1600
04/07/2019 22:35,SCH - HQ - NY,23324,1215,1450,-1000
04/07/2019 22:35,SCH - HQ_CEDARS,325274,100,160,0
04/07/2019 22:35,SCH - HQ_IMPORT_EXPORT,325376,1110,1310,-9999
04/07/2019 22:35,SCH - NE - NY,23318,-273.89,600,-800
04/07/2019 22:35,SCH - NPX_1385,325277,25,100,-100
04/07/2019 22:35,SCH - NPX_CSC,325154,100,330,-330
04/07/2019 22:35,SCH - OH - NY,23317,999.59,1300,-1900
04/07/2019 22:35,SCH - PJ - NY,23316,142.08,2000,-1300
04/07/2019 22:35,SCH - PJM_HTP,325905,0,660,-660
04/07/2019 22:35,SCH - PJM_NEPTUNE,325305,660,660,-660
04/07/2019 22:35,SCH - PJM_VFT,325658,0,0,0
04/07/2019 22:35,SPR/DUN-SOUTH,23320,2479.43,4600,-9999
04/07/2019 22:35,TOTAL EAST,23314,4226.08,6800,-9999
04/07/2019 22:35,UPNY CONED,23315,2756.11,5700,-9999
04/07/2019 22:35,WEST CENTRAL,23312,628.65,9999,-9999
04/07/2019 22:40,CENTRAL EAST - VC,23330,2091.55,2365,-9999
04/07/2019 22:40,DYSINGER EAST,23326,936.9,3150,-9999
04/07/2019 22:40,MOSES SOUTH,23319,1771.31,3150,-1600
04/07/2019 22:40,SCH - HQ - NY,23324,1215,1450,-1000
04/07/2019 22:40,SCH - HQ_CEDARS,325274,100,160,0
04/07/2019 22:40,SCH - HQ_IMPORT_EXPORT,325376,1110,1310,-9999
04/07/2019 22:40,SCH - NE - NY,23318,-273.87,600,-800
04/07/2019 22:40,SCH - NPX_1385,325277,25,100,-100
04/07/2019 22:40,SCH - NPX_CSC,325154,100,330,-330
04/07/2019 22:40,SCH - OH - NY,23317,999.59,1300,-1900
04/07/2019 22:40,SCH - PJ - NY,23316,140.89,2000,-1300
04/07/2019 22:40,SCH - PJM_HTP,325905,0,660,-660
04/07/2019 22:40,SCH - PJM_NEPTUNE,325305,660,660,-660
04/07/2019 22:40,SCH - PJM_VFT,325658,0,0,0
04/07/2019 22:40,SPR/DUN-SOUTH,23320,2518.93,4600,-9999
04/07/2019 22:40,TOTAL EAST,23314,4223.3,6800,-9999
04/07/2019 22:40,UPNY CONED,23315,2776.51,5700,-9999
04/07/2019 22:40,WEST CENTRAL,23312,655.23,9999,-9999
04/07/2019 22:45,CENTRAL EAST - VC,23330,2045.34,2365,-9999
04/07/2019 22:45,DYSINGER EAST,23326,861.08,3150,-9999
04/07/2019 22:45,MOSES SOUTH,23319,1787.16,3150,-1600
04/07/2019 22:45,SCH - HQ - NY,23324,1215,1450,-1000
04/07/2019 22:45,SCH - HQ_CEDARS,325274,100,160,0
04/07/2019 22:45,SCH - HQ_IMPORT_EXPORT,325376,1110,1310,-9999
04/07/2019 22:45,SCH - NE - NY,23318,-240.12,600,-800
04/07/2019 22:45,SCH - NPX_1385,325277,25,100,-100
04/07/2019 22:45,SCH - NPX_CSC,325154,100,330,-330
04/07/2019 22:45,SCH - OH - NY,23317,999.6,1300,-1900
04/07/2019 22:45,SCH - PJ - NY,23316,97.34,2000,-1300
04/07/2019 22:45,SCH - PJM_HTP,325905,0,660,-660
04/07/2019 22:45,SCH - PJM_NEPTUNE,325305,660,660,-660
04/07/2019 22:45,SCH - PJM_VFT,325658,0,0,0
04/07/2019 22:45,SPR/DUN-SOUTH,23320,2481.04,4600,-9999
04/07/2019 22:45,TOTAL EAST,23314,4198.91,6800,-9999
04/07/2019 22:45,UPNY CONED,23315,2718.53,5700,-9999
04/07/2019 22:45,WEST CENTRAL,23312,586.54,9999,-9999
04/07/2019 22:50,CENTRAL EAST - VC,23330,2051.04,2365,-9999
04/07/2019 22:50,DYSINGER EAST,23326,834.65,3150,-9999
04/07/2019 22:50,MOSES SOUTH,23319,1798.6,3150,-1600
04/07/2019 22:50,SCH - HQ - NY,23324,1215,1450,-1000
04/07/2019 22:50,SCH - HQ_CEDARS,325274,100,160,0
04/07/2019 22:50,SCH - HQ_IMPORT_EXPORT,325376,1110,1310,-9999
04/07/2019 22:50,SCH - NE - NY,23318,-207.59,600,-800
04/07/2019 22:50,SCH - NPX_1385,325277,25,100,-100
04/07/2019 22:50,SCH - NPX_CSC,325154,100,330,-330
04/07/2019 22:50,SCH - OH - NY,23317,999.52,1300,-1900
04/07/2019 22:50,SCH - PJ - NY,23316,54.68,2000,-1300
04/07/2019 22:50,SCH - PJM_HTP,325905,0,660,-660
04/07/2019 22:50,SCH - PJM_NEPTUNE,325305,660,660,-660
04/07/2019 22:50,SCH - PJM_VFT,325658,0,0,0
04/07/2019 22:50,SPR/DUN-SOUTH,23320,2502.72,4600,-9999
04/07/2019 22:50,TOTAL EAST,23314,4137.12,6800,-9999
04/07/2019 22:50,UPNY CONED,23315,2722.08,5700,-9999
04/07/2019 22:50,WEST CENTRAL,23312,567.59,9999,-9999
04/07/2019 22:55,CENTRAL EAST - VC,23330,2102.02,2365,-9999
04/07/2019 22:55,DYSINGER EAST,23326,875.5,3150,-9999
04/07/2019 22:55,MOSES SOUTH,23319,1801.82,3150,-1600
04/07/2019 22:55,SCH - HQ - NY,23324,1215,1450,-1000
04/07/2019 22:55,SCH - HQ_CEDARS,325274,100,160,0
04/07/2019 22:55,SCH - HQ_IMPORT_EXPORT,325376,1110,1310,-9999
04/07/2019 22:55,SCH - NE - NY,23318,-207.65,600,-800
04/07/2019 22:55,SCH - NPX_1385,325277,25,100,-100
04/07/2019 22:55,SCH - NPX_CSC,325154,100,330,-330
04/07/2019 22:55,SCH - OH - NY,23317,999.47,1300,-1900
04/07/2019 22:55,SCH - PJ - NY,23316,56.91,2000,-1300
04/07/2019 22:55,SCH - PJM_HTP,325905,0,660,-660
04/07/2019 22:55,SCH - PJM_NEPTUNE,325305,660,660,-660
04/07/2019 22:55,SCH - PJM_VFT,325658,0,0,0
04/07/2019 22:55,SPR/DUN-SOUTH,23320,2543.36,4600,-9999
04/07/2019 22:55,TOTAL EAST,23314,4202.7,6800,-9999
04/07/2019 22:55,UPNY CONED,23315,2731.21,5700,-9999
04/07/2019 22:55,WEST CENTRAL,23312,613.7,9999,-9999
04/07/2019 23:00,CENTRAL EAST - VC,23330,1969.76,2365,-9999
04/07/2019 23:00,DYSINGER EAST,23326,814.15,3150,-9999
04/07/2019 23:00,MOSES SOUTH,23319,1673.9,3150,-1600
04/07/2019 23:00,SCH - HQ - NY,23324,1071,1450,-1000
04/07/2019 23:00,SCH - HQ_CEDARS,325274,100,160,0
04/07/2019 23:00,SCH - HQ_IMPORT_EXPORT,325376,966,1310,-9999
04/07/2019 23:00,SCH - NE - NY,23318,-152.74,600,-800
04/07/2019 23:00,SCH - NPX_1385,325277,12,100,-100
04/07/2019 23:00,SCH - NPX_CSC,325154,75,330,-330
04/07/2019 23:00,SCH - OH - NY,23317,999.53,1300,-1900
04/07/2019 23:00,SCH - PJ - NY,23316,152.57,2000,-1300
04/07/2019 23:00,SCH - PJM_HTP,325905,0,660,-660
04/07/2019 23:00,SCH - PJM_NEPTUNE,325305,660,660,-660
04/07/2019 23:00,SCH - PJM_VFT,325658,0,0,0
04/07/2019 23:00,SPR/DUN-SOUTH,23320,2464.92,4600,-9999
04/07/2019 23:00,TOTAL EAST,23314,4027.94,6800,-9999
04/07/2019 23:00,UPNY CONED,23315,2663.15,5700,-9999
04/07/2019 23:00,WEST CENTRAL,23312,558.33,9999,-9999
04/07/2019 23:05,CENTRAL EAST - VC,23330,1940.94,2365,-9999
04/07/2019 23:05,DYSINGER EAST,23326,844.34,3150,-9999
04/07/2019 23:05,MOSES SOUTH,23319,1544.12,3150,-1600
04/07/2019 23:05,SCH - HQ - NY,23324,928,1450,-1000
04/07/2019 23:05,SCH - HQ_CEDARS,325274,100,160,0
04/07/2019 23:05,SCH - HQ_IMPORT_EXPORT,325376,823,1310,-9999
04/07/2019 23:05,SCH - NE - NY,23318,-96.77,600,-800
04/07/2019 23:05,SCH - NPX_1385,325277,0,100,-100
04/07/2019 23:05,SCH - NPX_CSC,325154,50,330,-330
04/07/2019 23:05,SCH - OH - NY,23317,999.58,1300,-1900
04/07/2019 23:05,SCH - PJ - NY,23316,251.83,2000,-1300
04/07/2019 23:05,SCH - PJM_HTP,325905,0,660,-660
04/07/2019 23:05,SCH - PJM_NEPTUNE,325305,660,660,-660
04/07/2019 23:05,SCH - PJM_VFT,325658,0,0,0
04/07/2019 23:05,SPR/DUN-SOUTH,23320,2452.34,4600,-9999
04/07/2019 23:05,TOTAL EAST,23314,4018.66,6800,-9999
04/07/2019 23:05,UPNY CONED,23315,2669.64,5700,-9999
04/07/2019 23:05,WEST CENTRAL,23312,595.03,9999,-9999
04/07/2019 23:10,CENTRAL EAST - VC,23330,1929.56,2365,-9999
04/07/2019 23:10,DYSINGER EAST,23326,759.46,3150,-9999
04/07/2019 23:10,MOSES SOUTH,23319,1586.35,3150,-1600
04/07/2019 23:10,SCH - HQ - NY,23324,928,1450,-1000
04/07/2019 23:10,SCH - HQ_CEDARS,325274,100,160,0
04/07/2019 23:10,SCH - HQ_IMPORT_EXPORT,325376,823,1310,-9999
04/07/2019 23:10,SCH - NE - NY,23318,-97.9,600,-800
04/07/2019 23:10,SCH - NPX_1385,325277,0,100,-100
04/07/2019 23:10,SCH - NPX_CSC,325154,50,330,-330
04/07/2019 23:10,SCH - OH - NY,23317,999.54,1300,-1900
04/07/2019 23:10,SCH - PJ - NY,23316,252.98,2000,-1300
04/07/2019 23:10,SCH - PJM_HTP,325905,0,660,-660
04/07/2019 23:10,SCH - PJM_NEPTUNE,325305,660,660,-660
04/07/2019 23:10,SCH - PJM_VFT,325658,0,0,0
04/07/2019 23:10,SPR/DUN-SOUTH,23320,2400.51,4600,-9999
04/07/2019 23:10,TOTAL EAST,23314,4048.19,6800,-9999
04/07/2019 23:10,UPNY CONED,23315,2586.49,5700,-9999
04/07/2019 23:10,WEST CENTRAL,23312,517.31,9999,-9999
04/07/2019 23:15,CENTRAL EAST - VC,23330,1903.48,2185,-9999
04/07/2019 23:15,DYSINGER EAST,23326,758.43,3150,-9999
04/07/2019 23:15,MOSES SOUTH,23319,1610.91,3150,-1600
04/07/2019 23:15,SCH - HQ - NY,23324,928,1450,-1000
04/07/2019 23:15,SCH - HQ_CEDARS,325274,100,160,0
04/07/2019 23:15,SCH - HQ_IMPORT_EXPORT,325376,823,1310,-9999
04/07/2019 23:15,SCH - NE - NY,23318,-121.72,600,-800
04/07/2019 23:15,SCH - NPX_1385,325277,0,100,-100
04/07/2019 23:15,SCH - NPX_CSC,325154,50,330,-330
04/07/2019 23:15,SCH - OH - NY,23317,999.59,1300,-1900
04/07/2019 23:15,SCH - PJ - NY,23316,232.8,2000,-1300
04/07/2019 23:15,SCH - PJM_HTP,325905,0,660,-660
04/07/2019 23:15,SCH - PJM_NEPTUNE,325305,660,660,-660
04/07/2019 23:15,SCH - PJM_VFT,325658,0,0,0
04/07/2019 23:15,SPR/DUN-SOUTH,23320,2361.55,4600,-9999
04/07/2019 23:15,TOTAL EAST,23314,4001.76,6800,-9999
04/07/2019 23:15,UPNY CONED,23315,2523.36,5700,-9999
04/07/2019 23:15,WEST CENTRAL,23312,521.35,9999,-9999
04/07/2019 23:20,CENTRAL EAST - VC,23330,1953.08,2185,-9999
04/07/2019 23:20,DYSINGER EAST,23326,806.21,3150,-9999
04/07/2019 23:20,MOSES SOUTH,23319,1601.28,3150,-1600
04/07/2019 23:20,SCH - HQ - NY,23324,928,1450,-1000
04/07/2019 23:20,SCH - HQ_CEDARS,325274,100,160,0
04/07/2019 23:20,SCH - HQ_IMPORT_EXPORT,325376,823,1310,-9999
04/07/2019 23:20,SCH - NE - NY,23318,-146.04,600,-800
04/07/2019 23:20,SCH - NPX_1385,325277,0,100,-100
04/07/2019 23:20,SCH - NPX_CSC,325154,50,330,-330
04/07/2019 23:20,SCH - OH - NY,23317,999.51,1300,-1900
04/07/2019 23:20,SCH - PJ - NY,23316,215.2,2000,-1300
04/07/2019 23:20,SCH - PJM_HTP,325905,0,660,-660
04/07/2019 23:20,SCH - PJM_NEPTUNE,325305,660,660,-660
04/07/2019 23:20,SCH - PJM_VFT,325658,0,0,0
04/07/2019 23:20,SPR/DUN-SOUTH,23320,2399.53,4600,-9999
04/07/2019 23:20,TOTAL EAST,23314,4022.72,6800,-9999
04/07/2019 23:20,UPNY CONED,23315,2550.35,5700,-9999
04/07/2019 23:20,WEST CENTRAL,23312,571.61,9999,-9999
04/07/2019 23:25,CENTRAL EAST - VC,23330,1966.11,2185,-9999
04/07/2019 23:25,DYSINGER EAST,23326,839.82,3150,-9999
04/07/2019 23:25,MOSES SOUTH,23319,1609.07,3150,-1600
04/07/2019 23:25,SCH - HQ - NY,23324,928,1450,-1000
04/07/2019 23:25,SCH - HQ_CEDARS,325274,100,160,0
04/07/2019 23:25,SCH - HQ_IMPORT_EXPORT,325376,823,1310,-9999
04/07/2019 23:25,SCH - NE - NY,23318,-146.01,600,-800
04/07/2019 23:25,SCH - NPX_1385,325277,0,100,-100
04/07/2019 23:25,SCH - NPX_CSC,325154,50,330,-330
04/07/2019 23:25,SCH - OH - NY,23317,999.65,1300,-1900
04/07/2019 23:25,SCH - PJ - NY,23316,214.16,2000,-1300
04/07/2019 23:25,SCH - PJM_HTP,325905,0,660,-660
04/07/2019 23:25,SCH - PJM_NEPTUNE,325305,660,660,-660
04/07/2019 23:25,SCH - PJM_VFT,325658,0,0,0
04/07/2019 23:25,SPR/DUN-SOUTH,23320,2432.63,4600,-9999
04/07/2019 23:25,TOTAL EAST,23314,4029.93,6800,-9999
04/07/2019 23:25,UPNY CONED,23315,2566.42,5700,-9999
04/07/2019 23:25,WEST CENTRAL,23312,607.15,9999,-9999
04/07/2019 23:30,CENTRAL EAST - VC,23330,1982.45,2185,-9999
04/07/2019 23:30,DYSINGER EAST,23326,834.93,3150,-9999
04/07/2019 23:30,MOSES SOUTH,23319,1612.47,3150,-1600
04/07/2019 23:30,SCH - HQ - NY,23324,928,1450,-1000
04/07/2019 23:30,SCH - HQ_CEDARS,325274,100,160,0
04/07/2019 23:30,SCH - HQ_IMPORT_EXPORT,325376,823,1310,-9999
04/07/2019 23:30,SCH - NE - NY,23318,-187.68,600,-800
04/07/2019 23:30,SCH - NPX_1385,325277,0,100,-100
04/07/2019 23:30,SCH - NPX_CSC,325154,50,330,-330
04/07/2019 23:30,SCH - OH - NY,23317,999.63,1300,-1900
04/07/2019 23:30,SCH - PJ - NY,23316,167.86,2000,-1300
04/07/2019 23:30,SCH - PJM_HTP,325905,0,660,-660
04/07/2019 23:30,SCH - PJM_NEPTUNE,325305,660,660,-660
04/07/2019 23:30,SCH - PJM_VFT,325658,0,0,0
04/07/2019 23:30,SPR/DUN-SOUTH,23320,2419.04,4600,-9999
04/07/2019 23:30,TOTAL EAST,23314,4011.45,6800,-9999
04/07/2019 23:30,UPNY CONED,23315,2533.18,5700,-9999
04/07/2019 23:30,WEST CENTRAL,23312,606.46,9999,-9999
04/07/2019 23:35,CENTRAL EAST - VC,23330,1979.69,2185,-9999
04/07/2019 23:35,DYSINGER EAST,23326,805.91,3150,-9999
04/07/2019 23:35,MOSES SOUTH,23319,1618.57,3150,-1600
04/07/2019 23:35,SCH - HQ - NY,23324,928,1450,-1000
04/07/2019 23:35,SCH - HQ_CEDARS,325274,100,160,0
04/07/2019 23:35,SCH - HQ_IMPORT_EXPORT,325376,823,1310,-9999
04/07/2019 23:35,SCH - NE - NY,23318,-230.44,600,-800
04/07/2019 23:35,SCH - NPX_1385,325277,0,100,-100
04/07/2019 23:35,SCH - NPX_CSC,325154,50,330,-330
04/07/2019 23:35,SCH - OH - NY,23317,999.55,1300,-1900
04/07/2019 23:35,SCH - PJ - NY,23316,119.67,2000,-1300
04/07/2019 23:35,SCH - PJM_HTP,325905,0,660,-660
04/07/2019 23:35,SCH - PJM_NEPTUNE,325305,660,660,-660
04/07/2019 23:35,SCH - PJM_VFT,325658,0,0,0
04/07/2019 23:35,SPR/DUN-SOUTH,23320,2379.3,4600,-9999
04/07/2019 23:35,TOTAL EAST,23314,3988.28,6800,-9999
04/07/2019 23:35,UPNY CONED,23315,2467.35,5700,-9999
04/07/2019 23:35,WEST CENTRAL,23312,583.68,9999,-9999
04/07/2019 23:40,CENTRAL EAST - VC,23330,1935.21,2185,-9999
04/07/2019 23:40,DYSINGER EAST,23326,713.81,3150,-9999
04/07/2019 23:40,MOSES SOUTH,23319,1623.8,3150,-1600
04/07/2019 23:40,SCH - HQ - NY,23324,928,1450,-1000
04/07/2019 23:40,SCH - HQ_CEDARS,325274,100,160,0
04/07/2019 23:40,SCH - HQ_IMPORT_EXPORT,325376,823,1310,-9999
04/07/2019 23:40,SCH - NE - NY,23318,-230.49,600,-800
04/07/2019 23:40,SCH - NPX_1385,325277,0,100,-100
04/07/2019 23:40,SCH - NPX_CSC,325154,50,330,-330
04/07/2019 23:40,SCH - OH - NY,23317,999.39,1300,-1900
04/07/2019 23:40,SCH - PJ - NY,23316,118.5,2000,-1300
04/07/2019 23:40,SCH - PJM_HTP,325905,0,660,-660
04/07/2019 23:40,SCH - PJM_NEPTUNE,325305,660,660,-660
04/07/2019 23:40,SCH - PJM_VFT,325658,0,0,0
04/07/2019 23:40,SPR/DUN-SOUTH,23320,2347.75,4600,-9999
04/07/2019 23:40,TOTAL EAST,23314,3932.99,6800,-9999
04/07/2019 23:40,UPNY CONED,23315,2409.84,5700,-9999
04/07/2019 23:40,WEST CENTRAL,23312,497.8,9999,-9999
04/07/2019 23:45,CENTRAL EAST - VC,23330,1956.99,2185,-9999
04/07/2019 23:45,DYSINGER EAST,23326,745.42,3150,-9999
04/07/2019 23:45,MOSES SOUTH,23319,1625.68,3150,-1600
04/07/2019 23:45,SCH - HQ - NY,23324,928,1450,-1000
04/07/2019 23:45,SCH - HQ_CEDARS,325274,100,160,0
04/07/2019 23:45,SCH - HQ_IMPORT_EXPORT,325376,823,1310,-9999
04/07/2019 23:45,SCH - NE - NY,23318,-164.29,600,-800
04/07/2019 23:45,SCH - NPX_1385,325277,0,100,-100
04/07/2019 23:45,SCH - NPX_CSC,325154,50,330,-330
04/07/2019 23:45,SCH - OH - NY,23317,999.38,1300,-1900
04/07/2019 23:45,SCH - PJ - NY,23316,61.28,2000,-1300
04/07/2019 23:45,SCH - PJM_HTP,325905,0,660,-660
04/07/2019 23:45,SCH - PJM_NEPTUNE,325305,660,660,-660
04/07/2019 23:45,SCH - PJM_VFT,325658,0,0,0
04/07/2019 23:45,SPR/DUN-SOUTH,23320,2349.17,4600,-9999
04/07/2019 23:45,TOTAL EAST,23314,3898.06,6800,-9999
04/07/2019 23:45,UPNY CONED,23315,2407.06,5700,-9999
04/07/2019 23:45,WEST CENTRAL,23312,529.73,9999,-9999
04/07/2019 23:50,CENTRAL EAST - VC,23330,1899.68,2185,-9999
04/07/2019 23:50,DYSINGER EAST,23326,663.82,3150,-9999
04/07/2019 23:50,MOSES SOUTH,23319,1631.61,3150,-1600
04/07/2019 23:50,SCH - HQ - NY,23324,928,1450,-1000
04/07/2019 23:50,SCH - HQ_CEDARS,325274,100,160,0
04/07/2019 23:50,SCH - HQ_IMPORT_EXPORT,325376,823,1310,-9999
04/07/2019 23:50,SCH - NE - NY,23318,-98.13,600,-800
04/07/2019 23:50,SCH - NPX_1385,325277,0,100,-100
04/07/2019 23:50,SCH - NPX_CSC,325154,50,330,-330
04/07/2019 23:50,SCH - OH - NY,23317,999.2,1300,-1900
04/07/2019 23:50,SCH - PJ - NY,23316,4.93,2000,-1300
04/07/2019 23:50,SCH - PJM_HTP,325905,0,660,-660
04/07/2019 23:50,SCH - PJM_NEPTUNE,325305,660,660,-660
04/07/2019 23:50,SCH - PJM_VFT,325658,0,0,0
04/07/2019 23:50,SPR/DUN-SOUTH,23320,2305.91,4600,-9999
04/07/2019 23:50,TOTAL EAST,23314,3814.43,6800,-9999
04/07/2019 23:50,UPNY CONED,23315,2353.03,5700,-9999
04/07/2019 23:50,WEST CENTRAL,23312,453.05,9999,-9999
04/07/2019 23:55,CENTRAL EAST - VC,23330,1870.91,2185,-9999
04/07/2019 23:55,DYSINGER EAST,23326,647.28,3150,-9999
04/07/2019 23:55,MOSES SOUTH,23319,1657.12,3150,-1600
04/07/2019 23:55,SCH - HQ - NY,23324,928,1450,-1000
04/07/2019 23:55,SCH - HQ_CEDARS,325274,100,160,0
04/07/2019 23:55,SCH - HQ_IMPORT_EXPORT,325376,823,1310,-9999
04/07/2019 23:55,SCH - NE - NY,23318,-98.1,600,-800
04/07/2019 23:55,SCH - NPX_1385,325277,0,100,-100
04/07/2019 23:55,SCH - NPX_CSC,325154,50,330,-330
04/07/2019 23:55,SCH - OH - NY,23317,999.24,1300,-1900
04/07/2019 23:55,SCH - PJ - NY,23316,3.79,2000,-1300
04/07/2019 23:55,SCH - PJM_HTP,325905,0,660,-660
04/07/2019 23:55,SCH - PJM_NEPTUNE,325305,660,660,-660
04/07/2019 23:55,SCH - PJM_VFT,325658,0,0,0
04/07/2019 23:55,SPR/DUN-SOUTH,23320,2292.05,4600,-9999
04/07/2019 23:55,TOTAL EAST,23314,3763.58,6800,-9999
04/07/2019 23:55,UPNY CONED,23315,2322.63,5700,-9999
04/07/2019 23:55,WEST CENTRAL,23312,441.7,9999,-9999
