Timestamp,Interface Name,Point ID,Flow (MWH),Positive Limit (MWH),Negative Limit (MWH)
01/25/2019 00:00,CENTRAL EAST - VC,23330,2548.95,2660,-9999
01/25/2019 00:00,DYSINGER EAST,23326,1349.19,3150,-9999
01/25/2019 00:00,MOSES SOUTH,23319,1929.61,3000,-1600
01/25/2019 00:00,SCH - HQ - NY,23324,1212,1500,-1000
01/25/2019 00:00,SCH - HQ_CEDARS,325274,180,180,-100
01/25/2019 00:00,SCH - HQ_IMPORT_EXPORT,325376,1042,1310,-9999
01/25/2019 00:00,SCH - NE - NY,23318,-1148.61,1400,-1800
01/25/2019 00:00,SCH - NPX_1385,325277,53,200,-200
01/25/2019 00:00,SCH - NPX_CSC,325154,0,0,0
01/25/2019 00:00,SCH - OH - NY,23317,962.28,1700,-1700
01/25/2019 00:00,SCH - PJ - NY,23316,452.48,2000,-1300
01/25/2019 00:00,SCH - PJM_HTP,325905,0,660,-660
01/25/2019 00:00,SCH - PJM_NEPTUNE,325305,645,660,-660
01/25/2019 00:00,SCH - PJM_VFT,325658,315,315,-315
01/25/2019 00:00,SPR/DUN-SOUTH,23320,2709.56,4600,-9999
01/25/2019 00:00,TOTAL EAST,23314,4495.56,6800,-9999
01/25/2019 00:00,UPNY CONED,23315,2192.67,5700,-9999
01/25/2019 00:00,WEST CENTRAL,23312,901.33,9999,-9999
01/25/2019 00:05,CENTRAL EAST - VC,23330,2505.23,2660,-9999
01/25/2019 00:05,DYSINGER EAST,23326,1351.34,3150,-9999
01/25/2019 00:05,MOSES SOUTH,23319,1970.65,3000,-1600
01/25/2019 00:05,SCH - HQ - NY,23324,1244,1500,-1000
01/25/2019 00:05,SCH - HQ_CEDARS,325274,180,180,-100
01/25/2019 00:05,SCH - HQ_IMPORT_EXPORT,325376,1074,1310,-9999
01/25/2019 00:05,SCH - NE - NY,23318,-998.18,1400,-1800
01/25/2019 00:05,SCH - NPX_1385,325277,125,200,-200
01/25/2019 00:05,SCH - NPX_CSC,325154,0,0,0
01/25/2019 00:05,SCH - OH - NY,23317,1025.9,1700,-1700
01/25/2019 00:05,SCH - PJ - NY,23316,360.6,2000,-1300
01/25/2019 00:05,SCH - PJM_HTP,325905,0,660,-660
01/25/2019 00:05,SCH - PJM_NEPTUNE,325305,630,660,-660
01/25/2019 00:05,SCH - PJM_VFT,325658,315,315,-315
01/25/2019 00:05,SPR/DUN-SOUTH,23320,2778.71,4600,-9999
01/25/2019 00:05,TOTAL EAST,23314,4408.42,6800,-9999
01/25/2019 00:05,UPNY CONED,23315,2199.48,5700,-9999
01/25/2019 00:05,WEST CENTRAL,23312,908.5,9999,-9999
01/25/2019 00:10,CENTRAL EAST - VC,23330,2410,2660,-9999
01/25/2019 00:10,DYSINGER EAST,23326,1283.04,3150,-9999
01/25/2019 00:10,MOSES SOUTH,23319,1918.49,3000,-1600
01/25/2019 00:10,SCH - HQ - NY,23324,1244,1500,-1000
01/25/2019 00:10,SCH - HQ_CEDARS,325274,180,180,-100
01/25/2019 00:10,SCH - HQ_IMPORT_EXPORT,325376,1074,1310,-9999
01/25/2019 00:10,SCH - NE - NY,23318,-997.74,1400,-1800
01/25/2019 00:10,SCH - NPX_1385,325277,125,200,-200
01/25/2019 00:10,SCH - NPX_CSC,325154,0,0,0
01/25/2019 00:10,SCH - OH - NY,23317,1024.7,1700,-1700
01/25/2019 00:10,SCH - PJ - NY,23316,363.49,2000,-1300
01/25/2019 00:10,SCH - PJM_HTP,325905,0,660,-660
01/25/2019 00:10,SCH - PJM_NEPTUNE,325305,630,660,-660
01/25/2019 00:10,SCH - PJM_VFT,325658,315,315,-315
01/25/2019 00:10,SPR/DUN-SOUTH,23320,2726.6,4600,-9999
01/25/2019 00:10,TOTAL EAST,23314,4399.85,6800,-9999
01/25/2019 00:10,UPNY CONED,23315,2140.12,5700,-9999
01/25/2019 00:10,WEST CENTRAL,23312,848.66,9999,-9999
01/25/2019 00:15,CENTRAL EAST - VC,23330,2497.85,2620,-9999
01/25/2019 00:15,DYSINGER EAST,23326,1420.91,3150,-9999
01/25/2019 00:15,MOSES SOUTH,23319,1896.9,3000,-1600
01/25/2019 00:15,SCH - HQ - NY,23324,1244,1500,-1000
01/25/2019 00:15,SCH - HQ_CEDARS,325274,180,180,-100
01/25/2019 00:15,SCH - HQ_IMPORT_EXPORT,325376,1074,1310,-9999
01/25/2019 00:15,SCH - NE - NY,23318,-1069.81,1400,-1800
01/25/2019 00:15,SCH - NPX_1385,325277,125,200,-200
01/25/2019 00:15,SCH - NPX_CSC,325154,0,0,0
01/25/2019 00:15,SCH - OH - NY,23317,1022.29,1700,-1700
01/25/2019 00:15,SCH - PJ - NY,23316,411.55,2000,-1300
01/25/2019 00:15,SCH - PJM_HTP,325905,0,660,-660
01/25/2019 00:15,SCH - PJM_NEPTUNE,325305,645,660,-660
01/25/2019 00:15,SCH - PJM_VFT,325658,315,315,-315
01/25/2019 00:15,SPR/DUN-SOUTH,23320,2746.24,4600,-9999
01/25/2019 00:15,TOTAL EAST,23314,4436.36,6800,-9999
01/25/2019 00:15,UPNY CONED,23315,2152.61,5700,-9999
01/25/2019 00:15,WEST CENTRAL,23312,986.99,9999,-9999
01/25/2019 00:20,CENTRAL EAST - VC,23330,2501.29,2620,-9999
01/25/2019 00:20,DYSINGER EAST,23326,1421.59,3150,-9999
01/25/2019 00:20,MOSES SOUTH,23319,1858.28,3000,-1600
01/25/2019 00:20,SCH - HQ - NY,23324,1244,1500,-1000
01/25/2019 00:20,SCH - HQ_CEDARS,325274,180,180,-100
01/25/2019 00:20,SCH - HQ_IMPORT_EXPORT,325376,1074,1310,-9999
01/25/2019 00:20,SCH - NE - NY,23318,-1146.76,1400,-1800
01/25/2019 00:20,SCH - NPX_1385,325277,125,200,-200
01/25/2019 00:20,SCH - NPX_CSC,325154,0,0,0
01/25/2019 00:20,SCH - OH - NY,23317,1024.4,1700,-1700
01/25/2019 00:20,SCH - PJ - NY,23316,457.42,2000,-1300
01/25/2019 00:20,SCH - PJM_HTP,325905,0,660,-660
01/25/2019 00:20,SCH - PJM_NEPTUNE,325305,660,660,-660
01/25/2019 00:20,SCH - PJM_VFT,325658,315,315,-315
01/25/2019 00:20,SPR/DUN-SOUTH,23320,2694.05,4600,-9999
01/25/2019 00:20,TOTAL EAST,23314,4396.79,6800,-9999
01/25/2019 00:20,UPNY CONED,23315,2078.36,5700,-9999
01/25/2019 00:20,WEST CENTRAL,23312,992.12,9999,-9999
01/25/2019 00:25,CENTRAL EAST - VC,23330,2514.45,2620,-9999
01/25/2019 00:25,DYSINGER EAST,23326,1388.4,3150,-9999
01/25/2019 00:25,MOSES SOUTH,23319,1868.94,3000,-1600
01/25/2019 00:25,SCH - HQ - NY,23324,1244,1500,-1000
01/25/2019 00:25,SCH - HQ_CEDARS,325274,180,180,-100
01/25/2019 00:25,SCH - HQ_IMPORT_EXPORT,325376,1074,1310,-9999
01/25/2019 00:25,SCH - NE - NY,23318,-1146.76,1400,-1800
01/25/2019 00:25,SCH - NPX_1385,325277,125,200,-200
01/25/2019 00:25,SCH - NPX_CSC,325154,0,0,0
01/25/2019 00:25,SCH - OH - NY,23317,1021.71,1700,-1700
01/25/2019 00:25,SCH - PJ - NY,23316,457.62,2000,-1300
01/25/2019 00:25,SCH - PJM_HTP,325905,0,660,-660
01/25/2019 00:25,SCH - PJM_NEPTUNE,325305,660,660,-660
01/25/2019 00:25,SCH - PJM_VFT,325658,315,315,-315
01/25/2019 00:25,SPR/DUN-SOUTH,23320,2731.28,4600,-9999
01/25/2019 00:25,TOTAL EAST,23314,4361.58,6800,-9999
01/25/2019 00:25,UPNY CONED,23315,2099.18,5700,-9999
01/25/2019 00:25,WEST CENTRAL,23312,965.42,9999,-9999
01/25/2019 00:30,CENTRAL EAST - VC,23330,2519.33,2620,-9999
01/25/2019 00:30,DYSINGER EAST,23326,1406.38,3150,-9999
01/25/2019 00:30,MOSES SOUTH,23319,1886.96,3000,-1600
01/25/2019 00:30,SCH - HQ - NY,23324,1244,1500,-1000
01/25/2019 00:30,SCH - HQ_CEDARS,325274,180,180,-100
01/25/2019 00:30,SCH - HQ_IMPORT_EXPORT,325376,1074,1310,-9999
01/25/2019 00:30,SCH - NE - NY,23318,-1072.78,1400,-1800
01/25/2019 00:30,SCH - NPX_1385,325277,125,200,-200
01/25/2019 00:30,SCH - NPX_CSC,325154,0,0,0
01/25/2019 00:30,SCH - OH - NY,23317,1022.72,1700,-1700
01/25/2019 00:30,SCH - PJ - NY,23316,405.99,2000,-1300
01/25/2019 00:30,SCH - PJM_HTP,325905,0,660,-660
01/25/2019 00:30,SCH - PJM_NEPTUNE,325305,623,660,-660
01/25/2019 00:30,SCH - PJM_VFT,325658,315,315,-315
01/25/2019 00:30,SPR/DUN-SOUTH,23320,2757.74,4600,-9999
01/25/2019 00:30,TOTAL EAST,23314,4406.11,6800,-9999
01/25/2019 00:30,UPNY CONED,23315,2152.18,5700,-9999
01/25/2019 00:30,WEST CENTRAL,23312,986.41,9999,-9999
01/25/2019 00:35,CENTRAL EAST - VC,23330,2520.7,2620,-9999
01/25/2019 00:35,DYSINGER EAST,23326,1439.51,3150,-9999
01/25/2019 00:35,MOSES SOUTH,23319,1895.17,3000,-1600
01/25/2019 00:35,SCH - HQ - NY,23324,1244,1500,-1000
01/25/2019 00:35,SCH - HQ_CEDARS,325274,180,180,-100
01/25/2019 00:35,SCH - HQ_IMPORT_EXPORT,325376,1074,1310,-9999
01/25/2019 00:35,SCH - NE - NY,23318,-999.81,1400,-1800
01/25/2019 00:35,SCH - NPX_1385,325277,125,200,-200
01/25/2019 00:35,SCH - NPX_CSC,325154,0,0,0
01/25/2019 00:35,SCH - OH - NY,23317,1024.85,1700,-1700
01/25/2019 00:35,SCH - PJ - NY,23316,359.15,2000,-1300
01/25/2019 00:35,SCH - PJM_HTP,325905,0,660,-660
01/25/2019 00:35,SCH - PJM_NEPTUNE,325305,587,660,-660
01/25/2019 00:35,SCH - PJM_VFT,325658,315,315,-315
01/25/2019 00:35,SPR/DUN-SOUTH,23320,2786.37,4600,-9999
01/25/2019 00:35,TOTAL EAST,23314,4393.44,6800,-9999
01/25/2019 00:35,UPNY CONED,23315,2207.62,5700,-9999
01/25/2019 00:35,WEST CENTRAL,23312,1020.58,9999,-9999
01/25/2019 00:40,CENTRAL EAST - VC,23330,2453.28,2620,-9999
01/25/2019 00:40,DYSINGER EAST,23326,1303.3,3150,-9999
01/25/2019 00:40,MOSES SOUTH,23319,1917.1,3000,-1600
01/25/2019 00:40,SCH - HQ - NY,23324,1244,1500,-1000
01/25/2019 00:40,SCH - HQ_CEDARS,325274,180,180,-100
01/25/2019 00:40,SCH - HQ_IMPORT_EXPORT,325376,1074,1310,-9999
01/25/2019 00:40,SCH - NE - NY,23318,-999.83,1400,-1800
01/25/2019 00:40,SCH - NPX_1385,325277,125,200,-200
01/25/2019 00:40,SCH - NPX_CSC,325154,0,0,0
01/25/2019 00:40,SCH - OH - NY,23317,1023.19,1700,-1700
01/25/2019 00:40,SCH - PJ - NY,23316,358.75,2000,-1300
01/25/2019 00:40,SCH - PJM_HTP,325905,0,660,-660
01/25/2019 00:40,SCH - PJM_NEPTUNE,325305,587,660,-660
01/25/2019 00:40,SCH - PJM_VFT,325658,315,315,-315
01/25/2019 00:40,SPR/DUN-SOUTH,23320,2717.63,4600,-9999
01/25/2019 00:40,TOTAL EAST,23314,4367.41,6800,-9999
01/25/2019 00:40,UPNY CONED,23315,2127.7,5700,-9999
01/25/2019 00:40,WEST CENTRAL,23312,891.13,9999,-9999
01/25/2019 00:45,CENTRAL EAST - VC,23330,2491.78,2620,-9999
01/25/2019 00:45,DYSINGER EAST,23326,1349.52,3150,-9999
01/25/2019 00:45,MOSES SOUTH,23319,1920.37,3000,-1600
01/25/2019 00:45,SCH - HQ - NY,23324,1244,1500,-1000
01/25/2019 00:45,SCH - HQ_CEDARS,325274,180,180,-100
01/25/2019 00:45,SCH - HQ_IMPORT_EXPORT,325376,1074,1310,-9999
01/25/2019 00:45,SCH - NE - NY,23318,-1124.78,1400,-1800
01/25/2019 00:45,SCH - NPX_1385,325277,125,200,-200
01/25/2019 00:45,SCH - NPX_CSC,325154,0,0,0
01/25/2019 00:45,SCH - OH - NY,23317,1023.77,1700,-1700
01/25/2019 00:45,SCH - PJ - NY,23316,361.3,2000,-1300
01/25/2019 00:45,SCH - PJM_HTP,325905,0,660,-660
01/25/2019 00:45,SCH - PJM_NEPTUNE,325305,623,660,-660
01/25/2019 00:45,SCH - PJM_VFT,325658,315,315,-315
01/25/2019 00:45,SPR/DUN-SOUTH,23320,2720.07,4600,-9999
01/25/2019 00:45,TOTAL EAST,23314,4442.94,6800,-9999
01/25/2019 00:45,UPNY CONED,23315,2089.13,5700,-9999
01/25/2019 00:45,WEST CENTRAL,23312,937.8,9999,-9999
01/25/2019 00:50,CENTRAL EAST - VC,23330,2507.1,2620,-9999
01/25/2019 00:50,DYSINGER EAST,23326,1399.65,3150,-9999
01/25/2019 00:50,MOSES SOUTH,23319,1903.18,3000,-1600
01/25/2019 00:50,SCH - HQ - NY,23324,1244,1500,-1000
01/25/2019 00:50,SCH - HQ_CEDARS,325274,180,180,-100
01/25/2019 00:50,SCH - HQ_IMPORT_EXPORT,325376,1074,1310,-9999
01/25/2019 00:50,SCH - NE - NY,23318,-1249.72,1400,-1800
01/25/2019 00:50,SCH - NPX_1385,325277,125,200,-200
01/25/2019 00:50,SCH - NPX_CSC,325154,0,0,0
01/25/2019 00:50,SCH - OH - NY,23317,1024.31,1700,-1700
01/25/2019 00:50,SCH - PJ - NY,23316,358.52,2000,-1300
01/25/2019 00:50,SCH - PJM_HTP,325905,0,660,-660
01/25/2019 00:50,SCH - PJM_NEPTUNE,325305,660,660,-660
01/25/2019 00:50,SCH - PJM_VFT,325658,315,315,-315
01/25/2019 00:50,SPR/DUN-SOUTH,23320,2708.5,4600,-9999
01/25/2019 00:50,TOTAL EAST,23314,4334.84,6800,-9999
01/25/2019 00:50,UPNY CONED,23315,2025.09,5700,-9999
01/25/2019 00:50,WEST CENTRAL,23312,982.29,9999,-9999
01/25/2019 00:55,CENTRAL EAST - VC,23330,2510.8,2620,-9999
01/25/2019 00:55,DYSINGER EAST,23326,1357.65,3150,-9999
01/25/2019 00:55,MOSES SOUTH,23319,1904.97,3000,-1600
01/25/2019 00:55,SCH - HQ - NY,23324,1244,1500,-1000
01/25/2019 00:55,SCH - HQ_CEDARS,325274,180,180,-100
01/25/2019 00:55,SCH - HQ_IMPORT_EXPORT,325376,1074,1310,-9999
01/25/2019 00:55,SCH - NE - NY,23318,-1249.72,1400,-1800
01/25/2019 00:55,SCH - NPX_1385,325277,125,200,-200
01/25/2019 00:55,SCH - NPX_CSC,325154,0,0,0
01/25/2019 00:55,SCH - OH - NY,23317,1021.41,1700,-1700
01/25/2019 00:55,SCH - PJ - NY,23316,364.89,2000,-1300
01/25/2019 00:55,SCH - PJM_HTP,325905,0,660,-660
01/25/2019 00:55,SCH - PJM_NEPTUNE,325305,660,660,-660
01/25/2019 00:55,SCH - PJM_VFT,325658,315,315,-315
01/25/2019 00:55,SPR/DUN-SOUTH,23320,2615.99,4600,-9999
01/25/2019 00:55,TOTAL EAST,23314,4279.06,6800,-9999
01/25/2019 00:55,UPNY CONED,23315,1921.85,5700,-9999
01/25/2019 00:55,WEST CENTRAL,23312,946.74,9999,-9999
01/25/2019 01:00,CENTRAL EAST - VC,23330,2520.18,2620,-9999
01/25/2019 01:00,DYSINGER EAST,23326,1422.77,3150,-9999
01/25/2019 01:00,MOSES SOUTH,23319,1897.03,3000,-1600
01/25/2019 01:00,SCH - HQ - NY,23324,1232,1500,-1000
01/25/2019 01:00,SCH - HQ_CEDARS,325274,180,180,-100
01/25/2019 01:00,SCH - HQ_IMPORT_EXPORT,325376,1062,1310,-9999
01/25/2019 01:00,SCH - NE - NY,23318,-1116.76,1400,-1800
01/25/2019 01:00,SCH - NPX_1385,325277,87,200,-200
01/25/2019 01:00,SCH - NPX_CSC,325154,0,0,0
01/25/2019 01:00,SCH - OH - NY,23317,1020.15,1700,-1700
01/25/2019 01:00,SCH - PJ - NY,23316,337.44,2000,-1300
01/25/2019 01:00,SCH - PJM_HTP,325905,0,660,-660
01/25/2019 01:00,SCH - PJM_NEPTUNE,325305,620,660,-660
01/25/2019 01:00,SCH - PJM_VFT,325658,315,315,-315
01/25/2019 01:00,SPR/DUN-SOUTH,23320,2606.38,4600,-9999
01/25/2019 01:00,TOTAL EAST,23314,4310.03,6800,-9999
01/25/2019 01:00,UPNY CONED,23315,1984.59,5700,-9999
01/25/2019 01:00,WEST CENTRAL,23312,1012.92,9999,-9999
01/25/2019 01:05,CENTRAL EAST - VC,23330,2504.82,2620,-9999
01/25/2019 01:05,DYSINGER EAST,23326,1410.4,3150,-9999
01/25/2019 01:05,MOSES SOUTH,23319,1912.74,3000,-1600
01/25/2019 01:05,SCH - HQ - NY,23324,1220,1500,-1000
01/25/2019 01:05,SCH - HQ_CEDARS,325274,180,180,-100
01/25/2019 01:05,SCH - HQ_IMPORT_EXPORT,325376,1050,1310,-9999
01/25/2019 01:05,SCH - NE - NY,23318,-983.82,1400,-1800
01/25/2019 01:05,SCH - NPX_1385,325277,50,200,-200
01/25/2019 01:05,SCH - NPX_CSC,325154,0,0,0
01/25/2019 01:05,SCH - OH - NY,23317,1018.2,1700,-1700
01/25/2019 01:05,SCH - PJ - NY,23316,309.59,2000,-1300
01/25/2019 01:05,SCH - PJM_HTP,325905,0,660,-660
01/25/2019 01:05,SCH - PJM_NEPTUNE,325305,580,660,-660
01/25/2019 01:05,SCH - PJM_VFT,325658,315,315,-315
01/25/2019 01:05,SPR/DUN-SOUTH,23320,2633.78,4600,-9999
01/25/2019 01:05,TOTAL EAST,23314,4316.63,6800,-9999
01/25/2019 01:05,UPNY CONED,23315,2081.15,5700,-9999
01/25/2019 01:05,WEST CENTRAL,23312,999.94,9999,-9999
01/25/2019 01:10,CENTRAL EAST - VC,23330,2496.07,2620,-9999
01/25/2019 01:10,DYSINGER EAST,23326,1398.48,3150,-9999
01/25/2019 01:10,MOSES SOUTH,23319,1918.62,3000,-1600
01/25/2019 01:10,SCH - HQ - NY,23324,1220,1500,-1000
01/25/2019 01:10,SCH - HQ_CEDARS,325274,180,180,-100
01/25/2019 01:10,SCH - HQ_IMPORT_EXPORT,325376,1050,1310,-9999
01/25/2019 01:10,SCH - NE - NY,23318,-983.82,1400,-1800
01/25/2019 01:10,SCH - NPX_1385,325277,50,200,-200
01/25/2019 01:10,SCH - NPX_CSC,325154,0,0,0
01/25/2019 01:10,SCH - OH - NY,23317,1017.13,1700,-1700
01/25/2019 01:10,SCH - PJ - NY,23316,311.57,2000,-1300
01/25/2019 01:10,SCH - PJM_HTP,325905,0,660,-660
01/25/2019 01:10,SCH - PJM_NEPTUNE,325305,580,660,-660
01/25/2019 01:10,SCH - PJM_VFT,325658,315,315,-315
01/25/2019 01:10,SPR/DUN-SOUTH,23320,2653.33,4600,-9999
01/25/2019 01:10,TOTAL EAST,23314,4319.56,6800,-9999
01/25/2019 01:10,UPNY CONED,23315,2095.64,5700,-9999
01/25/2019 01:10,WEST CENTRAL,23312,991.68,9999,-9999
01/25/2019 01:15,CENTRAL EAST - VC,23330,2426.76,2620,-9999
01/25/2019 01:15,DYSINGER EAST,23326,1297.54,3150,-9999
01/25/2019 01:15,MOSES SOUTH,23319,1883.02,3000,-1600
01/25/2019 01:15,SCH - HQ - NY,23324,1220,1500,-1000
01/25/2019 01:15,SCH - HQ_CEDARS,325274,180,180,-100
01/25/2019 01:15,SCH - HQ_IMPORT_EXPORT,325376,1050,1310,-9999
01/25/2019 01:15,SCH - NE - NY,23318,-969.81,1400,-1800
01/25/2019 01:15,SCH - NPX_1385,325277,50,200,-200
01/25/2019 01:15,SCH - NPX_CSC,325154,0,0,0
01/25/2019 01:15,SCH - OH - NY,23317,1014.48,1700,-1700
01/25/2019 01:15,SCH - PJ - NY,23316,295.23,2000,-1300
01/25/2019 01:15,SCH - PJM_HTP,325905,0,660,-660
01/25/2019 01:15,SCH - PJM_NEPTUNE,325305,580,660,-660
01/25/2019 01:15,SCH - PJM_VFT,325658,315,315,-315
01/25/2019 01:15,SPR/DUN-SOUTH,23320,2625.24,4600,-9999
01/25/2019 01:15,TOTAL EAST,23314,4270.09,6800,-9999
01/25/2019 01:15,UPNY CONED,23315,2069.94,5700,-9999
01/25/2019 01:15,WEST CENTRAL,23312,895.41,9999,-9999
01/25/2019 01:20,CENTRAL EAST - VC,23330,2398.82,2620,-9999
01/25/2019 01:20,DYSINGER EAST,23326,1288.59,3150,-9999
01/25/2019 01:20,MOSES SOUTH,23319,1876.31,3000,-1600
01/25/2019 01:20,SCH - HQ - NY,23324,1220,1500,-1000
01/25/2019 01:20,SCH - HQ_CEDARS,325274,180,180,-100
01/25/2019 01:20,SCH - HQ_IMPORT_EXPORT,325376,1050,1310,-9999
01/25/2019 01:20,SCH - NE - NY,23318,-955.81,1400,-1800
01/25/2019 01:20,SCH - NPX_1385,325277,50,200,-200
01/25/2019 01:20,SCH - NPX_CSC,325154,0,0,0
01/25/2019 01:20,SCH - OH - NY,23317,1016.49,1700,-1700
01/25/2019 01:20,SCH - PJ - NY,23316,276.39,2000,-1300
01/25/2019 01:20,SCH - PJM_HTP,325905,0,660,-660
01/25/2019 01:20,SCH - PJM_NEPTUNE,325305,580,660,-660
01/25/2019 01:20,SCH - PJM_VFT,325658,315,315,-315
01/25/2019 01:20,SPR/DUN-SOUTH,23320,2593.51,4600,-9999
01/25/2019 01:20,TOTAL EAST,23314,4216.79,6800,-9999
01/25/2019 01:20,UPNY CONED,23315,2030.59,5700,-9999
01/25/2019 01:20,WEST CENTRAL,23312,887.67,9999,-9999
01/25/2019 01:25,CENTRAL EAST - VC,23330,2366.98,2620,-9999
01/25/2019 01:25,DYSINGER EAST,23326,1207.35,3150,-9999
01/25/2019 01:25,MOSES SOUTH,23319,1884.31,3000,-1600
01/25/2019 01:25,SCH - HQ - NY,23324,1220,1500,-1000
01/25/2019 01:25,SCH - HQ_CEDARS,325274,180,180,-100
01/25/2019 01:25,SCH - HQ_IMPORT_EXPORT,325376,1050,1310,-9999
01/25/2019 01:25,SCH - NE - NY,23318,-955.81,1400,-1800
01/25/2019 01:25,SCH - NPX_1385,325277,50,200,-200
01/25/2019 01:25,SCH - NPX_CSC,325154,0,0,0
01/25/2019 01:25,SCH - OH - NY,23317,1014.2,1700,-1700
01/25/2019 01:25,SCH - PJ - NY,23316,277.78,2000,-1300
01/25/2019 01:25,SCH - PJM_HTP,325905,0,660,-660
01/25/2019 01:25,SCH - PJM_NEPTUNE,325305,580,660,-660
01/25/2019 01:25,SCH - PJM_VFT,325658,315,315,-315
01/25/2019 01:25,SPR/DUN-SOUTH,23320,2578.49,4600,-9999
01/25/2019 01:25,TOTAL EAST,23314,4194.42,6800,-9999
01/25/2019 01:25,UPNY CONED,23315,2009.02,5700,-9999
01/25/2019 01:25,WEST CENTRAL,23312,807.45,9999,-9999
01/25/2019 01:30,CENTRAL EAST - VC,23330,2383.4,2620,-9999
01/25/2019 01:30,DYSINGER EAST,23326,1288.33,3150,-9999
01/25/2019 01:30,MOSES SOUTH,23319,1875.13,3000,-1600
01/25/2019 01:30,SCH - HQ - NY,23324,1220,1500,-1000
01/25/2019 01:30,SCH - HQ_CEDARS,325274,180,180,-100
01/25/2019 01:30,SCH - HQ_IMPORT_EXPORT,325376,1050,1310,-9999
01/25/2019 01:30,SCH - NE - NY,23318,-958.81,1400,-1800
01/25/2019 01:30,SCH - NPX_1385,325277,50,200,-200
01/25/2019 01:30,SCH - NPX_CSC,325154,0,0,0
01/25/2019 01:30,SCH - OH - NY,23317,1017.29,1700,-1700
01/25/2019 01:30,SCH - PJ - NY,23316,256.96,2000,-1300
01/25/2019 01:30,SCH - PJM_HTP,325905,0,660,-660
01/25/2019 01:30,SCH - PJM_NEPTUNE,325305,580,660,-660
01/25/2019 01:30,SCH - PJM_VFT,325658,315,315,-315
01/25/2019 01:30,SPR/DUN-SOUTH,23320,2588.62,4600,-9999
01/25/2019 01:30,TOTAL EAST,23314,4182.26,6800,-9999
01/25/2019 01:30,UPNY CONED,23315,2015.21,5700,-9999
01/25/2019 01:30,WEST CENTRAL,23312,885.3,9999,-9999
01/25/2019 01:35,CENTRAL EAST - VC,23330,2401.92,2620,-9999
01/25/2019 01:35,DYSINGER EAST,23326,1315.09,3150,-9999
01/25/2019 01:35,MOSES SOUTH,23319,1830.87,3000,-1600
01/25/2019 01:35,SCH - HQ - NY,23324,1220,1500,-1000
01/25/2019 01:35,SCH - HQ_CEDARS,325274,180,180,-100
01/25/2019 01:35,SCH - HQ_IMPORT_EXPORT,325376,1050,1310,-9999
01/25/2019 01:35,SCH - NE - NY,23318,-961.8,1400,-1800
01/25/2019 01:35,SCH - NPX_1385,325277,50,200,-200
01/25/2019 01:35,SCH - NPX_CSC,325154,0,0,0
01/25/2019 01:35,SCH - OH - NY,23317,1014.11,1700,-1700
01/25/2019 01:35,SCH - PJ - NY,23316,240.75,2000,-1300
01/25/2019 01:35,SCH - PJM_HTP,325905,0,660,-660
01/25/2019 01:35,SCH - PJM_NEPTUNE,325305,580,660,-660
01/25/2019 01:35,SCH - PJM_VFT,325658,315,315,-315
01/25/2019 01:35,SPR/DUN-SOUTH,23320,2595.47,4600,-9999
01/25/2019 01:35,TOTAL EAST,23314,4165.82,6800,-9999
01/25/2019 01:35,UPNY CONED,23315,2014.82,5700,-9999
01/25/2019 01:35,WEST CENTRAL,23312,909.54,9999,-9999
01/25/2019 01:40,CENTRAL EAST - VC,23330,2358.83,2620,-9999
01/25/2019 01:40,DYSINGER EAST,23326,1241,3150,-9999
01/25/2019 01:40,MOSES SOUTH,23319,1827.5,3000,-1600
01/25/2019 01:40,SCH - HQ - NY,23324,1220,1500,-1000
01/25/2019 01:40,SCH - HQ_CEDARS,325274,180,180,-100
01/25/2019 01:40,SCH - HQ_IMPORT_EXPORT,325376,1050,1310,-9999
01/25/2019 01:40,SCH - NE - NY,23318,-961.8,1400,-1800
01/25/2019 01:40,SCH - NPX_1385,325277,50,200,-200
01/25/2019 01:40,SCH - NPX_CSC,325154,0,0,0
01/25/2019 01:40,SCH - OH - NY,23317,1013.61,1700,-1700
01/25/2019 01:40,SCH - PJ - NY,23316,240.27,2000,-1300
01/25/2019 01:40,SCH - PJM_HTP,325905,0,660,-660
01/25/2019 01:40,SCH - PJM_NEPTUNE,325305,580,660,-660
01/25/2019 01:40,SCH - PJM_VFT,325658,315,315,-315
01/25/2019 01:40,SPR/DUN-SOUTH,23320,2559.35,4600,-9999
01/25/2019 01:40,TOTAL EAST,23314,4135.06,6800,-9999
01/25/2019 01:40,UPNY CONED,23315,1971.91,5700,-9999
01/25/2019 01:40,WEST CENTRAL,23312,839.92,9999,-9999
01/25/2019 01:45,CENTRAL EAST - VC,23330,2343.29,2620,-9999
01/25/2019 01:45,DYSINGER EAST,23326,1250.37,3150,-9999
01/25/2019 01:45,MOSES SOUTH,23319,1789.54,3000,-1600
01/25/2019 01:45,SCH - HQ - NY,23324,1220,1500,-1000
01/25/2019 01:45,SCH - HQ_CEDARS,325274,180,180,-100
01/25/2019 01:45,SCH - HQ_IMPORT_EXPORT,325376,1050,1310,-9999
01/25/2019 01:45,SCH - NE - NY,23318,-955.81,1400,-1800
01/25/2019 01:45,SCH - NPX_1385,325277,50,200,-200
01/25/2019 01:45,SCH - NPX_CSC,325154,0,0,0
01/25/2019 01:45,SCH - OH - NY,23317,1016.7,1700,-1700
01/25/2019 01:45,SCH - PJ - NY,23316,186.15,2000,-1300
01/25/2019 01:45,SCH - PJM_HTP,325905,0,660,-660
01/25/2019 01:45,SCH - PJM_NEPTUNE,325305,580,660,-660
01/25/2019 01:45,SCH - PJM_VFT,325658,315,315,-315
01/25/2019 01:45,SPR/DUN-SOUTH,23320,2544.45,4600,-9999
01/25/2019 01:45,TOTAL EAST,23314,4110.79,6800,-9999
01/25/2019 01:45,UPNY CONED,23315,1950.62,5700,-9999
01/25/2019 01:45,WEST CENTRAL,23312,853.31,9999,-9999
01/25/2019 01:50,CENTRAL EAST - VC,23330,2342.53,2620,-9999
01/25/2019 01:50,DYSINGER EAST,23326,1288.62,3150,-9999
01/25/2019 01:50,MOSES SOUTH,23319,1789.47,3000,-1600
01/25/2019 01:50,SCH - HQ - NY,23324,1220,1500,-1000
01/25/2019 01:50,SCH - HQ_CEDARS,325274,180,180,-100
01/25/2019 01:50,SCH - HQ_IMPORT_EXPORT,325376,1050,1310,-9999
01/25/2019 01:50,SCH - NE - NY,23318,-949.8,1400,-1800
01/25/2019 01:50,SCH - NPX_1385,325277,50,200,-200
01/25/2019 01:50,SCH - NPX_CSC,325154,0,0,0
01/25/2019 01:50,SCH - OH - NY,23317,1013.98,1700,-1700
01/25/2019 01:50,SCH - PJ - NY,23316,140.37,2000,-1300
01/25/2019 01:50,SCH - PJM_HTP,325905,0,660,-660
01/25/2019 01:50,SCH - PJM_NEPTUNE,325305,580,660,-660
01/25/2019 01:50,SCH - PJM_VFT,325658,315,315,-315
01/25/2019 01:50,SPR/DUN-SOUTH,23320,2544.09,4600,-9999
01/25/2019 01:50,TOTAL EAST,23314,4092.77,6800,-9999
01/25/2019 01:50,UPNY CONED,23315,1954.84,5700,-9999
01/25/2019 01:50,WEST CENTRAL,23312,890.45,9999,-9999
01/25/2019 01:55,CENTRAL EAST - VC,23330,2352.66,2620,-9999
01/25/2019 01:55,DYSINGER EAST,23326,1287.15,3150,-9999
01/25/2019 01:55,MOSES SOUTH,23319,1786.37,3000,-1600
01/25/2019 01:55,SCH - HQ - NY,23324,1220,1500,-1000
01/25/2019 01:55,SCH - HQ_CEDARS,325274,180,180,-100
01/25/2019 01:55,SCH - HQ_IMPORT_EXPORT,325376,1050,1310,-9999
01/25/2019 01:55,SCH - NE - NY,23318,-949.8,1400,-1800
01/25/2019 01:55,SCH - NPX_1385,325277,50,200,-200
01/25/2019 01:55,SCH - NPX_CSC,325154,0,0,0
01/25/2019 01:55,SCH - OH - NY,23317,1013.08,1700,-1700
01/25/2019 01:55,SCH - PJ - NY,23316,141.07,2000,-1300
01/25/2019 01:55,SCH - PJM_HTP,325905,0,660,-660
01/25/2019 01:55,SCH - PJM_NEPTUNE,325305,580,660,-660
01/25/2019 01:55,SCH - PJM_VFT,325658,315,315,-315
01/25/2019 01:55,SPR/DUN-SOUTH,23320,2545.88,4600,-9999
01/25/2019 01:55,TOTAL EAST,23314,4090.87,6800,-9999
01/25/2019 01:55,UPNY CONED,23315,1956.95,5700,-9999
01/25/2019 01:55,WEST CENTRAL,23312,888.7,9999,-9999
01/25/2019 02:00,CENTRAL EAST - VC,23330,2369.14,2620,-9999
01/25/2019 02:00,DYSINGER EAST,23326,1311.57,3150,-9999
01/25/2019 02:00,MOSES SOUTH,23319,1809.93,3000,-1600
01/25/2019 02:00,SCH - HQ - NY,23324,1232,1500,-1000
01/25/2019 02:00,SCH - HQ_CEDARS,325274,180,180,-100
01/25/2019 02:00,SCH - HQ_IMPORT_EXPORT,325376,1062,1310,-9999
01/25/2019 02:00,SCH - NE - NY,23318,-946.81,1400,-1800
01/25/2019 02:00,SCH - NPX_1385,325277,50,200,-200
01/25/2019 02:00,SCH - NPX_CSC,325154,0,0,0
01/25/2019 02:00,SCH - OH - NY,23317,1046.78,1700,-1700
01/25/2019 02:00,SCH - PJ - NY,23316,65.45,2000,-1300
01/25/2019 02:00,SCH - PJM_HTP,325905,0,660,-660
01/25/2019 02:00,SCH - PJM_NEPTUNE,325305,580,660,-660
01/25/2019 02:00,SCH - PJM_VFT,325658,315,315,-315
01/25/2019 02:00,SPR/DUN-SOUTH,23320,2549.95,4600,-9999
01/25/2019 02:00,TOTAL EAST,23314,4063.67,6800,-9999
01/25/2019 02:00,UPNY CONED,23315,1961.69,5700,-9999
01/25/2019 02:00,WEST CENTRAL,23312,915.64,9999,-9999
01/25/2019 02:05,CENTRAL EAST - VC,23330,2365.47,2620,-9999
01/25/2019 02:05,DYSINGER EAST,23326,1297.24,3150,-9999
01/25/2019 02:05,MOSES SOUTH,23319,1823.75,3000,-1600
01/25/2019 02:05,SCH - HQ - NY,23324,1244,1500,-1000
01/25/2019 02:05,SCH - HQ_CEDARS,325274,180,180,-100
01/25/2019 02:05,SCH - HQ_IMPORT_EXPORT,325376,1074,1310,-9999
01/25/2019 02:05,SCH - NE - NY,23318,-944.81,1400,-1800
01/25/2019 02:05,SCH - NPX_1385,325277,50,200,-200
01/25/2019 02:05,SCH - NPX_CSC,325154,0,0,0
01/25/2019 02:05,SCH - OH - NY,23317,1077.56,1700,-1700
01/25/2019 02:05,SCH - PJ - NY,23316,-3.37,2000,-1300
01/25/2019 02:05,SCH - PJM_HTP,325905,0,660,-660
01/25/2019 02:05,SCH - PJM_NEPTUNE,325305,580,660,-660
01/25/2019 02:05,SCH - PJM_VFT,325658,315,315,-315
01/25/2019 02:05,SPR/DUN-SOUTH,23320,2547.83,4600,-9999
01/25/2019 02:05,TOTAL EAST,23314,4037.51,6800,-9999
01/25/2019 02:05,UPNY CONED,23315,1951.59,5700,-9999
01/25/2019 02:05,WEST CENTRAL,23312,903.95,9999,-9999
01/25/2019 02:10,CENTRAL EAST - VC,23330,2358.26,2620,-9999
01/25/2019 02:10,DYSINGER EAST,23326,1304.55,3150,-9999
01/25/2019 02:10,MOSES SOUTH,23319,1812.33,3000,-1600
01/25/2019 02:10,SCH - HQ - NY,23324,1244,1500,-1000
01/25/2019 02:10,SCH - HQ_CEDARS,325274,180,180,-100
01/25/2019 02:10,SCH - HQ_IMPORT_EXPORT,325376,1074,1310,-9999
01/25/2019 02:10,SCH - NE - NY,23318,-944.81,1400,-1800
01/25/2019 02:10,SCH - NPX_1385,325277,50,200,-200
01/25/2019 02:10,SCH - NPX_CSC,325154,0,0,0
01/25/2019 02:10,SCH - OH - NY,23317,1077.62,1700,-1700
01/25/2019 02:10,SCH - PJ - NY,23316,-3.38,2000,-1300
01/25/2019 02:10,SCH - PJM_HTP,325905,0,660,-660
01/25/2019 02:10,SCH - PJM_NEPTUNE,325305,580,660,-660
01/25/2019 02:10,SCH - PJM_VFT,325658,315,315,-315
01/25/2019 02:10,SPR/DUN-SOUTH,23320,2547.07,4600,-9999
01/25/2019 02:10,TOTAL EAST,23314,4009.68,6800,-9999
01/25/2019 02:10,UPNY CONED,23315,1946.13,5700,-9999
01/25/2019 02:10,WEST CENTRAL,23312,911.72,9999,-9999
01/25/2019 02:15,CENTRAL EAST - VC,23330,2354.42,2620,-9999
01/25/2019 02:15,DYSINGER EAST,23326,1297.55,3150,-9999
01/25/2019 02:15,MOSES SOUTH,23319,1796.99,3000,-1600
01/25/2019 02:15,SCH - HQ - NY,23324,1244,1500,-1000
01/25/2019 02:15,SCH - HQ_CEDARS,325274,180,180,-100
01/25/2019 02:15,SCH - HQ_IMPORT_EXPORT,325376,1074,1310,-9999
01/25/2019 02:15,SCH - NE - NY,23318,-939.8,1400,-1800
01/25/2019 02:15,SCH - NPX_1385,325277,50,200,-200
01/25/2019 02:15,SCH - NPX_CSC,325154,0,0,0
01/25/2019 02:15,SCH - OH - NY,23317,1077.49,1700,-1700
01/25/2019 02:15,SCH - PJ - NY,23316,-6.46,2000,-1300
01/25/2019 02:15,SCH - PJM_HTP,325905,0,660,-660
01/25/2019 02:15,SCH - PJM_NEPTUNE,325305,580,660,-660
01/25/2019 02:15,SCH - PJM_VFT,325658,315,315,-315
01/25/2019 02:15,SPR/DUN-SOUTH,23320,2544.82,4600,-9999
01/25/2019 02:15,TOTAL EAST,23314,3986.63,6800,-9999
01/25/2019 02:15,UPNY CONED,23315,1942.95,5700,-9999
01/25/2019 02:15,WEST CENTRAL,23312,905.6,9999,-9999
01/25/2019 02:20,CENTRAL EAST - VC,23330,2355.48,2620,-9999
01/25/2019 02:20,DYSINGER EAST,23326,1302.52,3150,-9999
01/25/2019 02:20,MOSES SOUTH,23319,1787.17,3000,-1600
01/25/2019 02:20,SCH - HQ - NY,23324,1244,1500,-1000
01/25/2019 02:20,SCH - HQ_CEDARS,325274,180,180,-100
01/25/2019 02:20,SCH - HQ_IMPORT_EXPORT,325376,1074,1310,-9999
01/25/2019 02:20,SCH - NE - NY,23318,-935.8,1400,-1800
01/25/2019 02:20,SCH - NPX_1385,325277,50,200,-200
01/25/2019 02:20,SCH - NPX_CSC,325154,0,0,0
01/25/2019 02:20,SCH - OH - NY,23317,1077.5,1700,-1700
01/25/2019 02:20,SCH - PJ - NY,23316,-12.46,2000,-1300
01/25/2019 02:20,SCH - PJM_HTP,325905,0,660,-660
01/25/2019 02:20,SCH - PJM_NEPTUNE,325305,580,660,-660
01/25/2019 02:20,SCH - PJM_VFT,325658,315,315,-315
01/25/2019 02:20,SPR/DUN-SOUTH,23320,2546.65,4600,-9999
01/25/2019 02:20,TOTAL EAST,23314,3973.3,6800,-9999
01/25/2019 02:20,UPNY CONED,23315,1944.8,5700,-9999
01/25/2019 02:20,WEST CENTRAL,23312,910.5,9999,-9999
01/25/2019 02:25,CENTRAL EAST - VC,23330,2332.87,2620,-9999
01/25/2019 02:25,DYSINGER EAST,23326,1306.47,3150,-9999
01/25/2019 02:25,MOSES SOUTH,23319,1745.69,3000,-1600
01/25/2019 02:25,SCH - HQ - NY,23324,1244,1500,-1000
01/25/2019 02:25,SCH - HQ_CEDARS,325274,180,180,-100
01/25/2019 02:25,SCH - HQ_IMPORT_EXPORT,325376,1074,1310,-9999
01/25/2019 02:25,SCH - NE - NY,23318,-935.79,1400,-1800
01/25/2019 02:25,SCH - NPX_1385,325277,50,200,-200
01/25/2019 02:25,SCH - NPX_CSC,325154,0,0,0
01/25/2019 02:25,SCH - OH - NY,23317,1077.31,1700,-1700
01/25/2019 02:25,SCH - PJ - NY,23316,-12.38,2000,-1300
01/25/2019 02:25,SCH - PJM_HTP,325905,0,660,-660
01/25/2019 02:25,SCH - PJM_NEPTUNE,325305,580,660,-660
01/25/2019 02:25,SCH - PJM_VFT,325658,315,315,-315
01/25/2019 02:25,SPR/DUN-SOUTH,23320,2531.49,4600,-9999
01/25/2019 02:25,TOTAL EAST,23314,3972.59,6800,-9999
01/25/2019 02:25,UPNY CONED,23315,1927.26,5700,-9999
01/25/2019 02:25,WEST CENTRAL,23312,913.99,9999,-9999
01/25/2019 02:30,CENTRAL EAST - VC,23330,2287.86,2620,-9999
01/25/2019 02:30,DYSINGER EAST,23326,1238.51,3150,-9999
01/25/2019 02:30,MOSES SOUTH,23319,1745.42,3000,-1600
01/25/2019 02:30,SCH - HQ - NY,23324,1244,1500,-1000
01/25/2019 02:30,SCH - HQ_CEDARS,325274,180,180,-100
01/25/2019 02:30,SCH - HQ_IMPORT_EXPORT,325376,1074,1310,-9999
01/25/2019 02:30,SCH - NE - NY,23318,-851.81,1400,-1800
01/25/2019 02:30,SCH - NPX_1385,325277,50,200,-200
01/25/2019 02:30,SCH - NPX_CSC,325154,0,0,0
01/25/2019 02:30,SCH - OH - NY,23317,1077.3,1700,-1700
01/25/2019 02:30,SCH - PJ - NY,23316,-99.21,2000,-1300
01/25/2019 02:30,SCH - PJM_HTP,325905,0,660,-660
01/25/2019 02:30,SCH - PJM_NEPTUNE,325305,580,660,-660
01/25/2019 02:30,SCH - PJM_VFT,325658,315,315,-315
01/25/2019 02:30,SPR/DUN-SOUTH,23320,2521.68,4600,-9999
01/25/2019 02:30,TOTAL EAST,23314,3875.73,6800,-9999
01/25/2019 02:30,UPNY CONED,23315,1910.72,5700,-9999
01/25/2019 02:30,WEST CENTRAL,23312,848.08,9999,-9999
01/25/2019 02:35,CENTRAL EAST - VC,23330,2235.21,2620,-9999
01/25/2019 02:35,DYSINGER EAST,23326,1191.87,3150,-9999
01/25/2019 02:35,MOSES SOUTH,23319,1727.86,3000,-1600
01/25/2019 02:35,SCH - HQ - NY,23324,1244,1500,-1000
01/25/2019 02:35,SCH - HQ_CEDARS,325274,180,180,-100
01/25/2019 02:35,SCH - HQ_IMPORT_EXPORT,325376,1074,1310,-9999
01/25/2019 02:35,SCH - NE - NY,23318,-768.85,1400,-1800
01/25/2019 02:35,SCH - NPX_1385,325277,50,200,-200
01/25/2019 02:35,SCH - NPX_CSC,325154,0,0,0
01/25/2019 02:35,SCH - OH - NY,23317,1077.26,1700,-1700
01/25/2019 02:35,SCH - PJ - NY,23316,-184.06,2000,-1300
01/25/2019 02:35,SCH - PJM_HTP,325905,0,660,-660
01/25/2019 02:35,SCH - PJM_NEPTUNE,325305,580,660,-660
01/25/2019 02:35,SCH - PJM_VFT,325658,315,315,-315
01/25/2019 02:35,SPR/DUN-SOUTH,23320,2515.19,4600,-9999
01/25/2019 02:35,TOTAL EAST,23314,3784.2,6800,-9999
01/25/2019 02:35,UPNY CONED,23315,1901.98,5700,-9999
01/25/2019 02:35,WEST CENTRAL,23312,803.37,9999,-9999
01/25/2019 02:40,CENTRAL EAST - VC,23330,2224.27,2620,-9999
01/25/2019 02:40,DYSINGER EAST,23326,1215.06,3150,-9999
01/25/2019 02:40,MOSES SOUTH,23319,1707.03,3000,-1600
01/25/2019 02:40,SCH - HQ - NY,23324,1244,1500,-1000
01/25/2019 02:40,SCH - HQ_CEDARS,325274,180,180,-100
01/25/2019 02:40,SCH - HQ_IMPORT_EXPORT,325376,1074,1310,-9999
01/25/2019 02:40,SCH - NE - NY,23318,-768.86,1400,-1800
01/25/2019 02:40,SCH - NPX_1385,325277,50,200,-200
01/25/2019 02:40,SCH - NPX_CSC,325154,0,0,0
01/25/2019 02:40,SCH - OH - NY,23317,1077.37,1700,-1700
01/25/2019 02:40,SCH - PJ - NY,23316,-183.94,2000,-1300
01/25/2019 02:40,SCH - PJM_HTP,325905,0,660,-660
01/25/2019 02:40,SCH - PJM_NEPTUNE,325305,580,660,-660
01/25/2019 02:40,SCH - PJM_VFT,325658,315,315,-315
01/25/2019 02:40,SPR/DUN-SOUTH,23320,2519.33,4600,-9999
01/25/2019 02:40,TOTAL EAST,23314,3776.82,6800,-9999
01/25/2019 02:40,UPNY CONED,23315,1903.06,5700,-9999
01/25/2019 02:40,WEST CENTRAL,23312,824.77,9999,-9999
01/25/2019 02:45,CENTRAL EAST - VC,23330,2243.14,2560,-9999
01/25/2019 02:45,DYSINGER EAST,23326,1255.3,3150,-9999
01/25/2019 02:45,MOSES SOUTH,23319,1686.15,3000,-1600
01/25/2019 02:45,SCH - HQ - NY,23324,1244,1500,-1000
01/25/2019 02:45,SCH - HQ_CEDARS,325274,180,180,-100
01/25/2019 02:45,SCH - HQ_IMPORT_EXPORT,325376,1074,1310,-9999
01/25/2019 02:45,SCH - NE - NY,23318,-749.86,1400,-1800
01/25/2019 02:45,SCH - NPX_1385,325277,50,200,-200
01/25/2019 02:45,SCH - NPX_CSC,325154,0,0,0
01/25/2019 02:45,SCH - OH - NY,23317,1077.28,1700,-1700
01/25/2019 02:45,SCH - PJ - NY,23316,-186.13,2000,-1300
01/25/2019 02:45,SCH - PJM_HTP,325905,0,660,-660
01/25/2019 02:45,SCH - PJM_NEPTUNE,325305,580,660,-660
01/25/2019 02:45,SCH - PJM_VFT,325658,315,315,-315
01/25/2019 02:45,SPR/DUN-SOUTH,23320,2537.41,4600,-9999
01/25/2019 02:45,TOTAL EAST,23314,3749.23,6800,-9999
01/25/2019 02:45,UPNY CONED,23315,1921.88,5700,-9999
01/25/2019 02:45,WEST CENTRAL,23312,863.79,9999,-9999
01/25/2019 02:50,CENTRAL EAST - VC,23330,2235.53,2560,-9999
01/25/2019 02:50,DYSINGER EAST,23326,1192.37,3150,-9999
01/25/2019 02:50,MOSES SOUTH,23319,1687.54,3000,-1600
01/25/2019 02:50,SCH - HQ - NY,23324,1244,1500,-1000
01/25/2019 02:50,SCH - HQ_CEDARS,325274,180,180,-100
01/25/2019 02:50,SCH - HQ_IMPORT_EXPORT,325376,1074,1310,-9999
01/25/2019 02:50,SCH - NE - NY,23318,-731.86,1400,-1800
01/25/2019 02:50,SCH - NPX_1385,325277,50,200,-200
01/25/2019 02:50,SCH - NPX_CSC,325154,0,0,0
01/25/2019 02:50,SCH - OH - NY,23317,1077.26,1700,-1700
01/25/2019 02:50,SCH - PJ - NY,23316,-184.3,2000,-1300
01/25/2019 02:50,SCH - PJM_HTP,325905,0,660,-660
01/25/2019 02:50,SCH - PJM_NEPTUNE,325305,580,660,-660
01/25/2019 02:50,SCH - PJM_VFT,325658,315,315,-315
01/25/2019 02:50,SPR/DUN-SOUTH,23320,2532.02,4600,-9999
01/25/2019 02:50,TOTAL EAST,23314,3718.19,6800,-9999
01/25/2019 02:50,UPNY CONED,23315,1914.33,5700,-9999
01/25/2019 02:50,WEST CENTRAL,23312,803.84,9999,-9999
01/25/2019 02:55,CENTRAL EAST - VC,23330,2216.95,2560,-9999
01/25/2019 02:55,DYSINGER EAST,23326,1121.62,3150,-9999
01/25/2019 02:55,MOSES SOUTH,23319,1686.3,3000,-1600
01/25/2019 02:55,SCH - HQ - NY,23324,1244,1500,-1000
01/25/2019 02:55,SCH - HQ_CEDARS,325274,180,180,-100
01/25/2019 02:55,SCH - HQ_IMPORT_EXPORT,325376,1074,1310,-9999
01/25/2019 02:55,SCH - NE - NY,23318,-731.86,1400,-1800
01/25/2019 02:55,SCH - NPX_1385,325277,50,200,-200
01/25/2019 02:55,SCH - NPX_CSC,325154,0,0,0
01/25/2019 02:55,SCH - OH - NY,23317,1077.14,1700,-1700
01/25/2019 02:55,SCH - PJ - NY,23316,-184.35,2000,-1300
01/25/2019 02:55,SCH - PJM_HTP,325905,0,660,-660
01/25/2019 02:55,SCH - PJM_NEPTUNE,325305,580,660,-660
01/25/2019 02:55,SCH - PJM_VFT,325658,315,315,-315
01/25/2019 02:55,SPR/DUN-SOUTH,23320,2513.06,4600,-9999
01/25/2019 02:55,TOTAL EAST,23314,3709.2,6800,-9999
01/25/2019 02:55,UPNY CONED,23315,1891.91,5700,-9999
01/25/2019 02:55,WEST CENTRAL,23312,737.98,9999,-9999
01/25/2019 03:00,CENTRAL EAST - VC,23330,2249.98,2560,-9999
01/25/2019 03:00,DYSINGER EAST,23326,1182.49,3150,-9999
01/25/2019 03:00,MOSES SOUTH,23319,1694.9,3000,-1600
01/25/2019 03:00,SCH - HQ - NY,23324,1244,1500,-1000
01/25/2019 03:00,SCH - HQ_CEDARS,325274,180,180,-100
01/25/2019 03:00,SCH - HQ_IMPORT_EXPORT,325376,1074,1310,-9999
01/25/2019 03:00,SCH - NE - NY,23318,-762.85,1400,-1800
01/25/2019 03:00,SCH - NPX_1385,325277,50,200,-200
01/25/2019 03:00,SCH - NPX_CSC,325154,0,0,0
01/25/2019 03:00,SCH - OH - NY,23317,1076.24,1700,-1700
01/25/2019 03:00,SCH - PJ - NY,23316,-157.31,2000,-1300
01/25/2019 03:00,SCH - PJM_HTP,325905,0,660,-660
01/25/2019 03:00,SCH - PJM_NEPTUNE,325305,580,660,-660
01/25/2019 03:00,SCH - PJM_VFT,325658,315,315,-315
01/25/2019 03:00,SPR/DUN-SOUTH,23320,2515.06,4600,-9999
01/25/2019 03:00,TOTAL EAST,23314,3751.07,6800,-9999
01/25/2019 03:00,UPNY CONED,23315,1886.27,5700,-9999
01/25/2019 03:00,WEST CENTRAL,23312,796.79,9999,-9999
01/25/2019 03:05,CENTRAL EAST - VC,23330,2247.04,2560,-9999
01/25/2019 03:05,DYSINGER EAST,23326,1214.48,3150,-9999
01/25/2019 03:05,MOSES SOUTH,23319,1672.47,3000,-1600
01/25/2019 03:05,SCH - HQ - NY,23324,1244,1500,-1000
01/25/2019 03:05,SCH - HQ_CEDARS,325274,180,180,-100
01/25/2019 03:05,SCH - HQ_IMPORT_EXPORT,325376,1074,1310,-9999
01/25/2019 03:05,SCH - NE - NY,23318,-793.84,1400,-1800
01/25/2019 03:05,SCH - NPX_1385,325277,50,200,-200
01/25/2019 03:05,SCH - NPX_CSC,325154,0,0,0
01/25/2019 03:05,SCH - OH - NY,23317,1075.13,1700,-1700
01/25/2019 03:05,SCH - PJ - NY,23316,-133.22,2000,-1300
01/25/2019 03:05,SCH - PJM_HTP,325905,0,660,-660
01/25/2019 03:05,SCH - PJM_NEPTUNE,325305,580,660,-660
01/25/2019 03:05,SCH - PJM_VFT,325658,315,315,-315
01/25/2019 03:05,SPR/DUN-SOUTH,23320,2501,4600,-9999
01/25/2019 03:05,TOTAL EAST,23314,3782.02,6800,-9999
01/25/2019 03:05,UPNY CONED,23315,1871.09,5700,-9999
01/25/2019 03:05,WEST CENTRAL,23312,826.25,9999,-9999
01/25/2019 03:10,CENTRAL EAST - VC,23330,2248.71,2560,-9999
01/25/2019 03:10,DYSINGER EAST,23326,1199.5,3150,-9999
01/25/2019 03:10,MOSES SOUTH,23319,1681.36,3000,-1600
01/25/2019 03:10,SCH - HQ - NY,23324,1244,1500,-1000
01/25/2019 03:10,SCH - HQ_CEDARS,325274,180,180,-100
01/25/2019 03:10,SCH - HQ_IMPORT_EXPORT,325376,1074,1310,-9999
01/25/2019 03:10,SCH - NE - NY,23318,-793.84,1400,-1800
01/25/2019 03:10,SCH - NPX_1385,325277,50,200,-200
01/25/2019 03:10,SCH - NPX_CSC,325154,0,0,0
01/25/2019 03:10,SCH - OH - NY,23317,1075.1,1700,-1700
01/25/2019 03:10,SCH - PJ - NY,23316,-129.34,2000,-1300
01/25/2019 03:10,SCH - PJM_HTP,325905,0,660,-660
01/25/2019 03:10,SCH - PJM_NEPTUNE,325305,580,660,-660
01/25/2019 03:10,SCH - PJM_VFT,325658,315,315,-315
01/25/2019 03:10,SPR/DUN-SOUTH,23320,2501.03,4600,-9999
01/25/2019 03:10,TOTAL EAST,23314,3770.95,6800,-9999
01/25/2019 03:10,UPNY CONED,23315,1867.02,5700,-9999
01/25/2019 03:10,WEST CENTRAL,23312,810.33,9999,-9999
01/25/2019 03:15,CENTRAL EAST - VC,23330,2232.94,2560,-9999
01/25/2019 03:15,DYSINGER EAST,23326,1169.01,3150,-9999
01/25/2019 03:15,MOSES SOUTH,23319,1706.64,3000,-1600
01/25/2019 03:15,SCH - HQ - NY,23324,1244,1500,-1000
01/25/2019 03:15,SCH - HQ_CEDARS,325274,180,180,-100
01/25/2019 03:15,SCH - HQ_IMPORT_EXPORT,325376,1074,1310,-9999
01/25/2019 03:15,SCH - NE - NY,23318,-771.84,1400,-1800
01/25/2019 03:15,SCH - NPX_1385,325277,50,200,-200
01/25/2019 03:15,SCH - NPX_CSC,325154,0,0,0
01/25/2019 03:15,SCH - OH - NY,23317,1075.3,1700,-1700
01/25/2019 03:15,SCH - PJ - NY,23316,-153.2,2000,-1300
01/25/2019 03:15,SCH - PJM_HTP,325905,0,660,-660
01/25/2019 03:15,SCH - PJM_NEPTUNE,325305,580,660,-660
01/25/2019 03:15,SCH - PJM_VFT,325658,315,315,-315
01/25/2019 03:15,SPR/DUN-SOUTH,23320,2491.83,4600,-9999
01/25/2019 03:15,TOTAL EAST,23314,3741.84,6800,-9999
01/25/2019 03:15,UPNY CONED,23315,1853.96,5700,-9999
01/25/2019 03:15,WEST CENTRAL,23312,783.82,9999,-9999
01/25/2019 03:20,CENTRAL EAST - VC,23330,2243.02,2560,-9999
01/25/2019 03:20,DYSINGER EAST,23326,1214.47,3150,-9999
01/25/2019 03:20,MOSES SOUTH,23319,1712.37,3000,-1600
01/25/2019 03:20,SCH - HQ - NY,23324,1244,1500,-1000
01/25/2019 03:20,SCH - HQ_CEDARS,325274,180,180,-100
01/25/2019 03:20,SCH - HQ_IMPORT_EXPORT,325376,1074,1310,-9999
01/25/2019 03:20,SCH - NE - NY,23318,-749.85,1400,-1800
01/25/2019 03:20,SCH - NPX_1385,325277,50,200,-200
01/25/2019 03:20,SCH - NPX_CSC,325154,0,0,0
01/25/2019 03:20,SCH - OH - NY,23317,1075.46,1700,-1700
01/25/2019 03:20,SCH - PJ - NY,23316,-177.14,2000,-1300
01/25/2019 03:20,SCH - PJM_HTP,325905,0,660,-660
01/25/2019 03:20,SCH - PJM_NEPTUNE,325305,580,660,-660
01/25/2019 03:20,SCH - PJM_VFT,325658,315,315,-315
01/25/2019 03:20,SPR/DUN-SOUTH,23320,2502.01,4600,-9999
01/25/2019 03:20,TOTAL EAST,23314,3719.01,6800,-9999
01/25/2019 03:20,UPNY CONED,23315,1868.24,5700,-9999
01/25/2019 03:20,WEST CENTRAL,23312,827.61,9999,-9999
01/25/2019 03:25,CENTRAL EAST - VC,23330,2242.47,2560,-9999
01/25/2019 03:25,DYSINGER EAST,23326,1217.84,3150,-9999
01/25/2019 03:25,MOSES SOUTH,23319,1710.8,3000,-1600
01/25/2019 03:25,SCH - HQ - NY,23324,1244,1500,-1000
01/25/2019 03:25,SCH - HQ_CEDARS,325274,180,180,-100
01/25/2019 03:25,SCH - HQ_IMPORT_EXPORT,325376,1074,1310,-9999
01/25/2019 03:25,SCH - NE - NY,23318,-749.84,1400,-1800
01/25/2019 03:25,SCH - NPX_1385,325277,50,200,-200
01/25/2019 03:25,SCH - NPX_CSC,325154,0,0,0
01/25/2019 03:25,SCH - OH - NY,23317,1075.43,1700,-1700
01/25/2019 03:25,SCH - PJ - NY,23316,-178.06,2000,-1300
01/25/2019 03:25,SCH - PJM_HTP,325905,0,660,-660
01/25/2019 03:25,SCH - PJM_NEPTUNE,325305,580,660,-660
01/25/2019 03:25,SCH - PJM_VFT,325658,315,315,-315
01/25/2019 03:25,SPR/DUN-SOUTH,23320,2492.78,4600,-9999
01/25/2019 03:25,TOTAL EAST,23314,3730.46,6800,-9999
01/25/2019 03:25,UPNY CONED,23315,1866.2,5700,-9999
01/25/2019 03:25,WEST CENTRAL,23312,830.12,9999,-9999
01/25/2019 03:30,CENTRAL EAST - VC,23330,2247.48,2560,-9999
01/25/2019 03:30,DYSINGER EAST,23326,1216.23,3150,-9999
01/25/2019 03:30,MOSES SOUTH,23319,1707.24,3000,-1600
01/25/2019 03:30,SCH - HQ - NY,23324,1244,1500,-1000
01/25/2019 03:30,SCH - HQ_CEDARS,325274,180,180,-100
01/25/2019 03:30,SCH - HQ_IMPORT_EXPORT,325376,1074,1310,-9999
01/25/2019 03:30,SCH - NE - NY,23318,-749.84,1400,-1800
01/25/2019 03:30,SCH - NPX_1385,325277,50,200,-200
01/25/2019 03:30,SCH - NPX_CSC,325154,0,0,0
01/25/2019 03:30,SCH - OH - NY,23317,1075.42,1700,-1700
01/25/2019 03:30,SCH - PJ - NY,23316,-152.15,2000,-1300
01/25/2019 03:30,SCH - PJM_HTP,325905,0,660,-660
01/25/2019 03:30,SCH - PJM_NEPTUNE,325305,580,660,-660
01/25/2019 03:30,SCH - PJM_VFT,325658,315,315,-315
01/25/2019 03:30,SPR/DUN-SOUTH,23320,2497.77,4600,-9999
01/25/2019 03:30,TOTAL EAST,23314,3735.81,6800,-9999
01/25/2019 03:30,UPNY CONED,23315,1875.5,5700,-9999
01/25/2019 03:30,WEST CENTRAL,23312,828.13,9999,-9999
01/25/2019 03:35,CENTRAL EAST - VC,23330,2249.26,2560,-9999
01/25/2019 03:35,DYSINGER EAST,23326,1174.05,3150,-9999
01/25/2019 03:35,MOSES SOUTH,23319,1715.58,3000,-1600
01/25/2019 03:35,SCH - HQ - NY,23324,1244,1500,-1000
01/25/2019 03:35,SCH - HQ_CEDARS,325274,180,180,-100
01/25/2019 03:35,SCH - HQ_IMPORT_EXPORT,325376,1074,1310,-9999
01/25/2019 03:35,SCH - NE - NY,23318,-749.84,1400,-1800
01/25/2019 03:35,SCH - NPX_1385,325277,50,200,-200
01/25/2019 03:35,SCH - NPX_CSC,325154,0,0,0
01/25/2019 03:35,SCH - OH - NY,23317,1075.33,1700,-1700
01/25/2019 03:35,SCH - PJ - NY,23316,-129.32,2000,-1300
01/25/2019 03:35,SCH - PJM_HTP,325905,0,660,-660
01/25/2019 03:35,SCH - PJM_NEPTUNE,325305,580,660,-660
01/25/2019 03:35,SCH - PJM_VFT,325658,315,315,-315
01/25/2019 03:35,SPR/DUN-SOUTH,23320,2501.55,4600,-9999
01/25/2019 03:35,TOTAL EAST,23314,3739.27,6800,-9999
01/25/2019 03:35,UPNY CONED,23315,1880.5,5700,-9999
01/25/2019 03:35,WEST CENTRAL,23312,786.25,9999,-9999
01/25/2019 03:40,CENTRAL EAST - VC,23330,2226.25,2560,-9999
01/25/2019 03:40,DYSINGER EAST,23326,1150,3150,-9999
01/25/2019 03:40,MOSES SOUTH,23319,1704.6,3000,-1600
01/25/2019 03:40,SCH - HQ - NY,23324,1244,1500,-1000
01/25/2019 03:40,SCH - HQ_CEDARS,325274,180,180,-100
01/25/2019 03:40,SCH - HQ_IMPORT_EXPORT,325376,1074,1310,-9999
01/25/2019 03:40,SCH - NE - NY,23318,-749.85,1400,-1800
01/25/2019 03:40,SCH - NPX_1385,325277,50,200,-200
01/25/2019 03:40,SCH - NPX_CSC,325154,0,0,0
01/25/2019 03:40,SCH - OH - NY,23317,1075.28,1700,-1700
01/25/2019 03:40,SCH - PJ - NY,23316,-131.3,2000,-1300
01/25/2019 03:40,SCH - PJM_HTP,325905,0,660,-660
01/25/2019 03:40,SCH - PJM_NEPTUNE,325305,580,660,-660
01/25/2019 03:40,SCH - PJM_VFT,325658,315,315,-315
01/25/2019 03:40,SPR/DUN-SOUTH,23320,2485.37,4600,-9999
01/25/2019 03:40,TOTAL EAST,23314,3723.05,6800,-9999
01/25/2019 03:40,UPNY CONED,23315,1859.1,5700,-9999
01/25/2019 03:40,WEST CENTRAL,23312,762.78,9999,-9999
01/25/2019 03:45,CENTRAL EAST - VC,23330,2277.55,2560,-9999
01/25/2019 03:45,DYSINGER EAST,23326,1198.36,3150,-9999
01/25/2019 03:45,MOSES SOUTH,23319,1726.1,3000,-1600
01/25/2019 03:45,SCH - HQ - NY,23324,1244,1500,-1000
01/25/2019 03:45,SCH - HQ_CEDARS,325274,180,180,-100
01/25/2019 03:45,SCH - HQ_IMPORT_EXPORT,325376,1074,1310,-9999
01/25/2019 03:45,SCH - NE - NY,23318,-749.84,1400,-1800
01/25/2019 03:45,SCH - NPX_1385,325277,50,200,-200
01/25/2019 03:45,SCH - NPX_CSC,325154,0,0,0
01/25/2019 03:45,SCH - OH - NY,23317,1075.43,1700,-1700
01/25/2019 03:45,SCH - PJ - NY,23316,-117.47,2000,-1300
01/25/2019 03:45,SCH - PJM_HTP,325905,0,660,-660
01/25/2019 03:45,SCH - PJM_NEPTUNE,325305,580,660,-660
01/25/2019 03:45,SCH - PJM_VFT,325658,315,315,-315
01/25/2019 03:45,SPR/DUN-SOUTH,23320,2515.82,4600,-9999
01/25/2019 03:45,TOTAL EAST,23314,3737.02,6800,-9999
01/25/2019 03:45,UPNY CONED,23315,1897.2,5700,-9999
01/25/2019 03:45,WEST CENTRAL,23312,806.47,9999,-9999
01/25/2019 03:50,CENTRAL EAST - VC,23330,2251.1,2560,-9999
01/25/2019 03:50,DYSINGER EAST,23326,1176.14,3150,-9999
01/25/2019 03:50,MOSES SOUTH,23319,1693.72,3000,-1600
01/25/2019 03:50,SCH - HQ - NY,23324,1244,1500,-1000
01/25/2019 03:50,SCH - HQ_CEDARS,325274,180,180,-100
01/25/2019 03:50,SCH - HQ_IMPORT_EXPORT,325376,1074,1310,-9999
01/25/2019 03:50,SCH - NE - NY,23318,-749.84,1400,-1800
01/25/2019 03:50,SCH - NPX_1385,325277,50,200,-200
01/25/2019 03:50,SCH - NPX_CSC,325154,0,0,0
01/25/2019 03:50,SCH - OH - NY,23317,1075.31,1700,-1700
01/25/2019 03:50,SCH - PJ - NY,23316,-108.4,2000,-1300
01/25/2019 03:50,SCH - PJM_HTP,325905,0,660,-660
01/25/2019 03:50,SCH - PJM_NEPTUNE,325305,580,660,-660
01/25/2019 03:50,SCH - PJM_VFT,325658,315,315,-315
01/25/2019 03:50,SPR/DUN-SOUTH,23320,2495.1,4600,-9999
01/25/2019 03:50,TOTAL EAST,23314,3734.52,6800,-9999
01/25/2019 03:50,UPNY CONED,23315,1866.82,5700,-9999
01/25/2019 03:50,WEST CENTRAL,23312,783.15,9999,-9999
01/25/2019 03:55,CENTRAL EAST - VC,23330,2274.4,2560,-9999
01/25/2019 03:55,DYSINGER EAST,23326,1206.46,3150,-9999
01/25/2019 03:55,MOSES SOUTH,23319,1714.69,3000,-1600
01/25/2019 03:55,SCH - HQ - NY,23324,1244,1500,-1000
01/25/2019 03:55,SCH - HQ_CEDARS,325274,180,180,-100
01/25/2019 03:55,SCH - HQ_IMPORT_EXPORT,325376,1074,1310,-9999
01/25/2019 03:55,SCH - NE - NY,23318,-749.84,1400,-1800
01/25/2019 03:55,SCH - NPX_1385,325277,50,200,-200
01/25/2019 03:55,SCH - NPX_CSC,325154,0,0,0
01/25/2019 03:55,SCH - OH - NY,23317,1075.53,1700,-1700
01/25/2019 03:55,SCH - PJ - NY,23316,-109.37,2000,-1300
01/25/2019 03:55,SCH - PJM_HTP,325905,0,660,-660
01/25/2019 03:55,SCH - PJM_NEPTUNE,325305,580,660,-660
01/25/2019 03:55,SCH - PJM_VFT,325658,315,315,-315
01/25/2019 03:55,SPR/DUN-SOUTH,23320,2494.55,4600,-9999
01/25/2019 03:55,TOTAL EAST,23314,3747.68,6800,-9999
01/25/2019 03:55,UPNY CONED,23315,1879.65,5700,-9999
01/25/2019 03:55,WEST CENTRAL,23312,813.74,9999,-9999
01/25/2019 04:00,CENTRAL EAST - VC,23330,2284.76,2560,-9999
01/25/2019 04:00,DYSINGER EAST,23326,1239.61,3150,-9999
01/25/2019 04:00,MOSES SOUTH,23319,1709.85,3000,-1600
01/25/2019 04:00,SCH - HQ - NY,23324,1244,1500,-1000
01/25/2019 04:00,SCH - HQ_CEDARS,325274,180,180,-100
01/25/2019 04:00,SCH - HQ_IMPORT_EXPORT,325376,1074,1310,-9999
01/25/2019 04:00,SCH - NE - NY,23318,-749.84,1400,-1800
01/25/2019 04:00,SCH - NPX_1385,325277,50,200,-200
01/25/2019 04:00,SCH - NPX_CSC,325154,0,0,0
01/25/2019 04:00,SCH - OH - NY,23317,1087.55,1700,-1700
01/25/2019 04:00,SCH - PJ - NY,23316,-147.13,2000,-1300
01/25/2019 04:00,SCH - PJM_HTP,325905,0,660,-660
01/25/2019 04:00,SCH - PJM_NEPTUNE,325305,580,660,-660
01/25/2019 04:00,SCH - PJM_VFT,325658,315,315,-315
01/25/2019 04:00,SPR/DUN-SOUTH,23320,2501.91,4600,-9999
01/25/2019 04:00,TOTAL EAST,23314,3762.33,6800,-9999
01/25/2019 04:00,UPNY CONED,23315,1888.1,5700,-9999
01/25/2019 04:00,WEST CENTRAL,23312,843.88,9999,-9999
01/25/2019 04:05,CENTRAL EAST - VC,23330,2275.2,2560,-9999
01/25/2019 04:05,DYSINGER EAST,23326,1231.55,3150,-9999
01/25/2019 04:05,MOSES SOUTH,23319,1687.39,3000,-1600
01/25/2019 04:05,SCH - HQ - NY,23324,1245,1500,-1000
01/25/2019 04:05,SCH - HQ_CEDARS,325274,180,180,-100
01/25/2019 04:05,SCH - HQ_IMPORT_EXPORT,325376,1075,1310,-9999
01/25/2019 04:05,SCH - NE - NY,23318,-749.84,1400,-1800
01/25/2019 04:05,SCH - NPX_1385,325277,50,200,-200
01/25/2019 04:05,SCH - NPX_CSC,325154,0,0,0
01/25/2019 04:05,SCH - OH - NY,23317,1099.4,1700,-1700
01/25/2019 04:05,SCH - PJ - NY,23316,-184.91,2000,-1300
01/25/2019 04:05,SCH - PJM_HTP,325905,0,660,-660
01/25/2019 04:05,SCH - PJM_NEPTUNE,325305,580,660,-660
01/25/2019 04:05,SCH - PJM_VFT,325658,315,315,-315
01/25/2019 04:05,SPR/DUN-SOUTH,23320,2503.84,4600,-9999
01/25/2019 04:05,TOTAL EAST,23314,3783.13,6800,-9999
01/25/2019 04:05,UPNY CONED,23315,1896,5700,-9999
01/25/2019 04:05,WEST CENTRAL,23312,832.63,9999,-9999
01/25/2019 04:10,CENTRAL EAST - VC,23330,2260.88,2560,-9999
01/25/2019 04:10,DYSINGER EAST,23326,1206.09,3150,-9999
01/25/2019 04:10,MOSES SOUTH,23319,1675.91,3000,-1600
01/25/2019 04:10,SCH - HQ - NY,23324,1245,1500,-1000
01/25/2019 04:10,SCH - HQ_CEDARS,325274,180,180,-100
01/25/2019 04:10,SCH - HQ_IMPORT_EXPORT,325376,1075,1310,-9999
01/25/2019 04:10,SCH - NE - NY,23318,-749.85,1400,-1800
01/25/2019 04:10,SCH - NPX_1385,325277,50,200,-200
01/25/2019 04:10,SCH - NPX_CSC,325154,0,0,0
01/25/2019 04:10,SCH - OH - NY,23317,1099.3,1700,-1700
01/25/2019 04:10,SCH - PJ - NY,23316,-185.83,2000,-1300
01/25/2019 04:10,SCH - PJM_HTP,325905,0,660,-660
01/25/2019 04:10,SCH - PJM_NEPTUNE,325305,580,660,-660
01/25/2019 04:10,SCH - PJM_VFT,325658,315,315,-315
01/25/2019 04:10,SPR/DUN-SOUTH,23320,2504.94,4600,-9999
01/25/2019 04:10,TOTAL EAST,23314,3792.87,6800,-9999
01/25/2019 04:10,UPNY CONED,23315,1902.54,5700,-9999
01/25/2019 04:10,WEST CENTRAL,23312,805.99,9999,-9999
01/25/2019 04:15,CENTRAL EAST - VC,23330,2257.19,2600,-9999
01/25/2019 04:15,DYSINGER EAST,23326,1142.25,3150,-9999
01/25/2019 04:15,MOSES SOUTH,23319,1671.01,3000,-1600
01/25/2019 04:15,SCH - HQ - NY,23324,1245,1500,-1000
01/25/2019 04:15,SCH - HQ_CEDARS,325274,180,180,-100
01/25/2019 04:15,SCH - HQ_IMPORT_EXPORT,325376,1075,1310,-9999
01/25/2019 04:15,SCH - NE - NY,23318,-766.84,1400,-1800
01/25/2019 04:15,SCH - NPX_1385,325277,50,200,-200
01/25/2019 04:15,SCH - NPX_CSC,325154,0,0,0
01/25/2019 04:15,SCH - OH - NY,23317,1099.36,1700,-1700
01/25/2019 04:15,SCH - PJ - NY,23316,-107.03,2000,-1300
01/25/2019 04:15,SCH - PJM_HTP,325905,0,660,-660
01/25/2019 04:15,SCH - PJM_NEPTUNE,325305,580,660,-660
01/25/2019 04:15,SCH - PJM_VFT,325658,315,315,-315
01/25/2019 04:15,SPR/DUN-SOUTH,23320,2495.27,4600,-9999
01/25/2019 04:15,TOTAL EAST,23314,3822.94,6800,-9999
01/25/2019 04:15,UPNY CONED,23315,1903.36,5700,-9999
01/25/2019 04:15,WEST CENTRAL,23312,741.56,9999,-9999
01/25/2019 04:20,CENTRAL EAST - VC,23330,2228.21,2600,-9999
01/25/2019 04:20,DYSINGER EAST,23326,1094.64,3150,-9999
01/25/2019 04:20,MOSES SOUTH,23319,1645.27,3000,-1600
01/25/2019 04:20,SCH - HQ - NY,23324,1245,1500,-1000
01/25/2019 04:20,SCH - HQ_CEDARS,325274,180,180,-100
01/25/2019 04:20,SCH - HQ_IMPORT_EXPORT,325376,1075,1310,-9999
01/25/2019 04:20,SCH - NE - NY,23318,-784.84,1400,-1800
01/25/2019 04:20,SCH - NPX_1385,325277,50,200,-200
01/25/2019 04:20,SCH - NPX_CSC,325154,0,0,0
01/25/2019 04:20,SCH - OH - NY,23317,1099.27,1700,-1700
01/25/2019 04:20,SCH - PJ - NY,23316,-31.13,2000,-1300
01/25/2019 04:20,SCH - PJM_HTP,325905,0,660,-660
01/25/2019 04:20,SCH - PJM_NEPTUNE,325305,580,660,-660
01/25/2019 04:20,SCH - PJM_VFT,325658,315,315,-315
01/25/2019 04:20,SPR/DUN-SOUTH,23320,2475.94,4600,-9999
01/25/2019 04:20,TOTAL EAST,23314,3846.68,6800,-9999
01/25/2019 04:20,UPNY CONED,23315,1887.9,5700,-9999
01/25/2019 04:20,WEST CENTRAL,23312,692.74,9999,-9999
01/25/2019 04:25,CENTRAL EAST - VC,23330,2343.57,2600,-9999
01/25/2019 04:25,DYSINGER EAST,23326,1239.13,3150,-9999
01/25/2019 04:25,MOSES SOUTH,23319,1638.63,3000,-1600
01/25/2019 04:25,SCH - HQ - NY,23324,1245,1500,-1000
01/25/2019 04:25,SCH - HQ_CEDARS,325274,180,180,-100
01/25/2019 04:25,SCH - HQ_IMPORT_EXPORT,325376,1075,1310,-9999
01/25/2019 04:25,SCH - NE - NY,23318,-784.84,1400,-1800
01/25/2019 04:25,SCH - NPX_1385,325277,50,200,-200
01/25/2019 04:25,SCH - NPX_CSC,325154,0,0,0
01/25/2019 04:25,SCH - OH - NY,23317,1099.12,1700,-1700
01/25/2019 04:25,SCH - PJ - NY,23316,-30.52,2000,-1300
01/25/2019 04:25,SCH - PJM_HTP,325905,0,660,-660
01/25/2019 04:25,SCH - PJM_NEPTUNE,325305,580,660,-660
01/25/2019 04:25,SCH - PJM_VFT,325658,315,315,-315
01/25/2019 04:25,SPR/DUN-SOUTH,23320,2562.5,4600,-9999
01/25/2019 04:25,TOTAL EAST,23314,3901.54,6800,-9999
01/25/2019 04:25,UPNY CONED,23315,1980.61,5700,-9999
01/25/2019 04:25,WEST CENTRAL,23312,828.68,9999,-9999
01/25/2019 04:30,CENTRAL EAST - VC,23330,2318.75,2600,-9999
01/25/2019 04:30,DYSINGER EAST,23326,1175,3150,-9999
01/25/2019 04:30,MOSES SOUTH,23319,1594.4,3000,-1600
01/25/2019 04:30,SCH - HQ - NY,23324,1245,1500,-1000
01/25/2019 04:30,SCH - HQ_CEDARS,325274,180,180,-100
01/25/2019 04:30,SCH - HQ_IMPORT_EXPORT,325376,1075,1310,-9999
01/25/2019 04:30,SCH - NE - NY,23318,-780.84,1400,-1800
01/25/2019 04:30,SCH - NPX_1385,325277,50,200,-200
01/25/2019 04:30,SCH - NPX_CSC,325154,0,0,0
01/25/2019 04:30,SCH - OH - NY,23317,1098.85,1700,-1700
01/25/2019 04:30,SCH - PJ - NY,23316,-19.63,2000,-1300
01/25/2019 04:30,SCH - PJM_HTP,325905,0,660,-660
01/25/2019 04:30,SCH - PJM_NEPTUNE,325305,580,660,-660
01/25/2019 04:30,SCH - PJM_VFT,325658,315,315,-315
01/25/2019 04:30,SPR/DUN-SOUTH,23320,2561.79,4600,-9999
01/25/2019 04:30,TOTAL EAST,23314,3871.67,6800,-9999
01/25/2019 04:30,UPNY CONED,23315,1950.72,5700,-9999
01/25/2019 04:30,WEST CENTRAL,23312,761.05,9999,-9999
01/25/2019 04:35,CENTRAL EAST - VC,23330,2322.18,2600,-9999
01/25/2019 04:35,DYSINGER EAST,23326,1209.93,3150,-9999
01/25/2019 04:35,MOSES SOUTH,23319,1587.19,3000,-1600
01/25/2019 04:35,SCH - HQ - NY,23324,1245,1500,-1000
01/25/2019 04:35,SCH - HQ_CEDARS,325274,180,180,-100
01/25/2019 04:35,SCH - HQ_IMPORT_EXPORT,325376,1075,1310,-9999
01/25/2019 04:35,SCH - NE - NY,23318,-777.84,1400,-1800
01/25/2019 04:35,SCH - NPX_1385,325277,50,200,-200
01/25/2019 04:35,SCH - NPX_CSC,325154,0,0,0
01/25/2019 04:35,SCH - OH - NY,23317,1099.05,1700,-1700
01/25/2019 04:35,SCH - PJ - NY,23316,-11.43,2000,-1300
01/25/2019 04:35,SCH - PJM_HTP,325905,0,660,-660
01/25/2019 04:35,SCH - PJM_NEPTUNE,325305,580,660,-660
01/25/2019 04:35,SCH - PJM_VFT,325658,315,315,-315
01/25/2019 04:35,SPR/DUN-SOUTH,23320,2569.42,4600,-9999
01/25/2019 04:35,TOTAL EAST,23314,3903.92,6800,-9999
01/25/2019 04:35,UPNY CONED,23315,1969.87,5700,-9999
01/25/2019 04:35,WEST CENTRAL,23312,790.51,9999,-9999
01/25/2019 04:40,CENTRAL EAST - VC,23330,2342.31,2600,-9999
01/25/2019 04:40,DYSINGER EAST,23326,1218.82,3150,-9999
01/25/2019 04:40,MOSES SOUTH,23319,1593.29,3000,-1600
01/25/2019 04:40,SCH - HQ - NY,23324,1245,1500,-1000
01/25/2019 04:40,SCH - HQ_CEDARS,325274,180,180,-100
01/25/2019 04:40,SCH - HQ_IMPORT_EXPORT,325376,1075,1310,-9999
01/25/2019 04:40,SCH - NE - NY,23318,-777.84,1400,-1800
01/25/2019 04:40,SCH - NPX_1385,325277,50,200,-200
01/25/2019 04:40,SCH - NPX_CSC,325154,0,0,0
01/25/2019 04:40,SCH - OH - NY,23317,1099.16,1700,-1700
01/25/2019 04:40,SCH - PJ - NY,23316,-15.42,2000,-1300
01/25/2019 04:40,SCH - PJM_HTP,325905,0,660,-660
01/25/2019 04:40,SCH - PJM_NEPTUNE,325305,580,660,-660
01/25/2019 04:40,SCH - PJM_VFT,325658,315,315,-315
01/25/2019 04:40,SPR/DUN-SOUTH,23320,2567.59,4600,-9999
01/25/2019 04:40,TOTAL EAST,23314,3924.39,6800,-9999
01/25/2019 04:40,UPNY CONED,23315,1967.94,5700,-9999
01/25/2019 04:40,WEST CENTRAL,23312,795.34,9999,-9999
01/25/2019 04:45,CENTRAL EAST - VC,23330,2359.68,2600,-9999
01/25/2019 04:45,DYSINGER EAST,23326,1154.02,3150,-9999
01/25/2019 04:45,MOSES SOUTH,23319,1605.96,3000,-1600
01/25/2019 04:45,SCH - HQ - NY,23324,1245,1500,-1000
01/25/2019 04:45,SCH - HQ_CEDARS,325274,180,180,-100
01/25/2019 04:45,SCH - HQ_IMPORT_EXPORT,325376,1075,1310,-9999
01/25/2019 04:45,SCH - NE - NY,23318,-865.81,1400,-1800
01/25/2019 04:45,SCH - NPX_1385,325277,50,200,-200
01/25/2019 04:45,SCH - NPX_CSC,325154,0,0,0
01/25/2019 04:45,SCH - OH - NY,23317,1099.33,1700,-1700
01/25/2019 04:45,SCH - PJ - NY,23316,125.33,2000,-1300
01/25/2019 04:45,SCH - PJM_HTP,325905,0,660,-660
01/25/2019 04:45,SCH - PJM_NEPTUNE,325305,580,660,-660
01/25/2019 04:45,SCH - PJM_VFT,325658,315,315,-315
01/25/2019 04:45,SPR/DUN-SOUTH,23320,2564.92,4600,-9999
01/25/2019 04:45,TOTAL EAST,23314,4025.81,6800,-9999
01/25/2019 04:45,UPNY CONED,23315,1977.64,5700,-9999
01/25/2019 04:45,WEST CENTRAL,23312,730.33,9999,-9999
01/25/2019 04:50,CENTRAL EAST - VC,23330,2387.19,2600,-9999
01/25/2019 04:50,DYSINGER EAST,23326,1174.11,3150,-9999
01/25/2019 04:50,MOSES SOUTH,23319,1594.29,3000,-1600
01/25/2019 04:50,SCH - HQ - NY,23324,1245,1500,-1000
01/25/2019 04:50,SCH - HQ_CEDARS,325274,180,180,-100
01/25/2019 04:50,SCH - HQ_IMPORT_EXPORT,325376,1075,1310,-9999
01/25/2019 04:50,SCH - NE - NY,23318,-954.78,1400,-1800
01/25/2019 04:50,SCH - NPX_1385,325277,50,200,-200
01/25/2019 04:50,SCH - NPX_CSC,325154,0,0,0
01/25/2019 04:50,SCH - OH - NY,23317,1099.33,1700,-1700
01/25/2019 04:50,SCH - PJ - NY,23316,259.07,2000,-1300
01/25/2019 04:50,SCH - PJM_HTP,325905,0,660,-660
01/25/2019 04:50,SCH - PJM_NEPTUNE,325305,580,660,-660
01/25/2019 04:50,SCH - PJM_VFT,325658,315,315,-315
01/25/2019 04:50,SPR/DUN-SOUTH,23320,2530.34,4600,-9999
01/25/2019 04:50,TOTAL EAST,23314,4117.72,6800,-9999
01/25/2019 04:50,UPNY CONED,23315,1962.36,5700,-9999
01/25/2019 04:50,WEST CENTRAL,23312,741.79,9999,-9999
01/25/2019 04:55,CENTRAL EAST - VC,23330,2399.3,2600,-9999
01/25/2019 04:55,DYSINGER EAST,23326,1169.53,3150,-9999
01/25/2019 04:55,MOSES SOUTH,23319,1576.84,3000,-1600
01/25/2019 04:55,SCH - HQ - NY,23324,1245,1500,-1000
01/25/2019 04:55,SCH - HQ_CEDARS,325274,180,180,-100
01/25/2019 04:55,SCH - HQ_IMPORT_EXPORT,325376,1075,1310,-9999
01/25/2019 04:55,SCH - NE - NY,23318,-954.78,1400,-1800
01/25/2019 04:55,SCH - NPX_1385,325277,50,200,-200
01/25/2019 04:55,SCH - NPX_CSC,325154,0,0,0
01/25/2019 04:55,SCH - OH - NY,23317,1099.08,1700,-1700
01/25/2019 04:55,SCH - PJ - NY,23316,261.01,2000,-1300
01/25/2019 04:55,SCH - PJM_HTP,325905,0,660,-660
01/25/2019 04:55,SCH - PJM_NEPTUNE,325305,580,660,-660
01/25/2019 04:55,SCH - PJM_VFT,325658,315,315,-315
01/25/2019 04:55,SPR/DUN-SOUTH,23320,2529.37,4600,-9999
01/25/2019 04:55,TOTAL EAST,23314,4141.4,6800,-9999
01/25/2019 04:55,UPNY CONED,23315,1974.8,5700,-9999
01/25/2019 04:55,WEST CENTRAL,23312,726.27,9999,-9999
01/25/2019 05:00,CENTRAL EAST - VC,23330,2341.31,2600,-9999
01/25/2019 05:00,DYSINGER EAST,23326,988.66,3150,-9999
01/25/2019 05:00,MOSES SOUTH,23319,1628.48,3000,-1600
01/25/2019 05:00,SCH - HQ - NY,23324,1293,1500,-1000
01/25/2019 05:00,SCH - HQ_CEDARS,325274,180,180,-100
01/25/2019 05:00,SCH - HQ_IMPORT_EXPORT,325376,1123,1310,-9999
01/25/2019 05:00,SCH - NE - NY,23318,-804.83,1400,-1800
01/25/2019 05:00,SCH - NPX_1385,325277,24,200,-200
01/25/2019 05:00,SCH - NPX_CSC,325154,0,330,-330
01/25/2019 05:00,SCH - OH - NY,23317,1075.25,1700,-1700
01/25/2019 05:00,SCH - PJ - NY,23316,150.99,2000,-1300
01/25/2019 05:00,SCH - PJM_HTP,325905,0,660,-660
01/25/2019 05:00,SCH - PJM_NEPTUNE,325305,580,660,-660
01/25/2019 05:00,SCH - PJM_VFT,325658,315,315,-315
01/25/2019 05:00,SPR/DUN-SOUTH,23320,2541.64,4600,-9999
01/25/2019 05:00,TOTAL EAST,23314,4021.87,6800,-9999
01/25/2019 05:00,UPNY CONED,23315,2012.09,5700,-9999
01/25/2019 05:00,WEST CENTRAL,23312,544.38,9999,-9999
01/25/2019 05:05,CENTRAL EAST - VC,23330,2319.03,2600,-9999
01/25/2019 05:05,DYSINGER EAST,23326,995.57,3150,-9999
01/25/2019 05:05,MOSES SOUTH,23319,1683.87,3000,-1600
01/25/2019 05:05,SCH - HQ - NY,23324,1341,1500,-1000
01/25/2019 05:05,SCH - HQ_CEDARS,325274,180,180,-100
01/25/2019 05:05,SCH - HQ_IMPORT_EXPORT,325376,1171,1310,-9999
01/25/2019 05:05,SCH - NE - NY,23318,-654.89,1400,-1800
01/25/2019 05:05,SCH - NPX_1385,325277,-2,200,-200
01/25/2019 05:05,SCH - NPX_CSC,325154,0,330,-330
01/25/2019 05:05,SCH - OH - NY,23317,1051.53,1700,-1700
01/25/2019 05:05,SCH - PJ - NY,23316,44.22,2000,-1300
01/25/2019 05:05,SCH - PJM_HTP,325905,0,660,-660
01/25/2019 05:05,SCH - PJM_NEPTUNE,325305,580,660,-660
01/25/2019 05:05,SCH - PJM_VFT,325658,315,315,-315
01/25/2019 05:05,SPR/DUN-SOUTH,23320,2579.87,4600,-9999
01/25/2019 05:05,TOTAL EAST,23314,3968.19,6800,-9999
01/25/2019 05:05,UPNY CONED,23315,2100.08,5700,-9999
01/25/2019 05:05,WEST CENTRAL,23312,541.31,9999,-9999
01/25/2019 05:10,CENTRAL EAST - VC,23330,2332.23,2600,-9999
01/25/2019 05:10,DYSINGER EAST,23326,1140.19,3150,-9999
01/25/2019 05:10,MOSES SOUTH,23319,1642.91,3000,-1600
01/25/2019 05:10,SCH - HQ - NY,23324,1341,1500,-1000
01/25/2019 05:10,SCH - HQ_CEDARS,325274,180,180,-100
01/25/2019 05:10,SCH - HQ_IMPORT_EXPORT,325376,1171,1310,-9999
01/25/2019 05:10,SCH - NE - NY,23318,-654.89,1400,-1800
01/25/2019 05:10,SCH - NPX_1385,325277,-2,200,-200
01/25/2019 05:10,SCH - NPX_CSC,325154,0,330,-330
01/25/2019 05:10,SCH - OH - NY,23317,1051.46,1700,-1700
01/25/2019 05:10,SCH - PJ - NY,23316,45.54,2000,-1300
01/25/2019 05:10,SCH - PJM_HTP,325905,0,660,-660
01/25/2019 05:10,SCH - PJM_NEPTUNE,325305,580,660,-660
01/25/2019 05:10,SCH - PJM_VFT,325658,315,315,-315
01/25/2019 05:10,SPR/DUN-SOUTH,23320,2588.12,4600,-9999
01/25/2019 05:10,TOTAL EAST,23314,4020.87,6800,-9999
01/25/2019 05:10,UPNY CONED,23315,2121.96,5700,-9999
01/25/2019 05:10,WEST CENTRAL,23312,667.89,9999,-9999
01/25/2019 05:15,CENTRAL EAST - VC,23330,2359.37,2690,-9999
01/25/2019 05:15,DYSINGER EAST,23326,1149.12,3150,-9999
01/25/2019 05:15,MOSES SOUTH,23319,1670.64,3000,-1600
01/25/2019 05:15,SCH - HQ - NY,23324,1341,1500,-1000
01/25/2019 05:15,SCH - HQ_CEDARS,325274,180,180,-100
01/25/2019 05:15,SCH - HQ_IMPORT_EXPORT,325376,1171,1310,-9999
01/25/2019 05:15,SCH - NE - NY,23318,-624.88,1400,-1800
01/25/2019 05:15,SCH - NPX_1385,325277,-2,200,-200
01/25/2019 05:15,SCH - NPX_CSC,325154,0,330,-330
01/25/2019 05:15,SCH - OH - NY,23317,1051.65,1700,-1700
01/25/2019 05:15,SCH - PJ - NY,23316,68.66,2000,-1300
01/25/2019 05:15,SCH - PJM_HTP,325905,0,660,-660
01/25/2019 05:15,SCH - PJM_NEPTUNE,325305,580,660,-660
01/25/2019 05:15,SCH - PJM_VFT,325658,315,315,-315
01/25/2019 05:15,SPR/DUN-SOUTH,23320,2634.82,4600,-9999
01/25/2019 05:15,TOTAL EAST,23314,4051.04,6800,-9999
01/25/2019 05:15,UPNY CONED,23315,2171.36,5700,-9999
01/25/2019 05:15,WEST CENTRAL,23312,670.2,9999,-9999
01/25/2019 05:20,CENTRAL EAST - VC,23330,2380.51,2690,-9999
01/25/2019 05:20,DYSINGER EAST,23326,1132.86,3150,-9999
01/25/2019 05:20,MOSES SOUTH,23319,1661.53,3000,-1600
01/25/2019 05:20,SCH - HQ - NY,23324,1341,1500,-1000
01/25/2019 05:20,SCH - HQ_CEDARS,325274,180,180,-100
01/25/2019 05:20,SCH - HQ_IMPORT_EXPORT,325376,1171,1310,-9999
01/25/2019 05:20,SCH - NE - NY,23318,-589.7,1400,-1800
01/25/2019 05:20,SCH - NPX_1385,325277,-2,200,-200
01/25/2019 05:20,SCH - NPX_CSC,325154,0,330,-330
01/25/2019 05:20,SCH - OH - NY,23317,1051.47,1700,-1700
01/25/2019 05:20,SCH - PJ - NY,23316,87.31,2000,-1300
01/25/2019 05:20,SCH - PJM_HTP,325905,0,660,-660
01/25/2019 05:20,SCH - PJM_NEPTUNE,325305,580,660,-660
01/25/2019 05:20,SCH - PJM_VFT,325658,315,315,-315
01/25/2019 05:20,SPR/DUN-SOUTH,23320,2662.4,4600,-9999
01/25/2019 05:20,TOTAL EAST,23314,4077.34,6800,-9999
01/25/2019 05:20,UPNY CONED,23315,2221.25,5700,-9999
01/25/2019 05:20,WEST CENTRAL,23312,647.71,9999,-9999
01/25/2019 05:25,CENTRAL EAST - VC,23330,2363.09,2690,-9999
01/25/2019 05:25,DYSINGER EAST,23326,1074.73,3150,-9999
01/25/2019 05:25,MOSES SOUTH,23319,1651.92,3000,-1600
01/25/2019 05:25,SCH - HQ - NY,23324,1341,1500,-1000
01/25/2019 05:25,SCH - HQ_CEDARS,325274,180,180,-100
01/25/2019 05:25,SCH - HQ_IMPORT_EXPORT,325376,1171,1310,-9999
01/25/2019 05:25,SCH - NE - NY,23318,-589.45,1400,-1800
01/25/2019 05:25,SCH - NPX_1385,325277,-2,200,-200
01/25/2019 05:25,SCH - NPX_CSC,325154,0,330,-330
01/25/2019 05:25,SCH - OH - NY,23317,1051.34,1700,-1700
01/25/2019 05:25,SCH - PJ - NY,23316,87.15,2000,-1300
01/25/2019 05:25,SCH - PJM_HTP,325905,0,660,-660
01/25/2019 05:25,SCH - PJM_NEPTUNE,325305,580,660,-660
01/25/2019 05:25,SCH - PJM_VFT,325658,315,315,-315
01/25/2019 05:25,SPR/DUN-SOUTH,23320,2650.91,4600,-9999
01/25/2019 05:25,TOTAL EAST,23314,4131.25,6800,-9999
01/25/2019 05:25,UPNY CONED,23315,2228.43,5700,-9999
01/25/2019 05:25,WEST CENTRAL,23312,586.06,9999,-9999
01/25/2019 05:30,CENTRAL EAST - VC,23330,2327.81,2690,-9999
01/25/2019 05:30,DYSINGER EAST,23326,1034.66,3150,-9999
01/25/2019 05:30,MOSES SOUTH,23319,1665.57,3000,-1600
01/25/2019 05:30,SCH - HQ - NY,23324,1341,1500,-1000
01/25/2019 05:30,SCH - HQ_CEDARS,325274,180,180,-100
01/25/2019 05:30,SCH - HQ_IMPORT_EXPORT,325376,1171,1310,-9999
01/25/2019 05:30,SCH - NE - NY,23318,-603.32,1400,-1800
01/25/2019 05:30,SCH - NPX_1385,325277,-2,200,-200
01/25/2019 05:30,SCH - NPX_CSC,325154,0,330,-330
01/25/2019 05:30,SCH - OH - NY,23317,1051.57,1700,-1700
01/25/2019 05:30,SCH - PJ - NY,23316,173.83,2000,-1300
01/25/2019 05:30,SCH - PJM_HTP,325905,0,660,-660
01/25/2019 05:30,SCH - PJM_NEPTUNE,325305,580,660,-660
01/25/2019 05:30,SCH - PJM_VFT,325658,315,315,-315
01/25/2019 05:30,SPR/DUN-SOUTH,23320,2661.22,4600,-9999
01/25/2019 05:30,TOTAL EAST,23314,4127.02,6800,-9999
01/25/2019 05:30,UPNY CONED,23315,2255.68,5700,-9999
01/25/2019 05:30,WEST CENTRAL,23312,539.25,9999,-9999
01/25/2019 05:35,CENTRAL EAST - VC,23330,2391.72,2690,-9999
01/25/2019 05:35,DYSINGER EAST,23326,1196.31,3150,-9999
01/25/2019 05:35,MOSES SOUTH,23319,1652.69,3000,-1600
01/25/2019 05:35,SCH - HQ - NY,23324,1341,1500,-1000
01/25/2019 05:35,SCH - HQ_CEDARS,325274,180,180,-100
01/25/2019 05:35,SCH - HQ_IMPORT_EXPORT,325376,1171,1310,-9999
01/25/2019 05:35,SCH - NE - NY,23318,-618.31,1400,-1800
01/25/2019 05:35,SCH - NPX_1385,325277,-2,200,-200
01/25/2019 05:35,SCH - NPX_CSC,325154,0,330,-330
01/25/2019 05:35,SCH - OH - NY,23317,1051.55,1700,-1700
01/25/2019 05:35,SCH - PJ - NY,23316,257.86,2000,-1300
01/25/2019 05:35,SCH - PJM_HTP,325905,0,660,-660
01/25/2019 05:35,SCH - PJM_NEPTUNE,325305,580,660,-660
01/25/2019 05:35,SCH - PJM_VFT,325658,315,315,-315
01/25/2019 05:35,SPR/DUN-SOUTH,23320,2712.23,4600,-9999
01/25/2019 05:35,TOTAL EAST,23314,4251.49,6800,-9999
01/25/2019 05:35,UPNY CONED,23315,2338.81,5700,-9999
01/25/2019 05:35,WEST CENTRAL,23312,683.15,9999,-9999
01/25/2019 05:40,CENTRAL EAST - VC,23330,2465.34,2690,-9999
01/25/2019 05:40,DYSINGER EAST,23326,1344.37,3150,-9999
01/25/2019 05:40,MOSES SOUTH,23319,1646.09,3000,-1600
01/25/2019 05:40,SCH - HQ - NY,23324,1341,1500,-1000
01/25/2019 05:40,SCH - HQ_CEDARS,325274,180,180,-100
01/25/2019 05:40,SCH - HQ_IMPORT_EXPORT,325376,1171,1310,-9999
01/25/2019 05:40,SCH - NE - NY,23318,-618.37,1400,-1800
01/25/2019 05:40,SCH - NPX_1385,325277,-2,200,-200
01/25/2019 05:40,SCH - NPX_CSC,325154,0,330,-330
01/25/2019 05:40,SCH - OH - NY,23317,1051.56,1700,-1700
01/25/2019 05:40,SCH - PJ - NY,23316,254.85,2000,-1300
01/25/2019 05:40,SCH - PJM_HTP,325905,0,660,-660
01/25/2019 05:40,SCH - PJM_NEPTUNE,325305,580,660,-660
01/25/2019 05:40,SCH - PJM_VFT,325658,315,315,-315
01/25/2019 05:40,SPR/DUN-SOUTH,23320,2770.27,4600,-9999
01/25/2019 05:40,TOTAL EAST,23314,4313.17,6800,-9999
01/25/2019 05:40,UPNY CONED,23315,2406.84,5700,-9999
01/25/2019 05:40,WEST CENTRAL,23312,813.91,9999,-9999
01/25/2019 05:45,CENTRAL EAST - VC,23330,2438.14,2690,-9999
01/25/2019 05:45,DYSINGER EAST,23326,1242.11,3150,-9999
01/25/2019 05:45,MOSES SOUTH,23319,1662.21,3000,-1600
01/25/2019 05:45,SCH - HQ - NY,23324,1341,1500,-1000
01/25/2019 05:45,SCH - HQ_CEDARS,325274,180,180,-100
01/25/2019 05:45,SCH - HQ_IMPORT_EXPORT,325376,1171,1310,-9999
01/25/2019 05:45,SCH - NE - NY,23318,-639.15,1400,-1800
01/25/2019 05:45,SCH - NPX_1385,325277,-2,200,-200
01/25/2019 05:45,SCH - NPX_CSC,325154,0,330,-330
01/25/2019 05:45,SCH - OH - NY,23317,1051.7,1700,-1700
01/25/2019 05:45,SCH - PJ - NY,23316,254.7,2000,-1300
01/25/2019 05:45,SCH - PJM_HTP,325905,0,660,-660
01/25/2019 05:45,SCH - PJM_NEPTUNE,325305,620,660,-660
01/25/2019 05:45,SCH - PJM_VFT,325658,315,315,-315
01/25/2019 05:45,SPR/DUN-SOUTH,23320,2768.99,4600,-9999
01/25/2019 05:45,TOTAL EAST,23314,4325.8,6800,-9999
01/25/2019 05:45,UPNY CONED,23315,2360.12,5700,-9999
01/25/2019 05:45,WEST CENTRAL,23312,707.77,9999,-9999
01/25/2019 05:50,CENTRAL EAST - VC,23330,2433.19,2690,-9999
01/25/2019 05:50,DYSINGER EAST,23326,1242.44,3150,-9999
01/25/2019 05:50,MOSES SOUTH,23319,1660.58,3000,-1600
01/25/2019 05:50,SCH - HQ - NY,23324,1341,1500,-1000
01/25/2019 05:50,SCH - HQ_CEDARS,325274,180,180,-100
01/25/2019 05:50,SCH - HQ_IMPORT_EXPORT,325376,1171,1310,-9999
01/25/2019 05:50,SCH - NE - NY,23318,-661.85,1400,-1800
01/25/2019 05:50,SCH - NPX_1385,325277,-2,200,-200
01/25/2019 05:50,SCH - NPX_CSC,325154,0,330,-330
01/25/2019 05:50,SCH - OH - NY,23317,1051.67,1700,-1700
01/25/2019 05:50,SCH - PJ - NY,23316,255.32,2000,-1300
01/25/2019 05:50,SCH - PJM_HTP,325905,0,660,-660
01/25/2019 05:50,SCH - PJM_NEPTUNE,325305,660,660,-660
01/25/2019 05:50,SCH - PJM_VFT,325658,315,315,-315
01/25/2019 05:50,SPR/DUN-SOUTH,23320,2796.72,4600,-9999
01/25/2019 05:50,TOTAL EAST,23314,4270.94,6800,-9999
01/25/2019 05:50,UPNY CONED,23315,2363.55,5700,-9999
01/25/2019 05:50,WEST CENTRAL,23312,703.11,9999,-9999
01/25/2019 05:55,CENTRAL EAST - VC,23330,2378.2,2690,-9999
01/25/2019 05:55,DYSINGER EAST,23326,1221.07,3150,-9999
01/25/2019 05:55,MOSES SOUTH,23319,1666.39,3000,-1600
01/25/2019 05:55,SCH - HQ - NY,23324,1341,1500,-1000
01/25/2019 05:55,SCH - HQ_CEDARS,325274,180,180,-100
01/25/2019 05:55,SCH - HQ_IMPORT_EXPORT,325376,1171,1310,-9999
01/25/2019 05:55,SCH - NE - NY,23318,-661.8,1400,-1800
01/25/2019 05:55,SCH - NPX_1385,325277,-2,200,-200
01/25/2019 05:55,SCH - NPX_CSC,325154,0,330,-330
01/25/2019 05:55,SCH - OH - NY,23317,1051.77,1700,-1700
01/25/2019 05:55,SCH - PJ - NY,23316,255.42,2000,-1300
01/25/2019 05:55,SCH - PJM_HTP,325905,0,660,-660
01/25/2019 05:55,SCH - PJM_NEPTUNE,325305,660,660,-660
01/25/2019 05:55,SCH - PJM_VFT,325658,315,315,-315
01/25/2019 05:55,SPR/DUN-SOUTH,23320,2823.1,4600,-9999
01/25/2019 05:55,TOTAL EAST,23314,4222.75,6800,-9999
01/25/2019 05:55,UPNY CONED,23315,2392.66,5700,-9999
01/25/2019 05:55,WEST CENTRAL,23312,674.19,9999,-9999
01/25/2019 06:00,CENTRAL EAST - VC,23330,2237.89,2690,-9999
01/25/2019 06:00,DYSINGER EAST,23326,1105.95,3150,-9999
01/25/2019 06:00,MOSES SOUTH,23319,1578.57,3000,-1600
01/25/2019 06:00,SCH - HQ - NY,23324,1308,1500,-1000
01/25/2019 06:00,SCH - HQ_CEDARS,325274,180,180,-100
01/25/2019 06:00,SCH - HQ_IMPORT_EXPORT,325376,1138,1310,-9999
01/25/2019 06:00,SCH - NE - NY,23318,-805.87,1400,-1800
01/25/2019 06:00,SCH - NPX_1385,325277,-11,200,-200
01/25/2019 06:00,SCH - NPX_CSC,325154,25,330,-330
01/25/2019 06:00,SCH - OH - NY,23317,1050.6,1700,-1700
01/25/2019 06:00,SCH - PJ - NY,23316,208.67,2000,-1300
01/25/2019 06:00,SCH - PJM_HTP,325905,0,660,-660
01/25/2019 06:00,SCH - PJM_NEPTUNE,325305,620,660,-660
01/25/2019 06:00,SCH - PJM_VFT,325658,315,315,-315
01/25/2019 06:00,SPR/DUN-SOUTH,23320,2873.48,4600,-9999
01/25/2019 06:00,TOTAL EAST,23314,3822.7,6800,-9999
01/25/2019 06:00,UPNY CONED,23315,2495.87,5700,-9999
01/25/2019 06:00,WEST CENTRAL,23312,552.82,9999,-9999
01/25/2019 06:05,CENTRAL EAST - VC,23330,2426.48,2690,-9999
01/25/2019 06:05,DYSINGER EAST,23326,1280.09,3150,-9999
01/25/2019 06:05,MOSES SOUTH,23319,1541.92,3000,-1600
01/25/2019 06:05,SCH - HQ - NY,23324,1276,1500,-1000
01/25/2019 06:05,SCH - HQ_CEDARS,325274,180,180,-100
01/25/2019 06:05,SCH - HQ_IMPORT_EXPORT,325376,1106,1310,-9999
01/25/2019 06:05,SCH - NE - NY,23318,-955.82,1400,-1800
01/25/2019 06:05,SCH - NPX_1385,325277,-20,200,-200
01/25/2019 06:05,SCH - NPX_CSC,325154,50,330,-330
01/25/2019 06:05,SCH - OH - NY,23317,1049.46,1700,-1700
01/25/2019 06:05,SCH - PJ - NY,23316,167.5,2000,-1300
01/25/2019 06:05,SCH - PJM_HTP,325905,0,660,-660
01/25/2019 06:05,SCH - PJM_NEPTUNE,325305,580,660,-660
01/25/2019 06:05,SCH - PJM_VFT,325658,315,315,-315
01/25/2019 06:05,SPR/DUN-SOUTH,23320,2955.76,4600,-9999
01/25/2019 06:05,TOTAL EAST,23314,4081.61,6800,-9999
01/25/2019 06:05,UPNY CONED,23315,2651.7,5700,-9999
01/25/2019 06:05,WEST CENTRAL,23312,708.7,9999,-9999
01/25/2019 06:10,CENTRAL EAST - VC,23330,2403.46,2690,-9999
01/25/2019 06:10,DYSINGER EAST,23326,1259.18,3150,-9999
01/25/2019 06:10,MOSES SOUTH,23319,1584.81,3000,-1600
01/25/2019 06:10,SCH - HQ - NY,23324,1276,1500,-1000
01/25/2019 06:10,SCH - HQ_CEDARS,325274,180,180,-100
01/25/2019 06:10,SCH - HQ_IMPORT_EXPORT,325376,1106,1310,-9999
01/25/2019 06:10,SCH - NE - NY,23318,-955.81,1400,-1800
01/25/2019 06:10,SCH - NPX_1385,325277,-20,200,-200
01/25/2019 06:10,SCH - NPX_CSC,325154,50,330,-330
01/25/2019 06:10,SCH - OH - NY,23317,1049.72,1700,-1700
01/25/2019 06:10,SCH - PJ - NY,23316,167.89,2000,-1300
01/25/2019 06:10,SCH - PJM_HTP,325905,0,660,-660
01/25/2019 06:10,SCH - PJM_NEPTUNE,325305,580,660,-660
01/25/2019 06:10,SCH - PJM_VFT,325658,315,315,-315
01/25/2019 06:10,SPR/DUN-SOUTH,23320,2912.89,4600,-9999
01/25/2019 06:10,TOTAL EAST,23314,4100.14,6800,-9999
01/25/2019 06:10,UPNY CONED,23315,2632.25,5700,-9999
01/25/2019 06:10,WEST CENTRAL,23312,669.6,9999,-9999
01/25/2019 06:15,CENTRAL EAST - VC,23330,2495.81,2690,-9999
01/25/2019 06:15,DYSINGER EAST,23326,1429.91,3150,-9999
01/25/2019 06:15,MOSES SOUTH,23319,1598.21,3000,-1600
01/25/2019 06:15,SCH - HQ - NY,23324,1276,1500,-1000
01/25/2019 06:15,SCH - HQ_CEDARS,325274,180,180,-100
01/25/2019 06:15,SCH - HQ_IMPORT_EXPORT,325376,1106,1310,-9999
01/25/2019 06:15,SCH - NE - NY,23318,-1105.8,1400,-1800
01/25/2019 06:15,SCH - NPX_1385,325277,-20,200,-200
01/25/2019 06:15,SCH - NPX_CSC,325154,50,330,-330
01/25/2019 06:15,SCH - OH - NY,23317,1047.35,1700,-1700
01/25/2019 06:15,SCH - PJ - NY,23316,235.21,2000,-1300
01/25/2019 06:15,SCH - PJM_HTP,325905,0,660,-660
01/25/2019 06:15,SCH - PJM_NEPTUNE,325305,620,660,-660
01/25/2019 06:15,SCH - PJM_VFT,325658,315,315,-315
01/25/2019 06:15,SPR/DUN-SOUTH,23320,2978.72,4600,-9999
01/25/2019 06:15,TOTAL EAST,23314,4225.44,6800,-9999
01/25/2019 06:15,UPNY CONED,23315,2671.74,5700,-9999
01/25/2019 06:15,WEST CENTRAL,23312,828.55,9999,-9999
01/25/2019 06:20,CENTRAL EAST - VC,23330,2590.23,2690,-9999
01/25/2019 06:20,DYSINGER EAST,23326,1485.11,3150,-9999
01/25/2019 06:20,MOSES SOUTH,23319,1612.6,3000,-1600
01/25/2019 06:20,SCH - HQ - NY,23324,1276,1500,-1000
01/25/2019 06:20,SCH - HQ_CEDARS,325274,180,180,-100
01/25/2019 06:20,SCH - HQ_IMPORT_EXPORT,325376,1106,1310,-9999
01/25/2019 06:20,SCH - NE - NY,23318,-1255.74,1400,-1800
01/25/2019 06:20,SCH - NPX_1385,325277,-20,200,-200
01/25/2019 06:20,SCH - NPX_CSC,325154,50,330,-330
01/25/2019 06:20,SCH - OH - NY,23317,1050.22,1700,-1700
01/25/2019 06:20,SCH - PJ - NY,23316,291.5,2000,-1300
01/25/2019 06:20,SCH - PJM_HTP,325905,0,660,-660
01/25/2019 06:20,SCH - PJM_NEPTUNE,325305,660,660,-660
01/25/2019 06:20,SCH - PJM_VFT,325658,315,315,-315
01/25/2019 06:20,SPR/DUN-SOUTH,23320,2957.29,4600,-9999
01/25/2019 06:20,TOTAL EAST,23314,4357.62,6800,-9999
01/25/2019 06:20,UPNY CONED,23315,2636.75,5700,-9999
01/25/2019 06:20,WEST CENTRAL,23312,873.52,9999,-9999
01/25/2019 06:25,CENTRAL EAST - VC,23330,2604.45,2780,-9999
01/25/2019 06:25,DYSINGER EAST,23326,1439.04,3150,-9999
01/25/2019 06:25,MOSES SOUTH,23319,1661.29,3000,-1600
01/25/2019 06:25,SCH - HQ - NY,23324,1276,1500,-1000
01/25/2019 06:25,SCH - HQ_CEDARS,325274,180,180,-100
01/25/2019 06:25,SCH - HQ_IMPORT_EXPORT,325376,1106,1310,-9999
01/25/2019 06:25,SCH - NE - NY,23318,-1255.76,1400,-1800
01/25/2019 06:25,SCH - NPX_1385,325277,-20,200,-200
01/25/2019 06:25,SCH - NPX_CSC,325154,50,330,-330
01/25/2019 06:25,SCH - OH - NY,23317,1048.23,1700,-1700
01/25/2019 06:25,SCH - PJ - NY,23316,295,2000,-1300
01/25/2019 06:25,SCH - PJM_HTP,325905,0,660,-660
01/25/2019 06:25,SCH - PJM_NEPTUNE,325305,660,660,-660
01/25/2019 06:25,SCH - PJM_VFT,325658,315,315,-315
01/25/2019 06:25,SPR/DUN-SOUTH,23320,3017.51,4600,-9999
01/25/2019 06:25,TOTAL EAST,23314,4581.28,6800,-9999
01/25/2019 06:25,UPNY CONED,23315,2732.03,5700,-9999
01/25/2019 06:25,WEST CENTRAL,23312,821.88,9999,-9999
01/25/2019 06:30,CENTRAL EAST - VC,23330,2652.88,2780,-9999
01/25/2019 06:30,DYSINGER EAST,23326,1494.45,3150,-9999
01/25/2019 06:30,MOSES SOUTH,23319,1641.52,3000,-1600
01/25/2019 06:30,SCH - HQ - NY,23324,1276,1500,-1000
01/25/2019 06:30,SCH - HQ_CEDARS,325274,180,180,-100
01/25/2019 06:30,SCH - HQ_IMPORT_EXPORT,325376,1106,1310,-9999
01/25/2019 06:30,SCH - NE - NY,23318,-1405.73,1400,-1800
01/25/2019 06:30,SCH - NPX_1385,325277,-20,200,-200
01/25/2019 06:30,SCH - NPX_CSC,325154,50,330,-330
01/25/2019 06:30,SCH - OH - NY,23317,1045.67,1700,-1700
01/25/2019 06:30,SCH - PJ - NY,23316,327.23,2000,-1300
01/25/2019 06:30,SCH - PJM_HTP,325905,0,660,-660
01/25/2019 06:30,SCH - PJM_NEPTUNE,325305,660,660,-660
01/25/2019 06:30,SCH - PJM_VFT,325658,315,315,-315
01/25/2019 06:30,SPR/DUN-SOUTH,23320,2929.44,4600,-9999
01/25/2019 06:30,TOTAL EAST,23314,4678.88,6800,-9999
01/25/2019 06:30,UPNY CONED,23315,2671.14,5700,-9999
01/25/2019 06:30,WEST CENTRAL,23312,872.81,9999,-9999
01/25/2019 06:35,CENTRAL EAST - VC,23330,2658.62,2780,-9999
01/25/2019 06:35,DYSINGER EAST,23326,1574.97,3150,-9999
01/25/2019 06:35,MOSES SOUTH,23319,1632.5,3000,-1600
01/25/2019 06:35,SCH - HQ - NY,23324,1276,1500,-1000
01/25/2019 06:35,SCH - HQ_CEDARS,325274,180,180,-100
01/25/2019 06:35,SCH - HQ_IMPORT_EXPORT,325376,1106,1310,-9999
01/25/2019 06:35,SCH - NE - NY,23318,-1555.68,1400,-1800
01/25/2019 06:35,SCH - NPX_1385,325277,-20,200,-200
01/25/2019 06:35,SCH - NPX_CSC,325154,50,330,-330
01/25/2019 06:35,SCH - OH - NY,23317,1049.66,1700,-1700
01/25/2019 06:35,SCH - PJ - NY,23316,351.9,2000,-1300
01/25/2019 06:35,SCH - PJM_HTP,325905,0,660,-660
01/25/2019 06:35,SCH - PJM_NEPTUNE,325305,660,660,-660
01/25/2019 06:35,SCH - PJM_VFT,325658,315,315,-315
01/25/2019 06:35,SPR/DUN-SOUTH,23320,2791.04,4600,-9999
01/25/2019 06:35,TOTAL EAST,23314,4657.28,6800,-9999
01/25/2019 06:35,UPNY CONED,23315,2523.95,5700,-9999
01/25/2019 06:35,WEST CENTRAL,23312,938.58,9999,-9999
01/25/2019 06:40,CENTRAL EAST - VC,23330,2674.09,2780,-9999
01/25/2019 06:40,DYSINGER EAST,23326,1629.38,3150,-9999
01/25/2019 06:40,MOSES SOUTH,23319,1619.43,3000,-1600
01/25/2019 06:40,SCH - HQ - NY,23324,1276,1500,-1000
01/25/2019 06:40,SCH - HQ_CEDARS,325274,180,180,-100
01/25/2019 06:40,SCH - HQ_IMPORT_EXPORT,325376,1106,1310,-9999
01/25/2019 06:40,SCH - NE - NY,23318,-1555.69,1400,-1800
01/25/2019 06:40,SCH - NPX_1385,325277,-20,200,-200
01/25/2019 06:40,SCH - NPX_CSC,325154,50,330,-330
01/25/2019 06:40,SCH - OH - NY,23317,1049.69,1700,-1700
01/25/2019 06:40,SCH - PJ - NY,23316,354.53,2000,-1300
01/25/2019 06:40,SCH - PJM_HTP,325905,0,660,-660
01/25/2019 06:40,SCH - PJM_NEPTUNE,325305,660,660,-660
01/25/2019 06:40,SCH - PJM_VFT,325658,315,315,-315
01/25/2019 06:40,SPR/DUN-SOUTH,23320,2796.18,4600,-9999
01/25/2019 06:40,TOTAL EAST,23314,4670.27,6800,-9999
01/25/2019 06:40,UPNY CONED,23315,2496.51,5700,-9999
01/25/2019 06:40,WEST CENTRAL,23312,985.25,9999,-9999
01/25/2019 06:45,CENTRAL EAST - VC,23330,2632.75,2780,-9999
01/25/2019 06:45,DYSINGER EAST,23326,1441.25,3150,-9999
01/25/2019 06:45,MOSES SOUTH,23319,1701.93,3000,-1600
01/25/2019 06:45,SCH - HQ - NY,23324,1276,1500,-1000
01/25/2019 06:45,SCH - HQ_CEDARS,325274,180,180,-100
01/25/2019 06:45,SCH - HQ_IMPORT_EXPORT,325376,1106,1310,-9999
01/25/2019 06:45,SCH - NE - NY,23318,-1577.71,1400,-1800
01/25/2019 06:45,SCH - NPX_1385,325277,-20,200,-200
01/25/2019 06:45,SCH - NPX_CSC,325154,50,330,-330
01/25/2019 06:45,SCH - OH - NY,23317,1049.6,1700,-1700
01/25/2019 06:45,SCH - PJ - NY,23316,395.46,2000,-1300
01/25/2019 06:45,SCH - PJM_HTP,325905,0,660,-660
01/25/2019 06:45,SCH - PJM_NEPTUNE,325305,660,660,-660
01/25/2019 06:45,SCH - PJM_VFT,325658,315,315,-315
01/25/2019 06:45,SPR/DUN-SOUTH,23320,2768.77,4600,-9999
01/25/2019 06:45,TOTAL EAST,23314,4727.24,6800,-9999
01/25/2019 06:45,UPNY CONED,23315,2475.87,5700,-9999
01/25/2019 06:45,WEST CENTRAL,23312,798.83,9999,-9999
01/25/2019 06:50,CENTRAL EAST - VC,23330,2644.15,2780,-9999
01/25/2019 06:50,DYSINGER EAST,23326,1440.36,3150,-9999
01/25/2019 06:50,MOSES SOUTH,23319,1693.58,3000,-1600
01/25/2019 06:50,SCH - HQ - NY,23324,1276,1500,-1000
01/25/2019 06:50,SCH - HQ_CEDARS,325274,180,180,-100
01/25/2019 06:50,SCH - HQ_IMPORT_EXPORT,325376,1106,1310,-9999
01/25/2019 06:50,SCH - NE - NY,23318,-1599.66,1400,-1800
01/25/2019 06:50,SCH - NPX_1385,325277,-20,200,-200
01/25/2019 06:50,SCH - NPX_CSC,325154,50,330,-330
01/25/2019 06:50,SCH - OH - NY,23317,1049.63,1700,-1700
01/25/2019 06:50,SCH - PJ - NY,23316,447.19,2000,-1300
01/25/2019 06:50,SCH - PJM_HTP,325905,0,660,-660
01/25/2019 06:50,SCH - PJM_NEPTUNE,325305,660,660,-660
01/25/2019 06:50,SCH - PJM_VFT,325658,315,315,-315
01/25/2019 06:50,SPR/DUN-SOUTH,23320,2802.72,4600,-9999
01/25/2019 06:50,TOTAL EAST,23314,4765.18,6800,-9999
01/25/2019 06:50,UPNY CONED,23315,2502.34,5700,-9999
01/25/2019 06:50,WEST CENTRAL,23312,795.08,9999,-9999
01/25/2019 06:55,CENTRAL EAST - VC,23330,2676.31,2780,-9999
01/25/2019 06:55,DYSINGER EAST,23326,1615.44,3150,-9999
01/25/2019 06:55,MOSES SOUTH,23319,1639.06,3000,-1600
01/25/2019 06:55,SCH - HQ - NY,23324,1276,1500,-1000
01/25/2019 06:55,SCH - HQ_CEDARS,325274,180,180,-100
01/25/2019 06:55,SCH - HQ_IMPORT_EXPORT,325376,1106,1310,-9999
01/25/2019 06:55,SCH - NE - NY,23318,-1599.73,1400,-1800
01/25/2019 06:55,SCH - NPX_1385,325277,-20,200,-200
01/25/2019 06:55,SCH - NPX_CSC,325154,50,330,-330
01/25/2019 06:55,SCH - OH - NY,23317,1049.58,1700,-1700
01/25/2019 06:55,SCH - PJ - NY,23316,442.75,2000,-1300
01/25/2019 06:55,SCH - PJM_HTP,325905,0,660,-660
01/25/2019 06:55,SCH - PJM_NEPTUNE,325305,660,660,-660
01/25/2019 06:55,SCH - PJM_VFT,325658,315,315,-315
01/25/2019 06:55,SPR/DUN-SOUTH,23320,2793.1,4600,-9999
01/25/2019 06:55,TOTAL EAST,23314,4807.58,6800,-9999
01/25/2019 06:55,UPNY CONED,23315,2526.44,5700,-9999
01/25/2019 06:55,WEST CENTRAL,23312,949.95,9999,-9999
01/25/2019 07:00,CENTRAL EAST - VC,23330,2575.92,2780,-9999
01/25/2019 07:00,DYSINGER EAST,23326,1277.75,3150,-9999
01/25/2019 07:00,MOSES SOUTH,23319,1750.97,3000,-1600
01/25/2019 07:00,SCH - HQ - NY,23324,1325,1500,-1000
01/25/2019 07:00,SCH - HQ_CEDARS,325274,180,180,-100
01/25/2019 07:00,SCH - HQ_IMPORT_EXPORT,325376,1155,1310,-9999
01/25/2019 07:00,SCH - NE - NY,23318,-1599.75,1400,-1800
01/25/2019 07:00,SCH - NPX_1385,325277,-45,200,-200
01/25/2019 07:00,SCH - NPX_CSC,325154,50,330,-330
01/25/2019 07:00,SCH - OH - NY,23317,984.5,1700,-1700
01/25/2019 07:00,SCH - PJ - NY,23316,205.26,2000,-1300
01/25/2019 07:00,SCH - PJM_HTP,325905,0,660,-660
01/25/2019 07:00,SCH - PJM_NEPTUNE,325305,660,660,-660
01/25/2019 07:00,SCH - PJM_VFT,325658,315,315,-315
01/25/2019 07:00,SPR/DUN-SOUTH,23320,2647.39,4600,-9999
01/25/2019 07:00,TOTAL EAST,23314,4466.94,6800,-9999
01/25/2019 07:00,UPNY CONED,23315,2340.71,5700,-9999
01/25/2019 07:00,WEST CENTRAL,23312,613.33,9999,-9999
01/25/2019 07:05,CENTRAL EAST - VC,23330,2422.67,2780,-9999
01/25/2019 07:05,DYSINGER EAST,23326,1015.36,3150,-9999
01/25/2019 07:05,MOSES SOUTH,23319,1794.49,3000,-1600
01/25/2019 07:05,SCH - HQ - NY,23324,1375,1500,-1000
01/25/2019 07:05,SCH - HQ_CEDARS,325274,180,180,-100
01/25/2019 07:05,SCH - HQ_IMPORT_EXPORT,325376,1205,1310,-9999
01/25/2019 07:05,SCH - NE - NY,23318,-1599.74,1400,-1800
01/25/2019 07:05,SCH - NPX_1385,325277,-70,200,-200
01/25/2019 07:05,SCH - NPX_CSC,325154,50,330,-330
01/25/2019 07:05,SCH - OH - NY,23317,916.54,1700,-1700
01/25/2019 07:05,SCH - PJ - NY,23316,-56.64,2000,-1300
01/25/2019 07:05,SCH - PJM_HTP,325905,0,660,-660
01/25/2019 07:05,SCH - PJM_NEPTUNE,325305,660,660,-660
01/25/2019 07:05,SCH - PJM_VFT,325658,315,315,-315
01/25/2019 07:05,SPR/DUN-SOUTH,23320,2563.71,4600,-9999
01/25/2019 07:05,TOTAL EAST,23314,4167.07,6800,-9999
01/25/2019 07:05,UPNY CONED,23315,2261.78,5700,-9999
01/25/2019 07:05,WEST CENTRAL,23312,349.63,9999,-9999
01/25/2019 07:10,CENTRAL EAST - VC,23330,2395.95,2860,-9999
01/25/2019 07:10,DYSINGER EAST,23326,999.47,3150,-9999
01/25/2019 07:10,MOSES SOUTH,23319,1867.08,3000,-1600
01/25/2019 07:10,SCH - HQ - NY,23324,1375,1500,-1000
01/25/2019 07:10,SCH - HQ_CEDARS,325274,180,180,-100
01/25/2019 07:10,SCH - HQ_IMPORT_EXPORT,325376,1205,1310,-9999
01/25/2019 07:10,SCH - NE - NY,23318,-1599.77,1400,-1800
01/25/2019 07:10,SCH - NPX_1385,325277,-70,200,-200
01/25/2019 07:10,SCH - NPX_CSC,325154,50,330,-330
01/25/2019 07:10,SCH - OH - NY,23317,919.26,1700,-1700
01/25/2019 07:10,SCH - PJ - NY,23316,-50.54,2000,-1300
01/25/2019 07:10,SCH - PJM_HTP,325905,0,660,-660
01/25/2019 07:10,SCH - PJM_NEPTUNE,325305,660,660,-660
01/25/2019 07:10,SCH - PJM_VFT,325658,315,315,-315
01/25/2019 07:10,SPR/DUN-SOUTH,23320,2603.64,4600,-9999
01/25/2019 07:10,TOTAL EAST,23314,4097.23,6800,-9999
01/25/2019 07:10,UPNY CONED,23315,2279.5,5700,-9999
01/25/2019 07:10,WEST CENTRAL,23312,320.31,9999,-9999
01/25/2019 07:15,CENTRAL EAST - VC,23330,2561.24,2860,-9999
01/25/2019 07:15,DYSINGER EAST,23326,1392.35,3150,-9999
01/25/2019 07:15,MOSES SOUTH,23319,1749.96,3000,-1600
01/25/2019 07:15,SCH - HQ - NY,23324,1375,1500,-1000
01/25/2019 07:15,SCH - HQ_CEDARS,325274,180,180,-100
01/25/2019 07:15,SCH - HQ_IMPORT_EXPORT,325376,1205,1310,-9999
01/25/2019 07:15,SCH - NE - NY,23318,-1602.86,1400,-1800
01/25/2019 07:15,SCH - NPX_1385,325277,-70,200,-200
01/25/2019 07:15,SCH - NPX_CSC,325154,50,330,-330
01/25/2019 07:15,SCH - OH - NY,23317,922.01,1700,-1700
01/25/2019 07:15,SCH - PJ - NY,23316,191.29,2000,-1300
01/25/2019 07:15,SCH - PJM_HTP,325905,0,660,-660
01/25/2019 07:15,SCH - PJM_NEPTUNE,325305,620,660,-660
01/25/2019 07:15,SCH - PJM_VFT,325658,255,315,-315
01/25/2019 07:15,SPR/DUN-SOUTH,23320,2682.11,4600,-9999
01/25/2019 07:15,TOTAL EAST,23314,4418.33,6800,-9999
01/25/2019 07:15,UPNY CONED,23315,2448.98,5700,-9999
01/25/2019 07:15,WEST CENTRAL,23312,689.52,9999,-9999
01/25/2019 07:20,CENTRAL EAST - VC,23330,2735.86,2860,-9999
01/25/2019 07:20,DYSINGER EAST,23326,1679.42,3150,-9999
01/25/2019 07:20,MOSES SOUTH,23319,1704.23,3000,-1600
01/25/2019 07:20,SCH - HQ - NY,23324,1375,1500,-1000
01/25/2019 07:20,SCH - HQ_CEDARS,325274,180,180,-100
01/25/2019 07:20,SCH - HQ_IMPORT_EXPORT,325376,1205,1310,-9999
01/25/2019 07:20,SCH - NE - NY,23318,-1602.79,1400,-1800
01/25/2019 07:20,SCH - NPX_1385,325277,-70,200,-200
01/25/2019 07:20,SCH - NPX_CSC,325154,50,330,-330
01/25/2019 07:20,SCH - OH - NY,23317,918.52,1700,-1700
01/25/2019 07:20,SCH - PJ - NY,23316,439.79,2000,-1300
01/25/2019 07:20,SCH - PJM_HTP,325905,0,660,-660
01/25/2019 07:20,SCH - PJM_NEPTUNE,325305,580,660,-660
01/25/2019 07:20,SCH - PJM_VFT,325658,195,315,-315
01/25/2019 07:20,SPR/DUN-SOUTH,23320,2860.36,4600,-9999
01/25/2019 07:20,TOTAL EAST,23314,4734.17,6800,-9999
01/25/2019 07:20,UPNY CONED,23315,2715.63,5700,-9999
01/25/2019 07:20,WEST CENTRAL,23312,956.26,9999,-9999
01/25/2019 07:25,CENTRAL EAST - VC,23330,2734.15,2860,-9999
01/25/2019 07:25,DYSINGER EAST,23326,1613.3,3150,-9999
01/25/2019 07:25,MOSES SOUTH,23319,1708.16,3000,-1600
01/25/2019 07:25,SCH - HQ - NY,23324,1375,1500,-1000
01/25/2019 07:25,SCH - HQ_CEDARS,325274,180,180,-100
01/25/2019 07:25,SCH - HQ_IMPORT_EXPORT,325376,1205,1310,-9999
01/25/2019 07:25,SCH - NE - NY,23318,-1602.85,1400,-1800
01/25/2019 07:25,SCH - NPX_1385,325277,-70,200,-200
01/25/2019 07:25,SCH - NPX_CSC,325154,50,330,-330
01/25/2019 07:25,SCH - OH - NY,23317,919.64,1700,-1700
01/25/2019 07:25,SCH - PJ - NY,23316,441.27,2000,-1300
01/25/2019 07:25,SCH - PJM_HTP,325905,0,660,-660
01/25/2019 07:25,SCH - PJM_NEPTUNE,325305,580,660,-660
01/25/2019 07:25,SCH - PJM_VFT,325658,195,315,-315
01/25/2019 07:25,SPR/DUN-SOUTH,23320,2850.85,4600,-9999
01/25/2019 07:25,TOTAL EAST,23314,4720.96,6800,-9999
01/25/2019 07:25,UPNY CONED,23315,2705.85,5700,-9999
01/25/2019 07:25,WEST CENTRAL,23312,897.29,9999,-9999
01/25/2019 07:30,CENTRAL EAST - VC,23330,2646.67,2860,-9999
01/25/2019 07:30,DYSINGER EAST,23326,1457.2,3150,-9999
01/25/2019 07:30,MOSES SOUTH,23319,1716.11,3000,-1600
01/25/2019 07:30,SCH - HQ - NY,23324,1375,1500,-1000
01/25/2019 07:30,SCH - HQ_CEDARS,325274,180,180,-100
01/25/2019 07:30,SCH - HQ_IMPORT_EXPORT,325376,1205,1310,-9999
01/25/2019 07:30,SCH - NE - NY,23318,-1603.11,1400,-1800
01/25/2019 07:30,SCH - NPX_1385,325277,-70,200,-200
01/25/2019 07:30,SCH - NPX_CSC,325154,50,330,-330
01/25/2019 07:30,SCH - OH - NY,23317,919.75,1700,-1700
01/25/2019 07:30,SCH - PJ - NY,23316,361.83,2000,-1300
01/25/2019 07:30,SCH - PJM_HTP,325905,0,660,-660
01/25/2019 07:30,SCH - PJM_NEPTUNE,325305,620,660,-660
01/25/2019 07:30,SCH - PJM_VFT,325658,255,315,-315
01/25/2019 07:30,SPR/DUN-SOUTH,23320,2857.71,4600,-9999
01/25/2019 07:30,TOTAL EAST,23314,4787.27,6800,-9999
01/25/2019 07:30,UPNY CONED,23315,2680.37,5700,-9999
01/25/2019 07:30,WEST CENTRAL,23312,764.79,9999,-9999
01/25/2019 07:35,CENTRAL EAST - VC,23330,2698.47,2860,-9999
01/25/2019 07:35,DYSINGER EAST,23326,1443.05,3150,-9999
01/25/2019 07:35,MOSES SOUTH,23319,1737.14,3000,-1600
01/25/2019 07:35,SCH - HQ - NY,23324,1375,1500,-1000
01/25/2019 07:35,SCH - HQ_CEDARS,325274,180,180,-100
01/25/2019 07:35,SCH - HQ_IMPORT_EXPORT,325376,1205,1310,-9999
01/25/2019 07:35,SCH - NE - NY,23318,-1603.03,1400,-1800
01/25/2019 07:35,SCH - NPX_1385,325277,-70,200,-200
01/25/2019 07:35,SCH - NPX_CSC,325154,50,330,-330
01/25/2019 07:35,SCH - OH - NY,23317,919.59,1700,-1700
01/25/2019 07:35,SCH - PJ - NY,23316,270.84,2000,-1300
01/25/2019 07:35,SCH - PJM_HTP,325905,0,660,-660
01/25/2019 07:35,SCH - PJM_NEPTUNE,325305,660,660,-660
01/25/2019 07:35,SCH - PJM_VFT,325658,315,315,-315
01/25/2019 07:35,SPR/DUN-SOUTH,23320,2868.1,4600,-9999
01/25/2019 07:35,TOTAL EAST,23314,4807.53,6800,-9999
01/25/2019 07:35,UPNY CONED,23315,2638.38,5700,-9999
01/25/2019 07:35,WEST CENTRAL,23312,757.01,9999,-9999
01/25/2019 07:40,CENTRAL EAST - VC,23330,2722.65,2860,-9999
01/25/2019 07:40,DYSINGER EAST,23326,1482.68,3150,-9999
01/25/2019 07:40,MOSES SOUTH,23319,1761.02,3000,-1600
01/25/2019 07:40,SCH - HQ - NY,23324,1375,1500,-1000
01/25/2019 07:40,SCH - HQ_CEDARS,325274,180,180,-100
01/25/2019 07:40,SCH - HQ_IMPORT_EXPORT,325376,1205,1310,-9999
01/25/2019 07:40,SCH - NE - NY,23318,-1603.06,1400,-1800
01/25/2019 07:40,SCH - NPX_1385,325277,-70,200,-200
01/25/2019 07:40,SCH - NPX_CSC,325154,50,330,-330
01/25/2019 07:40,SCH - OH - NY,23317,919.55,1700,-1700
01/25/2019 07:40,SCH - PJ - NY,23316,272.31,2000,-1300
01/25/2019 07:40,SCH - PJM_HTP,325905,0,660,-660
01/25/2019 07:40,SCH - PJM_NEPTUNE,325305,660,660,-660
01/25/2019 07:40,SCH - PJM_VFT,325658,315,315,-315
01/25/2019 07:40,SPR/DUN-SOUTH,23320,2923.38,4600,-9999
01/25/2019 07:40,TOTAL EAST,23314,4903.89,6800,-9999
01/25/2019 07:40,UPNY CONED,23315,2718.12,5700,-9999
01/25/2019 07:40,WEST CENTRAL,23312,794.37,9999,-9999
01/25/2019 07:45,CENTRAL EAST - VC,23330,2759.41,2860,-9999
01/25/2019 07:45,DYSINGER EAST,23326,1589.11,3150,-9999
01/25/2019 07:45,MOSES SOUTH,23319,1743.31,3000,-1600
01/25/2019 07:45,SCH - HQ - NY,23324,1375,1500,-1000
01/25/2019 07:45,SCH - HQ_CEDARS,325274,180,180,-100
01/25/2019 07:45,SCH - HQ_IMPORT_EXPORT,325376,1205,1310,-9999
01/25/2019 07:45,SCH - NE - NY,23318,-1603.01,1400,-1800
01/25/2019 07:45,SCH - NPX_1385,325277,-70,200,-200
01/25/2019 07:45,SCH - NPX_CSC,325154,50,330,-330
01/25/2019 07:45,SCH - OH - NY,23317,919.43,1700,-1700
01/25/2019 07:45,SCH - PJ - NY,23316,189.82,2000,-1300
01/25/2019 07:45,SCH - PJM_HTP,325905,0,660,-660
01/25/2019 07:45,SCH - PJM_NEPTUNE,325305,660,660,-660
01/25/2019 07:45,SCH - PJM_VFT,325658,315,315,-315
01/25/2019 07:45,SPR/DUN-SOUTH,23320,2938.3,4600,-9999
01/25/2019 07:45,TOTAL EAST,23314,4887.12,6800,-9999
01/25/2019 07:45,UPNY CONED,23315,2758.23,5700,-9999
01/25/2019 07:45,WEST CENTRAL,23312,896.08,9999,-9999
01/25/2019 07:50,CENTRAL EAST - VC,23330,2718.48,2860,-9999
01/25/2019 07:50,DYSINGER EAST,23326,1364.84,3150,-9999
01/25/2019 07:50,MOSES SOUTH,23319,1830.36,3000,-1600
01/25/2019 07:50,SCH - HQ - NY,23324,1375,1500,-1000
01/25/2019 07:50,SCH - HQ_CEDARS,325274,180,180,-100
01/25/2019 07:50,SCH - HQ_IMPORT_EXPORT,325376,1205,1310,-9999
01/25/2019 07:50,SCH - NE - NY,23318,-1603,1400,-1800
01/25/2019 07:50,SCH - NPX_1385,325277,-70,200,-200
01/25/2019 07:50,SCH - NPX_CSC,325154,50,330,-330
01/25/2019 07:50,SCH - OH - NY,23317,919.46,1700,-1700
01/25/2019 07:50,SCH - PJ - NY,23316,101.7,2000,-1300
01/25/2019 07:50,SCH - PJM_HTP,325905,0,660,-660
01/25/2019 07:50,SCH - PJM_NEPTUNE,325305,660,660,-660
01/25/2019 07:50,SCH - PJM_VFT,325658,315,315,-315
01/25/2019 07:50,SPR/DUN-SOUTH,23320,2808.88,4600,-9999
01/25/2019 07:50,TOTAL EAST,23314,4772.88,6800,-9999
01/25/2019 07:50,UPNY CONED,23315,2627.79,5700,-9999
01/25/2019 07:50,WEST CENTRAL,23312,680.89,9999,-9999
01/25/2019 07:55,CENTRAL EAST - VC,23330,2650.25,2860,-9999
01/25/2019 07:55,DYSINGER EAST,23326,1229.7,3150,-9999
01/25/2019 07:55,MOSES SOUTH,23319,1839.14,3000,-1600
01/25/2019 07:55,SCH - HQ - NY,23324,1375,1500,-1000
01/25/2019 07:55,SCH - HQ_CEDARS,325274,180,180,-100
01/25/2019 07:55,SCH - HQ_IMPORT_EXPORT,325376,1205,1310,-9999
01/25/2019 07:55,SCH - NE - NY,23318,-1603.06,1400,-1800
01/25/2019 07:55,SCH - NPX_1385,325277,-70,200,-200
01/25/2019 07:55,SCH - NPX_CSC,325154,50,330,-330
01/25/2019 07:55,SCH - OH - NY,23317,919.49,1700,-1700
01/25/2019 07:55,SCH - PJ - NY,23316,102.93,2000,-1300
01/25/2019 07:55,SCH - PJM_HTP,325905,0,660,-660
01/25/2019 07:55,SCH - PJM_NEPTUNE,325305,660,660,-660
01/25/2019 07:55,SCH - PJM_VFT,325658,315,315,-315
01/25/2019 07:55,SPR/DUN-SOUTH,23320,2726.67,4600,-9999
01/25/2019 07:55,TOTAL EAST,23314,4686.67,6800,-9999
01/25/2019 07:55,UPNY CONED,23315,2544.19,5700,-9999
01/25/2019 07:55,WEST CENTRAL,23312,554.24,9999,-9999
01/25/2019 08:00,CENTRAL EAST - VC,23330,2728.95,2860,-9999
01/25/2019 08:00,DYSINGER EAST,23326,1521.62,3150,-9999
01/25/2019 08:00,MOSES SOUTH,23319,1789.75,3000,-1600
01/25/2019 08:00,SCH - HQ - NY,23324,1362,1500,-1000
01/25/2019 08:00,SCH - HQ_CEDARS,325274,180,180,-100
01/25/2019 08:00,SCH - HQ_IMPORT_EXPORT,325376,1192,1310,-9999
01/25/2019 08:00,SCH - NE - NY,23318,-1603,1400,-1800
01/25/2019 08:00,SCH - NPX_1385,325277,-33,200,-200
01/25/2019 08:00,SCH - NPX_CSC,325154,50,330,-330
01/25/2019 08:00,SCH - OH - NY,23317,891.69,1700,-1700
01/25/2019 08:00,SCH - PJ - NY,23316,352.03,2000,-1300
01/25/2019 08:00,SCH - PJM_HTP,325905,0,660,-660
01/25/2019 08:00,SCH - PJM_NEPTUNE,325305,660,660,-660
01/25/2019 08:00,SCH - PJM_VFT,325658,315,315,-315
01/25/2019 08:00,SPR/DUN-SOUTH,23320,2996.11,4600,-9999
01/25/2019 08:00,TOTAL EAST,23314,4932.32,6800,-9999
01/25/2019 08:00,UPNY CONED,23315,2743.81,5700,-9999
01/25/2019 08:00,WEST CENTRAL,23312,828.77,9999,-9999
01/25/2019 08:05,CENTRAL EAST - VC,23330,2763.98,2860,-9999
01/25/2019 08:05,DYSINGER EAST,23326,1734.52,3150,-9999
01/25/2019 08:05,MOSES SOUTH,23319,1756.11,3000,-1600
01/25/2019 08:05,SCH - HQ - NY,23324,1350,1500,-1000
01/25/2019 08:05,SCH - HQ_CEDARS,325274,180,180,-100
01/25/2019 08:05,SCH - HQ_IMPORT_EXPORT,325376,1180,1310,-9999
01/25/2019 08:05,SCH - NE - NY,23318,-1602.99,1400,-1800
01/25/2019 08:05,SCH - NPX_1385,325277,5,200,-200
01/25/2019 08:05,SCH - NPX_CSC,325154,50,330,-330
01/25/2019 08:05,SCH - OH - NY,23317,863.8,1700,-1700
01/25/2019 08:05,SCH - PJ - NY,23316,577.66,2000,-1300
01/25/2019 08:05,SCH - PJM_HTP,325905,0,660,-660
01/25/2019 08:05,SCH - PJM_NEPTUNE,325305,660,660,-660
01/25/2019 08:05,SCH - PJM_VFT,325658,315,315,-315
01/25/2019 08:05,SPR/DUN-SOUTH,23320,3103.03,4600,-9999
01/25/2019 08:05,TOTAL EAST,23314,5030.96,6800,-9999
01/25/2019 08:05,UPNY CONED,23315,2859.83,5700,-9999
01/25/2019 08:05,WEST CENTRAL,23312,1020.58,9999,-9999
01/25/2019 08:10,CENTRAL EAST - VC,23330,2756.01,2860,-9999
01/25/2019 08:10,DYSINGER EAST,23326,1677.24,3150,-9999
01/25/2019 08:10,MOSES SOUTH,23319,1747.95,3000,-1600
01/25/2019 08:10,SCH - HQ - NY,23324,1350,1500,-1000
01/25/2019 08:10,SCH - HQ_CEDARS,325274,180,180,-100
01/25/2019 08:10,SCH - HQ_IMPORT_EXPORT,325376,1180,1310,-9999
01/25/2019 08:10,SCH - NE - NY,23318,-1603,1400,-1800
01/25/2019 08:10,SCH - NPX_1385,325277,5,200,-200
01/25/2019 08:10,SCH - NPX_CSC,325154,50,330,-330
01/25/2019 08:10,SCH - OH - NY,23317,863.62,1700,-1700
01/25/2019 08:10,SCH - PJ - NY,23316,599.58,2000,-1300
01/25/2019 08:10,SCH - PJM_HTP,325905,0,660,-660
01/25/2019 08:10,SCH - PJM_NEPTUNE,325305,660,660,-660
01/25/2019 08:10,SCH - PJM_VFT,325658,315,315,-315
01/25/2019 08:10,SPR/DUN-SOUTH,23320,3111.15,4600,-9999
01/25/2019 08:10,TOTAL EAST,23314,5034.54,6800,-9999
01/25/2019 08:10,UPNY CONED,23315,2831.28,5700,-9999
01/25/2019 08:10,WEST CENTRAL,23312,967.01,9999,-9999
01/25/2019 08:15,CENTRAL EAST - VC,23330,2758.77,2860,-9999
01/25/2019 08:15,DYSINGER EAST,23326,1636.68,3150,-9999
01/25/2019 08:15,MOSES SOUTH,23319,1760.63,3000,-1600
01/25/2019 08:15,SCH - HQ - NY,23324,1350,1500,-1000
01/25/2019 08:15,SCH - HQ_CEDARS,325274,180,180,-100
01/25/2019 08:15,SCH - HQ_IMPORT_EXPORT,325376,1180,1310,-9999
01/25/2019 08:15,SCH - NE - NY,23318,-1601.07,1400,-1800
01/25/2019 08:15,SCH - NPX_1385,325277,5,200,-200
01/25/2019 08:15,SCH - NPX_CSC,325154,50,330,-330
01/25/2019 08:15,SCH - OH - NY,23317,863.61,1700,-1700
01/25/2019 08:15,SCH - PJ - NY,23316,574.7,2000,-1300
01/25/2019 08:15,SCH - PJM_HTP,325905,0,660,-660
01/25/2019 08:15,SCH - PJM_NEPTUNE,325305,660,660,-660
01/25/2019 08:15,SCH - PJM_VFT,325658,315,315,-315
01/25/2019 08:15,SPR/DUN-SOUTH,23320,3176.05,4600,-9999
01/25/2019 08:15,TOTAL EAST,23314,5192.76,6800,-9999
01/25/2019 08:15,UPNY CONED,23315,2946.93,5700,-9999
01/25/2019 08:15,WEST CENTRAL,23312,931.84,9999,-9999
01/25/2019 08:20,CENTRAL EAST - VC,23330,2740.38,2860,-9999
01/25/2019 08:20,DYSINGER EAST,23326,1546.6,3150,-9999
01/25/2019 08:20,MOSES SOUTH,23319,1785.54,3000,-1600
01/25/2019 08:20,SCH - HQ - NY,23324,1350,1500,-1000
01/25/2019 08:20,SCH - HQ_CEDARS,325274,180,180,-100
01/25/2019 08:20,SCH - HQ_IMPORT_EXPORT,325376,1180,1310,-9999
01/25/2019 08:20,SCH - NE - NY,23318,-1601.03,1400,-1800
01/25/2019 08:20,SCH - NPX_1385,325277,5,200,-200
01/25/2019 08:20,SCH - NPX_CSC,325154,50,330,-330
01/25/2019 08:20,SCH - OH - NY,23317,863.49,1700,-1700
01/25/2019 08:20,SCH - PJ - NY,23316,554.64,2000,-1300
01/25/2019 08:20,SCH - PJM_HTP,325905,0,660,-660
01/25/2019 08:20,SCH - PJM_NEPTUNE,325305,660,660,-660
01/25/2019 08:20,SCH - PJM_VFT,325658,315,315,-315
01/25/2019 08:20,SPR/DUN-SOUTH,23320,3189.02,4600,-9999
01/25/2019 08:20,TOTAL EAST,23314,5207.89,6800,-9999
01/25/2019 08:20,UPNY CONED,23315,2948.4,5700,-9999
01/25/2019 08:20,WEST CENTRAL,23312,854.82,9999,-9999
01/25/2019 08:25,CENTRAL EAST - VC,23330,2757.03,2860,-9999
01/25/2019 08:25,DYSINGER EAST,23326,1584.03,3150,-9999
01/25/2019 08:25,MOSES SOUTH,23319,1769.85,3000,-1600
01/25/2019 08:25,SCH - HQ - NY,23324,1350,1500,-1000
01/25/2019 08:25,SCH - HQ_CEDARS,325274,180,180,-100
01/25/2019 08:25,SCH - HQ_IMPORT_EXPORT,325376,1180,1310,-9999
01/25/2019 08:25,SCH - NE - NY,23318,-1600.79,1400,-1800
01/25/2019 08:25,SCH - NPX_1385,325277,5,200,-200
01/25/2019 08:25,SCH - NPX_CSC,325154,50,330,-330
01/25/2019 08:25,SCH - OH - NY,23317,863.49,1700,-1700
01/25/2019 08:25,SCH - PJ - NY,23316,555.51,2000,-1300
01/25/2019 08:25,SCH - PJM_HTP,325905,0,660,-660
01/25/2019 08:25,SCH - PJM_NEPTUNE,325305,660,660,-660
01/25/2019 08:25,SCH - PJM_VFT,325658,315,315,-315
01/25/2019 08:25,SPR/DUN-SOUTH,23320,3218.66,4600,-9999
01/25/2019 08:25,TOTAL EAST,23314,5243.03,6800,-9999
01/25/2019 08:25,UPNY CONED,23315,2961.91,5700,-9999
01/25/2019 08:25,WEST CENTRAL,23312,889.65,9999,-9999
01/25/2019 08:30,CENTRAL EAST - VC,23330,2759.6,2860,-9999
01/25/2019 08:30,DYSINGER EAST,23326,1544.62,3150,-9999
01/25/2019 08:30,MOSES SOUTH,23319,1793.8,3000,-1600
01/25/2019 08:30,SCH - HQ - NY,23324,1350,1500,-1000
01/25/2019 08:30,SCH - HQ_CEDARS,325274,180,180,-100
01/25/2019 08:30,SCH - HQ_IMPORT_EXPORT,325376,1180,1310,-9999
01/25/2019 08:30,SCH - NE - NY,23318,-1571.03,1400,-1800
01/25/2019 08:30,SCH - NPX_1385,325277,5,200,-200
01/25/2019 08:30,SCH - NPX_CSC,325154,50,330,-330
01/25/2019 08:30,SCH - OH - NY,23317,863.53,1700,-1700
01/25/2019 08:30,SCH - PJ - NY,23316,455.21,2000,-1300
01/25/2019 08:30,SCH - PJM_HTP,325905,0,660,-660
01/25/2019 08:30,SCH - PJM_NEPTUNE,325305,660,660,-660
01/25/2019 08:30,SCH - PJM_VFT,325658,315,315,-315
01/25/2019 08:30,SPR/DUN-SOUTH,23320,3191.38,4600,-9999
01/25/2019 08:30,TOTAL EAST,23314,5187.65,6800,-9999
01/25/2019 08:30,UPNY CONED,23315,2939.33,5700,-9999
01/25/2019 08:30,WEST CENTRAL,23312,847.06,9999,-9999
01/25/2019 08:35,CENTRAL EAST - VC,23330,2641.98,2860,-9999
01/25/2019 08:35,DYSINGER EAST,23326,1293.05,3150,-9999
01/25/2019 08:35,MOSES SOUTH,23319,1825.81,3000,-1600
01/25/2019 08:35,SCH - HQ - NY,23324,1350,1500,-1000
01/25/2019 08:35,SCH - HQ_CEDARS,325274,180,180,-100
01/25/2019 08:35,SCH - HQ_IMPORT_EXPORT,325376,1180,1310,-9999
01/25/2019 08:35,SCH - NE - NY,23318,-1541.23,1400,-1800
01/25/2019 08:35,SCH - NPX_1385,325277,5,200,-200
01/25/2019 08:35,SCH - NPX_CSC,325154,50,330,-330
01/25/2019 08:35,SCH - OH - NY,23317,863.42,1700,-1700
01/25/2019 08:35,SCH - PJ - NY,23316,360.93,2000,-1300
01/25/2019 08:35,SCH - PJM_HTP,325905,0,660,-660
01/25/2019 08:35,SCH - PJM_NEPTUNE,325305,660,660,-660
01/25/2019 08:35,SCH - PJM_VFT,325658,315,315,-315
01/25/2019 08:35,SPR/DUN-SOUTH,23320,3055.68,4600,-9999
01/25/2019 08:35,TOTAL EAST,23314,4998.09,6800,-9999
01/25/2019 08:35,UPNY CONED,23315,2783.64,5700,-9999
01/25/2019 08:35,WEST CENTRAL,23312,599.34,9999,-9999
01/25/2019 08:40,CENTRAL EAST - VC,23330,2692.72,2860,-9999
01/25/2019 08:40,DYSINGER EAST,23326,1407.38,3150,-9999
01/25/2019 08:40,MOSES SOUTH,23319,1839.98,3000,-1600
01/25/2019 08:40,SCH - HQ - NY,23324,1350,1500,-1000
01/25/2019 08:40,SCH - HQ_CEDARS,325274,180,180,-100
01/25/2019 08:40,SCH - HQ_IMPORT_EXPORT,325376,1180,1310,-9999
01/25/2019 08:40,SCH - NE - NY,23318,-1541.19,1400,-1800
01/25/2019 08:40,SCH - NPX_1385,325277,5,200,-200
01/25/2019 08:40,SCH - NPX_CSC,325154,50,330,-330
01/25/2019 08:40,SCH - OH - NY,23317,863.42,1700,-1700
01/25/2019 08:40,SCH - PJ - NY,23316,355.04,2000,-1300
01/25/2019 08:40,SCH - PJM_HTP,325905,0,660,-660
01/25/2019 08:40,SCH - PJM_NEPTUNE,325305,660,660,-660
01/25/2019 08:40,SCH - PJM_VFT,325658,315,315,-315
01/25/2019 08:40,SPR/DUN-SOUTH,23320,3162.91,4600,-9999
01/25/2019 08:40,TOTAL EAST,23314,5097.75,6800,-9999
01/25/2019 08:40,UPNY CONED,23315,2901.67,5700,-9999
01/25/2019 08:40,WEST CENTRAL,23312,707.35,9999,-9999
01/25/2019 08:45,CENTRAL EAST - VC,23330,2745.62,2860,-9999
01/25/2019 08:45,DYSINGER EAST,23326,1582.17,3150,-9999
01/25/2019 08:45,MOSES SOUTH,23319,1793.2,3000,-1600
01/25/2019 08:45,SCH - HQ - NY,23324,1350,1500,-1000
01/25/2019 08:45,SCH - HQ_CEDARS,325274,180,180,-100
01/25/2019 08:45,SCH - HQ_IMPORT_EXPORT,325376,1180,1310,-9999
01/25/2019 08:45,SCH - NE - NY,23318,-1570.96,1400,-1800
01/25/2019 08:45,SCH - NPX_1385,325277,5,200,-200
01/25/2019 08:45,SCH - NPX_CSC,325154,50,330,-330
01/25/2019 08:45,SCH - OH - NY,23317,863.48,1700,-1700
01/25/2019 08:45,SCH - PJ - NY,23316,531.46,2000,-1300
01/25/2019 08:45,SCH - PJM_HTP,325905,0,660,-660
01/25/2019 08:45,SCH - PJM_NEPTUNE,325305,660,660,-660
01/25/2019 08:45,SCH - PJM_VFT,325658,315,315,-315
01/25/2019 08:45,SPR/DUN-SOUTH,23320,3289.71,4600,-9999
01/25/2019 08:45,TOTAL EAST,23314,5202.13,6800,-9999
01/25/2019 08:45,UPNY CONED,23315,2960.66,5700,-9999
01/25/2019 08:45,WEST CENTRAL,23312,865.03,9999,-9999
01/25/2019 08:50,CENTRAL EAST - VC,23330,2759.85,2860,-9999
01/25/2019 08:50,DYSINGER EAST,23326,1618.1,3150,-9999
01/25/2019 08:50,MOSES SOUTH,23319,1782.72,3000,-1600
01/25/2019 08:50,SCH - HQ - NY,23324,1350,1500,-1000
01/25/2019 08:50,SCH - HQ_CEDARS,325274,180,180,-100
01/25/2019 08:50,SCH - HQ_IMPORT_EXPORT,325376,1180,1310,-9999
01/25/2019 08:50,SCH - NE - NY,23318,-1600.78,1400,-1800
01/25/2019 08:50,SCH - NPX_1385,325277,5,200,-200
01/25/2019 08:50,SCH - NPX_CSC,325154,50,330,-330
01/25/2019 08:50,SCH - OH - NY,23317,863.41,1700,-1700
01/25/2019 08:50,SCH - PJ - NY,23316,712.11,2000,-1300
01/25/2019 08:50,SCH - PJM_HTP,325905,0,660,-660
01/25/2019 08:50,SCH - PJM_NEPTUNE,325305,660,660,-660
01/25/2019 08:50,SCH - PJM_VFT,325658,315,315,-315
01/25/2019 08:50,SPR/DUN-SOUTH,23320,3273.09,4600,-9999
01/25/2019 08:50,TOTAL EAST,23314,5210.8,6800,-9999
01/25/2019 08:50,UPNY CONED,23315,2924.55,5700,-9999
01/25/2019 08:50,WEST CENTRAL,23312,899.06,9999,-9999
01/25/2019 08:55,CENTRAL EAST - VC,23330,2757.21,2860,-9999
01/25/2019 08:55,DYSINGER EAST,23326,1573.61,3150,-9999
01/25/2019 08:55,MOSES SOUTH,23319,1847.8,3000,-1600
01/25/2019 08:55,SCH - HQ - NY,23324,1350,1500,-1000
01/25/2019 08:55,SCH - HQ_CEDARS,325274,180,180,-100
01/25/2019 08:55,SCH - HQ_IMPORT_EXPORT,325376,1180,1310,-9999
01/25/2019 08:55,SCH - NE - NY,23318,-1600.63,1400,-1800
01/25/2019 08:55,SCH - NPX_1385,325277,5,200,-200
01/25/2019 08:55,SCH - NPX_CSC,325154,50,330,-330
01/25/2019 08:55,SCH - OH - NY,23317,863.35,1700,-1700
01/25/2019 08:55,SCH - PJ - NY,23316,712.63,2000,-1300
01/25/2019 08:55,SCH - PJM_HTP,325905,0,660,-660
01/25/2019 08:55,SCH - PJM_NEPTUNE,325305,660,660,-660
01/25/2019 08:55,SCH - PJM_VFT,325658,315,315,-315
01/25/2019 08:55,SPR/DUN-SOUTH,23320,3234.69,4600,-9999
01/25/2019 08:55,TOTAL EAST,23314,5191.12,6800,-9999
01/25/2019 08:55,UPNY CONED,23315,2874.51,5700,-9999
01/25/2019 08:55,WEST CENTRAL,23312,862.19,9999,-9999
01/25/2019 08:57,CENTRAL EAST - VC,23330,2725.97,2860,-9999
01/25/2019 08:57,DYSINGER EAST,23326,1476.31,3150,-9999
01/25/2019 08:57,MOSES SOUTH,23319,1918.62,3000,-1600
01/25/2019 08:57,SCH - HQ - NY,23324,1376,1500,-1000
01/25/2019 08:57,SCH - HQ_CEDARS,325274,180,180,-100
01/25/2019 08:57,SCH - HQ_IMPORT_EXPORT,325376,1206,1310,-9999
01/25/2019 08:57,SCH - NE - NY,23318,-1600.76,1400,-1800
01/25/2019 08:57,SCH - NPX_1385,325277,29,200,-200
01/25/2019 08:57,SCH - NPX_CSC,325154,50,330,-330
01/25/2019 08:57,SCH - OH - NY,23317,862.48,1700,-1700
01/25/2019 08:57,SCH - PJ - NY,23316,692.39,2000,-1300
01/25/2019 08:57,SCH - PJM_HTP,325905,0,660,-660
01/25/2019 08:57,SCH - PJM_NEPTUNE,325305,660,660,-660
01/25/2019 08:57,SCH - PJM_VFT,325658,315,315,-315
01/25/2019 08:57,SPR/DUN-SOUTH,23320,3332.44,4600,-9999
01/25/2019 08:57,TOTAL EAST,23314,5238.08,6800,-9999
01/25/2019 08:57,UPNY CONED,23315,2918.97,5700,-9999
01/25/2019 08:57,WEST CENTRAL,23312,778.66,9999,-9999
01/25/2019 08:59,CENTRAL EAST - VC,23330,2707.78,2860,-9999
01/25/2019 08:59,DYSINGER EAST,23326,1455.17,3150,-9999
01/25/2019 08:59,MOSES SOUTH,23319,1942.82,3000,-1600
01/25/2019 08:59,SCH - HQ - NY,23324,1402,1500,-1000
01/25/2019 08:59,SCH - HQ_CEDARS,325274,180,180,-100
01/25/2019 08:59,SCH - HQ_IMPORT_EXPORT,325376,1232,1310,-9999
01/25/2019 08:59,SCH - NE - NY,23318,-1600.73,1400,-1800
01/25/2019 08:59,SCH - NPX_1385,325277,53,200,-200
01/25/2019 08:59,SCH - NPX_CSC,325154,50,330,-330
01/25/2019 08:59,SCH - OH - NY,23317,862.52,1700,-1700
01/25/2019 08:59,SCH - PJ - NY,23316,668.08,2000,-1300
01/25/2019 08:59,SCH - PJM_HTP,325905,0,660,-660
01/25/2019 08:59,SCH - PJM_NEPTUNE,325305,660,660,-660
01/25/2019 08:59,SCH - PJM_VFT,325658,315,315,-315
01/25/2019 08:59,SPR/DUN-SOUTH,23320,3331.43,4600,-9999
01/25/2019 08:59,TOTAL EAST,23314,5215,6800,-9999
01/25/2019 08:59,UPNY CONED,23315,2895.68,5700,-9999
01/25/2019 08:59,WEST CENTRAL,23312,757.16,9999,-9999
01/25/2019 09:10,CENTRAL EAST - VC,23330,2711.35,2860,-9999
01/25/2019 09:10,DYSINGER EAST,23326,1454.49,3150,-9999
01/25/2019 09:10,MOSES SOUTH,23319,1992.01,3000,-1600
01/25/2019 09:10,SCH - HQ - NY,23324,1480,1500,-1000
01/25/2019 09:10,SCH - HQ_CEDARS,325274,180,180,-100
01/25/2019 09:10,SCH - HQ_IMPORT_EXPORT,325376,1310,1310,-9999
01/25/2019 09:10,SCH - NE - NY,23318,-1600.93,1400,-1800
01/25/2019 09:10,SCH - NPX_1385,325277,125,200,-200
01/25/2019 09:10,SCH - NPX_CSC,325154,50,330,-330
01/25/2019 09:10,SCH - OH - NY,23317,861.52,1700,-1700
01/25/2019 09:10,SCH - PJ - NY,23316,598.03,2000,-1300
01/25/2019 09:10,SCH - PJM_HTP,325905,0,660,-660
01/25/2019 09:10,SCH - PJM_NEPTUNE,325305,660,660,-660
01/25/2019 09:10,SCH - PJM_VFT,325658,315,315,-315
01/25/2019 09:10,SPR/DUN-SOUTH,23320,3368.44,4600,-9999
01/25/2019 09:10,TOTAL EAST,23314,5181.77,6800,-9999
01/25/2019 09:10,UPNY CONED,23315,2868.3,5700,-9999
01/25/2019 09:10,WEST CENTRAL,23312,753.56,9999,-9999
01/25/2019 09:15,CENTRAL EAST - VC,23330,2711.66,2860,-9999
01/25/2019 09:15,DYSINGER EAST,23326,1504.57,3150,-9999
01/25/2019 09:15,MOSES SOUTH,23319,1924.86,3000,-1600
01/25/2019 09:15,SCH - HQ - NY,23324,1480,1500,-1000
01/25/2019 09:15,SCH - HQ_CEDARS,325274,180,180,-100
01/25/2019 09:15,SCH - HQ_IMPORT_EXPORT,325376,1310,1310,-9999
01/25/2019 09:15,SCH - NE - NY,23318,-1601.23,1400,-1800
01/25/2019 09:15,SCH - NPX_1385,325277,125,200,-200
01/25/2019 09:15,SCH - NPX_CSC,325154,50,330,-330
01/25/2019 09:15,SCH - OH - NY,23317,861.39,1700,-1700
01/25/2019 09:15,SCH - PJ - NY,23316,659.33,2000,-1300
01/25/2019 09:15,SCH - PJM_HTP,325905,0,660,-660
01/25/2019 09:15,SCH - PJM_NEPTUNE,325305,660,660,-660
01/25/2019 09:15,SCH - PJM_VFT,325658,315,315,-315
01/25/2019 09:15,SPR/DUN-SOUTH,23320,3441.69,4600,-9999
01/25/2019 09:15,TOTAL EAST,23314,5272.47,6800,-9999
01/25/2019 09:15,UPNY CONED,23315,2943.64,5700,-9999
01/25/2019 09:15,WEST CENTRAL,23312,799.29,9999,-9999
01/25/2019 09:20,CENTRAL EAST - VC,23330,2746.96,2860,-9999
01/25/2019 09:20,DYSINGER EAST,23326,1591.94,3150,-9999
01/25/2019 09:20,MOSES SOUTH,23319,1906.64,3000,-1600
01/25/2019 09:20,SCH - HQ - NY,23324,1480,1500,-1000
01/25/2019 09:20,SCH - HQ_CEDARS,325274,180,180,-100
01/25/2019 09:20,SCH - HQ_IMPORT_EXPORT,325376,1310,1310,-9999
01/25/2019 09:20,SCH - NE - NY,23318,-1601.12,1400,-1800
01/25/2019 09:20,SCH - NPX_1385,325277,125,200,-200
01/25/2019 09:20,SCH - NPX_CSC,325154,50,330,-330
01/25/2019 09:20,SCH - OH - NY,23317,861.26,1700,-1700
01/25/2019 09:20,SCH - PJ - NY,23316,710.56,2000,-1300
01/25/2019 09:20,SCH - PJM_HTP,325905,0,660,-660
01/25/2019 09:20,SCH - PJM_NEPTUNE,325305,660,660,-660
01/25/2019 09:20,SCH - PJM_VFT,325658,315,315,-315
01/25/2019 09:20,SPR/DUN-SOUTH,23320,3526.12,4600,-9999
01/25/2019 09:20,TOTAL EAST,23314,5320.14,6800,-9999
01/25/2019 09:20,UPNY CONED,23315,2999.76,5700,-9999
01/25/2019 09:20,WEST CENTRAL,23312,881.04,9999,-9999
01/25/2019 09:25,CENTRAL EAST - VC,23330,2755.62,2860,-9999
01/25/2019 09:25,DYSINGER EAST,23326,1624.92,3150,-9999
01/25/2019 09:25,MOSES SOUTH,23319,1921.79,3000,-1600
01/25/2019 09:25,SCH - HQ - NY,23324,1480,1500,-1000
01/25/2019 09:25,SCH - HQ_CEDARS,325274,180,180,-100
01/25/2019 09:25,SCH - HQ_IMPORT_EXPORT,325376,1310,1310,-9999
01/25/2019 09:25,SCH - NE - NY,23318,-1601.05,1400,-1800
01/25/2019 09:25,SCH - NPX_1385,325277,125,200,-200
01/25/2019 09:25,SCH - NPX_CSC,325154,50,330,-330
01/25/2019 09:25,SCH - OH - NY,23317,861.37,1700,-1700
01/25/2019 09:25,SCH - PJ - NY,23316,723.7,2000,-1300
01/25/2019 09:25,SCH - PJM_HTP,325905,0,660,-660
01/25/2019 09:25,SCH - PJM_NEPTUNE,325305,660,660,-660
01/25/2019 09:25,SCH - PJM_VFT,325658,315,315,-315
01/25/2019 09:25,SPR/DUN-SOUTH,23320,3483.43,4600,-9999
01/25/2019 09:25,TOTAL EAST,23314,5273.48,6800,-9999
01/25/2019 09:25,UPNY CONED,23315,2976.5,5700,-9999
01/25/2019 09:25,WEST CENTRAL,23312,911.79,9999,-9999
01/25/2019 09:30,CENTRAL EAST - VC,23330,2751.46,2860,-9999
01/25/2019 09:30,DYSINGER EAST,23326,1560.67,3150,-9999
01/25/2019 09:30,MOSES SOUTH,23319,1942.04,3000,-1600
01/25/2019 09:30,SCH - HQ - NY,23324,1480,1500,-1000
01/25/2019 09:30,SCH - HQ_CEDARS,325274,180,180,-100
01/25/2019 09:30,SCH - HQ_IMPORT_EXPORT,325376,1310,1310,-9999
01/25/2019 09:30,SCH - NE - NY,23318,-1601.16,1400,-1800
01/25/2019 09:30,SCH - NPX_1385,325277,125,200,-200
01/25/2019 09:30,SCH - NPX_CSC,325154,50,330,-330
01/25/2019 09:30,SCH - OH - NY,23317,861.35,1700,-1700
01/25/2019 09:30,SCH - PJ - NY,23316,744.74,2000,-1300
01/25/2019 09:30,SCH - PJM_HTP,325905,0,660,-660
01/25/2019 09:30,SCH - PJM_NEPTUNE,325305,660,660,-660
01/25/2019 09:30,SCH - PJM_VFT,325658,315,315,-315
01/25/2019 09:30,SPR/DUN-SOUTH,23320,3579.51,4600,-9999
01/25/2019 09:30,TOTAL EAST,23314,5368.25,6800,-9999
01/25/2019 09:30,UPNY CONED,23315,3072.63,5700,-9999
01/25/2019 09:30,WEST CENTRAL,23312,846.94,9999,-9999
01/25/2019 09:35,CENTRAL EAST - VC,23330,2751.57,2860,-9999
01/25/2019 09:35,DYSINGER EAST,23326,1570.92,3150,-9999
01/25/2019 09:35,MOSES SOUTH,23319,1969.76,3000,-1600
01/25/2019 09:35,SCH - HQ - NY,23324,1480,1500,-1000
01/25/2019 09:35,SCH - HQ_CEDARS,325274,180,180,-100
01/25/2019 09:35,SCH - HQ_IMPORT_EXPORT,325376,1310,1310,-9999
01/25/2019 09:35,SCH - NE - NY,23318,-1601.16,1400,-1800
01/25/2019 09:35,SCH - NPX_1385,325277,125,200,-200
01/25/2019 09:35,SCH - NPX_CSC,325154,50,330,-330
01/25/2019 09:35,SCH - OH - NY,23317,861.58,1700,-1700
01/25/2019 09:35,SCH - PJ - NY,23316,775.81,2000,-1300
01/25/2019 09:35,SCH - PJM_HTP,325905,0,660,-660
01/25/2019 09:35,SCH - PJM_NEPTUNE,325305,660,660,-660
01/25/2019 09:35,SCH - PJM_VFT,325658,315,315,-315
01/25/2019 09:35,SPR/DUN-SOUTH,23320,3593.03,4600,-9999
01/25/2019 09:35,TOTAL EAST,23314,5378.82,6800,-9999
01/25/2019 09:35,UPNY CONED,23315,3084.24,5700,-9999
01/25/2019 09:35,WEST CENTRAL,23312,856.69,9999,-9999
01/25/2019 09:40,CENTRAL EAST - VC,23330,2757.42,2860,-9999
01/25/2019 09:40,DYSINGER EAST,23326,1573.23,3150,-9999
01/25/2019 09:40,MOSES SOUTH,23319,1984.99,3000,-1600
01/25/2019 09:40,SCH - HQ - NY,23324,1480,1500,-1000
01/25/2019 09:40,SCH - HQ_CEDARS,325274,180,180,-100
01/25/2019 09:40,SCH - HQ_IMPORT_EXPORT,325376,1310,1310,-9999
01/25/2019 09:40,SCH - NE - NY,23318,-1601.07,1400,-1800
01/25/2019 09:40,SCH - NPX_1385,325277,125,200,-200
01/25/2019 09:40,SCH - NPX_CSC,325154,50,330,-330
01/25/2019 09:40,SCH - OH - NY,23317,861.56,1700,-1700
01/25/2019 09:40,SCH - PJ - NY,23316,777.01,2000,-1300
01/25/2019 09:40,SCH - PJM_HTP,325905,0,660,-660
01/25/2019 09:40,SCH - PJM_NEPTUNE,325305,660,660,-660
01/25/2019 09:40,SCH - PJM_VFT,325658,315,315,-315
01/25/2019 09:40,SPR/DUN-SOUTH,23320,3590.83,4600,-9999
01/25/2019 09:40,TOTAL EAST,23314,5366.21,6800,-9999
01/25/2019 09:40,UPNY CONED,23315,3079.68,5700,-9999
01/25/2019 09:40,WEST CENTRAL,23312,852.24,9999,-9999
01/25/2019 09:45,CENTRAL EAST - VC,23330,2652.13,2860,-9999
01/25/2019 09:45,DYSINGER EAST,23326,1265.56,3150,-9999
01/25/2019 09:45,MOSES SOUTH,23319,2085.06,3000,-1600
01/25/2019 09:45,SCH - HQ - NY,23324,1480,1500,-1000
01/25/2019 09:45,SCH - HQ_CEDARS,325274,180,180,-100
01/25/2019 09:45,SCH - HQ_IMPORT_EXPORT,325376,1310,1310,-9999
01/25/2019 09:45,SCH - NE - NY,23318,-1601.32,1400,-1800
01/25/2019 09:45,SCH - NPX_1385,325277,125,200,-200
01/25/2019 09:45,SCH - NPX_CSC,325154,50,330,-330
01/25/2019 09:45,SCH - OH - NY,23317,861.68,1700,-1700
01/25/2019 09:45,SCH - PJ - NY,23316,650.96,2000,-1300
01/25/2019 09:45,SCH - PJM_HTP,325905,0,660,-660
01/25/2019 09:45,SCH - PJM_NEPTUNE,325305,660,660,-660
01/25/2019 09:45,SCH - PJM_VFT,325658,315,315,-315
01/25/2019 09:45,SPR/DUN-SOUTH,23320,3331.2,4600,-9999
01/25/2019 09:45,TOTAL EAST,23314,5139.1,6800,-9999
01/25/2019 09:45,UPNY CONED,23315,2819.14,5700,-9999
01/25/2019 09:45,WEST CENTRAL,23312,555.47,9999,-9999
01/25/2019 09:50,CENTRAL EAST - VC,23330,2587.41,2860,-9999
01/25/2019 09:50,DYSINGER EAST,23326,1125.19,3150,-9999
01/25/2019 09:50,MOSES SOUTH,23319,2099.28,3000,-1600
01/25/2019 09:50,SCH - HQ - NY,23324,1480,1500,-1000
01/25/2019 09:50,SCH - HQ_CEDARS,325274,180,180,-100
01/25/2019 09:50,SCH - HQ_IMPORT_EXPORT,325376,1310,1310,-9999
01/25/2019 09:50,SCH - NE - NY,23318,-1601.13,1400,-1800
01/25/2019 09:50,SCH - NPX_1385,325277,125,200,-200
01/25/2019 09:50,SCH - NPX_CSC,325154,50,330,-330
01/25/2019 09:50,SCH - OH - NY,23317,861.62,1700,-1700
01/25/2019 09:50,SCH - PJ - NY,23316,525.21,2000,-1300
01/25/2019 09:50,SCH - PJM_HTP,325905,0,660,-660
01/25/2019 09:50,SCH - PJM_NEPTUNE,325305,660,660,-660
01/25/2019 09:50,SCH - PJM_VFT,325658,315,315,-315
01/25/2019 09:50,SPR/DUN-SOUTH,23320,3171.2,4600,-9999
01/25/2019 09:50,TOTAL EAST,23314,4925.77,6800,-9999
01/25/2019 09:50,UPNY CONED,23315,2620.22,5700,-9999
01/25/2019 09:50,WEST CENTRAL,23312,417.64,9999,-9999
01/25/2019 09:55,CENTRAL EAST - VC,23330,2561.3,2860,-9999
01/25/2019 09:55,DYSINGER EAST,23326,1159.27,3150,-9999
01/25/2019 09:55,MOSES SOUTH,23319,2097.93,3000,-1600
01/25/2019 09:55,SCH - HQ - NY,23324,1480,1500,-1000
01/25/2019 09:55,SCH - HQ_CEDARS,325274,180,180,-100
01/25/2019 09:55,SCH - HQ_IMPORT_EXPORT,325376,1310,1310,-9999
01/25/2019 09:55,SCH - NE - NY,23318,-1601.22,1400,-1800
01/25/2019 09:55,SCH - NPX_1385,325277,125,200,-200
01/25/2019 09:55,SCH - NPX_CSC,325154,50,330,-330
01/25/2019 09:55,SCH - OH - NY,23317,861.68,1700,-1700
01/25/2019 09:55,SCH - PJ - NY,23316,517.59,2000,-1300
01/25/2019 09:55,SCH - PJM_HTP,325905,0,660,-660
01/25/2019 09:55,SCH - PJM_NEPTUNE,325305,660,660,-660
01/25/2019 09:55,SCH - PJM_VFT,325658,315,315,-315
01/25/2019 09:55,SPR/DUN-SOUTH,23320,3057.4,4600,-9999
01/25/2019 09:55,TOTAL EAST,23314,4826.94,6800,-9999
01/25/2019 09:55,UPNY CONED,23315,2489.75,5700,-9999
01/25/2019 09:55,WEST CENTRAL,23312,441.02,9999,-9999
01/25/2019 10:00,CENTRAL EAST - VC,23330,2433.06,2860,-9999
01/25/2019 10:00,DYSINGER EAST,23326,1175.44,3150,-9999
01/25/2019 10:00,MOSES SOUTH,23319,1931.82,3000,-1600
01/25/2019 10:00,SCH - HQ - NY,23324,1480,1500,-1000
01/25/2019 10:00,SCH - HQ_CEDARS,325274,180,180,-100
01/25/2019 10:00,SCH - HQ_IMPORT_EXPORT,325376,1310,1310,-9999
01/25/2019 10:00,SCH - NE - NY,23318,-1601.27,1400,-1800
01/25/2019 10:00,SCH - NPX_1385,325277,2,200,-200
01/25/2019 10:00,SCH - NPX_CSC,325154,50,330,-330
01/25/2019 10:00,SCH - OH - NY,23317,927.53,1700,-1700
01/25/2019 10:00,SCH - PJ - NY,23316,703.69,2000,-1300
01/25/2019 10:00,SCH - PJM_HTP,325905,0,660,-660
01/25/2019 10:00,SCH - PJM_NEPTUNE,325305,660,660,-660
01/25/2019 10:00,SCH - PJM_VFT,325658,315,315,-315
01/25/2019 10:00,SPR/DUN-SOUTH,23320,2638.1,4600,-9999
01/25/2019 10:00,TOTAL EAST,23314,4529.95,6800,-9999
01/25/2019 10:00,UPNY CONED,23315,2025.42,5700,-9999
01/25/2019 10:00,WEST CENTRAL,23312,449.25,9999,-9999
01/25/2019 10:05,CENTRAL EAST - VC,23330,2505.3,2860,-9999
01/25/2019 10:05,DYSINGER EAST,23326,1157.97,3150,-9999
01/25/2019 10:05,MOSES SOUTH,23319,1972.05,3000,-1600
01/25/2019 10:05,SCH - HQ - NY,23324,1480,1500,-1000
01/25/2019 10:05,SCH - HQ_CEDARS,325274,180,180,-100
01/25/2019 10:05,SCH - HQ_IMPORT_EXPORT,325376,1310,1310,-9999
01/25/2019 10:05,SCH - NE - NY,23318,-1601.34,1400,-1800
01/25/2019 10:05,SCH - NPX_1385,325277,-120,200,-200
01/25/2019 10:05,SCH - NPX_CSC,325154,50,330,-330
01/25/2019 10:05,SCH - OH - NY,23317,994.32,1700,-1700
01/25/2019 10:05,SCH - PJ - NY,23316,848.55,2000,-1300
01/25/2019 10:05,SCH - PJM_HTP,325905,0,660,-660
01/25/2019 10:05,SCH - PJM_NEPTUNE,325305,660,660,-660
01/25/2019 10:05,SCH - PJM_VFT,325658,315,315,-315
01/25/2019 10:05,SPR/DUN-SOUTH,23320,2574.95,4600,-9999
01/25/2019 10:05,TOTAL EAST,23314,4655.1,6800,-9999
01/25/2019 10:05,UPNY CONED,23315,2212.64,5700,-9999
01/25/2019 10:05,WEST CENTRAL,23312,428.34,9999,-9999
01/25/2019 10:10,CENTRAL EAST - VC,23330,2523.37,2860,-9999
01/25/2019 10:10,DYSINGER EAST,23326,1126.49,3150,-9999
01/25/2019 10:10,MOSES SOUTH,23319,2092.84,3000,-1600
01/25/2019 10:10,SCH - HQ - NY,23324,1480,1500,-1000
01/25/2019 10:10,SCH - HQ_CEDARS,325274,180,180,-100
01/25/2019 10:10,SCH - HQ_IMPORT_EXPORT,325376,1310,1310,-9999
01/25/2019 10:10,SCH - NE - NY,23318,-1600.98,1400,-1800
01/25/2019 10:10,SCH - NPX_1385,325277,-120,200,-200
01/25/2019 10:10,SCH - NPX_CSC,325154,50,330,-330
01/25/2019 10:10,SCH - OH - NY,23317,994.26,1700,-1700
01/25/2019 10:10,SCH - PJ - NY,23316,844.95,2000,-1300
01/25/2019 10:10,SCH - PJM_HTP,325905,0,660,-660
01/25/2019 10:10,SCH - PJM_NEPTUNE,325305,660,660,-660
01/25/2019 10:10,SCH - PJM_VFT,325658,315,315,-315
01/25/2019 10:10,SPR/DUN-SOUTH,23320,2561.07,4600,-9999
01/25/2019 10:10,TOTAL EAST,23314,4543.55,6800,-9999
01/25/2019 10:10,UPNY CONED,23315,2158.93,5700,-9999
01/25/2019 10:10,WEST CENTRAL,23312,400.86,9999,-9999
01/25/2019 10:15,CENTRAL EAST - VC,23330,2529.09,2860,-9999
01/25/2019 10:15,DYSINGER EAST,23326,1124.5,3150,-9999
01/25/2019 10:15,MOSES SOUTH,23319,2091.31,3000,-1600
01/25/2019 10:15,SCH - HQ - NY,23324,1480,1500,-1000
01/25/2019 10:15,SCH - HQ_CEDARS,325274,180,180,-100
01/25/2019 10:15,SCH - HQ_IMPORT_EXPORT,325376,1310,1310,-9999
01/25/2019 10:15,SCH - NE - NY,23318,-1601.59,1400,-1800
01/25/2019 10:15,SCH - NPX_1385,325277,-120,200,-200
01/25/2019 10:15,SCH - NPX_CSC,325154,50,330,-330
01/25/2019 10:15,SCH - OH - NY,23317,994.33,1700,-1700
01/25/2019 10:15,SCH - PJ - NY,23316,758.29,2000,-1300
01/25/2019 10:15,SCH - PJM_HTP,325905,0,660,-660
01/25/2019 10:15,SCH - PJM_NEPTUNE,325305,660,660,-660
01/25/2019 10:15,SCH - PJM_VFT,325658,315,315,-315
01/25/2019 10:15,SPR/DUN-SOUTH,23320,2577,4600,-9999
01/25/2019 10:15,TOTAL EAST,23314,4565.95,6800,-9999
01/25/2019 10:15,UPNY CONED,23315,2184.41,5700,-9999
01/25/2019 10:15,WEST CENTRAL,23312,396.62,9999,-9999
01/25/2019 10:20,CENTRAL EAST - VC,23330,2522.49,2860,-9999
01/25/2019 10:20,DYSINGER EAST,23326,1188.88,3150,-9999
01/25/2019 10:20,MOSES SOUTH,23319,2033.9,3000,-1600
01/25/2019 10:20,SCH - HQ - NY,23324,1480,1500,-1000
01/25/2019 10:20,SCH - HQ_CEDARS,325274,180,180,-100
01/25/2019 10:20,SCH - HQ_IMPORT_EXPORT,325376,1310,1310,-9999
01/25/2019 10:20,SCH - NE - NY,23318,-1601.74,1400,-1800
01/25/2019 10:20,SCH - NPX_1385,325277,-120,200,-200
01/25/2019 10:20,SCH - NPX_CSC,325154,50,330,-330
01/25/2019 10:20,SCH - OH - NY,23317,994.37,1700,-1700
01/25/2019 10:20,SCH - PJ - NY,23316,681.29,2000,-1300
01/25/2019 10:20,SCH - PJM_HTP,325905,0,660,-660
01/25/2019 10:20,SCH - PJM_NEPTUNE,325305,660,660,-660
01/25/2019 10:20,SCH - PJM_VFT,325658,315,315,-315
01/25/2019 10:20,SPR/DUN-SOUTH,23320,2590.2,4600,-9999
01/25/2019 10:20,TOTAL EAST,23314,4409.73,6800,-9999
01/25/2019 10:20,UPNY CONED,23315,2139.6,5700,-9999
01/25/2019 10:20,WEST CENTRAL,23312,458.94,9999,-9999
01/25/2019 10:25,CENTRAL EAST - VC,23330,2514.49,2860,-9999
01/25/2019 10:25,DYSINGER EAST,23326,1157.78,3150,-9999
01/25/2019 10:25,MOSES SOUTH,23319,2045,3000,-1600
01/25/2019 10:25,SCH - HQ - NY,23324,1480,1500,-1000
01/25/2019 10:25,SCH - HQ_CEDARS,325274,180,180,-100
01/25/2019 10:25,SCH - HQ_IMPORT_EXPORT,325376,1310,1310,-9999
01/25/2019 10:25,SCH - NE - NY,23318,-1601.84,1400,-1800
01/25/2019 10:25,SCH - NPX_1385,325277,-120,200,-200
01/25/2019 10:25,SCH - NPX_CSC,325154,50,330,-330
01/25/2019 10:25,SCH - OH - NY,23317,994.61,1700,-1700
01/25/2019 10:25,SCH - PJ - NY,23316,673.29,2000,-1300
01/25/2019 10:25,SCH - PJM_HTP,325905,0,660,-660
01/25/2019 10:25,SCH - PJM_NEPTUNE,325305,660,660,-660
01/25/2019 10:25,SCH - PJM_VFT,325658,315,315,-315
01/25/2019 10:25,SPR/DUN-SOUTH,23320,2623.97,4600,-9999
01/25/2019 10:25,TOTAL EAST,23314,4427.68,6800,-9999
01/25/2019 10:25,UPNY CONED,23315,2142.83,5700,-9999
01/25/2019 10:25,WEST CENTRAL,23312,435.48,9999,-9999
01/25/2019 10:30,CENTRAL EAST - VC,23330,2550.39,2860,-9999
01/25/2019 10:30,DYSINGER EAST,23326,1144.06,3150,-9999
01/25/2019 10:30,MOSES SOUTH,23319,2057.8,3000,-1600
01/25/2019 10:30,SCH - HQ - NY,23324,1480,1500,-1000
01/25/2019 10:30,SCH - HQ_CEDARS,325274,180,180,-100
01/25/2019 10:30,SCH - HQ_IMPORT_EXPORT,325376,1310,1310,-9999
01/25/2019 10:30,SCH - NE - NY,23318,-1601.79,1400,-1800
01/25/2019 10:30,SCH - NPX_1385,325277,-120,200,-200
01/25/2019 10:30,SCH - NPX_CSC,325154,50,330,-330
01/25/2019 10:30,SCH - OH - NY,23317,994.36,1700,-1700
01/25/2019 10:30,SCH - PJ - NY,23316,545.01,2000,-1300
01/25/2019 10:30,SCH - PJM_HTP,325905,0,660,-660
01/25/2019 10:30,SCH - PJM_NEPTUNE,325305,660,660,-660
01/25/2019 10:30,SCH - PJM_VFT,325658,315,315,-315
01/25/2019 10:30,SPR/DUN-SOUTH,23320,2589.06,4600,-9999
01/25/2019 10:30,TOTAL EAST,23314,4424.45,6800,-9999
01/25/2019 10:30,UPNY CONED,23315,2111.24,5700,-9999
01/25/2019 10:30,WEST CENTRAL,23312,429.19,9999,-9999
01/25/2019 10:35,CENTRAL EAST - VC,23330,2599.3,2840,-9999
01/25/2019 10:35,DYSINGER EAST,23326,1270.9,3150,-9999
01/25/2019 10:35,MOSES SOUTH,23319,2086.25,3000,-1600
01/25/2019 10:35,SCH - HQ - NY,23324,1480,1500,-1000
01/25/2019 10:35,SCH - HQ_CEDARS,325274,180,180,-100
01/25/2019 10:35,SCH - HQ_IMPORT_EXPORT,325376,1310,1310,-9999
01/25/2019 10:35,SCH - NE - NY,23318,-1601.67,1400,-1800
01/25/2019 10:35,SCH - NPX_1385,325277,-120,200,-200
01/25/2019 10:35,SCH - NPX_CSC,325154,50,330,-330
01/25/2019 10:35,SCH - OH - NY,23317,994.55,1700,-1700
01/25/2019 10:35,SCH - PJ - NY,23316,405.16,2000,-1300
01/25/2019 10:35,SCH - PJM_HTP,325905,0,660,-660
01/25/2019 10:35,SCH - PJM_NEPTUNE,325305,660,660,-660
01/25/2019 10:35,SCH - PJM_VFT,325658,315,315,-315
01/25/2019 10:35,SPR/DUN-SOUTH,23320,2641.41,4600,-9999
01/25/2019 10:35,TOTAL EAST,23314,4419.89,6800,-9999
01/25/2019 10:35,UPNY CONED,23315,2178.07,5700,-9999
01/25/2019 10:35,WEST CENTRAL,23312,552.87,9999,-9999
01/25/2019 10:40,CENTRAL EAST - VC,23330,2554.31,2840,-9999
01/25/2019 10:40,DYSINGER EAST,23326,1216.44,3150,-9999
01/25/2019 10:40,MOSES SOUTH,23319,2057.81,3000,-1600
01/25/2019 10:40,SCH - HQ - NY,23324,1480,1500,-1000
01/25/2019 10:40,SCH - HQ_CEDARS,325274,180,180,-100
01/25/2019 10:40,SCH - HQ_IMPORT_EXPORT,325376,1310,1310,-9999
01/25/2019 10:40,SCH - NE - NY,23318,-1601.8,1400,-1800
01/25/2019 10:40,SCH - NPX_1385,325277,-120,200,-200
01/25/2019 10:40,SCH - NPX_CSC,325154,50,330,-330
01/25/2019 10:40,SCH - OH - NY,23317,994.48,1700,-1700
01/25/2019 10:40,SCH - PJ - NY,23316,404.76,2000,-1300
01/25/2019 10:40,SCH - PJM_HTP,325905,0,660,-660
01/25/2019 10:40,SCH - PJM_NEPTUNE,325305,660,660,-660
01/25/2019 10:40,SCH - PJM_VFT,325658,315,315,-315
01/25/2019 10:40,SPR/DUN-SOUTH,23320,2663.61,4600,-9999
01/25/2019 10:40,TOTAL EAST,23314,4467.61,6800,-9999
01/25/2019 10:40,UPNY CONED,23315,2210.05,5700,-9999
01/25/2019 10:40,WEST CENTRAL,23312,498.76,9999,-9999
01/25/2019 10:45,CENTRAL EAST - VC,23330,2597.49,2840,-9999
01/25/2019 10:45,DYSINGER EAST,23326,1307.7,3150,-9999
01/25/2019 10:45,MOSES SOUTH,23319,2029.59,3000,-1600
01/25/2019 10:45,SCH - HQ - NY,23324,1480,1500,-1000
01/25/2019 10:45,SCH - HQ_CEDARS,325274,180,180,-100
01/25/2019 10:45,SCH - HQ_IMPORT_EXPORT,325376,1310,1310,-9999
01/25/2019 10:45,SCH - NE - NY,23318,-1601.75,1400,-1800
01/25/2019 10:45,SCH - NPX_1385,325277,-120,200,-200
01/25/2019 10:45,SCH - NPX_CSC,325154,50,330,-330
01/25/2019 10:45,SCH - OH - NY,23317,994.32,1700,-1700
01/25/2019 10:45,SCH - PJ - NY,23316,340.8,2000,-1300
01/25/2019 10:45,SCH - PJM_HTP,325905,0,660,-660
01/25/2019 10:45,SCH - PJM_NEPTUNE,325305,660,660,-660
01/25/2019 10:45,SCH - PJM_VFT,325658,315,315,-315
01/25/2019 10:45,SPR/DUN-SOUTH,23320,2663.24,4600,-9999
01/25/2019 10:45,TOTAL EAST,23314,4473.13,6800,-9999
01/25/2019 10:45,UPNY CONED,23315,2173.5,5700,-9999
01/25/2019 10:45,WEST CENTRAL,23312,592.83,9999,-9999
01/25/2019 10:50,CENTRAL EAST - VC,23330,2586.66,2840,-9999
01/25/2019 10:50,DYSINGER EAST,23326,1309.83,3150,-9999
01/25/2019 10:50,MOSES SOUTH,23319,2064.92,3000,-1600
01/25/2019 10:50,SCH - HQ - NY,23324,1480,1500,-1000
01/25/2019 10:50,SCH - HQ_CEDARS,325274,180,180,-100
01/25/2019 10:50,SCH - HQ_IMPORT_EXPORT,325376,1310,1310,-9999
01/25/2019 10:50,SCH - NE - NY,23318,-1601.86,1400,-1800
01/25/2019 10:50,SCH - NPX_1385,325277,-120,200,-200
01/25/2019 10:50,SCH - NPX_CSC,325154,50,330,-330
01/25/2019 10:50,SCH - OH - NY,23317,994.49,1700,-1700
01/25/2019 10:50,SCH - PJ - NY,23316,277.14,2000,-1300
01/25/2019 10:50,SCH - PJM_HTP,325905,0,660,-660
01/25/2019 10:50,SCH - PJM_NEPTUNE,325305,660,660,-660
01/25/2019 10:50,SCH - PJM_VFT,325658,315,315,-315
01/25/2019 10:50,SPR/DUN-SOUTH,23320,2659.2,4600,-9999
01/25/2019 10:50,TOTAL EAST,23314,4429.43,6800,-9999
01/25/2019 10:50,UPNY CONED,23315,2159.16,5700,-9999
01/25/2019 10:50,WEST CENTRAL,23312,595.86,9999,-9999
01/25/2019 10:55,CENTRAL EAST - VC,23330,2601.97,2840,-9999
01/25/2019 10:55,DYSINGER EAST,23326,1265.73,3150,-9999
01/25/2019 10:55,MOSES SOUTH,23319,2067.56,3000,-1600
01/25/2019 10:55,SCH - HQ - NY,23324,1480,1500,-1000
01/25/2019 10:55,SCH - HQ_CEDARS,325274,180,180,-100
01/25/2019 10:55,SCH - HQ_IMPORT_EXPORT,325376,1310,1310,-9999
01/25/2019 10:55,SCH - NE - NY,23318,-1601.78,1400,-1800
01/25/2019 10:55,SCH - NPX_1385,325277,-120,200,-200
01/25/2019 10:55,SCH - NPX_CSC,325154,50,330,-330
01/25/2019 10:55,SCH - OH - NY,23317,994.32,1700,-1700
01/25/2019 10:55,SCH - PJ - NY,23316,281.66,2000,-1300
01/25/2019 10:55,SCH - PJM_HTP,325905,0,660,-660
01/25/2019 10:55,SCH - PJM_NEPTUNE,325305,660,660,-660
01/25/2019 10:55,SCH - PJM_VFT,325658,315,315,-315
01/25/2019 10:55,SPR/DUN-SOUTH,23320,2656.62,4600,-9999
01/25/2019 10:55,TOTAL EAST,23314,4369.6,6800,-9999
01/25/2019 10:55,UPNY CONED,23315,2142.06,5700,-9999
01/25/2019 10:55,WEST CENTRAL,23312,555.16,9999,-9999
01/25/2019 11:00,CENTRAL EAST - VC,23330,2575.38,2840,-9999
01/25/2019 11:00,DYSINGER EAST,23326,1237.32,3150,-9999
01/25/2019 11:00,MOSES SOUTH,23319,1980.41,3000,-1600
01/25/2019 11:00,SCH - HQ - NY,23324,1325,1500,-1000
01/25/2019 11:00,SCH - HQ_CEDARS,325274,180,180,-100
01/25/2019 11:00,SCH - HQ_IMPORT_EXPORT,325376,1155,1310,-9999
01/25/2019 11:00,SCH - NE - NY,23318,-1601.71,1400,-1800
01/25/2019 11:00,SCH - NPX_1385,325277,-65,200,-200
01/25/2019 11:00,SCH - NPX_CSC,325154,50,330,-330
01/25/2019 11:00,SCH - OH - NY,23317,1029.34,1700,-1700
01/25/2019 11:00,SCH - PJ - NY,23316,350.51,2000,-1300
01/25/2019 11:00,SCH - PJM_HTP,325905,0,660,-660
01/25/2019 11:00,SCH - PJM_NEPTUNE,325305,660,660,-660
01/25/2019 11:00,SCH - PJM_VFT,325658,315,315,-315
01/25/2019 11:00,SPR/DUN-SOUTH,23320,2665.38,4600,-9999
01/25/2019 11:00,TOTAL EAST,23314,4322.19,6800,-9999
01/25/2019 11:00,UPNY CONED,23315,2085.59,5700,-9999
01/25/2019 11:00,WEST CENTRAL,23312,533.51,9999,-9999
01/25/2019 11:05,CENTRAL EAST - VC,23330,2567.6,2840,-9999
01/25/2019 11:05,DYSINGER EAST,23326,1267.16,3150,-9999
01/25/2019 11:05,MOSES SOUTH,23319,1870.41,3000,-1600
01/25/2019 11:05,SCH - HQ - NY,23324,1170,1500,-1000
01/25/2019 11:05,SCH - HQ_CEDARS,325274,180,180,-100
01/25/2019 11:05,SCH - HQ_IMPORT_EXPORT,325376,1000,1310,-9999
01/25/2019 11:05,SCH - NE - NY,23318,-1601.8,1400,-1800
01/25/2019 11:05,SCH - NPX_1385,325277,-11,200,-200
01/25/2019 11:05,SCH - NPX_CSC,325154,50,330,-330
01/25/2019 11:05,SCH - OH - NY,23317,1065.25,1700,-1700
01/25/2019 11:05,SCH - PJ - NY,23316,419.45,2000,-1300
01/25/2019 11:05,SCH - PJM_HTP,325905,0,660,-660
01/25/2019 11:05,SCH - PJM_NEPTUNE,325305,660,660,-660
01/25/2019 11:05,SCH - PJM_VFT,325658,315,315,-315
01/25/2019 11:05,SPR/DUN-SOUTH,23320,2671.92,4600,-9999
01/25/2019 11:05,TOTAL EAST,23314,4285.05,6800,-9999
01/25/2019 11:05,UPNY CONED,23315,2048.73,5700,-9999
01/25/2019 11:05,WEST CENTRAL,23312,563.58,9999,-9999
01/25/2019 11:10,CENTRAL EAST - VC,23330,2528.76,2840,-9999
01/25/2019 11:10,DYSINGER EAST,23326,1216.76,3150,-9999
01/25/2019 11:10,MOSES SOUTH,23319,1888.79,3000,-1600
01/25/2019 11:10,SCH - HQ - NY,23324,1170,1500,-1000
01/25/2019 11:10,SCH - HQ_CEDARS,325274,180,180,-100
01/25/2019 11:10,SCH - HQ_IMPORT_EXPORT,325376,1000,1310,-9999
01/25/2019 11:10,SCH - NE - NY,23318,-1601.74,1400,-1800
01/25/2019 11:10,SCH - NPX_1385,325277,-12,200,-200
01/25/2019 11:10,SCH - NPX_CSC,325154,50,330,-330
01/25/2019 11:10,SCH - OH - NY,23317,1065.13,1700,-1700
01/25/2019 11:10,SCH - PJ - NY,23316,414.74,2000,-1300
01/25/2019 11:10,SCH - PJM_HTP,325905,0,660,-660
01/25/2019 11:10,SCH - PJM_NEPTUNE,325305,660,660,-660
01/25/2019 11:10,SCH - PJM_VFT,325658,315,315,-315
01/25/2019 11:10,SPR/DUN-SOUTH,23320,2655.15,4600,-9999
01/25/2019 11:10,TOTAL EAST,23314,4322.81,6800,-9999
01/25/2019 11:10,UPNY CONED,23315,2027.41,5700,-9999
01/25/2019 11:10,WEST CENTRAL,23312,513.48,9999,-9999
01/25/2019 11:15,CENTRAL EAST - VC,23330,2498.46,2840,-9999
01/25/2019 11:15,DYSINGER EAST,23326,1209.58,3150,-9999
01/25/2019 11:15,MOSES SOUTH,23319,1920.61,3000,-1600
01/25/2019 11:15,SCH - HQ - NY,23324,1170,1500,-1000
01/25/2019 11:15,SCH - HQ_CEDARS,325274,180,180,-100
01/25/2019 11:15,SCH - HQ_IMPORT_EXPORT,325376,1000,1310,-9999
01/25/2019 11:15,SCH - NE - NY,23318,-1601.91,1400,-1800
01/25/2019 11:15,SCH - NPX_1385,325277,-12,200,-200
01/25/2019 11:15,SCH - NPX_CSC,325154,50,330,-330
01/25/2019 11:15,SCH - OH - NY,23317,1065.1,1700,-1700
01/25/2019 11:15,SCH - PJ - NY,23316,419.38,2000,-1300
01/25/2019 11:15,SCH - PJM_HTP,325905,0,660,-660
01/25/2019 11:15,SCH - PJM_NEPTUNE,325305,660,660,-660
01/25/2019 11:15,SCH - PJM_VFT,325658,315,315,-315
01/25/2019 11:15,SPR/DUN-SOUTH,23320,2669.85,4600,-9999
01/25/2019 11:15,TOTAL EAST,23314,4398.06,6800,-9999
01/25/2019 11:15,UPNY CONED,23315,2084.1,5700,-9999
01/25/2019 11:15,WEST CENTRAL,23312,505.88,9999,-9999
01/25/2019 11:20,CENTRAL EAST - VC,23330,2490.84,2780,-9999
01/25/2019 11:20,DYSINGER EAST,23326,1250.96,3150,-9999
01/25/2019 11:20,MOSES SOUTH,23319,1902.19,3000,-1600
01/25/2019 11:20,SCH - HQ - NY,23324,1170,1500,-1000
01/25/2019 11:20,SCH - HQ_CEDARS,325274,180,180,-100
01/25/2019 11:20,SCH - HQ_IMPORT_EXPORT,325376,1000,1310,-9999
01/25/2019 11:20,SCH - NE - NY,23318,-1601.9,1400,-1800
01/25/2019 11:20,SCH - NPX_1385,325277,-12,200,-200
01/25/2019 11:20,SCH - NPX_CSC,325154,50,330,-330
01/25/2019 11:20,SCH - OH - NY,23317,1065.23,1700,-1700
01/25/2019 11:20,SCH - PJ - NY,23316,420.42,2000,-1300
01/25/2019 11:20,SCH - PJM_HTP,325905,0,660,-660
01/25/2019 11:20,SCH - PJM_NEPTUNE,325305,660,660,-660
01/25/2019 11:20,SCH - PJM_VFT,325658,315,315,-315
01/25/2019 11:20,SPR/DUN-SOUTH,23320,2659.52,4600,-9999
01/25/2019 11:20,TOTAL EAST,23314,4378.51,6800,-9999
01/25/2019 11:20,UPNY CONED,23315,2071.25,5700,-9999
01/25/2019 11:20,WEST CENTRAL,23312,547.05,9999,-9999
01/25/2019 11:25,CENTRAL EAST - VC,23330,2501.2,2780,-9999
01/25/2019 11:25,DYSINGER EAST,23326,1251.75,3150,-9999
01/25/2019 11:25,MOSES SOUTH,23319,1925.74,3000,-1600
01/25/2019 11:25,SCH - HQ - NY,23324,1170,1500,-1000
01/25/2019 11:25,SCH - HQ_CEDARS,325274,180,180,-100
01/25/2019 11:25,SCH - HQ_IMPORT_EXPORT,325376,1000,1310,-9999
01/25/2019 11:25,SCH - NE - NY,23318,-1601.92,1400,-1800
01/25/2019 11:25,SCH - NPX_1385,325277,-12,200,-200
01/25/2019 11:25,SCH - NPX_CSC,325154,50,330,-330
01/25/2019 11:25,SCH - OH - NY,23317,1065.25,1700,-1700
01/25/2019 11:25,SCH - PJ - NY,23316,417.35,2000,-1300
01/25/2019 11:25,SCH - PJM_HTP,325905,0,660,-660
01/25/2019 11:25,SCH - PJM_NEPTUNE,325305,660,660,-660
01/25/2019 11:25,SCH - PJM_VFT,325658,315,315,-315
01/25/2019 11:25,SPR/DUN-SOUTH,23320,2674.45,4600,-9999
01/25/2019 11:25,TOTAL EAST,23314,4368.2,6800,-9999
01/25/2019 11:25,UPNY CONED,23315,2082.82,5700,-9999
01/25/2019 11:25,WEST CENTRAL,23312,543.12,9999,-9999
01/25/2019 11:30,CENTRAL EAST - VC,23330,2503.75,2780,-9999
01/25/2019 11:30,DYSINGER EAST,23326,1227.8,3150,-9999
01/25/2019 11:30,MOSES SOUTH,23319,1937.61,3000,-1600
01/25/2019 11:30,SCH - HQ - NY,23324,1170,1500,-1000
01/25/2019 11:30,SCH - HQ_CEDARS,325274,180,180,-100
01/25/2019 11:30,SCH - HQ_IMPORT_EXPORT,325376,1000,1310,-9999
01/25/2019 11:30,SCH - NE - NY,23318,-1601.86,1400,-1800
01/25/2019 11:30,SCH - NPX_1385,325277,-12,200,-200
01/25/2019 11:30,SCH - NPX_CSC,325154,50,330,-330
01/25/2019 11:30,SCH - OH - NY,23317,1065.17,1700,-1700
01/25/2019 11:30,SCH - PJ - NY,23316,399.18,2000,-1300
01/25/2019 11:30,SCH - PJM_HTP,325905,0,660,-660
01/25/2019 11:30,SCH - PJM_NEPTUNE,325305,660,660,-660
01/25/2019 11:30,SCH - PJM_VFT,325658,315,315,-315
01/25/2019 11:30,SPR/DUN-SOUTH,23320,2676.48,4600,-9999
01/25/2019 11:30,TOTAL EAST,23314,4344.43,6800,-9999
01/25/2019 11:30,UPNY CONED,23315,2083.57,5700,-9999
01/25/2019 11:30,WEST CENTRAL,23312,520.44,9999,-9999
01/25/2019 11:35,CENTRAL EAST - VC,23330,2489.58,2780,-9999
01/25/2019 11:35,DYSINGER EAST,23326,1156.63,3150,-9999
01/25/2019 11:35,MOSES SOUTH,23319,1940.57,3000,-1600
01/25/2019 11:35,SCH - HQ - NY,23324,1170,1500,-1000
01/25/2019 11:35,SCH - HQ_CEDARS,325274,180,180,-100
01/25/2019 11:35,SCH - HQ_IMPORT_EXPORT,325376,1000,1310,-9999
01/25/2019 11:35,SCH - NE - NY,23318,-1601.93,1400,-1800
01/25/2019 11:35,SCH - NPX_1385,325277,-12,200,-200
01/25/2019 11:35,SCH - NPX_CSC,325154,50,330,-330
01/25/2019 11:35,SCH - OH - NY,23317,1065.03,1700,-1700
01/25/2019 11:35,SCH - PJ - NY,23316,378.34,2000,-1300
01/25/2019 11:35,SCH - PJM_HTP,325905,0,660,-660
01/25/2019 11:35,SCH - PJM_NEPTUNE,325305,660,660,-660
01/25/2019 11:35,SCH - PJM_VFT,325658,315,315,-315
01/25/2019 11:35,SPR/DUN-SOUTH,23320,2688.46,4600,-9999
01/25/2019 11:35,TOTAL EAST,23314,4357.68,6800,-9999
01/25/2019 11:35,UPNY CONED,23315,2080.88,5700,-9999
01/25/2019 11:35,WEST CENTRAL,23312,449.63,9999,-9999
01/25/2019 11:40,CENTRAL EAST - VC,23330,2474.58,2780,-9999
01/25/2019 11:40,DYSINGER EAST,23326,1155.38,3150,-9999
01/25/2019 11:40,MOSES SOUTH,23319,1926.71,3000,-1600
01/25/2019 11:40,SCH - HQ - NY,23324,1170,1500,-1000
01/25/2019 11:40,SCH - HQ_CEDARS,325274,180,180,-100
01/25/2019 11:40,SCH - HQ_IMPORT_EXPORT,325376,1000,1310,-9999
01/25/2019 11:40,SCH - NE - NY,23318,-1601.85,1400,-1800
01/25/2019 11:40,SCH - NPX_1385,325277,-12,200,-200
01/25/2019 11:40,SCH - NPX_CSC,325154,50,330,-330
01/25/2019 11:40,SCH - OH - NY,23317,1065.07,1700,-1700
01/25/2019 11:40,SCH - PJ - NY,23316,376.42,2000,-1300
01/25/2019 11:40,SCH - PJM_HTP,325905,0,660,-660
01/25/2019 11:40,SCH - PJM_NEPTUNE,325305,660,660,-660
01/25/2019 11:40,SCH - PJM_VFT,325658,315,315,-315
01/25/2019 11:40,SPR/DUN-SOUTH,23320,2687.65,4600,-9999
01/25/2019 11:40,TOTAL EAST,23314,4360.97,6800,-9999
01/25/2019 11:40,UPNY CONED,23315,2070.63,5700,-9999
01/25/2019 11:40,WEST CENTRAL,23312,449.8,9999,-9999
01/25/2019 11:45,CENTRAL EAST - VC,23330,2477.52,2780,-9999
01/25/2019 11:45,DYSINGER EAST,23326,1187.62,3150,-9999
01/25/2019 11:45,MOSES SOUTH,23319,1956.83,3000,-1600
01/25/2019 11:45,SCH - HQ - NY,23324,1170,1500,-1000
01/25/2019 11:45,SCH - HQ_CEDARS,325274,180,180,-100
01/25/2019 11:45,SCH - HQ_IMPORT_EXPORT,325376,1000,1310,-9999
01/25/2019 11:45,SCH - NE - NY,23318,-1602.02,1400,-1800
01/25/2019 11:45,SCH - NPX_1385,325277,-12,200,-200
01/25/2019 11:45,SCH - NPX_CSC,325154,50,330,-330
01/25/2019 11:45,SCH - OH - NY,23317,1065.17,1700,-1700
01/25/2019 11:45,SCH - PJ - NY,23316,347.67,2000,-1300
01/25/2019 11:45,SCH - PJM_HTP,325905,0,660,-660
01/25/2019 11:45,SCH - PJM_NEPTUNE,325305,660,660,-660
01/25/2019 11:45,SCH - PJM_VFT,325658,315,315,-315
01/25/2019 11:45,SPR/DUN-SOUTH,23320,2692.08,4600,-9999
01/25/2019 11:45,TOTAL EAST,23314,4346.32,6800,-9999
01/25/2019 11:45,UPNY CONED,23315,2070.9,5700,-9999
01/25/2019 11:45,WEST CENTRAL,23312,480.31,9999,-9999
01/25/2019 11:50,CENTRAL EAST - VC,23330,2460.42,2780,-9999
01/25/2019 11:50,DYSINGER EAST,23326,1200.42,3150,-9999
01/25/2019 11:50,MOSES SOUTH,23319,1938.24,3000,-1600
01/25/2019 11:50,SCH - HQ - NY,23324,1170,1500,-1000
01/25/2019 11:50,SCH - HQ_CEDARS,325274,180,180,-100
01/25/2019 11:50,SCH - HQ_IMPORT_EXPORT,325376,1000,1310,-9999
01/25/2019 11:50,SCH - NE - NY,23318,-1601.96,1400,-1800
01/25/2019 11:50,SCH - NPX_1385,325277,-12,200,-200
01/25/2019 11:50,SCH - NPX_CSC,325154,50,330,-330
01/25/2019 11:50,SCH - OH - NY,23317,1065.19,1700,-1700
01/25/2019 11:50,SCH - PJ - NY,23316,316.88,2000,-1300
01/25/2019 11:50,SCH - PJM_HTP,325905,0,660,-660
01/25/2019 11:50,SCH - PJM_NEPTUNE,325305,660,660,-660
01/25/2019 11:50,SCH - PJM_VFT,325658,315,315,-315
01/25/2019 11:50,SPR/DUN-SOUTH,23320,2695.73,4600,-9999
01/25/2019 11:50,TOTAL EAST,23314,4341.66,6800,-9999
01/25/2019 11:50,UPNY CONED,23315,2056.03,5700,-9999
01/25/2019 11:50,WEST CENTRAL,23312,494.62,9999,-9999
01/25/2019 11:55,CENTRAL EAST - VC,23330,2471.3,2780,-9999
01/25/2019 11:55,DYSINGER EAST,23326,1225.08,3150,-9999
01/25/2019 11:55,MOSES SOUTH,23319,1915.86,3000,-1600
01/25/2019 11:55,SCH - HQ - NY,23324,1170,1500,-1000
01/25/2019 11:55,SCH - HQ_CEDARS,325274,180,180,-100
01/25/2019 11:55,SCH - HQ_IMPORT_EXPORT,325376,1000,1310,-9999
01/25/2019 11:55,SCH - NE - NY,23318,-1601.84,1400,-1800
01/25/2019 11:55,SCH - NPX_1385,325277,-12,200,-200
01/25/2019 11:55,SCH - NPX_CSC,325154,50,330,-330
01/25/2019 11:55,SCH - OH - NY,23317,1065.13,1700,-1700
01/25/2019 11:55,SCH - PJ - NY,23316,317.57,2000,-1300
01/25/2019 11:55,SCH - PJM_HTP,325905,0,660,-660
01/25/2019 11:55,SCH - PJM_NEPTUNE,325305,660,660,-660
01/25/2019 11:55,SCH - PJM_VFT,325658,315,315,-315
01/25/2019 11:55,SPR/DUN-SOUTH,23320,2698.96,4600,-9999
01/25/2019 11:55,TOTAL EAST,23314,4324.9,6800,-9999
01/25/2019 11:55,UPNY CONED,23315,2050.97,5700,-9999
01/25/2019 11:55,WEST CENTRAL,23312,519.42,9999,-9999
01/25/2019 12:00,CENTRAL EAST - VC,23330,2417.86,2780,-9999
01/25/2019 12:00,DYSINGER EAST,23326,1160.83,3150,-9999
01/25/2019 12:00,MOSES SOUTH,23319,1881.63,3000,-1600
01/25/2019 12:00,SCH - HQ - NY,23324,1147,1500,-1000
01/25/2019 12:00,SCH - HQ_CEDARS,325274,180,180,-100
01/25/2019 12:00,SCH - HQ_IMPORT_EXPORT,325376,977,1310,-9999
01/25/2019 12:00,SCH - NE - NY,23318,-1602.02,1400,-1800
01/25/2019 12:00,SCH - NPX_1385,325277,-11,200,-200
01/25/2019 12:00,SCH - NPX_CSC,325154,50,330,-330
01/25/2019 12:00,SCH - OH - NY,23317,1038.26,1700,-1700
01/25/2019 12:00,SCH - PJ - NY,23316,401.72,2000,-1300
01/25/2019 12:00,SCH - PJM_HTP,325905,99,660,-660
01/25/2019 12:00,SCH - PJM_NEPTUNE,325305,660,660,-660
01/25/2019 12:00,SCH - PJM_VFT,325658,315,315,-315
01/25/2019 12:00,SPR/DUN-SOUTH,23320,2632.07,4600,-9999
01/25/2019 12:00,TOTAL EAST,23314,4299.12,6800,-9999
01/25/2019 12:00,UPNY CONED,23315,2002.58,5700,-9999
01/25/2019 12:00,WEST CENTRAL,23312,455.49,9999,-9999
01/25/2019 12:05,CENTRAL EAST - VC,23330,2421.07,2780,-9999
01/25/2019 12:05,DYSINGER EAST,23326,1120.97,3150,-9999
01/25/2019 12:05,MOSES SOUTH,23319,1854.76,3000,-1600
01/25/2019 12:05,SCH - HQ - NY,23324,1125,1500,-1000
01/25/2019 12:05,SCH - HQ_CEDARS,325274,180,180,-100
01/25/2019 12:05,SCH - HQ_IMPORT_EXPORT,325376,955,1310,-9999
01/25/2019 12:05,SCH - NE - NY,23318,-1602.09,1400,-1800
01/25/2019 12:05,SCH - NPX_1385,325277,-10,200,-200
01/25/2019 12:05,SCH - NPX_CSC,325154,50,330,-330
01/25/2019 12:05,SCH - OH - NY,23317,1012.37,1700,-1700
01/25/2019 12:05,SCH - PJ - NY,23316,483.44,2000,-1300
01/25/2019 12:05,SCH - PJM_HTP,325905,199,660,-660
01/25/2019 12:05,SCH - PJM_NEPTUNE,325305,660,660,-660
01/25/2019 12:05,SCH - PJM_VFT,325658,315,315,-315
01/25/2019 12:05,SPR/DUN-SOUTH,23320,2633.05,4600,-9999
01/25/2019 12:05,TOTAL EAST,23314,4308.45,6800,-9999
01/25/2019 12:05,UPNY CONED,23315,2016.05,5700,-9999
01/25/2019 12:05,WEST CENTRAL,23312,415.88,9999,-9999
01/25/2019 12:10,CENTRAL EAST - VC,23330,2456.96,2780,-9999
01/25/2019 12:10,DYSINGER EAST,23326,1207.91,3150,-9999
01/25/2019 12:10,MOSES SOUTH,23319,1859,3000,-1600
01/25/2019 12:10,SCH - HQ - NY,23324,1125,1500,-1000
01/25/2019 12:10,SCH - HQ_CEDARS,325274,180,180,-100
01/25/2019 12:10,SCH - HQ_IMPORT_EXPORT,325376,955,1310,-9999
01/25/2019 12:10,SCH - NE - NY,23318,-1602.07,1400,-1800
01/25/2019 12:10,SCH - NPX_1385,325277,-10,200,-200
01/25/2019 12:10,SCH - NPX_CSC,325154,50,330,-330
01/25/2019 12:10,SCH - OH - NY,23317,1012.49,1700,-1700
01/25/2019 12:10,SCH - PJ - NY,23316,485.32,2000,-1300
01/25/2019 12:10,SCH - PJM_HTP,325905,199,660,-660
01/25/2019 12:10,SCH - PJM_NEPTUNE,325305,660,660,-660
01/25/2019 12:10,SCH - PJM_VFT,325658,315,315,-315
01/25/2019 12:10,SPR/DUN-SOUTH,23320,2634.92,4600,-9999
01/25/2019 12:10,TOTAL EAST,23314,4347.01,6800,-9999
01/25/2019 12:10,UPNY CONED,23315,2039.37,5700,-9999
01/25/2019 12:10,WEST CENTRAL,23312,501.97,9999,-9999
01/25/2019 12:15,CENTRAL EAST - VC,23330,2439.37,2780,-9999
01/25/2019 12:15,DYSINGER EAST,23326,1171.38,3150,-9999
01/25/2019 12:15,MOSES SOUTH,23319,1822.79,3000,-1600
01/25/2019 12:15,SCH - HQ - NY,23324,1125,1500,-1000
01/25/2019 12:15,SCH - HQ_CEDARS,325274,180,180,-100
01/25/2019 12:15,SCH - HQ_IMPORT_EXPORT,325376,955,1310,-9999
01/25/2019 12:15,SCH - NE - NY,23318,-1601.45,1400,-1800
01/25/2019 12:15,SCH - NPX_1385,325277,-10,200,-200
01/25/2019 12:15,SCH - NPX_CSC,325154,50,330,-330
01/25/2019 12:15,SCH - OH - NY,23317,1012.3,1700,-1700
01/25/2019 12:15,SCH - PJ - NY,23316,490.39,2000,-1300
01/25/2019 12:15,SCH - PJM_HTP,325905,199,660,-660
01/25/2019 12:15,SCH - PJM_NEPTUNE,325305,660,660,-660
01/25/2019 12:15,SCH - PJM_VFT,325658,315,315,-315
01/25/2019 12:15,SPR/DUN-SOUTH,23320,2567.66,4600,-9999
01/25/2019 12:15,TOTAL EAST,23314,4274.22,6800,-9999
01/25/2019 12:15,UPNY CONED,23315,1982.38,5700,-9999
01/25/2019 12:15,WEST CENTRAL,23312,468.42,9999,-9999
01/25/2019 12:20,CENTRAL EAST - VC,23330,2434.63,2760,-9999
01/25/2019 12:20,DYSINGER EAST,23326,1186.8,3150,-9999
01/25/2019 12:20,MOSES SOUTH,23319,1817.82,3000,-1600
01/25/2019 12:20,SCH - HQ - NY,23324,1125,1500,-1000
01/25/2019 12:20,SCH - HQ_CEDARS,325274,180,180,-100
01/25/2019 12:20,SCH - HQ_IMPORT_EXPORT,325376,955,1310,-9999
01/25/2019 12:20,SCH - NE - NY,23318,-1601.47,1400,-1800
01/25/2019 12:20,SCH - NPX_1385,325277,-10,200,-200
01/25/2019 12:20,SCH - NPX_CSC,325154,50,330,-330
01/25/2019 12:20,SCH - OH - NY,23317,1012.33,1700,-1700
01/25/2019 12:20,SCH - PJ - NY,23316,498.49,2000,-1300
01/25/2019 12:20,SCH - PJM_HTP,325905,200,660,-660
01/25/2019 12:20,SCH - PJM_NEPTUNE,325305,660,660,-660
01/25/2019 12:20,SCH - PJM_VFT,325658,315,315,-315
01/25/2019 12:20,SPR/DUN-SOUTH,23320,2568.28,4600,-9999
01/25/2019 12:20,TOTAL EAST,23314,4291.35,6800,-9999
01/25/2019 12:20,UPNY CONED,23315,1990.49,5700,-9999
01/25/2019 12:20,WEST CENTRAL,23312,488.7,9999,-9999
01/25/2019 12:25,CENTRAL EAST - VC,23330,2425.84,2760,-9999
01/25/2019 12:25,DYSINGER EAST,23326,1181.46,3150,-9999
01/25/2019 12:25,MOSES SOUTH,23319,1820.42,3000,-1600
01/25/2019 12:25,SCH - HQ - NY,23324,1125,1500,-1000
01/25/2019 12:25,SCH - HQ_CEDARS,325274,180,180,-100
01/25/2019 12:25,SCH - HQ_IMPORT_EXPORT,325376,955,1310,-9999
01/25/2019 12:25,SCH - NE - NY,23318,-1601.5,1400,-1800
01/25/2019 12:25,SCH - NPX_1385,325277,-10,200,-200
01/25/2019 12:25,SCH - NPX_CSC,325154,50,330,-330
01/25/2019 12:25,SCH - OH - NY,23317,1012.26,1700,-1700
01/25/2019 12:25,SCH - PJ - NY,23316,497.54,2000,-1300
01/25/2019 12:25,SCH - PJM_HTP,325905,200,660,-660
01/25/2019 12:25,SCH - PJM_NEPTUNE,325305,660,660,-660
01/25/2019 12:25,SCH - PJM_VFT,325658,315,315,-315
01/25/2019 12:25,SPR/DUN-SOUTH,23320,2568.17,4600,-9999
01/25/2019 12:25,TOTAL EAST,23314,4296.24,6800,-9999
01/25/2019 12:25,UPNY CONED,23315,2004.97,5700,-9999
01/25/2019 12:25,WEST CENTRAL,23312,485.72,9999,-9999
01/25/2019 12:30,CENTRAL EAST - VC,23330,2423.53,2760,-9999
01/25/2019 12:30,DYSINGER EAST,23326,1167.68,3150,-9999
01/25/2019 12:30,MOSES SOUTH,23319,1827.09,3000,-1600
01/25/2019 12:30,SCH - HQ - NY,23324,1125,1500,-1000
01/25/2019 12:30,SCH - HQ_CEDARS,325274,180,180,-100
01/25/2019 12:30,SCH - HQ_IMPORT_EXPORT,325376,955,1310,-9999
01/25/2019 12:30,SCH - NE - NY,23318,-1601.49,1400,-1800
01/25/2019 12:30,SCH - NPX_1385,325277,-10,200,-200
01/25/2019 12:30,SCH - NPX_CSC,325154,50,330,-330
01/25/2019 12:30,SCH - OH - NY,23317,1012.43,1700,-1700
01/25/2019 12:30,SCH - PJ - NY,23316,483.58,2000,-1300
01/25/2019 12:30,SCH - PJM_HTP,325905,200,660,-660
01/25/2019 12:30,SCH - PJM_NEPTUNE,325305,660,660,-660
01/25/2019 12:30,SCH - PJM_VFT,325658,315,315,-315
01/25/2019 12:30,SPR/DUN-SOUTH,23320,2564.68,4600,-9999
01/25/2019 12:30,TOTAL EAST,23314,4285.15,6800,-9999
01/25/2019 12:30,UPNY CONED,23315,2008.31,5700,-9999
01/25/2019 12:30,WEST CENTRAL,23312,472.65,9999,-9999
01/25/2019 12:35,CENTRAL EAST - VC,23330,2413.14,2760,-9999
01/25/2019 12:35,DYSINGER EAST,23326,1120.75,3150,-9999
01/25/2019 12:35,MOSES SOUTH,23319,1819.41,3000,-1600
01/25/2019 12:35,SCH - HQ - NY,23324,1125,1500,-1000
01/25/2019 12:35,SCH - HQ_CEDARS,325274,180,180,-100
01/25/2019 12:35,SCH - HQ_IMPORT_EXPORT,325376,955,1310,-9999
01/25/2019 12:35,SCH - NE - NY,23318,-1601.5,1400,-1800
01/25/2019 12:35,SCH - NPX_1385,325277,-10,200,-200
01/25/2019 12:35,SCH - NPX_CSC,325154,50,330,-330
01/25/2019 12:35,SCH - OH - NY,23317,1012.3,1700,-1700
01/25/2019 12:35,SCH - PJ - NY,23316,466.58,2000,-1300
01/25/2019 12:35,SCH - PJM_HTP,325905,200,660,-660
01/25/2019 12:35,SCH - PJM_NEPTUNE,325305,660,660,-660
01/25/2019 12:35,SCH - PJM_VFT,325658,315,315,-315
01/25/2019 12:35,SPR/DUN-SOUTH,23320,2559.55,4600,-9999
01/25/2019 12:35,TOTAL EAST,23314,4270.54,6800,-9999
01/25/2019 12:35,UPNY CONED,23315,1999.69,5700,-9999
01/25/2019 12:35,WEST CENTRAL,23312,426.26,9999,-9999
01/25/2019 12:40,CENTRAL EAST - VC,23330,2389.87,2760,-9999
01/25/2019 12:40,DYSINGER EAST,23326,1091.22,3150,-9999
01/25/2019 12:40,MOSES SOUTH,23319,1835.98,3000,-1600
01/25/2019 12:40,SCH - HQ - NY,23324,1125,1500,-1000
01/25/2019 12:40,SCH - HQ_CEDARS,325274,180,180,-100
01/25/2019 12:40,SCH - HQ_IMPORT_EXPORT,325376,955,1310,-9999
01/25/2019 12:40,SCH - NE - NY,23318,-1601.52,1400,-1800
01/25/2019 12:40,SCH - NPX_1385,325277,-10,200,-200
01/25/2019 12:40,SCH - NPX_CSC,325154,50,330,-330
01/25/2019 12:40,SCH - OH - NY,23317,1012.34,1700,-1700
01/25/2019 12:40,SCH - PJ - NY,23316,466.79,2000,-1300
01/25/2019 12:40,SCH - PJM_HTP,325905,200,660,-660
01/25/2019 12:40,SCH - PJM_NEPTUNE,325305,660,660,-660
01/25/2019 12:40,SCH - PJM_VFT,325658,315,315,-315
01/25/2019 12:40,SPR/DUN-SOUTH,23320,2558.29,4600,-9999
01/25/2019 12:40,TOTAL EAST,23314,4272.05,6800,-9999
01/25/2019 12:40,UPNY CONED,23315,1991.24,5700,-9999
01/25/2019 12:40,WEST CENTRAL,23312,396.84,9999,-9999
01/25/2019 12:45,CENTRAL EAST - VC,23330,2386.99,2760,-9999
01/25/2019 12:45,DYSINGER EAST,23326,1101.16,3150,-9999
01/25/2019 12:45,MOSES SOUTH,23319,1851.1,3000,-1600
01/25/2019 12:45,SCH - HQ - NY,23324,1125,1500,-1000
01/25/2019 12:45,SCH - HQ_CEDARS,325274,180,180,-100
01/25/2019 12:45,SCH - HQ_IMPORT_EXPORT,325376,955,1310,-9999
01/25/2019 12:45,SCH - NE - NY,23318,-1601.58,1400,-1800
01/25/2019 12:45,SCH - NPX_1385,325277,-10,200,-200
01/25/2019 12:45,SCH - NPX_CSC,325154,50,330,-330
01/25/2019 12:45,SCH - OH - NY,23317,1012.34,1700,-1700
01/25/2019 12:45,SCH - PJ - NY,23316,422.94,2000,-1300
01/25/2019 12:45,SCH - PJM_HTP,325905,200,660,-660
01/25/2019 12:45,SCH - PJM_NEPTUNE,325305,660,660,-660
01/25/2019 12:45,SCH - PJM_VFT,325658,315,315,-315
01/25/2019 12:45,SPR/DUN-SOUTH,23320,2558.51,4600,-9999
01/25/2019 12:45,TOTAL EAST,23314,4260.08,6800,-9999
01/25/2019 12:45,UPNY CONED,23315,1989.82,5700,-9999
01/25/2019 12:45,WEST CENTRAL,23312,402.62,9999,-9999
01/25/2019 12:50,CENTRAL EAST - VC,23330,2356.52,2760,-9999
01/25/2019 12:50,DYSINGER EAST,23326,1070.68,3150,-9999
01/25/2019 12:50,MOSES SOUTH,23319,1843.22,3000,-1600
01/25/2019 12:50,SCH - HQ - NY,23324,1125,1500,-1000
01/25/2019 12:50,SCH - HQ_CEDARS,325274,180,180,-100
01/25/2019 12:50,SCH - HQ_IMPORT_EXPORT,325376,955,1310,-9999
01/25/2019 12:50,SCH - NE - NY,23318,-1601.63,1400,-1800
01/25/2019 12:50,SCH - NPX_1385,325277,-10,200,-200
01/25/2019 12:50,SCH - NPX_CSC,325154,50,330,-330
01/25/2019 12:50,SCH - OH - NY,23317,1012.49,1700,-1700
01/25/2019 12:50,SCH - PJ - NY,23316,382.03,2000,-1300
01/25/2019 12:50,SCH - PJM_HTP,325905,200,660,-660
01/25/2019 12:50,SCH - PJM_NEPTUNE,325305,660,660,-660
01/25/2019 12:50,SCH - PJM_VFT,325658,315,315,-315
01/25/2019 12:50,SPR/DUN-SOUTH,23320,2577.76,4600,-9999
01/25/2019 12:50,TOTAL EAST,23314,4140.2,6800,-9999
01/25/2019 12:50,UPNY CONED,23315,1893.33,5700,-9999
01/25/2019 12:50,WEST CENTRAL,23312,373.8,9999,-9999
01/25/2019 12:55,CENTRAL EAST - VC,23330,2391.79,2760,-9999
01/25/2019 12:55,DYSINGER EAST,23326,1077.3,3150,-9999
01/25/2019 12:55,MOSES SOUTH,23319,1854.01,3000,-1600
01/25/2019 12:55,SCH - HQ - NY,23324,1125,1500,-1000
01/25/2019 12:55,SCH - HQ_CEDARS,325274,180,180,-100
01/25/2019 12:55,SCH - HQ_IMPORT_EXPORT,325376,955,1310,-9999
01/25/2019 12:55,SCH - NE - NY,23318,-1601.54,1400,-1800
01/25/2019 12:55,SCH - NPX_1385,325277,-10,200,-200
01/25/2019 12:55,SCH - NPX_CSC,325154,50,330,-330
01/25/2019 12:55,SCH - OH - NY,23317,1012.37,1700,-1700
01/25/2019 12:55,SCH - PJ - NY,23316,382.69,2000,-1300
01/25/2019 12:55,SCH - PJM_HTP,325905,200,660,-660
01/25/2019 12:55,SCH - PJM_NEPTUNE,325305,660,660,-660
01/25/2019 12:55,SCH - PJM_VFT,325658,315,315,-315
01/25/2019 12:55,SPR/DUN-SOUTH,23320,2576.28,4600,-9999
01/25/2019 12:55,TOTAL EAST,23314,4139.4,6800,-9999
01/25/2019 12:55,UPNY CONED,23315,1906.53,5700,-9999
01/25/2019 12:55,WEST CENTRAL,23312,378.04,9999,-9999
01/25/2019 13:00,CENTRAL EAST - VC,23330,2426.95,2760,-9999
01/25/2019 13:00,DYSINGER EAST,23326,1099.96,3150,-9999
01/25/2019 13:00,MOSES SOUTH,23319,1880.92,3000,-1600
01/25/2019 13:00,SCH - HQ - NY,23324,1132,1500,-1000
01/25/2019 13:00,SCH - HQ_CEDARS,325274,180,180,-100
01/25/2019 13:00,SCH - HQ_IMPORT_EXPORT,325376,962,1310,-9999
01/25/2019 13:00,SCH - NE - NY,23318,-1601.42,1400,-1800
01/25/2019 13:00,SCH - NPX_1385,325277,-18,200,-200
01/25/2019 13:00,SCH - NPX_CSC,325154,50,330,-330
01/25/2019 13:00,SCH - OH - NY,23317,971.43,1700,-1700
01/25/2019 13:00,SCH - PJ - NY,23316,362.43,2000,-1300
01/25/2019 13:00,SCH - PJM_HTP,325905,200,660,-660
01/25/2019 13:00,SCH - PJM_NEPTUNE,325305,660,660,-660
01/25/2019 13:00,SCH - PJM_VFT,325658,315,315,-315
01/25/2019 13:00,SPR/DUN-SOUTH,23320,2575.55,4600,-9999
01/25/2019 13:00,TOTAL EAST,23314,4184.11,6800,-9999
01/25/2019 13:00,UPNY CONED,23315,1949.62,5700,-9999
01/25/2019 13:00,WEST CENTRAL,23312,399.36,9999,-9999
01/25/2019 13:05,CENTRAL EAST - VC,23330,2397.38,2760,-9999
01/25/2019 13:05,DYSINGER EAST,23326,1060.93,3150,-9999
01/25/2019 13:05,MOSES SOUTH,23319,1876.72,3000,-1600
01/25/2019 13:05,SCH - HQ - NY,23324,1140,1500,-1000
01/25/2019 13:05,SCH - HQ_CEDARS,325274,180,180,-100
01/25/2019 13:05,SCH - HQ_IMPORT_EXPORT,325376,970,1310,-9999
01/25/2019 13:05,SCH - NE - NY,23318,-1601.6,1400,-1800
01/25/2019 13:05,SCH - NPX_1385,325277,-26,200,-200
01/25/2019 13:05,SCH - NPX_CSC,325154,50,330,-330
01/25/2019 13:05,SCH - OH - NY,23317,930.6,1700,-1700
01/25/2019 13:05,SCH - PJ - NY,23316,341.9,2000,-1300
01/25/2019 13:05,SCH - PJM_HTP,325905,200,660,-660
01/25/2019 13:05,SCH - PJM_NEPTUNE,325305,660,660,-660
01/25/2019 13:05,SCH - PJM_VFT,325658,315,315,-315
01/25/2019 13:05,SPR/DUN-SOUTH,23320,2574.91,4600,-9999
01/25/2019 13:05,TOTAL EAST,23314,4224.15,6800,-9999
01/25/2019 13:05,UPNY CONED,23315,1946.35,5700,-9999
01/25/2019 13:05,WEST CENTRAL,23312,360.57,9999,-9999
01/25/2019 13:10,CENTRAL EAST - VC,23330,2403.74,2760,-9999
01/25/2019 13:10,DYSINGER EAST,23326,1078,3150,-9999
01/25/2019 13:10,MOSES SOUTH,23319,1858.34,3000,-1600
01/25/2019 13:10,SCH - HQ - NY,23324,1140,1500,-1000
01/25/2019 13:10,SCH - HQ_CEDARS,325274,180,180,-100
01/25/2019 13:10,SCH - HQ_IMPORT_EXPORT,325376,970,1310,-9999
01/25/2019 13:10,SCH - NE - NY,23318,-1601.61,1400,-1800
01/25/2019 13:10,SCH - NPX_1385,325277,-25,200,-200
01/25/2019 13:10,SCH - NPX_CSC,325154,50,330,-330
01/25/2019 13:10,SCH - OH - NY,23317,926.35,1700,-1700
01/25/2019 13:10,SCH - PJ - NY,23316,345.23,2000,-1300
01/25/2019 13:10,SCH - PJM_HTP,325905,200,660,-660
01/25/2019 13:10,SCH - PJM_NEPTUNE,325305,660,660,-660
01/25/2019 13:10,SCH - PJM_VFT,325658,315,315,-315
01/25/2019 13:10,SPR/DUN-SOUTH,23320,2580.05,4600,-9999
01/25/2019 13:10,TOTAL EAST,23314,4203.51,6800,-9999
01/25/2019 13:10,UPNY CONED,23315,1918.69,5700,-9999
01/25/2019 13:10,WEST CENTRAL,23312,380.77,9999,-9999
01/25/2019 13:15,CENTRAL EAST - VC,23330,2372.53,2760,-9999
01/25/2019 13:15,DYSINGER EAST,23326,1085.41,3150,-9999
01/25/2019 13:15,MOSES SOUTH,23319,1819.57,3000,-1600
01/25/2019 13:15,SCH - HQ - NY,23324,1140,1500,-1000
01/25/2019 13:15,SCH - HQ_CEDARS,325274,180,180,-100
01/25/2019 13:15,SCH - HQ_IMPORT_EXPORT,325376,970,1310,-9999
01/25/2019 13:15,SCH - NE - NY,23318,-1601.99,1400,-1800
01/25/2019 13:15,SCH - NPX_1385,325277,-25,200,-200
01/25/2019 13:15,SCH - NPX_CSC,325154,50,330,-330
01/25/2019 13:15,SCH - OH - NY,23317,930.48,1700,-1700
01/25/2019 13:15,SCH - PJ - NY,23316,308.6,2000,-1300
01/25/2019 13:15,SCH - PJM_HTP,325905,200,660,-660
01/25/2019 13:15,SCH - PJM_NEPTUNE,325305,660,660,-660
01/25/2019 13:15,SCH - PJM_VFT,325658,315,315,-315
01/25/2019 13:15,SPR/DUN-SOUTH,23320,2581.33,4600,-9999
01/25/2019 13:15,TOTAL EAST,23314,4228.66,6800,-9999
01/25/2019 13:15,UPNY CONED,23315,1915.18,5700,-9999
01/25/2019 13:15,WEST CENTRAL,23312,392.22,9999,-9999
01/25/2019 13:20,CENTRAL EAST - VC,23330,2431.05,2760,-9999
01/25/2019 13:20,DYSINGER EAST,23326,1190.21,3150,-9999
01/25/2019 13:20,MOSES SOUTH,23319,1806.06,3000,-1600
01/25/2019 13:20,SCH - HQ - NY,23324,1140,1500,-1000
01/25/2019 13:20,SCH - HQ_CEDARS,325274,180,180,-100
01/25/2019 13:20,SCH - HQ_IMPORT_EXPORT,325376,970,1310,-9999
01/25/2019 13:20,SCH - NE - NY,23318,-1601.82,1400,-1800
01/25/2019 13:20,SCH - NPX_1385,325277,-25,200,-200
01/25/2019 13:20,SCH - NPX_CSC,325154,50,330,-330
01/25/2019 13:20,SCH - OH - NY,23317,930.33,1700,-1700
01/25/2019 13:20,SCH - PJ - NY,23316,284.06,2000,-1300
01/25/2019 13:20,SCH - PJM_HTP,325905,200,660,-660
01/25/2019 13:20,SCH - PJM_NEPTUNE,325305,660,660,-660
01/25/2019 13:20,SCH - PJM_VFT,325658,315,315,-315
01/25/2019 13:20,SPR/DUN-SOUTH,23320,2582.11,4600,-9999
01/25/2019 13:20,TOTAL EAST,23314,4203.25,6800,-9999
01/25/2019 13:20,UPNY CONED,23315,1920.18,5700,-9999
01/25/2019 13:20,WEST CENTRAL,23312,498.81,9999,-9999
01/25/2019 13:25,CENTRAL EAST - VC,23330,2439.25,2760,-9999
01/25/2019 13:25,DYSINGER EAST,23326,1202.94,3150,-9999
01/25/2019 13:25,MOSES SOUTH,23319,1833.14,3000,-1600
01/25/2019 13:25,SCH - HQ - NY,23324,1140,1500,-1000
01/25/2019 13:25,SCH - HQ_CEDARS,325274,180,180,-100
01/25/2019 13:25,SCH - HQ_IMPORT_EXPORT,325376,970,1310,-9999
01/25/2019 13:25,SCH - NE - NY,23318,-1601.85,1400,-1800
01/25/2019 13:25,SCH - NPX_1385,325277,-25,200,-200
01/25/2019 13:25,SCH - NPX_CSC,325154,50,330,-330
01/25/2019 13:25,SCH - OH - NY,23317,930.62,1700,-1700
01/25/2019 13:25,SCH - PJ - NY,23316,285.18,2000,-1300
01/25/2019 13:25,SCH - PJM_HTP,325905,200,660,-660
01/25/2019 13:25,SCH - PJM_NEPTUNE,325305,660,660,-660
01/25/2019 13:25,SCH - PJM_VFT,325658,315,315,-315
01/25/2019 13:25,SPR/DUN-SOUTH,23320,2580.17,4600,-9999
01/25/2019 13:25,TOTAL EAST,23314,4217.24,6800,-9999
01/25/2019 13:25,UPNY CONED,23315,1916.95,5700,-9999
01/25/2019 13:25,WEST CENTRAL,23312,514.41,9999,-9999
01/25/2019 13:30,CENTRAL EAST - VC,23330,2415.46,2760,-9999
01/25/2019 13:30,DYSINGER EAST,23326,1161.85,3150,-9999
01/25/2019 13:30,MOSES SOUTH,23319,1805.05,3000,-1600
01/25/2019 13:30,SCH - HQ - NY,23324,1140,1500,-1000
01/25/2019 13:30,SCH - HQ_CEDARS,325274,180,180,-100
01/25/2019 13:30,SCH - HQ_IMPORT_EXPORT,325376,970,1310,-9999
01/25/2019 13:30,SCH - NE - NY,23318,-1601.84,1400,-1800
01/25/2019 13:30,SCH - NPX_1385,325277,-25,200,-200
01/25/2019 13:30,SCH - NPX_CSC,325154,50,330,-330
01/25/2019 13:30,SCH - OH - NY,23317,930.3,1700,-1700
01/25/2019 13:30,SCH - PJ - NY,23316,251.31,2000,-1300
01/25/2019 13:30,SCH - PJM_HTP,325905,200,660,-660
01/25/2019 13:30,SCH - PJM_NEPTUNE,325305,660,660,-660
01/25/2019 13:30,SCH - PJM_VFT,325658,315,315,-315
01/25/2019 13:30,SPR/DUN-SOUTH,23320,2579.55,4600,-9999
01/25/2019 13:30,TOTAL EAST,23314,4209.05,6800,-9999
01/25/2019 13:30,UPNY CONED,23315,1921.71,5700,-9999
01/25/2019 13:30,WEST CENTRAL,23312,479.1,9999,-9999
01/25/2019 13:35,CENTRAL EAST - VC,23330,2415.75,2760,-9999
01/25/2019 13:35,DYSINGER EAST,23326,1210.29,3150,-9999
01/25/2019 13:35,MOSES SOUTH,23319,1810.5,3000,-1600
01/25/2019 13:35,SCH - HQ - NY,23324,1140,1500,-1000
01/25/2019 13:35,SCH - HQ_CEDARS,325274,180,180,-100
01/25/2019 13:35,SCH - HQ_IMPORT_EXPORT,325376,970,1310,-9999
01/25/2019 13:35,SCH - NE - NY,23318,-1601.9,1400,-1800
01/25/2019 13:35,SCH - NPX_1385,325277,-25,200,-200
01/25/2019 13:35,SCH - NPX_CSC,325154,50,330,-330
01/25/2019 13:35,SCH - OH - NY,23317,930.56,1700,-1700
01/25/2019 13:35,SCH - PJ - NY,23316,219.55,2000,-1300
01/25/2019 13:35,SCH - PJM_HTP,325905,200,660,-660
01/25/2019 13:35,SCH - PJM_NEPTUNE,325305,660,660,-660
01/25/2019 13:35,SCH - PJM_VFT,325658,315,315,-315
01/25/2019 13:35,SPR/DUN-SOUTH,23320,2578.8,4600,-9999
01/25/2019 13:35,TOTAL EAST,23314,4214.85,6800,-9999
01/25/2019 13:35,UPNY CONED,23315,1929.41,5700,-9999
01/25/2019 13:35,WEST CENTRAL,23312,528.59,9999,-9999
01/25/2019 13:40,CENTRAL EAST - VC,23330,2457.27,2760,-9999
01/25/2019 13:40,DYSINGER EAST,23326,1239.53,3150,-9999
01/25/2019 13:40,MOSES SOUTH,23319,1836.1,3000,-1600
01/25/2019 13:40,SCH - HQ - NY,23324,1140,1500,-1000
01/25/2019 13:40,SCH - HQ_CEDARS,325274,180,180,-100
01/25/2019 13:40,SCH - HQ_IMPORT_EXPORT,325376,970,1310,-9999
01/25/2019 13:40,SCH - NE - NY,23318,-1601.86,1400,-1800
01/25/2019 13:40,SCH - NPX_1385,325277,-25,200,-200
01/25/2019 13:40,SCH - NPX_CSC,325154,50,330,-330
01/25/2019 13:40,SCH - OH - NY,23317,930.65,1700,-1700
01/25/2019 13:40,SCH - PJ - NY,23316,219.12,2000,-1300
01/25/2019 13:40,SCH - PJM_HTP,325905,200,660,-660
01/25/2019 13:40,SCH - PJM_NEPTUNE,325305,660,660,-660
01/25/2019 13:40,SCH - PJM_VFT,325658,315,315,-315
01/25/2019 13:40,SPR/DUN-SOUTH,23320,2581.2,4600,-9999
01/25/2019 13:40,TOTAL EAST,23314,4179.01,6800,-9999
01/25/2019 13:40,UPNY CONED,23315,1936.6,5700,-9999
01/25/2019 13:40,WEST CENTRAL,23312,557.67,9999,-9999
01/25/2019 13:45,CENTRAL EAST - VC,23330,2448.82,2760,-9999
01/25/2019 13:45,DYSINGER EAST,23326,1252.89,3150,-9999
01/25/2019 13:45,MOSES SOUTH,23319,1841.41,3150,-1600
01/25/2019 13:45,SCH - HQ - NY,23324,1140,1500,-1000
01/25/2019 13:45,SCH - HQ_CEDARS,325274,180,180,-100
01/25/2019 13:45,SCH - HQ_IMPORT_EXPORT,325376,970,1310,-9999
01/25/2019 13:45,SCH - NE - NY,23318,-1601.85,1400,-1800
01/25/2019 13:45,SCH - NPX_1385,325277,-25,200,-200
01/25/2019 13:45,SCH - NPX_CSC,325154,50,330,-330
01/25/2019 13:45,SCH - OH - NY,23317,926.22,1700,-1700
01/25/2019 13:45,SCH - PJ - NY,23316,224.82,2000,-1300
01/25/2019 13:45,SCH - PJM_HTP,325905,200,660,-660
01/25/2019 13:45,SCH - PJM_NEPTUNE,325305,660,660,-660
01/25/2019 13:45,SCH - PJM_VFT,325658,315,315,-315
01/25/2019 13:45,SPR/DUN-SOUTH,23320,2577.48,4600,-9999
01/25/2019 13:45,TOTAL EAST,23314,4198.13,6800,-9999
01/25/2019 13:45,UPNY CONED,23315,1931.23,5700,-9999
01/25/2019 13:45,WEST CENTRAL,23312,572.67,9999,-9999
01/25/2019 13:50,CENTRAL EAST - VC,23330,2456.71,2760,-9999
01/25/2019 13:50,DYSINGER EAST,23326,1228.49,3150,-9999
01/25/2019 13:50,MOSES SOUTH,23319,1856.29,3150,-1600
01/25/2019 13:50,SCH - HQ - NY,23324,1140,1500,-1000
01/25/2019 13:50,SCH - HQ_CEDARS,325274,180,180,-100
01/25/2019 13:50,SCH - HQ_IMPORT_EXPORT,325376,970,1310,-9999
01/25/2019 13:50,SCH - NE - NY,23318,-1601.85,1400,-1800
01/25/2019 13:50,SCH - NPX_1385,325277,-25,200,-200
01/25/2019 13:50,SCH - NPX_CSC,325154,50,330,-330
01/25/2019 13:50,SCH - OH - NY,23317,930.76,1700,-1700
01/25/2019 13:50,SCH - PJ - NY,23316,223.19,2000,-1300
01/25/2019 13:50,SCH - PJM_HTP,325905,200,660,-660
01/25/2019 13:50,SCH - PJM_NEPTUNE,325305,660,660,-660
01/25/2019 13:50,SCH - PJM_VFT,325658,315,315,-315
01/25/2019 13:50,SPR/DUN-SOUTH,23320,2574.81,4600,-9999
01/25/2019 13:50,TOTAL EAST,23314,4186.97,6800,-9999
01/25/2019 13:50,UPNY CONED,23315,1940.95,5700,-9999
01/25/2019 13:50,WEST CENTRAL,23312,550.16,9999,-9999
01/25/2019 13:55,CENTRAL EAST - VC,23330,2435.9,2760,-9999
01/25/2019 13:55,DYSINGER EAST,23326,1199.12,3150,-9999
01/25/2019 13:55,MOSES SOUTH,23319,1863.41,3150,-1600
01/25/2019 13:55,SCH - HQ - NY,23324,1140,1500,-1000
01/25/2019 13:55,SCH - HQ_CEDARS,325274,180,180,-100
01/25/2019 13:55,SCH - HQ_IMPORT_EXPORT,325376,970,1310,-9999
01/25/2019 13:55,SCH - NE - NY,23318,-1601.93,1400,-1800
01/25/2019 13:55,SCH - NPX_1385,325277,-25,200,-200
01/25/2019 13:55,SCH - NPX_CSC,325154,50,330,-330
01/25/2019 13:55,SCH - OH - NY,23317,930.77,1700,-1700
01/25/2019 13:55,SCH - PJ - NY,23316,223.56,2000,-1300
01/25/2019 13:55,SCH - PJM_HTP,325905,200,660,-660
01/25/2019 13:55,SCH - PJM_NEPTUNE,325305,660,660,-660
01/25/2019 13:55,SCH - PJM_VFT,325658,315,315,-315
01/25/2019 13:55,SPR/DUN-SOUTH,23320,2575.44,4600,-9999
01/25/2019 13:55,TOTAL EAST,23314,4217.16,6800,-9999
01/25/2019 13:55,UPNY CONED,23315,1932.3,5700,-9999
01/25/2019 13:55,WEST CENTRAL,23312,523.12,9999,-9999
01/25/2019 14:00,CENTRAL EAST - VC,23330,2463.76,2700,-9999
01/25/2019 14:00,DYSINGER EAST,23326,1255.32,3150,-9999
01/25/2019 14:00,MOSES SOUTH,23319,1894.56,3150,-1600
01/25/2019 14:00,SCH - HQ - NY,23324,1140,1500,-1000
01/25/2019 14:00,SCH - HQ_CEDARS,325274,180,180,-100
01/25/2019 14:00,SCH - HQ_IMPORT_EXPORT,325376,970,1310,-9999
01/25/2019 14:00,SCH - NE - NY,23318,-1601.95,1400,-1800
01/25/2019 14:00,SCH - NPX_1385,325277,-16,200,-200
01/25/2019 14:00,SCH - NPX_CSC,325154,50,330,-330
01/25/2019 14:00,SCH - OH - NY,23317,962.73,1700,-1700
01/25/2019 14:00,SCH - PJ - NY,23316,39.82,2000,-1300
01/25/2019 14:00,SCH - PJM_HTP,325905,200,660,-660
01/25/2019 14:00,SCH - PJM_NEPTUNE,325305,660,660,-660
01/25/2019 14:00,SCH - PJM_VFT,325658,315,315,-315
01/25/2019 14:00,SPR/DUN-SOUTH,23320,2522.51,4600,-9999
01/25/2019 14:00,TOTAL EAST,23314,4131.37,6800,-9999
01/25/2019 14:00,UPNY CONED,23315,1880.91,5700,-9999
01/25/2019 14:00,WEST CENTRAL,23312,578.1,9999,-9999
01/25/2019 14:05,CENTRAL EAST - VC,23330,2420.9,2700,-9999
01/25/2019 14:05,DYSINGER EAST,23326,1103.46,3150,-9999
01/25/2019 14:05,MOSES SOUTH,23319,1916.51,3150,-1600
01/25/2019 14:05,SCH - HQ - NY,23324,1140,1500,-1000
01/25/2019 14:05,SCH - HQ_CEDARS,325274,180,180,-100
01/25/2019 14:05,SCH - HQ_IMPORT_EXPORT,325376,970,1310,-9999
01/25/2019 14:05,SCH - NE - NY,23318,-1601.89,1400,-1800
01/25/2019 14:05,SCH - NPX_1385,325277,-6,200,-200
01/25/2019 14:05,SCH - NPX_CSC,325154,50,330,-330
01/25/2019 14:05,SCH - OH - NY,23317,994.54,1700,-1700
01/25/2019 14:05,SCH - PJ - NY,23316,-133.01,2000,-1300
01/25/2019 14:05,SCH - PJM_HTP,325905,200,660,-660
01/25/2019 14:05,SCH - PJM_NEPTUNE,325305,660,660,-660
01/25/2019 14:05,SCH - PJM_VFT,325658,315,315,-315
01/25/2019 14:05,SPR/DUN-SOUTH,23320,2521.5,4600,-9999
01/25/2019 14:05,TOTAL EAST,23314,4023.04,6800,-9999
01/25/2019 14:05,UPNY CONED,23315,1887.99,5700,-9999
01/25/2019 14:05,WEST CENTRAL,23312,430.99,9999,-9999
01/25/2019 14:10,CENTRAL EAST - VC,23330,2383.94,2760,-9999
01/25/2019 14:10,DYSINGER EAST,23326,1131.51,3150,-9999
01/25/2019 14:10,MOSES SOUTH,23319,1926.72,3150,-1600
01/25/2019 14:10,SCH - HQ - NY,23324,1140,1500,-1000
01/25/2019 14:10,SCH - HQ_CEDARS,325274,180,180,-100
01/25/2019 14:10,SCH - HQ_IMPORT_EXPORT,325376,970,1310,-9999
01/25/2019 14:10,SCH - NE - NY,23318,-1601.97,1400,-1800
01/25/2019 14:10,SCH - NPX_1385,325277,-6,200,-200
01/25/2019 14:10,SCH - NPX_CSC,325154,50,330,-330
01/25/2019 14:10,SCH - OH - NY,23317,994.67,1700,-1700
01/25/2019 14:10,SCH - PJ - NY,23316,-124.98,2000,-1300
01/25/2019 14:10,SCH - PJM_HTP,325905,200,660,-660
01/25/2019 14:10,SCH - PJM_NEPTUNE,325305,660,660,-660
01/25/2019 14:10,SCH - PJM_VFT,325658,315,315,-315
01/25/2019 14:10,SPR/DUN-SOUTH,23320,2513.92,4600,-9999
01/25/2019 14:10,TOTAL EAST,23314,3965.13,6800,-9999
01/25/2019 14:10,UPNY CONED,23315,1891.17,5700,-9999
01/25/2019 14:10,WEST CENTRAL,23312,456.52,9999,-9999
01/25/2019 14:15,CENTRAL EAST - VC,23330,2488.97,2760,-9999
01/25/2019 14:15,DYSINGER EAST,23326,1276.3,3150,-9999
01/25/2019 14:15,MOSES SOUTH,23319,1919.83,3150,-1600
01/25/2019 14:15,SCH - HQ - NY,23324,1140,1500,-1000
01/25/2019 14:15,SCH - HQ_CEDARS,325274,180,180,-100
01/25/2019 14:15,SCH - HQ_IMPORT_EXPORT,325376,970,1310,-9999
01/25/2019 14:15,SCH - NE - NY,23318,-1602.5,1400,-1800
01/25/2019 14:15,SCH - NPX_1385,325277,-6,200,-200
01/25/2019 14:15,SCH - NPX_CSC,325154,50,330,-330
01/25/2019 14:15,SCH - OH - NY,23317,994.66,1700,-1700
01/25/2019 14:15,SCH - PJ - NY,23316,-25.71,2000,-1300
01/25/2019 14:15,SCH - PJM_HTP,325905,200,660,-660
01/25/2019 14:15,SCH - PJM_NEPTUNE,325305,660,660,-660
01/25/2019 14:15,SCH - PJM_VFT,325658,315,315,-315
01/25/2019 14:15,SPR/DUN-SOUTH,23320,2510.33,4600,-9999
01/25/2019 14:15,TOTAL EAST,23314,4093.33,6800,-9999
01/25/2019 14:15,UPNY CONED,23315,1898.29,5700,-9999
01/25/2019 14:15,WEST CENTRAL,23312,594.27,9999,-9999
01/25/2019 14:20,CENTRAL EAST - VC,23330,2524.81,2760,-9999
01/25/2019 14:20,DYSINGER EAST,23326,1258.3,3150,-9999
01/25/2019 14:20,MOSES SOUTH,23319,1922.36,3150,-1600
01/25/2019 14:20,SCH - HQ - NY,23324,1140,1500,-1000
01/25/2019 14:20,SCH - HQ_CEDARS,325274,180,180,-100
01/25/2019 14:20,SCH - HQ_IMPORT_EXPORT,325376,970,1310,-9999
01/25/2019 14:20,SCH - NE - NY,23318,-1602.5,1400,-1800
01/25/2019 14:20,SCH - NPX_1385,325277,-6,200,-200
01/25/2019 14:20,SCH - NPX_CSC,325154,50,330,-330
01/25/2019 14:20,SCH - OH - NY,23317,994.48,1700,-1700
01/25/2019 14:20,SCH - PJ - NY,23316,67.05,2000,-1300
01/25/2019 14:20,SCH - PJM_HTP,325905,200,660,-660
01/25/2019 14:20,SCH - PJM_NEPTUNE,325305,660,660,-660
01/25/2019 14:20,SCH - PJM_VFT,325658,315,315,-315
01/25/2019 14:20,SPR/DUN-SOUTH,23320,2505.48,4600,-9999
01/25/2019 14:20,TOTAL EAST,23314,4169.3,6800,-9999
01/25/2019 14:20,UPNY CONED,23315,1912.02,5700,-9999
01/25/2019 14:20,WEST CENTRAL,23312,574.12,9999,-9999
01/25/2019 14:25,CENTRAL EAST - VC,23330,2567.97,2760,-9999
01/25/2019 14:25,DYSINGER EAST,23326,1343.88,3150,-9999
01/25/2019 14:25,MOSES SOUTH,23319,1937.22,3150,-1600
01/25/2019 14:25,SCH - HQ - NY,23324,1140,1500,-1000
01/25/2019 14:25,SCH - HQ_CEDARS,325274,180,180,-100
01/25/2019 14:25,SCH - HQ_IMPORT_EXPORT,325376,970,1310,-9999
01/25/2019 14:25,SCH - NE - NY,23318,-1602.49,1400,-1800
01/25/2019 14:25,SCH - NPX_1385,325277,-6,200,-200
01/25/2019 14:25,SCH - NPX_CSC,325154,50,330,-330
01/25/2019 14:25,SCH - OH - NY,23317,994.62,1700,-1700
01/25/2019 14:25,SCH - PJ - NY,23316,66.9,2000,-1300
01/25/2019 14:25,SCH - PJM_HTP,325905,200,660,-660
01/25/2019 14:25,SCH - PJM_NEPTUNE,325305,660,660,-660
01/25/2019 14:25,SCH - PJM_VFT,325658,315,315,-315
01/25/2019 14:25,SPR/DUN-SOUTH,23320,2516.03,4600,-9999
01/25/2019 14:25,TOTAL EAST,23314,4185.02,6800,-9999
01/25/2019 14:25,UPNY CONED,23315,1935.21,5700,-9999
01/25/2019 14:25,WEST CENTRAL,23312,659.46,9999,-9999
01/25/2019 14:30,CENTRAL EAST - VC,23330,2574.5,2760,-9999
01/25/2019 14:30,DYSINGER EAST,23326,1304.76,3150,-9999
01/25/2019 14:30,MOSES SOUTH,23319,1946.91,3150,-1600
01/25/2019 14:30,SCH - HQ - NY,23324,1140,1500,-1000
01/25/2019 14:30,SCH - HQ_CEDARS,325274,180,180,-100
01/25/2019 14:30,SCH - HQ_IMPORT_EXPORT,325376,970,1310,-9999
01/25/2019 14:30,SCH - NE - NY,23318,-1602.52,1400,-1800
01/25/2019 14:30,SCH - NPX_1385,325277,-6,200,-200
01/25/2019 14:30,SCH - NPX_CSC,325154,50,330,-330
01/25/2019 14:30,SCH - OH - NY,23317,994.43,1700,-1700
01/25/2019 14:30,SCH - PJ - NY,23316,20.98,2000,-1300
01/25/2019 14:30,SCH - PJM_HTP,325905,200,660,-660
01/25/2019 14:30,SCH - PJM_NEPTUNE,325305,660,660,-660
01/25/2019 14:30,SCH - PJM_VFT,325658,315,315,-315
01/25/2019 14:30,SPR/DUN-SOUTH,23320,2518.73,4600,-9999
01/25/2019 14:30,TOTAL EAST,23314,4197.76,6800,-9999
01/25/2019 14:30,UPNY CONED,23315,1946.43,5700,-9999
01/25/2019 14:30,WEST CENTRAL,23312,623.78,9999,-9999
01/25/2019 14:35,CENTRAL EAST - VC,23330,2619.31,2760,-9999
01/25/2019 14:35,DYSINGER EAST,23326,1339.38,3150,-9999
01/25/2019 14:35,MOSES SOUTH,23319,1998.91,3150,-1600
01/25/2019 14:35,SCH - HQ - NY,23324,1140,1500,-1000
01/25/2019 14:35,SCH - HQ_CEDARS,325274,180,180,-100
01/25/2019 14:35,SCH - HQ_IMPORT_EXPORT,325376,970,1310,-9999
01/25/2019 14:35,SCH - NE - NY,23318,-1602.54,1400,-1800
01/25/2019 14:35,SCH - NPX_1385,325277,-6,200,-200
01/25/2019 14:35,SCH - NPX_CSC,325154,50,330,-330
01/25/2019 14:35,SCH - OH - NY,23317,994.62,1700,-1700
01/25/2019 14:35,SCH - PJ - NY,23316,-23.08,2000,-1300
01/25/2019 14:35,SCH - PJM_HTP,325905,200,660,-660
01/25/2019 14:35,SCH - PJM_NEPTUNE,325305,660,660,-660
01/25/2019 14:35,SCH - PJM_VFT,325658,315,315,-315
01/25/2019 14:35,SPR/DUN-SOUTH,23320,2518.08,4600,-9999
01/25/2019 14:35,TOTAL EAST,23314,4194.98,6800,-9999
01/25/2019 14:35,UPNY CONED,23315,1971.28,5700,-9999
01/25/2019 14:35,WEST CENTRAL,23312,661.59,9999,-9999
01/25/2019 14:40,CENTRAL EAST - VC,23330,2554.24,2760,-9999
01/25/2019 14:40,DYSINGER EAST,23326,1264.83,3150,-9999
01/25/2019 14:40,MOSES SOUTH,23319,1982.57,3150,-1600
01/25/2019 14:40,SCH - HQ - NY,23324,1140,1500,-1000
01/25/2019 14:40,SCH - HQ_CEDARS,325274,180,180,-100
01/25/2019 14:40,SCH - HQ_IMPORT_EXPORT,325376,970,1310,-9999
01/25/2019 14:40,SCH - NE - NY,23318,-1602.63,1400,-1800
01/25/2019 14:40,SCH - NPX_1385,325277,-6,200,-200
01/25/2019 14:40,SCH - NPX_CSC,325154,50,330,-330
01/25/2019 14:40,SCH - OH - NY,23317,994.66,1700,-1700
01/25/2019 14:40,SCH - PJ - NY,23316,-27.51,2000,-1300
01/25/2019 14:40,SCH - PJM_HTP,325905,200,660,-660
01/25/2019 14:40,SCH - PJM_NEPTUNE,325305,660,660,-660
01/25/2019 14:40,SCH - PJM_VFT,325658,315,315,-315
01/25/2019 14:40,SPR/DUN-SOUTH,23320,2512.31,4600,-9999
01/25/2019 14:40,TOTAL EAST,23314,4207.99,6800,-9999
01/25/2019 14:40,UPNY CONED,23315,1984.94,5700,-9999
01/25/2019 14:40,WEST CENTRAL,23312,590.67,9999,-9999
01/25/2019 14:45,CENTRAL EAST - VC,23330,2570.67,2780,-9999
01/25/2019 14:45,DYSINGER EAST,23326,1252.17,3150,-9999
01/25/2019 14:45,MOSES SOUTH,23319,2000.14,3150,-1600
01/25/2019 14:45,SCH - HQ - NY,23324,1140,1500,-1000
01/25/2019 14:45,SCH - HQ_CEDARS,325274,180,180,-100
01/25/2019 14:45,SCH - HQ_IMPORT_EXPORT,325376,970,1310,-9999
01/25/2019 14:45,SCH - NE - NY,23318,-1602.62,1400,-1800
01/25/2019 14:45,SCH - NPX_1385,325277,-6,200,-200
01/25/2019 14:45,SCH - NPX_CSC,325154,50,330,-330
01/25/2019 14:45,SCH - OH - NY,23317,994.54,1700,-1700
01/25/2019 14:45,SCH - PJ - NY,23316,-23.59,2000,-1300
01/25/2019 14:45,SCH - PJM_HTP,325905,200,660,-660
01/25/2019 14:45,SCH - PJM_NEPTUNE,325305,660,660,-660
01/25/2019 14:45,SCH - PJM_VFT,325658,315,315,-315
01/25/2019 14:45,SPR/DUN-SOUTH,23320,2509.34,4600,-9999
01/25/2019 14:45,TOTAL EAST,23314,4248.47,6800,-9999
01/25/2019 14:45,UPNY CONED,23315,2009.31,5700,-9999
01/25/2019 14:45,WEST CENTRAL,23312,580.36,9999,-9999
01/25/2019 14:50,CENTRAL EAST - VC,23330,2501.82,2780,-9999
01/25/2019 14:50,DYSINGER EAST,23326,1229.53,3150,-9999
01/25/2019 14:50,MOSES SOUTH,23319,1947.87,3150,-1600
01/25/2019 14:50,SCH - HQ - NY,23324,1140,1500,-1000
01/25/2019 14:50,SCH - HQ_CEDARS,325274,180,180,-100
01/25/2019 14:50,SCH - HQ_IMPORT_EXPORT,325376,970,1310,-9999
01/25/2019 14:50,SCH - NE - NY,23318,-1602.59,1400,-1800
01/25/2019 14:50,SCH - NPX_1385,325277,-6,200,-200
01/25/2019 14:50,SCH - NPX_CSC,325154,50,330,-330
01/25/2019 14:50,SCH - OH - NY,23317,994.4,1700,-1700
01/25/2019 14:50,SCH - PJ - NY,23316,-24.4,2000,-1300
01/25/2019 14:50,SCH - PJM_HTP,325905,200,660,-660
01/25/2019 14:50,SCH - PJM_NEPTUNE,325305,660,660,-660
01/25/2019 14:50,SCH - PJM_VFT,325658,315,315,-315
01/25/2019 14:50,SPR/DUN-SOUTH,23320,2473.6,4600,-9999
01/25/2019 14:50,TOTAL EAST,23314,4203.09,6800,-9999
01/25/2019 14:50,UPNY CONED,23315,1992.24,5700,-9999
01/25/2019 14:50,WEST CENTRAL,23312,555.66,9999,-9999
01/25/2019 14:55,CENTRAL EAST - VC,23330,2500.77,2780,-9999
01/25/2019 14:55,DYSINGER EAST,23326,1208.64,3150,-9999
01/25/2019 14:55,MOSES SOUTH,23319,1982.87,3150,-1600
01/25/2019 14:55,SCH - HQ - NY,23324,1140,1500,-1000
01/25/2019 14:55,SCH - HQ_CEDARS,325274,180,180,-100
01/25/2019 14:55,SCH - HQ_IMPORT_EXPORT,325376,970,1310,-9999
01/25/2019 14:55,SCH - NE - NY,23318,-1602.6,1400,-1800
01/25/2019 14:55,SCH - NPX_1385,325277,-6,200,-200
01/25/2019 14:55,SCH - NPX_CSC,325154,50,330,-330
01/25/2019 14:55,SCH - OH - NY,23317,994.45,1700,-1700
01/25/2019 14:55,SCH - PJ - NY,23316,-24.31,2000,-1300
01/25/2019 14:55,SCH - PJM_HTP,325905,200,660,-660
01/25/2019 14:55,SCH - PJM_NEPTUNE,325305,660,660,-660
01/25/2019 14:55,SCH - PJM_VFT,325658,315,315,-315
01/25/2019 14:55,SPR/DUN-SOUTH,23320,2483.07,4600,-9999
01/25/2019 14:55,TOTAL EAST,23314,4224.95,6800,-9999
01/25/2019 14:55,UPNY CONED,23315,2025.82,5700,-9999
01/25/2019 14:55,WEST CENTRAL,23312,535.2,9999,-9999
01/25/2019 15:00,CENTRAL EAST - VC,23330,2493.39,2780,-9999
01/25/2019 15:00,DYSINGER EAST,23326,1154.38,3150,-9999
01/25/2019 15:00,MOSES SOUTH,23319,1971.58,3150,-1600
01/25/2019 15:00,SCH - HQ - NY,23324,1136,1500,-1000
01/25/2019 15:00,SCH - HQ_CEDARS,325274,180,180,-100
01/25/2019 15:00,SCH - HQ_IMPORT_EXPORT,325376,966,1310,-9999
01/25/2019 15:00,SCH - NE - NY,23318,-1587.64,1400,-1800
01/25/2019 15:00,SCH - NPX_1385,325277,-63,200,-200
01/25/2019 15:00,SCH - NPX_CSC,325154,56,330,-330
01/25/2019 15:00,SCH - OH - NY,23317,886.08,1700,-1700
01/25/2019 15:00,SCH - PJ - NY,23316,-17.99,2000,-1300
01/25/2019 15:00,SCH - PJM_HTP,325905,200,660,-660
01/25/2019 15:00,SCH - PJM_NEPTUNE,325305,660,660,-660
01/25/2019 15:00,SCH - PJM_VFT,325658,315,315,-315
01/25/2019 15:00,SPR/DUN-SOUTH,23320,2434.34,4600,-9999
01/25/2019 15:00,TOTAL EAST,23314,4181.63,6800,-9999
01/25/2019 15:00,UPNY CONED,23315,2049.37,5700,-9999
01/25/2019 15:00,WEST CENTRAL,23312,482.57,9999,-9999
01/25/2019 15:05,CENTRAL EAST - VC,23330,2473.49,2780,-9999
01/25/2019 15:05,DYSINGER EAST,23326,1061.16,3150,-9999
01/25/2019 15:05,MOSES SOUTH,23319,2021.04,3150,-1600
01/25/2019 15:05,SCH - HQ - NY,23324,1133,1500,-1000
01/25/2019 15:05,SCH - HQ_CEDARS,325274,180,180,-100
01/25/2019 15:05,SCH - HQ_IMPORT_EXPORT,325376,963,1310,-9999
01/25/2019 15:05,SCH - NE - NY,23318,-1573.7,1400,-1800
01/25/2019 15:05,SCH - NPX_1385,325277,-120,200,-200
01/25/2019 15:05,SCH - NPX_CSC,325154,62,330,-330
01/25/2019 15:05,SCH - OH - NY,23317,790.12,1700,-1700
01/25/2019 15:05,SCH - PJ - NY,23316,-29.71,2000,-1300
01/25/2019 15:05,SCH - PJM_HTP,325905,200,660,-660
01/25/2019 15:05,SCH - PJM_NEPTUNE,325305,660,660,-660
01/25/2019 15:05,SCH - PJM_VFT,325658,315,315,-315
01/25/2019 15:05,SPR/DUN-SOUTH,23320,2424.18,4600,-9999
01/25/2019 15:05,TOTAL EAST,23314,4176.39,6800,-9999
01/25/2019 15:05,UPNY CONED,23315,2106.25,5700,-9999
01/25/2019 15:05,WEST CENTRAL,23312,388.11,9999,-9999
01/25/2019 15:10,CENTRAL EAST - VC,23330,2494.7,2780,-9999
01/25/2019 15:10,DYSINGER EAST,23326,1019.29,3150,-9999
01/25/2019 15:10,MOSES SOUTH,23319,2028.29,3150,-1600
01/25/2019 15:10,SCH - HQ - NY,23324,1133,1500,-1000
01/25/2019 15:10,SCH - HQ_CEDARS,325274,180,180,-100
01/25/2019 15:10,SCH - HQ_IMPORT_EXPORT,325376,963,1310,-9999
01/25/2019 15:10,SCH - NE - NY,23318,-1573.62,1400,-1800
01/25/2019 15:10,SCH - NPX_1385,325277,-120,200,-200
01/25/2019 15:10,SCH - NPX_CSC,325154,62,330,-330
01/25/2019 15:10,SCH - OH - NY,23317,787.3,1700,-1700
01/25/2019 15:10,SCH - PJ - NY,23316,-24.98,2000,-1300
01/25/2019 15:10,SCH - PJM_HTP,325905,200,660,-660
01/25/2019 15:10,SCH - PJM_NEPTUNE,325305,660,660,-660
01/25/2019 15:10,SCH - PJM_VFT,325658,315,315,-315
01/25/2019 15:10,SPR/DUN-SOUTH,23320,2432.2,4600,-9999
01/25/2019 15:10,TOTAL EAST,23314,4194.69,6800,-9999
01/25/2019 15:10,UPNY CONED,23315,2135.19,5700,-9999
01/25/2019 15:10,WEST CENTRAL,23312,343.11,9999,-9999
01/25/2019 15:15,CENTRAL EAST - VC,23330,2525.91,2780,-9999
01/25/2019 15:15,DYSINGER EAST,23326,1163.13,3150,-9999
01/25/2019 15:15,MOSES SOUTH,23319,2030.02,3150,-1600
01/25/2019 15:15,SCH - HQ - NY,23324,1133,1500,-1000
01/25/2019 15:15,SCH - HQ_CEDARS,325274,180,180,-100
01/25/2019 15:15,SCH - HQ_IMPORT_EXPORT,325376,963,1310,-9999
01/25/2019 15:15,SCH - NE - NY,23318,-1586.87,1400,-1800
01/25/2019 15:15,SCH - NPX_1385,325277,-120,200,-200
01/25/2019 15:15,SCH - NPX_CSC,325154,62,330,-330
01/25/2019 15:15,SCH - OH - NY,23317,788.99,1700,-1700
01/25/2019 15:15,SCH - PJ - NY,23316,-57.53,2000,-1300
01/25/2019 15:15,SCH - PJM_HTP,325905,200,660,-660
01/25/2019 15:15,SCH - PJM_NEPTUNE,325305,660,660,-660
01/25/2019 15:15,SCH - PJM_VFT,325658,315,315,-315
01/25/2019 15:15,SPR/DUN-SOUTH,23320,2432.9,4600,-9999
01/25/2019 15:15,TOTAL EAST,23314,4259.01,6800,-9999
01/25/2019 15:15,UPNY CONED,23315,2159.89,5700,-9999
01/25/2019 15:15,WEST CENTRAL,23312,477.54,9999,-9999
01/25/2019 15:20,CENTRAL EAST - VC,23330,2553.75,2780,-9999
01/25/2019 15:20,DYSINGER EAST,23326,1333.14,3150,-9999
01/25/2019 15:20,MOSES SOUTH,23319,1935.96,3150,-1600
01/25/2019 15:20,SCH - HQ - NY,23324,1133,1500,-1000
01/25/2019 15:20,SCH - HQ_CEDARS,325274,180,180,-100
01/25/2019 15:20,SCH - HQ_IMPORT_EXPORT,325376,963,1310,-9999
01/25/2019 15:20,SCH - NE - NY,23318,-1602.08,1400,-1800
01/25/2019 15:20,SCH - NPX_1385,325277,-120,200,-200
01/25/2019 15:20,SCH - NPX_CSC,325154,62,330,-330
01/25/2019 15:20,SCH - OH - NY,23317,785.6,1700,-1700
01/25/2019 15:20,SCH - PJ - NY,23316,-69.41,2000,-1300
01/25/2019 15:20,SCH - PJM_HTP,325905,200,660,-660
01/25/2019 15:20,SCH - PJM_NEPTUNE,325305,660,660,-660
01/25/2019 15:20,SCH - PJM_VFT,325658,315,315,-315
01/25/2019 15:20,SPR/DUN-SOUTH,23320,2441.87,4600,-9999
01/25/2019 15:20,TOTAL EAST,23314,4229.3,6800,-9999
01/25/2019 15:20,UPNY CONED,23315,2126.65,5700,-9999
01/25/2019 15:20,WEST CENTRAL,23312,638.7,9999,-9999
01/25/2019 15:25,CENTRAL EAST - VC,23330,2541.95,2780,-9999
01/25/2019 15:25,DYSINGER EAST,23326,1354.17,3150,-9999
01/25/2019 15:25,MOSES SOUTH,23319,1893.81,3150,-1600
01/25/2019 15:25,SCH - HQ - NY,23324,1133,1500,-1000
01/25/2019 15:25,SCH - HQ_CEDARS,325274,180,180,-100
01/25/2019 15:25,SCH - HQ_IMPORT_EXPORT,325376,963,1310,-9999
01/25/2019 15:25,SCH - NE - NY,23318,-1602.08,1400,-1800
01/25/2019 15:25,SCH - NPX_1385,325277,-120,200,-200
01/25/2019 15:25,SCH - NPX_CSC,325154,62,330,-330
01/25/2019 15:25,SCH - OH - NY,23317,785.21,1700,-1700
01/25/2019 15:25,SCH - PJ - NY,23316,-72.91,2000,-1300
01/25/2019 15:25,SCH - PJM_HTP,325905,200,660,-660
01/25/2019 15:25,SCH - PJM_NEPTUNE,325305,660,660,-660
01/25/2019 15:25,SCH - PJM_VFT,325658,315,315,-315
01/25/2019 15:25,SPR/DUN-SOUTH,23320,2439.03,4600,-9999
01/25/2019 15:25,TOTAL EAST,23314,4262.8,6800,-9999
01/25/2019 15:25,UPNY CONED,23315,2130.34,5700,-9999
01/25/2019 15:25,WEST CENTRAL,23312,658.7,9999,-9999
01/25/2019 15:30,CENTRAL EAST - VC,23330,2498.51,2780,-9999
01/25/2019 15:30,DYSINGER EAST,23326,1224.13,3150,-9999
01/25/2019 15:30,MOSES SOUTH,23319,1912.13,3150,-1600
01/25/2019 15:30,SCH - HQ - NY,23324,1133,1500,-1000
01/25/2019 15:30,SCH - HQ_CEDARS,325274,180,180,-100
01/25/2019 15:30,SCH - HQ_IMPORT_EXPORT,325376,963,1310,-9999
01/25/2019 15:30,SCH - NE - NY,23318,-1602.04,1400,-1800
01/25/2019 15:30,SCH - NPX_1385,325277,-120,200,-200
01/25/2019 15:30,SCH - NPX_CSC,325154,62,330,-330
01/25/2019 15:30,SCH - OH - NY,23317,782.5,1700,-1700
01/25/2019 15:30,SCH - PJ - NY,23316,78.22,2000,-1300
01/25/2019 15:30,SCH - PJM_HTP,325905,200,660,-660
01/25/2019 15:30,SCH - PJM_NEPTUNE,325305,660,660,-660
01/25/2019 15:30,SCH - PJM_VFT,325658,315,315,-315
01/25/2019 15:30,SPR/DUN-SOUTH,23320,2425.88,4600,-9999
01/25/2019 15:30,TOTAL EAST,23314,4283.88,6800,-9999
01/25/2019 15:30,UPNY CONED,23315,2129.78,5700,-9999
01/25/2019 15:30,WEST CENTRAL,23312,537.14,9999,-9999
01/25/2019 15:35,CENTRAL EAST - VC,23330,2523.4,2780,-9999
01/25/2019 15:35,DYSINGER EAST,23326,1223.7,3150,-9999
01/25/2019 15:35,MOSES SOUTH,23319,1923.05,3150,-1600
01/25/2019 15:35,SCH - HQ - NY,23324,1133,1500,-1000
01/25/2019 15:35,SCH - HQ_CEDARS,325274,180,180,-100
01/25/2019 15:35,SCH - HQ_IMPORT_EXPORT,325376,963,1310,-9999
01/25/2019 15:35,SCH - NE - NY,23318,-1602.17,1400,-1800
01/25/2019 15:35,SCH - NPX_1385,325277,-120,200,-200
01/25/2019 15:35,SCH - NPX_CSC,325154,62,330,-330
01/25/2019 15:35,SCH - OH - NY,23317,786.21,1700,-1700
01/25/2019 15:35,SCH - PJ - NY,23316,224.4,2000,-1300
01/25/2019 15:35,SCH - PJM_HTP,325905,200,660,-660
01/25/2019 15:35,SCH - PJM_NEPTUNE,325305,660,660,-660
01/25/2019 15:35,SCH - PJM_VFT,325658,315,315,-315
01/25/2019 15:35,SPR/DUN-SOUTH,23320,2415.4,4600,-9999
01/25/2019 15:35,TOTAL EAST,23314,4371.29,6800,-9999
01/25/2019 15:35,UPNY CONED,23315,2136.1,5700,-9999
01/25/2019 15:35,WEST CENTRAL,23312,539.52,9999,-9999
01/25/2019 15:40,CENTRAL EAST - VC,23330,2539.41,2780,-9999
01/25/2019 15:40,DYSINGER EAST,23326,1251.47,3150,-9999
01/25/2019 15:40,MOSES SOUTH,23319,1958.56,3150,-1600
01/25/2019 15:40,SCH - HQ - NY,23324,1133,1500,-1000
01/25/2019 15:40,SCH - HQ_CEDARS,325274,180,180,-100
01/25/2019 15:40,SCH - HQ_IMPORT_EXPORT,325376,963,1310,-9999
01/25/2019 15:40,SCH - NE - NY,23318,-1602.16,1400,-1800
01/25/2019 15:40,SCH - NPX_1385,325277,-120,200,-200
01/25/2019 15:40,SCH - NPX_CSC,325154,62,330,-330
01/25/2019 15:40,SCH - OH - NY,23317,787.77,1700,-1700
01/25/2019 15:40,SCH - PJ - NY,23316,223.58,2000,-1300
01/25/2019 15:40,SCH - PJM_HTP,325905,200,660,-660
01/25/2019 15:40,SCH - PJM_NEPTUNE,325305,660,660,-660
01/25/2019 15:40,SCH - PJM_VFT,325658,315,315,-315
01/25/2019 15:40,SPR/DUN-SOUTH,23320,2433.97,4600,-9999
01/25/2019 15:40,TOTAL EAST,23314,4310.84,6800,-9999
01/25/2019 15:40,UPNY CONED,23315,2131.26,5700,-9999
01/25/2019 15:40,WEST CENTRAL,23312,563.38,9999,-9999
01/25/2019 15:45,CENTRAL EAST - VC,23330,2578.97,2780,-9999
01/25/2019 15:45,DYSINGER EAST,23326,1351.77,3150,-9999
01/25/2019 15:45,MOSES SOUTH,23319,1977.88,3150,-1600
01/25/2019 15:45,SCH - HQ - NY,23324,1133,1500,-1000
01/25/2019 15:45,SCH - HQ_CEDARS,325274,180,180,-100
01/25/2019 15:45,SCH - HQ_IMPORT_EXPORT,325376,963,1310,-9999
01/25/2019 15:45,SCH - NE - NY,23318,-1602.11,1400,-1800
01/25/2019 15:45,SCH - NPX_1385,325277,-120,200,-200
01/25/2019 15:45,SCH - NPX_CSC,325154,62,330,-330
01/25/2019 15:45,SCH - OH - NY,23317,788.65,1700,-1700
01/25/2019 15:45,SCH - PJ - NY,23316,73.7,2000,-1300
01/25/2019 15:45,SCH - PJM_HTP,325905,200,660,-660
01/25/2019 15:45,SCH - PJM_NEPTUNE,325305,660,660,-660
01/25/2019 15:45,SCH - PJM_VFT,325658,315,315,-315
01/25/2019 15:45,SPR/DUN-SOUTH,23320,2455.09,4600,-9999
01/25/2019 15:45,TOTAL EAST,23314,4291.14,6800,-9999
01/25/2019 15:45,UPNY CONED,23315,2130.08,5700,-9999
01/25/2019 15:45,WEST CENTRAL,23312,657.46,9999,-9999
01/25/2019 15:50,CENTRAL EAST - VC,23330,2601.92,2780,-9999
01/25/2019 15:50,DYSINGER EAST,23326,1316.88,3150,-9999
01/25/2019 15:50,MOSES SOUTH,23319,1994.37,3150,-1600
01/25/2019 15:50,SCH - HQ - NY,23324,1133,1500,-1000
01/25/2019 15:50,SCH - HQ_CEDARS,325274,180,180,-100
01/25/2019 15:50,SCH - HQ_IMPORT_EXPORT,325376,963,1310,-9999
01/25/2019 15:50,SCH - NE - NY,23318,-1602.03,1400,-1800
01/25/2019 15:50,SCH - NPX_1385,325277,-120,200,-200
01/25/2019 15:50,SCH - NPX_CSC,325154,62,330,-330
01/25/2019 15:50,SCH - OH - NY,23317,788.62,1700,-1700
01/25/2019 15:50,SCH - PJ - NY,23316,-77.25,2000,-1300
01/25/2019 15:50,SCH - PJM_HTP,325905,200,660,-660
01/25/2019 15:50,SCH - PJM_NEPTUNE,325305,660,660,-660
01/25/2019 15:50,SCH - PJM_VFT,325658,315,315,-315
01/25/2019 15:50,SPR/DUN-SOUTH,23320,2433.06,4600,-9999
01/25/2019 15:50,TOTAL EAST,23314,4243.79,6800,-9999
01/25/2019 15:50,UPNY CONED,23315,2094.25,5700,-9999
01/25/2019 15:50,WEST CENTRAL,23312,621.47,9999,-9999
01/25/2019 15:55,CENTRAL EAST - VC,23330,2583.38,2780,-9999
01/25/2019 15:55,DYSINGER EAST,23326,1373.65,3150,-9999
01/25/2019 15:55,MOSES SOUTH,23319,1968.26,3150,-1600
01/25/2019 15:55,SCH - HQ - NY,23324,1133,1500,-1000
01/25/2019 15:55,SCH - HQ_CEDARS,325274,180,180,-100
01/25/2019 15:55,SCH - HQ_IMPORT_EXPORT,325376,963,1310,-9999
01/25/2019 15:55,SCH - NE - NY,23318,-1602.06,1400,-1800
01/25/2019 15:55,SCH - NPX_1385,325277,-120,200,-200
01/25/2019 15:55,SCH - NPX_CSC,325154,62,330,-330
01/25/2019 15:55,SCH - OH - NY,23317,790.74,1700,-1700
01/25/2019 15:55,SCH - PJ - NY,23316,-79.19,2000,-1300
01/25/2019 15:55,SCH - PJM_HTP,325905,200,660,-660
01/25/2019 15:55,SCH - PJM_NEPTUNE,325305,660,660,-660
01/25/2019 15:55,SCH - PJM_VFT,325658,315,315,-315
01/25/2019 15:55,SPR/DUN-SOUTH,23320,2444.94,4600,-9999
01/25/2019 15:55,TOTAL EAST,23314,4230.33,6800,-9999
01/25/2019 15:55,UPNY CONED,23315,2077.09,5700,-9999
01/25/2019 15:55,WEST CENTRAL,23312,675.56,9999,-9999
01/25/2019 16:00,CENTRAL EAST - VC,23330,2554.07,2780,-9999
01/25/2019 16:00,DYSINGER EAST,23326,1217.81,3150,-9999
01/25/2019 16:00,MOSES SOUTH,23319,2013.79,3150,-1600
01/25/2019 16:00,SCH - HQ - NY,23324,1246,1500,-1000
01/25/2019 16:00,SCH - HQ_CEDARS,325274,180,180,-100
01/25/2019 16:00,SCH - HQ_IMPORT_EXPORT,325376,1076,1310,-9999
01/25/2019 16:00,SCH - NE - NY,23318,-1602.01,1400,-1800
01/25/2019 16:00,SCH - NPX_1385,325277,-153,200,-200
01/25/2019 16:00,SCH - NPX_CSC,325154,56,330,-330
01/25/2019 16:00,SCH - OH - NY,23317,700.15,1700,-1700
01/25/2019 16:00,SCH - PJ - NY,23316,-88.9,2000,-1300
01/25/2019 16:00,SCH - PJM_HTP,325905,200,660,-660
01/25/2019 16:00,SCH - PJM_NEPTUNE,325305,660,660,-660
01/25/2019 16:00,SCH - PJM_VFT,325658,315,315,-315
01/25/2019 16:00,SPR/DUN-SOUTH,23320,2352.58,4600,-9999
01/25/2019 16:00,TOTAL EAST,23314,4138.79,6800,-9999
01/25/2019 16:00,UPNY CONED,23315,2009.07,5700,-9999
01/25/2019 16:00,WEST CENTRAL,23312,524.63,9999,-9999
01/25/2019 16:05,CENTRAL EAST - VC,23330,2577.07,2780,-9999
01/25/2019 16:05,DYSINGER EAST,23326,1106.82,3150,-9999
01/25/2019 16:05,MOSES SOUTH,23319,2134.15,3150,-1600
01/25/2019 16:05,SCH - HQ - NY,23324,1359,1500,-1000
01/25/2019 16:05,SCH - HQ_CEDARS,325274,180,180,-100
01/25/2019 16:05,SCH - HQ_IMPORT_EXPORT,325376,1189,1310,-9999
01/25/2019 16:05,SCH - NE - NY,23318,-1602.07,1400,-1800
01/25/2019 16:05,SCH - NPX_1385,325277,-186,200,-200
01/25/2019 16:05,SCH - NPX_CSC,325154,50,330,-330
01/25/2019 16:05,SCH - OH - NY,23317,613.3,1700,-1700
01/25/2019 16:05,SCH - PJ - NY,23316,-99.9,2000,-1300
01/25/2019 16:05,SCH - PJM_HTP,325905,200,660,-660
01/25/2019 16:05,SCH - PJM_NEPTUNE,325305,660,660,-660
01/25/2019 16:05,SCH - PJM_VFT,325658,315,315,-315
01/25/2019 16:05,SPR/DUN-SOUTH,23320,2346.63,4600,-9999
01/25/2019 16:05,TOTAL EAST,23314,4130.82,6800,-9999
01/25/2019 16:05,UPNY CONED,23315,2005.09,5700,-9999
01/25/2019 16:05,WEST CENTRAL,23312,416.08,9999,-9999
01/25/2019 16:10,CENTRAL EAST - VC,23330,2602.65,2780,-9999
01/25/2019 16:10,DYSINGER EAST,23326,1273.43,3150,-9999
01/25/2019 16:10,MOSES SOUTH,23319,2102.84,3150,-1600
01/25/2019 16:10,SCH - HQ - NY,23324,1359,1500,-1000
01/25/2019 16:10,SCH - HQ_CEDARS,325274,180,180,-100
01/25/2019 16:10,SCH - HQ_IMPORT_EXPORT,325376,1189,1310,-9999
01/25/2019 16:10,SCH - NE - NY,23318,-1602.16,1400,-1800
01/25/2019 16:10,SCH - NPX_1385,325277,-186,200,-200
01/25/2019 16:10,SCH - NPX_CSC,325154,50,330,-330
01/25/2019 16:10,SCH - OH - NY,23317,613.33,1700,-1700
01/25/2019 16:10,SCH - PJ - NY,23316,-96.9,2000,-1300
01/25/2019 16:10,SCH - PJM_HTP,325905,200,660,-660
01/25/2019 16:10,SCH - PJM_NEPTUNE,325305,660,660,-660
01/25/2019 16:10,SCH - PJM_VFT,325658,315,315,-315
01/25/2019 16:10,SPR/DUN-SOUTH,23320,2373.48,4600,-9999
01/25/2019 16:10,TOTAL EAST,23314,4172.47,6800,-9999
01/25/2019 16:10,UPNY CONED,23315,2036.34,5700,-9999
01/25/2019 16:10,WEST CENTRAL,23312,571.79,9999,-9999
01/25/2019 16:15,CENTRAL EAST - VC,23330,2627.49,2780,-9999
01/25/2019 16:15,DYSINGER EAST,23326,1269.55,3150,-9999
01/25/2019 16:15,MOSES SOUTH,23319,2102.69,3150,-1600
01/25/2019 16:15,SCH - HQ - NY,23324,1359,1500,-1000
01/25/2019 16:15,SCH - HQ_CEDARS,325274,180,180,-100
01/25/2019 16:15,SCH - HQ_IMPORT_EXPORT,325376,1189,1310,-9999
01/25/2019 16:15,SCH - NE - NY,23318,-1601.63,1400,-1800
01/25/2019 16:15,SCH - NPX_1385,325277,-186,200,-200
01/25/2019 16:15,SCH - NPX_CSC,325154,50,330,-330
01/25/2019 16:15,SCH - OH - NY,23317,613.52,1700,-1700
01/25/2019 16:15,SCH - PJ - NY,23316,-23.09,2000,-1300
01/25/2019 16:15,SCH - PJM_HTP,325905,200,660,-660
01/25/2019 16:15,SCH - PJM_NEPTUNE,325305,660,660,-660
01/25/2019 16:15,SCH - PJM_VFT,325658,315,315,-315
01/25/2019 16:15,SPR/DUN-SOUTH,23320,2398.19,4600,-9999
01/25/2019 16:15,TOTAL EAST,23314,4180.45,6800,-9999
01/25/2019 16:15,UPNY CONED,23315,2050.05,5700,-9999
01/25/2019 16:15,WEST CENTRAL,23312,565.63,9999,-9999
01/25/2019 16:20,CENTRAL EAST - VC,23330,2611.45,2780,-9999
01/25/2019 16:20,DYSINGER EAST,23326,1237.52,3150,-9999
01/25/2019 16:20,MOSES SOUTH,23319,2117.67,3150,-1600
01/25/2019 16:20,SCH - HQ - NY,23324,1359,1500,-1000
01/25/2019 16:20,SCH - HQ_CEDARS,325274,180,180,-100
01/25/2019 16:20,SCH - HQ_IMPORT_EXPORT,325376,1189,1310,-9999
01/25/2019 16:20,SCH - NE - NY,23318,-1601.64,1400,-1800
01/25/2019 16:20,SCH - NPX_1385,325277,-186,200,-200
01/25/2019 16:20,SCH - NPX_CSC,325154,50,330,-330
01/25/2019 16:20,SCH - OH - NY,23317,613.36,1700,-1700
01/25/2019 16:20,SCH - PJ - NY,23316,52.16,2000,-1300
01/25/2019 16:20,SCH - PJM_HTP,325905,200,660,-660
01/25/2019 16:20,SCH - PJM_NEPTUNE,325305,660,660,-660
01/25/2019 16:20,SCH - PJM_VFT,325658,315,315,-315
01/25/2019 16:20,SPR/DUN-SOUTH,23320,2393.2,4600,-9999
01/25/2019 16:20,TOTAL EAST,23314,4268.46,6800,-9999
01/25/2019 16:20,UPNY CONED,23315,2066.96,5700,-9999
01/25/2019 16:20,WEST CENTRAL,23312,533.73,9999,-9999
01/25/2019 16:25,CENTRAL EAST - VC,23330,2610.63,2840,-9999
01/25/2019 16:25,DYSINGER EAST,23326,1285.89,3150,-9999
01/25/2019 16:25,MOSES SOUTH,23319,2101.39,3150,-1600
01/25/2019 16:25,SCH - HQ - NY,23324,1359,1500,-1000
01/25/2019 16:25,SCH - HQ_CEDARS,325274,180,180,-100
01/25/2019 16:25,SCH - HQ_IMPORT_EXPORT,325376,1189,1310,-9999
01/25/2019 16:25,SCH - NE - NY,23318,-1601.46,1400,-1800
01/25/2019 16:25,SCH - NPX_1385,325277,-186,200,-200
01/25/2019 16:25,SCH - NPX_CSC,325154,50,330,-330
01/25/2019 16:25,SCH - OH - NY,23317,613.38,1700,-1700
01/25/2019 16:25,SCH - PJ - NY,23316,49.84,2000,-1300
01/25/2019 16:25,SCH - PJM_HTP,325905,200,660,-660
01/25/2019 16:25,SCH - PJM_NEPTUNE,325305,660,660,-660
01/25/2019 16:25,SCH - PJM_VFT,325658,315,315,-315
01/25/2019 16:25,SPR/DUN-SOUTH,23320,2407.66,4600,-9999
01/25/2019 16:25,TOTAL EAST,23314,4190.04,6800,-9999
01/25/2019 16:25,UPNY CONED,23315,2055.8,5700,-9999
01/25/2019 16:25,WEST CENTRAL,23312,577.67,9999,-9999
01/25/2019 16:30,CENTRAL EAST - VC,23330,2630.69,2840,-9999
01/25/2019 16:30,DYSINGER EAST,23326,1249.75,3150,-9999
01/25/2019 16:30,MOSES SOUTH,23319,2151.22,3150,-1600
01/25/2019 16:30,SCH - HQ - NY,23324,1359,1500,-1000
01/25/2019 16:30,SCH - HQ_CEDARS,325274,180,180,-100
01/25/2019 16:30,SCH - HQ_IMPORT_EXPORT,325376,1189,1310,-9999
01/25/2019 16:30,SCH - NE - NY,23318,-1601.54,1400,-1800
01/25/2019 16:30,SCH - NPX_1385,325277,-186,200,-200
01/25/2019 16:30,SCH - NPX_CSC,325154,50,330,-330
01/25/2019 16:30,SCH - OH - NY,23317,613.55,1700,-1700
01/25/2019 16:30,SCH - PJ - NY,23316,-24.93,2000,-1300
01/25/2019 16:30,SCH - PJM_HTP,325905,200,660,-660
01/25/2019 16:30,SCH - PJM_NEPTUNE,325305,660,660,-660
01/25/2019 16:30,SCH - PJM_VFT,325658,315,315,-315
01/25/2019 16:30,SPR/DUN-SOUTH,23320,2409.59,4600,-9999
01/25/2019 16:30,TOTAL EAST,23314,4199.9,6800,-9999
01/25/2019 16:30,UPNY CONED,23315,2038.76,5700,-9999
01/25/2019 16:30,WEST CENTRAL,23312,536.48,9999,-9999
01/25/2019 16:35,CENTRAL EAST - VC,23330,2634.55,2840,-9999
01/25/2019 16:35,DYSINGER EAST,23326,1153.88,3150,-9999
01/25/2019 16:35,MOSES SOUTH,23319,2164.31,3150,-1600
01/25/2019 16:35,SCH - HQ - NY,23324,1359,1500,-1000
01/25/2019 16:35,SCH - HQ_CEDARS,325274,180,180,-100
01/25/2019 16:35,SCH - HQ_IMPORT_EXPORT,325376,1189,1310,-9999
01/25/2019 16:35,SCH - NE - NY,23318,-1601.59,1400,-1800
01/25/2019 16:35,SCH - NPX_1385,325277,-186,200,-200
01/25/2019 16:35,SCH - NPX_CSC,325154,50,330,-330
01/25/2019 16:35,SCH - OH - NY,23317,613.48,1700,-1700
01/25/2019 16:35,SCH - PJ - NY,23316,-100.16,2000,-1300
01/25/2019 16:35,SCH - PJM_HTP,325905,200,660,-660
01/25/2019 16:35,SCH - PJM_NEPTUNE,325305,660,660,-660
01/25/2019 16:35,SCH - PJM_VFT,325658,315,315,-315
01/25/2019 16:35,SPR/DUN-SOUTH,23320,2408.64,4600,-9999
01/25/2019 16:35,TOTAL EAST,23314,4185.05,6800,-9999
01/25/2019 16:35,UPNY CONED,23315,2054.49,5700,-9999
01/25/2019 16:35,WEST CENTRAL,23312,441.92,9999,-9999
01/25/2019 16:40,CENTRAL EAST - VC,23330,2695.86,2840,-9999
01/25/2019 16:40,DYSINGER EAST,23326,1243.92,3150,-9999
01/25/2019 16:40,MOSES SOUTH,23319,2152.94,3150,-1600
01/25/2019 16:40,SCH - HQ - NY,23324,1359,1500,-1000
01/25/2019 16:40,SCH - HQ_CEDARS,325274,180,180,-100
01/25/2019 16:40,SCH - HQ_IMPORT_EXPORT,325376,1189,1310,-9999
01/25/2019 16:40,SCH - NE - NY,23318,-1601.56,1400,-1800
01/25/2019 16:40,SCH - NPX_1385,325277,-186,200,-200
01/25/2019 16:40,SCH - NPX_CSC,325154,50,330,-330
01/25/2019 16:40,SCH - OH - NY,23317,613.46,1700,-1700
01/25/2019 16:40,SCH - PJ - NY,23316,-101.65,2000,-1300
01/25/2019 16:40,SCH - PJM_HTP,325905,200,660,-660
01/25/2019 16:40,SCH - PJM_NEPTUNE,325305,660,660,-660
01/25/2019 16:40,SCH - PJM_VFT,325658,315,315,-315
01/25/2019 16:40,SPR/DUN-SOUTH,23320,2469.8,4600,-9999
01/25/2019 16:40,TOTAL EAST,23314,4306.72,6800,-9999
01/25/2019 16:40,UPNY CONED,23315,2113.02,5700,-9999
01/25/2019 16:40,WEST CENTRAL,23312,526.62,9999,-9999
01/25/2019 16:45,CENTRAL EAST - VC,23330,2712.31,2840,-9999
01/25/2019 16:45,DYSINGER EAST,23326,1475.89,3150,-9999
01/25/2019 16:45,MOSES SOUTH,23319,2094.8,3150,-1600
01/25/2019 16:45,SCH - HQ - NY,23324,1359,1500,-1000
01/25/2019 16:45,SCH - HQ_CEDARS,325274,180,180,-100
01/25/2019 16:45,SCH - HQ_IMPORT_EXPORT,325376,1189,1310,-9999
01/25/2019 16:45,SCH - NE - NY,23318,-1601.52,1400,-1800
01/25/2019 16:45,SCH - NPX_1385,325277,-186,200,-200
01/25/2019 16:45,SCH - NPX_CSC,325154,50,330,-330
01/25/2019 16:45,SCH - OH - NY,23317,613.45,1700,-1700
01/25/2019 16:45,SCH - PJ - NY,23316,-7.4,2000,-1300
01/25/2019 16:45,SCH - PJM_HTP,325905,200,660,-660
01/25/2019 16:45,SCH - PJM_NEPTUNE,325305,660,660,-660
01/25/2019 16:45,SCH - PJM_VFT,325658,315,315,-315
01/25/2019 16:45,SPR/DUN-SOUTH,23320,2460.1,4600,-9999
01/25/2019 16:45,TOTAL EAST,23314,4340,6800,-9999
01/25/2019 16:45,UPNY CONED,23315,2124.79,5700,-9999
01/25/2019 16:45,WEST CENTRAL,23312,743.93,9999,-9999
01/25/2019 16:50,CENTRAL EAST - VC,23330,2721.06,2840,-9999
01/25/2019 16:50,DYSINGER EAST,23326,1550.24,3150,-9999
01/25/2019 16:50,MOSES SOUTH,23319,2096.85,3150,-1600
01/25/2019 16:50,SCH - HQ - NY,23324,1359,1500,-1000
01/25/2019 16:50,SCH - HQ_CEDARS,325274,180,180,-100
01/25/2019 16:50,SCH - HQ_IMPORT_EXPORT,325376,1189,1310,-9999
01/25/2019 16:50,SCH - NE - NY,23318,-1601.56,1400,-1800
01/25/2019 16:50,SCH - NPX_1385,325277,-186,200,-200
01/25/2019 16:50,SCH - NPX_CSC,325154,50,330,-330
01/25/2019 16:50,SCH - OH - NY,23317,613.52,1700,-1700
01/25/2019 16:50,SCH - PJ - NY,23316,88.73,2000,-1300
01/25/2019 16:50,SCH - PJM_HTP,325905,200,660,-660
01/25/2019 16:50,SCH - PJM_NEPTUNE,325305,660,660,-660
01/25/2019 16:50,SCH - PJM_VFT,325658,315,315,-315
01/25/2019 16:50,SPR/DUN-SOUTH,23320,2462.66,4600,-9999
01/25/2019 16:50,TOTAL EAST,23314,4353.69,6800,-9999
01/25/2019 16:50,UPNY CONED,23315,2151.95,5700,-9999
01/25/2019 16:50,WEST CENTRAL,23312,813.36,9999,-9999
01/25/2019 16:55,CENTRAL EAST - VC,23330,2727.49,2840,-9999
01/25/2019 16:55,DYSINGER EAST,23326,1493.78,3150,-9999
01/25/2019 16:55,MOSES SOUTH,23319,2086.19,3150,-1600
01/25/2019 16:55,SCH - HQ - NY,23324,1359,1500,-1000
01/25/2019 16:55,SCH - HQ_CEDARS,325274,180,180,-100
01/25/2019 16:55,SCH - HQ_IMPORT_EXPORT,325376,1189,1310,-9999
01/25/2019 16:55,SCH - NE - NY,23318,-1601.56,1400,-1800
01/25/2019 16:55,SCH - NPX_1385,325277,-186,200,-200
01/25/2019 16:55,SCH - NPX_CSC,325154,50,330,-330
01/25/2019 16:55,SCH - OH - NY,23317,613.44,1700,-1700
01/25/2019 16:55,SCH - PJ - NY,23316,88.75,2000,-1300
01/25/2019 16:55,SCH - PJM_HTP,325905,200,660,-660
01/25/2019 16:55,SCH - PJM_NEPTUNE,325305,660,660,-660
01/25/2019 16:55,SCH - PJM_VFT,325658,315,315,-315
01/25/2019 16:55,SPR/DUN-SOUTH,23320,2505.82,4600,-9999
01/25/2019 16:55,TOTAL EAST,23314,4441.84,6800,-9999
01/25/2019 16:55,UPNY CONED,23315,2185.35,5700,-9999
01/25/2019 16:55,WEST CENTRAL,23312,757.4,9999,-9999
01/25/2019 17:00,CENTRAL EAST - VC,23330,2676.54,2840,-9999
01/25/2019 17:00,DYSINGER EAST,23326,1332.45,3150,-9999
01/25/2019 17:00,MOSES SOUTH,23319,2156.06,3150,-1600
01/25/2019 17:00,SCH - HQ - NY,23324,1404,1500,-1000
01/25/2019 17:00,SCH - HQ_CEDARS,325274,180,180,-100
01/25/2019 17:00,SCH - HQ_IMPORT_EXPORT,325376,1234,1310,-9999
01/25/2019 17:00,SCH - NE - NY,23318,-1601.47,1400,-1800
01/25/2019 17:00,SCH - NPX_1385,325277,-156,200,-200
01/25/2019 17:00,SCH - NPX_CSC,325154,50,330,-330
01/25/2019 17:00,SCH - OH - NY,23317,648.34,1700,-1700
01/25/2019 17:00,SCH - PJ - NY,23316,43.75,2000,-1300
01/25/2019 17:00,SCH - PJM_HTP,325905,200,660,-660
01/25/2019 17:00,SCH - PJM_NEPTUNE,325305,660,660,-660
01/25/2019 17:00,SCH - PJM_VFT,325658,315,315,-315
01/25/2019 17:00,SPR/DUN-SOUTH,23320,2464.88,4600,-9999
01/25/2019 17:00,TOTAL EAST,23314,4325.58,6800,-9999
01/25/2019 17:00,UPNY CONED,23315,2046.69,5700,-9999
01/25/2019 17:00,WEST CENTRAL,23312,601.3,9999,-9999
01/25/2019 17:05,CENTRAL EAST - VC,23330,2678.86,2840,-9999
01/25/2019 17:05,DYSINGER EAST,23326,1352.38,3150,-9999
01/25/2019 17:05,MOSES SOUTH,23319,2196.18,3150,-1600
01/25/2019 17:05,SCH - HQ - NY,23324,1450,1500,-1000
01/25/2019 17:05,SCH - HQ_CEDARS,325274,180,180,-100
01/25/2019 17:05,SCH - HQ_IMPORT_EXPORT,325376,1280,1310,-9999
01/25/2019 17:05,SCH - NE - NY,23318,-1601.39,1400,-1800
01/25/2019 17:05,SCH - NPX_1385,325277,-127,200,-200
01/25/2019 17:05,SCH - NPX_CSC,325154,50,330,-330
01/25/2019 17:05,SCH - OH - NY,23317,684.17,1700,-1700
01/25/2019 17:05,SCH - PJ - NY,23316,1.53,2000,-1300
01/25/2019 17:05,SCH - PJM_HTP,325905,200,660,-660
01/25/2019 17:05,SCH - PJM_NEPTUNE,325305,660,660,-660
01/25/2019 17:05,SCH - PJM_VFT,325658,315,315,-315
01/25/2019 17:05,SPR/DUN-SOUTH,23320,2461.67,4600,-9999
01/25/2019 17:05,TOTAL EAST,23314,4350.95,6800,-9999
01/25/2019 17:05,UPNY CONED,23315,2047.25,5700,-9999
01/25/2019 17:05,WEST CENTRAL,23312,616,9999,-9999
01/25/2019 17:10,CENTRAL EAST - VC,23330,2691.9,2840,-9999
01/25/2019 17:10,DYSINGER EAST,23326,1264.7,3150,-9999
01/25/2019 17:10,MOSES SOUTH,23319,2254.55,3150,-1600
01/25/2019 17:10,SCH - HQ - NY,23324,1450,1500,-1000
01/25/2019 17:10,SCH - HQ_CEDARS,325274,180,180,-100
01/25/2019 17:10,SCH - HQ_IMPORT_EXPORT,325376,1280,1310,-9999
01/25/2019 17:10,SCH - NE - NY,23318,-1601.78,1400,-1800
01/25/2019 17:10,SCH - NPX_1385,325277,-127,200,-200
01/25/2019 17:10,SCH - NPX_CSC,325154,50,330,-330
01/25/2019 17:10,SCH - OH - NY,23317,684.26,1700,-1700
01/25/2019 17:10,SCH - PJ - NY,23316,1.06,2000,-1300
01/25/2019 17:10,SCH - PJM_HTP,325905,200,660,-660
01/25/2019 17:10,SCH - PJM_NEPTUNE,325305,660,660,-660
01/25/2019 17:10,SCH - PJM_VFT,325658,315,315,-315
01/25/2019 17:10,SPR/DUN-SOUTH,23320,2465.31,4600,-9999
01/25/2019 17:10,TOTAL EAST,23314,4419.39,6800,-9999
01/25/2019 17:10,UPNY CONED,23315,2068.94,5700,-9999
01/25/2019 17:10,WEST CENTRAL,23312,517.5,9999,-9999
01/25/2019 17:15,CENTRAL EAST - VC,23330,2740.54,2840,-9999
01/25/2019 17:15,DYSINGER EAST,23326,1544.54,3150,-9999
01/25/2019 17:15,MOSES SOUTH,23319,2183.64,3150,-1600
01/25/2019 17:15,SCH - HQ - NY,23324,1450,1500,-1000
01/25/2019 17:15,SCH - HQ_CEDARS,325274,180,180,-100
01/25/2019 17:15,SCH - HQ_IMPORT_EXPORT,325376,1280,1310,-9999
01/25/2019 17:15,SCH - NE - NY,23318,-1601.1,1400,-1800
01/25/2019 17:15,SCH - NPX_1385,325277,-127,200,-200
01/25/2019 17:15,SCH - NPX_CSC,325154,50,330,-330
01/25/2019 17:15,SCH - OH - NY,23317,684.57,1700,-1700
01/25/2019 17:15,SCH - PJ - NY,23316,175.77,2000,-1300
01/25/2019 17:15,SCH - PJM_HTP,325905,166,660,-660
01/25/2019 17:15,SCH - PJM_NEPTUNE,325305,660,660,-660
01/25/2019 17:15,SCH - PJM_VFT,325658,315,315,-315
01/25/2019 17:15,SPR/DUN-SOUTH,23320,2490.28,4600,-9999
01/25/2019 17:15,TOTAL EAST,23314,4481.51,6800,-9999
01/25/2019 17:15,UPNY CONED,23315,2112.71,5700,-9999
01/25/2019 17:15,WEST CENTRAL,23312,781.37,9999,-9999
01/25/2019 17:20,CENTRAL EAST - VC,23330,2723.2,2840,-9999
01/25/2019 17:20,DYSINGER EAST,23326,1467.27,3150,-9999
01/25/2019 17:20,MOSES SOUTH,23319,2187.2,3150,-1600
01/25/2019 17:20,SCH - HQ - NY,23324,1450,1500,-1000
01/25/2019 17:20,SCH - HQ_CEDARS,325274,180,180,-100
01/25/2019 17:20,SCH - HQ_IMPORT_EXPORT,325376,1280,1310,-9999
01/25/2019 17:20,SCH - NE - NY,23318,-1601.16,1400,-1800
01/25/2019 17:20,SCH - NPX_1385,325277,-127,200,-200
01/25/2019 17:20,SCH - NPX_CSC,325154,50,330,-330
01/25/2019 17:20,SCH - OH - NY,23317,684.59,1700,-1700
01/25/2019 17:20,SCH - PJ - NY,23316,368.21,2000,-1300
01/25/2019 17:20,SCH - PJM_HTP,325905,132,660,-660
01/25/2019 17:20,SCH - PJM_NEPTUNE,325305,660,660,-660
01/25/2019 17:20,SCH - PJM_VFT,325658,315,315,-315
01/25/2019 17:20,SPR/DUN-SOUTH,23320,2479.28,4600,-9999
01/25/2019 17:20,TOTAL EAST,23314,4547.31,6800,-9999
01/25/2019 17:20,UPNY CONED,23315,2127.81,5700,-9999
01/25/2019 17:20,WEST CENTRAL,23312,698.44,9999,-9999
01/25/2019 17:25,CENTRAL EAST - VC,23330,2730.99,2840,-9999
01/25/2019 17:25,DYSINGER EAST,23326,1521.6,3150,-9999
01/25/2019 17:25,MOSES SOUTH,23319,2176.42,3150,-1600
01/25/2019 17:25,SCH - HQ - NY,23324,1450,1500,-1000
01/25/2019 17:25,SCH - HQ_CEDARS,325274,180,180,-100
01/25/2019 17:25,SCH - HQ_IMPORT_EXPORT,325376,1280,1310,-9999
01/25/2019 17:25,SCH - NE - NY,23318,-1601.19,1400,-1800
01/25/2019 17:25,SCH - NPX_1385,325277,-127,200,-200
01/25/2019 17:25,SCH - NPX_CSC,325154,50,330,-330
01/25/2019 17:25,SCH - OH - NY,23317,684.48,1700,-1700
01/25/2019 17:25,SCH - PJ - NY,23316,362.24,2000,-1300
01/25/2019 17:25,SCH - PJM_HTP,325905,132,660,-660
01/25/2019 17:25,SCH - PJM_NEPTUNE,325305,660,660,-660
01/25/2019 17:25,SCH - PJM_VFT,325658,315,315,-315
01/25/2019 17:25,SPR/DUN-SOUTH,23320,2481.2,4600,-9999
01/25/2019 17:25,TOTAL EAST,23314,4549.94,6800,-9999
01/25/2019 17:25,UPNY CONED,23315,2140.42,5700,-9999
01/25/2019 17:25,WEST CENTRAL,23312,754.31,9999,-9999
01/25/2019 17:30,CENTRAL EAST - VC,23330,2686.56,2840,-9999
01/25/2019 17:30,DYSINGER EAST,23326,1276.12,3150,-9999
01/25/2019 17:30,MOSES SOUTH,23319,2251.24,3150,-1600
01/25/2019 17:30,SCH - HQ - NY,23324,1450,1500,-1000
01/25/2019 17:30,SCH - HQ_CEDARS,325274,180,180,-100
01/25/2019 17:30,SCH - HQ_IMPORT_EXPORT,325376,1280,1310,-9999
01/25/2019 17:30,SCH - NE - NY,23318,-1601.25,1400,-1800
01/25/2019 17:30,SCH - NPX_1385,325277,-127,200,-200
01/25/2019 17:30,SCH - NPX_CSC,325154,50,330,-330
01/25/2019 17:30,SCH - OH - NY,23317,684.5,1700,-1700
01/25/2019 17:30,SCH - PJ - NY,23316,226.86,2000,-1300
01/25/2019 17:30,SCH - PJM_HTP,325905,147,660,-660
01/25/2019 17:30,SCH - PJM_NEPTUNE,325305,660,660,-660
01/25/2019 17:30,SCH - PJM_VFT,325658,315,315,-315
01/25/2019 17:30,SPR/DUN-SOUTH,23320,2412.84,4600,-9999
01/25/2019 17:30,TOTAL EAST,23314,4431.48,6800,-9999
01/25/2019 17:30,UPNY CONED,23315,2068.76,5700,-9999
01/25/2019 17:30,WEST CENTRAL,23312,511.05,9999,-9999
01/25/2019 17:35,CENTRAL EAST - VC,23330,2666.83,2840,-9999
01/25/2019 17:35,DYSINGER EAST,23326,1166.37,3150,-9999
01/25/2019 17:35,MOSES SOUTH,23319,2224.22,3150,-1600
01/25/2019 17:35,SCH - HQ - NY,23324,1450,1500,-1000
01/25/2019 17:35,SCH - HQ_CEDARS,325274,180,180,-100
01/25/2019 17:35,SCH - HQ_IMPORT_EXPORT,325376,1280,1310,-9999
01/25/2019 17:35,SCH - NE - NY,23318,-1601.17,1400,-1800
01/25/2019 17:35,SCH - NPX_1385,325277,-127,200,-200
01/25/2019 17:35,SCH - NPX_CSC,325154,50,330,-330
01/25/2019 17:35,SCH - OH - NY,23317,684.36,1700,-1700
01/25/2019 17:35,SCH - PJ - NY,23316,88.52,2000,-1300
01/25/2019 17:35,SCH - PJM_HTP,325905,163,660,-660
01/25/2019 17:35,SCH - PJM_NEPTUNE,325305,660,660,-660
01/25/2019 17:35,SCH - PJM_VFT,325658,315,315,-315
01/25/2019 17:35,SPR/DUN-SOUTH,23320,2333.71,4600,-9999
01/25/2019 17:35,TOTAL EAST,23314,4322.89,6800,-9999
01/25/2019 17:35,UPNY CONED,23315,1998.21,5700,-9999
01/25/2019 17:35,WEST CENTRAL,23312,400.16,9999,-9999
01/25/2019 17:40,CENTRAL EAST - VC,23330,2688.83,2840,-9999
01/25/2019 17:40,DYSINGER EAST,23326,1208.04,3150,-9999
01/25/2019 17:40,MOSES SOUTH,23319,2220.26,3150,-1600
01/25/2019 17:40,SCH - HQ - NY,23324,1450,1500,-1000
01/25/2019 17:40,SCH - HQ_CEDARS,325274,180,180,-100
01/25/2019 17:40,SCH - HQ_IMPORT_EXPORT,325376,1280,1310,-9999
01/25/2019 17:40,SCH - NE - NY,23318,-1601.14,1400,-1800
01/25/2019 17:40,SCH - NPX_1385,325277,-127,200,-200
01/25/2019 17:40,SCH - NPX_CSC,325154,50,330,-330
01/25/2019 17:40,SCH - OH - NY,23317,684.44,1700,-1700
01/25/2019 17:40,SCH - PJ - NY,23316,83.54,2000,-1300
01/25/2019 17:40,SCH - PJM_HTP,325905,163,660,-660
01/25/2019 17:40,SCH - PJM_NEPTUNE,325305,660,660,-660
01/25/2019 17:40,SCH - PJM_VFT,325658,315,315,-315
01/25/2019 17:40,SPR/DUN-SOUTH,23320,2366.97,4600,-9999
01/25/2019 17:40,TOTAL EAST,23314,4372.1,6800,-9999
01/25/2019 17:40,UPNY CONED,23315,2033.46,5700,-9999
01/25/2019 17:40,WEST CENTRAL,23312,429.87,9999,-9999
01/25/2019 17:45,CENTRAL EAST - VC,23330,2739.31,2840,-9999
01/25/2019 17:45,DYSINGER EAST,23326,1507.02,3150,-9999
01/25/2019 17:45,MOSES SOUTH,23319,2142.37,3150,-1600
01/25/2019 17:45,SCH - HQ - NY,23324,1450,1500,-1000
01/25/2019 17:45,SCH - HQ_CEDARS,325274,180,180,-100
01/25/2019 17:45,SCH - HQ_IMPORT_EXPORT,325376,1280,1310,-9999
01/25/2019 17:45,SCH - NE - NY,23318,-1601.24,1400,-1800
01/25/2019 17:45,SCH - NPX_1385,325277,-127,200,-200
01/25/2019 17:45,SCH - NPX_CSC,325154,50,330,-330
01/25/2019 17:45,SCH - OH - NY,23317,684.56,1700,-1700
01/25/2019 17:45,SCH - PJ - NY,23316,237.36,2000,-1300
01/25/2019 17:45,SCH - PJM_HTP,325905,131,660,-660
01/25/2019 17:45,SCH - PJM_NEPTUNE,325305,660,660,-660
01/25/2019 17:45,SCH - PJM_VFT,325658,315,315,-315
01/25/2019 17:45,SPR/DUN-SOUTH,23320,2398.69,4600,-9999
01/25/2019 17:45,TOTAL EAST,23314,4506.4,6800,-9999
01/25/2019 17:45,UPNY CONED,23315,2086.81,5700,-9999
01/25/2019 17:45,WEST CENTRAL,23312,711.91,9999,-9999
01/25/2019 17:50,CENTRAL EAST - VC,23330,2741.4,2840,-9999
01/25/2019 17:50,DYSINGER EAST,23326,1714.62,3150,-9999
01/25/2019 17:50,MOSES SOUTH,23319,2116.99,3150,-1600
01/25/2019 17:50,SCH - HQ - NY,23324,1450,1500,-1000
01/25/2019 17:50,SCH - HQ_CEDARS,325274,180,180,-100
01/25/2019 17:50,SCH - HQ_IMPORT_EXPORT,325376,1280,1310,-9999
01/25/2019 17:50,SCH - NE - NY,23318,-1601.15,1400,-1800
01/25/2019 17:50,SCH - NPX_1385,325277,-127,200,-200
01/25/2019 17:50,SCH - NPX_CSC,325154,50,330,-330
01/25/2019 17:50,SCH - OH - NY,23317,684.67,1700,-1700
01/25/2019 17:50,SCH - PJ - NY,23316,383.28,2000,-1300
01/25/2019 17:50,SCH - PJM_HTP,325905,100,660,-660
01/25/2019 17:50,SCH - PJM_NEPTUNE,325305,660,660,-660
01/25/2019 17:50,SCH - PJM_VFT,325658,315,315,-315
01/25/2019 17:50,SPR/DUN-SOUTH,23320,2398.13,4600,-9999
01/25/2019 17:50,TOTAL EAST,23314,4462.72,6800,-9999
01/25/2019 17:50,UPNY CONED,23315,2075.96,5700,-9999
01/25/2019 17:50,WEST CENTRAL,23312,901.97,9999,-9999
01/25/2019 17:55,CENTRAL EAST - VC,23330,2727.07,2840,-9999
01/25/2019 17:55,DYSINGER EAST,23326,1729.02,3150,-9999
01/25/2019 17:55,MOSES SOUTH,23319,2119.18,3150,-1600
01/25/2019 17:55,SCH - HQ - NY,23324,1450,1500,-1000
01/25/2019 17:55,SCH - HQ_CEDARS,325274,180,180,-100
01/25/2019 17:55,SCH - HQ_IMPORT_EXPORT,325376,1280,1310,-9999
01/25/2019 17:55,SCH - NE - NY,23318,-1601.12,1400,-1800
01/25/2019 17:55,SCH - NPX_1385,325277,-127,200,-200
01/25/2019 17:55,SCH - NPX_CSC,325154,50,330,-330
01/25/2019 17:55,SCH - OH - NY,23317,684.4,1700,-1700
01/25/2019 17:55,SCH - PJ - NY,23316,405.43,2000,-1300
01/25/2019 17:55,SCH - PJM_HTP,325905,100,660,-660
01/25/2019 17:55,SCH - PJM_NEPTUNE,325305,660,660,-660
01/25/2019 17:55,SCH - PJM_VFT,325658,315,315,-315
01/25/2019 17:55,SPR/DUN-SOUTH,23320,2432.1,4600,-9999
01/25/2019 17:55,TOTAL EAST,23314,4523.59,6800,-9999
01/25/2019 17:55,UPNY CONED,23315,2121.07,5700,-9999
01/25/2019 17:55,WEST CENTRAL,23312,921.81,9999,-9999
01/25/2019 18:00,CENTRAL EAST - VC,23330,2697.39,2840,-9999
01/25/2019 18:00,DYSINGER EAST,23326,1635.73,3150,-9999
01/25/2019 18:00,MOSES SOUTH,23319,2155.69,3150,-1600
01/25/2019 18:00,SCH - HQ - NY,23324,1450,1500,-1000
01/25/2019 18:00,SCH - HQ_CEDARS,325274,180,180,-100
01/25/2019 18:00,SCH - HQ_IMPORT_EXPORT,325376,1280,1310,-9999
01/25/2019 18:00,SCH - NE - NY,23318,-1601.13,1400,-1800
01/25/2019 18:00,SCH - NPX_1385,325277,-148,200,-200
01/25/2019 18:00,SCH - NPX_CSC,325154,50,330,-330
01/25/2019 18:00,SCH - OH - NY,23317,713.2,1700,-1700
01/25/2019 18:00,SCH - PJ - NY,23316,378.52,2000,-1300
01/25/2019 18:00,SCH - PJM_HTP,325905,119,660,-660
01/25/2019 18:00,SCH - PJM_NEPTUNE,325305,660,660,-660
01/25/2019 18:00,SCH - PJM_VFT,325658,315,315,-315
01/25/2019 18:00,SPR/DUN-SOUTH,23320,2448.94,4600,-9999
01/25/2019 18:00,TOTAL EAST,23314,4516.3,6800,-9999
01/25/2019 18:00,UPNY CONED,23315,2155.84,5700,-9999
01/25/2019 18:00,WEST CENTRAL,23312,842.61,9999,-9999
01/25/2019 18:05,CENTRAL EAST - VC,23330,2700.15,2840,-9999
01/25/2019 18:05,DYSINGER EAST,23326,1657.18,3150,-9999
01/25/2019 18:05,MOSES SOUTH,23319,2173.02,3150,-1600
01/25/2019 18:05,SCH - HQ - NY,23324,1450,1500,-1000
01/25/2019 18:05,SCH - HQ_CEDARS,325274,180,180,-100
01/25/2019 18:05,SCH - HQ_IMPORT_EXPORT,325376,1280,1310,-9999
01/25/2019 18:05,SCH - NE - NY,23318,-1601.16,1400,-1800
01/25/2019 18:05,SCH - NPX_1385,325277,-170,200,-200
01/25/2019 18:05,SCH - NPX_CSC,325154,50,330,-330
01/25/2019 18:05,SCH - OH - NY,23317,742.39,1700,-1700
01/25/2019 18:05,SCH - PJ - NY,23316,352.27,2000,-1300
01/25/2019 18:05,SCH - PJM_HTP,325905,139,660,-660
01/25/2019 18:05,SCH - PJM_NEPTUNE,325305,660,660,-660
01/25/2019 18:05,SCH - PJM_VFT,325658,315,315,-315
01/25/2019 18:05,SPR/DUN-SOUTH,23320,2439.9,4600,-9999
01/25/2019 18:05,TOTAL EAST,23314,4539.79,6800,-9999
01/25/2019 18:05,UPNY CONED,23315,2177.5,5700,-9999
01/25/2019 18:05,WEST CENTRAL,23312,872.18,9999,-9999
01/25/2019 18:10,CENTRAL EAST - VC,23330,2692.6,2840,-9999
01/25/2019 18:10,DYSINGER EAST,23326,1602.25,3150,-9999
01/25/2019 18:10,MOSES SOUTH,23319,2150.3,3150,-1600
01/25/2019 18:10,SCH - HQ - NY,23324,1450,1500,-1000
01/25/2019 18:10,SCH - HQ_CEDARS,325274,180,180,-100
01/25/2019 18:10,SCH - HQ_IMPORT_EXPORT,325376,1280,1310,-9999
01/25/2019 18:10,SCH - NE - NY,23318,-1600.96,1400,-1800
01/25/2019 18:10,SCH - NPX_1385,325277,-170,200,-200
01/25/2019 18:10,SCH - NPX_CSC,325154,50,330,-330
01/25/2019 18:10,SCH - OH - NY,23317,742.35,1700,-1700
01/25/2019 18:10,SCH - PJ - NY,23316,352.5,2000,-1300
01/25/2019 18:10,SCH - PJM_HTP,325905,139,660,-660
01/25/2019 18:10,SCH - PJM_NEPTUNE,325305,660,660,-660
01/25/2019 18:10,SCH - PJM_VFT,325658,315,315,-315
01/25/2019 18:10,SPR/DUN-SOUTH,23320,2413.12,4600,-9999
01/25/2019 18:10,TOTAL EAST,23314,4531.36,6800,-9999
01/25/2019 18:10,UPNY CONED,23315,2163.49,5700,-9999
01/25/2019 18:10,WEST CENTRAL,23312,817.07,9999,-9999
01/25/2019 18:15,CENTRAL EAST - VC,23330,2690.91,2840,-9999
01/25/2019 18:15,DYSINGER EAST,23326,1487.64,3150,-9999
01/25/2019 18:15,MOSES SOUTH,23319,2173.86,3150,-1600
01/25/2019 18:15,SCH - HQ - NY,23324,1450,1500,-1000
01/25/2019 18:15,SCH - HQ_CEDARS,325274,180,180,-100
01/25/2019 18:15,SCH - HQ_IMPORT_EXPORT,325376,1280,1310,-9999
01/25/2019 18:15,SCH - NE - NY,23318,-1599.71,1400,-1800
01/25/2019 18:15,SCH - NPX_1385,325277,-170,200,-200
01/25/2019 18:15,SCH - NPX_CSC,325154,50,330,-330
01/25/2019 18:15,SCH - OH - NY,23317,745.98,1700,-1700
01/25/2019 18:15,SCH - PJ - NY,23316,298.23,2000,-1300
01/25/2019 18:15,SCH - PJM_HTP,325905,119,660,-660
01/25/2019 18:15,SCH - PJM_NEPTUNE,325305,660,660,-660
01/25/2019 18:15,SCH - PJM_VFT,325658,315,315,-315
01/25/2019 18:15,SPR/DUN-SOUTH,23320,2455.71,4600,-9999
01/25/2019 18:15,TOTAL EAST,23314,4585.27,6800,-9999
01/25/2019 18:15,UPNY CONED,23315,2212.21,5700,-9999
01/25/2019 18:15,WEST CENTRAL,23312,702.79,9999,-9999
01/25/2019 18:20,CENTRAL EAST - VC,23330,2682.03,2840,-9999
01/25/2019 18:20,DYSINGER EAST,23326,1394.14,3150,-9999
01/25/2019 18:20,MOSES SOUTH,23319,2160.95,3150,-1600
01/25/2019 18:20,SCH - HQ - NY,23324,1450,1500,-1000
01/25/2019 18:20,SCH - HQ_CEDARS,325274,180,180,-100
01/25/2019 18:20,SCH - HQ_IMPORT_EXPORT,325376,1280,1310,-9999
01/25/2019 18:20,SCH - NE - NY,23318,-1599.63,1400,-1800
01/25/2019 18:20,SCH - NPX_1385,325277,-170,200,-200
01/25/2019 18:20,SCH - NPX_CSC,325154,50,330,-330
01/25/2019 18:20,SCH - OH - NY,23317,743.73,1700,-1700
01/25/2019 18:20,SCH - PJ - NY,23316,240.91,2000,-1300
01/25/2019 18:20,SCH - PJM_HTP,325905,100,660,-660
01/25/2019 18:20,SCH - PJM_NEPTUNE,325305,660,660,-660
01/25/2019 18:20,SCH - PJM_VFT,325658,315,315,-315
01/25/2019 18:20,SPR/DUN-SOUTH,23320,2454.16,4600,-9999
01/25/2019 18:20,TOTAL EAST,23314,4570.71,6800,-9999
01/25/2019 18:20,UPNY CONED,23315,2202.14,5700,-9999
01/25/2019 18:20,WEST CENTRAL,23312,613.02,9999,-9999
01/25/2019 18:25,CENTRAL EAST - VC,23330,2671.13,2840,-9999
01/25/2019 18:25,DYSINGER EAST,23326,1528.78,3150,-9999
01/25/2019 18:25,MOSES SOUTH,23319,2122.83,3150,-1600
01/25/2019 18:25,SCH - HQ - NY,23324,1450,1500,-1000
01/25/2019 18:25,SCH - HQ_CEDARS,325274,180,180,-100
01/25/2019 18:25,SCH - HQ_IMPORT_EXPORT,325376,1280,1310,-9999
01/25/2019 18:25,SCH - NE - NY,23318,-1599.62,1400,-1800
01/25/2019 18:25,SCH - NPX_1385,325277,-170,200,-200
01/25/2019 18:25,SCH - NPX_CSC,325154,50,330,-330
01/25/2019 18:25,SCH - OH - NY,23317,742.92,1700,-1700
01/25/2019 18:25,SCH - PJ - NY,23316,237.73,2000,-1300
01/25/2019 18:25,SCH - PJM_HTP,325905,100,660,-660
01/25/2019 18:25,SCH - PJM_NEPTUNE,325305,660,660,-660
01/25/2019 18:25,SCH - PJM_VFT,325658,315,315,-315
01/25/2019 18:25,SPR/DUN-SOUTH,23320,2449.22,4600,-9999
01/25/2019 18:25,TOTAL EAST,23314,4564.52,6800,-9999
01/25/2019 18:25,UPNY CONED,23315,2200.43,5700,-9999
01/25/2019 18:25,WEST CENTRAL,23312,741.45,9999,-9999
01/25/2019 18:30,CENTRAL EAST - VC,23330,2687.88,2840,-9999
01/25/2019 18:30,DYSINGER EAST,23326,1558.71,3150,-9999
01/25/2019 18:30,MOSES SOUTH,23319,2104.17,3150,-1600
01/25/2019 18:30,SCH - HQ - NY,23324,1450,1500,-1000
01/25/2019 18:30,SCH - HQ_CEDARS,325274,180,180,-100
01/25/2019 18:30,SCH - HQ_IMPORT_EXPORT,325376,1280,1310,-9999
01/25/2019 18:30,SCH - NE - NY,23318,-1599.52,1400,-1800
01/25/2019 18:30,SCH - NPX_1385,325277,-170,200,-200
01/25/2019 18:30,SCH - NPX_CSC,325154,50,330,-330
01/25/2019 18:30,SCH - OH - NY,23317,740.75,1700,-1700
01/25/2019 18:30,SCH - PJ - NY,23316,254.38,2000,-1300
01/25/2019 18:30,SCH - PJM_HTP,325905,100,660,-660
01/25/2019 18:30,SCH - PJM_NEPTUNE,325305,660,660,-660
01/25/2019 18:30,SCH - PJM_VFT,325658,315,315,-315
01/25/2019 18:30,SPR/DUN-SOUTH,23320,2448.19,4600,-9999
01/25/2019 18:30,TOTAL EAST,23314,4553.88,6800,-9999
01/25/2019 18:30,UPNY CONED,23315,2198.39,5700,-9999
01/25/2019 18:30,WEST CENTRAL,23312,766.21,9999,-9999
01/25/2019 18:35,CENTRAL EAST - VC,23330,2687,2840,-9999
01/25/2019 18:35,DYSINGER EAST,23326,1549.44,3150,-9999
01/25/2019 18:35,MOSES SOUTH,23319,2156.63,3150,-1600
01/25/2019 18:35,SCH - HQ - NY,23324,1450,1500,-1000
01/25/2019 18:35,SCH - HQ_CEDARS,325274,180,180,-100
01/25/2019 18:35,SCH - HQ_IMPORT_EXPORT,325376,1280,1310,-9999
01/25/2019 18:35,SCH - NE - NY,23318,-1599.55,1400,-1800
01/25/2019 18:35,SCH - NPX_1385,325277,-170,200,-200
01/25/2019 18:35,SCH - NPX_CSC,325154,50,330,-330
01/25/2019 18:35,SCH - OH - NY,23317,743.76,1700,-1700
01/25/2019 18:35,SCH - PJ - NY,23316,265.13,2000,-1300
01/25/2019 18:35,SCH - PJM_HTP,325905,100,660,-660
01/25/2019 18:35,SCH - PJM_NEPTUNE,325305,660,660,-660
01/25/2019 18:35,SCH - PJM_VFT,325658,315,315,-315
01/25/2019 18:35,SPR/DUN-SOUTH,23320,2445.09,4600,-9999
01/25/2019 18:35,TOTAL EAST,23314,4541.05,6800,-9999
01/25/2019 18:35,UPNY CONED,23315,2189.78,5700,-9999
01/25/2019 18:35,WEST CENTRAL,23312,761.31,9999,-9999
01/25/2019 18:40,CENTRAL EAST - VC,23330,2667.24,2840,-9999
01/25/2019 18:40,DYSINGER EAST,23326,1388.96,3150,-9999
01/25/2019 18:40,MOSES SOUTH,23319,2227.39,3150,-1600
01/25/2019 18:40,SCH - HQ - NY,23324,1450,1500,-1000
01/25/2019 18:40,SCH - HQ_CEDARS,325274,180,180,-100
01/25/2019 18:40,SCH - HQ_IMPORT_EXPORT,325376,1280,1310,-9999
01/25/2019 18:40,SCH - NE - NY,23318,-1599.61,1400,-1800
01/25/2019 18:40,SCH - NPX_1385,325277,-170,200,-200
01/25/2019 18:40,SCH - NPX_CSC,325154,50,330,-330
01/25/2019 18:40,SCH - OH - NY,23317,744.73,1700,-1700
01/25/2019 18:40,SCH - PJ - NY,23316,265.87,2000,-1300
01/25/2019 18:40,SCH - PJM_HTP,325905,100,660,-660
01/25/2019 18:40,SCH - PJM_NEPTUNE,325305,660,660,-660
01/25/2019 18:40,SCH - PJM_VFT,325658,315,315,-315
01/25/2019 18:40,SPR/DUN-SOUTH,23320,2444.67,4600,-9999
01/25/2019 18:40,TOTAL EAST,23314,4536.39,6800,-9999
01/25/2019 18:40,UPNY CONED,23315,2182.02,5700,-9999
01/25/2019 18:40,WEST CENTRAL,23312,613.78,9999,-9999
01/25/2019 18:45,CENTRAL EAST - VC,23330,2653.63,2840,-9999
01/25/2019 18:45,DYSINGER EAST,23326,1273.73,3150,-9999
01/25/2019 18:45,MOSES SOUTH,23319,2244.85,3150,-1600
01/25/2019 18:45,SCH - HQ - NY,23324,1450,1500,-1000
01/25/2019 18:45,SCH - HQ_CEDARS,325274,180,180,-100
01/25/2019 18:45,SCH - HQ_IMPORT_EXPORT,325376,1280,1310,-9999
01/25/2019 18:45,SCH - NE - NY,23318,-1604.87,1400,-1800
01/25/2019 18:45,SCH - NPX_1385,325277,-170,200,-200
01/25/2019 18:45,SCH - NPX_CSC,325154,50,330,-330
01/25/2019 18:45,SCH - OH - NY,23317,742.09,1700,-1700
01/25/2019 18:45,SCH - PJ - NY,23316,221.59,2000,-1300
01/25/2019 18:45,SCH - PJM_HTP,325905,100,660,-660
01/25/2019 18:45,SCH - PJM_NEPTUNE,325305,660,660,-660
01/25/2019 18:45,SCH - PJM_VFT,325658,315,315,-315
01/25/2019 18:45,SPR/DUN-SOUTH,23320,2443.25,4600,-9999
01/25/2019 18:45,TOTAL EAST,23314,4539.59,6800,-9999
01/25/2019 18:45,UPNY CONED,23315,2166.91,5700,-9999
01/25/2019 18:45,WEST CENTRAL,23312,503.97,9999,-9999
01/25/2019 18:50,CENTRAL EAST - VC,23330,2675.11,2840,-9999
01/25/2019 18:50,DYSINGER EAST,23326,1264.49,3150,-9999
01/25/2019 18:50,MOSES SOUTH,23319,2234.19,3150,-1600
01/25/2019 18:50,SCH - HQ - NY,23324,1450,1500,-1000
01/25/2019 18:50,SCH - HQ_CEDARS,325274,180,180,-100
01/25/2019 18:50,SCH - HQ_IMPORT_EXPORT,325376,1280,1310,-9999
01/25/2019 18:50,SCH - NE - NY,23318,-1599.64,1400,-1800
01/25/2019 18:50,SCH - NPX_1385,325277,-170,200,-200
01/25/2019 18:50,SCH - NPX_CSC,325154,50,330,-330
01/25/2019 18:50,SCH - OH - NY,23317,744.08,1700,-1700
01/25/2019 18:50,SCH - PJ - NY,23316,164.61,2000,-1300
01/25/2019 18:50,SCH - PJM_HTP,325905,100,660,-660
01/25/2019 18:50,SCH - PJM_NEPTUNE,325305,660,660,-660
01/25/2019 18:50,SCH - PJM_VFT,325658,315,315,-315
01/25/2019 18:50,SPR/DUN-SOUTH,23320,2445.02,4600,-9999
01/25/2019 18:50,TOTAL EAST,23314,4497.46,6800,-9999
01/25/2019 18:50,UPNY CONED,23315,2148.71,5700,-9999
01/25/2019 18:50,WEST CENTRAL,23312,493.14,9999,-9999
01/25/2019 18:55,CENTRAL EAST - VC,23330,2670.96,2840,-9999
01/25/2019 18:55,DYSINGER EAST,23326,1274.4,3150,-9999
01/25/2019 18:55,MOSES SOUTH,23319,2230.07,3150,-1600
01/25/2019 18:55,SCH - HQ - NY,23324,1450,1500,-1000
01/25/2019 18:55,SCH - HQ_CEDARS,325274,180,180,-100
01/25/2019 18:55,SCH - HQ_IMPORT_EXPORT,325376,1280,1310,-9999
01/25/2019 18:55,SCH - NE - NY,23318,-1599.54,1400,-1800
01/25/2019 18:55,SCH - NPX_1385,325277,-170,200,-200
01/25/2019 18:55,SCH - NPX_CSC,325154,50,330,-330
01/25/2019 18:55,SCH - OH - NY,23317,744.83,1700,-1700
01/25/2019 18:55,SCH - PJ - NY,23316,161.06,2000,-1300
01/25/2019 18:55,SCH - PJM_HTP,325905,100,660,-660
01/25/2019 18:55,SCH - PJM_NEPTUNE,325305,660,660,-660
01/25/2019 18:55,SCH - PJM_VFT,325658,315,315,-315
01/25/2019 18:55,SPR/DUN-SOUTH,23320,2442.49,4600,-9999
01/25/2019 18:55,TOTAL EAST,23314,4502.12,6800,-9999
01/25/2019 18:55,UPNY CONED,23315,2153.41,5700,-9999
01/25/2019 18:55,WEST CENTRAL,23312,504.32,9999,-9999
01/25/2019 19:00,CENTRAL EAST - VC,23330,2719.35,2840,-9999
01/25/2019 19:00,DYSINGER EAST,23326,1479.77,3150,-9999
01/25/2019 19:00,MOSES SOUTH,23319,2174.36,3150,-1600
01/25/2019 19:00,SCH - HQ - NY,23324,1450,1500,-1000
01/25/2019 19:00,SCH - HQ_CEDARS,325274,180,180,-100
01/25/2019 19:00,SCH - HQ_IMPORT_EXPORT,325376,1280,1310,-9999
01/25/2019 19:00,SCH - NE - NY,23318,-1599.5,1400,-1800
01/25/2019 19:00,SCH - NPX_1385,325277,-185,200,-200
01/25/2019 19:00,SCH - NPX_CSC,325154,50,330,-330
01/25/2019 19:00,SCH - OH - NY,23317,664.31,1700,-1700
01/25/2019 19:00,SCH - PJ - NY,23316,253.88,2000,-1300
01/25/2019 19:00,SCH - PJM_HTP,325905,100,660,-660
01/25/2019 19:00,SCH - PJM_NEPTUNE,325305,660,660,-660
01/25/2019 19:00,SCH - PJM_VFT,325658,315,315,-315
01/25/2019 19:00,SPR/DUN-SOUTH,23320,2529.53,4600,-9999
01/25/2019 19:00,TOTAL EAST,23314,4587.95,6800,-9999
01/25/2019 19:00,UPNY CONED,23315,2250.88,5700,-9999
01/25/2019 19:00,WEST CENTRAL,23312,705.79,9999,-9999
01/25/2019 19:05,CENTRAL EAST - VC,23330,2684.56,2840,-9999
01/25/2019 19:05,DYSINGER EAST,23326,1464.7,3150,-9999
01/25/2019 19:05,MOSES SOUTH,23319,2156.04,3150,-1600
01/25/2019 19:05,SCH - HQ - NY,23324,1450,1500,-1000
01/25/2019 19:05,SCH - HQ_CEDARS,325274,180,180,-100
01/25/2019 19:05,SCH - HQ_IMPORT_EXPORT,325376,1280,1310,-9999
01/25/2019 19:05,SCH - NE - NY,23318,-1599.61,1400,-1800
01/25/2019 19:05,SCH - NPX_1385,325277,-200,200,-200
01/25/2019 19:05,SCH - NPX_CSC,325154,50,330,-330
01/25/2019 19:05,SCH - OH - NY,23317,587.27,1700,-1700
01/25/2019 19:05,SCH - PJ - NY,23316,347.24,2000,-1300
01/25/2019 19:05,SCH - PJM_HTP,325905,100,660,-660
01/25/2019 19:05,SCH - PJM_NEPTUNE,325305,660,660,-660
01/25/2019 19:05,SCH - PJM_VFT,325658,315,315,-315
01/25/2019 19:05,SPR/DUN-SOUTH,23320,2517.24,4600,-9999
01/25/2019 19:05,TOTAL EAST,23314,4593.49,6800,-9999
01/25/2019 19:05,UPNY CONED,23315,2245.81,5700,-9999
01/25/2019 19:05,WEST CENTRAL,23312,694.37,9999,-9999
01/25/2019 19:10,CENTRAL EAST - VC,23330,2669.76,2840,-9999
01/25/2019 19:10,DYSINGER EAST,23326,1403.89,3150,-9999
01/25/2019 19:10,MOSES SOUTH,23319,2176.16,3150,-1600
01/25/2019 19:10,SCH - HQ - NY,23324,1450,1500,-1000
01/25/2019 19:10,SCH - HQ_CEDARS,325274,180,180,-100
01/25/2019 19:10,SCH - HQ_IMPORT_EXPORT,325376,1280,1310,-9999
01/25/2019 19:10,SCH - NE - NY,23318,-1599.47,1400,-1800
01/25/2019 19:10,SCH - NPX_1385,325277,-200,200,-200
01/25/2019 19:10,SCH - NPX_CSC,325154,50,330,-330
01/25/2019 19:10,SCH - OH - NY,23317,587.39,1700,-1700
01/25/2019 19:10,SCH - PJ - NY,23316,347.8,2000,-1300
01/25/2019 19:10,SCH - PJM_HTP,325905,100,660,-660
01/25/2019 19:10,SCH - PJM_NEPTUNE,325305,660,660,-660
01/25/2019 19:10,SCH - PJM_VFT,325658,315,315,-315
01/25/2019 19:10,SPR/DUN-SOUTH,23320,2507.77,4600,-9999
01/25/2019 19:10,TOTAL EAST,23314,4563.73,6800,-9999
01/25/2019 19:10,UPNY CONED,23315,2238.44,5700,-9999
01/25/2019 19:10,WEST CENTRAL,23312,644.62,9999,-9999
01/25/2019 19:15,CENTRAL EAST - VC,23330,2703.06,2840,-9999
01/25/2019 19:15,DYSINGER EAST,23326,1359.02,3150,-9999
01/25/2019 19:15,MOSES SOUTH,23319,2172.85,3150,-1600
01/25/2019 19:15,SCH - HQ - NY,23324,1450,1500,-1000
01/25/2019 19:15,SCH - HQ_CEDARS,325274,180,180,-100
01/25/2019 19:15,SCH - HQ_IMPORT_EXPORT,325376,1280,1310,-9999
01/25/2019 19:15,SCH - NE - NY,23318,-1599,1400,-1800
01/25/2019 19:15,SCH - NPX_1385,325277,-200,200,-200
01/25/2019 19:15,SCH - NPX_CSC,325154,50,330,-330
01/25/2019 19:15,SCH - OH - NY,23317,587.14,1700,-1700
01/25/2019 19:15,SCH - PJ - NY,23316,219.75,2000,-1300
01/25/2019 19:15,SCH - PJM_HTP,325905,100,660,-660
01/25/2019 19:15,SCH - PJM_NEPTUNE,325305,660,660,-660
01/25/2019 19:15,SCH - PJM_VFT,325658,315,315,-315
01/25/2019 19:15,SPR/DUN-SOUTH,23320,2554.41,4600,-9999
01/25/2019 19:15,TOTAL EAST,23314,4584.88,6800,-9999
01/25/2019 19:15,UPNY CONED,23315,2264.36,5700,-9999
01/25/2019 19:15,WEST CENTRAL,23312,604.11,9999,-9999
01/25/2019 19:20,CENTRAL EAST - VC,23330,2594.4,2840,-9999
01/25/2019 19:20,DYSINGER EAST,23326,1136.72,3150,-9999
01/25/2019 19:20,MOSES SOUTH,23319,2156.77,3150,-1600
01/25/2019 19:20,SCH - HQ - NY,23324,1450,1500,-1000
01/25/2019 19:20,SCH - HQ_CEDARS,325274,180,180,-100
01/25/2019 19:20,SCH - HQ_IMPORT_EXPORT,325376,1280,1310,-9999
01/25/2019 19:20,SCH - NE - NY,23318,-1599.12,1400,-1800
01/25/2019 19:20,SCH - NPX_1385,325277,-200,200,-200
01/25/2019 19:20,SCH - NPX_CSC,325154,50,330,-330
01/25/2019 19:20,SCH - OH - NY,23317,587.16,1700,-1700
01/25/2019 19:20,SCH - PJ - NY,23316,93.68,2000,-1300
01/25/2019 19:20,SCH - PJM_HTP,325905,100,660,-660
01/25/2019 19:20,SCH - PJM_NEPTUNE,325305,660,660,-660
01/25/2019 19:20,SCH - PJM_VFT,325658,315,315,-315
01/25/2019 19:20,SPR/DUN-SOUTH,23320,2360.69,4600,-9999
01/25/2019 19:20,TOTAL EAST,23314,4344.19,6800,-9999
01/25/2019 19:20,UPNY CONED,23315,2053.03,5700,-9999
01/25/2019 19:20,WEST CENTRAL,23312,389.49,9999,-9999
01/25/2019 19:25,CENTRAL EAST - VC,23330,2620.37,2840,-9999
01/25/2019 19:25,DYSINGER EAST,23326,1246.95,3150,-9999
01/25/2019 19:25,MOSES SOUTH,23319,2129.71,3150,-1600
01/25/2019 19:25,SCH - HQ - NY,23324,1450,1500,-1000
01/25/2019 19:25,SCH - HQ_CEDARS,325274,180,180,-100
01/25/2019 19:25,SCH - HQ_IMPORT_EXPORT,325376,1280,1310,-9999
01/25/2019 19:25,SCH - NE - NY,23318,-1599.05,1400,-1800
01/25/2019 19:25,SCH - NPX_1385,325277,-200,200,-200
01/25/2019 19:25,SCH - NPX_CSC,325154,50,330,-330
01/25/2019 19:25,SCH - OH - NY,23317,586.8,1700,-1700
01/25/2019 19:25,SCH - PJ - NY,23316,97.12,2000,-1300
01/25/2019 19:25,SCH - PJM_HTP,325905,100,660,-660
01/25/2019 19:25,SCH - PJM_NEPTUNE,325305,660,660,-660
01/25/2019 19:25,SCH - PJM_VFT,325658,315,315,-315
01/25/2019 19:25,SPR/DUN-SOUTH,23320,2445.04,4600,-9999
01/25/2019 19:25,TOTAL EAST,23314,4433.27,6800,-9999
01/25/2019 19:25,UPNY CONED,23315,2116.53,5700,-9999
01/25/2019 19:25,WEST CENTRAL,23312,494.77,9999,-9999
01/25/2019 19:30,CENTRAL EAST - VC,23330,2617.54,2840,-9999
01/25/2019 19:30,DYSINGER EAST,23326,1281.88,3150,-9999
01/25/2019 19:30,MOSES SOUTH,23319,2128.05,3150,-1600
01/25/2019 19:30,SCH - HQ - NY,23324,1450,1500,-1000
01/25/2019 19:30,SCH - HQ_CEDARS,325274,180,180,-100
01/25/2019 19:30,SCH - HQ_IMPORT_EXPORT,325376,1280,1310,-9999
01/25/2019 19:30,SCH - NE - NY,23318,-1599.23,1400,-1800
01/25/2019 19:30,SCH - NPX_1385,325277,-200,200,-200
01/25/2019 19:30,SCH - NPX_CSC,325154,50,330,-330
01/25/2019 19:30,SCH - OH - NY,23317,587.38,1700,-1700
01/25/2019 19:30,SCH - PJ - NY,23316,248.07,2000,-1300
01/25/2019 19:30,SCH - PJM_HTP,325905,100,660,-660
01/25/2019 19:30,SCH - PJM_NEPTUNE,325305,660,660,-660
01/25/2019 19:30,SCH - PJM_VFT,325658,315,315,-315
01/25/2019 19:30,SPR/DUN-SOUTH,23320,2532.28,4600,-9999
01/25/2019 19:30,TOTAL EAST,23314,4497.9,6800,-9999
01/25/2019 19:30,UPNY CONED,23315,2180.62,5700,-9999
01/25/2019 19:30,WEST CENTRAL,23312,524.77,9999,-9999
01/25/2019 19:35,CENTRAL EAST - VC,23330,2605.27,2840,-9999
01/25/2019 19:35,DYSINGER EAST,23326,1409.08,3150,-9999
01/25/2019 19:35,MOSES SOUTH,23319,2066.3,3150,-1600
01/25/2019 19:35,SCH - HQ - NY,23324,1450,1500,-1000
01/25/2019 19:35,SCH - HQ_CEDARS,325274,180,180,-100
01/25/2019 19:35,SCH - HQ_IMPORT_EXPORT,325376,1280,1310,-9999
01/25/2019 19:35,SCH - NE - NY,23318,-1599.43,1400,-1800
01/25/2019 19:35,SCH - NPX_1385,325277,-200,200,-200
01/25/2019 19:35,SCH - NPX_CSC,325154,50,330,-330
01/25/2019 19:35,SCH - OH - NY,23317,587.21,1700,-1700
01/25/2019 19:35,SCH - PJ - NY,23316,396.24,2000,-1300
01/25/2019 19:35,SCH - PJM_HTP,325905,100,660,-660
01/25/2019 19:35,SCH - PJM_NEPTUNE,325305,660,660,-660
01/25/2019 19:35,SCH - PJM_VFT,325658,315,315,-315
01/25/2019 19:35,SPR/DUN-SOUTH,23320,2524.12,4600,-9999
01/25/2019 19:35,TOTAL EAST,23314,4506.12,6800,-9999
01/25/2019 19:35,UPNY CONED,23315,2178.94,5700,-9999
01/25/2019 19:35,WEST CENTRAL,23312,653.2,9999,-9999
01/25/2019 19:40,CENTRAL EAST - VC,23330,2639.24,2840,-9999
01/25/2019 19:40,DYSINGER EAST,23326,1540.33,3150,-9999
01/25/2019 19:40,MOSES SOUTH,23319,2086.28,3150,-1600
01/25/2019 19:40,SCH - HQ - NY,23324,1450,1500,-1000
01/25/2019 19:40,SCH - HQ_CEDARS,325274,180,180,-100
01/25/2019 19:40,SCH - HQ_IMPORT_EXPORT,325376,1280,1310,-9999
01/25/2019 19:40,SCH - NE - NY,23318,-1599.46,1400,-1800
01/25/2019 19:40,SCH - NPX_1385,325277,-200,200,-200
01/25/2019 19:40,SCH - NPX_CSC,325154,50,330,-330
01/25/2019 19:40,SCH - OH - NY,23317,587.32,1700,-1700
01/25/2019 19:40,SCH - PJ - NY,23316,396.31,2000,-1300
01/25/2019 19:40,SCH - PJM_HTP,325905,100,660,-660
01/25/2019 19:40,SCH - PJM_NEPTUNE,325305,660,660,-660
01/25/2019 19:40,SCH - PJM_VFT,325658,315,315,-315
01/25/2019 19:40,SPR/DUN-SOUTH,23320,2559.99,4600,-9999
01/25/2019 19:40,TOTAL EAST,23314,4545.61,6800,-9999
01/25/2019 19:40,UPNY CONED,23315,2222.73,5700,-9999
01/25/2019 19:40,WEST CENTRAL,23312,786.63,9999,-9999
01/25/2019 19:45,CENTRAL EAST - VC,23330,2637.62,2840,-9999
01/25/2019 19:45,DYSINGER EAST,23326,1365.95,3150,-9999
01/25/2019 19:45,MOSES SOUTH,23319,2143.13,3150,-1600
01/25/2019 19:45,SCH - HQ - NY,23324,1450,1500,-1000
01/25/2019 19:45,SCH - HQ_CEDARS,325274,180,180,-100
01/25/2019 19:45,SCH - HQ_IMPORT_EXPORT,325376,1280,1310,-9999
01/25/2019 19:45,SCH - NE - NY,23318,-1599.32,1400,-1800
01/25/2019 19:45,SCH - NPX_1385,325277,-200,200,-200
01/25/2019 19:45,SCH - NPX_CSC,325154,50,330,-330
01/25/2019 19:45,SCH - OH - NY,23317,587.33,1700,-1700
01/25/2019 19:45,SCH - PJ - NY,23316,305.72,2000,-1300
01/25/2019 19:45,SCH - PJM_HTP,325905,100,660,-660
01/25/2019 19:45,SCH - PJM_NEPTUNE,325305,660,660,-660
01/25/2019 19:45,SCH - PJM_VFT,325658,315,315,-315
01/25/2019 19:45,SPR/DUN-SOUTH,23320,2559.96,4600,-9999
01/25/2019 19:45,TOTAL EAST,23314,4533.4,6800,-9999
01/25/2019 19:45,UPNY CONED,23315,2208.02,5700,-9999
01/25/2019 19:45,WEST CENTRAL,23312,625.04,9999,-9999
01/25/2019 19:50,CENTRAL EAST - VC,23330,2597.45,2840,-9999
01/25/2019 19:50,DYSINGER EAST,23326,1194.57,3150,-9999
01/25/2019 19:50,MOSES SOUTH,23319,2131.23,3150,-1600
01/25/2019 19:50,SCH - HQ - NY,23324,1450,1500,-1000
01/25/2019 19:50,SCH - HQ_CEDARS,325274,180,180,-100
01/25/2019 19:50,SCH - HQ_IMPORT_EXPORT,325376,1280,1310,-9999
01/25/2019 19:50,SCH - NE - NY,23318,-1599.4,1400,-1800
01/25/2019 19:50,SCH - NPX_1385,325277,-200,200,-200
01/25/2019 19:50,SCH - NPX_CSC,325154,50,330,-330
01/25/2019 19:50,SCH - OH - NY,23317,587.36,1700,-1700
01/25/2019 19:50,SCH - PJ - NY,23316,245.75,2000,-1300
01/25/2019 19:50,SCH - PJM_HTP,325905,100,660,-660
01/25/2019 19:50,SCH - PJM_NEPTUNE,325305,660,660,-660
01/25/2019 19:50,SCH - PJM_VFT,325658,315,315,-315
01/25/2019 19:50,SPR/DUN-SOUTH,23320,2529.57,4600,-9999
01/25/2019 19:50,TOTAL EAST,23314,4448.75,6800,-9999
01/25/2019 19:50,UPNY CONED,23315,2159.7,5700,-9999
01/25/2019 19:50,WEST CENTRAL,23312,464.35,9999,-9999
01/25/2019 19:55,CENTRAL EAST - VC,23330,2590.62,2840,-9999
01/25/2019 19:55,DYSINGER EAST,23326,1213.84,3150,-9999
01/25/2019 19:55,MOSES SOUTH,23319,2097.61,3150,-1600
01/25/2019 19:55,SCH - HQ - NY,23324,1450,1500,-1000
01/25/2019 19:55,SCH - HQ_CEDARS,325274,180,180,-100
01/25/2019 19:55,SCH - HQ_IMPORT_EXPORT,325376,1280,1310,-9999
01/25/2019 19:55,SCH - NE - NY,23318,-1599.39,1400,-1800
01/25/2019 19:55,SCH - NPX_1385,325277,-200,200,-200
01/25/2019 19:55,SCH - NPX_CSC,325154,50,330,-330
01/25/2019 19:55,SCH - OH - NY,23317,587.23,1700,-1700
01/25/2019 19:55,SCH - PJ - NY,23316,243.75,2000,-1300
01/25/2019 19:55,SCH - PJM_HTP,325905,100,660,-660
01/25/2019 19:55,SCH - PJM_NEPTUNE,325305,660,660,-660
01/25/2019 19:55,SCH - PJM_VFT,325658,315,315,-315
01/25/2019 19:55,SPR/DUN-SOUTH,23320,2541.96,4600,-9999
01/25/2019 19:55,TOTAL EAST,23314,4489.11,6800,-9999
01/25/2019 19:55,UPNY CONED,23315,2157.67,5700,-9999
01/25/2019 19:55,WEST CENTRAL,23312,483.55,9999,-9999
01/25/2019 20:00,CENTRAL EAST - VC,23330,2599.35,2840,-9999
01/25/2019 20:00,DYSINGER EAST,23326,1212.19,3150,-9999
01/25/2019 20:00,MOSES SOUTH,23319,2108.63,3150,-1600
01/25/2019 20:00,SCH - HQ - NY,23324,1450,1500,-1000
01/25/2019 20:00,SCH - HQ_CEDARS,325274,180,180,-100
01/25/2019 20:00,SCH - HQ_IMPORT_EXPORT,325376,1280,1310,-9999
01/25/2019 20:00,SCH - NE - NY,23318,-1599.39,1400,-1800
01/25/2019 20:00,SCH - NPX_1385,325277,-200,200,-200
01/25/2019 20:00,SCH - NPX_CSC,325154,50,330,-330
01/25/2019 20:00,SCH - OH - NY,23317,518.38,1700,-1700
01/25/2019 20:00,SCH - PJ - NY,23316,150.99,2000,-1300
01/25/2019 20:00,SCH - PJM_HTP,325905,50,660,-660
01/25/2019 20:00,SCH - PJM_NEPTUNE,325305,660,660,-660
01/25/2019 20:00,SCH - PJM_VFT,325658,315,315,-315
01/25/2019 20:00,SPR/DUN-SOUTH,23320,2521.54,4600,-9999
01/25/2019 20:00,TOTAL EAST,23314,4409.04,6800,-9999
01/25/2019 20:00,UPNY CONED,23315,2103.16,5700,-9999
01/25/2019 20:00,WEST CENTRAL,23312,480.4,9999,-9999
01/25/2019 20:05,CENTRAL EAST - VC,23330,2497.23,2840,-9999
01/25/2019 20:05,DYSINGER EAST,23326,1002.56,3150,-9999
01/25/2019 20:05,MOSES SOUTH,23319,2109.64,3150,-1600
01/25/2019 20:05,SCH - HQ - NY,23324,1450,1500,-1000
01/25/2019 20:05,SCH - HQ_CEDARS,325274,180,180,-100
01/25/2019 20:05,SCH - HQ_IMPORT_EXPORT,325376,1280,1310,-9999
01/25/2019 20:05,SCH - NE - NY,23318,-1599.42,1400,-1800
01/25/2019 20:05,SCH - NPX_1385,325277,-200,200,-200
01/25/2019 20:05,SCH - NPX_CSC,325154,50,330,-330
01/25/2019 20:05,SCH - OH - NY,23317,450.44,1700,-1700
01/25/2019 20:05,SCH - PJ - NY,23316,55.64,2000,-1300
01/25/2019 20:05,SCH - PJM_HTP,325905,0,660,-660
01/25/2019 20:05,SCH - PJM_NEPTUNE,325305,660,660,-660
01/25/2019 20:05,SCH - PJM_VFT,325658,315,315,-315
01/25/2019 20:05,SPR/DUN-SOUTH,23320,2327.11,4600,-9999
01/25/2019 20:05,TOTAL EAST,23314,4156.18,6800,-9999
01/25/2019 20:05,UPNY CONED,23315,1894.46,5700,-9999
01/25/2019 20:05,WEST CENTRAL,23312,273.18,9999,-9999
01/25/2019 20:10,CENTRAL EAST - VC,23330,2585.73,2840,-9999
01/25/2019 20:10,DYSINGER EAST,23326,1280.2,3150,-9999
01/25/2019 20:10,MOSES SOUTH,23319,2056.9,3150,-1600
01/25/2019 20:10,SCH - HQ - NY,23324,1450,1500,-1000
01/25/2019 20:10,SCH - HQ_CEDARS,325274,180,180,-100
01/25/2019 20:10,SCH - HQ_IMPORT_EXPORT,325376,1280,1310,-9999
01/25/2019 20:10,SCH - NE - NY,23318,-1599.1,1400,-1800
01/25/2019 20:10,SCH - NPX_1385,325277,-200,200,-200
01/25/2019 20:10,SCH - NPX_CSC,325154,50,330,-330
01/25/2019 20:10,SCH - OH - NY,23317,450.48,1700,-1700
01/25/2019 20:10,SCH - PJ - NY,23316,60.61,2000,-1300
01/25/2019 20:10,SCH - PJM_HTP,325905,0,660,-660
01/25/2019 20:10,SCH - PJM_NEPTUNE,325305,660,660,-660
01/25/2019 20:10,SCH - PJM_VFT,325658,315,315,-315
01/25/2019 20:10,SPR/DUN-SOUTH,23320,2485.17,4600,-9999
01/25/2019 20:10,TOTAL EAST,23314,4342.78,6800,-9999
01/25/2019 20:10,UPNY CONED,23315,2051.11,5700,-9999
01/25/2019 20:10,WEST CENTRAL,23312,549.75,9999,-9999
01/25/2019 20:15,CENTRAL EAST - VC,23330,2633.13,2840,-9999
01/25/2019 20:15,DYSINGER EAST,23326,1389.96,3150,-9999
01/25/2019 20:15,MOSES SOUTH,23319,2058.68,3150,-1600
01/25/2019 20:15,SCH - HQ - NY,23324,1450,1500,-1000
01/25/2019 20:15,SCH - HQ_CEDARS,325274,180,180,-100
01/25/2019 20:15,SCH - HQ_IMPORT_EXPORT,325376,1280,1310,-9999
01/25/2019 20:15,SCH - NE - NY,23318,-1597.63,1400,-1800
01/25/2019 20:15,SCH - NPX_1385,325277,-200,200,-200
01/25/2019 20:15,SCH - NPX_CSC,325154,50,330,-330
01/25/2019 20:15,SCH - OH - NY,23317,450.44,1700,-1700
01/25/2019 20:15,SCH - PJ - NY,23316,85.4,2000,-1300
01/25/2019 20:15,SCH - PJM_HTP,325905,0,660,-660
01/25/2019 20:15,SCH - PJM_NEPTUNE,325305,660,660,-660
01/25/2019 20:15,SCH - PJM_VFT,325658,315,315,-315
01/25/2019 20:15,SPR/DUN-SOUTH,23320,2530.21,4600,-9999
01/25/2019 20:15,TOTAL EAST,23314,4382.94,6800,-9999
01/25/2019 20:15,UPNY CONED,23315,2105.41,5700,-9999
01/25/2019 20:15,WEST CENTRAL,23312,656.1,9999,-9999
01/25/2019 20:20,CENTRAL EAST - VC,23330,2615.77,2840,-9999
01/25/2019 20:20,DYSINGER EAST,23326,1426.38,3150,-9999
01/25/2019 20:20,MOSES SOUTH,23319,2025.42,3150,-1600
01/25/2019 20:20,SCH - HQ - NY,23324,1450,1500,-1000
01/25/2019 20:20,SCH - HQ_CEDARS,325274,180,180,-100
01/25/2019 20:20,SCH - HQ_IMPORT_EXPORT,325376,1280,1310,-9999
01/25/2019 20:20,SCH - NE - NY,23318,-1598.29,1400,-1800
01/25/2019 20:20,SCH - NPX_1385,325277,-200,200,-200
01/25/2019 20:20,SCH - NPX_CSC,325154,50,330,-330
01/25/2019 20:20,SCH - OH - NY,23317,450.35,1700,-1700
01/25/2019 20:20,SCH - PJ - NY,23316,112.81,2000,-1300
01/25/2019 20:20,SCH - PJM_HTP,325905,0,660,-660
01/25/2019 20:20,SCH - PJM_NEPTUNE,325305,660,660,-660
01/25/2019 20:20,SCH - PJM_VFT,325658,315,315,-315
01/25/2019 20:20,SPR/DUN-SOUTH,23320,2491.56,4600,-9999
01/25/2019 20:20,TOTAL EAST,23314,4330.78,6800,-9999
01/25/2019 20:20,UPNY CONED,23315,2072.31,5700,-9999
01/25/2019 20:20,WEST CENTRAL,23312,696.72,9999,-9999
01/25/2019 20:25,CENTRAL EAST - VC,23330,2610.56,2840,-9999
01/25/2019 20:25,DYSINGER EAST,23326,1374.59,3150,-9999
01/25/2019 20:25,MOSES SOUTH,23319,2030.19,3150,-1600
01/25/2019 20:25,SCH - HQ - NY,23324,1450,1500,-1000
01/25/2019 20:25,SCH - HQ_CEDARS,325274,180,180,-100
01/25/2019 20:25,SCH - HQ_IMPORT_EXPORT,325376,1280,1310,-9999
01/25/2019 20:25,SCH - NE - NY,23318,-1596.05,1400,-1800
01/25/2019 20:25,SCH - NPX_1385,325277,-200,200,-200
01/25/2019 20:25,SCH - NPX_CSC,325154,50,330,-330
01/25/2019 20:25,SCH - OH - NY,23317,450.24,1700,-1700
01/25/2019 20:25,SCH - PJ - NY,23316,115.68,2000,-1300
01/25/2019 20:25,SCH - PJM_HTP,325905,0,660,-660
01/25/2019 20:25,SCH - PJM_NEPTUNE,325305,660,660,-660
01/25/2019 20:25,SCH - PJM_VFT,325658,315,315,-315
01/25/2019 20:25,SPR/DUN-SOUTH,23320,2515.67,4600,-9999
01/25/2019 20:25,TOTAL EAST,23314,4357.81,6800,-9999
01/25/2019 20:25,UPNY CONED,23315,2090.69,5700,-9999
01/25/2019 20:25,WEST CENTRAL,23312,653.46,9999,-9999
01/25/2019 20:30,CENTRAL EAST - VC,23330,2629.92,2840,-9999
01/25/2019 20:30,DYSINGER EAST,23326,1412.7,3150,-9999
01/25/2019 20:30,MOSES SOUTH,23319,2016.16,3150,-1600
01/25/2019 20:30,SCH - HQ - NY,23324,1450,1500,-1000
01/25/2019 20:30,SCH - HQ_CEDARS,325274,180,180,-100
01/25/2019 20:30,SCH - HQ_IMPORT_EXPORT,325376,1280,1310,-9999
01/25/2019 20:30,SCH - NE - NY,23318,-1596.77,1400,-1800
01/25/2019 20:30,SCH - NPX_1385,325277,-200,200,-200
01/25/2019 20:30,SCH - NPX_CSC,325154,50,330,-330
01/25/2019 20:30,SCH - OH - NY,23317,450.34,1700,-1700
01/25/2019 20:30,SCH - PJ - NY,23316,101.99,2000,-1300
01/25/2019 20:30,SCH - PJM_HTP,325905,0,660,-660
01/25/2019 20:30,SCH - PJM_NEPTUNE,325305,660,660,-660
01/25/2019 20:30,SCH - PJM_VFT,325658,315,315,-315
01/25/2019 20:30,SPR/DUN-SOUTH,23320,2493.88,4600,-9999
01/25/2019 20:30,TOTAL EAST,23314,4341.16,6800,-9999
01/25/2019 20:30,UPNY CONED,23315,2101.62,5700,-9999
01/25/2019 20:30,WEST CENTRAL,23312,697.56,9999,-9999
01/25/2019 20:35,CENTRAL EAST - VC,23330,2613.03,2840,-9999
01/25/2019 20:35,DYSINGER EAST,23326,1401.87,3150,-9999
01/25/2019 20:35,MOSES SOUTH,23319,2012.04,3150,-1600
01/25/2019 20:35,SCH - HQ - NY,23324,1450,1500,-1000
01/25/2019 20:35,SCH - HQ_CEDARS,325274,180,180,-100
01/25/2019 20:35,SCH - HQ_IMPORT_EXPORT,325376,1280,1310,-9999
01/25/2019 20:35,SCH - NE - NY,23318,-1595.31,1400,-1800
01/25/2019 20:35,SCH - NPX_1385,325277,-200,200,-200
01/25/2019 20:35,SCH - NPX_CSC,325154,50,330,-330
01/25/2019 20:35,SCH - OH - NY,23317,450.4,1700,-1700
01/25/2019 20:35,SCH - PJ - NY,23316,87,2000,-1300
01/25/2019 20:35,SCH - PJM_HTP,325905,0,660,-660
01/25/2019 20:35,SCH - PJM_NEPTUNE,325305,660,660,-660
01/25/2019 20:35,SCH - PJM_VFT,325658,315,315,-315
01/25/2019 20:35,SPR/DUN-SOUTH,23320,2512.31,4600,-9999
01/25/2019 20:35,TOTAL EAST,23314,4354.07,6800,-9999
01/25/2019 20:35,UPNY CONED,23315,2110.53,5700,-9999
01/25/2019 20:35,WEST CENTRAL,23312,690.33,9999,-9999
01/25/2019 20:40,CENTRAL EAST - VC,23330,2626.05,2840,-9999
01/25/2019 20:40,DYSINGER EAST,23326,1399.22,3150,-9999
01/25/2019 20:40,MOSES SOUTH,23319,1993.44,3150,-1600
01/25/2019 20:40,SCH - HQ - NY,23324,1450,1500,-1000
01/25/2019 20:40,SCH - HQ_CEDARS,325274,180,180,-100
01/25/2019 20:40,SCH - HQ_IMPORT_EXPORT,325376,1280,1310,-9999
01/25/2019 20:40,SCH - NE - NY,23318,-1596.75,1400,-1800
01/25/2019 20:40,SCH - NPX_1385,325277,-200,200,-200
01/25/2019 20:40,SCH - NPX_CSC,325154,50,330,-330
01/25/2019 20:40,SCH - OH - NY,23317,450.24,1700,-1700
01/25/2019 20:40,SCH - PJ - NY,23316,87.84,2000,-1300
01/25/2019 20:40,SCH - PJM_HTP,325905,0,660,-660
01/25/2019 20:40,SCH - PJM_NEPTUNE,325305,660,660,-660
01/25/2019 20:40,SCH - PJM_VFT,325658,315,315,-315
01/25/2019 20:40,SPR/DUN-SOUTH,23320,2502.21,4600,-9999
01/25/2019 20:40,TOTAL EAST,23314,4322.67,6800,-9999
01/25/2019 20:40,UPNY CONED,23315,2100.42,5700,-9999
01/25/2019 20:40,WEST CENTRAL,23312,694,9999,-9999
01/25/2019 20:45,CENTRAL EAST - VC,23330,2622.36,2840,-9999
01/25/2019 20:45,DYSINGER EAST,23326,1398.99,3150,-9999
01/25/2019 20:45,MOSES SOUTH,23319,1965.67,3150,-1600
01/25/2019 20:45,SCH - HQ - NY,23324,1450,1500,-1000
01/25/2019 20:45,SCH - HQ_CEDARS,325274,180,180,-100
01/25/2019 20:45,SCH - HQ_IMPORT_EXPORT,325376,1280,1310,-9999
01/25/2019 20:45,SCH - NE - NY,23318,-1596.27,1400,-1800
01/25/2019 20:45,SCH - NPX_1385,325277,-200,200,-200
01/25/2019 20:45,SCH - NPX_CSC,325154,50,330,-330
01/25/2019 20:45,SCH - OH - NY,23317,450.15,1700,-1700
01/25/2019 20:45,SCH - PJ - NY,23316,-23.21,2000,-1300
01/25/2019 20:45,SCH - PJM_HTP,325905,0,660,-660
01/25/2019 20:45,SCH - PJM_NEPTUNE,325305,660,660,-660
01/25/2019 20:45,SCH - PJM_VFT,325658,315,315,-315
01/25/2019 20:45,SPR/DUN-SOUTH,23320,2514.52,4600,-9999
01/25/2019 20:45,TOTAL EAST,23314,4320.5,6800,-9999
01/25/2019 20:45,UPNY CONED,23315,2099.09,5700,-9999
01/25/2019 20:45,WEST CENTRAL,23312,696.29,9999,-9999
01/25/2019 20:50,CENTRAL EAST - VC,23330,2657.98,2840,-9999
01/25/2019 20:50,DYSINGER EAST,23326,1419.83,3150,-9999
01/25/2019 20:50,MOSES SOUTH,23319,1929.37,3150,-1600
01/25/2019 20:50,SCH - HQ - NY,23324,1450,1500,-1000
01/25/2019 20:50,SCH - HQ_CEDARS,325274,180,180,-100
01/25/2019 20:50,SCH - HQ_IMPORT_EXPORT,325376,1280,1310,-9999
01/25/2019 20:50,SCH - NE - NY,23318,-1598.65,1400,-1800
01/25/2019 20:50,SCH - NPX_1385,325277,-200,200,-200
01/25/2019 20:50,SCH - NPX_CSC,325154,50,330,-330
01/25/2019 20:50,SCH - OH - NY,23317,453.58,1700,-1700
01/25/2019 20:50,SCH - PJ - NY,23316,-134.04,2000,-1300
01/25/2019 20:50,SCH - PJM_HTP,325905,0,660,-660
01/25/2019 20:50,SCH - PJM_NEPTUNE,325305,660,660,-660
01/25/2019 20:50,SCH - PJM_VFT,325658,315,315,-315
01/25/2019 20:50,SPR/DUN-SOUTH,23320,2510.65,4600,-9999
01/25/2019 20:50,TOTAL EAST,23314,4284.76,6800,-9999
01/25/2019 20:50,UPNY CONED,23315,2096.74,5700,-9999
01/25/2019 20:50,WEST CENTRAL,23312,719.7,9999,-9999
01/25/2019 20:55,CENTRAL EAST - VC,23330,2633.43,2840,-9999
01/25/2019 20:55,DYSINGER EAST,23326,1382.13,3150,-9999
01/25/2019 20:55,MOSES SOUTH,23319,1919.23,3150,-1600
01/25/2019 20:55,SCH - HQ - NY,23324,1450,1500,-1000
01/25/2019 20:55,SCH - HQ_CEDARS,325274,180,180,-100
01/25/2019 20:55,SCH - HQ_IMPORT_EXPORT,325376,1280,1310,-9999
01/25/2019 20:55,SCH - NE - NY,23318,-1596.9,1400,-1800
01/25/2019 20:55,SCH - NPX_1385,325277,-200,200,-200
01/25/2019 20:55,SCH - NPX_CSC,325154,50,330,-330
01/25/2019 20:55,SCH - OH - NY,23317,450.05,1700,-1700
01/25/2019 20:55,SCH - PJ - NY,23316,-135.86,2000,-1300
01/25/2019 20:55,SCH - PJM_HTP,325905,0,660,-660
01/25/2019 20:55,SCH - PJM_NEPTUNE,325305,660,660,-660
01/25/2019 20:55,SCH - PJM_VFT,325658,315,315,-315
01/25/2019 20:55,SPR/DUN-SOUTH,23320,2516.64,4600,-9999
01/25/2019 20:55,TOTAL EAST,23314,4297.4,6800,-9999
01/25/2019 20:55,UPNY CONED,23315,2112.28,5700,-9999
01/25/2019 20:55,WEST CENTRAL,23312,687.88,9999,-9999
01/25/2019 21:00,CENTRAL EAST - VC,23330,2607.28,2840,-9999
01/25/2019 21:00,DYSINGER EAST,23326,1417.94,3150,-9999
01/25/2019 21:00,MOSES SOUTH,23319,1955.91,3150,-1600
01/25/2019 21:00,SCH - HQ - NY,23324,1465,1500,-1000
01/25/2019 21:00,SCH - HQ_CEDARS,325274,180,180,-100
01/25/2019 21:00,SCH - HQ_IMPORT_EXPORT,325376,1295,1310,-9999
01/25/2019 21:00,SCH - NE - NY,23318,-1598.3,1400,-1800
01/25/2019 21:00,SCH - NPX_1385,325277,-185,200,-200
01/25/2019 21:00,SCH - NPX_CSC,325154,50,330,-330
01/25/2019 21:00,SCH - OH - NY,23317,475.15,1700,-1700
01/25/2019 21:00,SCH - PJ - NY,23316,-8.66,2000,-1300
01/25/2019 21:00,SCH - PJM_HTP,325905,0,660,-660
01/25/2019 21:00,SCH - PJM_NEPTUNE,325305,660,660,-660
01/25/2019 21:00,SCH - PJM_VFT,325658,315,315,-315
01/25/2019 21:00,SPR/DUN-SOUTH,23320,2492.41,4600,-9999
01/25/2019 21:00,TOTAL EAST,23314,4259.85,6800,-9999
01/25/2019 21:00,UPNY CONED,23315,2098.47,5700,-9999
01/25/2019 21:00,WEST CENTRAL,23312,725.64,9999,-9999
01/25/2019 21:05,CENTRAL EAST - VC,23330,2597.6,2840,-9999
01/25/2019 21:05,DYSINGER EAST,23326,1403.79,3150,-9999
01/25/2019 21:05,MOSES SOUTH,23319,1955.79,3150,-1600
01/25/2019 21:05,SCH - HQ - NY,23324,1480,1500,-1000
01/25/2019 21:05,SCH - HQ_CEDARS,325274,180,180,-100
01/25/2019 21:05,SCH - HQ_IMPORT_EXPORT,325376,1310,1310,-9999
01/25/2019 21:05,SCH - NE - NY,23318,-1595.15,1400,-1800
01/25/2019 21:05,SCH - NPX_1385,325277,-170,200,-200
01/25/2019 21:05,SCH - NPX_CSC,325154,50,330,-330
01/25/2019 21:05,SCH - OH - NY,23317,500.19,1700,-1700
01/25/2019 21:05,SCH - PJ - NY,23316,112.34,2000,-1300
01/25/2019 21:05,SCH - PJM_HTP,325905,0,660,-660
01/25/2019 21:05,SCH - PJM_NEPTUNE,325305,660,660,-660
01/25/2019 21:05,SCH - PJM_VFT,325658,315,315,-315
01/25/2019 21:05,SPR/DUN-SOUTH,23320,2503.16,4600,-9999
01/25/2019 21:05,TOTAL EAST,23314,4262.35,6800,-9999
01/25/2019 21:05,UPNY CONED,23315,2108.91,5700,-9999
01/25/2019 21:05,WEST CENTRAL,23312,717.18,9999,-9999
01/25/2019 21:10,CENTRAL EAST - VC,23330,2568.24,2840,-9999
01/25/2019 21:10,DYSINGER EAST,23326,1389.32,3150,-9999
01/25/2019 21:10,MOSES SOUTH,23319,1959.98,3150,-1600
01/25/2019 21:10,SCH - HQ - NY,23324,1480,1500,-1000
01/25/2019 21:10,SCH - HQ_CEDARS,325274,180,180,-100
01/25/2019 21:10,SCH - HQ_IMPORT_EXPORT,325376,1310,1310,-9999
01/25/2019 21:10,SCH - NE - NY,23318,-1600.58,1400,-1800
01/25/2019 21:10,SCH - NPX_1385,325277,-170,200,-200
01/25/2019 21:10,SCH - NPX_CSC,325154,50,330,-330
01/25/2019 21:10,SCH - OH - NY,23317,500.14,1700,-1700
01/25/2019 21:10,SCH - PJ - NY,23316,112.27,2000,-1300
01/25/2019 21:10,SCH - PJM_HTP,325905,0,660,-660
01/25/2019 21:10,SCH - PJM_NEPTUNE,325305,660,660,-660
01/25/2019 21:10,SCH - PJM_VFT,325658,315,315,-315
01/25/2019 21:10,SPR/DUN-SOUTH,23320,2493.38,4600,-9999
01/25/2019 21:10,TOTAL EAST,23314,4257.99,6800,-9999
01/25/2019 21:10,UPNY CONED,23315,2098.49,5700,-9999
01/25/2019 21:10,WEST CENTRAL,23312,707.84,9999,-9999
01/25/2019 21:15,CENTRAL EAST - VC,23330,2547.35,2840,-9999
01/25/2019 21:15,DYSINGER EAST,23326,1390.58,3150,-9999
01/25/2019 21:15,MOSES SOUTH,23319,1946.49,3150,-1600
01/25/2019 21:15,SCH - HQ - NY,23324,1480,1500,-1000
01/25/2019 21:15,SCH - HQ_CEDARS,325274,180,180,-100
01/25/2019 21:15,SCH - HQ_IMPORT_EXPORT,325376,1310,1310,-9999
01/25/2019 21:15,SCH - NE - NY,23318,-1600.61,1400,-1800
01/25/2019 21:15,SCH - NPX_1385,325277,-170,200,-200
01/25/2019 21:15,SCH - NPX_CSC,325154,50,330,-330
01/25/2019 21:15,SCH - OH - NY,23317,500.2,1700,-1700
01/25/2019 21:15,SCH - PJ - NY,23316,115.39,2000,-1300
01/25/2019 21:15,SCH - PJM_HTP,325905,0,660,-660
01/25/2019 21:15,SCH - PJM_NEPTUNE,325305,660,660,-660
01/25/2019 21:15,SCH - PJM_VFT,325658,315,315,-315
01/25/2019 21:15,SPR/DUN-SOUTH,23320,2515.02,4600,-9999
01/25/2019 21:15,TOTAL EAST,23314,4209.21,6800,-9999
01/25/2019 21:15,UPNY CONED,23315,2068.42,5700,-9999
01/25/2019 21:15,WEST CENTRAL,23312,715.69,9999,-9999
01/25/2019 21:20,CENTRAL EAST - VC,23330,2539.45,2840,-9999
01/25/2019 21:20,DYSINGER EAST,23326,1363.59,3150,-9999
01/25/2019 21:20,MOSES SOUTH,23319,1917.34,3150,-1600
01/25/2019 21:20,SCH - HQ - NY,23324,1480,1500,-1000
01/25/2019 21:20,SCH - HQ_CEDARS,325274,180,180,-100
01/25/2019 21:20,SCH - HQ_IMPORT_EXPORT,325376,1310,1310,-9999
01/25/2019 21:20,SCH - NE - NY,23318,-1600.67,1400,-1800
01/25/2019 21:20,SCH - NPX_1385,325277,-170,200,-200
01/25/2019 21:20,SCH - NPX_CSC,325154,50,330,-330
01/25/2019 21:20,SCH - OH - NY,23317,499.69,1700,-1700
01/25/2019 21:20,SCH - PJ - NY,23316,117.57,2000,-1300
01/25/2019 21:20,SCH - PJM_HTP,325905,0,660,-660
01/25/2019 21:20,SCH - PJM_NEPTUNE,325305,660,660,-660
01/25/2019 21:20,SCH - PJM_VFT,325658,315,315,-315
01/25/2019 21:20,SPR/DUN-SOUTH,23320,2501.99,4600,-9999
01/25/2019 21:20,TOTAL EAST,23314,4158.25,6800,-9999
01/25/2019 21:20,UPNY CONED,23315,2046.77,5700,-9999
01/25/2019 21:20,WEST CENTRAL,23312,692.05,9999,-9999
01/25/2019 21:25,CENTRAL EAST - VC,23330,2536.19,2840,-9999
01/25/2019 21:25,DYSINGER EAST,23326,1381.58,3150,-9999
01/25/2019 21:25,MOSES SOUTH,23319,1939.15,3150,-1600
01/25/2019 21:25,SCH - HQ - NY,23324,1480,1500,-1000
01/25/2019 21:25,SCH - HQ_CEDARS,325274,180,180,-100
01/25/2019 21:25,SCH - HQ_IMPORT_EXPORT,325376,1310,1310,-9999
01/25/2019 21:25,SCH - NE - NY,23318,-1600.78,1400,-1800
01/25/2019 21:25,SCH - NPX_1385,325277,-170,200,-200
01/25/2019 21:25,SCH - NPX_CSC,325154,50,330,-330
01/25/2019 21:25,SCH - OH - NY,23317,500.23,1700,-1700
01/25/2019 21:25,SCH - PJ - NY,23316,114.33,2000,-1300
01/25/2019 21:25,SCH - PJM_HTP,325905,0,660,-660
01/25/2019 21:25,SCH - PJM_NEPTUNE,325305,660,660,-660
01/25/2019 21:25,SCH - PJM_VFT,325658,315,315,-315
01/25/2019 21:25,SPR/DUN-SOUTH,23320,2514.8,4600,-9999
01/25/2019 21:25,TOTAL EAST,23314,4156.34,6800,-9999
01/25/2019 21:25,UPNY CONED,23315,2049.41,5700,-9999
01/25/2019 21:25,WEST CENTRAL,23312,713.45,9999,-9999
01/25/2019 21:30,CENTRAL EAST - VC,23330,2519.77,2840,-9999
01/25/2019 21:30,DYSINGER EAST,23326,1378.53,3150,-9999
01/25/2019 21:30,MOSES SOUTH,23319,1924.92,3150,-1600
01/25/2019 21:30,SCH - HQ - NY,23324,1480,1500,-1000
01/25/2019 21:30,SCH - HQ_CEDARS,325274,180,180,-100
01/25/2019 21:30,SCH - HQ_IMPORT_EXPORT,325376,1310,1310,-9999
01/25/2019 21:30,SCH - NE - NY,23318,-1600.84,1400,-1800
01/25/2019 21:30,SCH - NPX_1385,325277,-170,200,-200
01/25/2019 21:30,SCH - NPX_CSC,325154,50,330,-330
01/25/2019 21:30,SCH - OH - NY,23317,500.27,1700,-1700
01/25/2019 21:30,SCH - PJ - NY,23316,106.08,2000,-1300
01/25/2019 21:30,SCH - PJM_HTP,325905,0,660,-660
01/25/2019 21:30,SCH - PJM_NEPTUNE,325305,660,660,-660
01/25/2019 21:30,SCH - PJM_VFT,325658,315,315,-315
01/25/2019 21:30,SPR/DUN-SOUTH,23320,2516.87,4600,-9999
01/25/2019 21:30,TOTAL EAST,23314,4152.24,6800,-9999
01/25/2019 21:30,UPNY CONED,23315,2049.38,5700,-9999
01/25/2019 21:30,WEST CENTRAL,23312,715.04,9999,-9999
01/25/2019 21:35,CENTRAL EAST - VC,23330,2565.38,2840,-9999
01/25/2019 21:35,DYSINGER EAST,23326,1403.76,3150,-9999
01/25/2019 21:35,MOSES SOUTH,23319,1922.37,3150,-1600
01/25/2019 21:35,SCH - HQ - NY,23324,1480,1500,-1000
01/25/2019 21:35,SCH - HQ_CEDARS,325274,180,180,-100
01/25/2019 21:35,SCH - HQ_IMPORT_EXPORT,325376,1310,1310,-9999
01/25/2019 21:35,SCH - NE - NY,23318,-1600.59,1400,-1800
01/25/2019 21:35,SCH - NPX_1385,325277,-170,200,-200
01/25/2019 21:35,SCH - NPX_CSC,325154,50,330,-330
01/25/2019 21:35,SCH - OH - NY,23317,500.23,1700,-1700
01/25/2019 21:35,SCH - PJ - NY,23316,92.48,2000,-1300
01/25/2019 21:35,SCH - PJM_HTP,325905,0,660,-660
01/25/2019 21:35,SCH - PJM_NEPTUNE,325305,660,660,-660
01/25/2019 21:35,SCH - PJM_VFT,325658,315,315,-315
01/25/2019 21:35,SPR/DUN-SOUTH,23320,2513.92,4600,-9999
01/25/2019 21:35,TOTAL EAST,23314,4158.98,6800,-9999
01/25/2019 21:35,UPNY CONED,23315,2083.32,5700,-9999
01/25/2019 21:35,WEST CENTRAL,23312,744.4,9999,-9999
01/25/2019 21:40,CENTRAL EAST - VC,23330,2579.08,2840,-9999
01/25/2019 21:40,DYSINGER EAST,23326,1401.04,3150,-9999
01/25/2019 21:40,MOSES SOUTH,23319,1913.58,3150,-1600
01/25/2019 21:40,SCH - HQ - NY,23324,1480,1500,-1000
01/25/2019 21:40,SCH - HQ_CEDARS,325274,180,180,-100
01/25/2019 21:40,SCH - HQ_IMPORT_EXPORT,325376,1310,1310,-9999
01/25/2019 21:40,SCH - NE - NY,23318,-1600.51,1400,-1800
01/25/2019 21:40,SCH - NPX_1385,325277,-170,200,-200
01/25/2019 21:40,SCH - NPX_CSC,325154,50,330,-330
01/25/2019 21:40,SCH - OH - NY,23317,500.18,1700,-1700
01/25/2019 21:40,SCH - PJ - NY,23316,94.96,2000,-1300
01/25/2019 21:40,SCH - PJM_HTP,325905,0,660,-660
01/25/2019 21:40,SCH - PJM_NEPTUNE,325305,660,660,-660
01/25/2019 21:40,SCH - PJM_VFT,325658,315,315,-315
01/25/2019 21:40,SPR/DUN-SOUTH,23320,2522.05,4600,-9999
01/25/2019 21:40,TOTAL EAST,23314,4122.95,6800,-9999
01/25/2019 21:40,UPNY CONED,23315,2077.22,5700,-9999
01/25/2019 21:40,WEST CENTRAL,23312,747.82,9999,-9999
01/25/2019 21:45,CENTRAL EAST - VC,23330,2570.22,2840,-9999
01/25/2019 21:45,DYSINGER EAST,23326,1420.79,3150,-9999
01/25/2019 21:45,MOSES SOUTH,23319,1904.99,3150,-1600
01/25/2019 21:45,SCH - HQ - NY,23324,1480,1500,-1000
01/25/2019 21:45,SCH - HQ_CEDARS,325274,180,180,-100
01/25/2019 21:45,SCH - HQ_IMPORT_EXPORT,325376,1310,1310,-9999
01/25/2019 21:45,SCH - NE - NY,23318,-1600.74,1400,-1800
01/25/2019 21:45,SCH - NPX_1385,325277,-170,200,-200
01/25/2019 21:45,SCH - NPX_CSC,325154,50,330,-330
01/25/2019 21:45,SCH - OH - NY,23317,500.24,1700,-1700
01/25/2019 21:45,SCH - PJ - NY,23316,78.38,2000,-1300
01/25/2019 21:45,SCH - PJM_HTP,325905,0,660,-660
01/25/2019 21:45,SCH - PJM_NEPTUNE,325305,660,660,-660
01/25/2019 21:45,SCH - PJM_VFT,325658,315,315,-315
01/25/2019 21:45,SPR/DUN-SOUTH,23320,2511.81,4600,-9999
01/25/2019 21:45,TOTAL EAST,23314,4163.54,6800,-9999
01/25/2019 21:45,UPNY CONED,23315,2072.5,5700,-9999
01/25/2019 21:45,WEST CENTRAL,23312,773.16,9999,-9999
01/25/2019 21:50,CENTRAL EAST - VC,23330,2585.87,2840,-9999
01/25/2019 21:50,DYSINGER EAST,23326,1413.18,3150,-9999
01/25/2019 21:50,MOSES SOUTH,23319,1899.56,3150,-1600
01/25/2019 21:50,SCH - HQ - NY,23324,1480,1500,-1000
01/25/2019 21:50,SCH - HQ_CEDARS,325274,180,180,-100
01/25/2019 21:50,SCH - HQ_IMPORT_EXPORT,325376,1310,1310,-9999
01/25/2019 21:50,SCH - NE - NY,23318,-1600.63,1400,-1800
01/25/2019 21:50,SCH - NPX_1385,325277,-170,200,-200
01/25/2019 21:50,SCH - NPX_CSC,325154,50,330,-330
01/25/2019 21:50,SCH - OH - NY,23317,500.16,1700,-1700
01/25/2019 21:50,SCH - PJ - NY,23316,67.26,2000,-1300
01/25/2019 21:50,SCH - PJM_HTP,325905,0,660,-660
01/25/2019 21:50,SCH - PJM_NEPTUNE,325305,660,660,-660
01/25/2019 21:50,SCH - PJM_VFT,325658,315,315,-315
01/25/2019 21:50,SPR/DUN-SOUTH,23320,2513.34,4600,-9999
01/25/2019 21:50,TOTAL EAST,23314,4171.69,6800,-9999
01/25/2019 21:50,UPNY CONED,23315,2097.05,5700,-9999
01/25/2019 21:50,WEST CENTRAL,23312,773.33,9999,-9999
01/25/2019 21:55,CENTRAL EAST - VC,23330,2607.18,2840,-9999
01/25/2019 21:55,DYSINGER EAST,23326,1438.56,3150,-9999
01/25/2019 21:55,MOSES SOUTH,23319,1877.37,3150,-1600
01/25/2019 21:55,SCH - HQ - NY,23324,1480,1500,-1000
01/25/2019 21:55,SCH - HQ_CEDARS,325274,180,180,-100
01/25/2019 21:55,SCH - HQ_IMPORT_EXPORT,325376,1310,1310,-9999
01/25/2019 21:55,SCH - NE - NY,23318,-1597.41,1400,-1800
01/25/2019 21:55,SCH - NPX_1385,325277,-170,200,-200
01/25/2019 21:55,SCH - NPX_CSC,325154,50,330,-330
01/25/2019 21:55,SCH - OH - NY,23317,500.71,1700,-1700
01/25/2019 21:55,SCH - PJ - NY,23316,59.56,2000,-1300
01/25/2019 21:55,SCH - PJM_HTP,325905,0,660,-660
01/25/2019 21:55,SCH - PJM_NEPTUNE,325305,660,660,-660
01/25/2019 21:55,SCH - PJM_VFT,325658,315,315,-315
01/25/2019 21:55,SPR/DUN-SOUTH,23320,2500,4600,-9999
01/25/2019 21:55,TOTAL EAST,23314,4172.38,6800,-9999
01/25/2019 21:55,UPNY CONED,23315,2103.92,5700,-9999
01/25/2019 21:55,WEST CENTRAL,23312,805.73,9999,-9999
01/25/2019 22:00,CENTRAL EAST - VC,23330,2573.17,2840,-9999
01/25/2019 22:00,DYSINGER EAST,23326,1362.52,3150,-9999
01/25/2019 22:00,MOSES SOUTH,23319,1873.58,3150,-1600
01/25/2019 22:00,SCH - HQ - NY,23324,1480,1500,-1000
01/25/2019 22:00,SCH - HQ_CEDARS,325274,180,180,-100
01/25/2019 22:00,SCH - HQ_IMPORT_EXPORT,325376,1310,1310,-9999
01/25/2019 22:00,SCH - NE - NY,23318,-1600.67,1400,-1800
01/25/2019 22:00,SCH - NPX_1385,325277,-179,200,-200
01/25/2019 22:00,SCH - NPX_CSC,325154,75,330,-330
01/25/2019 22:00,SCH - OH - NY,23317,500.2,1700,-1700
01/25/2019 22:00,SCH - PJ - NY,23316,192.41,2000,-1300
01/25/2019 22:00,SCH - PJM_HTP,325905,50,660,-660
01/25/2019 22:00,SCH - PJM_NEPTUNE,325305,660,660,-660
01/25/2019 22:00,SCH - PJM_VFT,325658,315,315,-315
01/25/2019 22:00,SPR/DUN-SOUTH,23320,2385.62,4600,-9999
01/25/2019 22:00,TOTAL EAST,23314,4189.7,6800,-9999
01/25/2019 22:00,UPNY CONED,23315,2047.88,5700,-9999
01/25/2019 22:00,WEST CENTRAL,23312,738.14,9999,-9999
01/25/2019 22:05,CENTRAL EAST - VC,23330,2601.8,2840,-9999
01/25/2019 22:05,DYSINGER EAST,23326,1410.77,3150,-9999
01/25/2019 22:05,MOSES SOUTH,23319,1875.88,3150,-1600
01/25/2019 22:05,SCH - HQ - NY,23324,1480,1500,-1000
01/25/2019 22:05,SCH - HQ_CEDARS,325274,180,180,-100
01/25/2019 22:05,SCH - HQ_IMPORT_EXPORT,325376,1310,1310,-9999
01/25/2019 22:05,SCH - NE - NY,23318,-1600.55,1400,-1800
01/25/2019 22:05,SCH - NPX_1385,325277,-188,200,-200
01/25/2019 22:05,SCH - NPX_CSC,325154,100,330,-330
01/25/2019 22:05,SCH - OH - NY,23317,500.21,1700,-1700
01/25/2019 22:05,SCH - PJ - NY,23316,305.03,2000,-1300
01/25/2019 22:05,SCH - PJM_HTP,325905,100,660,-660
01/25/2019 22:05,SCH - PJM_NEPTUNE,325305,660,660,-660
01/25/2019 22:05,SCH - PJM_VFT,325658,315,315,-315
01/25/2019 22:05,SPR/DUN-SOUTH,23320,2370.99,4600,-9999
01/25/2019 22:05,TOTAL EAST,23314,4187.47,6800,-9999
01/25/2019 22:05,UPNY CONED,23315,2037.95,5700,-9999
01/25/2019 22:05,WEST CENTRAL,23312,792.67,9999,-9999
01/25/2019 22:10,CENTRAL EAST - VC,23330,2709.34,2840,-9999
01/25/2019 22:10,DYSINGER EAST,23326,1546.02,3150,-9999
01/25/2019 22:10,MOSES SOUTH,23319,1881.41,3150,-1600
01/25/2019 22:10,SCH - HQ - NY,23324,1480,1500,-1000
01/25/2019 22:10,SCH - HQ_CEDARS,325274,180,180,-100
01/25/2019 22:10,SCH - HQ_IMPORT_EXPORT,325376,1310,1310,-9999
01/25/2019 22:10,SCH - NE - NY,23318,-1595.35,1400,-1800
01/25/2019 22:10,SCH - NPX_1385,325277,-188,200,-200
01/25/2019 22:10,SCH - NPX_CSC,325154,100,330,-330
01/25/2019 22:10,SCH - OH - NY,23317,500.12,1700,-1700
01/25/2019 22:10,SCH - PJ - NY,23316,305.85,2000,-1300
01/25/2019 22:10,SCH - PJM_HTP,325905,100,660,-660
01/25/2019 22:10,SCH - PJM_NEPTUNE,325305,660,660,-660
01/25/2019 22:10,SCH - PJM_VFT,325658,315,315,-315
01/25/2019 22:10,SPR/DUN-SOUTH,23320,2399.08,4600,-9999
01/25/2019 22:10,TOTAL EAST,23314,4351.6,6800,-9999
01/25/2019 22:10,UPNY CONED,23315,2080.25,5700,-9999
01/25/2019 22:10,WEST CENTRAL,23312,928.95,9999,-9999
01/25/2019 22:15,CENTRAL EAST - VC,23330,2659.29,2810,-9999
01/25/2019 22:15,DYSINGER EAST,23326,1519.25,3150,-9999
01/25/2019 22:15,MOSES SOUTH,23319,1885.42,3150,-1600
01/25/2019 22:15,SCH - HQ - NY,23324,1480,1500,-1000
01/25/2019 22:15,SCH - HQ_CEDARS,325274,180,180,-100
01/25/2019 22:15,SCH - HQ_IMPORT_EXPORT,325376,1310,1310,-9999
01/25/2019 22:15,SCH - NE - NY,23318,-1584.21,1400,-1800
01/25/2019 22:15,SCH - NPX_1385,325277,-188,200,-200
01/25/2019 22:15,SCH - NPX_CSC,325154,100,330,-330
01/25/2019 22:15,SCH - OH - NY,23317,500.28,1700,-1700
01/25/2019 22:15,SCH - PJ - NY,23316,314,2000,-1300
01/25/2019 22:15,SCH - PJM_HTP,325905,100,660,-660
01/25/2019 22:15,SCH - PJM_NEPTUNE,325305,660,660,-660
01/25/2019 22:15,SCH - PJM_VFT,325658,315,315,-315
01/25/2019 22:15,SPR/DUN-SOUTH,23320,2388.8,4600,-9999
01/25/2019 22:15,TOTAL EAST,23314,4359.81,6800,-9999
01/25/2019 22:15,UPNY CONED,23315,2081.88,5700,-9999
01/25/2019 22:15,WEST CENTRAL,23312,906.25,9999,-9999
01/25/2019 22:20,CENTRAL EAST - VC,23330,2657.51,2810,-9999
01/25/2019 22:20,DYSINGER EAST,23326,1521.21,3150,-9999
01/25/2019 22:20,MOSES SOUTH,23319,1886.25,3150,-1600
01/25/2019 22:20,SCH - HQ - NY,23324,1480,1500,-1000
01/25/2019 22:20,SCH - HQ_CEDARS,325274,180,180,-100
01/25/2019 22:20,SCH - HQ_IMPORT_EXPORT,325376,1310,1310,-9999
01/25/2019 22:20,SCH - NE - NY,23318,-1567.23,1400,-1800
01/25/2019 22:20,SCH - NPX_1385,325277,-188,200,-200
01/25/2019 22:20,SCH - NPX_CSC,325154,100,330,-330
01/25/2019 22:20,SCH - OH - NY,23317,500.27,1700,-1700
01/25/2019 22:20,SCH - PJ - NY,23316,314.88,2000,-1300
01/25/2019 22:20,SCH - PJM_HTP,325905,100,660,-660
01/25/2019 22:20,SCH - PJM_NEPTUNE,325305,660,660,-660
01/25/2019 22:20,SCH - PJM_VFT,325658,315,315,-315
01/25/2019 22:20,SPR/DUN-SOUTH,23320,2388.91,4600,-9999
01/25/2019 22:20,TOTAL EAST,23314,4363.74,6800,-9999
01/25/2019 22:20,UPNY CONED,23315,2079.31,5700,-9999
01/25/2019 22:20,WEST CENTRAL,23312,921.32,9999,-9999
01/25/2019 22:25,CENTRAL EAST - VC,23330,2640.21,2810,-9999
01/25/2019 22:25,DYSINGER EAST,23326,1525.81,3150,-9999
01/25/2019 22:25,MOSES SOUTH,23319,1885.96,3150,-1600
01/25/2019 22:25,SCH - HQ - NY,23324,1480,1500,-1000
01/25/2019 22:25,SCH - HQ_CEDARS,325274,180,180,-100
01/25/2019 22:25,SCH - HQ_IMPORT_EXPORT,325376,1310,1310,-9999
01/25/2019 22:25,SCH - NE - NY,23318,-1567.33,1400,-1800
01/25/2019 22:25,SCH - NPX_1385,325277,-188,200,-200
01/25/2019 22:25,SCH - NPX_CSC,325154,100,330,-330
01/25/2019 22:25,SCH - OH - NY,23317,500.45,1700,-1700
01/25/2019 22:25,SCH - PJ - NY,23316,317.46,2000,-1300
01/25/2019 22:25,SCH - PJM_HTP,325905,100,660,-660
01/25/2019 22:25,SCH - PJM_NEPTUNE,325305,660,660,-660
01/25/2019 22:25,SCH - PJM_VFT,325658,315,315,-315
01/25/2019 22:25,SPR/DUN-SOUTH,23320,2385.69,4600,-9999
01/25/2019 22:25,TOTAL EAST,23314,4313.2,6800,-9999
01/25/2019 22:25,UPNY CONED,23315,2079.81,5700,-9999
01/25/2019 22:25,WEST CENTRAL,23312,933.66,9999,-9999
01/25/2019 22:30,CENTRAL EAST - VC,23330,2614.51,2810,-9999
01/25/2019 22:30,DYSINGER EAST,23326,1489.68,3150,-9999
01/25/2019 22:30,MOSES SOUTH,23319,1888.84,3150,-1600
01/25/2019 22:30,SCH - HQ - NY,23324,1480,1500,-1000
01/25/2019 22:30,SCH - HQ_CEDARS,325274,180,180,-100
01/25/2019 22:30,SCH - HQ_IMPORT_EXPORT,325376,1310,1310,-9999
01/25/2019 22:30,SCH - NE - NY,23318,-1559.33,1400,-1800
01/25/2019 22:30,SCH - NPX_1385,325277,-188,200,-200
01/25/2019 22:30,SCH - NPX_CSC,325154,100,330,-330
01/25/2019 22:30,SCH - OH - NY,23317,500.46,1700,-1700
01/25/2019 22:30,SCH - PJ - NY,23316,311.77,2000,-1300
01/25/2019 22:30,SCH - PJM_HTP,325905,100,660,-660
01/25/2019 22:30,SCH - PJM_NEPTUNE,325305,660,660,-660
01/25/2019 22:30,SCH - PJM_VFT,325658,315,315,-315
01/25/2019 22:30,SPR/DUN-SOUTH,23320,2405.99,4600,-9999
01/25/2019 22:30,TOTAL EAST,23314,4302.95,6800,-9999
01/25/2019 22:30,UPNY CONED,23315,2090.86,5700,-9999
01/25/2019 22:30,WEST CENTRAL,23312,905.27,9999,-9999
01/25/2019 22:35,CENTRAL EAST - VC,23330,2636.86,2810,-9999
01/25/2019 22:35,DYSINGER EAST,23326,1508.44,3150,-9999
01/25/2019 22:35,MOSES SOUTH,23319,1888.94,3150,-1600
01/25/2019 22:35,SCH - HQ - NY,23324,1480,1500,-1000
01/25/2019 22:35,SCH - HQ_CEDARS,325274,180,180,-100
01/25/2019 22:35,SCH - HQ_IMPORT_EXPORT,325376,1310,1310,-9999
01/25/2019 22:35,SCH - NE - NY,23318,-1551.34,1400,-1800
01/25/2019 22:35,SCH - NPX_1385,325277,-188,200,-200
01/25/2019 22:35,SCH - NPX_CSC,325154,100,330,-330
01/25/2019 22:35,SCH - OH - NY,23317,500.62,1700,-1700
01/25/2019 22:35,SCH - PJ - NY,23316,314.05,2000,-1300
01/25/2019 22:35,SCH - PJM_HTP,325905,100,660,-660
01/25/2019 22:35,SCH - PJM_NEPTUNE,325305,660,660,-660
01/25/2019 22:35,SCH - PJM_VFT,325658,315,315,-315
01/25/2019 22:35,SPR/DUN-SOUTH,23320,2398.96,4600,-9999
01/25/2019 22:35,TOTAL EAST,23314,4284.41,6800,-9999
01/25/2019 22:35,UPNY CONED,23315,2075.9,5700,-9999
01/25/2019 22:35,WEST CENTRAL,23312,927.27,9999,-9999
01/25/2019 22:40,CENTRAL EAST - VC,23330,2625.17,2810,-9999
01/25/2019 22:40,DYSINGER EAST,23326,1460.47,3150,-9999
01/25/2019 22:40,MOSES SOUTH,23319,1895.23,3150,-1600
01/25/2019 22:40,SCH - HQ - NY,23324,1480,1500,-1000
01/25/2019 22:40,SCH - HQ_CEDARS,325274,180,180,-100
01/25/2019 22:40,SCH - HQ_IMPORT_EXPORT,325376,1310,1310,-9999
01/25/2019 22:40,SCH - NE - NY,23318,-1551.43,1400,-1800
01/25/2019 22:40,SCH - NPX_1385,325277,-188,200,-200
01/25/2019 22:40,SCH - NPX_CSC,325154,100,330,-330
01/25/2019 22:40,SCH - OH - NY,23317,500.65,1700,-1700
01/25/2019 22:40,SCH - PJ - NY,23316,312.91,2000,-1300
01/25/2019 22:40,SCH - PJM_HTP,325905,100,660,-660
01/25/2019 22:40,SCH - PJM_NEPTUNE,325305,660,660,-660
01/25/2019 22:40,SCH - PJM_VFT,325658,315,315,-315
01/25/2019 22:40,SPR/DUN-SOUTH,23320,2414.11,4600,-9999
01/25/2019 22:40,TOTAL EAST,23314,4252.51,6800,-9999
01/25/2019 22:40,UPNY CONED,23315,2083.66,5700,-9999
01/25/2019 22:40,WEST CENTRAL,23312,885.81,9999,-9999
01/25/2019 22:45,CENTRAL EAST - VC,23330,2652.73,2810,-9999
01/25/2019 22:45,DYSINGER EAST,23326,1490.53,3150,-9999
01/25/2019 22:45,MOSES SOUTH,23319,1897.15,3150,-1600
01/25/2019 22:45,SCH - HQ - NY,23324,1480,1500,-1000
01/25/2019 22:45,SCH - HQ_CEDARS,325274,180,180,-100
01/25/2019 22:45,SCH - HQ_IMPORT_EXPORT,325376,1310,1310,-9999
01/25/2019 22:45,SCH - NE - NY,23318,-1571.26,1400,-1800
01/25/2019 22:45,SCH - NPX_1385,325277,-188,200,-200
01/25/2019 22:45,SCH - NPX_CSC,325154,100,330,-330
01/25/2019 22:45,SCH - OH - NY,23317,500.64,1700,-1700
01/25/2019 22:45,SCH - PJ - NY,23316,266.52,2000,-1300
01/25/2019 22:45,SCH - PJM_HTP,325905,100,660,-660
01/25/2019 22:45,SCH - PJM_NEPTUNE,325305,660,660,-660
01/25/2019 22:45,SCH - PJM_VFT,325658,315,315,-315
01/25/2019 22:45,SPR/DUN-SOUTH,23320,2417.9,4600,-9999
01/25/2019 22:45,TOTAL EAST,23314,4259.23,6800,-9999
01/25/2019 22:45,UPNY CONED,23315,2078.01,5700,-9999
01/25/2019 22:45,WEST CENTRAL,23312,919.2,9999,-9999
01/25/2019 22:50,CENTRAL EAST - VC,23330,2669.31,2810,-9999
01/25/2019 22:50,DYSINGER EAST,23326,1539.73,3150,-9999
01/25/2019 22:50,MOSES SOUTH,23319,1904.92,3150,-1600
01/25/2019 22:50,SCH - HQ - NY,23324,1480,1500,-1000
01/25/2019 22:50,SCH - HQ_CEDARS,325274,180,180,-100
01/25/2019 22:50,SCH - HQ_IMPORT_EXPORT,325376,1310,1310,-9999
01/25/2019 22:50,SCH - NE - NY,23318,-1591.18,1400,-1800
01/25/2019 22:50,SCH - NPX_1385,325277,-188,200,-200
01/25/2019 22:50,SCH - NPX_CSC,325154,100,330,-330
01/25/2019 22:50,SCH - OH - NY,23317,500.75,1700,-1700
01/25/2019 22:50,SCH - PJ - NY,23316,205.67,2000,-1300
01/25/2019 22:50,SCH - PJM_HTP,325905,100,660,-660
01/25/2019 22:50,SCH - PJM_NEPTUNE,325305,660,660,-660
01/25/2019 22:50,SCH - PJM_VFT,325658,315,315,-315
01/25/2019 22:50,SPR/DUN-SOUTH,23320,2428.88,4600,-9999
01/25/2019 22:50,TOTAL EAST,23314,4286.8,6800,-9999
01/25/2019 22:50,UPNY CONED,23315,2087.76,5700,-9999
01/25/2019 22:50,WEST CENTRAL,23312,969.03,9999,-9999
01/25/2019 22:55,CENTRAL EAST - VC,23330,2690.68,2810,-9999
01/25/2019 22:55,DYSINGER EAST,23326,1499.1,3150,-9999
01/25/2019 22:55,MOSES SOUTH,23319,1905.51,3150,-1600
01/25/2019 22:55,SCH - HQ - NY,23324,1480,1500,-1000
01/25/2019 22:55,SCH - HQ_CEDARS,325274,180,180,-100
01/25/2019 22:55,SCH - HQ_IMPORT_EXPORT,325376,1310,1310,-9999
01/25/2019 22:55,SCH - NE - NY,23318,-1591.14,1400,-1800
01/25/2019 22:55,SCH - NPX_1385,325277,-188,200,-200
01/25/2019 22:55,SCH - NPX_CSC,325154,100,330,-330
01/25/2019 22:55,SCH - OH - NY,23317,500.73,1700,-1700
01/25/2019 22:55,SCH - PJ - NY,23316,210.67,2000,-1300
01/25/2019 22:55,SCH - PJM_HTP,325905,100,660,-660
01/25/2019 22:55,SCH - PJM_NEPTUNE,325305,660,660,-660
01/25/2019 22:55,SCH - PJM_VFT,325658,315,315,-315
01/25/2019 22:55,SPR/DUN-SOUTH,23320,2431.4,4600,-9999
01/25/2019 22:55,TOTAL EAST,23314,4254.29,6800,-9999
01/25/2019 22:55,UPNY CONED,23315,2080.31,5700,-9999
01/25/2019 22:55,WEST CENTRAL,23312,935.61,9999,-9999
01/25/2019 23:00,CENTRAL EAST - VC,23330,2645.64,2810,-9999
01/25/2019 23:00,DYSINGER EAST,23326,1511.24,3150,-9999
01/25/2019 23:00,MOSES SOUTH,23319,1807.07,3150,-1600
01/25/2019 23:00,SCH - HQ - NY,23324,1391,1500,-1000
01/25/2019 23:00,SCH - HQ_CEDARS,325274,180,180,-100
01/25/2019 23:00,SCH - HQ_IMPORT_EXPORT,325376,1221,1310,-9999
01/25/2019 23:00,SCH - NE - NY,23318,-1596.14,1400,-1800
01/25/2019 23:00,SCH - NPX_1385,325277,-154,200,-200
01/25/2019 23:00,SCH - NPX_CSC,325154,75,330,-330
01/25/2019 23:00,SCH - OH - NY,23317,730.51,1700,-1700
01/25/2019 23:00,SCH - PJ - NY,23316,233.42,2000,-1300
01/25/2019 23:00,SCH - PJM_HTP,325905,50,660,-660
01/25/2019 23:00,SCH - PJM_NEPTUNE,325305,660,660,-660
01/25/2019 23:00,SCH - PJM_VFT,325658,315,315,-315
01/25/2019 23:00,SPR/DUN-SOUTH,23320,2424.81,4600,-9999
01/25/2019 23:00,TOTAL EAST,23314,4220.33,6800,-9999
01/25/2019 23:00,UPNY CONED,23315,2041.24,5700,-9999
01/25/2019 23:00,WEST CENTRAL,23312,957.5,9999,-9999
01/25/2019 23:05,CENTRAL EAST - VC,23330,2646.48,2810,-9999
01/25/2019 23:05,DYSINGER EAST,23326,1599.55,3150,-9999
01/25/2019 23:05,MOSES SOUTH,23319,1714.92,3150,-1600
01/25/2019 23:05,SCH - HQ - NY,23324,1302,1500,-1000
01/25/2019 23:05,SCH - HQ_CEDARS,325274,180,180,-100
01/25/2019 23:05,SCH - HQ_IMPORT_EXPORT,325376,1132,1310,-9999
01/25/2019 23:05,SCH - NE - NY,23318,-1600.9,1400,-1800
01/25/2019 23:05,SCH - NPX_1385,325277,-120,200,-200
01/25/2019 23:05,SCH - NPX_CSC,325154,50,330,-330
01/25/2019 23:05,SCH - OH - NY,23317,959.84,1700,-1700
01/25/2019 23:05,SCH - PJ - NY,23316,256.05,2000,-1300
01/25/2019 23:05,SCH - PJM_HTP,325905,0,660,-660
01/25/2019 23:05,SCH - PJM_NEPTUNE,325305,660,660,-660
01/25/2019 23:05,SCH - PJM_VFT,325658,315,315,-315
01/25/2019 23:05,SPR/DUN-SOUTH,23320,2428.78,4600,-9999
01/25/2019 23:05,TOTAL EAST,23314,4163.53,6800,-9999
01/25/2019 23:05,UPNY CONED,23315,2011.41,5700,-9999
01/25/2019 23:05,WEST CENTRAL,23312,1052.78,9999,-9999
01/25/2019 23:10,CENTRAL EAST - VC,23330,2561.21,2810,-9999
01/25/2019 23:10,DYSINGER EAST,23326,1392.05,3150,-9999
01/25/2019 23:10,MOSES SOUTH,23319,1725.79,3150,-1600
01/25/2019 23:10,SCH - HQ - NY,23324,1302,1500,-1000
01/25/2019 23:10,SCH - HQ_CEDARS,325274,180,180,-100
01/25/2019 23:10,SCH - HQ_IMPORT_EXPORT,325376,1132,1310,-9999
01/25/2019 23:10,SCH - NE - NY,23318,-1601.14,1400,-1800
01/25/2019 23:10,SCH - NPX_1385,325277,-120,200,-200
01/25/2019 23:10,SCH - NPX_CSC,325154,50,330,-330
01/25/2019 23:10,SCH - OH - NY,23317,958.27,1700,-1700
01/25/2019 23:10,SCH - PJ - NY,23316,258.03,2000,-1300
01/25/2019 23:10,SCH - PJM_HTP,325905,0,660,-660
01/25/2019 23:10,SCH - PJM_NEPTUNE,325305,660,660,-660
01/25/2019 23:10,SCH - PJM_VFT,325658,315,315,-315
01/25/2019 23:10,SPR/DUN-SOUTH,23320,2422.57,4600,-9999
01/25/2019 23:10,TOTAL EAST,23314,4122.26,6800,-9999
01/25/2019 23:10,UPNY CONED,23315,1988.5,5700,-9999
01/25/2019 23:10,WEST CENTRAL,23312,861.22,9999,-9999
01/25/2019 23:15,CENTRAL EAST - VC,23330,2554.74,2810,-9999
01/25/2019 23:15,DYSINGER EAST,23326,1285.01,3150,-9999
01/25/2019 23:15,MOSES SOUTH,23319,1803.04,3150,-1600
01/25/2019 23:15,SCH - HQ - NY,23324,1302,1500,-1000
01/25/2019 23:15,SCH - HQ_CEDARS,325274,180,180,-100
01/25/2019 23:15,SCH - HQ_IMPORT_EXPORT,325376,1132,1310,-9999
01/25/2019 23:15,SCH - NE - NY,23318,-1602.55,1400,-1800
01/25/2019 23:15,SCH - NPX_1385,325277,-120,200,-200
01/25/2019 23:15,SCH - NPX_CSC,325154,50,330,-330
01/25/2019 23:15,SCH - OH - NY,23317,960.38,1700,-1700
01/25/2019 23:15,SCH - PJ - NY,23316,255.5,2000,-1300
01/25/2019 23:15,SCH - PJM_HTP,325905,0,660,-660
01/25/2019 23:15,SCH - PJM_NEPTUNE,325305,660,660,-660
01/25/2019 23:15,SCH - PJM_VFT,325658,315,315,-315
01/25/2019 23:15,SPR/DUN-SOUTH,23320,2407.86,4600,-9999
01/25/2019 23:15,TOTAL EAST,23314,4059.57,6800,-9999
01/25/2019 23:15,UPNY CONED,23315,1957.03,5700,-9999
01/25/2019 23:15,WEST CENTRAL,23312,766.32,9999,-9999
01/25/2019 23:20,CENTRAL EAST - VC,23330,2526.37,2810,-9999
01/25/2019 23:20,DYSINGER EAST,23326,1282.74,3150,-9999
01/25/2019 23:20,MOSES SOUTH,23319,1807.71,3150,-1600
01/25/2019 23:20,SCH - HQ - NY,23324,1302,1500,-1000
01/25/2019 23:20,SCH - HQ_CEDARS,325274,180,180,-100
01/25/2019 23:20,SCH - HQ_IMPORT_EXPORT,325376,1132,1310,-9999
01/25/2019 23:20,SCH - NE - NY,23318,-1602.6,1400,-1800
01/25/2019 23:20,SCH - NPX_1385,325277,-120,200,-200
01/25/2019 23:20,SCH - NPX_CSC,325154,50,330,-330
01/25/2019 23:20,SCH - OH - NY,23317,963.62,1700,-1700
01/25/2019 23:20,SCH - PJ - NY,23316,253.97,2000,-1300
01/25/2019 23:20,SCH - PJM_HTP,325905,0,660,-660
01/25/2019 23:20,SCH - PJM_NEPTUNE,325305,660,660,-660
01/25/2019 23:20,SCH - PJM_VFT,325658,315,315,-315
01/25/2019 23:20,SPR/DUN-SOUTH,23320,2393.24,4600,-9999
01/25/2019 23:20,TOTAL EAST,23314,4032.68,6800,-9999
01/25/2019 23:20,UPNY CONED,23315,1925.56,5700,-9999
01/25/2019 23:20,WEST CENTRAL,23312,762.39,9999,-9999
01/25/2019 23:25,CENTRAL EAST - VC,23330,2541.55,2810,-9999
01/25/2019 23:25,DYSINGER EAST,23326,1276.44,3150,-9999
01/25/2019 23:25,MOSES SOUTH,23319,1799.51,3150,-1600
01/25/2019 23:25,SCH - HQ - NY,23324,1302,1500,-1000
01/25/2019 23:25,SCH - HQ_CEDARS,325274,180,180,-100
01/25/2019 23:25,SCH - HQ_IMPORT_EXPORT,325376,1132,1310,-9999
01/25/2019 23:25,SCH - NE - NY,23318,-1602.49,1400,-1800
01/25/2019 23:25,SCH - NPX_1385,325277,-120,200,-200
01/25/2019 23:25,SCH - NPX_CSC,325154,50,330,-330
01/25/2019 23:25,SCH - OH - NY,23317,960.22,1700,-1700
01/25/2019 23:25,SCH - PJ - NY,23316,256.3,2000,-1300
01/25/2019 23:25,SCH - PJM_HTP,325905,0,660,-660
01/25/2019 23:25,SCH - PJM_NEPTUNE,325305,660,660,-660
01/25/2019 23:25,SCH - PJM_VFT,325658,315,315,-315
01/25/2019 23:25,SPR/DUN-SOUTH,23320,2391.5,4600,-9999
01/25/2019 23:25,TOTAL EAST,23314,3962.21,6800,-9999
01/25/2019 23:25,UPNY CONED,23315,1901.91,5700,-9999
01/25/2019 23:25,WEST CENTRAL,23312,753.98,9999,-9999
01/25/2019 23:30,CENTRAL EAST - VC,23330,2531.42,2750,-9999
01/25/2019 23:30,DYSINGER EAST,23326,1244.64,3150,-9999
01/25/2019 23:30,MOSES SOUTH,23319,1762.21,3150,-1600
01/25/2019 23:30,SCH - HQ - NY,23324,1302,1500,-1000
01/25/2019 23:30,SCH - HQ_CEDARS,325274,180,180,-100
01/25/2019 23:30,SCH - HQ_IMPORT_EXPORT,325376,1132,1310,-9999
01/25/2019 23:30,SCH - NE - NY,23318,-1602.29,1400,-1800
01/25/2019 23:30,SCH - NPX_1385,325277,-120,200,-200
01/25/2019 23:30,SCH - NPX_CSC,325154,50,330,-330
01/25/2019 23:30,SCH - OH - NY,23317,964.78,1700,-1700
01/25/2019 23:30,SCH - PJ - NY,23316,251.77,2000,-1300
01/25/2019 23:30,SCH - PJM_HTP,325905,0,660,-660
01/25/2019 23:30,SCH - PJM_NEPTUNE,325305,660,660,-660
01/25/2019 23:30,SCH - PJM_VFT,325658,315,315,-315
01/25/2019 23:30,SPR/DUN-SOUTH,23320,2391.22,4600,-9999
01/25/2019 23:30,TOTAL EAST,23314,3908.85,6800,-9999
01/25/2019 23:30,UPNY CONED,23315,1881.05,5700,-9999
01/25/2019 23:30,WEST CENTRAL,23312,724.05,9999,-9999
01/25/2019 23:35,CENTRAL EAST - VC,23330,2504.54,2750,-9999
01/25/2019 23:35,DYSINGER EAST,23326,1214.35,3150,-9999
01/25/2019 23:35,MOSES SOUTH,23319,1710.7,3150,-1600
01/25/2019 23:35,SCH - HQ - NY,23324,1302,1500,-1000
01/25/2019 23:35,SCH - HQ_CEDARS,325274,180,180,-100
01/25/2019 23:35,SCH - HQ_IMPORT_EXPORT,325376,1132,1310,-9999
01/25/2019 23:35,SCH - NE - NY,23318,-1602.16,1400,-1800
01/25/2019 23:35,SCH - NPX_1385,325277,-120,200,-200
01/25/2019 23:35,SCH - NPX_CSC,325154,50,330,-330
01/25/2019 23:35,SCH - OH - NY,23317,962.23,1700,-1700
01/25/2019 23:35,SCH - PJ - NY,23316,254.1,2000,-1300
01/25/2019 23:35,SCH - PJM_HTP,325905,0,660,-660
01/25/2019 23:35,SCH - PJM_NEPTUNE,325305,660,660,-660
01/25/2019 23:35,SCH - PJM_VFT,325658,315,315,-315
01/25/2019 23:35,SPR/DUN-SOUTH,23320,2378.79,4600,-9999
01/25/2019 23:35,TOTAL EAST,23314,3872.77,6800,-9999
01/25/2019 23:35,UPNY CONED,23315,1858.06,5700,-9999
01/25/2019 23:35,WEST CENTRAL,23312,699.38,9999,-9999
01/25/2019 23:40,CENTRAL EAST - VC,23330,2512.11,2750,-9999
01/25/2019 23:40,DYSINGER EAST,23326,1171.48,3150,-9999
01/25/2019 23:40,MOSES SOUTH,23319,1709.95,3150,-1600
01/25/2019 23:40,SCH - HQ - NY,23324,1302,1500,-1000
01/25/2019 23:40,SCH - HQ_CEDARS,325274,180,180,-100
01/25/2019 23:40,SCH - HQ_IMPORT_EXPORT,325376,1132,1310,-9999
01/25/2019 23:40,SCH - NE - NY,23318,-1602.14,1400,-1800
01/25/2019 23:40,SCH - NPX_1385,325277,-120,200,-200
01/25/2019 23:40,SCH - NPX_CSC,325154,50,330,-330
01/25/2019 23:40,SCH - OH - NY,23317,958.49,1700,-1700
01/25/2019 23:40,SCH - PJ - NY,23316,258.54,2000,-1300
01/25/2019 23:40,SCH - PJM_HTP,325905,0,660,-660
01/25/2019 23:40,SCH - PJM_NEPTUNE,325305,660,660,-660
01/25/2019 23:40,SCH - PJM_VFT,325658,315,315,-315
01/25/2019 23:40,SPR/DUN-SOUTH,23320,2382.1,4600,-9999
01/25/2019 23:40,TOTAL EAST,23314,3820.86,6800,-9999
01/25/2019 23:40,UPNY CONED,23315,1848.92,5700,-9999
01/25/2019 23:40,WEST CENTRAL,23312,661.71,9999,-9999
01/25/2019 23:45,CENTRAL EAST - VC,23330,2480.36,2750,-9999
01/25/2019 23:45,DYSINGER EAST,23326,1106.5,3150,-9999
01/25/2019 23:45,MOSES SOUTH,23319,1722.68,3150,-1600
01/25/2019 23:45,SCH - HQ - NY,23324,1302,1500,-1000
01/25/2019 23:45,SCH - HQ_CEDARS,325274,180,180,-100
01/25/2019 23:45,SCH - HQ_IMPORT_EXPORT,325376,1132,1310,-9999
01/25/2019 23:45,SCH - NE - NY,23318,-1602.23,1400,-1800
01/25/2019 23:45,SCH - NPX_1385,325277,-120,200,-200
01/25/2019 23:45,SCH - NPX_CSC,325154,50,330,-330
01/25/2019 23:45,SCH - OH - NY,23317,958.16,1700,-1700
01/25/2019 23:45,SCH - PJ - NY,23316,259.05,2000,-1300
01/25/2019 23:45,SCH - PJM_HTP,325905,0,660,-660
01/25/2019 23:45,SCH - PJM_NEPTUNE,325305,660,660,-660
01/25/2019 23:45,SCH - PJM_VFT,325658,315,315,-315
01/25/2019 23:45,SPR/DUN-SOUTH,23320,2381.71,4600,-9999
01/25/2019 23:45,TOTAL EAST,23314,3810.02,6800,-9999
01/25/2019 23:45,UPNY CONED,23315,1836,5700,-9999
01/25/2019 23:45,WEST CENTRAL,23312,603.34,9999,-9999
01/25/2019 23:50,CENTRAL EAST - VC,23330,2478.4,2750,-9999
01/25/2019 23:50,DYSINGER EAST,23326,1069.19,3150,-9999
01/25/2019 23:50,MOSES SOUTH,23319,1700.09,3150,-1600
01/25/2019 23:50,SCH - HQ - NY,23324,1302,1500,-1000
01/25/2019 23:50,SCH - HQ_CEDARS,325274,180,180,-100
01/25/2019 23:50,SCH - HQ_IMPORT_EXPORT,325376,1132,1310,-9999
01/25/2019 23:50,SCH - NE - NY,23318,-1602.28,1400,-1800
01/25/2019 23:50,SCH - NPX_1385,325277,-120,200,-200
01/25/2019 23:50,SCH - NPX_CSC,325154,50,330,-330
01/25/2019 23:50,SCH - OH - NY,23317,956.66,1700,-1700
01/25/2019 23:50,SCH - PJ - NY,23316,262.54,2000,-1300
01/25/2019 23:50,SCH - PJM_HTP,325905,0,660,-660
01/25/2019 23:50,SCH - PJM_NEPTUNE,325305,660,660,-660
01/25/2019 23:50,SCH - PJM_VFT,325658,315,315,-315
01/25/2019 23:50,SPR/DUN-SOUTH,23320,2378.58,4600,-9999
01/25/2019 23:50,TOTAL EAST,23314,3830.41,6800,-9999
01/25/2019 23:50,UPNY CONED,23315,1817.2,5700,-9999
01/25/2019 23:50,WEST CENTRAL,23312,572.99,9999,-9999
01/25/2019 23:55,CENTRAL EAST - VC,23330,2532.36,2750,-9999
01/25/2019 23:55,DYSINGER EAST,23326,1154.6,3150,-9999
01/25/2019 23:55,MOSES SOUTH,23319,1705.71,3150,-1600
01/25/2019 23:55,SCH - HQ - NY,23324,1302,1500,-1000
01/25/2019 23:55,SCH - HQ_CEDARS,325274,180,180,-100
01/25/2019 23:55,SCH - HQ_IMPORT_EXPORT,325376,1132,1310,-9999
01/25/2019 23:55,SCH - NE - NY,23318,-1602.22,1400,-1800
01/25/2019 23:55,SCH - NPX_1385,325277,-120,200,-200
01/25/2019 23:55,SCH - NPX_CSC,325154,50,330,-330
01/25/2019 23:55,SCH - OH - NY,23317,956.22,1700,-1700
01/25/2019 23:55,SCH - PJ - NY,23316,260.81,2000,-1300
01/25/2019 23:55,SCH - PJM_HTP,325905,0,660,-660
01/25/2019 23:55,SCH - PJM_NEPTUNE,325305,660,660,-660
01/25/2019 23:55,SCH - PJM_VFT,325658,315,315,-315
01/25/2019 23:55,SPR/DUN-SOUTH,23320,2365.86,4600,-9999
01/25/2019 23:55,TOTAL EAST,23314,3878.2,6800,-9999
01/25/2019 23:55,UPNY CONED,23315,1782.59,5700,-9999
01/25/2019 23:55,WEST CENTRAL,23312,658.35,9999,-9999
