Timestamp,Interface Name,Point ID,Flow (MWH),Positive Limit (MWH),Negative Limit (MWH)
01/20/2025 00:00,CENTRAL EAST - VC,23330,2668.23,3215,-9999
01/20/2025 00:00,DYSINGER EAST,23326,1227.86,3200,-9999
01/20/2025 00:00,MOSES SOUTH,23319,1103.58,2650,-1600
01/20/2025 00:00,SCH - HQ - NY,23324,1127,1300,-980
01/20/2025 00:00,SCH - HQ_CEDARS,325274,-50,200,-100
01/20/2025 00:00,SCH - HQ_IMPORT_EXPORT,325376,994,1310,-9999
01/20/2025 00:00,SCH - NE - NY,23318,-733.56,1400,-1800
01/20/2025 00:00,SCH - NPX_1385,325277,14,200,-200
01/20/2025 00:00,SCH - NPX_CSC,325154,0,330,-330
01/20/2025 00:00,SCH - OH - NY,23317,1599.95,2200,-1850
01/20/2025 00:00,SCH - PJ - NY,23316,1403.67,1700,-2400
01/20/2025 00:00,SCH - PJM_HTP,325905,200,660,-660
01/20/2025 00:00,SCH - PJM_NEPTUNE,325305,630,660,-660
01/20/2025 00:00,SCH - PJM_VFT,325658,315,315,-315
01/20/2025 00:00,SPR/DUN-SOUTH,23320,1835.6,4600,-9999
01/20/2025 00:00,TOTAL EAST,23314,4986.41,7550,-9999
01/20/2025 00:00,UPNY CONED,23315,3301.39,6360,-9999
01/20/2025 00:00,WEST CENTRAL,23312,776.35,9999,-9999
01/20/2025 00:05,CENTRAL EAST - VC,23330,2598.9,3215,-9999
01/20/2025 00:05,DYSINGER EAST,23326,1255.84,3200,-9999
01/20/2025 00:05,MOSES SOUTH,23319,902.75,2650,-1600
01/20/2025 00:05,SCH - HQ - NY,23324,976,1300,-980
01/20/2025 00:05,SCH - HQ_CEDARS,325274,-100,200,-100
01/20/2025 00:05,SCH - HQ_IMPORT_EXPORT,325376,976,1310,-9999
01/20/2025 00:05,SCH - NE - NY,23318,-699.74,1400,-1800
01/20/2025 00:05,SCH - NPX_1385,325277,55,200,-200
01/20/2025 00:05,SCH - NPX_CSC,325154,0,330,-330
01/20/2025 00:05,SCH - OH - NY,23317,1599.94,2200,-1850
01/20/2025 00:05,SCH - PJ - NY,23316,1403.64,1700,-2400
01/20/2025 00:05,SCH - PJM_HTP,325905,200,660,-660
01/20/2025 00:05,SCH - PJM_NEPTUNE,325305,600,660,-660
01/20/2025 00:05,SCH - PJM_VFT,325658,315,315,-315
01/20/2025 00:05,SPR/DUN-SOUTH,23320,1793.24,4600,-9999
01/20/2025 00:05,TOTAL EAST,23314,4855.17,7550,-9999
01/20/2025 00:05,UPNY CONED,23315,3235.71,6360,-9999
01/20/2025 00:05,WEST CENTRAL,23312,812.39,9999,-9999
01/20/2025 00:10,CENTRAL EAST - VC,23330,2604.37,3215,-9999
01/20/2025 00:10,DYSINGER EAST,23326,1254.9,3200,-9999
01/20/2025 00:10,MOSES SOUTH,23319,955.01,2650,-1600
01/20/2025 00:10,SCH - HQ - NY,23324,976,1300,-980
01/20/2025 00:10,SCH - HQ_CEDARS,325274,-100,200,-100
01/20/2025 00:10,SCH - HQ_IMPORT_EXPORT,325376,976,1310,-9999
01/20/2025 00:10,SCH - NE - NY,23318,-699.9,1400,-1800
01/20/2025 00:10,SCH - NPX_1385,325277,55,200,-200
01/20/2025 00:10,SCH - NPX_CSC,325154,0,330,-330
01/20/2025 00:10,SCH - OH - NY,23317,1599.97,2200,-1850
01/20/2025 00:10,SCH - PJ - NY,23316,1403.8,1700,-2400
01/20/2025 00:10,SCH - PJM_HTP,325905,200,660,-660
01/20/2025 00:10,SCH - PJM_NEPTUNE,325305,600,660,-660
01/20/2025 00:10,SCH - PJM_VFT,325658,315,315,-315
01/20/2025 00:10,SPR/DUN-SOUTH,23320,1790.37,4600,-9999
01/20/2025 00:10,TOTAL EAST,23314,4839.21,7550,-9999
01/20/2025 00:10,UPNY CONED,23315,3232.51,6360,-9999
01/20/2025 00:10,WEST CENTRAL,23312,809.4,9999,-9999
01/20/2025 00:15,CENTRAL EAST - VC,23330,2663.82,3140,-9999
01/20/2025 00:15,DYSINGER EAST,23326,1310.29,3200,-9999
01/20/2025 00:15,MOSES SOUTH,23319,1027.32,2650,-1600
01/20/2025 00:15,SCH - HQ - NY,23324,976,1300,-980
01/20/2025 00:15,SCH - HQ_CEDARS,325274,-100,200,-100
01/20/2025 00:15,SCH - HQ_IMPORT_EXPORT,325376,976,1310,-9999
01/20/2025 00:15,SCH - NE - NY,23318,-734.6,1400,-1800
01/20/2025 00:15,SCH - NPX_1385,325277,55,200,-200
01/20/2025 00:15,SCH - NPX_CSC,325154,0,330,-330
01/20/2025 00:15,SCH - OH - NY,23317,1599.96,2200,-1850
01/20/2025 00:15,SCH - PJ - NY,23316,1406.32,1700,-2400
01/20/2025 00:15,SCH - PJM_HTP,325905,200,660,-660
01/20/2025 00:15,SCH - PJM_NEPTUNE,325305,600,660,-660
01/20/2025 00:15,SCH - PJM_VFT,325658,315,315,-315
01/20/2025 00:15,SPR/DUN-SOUTH,23320,1784.59,4600,-9999
01/20/2025 00:15,TOTAL EAST,23314,4882.49,7550,-9999
01/20/2025 00:15,UPNY CONED,23315,3204.5,6360,-9999
01/20/2025 00:15,WEST CENTRAL,23312,869.46,9999,-9999
01/20/2025 00:20,CENTRAL EAST - VC,23330,2659.18,3140,-9999
01/20/2025 00:20,DYSINGER EAST,23326,1227.29,3200,-9999
01/20/2025 00:20,MOSES SOUTH,23319,1027.61,2650,-1600
01/20/2025 00:20,SCH - HQ - NY,23324,976,1300,-980
01/20/2025 00:20,SCH - HQ_CEDARS,325274,-100,200,-100
01/20/2025 00:20,SCH - HQ_IMPORT_EXPORT,325376,976,1310,-9999
01/20/2025 00:20,SCH - NE - NY,23318,-767.54,1400,-1800
01/20/2025 00:20,SCH - NPX_1385,325277,55,200,-200
01/20/2025 00:20,SCH - NPX_CSC,325154,0,330,-330
01/20/2025 00:20,SCH - OH - NY,23317,1600.01,2200,-1850
01/20/2025 00:20,SCH - PJ - NY,23316,1405.06,1700,-2400
01/20/2025 00:20,SCH - PJM_HTP,325905,200,660,-660
01/20/2025 00:20,SCH - PJM_NEPTUNE,325305,600,660,-660
01/20/2025 00:20,SCH - PJM_VFT,325658,315,315,-315
01/20/2025 00:20,SPR/DUN-SOUTH,23320,1757.04,4600,-9999
01/20/2025 00:20,TOTAL EAST,23314,4893.61,7550,-9999
01/20/2025 00:20,UPNY CONED,23315,3165.64,6360,-9999
01/20/2025 00:20,WEST CENTRAL,23312,792.61,9999,-9999
01/20/2025 00:25,CENTRAL EAST - VC,23330,2638.4,3140,-9999
01/20/2025 00:25,DYSINGER EAST,23326,1161.48,3200,-9999
01/20/2025 00:25,MOSES SOUTH,23319,1035.54,2650,-1600
01/20/2025 00:25,SCH - HQ - NY,23324,976,1300,-980
01/20/2025 00:25,SCH - HQ_CEDARS,325274,-100,200,-100
01/20/2025 00:25,SCH - HQ_IMPORT_EXPORT,325376,976,1310,-9999
01/20/2025 00:25,SCH - NE - NY,23318,-767.57,1400,-1800
01/20/2025 00:25,SCH - NPX_1385,325277,55,200,-200
01/20/2025 00:25,SCH - NPX_CSC,325154,0,330,-330
01/20/2025 00:25,SCH - OH - NY,23317,1600.04,2200,-1850
01/20/2025 00:25,SCH - PJ - NY,23316,1405.67,1700,-2400
01/20/2025 00:25,SCH - PJM_HTP,325905,200,660,-660
01/20/2025 00:25,SCH - PJM_NEPTUNE,325305,600,660,-660
01/20/2025 00:25,SCH - PJM_VFT,325658,315,315,-315
01/20/2025 00:25,SPR/DUN-SOUTH,23320,1764.79,4600,-9999
01/20/2025 00:25,TOTAL EAST,23314,4889.6,7550,-9999
01/20/2025 00:25,UPNY CONED,23315,3169.64,6360,-9999
01/20/2025 00:25,WEST CENTRAL,23312,720.86,9999,-9999
01/20/2025 00:30,CENTRAL EAST - VC,23330,2628.21,3140,-9999
01/20/2025 00:30,DYSINGER EAST,23326,1129.61,3200,-9999
01/20/2025 00:30,MOSES SOUTH,23319,1058.52,2650,-1600
01/20/2025 00:30,SCH - HQ - NY,23324,976,1300,-980
01/20/2025 00:30,SCH - HQ_CEDARS,325274,-100,200,-100
01/20/2025 00:30,SCH - HQ_IMPORT_EXPORT,325376,976,1310,-9999
01/20/2025 00:30,SCH - NE - NY,23318,-729.85,1400,-1800
01/20/2025 00:30,SCH - NPX_1385,325277,55,200,-200
01/20/2025 00:30,SCH - NPX_CSC,325154,0,330,-330
01/20/2025 00:30,SCH - OH - NY,23317,1600.01,2200,-1850
01/20/2025 00:30,SCH - PJ - NY,23316,1405.14,1700,-2400
01/20/2025 00:30,SCH - PJM_HTP,325905,200,660,-660
01/20/2025 00:30,SCH - PJM_NEPTUNE,325305,593,660,-660
01/20/2025 00:30,SCH - PJM_VFT,325658,315,315,-315
01/20/2025 00:30,SPR/DUN-SOUTH,23320,1779.43,4600,-9999
01/20/2025 00:30,TOTAL EAST,23314,4844.31,7550,-9999
01/20/2025 00:30,UPNY CONED,23315,3180.39,6360,-9999
01/20/2025 00:30,WEST CENTRAL,23312,693.05,9999,-9999
01/20/2025 00:35,CENTRAL EAST - VC,23330,2613.01,3140,-9999
01/20/2025 00:35,DYSINGER EAST,23326,1157.39,3200,-9999
01/20/2025 00:35,MOSES SOUTH,23319,1059.53,2650,-1600
01/20/2025 00:35,SCH - HQ - NY,23324,976,1300,-980
01/20/2025 00:35,SCH - HQ_CEDARS,325274,-100,200,-100
01/20/2025 00:35,SCH - HQ_IMPORT_EXPORT,325376,976,1310,-9999
01/20/2025 00:35,SCH - NE - NY,23318,-692.19,1400,-1800
01/20/2025 00:35,SCH - NPX_1385,325277,55,200,-200
01/20/2025 00:35,SCH - NPX_CSC,325154,0,330,-330
01/20/2025 00:35,SCH - OH - NY,23317,1599.97,2200,-1850
01/20/2025 00:35,SCH - PJ - NY,23316,1406.93,1700,-2400
01/20/2025 00:35,SCH - PJM_HTP,325905,200,660,-660
01/20/2025 00:35,SCH - PJM_NEPTUNE,325305,586,660,-660
01/20/2025 00:35,SCH - PJM_VFT,325658,315,315,-315
01/20/2025 00:35,SPR/DUN-SOUTH,23320,1806.8,4600,-9999
01/20/2025 00:35,TOTAL EAST,23314,4829.49,7550,-9999
01/20/2025 00:35,UPNY CONED,23315,3213.32,6360,-9999
01/20/2025 00:35,WEST CENTRAL,23312,718.11,9999,-9999
01/20/2025 00:40,CENTRAL EAST - VC,23330,2621.75,3140,-9999
01/20/2025 00:40,DYSINGER EAST,23326,1188.25,3200,-9999
01/20/2025 00:40,MOSES SOUTH,23319,1056.44,2650,-1600
01/20/2025 00:40,SCH - HQ - NY,23324,976,1300,-980
01/20/2025 00:40,SCH - HQ_CEDARS,325274,-100,200,-100
01/20/2025 00:40,SCH - HQ_IMPORT_EXPORT,325376,976,1310,-9999
01/20/2025 00:40,SCH - NE - NY,23318,-692.11,1400,-1800
01/20/2025 00:40,SCH - NPX_1385,325277,55,200,-200
01/20/2025 00:40,SCH - NPX_CSC,325154,0,330,-330
01/20/2025 00:40,SCH - OH - NY,23317,1599.98,2200,-1850
01/20/2025 00:40,SCH - PJ - NY,23316,1404.67,1700,-2400
01/20/2025 00:40,SCH - PJM_HTP,325905,200,660,-660
01/20/2025 00:40,SCH - PJM_NEPTUNE,325305,586,660,-660
01/20/2025 00:40,SCH - PJM_VFT,325658,315,315,-315
01/20/2025 00:40,SPR/DUN-SOUTH,23320,1823.62,4600,-9999
01/20/2025 00:40,TOTAL EAST,23314,4838.3,7550,-9999
01/20/2025 00:40,UPNY CONED,23315,3225.18,6360,-9999
01/20/2025 00:40,WEST CENTRAL,23312,742,9999,-9999
01/20/2025 00:45,CENTRAL EAST - VC,23330,2681.53,3140,-9999
01/20/2025 00:45,DYSINGER EAST,23326,1215.48,3200,-9999
01/20/2025 00:45,MOSES SOUTH,23319,1055.64,2650,-1600
01/20/2025 00:45,SCH - HQ - NY,23324,976,1300,-980
01/20/2025 00:45,SCH - HQ_CEDARS,325274,-100,200,-100
01/20/2025 00:45,SCH - HQ_IMPORT_EXPORT,325376,976,1310,-9999
01/20/2025 00:45,SCH - NE - NY,23318,-729.58,1400,-1800
01/20/2025 00:45,SCH - NPX_1385,325277,55,200,-200
01/20/2025 00:45,SCH - NPX_CSC,325154,0,330,-330
01/20/2025 00:45,SCH - OH - NY,23317,1599.96,2200,-1850
01/20/2025 00:45,SCH - PJ - NY,23316,1403.37,1700,-2400
01/20/2025 00:45,SCH - PJM_HTP,325905,200,660,-660
01/20/2025 00:45,SCH - PJM_NEPTUNE,325305,568,660,-660
01/20/2025 00:45,SCH - PJM_VFT,325658,315,315,-315
01/20/2025 00:45,SPR/DUN-SOUTH,23320,1795.14,4600,-9999
01/20/2025 00:45,TOTAL EAST,23314,4824.87,7550,-9999
01/20/2025 00:45,UPNY CONED,23315,3208.42,6360,-9999
01/20/2025 00:45,WEST CENTRAL,23312,768.09,9999,-9999
01/20/2025 00:50,CENTRAL EAST - VC,23330,2606.55,3140,-9999
01/20/2025 00:50,DYSINGER EAST,23326,1151.8,3200,-9999
01/20/2025 00:50,MOSES SOUTH,23319,1053.15,2650,-1600
01/20/2025 00:50,SCH - HQ - NY,23324,976,1300,-980
01/20/2025 00:50,SCH - HQ_CEDARS,325274,-100,200,-100
01/20/2025 00:50,SCH - HQ_IMPORT_EXPORT,325376,976,1310,-9999
01/20/2025 00:50,SCH - NE - NY,23318,-767.35,1400,-1800
01/20/2025 00:50,SCH - NPX_1385,325277,55,200,-200
01/20/2025 00:50,SCH - NPX_CSC,325154,0,330,-330
01/20/2025 00:50,SCH - OH - NY,23317,1600,2200,-1850
01/20/2025 00:50,SCH - PJ - NY,23316,1405.87,1700,-2400
01/20/2025 00:50,SCH - PJM_HTP,325905,200,660,-660
01/20/2025 00:50,SCH - PJM_NEPTUNE,325305,550,660,-660
01/20/2025 00:50,SCH - PJM_VFT,325658,315,315,-315
01/20/2025 00:50,SPR/DUN-SOUTH,23320,1671.49,4600,-9999
01/20/2025 00:50,TOTAL EAST,23314,4773.45,7550,-9999
01/20/2025 00:50,UPNY CONED,23315,3089.71,6360,-9999
01/20/2025 00:50,WEST CENTRAL,23312,709.26,9999,-9999
01/20/2025 00:55,CENTRAL EAST - VC,23330,2533.12,3140,-9999
01/20/2025 00:55,DYSINGER EAST,23326,1152.22,3200,-9999
01/20/2025 00:55,MOSES SOUTH,23319,1044.17,2650,-1600
01/20/2025 00:55,SCH - HQ - NY,23324,976,1300,-980
01/20/2025 00:55,SCH - HQ_CEDARS,325274,-100,200,-100
01/20/2025 00:55,SCH - HQ_IMPORT_EXPORT,325376,976,1310,-9999
01/20/2025 00:55,SCH - NE - NY,23318,-767.37,1400,-1800
01/20/2025 00:55,SCH - NPX_1385,325277,55,200,-200
01/20/2025 00:55,SCH - NPX_CSC,325154,0,330,-330
01/20/2025 00:55,SCH - OH - NY,23317,1600.01,2200,-1850
01/20/2025 00:55,SCH - PJ - NY,23316,1403.85,1700,-2400
01/20/2025 00:55,SCH - PJM_HTP,325905,200,660,-660
01/20/2025 00:55,SCH - PJM_NEPTUNE,325305,550,660,-660
01/20/2025 00:55,SCH - PJM_VFT,325658,315,315,-315
01/20/2025 00:55,SPR/DUN-SOUTH,23320,1621.46,4600,-9999
01/20/2025 00:55,TOTAL EAST,23314,4673.98,7550,-9999
01/20/2025 00:55,UPNY CONED,23315,3010.63,6360,-9999
01/20/2025 00:55,WEST CENTRAL,23312,711.44,9999,-9999
01/20/2025 01:00,CENTRAL EAST - VC,23330,2404.88,3100,-9999
01/20/2025 01:00,DYSINGER EAST,23326,1110.11,3200,-9999
01/20/2025 01:00,MOSES SOUTH,23319,861.16,2650,-1600
01/20/2025 01:00,SCH - HQ - NY,23324,739,1300,-980
01/20/2025 01:00,SCH - HQ_CEDARS,325274,-63,200,-100
01/20/2025 01:00,SCH - HQ_IMPORT_EXPORT,325376,739,1310,-9999
01/20/2025 01:00,SCH - NE - NY,23318,-672.14,1400,-1800
01/20/2025 01:00,SCH - NPX_1385,325277,79,200,-200
01/20/2025 01:00,SCH - NPX_CSC,325154,0,330,-330
01/20/2025 01:00,SCH - OH - NY,23317,1554.98,2200,-1850
01/20/2025 01:00,SCH - PJ - NY,23316,1407.77,1700,-2400
01/20/2025 01:00,SCH - PJM_HTP,325905,200,660,-660
01/20/2025 01:00,SCH - PJM_NEPTUNE,325305,550,660,-660
01/20/2025 01:00,SCH - PJM_VFT,325658,315,315,-315
01/20/2025 01:00,SPR/DUN-SOUTH,23320,1572.74,4600,-9999
01/20/2025 01:00,TOTAL EAST,23314,4533.79,7550,-9999
01/20/2025 01:00,UPNY CONED,23315,2940.5,6360,-9999
01/20/2025 01:00,WEST CENTRAL,23312,675.53,9999,-9999
01/20/2025 01:05,CENTRAL EAST - VC,23330,2318.23,3100,-9999
01/20/2025 01:05,DYSINGER EAST,23326,1036.27,3200,-9999
01/20/2025 01:05,MOSES SOUTH,23319,699.67,2650,-1600
01/20/2025 01:05,SCH - HQ - NY,23324,503,1300,-980
01/20/2025 01:05,SCH - HQ_CEDARS,325274,-25,200,-100
01/20/2025 01:05,SCH - HQ_IMPORT_EXPORT,325376,503,1310,-9999
01/20/2025 01:05,SCH - NE - NY,23318,-576.58,1400,-1800
01/20/2025 01:05,SCH - NPX_1385,325277,103,200,-200
01/20/2025 01:05,SCH - NPX_CSC,325154,0,330,-330
01/20/2025 01:05,SCH - OH - NY,23317,1509.99,2200,-1850
01/20/2025 01:05,SCH - PJ - NY,23316,1407.48,1700,-2400
01/20/2025 01:05,SCH - PJM_HTP,325905,200,660,-660
01/20/2025 01:05,SCH - PJM_NEPTUNE,325305,550,660,-660
01/20/2025 01:05,SCH - PJM_VFT,325658,315,315,-315
01/20/2025 01:05,SPR/DUN-SOUTH,23320,1576.74,4600,-9999
01/20/2025 01:05,TOTAL EAST,23314,4367.62,7550,-9999
01/20/2025 01:05,UPNY CONED,23315,2889.06,6360,-9999
01/20/2025 01:05,WEST CENTRAL,23312,603.34,9999,-9999
01/20/2025 01:10,CENTRAL EAST - VC,23330,2289.24,3100,-9999
01/20/2025 01:10,DYSINGER EAST,23326,1026,3200,-9999
01/20/2025 01:10,MOSES SOUTH,23319,724.22,2650,-1600
01/20/2025 01:10,SCH - HQ - NY,23324,503,1300,-980
01/20/2025 01:10,SCH - HQ_CEDARS,325274,-25,200,-100
01/20/2025 01:10,SCH - HQ_IMPORT_EXPORT,325376,503,1310,-9999
01/20/2025 01:10,SCH - NE - NY,23318,-576.57,1400,-1800
01/20/2025 01:10,SCH - NPX_1385,325277,103,200,-200
01/20/2025 01:10,SCH - NPX_CSC,325154,0,330,-330
01/20/2025 01:10,SCH - OH - NY,23317,1510.01,2200,-1850
01/20/2025 01:10,SCH - PJ - NY,23316,1407.37,1700,-2400
01/20/2025 01:10,SCH - PJM_HTP,325905,200,660,-660
01/20/2025 01:10,SCH - PJM_NEPTUNE,325305,550,660,-660
01/20/2025 01:10,SCH - PJM_VFT,325658,315,315,-315
01/20/2025 01:10,SPR/DUN-SOUTH,23320,1553.8,4600,-9999
01/20/2025 01:10,TOTAL EAST,23314,4342.65,7550,-9999
01/20/2025 01:10,UPNY CONED,23315,2876.58,6360,-9999
01/20/2025 01:10,WEST CENTRAL,23312,597.25,9999,-9999
01/20/2025 01:15,CENTRAL EAST - VC,23330,2259.46,3100,-9999
01/20/2025 01:15,DYSINGER EAST,23326,1164.32,3200,-9999
01/20/2025 01:15,MOSES SOUTH,23319,698.9,2650,-1600
01/20/2025 01:15,SCH - HQ - NY,23324,503,1300,-980
01/20/2025 01:15,SCH - HQ_CEDARS,325274,-25,200,-100
01/20/2025 01:15,SCH - HQ_IMPORT_EXPORT,325376,503,1310,-9999
01/20/2025 01:15,SCH - NE - NY,23318,-577.91,1400,-1800
01/20/2025 01:15,SCH - NPX_1385,325277,103,200,-200
01/20/2025 01:15,SCH - NPX_CSC,325154,0,330,-330
01/20/2025 01:15,SCH - OH - NY,23317,1510.01,2200,-1850
01/20/2025 01:15,SCH - PJ - NY,23316,1407.62,1700,-2400
01/20/2025 01:15,SCH - PJM_HTP,325905,200,660,-660
01/20/2025 01:15,SCH - PJM_NEPTUNE,325305,550,660,-660
01/20/2025 01:15,SCH - PJM_VFT,325658,315,315,-315
01/20/2025 01:15,SPR/DUN-SOUTH,23320,1544.56,4600,-9999
01/20/2025 01:15,TOTAL EAST,23314,4318.09,7550,-9999
01/20/2025 01:15,UPNY CONED,23315,2848.51,6360,-9999
01/20/2025 01:15,WEST CENTRAL,23312,732.02,9999,-9999
01/20/2025 01:20,CENTRAL EAST - VC,23330,2264.2,3060,-9999
01/20/2025 01:20,DYSINGER EAST,23326,1146.12,3200,-9999
01/20/2025 01:20,MOSES SOUTH,23319,675.02,2650,-1600
01/20/2025 01:20,SCH - HQ - NY,23324,503,1300,-980
01/20/2025 01:20,SCH - HQ_CEDARS,325274,-25,200,-100
01/20/2025 01:20,SCH - HQ_IMPORT_EXPORT,325376,503,1310,-9999
01/20/2025 01:20,SCH - NE - NY,23318,-577.91,1400,-1800
01/20/2025 01:20,SCH - NPX_1385,325277,103,200,-200
01/20/2025 01:20,SCH - NPX_CSC,325154,0,330,-330
01/20/2025 01:20,SCH - OH - NY,23317,1510.02,2200,-1850
01/20/2025 01:20,SCH - PJ - NY,23316,1408.95,1700,-2400
01/20/2025 01:20,SCH - PJM_HTP,325905,200,660,-660
01/20/2025 01:20,SCH - PJM_NEPTUNE,325305,550,660,-660
01/20/2025 01:20,SCH - PJM_VFT,325658,315,315,-315
01/20/2025 01:20,SPR/DUN-SOUTH,23320,1555.57,4600,-9999
01/20/2025 01:20,TOTAL EAST,23314,4297.39,7550,-9999
01/20/2025 01:20,UPNY CONED,23315,2856.47,6360,-9999
01/20/2025 01:20,WEST CENTRAL,23312,711.77,9999,-9999
01/20/2025 01:25,CENTRAL EAST - VC,23330,2246.43,3060,-9999
01/20/2025 01:25,DYSINGER EAST,23326,1140.01,3200,-9999
01/20/2025 01:25,MOSES SOUTH,23319,667.23,2650,-1600
01/20/2025 01:25,SCH - HQ - NY,23324,503,1300,-980
01/20/2025 01:25,SCH - HQ_CEDARS,325274,-25,200,-100
01/20/2025 01:25,SCH - HQ_IMPORT_EXPORT,325376,503,1310,-9999
01/20/2025 01:25,SCH - NE - NY,23318,-577.97,1400,-1800
01/20/2025 01:25,SCH - NPX_1385,325277,103,200,-200
01/20/2025 01:25,SCH - NPX_CSC,325154,0,330,-330
01/20/2025 01:25,SCH - OH - NY,23317,1510.03,2200,-1850
01/20/2025 01:25,SCH - PJ - NY,23316,1408,1700,-2400
01/20/2025 01:25,SCH - PJM_HTP,325905,200,660,-660
01/20/2025 01:25,SCH - PJM_NEPTUNE,325305,550,660,-660
01/20/2025 01:25,SCH - PJM_VFT,325658,315,315,-315
01/20/2025 01:25,SPR/DUN-SOUTH,23320,1541.44,4600,-9999
01/20/2025 01:25,TOTAL EAST,23314,4276.35,7550,-9999
01/20/2025 01:25,UPNY CONED,23315,2825.39,6360,-9999
01/20/2025 01:25,WEST CENTRAL,23312,705.71,9999,-9999
01/20/2025 01:30,CENTRAL EAST - VC,23330,2232.54,2985,-9999
01/20/2025 01:30,DYSINGER EAST,23326,1154.12,3200,-9999
01/20/2025 01:30,MOSES SOUTH,23319,667.03,2650,-1600
01/20/2025 01:30,SCH - HQ - NY,23324,503,1300,-980
01/20/2025 01:30,SCH - HQ_CEDARS,325274,-25,200,-100
01/20/2025 01:30,SCH - HQ_IMPORT_EXPORT,325376,503,1310,-9999
01/20/2025 01:30,SCH - NE - NY,23318,-540.02,1400,-1800
01/20/2025 01:30,SCH - NPX_1385,325277,103,200,-200
01/20/2025 01:30,SCH - NPX_CSC,325154,0,330,-330
01/20/2025 01:30,SCH - OH - NY,23317,1510,2200,-1850
01/20/2025 01:30,SCH - PJ - NY,23316,1407.24,1700,-2400
01/20/2025 01:30,SCH - PJM_HTP,325905,200,660,-660
01/20/2025 01:30,SCH - PJM_NEPTUNE,325305,550,660,-660
01/20/2025 01:30,SCH - PJM_VFT,325658,315,315,-315
01/20/2025 01:30,SPR/DUN-SOUTH,23320,1535.67,4600,-9999
01/20/2025 01:30,TOTAL EAST,23314,4215.77,7550,-9999
01/20/2025 01:30,UPNY CONED,23315,2821.89,6360,-9999
01/20/2025 01:30,WEST CENTRAL,23312,721.79,9999,-9999
01/20/2025 01:35,CENTRAL EAST - VC,23330,2171.37,2985,-9999
01/20/2025 01:35,DYSINGER EAST,23326,1126.62,3200,-9999
01/20/2025 01:35,MOSES SOUTH,23319,656.61,2650,-1600
01/20/2025 01:35,SCH - HQ - NY,23324,503,1300,-980
01/20/2025 01:35,SCH - HQ_CEDARS,325274,-25,200,-100
01/20/2025 01:35,SCH - HQ_IMPORT_EXPORT,325376,503,1310,-9999
01/20/2025 01:35,SCH - NE - NY,23318,-503.17,1400,-1800
01/20/2025 01:35,SCH - NPX_1385,325277,103,200,-200
01/20/2025 01:35,SCH - NPX_CSC,325154,0,330,-330
01/20/2025 01:35,SCH - OH - NY,23317,1509.99,2200,-1850
01/20/2025 01:35,SCH - PJ - NY,23316,1406.45,1700,-2400
01/20/2025 01:35,SCH - PJM_HTP,325905,200,660,-660
01/20/2025 01:35,SCH - PJM_NEPTUNE,325305,550,660,-660
01/20/2025 01:35,SCH - PJM_VFT,325658,315,315,-315
01/20/2025 01:35,SPR/DUN-SOUTH,23320,1519.22,4600,-9999
01/20/2025 01:35,TOTAL EAST,23314,4161.41,7550,-9999
01/20/2025 01:35,UPNY CONED,23315,2801.87,6360,-9999
01/20/2025 01:35,WEST CENTRAL,23312,697.85,9999,-9999
01/20/2025 01:40,CENTRAL EAST - VC,23330,2133.23,2985,-9999
01/20/2025 01:40,DYSINGER EAST,23326,1101.4,3200,-9999
01/20/2025 01:40,MOSES SOUTH,23319,629.8,2650,-1600
01/20/2025 01:40,SCH - HQ - NY,23324,503,1300,-980
01/20/2025 01:40,SCH - HQ_CEDARS,325274,-25,200,-100
01/20/2025 01:40,SCH - HQ_IMPORT_EXPORT,325376,503,1310,-9999
01/20/2025 01:40,SCH - NE - NY,23318,-503.14,1400,-1800
01/20/2025 01:40,SCH - NPX_1385,325277,103,200,-200
01/20/2025 01:40,SCH - NPX_CSC,325154,0,330,-330
01/20/2025 01:40,SCH - OH - NY,23317,1510.03,2200,-1850
01/20/2025 01:40,SCH - PJ - NY,23316,1408.96,1700,-2400
01/20/2025 01:40,SCH - PJM_HTP,325905,200,660,-660
01/20/2025 01:40,SCH - PJM_NEPTUNE,325305,550,660,-660
01/20/2025 01:40,SCH - PJM_VFT,325658,315,315,-315
01/20/2025 01:40,SPR/DUN-SOUTH,23320,1511.67,4600,-9999
01/20/2025 01:40,TOTAL EAST,23314,4128.12,7550,-9999
01/20/2025 01:40,UPNY CONED,23315,2778.14,6360,-9999
01/20/2025 01:40,WEST CENTRAL,23312,677.25,9999,-9999
01/20/2025 01:45,CENTRAL EAST - VC,23330,2108.25,2985,-9999
01/20/2025 01:45,DYSINGER EAST,23326,1148.7,3200,-9999
01/20/2025 01:45,MOSES SOUTH,23319,641.41,2650,-1600
01/20/2025 01:45,SCH - HQ - NY,23324,503,1300,-980
01/20/2025 01:45,SCH - HQ_CEDARS,325274,-25,200,-100
01/20/2025 01:45,SCH - HQ_IMPORT_EXPORT,325376,503,1310,-9999
01/20/2025 01:45,SCH - NE - NY,23318,-539.94,1400,-1800
01/20/2025 01:45,SCH - NPX_1385,325277,103,200,-200
01/20/2025 01:45,SCH - NPX_CSC,325154,0,330,-330
01/20/2025 01:45,SCH - OH - NY,23317,1510.06,2200,-1850
01/20/2025 01:45,SCH - PJ - NY,23316,1406.65,1700,-2400
01/20/2025 01:45,SCH - PJM_HTP,325905,200,660,-660
01/20/2025 01:45,SCH - PJM_NEPTUNE,325305,550,660,-660
01/20/2025 01:45,SCH - PJM_VFT,325658,315,315,-315
01/20/2025 01:45,SPR/DUN-SOUTH,23320,1473.1,4600,-9999
01/20/2025 01:45,TOTAL EAST,23314,4140.43,7550,-9999
01/20/2025 01:45,UPNY CONED,23315,2732.94,6360,-9999
01/20/2025 01:45,WEST CENTRAL,23312,725.65,9999,-9999
01/20/2025 01:50,CENTRAL EAST - VC,23330,2136.01,2985,-9999
01/20/2025 01:50,DYSINGER EAST,23326,1116.5,3200,-9999
01/20/2025 01:50,MOSES SOUTH,23319,625.95,2650,-1600
01/20/2025 01:50,SCH - HQ - NY,23324,503,1300,-980
01/20/2025 01:50,SCH - HQ_CEDARS,325274,-25,200,-100
01/20/2025 01:50,SCH - HQ_IMPORT_EXPORT,325376,503,1310,-9999
01/20/2025 01:50,SCH - NE - NY,23318,-577.98,1400,-1800
01/20/2025 01:50,SCH - NPX_1385,325277,103,200,-200
01/20/2025 01:50,SCH - NPX_CSC,325154,0,330,-330
01/20/2025 01:50,SCH - OH - NY,23317,1510.07,2200,-1850
01/20/2025 01:50,SCH - PJ - NY,23316,1409.31,1700,-2400
01/20/2025 01:50,SCH - PJM_HTP,325905,200,660,-660
01/20/2025 01:50,SCH - PJM_NEPTUNE,325305,550,660,-660
01/20/2025 01:50,SCH - PJM_VFT,325658,315,315,-315
01/20/2025 01:50,SPR/DUN-SOUTH,23320,1471.92,4600,-9999
01/20/2025 01:50,TOTAL EAST,23314,4174.46,7550,-9999
01/20/2025 01:50,UPNY CONED,23315,2732.7,6360,-9999
01/20/2025 01:50,WEST CENTRAL,23312,695.88,9999,-9999
01/20/2025 01:55,CENTRAL EAST - VC,23330,2154.73,2985,-9999
01/20/2025 01:55,DYSINGER EAST,23326,1113.74,3200,-9999
01/20/2025 01:55,MOSES SOUTH,23319,638.77,2650,-1600
01/20/2025 01:55,SCH - HQ - NY,23324,503,1300,-980
01/20/2025 01:55,SCH - HQ_CEDARS,325274,-25,200,-100
01/20/2025 01:55,SCH - HQ_IMPORT_EXPORT,325376,503,1310,-9999
01/20/2025 01:55,SCH - NE - NY,23318,-578.03,1400,-1800
01/20/2025 01:55,SCH - NPX_1385,325277,103,200,-200
01/20/2025 01:55,SCH - NPX_CSC,325154,0,330,-330
01/20/2025 01:55,SCH - OH - NY,23317,1510.08,2200,-1850
01/20/2025 01:55,SCH - PJ - NY,23316,1408.55,1700,-2400
01/20/2025 01:55,SCH - PJM_HTP,325905,200,660,-660
01/20/2025 01:55,SCH - PJM_NEPTUNE,325305,550,660,-660
01/20/2025 01:55,SCH - PJM_VFT,325658,315,315,-315
01/20/2025 01:55,SPR/DUN-SOUTH,23320,1482.34,4600,-9999
01/20/2025 01:55,TOTAL EAST,23314,4181.1,7550,-9999
01/20/2025 01:55,UPNY CONED,23315,2742.87,6360,-9999
01/20/2025 01:55,WEST CENTRAL,23312,696.3,9999,-9999
01/20/2025 02:00,CENTRAL EAST - VC,23330,2315.5,2985,-9999
01/20/2025 02:00,DYSINGER EAST,23326,1262.27,3200,-9999
01/20/2025 02:00,MOSES SOUTH,23319,647.75,2650,-1600
01/20/2025 02:00,SCH - HQ - NY,23324,489,1300,-980
01/20/2025 02:00,SCH - HQ_CEDARS,325274,-25,200,-100
01/20/2025 02:00,SCH - HQ_IMPORT_EXPORT,325376,489,1310,-9999
01/20/2025 02:00,SCH - NE - NY,23318,-557.13,1400,-1800
01/20/2025 02:00,SCH - NPX_1385,325277,54,200,-200
01/20/2025 02:00,SCH - NPX_CSC,325154,0,330,-330
01/20/2025 02:00,SCH - OH - NY,23317,1555.01,2200,-1850
01/20/2025 02:00,SCH - PJ - NY,23316,1409.09,1700,-2400
01/20/2025 02:00,SCH - PJM_HTP,325905,200,660,-660
01/20/2025 02:00,SCH - PJM_NEPTUNE,325305,550,660,-660
01/20/2025 02:00,SCH - PJM_VFT,325658,315,315,-315
01/20/2025 02:00,SPR/DUN-SOUTH,23320,1423.32,4600,-9999
01/20/2025 02:00,TOTAL EAST,23314,4450.61,7550,-9999
01/20/2025 02:00,UPNY CONED,23315,2741.51,6360,-9999
01/20/2025 02:00,WEST CENTRAL,23312,839.58,9999,-9999
01/20/2025 02:05,CENTRAL EAST - VC,23330,2350.84,2985,-9999
01/20/2025 02:05,DYSINGER EAST,23326,1228.62,3200,-9999
01/20/2025 02:05,MOSES SOUTH,23319,618.29,2650,-1600
01/20/2025 02:05,SCH - HQ - NY,23324,476,1300,-980
01/20/2025 02:05,SCH - HQ_CEDARS,325274,-25,200,-100
01/20/2025 02:05,SCH - HQ_IMPORT_EXPORT,325376,476,1310,-9999
01/20/2025 02:05,SCH - NE - NY,23318,-536.15,1400,-1800
01/20/2025 02:05,SCH - NPX_1385,325277,6,200,-200
01/20/2025 02:05,SCH - NPX_CSC,325154,0,330,-330
01/20/2025 02:05,SCH - OH - NY,23317,1600.01,2200,-1850
01/20/2025 02:05,SCH - PJ - NY,23316,1407.01,1700,-2400
01/20/2025 02:05,SCH - PJM_HTP,325905,200,660,-660
01/20/2025 02:05,SCH - PJM_NEPTUNE,325305,550,660,-660
01/20/2025 02:05,SCH - PJM_VFT,325658,315,315,-315
01/20/2025 02:05,SPR/DUN-SOUTH,23320,1472,4600,-9999
01/20/2025 02:05,TOTAL EAST,23314,4518.56,7550,-9999
01/20/2025 02:05,UPNY CONED,23315,2823.49,6360,-9999
01/20/2025 02:05,WEST CENTRAL,23312,803.91,9999,-9999
01/20/2025 02:10,CENTRAL EAST - VC,23330,2321.84,2985,-9999
01/20/2025 02:10,DYSINGER EAST,23326,1171.3,3200,-9999
01/20/2025 02:10,MOSES SOUTH,23319,619.22,2650,-1600
01/20/2025 02:10,SCH - HQ - NY,23324,476,1300,-980
01/20/2025 02:10,SCH - HQ_CEDARS,325274,-25,200,-100
01/20/2025 02:10,SCH - HQ_IMPORT_EXPORT,325376,476,1310,-9999
01/20/2025 02:10,SCH - NE - NY,23318,-536.25,1400,-1800
01/20/2025 02:10,SCH - NPX_1385,325277,6,200,-200
01/20/2025 02:10,SCH - NPX_CSC,325154,0,330,-330
01/20/2025 02:10,SCH - OH - NY,23317,1600.05,2200,-1850
01/20/2025 02:10,SCH - PJ - NY,23316,1407.78,1700,-2400
01/20/2025 02:10,SCH - PJM_HTP,325905,200,660,-660
01/20/2025 02:10,SCH - PJM_NEPTUNE,325305,550,660,-660
01/20/2025 02:10,SCH - PJM_VFT,325658,315,315,-315
01/20/2025 02:10,SPR/DUN-SOUTH,23320,1456.59,4600,-9999
01/20/2025 02:10,TOTAL EAST,23314,4504.63,7550,-9999
01/20/2025 02:10,UPNY CONED,23315,2800.95,6360,-9999
01/20/2025 02:10,WEST CENTRAL,23312,750.94,9999,-9999
01/20/2025 02:15,CENTRAL EAST - VC,23330,2302.9,2985,-9999
01/20/2025 02:15,DYSINGER EAST,23326,1141.41,3200,-9999
01/20/2025 02:15,MOSES SOUTH,23319,589.47,2650,-1600
01/20/2025 02:15,SCH - HQ - NY,23324,476,1300,-980
01/20/2025 02:15,SCH - HQ_CEDARS,325274,-25,200,-100
01/20/2025 02:15,SCH - HQ_IMPORT_EXPORT,325376,476,1310,-9999
01/20/2025 02:15,SCH - NE - NY,23318,-557.56,1400,-1800
01/20/2025 02:15,SCH - NPX_1385,325277,6,200,-200
01/20/2025 02:15,SCH - NPX_CSC,325154,0,330,-330
01/20/2025 02:15,SCH - OH - NY,23317,1600.1,2200,-1850
01/20/2025 02:15,SCH - PJ - NY,23316,1409.11,1700,-2400
01/20/2025 02:15,SCH - PJM_HTP,325905,200,660,-660
01/20/2025 02:15,SCH - PJM_NEPTUNE,325305,550,660,-660
01/20/2025 02:15,SCH - PJM_VFT,325658,315,315,-315
01/20/2025 02:15,SPR/DUN-SOUTH,23320,1445.23,4600,-9999
01/20/2025 02:15,TOTAL EAST,23314,4514.78,7550,-9999
01/20/2025 02:15,UPNY CONED,23315,2789.79,6360,-9999
01/20/2025 02:15,WEST CENTRAL,23312,722.72,9999,-9999
01/20/2025 02:20,CENTRAL EAST - VC,23330,2306.9,2985,-9999
01/20/2025 02:20,DYSINGER EAST,23326,1143.49,3200,-9999
01/20/2025 02:20,MOSES SOUTH,23319,608.39,2650,-1600
01/20/2025 02:20,SCH - HQ - NY,23324,476,1300,-980
01/20/2025 02:20,SCH - HQ_CEDARS,325274,-25,200,-100
01/20/2025 02:20,SCH - HQ_IMPORT_EXPORT,325376,476,1310,-9999
01/20/2025 02:20,SCH - NE - NY,23318,-578.57,1400,-1800
01/20/2025 02:20,SCH - NPX_1385,325277,6,200,-200
01/20/2025 02:20,SCH - NPX_CSC,325154,0,330,-330
01/20/2025 02:20,SCH - OH - NY,23317,1600.11,2200,-1850
01/20/2025 02:20,SCH - PJ - NY,23316,1409.6,1700,-2400
01/20/2025 02:20,SCH - PJM_HTP,325905,200,660,-660
01/20/2025 02:20,SCH - PJM_NEPTUNE,325305,550,660,-660
01/20/2025 02:20,SCH - PJM_VFT,325658,315,315,-315
01/20/2025 02:20,SPR/DUN-SOUTH,23320,1405.19,4600,-9999
01/20/2025 02:20,TOTAL EAST,23314,4485.42,7550,-9999
01/20/2025 02:20,UPNY CONED,23315,2745.54,6360,-9999
01/20/2025 02:20,WEST CENTRAL,23312,721.4,9999,-9999
01/20/2025 02:25,CENTRAL EAST - VC,23330,2311.03,2985,-9999
01/20/2025 02:25,DYSINGER EAST,23326,1158.37,3200,-9999
01/20/2025 02:25,MOSES SOUTH,23319,618.27,2650,-1600
01/20/2025 02:25,SCH - HQ - NY,23324,476,1300,-980
01/20/2025 02:25,SCH - HQ_CEDARS,325274,-25,200,-100
01/20/2025 02:25,SCH - HQ_IMPORT_EXPORT,325376,476,1310,-9999
01/20/2025 02:25,SCH - NE - NY,23318,-578.61,1400,-1800
01/20/2025 02:25,SCH - NPX_1385,325277,6,200,-200
01/20/2025 02:25,SCH - NPX_CSC,325154,0,330,-330
01/20/2025 02:25,SCH - OH - NY,23317,1600.09,2200,-1850
01/20/2025 02:25,SCH - PJ - NY,23316,1408.13,1700,-2400
01/20/2025 02:25,SCH - PJM_HTP,325905,200,660,-660
01/20/2025 02:25,SCH - PJM_NEPTUNE,325305,550,660,-660
01/20/2025 02:25,SCH - PJM_VFT,325658,315,315,-315
01/20/2025 02:25,SPR/DUN-SOUTH,23320,1417.89,4600,-9999
01/20/2025 02:25,TOTAL EAST,23314,4512.52,7550,-9999
01/20/2025 02:25,UPNY CONED,23315,2757.53,6360,-9999
01/20/2025 02:25,WEST CENTRAL,23312,737.12,9999,-9999
01/20/2025 02:30,CENTRAL EAST - VC,23330,2241.6,2985,-9999
01/20/2025 02:30,DYSINGER EAST,23326,1165.97,3200,-9999
01/20/2025 02:30,MOSES SOUTH,23319,637,2650,-1600
01/20/2025 02:30,SCH - HQ - NY,23324,476,1300,-980
01/20/2025 02:30,SCH - HQ_CEDARS,325274,-25,200,-100
01/20/2025 02:30,SCH - HQ_IMPORT_EXPORT,325376,476,1310,-9999
01/20/2025 02:30,SCH - NE - NY,23318,-437.75,1400,-1800
01/20/2025 02:30,SCH - NPX_1385,325277,6,200,-200
01/20/2025 02:30,SCH - NPX_CSC,325154,0,330,-330
01/20/2025 02:30,SCH - OH - NY,23317,1600.07,2200,-1850
01/20/2025 02:30,SCH - PJ - NY,23316,1410.77,1700,-2400
01/20/2025 02:30,SCH - PJM_HTP,325905,200,660,-660
01/20/2025 02:30,SCH - PJM_NEPTUNE,325305,550,660,-660
01/20/2025 02:30,SCH - PJM_VFT,325658,315,315,-315
01/20/2025 02:30,SPR/DUN-SOUTH,23320,1442.78,4600,-9999
01/20/2025 02:30,TOTAL EAST,23314,4377.43,7550,-9999
01/20/2025 02:30,UPNY CONED,23315,2782.82,6360,-9999
01/20/2025 02:30,WEST CENTRAL,23312,746.39,9999,-9999
01/20/2025 02:35,CENTRAL EAST - VC,23330,2151.8,2985,-9999
01/20/2025 02:35,DYSINGER EAST,23326,1067.36,3200,-9999
01/20/2025 02:35,MOSES SOUTH,23319,641.74,2650,-1600
01/20/2025 02:35,SCH - HQ - NY,23324,476,1300,-980
01/20/2025 02:35,SCH - HQ_CEDARS,325274,-25,200,-100
01/20/2025 02:35,SCH - HQ_IMPORT_EXPORT,325376,476,1310,-9999
01/20/2025 02:35,SCH - NE - NY,23318,-296.63,1400,-1800
01/20/2025 02:35,SCH - NPX_1385,325277,6,200,-200
01/20/2025 02:35,SCH - NPX_CSC,325154,0,330,-330
01/20/2025 02:35,SCH - OH - NY,23317,1600.19,2200,-1850
01/20/2025 02:35,SCH - PJ - NY,23316,1411.68,1700,-2400
01/20/2025 02:35,SCH - PJM_HTP,325905,200,660,-660
01/20/2025 02:35,SCH - PJM_NEPTUNE,325305,550,660,-660
01/20/2025 02:35,SCH - PJM_VFT,325658,315,315,-315
01/20/2025 02:35,SPR/DUN-SOUTH,23320,1459.79,4600,-9999
01/20/2025 02:35,TOTAL EAST,23314,4236.59,7550,-9999
01/20/2025 02:35,UPNY CONED,23315,2798.22,6360,-9999
01/20/2025 02:35,WEST CENTRAL,23312,650.15,9999,-9999
01/20/2025 02:40,CENTRAL EAST - VC,23330,2146.14,2985,-9999
01/20/2025 02:40,DYSINGER EAST,23326,1183.03,3200,-9999
01/20/2025 02:40,MOSES SOUTH,23319,651.8,2650,-1600
01/20/2025 02:40,SCH - HQ - NY,23324,476,1300,-980
01/20/2025 02:40,SCH - HQ_CEDARS,325274,-25,200,-100
01/20/2025 02:40,SCH - HQ_IMPORT_EXPORT,325376,476,1310,-9999
01/20/2025 02:40,SCH - NE - NY,23318,-296.54,1400,-1800
01/20/2025 02:40,SCH - NPX_1385,325277,6,200,-200
01/20/2025 02:40,SCH - NPX_CSC,325154,0,330,-330
01/20/2025 02:40,SCH - OH - NY,23317,1600.08,2200,-1850
01/20/2025 02:40,SCH - PJ - NY,23316,1409.38,1700,-2400
01/20/2025 02:40,SCH - PJM_HTP,325905,200,660,-660
01/20/2025 02:40,SCH - PJM_NEPTUNE,325305,550,660,-660
01/20/2025 02:40,SCH - PJM_VFT,325658,315,315,-315
01/20/2025 02:40,SPR/DUN-SOUTH,23320,1439.14,4600,-9999
01/20/2025 02:40,TOTAL EAST,23314,4213.62,7550,-9999
01/20/2025 02:40,UPNY CONED,23315,2773.67,6360,-9999
01/20/2025 02:40,WEST CENTRAL,23312,766.5,9999,-9999
01/20/2025 02:45,CENTRAL EAST - VC,23330,2130.75,2985,-9999
01/20/2025 02:45,DYSINGER EAST,23326,1232.76,3200,-9999
01/20/2025 02:45,MOSES SOUTH,23319,677.45,2650,-1600
01/20/2025 02:45,SCH - HQ - NY,23324,464,1300,-980
01/20/2025 02:45,SCH - HQ_CEDARS,325274,-25,200,-100
01/20/2025 02:45,SCH - HQ_IMPORT_EXPORT,325376,464,1310,-9999
01/20/2025 02:45,SCH - NE - NY,23318,-317.6,1400,-1800
01/20/2025 02:45,SCH - NPX_1385,325277,6,200,-200
01/20/2025 02:45,SCH - NPX_CSC,325154,0,330,-330
01/20/2025 02:45,SCH - OH - NY,23317,1600.04,2200,-1850
01/20/2025 02:45,SCH - PJ - NY,23316,1405.95,1700,-2400
01/20/2025 02:45,SCH - PJM_HTP,325905,200,660,-660
01/20/2025 02:45,SCH - PJM_NEPTUNE,325305,550,660,-660
01/20/2025 02:45,SCH - PJM_VFT,325658,315,315,-315
01/20/2025 02:45,SPR/DUN-SOUTH,23320,1415.46,4600,-9999
01/20/2025 02:45,TOTAL EAST,23314,4228.31,7550,-9999
01/20/2025 02:45,UPNY CONED,23315,2741.72,6360,-9999
01/20/2025 02:45,WEST CENTRAL,23312,815.58,9999,-9999
01/20/2025 02:50,CENTRAL EAST - VC,23330,2140.73,2985,-9999
01/20/2025 02:50,DYSINGER EAST,23326,1207.13,3200,-9999
01/20/2025 02:50,MOSES SOUTH,23319,667.52,2650,-1600
01/20/2025 02:50,SCH - HQ - NY,23324,464,1300,-980
01/20/2025 02:50,SCH - HQ_CEDARS,325274,-25,200,-100
01/20/2025 02:50,SCH - HQ_IMPORT_EXPORT,325376,464,1310,-9999
01/20/2025 02:50,SCH - NE - NY,23318,-338.64,1400,-1800
01/20/2025 02:50,SCH - NPX_1385,325277,6,200,-200
01/20/2025 02:50,SCH - NPX_CSC,325154,0,330,-330
01/20/2025 02:50,SCH - OH - NY,23317,1600.08,2200,-1850
01/20/2025 02:50,SCH - PJ - NY,23316,1410.23,1700,-2400
01/20/2025 02:50,SCH - PJM_HTP,325905,200,660,-660
01/20/2025 02:50,SCH - PJM_NEPTUNE,325305,550,660,-660
01/20/2025 02:50,SCH - PJM_VFT,325658,315,315,-315
01/20/2025 02:50,SPR/DUN-SOUTH,23320,1423.89,4600,-9999
01/20/2025 02:50,TOTAL EAST,23314,4258.08,7550,-9999
01/20/2025 02:50,UPNY CONED,23315,2747.39,6360,-9999
01/20/2025 02:50,WEST CENTRAL,23312,790.3,9999,-9999
01/20/2025 02:55,CENTRAL EAST - VC,23330,2196.83,2985,-9999
01/20/2025 02:55,DYSINGER EAST,23326,1257.59,3200,-9999
01/20/2025 02:55,MOSES SOUTH,23319,695.89,2650,-1600
01/20/2025 02:55,SCH - HQ - NY,23324,464,1300,-980
01/20/2025 02:55,SCH - HQ_CEDARS,325274,-25,200,-100
01/20/2025 02:55,SCH - HQ_IMPORT_EXPORT,325376,464,1310,-9999
01/20/2025 02:55,SCH - NE - NY,23318,-338.69,1400,-1800
01/20/2025 02:55,SCH - NPX_1385,325277,6,200,-200
01/20/2025 02:55,SCH - NPX_CSC,325154,0,330,-330
01/20/2025 02:55,SCH - OH - NY,23317,1600.01,2200,-1850
01/20/2025 02:55,SCH - PJ - NY,23316,1410.17,1700,-2400
01/20/2025 02:55,SCH - PJM_HTP,325905,200,660,-660
01/20/2025 02:55,SCH - PJM_NEPTUNE,325305,550,660,-660
01/20/2025 02:55,SCH - PJM_VFT,325658,315,315,-315
01/20/2025 02:55,SPR/DUN-SOUTH,23320,1445.59,4600,-9999
01/20/2025 02:55,TOTAL EAST,23314,4248.47,7550,-9999
01/20/2025 02:55,UPNY CONED,23315,2763.45,6360,-9999
01/20/2025 02:55,WEST CENTRAL,23312,839.13,9999,-9999
01/20/2025 03:00,CENTRAL EAST - VC,23330,2205.78,2985,-9999
01/20/2025 03:00,DYSINGER EAST,23326,1298.1,3200,-9999
01/20/2025 03:00,MOSES SOUTH,23319,516.83,2650,-1600
01/20/2025 03:00,SCH - HQ - NY,23324,339,1300,-980
01/20/2025 03:00,SCH - HQ_CEDARS,325274,-63,200,-100
01/20/2025 03:00,SCH - HQ_IMPORT_EXPORT,325376,339,1310,-9999
01/20/2025 03:00,SCH - NE - NY,23318,-395.65,1400,-1800
01/20/2025 03:00,SCH - NPX_1385,325277,-10,200,-200
01/20/2025 03:00,SCH - NPX_CSC,325154,0,330,-330
01/20/2025 03:00,SCH - OH - NY,23317,1600.01,2200,-1850
01/20/2025 03:00,SCH - PJ - NY,23316,1410.74,1700,-2400
01/20/2025 03:00,SCH - PJM_HTP,325905,200,660,-660
01/20/2025 03:00,SCH - PJM_NEPTUNE,325305,575,660,-660
01/20/2025 03:00,SCH - PJM_VFT,325658,315,315,-315
01/20/2025 03:00,SPR/DUN-SOUTH,23320,1418.52,4600,-9999
01/20/2025 03:00,TOTAL EAST,23314,4270.58,7550,-9999
01/20/2025 03:00,UPNY CONED,23315,2733.06,6360,-9999
01/20/2025 03:00,WEST CENTRAL,23312,875.89,9999,-9999
01/20/2025 03:05,CENTRAL EAST - VC,23330,2254.66,2985,-9999
01/20/2025 03:05,DYSINGER EAST,23326,1400.87,3200,-9999
01/20/2025 03:05,MOSES SOUTH,23319,376.64,2650,-1600
01/20/2025 03:05,SCH - HQ - NY,23324,215,1300,-980
01/20/2025 03:05,SCH - HQ_CEDARS,325274,-100,200,-100
01/20/2025 03:05,SCH - HQ_IMPORT_EXPORT,325376,215,1310,-9999
01/20/2025 03:05,SCH - NE - NY,23318,-452.74,1400,-1800
01/20/2025 03:05,SCH - NPX_1385,325277,-26,200,-200
01/20/2025 03:05,SCH - NPX_CSC,325154,0,330,-330
01/20/2025 03:05,SCH - OH - NY,23317,1600.03,2200,-1850
01/20/2025 03:05,SCH - PJ - NY,23316,1416.75,1700,-2400
01/20/2025 03:05,SCH - PJM_HTP,325905,200,660,-660
01/20/2025 03:05,SCH - PJM_NEPTUNE,325305,600,660,-660
01/20/2025 03:05,SCH - PJM_VFT,325658,315,315,-315
01/20/2025 03:05,SPR/DUN-SOUTH,23320,1547.92,4600,-9999
01/20/2025 03:05,TOTAL EAST,23314,4400.27,7550,-9999
01/20/2025 03:05,UPNY CONED,23315,2824.17,6360,-9999
01/20/2025 03:05,WEST CENTRAL,23312,985.39,9999,-9999
01/20/2025 03:10,CENTRAL EAST - VC,23330,2299.72,2985,-9999
01/20/2025 03:10,DYSINGER EAST,23326,1347.81,3200,-9999
01/20/2025 03:10,MOSES SOUTH,23319,419.79,2650,-1600
01/20/2025 03:10,SCH - HQ - NY,23324,215,1300,-980
01/20/2025 03:10,SCH - HQ_CEDARS,325274,-100,200,-100
01/20/2025 03:10,SCH - HQ_IMPORT_EXPORT,325376,215,1310,-9999
01/20/2025 03:10,SCH - NE - NY,23318,-452.81,1400,-1800
01/20/2025 03:10,SCH - NPX_1385,325277,-26,200,-200
01/20/2025 03:10,SCH - NPX_CSC,325154,0,330,-330
01/20/2025 03:10,SCH - OH - NY,23317,1600.05,2200,-1850
01/20/2025 03:10,SCH - PJ - NY,23316,1409.56,1700,-2400
01/20/2025 03:10,SCH - PJM_HTP,325905,200,660,-660
01/20/2025 03:10,SCH - PJM_NEPTUNE,325305,600,660,-660
01/20/2025 03:10,SCH - PJM_VFT,325658,315,315,-315
01/20/2025 03:10,SPR/DUN-SOUTH,23320,1584,4600,-9999
01/20/2025 03:10,TOTAL EAST,23314,4479.83,7550,-9999
01/20/2025 03:10,UPNY CONED,23315,2870.4,6360,-9999
01/20/2025 03:10,WEST CENTRAL,23312,936.36,9999,-9999
01/20/2025 03:15,CENTRAL EAST - VC,23330,2303.71,2985,-9999
01/20/2025 03:15,DYSINGER EAST,23326,1250.12,3200,-9999
01/20/2025 03:15,MOSES SOUTH,23319,450.39,2650,-1600
01/20/2025 03:15,SCH - HQ - NY,23324,215,1300,-980
01/20/2025 03:15,SCH - HQ_CEDARS,325274,-100,200,-100
01/20/2025 03:15,SCH - HQ_IMPORT_EXPORT,325376,215,1310,-9999
01/20/2025 03:15,SCH - NE - NY,23318,-439.95,1400,-1800
01/20/2025 03:15,SCH - NPX_1385,325277,-26,200,-200
01/20/2025 03:15,SCH - NPX_CSC,325154,0,330,-330
01/20/2025 03:15,SCH - OH - NY,23317,1600,2200,-1850
01/20/2025 03:15,SCH - PJ - NY,23316,1412.96,1700,-2400
01/20/2025 03:15,SCH - PJM_HTP,325905,200,660,-660
01/20/2025 03:15,SCH - PJM_NEPTUNE,325305,600,660,-660
01/20/2025 03:15,SCH - PJM_VFT,325658,315,315,-315
01/20/2025 03:15,SPR/DUN-SOUTH,23320,1545,4600,-9999
01/20/2025 03:15,TOTAL EAST,23314,4478.21,7550,-9999
01/20/2025 03:15,UPNY CONED,23315,2857.04,6360,-9999
01/20/2025 03:15,WEST CENTRAL,23312,835.6,9999,-9999
01/20/2025 03:20,CENTRAL EAST - VC,23330,2338.33,2985,-9999
01/20/2025 03:20,DYSINGER EAST,23326,1174.06,3200,-9999
01/20/2025 03:20,MOSES SOUTH,23319,467.76,2650,-1600
01/20/2025 03:20,SCH - HQ - NY,23324,215,1300,-980
01/20/2025 03:20,SCH - HQ_CEDARS,325274,-100,200,-100
01/20/2025 03:20,SCH - HQ_IMPORT_EXPORT,325376,215,1310,-9999
01/20/2025 03:20,SCH - NE - NY,23318,-426.93,1400,-1800
01/20/2025 03:20,SCH - NPX_1385,325277,-26,200,-200
01/20/2025 03:20,SCH - NPX_CSC,325154,0,330,-330
01/20/2025 03:20,SCH - OH - NY,23317,1600.02,2200,-1850
01/20/2025 03:20,SCH - PJ - NY,23316,1409.38,1700,-2400
01/20/2025 03:20,SCH - PJM_HTP,325905,200,660,-660
01/20/2025 03:20,SCH - PJM_NEPTUNE,325305,600,660,-660
01/20/2025 03:20,SCH - PJM_VFT,325658,315,315,-315
01/20/2025 03:20,SPR/DUN-SOUTH,23320,1591.28,4600,-9999
01/20/2025 03:20,TOTAL EAST,23314,4474.72,7550,-9999
01/20/2025 03:20,UPNY CONED,23315,2896.2,6360,-9999
01/20/2025 03:20,WEST CENTRAL,23312,759.44,9999,-9999
01/20/2025 03:25,CENTRAL EAST - VC,23330,2320.11,2985,-9999
01/20/2025 03:25,DYSINGER EAST,23326,1159.77,3200,-9999
01/20/2025 03:25,MOSES SOUTH,23319,457.43,2650,-1600
01/20/2025 03:25,SCH - HQ - NY,23324,215,1300,-980
01/20/2025 03:25,SCH - HQ_CEDARS,325274,-100,200,-100
01/20/2025 03:25,SCH - HQ_IMPORT_EXPORT,325376,215,1310,-9999
01/20/2025 03:25,SCH - NE - NY,23318,-426.98,1400,-1800
01/20/2025 03:25,SCH - NPX_1385,325277,-26,200,-200
01/20/2025 03:25,SCH - NPX_CSC,325154,0,330,-330
01/20/2025 03:25,SCH - OH - NY,23317,1600.04,2200,-1850
01/20/2025 03:25,SCH - PJ - NY,23316,1412.63,1700,-2400
01/20/2025 03:25,SCH - PJM_HTP,325905,200,660,-660
01/20/2025 03:25,SCH - PJM_NEPTUNE,325305,600,660,-660
01/20/2025 03:25,SCH - PJM_VFT,325658,315,315,-315
01/20/2025 03:25,SPR/DUN-SOUTH,23320,1599.97,4600,-9999
01/20/2025 03:25,TOTAL EAST,23314,4466.31,7550,-9999
01/20/2025 03:25,UPNY CONED,23315,2901.1,6360,-9999
01/20/2025 03:25,WEST CENTRAL,23312,740.95,9999,-9999
01/20/2025 03:30,CENTRAL EAST - VC,23330,2306.6,2985,-9999
01/20/2025 03:30,DYSINGER EAST,23326,1182.02,3200,-9999
01/20/2025 03:30,MOSES SOUTH,23319,491.14,2650,-1600
01/20/2025 03:30,SCH - HQ - NY,23324,215,1300,-980
01/20/2025 03:30,SCH - HQ_CEDARS,325274,-100,200,-100
01/20/2025 03:30,SCH - HQ_IMPORT_EXPORT,325376,215,1310,-9999
01/20/2025 03:30,SCH - NE - NY,23318,-346.94,1400,-1800
01/20/2025 03:30,SCH - NPX_1385,325277,-26,200,-200
01/20/2025 03:30,SCH - NPX_CSC,325154,0,330,-330
01/20/2025 03:30,SCH - OH - NY,23317,1600,2200,-1850
01/20/2025 03:30,SCH - PJ - NY,23316,1407.2,1700,-2400
01/20/2025 03:30,SCH - PJM_HTP,325905,200,660,-660
01/20/2025 03:30,SCH - PJM_NEPTUNE,325305,600,660,-660
01/20/2025 03:30,SCH - PJM_VFT,325658,315,315,-315
01/20/2025 03:30,SPR/DUN-SOUTH,23320,1634.8,4600,-9999
01/20/2025 03:30,TOTAL EAST,23314,4425.63,7550,-9999
01/20/2025 03:30,UPNY CONED,23315,2937.98,6360,-9999
01/20/2025 03:30,WEST CENTRAL,23312,759.38,9999,-9999
01/20/2025 03:35,CENTRAL EAST - VC,23330,2355.54,2985,-9999
01/20/2025 03:35,DYSINGER EAST,23326,1320.68,3200,-9999
01/20/2025 03:35,MOSES SOUTH,23319,490.3,2650,-1600
01/20/2025 03:35,SCH - HQ - NY,23324,215,1300,-980
01/20/2025 03:35,SCH - HQ_CEDARS,325274,-100,200,-100
01/20/2025 03:35,SCH - HQ_IMPORT_EXPORT,325376,215,1310,-9999
01/20/2025 03:35,SCH - NE - NY,23318,-266.66,1400,-1800
01/20/2025 03:35,SCH - NPX_1385,325277,-26,200,-200
01/20/2025 03:35,SCH - NPX_CSC,325154,0,330,-330
01/20/2025 03:35,SCH - OH - NY,23317,1599.96,2200,-1850
01/20/2025 03:35,SCH - PJ - NY,23316,1407.8,1700,-2400
01/20/2025 03:35,SCH - PJM_HTP,325905,200,660,-660
01/20/2025 03:35,SCH - PJM_NEPTUNE,325305,600,660,-660
01/20/2025 03:35,SCH - PJM_VFT,325658,315,315,-315
01/20/2025 03:35,SPR/DUN-SOUTH,23320,1816.54,4600,-9999
01/20/2025 03:35,TOTAL EAST,23314,4552.99,7550,-9999
01/20/2025 03:35,UPNY CONED,23315,3120.65,6360,-9999
01/20/2025 03:35,WEST CENTRAL,23312,891.47,9999,-9999
01/20/2025 03:40,CENTRAL EAST - VC,23330,2331.29,2985,-9999
01/20/2025 03:40,DYSINGER EAST,23326,1285.01,3200,-9999
01/20/2025 03:40,MOSES SOUTH,23319,493.43,2650,-1600
01/20/2025 03:40,SCH - HQ - NY,23324,215,1300,-980
01/20/2025 03:40,SCH - HQ_CEDARS,325274,-100,200,-100
01/20/2025 03:40,SCH - HQ_IMPORT_EXPORT,325376,215,1310,-9999
01/20/2025 03:40,SCH - NE - NY,23318,-266.68,1400,-1800
01/20/2025 03:40,SCH - NPX_1385,325277,-26,200,-200
01/20/2025 03:40,SCH - NPX_CSC,325154,0,330,-330
01/20/2025 03:40,SCH - OH - NY,23317,1599.96,2200,-1850
01/20/2025 03:40,SCH - PJ - NY,23316,1410.78,1700,-2400
01/20/2025 03:40,SCH - PJM_HTP,325905,200,660,-660
01/20/2025 03:40,SCH - PJM_NEPTUNE,325305,600,660,-660
01/20/2025 03:40,SCH - PJM_VFT,325658,315,315,-315
01/20/2025 03:40,SPR/DUN-SOUTH,23320,1762.78,4600,-9999
01/20/2025 03:40,TOTAL EAST,23314,4530.07,7550,-9999
01/20/2025 03:40,UPNY CONED,23315,3073.88,6360,-9999
01/20/2025 03:40,WEST CENTRAL,23312,860.07,9999,-9999
01/20/2025 03:45,CENTRAL EAST - VC,23330,2350.56,2985,-9999
01/20/2025 03:45,DYSINGER EAST,23326,1266.22,3200,-9999
01/20/2025 03:45,MOSES SOUTH,23319,499.3,2650,-1600
01/20/2025 03:45,SCH - HQ - NY,23324,215,1300,-980
01/20/2025 03:45,SCH - HQ_CEDARS,325274,-100,200,-100
01/20/2025 03:45,SCH - HQ_IMPORT_EXPORT,325376,215,1310,-9999
01/20/2025 03:45,SCH - NE - NY,23318,-236.82,1400,-1800
01/20/2025 03:45,SCH - NPX_1385,325277,-26,200,-200
01/20/2025 03:45,SCH - NPX_CSC,325154,0,330,-330
01/20/2025 03:45,SCH - OH - NY,23317,1599.94,2200,-1850
01/20/2025 03:45,SCH - PJ - NY,23316,1412.18,1700,-2400
01/20/2025 03:45,SCH - PJM_HTP,325905,200,660,-660
01/20/2025 03:45,SCH - PJM_NEPTUNE,325305,593,660,-660
01/20/2025 03:45,SCH - PJM_VFT,325658,315,315,-315
01/20/2025 03:45,SPR/DUN-SOUTH,23320,1813.44,4600,-9999
01/20/2025 03:45,TOTAL EAST,23314,4548.41,7550,-9999
01/20/2025 03:45,UPNY CONED,23315,3126.56,6360,-9999
01/20/2025 03:45,WEST CENTRAL,23312,841.3,9999,-9999
01/20/2025 03:49,CENTRAL EAST - VC,23330,2271.08,2985,-9999
01/20/2025 03:49,DYSINGER EAST,23326,1215.59,3200,-9999
01/20/2025 03:49,MOSES SOUTH,23319,442.03,2650,-1600
01/20/2025 03:49,SCH - HQ - NY,23324,215,1300,-980
01/20/2025 03:49,SCH - HQ_CEDARS,325274,-100,200,-100
01/20/2025 03:49,SCH - HQ_IMPORT_EXPORT,325376,215,1310,-9999
01/20/2025 03:49,SCH - NE - NY,23318,-212.87,1400,-1800
01/20/2025 03:49,SCH - NPX_1385,325277,-26,200,-200
01/20/2025 03:49,SCH - NPX_CSC,325154,0,330,-330
01/20/2025 03:49,SCH - OH - NY,23317,1600.14,2200,-1850
01/20/2025 03:49,SCH - PJ - NY,23316,1411.9,1700,-2400
01/20/2025 03:49,SCH - PJM_HTP,325905,200,660,-660
01/20/2025 03:49,SCH - PJM_NEPTUNE,325305,588,660,-660
01/20/2025 03:49,SCH - PJM_VFT,325658,315,315,-315
01/20/2025 03:49,SPR/DUN-SOUTH,23320,1678.69,4600,-9999
01/20/2025 03:49,TOTAL EAST,23314,4405.58,7550,-9999
01/20/2025 03:49,UPNY CONED,23315,3001.09,6360,-9999
01/20/2025 03:49,WEST CENTRAL,23312,790.5,9999,-9999
01/20/2025 03:50,CENTRAL EAST - VC,23330,2339.53,2985,-9999
01/20/2025 03:50,CENTRAL EAST - VC,23330,2301.64,2985,-9999
01/20/2025 03:50,DYSINGER EAST,23326,1207.36,3200,-9999
01/20/2025 03:50,DYSINGER EAST,23326,1205.13,3200,-9999
01/20/2025 03:50,MOSES SOUTH,23319,441.14,2650,-1600
01/20/2025 03:50,MOSES SOUTH,23319,453.05,2650,-1600
01/20/2025 03:50,SCH - HQ - NY,23324,215,1300,-980
01/20/2025 03:50,SCH - HQ - NY,23324,215,1300,-980
01/20/2025 03:50,SCH - HQ_CEDARS,325274,-100,200,-100
01/20/2025 03:50,SCH - HQ_CEDARS,325274,-100,200,-100
01/20/2025 03:50,SCH - HQ_IMPORT_EXPORT,325376,215,1310,-9999
01/20/2025 03:50,SCH - HQ_IMPORT_EXPORT,325376,215,1310,-9999
01/20/2025 03:50,SCH - NE - NY,23318,-206.89,1400,-1800
01/20/2025 03:50,SCH - NE - NY,23318,-207.06,1400,-1800
01/20/2025 03:50,SCH - NPX_1385,325277,-26,200,-200
01/20/2025 03:50,SCH - NPX_1385,325277,-26,200,-200
01/20/2025 03:50,SCH - NPX_CSC,325154,0,330,-330
01/20/2025 03:50,SCH - NPX_CSC,325154,0,330,-330
01/20/2025 03:50,SCH - OH - NY,23317,1600.16,2200,-1850
01/20/2025 03:50,SCH - OH - NY,23317,1600.08,2200,-1850
01/20/2025 03:50,SCH - PJ - NY,23316,1409.18,1700,-2400
01/20/2025 03:50,SCH - PJ - NY,23316,1408.6,1700,-2400
01/20/2025 03:50,SCH - PJM_HTP,325905,200,660,-660
01/20/2025 03:50,SCH - PJM_HTP,325905,200,660,-660
01/20/2025 03:50,SCH - PJM_NEPTUNE,325305,587,660,-660
01/20/2025 03:50,SCH - PJM_NEPTUNE,325305,587,660,-660
01/20/2025 03:50,SCH - PJM_VFT,325658,315,315,-315
01/20/2025 03:50,SCH - PJM_VFT,325658,315,315,-315
01/20/2025 03:50,SPR/DUN-SOUTH,23320,1842.42,4600,-9999
01/20/2025 03:50,SPR/DUN-SOUTH,23320,1697.09,4600,-9999
01/20/2025 03:50,TOTAL EAST,23314,4435.68,7550,-9999
01/20/2025 03:50,TOTAL EAST,23314,4530.95,7550,-9999
01/20/2025 03:50,UPNY CONED,23315,3162.93,6360,-9999
01/20/2025 03:50,UPNY CONED,23315,3016.86,6360,-9999
01/20/2025 03:50,WEST CENTRAL,23312,781.04,9999,-9999
01/20/2025 03:50,WEST CENTRAL,23312,781.7,9999,-9999
01/20/2025 04:00,CENTRAL EAST - VC,23330,2204.02,2985,-9999
01/20/2025 04:00,DYSINGER EAST,23326,1232.59,3200,-9999
01/20/2025 04:00,MOSES SOUTH,23319,483.36,2650,-1600
01/20/2025 04:00,SCH - HQ - NY,23324,228,1300,-980
01/20/2025 04:00,SCH - HQ_CEDARS,325274,-50,200,-100
01/20/2025 04:00,SCH - HQ_IMPORT_EXPORT,325376,228,1310,-9999
01/20/2025 04:00,SCH - NE - NY,23318,-357.04,1400,-1800
01/20/2025 04:00,SCH - NPX_1385,325277,-58,200,-200
01/20/2025 04:00,SCH - NPX_CSC,325154,0,330,-330
01/20/2025 04:00,SCH - OH - NY,23317,1600.11,2200,-1850
01/20/2025 04:00,SCH - PJ - NY,23316,1410.7,1700,-2400
01/20/2025 04:00,SCH - PJM_HTP,325905,200,660,-660
01/20/2025 04:00,SCH - PJM_NEPTUNE,325305,593,660,-660
01/20/2025 04:00,SCH - PJM_VFT,325658,315,315,-315
01/20/2025 04:00,SPR/DUN-SOUTH,23320,1686.28,4600,-9999
01/20/2025 04:00,TOTAL EAST,23314,4255.84,7550,-9999
01/20/2025 04:00,UPNY CONED,23315,3036.59,6360,-9999
01/20/2025 04:00,WEST CENTRAL,23312,796.13,9999,-9999
01/20/2025 04:05,CENTRAL EAST - VC,23330,2334.67,2985,-9999
01/20/2025 04:05,DYSINGER EAST,23326,1215.6,3200,-9999
01/20/2025 04:05,MOSES SOUTH,23319,545.95,2650,-1600
01/20/2025 04:05,SCH - HQ - NY,23324,241,1300,-980
01/20/2025 04:05,SCH - HQ_CEDARS,325274,0,200,-100
01/20/2025 04:05,SCH - HQ_IMPORT_EXPORT,325376,241,1310,-9999
01/20/2025 04:05,SCH - NE - NY,23318,-507.1,1400,-1800
01/20/2025 04:05,SCH - NPX_1385,325277,-90,200,-200
01/20/2025 04:05,SCH - NPX_CSC,325154,0,330,-330
01/20/2025 04:05,SCH - OH - NY,23317,1600.11,2200,-1850
01/20/2025 04:05,SCH - PJ - NY,23316,1413.02,1700,-2400
01/20/2025 04:05,SCH - PJM_HTP,325905,200,660,-660
01/20/2025 04:05,SCH - PJM_NEPTUNE,325305,600,660,-660
01/20/2025 04:05,SCH - PJM_VFT,325658,315,315,-315
01/20/2025 04:05,SPR/DUN-SOUTH,23320,1694.85,4600,-9999
01/20/2025 04:05,TOTAL EAST,23314,4462.49,7550,-9999
01/20/2025 04:05,UPNY CONED,23315,3073.49,6360,-9999
01/20/2025 04:05,WEST CENTRAL,23312,778.79,9999,-9999
01/20/2025 04:10,CENTRAL EAST - VC,23330,2356.38,2985,-9999
01/20/2025 04:10,DYSINGER EAST,23326,1200.77,3200,-9999
01/20/2025 04:10,MOSES SOUTH,23319,551.2,2650,-1600
01/20/2025 04:10,SCH - HQ - NY,23324,241,1300,-980
01/20/2025 04:10,SCH - HQ_CEDARS,325274,0,200,-100
01/20/2025 04:10,SCH - HQ_IMPORT_EXPORT,325376,241,1310,-9999
01/20/2025 04:10,SCH - NE - NY,23318,-507.12,1400,-1800
01/20/2025 04:10,SCH - NPX_1385,325277,-90,200,-200
01/20/2025 04:10,SCH - NPX_CSC,325154,0,330,-330
01/20/2025 04:10,SCH - OH - NY,23317,1600.12,2200,-1850
01/20/2025 04:10,SCH - PJ - NY,23316,1413.74,1700,-2400
01/20/2025 04:10,SCH - PJM_HTP,325905,200,660,-660
01/20/2025 04:10,SCH - PJM_NEPTUNE,325305,600,660,-660
01/20/2025 04:10,SCH - PJM_VFT,325658,315,315,-315
01/20/2025 04:10,SPR/DUN-SOUTH,23320,1717.39,4600,-9999
01/20/2025 04:10,TOTAL EAST,23314,4510.71,7550,-9999
01/20/2025 04:10,UPNY CONED,23315,3101.71,6360,-9999
01/20/2025 04:10,WEST CENTRAL,23312,763.72,9999,-9999
01/20/2025 04:15,CENTRAL EAST - VC,23330,2384.7,2985,-9999
01/20/2025 04:15,DYSINGER EAST,23326,1247.36,3200,-9999
01/20/2025 04:15,MOSES SOUTH,23319,508.96,2650,-1600
01/20/2025 04:15,SCH - HQ - NY,23324,241,1300,-980
01/20/2025 04:15,SCH - HQ_CEDARS,325274,0,200,-100
01/20/2025 04:15,SCH - HQ_IMPORT_EXPORT,325376,241,1310,-9999
01/20/2025 04:15,SCH - NE - NY,23318,-476.52,1400,-1800
01/20/2025 04:15,SCH - NPX_1385,325277,-90,200,-200
01/20/2025 04:15,SCH - NPX_CSC,325154,0,330,-330
01/20/2025 04:15,SCH - OH - NY,23317,1600.12,2200,-1850
01/20/2025 04:15,SCH - PJ - NY,23316,1407.96,1700,-2400
01/20/2025 04:15,SCH - PJM_HTP,325905,200,660,-660
01/20/2025 04:15,SCH - PJM_NEPTUNE,325305,575,660,-660
01/20/2025 04:15,SCH - PJM_VFT,325658,315,315,-315
01/20/2025 04:15,SPR/DUN-SOUTH,23320,1732.65,4600,-9999
01/20/2025 04:15,TOTAL EAST,23314,4510.49,7550,-9999
01/20/2025 04:15,UPNY CONED,23315,3139.22,6360,-9999
01/20/2025 04:15,WEST CENTRAL,23312,805.31,9999,-9999
01/20/2025 04:20,CENTRAL EAST - VC,23330,2362.05,2985,-9999
01/20/2025 04:20,DYSINGER EAST,23326,1210.79,3200,-9999
01/20/2025 04:20,MOSES SOUTH,23319,510.43,2650,-1600
01/20/2025 04:20,SCH - HQ - NY,23324,241,1300,-980
01/20/2025 04:20,SCH - HQ_CEDARS,325274,0,200,-100
01/20/2025 04:20,SCH - HQ_IMPORT_EXPORT,325376,241,1310,-9999
01/20/2025 04:20,SCH - NE - NY,23318,-446.51,1400,-1800
01/20/2025 04:20,SCH - NPX_1385,325277,-90,200,-200
01/20/2025 04:20,SCH - NPX_CSC,325154,0,330,-330
01/20/2025 04:20,SCH - OH - NY,23317,1600.13,2200,-1850
01/20/2025 04:20,SCH - PJ - NY,23316,1406.42,1700,-2400
01/20/2025 04:20,SCH - PJM_HTP,325905,200,660,-660
01/20/2025 04:20,SCH - PJM_NEPTUNE,325305,550,660,-660
01/20/2025 04:20,SCH - PJM_VFT,325658,315,315,-315
01/20/2025 04:20,SPR/DUN-SOUTH,23320,1717.97,4600,-9999
01/20/2025 04:20,TOTAL EAST,23314,4502.89,7550,-9999
01/20/2025 04:20,UPNY CONED,23315,3156.58,6360,-9999
01/20/2025 04:20,WEST CENTRAL,23312,767.82,9999,-9999
01/20/2025 04:25,CENTRAL EAST - VC,23330,2383.96,2985,-9999
01/20/2025 04:25,DYSINGER EAST,23326,1170.35,3200,-9999
01/20/2025 04:25,MOSES SOUTH,23319,507.63,2650,-1600
01/20/2025 04:25,SCH - HQ - NY,23324,241,1300,-980
01/20/2025 04:25,SCH - HQ_CEDARS,325274,0,200,-100
01/20/2025 04:25,SCH - HQ_IMPORT_EXPORT,325376,241,1310,-9999
01/20/2025 04:25,SCH - NE - NY,23318,-446.48,1400,-1800
01/20/2025 04:25,SCH - NPX_1385,325277,-90,200,-200
01/20/2025 04:25,SCH - NPX_CSC,325154,0,330,-330
01/20/2025 04:25,SCH - OH - NY,23317,1600.17,2200,-1850
01/20/2025 04:25,SCH - PJ - NY,23316,1409.1,1700,-2400
01/20/2025 04:25,SCH - PJM_HTP,325905,200,660,-660
01/20/2025 04:25,SCH - PJM_NEPTUNE,325305,550,660,-660
01/20/2025 04:25,SCH - PJM_VFT,325658,315,315,-315
01/20/2025 04:25,SPR/DUN-SOUTH,23320,1757.1,4600,-9999
01/20/2025 04:25,TOTAL EAST,23314,4568.01,7550,-9999
01/20/2025 04:25,UPNY CONED,23315,3196.14,6360,-9999
01/20/2025 04:25,WEST CENTRAL,23312,731.35,9999,-9999
01/20/2025 04:30,CENTRAL EAST - VC,23330,2337.08,2985,-9999
01/20/2025 04:30,DYSINGER EAST,23326,1177.06,3200,-9999
01/20/2025 04:30,MOSES SOUTH,23319,502.17,2650,-1600
01/20/2025 04:30,SCH - HQ - NY,23324,241,1300,-980
01/20/2025 04:30,SCH - HQ_CEDARS,325274,0,200,-100
01/20/2025 04:30,SCH - HQ_IMPORT_EXPORT,325376,241,1310,-9999
01/20/2025 04:30,SCH - NE - NY,23318,-356.57,1400,-1800
01/20/2025 04:30,SCH - NPX_1385,325277,-90,200,-200
01/20/2025 04:30,SCH - NPX_CSC,325154,0,330,-330
01/20/2025 04:30,SCH - OH - NY,23317,1600.17,2200,-1850
01/20/2025 04:30,SCH - PJ - NY,23316,1376.21,1700,-2400
01/20/2025 04:30,SCH - PJM_HTP,325905,200,660,-660
01/20/2025 04:30,SCH - PJM_NEPTUNE,325305,550,660,-660
01/20/2025 04:30,SCH - PJM_VFT,325658,315,315,-315
01/20/2025 04:30,SPR/DUN-SOUTH,23320,1758.19,4600,-9999
01/20/2025 04:30,TOTAL EAST,23314,4486.42,7550,-9999
01/20/2025 04:30,UPNY CONED,23315,3202.17,6360,-9999
01/20/2025 04:30,WEST CENTRAL,23312,734.96,9999,-9999
01/20/2025 04:35,CENTRAL EAST - VC,23330,2285.06,2985,-9999
01/20/2025 04:35,DYSINGER EAST,23326,1131.58,3200,-9999
01/20/2025 04:35,MOSES SOUTH,23319,509.36,2650,-1600
01/20/2025 04:35,SCH - HQ - NY,23324,241,1300,-980
01/20/2025 04:35,SCH - HQ_CEDARS,325274,0,200,-100
01/20/2025 04:35,SCH - HQ_IMPORT_EXPORT,325376,241,1310,-9999
01/20/2025 04:35,SCH - NE - NY,23318,-266.4,1400,-1800
01/20/2025 04:35,SCH - NPX_1385,325277,-90,200,-200
01/20/2025 04:35,SCH - NPX_CSC,325154,0,330,-330
01/20/2025 04:35,SCH - OH - NY,23317,1600.19,2200,-1850
01/20/2025 04:35,SCH - PJ - NY,23316,1342.79,1700,-2400
01/20/2025 04:35,SCH - PJM_HTP,325905,200,660,-660
01/20/2025 04:35,SCH - PJM_NEPTUNE,325305,550,660,-660
01/20/2025 04:35,SCH - PJM_VFT,325658,315,315,-315
01/20/2025 04:35,SPR/DUN-SOUTH,23320,1753.86,4600,-9999
01/20/2025 04:35,TOTAL EAST,23314,4425.64,7550,-9999
01/20/2025 04:35,UPNY CONED,23315,3214.11,6360,-9999
01/20/2025 04:35,WEST CENTRAL,23312,687.04,9999,-9999
01/20/2025 04:40,CENTRAL EAST - VC,23330,2318.13,2985,-9999
01/20/2025 04:40,DYSINGER EAST,23326,1185.71,3200,-9999
01/20/2025 04:40,MOSES SOUTH,23319,514.31,2650,-1600
01/20/2025 04:40,SCH - HQ - NY,23324,241,1300,-980
01/20/2025 04:40,SCH - HQ_CEDARS,325274,0,200,-100
01/20/2025 04:40,SCH - HQ_IMPORT_EXPORT,325376,241,1310,-9999
01/20/2025 04:40,SCH - NE - NY,23318,-266.37,1400,-1800
01/20/2025 04:40,SCH - NPX_1385,325277,-90,200,-200
01/20/2025 04:40,SCH - NPX_CSC,325154,0,330,-330
01/20/2025 04:40,SCH - OH - NY,23317,1600.12,2200,-1850
01/20/2025 04:40,SCH - PJ - NY,23316,1338.91,1700,-2400
01/20/2025 04:40,SCH - PJM_HTP,325905,200,660,-660
01/20/2025 04:40,SCH - PJM_NEPTUNE,325305,550,660,-660
01/20/2025 04:40,SCH - PJM_VFT,325658,315,315,-315
01/20/2025 04:40,SPR/DUN-SOUTH,23320,1764.14,4600,-9999
01/20/2025 04:40,TOTAL EAST,23314,4456.85,7550,-9999
01/20/2025 04:40,UPNY CONED,23315,3243.86,6360,-9999
01/20/2025 04:40,WEST CENTRAL,23312,739.31,9999,-9999
01/20/2025 04:45,CENTRAL EAST - VC,23330,2360.42,2985,-9999
01/20/2025 04:45,DYSINGER EAST,23326,1217.31,3200,-9999
01/20/2025 04:45,MOSES SOUTH,23319,526.88,2650,-1600
01/20/2025 04:45,SCH - HQ - NY,23324,241,1300,-980
01/20/2025 04:45,SCH - HQ_CEDARS,325274,0,200,-100
01/20/2025 04:45,SCH - HQ_IMPORT_EXPORT,325376,241,1310,-9999
01/20/2025 04:45,SCH - NE - NY,23318,-346.5,1400,-1800
01/20/2025 04:45,SCH - NPX_1385,325277,-90,200,-200
01/20/2025 04:45,SCH - NPX_CSC,325154,0,330,-330
01/20/2025 04:45,SCH - OH - NY,23317,1600.11,2200,-1850
01/20/2025 04:45,SCH - PJ - NY,23316,1378.39,1700,-2400
01/20/2025 04:45,SCH - PJM_HTP,325905,200,660,-660
01/20/2025 04:45,SCH - PJM_NEPTUNE,325305,575,660,-660
01/20/2025 04:45,SCH - PJM_VFT,325658,315,315,-315
01/20/2025 04:45,SPR/DUN-SOUTH,23320,1757.17,4600,-9999
01/20/2025 04:45,TOTAL EAST,23314,4540.11,7550,-9999
01/20/2025 04:45,UPNY CONED,23315,3224.14,6360,-9999
01/20/2025 04:45,WEST CENTRAL,23312,763.24,9999,-9999
01/20/2025 04:50,CENTRAL EAST - VC,23330,2404.94,2985,-9999
01/20/2025 04:50,DYSINGER EAST,23326,1202.61,3200,-9999
01/20/2025 04:50,MOSES SOUTH,23319,527.53,2650,-1600
01/20/2025 04:50,SCH - HQ - NY,23324,241,1300,-980
01/20/2025 04:50,SCH - HQ_CEDARS,325274,0,200,-100
01/20/2025 04:50,SCH - HQ_IMPORT_EXPORT,325376,241,1310,-9999
01/20/2025 04:50,SCH - NE - NY,23318,-427.54,1400,-1800
01/20/2025 04:50,SCH - NPX_1385,325277,-90,200,-200
01/20/2025 04:50,SCH - NPX_CSC,325154,0,330,-330
01/20/2025 04:50,SCH - OH - NY,23317,1600.12,2200,-1850
01/20/2025 04:50,SCH - PJ - NY,23316,1414.24,1700,-2400
01/20/2025 04:50,SCH - PJM_HTP,325905,200,660,-660
01/20/2025 04:50,SCH - PJM_NEPTUNE,325305,600,660,-660
01/20/2025 04:50,SCH - PJM_VFT,325658,315,315,-315
01/20/2025 04:50,SPR/DUN-SOUTH,23320,1758.85,4600,-9999
01/20/2025 04:50,TOTAL EAST,23314,4608.42,7550,-9999
01/20/2025 04:50,UPNY CONED,23315,3207.78,6360,-9999
01/20/2025 04:50,WEST CENTRAL,23312,743.86,9999,-9999
01/20/2025 04:55,CENTRAL EAST - VC,23330,2405.15,2985,-9999
01/20/2025 04:55,DYSINGER EAST,23326,1169.96,3200,-9999
01/20/2025 04:55,MOSES SOUTH,23319,514.03,2650,-1600
01/20/2025 04:55,SCH - HQ - NY,23324,241,1300,-980
01/20/2025 04:55,SCH - HQ_CEDARS,325274,0,200,-100
01/20/2025 04:55,SCH - HQ_IMPORT_EXPORT,325376,241,1310,-9999
01/20/2025 04:55,SCH - NE - NY,23318,-427.59,1400,-1800
01/20/2025 04:55,SCH - NPX_1385,325277,-90,200,-200
01/20/2025 04:55,SCH - NPX_CSC,325154,0,330,-330
01/20/2025 04:55,SCH - OH - NY,23317,1600.16,2200,-1850
01/20/2025 04:55,SCH - PJ - NY,23316,1415.57,1700,-2400
01/20/2025 04:55,SCH - PJM_HTP,325905,200,660,-660
01/20/2025 04:55,SCH - PJM_NEPTUNE,325305,600,660,-660
01/20/2025 04:55,SCH - PJM_VFT,325658,315,315,-315
01/20/2025 04:55,SPR/DUN-SOUTH,23320,1742.51,4600,-9999
01/20/2025 04:55,TOTAL EAST,23314,4616.89,7550,-9999
01/20/2025 04:55,UPNY CONED,23315,3214.18,6360,-9999
01/20/2025 04:55,WEST CENTRAL,23312,705.96,9999,-9999
01/20/2025 05:00,CENTRAL EAST - VC,23330,2371.08,2985,-9999
01/20/2025 05:00,DYSINGER EAST,23326,1225.56,3200,-9999
01/20/2025 05:00,MOSES SOUTH,23319,463.46,2650,-1600
01/20/2025 05:00,SCH - HQ - NY,23324,182,1300,-980
01/20/2025 05:00,SCH - HQ_CEDARS,325274,15,200,-100
01/20/2025 05:00,SCH - HQ_IMPORT_EXPORT,325376,182,1310,-9999
01/20/2025 05:00,SCH - NE - NY,23318,-372.6,1400,-1800
01/20/2025 05:00,SCH - NPX_1385,325277,-65,200,-200
01/20/2025 05:00,SCH - NPX_CSC,325154,0,330,-330
01/20/2025 05:00,SCH - OH - NY,23317,1600.13,2200,-1850
01/20/2025 05:00,SCH - PJ - NY,23316,1409.48,1700,-2400
01/20/2025 05:00,SCH - PJM_HTP,325905,200,660,-660
01/20/2025 05:00,SCH - PJM_NEPTUNE,325305,600,660,-660
01/20/2025 05:00,SCH - PJM_VFT,325658,315,315,-315
01/20/2025 05:00,SPR/DUN-SOUTH,23320,1770.82,4600,-9999
01/20/2025 05:00,TOTAL EAST,23314,4541.7,7550,-9999
01/20/2025 05:00,UPNY CONED,23315,3219.51,6360,-9999
01/20/2025 05:00,WEST CENTRAL,23312,751.38,9999,-9999
01/20/2025 05:05,CENTRAL EAST - VC,23330,2369.31,2985,-9999
01/20/2025 05:05,DYSINGER EAST,23326,1227.73,3200,-9999
01/20/2025 05:05,MOSES SOUTH,23319,420.34,2650,-1600
01/20/2025 05:05,SCH - HQ - NY,23324,123,1300,-980
01/20/2025 05:05,SCH - HQ_CEDARS,325274,30,200,-100
01/20/2025 05:05,SCH - HQ_IMPORT_EXPORT,325376,123,1310,-9999
01/20/2025 05:05,SCH - NE - NY,23318,-317.59,1400,-1800
01/20/2025 05:05,SCH - NPX_1385,325277,-40,200,-200
01/20/2025 05:05,SCH - NPX_CSC,325154,0,330,-330
01/20/2025 05:05,SCH - OH - NY,23317,1600.09,2200,-1850
01/20/2025 05:05,SCH - PJ - NY,23316,1409.68,1700,-2400
01/20/2025 05:05,SCH - PJM_HTP,325905,200,660,-660
01/20/2025 05:05,SCH - PJM_NEPTUNE,325305,600,660,-660
01/20/2025 05:05,SCH - PJM_VFT,325658,315,315,-315
01/20/2025 05:05,SPR/DUN-SOUTH,23320,1787.85,4600,-9999
01/20/2025 05:05,TOTAL EAST,23314,4496.23,7550,-9999
01/20/2025 05:05,UPNY CONED,23315,3233.51,6360,-9999
01/20/2025 05:05,WEST CENTRAL,23312,748.63,9999,-9999
01/20/2025 05:10,CENTRAL EAST - VC,23330,2288.09,2985,-9999
01/20/2025 05:10,DYSINGER EAST,23326,1167.41,3200,-9999
01/20/2025 05:10,MOSES SOUTH,23319,408.17,2650,-1600
01/20/2025 05:10,SCH - HQ - NY,23324,123,1300,-980
01/20/2025 05:10,SCH - HQ_CEDARS,325274,30,200,-100
01/20/2025 05:10,SCH - HQ_IMPORT_EXPORT,325376,123,1310,-9999
01/20/2025 05:10,SCH - NE - NY,23318,-315.59,1400,-1800
01/20/2025 05:10,SCH - NPX_1385,325277,-40,200,-200
01/20/2025 05:10,SCH - NPX_CSC,325154,0,330,-330
01/20/2025 05:10,SCH - OH - NY,23317,1600.14,2200,-1850
01/20/2025 05:10,SCH - PJ - NY,23316,1407.31,1700,-2400
01/20/2025 05:10,SCH - PJM_HTP,325905,200,660,-660
01/20/2025 05:10,SCH - PJM_NEPTUNE,325305,600,660,-660
01/20/2025 05:10,SCH - PJM_VFT,325658,315,315,-315
01/20/2025 05:10,SPR/DUN-SOUTH,23320,1739.46,4600,-9999
01/20/2025 05:10,TOTAL EAST,23314,4488.46,7550,-9999
01/20/2025 05:10,UPNY CONED,23315,3183.71,6360,-9999
01/20/2025 05:10,WEST CENTRAL,23312,689.6,9999,-9999
01/20/2025 05:15,CENTRAL EAST - VC,23330,2252.13,2985,-9999
01/20/2025 05:15,DYSINGER EAST,23326,1221,3200,-9999
01/20/2025 05:15,MOSES SOUTH,23319,405.46,2650,-1600
01/20/2025 05:15,SCH - HQ - NY,23324,123,1300,-980
01/20/2025 05:15,SCH - HQ_CEDARS,325274,30,200,-100
01/20/2025 05:15,SCH - HQ_IMPORT_EXPORT,325376,123,1310,-9999
01/20/2025 05:15,SCH - NE - NY,23318,-301.63,1400,-1800
01/20/2025 05:15,SCH - NPX_1385,325277,-40,200,-200
01/20/2025 05:15,SCH - NPX_CSC,325154,0,330,-330
01/20/2025 05:15,SCH - OH - NY,23317,1600.09,2200,-1850
01/20/2025 05:15,SCH - PJ - NY,23316,1406.62,1700,-2400
01/20/2025 05:15,SCH - PJM_HTP,325905,200,660,-660
01/20/2025 05:15,SCH - PJM_NEPTUNE,325305,600,660,-660
01/20/2025 05:15,SCH - PJM_VFT,325658,315,315,-315
01/20/2025 05:15,SPR/DUN-SOUTH,23320,1682.65,4600,-9999
01/20/2025 05:15,TOTAL EAST,23314,4440.27,7550,-9999
01/20/2025 05:15,UPNY CONED,23315,3136.11,6360,-9999
01/20/2025 05:15,WEST CENTRAL,23312,739.15,9999,-9999
01/20/2025 05:20,CENTRAL EAST - VC,23330,2275.51,2985,-9999
01/20/2025 05:20,DYSINGER EAST,23326,1177.76,3200,-9999
01/20/2025 05:20,MOSES SOUTH,23319,385.74,2650,-1600
01/20/2025 05:20,SCH - HQ - NY,23324,123,1300,-980
01/20/2025 05:20,SCH - HQ_CEDARS,325274,30,200,-100
01/20/2025 05:20,SCH - HQ_IMPORT_EXPORT,325376,123,1310,-9999
01/20/2025 05:20,SCH - NE - NY,23318,-287.57,1400,-1800
01/20/2025 05:20,SCH - NPX_1385,325277,-40,200,-200
01/20/2025 05:20,SCH - NPX_CSC,325154,0,330,-330
01/20/2025 05:20,SCH - OH - NY,23317,1600.11,2200,-1850
01/20/2025 05:20,SCH - PJ - NY,23316,1405.62,1700,-2400
01/20/2025 05:20,SCH - PJM_HTP,325905,200,660,-660
01/20/2025 05:20,SCH - PJM_NEPTUNE,325305,600,660,-660
01/20/2025 05:20,SCH - PJM_VFT,325658,315,315,-315
01/20/2025 05:20,SPR/DUN-SOUTH,23320,1696.21,4600,-9999
01/20/2025 05:20,TOTAL EAST,23314,4430.77,7550,-9999
01/20/2025 05:20,UPNY CONED,23315,3155.71,6360,-9999
01/20/2025 05:20,WEST CENTRAL,23312,691.14,9999,-9999
01/20/2025 05:25,CENTRAL EAST - VC,23330,2270.36,2985,-9999
01/20/2025 05:25,DYSINGER EAST,23326,1166.03,3200,-9999
01/20/2025 05:25,MOSES SOUTH,23319,370.1,2650,-1600
01/20/2025 05:25,SCH - HQ - NY,23324,123,1300,-980
01/20/2025 05:25,SCH - HQ_CEDARS,325274,30,200,-100
01/20/2025 05:25,SCH - HQ_IMPORT_EXPORT,325376,123,1310,-9999
01/20/2025 05:25,SCH - NE - NY,23318,-287.47,1400,-1800
01/20/2025 05:25,SCH - NPX_1385,325277,-40,200,-200
01/20/2025 05:25,SCH - NPX_CSC,325154,0,330,-330
01/20/2025 05:25,SCH - OH - NY,23317,1600.15,2200,-1850
01/20/2025 05:25,SCH - PJ - NY,23316,1407.94,1700,-2400
01/20/2025 05:25,SCH - PJM_HTP,325905,200,660,-660
01/20/2025 05:25,SCH - PJM_NEPTUNE,325305,600,660,-660
01/20/2025 05:25,SCH - PJM_VFT,325658,315,315,-315
01/20/2025 05:25,SPR/DUN-SOUTH,23320,1684.31,4600,-9999
01/20/2025 05:25,TOTAL EAST,23314,4431.25,7550,-9999
01/20/2025 05:25,UPNY CONED,23315,3149.48,6360,-9999
01/20/2025 05:25,WEST CENTRAL,23312,672.33,9999,-9999
01/20/2025 05:30,CENTRAL EAST - VC,23330,2257.43,2985,-9999
01/20/2025 05:30,DYSINGER EAST,23326,1149.28,3200,-9999
01/20/2025 05:30,MOSES SOUTH,23319,360.29,2650,-1600
01/20/2025 05:30,SCH - HQ - NY,23324,123,1300,-980
01/20/2025 05:30,SCH - HQ_CEDARS,325274,30,200,-100
01/20/2025 05:30,SCH - HQ_IMPORT_EXPORT,325376,123,1310,-9999
01/20/2025 05:30,SCH - NE - NY,23318,-260.51,1400,-1800
01/20/2025 05:30,SCH - NPX_1385,325277,-40,200,-200
01/20/2025 05:30,SCH - NPX_CSC,325154,0,330,-330
01/20/2025 05:30,SCH - OH - NY,23317,1600.25,2200,-1850
01/20/2025 05:30,SCH - PJ - NY,23316,1408.77,1700,-2400
01/20/2025 05:30,SCH - PJM_HTP,325905,200,660,-660
01/20/2025 05:30,SCH - PJM_NEPTUNE,325305,600,660,-660
01/20/2025 05:30,SCH - PJM_VFT,325658,315,315,-315
01/20/2025 05:30,SPR/DUN-SOUTH,23320,1691.5,4600,-9999
01/20/2025 05:30,TOTAL EAST,23314,4418.47,7550,-9999
01/20/2025 05:30,UPNY CONED,23315,3176.17,6360,-9999
01/20/2025 05:30,WEST CENTRAL,23312,653.12,9999,-9999
01/20/2025 05:35,CENTRAL EAST - VC,23330,2285.3,2985,-9999
01/20/2025 05:35,DYSINGER EAST,23326,1175.65,3200,-9999
01/20/2025 05:35,MOSES SOUTH,23319,369.87,2650,-1600
01/20/2025 05:35,SCH - HQ - NY,23324,123,1300,-980
01/20/2025 05:35,SCH - HQ_CEDARS,325274,30,200,-100
01/20/2025 05:35,SCH - HQ_IMPORT_EXPORT,325376,123,1310,-9999
01/20/2025 05:35,SCH - NE - NY,23318,-233.59,1400,-1800
01/20/2025 05:35,SCH - NPX_1385,325277,-40,200,-200
01/20/2025 05:35,SCH - NPX_CSC,325154,0,330,-330
01/20/2025 05:35,SCH - OH - NY,23317,1600.18,2200,-1850
01/20/2025 05:35,SCH - PJ - NY,23316,1408.33,1700,-2400
01/20/2025 05:35,SCH - PJM_HTP,325905,200,660,-660
01/20/2025 05:35,SCH - PJM_NEPTUNE,325305,600,660,-660
01/20/2025 05:35,SCH - PJM_VFT,325658,315,315,-315
01/20/2025 05:35,SPR/DUN-SOUTH,23320,1711.92,4600,-9999
01/20/2025 05:35,TOTAL EAST,23314,4407.83,7550,-9999
01/20/2025 05:35,UPNY CONED,23315,3212.42,6360,-9999
01/20/2025 05:35,WEST CENTRAL,23312,675.57,9999,-9999
01/20/2025 05:40,CENTRAL EAST - VC,23330,2276.13,2985,-9999
01/20/2025 05:40,DYSINGER EAST,23326,1177.65,3200,-9999
01/20/2025 05:40,MOSES SOUTH,23319,375.1,2650,-1600
01/20/2025 05:40,SCH - HQ - NY,23324,123,1300,-980
01/20/2025 05:40,SCH - HQ_CEDARS,325274,30,200,-100
01/20/2025 05:40,SCH - HQ_IMPORT_EXPORT,325376,123,1310,-9999
01/20/2025 05:40,SCH - NE - NY,23318,-233.63,1400,-1800
01/20/2025 05:40,SCH - NPX_1385,325277,-40,200,-200
01/20/2025 05:40,SCH - NPX_CSC,325154,0,330,-330
01/20/2025 05:40,SCH - OH - NY,23317,1600.2,2200,-1850
01/20/2025 05:40,SCH - PJ - NY,23316,1407.83,1700,-2400
01/20/2025 05:40,SCH - PJM_HTP,325905,200,660,-660
01/20/2025 05:40,SCH - PJM_NEPTUNE,325305,600,660,-660
01/20/2025 05:40,SCH - PJM_VFT,325658,315,315,-315
01/20/2025 05:40,SPR/DUN-SOUTH,23320,1703.33,4600,-9999
01/20/2025 05:40,TOTAL EAST,23314,4420.7,7550,-9999
01/20/2025 05:40,UPNY CONED,23315,3217.94,6360,-9999
01/20/2025 05:40,WEST CENTRAL,23312,677.6,9999,-9999
01/20/2025 05:45,CENTRAL EAST - VC,23330,2318.72,2985,-9999
01/20/2025 05:45,DYSINGER EAST,23326,1234.76,3200,-9999
01/20/2025 05:45,MOSES SOUTH,23319,470.79,2650,-1600
01/20/2025 05:45,SCH - HQ - NY,23324,123,1300,-980
01/20/2025 05:45,SCH - HQ_CEDARS,325274,30,200,-100
01/20/2025 05:45,SCH - HQ_IMPORT_EXPORT,325376,123,1310,-9999
01/20/2025 05:45,SCH - NE - NY,23318,-233.67,1400,-1800
01/20/2025 05:45,SCH - NPX_1385,325277,-40,200,-200
01/20/2025 05:45,SCH - NPX_CSC,325154,0,330,-330
01/20/2025 05:45,SCH - OH - NY,23317,1600.1,2200,-1850
01/20/2025 05:45,SCH - PJ - NY,23316,1403.06,1700,-2400
01/20/2025 05:45,SCH - PJM_HTP,325905,200,660,-660
01/20/2025 05:45,SCH - PJM_NEPTUNE,325305,600,660,-660
01/20/2025 05:45,SCH - PJM_VFT,325658,315,315,-315
01/20/2025 05:45,SPR/DUN-SOUTH,23320,1721.58,4600,-9999
01/20/2025 05:45,TOTAL EAST,23314,4474.88,7550,-9999
01/20/2025 05:45,UPNY CONED,23315,3249.76,6360,-9999
01/20/2025 05:45,WEST CENTRAL,23312,732.82,9999,-9999
01/20/2025 05:50,CENTRAL EAST - VC,23330,2372.85,2985,-9999
01/20/2025 05:50,DYSINGER EAST,23326,1267.05,3200,-9999
01/20/2025 05:50,MOSES SOUTH,23319,469.55,2650,-1600
01/20/2025 05:50,SCH - HQ - NY,23324,123,1300,-980
01/20/2025 05:50,SCH - HQ_CEDARS,325274,30,200,-100
01/20/2025 05:50,SCH - HQ_IMPORT_EXPORT,325376,123,1310,-9999
01/20/2025 05:50,SCH - NE - NY,23318,-233.67,1400,-1800
01/20/2025 05:50,SCH - NPX_1385,325277,-40,200,-200
01/20/2025 05:50,SCH - NPX_CSC,325154,0,330,-330
01/20/2025 05:50,SCH - OH - NY,23317,1600.06,2200,-1850
01/20/2025 05:50,SCH - PJ - NY,23316,1407.06,1700,-2400
01/20/2025 05:50,SCH - PJM_HTP,325905,200,660,-660
01/20/2025 05:50,SCH - PJM_NEPTUNE,325305,600,660,-660
01/20/2025 05:50,SCH - PJM_VFT,325658,315,315,-315
01/20/2025 05:50,SPR/DUN-SOUTH,23320,1758.41,4600,-9999
01/20/2025 05:50,TOTAL EAST,23314,4506.51,7550,-9999
01/20/2025 05:50,UPNY CONED,23315,3299.96,6360,-9999
01/20/2025 05:50,WEST CENTRAL,23312,757.01,9999,-9999
01/20/2025 05:55,CENTRAL EAST - VC,23330,2380.25,2985,-9999
01/20/2025 05:55,DYSINGER EAST,23326,1293.83,3200,-9999
01/20/2025 05:55,MOSES SOUTH,23319,478.8,2650,-1600
01/20/2025 05:55,SCH - HQ - NY,23324,123,1300,-980
01/20/2025 05:55,SCH - HQ_CEDARS,325274,30,200,-100
01/20/2025 05:55,SCH - HQ_IMPORT_EXPORT,325376,123,1310,-9999
01/20/2025 05:55,SCH - NE - NY,23318,-233.64,1400,-1800
01/20/2025 05:55,SCH - NPX_1385,325277,-40,200,-200
01/20/2025 05:55,SCH - NPX_CSC,325154,0,330,-330
01/20/2025 05:55,SCH - OH - NY,23317,1600.08,2200,-1850
01/20/2025 05:55,SCH - PJ - NY,23316,1405.8,1700,-2400
01/20/2025 05:55,SCH - PJM_HTP,325905,200,660,-660
01/20/2025 05:55,SCH - PJM_NEPTUNE,325305,600,660,-660
01/20/2025 05:55,SCH - PJM_VFT,325658,315,315,-315
01/20/2025 05:55,SPR/DUN-SOUTH,23320,1781.18,4600,-9999
01/20/2025 05:55,TOTAL EAST,23314,4530.73,7550,-9999
01/20/2025 05:55,UPNY CONED,23315,3325.61,6360,-9999
01/20/2025 05:55,WEST CENTRAL,23312,777.72,9999,-9999
01/20/2025 06:00,CENTRAL EAST - VC,23330,2335.99,2985,-9999
01/20/2025 06:00,DYSINGER EAST,23326,1351.44,3200,-9999
01/20/2025 06:00,MOSES SOUTH,23319,410.4,2650,-1600
01/20/2025 06:00,SCH - HQ - NY,23324,148,1300,-980
01/20/2025 06:00,SCH - HQ_CEDARS,325274,15,200,-100
01/20/2025 06:00,SCH - HQ_IMPORT_EXPORT,325376,148,1310,-9999
01/20/2025 06:00,SCH - NE - NY,23318,-213.7,1400,-1800
01/20/2025 06:00,SCH - NPX_1385,325277,-15,200,-200
01/20/2025 06:00,SCH - NPX_CSC,325154,0,330,-330
01/20/2025 06:00,SCH - OH - NY,23317,1523.05,2200,-1850
01/20/2025 06:00,SCH - PJ - NY,23316,1405.22,1700,-2400
01/20/2025 06:00,SCH - PJM_HTP,325905,200,660,-660
01/20/2025 06:00,SCH - PJM_NEPTUNE,325305,600,660,-660
01/20/2025 06:00,SCH - PJM_VFT,325658,315,315,-315
01/20/2025 06:00,SPR/DUN-SOUTH,23320,1828.74,4600,-9999
01/20/2025 06:00,TOTAL EAST,23314,4471.13,7550,-9999
01/20/2025 06:00,UPNY CONED,23315,3289.32,6360,-9999
01/20/2025 06:00,WEST CENTRAL,23312,823.09,9999,-9999
01/20/2025 06:05,CENTRAL EAST - VC,23330,2326.16,2985,-9999
01/20/2025 06:05,DYSINGER EAST,23326,1403.25,3200,-9999
01/20/2025 06:05,MOSES SOUTH,23319,416.36,2650,-1600
01/20/2025 06:05,SCH - HQ - NY,23324,172,1300,-980
01/20/2025 06:05,SCH - HQ_CEDARS,325274,0,200,-100
01/20/2025 06:05,SCH - HQ_IMPORT_EXPORT,325376,172,1310,-9999
01/20/2025 06:05,SCH - NE - NY,23318,-193.76,1400,-1800
01/20/2025 06:05,SCH - NPX_1385,325277,10,200,-200
01/20/2025 06:05,SCH - NPX_CSC,325154,0,330,-330
01/20/2025 06:05,SCH - OH - NY,23317,1446.05,2200,-1850
01/20/2025 06:05,SCH - PJ - NY,23316,1406.6,1700,-2400
01/20/2025 06:05,SCH - PJM_HTP,325905,200,660,-660
01/20/2025 06:05,SCH - PJM_NEPTUNE,325305,600,660,-660
01/20/2025 06:05,SCH - PJM_VFT,325658,315,315,-315
01/20/2025 06:05,SPR/DUN-SOUTH,23320,1829.25,4600,-9999
01/20/2025 06:05,TOTAL EAST,23314,4456.91,7550,-9999
01/20/2025 06:05,UPNY CONED,23315,3288.06,6360,-9999
01/20/2025 06:05,WEST CENTRAL,23312,868.85,9999,-9999
01/20/2025 06:10,CENTRAL EAST - VC,23330,2389.74,2985,-9999
01/20/2025 06:10,DYSINGER EAST,23326,1478.38,3200,-9999
01/20/2025 06:10,MOSES SOUTH,23319,426.43,2650,-1600
01/20/2025 06:10,SCH - HQ - NY,23324,172,1300,-980
01/20/2025 06:10,SCH - HQ_CEDARS,325274,0,200,-100
01/20/2025 06:10,SCH - HQ_IMPORT_EXPORT,325376,172,1310,-9999
01/20/2025 06:10,SCH - NE - NY,23318,-190.98,1400,-1800
01/20/2025 06:10,SCH - NPX_1385,325277,10,200,-200
01/20/2025 06:10,SCH - NPX_CSC,325154,0,330,-330
01/20/2025 06:10,SCH - OH - NY,23317,1446.09,2200,-1850
01/20/2025 06:10,SCH - PJ - NY,23316,1406.16,1700,-2400
01/20/2025 06:10,SCH - PJM_HTP,325905,200,660,-660
01/20/2025 06:10,SCH - PJM_NEPTUNE,325305,600,660,-660
01/20/2025 06:10,SCH - PJM_VFT,325658,315,315,-315
01/20/2025 06:10,SPR/DUN-SOUTH,23320,1871.75,4600,-9999
01/20/2025 06:10,TOTAL EAST,23314,4499.07,7550,-9999
01/20/2025 06:10,UPNY CONED,23315,3344.23,6360,-9999
01/20/2025 06:10,WEST CENTRAL,23312,930.83,9999,-9999
01/20/2025 06:15,CENTRAL EAST - VC,23330,2446.34,2985,-9999
01/20/2025 06:15,DYSINGER EAST,23326,1483.76,3200,-9999
01/20/2025 06:15,MOSES SOUTH,23319,464.36,2650,-1600
01/20/2025 06:15,SCH - HQ - NY,23324,172,1300,-980
01/20/2025 06:15,SCH - HQ_CEDARS,325274,0,200,-100
01/20/2025 06:15,SCH - HQ_IMPORT_EXPORT,325376,172,1310,-9999
01/20/2025 06:15,SCH - NE - NY,23318,-190.64,1400,-1800
01/20/2025 06:15,SCH - NPX_1385,325277,10,200,-200
01/20/2025 06:15,SCH - NPX_CSC,325154,0,330,-330
01/20/2025 06:15,SCH - OH - NY,23317,1446.09,2200,-1850
01/20/2025 06:15,SCH - PJ - NY,23316,1405.78,1700,-2400
01/20/2025 06:15,SCH - PJM_HTP,325905,200,660,-660
01/20/2025 06:15,SCH - PJM_NEPTUNE,325305,600,660,-660
01/20/2025 06:15,SCH - PJM_VFT,325658,315,315,-315
01/20/2025 06:15,SPR/DUN-SOUTH,23320,1905.8,4600,-9999
01/20/2025 06:15,TOTAL EAST,23314,4544.42,7550,-9999
01/20/2025 06:15,UPNY CONED,23315,3401.89,6360,-9999
01/20/2025 06:15,WEST CENTRAL,23312,929.63,9999,-9999
01/20/2025 06:20,CENTRAL EAST - VC,23330,2451.33,2985,-9999
01/20/2025 06:20,DYSINGER EAST,23326,1480.77,3200,-9999
01/20/2025 06:20,MOSES SOUTH,23319,461.55,2650,-1600
01/20/2025 06:20,SCH - HQ - NY,23324,172,1300,-980
01/20/2025 06:20,SCH - HQ_CEDARS,325274,0,200,-100
01/20/2025 06:20,SCH - HQ_IMPORT_EXPORT,325376,172,1310,-9999
01/20/2025 06:20,SCH - NE - NY,23318,-190.22,1400,-1800
01/20/2025 06:20,SCH - NPX_1385,325277,10,200,-200
01/20/2025 06:20,SCH - NPX_CSC,325154,0,330,-330
01/20/2025 06:20,SCH - OH - NY,23317,1446.1,2200,-1850
01/20/2025 06:20,SCH - PJ - NY,23316,1406.36,1700,-2400
01/20/2025 06:20,SCH - PJM_HTP,325905,200,660,-660
01/20/2025 06:20,SCH - PJM_NEPTUNE,325305,600,660,-660
01/20/2025 06:20,SCH - PJM_VFT,325658,315,315,-315
01/20/2025 06:20,SPR/DUN-SOUTH,23320,1912.69,4600,-9999
01/20/2025 06:20,TOTAL EAST,23314,4549.49,7550,-9999
01/20/2025 06:20,UPNY CONED,23315,3382.97,6360,-9999
01/20/2025 06:20,WEST CENTRAL,23312,923.47,9999,-9999
01/20/2025 06:25,CENTRAL EAST - VC,23330,2452.93,2985,-9999
01/20/2025 06:25,DYSINGER EAST,23326,1409.47,3200,-9999
01/20/2025 06:25,MOSES SOUTH,23319,449.48,2650,-1600
01/20/2025 06:25,SCH - HQ - NY,23324,172,1300,-980
01/20/2025 06:25,SCH - HQ_CEDARS,325274,0,200,-100
01/20/2025 06:25,SCH - HQ_IMPORT_EXPORT,325376,172,1310,-9999
01/20/2025 06:25,SCH - NE - NY,23318,-190.08,1400,-1800
01/20/2025 06:25,SCH - NPX_1385,325277,10,200,-200
01/20/2025 06:25,SCH - NPX_CSC,325154,0,330,-330
01/20/2025 06:25,SCH - OH - NY,23317,1446.22,2200,-1850
01/20/2025 06:25,SCH - PJ - NY,23316,1409.19,1700,-2400
01/20/2025 06:25,SCH - PJM_HTP,325905,200,660,-660
01/20/2025 06:25,SCH - PJM_NEPTUNE,325305,600,660,-660
01/20/2025 06:25,SCH - PJM_VFT,325658,315,315,-315
01/20/2025 06:25,SPR/DUN-SOUTH,23320,1922.63,4600,-9999
01/20/2025 06:25,TOTAL EAST,23314,4593,7550,-9999
01/20/2025 06:25,UPNY CONED,23315,3370.63,6360,-9999
01/20/2025 06:25,WEST CENTRAL,23312,857.16,9999,-9999
01/20/2025 06:30,CENTRAL EAST - VC,23330,2418.09,2985,-9999
01/20/2025 06:30,DYSINGER EAST,23326,1387.93,3200,-9999
01/20/2025 06:30,MOSES SOUTH,23319,459.97,2650,-1600
01/20/2025 06:30,SCH - HQ - NY,23324,172,1300,-980
01/20/2025 06:30,SCH - HQ_CEDARS,325274,0,200,-100
01/20/2025 06:30,SCH - HQ_IMPORT_EXPORT,325376,172,1310,-9999
01/20/2025 06:30,SCH - NE - NY,23318,-175.62,1400,-1800
01/20/2025 06:30,SCH - NPX_1385,325277,10,200,-200
01/20/2025 06:30,SCH - NPX_CSC,325154,0,330,-330
01/20/2025 06:30,SCH - OH - NY,23317,1446.26,2200,-1850
01/20/2025 06:30,SCH - PJ - NY,23316,1406.74,1700,-2400
01/20/2025 06:30,SCH - PJM_HTP,325905,200,660,-660
01/20/2025 06:30,SCH - PJM_NEPTUNE,325305,600,660,-660
01/20/2025 06:30,SCH - PJM_VFT,325658,315,315,-315
01/20/2025 06:30,SPR/DUN-SOUTH,23320,1951.28,4600,-9999
01/20/2025 06:30,TOTAL EAST,23314,4551.51,7550,-9999
01/20/2025 06:30,UPNY CONED,23315,3394.37,6360,-9999
01/20/2025 06:30,WEST CENTRAL,23312,833.2,9999,-9999
01/20/2025 06:35,CENTRAL EAST - VC,23330,2461.42,2985,-9999
01/20/2025 06:35,DYSINGER EAST,23326,1235.54,3200,-9999
01/20/2025 06:35,MOSES SOUTH,23319,479.34,2650,-1600
01/20/2025 06:35,SCH - HQ - NY,23324,172,1300,-980
01/20/2025 06:35,SCH - HQ_CEDARS,325274,0,200,-100
01/20/2025 06:35,SCH - HQ_IMPORT_EXPORT,325376,172,1310,-9999
01/20/2025 06:35,SCH - NE - NY,23318,-161.23,1400,-1800
01/20/2025 06:35,SCH - NPX_1385,325277,10,200,-200
01/20/2025 06:35,SCH - NPX_CSC,325154,0,330,-330
01/20/2025 06:35,SCH - OH - NY,23317,1446.45,2200,-1850
01/20/2025 06:35,SCH - PJ - NY,23316,1402.54,1700,-2400
01/20/2025 06:35,SCH - PJM_HTP,325905,200,660,-660
01/20/2025 06:35,SCH - PJM_NEPTUNE,325305,600,660,-660
01/20/2025 06:35,SCH - PJM_VFT,325658,315,315,-315
01/20/2025 06:35,SPR/DUN-SOUTH,23320,2004.89,4600,-9999
01/20/2025 06:35,TOTAL EAST,23314,4500.92,7550,-9999
01/20/2025 06:35,UPNY CONED,23315,3394.47,6360,-9999
01/20/2025 06:35,WEST CENTRAL,23312,668.85,9999,-9999
01/20/2025 06:40,CENTRAL EAST - VC,23330,2483.09,2985,-9999
01/20/2025 06:40,DYSINGER EAST,23326,1349.5,3200,-9999
01/20/2025 06:40,MOSES SOUTH,23319,457.78,2650,-1600
01/20/2025 06:40,SCH - HQ - NY,23324,172,1300,-980
01/20/2025 06:40,SCH - HQ_CEDARS,325274,0,200,-100
01/20/2025 06:40,SCH - HQ_IMPORT_EXPORT,325376,172,1310,-9999
01/20/2025 06:40,SCH - NE - NY,23318,-161.24,1400,-1800
01/20/2025 06:40,SCH - NPX_1385,325277,10,200,-200
01/20/2025 06:40,SCH - NPX_CSC,325154,0,330,-330
01/20/2025 06:40,SCH - OH - NY,23317,1446.28,2200,-1850
01/20/2025 06:40,SCH - PJ - NY,23316,1400.5,1700,-2400
01/20/2025 06:40,SCH - PJM_HTP,325905,200,660,-660
01/20/2025 06:40,SCH - PJM_NEPTUNE,325305,600,660,-660
01/20/2025 06:40,SCH - PJM_VFT,325658,315,315,-315
01/20/2025 06:40,SPR/DUN-SOUTH,23320,2022.75,4600,-9999
01/20/2025 06:40,TOTAL EAST,23314,4547.27,7550,-9999
01/20/2025 06:40,UPNY CONED,23315,3426.07,6360,-9999
01/20/2025 06:40,WEST CENTRAL,23312,776.92,9999,-9999
01/20/2025 06:45,CENTRAL EAST - VC,23330,2409.44,2985,-9999
01/20/2025 06:45,DYSINGER EAST,23326,1401.99,3200,-9999
01/20/2025 06:45,MOSES SOUTH,23319,465.54,2650,-1600
01/20/2025 06:45,SCH - HQ - NY,23324,172,1300,-980
01/20/2025 06:45,SCH - HQ_CEDARS,325274,0,200,-100
01/20/2025 06:45,SCH - HQ_IMPORT_EXPORT,325376,172,1310,-9999
01/20/2025 06:45,SCH - NE - NY,23318,-168.41,1400,-1800
01/20/2025 06:45,SCH - NPX_1385,325277,10,200,-200
01/20/2025 06:45,SCH - NPX_CSC,325154,0,330,-330
01/20/2025 06:45,SCH - OH - NY,23317,1446.21,2200,-1850
01/20/2025 06:45,SCH - PJ - NY,23316,1403.59,1700,-2400
01/20/2025 06:45,SCH - PJM_HTP,325905,200,660,-660
01/20/2025 06:45,SCH - PJM_NEPTUNE,325305,630,660,-660
01/20/2025 06:45,SCH - PJM_VFT,325658,315,315,-315
01/20/2025 06:45,SPR/DUN-SOUTH,23320,1996.2,4600,-9999
01/20/2025 06:45,TOTAL EAST,23314,4546.64,7550,-9999
01/20/2025 06:45,UPNY CONED,23315,3404.98,6720,-9999
01/20/2025 06:45,WEST CENTRAL,23312,812.96,9999,-9999
01/20/2025 06:50,CENTRAL EAST - VC,23330,2458.78,2985,-9999
01/20/2025 06:50,DYSINGER EAST,23326,1440.3,3200,-9999
01/20/2025 06:50,MOSES SOUTH,23319,499.47,2650,-1600
01/20/2025 06:50,SCH - HQ - NY,23324,172,1300,-980
01/20/2025 06:50,SCH - HQ_CEDARS,325274,0,200,-100
01/20/2025 06:50,SCH - HQ_IMPORT_EXPORT,325376,172,1310,-9999
01/20/2025 06:50,SCH - NE - NY,23318,-174.03,1400,-1800
01/20/2025 06:50,SCH - NPX_1385,325277,10,200,-200
01/20/2025 06:50,SCH - NPX_CSC,325154,0,330,-330
01/20/2025 06:50,SCH - OH - NY,23317,1446.22,2200,-1850
01/20/2025 06:50,SCH - PJ - NY,23316,1397.18,1700,-2400
01/20/2025 06:50,SCH - PJM_HTP,325905,200,660,-660
01/20/2025 06:50,SCH - PJM_NEPTUNE,325305,660,660,-660
01/20/2025 06:50,SCH - PJM_VFT,325658,315,315,-315
01/20/2025 06:50,SPR/DUN-SOUTH,23320,2056.81,4600,-9999
01/20/2025 06:50,TOTAL EAST,23314,4585.38,7550,-9999
01/20/2025 06:50,UPNY CONED,23315,3390.12,6720,-9999
01/20/2025 06:50,WEST CENTRAL,23312,855.4,9999,-9999
01/20/2025 06:55,CENTRAL EAST - VC,23330,2503.2,2985,-9999
01/20/2025 06:55,DYSINGER EAST,23326,1492.71,3200,-9999
01/20/2025 06:55,MOSES SOUTH,23319,495.59,2650,-1600
01/20/2025 06:55,SCH - HQ - NY,23324,172,1300,-980
01/20/2025 06:55,SCH - HQ_CEDARS,325274,0,200,-100
01/20/2025 06:55,SCH - HQ_IMPORT_EXPORT,325376,172,1310,-9999
01/20/2025 06:55,SCH - NE - NY,23318,-173.84,1400,-1800
01/20/2025 06:55,SCH - NPX_1385,325277,10,200,-200
01/20/2025 06:55,SCH - NPX_CSC,325154,0,330,-330
01/20/2025 06:55,SCH - OH - NY,23317,1446.19,2200,-1850
01/20/2025 06:55,SCH - PJ - NY,23316,1401.98,1700,-2400
01/20/2025 06:55,SCH - PJM_HTP,325905,200,660,-660
01/20/2025 06:55,SCH - PJM_NEPTUNE,325305,660,660,-660
01/20/2025 06:55,SCH - PJM_VFT,325658,315,315,-315
01/20/2025 06:55,SPR/DUN-SOUTH,23320,2093.78,4600,-9999
01/20/2025 06:55,TOTAL EAST,23314,4588.72,7550,-9999
01/20/2025 06:55,UPNY CONED,23315,3440.47,6720,-9999
01/20/2025 06:55,WEST CENTRAL,23312,907.81,9999,-9999
01/20/2025 07:00,CENTRAL EAST - VC,23330,2236.44,2985,-9999
01/20/2025 07:00,DYSINGER EAST,23326,1440.25,3200,-9999
01/20/2025 07:00,MOSES SOUTH,23319,163.38,2650,-1600
01/20/2025 07:00,SCH - HQ - NY,23324,-121,1300,-980
01/20/2025 07:00,SCH - HQ_CEDARS,325274,-26,200,-100
01/20/2025 07:00,SCH - HQ_IMPORT_EXPORT,325376,-121,1310,-9999
01/20/2025 07:00,SCH - NE - NY,23318,-33.89,1400,-1800
01/20/2025 07:00,SCH - NPX_1385,325277,8,200,-200
01/20/2025 07:00,SCH - NPX_CSC,325154,0,330,-330
01/20/2025 07:00,SCH - OH - NY,23317,1289.27,2200,-1850
01/20/2025 07:00,SCH - PJ - NY,23316,1386.12,1700,-2400
01/20/2025 07:00,SCH - PJM_HTP,325905,200,660,-660
01/20/2025 07:00,SCH - PJM_NEPTUNE,325305,660,660,-660
01/20/2025 07:00,SCH - PJM_VFT,325658,315,315,-315
01/20/2025 07:00,SPR/DUN-SOUTH,23320,2069.66,4600,-9999
01/20/2025 07:00,TOTAL EAST,23314,4221.47,7550,-9999
01/20/2025 07:00,UPNY CONED,23315,3331.94,6720,-9999
01/20/2025 07:00,WEST CENTRAL,23312,850.54,9999,-9999
01/20/2025 07:05,CENTRAL EAST - VC,23330,1937.29,2985,-9999
01/20/2025 07:05,DYSINGER EAST,23326,1407.57,3200,-9999
01/20/2025 07:05,MOSES SOUTH,23319,-158.23,2650,-1600
01/20/2025 07:05,SCH - HQ - NY,23324,-415,1300,-980
01/20/2025 07:05,SCH - HQ_CEDARS,325274,-52,200,-100
01/20/2025 07:05,SCH - HQ_IMPORT_EXPORT,325376,-415,1310,-9999
01/20/2025 07:05,SCH - NE - NY,23318,104.58,1400,-1800
01/20/2025 07:05,SCH - NPX_1385,325277,5,200,-200
01/20/2025 07:05,SCH - NPX_CSC,325154,0,330,-330
01/20/2025 07:05,SCH - OH - NY,23317,1133.17,2200,-1850
01/20/2025 07:05,SCH - PJ - NY,23316,1377.23,1700,-2400
01/20/2025 07:05,SCH - PJM_HTP,325905,200,660,-660
01/20/2025 07:05,SCH - PJM_NEPTUNE,325305,660,660,-660
01/20/2025 07:05,SCH - PJM_VFT,325658,315,315,-315
01/20/2025 07:05,SPR/DUN-SOUTH,23320,1852.43,4600,-9999
01/20/2025 07:05,TOTAL EAST,23314,3801.9,7550,-9999
01/20/2025 07:05,UPNY CONED,23315,3071.23,6720,-9999
01/20/2025 07:05,WEST CENTRAL,23312,810.72,9999,-9999
01/20/2025 07:10,CENTRAL EAST - VC,23330,2018.9,2985,-9999
01/20/2025 07:10,DYSINGER EAST,23326,1520.87,3200,-9999
01/20/2025 07:10,MOSES SOUTH,23319,-54.04,2650,-1600
01/20/2025 07:10,SCH - HQ - NY,23324,-415,1300,-980
01/20/2025 07:10,SCH - HQ_CEDARS,325274,-52,200,-100
01/20/2025 07:10,SCH - HQ_IMPORT_EXPORT,325376,-415,1310,-9999
01/20/2025 07:10,SCH - NE - NY,23318,105.02,1400,-1800
01/20/2025 07:10,SCH - NPX_1385,325277,5,200,-200
01/20/2025 07:10,SCH - NPX_CSC,325154,0,330,-330
01/20/2025 07:10,SCH - OH - NY,23317,1133.06,2200,-1850
01/20/2025 07:10,SCH - PJ - NY,23316,1379.98,1700,-2400
01/20/2025 07:10,SCH - PJM_HTP,325905,200,660,-660
01/20/2025 07:10,SCH - PJM_NEPTUNE,325305,660,660,-660
01/20/2025 07:10,SCH - PJM_VFT,325658,315,315,-315
01/20/2025 07:10,SPR/DUN-SOUTH,23320,1979.55,4600,-9999
01/20/2025 07:10,TOTAL EAST,23314,3883.68,7550,-9999
01/20/2025 07:10,UPNY CONED,23315,3172.82,6720,-9999
01/20/2025 07:10,WEST CENTRAL,23312,904.84,9999,-9999
01/20/2025 07:15,CENTRAL EAST - VC,23330,2059.62,2985,-9999
01/20/2025 07:15,DYSINGER EAST,23326,1586.16,3200,-9999
01/20/2025 07:15,MOSES SOUTH,23319,-4.13,2650,-1600
01/20/2025 07:15,SCH - HQ - NY,23324,-415,1300,-980
01/20/2025 07:15,SCH - HQ_CEDARS,325274,-52,200,-100
01/20/2025 07:15,SCH - HQ_IMPORT_EXPORT,325376,-415,1310,-9999
01/20/2025 07:15,SCH - NE - NY,23318,96.68,1400,-1800
01/20/2025 07:15,SCH - NPX_1385,325277,5,200,-200
01/20/2025 07:15,SCH - NPX_CSC,325154,0,330,-330
01/20/2025 07:15,SCH - OH - NY,23317,1132.86,2200,-1850
01/20/2025 07:15,SCH - PJ - NY,23316,1380.34,1700,-2400
01/20/2025 07:15,SCH - PJM_HTP,325905,200,660,-660
01/20/2025 07:15,SCH - PJM_NEPTUNE,325305,660,660,-660
01/20/2025 07:15,SCH - PJM_VFT,325658,315,315,-315
01/20/2025 07:15,SPR/DUN-SOUTH,23320,2032.23,4600,-9999
01/20/2025 07:15,TOTAL EAST,23314,3830.06,7550,-9999
01/20/2025 07:15,UPNY CONED,23315,3164.89,6720,-9999
01/20/2025 07:15,WEST CENTRAL,23312,954.7,9999,-9999
01/20/2025 07:20,CENTRAL EAST - VC,23330,2095.15,2985,-9999
01/20/2025 07:20,DYSINGER EAST,23326,1596.63,3200,-9999
01/20/2025 07:20,MOSES SOUTH,23319,23.26,2650,-1600
01/20/2025 07:20,SCH - HQ - NY,23324,-415,1300,-980
01/20/2025 07:20,SCH - HQ_CEDARS,325274,-52,200,-100
01/20/2025 07:20,SCH - HQ_IMPORT_EXPORT,325376,-415,1310,-9999
01/20/2025 07:20,SCH - NE - NY,23318,88.85,1400,-1800
01/20/2025 07:20,SCH - NPX_1385,325277,5,200,-200
01/20/2025 07:20,SCH - NPX_CSC,325154,0,330,-330
01/20/2025 07:20,SCH - OH - NY,23317,1132.79,2200,-1850
01/20/2025 07:20,SCH - PJ - NY,23316,1380.15,1700,-2400
01/20/2025 07:20,SCH - PJM_HTP,325905,200,660,-660
01/20/2025 07:20,SCH - PJM_NEPTUNE,325305,660,660,-660
01/20/2025 07:20,SCH - PJM_VFT,325658,315,315,-315
01/20/2025 07:20,SPR/DUN-SOUTH,23320,2099.85,4600,-9999
01/20/2025 07:20,TOTAL EAST,23314,3817.8,7550,-9999
01/20/2025 07:20,UPNY CONED,23315,3166.34,6720,-9999
01/20/2025 07:20,WEST CENTRAL,23312,959.2,9999,-9999
01/20/2025 07:25,CENTRAL EAST - VC,23330,2060.98,2985,-9999
01/20/2025 07:25,DYSINGER EAST,23326,1520.96,3200,-9999
01/20/2025 07:25,MOSES SOUTH,23319,-24.59,2650,-1600
01/20/2025 07:25,SCH - HQ - NY,23324,-415,1300,-980
01/20/2025 07:25,SCH - HQ_CEDARS,325274,-52,200,-100
01/20/2025 07:25,SCH - HQ_IMPORT_EXPORT,325376,-415,1310,-9999
01/20/2025 07:25,SCH - NE - NY,23318,89.17,1400,-1800
01/20/2025 07:25,SCH - NPX_1385,325277,5,200,-200
01/20/2025 07:25,SCH - NPX_CSC,325154,0,330,-330
01/20/2025 07:25,SCH - OH - NY,23317,1133.04,2200,-1850
01/20/2025 07:25,SCH - PJ - NY,23316,1378.76,1700,-2400
01/20/2025 07:25,SCH - PJM_HTP,325905,200,660,-660
01/20/2025 07:25,SCH - PJM_NEPTUNE,325305,660,660,-660
01/20/2025 07:25,SCH - PJM_VFT,325658,315,315,-315
01/20/2025 07:25,SPR/DUN-SOUTH,23320,2178.34,4600,-9999
01/20/2025 07:25,TOTAL EAST,23314,3829.61,7550,-9999
01/20/2025 07:25,UPNY CONED,23315,3210.47,6720,-9999
01/20/2025 07:25,WEST CENTRAL,23312,885.51,9999,-9999
01/20/2025 07:30,CENTRAL EAST - VC,23330,1993.15,2985,-9999
01/20/2025 07:30,DYSINGER EAST,23326,1444.68,3200,-9999
01/20/2025 07:30,MOSES SOUTH,23319,-109.06,2650,-1600
01/20/2025 07:30,SCH - HQ - NY,23324,-415,1300,-980
01/20/2025 07:30,SCH - HQ_CEDARS,325274,-52,200,-100
01/20/2025 07:30,SCH - HQ_IMPORT_EXPORT,325376,-415,1310,-9999
01/20/2025 07:30,SCH - NE - NY,23318,96.86,1400,-1800
01/20/2025 07:30,SCH - NPX_1385,325277,5,200,-200
01/20/2025 07:30,SCH - NPX_CSC,325154,0,330,-330
01/20/2025 07:30,SCH - OH - NY,23317,1133.38,2200,-1850
01/20/2025 07:30,SCH - PJ - NY,23316,1382.97,1700,-2400
01/20/2025 07:30,SCH - PJM_HTP,325905,200,660,-660
01/20/2025 07:30,SCH - PJM_NEPTUNE,325305,660,660,-660
01/20/2025 07:30,SCH - PJM_VFT,325658,315,315,-315
01/20/2025 07:30,SPR/DUN-SOUTH,23320,2231.22,4600,-9999
01/20/2025 07:30,TOTAL EAST,23314,3808.06,7550,-9999
01/20/2025 07:30,UPNY CONED,23315,3216.68,6720,-9999
01/20/2025 07:30,WEST CENTRAL,23312,804.23,9999,-9999
01/20/2025 07:35,CENTRAL EAST - VC,23330,1977.22,2985,-9999
01/20/2025 07:35,DYSINGER EAST,23326,1452.16,3200,-9999
01/20/2025 07:35,MOSES SOUTH,23319,-110.88,2650,-1600
01/20/2025 07:35,SCH - HQ - NY,23324,-415,1300,-980
01/20/2025 07:35,SCH - HQ_CEDARS,325274,-52,200,-100
01/20/2025 07:35,SCH - HQ_IMPORT_EXPORT,325376,-415,1310,-9999
01/20/2025 07:35,SCH - NE - NY,23318,104.78,1400,-1800
01/20/2025 07:35,SCH - NPX_1385,325277,5,200,-200
01/20/2025 07:35,SCH - NPX_CSC,325154,0,330,-330
01/20/2025 07:35,SCH - OH - NY,23317,1133.44,2200,-1850
01/20/2025 07:35,SCH - PJ - NY,23316,1380.01,1700,-2400
01/20/2025 07:35,SCH - PJM_HTP,325905,200,660,-660
01/20/2025 07:35,SCH - PJM_NEPTUNE,325305,660,660,-660
01/20/2025 07:35,SCH - PJM_VFT,325658,315,315,-315
01/20/2025 07:35,SPR/DUN-SOUTH,23320,2245.53,4600,-9999
01/20/2025 07:35,TOTAL EAST,23314,3825.86,7550,-9999
01/20/2025 07:35,UPNY CONED,23315,3240.63,6720,-9999
01/20/2025 07:35,WEST CENTRAL,23312,822.17,9999,-9999
01/20/2025 07:40,CENTRAL EAST - VC,23330,1981.44,2985,-9999
01/20/2025 07:40,DYSINGER EAST,23326,1476.04,3200,-9999
01/20/2025 07:40,MOSES SOUTH,23319,-97.48,2650,-1600
01/20/2025 07:40,SCH - HQ - NY,23324,-415,1300,-980
01/20/2025 07:40,SCH - HQ_CEDARS,325274,-52,200,-100
01/20/2025 07:40,SCH - HQ_IMPORT_EXPORT,325376,-415,1310,-9999
01/20/2025 07:40,SCH - NE - NY,23318,104.58,1400,-1800
01/20/2025 07:40,SCH - NPX_1385,325277,5,200,-200
01/20/2025 07:40,SCH - NPX_CSC,325154,0,330,-330
01/20/2025 07:40,SCH - OH - NY,23317,1133.38,2200,-1850
01/20/2025 07:40,SCH - PJ - NY,23316,1381.22,1700,-2400
01/20/2025 07:40,SCH - PJM_HTP,325905,200,660,-660
01/20/2025 07:40,SCH - PJM_NEPTUNE,325305,660,660,-660
01/20/2025 07:40,SCH - PJM_VFT,325658,315,315,-315
01/20/2025 07:40,SPR/DUN-SOUTH,23320,2265.32,4600,-9999
01/20/2025 07:40,TOTAL EAST,23314,3831.25,7550,-9999
01/20/2025 07:40,UPNY CONED,23315,3269.8,6720,-9999
01/20/2025 07:40,WEST CENTRAL,23312,844.99,9999,-9999
01/20/2025 07:45,CENTRAL EAST - VC,23330,1914.96,2985,-9999
01/20/2025 07:45,DYSINGER EAST,23326,1461.69,3200,-9999
01/20/2025 07:45,MOSES SOUTH,23319,-168.46,2650,-1600
01/20/2025 07:45,SCH - HQ - NY,23324,-415,1300,-980
01/20/2025 07:45,SCH - HQ_CEDARS,325274,-52,200,-100
01/20/2025 07:45,SCH - HQ_IMPORT_EXPORT,325376,-415,1310,-9999
01/20/2025 07:45,SCH - NE - NY,23318,96.65,1400,-1800
01/20/2025 07:45,SCH - NPX_1385,325277,5,200,-200
01/20/2025 07:45,SCH - NPX_CSC,325154,0,330,-330
01/20/2025 07:45,SCH - OH - NY,23317,1133.58,2200,-1850
01/20/2025 07:45,SCH - PJ - NY,23316,1380.03,1700,-2400
01/20/2025 07:45,SCH - PJM_HTP,325905,200,660,-660
01/20/2025 07:45,SCH - PJM_NEPTUNE,325305,660,660,-660
01/20/2025 07:45,SCH - PJM_VFT,325658,315,315,-315
01/20/2025 07:45,SPR/DUN-SOUTH,23320,2223.92,4600,-9999
01/20/2025 07:45,TOTAL EAST,23314,3805.16,7550,-9999
01/20/2025 07:45,UPNY CONED,23315,3239.32,6720,-9999
01/20/2025 07:45,WEST CENTRAL,23312,831.49,9999,-9999
01/20/2025 07:50,CENTRAL EAST - VC,23330,1899.53,2985,-9999
01/20/2025 07:50,DYSINGER EAST,23326,1416.64,3200,-9999
01/20/2025 07:50,MOSES SOUTH,23319,-157.17,2650,-1600
01/20/2025 07:50,SCH - HQ - NY,23324,-415,1300,-980
01/20/2025 07:50,SCH - HQ_CEDARS,325274,-52,200,-100
01/20/2025 07:50,SCH - HQ_IMPORT_EXPORT,325376,-415,1310,-9999
01/20/2025 07:50,SCH - NE - NY,23318,88.31,1400,-1800
01/20/2025 07:50,SCH - NPX_1385,325277,5,200,-200
01/20/2025 07:50,SCH - NPX_CSC,325154,0,330,-330
01/20/2025 07:50,SCH - OH - NY,23317,1133.69,2200,-1850
01/20/2025 07:50,SCH - PJ - NY,23316,1379.36,1700,-2400
01/20/2025 07:50,SCH - PJM_HTP,325905,200,660,-660
01/20/2025 07:50,SCH - PJM_NEPTUNE,325305,660,660,-660
01/20/2025 07:50,SCH - PJM_VFT,325658,315,315,-315
01/20/2025 07:50,SPR/DUN-SOUTH,23320,2235.01,4600,-9999
01/20/2025 07:50,TOTAL EAST,23314,3799.66,7550,-9999
01/20/2025 07:50,UPNY CONED,23315,3257.25,6720,-9999
01/20/2025 07:50,WEST CENTRAL,23312,789.44,9999,-9999
01/20/2025 07:55,CENTRAL EAST - VC,23330,1909.22,2985,-9999
01/20/2025 07:55,DYSINGER EAST,23326,1402.48,3200,-9999
01/20/2025 07:55,MOSES SOUTH,23319,-153.5,2650,-1600
01/20/2025 07:55,SCH - HQ - NY,23324,-415,1300,-980
01/20/2025 07:55,SCH - HQ_CEDARS,325274,-52,200,-100
01/20/2025 07:55,SCH - HQ_IMPORT_EXPORT,325376,-415,1310,-9999
01/20/2025 07:55,SCH - NE - NY,23318,88.56,1400,-1800
01/20/2025 07:55,SCH - NPX_1385,325277,5,200,-200
01/20/2025 07:55,SCH - NPX_CSC,325154,0,330,-330
01/20/2025 07:55,SCH - OH - NY,23317,1133.69,2200,-1850
01/20/2025 07:55,SCH - PJ - NY,23316,1381.13,1700,-2400
01/20/2025 07:55,SCH - PJM_HTP,325905,200,660,-660
01/20/2025 07:55,SCH - PJM_NEPTUNE,325305,660,660,-660
01/20/2025 07:55,SCH - PJM_VFT,325658,315,315,-315
01/20/2025 07:55,SPR/DUN-SOUTH,23320,2257.56,4600,-9999
01/20/2025 07:55,TOTAL EAST,23314,3809.77,7550,-9999
01/20/2025 07:55,UPNY CONED,23315,3295.82,6720,-9999
01/20/2025 07:55,WEST CENTRAL,23312,773.91,9999,-9999
01/20/2025 08:00,CENTRAL EAST - VC,23330,1859.63,2985,-9999
01/20/2025 08:00,DYSINGER EAST,23326,1374.06,3200,-9999
01/20/2025 08:00,MOSES SOUTH,23319,-161.49,2650,-1600
01/20/2025 08:00,SCH - HQ - NY,23324,-396,1300,-980
01/20/2025 08:00,SCH - HQ_CEDARS,325274,-76,200,-100
01/20/2025 08:00,SCH - HQ_IMPORT_EXPORT,325376,-396,1310,-9999
01/20/2025 08:00,SCH - NE - NY,23318,106.62,1400,-1800
01/20/2025 08:00,SCH - NPX_1385,325277,17,200,-200
01/20/2025 08:00,SCH - NPX_CSC,325154,0,330,-330
01/20/2025 08:00,SCH - OH - NY,23317,1048.63,2200,-1850
01/20/2025 08:00,SCH - PJ - NY,23316,1389.21,1700,-2400
01/20/2025 08:00,SCH - PJM_HTP,325905,200,660,-660
01/20/2025 08:00,SCH - PJM_NEPTUNE,325305,660,660,-660
01/20/2025 08:00,SCH - PJM_VFT,325658,315,315,-315
01/20/2025 08:00,SPR/DUN-SOUTH,23320,2228.91,4600,-9999
01/20/2025 08:00,TOTAL EAST,23314,3692.56,7550,-9999
01/20/2025 08:00,UPNY CONED,23315,3271.61,6720,-9999
01/20/2025 08:00,WEST CENTRAL,23312,743.47,9999,-9999
01/20/2025 08:05,CENTRAL EAST - VC,23330,1833.05,2985,-9999
01/20/2025 08:05,DYSINGER EAST,23326,1302.65,3200,-9999
01/20/2025 08:05,MOSES SOUTH,23319,-169.48,2650,-1600
01/20/2025 08:05,SCH - HQ - NY,23324,-378,1300,-980
01/20/2025 08:05,SCH - HQ_CEDARS,325274,-100,200,-100
01/20/2025 08:05,SCH - HQ_IMPORT_EXPORT,325376,-378,1310,-9999
01/20/2025 08:05,SCH - NE - NY,23318,125.37,1400,-1800
01/20/2025 08:05,SCH - NPX_1385,325277,31,200,-200
01/20/2025 08:05,SCH - NPX_CSC,325154,0,330,-330
01/20/2025 08:05,SCH - OH - NY,23317,964.5,2200,-1850
01/20/2025 08:05,SCH - PJ - NY,23316,1404.76,1700,-2400
01/20/2025 08:05,SCH - PJM_HTP,325905,200,660,-660
01/20/2025 08:05,SCH - PJM_NEPTUNE,325305,660,660,-660
01/20/2025 08:05,SCH - PJM_VFT,325658,315,315,-315
01/20/2025 08:05,SPR/DUN-SOUTH,23320,2209.62,4600,-9999
01/20/2025 08:05,TOTAL EAST,23314,3578.09,7550,-9999
01/20/2025 08:05,UPNY CONED,23315,3263.59,6720,-9999
01/20/2025 08:05,WEST CENTRAL,23312,667.96,9999,-9999
01/20/2025 08:10,CENTRAL EAST - VC,23330,1801.15,2985,-9999
01/20/2025 08:10,DYSINGER EAST,23326,1432.01,3200,-9999
01/20/2025 08:10,MOSES SOUTH,23319,-133.16,2650,-1600
01/20/2025 08:10,SCH - HQ - NY,23324,-378,1300,-980
01/20/2025 08:10,SCH - HQ_CEDARS,325274,-100,200,-100
01/20/2025 08:10,SCH - HQ_IMPORT_EXPORT,325376,-378,1310,-9999
01/20/2025 08:10,SCH - NE - NY,23318,124.26,1400,-1800
01/20/2025 08:10,SCH - NPX_1385,325277,30,200,-200
01/20/2025 08:10,SCH - NPX_CSC,325154,0,330,-330
01/20/2025 08:10,SCH - OH - NY,23317,964.24,2200,-1850
01/20/2025 08:10,SCH - PJ - NY,23316,1405.01,1700,-2400
01/20/2025 08:10,SCH - PJM_HTP,325905,200,660,-660
01/20/2025 08:10,SCH - PJM_NEPTUNE,325305,660,660,-660
01/20/2025 08:10,SCH - PJM_VFT,325658,315,315,-315
01/20/2025 08:10,SPR/DUN-SOUTH,23320,2166,4600,-9999
01/20/2025 08:10,TOTAL EAST,23314,3572.36,7550,-9999
01/20/2025 08:10,UPNY CONED,23315,3227.16,6720,-9999
01/20/2025 08:10,WEST CENTRAL,23312,788.91,9999,-9999
01/20/2025 08:15,CENTRAL EAST - VC,23330,1876.28,2985,-9999
01/20/2025 08:15,DYSINGER EAST,23326,1511.78,3200,-9999
01/20/2025 08:15,MOSES SOUTH,23319,-118.65,2650,-1600
01/20/2025 08:15,SCH - HQ - NY,23324,-378,1300,-980
01/20/2025 08:15,SCH - HQ_CEDARS,325274,-100,200,-100
01/20/2025 08:15,SCH - HQ_IMPORT_EXPORT,325376,-378,1310,-9999
01/20/2025 08:15,SCH - NE - NY,23318,-23.93,1400,-1800
01/20/2025 08:15,SCH - NPX_1385,325277,30,200,-200
01/20/2025 08:15,SCH - NPX_CSC,325154,0,330,-330
01/20/2025 08:15,SCH - OH - NY,23317,964.13,2200,-1850
01/20/2025 08:15,SCH - PJ - NY,23316,1405.09,1700,-2400
01/20/2025 08:15,SCH - PJM_HTP,325905,200,660,-660
01/20/2025 08:15,SCH - PJM_NEPTUNE,325305,660,660,-660
01/20/2025 08:15,SCH - PJM_VFT,325658,315,315,-315
01/20/2025 08:15,SPR/DUN-SOUTH,23320,2075.94,4600,-9999
01/20/2025 08:15,TOTAL EAST,23314,3564.95,7550,-9999
01/20/2025 08:15,UPNY CONED,23315,3143.78,6720,-9999
01/20/2025 08:15,WEST CENTRAL,23312,851.91,9999,-9999
01/20/2025 08:20,CENTRAL EAST - VC,23330,1883.09,2985,-9999
01/20/2025 08:20,DYSINGER EAST,23326,1532.24,3200,-9999
01/20/2025 08:20,MOSES SOUTH,23319,-138.62,2650,-1600
01/20/2025 08:20,SCH - HQ - NY,23324,-378,1300,-980
01/20/2025 08:20,SCH - HQ_CEDARS,325274,-100,200,-100
01/20/2025 08:20,SCH - HQ_IMPORT_EXPORT,325376,-378,1310,-9999
01/20/2025 08:20,SCH - NE - NY,23318,-172.18,1400,-1800
01/20/2025 08:20,SCH - NPX_1385,325277,30,200,-200
01/20/2025 08:20,SCH - NPX_CSC,325154,0,330,-330
01/20/2025 08:20,SCH - OH - NY,23317,964.16,2200,-1850
01/20/2025 08:20,SCH - PJ - NY,23316,1405.19,1700,-2400
01/20/2025 08:20,SCH - PJM_HTP,325905,200,660,-660
01/20/2025 08:20,SCH - PJM_NEPTUNE,325305,660,660,-660
01/20/2025 08:20,SCH - PJM_VFT,325658,315,315,-315
01/20/2025 08:20,SPR/DUN-SOUTH,23320,1913.65,4600,-9999
01/20/2025 08:20,TOTAL EAST,23314,3549.25,7550,-9999
01/20/2025 08:20,UPNY CONED,23315,2985.37,6720,-9999
01/20/2025 08:20,WEST CENTRAL,23312,872.15,9999,-9999
01/20/2025 08:25,CENTRAL EAST - VC,23330,1843.17,2985,-9999
01/20/2025 08:25,DYSINGER EAST,23326,1503.57,3200,-9999
01/20/2025 08:25,MOSES SOUTH,23319,-145.65,2650,-1600
01/20/2025 08:25,SCH - HQ - NY,23324,-378,1300,-980
01/20/2025 08:25,SCH - HQ_CEDARS,325274,-100,200,-100
01/20/2025 08:25,SCH - HQ_IMPORT_EXPORT,325376,-378,1310,-9999
01/20/2025 08:25,SCH - NE - NY,23318,-172.4,1400,-1800
01/20/2025 08:25,SCH - NPX_1385,325277,30,200,-200
01/20/2025 08:25,SCH - NPX_CSC,325154,0,330,-330
01/20/2025 08:25,SCH - OH - NY,23317,964.18,2200,-1850
01/20/2025 08:25,SCH - PJ - NY,23316,1403.44,1700,-2400
01/20/2025 08:25,SCH - PJM_HTP,325905,200,660,-660
01/20/2025 08:25,SCH - PJM_NEPTUNE,325305,660,660,-660
01/20/2025 08:25,SCH - PJM_VFT,325658,315,315,-315
01/20/2025 08:25,SPR/DUN-SOUTH,23320,1865.62,4600,-9999
01/20/2025 08:25,TOTAL EAST,23314,3539.21,7550,-9999
01/20/2025 08:25,UPNY CONED,23315,2932.63,7055,-9999
01/20/2025 08:25,WEST CENTRAL,23312,846.33,9999,-9999
01/20/2025 08:30,CENTRAL EAST - VC,23330,1863.89,2985,-9999
01/20/2025 08:30,DYSINGER EAST,23326,1448.77,3200,-9999
01/20/2025 08:30,MOSES SOUTH,23319,-150.72,2650,-1600
01/20/2025 08:30,SCH - HQ - NY,23324,-378,1300,-980
01/20/2025 08:30,SCH - HQ_CEDARS,325274,-100,200,-100
01/20/2025 08:30,SCH - HQ_IMPORT_EXPORT,325376,-378,1310,-9999
01/20/2025 08:30,SCH - NE - NY,23318,-270.95,1400,-1800
01/20/2025 08:30,SCH - NPX_1385,325277,30,200,-200
01/20/2025 08:30,SCH - NPX_CSC,325154,0,330,-330
01/20/2025 08:30,SCH - OH - NY,23317,964.31,2200,-1850
01/20/2025 08:30,SCH - PJ - NY,23316,1412.08,1700,-2400
01/20/2025 08:30,SCH - PJM_HTP,325905,200,660,-660
01/20/2025 08:30,SCH - PJM_NEPTUNE,325305,660,660,-660
01/20/2025 08:30,SCH - PJM_VFT,325658,315,315,-315
01/20/2025 08:30,SPR/DUN-SOUTH,23320,1864.83,4600,-9999
01/20/2025 08:30,TOTAL EAST,23314,3599.69,7550,-9999
01/20/2025 08:30,UPNY CONED,23315,2936.73,7055,-9999
01/20/2025 08:30,WEST CENTRAL,23312,798.35,9999,-9999
01/20/2025 08:35,CENTRAL EAST - VC,23330,1936.39,2985,-9999
01/20/2025 08:35,DYSINGER EAST,23326,1465.81,3200,-9999
01/20/2025 08:35,MOSES SOUTH,23319,-155.25,2650,-1600
01/20/2025 08:35,SCH - HQ - NY,23324,-378,1300,-980
01/20/2025 08:35,SCH - HQ_CEDARS,325274,-100,200,-100
01/20/2025 08:35,SCH - HQ_IMPORT_EXPORT,325376,-378,1310,-9999
01/20/2025 08:35,SCH - NE - NY,23318,-373.96,1400,-1800
01/20/2025 08:35,SCH - NPX_1385,325277,30,200,-200
01/20/2025 08:35,SCH - NPX_CSC,325154,0,330,-330
01/20/2025 08:35,SCH - OH - NY,23317,964.5,2200,-1850
01/20/2025 08:35,SCH - PJ - NY,23316,1405.05,1700,-2400
01/20/2025 08:35,SCH - PJM_HTP,325905,200,660,-660
01/20/2025 08:35,SCH - PJM_NEPTUNE,325305,660,660,-660
01/20/2025 08:35,SCH - PJM_VFT,325658,315,315,-315
01/20/2025 08:35,SPR/DUN-SOUTH,23320,1853.94,4600,-9999
01/20/2025 08:35,TOTAL EAST,23314,3676.31,7550,-9999
01/20/2025 08:35,UPNY CONED,23315,2932.33,7055,-9999
01/20/2025 08:35,WEST CENTRAL,23312,814.27,9999,-9999
01/20/2025 08:40,CENTRAL EAST - VC,23330,1927.78,2985,-9999
01/20/2025 08:40,DYSINGER EAST,23326,1471.24,3200,-9999
01/20/2025 08:40,MOSES SOUTH,23319,-176.48,2650,-1600
01/20/2025 08:40,SCH - HQ - NY,23324,-378,1300,-980
01/20/2025 08:40,SCH - HQ_CEDARS,325274,-100,200,-100
01/20/2025 08:40,SCH - HQ_IMPORT_EXPORT,325376,-378,1310,-9999
01/20/2025 08:40,SCH - NE - NY,23318,-373.97,1400,-1800
01/20/2025 08:40,SCH - NPX_1385,325277,30,200,-200
01/20/2025 08:40,SCH - NPX_CSC,325154,0,330,-330
01/20/2025 08:40,SCH - OH - NY,23317,964.49,2200,-1850
01/20/2025 08:40,SCH - PJ - NY,23316,1406.12,1700,-2400
01/20/2025 08:40,SCH - PJM_HTP,325905,200,660,-660
01/20/2025 08:40,SCH - PJM_NEPTUNE,325305,660,660,-660
01/20/2025 08:40,SCH - PJM_VFT,325658,315,315,-315
01/20/2025 08:40,SPR/DUN-SOUTH,23320,1847.86,4600,-9999
01/20/2025 08:40,TOTAL EAST,23314,3637.23,7550,-9999
01/20/2025 08:40,UPNY CONED,23315,2926.24,7055,-9999
01/20/2025 08:40,WEST CENTRAL,23312,817.27,9999,-9999
01/20/2025 08:45,CENTRAL EAST - VC,23330,1903.45,2985,-9999
01/20/2025 08:45,DYSINGER EAST,23326,1273.21,3200,-9999
01/20/2025 08:45,MOSES SOUTH,23319,-129.56,2650,-1600
01/20/2025 08:45,SCH - HQ - NY,23324,-378,1300,-980
01/20/2025 08:45,SCH - HQ_CEDARS,325274,-100,200,-100
01/20/2025 08:45,SCH - HQ_IMPORT_EXPORT,325376,-378,1310,-9999
01/20/2025 08:45,SCH - NE - NY,23318,-220.04,1400,-1800
01/20/2025 08:45,SCH - NPX_1385,325277,30,200,-200
01/20/2025 08:45,SCH - NPX_CSC,325154,0,330,-330
01/20/2025 08:45,SCH - OH - NY,23317,964.61,2200,-1850
01/20/2025 08:45,SCH - PJ - NY,23316,1398.16,1700,-2400
01/20/2025 08:45,SCH - PJM_HTP,325905,200,660,-660
01/20/2025 08:45,SCH - PJM_NEPTUNE,325305,660,660,-660
01/20/2025 08:45,SCH - PJM_VFT,325658,315,315,-315
01/20/2025 08:45,SPR/DUN-SOUTH,23320,1934.8,4600,-9999
01/20/2025 08:45,TOTAL EAST,23314,3517.46,7550,-9999
01/20/2025 08:45,UPNY CONED,23315,3012.91,7055,-9999
01/20/2025 08:45,WEST CENTRAL,23312,623.89,9999,-9999
01/20/2025 08:50,CENTRAL EAST - VC,23330,1829.67,2985,-9999
01/20/2025 08:50,DYSINGER EAST,23326,1276.74,3200,-9999
01/20/2025 08:50,MOSES SOUTH,23319,-170.54,2650,-1600
01/20/2025 08:50,SCH - HQ - NY,23324,-378,1300,-980
01/20/2025 08:50,SCH - HQ_CEDARS,325274,-100,200,-100
01/20/2025 08:50,SCH - HQ_IMPORT_EXPORT,325376,-378,1310,-9999
01/20/2025 08:50,SCH - NE - NY,23318,-72.44,1400,-1800
01/20/2025 08:50,SCH - NPX_1385,325277,30,200,-200
01/20/2025 08:50,SCH - NPX_CSC,325154,0,330,-330
01/20/2025 08:50,SCH - OH - NY,23317,964.58,2200,-1850
01/20/2025 08:50,SCH - PJ - NY,23316,1406.63,1700,-2400
01/20/2025 08:50,SCH - PJM_HTP,325905,200,660,-660
01/20/2025 08:50,SCH - PJM_NEPTUNE,325305,660,660,-660
01/20/2025 08:50,SCH - PJM_VFT,325658,315,315,-315
01/20/2025 08:50,SPR/DUN-SOUTH,23320,2064.04,4600,-9999
01/20/2025 08:50,TOTAL EAST,23314,3500.32,7550,-9999
01/20/2025 08:50,UPNY CONED,23315,3132.19,7055,-9999
01/20/2025 08:50,WEST CENTRAL,23312,627.87,9999,-9999
01/20/2025 08:55,CENTRAL EAST - VC,23330,1808.73,2985,-9999
01/20/2025 08:55,DYSINGER EAST,23326,1338.23,3200,-9999
01/20/2025 08:55,MOSES SOUTH,23319,-162.18,2650,-1600
01/20/2025 08:55,SCH - HQ - NY,23324,-378,1300,-980
01/20/2025 08:55,SCH - HQ_CEDARS,325274,-100,200,-100
01/20/2025 08:55,SCH - HQ_IMPORT_EXPORT,325376,-378,1310,-9999
01/20/2025 08:55,SCH - NE - NY,23318,-72.9,1400,-1800
01/20/2025 08:55,SCH - NPX_1385,325277,30,200,-200
01/20/2025 08:55,SCH - NPX_CSC,325154,0,330,-330
01/20/2025 08:55,SCH - OH - NY,23317,964.46,2200,-1850
01/20/2025 08:55,SCH - PJ - NY,23316,1406.08,1700,-2400
01/20/2025 08:55,SCH - PJM_HTP,325905,200,660,-660
01/20/2025 08:55,SCH - PJM_NEPTUNE,325305,660,660,-660
01/20/2025 08:55,SCH - PJM_VFT,325658,315,315,-315
01/20/2025 08:55,SPR/DUN-SOUTH,23320,2075.71,4600,-9999
01/20/2025 08:55,TOTAL EAST,23314,3494.09,7550,-9999
01/20/2025 08:55,UPNY CONED,23315,3143.43,7055,-9999
01/20/2025 08:55,WEST CENTRAL,23312,666.75,9999,-9999
01/20/2025 09:00,CENTRAL EAST - VC,23330,2069.58,2985,-9999
01/20/2025 09:00,DYSINGER EAST,23326,1472.78,3200,-9999
01/20/2025 09:00,MOSES SOUTH,23319,265.77,2650,-1600
01/20/2025 09:00,SCH - HQ - NY,23324,-48,1300,-980
01/20/2025 09:00,SCH - HQ_CEDARS,325274,0,200,-100
01/20/2025 09:00,SCH - HQ_IMPORT_EXPORT,325376,-48,1310,-9999
01/20/2025 09:00,SCH - NE - NY,23318,-221.63,1400,-1800
01/20/2025 09:00,SCH - NPX_1385,325277,64,200,-200
01/20/2025 09:00,SCH - NPX_CSC,325154,0,330,-330
01/20/2025 09:00,SCH - OH - NY,23317,1019.35,2200,-1850
01/20/2025 09:00,SCH - PJ - NY,23316,1406.57,1700,-2400
01/20/2025 09:00,SCH - PJM_HTP,325905,200,660,-660
01/20/2025 09:00,SCH - PJM_NEPTUNE,325305,620,660,-660
01/20/2025 09:00,SCH - PJM_VFT,325658,315,315,-315
01/20/2025 09:00,SPR/DUN-SOUTH,23320,2269.16,4600,-9999
01/20/2025 09:00,TOTAL EAST,23314,3946.86,7550,-9999
01/20/2025 09:00,UPNY CONED,23315,3346.97,7055,-9999
01/20/2025 09:00,WEST CENTRAL,23312,791.66,9999,-9999
01/20/2025 09:05,CENTRAL EAST - VC,23330,2387.95,2985,-9999
01/20/2025 09:05,DYSINGER EAST,23326,1530.83,3200,-9999
01/20/2025 09:05,MOSES SOUTH,23319,709.23,2650,-1600
01/20/2025 09:05,SCH - HQ - NY,23324,283,1300,-980
01/20/2025 09:05,SCH - HQ_CEDARS,325274,100,200,-100
01/20/2025 09:05,SCH - HQ_IMPORT_EXPORT,325376,283,1310,-9999
01/20/2025 09:05,SCH - NE - NY,23318,-369.13,1400,-1800
01/20/2025 09:05,SCH - NPX_1385,325277,99,200,-200
01/20/2025 09:05,SCH - NPX_CSC,325154,0,330,-330
01/20/2025 09:05,SCH - OH - NY,23317,1074.2,2200,-1850
01/20/2025 09:05,SCH - PJ - NY,23316,1402.9,1700,-2400
01/20/2025 09:05,SCH - PJM_HTP,325905,200,660,-660
01/20/2025 09:05,SCH - PJM_NEPTUNE,325305,581,660,-660
01/20/2025 09:05,SCH - PJM_VFT,325658,315,315,-315
01/20/2025 09:05,SPR/DUN-SOUTH,23320,2419.36,4600,-9999
01/20/2025 09:05,TOTAL EAST,23314,4362.14,7550,-9999
01/20/2025 09:05,UPNY CONED,23315,3551.02,7055,-9999
01/20/2025 09:05,WEST CENTRAL,23312,846.67,9999,-9999
01/20/2025 09:10,CENTRAL EAST - VC,23330,2392.76,2985,-9999
01/20/2025 09:10,DYSINGER EAST,23326,1441.84,3200,-9999
01/20/2025 09:10,MOSES SOUTH,23319,639.12,2650,-1600
01/20/2025 09:10,SCH - HQ - NY,23324,283,1300,-980
01/20/2025 09:10,SCH - HQ_CEDARS,325274,100,200,-100
01/20/2025 09:10,SCH - HQ_IMPORT_EXPORT,325376,283,1310,-9999
01/20/2025 09:10,SCH - NE - NY,23318,-370.4,1400,-1800
01/20/2025 09:10,SCH - NPX_1385,325277,99,200,-200
01/20/2025 09:10,SCH - NPX_CSC,325154,0,330,-330
01/20/2025 09:10,SCH - OH - NY,23317,1074.28,2200,-1850
01/20/2025 09:10,SCH - PJ - NY,23316,1405.61,1700,-2400
01/20/2025 09:10,SCH - PJM_HTP,325905,200,660,-660
01/20/2025 09:10,SCH - PJM_NEPTUNE,325305,581,660,-660
01/20/2025 09:10,SCH - PJM_VFT,325658,315,315,-315
01/20/2025 09:10,SPR/DUN-SOUTH,23320,2395.86,4600,-9999
01/20/2025 09:10,TOTAL EAST,23314,4377.72,7550,-9999
01/20/2025 09:10,UPNY CONED,23315,3516.83,7055,-9999
01/20/2025 09:10,WEST CENTRAL,23312,770.99,9999,-9999
01/20/2025 09:15,CENTRAL EAST - VC,23330,2386.05,2985,-9999
01/20/2025 09:15,DYSINGER EAST,23326,1494.78,3200,-9999
01/20/2025 09:15,MOSES SOUTH,23319,553.91,2650,-1600
01/20/2025 09:15,SCH - HQ - NY,23324,283,1300,-980
01/20/2025 09:15,SCH - HQ_CEDARS,325274,100,200,-100
01/20/2025 09:15,SCH - HQ_IMPORT_EXPORT,325376,283,1310,-9999
01/20/2025 09:15,SCH - NE - NY,23318,-341.25,1400,-1800
01/20/2025 09:15,SCH - NPX_1385,325277,99,200,-200
01/20/2025 09:15,SCH - NPX_CSC,325154,0,330,-330
01/20/2025 09:15,SCH - OH - NY,23317,1074.14,2200,-1850
01/20/2025 09:15,SCH - PJ - NY,23316,1403.6,1700,-2400
01/20/2025 09:15,SCH - PJM_HTP,325905,200,660,-660
01/20/2025 09:15,SCH - PJM_NEPTUNE,325305,620,660,-660
01/20/2025 09:15,SCH - PJM_VFT,325658,315,315,-315
01/20/2025 09:15,SPR/DUN-SOUTH,23320,2415.63,4600,-9999
01/20/2025 09:15,TOTAL EAST,23314,4376.04,7550,-9999
01/20/2025 09:15,UPNY CONED,23315,3515.82,7055,-9999
01/20/2025 09:15,WEST CENTRAL,23312,820.85,9999,-9999
01/20/2025 09:20,CENTRAL EAST - VC,23330,2313.84,2985,-9999
01/20/2025 09:20,DYSINGER EAST,23326,1426.44,3200,-9999
01/20/2025 09:20,MOSES SOUTH,23319,566.36,2650,-1600
01/20/2025 09:20,SCH - HQ - NY,23324,283,1300,-980
01/20/2025 09:20,SCH - HQ_CEDARS,325274,100,200,-100
01/20/2025 09:20,SCH - HQ_IMPORT_EXPORT,325376,283,1310,-9999
01/20/2025 09:20,SCH - NE - NY,23318,-311.44,1400,-1800
01/20/2025 09:20,SCH - NPX_1385,325277,99,200,-200
01/20/2025 09:20,SCH - NPX_CSC,325154,0,330,-330
01/20/2025 09:20,SCH - OH - NY,23317,1074.33,2200,-1850
01/20/2025 09:20,SCH - PJ - NY,23316,1404.68,1700,-2400
01/20/2025 09:20,SCH - PJM_HTP,325905,200,660,-660
01/20/2025 09:20,SCH - PJM_NEPTUNE,325305,660,660,-660
01/20/2025 09:20,SCH - PJM_VFT,325658,315,315,-315
01/20/2025 09:20,SPR/DUN-SOUTH,23320,2438.56,4600,-9999
01/20/2025 09:20,TOTAL EAST,23314,4395.53,7550,-9999
01/20/2025 09:20,UPNY CONED,23315,3530.12,7055,-9999
01/20/2025 09:20,WEST CENTRAL,23312,754.27,9999,-9999
01/20/2025 09:25,CENTRAL EAST - VC,23330,2380.33,2985,-9999
01/20/2025 09:25,DYSINGER EAST,23326,1438.99,3200,-9999
01/20/2025 09:25,MOSES SOUTH,23319,566.64,2650,-1600
01/20/2025 09:25,SCH - HQ - NY,23324,283,1300,-980
01/20/2025 09:25,SCH - HQ_CEDARS,325274,100,200,-100
01/20/2025 09:25,SCH - HQ_IMPORT_EXPORT,325376,283,1310,-9999
01/20/2025 09:25,SCH - NE - NY,23318,-311.38,1400,-1800
01/20/2025 09:25,SCH - NPX_1385,325277,99,200,-200
01/20/2025 09:25,SCH - NPX_CSC,325154,0,330,-330
01/20/2025 09:25,SCH - OH - NY,23317,1074.26,2200,-1850
01/20/2025 09:25,SCH - PJ - NY,23316,1405.65,1700,-2400
01/20/2025 09:25,SCH - PJM_HTP,325905,200,660,-660
01/20/2025 09:25,SCH - PJM_NEPTUNE,325305,660,660,-660
01/20/2025 09:25,SCH - PJM_VFT,325658,315,315,-315
01/20/2025 09:25,SPR/DUN-SOUTH,23320,2461.44,4600,-9999
01/20/2025 09:25,TOTAL EAST,23314,4463.72,7550,-9999
01/20/2025 09:25,UPNY CONED,23315,3572.13,7055,-9999
01/20/2025 09:25,WEST CENTRAL,23312,766.32,9999,-9999
01/20/2025 09:30,CENTRAL EAST - VC,23330,2443.23,2985,-9999
01/20/2025 09:30,DYSINGER EAST,23326,1488.33,3200,-9999
01/20/2025 09:30,MOSES SOUTH,23319,563.46,2650,-1600
01/20/2025 09:30,SCH - HQ - NY,23324,283,1300,-980
01/20/2025 09:30,SCH - HQ_CEDARS,325274,100,200,-100
01/20/2025 09:30,SCH - HQ_IMPORT_EXPORT,325376,283,1310,-9999
01/20/2025 09:30,SCH - NE - NY,23318,-457.07,1400,-1800
01/20/2025 09:30,SCH - NPX_1385,325277,99,200,-200
01/20/2025 09:30,SCH - NPX_CSC,325154,0,330,-330
01/20/2025 09:30,SCH - OH - NY,23317,1074.28,2200,-1850
01/20/2025 09:30,SCH - PJ - NY,23316,1398.19,1700,-2400
01/20/2025 09:30,SCH - PJM_HTP,325905,200,660,-660
01/20/2025 09:30,SCH - PJM_NEPTUNE,325305,660,660,-660
01/20/2025 09:30,SCH - PJM_VFT,325658,315,315,-315
01/20/2025 09:30,SPR/DUN-SOUTH,23320,2431.41,4600,-9999
01/20/2025 09:30,TOTAL EAST,23314,4486.31,7550,-9999
01/20/2025 09:30,UPNY CONED,23315,3542.24,7055,-9999
01/20/2025 09:30,WEST CENTRAL,23312,813.15,9999,-9999
01/20/2025 09:35,CENTRAL EAST - VC,23330,2460.96,2985,-9999
01/20/2025 09:35,DYSINGER EAST,23326,1464.83,3200,-9999
01/20/2025 09:35,MOSES SOUTH,23319,563.54,2650,-1600
01/20/2025 09:35,SCH - HQ - NY,23324,283,1300,-980
01/20/2025 09:35,SCH - HQ_CEDARS,325274,100,200,-100
01/20/2025 09:35,SCH - HQ_IMPORT_EXPORT,325376,283,1310,-9999
01/20/2025 09:35,SCH - NE - NY,23318,-608.05,1400,-1800
01/20/2025 09:35,SCH - NPX_1385,325277,99,200,-200
01/20/2025 09:35,SCH - NPX_CSC,325154,0,330,-330
01/20/2025 09:35,SCH - OH - NY,23317,1074.34,2200,-1850
01/20/2025 09:35,SCH - PJ - NY,23316,1407.53,1700,-2400
01/20/2025 09:35,SCH - PJM_HTP,325905,200,660,-660
01/20/2025 09:35,SCH - PJM_NEPTUNE,325305,660,660,-660
01/20/2025 09:35,SCH - PJM_VFT,325658,315,315,-315
01/20/2025 09:35,SPR/DUN-SOUTH,23320,2352.18,4600,-9999
01/20/2025 09:35,TOTAL EAST,23314,4526.6,7550,-9999
01/20/2025 09:35,UPNY CONED,23315,3472.22,7055,-9999
01/20/2025 09:35,WEST CENTRAL,23312,786.98,9999,-9999
01/20/2025 09:40,CENTRAL EAST - VC,23330,2478.97,2985,-9999
01/20/2025 09:40,DYSINGER EAST,23326,1458.78,3200,-9999
01/20/2025 09:40,MOSES SOUTH,23319,540.9,2650,-1600
01/20/2025 09:40,SCH - HQ - NY,23324,283,1300,-980
01/20/2025 09:40,SCH - HQ_CEDARS,325274,100,200,-100
01/20/2025 09:40,SCH - HQ_IMPORT_EXPORT,325376,283,1310,-9999
01/20/2025 09:40,SCH - NE - NY,23318,-608.08,1400,-1800
01/20/2025 09:40,SCH - NPX_1385,325277,99,200,-200
01/20/2025 09:40,SCH - NPX_CSC,325154,0,330,-330
01/20/2025 09:40,SCH - OH - NY,23317,1074.38,2200,-1850
01/20/2025 09:40,SCH - PJ - NY,23316,1406.57,1700,-2400
01/20/2025 09:40,SCH - PJM_HTP,325905,200,660,-660
01/20/2025 09:40,SCH - PJM_NEPTUNE,325305,660,660,-660
01/20/2025 09:40,SCH - PJM_VFT,325658,315,315,-315
01/20/2025 09:40,SPR/DUN-SOUTH,23320,2401.01,4600,-9999
01/20/2025 09:40,TOTAL EAST,23314,4557.63,7550,-9999
01/20/2025 09:40,UPNY CONED,23315,3522.95,7055,-9999
01/20/2025 09:40,WEST CENTRAL,23312,779.58,9999,-9999
01/20/2025 09:45,CENTRAL EAST - VC,23330,2491.21,2985,-9999
01/20/2025 09:45,DYSINGER EAST,23326,1396.04,3200,-9999
01/20/2025 09:45,MOSES SOUTH,23319,533.11,2650,-1600
01/20/2025 09:45,SCH - HQ - NY,23324,283,1300,-980
01/20/2025 09:45,SCH - HQ_CEDARS,325274,100,200,-100
01/20/2025 09:45,SCH - HQ_IMPORT_EXPORT,325376,283,1310,-9999
01/20/2025 09:45,SCH - NE - NY,23318,-758.12,1400,-1800
01/20/2025 09:45,SCH - NPX_1385,325277,99,200,-200
01/20/2025 09:45,SCH - NPX_CSC,325154,0,330,-330
01/20/2025 09:45,SCH - OH - NY,23317,1074.56,2200,-1850
01/20/2025 09:45,SCH - PJ - NY,23316,1410.54,1700,-2400
01/20/2025 09:45,SCH - PJM_HTP,325905,200,660,-660
01/20/2025 09:45,SCH - PJM_NEPTUNE,325305,660,660,-660
01/20/2025 09:45,SCH - PJM_VFT,325658,315,315,-315
01/20/2025 09:45,SPR/DUN-SOUTH,23320,2324.87,4600,-9999
01/20/2025 09:45,TOTAL EAST,23314,4590.97,7550,-9999
01/20/2025 09:45,UPNY CONED,23315,3436.55,7055,-9999
01/20/2025 09:45,WEST CENTRAL,23312,720.57,9999,-9999
01/20/2025 09:50,CENTRAL EAST - VC,23330,2534.58,2985,-9999
01/20/2025 09:50,DYSINGER EAST,23326,1407.52,3200,-9999
01/20/2025 09:50,MOSES SOUTH,23319,570.89,2650,-1600
01/20/2025 09:50,SCH - HQ - NY,23324,283,1300,-980
01/20/2025 09:50,SCH - HQ_CEDARS,325274,100,200,-100
01/20/2025 09:50,SCH - HQ_IMPORT_EXPORT,325376,283,1310,-9999
01/20/2025 09:50,SCH - NE - NY,23318,-908.24,1400,-1800
01/20/2025 09:50,SCH - NPX_1385,325277,99,200,-200
01/20/2025 09:50,SCH - NPX_CSC,325154,0,330,-330
01/20/2025 09:50,SCH - OH - NY,23317,1074.46,2200,-1850
01/20/2025 09:50,SCH - PJ - NY,23316,1408.68,1700,-2400
01/20/2025 09:50,SCH - PJM_HTP,325905,200,660,-660
01/20/2025 09:50,SCH - PJM_NEPTUNE,325305,660,660,-660
01/20/2025 09:50,SCH - PJM_VFT,325658,315,315,-315
01/20/2025 09:50,SPR/DUN-SOUTH,23320,2237.4,4600,-9999
01/20/2025 09:50,TOTAL EAST,23314,4616.96,7550,-9999
01/20/2025 09:50,UPNY CONED,23315,3332.16,7055,-9999
01/20/2025 09:50,WEST CENTRAL,23312,727.17,9999,-9999
01/20/2025 09:55,CENTRAL EAST - VC,23330,2581.71,2985,-9999
01/20/2025 09:55,DYSINGER EAST,23326,1466.8,3200,-9999
01/20/2025 09:55,MOSES SOUTH,23319,599.26,2650,-1600
01/20/2025 09:55,SCH - HQ - NY,23324,283,1300,-980
01/20/2025 09:55,SCH - HQ_CEDARS,325274,100,200,-100
01/20/2025 09:55,SCH - HQ_IMPORT_EXPORT,325376,283,1310,-9999
01/20/2025 09:55,SCH - NE - NY,23318,-908.29,1400,-1800
01/20/2025 09:55,SCH - NPX_1385,325277,99,200,-200
01/20/2025 09:55,SCH - NPX_CSC,325154,0,330,-330
01/20/2025 09:55,SCH - OH - NY,23317,1074.34,2200,-1850
01/20/2025 09:55,SCH - PJ - NY,23316,1407.8,1700,-2400
01/20/2025 09:55,SCH - PJM_HTP,325905,200,660,-660
01/20/2025 09:55,SCH - PJM_NEPTUNE,325305,660,660,-660
01/20/2025 09:55,SCH - PJM_VFT,325658,315,315,-315
01/20/2025 09:55,SPR/DUN-SOUTH,23320,2253.44,4600,-9999
01/20/2025 09:55,TOTAL EAST,23314,4642.6,7550,-9999
01/20/2025 09:55,UPNY CONED,23315,3347.36,7055,-9999
01/20/2025 09:55,WEST CENTRAL,23312,773.59,9999,-9999
01/20/2025 10:00,CENTRAL EAST - VC,23330,2684.82,3025,-9999
01/20/2025 10:00,DYSINGER EAST,23326,1615.15,3200,-9999
01/20/2025 10:00,MOSES SOUTH,23319,737.65,2650,-1600
01/20/2025 10:00,SCH - HQ - NY,23324,370,1300,-980
01/20/2025 10:00,SCH - HQ_CEDARS,325274,100,200,-100
01/20/2025 10:00,SCH - HQ_IMPORT_EXPORT,325376,370,1310,-9999
01/20/2025 10:00,SCH - NE - NY,23318,-995.23,1400,-1800
01/20/2025 10:00,SCH - NPX_1385,325277,-18,200,-200
01/20/2025 10:00,SCH - NPX_CSC,325154,0,330,-330
01/20/2025 10:00,SCH - OH - NY,23317,1214.43,2200,-1850
01/20/2025 10:00,SCH - PJ - NY,23316,1408.3,1700,-2400
01/20/2025 10:00,SCH - PJM_HTP,325905,200,660,-660
01/20/2025 10:00,SCH - PJM_NEPTUNE,325305,660,660,-660
01/20/2025 10:00,SCH - PJM_VFT,325658,315,315,-315
01/20/2025 10:00,SPR/DUN-SOUTH,23320,2310.84,4600,-9999
01/20/2025 10:00,TOTAL EAST,23314,4895.43,7550,-9999
01/20/2025 10:00,UPNY CONED,23315,3468.52,7055,-9999
01/20/2025 10:00,WEST CENTRAL,23312,906.82,9999,-9999
01/20/2025 10:05,CENTRAL EAST - VC,23330,2706.25,3100,-9999
01/20/2025 10:05,DYSINGER EAST,23326,1770.27,3200,-9999
01/20/2025 10:05,MOSES SOUTH,23319,808.56,2650,-1600
01/20/2025 10:05,SCH - HQ - NY,23324,456,1300,-980
01/20/2025 10:05,SCH - HQ_CEDARS,325274,100,200,-100
01/20/2025 10:05,SCH - HQ_IMPORT_EXPORT,325376,456,1310,-9999
01/20/2025 10:05,SCH - NE - NY,23318,-1082.16,1400,-1800
01/20/2025 10:05,SCH - NPX_1385,325277,-136,200,-200
01/20/2025 10:05,SCH - NPX_CSC,325154,0,330,-330
01/20/2025 10:05,SCH - OH - NY,23317,1355.34,2200,-1850
01/20/2025 10:05,SCH - PJ - NY,23316,1406.05,1700,-2400
01/20/2025 10:05,SCH - PJM_HTP,325905,200,660,-660
01/20/2025 10:05,SCH - PJM_NEPTUNE,325305,660,660,-660
01/20/2025 10:05,SCH - PJM_VFT,325658,315,315,-315
01/20/2025 10:05,SPR/DUN-SOUTH,23320,2244.57,4600,-9999
01/20/2025 10:05,TOTAL EAST,23314,5051.06,7550,-9999
01/20/2025 10:05,UPNY CONED,23315,3480.2,7055,-9999
01/20/2025 10:05,WEST CENTRAL,23312,1057.66,9999,-9999
01/20/2025 10:10,CENTRAL EAST - VC,23330,2727.22,3100,-9999
01/20/2025 10:10,DYSINGER EAST,23326,1682.74,3200,-9999
01/20/2025 10:10,MOSES SOUTH,23319,843.58,2650,-1600
01/20/2025 10:10,SCH - HQ - NY,23324,456,1300,-980
01/20/2025 10:10,SCH - HQ_CEDARS,325274,100,200,-100
01/20/2025 10:10,SCH - HQ_IMPORT_EXPORT,325376,456,1310,-9999
01/20/2025 10:10,SCH - NE - NY,23318,-1082.26,1400,-1800
01/20/2025 10:10,SCH - NPX_1385,325277,-136,200,-200
01/20/2025 10:10,SCH - NPX_CSC,325154,0,330,-330
01/20/2025 10:10,SCH - OH - NY,23317,1355.41,2200,-1850
01/20/2025 10:10,SCH - PJ - NY,23316,1405.29,1700,-2400
01/20/2025 10:10,SCH - PJM_HTP,325905,200,660,-660
01/20/2025 10:10,SCH - PJM_NEPTUNE,325305,660,660,-660
01/20/2025 10:10,SCH - PJM_VFT,325658,315,315,-315
01/20/2025 10:10,SPR/DUN-SOUTH,23320,2247.25,4600,-9999
01/20/2025 10:10,TOTAL EAST,23314,5122.96,7550,-9999
01/20/2025 10:10,UPNY CONED,23315,3468.09,7055,-9999
01/20/2025 10:10,WEST CENTRAL,23312,977.33,9999,-9999
01/20/2025 10:15,CENTRAL EAST - VC,23330,2776.53,3100,-9999
01/20/2025 10:15,DYSINGER EAST,23326,1567.2,3200,-9999
01/20/2025 10:15,MOSES SOUTH,23319,871.2,2650,-1600
01/20/2025 10:15,SCH - HQ - NY,23324,456,1300,-980
01/20/2025 10:15,SCH - HQ_CEDARS,325274,100,200,-100
01/20/2025 10:15,SCH - HQ_IMPORT_EXPORT,325376,456,1310,-9999
01/20/2025 10:15,SCH - NE - NY,23318,-1127.35,1400,-1800
01/20/2025 10:15,SCH - NPX_1385,325277,-136,200,-200
01/20/2025 10:15,SCH - NPX_CSC,325154,0,330,-330
01/20/2025 10:15,SCH - OH - NY,23317,1355.73,2200,-1850
01/20/2025 10:15,SCH - PJ - NY,23316,1409.23,1700,-2400
01/20/2025 10:15,SCH - PJM_HTP,325905,200,660,-660
01/20/2025 10:15,SCH - PJM_NEPTUNE,325305,660,660,-660
01/20/2025 10:15,SCH - PJM_VFT,325658,315,315,-315
01/20/2025 10:15,SPR/DUN-SOUTH,23320,2238.34,4600,-9999
01/20/2025 10:15,TOTAL EAST,23314,5214.99,7550,-9999
01/20/2025 10:15,UPNY CONED,23315,3435.56,7055,-9999
01/20/2025 10:15,WEST CENTRAL,23312,869.6,9999,-9999
01/20/2025 10:20,CENTRAL EAST - VC,23330,2770.97,3165,-9999
01/20/2025 10:20,DYSINGER EAST,23326,1586.82,3200,-9999
01/20/2025 10:20,MOSES SOUTH,23319,906.82,2650,-1600
01/20/2025 10:20,SCH - HQ - NY,23324,456,1300,-980
01/20/2025 10:20,SCH - HQ_CEDARS,325274,100,200,-100
01/20/2025 10:20,SCH - HQ_IMPORT_EXPORT,325376,456,1310,-9999
01/20/2025 10:20,SCH - NE - NY,23318,-1172.31,1400,-1800
01/20/2025 10:20,SCH - NPX_1385,325277,-136,200,-200
01/20/2025 10:20,SCH - NPX_CSC,325154,0,330,-330
01/20/2025 10:20,SCH - OH - NY,23317,1355.56,2200,-1850
01/20/2025 10:20,SCH - PJ - NY,23316,1403.21,1700,-2400
01/20/2025 10:20,SCH - PJM_HTP,325905,200,660,-660
01/20/2025 10:20,SCH - PJM_NEPTUNE,325305,660,660,-660
01/20/2025 10:20,SCH - PJM_VFT,325658,315,315,-315
01/20/2025 10:20,SPR/DUN-SOUTH,23320,2224.53,4600,-9999
01/20/2025 10:20,TOTAL EAST,23314,5177.56,7550,-9999
01/20/2025 10:20,UPNY CONED,23315,3430.65,7055,-9999
01/20/2025 10:20,WEST CENTRAL,23312,880.3,9999,-9999
01/20/2025 10:25,CENTRAL EAST - VC,23330,2777.76,3165,-9999
01/20/2025 10:25,DYSINGER EAST,23326,1557.13,3200,-9999
01/20/2025 10:25,MOSES SOUTH,23319,905.63,2650,-1600
01/20/2025 10:25,SCH - HQ - NY,23324,456,1300,-980
01/20/2025 10:25,SCH - HQ_CEDARS,325274,100,200,-100
01/20/2025 10:25,SCH - HQ_IMPORT_EXPORT,325376,456,1310,-9999
01/20/2025 10:25,SCH - NE - NY,23318,-1172.38,1400,-1800
01/20/2025 10:25,SCH - NPX_1385,325277,-136,200,-200
01/20/2025 10:25,SCH - NPX_CSC,325154,0,330,-330
01/20/2025 10:25,SCH - OH - NY,23317,1355.69,2200,-1850
01/20/2025 10:25,SCH - PJ - NY,23316,1403.29,1700,-2400
01/20/2025 10:25,SCH - PJM_HTP,325905,200,660,-660
01/20/2025 10:25,SCH - PJM_NEPTUNE,325305,660,660,-660
01/20/2025 10:25,SCH - PJM_VFT,325658,315,315,-315
01/20/2025 10:25,SPR/DUN-SOUTH,23320,2248.32,4600,-9999
01/20/2025 10:25,TOTAL EAST,23314,5182.71,7550,-9999
01/20/2025 10:25,UPNY CONED,23315,3471.84,7055,-9999
01/20/2025 10:25,WEST CENTRAL,23312,842.4,9999,-9999
01/20/2025 10:30,CENTRAL EAST - VC,23330,2769.05,3165,-9999
01/20/2025 10:30,DYSINGER EAST,23326,1560.89,3200,-9999
01/20/2025 10:30,MOSES SOUTH,23319,932.2,2650,-1600
01/20/2025 10:30,SCH - HQ - NY,23324,456,1300,-980
01/20/2025 10:30,SCH - HQ_CEDARS,325274,100,200,-100
01/20/2025 10:30,SCH - HQ_IMPORT_EXPORT,325376,456,1310,-9999
01/20/2025 10:30,SCH - NE - NY,23318,-1255.49,1400,-1800
01/20/2025 10:30,SCH - NPX_1385,325277,-136,200,-200
01/20/2025 10:30,SCH - NPX_CSC,325154,0,330,-330
01/20/2025 10:30,SCH - OH - NY,23317,1355.49,2200,-1850
01/20/2025 10:30,SCH - PJ - NY,23316,1413.51,1700,-2400
01/20/2025 10:30,SCH - PJM_HTP,325905,200,660,-660
01/20/2025 10:30,SCH - PJM_NEPTUNE,325305,660,660,-660
01/20/2025 10:30,SCH - PJM_VFT,325658,315,315,-315
01/20/2025 10:30,SPR/DUN-SOUTH,23320,2217.46,4600,-9999
01/20/2025 10:30,TOTAL EAST,23314,5121.2,7550,-9999
01/20/2025 10:30,UPNY CONED,23315,3422.32,7055,-9999
01/20/2025 10:30,WEST CENTRAL,23312,838.61,9999,-9999
01/20/2025 10:35,CENTRAL EAST - VC,23330,2791.03,3165,-9999
01/20/2025 10:35,DYSINGER EAST,23326,1692.18,3200,-9999
01/20/2025 10:35,MOSES SOUTH,23319,913.85,2650,-1600
01/20/2025 10:35,SCH - HQ - NY,23324,456,1300,-980
01/20/2025 10:35,SCH - HQ_CEDARS,325274,100,200,-100
01/20/2025 10:35,SCH - HQ_IMPORT_EXPORT,325376,456,1310,-9999
01/20/2025 10:35,SCH - NE - NY,23318,-1339.64,1400,-1800
01/20/2025 10:35,SCH - NPX_1385,325277,-136,200,-200
01/20/2025 10:35,SCH - NPX_CSC,325154,0,330,-330
01/20/2025 10:35,SCH - OH - NY,23317,1355.44,2200,-1850
01/20/2025 10:35,SCH - PJ - NY,23316,1409.61,1700,-2400
01/20/2025 10:35,SCH - PJM_HTP,325905,200,660,-660
01/20/2025 10:35,SCH - PJM_NEPTUNE,325305,660,660,-660
01/20/2025 10:35,SCH - PJM_VFT,325658,315,315,-315
01/20/2025 10:35,SPR/DUN-SOUTH,23320,2191.25,4600,-9999
01/20/2025 10:35,TOTAL EAST,23314,5161.65,7550,-9999
01/20/2025 10:35,UPNY CONED,23315,3383.42,7055,-9999
01/20/2025 10:35,WEST CENTRAL,23312,960.36,9999,-9999
01/20/2025 10:40,CENTRAL EAST - VC,23330,2813.88,3165,-9999
01/20/2025 10:40,DYSINGER EAST,23326,1696.7,3200,-9999
01/20/2025 10:40,MOSES SOUTH,23319,912.29,2650,-1600
01/20/2025 10:40,SCH - HQ - NY,23324,456,1300,-980
01/20/2025 10:40,SCH - HQ_CEDARS,325274,100,200,-100
01/20/2025 10:40,SCH - HQ_IMPORT_EXPORT,325376,456,1310,-9999
01/20/2025 10:40,SCH - NE - NY,23318,-1339.62,1400,-1800
01/20/2025 10:40,SCH - NPX_1385,325277,-136,200,-200
01/20/2025 10:40,SCH - NPX_CSC,325154,0,330,-330
01/20/2025 10:40,SCH - OH - NY,23317,1355.44,2200,-1850
01/20/2025 10:40,SCH - PJ - NY,23316,1409.59,1700,-2400
01/20/2025 10:40,SCH - PJM_HTP,325905,200,660,-660
01/20/2025 10:40,SCH - PJM_NEPTUNE,325305,660,660,-660
01/20/2025 10:40,SCH - PJM_VFT,325658,315,315,-315
01/20/2025 10:40,SPR/DUN-SOUTH,23320,2200.36,4600,-9999
01/20/2025 10:40,TOTAL EAST,23314,5195.4,7550,-9999
01/20/2025 10:40,UPNY CONED,23315,3390.94,7055,-9999
01/20/2025 10:40,WEST CENTRAL,23312,968.44,9999,-9999
01/20/2025 10:45,CENTRAL EAST - VC,23330,2873.85,3165,-9999
01/20/2025 10:45,DYSINGER EAST,23326,1715.7,3200,-9999
01/20/2025 10:45,MOSES SOUTH,23319,928.21,2650,-1600
01/20/2025 10:45,SCH - HQ - NY,23324,456,1300,-980
01/20/2025 10:45,SCH - HQ_CEDARS,325274,100,200,-100
01/20/2025 10:45,SCH - HQ_IMPORT_EXPORT,325376,456,1310,-9999
01/20/2025 10:45,SCH - NE - NY,23318,-1300.59,1400,-1800
01/20/2025 10:45,SCH - NPX_1385,325277,-136,200,-200
01/20/2025 10:45,SCH - NPX_CSC,325154,0,330,-330
01/20/2025 10:45,SCH - OH - NY,23317,1355.3,2200,-1850
01/20/2025 10:45,SCH - PJ - NY,23316,1409.67,1700,-2400
01/20/2025 10:45,SCH - PJM_HTP,325905,200,660,-660
01/20/2025 10:45,SCH - PJM_NEPTUNE,325305,660,660,-660
01/20/2025 10:45,SCH - PJM_VFT,325658,315,315,-315
01/20/2025 10:45,SPR/DUN-SOUTH,23320,2223.75,4600,-9999
01/20/2025 10:45,TOTAL EAST,23314,5221.48,7550,-9999
01/20/2025 10:45,UPNY CONED,23315,3418.94,7055,-9999
01/20/2025 10:45,WEST CENTRAL,23312,995.98,9999,-9999
01/20/2025 10:50,CENTRAL EAST - VC,23330,2906.51,3165,-9999
01/20/2025 10:50,DYSINGER EAST,23326,1677.19,3200,-9999
01/20/2025 10:50,MOSES SOUTH,23319,931.91,2650,-1600
01/20/2025 10:50,SCH - HQ - NY,23324,456,1300,-980
01/20/2025 10:50,SCH - HQ_CEDARS,325274,100,200,-100
01/20/2025 10:50,SCH - HQ_IMPORT_EXPORT,325376,456,1310,-9999
01/20/2025 10:50,SCH - NE - NY,23318,-1261.58,1400,-1800
01/20/2025 10:50,SCH - NPX_1385,325277,-136,200,-200
01/20/2025 10:50,SCH - NPX_CSC,325154,0,330,-330
01/20/2025 10:50,SCH - OH - NY,23317,1355.26,2200,-1850
01/20/2025 10:50,SCH - PJ - NY,23316,1408.86,1700,-2400
01/20/2025 10:50,SCH - PJM_HTP,325905,200,660,-660
01/20/2025 10:50,SCH - PJM_NEPTUNE,325305,660,660,-660
01/20/2025 10:50,SCH - PJM_VFT,325658,315,315,-315
01/20/2025 10:50,SPR/DUN-SOUTH,23320,2261.9,4600,-9999
01/20/2025 10:50,TOTAL EAST,23314,5201.45,7550,-9999
01/20/2025 10:50,UPNY CONED,23315,3464.43,7055,-9999
01/20/2025 10:50,WEST CENTRAL,23312,966.27,9999,-9999
01/20/2025 10:55,CENTRAL EAST - VC,23330,2896.64,3165,-9999
01/20/2025 10:55,DYSINGER EAST,23326,1658.72,3200,-9999
01/20/2025 10:55,MOSES SOUTH,23319,918.22,2650,-1600
01/20/2025 10:55,SCH - HQ - NY,23324,456,1300,-980
01/20/2025 10:55,SCH - HQ_CEDARS,325274,100,200,-100
01/20/2025 10:55,SCH - HQ_IMPORT_EXPORT,325376,456,1310,-9999
01/20/2025 10:55,SCH - NE - NY,23318,-1261.65,1400,-1800
01/20/2025 10:55,SCH - NPX_1385,325277,-136,200,-200
01/20/2025 10:55,SCH - NPX_CSC,325154,0,330,-330
01/20/2025 10:55,SCH - OH - NY,23317,1355.47,2200,-1850
01/20/2025 10:55,SCH - PJ - NY,23316,1410.86,1700,-2400
01/20/2025 10:55,SCH - PJM_HTP,325905,200,660,-660
01/20/2025 10:55,SCH - PJM_NEPTUNE,325305,660,660,-660
01/20/2025 10:55,SCH - PJM_VFT,325658,315,315,-315
01/20/2025 10:55,SPR/DUN-SOUTH,23320,2233.44,4600,-9999
01/20/2025 10:55,TOTAL EAST,23314,5259.14,7550,-9999
01/20/2025 10:55,UPNY CONED,23315,3472.86,7055,-9999
01/20/2025 10:55,WEST CENTRAL,23312,948.23,9999,-9999
01/20/2025 11:00,CENTRAL EAST - VC,23330,3056.16,3165,-9999
01/20/2025 11:00,DYSINGER EAST,23326,1686.33,3200,-9999
01/20/2025 11:00,MOSES SOUTH,23319,1077.26,2650,-1600
01/20/2025 11:00,SCH - HQ - NY,23324,549,1300,-980
01/20/2025 11:00,SCH - HQ_CEDARS,325274,141,200,-100
01/20/2025 11:00,SCH - HQ_IMPORT_EXPORT,325376,549,1310,-9999
01/20/2025 11:00,SCH - NE - NY,23318,-1329.78,1400,-1800
01/20/2025 11:00,SCH - NPX_1385,325277,-166,200,-200
01/20/2025 11:00,SCH - NPX_CSC,325154,0,330,-330
01/20/2025 11:00,SCH - OH - NY,23317,1592.63,2200,-1850
01/20/2025 11:00,SCH - PJ - NY,23316,1407.94,1700,-2400
01/20/2025 11:00,SCH - PJM_HTP,325905,200,660,-660
01/20/2025 11:00,SCH - PJM_NEPTUNE,325305,660,660,-660
01/20/2025 11:00,SCH - PJM_VFT,325658,315,315,-315
01/20/2025 11:00,SPR/DUN-SOUTH,23320,2252.32,4600,-9999
01/20/2025 11:00,TOTAL EAST,23314,5478.66,7550,-9999
01/20/2025 11:00,UPNY CONED,23315,3520.49,7055,-9999
01/20/2025 11:00,WEST CENTRAL,23312,981.45,9999,-9999
01/20/2025 11:05,CENTRAL EAST - VC,23330,3072.48,3165,-9999
01/20/2025 11:05,DYSINGER EAST,23326,1773.58,3200,-9999
01/20/2025 11:05,MOSES SOUTH,23319,1215.72,2650,-1600
01/20/2025 11:05,SCH - HQ - NY,23324,642,1300,-980
01/20/2025 11:05,SCH - HQ_CEDARS,325274,182,200,-100
01/20/2025 11:05,SCH - HQ_IMPORT_EXPORT,325376,642,1310,-9999
01/20/2025 11:05,SCH - NE - NY,23318,-1399.01,1400,-1800
01/20/2025 11:05,SCH - NPX_1385,325277,-194,200,-200
01/20/2025 11:05,SCH - NPX_CSC,325154,0,330,-330
01/20/2025 11:05,SCH - OH - NY,23317,1829.66,2200,-1850
01/20/2025 11:05,SCH - PJ - NY,23316,1407.2,1700,-2400
01/20/2025 11:05,SCH - PJM_HTP,325905,200,660,-660
01/20/2025 11:05,SCH - PJM_NEPTUNE,325305,660,660,-660
01/20/2025 11:05,SCH - PJM_VFT,325658,315,315,-315
01/20/2025 11:05,SPR/DUN-SOUTH,23320,2281.41,4600,-9999
01/20/2025 11:05,TOTAL EAST,23314,5494.18,7550,-9999
01/20/2025 11:05,UPNY CONED,23315,3574.48,7055,-9999
01/20/2025 11:05,WEST CENTRAL,23312,1055.58,9999,-9999
01/20/2025 11:10,CENTRAL EAST - VC,23330,3064.28,3165,-9999
01/20/2025 11:10,DYSINGER EAST,23326,1613.36,3200,-9999
01/20/2025 11:10,MOSES SOUTH,23319,1189.32,2650,-1600
01/20/2025 11:10,SCH - HQ - NY,23324,642,1300,-980
01/20/2025 11:10,SCH - HQ_CEDARS,325274,182,200,-100
01/20/2025 11:10,SCH - HQ_IMPORT_EXPORT,325376,642,1310,-9999
01/20/2025 11:10,SCH - NE - NY,23318,-1398.98,1400,-1800
01/20/2025 11:10,SCH - NPX_1385,325277,-194,200,-200
01/20/2025 11:10,SCH - NPX_CSC,325154,0,330,-330
01/20/2025 11:10,SCH - OH - NY,23317,1829.86,2200,-1850
01/20/2025 11:10,SCH - PJ - NY,23316,1408.35,1700,-2400
01/20/2025 11:10,SCH - PJM_HTP,325905,200,660,-660
01/20/2025 11:10,SCH - PJM_NEPTUNE,325305,660,660,-660
01/20/2025 11:10,SCH - PJM_VFT,325658,315,315,-315
01/20/2025 11:10,SPR/DUN-SOUTH,23320,2273.22,4600,-9999
01/20/2025 11:10,TOTAL EAST,23314,5508.78,7550,-9999
01/20/2025 11:10,UPNY CONED,23315,3572.04,7055,-9999
01/20/2025 11:10,WEST CENTRAL,23312,902.03,9999,-9999
01/20/2025 11:15,CENTRAL EAST - VC,23330,3044.99,3165,-9999
01/20/2025 11:15,DYSINGER EAST,23326,1510.53,3200,-9999
01/20/2025 11:15,MOSES SOUTH,23319,1154.96,2650,-1600
01/20/2025 11:15,SCH - HQ - NY,23324,642,1300,-980
01/20/2025 11:15,SCH - HQ_CEDARS,325274,182,200,-100
01/20/2025 11:15,SCH - HQ_IMPORT_EXPORT,325376,642,1310,-9999
01/20/2025 11:15,SCH - NE - NY,23318,-1350.79,1400,-1800
01/20/2025 11:15,SCH - NPX_1385,325277,-194,200,-200
01/20/2025 11:15,SCH - NPX_CSC,325154,0,330,-330
01/20/2025 11:15,SCH - OH - NY,23317,1830.24,2200,-1850
01/20/2025 11:15,SCH - PJ - NY,23316,1405.21,1700,-2400
01/20/2025 11:15,SCH - PJM_HTP,325905,200,660,-660
01/20/2025 11:15,SCH - PJM_NEPTUNE,325305,660,660,-660
01/20/2025 11:15,SCH - PJM_VFT,325658,315,315,-315
01/20/2025 11:15,SPR/DUN-SOUTH,23320,2267.08,4600,-9999
01/20/2025 11:15,TOTAL EAST,23314,5499.72,7550,-9999
01/20/2025 11:15,UPNY CONED,23315,3565.24,7055,-9999
01/20/2025 11:15,WEST CENTRAL,23312,808.02,9999,-9999
01/20/2025 11:20,CENTRAL EAST - VC,23330,3045.22,3165,-9999
01/20/2025 11:20,DYSINGER EAST,23326,1543.4,3200,-9999
01/20/2025 11:20,MOSES SOUTH,23319,1154.76,2650,-1600
01/20/2025 11:20,SCH - HQ - NY,23324,642,1300,-980
01/20/2025 11:20,SCH - HQ_CEDARS,325274,182,200,-100
01/20/2025 11:20,SCH - HQ_IMPORT_EXPORT,325376,642,1310,-9999
01/20/2025 11:20,SCH - NE - NY,23318,-1302.54,1400,-1800
01/20/2025 11:20,SCH - NPX_1385,325277,-194,200,-200
01/20/2025 11:20,SCH - NPX_CSC,325154,0,330,-330
01/20/2025 11:20,SCH - OH - NY,23317,1829.95,2200,-1850
01/20/2025 11:20,SCH - PJ - NY,23316,1401.87,1700,-2400
01/20/2025 11:20,SCH - PJM_HTP,325905,200,660,-660
01/20/2025 11:20,SCH - PJM_NEPTUNE,325305,660,660,-660
01/20/2025 11:20,SCH - PJM_VFT,325658,315,315,-315
01/20/2025 11:20,SPR/DUN-SOUTH,23320,2280.1,4600,-9999
01/20/2025 11:20,TOTAL EAST,23314,5518.47,7550,-9999
01/20/2025 11:20,UPNY CONED,23315,3594.89,7055,-9999
01/20/2025 11:20,WEST CENTRAL,23312,823.81,9999,-9999
01/20/2025 11:25,CENTRAL EAST - VC,23330,3048.86,3165,-9999
01/20/2025 11:25,DYSINGER EAST,23326,1572.48,3200,-9999
01/20/2025 11:25,MOSES SOUTH,23319,1142.49,2650,-1600
01/20/2025 11:25,SCH - HQ - NY,23324,642,1300,-980
01/20/2025 11:25,SCH - HQ_CEDARS,325274,182,200,-100
01/20/2025 11:25,SCH - HQ_IMPORT_EXPORT,325376,642,1310,-9999
01/20/2025 11:25,SCH - NE - NY,23318,-1302.56,1400,-1800
01/20/2025 11:25,SCH - NPX_1385,325277,-194,200,-200
01/20/2025 11:25,SCH - NPX_CSC,325154,0,330,-330
01/20/2025 11:25,SCH - OH - NY,23317,1829.85,2200,-1850
01/20/2025 11:25,SCH - PJ - NY,23316,1401.85,1700,-2400
01/20/2025 11:25,SCH - PJM_HTP,325905,200,660,-660
01/20/2025 11:25,SCH - PJM_NEPTUNE,325305,660,660,-660
01/20/2025 11:25,SCH - PJM_VFT,325658,315,315,-315
01/20/2025 11:25,SPR/DUN-SOUTH,23320,2290.07,4600,-9999
01/20/2025 11:25,TOTAL EAST,23314,5498.5,7550,-9999
01/20/2025 11:25,UPNY CONED,23315,3606.03,7055,-9999
01/20/2025 11:25,WEST CENTRAL,23312,837.69,9999,-9999
01/20/2025 11:30,CENTRAL EAST - VC,23330,3106.84,3240,-9999
01/20/2025 11:30,CENTRAL EAST - VC,23330,3066.71,3165,-9999
01/20/2025 11:30,DYSINGER EAST,23326,1580.91,3200,-9999
01/20/2025 11:30,DYSINGER EAST,23326,1616.53,3200,-9999
01/20/2025 11:30,MOSES SOUTH,23319,1228.39,2650,-1600
01/20/2025 11:30,MOSES SOUTH,23319,1194.11,2650,-1600
01/20/2025 11:30,SCH - HQ - NY,23324,642,1300,-980
01/20/2025 11:30,SCH - HQ - NY,23324,642,1300,-980
01/20/2025 11:30,SCH - HQ_CEDARS,325274,182,200,-100
01/20/2025 11:30,SCH - HQ_CEDARS,325274,182,200,-100
01/20/2025 11:30,SCH - HQ_IMPORT_EXPORT,325376,642,1310,-9999
01/20/2025 11:30,SCH - HQ_IMPORT_EXPORT,325376,642,1310,-9999
01/20/2025 11:30,SCH - NE - NY,23318,-1204.46,1400,-1800
01/20/2025 11:30,SCH - NE - NY,23318,-1204.47,1400,-1800
01/20/2025 11:30,SCH - NPX_1385,325277,-194,200,-200
01/20/2025 11:30,SCH - NPX_1385,325277,-194,200,-200
01/20/2025 11:30,SCH - NPX_CSC,325154,0,330,-330
01/20/2025 11:30,SCH - NPX_CSC,325154,0,330,-330
01/20/2025 11:30,SCH - OH - NY,23317,1829.78,2200,-1850
01/20/2025 11:30,SCH - OH - NY,23317,1829.7,2200,-1850
01/20/2025 11:30,SCH - PJ - NY,23316,1403.86,1700,-2400
01/20/2025 11:30,SCH - PJ - NY,23316,1413.1,1700,-2400
01/20/2025 11:30,SCH - PJM_HTP,325905,200,660,-660
01/20/2025 11:30,SCH - PJM_HTP,325905,200,660,-660
01/20/2025 11:30,SCH - PJM_NEPTUNE,325305,655,660,-660
01/20/2025 11:30,SCH - PJM_NEPTUNE,325305,655,660,-660
01/20/2025 11:30,SCH - PJM_VFT,325658,315,315,-315
01/20/2025 11:30,SCH - PJM_VFT,325658,315,315,-315
01/20/2025 11:30,SPR/DUN-SOUTH,23320,2350.99,4600,-9999
01/20/2025 11:30,SPR/DUN-SOUTH,23320,2374.26,4600,-9999
01/20/2025 11:30,TOTAL EAST,23314,5493.24,7550,-9999
01/20/2025 11:30,TOTAL EAST,23314,5471.47,7550,-9999
01/20/2025 11:30,UPNY CONED,23315,3677.52,7055,-9999
01/20/2025 11:30,UPNY CONED,23315,3676.75,7055,-9999
01/20/2025 11:30,WEST CENTRAL,23312,891.84,9999,-9999
01/20/2025 11:30,WEST CENTRAL,23312,870.36,9999,-9999
01/20/2025 11:37,CENTRAL EAST - VC,23330,3136.73,3240,-9999
01/20/2025 11:37,DYSINGER EAST,23326,1581.81,3200,-9999
01/20/2025 11:37,MOSES SOUTH,23319,1300.35,2650,-1600
01/20/2025 11:37,SCH - HQ - NY,23324,642,1300,-980
01/20/2025 11:37,SCH - HQ_CEDARS,325274,182,200,-100
01/20/2025 11:37,SCH - HQ_IMPORT_EXPORT,325376,642,1310,-9999
01/20/2025 11:37,SCH - NE - NY,23318,-1106.32,1400,-1800
01/20/2025 11:37,SCH - NPX_1385,325277,-194,200,-200
01/20/2025 11:37,SCH - NPX_CSC,325154,0,330,-330
01/20/2025 11:37,SCH - OH - NY,23317,1829.53,2200,-1850
01/20/2025 11:37,SCH - PJ - NY,23316,1403.67,1700,-2400
01/20/2025 11:37,SCH - PJM_HTP,325905,200,660,-660
01/20/2025 11:37,SCH - PJM_NEPTUNE,325305,650,660,-660
01/20/2025 11:37,SCH - PJM_VFT,325658,315,315,-315
01/20/2025 11:37,SPR/DUN-SOUTH,23320,2503.34,4600,-9999
01/20/2025 11:37,TOTAL EAST,23314,5614.4,7550,-9999
01/20/2025 11:37,UPNY CONED,23315,3872.19,7055,-9999
01/20/2025 11:37,WEST CENTRAL,23312,895.07,9999,-9999
01/20/2025 11:45,CENTRAL EAST - VC,23330,3120.22,3240,-9999
01/20/2025 11:45,DYSINGER EAST,23326,1594.6,3200,-9999
01/20/2025 11:45,MOSES SOUTH,23319,1282.84,2650,-1600
01/20/2025 11:45,SCH - HQ - NY,23324,642,1300,-980
01/20/2025 11:45,SCH - HQ_CEDARS,325274,182,200,-100
01/20/2025 11:45,SCH - HQ_IMPORT_EXPORT,325376,642,1310,-9999
01/20/2025 11:45,SCH - NE - NY,23318,-1087.28,1400,-1800
01/20/2025 11:45,SCH - NPX_1385,325277,-194,200,-200
01/20/2025 11:45,SCH - NPX_CSC,325154,0,330,-330
01/20/2025 11:45,SCH - OH - NY,23317,1829.52,2200,-1850
01/20/2025 11:45,SCH - PJ - NY,23316,1400.64,1700,-2400
01/20/2025 11:45,SCH - PJM_HTP,325905,200,660,-660
01/20/2025 11:45,SCH - PJM_NEPTUNE,325305,655,660,-660
01/20/2025 11:45,SCH - PJM_VFT,325658,315,315,-315
01/20/2025 11:45,SPR/DUN-SOUTH,23320,2548.82,4600,-9999
01/20/2025 11:45,TOTAL EAST,23314,5589,7550,-9999
01/20/2025 11:45,UPNY CONED,23315,3861.8,7055,-9999
01/20/2025 11:45,WEST CENTRAL,23312,904.11,9999,-9999
01/20/2025 11:50,CENTRAL EAST - VC,23330,3119.89,3240,-9999
01/20/2025 11:50,DYSINGER EAST,23326,1692.52,3200,-9999
01/20/2025 11:50,MOSES SOUTH,23319,1281.4,2650,-1600
01/20/2025 11:50,SCH - HQ - NY,23324,642,1300,-980
01/20/2025 11:50,SCH - HQ_CEDARS,325274,182,200,-100
01/20/2025 11:50,SCH - HQ_IMPORT_EXPORT,325376,642,1310,-9999
01/20/2025 11:50,SCH - NE - NY,23318,-1069.22,1400,-1800
01/20/2025 11:50,SCH - NPX_1385,325277,-194,200,-200
01/20/2025 11:50,SCH - NPX_CSC,325154,0,330,-330
01/20/2025 11:50,SCH - OH - NY,23317,1829.42,2200,-1850
01/20/2025 11:50,SCH - PJ - NY,23316,1406.4,1700,-2400
01/20/2025 11:50,SCH - PJM_HTP,325905,200,660,-660
01/20/2025 11:50,SCH - PJM_NEPTUNE,325305,660,660,-660
01/20/2025 11:50,SCH - PJM_VFT,325658,315,315,-315
01/20/2025 11:50,SPR/DUN-SOUTH,23320,2554.28,4600,-9999
01/20/2025 11:50,TOTAL EAST,23314,5655.93,7550,-9999
01/20/2025 11:50,UPNY CONED,23315,3874.95,7055,-9999
01/20/2025 11:50,WEST CENTRAL,23312,1003.9,9999,-9999
01/20/2025 11:55,CENTRAL EAST - VC,23330,3136,3240,-9999
01/20/2025 11:55,DYSINGER EAST,23326,1873.54,3200,-9999
01/20/2025 11:55,MOSES SOUTH,23319,1214.84,2650,-1600
01/20/2025 11:55,SCH - HQ - NY,23324,642,1300,-980
01/20/2025 11:55,SCH - HQ_CEDARS,325274,182,200,-100
01/20/2025 11:55,SCH - HQ_IMPORT_EXPORT,325376,642,1310,-9999
01/20/2025 11:55,SCH - NE - NY,23318,-1069.27,1400,-1800
01/20/2025 11:55,SCH - NPX_1385,325277,-194,200,-200
01/20/2025 11:55,SCH - NPX_CSC,325154,0,330,-330
01/20/2025 11:55,SCH - OH - NY,23317,1829.12,2200,-1850
01/20/2025 11:55,SCH - PJ - NY,23316,1406.39,1700,-2400
01/20/2025 11:55,SCH - PJM_HTP,325905,200,660,-660
01/20/2025 11:55,SCH - PJM_NEPTUNE,325305,660,660,-660
01/20/2025 11:55,SCH - PJM_VFT,325658,315,315,-315
01/20/2025 11:55,SPR/DUN-SOUTH,23320,2539.24,4600,-9999
01/20/2025 11:55,TOTAL EAST,23314,5695.49,7550,-9999
01/20/2025 11:55,UPNY CONED,23315,3895.22,7055,-9999
01/20/2025 11:55,WEST CENTRAL,23312,1192.77,9999,-9999
01/20/2025 12:00,CENTRAL EAST - VC,23330,3136.7,3240,-9999
01/20/2025 12:00,DYSINGER EAST,23326,1767.08,3200,-9999
01/20/2025 12:00,MOSES SOUTH,23319,1183,2650,-1600
01/20/2025 12:00,SCH - HQ - NY,23324,751,1300,-980
01/20/2025 12:00,SCH - HQ_CEDARS,325274,41,200,-100
01/20/2025 12:00,SCH - HQ_IMPORT_EXPORT,325376,751,1310,-9999
01/20/2025 12:00,SCH - NE - NY,23318,-1064.28,1400,-1800
01/20/2025 12:00,SCH - NPX_1385,325277,-197,200,-200
01/20/2025 12:00,SCH - NPX_CSC,325154,0,330,-330
01/20/2025 12:00,SCH - OH - NY,23317,1788.19,2200,-1850
01/20/2025 12:00,SCH - PJ - NY,23316,1402.44,1700,-2400
01/20/2025 12:00,SCH - PJM_HTP,325905,200,660,-660
01/20/2025 12:00,SCH - PJM_NEPTUNE,325305,660,660,-660
01/20/2025 12:00,SCH - PJM_VFT,325658,315,315,-315
01/20/2025 12:00,SPR/DUN-SOUTH,23320,2586.67,4600,-9999
01/20/2025 12:00,TOTAL EAST,23314,5708.4,7550,-9999
01/20/2025 12:00,UPNY CONED,23315,3976.43,7055,-9999
01/20/2025 12:00,WEST CENTRAL,23312,1109.55,9999,-9999
01/20/2025 12:05,CENTRAL EAST - VC,23330,3132.94,3240,-9999
01/20/2025 12:05,DYSINGER EAST,23326,1771.02,3200,-9999
01/20/2025 12:05,MOSES SOUTH,23319,1142.33,2650,-1600
01/20/2025 12:05,SCH - HQ - NY,23324,861,1300,-980
01/20/2025 12:05,SCH - HQ_CEDARS,325274,-100,200,-100
01/20/2025 12:05,SCH - HQ_IMPORT_EXPORT,325376,861,1310,-9999
01/20/2025 12:05,SCH - NE - NY,23318,-1060.31,1400,-1800
01/20/2025 12:05,SCH - NPX_1385,325277,-200,200,-200
01/20/2025 12:05,SCH - NPX_CSC,325154,0,330,-330
01/20/2025 12:05,SCH - OH - NY,23317,1748.18,2200,-1850
01/20/2025 12:05,SCH - PJ - NY,23316,1405.49,1700,-2400
01/20/2025 12:05,SCH - PJM_HTP,325905,200,660,-660
01/20/2025 12:05,SCH - PJM_NEPTUNE,325305,660,660,-660
01/20/2025 12:05,SCH - PJM_VFT,325658,315,315,-315
01/20/2025 12:05,SPR/DUN-SOUTH,23320,2619.44,4600,-9999
01/20/2025 12:05,TOTAL EAST,23314,5687.7,7550,-9999
01/20/2025 12:05,UPNY CONED,23315,4053.38,7055,-9999
01/20/2025 12:05,WEST CENTRAL,23312,1119.86,9999,-9999
01/20/2025 12:10,CENTRAL EAST - VC,23330,3134.7,3240,-9999
01/20/2025 12:10,DYSINGER EAST,23326,1759.9,3200,-9999
01/20/2025 12:10,MOSES SOUTH,23319,1078.69,2650,-1600
01/20/2025 12:10,SCH - HQ - NY,23324,861,1300,-980
01/20/2025 12:10,SCH - HQ_CEDARS,325274,-100,200,-100
01/20/2025 12:10,SCH - HQ_IMPORT_EXPORT,325376,861,1310,-9999
01/20/2025 12:10,SCH - NE - NY,23318,-1060.2,1400,-1800
01/20/2025 12:10,SCH - NPX_1385,325277,-200,200,-200
01/20/2025 12:10,SCH - NPX_CSC,325154,0,330,-330
01/20/2025 12:10,SCH - OH - NY,23317,1748.38,2200,-1850
01/20/2025 12:10,SCH - PJ - NY,23316,1400.45,1700,-2400
01/20/2025 12:10,SCH - PJM_HTP,325905,200,660,-660
01/20/2025 12:10,SCH - PJM_NEPTUNE,325305,660,660,-660
01/20/2025 12:10,SCH - PJM_VFT,325658,315,315,-315
01/20/2025 12:10,SPR/DUN-SOUTH,23320,2675.4,4600,-9999
01/20/2025 12:10,TOTAL EAST,23314,5742.89,7550,-9999
01/20/2025 12:10,UPNY CONED,23315,4122.06,7055,-9999
01/20/2025 12:10,WEST CENTRAL,23312,1110.41,9999,-9999
01/20/2025 12:15,CENTRAL EAST - VC,23330,3133.5,3240,-9999
01/20/2025 12:15,DYSINGER EAST,23326,1814.78,3200,-9999
01/20/2025 12:15,MOSES SOUTH,23319,1154.85,2650,-1600
01/20/2025 12:15,SCH - HQ - NY,23324,861,1300,-980
01/20/2025 12:15,SCH - HQ_CEDARS,325274,-100,200,-100
01/20/2025 12:15,SCH - HQ_IMPORT_EXPORT,325376,861,1310,-9999
01/20/2025 12:15,SCH - NE - NY,23318,-1033.2,1400,-1800
01/20/2025 12:15,SCH - NPX_1385,325277,-200,200,-200
01/20/2025 12:15,SCH - NPX_CSC,325154,0,330,-330
01/20/2025 12:15,SCH - OH - NY,23317,1748.58,2200,-1850
01/20/2025 12:15,SCH - PJ - NY,23316,1403.25,1700,-2400
01/20/2025 12:15,SCH - PJM_HTP,325905,200,660,-660
01/20/2025 12:15,SCH - PJM_NEPTUNE,325305,660,660,-660
01/20/2025 12:15,SCH - PJM_VFT,325658,315,315,-315
01/20/2025 12:15,SPR/DUN-SOUTH,23320,2734.35,4600,-9999
01/20/2025 12:15,TOTAL EAST,23314,5824.65,7550,-9999
01/20/2025 12:15,UPNY CONED,23315,4187.93,7055,-9999
01/20/2025 12:15,WEST CENTRAL,23312,1157.31,9999,-9999
01/20/2025 12:20,CENTRAL EAST - VC,23330,3123.07,3240,-9999
01/20/2025 12:20,DYSINGER EAST,23326,1697.04,3200,-9999
01/20/2025 12:20,MOSES SOUTH,23319,1120.14,2650,-1600
01/20/2025 12:20,SCH - HQ - NY,23324,861,1300,-980
01/20/2025 12:20,SCH - HQ_CEDARS,325274,-100,200,-100
01/20/2025 12:20,SCH - HQ_IMPORT_EXPORT,325376,861,1310,-9999
01/20/2025 12:20,SCH - NE - NY,23318,-1007.19,1400,-1800
01/20/2025 12:20,SCH - NPX_1385,325277,-200,200,-200
01/20/2025 12:20,SCH - NPX_CSC,325154,0,330,-330
01/20/2025 12:20,SCH - OH - NY,23317,1748.87,2200,-1850
01/20/2025 12:20,SCH - PJ - NY,23316,1403.16,1700,-2400
01/20/2025 12:20,SCH - PJM_HTP,325905,200,660,-660
01/20/2025 12:20,SCH - PJM_NEPTUNE,325305,660,660,-660
01/20/2025 12:20,SCH - PJM_VFT,325658,315,315,-315
01/20/2025 12:20,SPR/DUN-SOUTH,23320,2749.95,4600,-9999
01/20/2025 12:20,TOTAL EAST,23314,5840.65,7550,-9999
01/20/2025 12:20,UPNY CONED,23315,4220.55,7055,-9999
01/20/2025 12:20,WEST CENTRAL,23312,1044.02,9999,-9999
01/20/2025 12:25,CENTRAL EAST - VC,23330,3124.71,3240,-9999
01/20/2025 12:25,DYSINGER EAST,23326,1682.52,3200,-9999
01/20/2025 12:25,MOSES SOUTH,23319,1093.15,2650,-1600
01/20/2025 12:25,SCH - HQ - NY,23324,861,1300,-980
01/20/2025 12:25,SCH - HQ_CEDARS,325274,-100,200,-100
01/20/2025 12:25,SCH - HQ_IMPORT_EXPORT,325376,861,1310,-9999
01/20/2025 12:25,SCH - NE - NY,23318,-1007.2,1400,-1800
01/20/2025 12:25,SCH - NPX_1385,325277,-200,200,-200
01/20/2025 12:25,SCH - NPX_CSC,325154,0,330,-330
01/20/2025 12:25,SCH - OH - NY,23317,1748.66,2200,-1850
01/20/2025 12:25,SCH - PJ - NY,23316,1401.33,1700,-2400
01/20/2025 12:25,SCH - PJM_HTP,325905,200,660,-660
01/20/2025 12:25,SCH - PJM_NEPTUNE,325305,660,660,-660
01/20/2025 12:25,SCH - PJM_VFT,325658,315,315,-315
01/20/2025 12:25,SPR/DUN-SOUTH,23320,2741.28,4600,-9999
01/20/2025 12:25,TOTAL EAST,23314,5822.01,7550,-9999
01/20/2025 12:25,UPNY CONED,23315,4198.59,7055,-9999
01/20/2025 12:25,WEST CENTRAL,23312,1029.3,9999,-9999
01/20/2025 12:30,CENTRAL EAST - VC,23330,3123.75,3240,-9999
01/20/2025 12:30,DYSINGER EAST,23326,1718.18,3200,-9999
01/20/2025 12:30,MOSES SOUTH,23319,1091.51,2650,-1600
01/20/2025 12:30,SCH - HQ - NY,23324,861,1300,-980
01/20/2025 12:30,SCH - HQ_CEDARS,325274,-100,200,-100
01/20/2025 12:30,SCH - HQ_IMPORT_EXPORT,325376,861,1310,-9999
01/20/2025 12:30,SCH - NE - NY,23318,-1130.29,1400,-1800
01/20/2025 12:30,SCH - NPX_1385,325277,-200,200,-200
01/20/2025 12:30,SCH - NPX_CSC,325154,0,330,-330
01/20/2025 12:30,SCH - OH - NY,23317,1748.57,2200,-1850
01/20/2025 12:30,SCH - PJ - NY,23316,1403.42,1700,-2400
01/20/2025 12:30,SCH - PJM_HTP,325905,200,660,-660
01/20/2025 12:30,SCH - PJM_NEPTUNE,325305,660,660,-660
01/20/2025 12:30,SCH - PJM_VFT,325658,315,315,-315
01/20/2025 12:30,SPR/DUN-SOUTH,23320,2606.75,4600,-9999
01/20/2025 12:30,TOTAL EAST,23314,5792.86,7550,-9999
01/20/2025 12:30,UPNY CONED,23315,4077.49,7055,-9999
01/20/2025 12:30,WEST CENTRAL,23312,1049.84,9999,-9999
01/20/2025 12:35,CENTRAL EAST - VC,23330,3161.05,3280,-9999
01/20/2025 12:35,DYSINGER EAST,23326,1628.13,3200,-9999
01/20/2025 12:35,MOSES SOUTH,23319,1158.33,2650,-1600
01/20/2025 12:35,SCH - HQ - NY,23324,861,1300,-980
01/20/2025 12:35,SCH - HQ_CEDARS,325274,-100,200,-100
01/20/2025 12:35,SCH - HQ_IMPORT_EXPORT,325376,861,1310,-9999
01/20/2025 12:35,SCH - NE - NY,23318,-1253.46,1400,-1800
01/20/2025 12:35,SCH - NPX_1385,325277,-200,200,-200
01/20/2025 12:35,SCH - NPX_CSC,325154,0,330,-330
01/20/2025 12:35,SCH - OH - NY,23317,1748.83,2200,-1850
01/20/2025 12:35,SCH - PJ - NY,23316,1404.47,1700,-2400
01/20/2025 12:35,SCH - PJM_HTP,325905,200,660,-660
01/20/2025 12:35,SCH - PJM_NEPTUNE,325305,660,660,-660
01/20/2025 12:35,SCH - PJM_VFT,325658,315,315,-315
01/20/2025 12:35,SPR/DUN-SOUTH,23320,2517.31,4600,-9999
01/20/2025 12:35,TOTAL EAST,23314,5820.34,7550,-9999
01/20/2025 12:35,UPNY CONED,23315,3976.97,7055,-9999
01/20/2025 12:35,WEST CENTRAL,23312,965.67,9999,-9999
01/20/2025 12:40,CENTRAL EAST - VC,23330,3163.31,3280,-9999
01/20/2025 12:40,DYSINGER EAST,23326,1661.43,3200,-9999
01/20/2025 12:40,MOSES SOUTH,23319,1133.59,2650,-1600
01/20/2025 12:40,SCH - HQ - NY,23324,861,1300,-980
01/20/2025 12:40,SCH - HQ_CEDARS,325274,-100,200,-100
01/20/2025 12:40,SCH - HQ_IMPORT_EXPORT,325376,861,1310,-9999
01/20/2025 12:40,SCH - NE - NY,23318,-1253.49,1400,-1800
01/20/2025 12:40,SCH - NPX_1385,325277,-200,200,-200
01/20/2025 12:40,SCH - NPX_CSC,325154,0,330,-330
01/20/2025 12:40,SCH - OH - NY,23317,1748.87,2200,-1850
01/20/2025 12:40,SCH - PJ - NY,23316,1404.43,1700,-2400
01/20/2025 12:40,SCH - PJM_HTP,325905,200,660,-660
01/20/2025 12:40,SCH - PJM_NEPTUNE,325305,660,660,-660
01/20/2025 12:40,SCH - PJM_VFT,325658,315,315,-315
01/20/2025 12:40,SPR/DUN-SOUTH,23320,2511.89,4600,-9999
01/20/2025 12:40,TOTAL EAST,23314,5855.02,7550,-9999
01/20/2025 12:40,UPNY CONED,23315,3984.27,7055,-9999
01/20/2025 12:40,WEST CENTRAL,23312,999.07,9999,-9999
01/20/2025 12:45,CENTRAL EAST - VC,23330,3162.48,3280,-9999
01/20/2025 12:45,DYSINGER EAST,23326,1595.83,3200,-9999
01/20/2025 12:45,MOSES SOUTH,23319,1138.44,2650,-1600
01/20/2025 12:45,SCH - HQ - NY,23324,861,1300,-980
01/20/2025 12:45,SCH - HQ_CEDARS,325274,-100,200,-100
01/20/2025 12:45,SCH - HQ_IMPORT_EXPORT,325376,861,1310,-9999
01/20/2025 12:45,SCH - NE - NY,23318,-1244.47,1400,-1800
01/20/2025 12:45,SCH - NPX_1385,325277,-200,200,-200
01/20/2025 12:45,SCH - NPX_CSC,325154,0,330,-330
01/20/2025 12:45,SCH - OH - NY,23317,1748.99,2200,-1850
01/20/2025 12:45,SCH - PJ - NY,23316,1401.47,1700,-2400
01/20/2025 12:45,SCH - PJM_HTP,325905,200,660,-660
01/20/2025 12:45,SCH - PJM_NEPTUNE,325305,660,660,-660
01/20/2025 12:45,SCH - PJM_VFT,325658,315,315,-315
01/20/2025 12:45,SPR/DUN-SOUTH,23320,2472.65,4600,-9999
01/20/2025 12:45,TOTAL EAST,23314,5820,7550,-9999
01/20/2025 12:45,UPNY CONED,23315,3971.29,7055,-9999
01/20/2025 12:45,WEST CENTRAL,23312,930.55,9999,-9999
01/20/2025 12:50,CENTRAL EAST - VC,23330,3163.5,3280,-9999
01/20/2025 12:50,DYSINGER EAST,23326,1568.62,3200,-9999
01/20/2025 12:50,MOSES SOUTH,23319,1156.58,2650,-1600
01/20/2025 12:50,SCH - HQ - NY,23324,861,1300,-980
01/20/2025 12:50,SCH - HQ_CEDARS,325274,-100,200,-100
01/20/2025 12:50,SCH - HQ_IMPORT_EXPORT,325376,861,1310,-9999
01/20/2025 12:50,SCH - NE - NY,23318,-1236.38,1400,-1800
01/20/2025 12:50,SCH - NPX_1385,325277,-200,200,-200
01/20/2025 12:50,SCH - NPX_CSC,325154,0,330,-330
01/20/2025 12:50,SCH - OH - NY,23317,1749.12,2200,-1850
01/20/2025 12:50,SCH - PJ - NY,23316,1402.22,1700,-2400
01/20/2025 12:50,SCH - PJM_HTP,325905,200,660,-660
01/20/2025 12:50,SCH - PJM_NEPTUNE,325305,660,660,-660
01/20/2025 12:50,SCH - PJM_VFT,325658,315,315,-315
01/20/2025 12:50,SPR/DUN-SOUTH,23320,2522.4,4600,-9999
01/20/2025 12:50,TOTAL EAST,23314,5893.15,7550,-9999
01/20/2025 12:50,UPNY CONED,23315,4024.87,7055,-9999
01/20/2025 12:50,WEST CENTRAL,23312,904.08,9999,-9999
01/20/2025 12:55,CENTRAL EAST - VC,23330,3161.32,3280,-9999
01/20/2025 12:55,DYSINGER EAST,23326,1650.9,3200,-9999
01/20/2025 12:55,MOSES SOUTH,23319,1141.69,2650,-1600
01/20/2025 12:55,SCH - HQ - NY,23324,861,1300,-980
01/20/2025 12:55,SCH - HQ_CEDARS,325274,-100,200,-100
01/20/2025 12:55,SCH - HQ_IMPORT_EXPORT,325376,861,1310,-9999
01/20/2025 12:55,SCH - NE - NY,23318,-1236.39,1400,-1800
01/20/2025 12:55,SCH - NPX_1385,325277,-200,200,-200
01/20/2025 12:55,SCH - NPX_CSC,325154,0,330,-330
01/20/2025 12:55,SCH - OH - NY,23317,1749,2200,-1850
01/20/2025 12:55,SCH - PJ - NY,23316,1402.19,1700,-2400
01/20/2025 12:55,SCH - PJM_HTP,325905,200,660,-660
01/20/2025 12:55,SCH - PJM_NEPTUNE,325305,660,660,-660
01/20/2025 12:55,SCH - PJM_VFT,325658,315,315,-315
01/20/2025 12:55,SPR/DUN-SOUTH,23320,2535.14,4600,-9999
01/20/2025 12:55,TOTAL EAST,23314,5895.34,7550,-9999
01/20/2025 12:55,UPNY CONED,23315,4037.44,7055,-9999
01/20/2025 12:55,WEST CENTRAL,23312,975.37,9999,-9999
01/20/2025 13:00,CENTRAL EAST - VC,23330,3168.53,3280,-9999
01/20/2025 13:00,DYSINGER EAST,23326,1760.28,3200,-9999
01/20/2025 13:00,MOSES SOUTH,23319,1120.12,2650,-1600
01/20/2025 13:00,SCH - HQ - NY,23324,832,1300,-980
01/20/2025 13:00,SCH - HQ_CEDARS,325274,-100,200,-100
01/20/2025 13:00,SCH - HQ_IMPORT_EXPORT,325376,832,1310,-9999
01/20/2025 13:00,SCH - NE - NY,23318,-1192.28,1400,-1800
01/20/2025 13:00,SCH - NPX_1385,325277,-146,200,-200
01/20/2025 13:00,SCH - NPX_CSC,325154,0,330,-330
01/20/2025 13:00,SCH - OH - NY,23317,1825.16,2200,-1850
01/20/2025 13:00,SCH - PJ - NY,23316,1400.81,1700,-2400
01/20/2025 13:00,SCH - PJM_HTP,325905,200,660,-660
01/20/2025 13:00,SCH - PJM_NEPTUNE,325305,642,660,-660
01/20/2025 13:00,SCH - PJM_VFT,325658,315,315,-315
01/20/2025 13:00,SPR/DUN-SOUTH,23320,2590.46,4600,-9999
01/20/2025 13:00,TOTAL EAST,23314,5960.57,7550,-9999
01/20/2025 13:00,UPNY CONED,23315,4109.2,7055,-9999
01/20/2025 13:00,WEST CENTRAL,23312,1081.66,9999,-9999
01/20/2025 13:05,CENTRAL EAST - VC,23330,3178.46,3280,-9999
01/20/2025 13:05,DYSINGER EAST,23326,1883.66,3200,-9999
01/20/2025 13:05,MOSES SOUTH,23319,1108.55,2650,-1600
01/20/2025 13:05,SCH - HQ - NY,23324,803,1300,-980
01/20/2025 13:05,SCH - HQ_CEDARS,325274,-100,200,-100
01/20/2025 13:05,SCH - HQ_IMPORT_EXPORT,325376,803,1310,-9999
01/20/2025 13:05,SCH - NE - NY,23318,-1149.24,1400,-1800
01/20/2025 13:05,SCH - NPX_1385,325277,-92,200,-200
01/20/2025 13:05,SCH - NPX_CSC,325154,0,330,-330
01/20/2025 13:05,SCH - OH - NY,23317,1900.87,2200,-1850
01/20/2025 13:05,SCH - PJ - NY,23316,1405.88,1700,-2400
01/20/2025 13:05,SCH - PJM_HTP,325905,200,660,-660
01/20/2025 13:05,SCH - PJM_NEPTUNE,325305,624,660,-660
01/20/2025 13:05,SCH - PJM_VFT,325658,315,315,-315
01/20/2025 13:05,SPR/DUN-SOUTH,23320,2585.52,4600,-9999
01/20/2025 13:05,TOTAL EAST,23314,5933.21,7550,-9999
01/20/2025 13:05,UPNY CONED,23315,4118.6,7055,-9999
01/20/2025 13:05,WEST CENTRAL,23312,1206.39,9999,-9999
01/20/2025 13:10,CENTRAL EAST - VC,23330,3179.64,3280,-9999
01/20/2025 13:10,DYSINGER EAST,23326,1877.15,3200,-9999
01/20/2025 13:10,MOSES SOUTH,23319,1096.64,2650,-1600
01/20/2025 13:10,SCH - HQ - NY,23324,803,1300,-980
01/20/2025 13:10,SCH - HQ_CEDARS,325274,-100,200,-100
01/20/2025 13:10,SCH - HQ_IMPORT_EXPORT,325376,803,1310,-9999
01/20/2025 13:10,SCH - NE - NY,23318,-1149.19,1400,-1800
01/20/2025 13:10,SCH - NPX_1385,325277,-92,200,-200
01/20/2025 13:10,SCH - NPX_CSC,325154,0,330,-330
01/20/2025 13:10,SCH - OH - NY,23317,1900.95,2200,-1850
01/20/2025 13:10,SCH - PJ - NY,23316,1402.19,1700,-2400
01/20/2025 13:10,SCH - PJM_HTP,325905,200,660,-660
01/20/2025 13:10,SCH - PJM_NEPTUNE,325305,624,660,-660
01/20/2025 13:10,SCH - PJM_VFT,325658,315,315,-315
01/20/2025 13:10,SPR/DUN-SOUTH,23320,2608.89,4600,-9999
01/20/2025 13:10,TOTAL EAST,23314,5903.33,7550,-9999
01/20/2025 13:10,UPNY CONED,23315,4102.56,7055,-9999
01/20/2025 13:10,WEST CENTRAL,23312,1205.63,9999,-9999
01/20/2025 13:15,CENTRAL EAST - VC,23330,3178.64,3280,-9999
01/20/2025 13:15,DYSINGER EAST,23326,1762.89,3200,-9999
01/20/2025 13:15,MOSES SOUTH,23319,1171.25,2650,-1600
01/20/2025 13:15,SCH - HQ - NY,23324,803,1300,-980
01/20/2025 13:15,SCH - HQ_CEDARS,325274,-100,200,-100
01/20/2025 13:15,SCH - HQ_IMPORT_EXPORT,325376,803,1310,-9999
01/20/2025 13:15,SCH - NE - NY,23318,-1143.15,1400,-1800
01/20/2025 13:15,SCH - NPX_1385,325277,-92,200,-200
01/20/2025 13:15,SCH - NPX_CSC,325154,0,330,-330
01/20/2025 13:15,SCH - OH - NY,23317,1900.93,2200,-1850
01/20/2025 13:15,SCH - PJ - NY,23316,1408.24,1700,-2400
01/20/2025 13:15,SCH - PJM_HTP,325905,200,660,-660
01/20/2025 13:15,SCH - PJM_NEPTUNE,325305,642,660,-660
01/20/2025 13:15,SCH - PJM_VFT,325658,315,315,-315
01/20/2025 13:15,SPR/DUN-SOUTH,23320,2618.26,4600,-9999
01/20/2025 13:15,TOTAL EAST,23314,5912.99,7550,-9999
01/20/2025 13:15,UPNY CONED,23315,4088.7,7055,-9999
01/20/2025 13:15,WEST CENTRAL,23312,1104.01,9999,-9999
01/20/2025 13:20,CENTRAL EAST - VC,23330,3177.56,3280,-9999
01/20/2025 13:20,DYSINGER EAST,23326,1580.38,3200,-9999
01/20/2025 13:20,MOSES SOUTH,23319,1178.86,2650,-1600
01/20/2025 13:20,SCH - HQ - NY,23324,803,1300,-980
01/20/2025 13:20,SCH - HQ_CEDARS,325274,-100,200,-100
01/20/2025 13:20,SCH - HQ_IMPORT_EXPORT,325376,803,1310,-9999
01/20/2025 13:20,SCH - NE - NY,23318,-1138.22,1400,-1800
01/20/2025 13:20,SCH - NPX_1385,325277,-92,200,-200
01/20/2025 13:20,SCH - NPX_CSC,325154,0,330,-330
01/20/2025 13:20,SCH - OH - NY,23317,1901.33,2200,-1850
01/20/2025 13:20,SCH - PJ - NY,23316,1409.48,1700,-2400
01/20/2025 13:20,SCH - PJM_HTP,325905,200,660,-660
01/20/2025 13:20,SCH - PJM_NEPTUNE,325305,660,660,-660
01/20/2025 13:20,SCH - PJM_VFT,325658,315,315,-315
01/20/2025 13:20,SPR/DUN-SOUTH,23320,2574.27,4600,-9999
01/20/2025 13:20,TOTAL EAST,23314,5856.14,7550,-9999
01/20/2025 13:20,UPNY CONED,23315,4046.21,7055,-9999
01/20/2025 13:20,WEST CENTRAL,23312,921.75,9999,-9999
01/20/2025 13:25,CENTRAL EAST - VC,23330,3177.92,3280,-9999
01/20/2025 13:25,DYSINGER EAST,23326,1629.8,3200,-9999
01/20/2025 13:25,MOSES SOUTH,23319,1181.16,2650,-1600
01/20/2025 13:25,SCH - HQ - NY,23324,803,1300,-980
01/20/2025 13:25,SCH - HQ_CEDARS,325274,-100,200,-100
01/20/2025 13:25,SCH - HQ_IMPORT_EXPORT,325376,803,1310,-9999
01/20/2025 13:25,SCH - NE - NY,23318,-1138.25,1400,-1800
01/20/2025 13:25,SCH - NPX_1385,325277,-92,200,-200
01/20/2025 13:25,SCH - NPX_CSC,325154,0,330,-330
01/20/2025 13:25,SCH - OH - NY,23317,1900.93,2200,-1850
01/20/2025 13:25,SCH - PJ - NY,23316,1408.91,1700,-2400
01/20/2025 13:25,SCH - PJM_HTP,325905,200,660,-660
01/20/2025 13:25,SCH - PJM_NEPTUNE,325305,660,660,-660
01/20/2025 13:25,SCH - PJM_VFT,325658,315,315,-315
01/20/2025 13:25,SPR/DUN-SOUTH,23320,2480.47,4600,-9999
01/20/2025 13:25,TOTAL EAST,23314,5770.61,7550,-9999
01/20/2025 13:25,UPNY CONED,23315,3961.63,7055,-9999
01/20/2025 13:25,WEST CENTRAL,23312,959.9,9999,-9999
01/20/2025 13:30,CENTRAL EAST - VC,23330,3179.3,3280,-9999
01/20/2025 13:30,DYSINGER EAST,23326,1599.88,3200,-9999
01/20/2025 13:30,MOSES SOUTH,23319,1205.53,2650,-1600
01/20/2025 13:30,SCH - HQ - NY,23324,803,1300,-980
01/20/2025 13:30,SCH - HQ_CEDARS,325274,-100,200,-100
01/20/2025 13:30,SCH - HQ_IMPORT_EXPORT,325376,803,1310,-9999
01/20/2025 13:30,SCH - NE - NY,23318,-1288.42,1400,-1800
01/20/2025 13:30,SCH - NPX_1385,325277,-92,200,-200
01/20/2025 13:30,SCH - NPX_CSC,325154,0,330,-330
01/20/2025 13:30,SCH - OH - NY,23317,1900.93,2200,-1850
01/20/2025 13:30,SCH - PJ - NY,23316,1404.77,1700,-2400
01/20/2025 13:30,SCH - PJM_HTP,325905,200,660,-660
01/20/2025 13:30,SCH - PJM_NEPTUNE,325305,660,660,-660
01/20/2025 13:30,SCH - PJM_VFT,325658,315,315,-315
01/20/2025 13:30,SPR/DUN-SOUTH,23320,2366.17,4600,-9999
01/20/2025 13:30,TOTAL EAST,23314,5732.69,7550,-9999
01/20/2025 13:30,UPNY CONED,23315,3843.33,7055,-9999
01/20/2025 13:30,WEST CENTRAL,23312,921.07,9999,-9999
01/20/2025 13:35,CENTRAL EAST - VC,23330,3178.21,3280,-9999
01/20/2025 13:35,DYSINGER EAST,23326,1618.68,3200,-9999
01/20/2025 13:35,MOSES SOUTH,23319,1185.29,2650,-1600
01/20/2025 13:35,SCH - HQ - NY,23324,803,1300,-980
01/20/2025 13:35,SCH - HQ_CEDARS,325274,-100,200,-100
01/20/2025 13:35,SCH - HQ_IMPORT_EXPORT,325376,803,1310,-9999
01/20/2025 13:35,SCH - NE - NY,23318,-1438.57,1400,-1800
01/20/2025 13:35,SCH - NPX_1385,325277,-92,200,-200
01/20/2025 13:35,SCH - NPX_CSC,325154,0,330,-330
01/20/2025 13:35,SCH - OH - NY,23317,1900.9,2200,-1850
01/20/2025 13:35,SCH - PJ - NY,23316,1405.94,1700,-2400
01/20/2025 13:35,SCH - PJM_HTP,325905,200,660,-660
01/20/2025 13:35,SCH - PJM_NEPTUNE,325305,660,660,-660
01/20/2025 13:35,SCH - PJM_VFT,325658,315,315,-315
01/20/2025 13:35,SPR/DUN-SOUTH,23320,2294.61,4600,-9999
01/20/2025 13:35,TOTAL EAST,23314,5708.46,7550,-9999
01/20/2025 13:35,UPNY CONED,23315,3700.8,7055,-9999
01/20/2025 13:35,WEST CENTRAL,23312,942.91,9999,-9999
01/20/2025 13:40,CENTRAL EAST - VC,23330,3179.52,3280,-9999
01/20/2025 13:40,DYSINGER EAST,23326,1554.91,3200,-9999
01/20/2025 13:40,MOSES SOUTH,23319,1156.99,2650,-1600
01/20/2025 13:40,SCH - HQ - NY,23324,803,1300,-980
01/20/2025 13:40,SCH - HQ_CEDARS,325274,-100,200,-100
01/20/2025 13:40,SCH - HQ_IMPORT_EXPORT,325376,803,1310,-9999
01/20/2025 13:40,SCH - NE - NY,23318,-1438.68,1400,-1800
01/20/2025 13:40,SCH - NPX_1385,325277,-92,200,-200
01/20/2025 13:40,SCH - NPX_CSC,325154,0,330,-330
01/20/2025 13:40,SCH - OH - NY,23317,1901.03,2200,-1850
01/20/2025 13:40,SCH - PJ - NY,23316,1405.21,1700,-2400
01/20/2025 13:40,SCH - PJM_HTP,325905,200,660,-660
01/20/2025 13:40,SCH - PJM_NEPTUNE,325305,660,660,-660
01/20/2025 13:40,SCH - PJM_VFT,325658,315,315,-315
01/20/2025 13:40,SPR/DUN-SOUTH,23320,2333.58,4600,-9999
01/20/2025 13:40,TOTAL EAST,23314,5702.61,7550,-9999
01/20/2025 13:40,UPNY CONED,23315,3727.74,7055,-9999
01/20/2025 13:40,WEST CENTRAL,23312,877.55,9999,-9999
01/20/2025 13:45,CENTRAL EAST - VC,23330,3179.8,3280,-9999
01/20/2025 13:45,DYSINGER EAST,23326,1575.8,3200,-9999
01/20/2025 13:45,MOSES SOUTH,23319,1168.51,2650,-1600
01/20/2025 13:45,SCH - HQ - NY,23324,803,1300,-980
01/20/2025 13:45,SCH - HQ_CEDARS,325274,-100,200,-100
01/20/2025 13:45,SCH - HQ_IMPORT_EXPORT,325376,803,1310,-9999
01/20/2025 13:45,SCH - NE - NY,23318,-1431.56,1400,-1800
01/20/2025 13:45,SCH - NPX_1385,325277,-92,200,-200
01/20/2025 13:45,SCH - NPX_CSC,325154,0,330,-330
01/20/2025 13:45,SCH - OH - NY,23317,1900.9,2200,-1850
01/20/2025 13:45,SCH - PJ - NY,23316,1404.14,1700,-2400
01/20/2025 13:45,SCH - PJM_HTP,325905,200,660,-660
01/20/2025 13:45,SCH - PJM_NEPTUNE,325305,660,660,-660
01/20/2025 13:45,SCH - PJM_VFT,325658,315,315,-315
01/20/2025 13:45,SPR/DUN-SOUTH,23320,2342.99,4600,-9999
01/20/2025 13:45,TOTAL EAST,23314,5664.1,7550,-9999
01/20/2025 13:45,UPNY CONED,23315,3751.33,7055,-9999
01/20/2025 13:45,WEST CENTRAL,23312,905.07,9999,-9999
01/20/2025 13:50,CENTRAL EAST - VC,23330,3158.48,3280,-9999
01/20/2025 13:50,DYSINGER EAST,23326,1728.56,3200,-9999
01/20/2025 13:50,MOSES SOUTH,23319,1171.32,2650,-1600
01/20/2025 13:50,SCH - HQ - NY,23324,803,1300,-980
01/20/2025 13:50,SCH - HQ_CEDARS,325274,-100,200,-100
01/20/2025 13:50,SCH - HQ_IMPORT_EXPORT,325376,803,1310,-9999
01/20/2025 13:50,SCH - NE - NY,23318,-1425.47,1400,-1800
01/20/2025 13:50,SCH - NPX_1385,325277,-92,200,-200
01/20/2025 13:50,SCH - NPX_CSC,325154,0,330,-330
01/20/2025 13:50,SCH - OH - NY,23317,1900.67,2200,-1850
01/20/2025 13:50,SCH - PJ - NY,23316,1404.97,1700,-2400
01/20/2025 13:50,SCH - PJM_HTP,325905,200,660,-660
01/20/2025 13:50,SCH - PJM_NEPTUNE,325305,660,660,-660
01/20/2025 13:50,SCH - PJM_VFT,325658,315,315,-315
01/20/2025 13:50,SPR/DUN-SOUTH,23320,2352.63,4600,-9999
01/20/2025 13:50,TOTAL EAST,23314,5657.24,7550,-9999
01/20/2025 13:50,UPNY CONED,23315,3750.89,7055,-9999
01/20/2025 13:50,WEST CENTRAL,23312,1057.83,9999,-9999
01/20/2025 13:55,CENTRAL EAST - VC,23330,3159.27,3280,-9999
01/20/2025 13:55,DYSINGER EAST,23326,1726.58,3200,-9999
01/20/2025 13:55,MOSES SOUTH,23319,1157.78,2650,-1600
01/20/2025 13:55,SCH - HQ - NY,23324,803,1300,-980
01/20/2025 13:55,SCH - HQ_CEDARS,325274,-100,200,-100
01/20/2025 13:55,SCH - HQ_IMPORT_EXPORT,325376,803,1310,-9999
01/20/2025 13:55,SCH - NE - NY,23318,-1425.44,1400,-1800
01/20/2025 13:55,SCH - NPX_1385,325277,-92,200,-200
01/20/2025 13:55,SCH - NPX_CSC,325154,0,330,-330
01/20/2025 13:55,SCH - OH - NY,23317,1900.78,2200,-1850
01/20/2025 13:55,SCH - PJ - NY,23316,1402.83,1700,-2400
01/20/2025 13:55,SCH - PJM_HTP,325905,200,660,-660
01/20/2025 13:55,SCH - PJM_NEPTUNE,325305,660,660,-660
01/20/2025 13:55,SCH - PJM_VFT,325658,315,315,-315
01/20/2025 13:55,SPR/DUN-SOUTH,23320,2371.47,4600,-9999
01/20/2025 13:55,TOTAL EAST,23314,5705.65,7550,-9999
01/20/2025 13:55,UPNY CONED,23315,3826.59,7055,-9999
01/20/2025 13:55,WEST CENTRAL,23312,1046.88,9999,-9999
01/20/2025 14:00,CENTRAL EAST - VC,23330,3161.89,3280,-9999
01/20/2025 14:00,DYSINGER EAST,23326,1674.28,3200,-9999
01/20/2025 14:00,MOSES SOUTH,23319,1358.71,2650,-1600
01/20/2025 14:00,SCH - HQ - NY,23324,940,1300,-980
01/20/2025 14:00,SCH - HQ_CEDARS,325274,-100,200,-100
01/20/2025 14:00,SCH - HQ_IMPORT_EXPORT,325376,940,1310,-9999
01/20/2025 14:00,SCH - NE - NY,23318,-1328.34,1400,-1800
01/20/2025 14:00,SCH - NPX_1385,325277,-73,200,-200
01/20/2025 14:00,SCH - NPX_CSC,325154,0,330,-330
01/20/2025 14:00,SCH - OH - NY,23317,1900.72,2200,-1850
01/20/2025 14:00,SCH - PJ - NY,23316,1404.85,1700,-2400
01/20/2025 14:00,SCH - PJM_HTP,325905,200,660,-660
01/20/2025 14:00,SCH - PJM_NEPTUNE,325305,643,660,-660
01/20/2025 14:00,SCH - PJM_VFT,325658,315,315,-315
01/20/2025 14:00,SPR/DUN-SOUTH,23320,2472.04,4600,-9999
01/20/2025 14:00,TOTAL EAST,23314,5694.62,7550,-9999
01/20/2025 14:00,UPNY CONED,23315,3955.05,7055,-9999
01/20/2025 14:00,WEST CENTRAL,23312,1011.03,9999,-9999
01/20/2025 14:05,CENTRAL EAST - VC,23330,3180.31,3280,-9999
01/20/2025 14:05,DYSINGER EAST,23326,1631.32,3200,-9999
01/20/2025 14:05,MOSES SOUTH,23319,1536.54,2650,-1600
01/20/2025 14:05,SCH - HQ - NY,23324,1077,1300,-980
01/20/2025 14:05,SCH - HQ_CEDARS,325274,-100,200,-100
01/20/2025 14:05,SCH - HQ_IMPORT_EXPORT,325376,1077,1310,-9999
01/20/2025 14:05,SCH - NE - NY,23318,-1231.26,1400,-1800
01/20/2025 14:05,SCH - NPX_1385,325277,-55,200,-200
01/20/2025 14:05,SCH - NPX_CSC,325154,0,330,-330
01/20/2025 14:05,SCH - OH - NY,23317,1900.68,2200,-1850
01/20/2025 14:05,SCH - PJ - NY,23316,1400.9,1700,-2400
01/20/2025 14:05,SCH - PJM_HTP,325905,200,660,-660
01/20/2025 14:05,SCH - PJM_NEPTUNE,325305,626,660,-660
01/20/2025 14:05,SCH - PJM_VFT,325658,315,315,-315
01/20/2025 14:05,SPR/DUN-SOUTH,23320,2519.02,4600,-9999
01/20/2025 14:05,TOTAL EAST,23314,5672.59,7550,-9999
01/20/2025 14:05,UPNY CONED,23315,4024.68,7055,-9999
01/20/2025 14:05,WEST CENTRAL,23312,971.28,9999,-9999
01/20/2025 14:10,CENTRAL EAST - VC,23330,3179.06,3280,-9999
01/20/2025 14:10,DYSINGER EAST,23326,1696.81,3200,-9999
01/20/2025 14:10,MOSES SOUTH,23319,1452.44,2650,-1600
01/20/2025 14:10,SCH - HQ - NY,23324,1077,1300,-980
01/20/2025 14:10,SCH - HQ_CEDARS,325274,-100,200,-100
01/20/2025 14:10,SCH - HQ_IMPORT_EXPORT,325376,1077,1310,-9999
01/20/2025 14:10,SCH - NE - NY,23318,-1231.17,1400,-1800
01/20/2025 14:10,SCH - NPX_1385,325277,-55,200,-200
01/20/2025 14:10,SCH - NPX_CSC,325154,0,330,-330
01/20/2025 14:10,SCH - OH - NY,23317,1900.66,2200,-1850
01/20/2025 14:10,SCH - PJ - NY,23316,1401.89,1700,-2400
01/20/2025 14:10,SCH - PJM_HTP,325905,200,660,-660
01/20/2025 14:10,SCH - PJM_NEPTUNE,325305,626,660,-660
01/20/2025 14:10,SCH - PJM_VFT,325658,315,315,-315
01/20/2025 14:10,SPR/DUN-SOUTH,23320,2530,4600,-9999
01/20/2025 14:10,TOTAL EAST,23314,5698.74,7550,-9999
01/20/2025 14:10,UPNY CONED,23315,4036.88,7055,-9999
01/20/2025 14:10,WEST CENTRAL,23312,1025.53,9999,-9999
01/20/2025 14:15,CENTRAL EAST - VC,23330,3165,3280,-9999
01/20/2025 14:15,DYSINGER EAST,23326,1895.87,3200,-9999
01/20/2025 14:15,MOSES SOUTH,23319,1397.61,2650,-1600
01/20/2025 14:15,SCH - HQ - NY,23324,1077,1300,-980
01/20/2025 14:15,SCH - HQ_CEDARS,325274,-100,200,-100
01/20/2025 14:15,SCH - HQ_IMPORT_EXPORT,325376,1077,1310,-9999
01/20/2025 14:15,SCH - NE - NY,23318,-1247.18,1400,-1800
01/20/2025 14:15,SCH - NPX_1385,325277,-55,200,-200
01/20/2025 14:15,SCH - NPX_CSC,325154,0,330,-330
01/20/2025 14:15,SCH - OH - NY,23317,1900.45,2200,-1850
01/20/2025 14:15,SCH - PJ - NY,23316,1403.88,1700,-2400
01/20/2025 14:15,SCH - PJM_HTP,325905,200,660,-660
01/20/2025 14:15,SCH - PJM_NEPTUNE,325305,641,660,-660
01/20/2025 14:15,SCH - PJM_VFT,325658,315,315,-315
01/20/2025 14:15,SPR/DUN-SOUTH,23320,2511.21,4600,-9999
01/20/2025 14:15,TOTAL EAST,23314,5750.64,7550,-9999
01/20/2025 14:15,UPNY CONED,23315,4021.32,6720,-9999
01/20/2025 14:15,WEST CENTRAL,23312,1215.59,9999,-9999
01/20/2025 14:20,CENTRAL EAST - VC,23330,3164.82,3280,-9999
01/20/2025 14:20,DYSINGER EAST,23326,1779.35,3200,-9999
01/20/2025 14:20,MOSES SOUTH,23319,1354.77,2650,-1600
01/20/2025 14:20,SCH - HQ - NY,23324,1077,1300,-980
01/20/2025 14:20,SCH - HQ_CEDARS,325274,-100,200,-100
01/20/2025 14:20,SCH - HQ_IMPORT_EXPORT,325376,1077,1310,-9999
01/20/2025 14:20,SCH - NE - NY,23318,-1263.2,1400,-1800
01/20/2025 14:20,SCH - NPX_1385,325277,-55,200,-200
01/20/2025 14:20,SCH - NPX_CSC,325154,0,330,-330
01/20/2025 14:20,SCH - OH - NY,23317,1900.73,2200,-1850
01/20/2025 14:20,SCH - PJ - NY,23316,1402.71,1700,-2400
01/20/2025 14:20,SCH - PJM_HTP,325905,200,660,-660
01/20/2025 14:20,SCH - PJM_NEPTUNE,325305,656,660,-660
01/20/2025 14:20,SCH - PJM_VFT,325658,315,315,-315
01/20/2025 14:20,SPR/DUN-SOUTH,23320,2517.52,4600,-9999
01/20/2025 14:20,TOTAL EAST,23314,5830.49,7550,-9999
01/20/2025 14:20,UPNY CONED,23315,4021.96,7055,-9999
01/20/2025 14:20,WEST CENTRAL,23312,1117.15,9999,-9999
01/20/2025 14:25,CENTRAL EAST - VC,23330,3158.12,3280,-9999
01/20/2025 14:25,DYSINGER EAST,23326,1748.79,3200,-9999
01/20/2025 14:25,MOSES SOUTH,23319,1365.41,2650,-1600
01/20/2025 14:25,SCH - HQ - NY,23324,1077,1300,-980
01/20/2025 14:25,SCH - HQ_CEDARS,325274,-100,200,-100
01/20/2025 14:25,SCH - HQ_IMPORT_EXPORT,325376,1077,1310,-9999
01/20/2025 14:25,SCH - NE - NY,23318,-1263.22,1400,-1800
01/20/2025 14:25,SCH - NPX_1385,325277,-55,200,-200
01/20/2025 14:25,SCH - NPX_CSC,325154,0,330,-330
01/20/2025 14:25,SCH - OH - NY,23317,1900.7,2200,-1850
01/20/2025 14:25,SCH - PJ - NY,23316,1403.78,1700,-2400
01/20/2025 14:25,SCH - PJM_HTP,325905,200,660,-660
01/20/2025 14:25,SCH - PJM_NEPTUNE,325305,656,660,-660
01/20/2025 14:25,SCH - PJM_VFT,325658,315,315,-315
01/20/2025 14:25,SPR/DUN-SOUTH,23320,2494.33,4600,-9999
01/20/2025 14:25,TOTAL EAST,23314,5802.9,7550,-9999
01/20/2025 14:25,UPNY CONED,23315,3997.71,6720,-9999
01/20/2025 14:25,WEST CENTRAL,23312,1100.25,9999,-9999
01/20/2025 14:30,CENTRAL EAST - VC,23330,3159.13,3280,-9999
01/20/2025 14:30,DYSINGER EAST,23326,1752.6,3200,-9999
01/20/2025 14:30,MOSES SOUTH,23319,1341.48,2650,-1600
01/20/2025 14:30,SCH - HQ - NY,23324,1077,1300,-980
01/20/2025 14:30,SCH - HQ_CEDARS,325274,-100,200,-100
01/20/2025 14:30,SCH - HQ_IMPORT_EXPORT,325376,1077,1310,-9999
01/20/2025 14:30,SCH - NE - NY,23318,-1296.28,1400,-1800
01/20/2025 14:30,SCH - NPX_1385,325277,-55,200,-200
01/20/2025 14:30,SCH - NPX_CSC,325154,0,330,-330
01/20/2025 14:30,SCH - OH - NY,23317,1900.68,2200,-1850
01/20/2025 14:30,SCH - PJ - NY,23316,1403.87,1700,-2400
01/20/2025 14:30,SCH - PJM_HTP,325905,200,660,-660
01/20/2025 14:30,SCH - PJM_NEPTUNE,325305,658,660,-660
01/20/2025 14:30,SCH - PJM_VFT,325658,315,315,-315
01/20/2025 14:30,SPR/DUN-SOUTH,23320,2418.59,4600,-9999
01/20/2025 14:30,TOTAL EAST,23314,5784.11,7550,-9999
01/20/2025 14:30,UPNY CONED,23315,3926.26,6720,-9999
01/20/2025 14:30,WEST CENTRAL,23312,1097.19,9999,-9999
01/20/2025 14:35,CENTRAL EAST - VC,23330,3179.47,3280,-9999
01/20/2025 14:35,DYSINGER EAST,23326,1693.79,3200,-9999
01/20/2025 14:35,MOSES SOUTH,23319,1369.91,2650,-1600
01/20/2025 14:35,SCH - HQ - NY,23324,1077,1300,-980
01/20/2025 14:35,SCH - HQ_CEDARS,325274,-100,200,-100
01/20/2025 14:35,SCH - HQ_IMPORT_EXPORT,325376,1077,1310,-9999
01/20/2025 14:35,SCH - NE - NY,23318,-1329.32,1400,-1800
01/20/2025 14:35,SCH - NPX_1385,325277,-55,200,-200
01/20/2025 14:35,SCH - NPX_CSC,325154,0,330,-330
01/20/2025 14:35,SCH - OH - NY,23317,1900.9,2200,-1850
01/20/2025 14:35,SCH - PJ - NY,23316,1405.73,1700,-2400
01/20/2025 14:35,SCH - PJM_HTP,325905,200,660,-660
01/20/2025 14:35,SCH - PJM_NEPTUNE,325305,660,660,-660
01/20/2025 14:35,SCH - PJM_VFT,325658,315,315,-315
01/20/2025 14:35,SPR/DUN-SOUTH,23320,2438.98,4600,-9999
01/20/2025 14:35,TOTAL EAST,23314,5845.83,7550,-9999
01/20/2025 14:35,UPNY CONED,23315,3957,6720,-9999
01/20/2025 14:35,WEST CENTRAL,23312,1041.85,9999,-9999
01/20/2025 14:40,CENTRAL EAST - VC,23330,3160.95,3280,-9999
01/20/2025 14:40,DYSINGER EAST,23326,1740.15,3200,-9999
01/20/2025 14:40,MOSES SOUTH,23319,1335.16,2650,-1600
01/20/2025 14:40,SCH - HQ - NY,23324,1077,1300,-980
01/20/2025 14:40,SCH - HQ_CEDARS,325274,-100,200,-100
01/20/2025 14:40,SCH - HQ_IMPORT_EXPORT,325376,1077,1310,-9999
01/20/2025 14:40,SCH - NE - NY,23318,-1329.31,1400,-1800
01/20/2025 14:40,SCH - NPX_1385,325277,-55,200,-200
01/20/2025 14:40,SCH - NPX_CSC,325154,0,330,-330
01/20/2025 14:40,SCH - OH - NY,23317,1900.63,2200,-1850
01/20/2025 14:40,SCH - PJ - NY,23316,1402.89,1700,-2400
01/20/2025 14:40,SCH - PJM_HTP,325905,200,660,-660
01/20/2025 14:40,SCH - PJM_NEPTUNE,325305,660,660,-660
01/20/2025 14:40,SCH - PJM_VFT,325658,315,315,-315
01/20/2025 14:40,SPR/DUN-SOUTH,23320,2418.61,4600,-9999
01/20/2025 14:40,TOTAL EAST,23314,5818.99,7550,-9999
01/20/2025 14:40,UPNY CONED,23315,3926.29,6720,-9999
01/20/2025 14:40,WEST CENTRAL,23312,1075.75,9999,-9999
01/20/2025 14:45,CENTRAL EAST - VC,23330,3173.07,3280,-9999
01/20/2025 14:45,DYSINGER EAST,23326,1766.88,3200,-9999
01/20/2025 14:45,MOSES SOUTH,23319,1348.08,2650,-1600
01/20/2025 14:45,SCH - HQ - NY,23324,1077,1300,-980
01/20/2025 14:45,SCH - HQ_CEDARS,325274,-100,200,-100
01/20/2025 14:45,SCH - HQ_IMPORT_EXPORT,325376,1077,1310,-9999
01/20/2025 14:45,SCH - NE - NY,23318,-1306.26,1400,-1800
01/20/2025 14:45,SCH - NPX_1385,325277,-55,200,-200
01/20/2025 14:45,SCH - NPX_CSC,325154,0,330,-330
01/20/2025 14:45,SCH - OH - NY,23317,1900.89,2200,-1850
01/20/2025 14:45,SCH - PJ - NY,23316,1399.56,1700,-2400
01/20/2025 14:45,SCH - PJM_HTP,325905,200,660,-660
01/20/2025 14:45,SCH - PJM_NEPTUNE,325305,630,660,-660
01/20/2025 14:45,SCH - PJM_VFT,325658,315,315,-315
01/20/2025 14:45,SPR/DUN-SOUTH,23320,2502.8,4600,-9999
01/20/2025 14:45,TOTAL EAST,23314,5949.47,7550,-9999
01/20/2025 14:45,UPNY CONED,23315,4026.5,6720,-9999
01/20/2025 14:45,WEST CENTRAL,23312,1109.21,9999,-9999
01/20/2025 14:50,CENTRAL EAST - VC,23330,3166.84,3280,-9999
01/20/2025 14:50,DYSINGER EAST,23326,1842.05,3200,-9999
01/20/2025 14:50,MOSES SOUTH,23319,1277.32,2650,-1600
01/20/2025 14:50,SCH - HQ - NY,23324,1077,1300,-980
01/20/2025 14:50,SCH - HQ_CEDARS,325274,-100,200,-100
01/20/2025 14:50,SCH - HQ_IMPORT_EXPORT,325376,1077,1310,-9999
01/20/2025 14:50,SCH - NE - NY,23318,-1283.22,1400,-1800
01/20/2025 14:50,SCH - NPX_1385,325277,-55,200,-200
01/20/2025 14:50,SCH - NPX_CSC,325154,0,330,-330
01/20/2025 14:50,SCH - OH - NY,23317,1900.65,2200,-1850
01/20/2025 14:50,SCH - PJ - NY,23316,1402.74,1700,-2400
01/20/2025 14:50,SCH - PJM_HTP,325905,200,660,-660
01/20/2025 14:50,SCH - PJM_NEPTUNE,325305,600,660,-660
01/20/2025 14:50,SCH - PJM_VFT,325658,315,315,-315
01/20/2025 14:50,SPR/DUN-SOUTH,23320,2505.34,4600,-9999
01/20/2025 14:50,TOTAL EAST,23314,5903.02,7550,-9999
01/20/2025 14:50,UPNY CONED,23315,4015.84,6720,-9999
01/20/2025 14:50,WEST CENTRAL,23312,1173.01,9999,-9999
01/20/2025 14:55,CENTRAL EAST - VC,23330,3177.13,3280,-9999
01/20/2025 14:55,DYSINGER EAST,23326,1710.64,3200,-9999
01/20/2025 14:55,MOSES SOUTH,23319,1363.37,2650,-1600
01/20/2025 14:55,SCH - HQ - NY,23324,1077,1300,-980
01/20/2025 14:55,SCH - HQ_CEDARS,325274,-100,200,-100
01/20/2025 14:55,SCH - HQ_IMPORT_EXPORT,325376,1077,1310,-9999
01/20/2025 14:55,SCH - NE - NY,23318,-1283.16,1400,-1800
01/20/2025 14:55,SCH - NPX_1385,325277,-55,200,-200
01/20/2025 14:55,SCH - NPX_CSC,325154,0,330,-330
01/20/2025 14:55,SCH - OH - NY,23317,1900.97,2200,-1850
01/20/2025 14:55,SCH - PJ - NY,23316,1408.45,1700,-2400
01/20/2025 14:55,SCH - PJM_HTP,325905,200,660,-660
01/20/2025 14:55,SCH - PJM_NEPTUNE,325305,600,660,-660
01/20/2025 14:55,SCH - PJM_VFT,325658,315,315,-315
01/20/2025 14:55,SPR/DUN-SOUTH,23320,2525.98,4600,-9999
01/20/2025 14:55,TOTAL EAST,23314,5978.13,7550,-9999
01/20/2025 14:55,UPNY CONED,23315,4018.11,6720,-9999
01/20/2025 14:55,WEST CENTRAL,23312,1060.24,9999,-9999
01/20/2025 15:00,CENTRAL EAST - VC,23330,3166.99,3280,-9999
01/20/2025 15:00,DYSINGER EAST,23326,1755.87,3200,-9999
01/20/2025 15:00,MOSES SOUTH,23319,1333.8,2650,-1600
01/20/2025 15:00,SCH - HQ - NY,23324,1042,1300,-980
01/20/2025 15:00,SCH - HQ_CEDARS,325274,-100,200,-100
01/20/2025 15:00,SCH - HQ_IMPORT_EXPORT,325376,1042,1310,-9999
01/20/2025 15:00,SCH - NE - NY,23318,-1128.64,1400,-1800
01/20/2025 15:00,SCH - NPX_1385,325277,-110,200,-200
01/20/2025 15:00,SCH - NPX_CSC,325154,0,330,-330
01/20/2025 15:00,SCH - OH - NY,23317,1894.88,2200,-1850
01/20/2025 15:00,SCH - PJ - NY,23316,1399.88,1700,-2400
01/20/2025 15:00,SCH - PJM_HTP,325905,200,660,-660
01/20/2025 15:00,SCH - PJM_NEPTUNE,325305,630,660,-660
01/20/2025 15:00,SCH - PJM_VFT,325658,315,315,-315
01/20/2025 15:00,SPR/DUN-SOUTH,23320,2652.24,4600,-9999
01/20/2025 15:00,TOTAL EAST,23314,5956.37,7550,-9999
01/20/2025 15:00,UPNY CONED,23315,4158.79,6720,-9999
01/20/2025 15:00,WEST CENTRAL,23312,1108.99,9999,-9999
01/20/2025 15:05,CENTRAL EAST - VC,23330,3173.4,3280,-9999
01/20/2025 15:05,DYSINGER EAST,23326,1808.23,3200,-9999
01/20/2025 15:05,MOSES SOUTH,23319,1293.21,2650,-1600
01/20/2025 15:05,SCH - HQ - NY,23324,1007,1300,-980
01/20/2025 15:05,SCH - HQ_CEDARS,325274,-100,200,-100
01/20/2025 15:05,SCH - HQ_IMPORT_EXPORT,325376,1007,1310,-9999
01/20/2025 15:05,SCH - NE - NY,23318,-979.84,1400,-1800
01/20/2025 15:05,SCH - NPX_1385,325277,-165,200,-200
01/20/2025 15:05,SCH - NPX_CSC,325154,0,330,-330
01/20/2025 15:05,SCH - OH - NY,23317,1889.89,2200,-1850
01/20/2025 15:05,SCH - PJ - NY,23316,1401.78,1700,-2400
01/20/2025 15:05,SCH - PJM_HTP,325905,200,660,-660
01/20/2025 15:05,SCH - PJM_NEPTUNE,325305,660,660,-660
01/20/2025 15:05,SCH - PJM_VFT,325658,315,315,-315
01/20/2025 15:05,SPR/DUN-SOUTH,23320,2756.7,4600,-9999
01/20/2025 15:05,TOTAL EAST,23314,5991.54,7550,-9999
01/20/2025 15:05,UPNY CONED,23315,4347.62,6720,-9999
01/20/2025 15:05,WEST CENTRAL,23312,1148.88,9999,-9999
01/20/2025 15:10,CENTRAL EAST - VC,23330,3162.29,3280,-9999
01/20/2025 15:10,DYSINGER EAST,23326,1728.93,3200,-9999
01/20/2025 15:10,MOSES SOUTH,23319,1295.82,2650,-1600
01/20/2025 15:10,SCH - HQ - NY,23324,1007,1300,-980
01/20/2025 15:10,SCH - HQ_CEDARS,325274,-100,200,-100
01/20/2025 15:10,SCH - HQ_IMPORT_EXPORT,325376,1007,1310,-9999
01/20/2025 15:10,SCH - NE - NY,23318,-978.87,1400,-1800
01/20/2025 15:10,SCH - NPX_1385,325277,-165,200,-200
01/20/2025 15:10,SCH - NPX_CSC,325154,0,330,-330
01/20/2025 15:10,SCH - OH - NY,23317,1889.97,2200,-1850
01/20/2025 15:10,SCH - PJ - NY,23316,1391.61,1700,-2400
01/20/2025 15:10,SCH - PJM_HTP,325905,200,660,-660
01/20/2025 15:10,SCH - PJM_NEPTUNE,325305,660,660,-660
01/20/2025 15:10,SCH - PJM_VFT,325658,315,315,-315
01/20/2025 15:10,SPR/DUN-SOUTH,23320,2759.26,4600,-9999
01/20/2025 15:10,TOTAL EAST,23314,5891.39,7550,-9999
01/20/2025 15:10,UPNY CONED,23315,4294.57,6720,-9999
01/20/2025 15:10,WEST CENTRAL,23312,1056.25,9999,-9999
01/20/2025 15:15,CENTRAL EAST - VC,23330,3123.12,3280,-9999
01/20/2025 15:15,DYSINGER EAST,23326,1769.63,3200,-9999
01/20/2025 15:15,MOSES SOUTH,23319,1249.26,2650,-1600
01/20/2025 15:15,SCH - HQ - NY,23324,1007,1300,-980
01/20/2025 15:15,SCH - HQ_CEDARS,325274,-100,200,-100
01/20/2025 15:15,SCH - HQ_IMPORT_EXPORT,325376,1007,1310,-9999
01/20/2025 15:15,SCH - NE - NY,23318,-879.56,1400,-1800
01/20/2025 15:15,SCH - NPX_1385,325277,-165,200,-200
01/20/2025 15:15,SCH - NPX_CSC,325154,0,330,-330
01/20/2025 15:15,SCH - OH - NY,23317,1890.33,2200,-1850
01/20/2025 15:15,SCH - PJ - NY,23316,1405.28,1700,-2400
01/20/2025 15:15,SCH - PJM_HTP,325905,200,660,-660
01/20/2025 15:15,SCH - PJM_NEPTUNE,325305,660,660,-660
01/20/2025 15:15,SCH - PJM_VFT,325658,315,315,-315
01/20/2025 15:15,SPR/DUN-SOUTH,23320,2783.97,4600,-9999
01/20/2025 15:15,TOTAL EAST,23314,5953.4,7550,-9999
01/20/2025 15:15,UPNY CONED,23315,4388.54,6720,-9999
01/20/2025 15:15,WEST CENTRAL,23312,1081.56,9999,-9999
01/20/2025 15:20,CENTRAL EAST - VC,23330,3145.29,3280,-9999
01/20/2025 15:20,DYSINGER EAST,23326,1776.96,3200,-9999
01/20/2025 15:20,MOSES SOUTH,23319,1273.34,2650,-1600
01/20/2025 15:20,SCH - HQ - NY,23324,1007,1300,-980
01/20/2025 15:20,SCH - HQ_CEDARS,325274,-100,200,-100
01/20/2025 15:20,SCH - HQ_IMPORT_EXPORT,325376,1007,1310,-9999
01/20/2025 15:20,SCH - NE - NY,23318,-781.32,1400,-1800
01/20/2025 15:20,SCH - NPX_1385,325277,-165,200,-200
01/20/2025 15:20,SCH - NPX_CSC,325154,0,330,-330
01/20/2025 15:20,SCH - OH - NY,23317,1890.57,2200,-1850
01/20/2025 15:20,SCH - PJ - NY,23316,1397.67,1700,-2400
01/20/2025 15:20,SCH - PJM_HTP,325905,200,660,-660
01/20/2025 15:20,SCH - PJM_NEPTUNE,325305,660,660,-660
01/20/2025 15:20,SCH - PJM_VFT,325658,315,315,-315
01/20/2025 15:20,SPR/DUN-SOUTH,23320,2819.11,4600,-9999
01/20/2025 15:20,TOTAL EAST,23314,5952.47,7550,-9999
01/20/2025 15:20,UPNY CONED,23315,4414.1,6720,-9999
01/20/2025 15:20,WEST CENTRAL,23312,1087.06,9999,-9999
01/20/2025 15:25,CENTRAL EAST - VC,23330,3014.26,3280,-9999
01/20/2025 15:25,DYSINGER EAST,23326,1657.65,3200,-9999
01/20/2025 15:25,MOSES SOUTH,23319,1291.87,2650,-1600
01/20/2025 15:25,SCH - HQ - NY,23324,1007,1300,-980
01/20/2025 15:25,SCH - HQ_CEDARS,325274,-100,200,-100
01/20/2025 15:25,SCH - HQ_IMPORT_EXPORT,325376,1007,1310,-9999
01/20/2025 15:25,SCH - NE - NY,23318,-781.46,1400,-1800
01/20/2025 15:25,SCH - NPX_1385,325277,-165,200,-200
01/20/2025 15:25,SCH - NPX_CSC,325154,0,330,-330
01/20/2025 15:25,SCH - OH - NY,23317,1890.35,2200,-1850
01/20/2025 15:25,SCH - PJ - NY,23316,1400.27,1700,-2400
01/20/2025 15:25,SCH - PJM_HTP,325905,200,660,-660
01/20/2025 15:25,SCH - PJM_NEPTUNE,325305,660,660,-660
01/20/2025 15:25,SCH - PJM_VFT,325658,315,315,-315
01/20/2025 15:25,SPR/DUN-SOUTH,23320,2550.51,4600,-9999
01/20/2025 15:25,TOTAL EAST,23314,5852.21,7550,-9999
01/20/2025 15:25,UPNY CONED,23315,4136.28,6720,-9999
01/20/2025 15:25,WEST CENTRAL,23312,984.01,9999,-9999
01/20/2025 15:30,CENTRAL EAST - VC,23330,3081.44,3280,-9999
01/20/2025 15:30,DYSINGER EAST,23326,1717.79,3200,-9999
01/20/2025 15:30,MOSES SOUTH,23319,1305.56,2650,-1600
01/20/2025 15:30,SCH - HQ - NY,23324,1007,1300,-980
01/20/2025 15:30,SCH - HQ_CEDARS,325274,-100,200,-100
01/20/2025 15:30,SCH - HQ_IMPORT_EXPORT,325376,1007,1310,-9999
01/20/2025 15:30,SCH - NE - NY,23318,-797.34,1400,-1800
01/20/2025 15:30,SCH - NPX_1385,325277,-165,200,-200
01/20/2025 15:30,SCH - NPX_CSC,325154,0,330,-330
01/20/2025 15:30,SCH - OH - NY,23317,1890.39,2200,-1850
01/20/2025 15:30,SCH - PJ - NY,23316,1401.68,1700,-2400
01/20/2025 15:30,SCH - PJM_HTP,325905,200,660,-660
01/20/2025 15:30,SCH - PJM_NEPTUNE,325305,660,660,-660
01/20/2025 15:30,SCH - PJM_VFT,325658,315,315,-315
01/20/2025 15:30,SPR/DUN-SOUTH,23320,2650.44,4600,-9999
01/20/2025 15:30,TOTAL EAST,23314,5910.61,7550,-9999
01/20/2025 15:30,UPNY CONED,23315,4243.67,6720,-9999
01/20/2025 15:30,WEST CENTRAL,23312,1040.33,9999,-9999
01/20/2025 15:35,CENTRAL EAST - VC,23330,3147.52,3280,-9999
01/20/2025 15:35,DYSINGER EAST,23326,1894.48,3200,-9999
01/20/2025 15:35,MOSES SOUTH,23319,1301.27,2650,-1600
01/20/2025 15:35,SCH - HQ - NY,23324,1007,1300,-980
01/20/2025 15:35,SCH - HQ_CEDARS,325274,-100,200,-100
01/20/2025 15:35,SCH - HQ_IMPORT_EXPORT,325376,1007,1310,-9999
01/20/2025 15:35,SCH - NE - NY,23318,-812.87,1400,-1800
01/20/2025 15:35,SCH - NPX_1385,325277,-165,200,-200
01/20/2025 15:35,SCH - NPX_CSC,325154,0,330,-330
01/20/2025 15:35,SCH - OH - NY,23317,1890.41,2200,-1850
01/20/2025 15:35,SCH - PJ - NY,23316,1391.93,1700,-2400
01/20/2025 15:35,SCH - PJM_HTP,325905,200,660,-660
01/20/2025 15:35,SCH - PJM_NEPTUNE,325305,660,660,-660
01/20/2025 15:35,SCH - PJM_VFT,325658,315,315,-315
01/20/2025 15:35,SPR/DUN-SOUTH,23320,2738.16,4600,-9999
01/20/2025 15:35,TOTAL EAST,23314,5936.39,7550,-9999
01/20/2025 15:35,UPNY CONED,23315,4323.2,6720,-9999
01/20/2025 15:35,WEST CENTRAL,23312,1187.54,9999,-9999
01/20/2025 15:40,CENTRAL EAST - VC,23330,3140.99,3280,-9999
01/20/2025 15:40,DYSINGER EAST,23326,1909.99,3200,-9999
01/20/2025 15:40,MOSES SOUTH,23319,1296.48,2650,-1600
01/20/2025 15:40,SCH - HQ - NY,23324,1007,1300,-980
01/20/2025 15:40,SCH - HQ_CEDARS,325274,-100,200,-100
01/20/2025 15:40,SCH - HQ_IMPORT_EXPORT,325376,1007,1310,-9999
01/20/2025 15:40,SCH - NE - NY,23318,-812.82,1400,-1800
01/20/2025 15:40,SCH - NPX_1385,325277,-165,200,-200
01/20/2025 15:40,SCH - NPX_CSC,325154,0,330,-330
01/20/2025 15:40,SCH - OH - NY,23317,1890.34,2200,-1850
01/20/2025 15:40,SCH - PJ - NY,23316,1404.76,1700,-2400
01/20/2025 15:40,SCH - PJM_HTP,325905,200,660,-660
01/20/2025 15:40,SCH - PJM_NEPTUNE,325305,660,660,-660
01/20/2025 15:40,SCH - PJM_VFT,325658,315,315,-315
01/20/2025 15:40,SPR/DUN-SOUTH,23320,2780.56,4600,-9999
01/20/2025 15:40,TOTAL EAST,23314,5946.76,7550,-9999
01/20/2025 15:40,UPNY CONED,23315,4373.18,6720,-9999
01/20/2025 15:40,WEST CENTRAL,23312,1201.1,9999,-9999
01/20/2025 15:45,CENTRAL EAST - VC,23330,3071.16,3280,-9999
01/20/2025 15:45,DYSINGER EAST,23326,1880.21,3200,-9999
01/20/2025 15:45,MOSES SOUTH,23319,1231.45,2650,-1600
01/20/2025 15:45,SCH - HQ - NY,23324,1007,1300,-980
01/20/2025 15:45,SCH - HQ_CEDARS,325274,-100,200,-100
01/20/2025 15:45,SCH - HQ_IMPORT_EXPORT,325376,1007,1310,-9999
01/20/2025 15:45,SCH - NE - NY,23318,-851.72,1400,-1800
01/20/2025 15:45,SCH - NPX_1385,325277,-165,200,-200
01/20/2025 15:45,SCH - NPX_CSC,325154,0,330,-330
01/20/2025 15:45,SCH - OH - NY,23317,1890.58,2200,-1850
01/20/2025 15:45,SCH - PJ - NY,23316,1406.17,1700,-2400
01/20/2025 15:45,SCH - PJM_HTP,325905,200,660,-660
01/20/2025 15:45,SCH - PJM_NEPTUNE,325305,630,660,-660
01/20/2025 15:45,SCH - PJM_VFT,325658,315,315,-315
01/20/2025 15:45,SPR/DUN-SOUTH,23320,2611.41,4600,-9999
01/20/2025 15:45,TOTAL EAST,23314,5900.9,7550,-9999
01/20/2025 15:45,UPNY CONED,23315,4197.45,6720,-9999
01/20/2025 15:45,WEST CENTRAL,23312,1163.95,9999,-9999
01/20/2025 15:50,CENTRAL EAST - VC,23330,3066.3,3280,-9999
01/20/2025 15:50,DYSINGER EAST,23326,1826.17,3200,-9999
01/20/2025 15:50,MOSES SOUTH,23319,1220.36,2650,-1600
01/20/2025 15:50,SCH - HQ - NY,23324,1007,1300,-980
01/20/2025 15:50,SCH - HQ_CEDARS,325274,-100,200,-100
01/20/2025 15:50,SCH - HQ_IMPORT_EXPORT,325376,1007,1310,-9999
01/20/2025 15:50,SCH - NE - NY,23318,-891.42,1400,-1800
01/20/2025 15:50,SCH - NPX_1385,325277,-165,200,-200
01/20/2025 15:50,SCH - NPX_CSC,325154,0,330,-330
01/20/2025 15:50,SCH - OH - NY,23317,1890.76,2200,-1850
01/20/2025 15:50,SCH - PJ - NY,23316,1409.48,1700,-2400
01/20/2025 15:50,SCH - PJM_HTP,325905,200,660,-660
01/20/2025 15:50,SCH - PJM_NEPTUNE,325305,600,660,-660
01/20/2025 15:50,SCH - PJM_VFT,325658,315,315,-315
01/20/2025 15:50,SPR/DUN-SOUTH,23320,2545.69,4600,-9999
01/20/2025 15:50,TOTAL EAST,23314,5923.97,7550,-9999
01/20/2025 15:50,UPNY CONED,23315,4127.58,6720,-9999
01/20/2025 15:50,WEST CENTRAL,23312,1117.53,9999,-9999
01/20/2025 15:55,CENTRAL EAST - VC,23330,2937.98,3280,-9999
01/20/2025 15:55,DYSINGER EAST,23326,1704.87,3200,-9999
01/20/2025 15:55,MOSES SOUTH,23319,1222.29,2650,-1600
01/20/2025 15:55,SCH - HQ - NY,23324,1007,1300,-980
01/20/2025 15:55,SCH - HQ_CEDARS,325274,-100,200,-100
01/20/2025 15:55,SCH - HQ_IMPORT_EXPORT,325376,1007,1310,-9999
01/20/2025 15:55,SCH - NE - NY,23318,-891.4,1400,-1800
01/20/2025 15:55,SCH - NPX_1385,325277,-165,200,-200
01/20/2025 15:55,SCH - NPX_CSC,325154,0,330,-330
01/20/2025 15:55,SCH - OH - NY,23317,1891.13,2200,-1850
01/20/2025 15:55,SCH - PJ - NY,23316,1406.19,1700,-2400
01/20/2025 15:55,SCH - PJM_HTP,325905,200,660,-660
01/20/2025 15:55,SCH - PJM_NEPTUNE,325305,600,660,-660
01/20/2025 15:55,SCH - PJM_VFT,325658,315,315,-315
01/20/2025 15:55,SPR/DUN-SOUTH,23320,2281.36,4600,-9999
01/20/2025 15:55,TOTAL EAST,23314,5786.56,7550,-9999
01/20/2025 15:55,UPNY CONED,23315,3821.16,6720,-9999
01/20/2025 15:55,WEST CENTRAL,23312,1000.23,9999,-9999
01/20/2025 16:00,CENTRAL EAST - VC,23330,2823.61,3280,-9999
01/20/2025 16:00,DYSINGER EAST,23326,1761.84,3200,-9999
01/20/2025 16:00,MOSES SOUTH,23319,1096.01,2650,-1600
01/20/2025 16:00,SCH - HQ - NY,23324,888,1300,-980
01/20/2025 16:00,SCH - HQ_CEDARS,325274,-100,200,-100
01/20/2025 16:00,SCH - HQ_IMPORT_EXPORT,325376,888,1310,-9999
01/20/2025 16:00,SCH - NE - NY,23318,-742.52,1400,-1800
01/20/2025 16:00,SCH - NPX_1385,325277,-152,200,-200
01/20/2025 16:00,SCH - NPX_CSC,325154,0,330,-330
01/20/2025 16:00,SCH - OH - NY,23317,1760.91,2200,-1850
01/20/2025 16:00,SCH - PJ - NY,23316,1407.25,1700,-2400
01/20/2025 16:00,SCH - PJM_HTP,325905,200,660,-660
01/20/2025 16:00,SCH - PJM_NEPTUNE,325305,630,660,-660
01/20/2025 16:00,SCH - PJM_VFT,325658,315,315,-315
01/20/2025 16:00,SPR/DUN-SOUTH,23320,2537.45,4600,-9999
01/20/2025 16:00,TOTAL EAST,23314,5639,7550,-9999
01/20/2025 16:00,UPNY CONED,23315,4096.45,6720,-9999
01/20/2025 16:00,WEST CENTRAL,23312,1037.49,9999,-9999
01/20/2025 16:05,CENTRAL EAST - VC,23330,2714.56,3280,-9999
01/20/2025 16:05,DYSINGER EAST,23326,1802.91,3200,-9999
01/20/2025 16:05,MOSES SOUTH,23319,953.63,2650,-1600
01/20/2025 16:05,SCH - HQ - NY,23324,769,1300,-980
01/20/2025 16:05,SCH - HQ_CEDARS,325274,-100,200,-100
01/20/2025 16:05,SCH - HQ_IMPORT_EXPORT,325376,769,1310,-9999
01/20/2025 16:05,SCH - NE - NY,23318,-593.43,1400,-1800
01/20/2025 16:05,SCH - NPX_1385,325277,-140,200,-200
01/20/2025 16:05,SCH - NPX_CSC,325154,0,330,-330
01/20/2025 16:05,SCH - OH - NY,23317,1631.96,2200,-1850
01/20/2025 16:05,SCH - PJ - NY,23316,1413.28,1700,-2400
01/20/2025 16:05,SCH - PJM_HTP,325905,200,660,-660
01/20/2025 16:05,SCH - PJM_NEPTUNE,325305,660,660,-660
01/20/2025 16:05,SCH - PJM_VFT,325658,315,315,-315
01/20/2025 16:05,SPR/DUN-SOUTH,23320,2704.21,4600,-9999
01/20/2025 16:05,TOTAL EAST,23314,5430.09,7550,-9999
01/20/2025 16:05,UPNY CONED,23315,4269.52,6720,-9999
01/20/2025 16:05,WEST CENTRAL,23312,1055.93,9999,-9999
01/20/2025 16:10,CENTRAL EAST - VC,23330,2668.13,3280,-9999
01/20/2025 16:10,DYSINGER EAST,23326,1809.78,3200,-9999
01/20/2025 16:10,MOSES SOUTH,23319,925.79,2650,-1600
01/20/2025 16:10,SCH - HQ - NY,23324,769,1300,-980
01/20/2025 16:10,SCH - HQ_CEDARS,325274,-100,200,-100
01/20/2025 16:10,SCH - HQ_IMPORT_EXPORT,325376,769,1310,-9999
01/20/2025 16:10,SCH - NE - NY,23318,-592.15,1400,-1800
01/20/2025 16:10,SCH - NPX_1385,325277,-140,200,-200
01/20/2025 16:10,SCH - NPX_CSC,325154,0,330,-330
01/20/2025 16:10,SCH - OH - NY,23317,1632,2200,-1850
01/20/2025 16:10,SCH - PJ - NY,23316,1406.67,1700,-2400
01/20/2025 16:10,SCH - PJM_HTP,325905,200,660,-660
01/20/2025 16:10,SCH - PJM_NEPTUNE,325305,660,660,-660
01/20/2025 16:10,SCH - PJM_VFT,325658,315,315,-315
01/20/2025 16:10,SPR/DUN-SOUTH,23320,2680,4600,-9999
01/20/2025 16:10,TOTAL EAST,23314,5359.31,7550,-9999
01/20/2025 16:10,UPNY CONED,23315,4199.13,6720,-9999
01/20/2025 16:10,WEST CENTRAL,23312,1055.49,9999,-9999
01/20/2025 16:15,CENTRAL EAST - VC,23330,2699.04,3205,-9999
01/20/2025 16:15,DYSINGER EAST,23326,1861.02,3200,-9999
01/20/2025 16:15,MOSES SOUTH,23319,884.84,2650,-1600
01/20/2025 16:15,SCH - HQ - NY,23324,769,1300,-980
01/20/2025 16:15,SCH - HQ_CEDARS,325274,-100,200,-100
01/20/2025 16:15,SCH - HQ_IMPORT_EXPORT,325376,769,1310,-9999
01/20/2025 16:15,SCH - NE - NY,23318,-656.13,1400,-1800
01/20/2025 16:15,SCH - NPX_1385,325277,-140,200,-200
01/20/2025 16:15,SCH - NPX_CSC,325154,0,330,-330
01/20/2025 16:15,SCH - OH - NY,23317,1632.25,2200,-1850
01/20/2025 16:15,SCH - PJ - NY,23316,1390.22,1700,-2400
01/20/2025 16:15,SCH - PJM_HTP,325905,200,660,-660
01/20/2025 16:15,SCH - PJM_NEPTUNE,325305,660,660,-660
01/20/2025 16:15,SCH - PJM_VFT,325658,315,315,-315
01/20/2025 16:15,SPR/DUN-SOUTH,23320,2696.71,4600,-9999
01/20/2025 16:15,TOTAL EAST,23314,5392.61,7550,-9999
01/20/2025 16:15,UPNY CONED,23315,4217.66,6720,-9999
01/20/2025 16:15,WEST CENTRAL,23312,1099.02,9999,-9999
01/20/2025 16:20,CENTRAL EAST - VC,23330,2662.46,3205,-9999
01/20/2025 16:20,DYSINGER EAST,23326,1757.36,3200,-9999
01/20/2025 16:20,MOSES SOUTH,23319,848.66,2650,-1600
01/20/2025 16:20,SCH - HQ - NY,23324,769,1300,-980
01/20/2025 16:20,SCH - HQ_CEDARS,325274,-100,200,-100
01/20/2025 16:20,SCH - HQ_IMPORT_EXPORT,325376,769,1310,-9999
01/20/2025 16:20,SCH - NE - NY,23318,-721.57,1400,-1800
01/20/2025 16:20,SCH - NPX_1385,325277,-140,200,-200
01/20/2025 16:20,SCH - NPX_CSC,325154,0,330,-330
01/20/2025 16:20,SCH - OH - NY,23317,1632.5,2200,-1850
01/20/2025 16:20,SCH - PJ - NY,23316,1405.75,1700,-2400
01/20/2025 16:20,SCH - PJM_HTP,325905,200,660,-660
01/20/2025 16:20,SCH - PJM_NEPTUNE,325305,660,660,-660
01/20/2025 16:20,SCH - PJM_VFT,325658,315,315,-315
01/20/2025 16:20,SPR/DUN-SOUTH,23320,2586.94,4600,-9999
01/20/2025 16:20,TOTAL EAST,23314,5330.04,7550,-9999
01/20/2025 16:20,UPNY CONED,23315,4072.85,6720,-9999
01/20/2025 16:20,WEST CENTRAL,23312,1004.6,9999,-9999
01/20/2025 16:25,CENTRAL EAST - VC,23330,2696.27,3205,-9999
01/20/2025 16:25,DYSINGER EAST,23326,1819.59,3200,-9999
01/20/2025 16:25,MOSES SOUTH,23319,887.81,2650,-1600
01/20/2025 16:25,SCH - HQ - NY,23324,769,1300,-980
01/20/2025 16:25,SCH - HQ_CEDARS,325274,-100,200,-100
01/20/2025 16:25,SCH - HQ_IMPORT_EXPORT,325376,769,1310,-9999
01/20/2025 16:25,SCH - NE - NY,23318,-721.51,1400,-1800
01/20/2025 16:25,SCH - NPX_1385,325277,-140,200,-200
01/20/2025 16:25,SCH - NPX_CSC,325154,0,330,-330
01/20/2025 16:25,SCH - OH - NY,23317,1632.08,2200,-1850
01/20/2025 16:25,SCH - PJ - NY,23316,1405.87,1700,-2400
01/20/2025 16:25,SCH - PJM_HTP,325905,200,660,-660
01/20/2025 16:25,SCH - PJM_NEPTUNE,325305,660,660,-660
01/20/2025 16:25,SCH - PJM_VFT,325658,315,315,-315
01/20/2025 16:25,SPR/DUN-SOUTH,23320,2604.79,4600,-9999
01/20/2025 16:25,TOTAL EAST,23314,5333.39,7550,-9999
01/20/2025 16:25,UPNY CONED,23315,4109.14,6720,-9999
01/20/2025 16:25,WEST CENTRAL,23312,1069.73,9999,-9999
01/20/2025 16:30,CENTRAL EAST - VC,23330,2752.49,3205,-9999
01/20/2025 16:30,DYSINGER EAST,23326,1765.02,3200,-9999
01/20/2025 16:30,MOSES SOUTH,23319,931.93,2650,-1600
01/20/2025 16:30,SCH - HQ - NY,23324,769,1300,-980
01/20/2025 16:30,SCH - HQ_CEDARS,325274,-100,200,-100
01/20/2025 16:30,SCH - HQ_IMPORT_EXPORT,325376,769,1310,-9999
01/20/2025 16:30,SCH - NE - NY,23318,-666.9,1400,-1800
01/20/2025 16:30,SCH - NPX_1385,325277,-140,200,-200
01/20/2025 16:30,SCH - NPX_CSC,325154,0,330,-330
01/20/2025 16:30,SCH - OH - NY,23317,1631.18,2200,-1850
01/20/2025 16:30,SCH - PJ - NY,23316,1417.69,1700,-2400
01/20/2025 16:30,SCH - PJM_HTP,325905,200,660,-660
01/20/2025 16:30,SCH - PJM_NEPTUNE,325305,660,660,-660
01/20/2025 16:30,SCH - PJM_VFT,325658,315,315,-315
01/20/2025 16:30,SPR/DUN-SOUTH,23320,2633.51,4600,-9999
01/20/2025 16:30,TOTAL EAST,23314,5204.43,7550,-9999
01/20/2025 16:30,UPNY CONED,23315,4130.62,6720,-9999
01/20/2025 16:30,WEST CENTRAL,23312,1017.4,9999,-9999
01/20/2025 16:35,CENTRAL EAST - VC,23330,2706.72,3205,-9999
01/20/2025 16:35,DYSINGER EAST,23326,1861.98,3200,-9999
01/20/2025 16:35,MOSES SOUTH,23319,933.17,2650,-1600
01/20/2025 16:35,SCH - HQ - NY,23324,769,1300,-980
01/20/2025 16:35,SCH - HQ_CEDARS,325274,-100,200,-100
01/20/2025 16:35,SCH - HQ_IMPORT_EXPORT,325376,769,1310,-9999
01/20/2025 16:35,SCH - NE - NY,23318,-612.54,1400,-1800
01/20/2025 16:35,SCH - NPX_1385,325277,-140,200,-200
01/20/2025 16:35,SCH - NPX_CSC,325154,0,330,-330
01/20/2025 16:35,SCH - OH - NY,23317,1630.56,2200,-1850
01/20/2025 16:35,SCH - PJ - NY,23316,1427.72,1700,-2400
01/20/2025 16:35,SCH - PJM_HTP,325905,200,660,-660
01/20/2025 16:35,SCH - PJM_NEPTUNE,325305,660,660,-660
01/20/2025 16:35,SCH - PJM_VFT,325658,315,315,-315
01/20/2025 16:35,SPR/DUN-SOUTH,23320,2551.27,4600,-9999
01/20/2025 16:35,TOTAL EAST,23314,5111.89,7550,-9999
01/20/2025 16:35,UPNY CONED,23315,4106.91,6720,-9999
01/20/2025 16:35,WEST CENTRAL,23312,1101.72,9999,-9999
01/20/2025 16:40,CENTRAL EAST - VC,23330,2680.98,3205,-9999
01/20/2025 16:40,DYSINGER EAST,23326,1829.22,3200,-9999
01/20/2025 16:40,MOSES SOUTH,23319,931.81,2650,-1600
01/20/2025 16:40,SCH - HQ - NY,23324,769,1300,-980
01/20/2025 16:40,SCH - HQ_CEDARS,325274,-100,200,-100
01/20/2025 16:40,SCH - HQ_IMPORT_EXPORT,325376,769,1310,-9999
01/20/2025 16:40,SCH - NE - NY,23318,-612.68,1400,-1800
01/20/2025 16:40,SCH - NPX_1385,325277,-140,200,-200
01/20/2025 16:40,SCH - NPX_CSC,325154,0,330,-330
01/20/2025 16:40,SCH - OH - NY,23317,1630.71,2200,-1850
01/20/2025 16:40,SCH - PJ - NY,23316,1429.78,1700,-2400
01/20/2025 16:40,SCH - PJM_HTP,325905,200,660,-660
01/20/2025 16:40,SCH - PJM_NEPTUNE,325305,660,660,-660
01/20/2025 16:40,SCH - PJM_VFT,325658,315,315,-315
01/20/2025 16:40,SPR/DUN-SOUTH,23320,2539.54,4600,-9999
01/20/2025 16:40,TOTAL EAST,23314,5092.26,7550,-9999
01/20/2025 16:40,UPNY CONED,23315,4101.83,6720,-9999
01/20/2025 16:40,WEST CENTRAL,23312,1060.76,9999,-9999
01/20/2025 16:45,CENTRAL EAST - VC,23330,2764.02,3205,-9999
01/20/2025 16:45,DYSINGER EAST,23326,2030.81,3200,-9999
01/20/2025 16:45,MOSES SOUTH,23319,946.35,2650,-1600
01/20/2025 16:45,SCH - HQ - NY,23324,769,1300,-980
01/20/2025 16:45,SCH - HQ_CEDARS,325274,-100,200,-100
01/20/2025 16:45,SCH - HQ_IMPORT_EXPORT,325376,769,1310,-9999
01/20/2025 16:45,SCH - NE - NY,23318,-664.47,1400,-1800
01/20/2025 16:45,SCH - NPX_1385,325277,-140,200,-200
01/20/2025 16:45,SCH - NPX_CSC,325154,0,330,-330
01/20/2025 16:45,SCH - OH - NY,23317,1630.57,2200,-1850
01/20/2025 16:45,SCH - PJ - NY,23316,1400.74,1700,-2400
01/20/2025 16:45,SCH - PJM_HTP,325905,200,660,-660
01/20/2025 16:45,SCH - PJM_NEPTUNE,325305,660,660,-660
01/20/2025 16:45,SCH - PJM_VFT,325658,315,315,-315
01/20/2025 16:45,SPR/DUN-SOUTH,23320,2532.96,4600,-9999
01/20/2025 16:45,TOTAL EAST,23314,5167.19,7550,-9999
01/20/2025 16:45,UPNY CONED,23315,4110.01,6720,-9999
01/20/2025 16:45,WEST CENTRAL,23312,1256.97,9999,-9999
01/20/2025 16:50,CENTRAL EAST - VC,23330,2727.11,3205,-9999
01/20/2025 16:50,DYSINGER EAST,23326,2080.49,3200,-9999
01/20/2025 16:50,MOSES SOUTH,23319,956.49,2650,-1600
01/20/2025 16:50,SCH - HQ - NY,23324,769,1300,-980
01/20/2025 16:50,SCH - HQ_CEDARS,325274,-100,200,-100
01/20/2025 16:50,SCH - HQ_IMPORT_EXPORT,325376,769,1310,-9999
01/20/2025 16:50,SCH - NE - NY,23318,-716.24,1400,-1800
01/20/2025 16:50,SCH - NPX_1385,325277,-140,200,-200
01/20/2025 16:50,SCH - NPX_CSC,325154,0,330,-330
01/20/2025 16:50,SCH - OH - NY,23317,1630.39,2200,-1850
01/20/2025 16:50,SCH - PJ - NY,23316,1408.43,1700,-2400
01/20/2025 16:50,SCH - PJM_HTP,325905,200,660,-660
01/20/2025 16:50,SCH - PJM_NEPTUNE,325305,660,660,-660
01/20/2025 16:50,SCH - PJM_VFT,325658,315,315,-315
01/20/2025 16:50,SPR/DUN-SOUTH,23320,2452.38,4600,-9999
01/20/2025 16:50,TOTAL EAST,23314,5121.34,7550,-9999
01/20/2025 16:50,UPNY CONED,23315,4042.05,7055,-9999
01/20/2025 16:50,WEST CENTRAL,23312,1297.49,9999,-9999
01/20/2025 16:55,CENTRAL EAST - VC,23330,2730.67,3205,-9999
01/20/2025 16:55,DYSINGER EAST,23326,2041.76,3200,-9999
01/20/2025 16:55,MOSES SOUTH,23319,949.49,2650,-1600
01/20/2025 16:55,SCH - HQ - NY,23324,769,1300,-980
01/20/2025 16:55,SCH - HQ_CEDARS,325274,-100,200,-100
01/20/2025 16:55,SCH - HQ_IMPORT_EXPORT,325376,769,1310,-9999
01/20/2025 16:55,SCH - NE - NY,23318,-716.12,1400,-1800
01/20/2025 16:55,SCH - NPX_1385,325277,-140,200,-200
01/20/2025 16:55,SCH - NPX_CSC,325154,0,330,-330
01/20/2025 16:55,SCH - OH - NY,23317,1630.41,2200,-1850
01/20/2025 16:55,SCH - PJ - NY,23316,1406.94,1700,-2400
01/20/2025 16:55,SCH - PJM_HTP,325905,200,660,-660
01/20/2025 16:55,SCH - PJM_NEPTUNE,325305,660,660,-660
01/20/2025 16:55,SCH - PJM_VFT,325658,315,315,-315
01/20/2025 16:55,SPR/DUN-SOUTH,23320,2438.28,4600,-9999
01/20/2025 16:55,TOTAL EAST,23314,5073.25,7550,-9999
01/20/2025 16:55,UPNY CONED,23315,4042.7,7055,-9999
01/20/2025 16:55,WEST CENTRAL,23312,1252.76,9999,-9999
01/20/2025 17:00,CENTRAL EAST - VC,23330,2593.08,3205,-9999
01/20/2025 17:00,DYSINGER EAST,23326,2006.63,3200,-9999
01/20/2025 17:00,MOSES SOUTH,23319,735.94,2650,-1600
01/20/2025 17:00,SCH - HQ - NY,23324,594,1300,-980
01/20/2025 17:00,SCH - HQ_CEDARS,325274,-100,200,-100
01/20/2025 17:00,SCH - HQ_IMPORT_EXPORT,325376,594,1310,-9999
01/20/2025 17:00,SCH - NE - NY,23318,-685.84,1400,-1800
01/20/2025 17:00,SCH - NPX_1385,325277,-140,200,-200
01/20/2025 17:00,SCH - NPX_CSC,325154,0,330,-330
01/20/2025 17:00,SCH - OH - NY,23317,1578.4,2200,-1850
01/20/2025 17:00,SCH - PJ - NY,23316,1409.28,1700,-2400
01/20/2025 17:00,SCH - PJM_HTP,325905,200,660,-660
01/20/2025 17:00,SCH - PJM_NEPTUNE,325305,660,660,-660
01/20/2025 17:00,SCH - PJM_VFT,325658,315,315,-315
01/20/2025 17:00,SPR/DUN-SOUTH,23320,2449.63,4600,-9999
01/20/2025 17:00,TOTAL EAST,23314,4801.41,7550,-9999
01/20/2025 17:00,UPNY CONED,23315,4070.35,7055,-9999
01/20/2025 17:00,WEST CENTRAL,23312,1214.65,9999,-9999
01/20/2025 17:05,CENTRAL EAST - VC,23330,2526.35,3205,-9999
01/20/2025 17:05,DYSINGER EAST,23326,1994.08,3200,-9999
01/20/2025 17:05,MOSES SOUTH,23319,604.66,2650,-1600
01/20/2025 17:05,SCH - HQ - NY,23324,419,1300,-980
01/20/2025 17:05,SCH - HQ_CEDARS,325274,-100,200,-100
01/20/2025 17:05,SCH - HQ_IMPORT_EXPORT,325376,419,1310,-9999
01/20/2025 17:05,SCH - NE - NY,23318,-657.1,1400,-1800
01/20/2025 17:05,SCH - NPX_1385,325277,-140,200,-200
01/20/2025 17:05,SCH - NPX_CSC,325154,0,330,-330
01/20/2025 17:05,SCH - OH - NY,23317,1526.37,2200,-1850
01/20/2025 17:05,SCH - PJ - NY,23316,1408.63,1700,-2400
01/20/2025 17:05,SCH - PJM_HTP,325905,200,660,-660
01/20/2025 17:05,SCH - PJM_NEPTUNE,325305,660,660,-660
01/20/2025 17:05,SCH - PJM_VFT,325658,315,315,-315
01/20/2025 17:05,SPR/DUN-SOUTH,23320,2461.75,4600,-9999
01/20/2025 17:05,TOTAL EAST,23314,4597.05,7550,-9999
01/20/2025 17:05,UPNY CONED,23315,4031.13,7055,-9999
01/20/2025 17:05,WEST CENTRAL,23312,1196.39,9999,-9999
01/20/2025 17:10,CENTRAL EAST - VC,23330,2519.95,3205,-9999
01/20/2025 17:10,DYSINGER EAST,23326,2083.63,3200,-9999
01/20/2025 17:10,MOSES SOUTH,23319,604.33,2650,-1600
01/20/2025 17:10,SCH - HQ - NY,23324,419,1300,-980
01/20/2025 17:10,SCH - HQ_CEDARS,325274,-100,200,-100
01/20/2025 17:10,SCH - HQ_IMPORT_EXPORT,325376,419,1310,-9999
01/20/2025 17:10,SCH - NE - NY,23318,-657.25,1400,-1800
01/20/2025 17:10,SCH - NPX_1385,325277,-140,200,-200
01/20/2025 17:10,SCH - NPX_CSC,325154,0,330,-330
01/20/2025 17:10,SCH - OH - NY,23317,1526.22,2200,-1850
01/20/2025 17:10,SCH - PJ - NY,23316,1408.8,1700,-2400
01/20/2025 17:10,SCH - PJM_HTP,325905,200,660,-660
01/20/2025 17:10,SCH - PJM_NEPTUNE,325305,660,660,-660
01/20/2025 17:10,SCH - PJM_VFT,325658,315,315,-315
01/20/2025 17:10,SPR/DUN-SOUTH,23320,2502.78,4600,-9999
01/20/2025 17:10,TOTAL EAST,23314,4556.27,7550,-9999
01/20/2025 17:10,UPNY CONED,23315,4005.28,7055,-9999
01/20/2025 17:10,WEST CENTRAL,23312,1270.17,9999,-9999
01/20/2025 17:15,CENTRAL EAST - VC,23330,2462.26,3205,-9999
01/20/2025 17:15,DYSINGER EAST,23326,2178.49,3200,-9999
01/20/2025 17:15,MOSES SOUTH,23319,634.22,2650,-1600
01/20/2025 17:15,SCH - HQ - NY,23324,419,1300,-980
01/20/2025 17:15,SCH - HQ_CEDARS,325274,-100,200,-100
01/20/2025 17:15,SCH - HQ_IMPORT_EXPORT,325376,419,1310,-9999
01/20/2025 17:15,SCH - NE - NY,23318,-623.05,1400,-1800
01/20/2025 17:15,SCH - NPX_1385,325277,-140,200,-200
01/20/2025 17:15,SCH - NPX_CSC,325154,0,330,-330
01/20/2025 17:15,SCH - OH - NY,23317,1526.04,2200,-1850
01/20/2025 17:15,SCH - PJ - NY,23316,1413.04,1700,-2400
01/20/2025 17:15,SCH - PJM_HTP,325905,200,660,-660
01/20/2025 17:15,SCH - PJM_NEPTUNE,325305,648,660,-660
01/20/2025 17:15,SCH - PJM_VFT,325658,315,315,-315
01/20/2025 17:15,SPR/DUN-SOUTH,23320,2393.14,4600,-9999
01/20/2025 17:15,TOTAL EAST,23314,4462.26,7550,-9999
01/20/2025 17:15,UPNY CONED,23315,3921.95,7055,-9999
01/20/2025 17:15,WEST CENTRAL,23312,1354.39,9999,-9999
01/20/2025 17:20,CENTRAL EAST - VC,23330,2458.06,3205,-9999
01/20/2025 17:20,DYSINGER EAST,23326,2222.18,3200,-9999
01/20/2025 17:20,MOSES SOUTH,23319,661.34,2650,-1600
01/20/2025 17:20,SCH - HQ - NY,23324,419,1300,-980
01/20/2025 17:20,SCH - HQ_CEDARS,325274,-100,200,-100
01/20/2025 17:20,SCH - HQ_IMPORT_EXPORT,325376,419,1310,-9999
01/20/2025 17:20,SCH - NE - NY,23318,-585.01,1400,-1800
01/20/2025 17:20,SCH - NPX_1385,325277,-140,200,-200
01/20/2025 17:20,SCH - NPX_CSC,325154,0,330,-330
01/20/2025 17:20,SCH - OH - NY,23317,1525.91,2200,-1850
01/20/2025 17:20,SCH - PJ - NY,23316,1413.04,1700,-2400
01/20/2025 17:20,SCH - PJM_HTP,325905,200,660,-660
01/20/2025 17:20,SCH - PJM_NEPTUNE,325305,637,660,-660
01/20/2025 17:20,SCH - PJM_VFT,325658,315,315,-315
01/20/2025 17:20,SPR/DUN-SOUTH,23320,2383.12,4600,-9999
01/20/2025 17:20,TOTAL EAST,23314,4437.16,7550,-9999
01/20/2025 17:20,UPNY CONED,23315,3941.62,7055,-9999
01/20/2025 17:20,WEST CENTRAL,23312,1385.47,9999,-9999
01/20/2025 17:25,CENTRAL EAST - VC,23330,2411.78,3205,-9999
01/20/2025 17:25,DYSINGER EAST,23326,2157.12,3200,-9999
01/20/2025 17:25,MOSES SOUTH,23319,612.15,2650,-1600
01/20/2025 17:25,SCH - HQ - NY,23324,419,1300,-980
01/20/2025 17:25,SCH - HQ_CEDARS,325274,-100,200,-100
01/20/2025 17:25,SCH - HQ_IMPORT_EXPORT,325376,419,1310,-9999
01/20/2025 17:25,SCH - NE - NY,23318,-585.02,1400,-1800
01/20/2025 17:25,SCH - NPX_1385,325277,-140,200,-200
01/20/2025 17:25,SCH - NPX_CSC,325154,0,330,-330
01/20/2025 17:25,SCH - OH - NY,23317,1526.13,2200,-1850
01/20/2025 17:25,SCH - PJ - NY,23316,1411.98,1700,-2400
01/20/2025 17:25,SCH - PJM_HTP,325905,200,660,-660
01/20/2025 17:25,SCH - PJM_NEPTUNE,325305,637,660,-660
01/20/2025 17:25,SCH - PJM_VFT,325658,315,315,-315
01/20/2025 17:25,SPR/DUN-SOUTH,23320,2365.32,4600,-9999
01/20/2025 17:25,TOTAL EAST,23314,4419.62,7550,-9999
01/20/2025 17:25,UPNY CONED,23315,3940.43,7055,-9999
01/20/2025 17:25,WEST CENTRAL,23312,1314.69,9999,-9999
01/20/2025 17:30,CENTRAL EAST - VC,23330,2348.37,3205,-9999
01/20/2025 17:30,DYSINGER EAST,23326,2169.49,3200,-9999
01/20/2025 17:30,MOSES SOUTH,23319,521.11,2650,-1600
01/20/2025 17:30,SCH - HQ - NY,23324,419,1300,-980
01/20/2025 17:30,SCH - HQ_CEDARS,325274,-100,200,-100
01/20/2025 17:30,SCH - HQ_IMPORT_EXPORT,325376,419,1310,-9999
01/20/2025 17:30,SCH - NE - NY,23318,-588.02,1400,-1800
01/20/2025 17:30,SCH - NPX_1385,325277,-140,200,-200
01/20/2025 17:30,SCH - NPX_CSC,325154,0,330,-330
01/20/2025 17:30,SCH - OH - NY,23317,1526.44,2200,-1850
01/20/2025 17:30,SCH - PJ - NY,23316,1409.89,1700,-2400
01/20/2025 17:30,SCH - PJM_HTP,325905,200,660,-660
01/20/2025 17:30,SCH - PJM_NEPTUNE,325305,638,660,-660
01/20/2025 17:30,SCH - PJM_VFT,325658,315,315,-315
01/20/2025 17:30,SPR/DUN-SOUTH,23320,2340.21,4600,-9999
01/20/2025 17:30,TOTAL EAST,23314,4403.37,7550,-9999
01/20/2025 17:30,UPNY CONED,23315,3941.3,7055,-9999
01/20/2025 17:30,WEST CENTRAL,23312,1322.3,9999,-9999
01/20/2025 17:35,CENTRAL EAST - VC,23330,2344.37,3205,-9999
01/20/2025 17:35,DYSINGER EAST,23326,2008.05,3200,-9999
01/20/2025 17:35,MOSES SOUTH,23319,526.99,2650,-1600
01/20/2025 17:35,SCH - HQ - NY,23324,419,1300,-980
01/20/2025 17:35,SCH - HQ_CEDARS,325274,-100,200,-100
01/20/2025 17:35,SCH - HQ_IMPORT_EXPORT,325376,419,1310,-9999
01/20/2025 17:35,SCH - NE - NY,23318,-592.04,1400,-1800
01/20/2025 17:35,SCH - NPX_1385,325277,-140,200,-200
01/20/2025 17:35,SCH - NPX_CSC,325154,0,330,-330
01/20/2025 17:35,SCH - OH - NY,23317,1527.02,2200,-1850
01/20/2025 17:35,SCH - PJ - NY,23316,1419.71,1700,-2400
01/20/2025 17:35,SCH - PJM_HTP,325905,200,660,-660
01/20/2025 17:35,SCH - PJM_NEPTUNE,325305,640,660,-660
01/20/2025 17:35,SCH - PJM_VFT,325658,315,315,-315
01/20/2025 17:35,SPR/DUN-SOUTH,23320,2364.15,4600,-9999
01/20/2025 17:35,TOTAL EAST,23314,4455.58,7550,-9999
01/20/2025 17:35,UPNY CONED,23315,3973.21,7055,-9999
01/20/2025 17:35,WEST CENTRAL,23312,1163.78,9999,-9999
01/20/2025 17:40,CENTRAL EAST - VC,23330,2376.18,3205,-9999
01/20/2025 17:40,DYSINGER EAST,23326,2044.85,3200,-9999
01/20/2025 17:40,MOSES SOUTH,23319,512.1,2650,-1600
01/20/2025 17:40,SCH - HQ - NY,23324,419,1300,-980
01/20/2025 17:40,SCH - HQ_CEDARS,325274,-100,200,-100
01/20/2025 17:40,SCH - HQ_IMPORT_EXPORT,325376,419,1310,-9999
01/20/2025 17:40,SCH - NE - NY,23318,-592.06,1400,-1800
01/20/2025 17:40,SCH - NPX_1385,325277,-140,200,-200
01/20/2025 17:40,SCH - NPX_CSC,325154,0,330,-330
01/20/2025 17:40,SCH - OH - NY,23317,1527.26,2200,-1850
01/20/2025 17:40,SCH - PJ - NY,23316,1412.36,1700,-2400
01/20/2025 17:40,SCH - PJM_HTP,325905,200,660,-660
01/20/2025 17:40,SCH - PJM_NEPTUNE,325305,640,660,-660
01/20/2025 17:40,SCH - PJM_VFT,325658,315,315,-315
01/20/2025 17:40,SPR/DUN-SOUTH,23320,2374.51,4600,-9999
01/20/2025 17:40,TOTAL EAST,23314,4487.5,7550,-9999
01/20/2025 17:40,UPNY CONED,23315,4006.86,7055,-9999
01/20/2025 17:40,WEST CENTRAL,23312,1198.89,9999,-9999
01/20/2025 17:45,CENTRAL EAST - VC,23330,2431.88,3205,-9999
01/20/2025 17:45,DYSINGER EAST,23326,1911.29,3200,-9999
01/20/2025 17:45,MOSES SOUTH,23319,548.7,2650,-1600
01/20/2025 17:45,SCH - HQ - NY,23324,419,1300,-980
01/20/2025 17:45,SCH - HQ_CEDARS,325274,-100,200,-100
01/20/2025 17:45,SCH - HQ_IMPORT_EXPORT,325376,419,1310,-9999
01/20/2025 17:45,SCH - NE - NY,23318,-708.13,1400,-1800
01/20/2025 17:45,SCH - NPX_1385,325277,-140,200,-200
01/20/2025 17:45,SCH - NPX_CSC,325154,0,330,-330
01/20/2025 17:45,SCH - OH - NY,23317,1527.56,2200,-1850
01/20/2025 17:45,SCH - PJ - NY,23316,1410.39,1700,-2400
01/20/2025 17:45,SCH - PJM_HTP,325905,200,660,-660
01/20/2025 17:45,SCH - PJM_NEPTUNE,325305,650,660,-660
01/20/2025 17:45,SCH - PJM_VFT,325658,315,315,-315
01/20/2025 17:45,SPR/DUN-SOUTH,23320,2309.7,4600,-9999
01/20/2025 17:45,TOTAL EAST,23314,4491.09,7550,-9999
01/20/2025 17:45,UPNY CONED,23315,3943.61,7055,-9999
01/20/2025 17:45,WEST CENTRAL,23312,1065.82,9999,-9999
01/20/2025 17:48,CENTRAL EAST - VC,23330,2366.07,3205,-9999
01/20/2025 17:48,DYSINGER EAST,23326,1950.96,3200,-9999
01/20/2025 17:48,MOSES SOUTH,23319,477.55,2650,-1600
01/20/2025 17:48,SCH - HQ - NY,23324,419,1300,-980
01/20/2025 17:48,SCH - HQ_CEDARS,325274,-100,200,-100
01/20/2025 17:48,SCH - HQ_IMPORT_EXPORT,325376,419,1310,-9999
01/20/2025 17:48,SCH - NE - NY,23318,-778.14,1400,-1800
01/20/2025 17:48,SCH - NPX_1385,325277,-140,200,-200
01/20/2025 17:48,SCH - NPX_CSC,325154,0,330,-330
01/20/2025 17:48,SCH - OH - NY,23317,1527.38,2200,-1850
01/20/2025 17:48,SCH - PJ - NY,23316,1410.42,1700,-2400
01/20/2025 17:48,SCH - PJM_HTP,325905,200,660,-660
01/20/2025 17:48,SCH - PJM_NEPTUNE,325305,656,660,-660
01/20/2025 17:48,SCH - PJM_VFT,325658,315,315,-315
01/20/2025 17:48,SPR/DUN-SOUTH,23320,2172.36,4600,-9999
01/20/2025 17:48,TOTAL EAST,23314,4448,7550,-9999
01/20/2025 17:48,UPNY CONED,23315,3785.07,7055,-9999
01/20/2025 17:48,WEST CENTRAL,23312,1094.25,9999,-9999
01/20/2025 17:50,CENTRAL EAST - VC,23330,2435.97,3205,-9999
01/20/2025 17:50,CENTRAL EAST - VC,23330,2422.59,3205,-9999
01/20/2025 17:50,DYSINGER EAST,23326,2046.63,3200,-9999
01/20/2025 17:50,DYSINGER EAST,23326,2119.46,3200,-9999
01/20/2025 17:50,MOSES SOUTH,23319,483.27,2650,-1600
01/20/2025 17:50,MOSES SOUTH,23319,487.43,2650,-1600
01/20/2025 17:50,SCH - HQ - NY,23324,419,1300,-980
01/20/2025 17:50,SCH - HQ - NY,23324,419,1300,-980
01/20/2025 17:50,SCH - HQ_CEDARS,325274,-100,200,-100
01/20/2025 17:50,SCH - HQ_CEDARS,325274,-100,200,-100
01/20/2025 17:50,SCH - HQ_IMPORT_EXPORT,325376,419,1310,-9999
01/20/2025 17:50,SCH - HQ_IMPORT_EXPORT,325376,419,1310,-9999
01/20/2025 17:50,SCH - NE - NY,23318,-825.23,1400,-1800
01/20/2025 17:50,SCH - NE - NY,23318,-825.18,1400,-1800
01/20/2025 17:50,SCH - NPX_1385,325277,-140,200,-200
01/20/2025 17:50,SCH - NPX_1385,325277,-140,200,-200
01/20/2025 17:50,SCH - NPX_CSC,325154,0,330,-330
01/20/2025 17:50,SCH - NPX_CSC,325154,0,330,-330
01/20/2025 17:50,SCH - OH - NY,23317,1527.28,2200,-1850
01/20/2025 17:50,SCH - OH - NY,23317,1526.96,2200,-1850
01/20/2025 17:50,SCH - PJ - NY,23316,1411.66,1700,-2400
01/20/2025 17:50,SCH - PJ - NY,23316,1412.43,1700,-2400
01/20/2025 17:50,SCH - PJM_HTP,325905,200,660,-660
01/20/2025 17:50,SCH - PJM_HTP,325905,200,660,-660
01/20/2025 17:50,SCH - PJM_NEPTUNE,325305,660,660,-660
01/20/2025 17:50,SCH - PJM_NEPTUNE,325305,660,660,-660
01/20/2025 17:50,SCH - PJM_VFT,325658,315,315,-315
01/20/2025 17:50,SCH - PJM_VFT,325658,315,315,-315
01/20/2025 17:50,SPR/DUN-SOUTH,23320,2192.72,4600,-9999
01/20/2025 17:50,SPR/DUN-SOUTH,23320,2245.34,4600,-9999
01/20/2025 17:50,TOTAL EAST,23314,4532.36,7550,-9999
01/20/2025 17:50,TOTAL EAST,23314,4522.62,7550,-9999
01/20/2025 17:50,UPNY CONED,23315,3803.38,7055,-9999
01/20/2025 17:50,UPNY CONED,23315,3862.31,7055,-9999
01/20/2025 17:50,WEST CENTRAL,23312,1183.07,9999,-9999
01/20/2025 17:50,WEST CENTRAL,23312,1260.3,9999,-9999
01/20/2025 18:00,CENTRAL EAST - VC,23330,2464.14,3205,-9999
01/20/2025 18:00,DYSINGER EAST,23326,2067.85,3200,-9999
01/20/2025 18:00,MOSES SOUTH,23319,487.14,2650,-1600
01/20/2025 18:00,SCH - HQ - NY,23324,397,1300,-980
01/20/2025 18:00,SCH - HQ_CEDARS,325274,-100,200,-100
01/20/2025 18:00,SCH - HQ_IMPORT_EXPORT,325376,397,1310,-9999
01/20/2025 18:00,SCH - NE - NY,23318,-832.21,1400,-1800
01/20/2025 18:00,SCH - NPX_1385,325277,-105,200,-200
01/20/2025 18:00,SCH - NPX_CSC,325154,0,330,-330
01/20/2025 18:00,SCH - OH - NY,23317,1648.31,2200,-1850
01/20/2025 18:00,SCH - PJ - NY,23316,1409.43,1700,-2400
01/20/2025 18:00,SCH - PJM_HTP,325905,200,660,-660
01/20/2025 18:00,SCH - PJM_NEPTUNE,325305,660,660,-660
01/20/2025 18:00,SCH - PJM_VFT,325658,315,315,-315
01/20/2025 18:00,SPR/DUN-SOUTH,23320,2381.8,4600,-9999
01/20/2025 18:00,TOTAL EAST,23314,4575.58,7550,-9999
01/20/2025 18:00,UPNY CONED,23315,3963.56,7055,-9999
01/20/2025 18:00,WEST CENTRAL,23312,1213.35,9999,-9999
01/20/2025 18:05,CENTRAL EAST - VC,23330,2483.01,3205,-9999
01/20/2025 18:05,DYSINGER EAST,23326,2024.63,3200,-9999
01/20/2025 18:05,MOSES SOUTH,23319,495.61,2650,-1600
01/20/2025 18:05,SCH - HQ - NY,23324,376,1300,-980
01/20/2025 18:05,SCH - HQ_CEDARS,325274,-100,200,-100
01/20/2025 18:05,SCH - HQ_IMPORT_EXPORT,325376,376,1310,-9999
01/20/2025 18:05,SCH - NE - NY,23318,-840.2,1400,-1800
01/20/2025 18:05,SCH - NPX_1385,325277,-71,200,-200
01/20/2025 18:05,SCH - NPX_CSC,325154,0,330,-330
01/20/2025 18:05,SCH - OH - NY,23317,1769.51,2200,-1850
01/20/2025 18:05,SCH - PJ - NY,23316,1412.26,1700,-2400
01/20/2025 18:05,SCH - PJM_HTP,325905,200,660,-660
01/20/2025 18:05,SCH - PJM_NEPTUNE,325305,660,660,-660
01/20/2025 18:05,SCH - PJM_VFT,325658,315,315,-315
01/20/2025 18:05,SPR/DUN-SOUTH,23320,2449.42,4600,-9999
01/20/2025 18:05,TOTAL EAST,23314,4612.13,7550,-9999
01/20/2025 18:05,UPNY CONED,23315,3979.32,7055,-9999
01/20/2025 18:05,WEST CENTRAL,23312,1175.51,9999,-9999
01/20/2025 18:10,CENTRAL EAST - VC,23330,2457.04,3205,-9999
01/20/2025 18:10,DYSINGER EAST,23326,2004.49,3200,-9999
01/20/2025 18:10,MOSES SOUTH,23319,532.88,2650,-1600
01/20/2025 18:10,SCH - HQ - NY,23324,376,1300,-980
01/20/2025 18:10,SCH - HQ_CEDARS,325274,-100,200,-100
01/20/2025 18:10,SCH - HQ_IMPORT_EXPORT,325376,376,1310,-9999
01/20/2025 18:10,SCH - NE - NY,23318,-840.12,1400,-1800
01/20/2025 18:10,SCH - NPX_1385,325277,-71,200,-200
01/20/2025 18:10,SCH - NPX_CSC,325154,0,330,-330
01/20/2025 18:10,SCH - OH - NY,23317,1769.32,2200,-1850
01/20/2025 18:10,SCH - PJ - NY,23316,1410.09,1700,-2400
01/20/2025 18:10,SCH - PJM_HTP,325905,200,660,-660
01/20/2025 18:10,SCH - PJM_NEPTUNE,325305,660,660,-660
01/20/2025 18:10,SCH - PJM_VFT,325658,315,315,-315
01/20/2025 18:10,SPR/DUN-SOUTH,23320,2441.46,4600,-9999
01/20/2025 18:10,TOTAL EAST,23314,4611.54,7550,-9999
01/20/2025 18:10,UPNY CONED,23315,3962.26,7055,-9999
01/20/2025 18:10,WEST CENTRAL,23312,1161.95,9999,-9999
01/20/2025 18:15,CENTRAL EAST - VC,23330,2493.2,3205,-9999
01/20/2025 18:15,DYSINGER EAST,23326,1998.82,3200,-9999
01/20/2025 18:15,MOSES SOUTH,23319,557.31,2650,-1600
01/20/2025 18:15,SCH - HQ - NY,23324,376,1300,-980
01/20/2025 18:15,SCH - HQ_CEDARS,325274,-100,200,-100
01/20/2025 18:15,SCH - HQ_IMPORT_EXPORT,325376,376,1310,-9999
01/20/2025 18:15,SCH - NE - NY,23318,-801.12,1400,-1800
01/20/2025 18:15,SCH - NPX_1385,325277,-71,200,-200
01/20/2025 18:15,SCH - NPX_CSC,325154,0,330,-330
01/20/2025 18:15,SCH - OH - NY,23317,1769.53,2200,-1850
01/20/2025 18:15,SCH - PJ - NY,23316,1346.95,1700,-2400
01/20/2025 18:15,SCH - PJM_HTP,325905,200,660,-660
01/20/2025 18:15,SCH - PJM_NEPTUNE,325305,660,660,-660
01/20/2025 18:15,SCH - PJM_VFT,325658,315,315,-315
01/20/2025 18:15,SPR/DUN-SOUTH,23320,2451.29,4600,-9999
01/20/2025 18:15,TOTAL EAST,23314,4566.72,7550,-9999
01/20/2025 18:15,UPNY CONED,23315,3976.55,7055,-9999
01/20/2025 18:15,WEST CENTRAL,23312,1160.03,9999,-9999
01/20/2025 18:20,CENTRAL EAST - VC,23330,2471.96,3205,-9999
01/20/2025 18:20,DYSINGER EAST,23326,1961.47,3200,-9999
01/20/2025 18:20,MOSES SOUTH,23319,588.17,2650,-1600
01/20/2025 18:20,SCH - HQ - NY,23324,376,1300,-980
01/20/2025 18:20,SCH - HQ_CEDARS,325274,-100,200,-100
01/20/2025 18:20,SCH - HQ_IMPORT_EXPORT,325376,376,1310,-9999
01/20/2025 18:20,SCH - NE - NY,23318,-762.08,1400,-1800
01/20/2025 18:20,SCH - NPX_1385,325277,-71,200,-200
01/20/2025 18:20,SCH - NPX_CSC,325154,0,330,-330
01/20/2025 18:20,SCH - OH - NY,23317,1769.72,2200,-1850
01/20/2025 18:20,SCH - PJ - NY,23316,1290.74,1700,-2400
01/20/2025 18:20,SCH - PJM_HTP,325905,200,660,-660
01/20/2025 18:20,SCH - PJM_NEPTUNE,325305,660,660,-660
01/20/2025 18:20,SCH - PJM_VFT,325658,315,315,-315
01/20/2025 18:20,SPR/DUN-SOUTH,23320,2467.28,4600,-9999
01/20/2025 18:20,TOTAL EAST,23314,4526.81,7550,-9999
01/20/2025 18:20,UPNY CONED,23315,3999.06,7055,-9999
01/20/2025 18:20,WEST CENTRAL,23312,1121.02,9999,-9999
01/20/2025 18:25,CENTRAL EAST - VC,23330,2447.48,3205,-9999
01/20/2025 18:25,DYSINGER EAST,23326,1952.34,3200,-9999
01/20/2025 18:25,MOSES SOUTH,23319,577.81,2650,-1600
01/20/2025 18:25,SCH - HQ - NY,23324,376,1300,-980
01/20/2025 18:25,SCH - HQ_CEDARS,325274,-100,200,-100
01/20/2025 18:25,SCH - HQ_IMPORT_EXPORT,325376,376,1310,-9999
01/20/2025 18:25,SCH - NE - NY,23318,-762.06,1400,-1800
01/20/2025 18:25,SCH - NPX_1385,325277,-71,200,-200
01/20/2025 18:25,SCH - NPX_CSC,325154,0,330,-330
01/20/2025 18:25,SCH - OH - NY,23317,1769.81,2200,-1850
01/20/2025 18:25,SCH - PJ - NY,23316,1288.64,1700,-2400
01/20/2025 18:25,SCH - PJM_HTP,325905,200,660,-660
01/20/2025 18:25,SCH - PJM_NEPTUNE,325305,660,660,-660
01/20/2025 18:25,SCH - PJM_VFT,325658,315,315,-315
01/20/2025 18:25,SPR/DUN-SOUTH,23320,2482.97,4600,-9999
01/20/2025 18:25,TOTAL EAST,23314,4549.3,7550,-9999
01/20/2025 18:25,UPNY CONED,23315,4018.34,7055,-9999
01/20/2025 18:25,WEST CENTRAL,23312,1109.1,9999,-9999
01/20/2025 18:30,CENTRAL EAST - VC,23330,2497.76,3205,-9999
01/20/2025 18:30,DYSINGER EAST,23326,1981.67,3200,-9999
01/20/2025 18:30,MOSES SOUTH,23319,597.33,2650,-1600
01/20/2025 18:30,SCH - HQ - NY,23324,376,1300,-980
01/20/2025 18:30,SCH - HQ_CEDARS,325274,-100,200,-100
01/20/2025 18:30,SCH - HQ_IMPORT_EXPORT,325376,376,1310,-9999
01/20/2025 18:30,SCH - NE - NY,23318,-681.04,1400,-1800
01/20/2025 18:30,SCH - NPX_1385,325277,-71,200,-200
01/20/2025 18:30,SCH - NPX_CSC,325154,0,330,-330
01/20/2025 18:30,SCH - OH - NY,23317,1769.62,2200,-1850
01/20/2025 18:30,SCH - PJ - NY,23316,1289.8,1700,-2400
01/20/2025 18:30,SCH - PJM_HTP,325905,200,660,-660
01/20/2025 18:30,SCH - PJM_NEPTUNE,325305,660,660,-660
01/20/2025 18:30,SCH - PJM_VFT,325658,315,315,-315
01/20/2025 18:30,SPR/DUN-SOUTH,23320,2567.28,4600,-9999
01/20/2025 18:30,TOTAL EAST,23314,4561.53,7550,-9999
01/20/2025 18:30,UPNY CONED,23315,4108.84,7055,-9999
01/20/2025 18:30,WEST CENTRAL,23312,1135.3,9999,-9999
01/20/2025 18:35,CENTRAL EAST - VC,23330,2451.99,3205,-9999
01/20/2025 18:35,DYSINGER EAST,23326,1994.04,3200,-9999
01/20/2025 18:35,MOSES SOUTH,23319,542.77,2650,-1600
01/20/2025 18:35,SCH - HQ - NY,23324,376,1300,-980
01/20/2025 18:35,SCH - HQ_CEDARS,325274,-100,200,-100
01/20/2025 18:35,SCH - HQ_IMPORT_EXPORT,325376,376,1310,-9999
01/20/2025 18:35,SCH - NE - NY,23318,-599.96,1400,-1800
01/20/2025 18:35,SCH - NPX_1385,325277,-71,200,-200
01/20/2025 18:35,SCH - NPX_CSC,325154,0,330,-330
01/20/2025 18:35,SCH - OH - NY,23317,1769.68,2200,-1850
01/20/2025 18:35,SCH - PJ - NY,23316,1290.69,1700,-2400
01/20/2025 18:35,SCH - PJM_HTP,325905,200,660,-660
01/20/2025 18:35,SCH - PJM_NEPTUNE,325305,660,660,-660
01/20/2025 18:35,SCH - PJM_VFT,325658,315,315,-315
01/20/2025 18:35,SPR/DUN-SOUTH,23320,2559.98,4600,-9999
01/20/2025 18:35,TOTAL EAST,23314,4570.39,7550,-9999
01/20/2025 18:35,UPNY CONED,23315,4101.18,7055,-9999
01/20/2025 18:35,WEST CENTRAL,23312,1148.15,9999,-9999
01/20/2025 18:40,CENTRAL EAST - VC,23330,2483.45,3205,-9999
01/20/2025 18:40,DYSINGER EAST,23326,2040.44,3200,-9999
01/20/2025 18:40,MOSES SOUTH,23319,555.4,2650,-1600
01/20/2025 18:40,SCH - HQ - NY,23324,376,1300,-980
01/20/2025 18:40,SCH - HQ_CEDARS,325274,-100,200,-100
01/20/2025 18:40,SCH - HQ_IMPORT_EXPORT,325376,376,1310,-9999
01/20/2025 18:40,SCH - NE - NY,23318,-599.97,1400,-1800
01/20/2025 18:40,SCH - NPX_1385,325277,-71,200,-200
01/20/2025 18:40,SCH - NPX_CSC,325154,0,330,-330
01/20/2025 18:40,SCH - OH - NY,23317,1769.26,2200,-1850
01/20/2025 18:40,SCH - PJ - NY,23316,1286.04,1700,-2400
01/20/2025 18:40,SCH - PJM_HTP,325905,200,660,-660
01/20/2025 18:40,SCH - PJM_NEPTUNE,325305,660,660,-660
01/20/2025 18:40,SCH - PJM_VFT,325658,315,315,-315
01/20/2025 18:40,SPR/DUN-SOUTH,23320,2563.16,4600,-9999
01/20/2025 18:40,TOTAL EAST,23314,4563.91,7550,-9999
01/20/2025 18:40,UPNY CONED,23315,4098.02,7055,-9999
01/20/2025 18:40,WEST CENTRAL,23312,1195.48,9999,-9999
01/20/2025 18:45,CENTRAL EAST - VC,23330,2600.21,3205,-9999
01/20/2025 18:45,DYSINGER EAST,23326,2020.07,3200,-9999
01/20/2025 18:45,MOSES SOUTH,23319,670.9,2650,-1600
01/20/2025 18:45,SCH - HQ - NY,23324,376,1300,-980
01/20/2025 18:45,SCH - HQ_CEDARS,325274,-100,200,-100
01/20/2025 18:45,SCH - HQ_IMPORT_EXPORT,325376,376,1310,-9999
01/20/2025 18:45,SCH - NE - NY,23318,-610.99,1400,-1800
01/20/2025 18:45,SCH - NPX_1385,325277,-71,200,-200
01/20/2025 18:45,SCH - NPX_CSC,325154,0,330,-330
01/20/2025 18:45,SCH - OH - NY,23317,1768.62,2200,-1850
01/20/2025 18:45,SCH - PJ - NY,23316,1327.42,1700,-2400
01/20/2025 18:45,SCH - PJM_HTP,325905,200,660,-660
01/20/2025 18:45,SCH - PJM_NEPTUNE,325305,660,660,-660
01/20/2025 18:45,SCH - PJM_VFT,325658,315,315,-315
01/20/2025 18:45,SPR/DUN-SOUTH,23320,2612.59,4600,-9999
01/20/2025 18:45,TOTAL EAST,23314,4626.91,7550,-9999
01/20/2025 18:45,UPNY CONED,23315,4189.16,7055,-9999
01/20/2025 18:45,WEST CENTRAL,23312,1178.57,9999,-9999
01/20/2025 18:50,CENTRAL EAST - VC,23330,2605.37,3205,-9999
01/20/2025 18:50,DYSINGER EAST,23326,2106.23,3200,-9999
01/20/2025 18:50,MOSES SOUTH,23319,667.62,2650,-1600
01/20/2025 18:50,SCH - HQ - NY,23324,376,1300,-980
01/20/2025 18:50,SCH - HQ_CEDARS,325274,-100,200,-100
01/20/2025 18:50,SCH - HQ_IMPORT_EXPORT,325376,376,1310,-9999
01/20/2025 18:50,SCH - NE - NY,23318,-621.99,1400,-1800
01/20/2025 18:50,SCH - NPX_1385,325277,-71,200,-200
01/20/2025 18:50,SCH - NPX_CSC,325154,0,330,-330
01/20/2025 18:50,SCH - OH - NY,23317,1768.13,2200,-1850
01/20/2025 18:50,SCH - PJ - NY,23316,1370.74,1700,-2400
01/20/2025 18:50,SCH - PJM_HTP,325905,200,660,-660
01/20/2025 18:50,SCH - PJM_NEPTUNE,325305,660,660,-660
01/20/2025 18:50,SCH - PJM_VFT,325658,315,315,-315
01/20/2025 18:50,SPR/DUN-SOUTH,23320,2613.02,4600,-9999
01/20/2025 18:50,TOTAL EAST,23314,4638.2,7550,-9999
01/20/2025 18:50,UPNY CONED,23315,4168.51,7055,-9999
01/20/2025 18:50,WEST CENTRAL,23312,1269.1,9999,-9999
01/20/2025 18:55,CENTRAL EAST - VC,23330,2646.96,3205,-9999
01/20/2025 18:55,DYSINGER EAST,23326,2062.49,3200,-9999
01/20/2025 18:55,MOSES SOUTH,23319,650.1,2650,-1600
01/20/2025 18:55,SCH - HQ - NY,23324,376,1300,-980
01/20/2025 18:55,SCH - HQ_CEDARS,325274,-100,200,-100
01/20/2025 18:55,SCH - HQ_IMPORT_EXPORT,325376,376,1310,-9999
01/20/2025 18:55,SCH - NE - NY,23318,-622.04,1400,-1800
01/20/2025 18:55,SCH - NPX_1385,325277,-71,200,-200
01/20/2025 18:55,SCH - NPX_CSC,325154,0,330,-330
01/20/2025 18:55,SCH - OH - NY,23317,1768.32,2200,-1850
01/20/2025 18:55,SCH - PJ - NY,23316,1371.72,1700,-2400
01/20/2025 18:55,SCH - PJM_HTP,325905,200,660,-660
01/20/2025 18:55,SCH - PJM_NEPTUNE,325305,660,660,-660
01/20/2025 18:55,SCH - PJM_VFT,325658,315,315,-315
01/20/2025 18:55,SPR/DUN-SOUTH,23320,2649.97,4600,-9999
01/20/2025 18:55,TOTAL EAST,23314,4717.65,7550,-9999
01/20/2025 18:55,UPNY CONED,23315,4210.44,7055,-9999
01/20/2025 18:55,WEST CENTRAL,23312,1230.7,9999,-9999
01/20/2025 19:00,CENTRAL EAST - VC,23330,2700.04,3205,-9999
01/20/2025 19:00,DYSINGER EAST,23326,2096.28,3200,-9999
01/20/2025 19:00,MOSES SOUTH,23319,664.26,2650,-1600
01/20/2025 19:00,SCH - HQ - NY,23324,402,1300,-980
01/20/2025 19:00,SCH - HQ_CEDARS,325274,-100,200,-100
01/20/2025 19:00,SCH - HQ_IMPORT_EXPORT,325376,402,1310,-9999
01/20/2025 19:00,SCH - NE - NY,23318,-599.02,1400,-1800
01/20/2025 19:00,SCH - NPX_1385,325277,-56,200,-200
01/20/2025 19:00,SCH - NPX_CSC,325154,0,330,-330
01/20/2025 19:00,SCH - OH - NY,23317,1654.25,2200,-1850
01/20/2025 19:00,SCH - PJ - NY,23316,1390.76,1700,-2400
01/20/2025 19:00,SCH - PJM_HTP,325905,200,660,-660
01/20/2025 19:00,SCH - PJM_NEPTUNE,325305,660,660,-660
01/20/2025 19:00,SCH - PJM_VFT,325658,295,315,-315
01/20/2025 19:00,SPR/DUN-SOUTH,23320,2625.45,4600,-9999
01/20/2025 19:00,TOTAL EAST,23314,4801.63,7550,-9999
01/20/2025 19:00,UPNY CONED,23315,4171.63,7055,-9999
01/20/2025 19:00,WEST CENTRAL,23312,1266.99,9999,-9999
01/20/2025 19:05,CENTRAL EAST - VC,23330,2680.09,3205,-9999
01/20/2025 19:05,DYSINGER EAST,23326,1963.67,3200,-9999
01/20/2025 19:05,MOSES SOUTH,23319,692.54,2650,-1600
01/20/2025 19:05,SCH - HQ - NY,23324,428,1300,-980
01/20/2025 19:05,SCH - HQ_CEDARS,325274,-100,200,-100
01/20/2025 19:05,SCH - HQ_IMPORT_EXPORT,325376,428,1310,-9999
01/20/2025 19:05,SCH - NE - NY,23318,-577,1400,-1800
01/20/2025 19:05,SCH - NPX_1385,325277,-40,200,-200
01/20/2025 19:05,SCH - NPX_CSC,325154,0,330,-330
01/20/2025 19:05,SCH - OH - NY,23317,1540.3,2200,-1850
01/20/2025 19:05,SCH - PJ - NY,23316,1407.8,1700,-2400
01/20/2025 19:05,SCH - PJM_HTP,325905,200,660,-660
01/20/2025 19:05,SCH - PJM_NEPTUNE,325305,660,660,-660
01/20/2025 19:05,SCH - PJM_VFT,325658,275,315,-315
01/20/2025 19:05,SPR/DUN-SOUTH,23320,2665.05,4600,-9999
01/20/2025 19:05,TOTAL EAST,23314,4792.57,7550,-9999
01/20/2025 19:05,UPNY CONED,23315,4176.71,7055,-9999
01/20/2025 19:05,WEST CENTRAL,23312,1141.75,9999,-9999
01/20/2025 19:10,CENTRAL EAST - VC,23330,2664.18,3205,-9999
01/20/2025 19:10,DYSINGER EAST,23326,1925.96,3200,-9999
01/20/2025 19:10,MOSES SOUTH,23319,674.89,2650,-1600
01/20/2025 19:10,SCH - HQ - NY,23324,428,1300,-980
01/20/2025 19:10,SCH - HQ_CEDARS,325274,-100,200,-100
01/20/2025 19:10,SCH - HQ_IMPORT_EXPORT,325376,428,1310,-9999
01/20/2025 19:10,SCH - NE - NY,23318,-577.03,1400,-1800
01/20/2025 19:10,SCH - NPX_1385,325277,-40,200,-200
01/20/2025 19:10,SCH - NPX_CSC,325154,0,330,-330
01/20/2025 19:10,SCH - OH - NY,23317,1540.38,2200,-1850
01/20/2025 19:10,SCH - PJ - NY,23316,1405.61,1700,-2400
01/20/2025 19:10,SCH - PJM_HTP,325905,200,660,-660
01/20/2025 19:10,SCH - PJM_NEPTUNE,325305,660,660,-660
01/20/2025 19:10,SCH - PJM_VFT,325658,275,315,-315
01/20/2025 19:10,SPR/DUN-SOUTH,23320,2651.86,4600,-9999
01/20/2025 19:10,TOTAL EAST,23314,4790.53,7550,-9999
01/20/2025 19:10,UPNY CONED,23315,4171.03,7055,-9999
01/20/2025 19:10,WEST CENTRAL,23312,1107.89,9999,-9999
01/20/2025 19:15,CENTRAL EAST - VC,23330,2716.72,3205,-9999
01/20/2025 19:15,DYSINGER EAST,23326,2015.68,3200,-9999
01/20/2025 19:15,MOSES SOUTH,23319,687.04,2650,-1600
01/20/2025 19:15,SCH - HQ - NY,23324,428,1300,-980
01/20/2025 19:15,SCH - HQ_CEDARS,325274,-100,200,-100
01/20/2025 19:15,SCH - HQ_IMPORT_EXPORT,325376,428,1310,-9999
01/20/2025 19:15,SCH - NE - NY,23318,-557.06,1400,-1800
01/20/2025 19:15,SCH - NPX_1385,325277,-40,200,-200
01/20/2025 19:15,SCH - NPX_CSC,325154,0,330,-330
01/20/2025 19:15,SCH - OH - NY,23317,1540.13,2200,-1850
01/20/2025 19:15,SCH - PJ - NY,23316,1379.73,1700,-2400
01/20/2025 19:15,SCH - PJM_HTP,325905,200,660,-660
01/20/2025 19:15,SCH - PJM_NEPTUNE,325305,660,660,-660
01/20/2025 19:15,SCH - PJM_VFT,325658,275,315,-315
01/20/2025 19:15,SPR/DUN-SOUTH,23320,2637.53,4600,-9999
01/20/2025 19:15,TOTAL EAST,23314,4787.35,7550,-9999
01/20/2025 19:15,UPNY CONED,23315,4156.59,7055,-9999
01/20/2025 19:15,WEST CENTRAL,23312,1192.01,9999,-9999
01/20/2025 19:20,CENTRAL EAST - VC,23330,2717.13,3205,-9999
01/20/2025 19:20,DYSINGER EAST,23326,2054.26,3200,-9999
01/20/2025 19:20,MOSES SOUTH,23319,687.13,2650,-1600
01/20/2025 19:20,SCH - HQ - NY,23324,428,1300,-980
01/20/2025 19:20,SCH - HQ_CEDARS,325274,-100,200,-100
01/20/2025 19:20,SCH - HQ_IMPORT_EXPORT,325376,428,1310,-9999
01/20/2025 19:20,SCH - NE - NY,23318,-538.02,1400,-1800
01/20/2025 19:20,SCH - NPX_1385,325277,-40,200,-200
01/20/2025 19:20,SCH - NPX_CSC,325154,0,330,-330
01/20/2025 19:20,SCH - OH - NY,23317,1540.02,2200,-1850
01/20/2025 19:20,SCH - PJ - NY,23316,1353.69,1700,-2400
01/20/2025 19:20,SCH - PJM_HTP,325905,200,660,-660
01/20/2025 19:20,SCH - PJM_NEPTUNE,325305,660,660,-660
01/20/2025 19:20,SCH - PJM_VFT,325658,275,315,-315
01/20/2025 19:20,SPR/DUN-SOUTH,23320,2648.7,4600,-9999
01/20/2025 19:20,TOTAL EAST,23314,4771.78,7550,-9999
01/20/2025 19:20,UPNY CONED,23315,4170.64,7055,-9999
01/20/2025 19:20,WEST CENTRAL,23312,1226.79,9999,-9999
01/20/2025 19:25,CENTRAL EAST - VC,23330,2731.25,3205,-9999
01/20/2025 19:25,DYSINGER EAST,23326,2083.12,3200,-9999
01/20/2025 19:25,MOSES SOUTH,23319,651.7,2650,-1600
01/20/2025 19:25,SCH - HQ - NY,23324,428,1300,-980
01/20/2025 19:25,SCH - HQ_CEDARS,325274,-100,200,-100
01/20/2025 19:25,SCH - HQ_IMPORT_EXPORT,325376,428,1310,-9999
01/20/2025 19:25,SCH - NE - NY,23318,-538.02,1400,-1800
01/20/2025 19:25,SCH - NPX_1385,325277,-40,200,-200
01/20/2025 19:25,SCH - NPX_CSC,325154,0,330,-330
01/20/2025 19:25,SCH - OH - NY,23317,1540.14,2200,-1850
01/20/2025 19:25,SCH - PJ - NY,23316,1353.59,1700,-2400
01/20/2025 19:25,SCH - PJM_HTP,325905,200,660,-660
01/20/2025 19:25,SCH - PJM_NEPTUNE,325305,660,660,-660
01/20/2025 19:25,SCH - PJM_VFT,325658,275,315,-315
01/20/2025 19:25,SPR/DUN-SOUTH,23320,2655.1,4600,-9999
01/20/2025 19:25,TOTAL EAST,23314,4830.86,7550,-9999
01/20/2025 19:25,UPNY CONED,23315,4198.87,7055,-9999
01/20/2025 19:25,WEST CENTRAL,23312,1260.48,9999,-9999
01/20/2025 19:30,CENTRAL EAST - VC,23330,2737.25,3205,-9999
01/20/2025 19:30,DYSINGER EAST,23326,2123.83,3200,-9999
01/20/2025 19:30,MOSES SOUTH,23319,664.63,2650,-1600
01/20/2025 19:30,SCH - HQ - NY,23324,428,1300,-980
01/20/2025 19:30,SCH - HQ_CEDARS,325274,-100,200,-100
01/20/2025 19:30,SCH - HQ_IMPORT_EXPORT,325376,428,1310,-9999
01/20/2025 19:30,SCH - NE - NY,23318,-388.1,1400,-1800
01/20/2025 19:30,SCH - NPX_1385,325277,-40,200,-200
01/20/2025 19:30,SCH - NPX_CSC,325154,0,330,-330
01/20/2025 19:30,SCH - OH - NY,23317,1540.09,2200,-1850
01/20/2025 19:30,SCH - PJ - NY,23316,1338.77,1700,-2400
01/20/2025 19:30,SCH - PJM_HTP,325905,200,660,-660
01/20/2025 19:30,SCH - PJM_NEPTUNE,325305,660,660,-660
01/20/2025 19:30,SCH - PJM_VFT,325658,275,315,-315
01/20/2025 19:30,SPR/DUN-SOUTH,23320,2644.71,4600,-9999
01/20/2025 19:30,TOTAL EAST,23314,4852.75,7550,-9999
01/20/2025 19:30,UPNY CONED,23315,4249.72,7055,-9999
01/20/2025 19:30,WEST CENTRAL,23312,1302.18,9999,-9999
01/20/2025 19:35,CENTRAL EAST - VC,23330,2737.81,3205,-9999
01/20/2025 19:35,DYSINGER EAST,23326,2114.04,3200,-9999
01/20/2025 19:35,MOSES SOUTH,23319,651.76,2650,-1600
01/20/2025 19:35,SCH - HQ - NY,23324,428,1300,-980
01/20/2025 19:35,SCH - HQ_CEDARS,325274,-100,200,-100
01/20/2025 19:35,SCH - HQ_IMPORT_EXPORT,325376,428,1310,-9999
01/20/2025 19:35,SCH - NE - NY,23318,-235.26,1400,-1800
01/20/2025 19:35,SCH - NPX_1385,325277,-40,200,-200
01/20/2025 19:35,SCH - NPX_CSC,325154,0,330,-330
01/20/2025 19:35,SCH - OH - NY,23317,1540.05,2200,-1850
01/20/2025 19:35,SCH - PJ - NY,23316,1325.8,1700,-2400
01/20/2025 19:35,SCH - PJM_HTP,325905,200,660,-660
01/20/2025 19:35,SCH - PJM_NEPTUNE,325305,660,660,-660
01/20/2025 19:35,SCH - PJM_VFT,325658,275,315,-315
01/20/2025 19:35,SPR/DUN-SOUTH,23320,2770.96,4600,-9999
01/20/2025 19:35,TOTAL EAST,23314,4861.98,7550,-9999
01/20/2025 19:35,UPNY CONED,23315,4377.92,7055,-9999
01/20/2025 19:35,WEST CENTRAL,23312,1296.86,9999,-9999
01/20/2025 19:40,CENTRAL EAST - VC,23330,2764.86,3205,-9999
01/20/2025 19:40,DYSINGER EAST,23326,2092.24,3200,-9999
01/20/2025 19:40,MOSES SOUTH,23319,661.92,2650,-1600
01/20/2025 19:40,SCH - HQ - NY,23324,428,1300,-980
01/20/2025 19:40,SCH - HQ_CEDARS,325274,-100,200,-100
01/20/2025 19:40,SCH - HQ_IMPORT_EXPORT,325376,428,1310,-9999
01/20/2025 19:40,SCH - NE - NY,23318,-235.34,1400,-1800
01/20/2025 19:40,SCH - NPX_1385,325277,-40,200,-200
01/20/2025 19:40,SCH - NPX_CSC,325154,0,330,-330
01/20/2025 19:40,SCH - OH - NY,23317,1540.08,2200,-1850
01/20/2025 19:40,SCH - PJ - NY,23316,1322.81,1700,-2400
01/20/2025 19:40,SCH - PJM_HTP,325905,200,660,-660
01/20/2025 19:40,SCH - PJM_NEPTUNE,325305,660,660,-660
01/20/2025 19:40,SCH - PJM_VFT,325658,275,315,-315
01/20/2025 19:40,SPR/DUN-SOUTH,23320,2806.01,4600,-9999
01/20/2025 19:40,TOTAL EAST,23314,4887.77,7550,-9999
01/20/2025 19:40,UPNY CONED,23315,4403.92,7055,-9999
01/20/2025 19:40,WEST CENTRAL,23312,1277.19,9999,-9999
01/20/2025 19:45,CENTRAL EAST - VC,23330,2748.73,3205,-9999
01/20/2025 19:45,DYSINGER EAST,23326,1974.93,3200,-9999
01/20/2025 19:45,MOSES SOUTH,23319,633.24,2650,-1600
01/20/2025 19:45,SCH - HQ - NY,23324,428,1300,-980
01/20/2025 19:45,SCH - HQ_CEDARS,325274,-100,200,-100
01/20/2025 19:45,SCH - HQ_IMPORT_EXPORT,325376,428,1310,-9999
01/20/2025 19:45,SCH - NE - NY,23318,-244.28,1400,-1800
01/20/2025 19:45,SCH - NPX_1385,325277,-40,200,-200
01/20/2025 19:45,SCH - NPX_CSC,325154,0,330,-330
01/20/2025 19:45,SCH - OH - NY,23317,1540.2,2200,-1850
01/20/2025 19:45,SCH - PJ - NY,23316,1319.76,1700,-2400
01/20/2025 19:45,SCH - PJM_HTP,325905,200,660,-660
01/20/2025 19:45,SCH - PJM_NEPTUNE,325305,660,660,-660
01/20/2025 19:45,SCH - PJM_VFT,325658,275,315,-315
01/20/2025 19:45,SPR/DUN-SOUTH,23320,2788.13,4600,-9999
01/20/2025 19:45,TOTAL EAST,23314,4832.01,7550,-9999
01/20/2025 19:45,UPNY CONED,23315,4364.25,7055,-9999
01/20/2025 19:45,WEST CENTRAL,23312,1164.97,9999,-9999
01/20/2025 19:50,CENTRAL EAST - VC,23330,2792.2,3205,-9999
01/20/2025 19:50,DYSINGER EAST,23326,2154.34,3200,-9999
01/20/2025 19:50,MOSES SOUTH,23319,666.77,2650,-1600
01/20/2025 19:50,SCH - HQ - NY,23324,428,1300,-980
01/20/2025 19:50,SCH - HQ_CEDARS,325274,-100,200,-100
01/20/2025 19:50,SCH - HQ_IMPORT_EXPORT,325376,428,1310,-9999
01/20/2025 19:50,SCH - NE - NY,23318,-254.82,1400,-1800
01/20/2025 19:50,SCH - NPX_1385,325277,-40,200,-200
01/20/2025 19:50,SCH - NPX_CSC,325154,0,330,-330
01/20/2025 19:50,SCH - OH - NY,23317,1540.02,2200,-1850
01/20/2025 19:50,SCH - PJ - NY,23316,1322.26,1700,-2400
01/20/2025 19:50,SCH - PJM_HTP,325905,200,660,-660
01/20/2025 19:50,SCH - PJM_NEPTUNE,325305,660,660,-660
01/20/2025 19:50,SCH - PJM_VFT,325658,275,315,-315
01/20/2025 19:50,SPR/DUN-SOUTH,23320,2874.49,4600,-9999
01/20/2025 19:50,TOTAL EAST,23314,4951.65,7550,-9999
01/20/2025 19:50,UPNY CONED,23315,4449.49,7055,-9999
01/20/2025 19:50,WEST CENTRAL,23312,1329.37,9999,-9999
01/20/2025 19:55,CENTRAL EAST - VC,23330,2759.73,3205,-9999
01/20/2025 19:55,DYSINGER EAST,23326,2143.65,3200,-9999
01/20/2025 19:55,MOSES SOUTH,23319,658.6,2650,-1600
01/20/2025 19:55,SCH - HQ - NY,23324,428,1300,-980
01/20/2025 19:55,SCH - HQ_CEDARS,325274,-100,200,-100
01/20/2025 19:55,SCH - HQ_IMPORT_EXPORT,325376,428,1310,-9999
01/20/2025 19:55,SCH - NE - NY,23318,-254.79,1400,-1800
01/20/2025 19:55,SCH - NPX_1385,325277,-40,200,-200
01/20/2025 19:55,SCH - NPX_CSC,325154,0,330,-330
01/20/2025 19:55,SCH - OH - NY,23317,1540.11,2200,-1850
01/20/2025 19:55,SCH - PJ - NY,23316,1320.19,1700,-2400
01/20/2025 19:55,SCH - PJM_HTP,325905,200,660,-660
01/20/2025 19:55,SCH - PJM_NEPTUNE,325305,660,660,-660
01/20/2025 19:55,SCH - PJM_VFT,325658,275,315,-315
01/20/2025 19:55,SPR/DUN-SOUTH,23320,2845.64,4600,-9999
01/20/2025 19:55,TOTAL EAST,23314,4951.84,7550,-9999
01/20/2025 19:55,UPNY CONED,23315,4413.27,7055,-9999
01/20/2025 19:55,WEST CENTRAL,23312,1305.55,9999,-9999
01/20/2025 20:00,CENTRAL EAST - VC,23330,2691.86,3205,-9999
01/20/2025 20:00,DYSINGER EAST,23326,2099.94,3200,-9999
01/20/2025 20:00,MOSES SOUTH,23319,512.98,2650,-1600
01/20/2025 20:00,SCH - HQ - NY,23324,289,1300,-980
01/20/2025 20:00,SCH - HQ_CEDARS,325274,-100,200,-100
01/20/2025 20:00,SCH - HQ_IMPORT_EXPORT,325376,289,1310,-9999
01/20/2025 20:00,SCH - NE - NY,23318,-407.96,1400,-1800
01/20/2025 20:00,SCH - NPX_1385,325277,-55,200,-200
01/20/2025 20:00,SCH - NPX_CSC,325154,0,330,-330
01/20/2025 20:00,SCH - OH - NY,23317,1512.14,2200,-1850
01/20/2025 20:00,SCH - PJ - NY,23316,1368.61,1700,-2400
01/20/2025 20:00,SCH - PJM_HTP,325905,200,660,-660
01/20/2025 20:00,SCH - PJM_NEPTUNE,325305,660,660,-660
01/20/2025 20:00,SCH - PJM_VFT,325658,295,315,-315
01/20/2025 20:00,SPR/DUN-SOUTH,23320,2646.7,4600,-9999
01/20/2025 20:00,TOTAL EAST,23314,4831.4,7550,-9999
01/20/2025 20:00,UPNY CONED,23315,4204.65,7055,-9999
01/20/2025 20:00,WEST CENTRAL,23312,1248.04,9999,-9999
01/20/2025 20:05,CENTRAL EAST - VC,23330,2667.96,3205,-9999
01/20/2025 20:05,DYSINGER EAST,23326,2067.35,3200,-9999
01/20/2025 20:05,MOSES SOUTH,23319,367.14,2650,-1600
01/20/2025 20:05,SCH - HQ - NY,23324,150,1300,-980
01/20/2025 20:05,SCH - HQ_CEDARS,325274,-100,200,-100
01/20/2025 20:05,SCH - HQ_IMPORT_EXPORT,325376,150,1310,-9999
01/20/2025 20:05,SCH - NE - NY,23318,-558.12,1400,-1800
01/20/2025 20:05,SCH - NPX_1385,325277,-70,200,-200
01/20/2025 20:05,SCH - NPX_CSC,325154,0,330,-330
01/20/2025 20:05,SCH - OH - NY,23317,1484.13,2200,-1850
01/20/2025 20:05,SCH - PJ - NY,23316,1407.85,1700,-2400
01/20/2025 20:05,SCH - PJM_HTP,325905,200,660,-660
01/20/2025 20:05,SCH - PJM_NEPTUNE,325305,660,660,-660
01/20/2025 20:05,SCH - PJM_VFT,325658,315,315,-315
01/20/2025 20:05,SPR/DUN-SOUTH,23320,2527.99,4600,-9999
01/20/2025 20:05,TOTAL EAST,23314,4716.1,7550,-9999
01/20/2025 20:05,UPNY CONED,23315,4052.75,7055,-9999
01/20/2025 20:05,WEST CENTRAL,23312,1215.96,9999,-9999
01/20/2025 20:10,CENTRAL EAST - VC,23330,2611.05,3205,-9999
01/20/2025 20:10,DYSINGER EAST,23326,2157.93,3200,-9999
01/20/2025 20:10,MOSES SOUTH,23319,443.33,2650,-1600
01/20/2025 20:10,SCH - HQ - NY,23324,150,1300,-980
01/20/2025 20:10,SCH - HQ_CEDARS,325274,-100,200,-100
01/20/2025 20:10,SCH - HQ_IMPORT_EXPORT,325376,150,1310,-9999
01/20/2025 20:10,SCH - NE - NY,23318,-558.06,1400,-1800
01/20/2025 20:10,SCH - NPX_1385,325277,-70,200,-200
01/20/2025 20:10,SCH - NPX_CSC,325154,0,330,-330
01/20/2025 20:10,SCH - OH - NY,23317,1483.87,2200,-1850
01/20/2025 20:10,SCH - PJ - NY,23316,1408.08,1700,-2400
01/20/2025 20:10,SCH - PJM_HTP,325905,200,660,-660
01/20/2025 20:10,SCH - PJM_NEPTUNE,325305,660,660,-660
01/20/2025 20:10,SCH - PJM_VFT,325658,315,315,-315
01/20/2025 20:10,SPR/DUN-SOUTH,23320,2478.28,4600,-9999
01/20/2025 20:10,TOTAL EAST,23314,4694.98,7550,-9999
01/20/2025 20:10,UPNY CONED,23315,3995.39,7055,-9999
01/20/2025 20:10,WEST CENTRAL,23312,1310.01,9999,-9999
01/20/2025 20:15,CENTRAL EAST - VC,23330,2707.13,3205,-9999
01/20/2025 20:15,DYSINGER EAST,23326,2112.54,3200,-9999
01/20/2025 20:15,MOSES SOUTH,23319,438.66,2650,-1600
01/20/2025 20:15,SCH - HQ - NY,23324,150,1300,-980
01/20/2025 20:15,SCH - HQ_CEDARS,325274,-100,200,-100
01/20/2025 20:15,SCH - HQ_IMPORT_EXPORT,325376,150,1310,-9999
01/20/2025 20:15,SCH - NE - NY,23318,-636.13,1400,-1800
01/20/2025 20:15,SCH - NPX_1385,325277,-70,200,-200
01/20/2025 20:15,SCH - NPX_CSC,325154,0,330,-330
01/20/2025 20:15,SCH - OH - NY,23317,1483.93,2200,-1850
01/20/2025 20:15,SCH - PJ - NY,23316,1408.01,1700,-2400
01/20/2025 20:15,SCH - PJM_HTP,325905,200,660,-660
01/20/2025 20:15,SCH - PJM_NEPTUNE,325305,660,660,-660
01/20/2025 20:15,SCH - PJM_VFT,325658,315,315,-315
01/20/2025 20:15,SPR/DUN-SOUTH,23320,2491.55,4600,-9999
01/20/2025 20:15,TOTAL EAST,23314,4774.07,7550,-9999
01/20/2025 20:15,UPNY CONED,23315,4056.36,7055,-9999
01/20/2025 20:15,WEST CENTRAL,23312,1290.37,9999,-9999
01/20/2025 20:20,CENTRAL EAST - VC,23330,2717.95,3205,-9999
01/20/2025 20:20,DYSINGER EAST,23326,2082.38,3200,-9999
01/20/2025 20:20,MOSES SOUTH,23319,414.62,2650,-1600
01/20/2025 20:20,SCH - HQ - NY,23324,150,1300,-980
01/20/2025 20:20,SCH - HQ_CEDARS,325274,-100,200,-100
01/20/2025 20:20,SCH - HQ_IMPORT_EXPORT,325376,150,1310,-9999
01/20/2025 20:20,SCH - NE - NY,23318,-715.22,1400,-1800
01/20/2025 20:20,SCH - NPX_1385,325277,-70,200,-200
01/20/2025 20:20,SCH - NPX_CSC,325154,0,330,-330
01/20/2025 20:20,SCH - OH - NY,23317,1484,2200,-1850
01/20/2025 20:20,SCH - PJ - NY,23316,1409.19,1700,-2400
01/20/2025 20:20,SCH - PJM_HTP,325905,200,660,-660
01/20/2025 20:20,SCH - PJM_NEPTUNE,325305,660,660,-660
01/20/2025 20:20,SCH - PJM_VFT,325658,315,315,-315
01/20/2025 20:20,SPR/DUN-SOUTH,23320,2483.07,4600,-9999
01/20/2025 20:20,TOTAL EAST,23314,4771.11,7550,-9999
01/20/2025 20:20,UPNY CONED,23315,4057.09,7055,-9999
01/20/2025 20:20,WEST CENTRAL,23312,1243.58,9999,-9999
01/20/2025 20:25,CENTRAL EAST - VC,23330,2717.02,3205,-9999
01/20/2025 20:25,DYSINGER EAST,23326,2150.22,3200,-9999
01/20/2025 20:25,MOSES SOUTH,23319,463.04,2650,-1600
01/20/2025 20:25,SCH - HQ - NY,23324,150,1300,-980
01/20/2025 20:25,SCH - HQ_CEDARS,325274,-100,200,-100
01/20/2025 20:25,SCH - HQ_IMPORT_EXPORT,325376,150,1310,-9999
01/20/2025 20:25,SCH - NE - NY,23318,-715.19,1400,-1800
01/20/2025 20:25,SCH - NPX_1385,325277,-70,200,-200
01/20/2025 20:25,SCH - NPX_CSC,325154,0,330,-330
01/20/2025 20:25,SCH - OH - NY,23317,1483.84,2200,-1850
01/20/2025 20:25,SCH - PJ - NY,23316,1408.07,1700,-2400
01/20/2025 20:25,SCH - PJM_HTP,325905,200,660,-660
01/20/2025 20:25,SCH - PJM_NEPTUNE,325305,660,660,-660
01/20/2025 20:25,SCH - PJM_VFT,325658,315,315,-315
01/20/2025 20:25,SPR/DUN-SOUTH,23320,2453.03,4600,-9999
01/20/2025 20:25,TOTAL EAST,23314,4775.82,7550,-9999
01/20/2025 20:25,UPNY CONED,23315,4042.39,7055,-9999
01/20/2025 20:25,WEST CENTRAL,23312,1309.8,9999,-9999
01/20/2025 20:30,CENTRAL EAST - VC,23330,2736.89,3205,-9999
01/20/2025 20:30,DYSINGER EAST,23326,2113.94,3200,-9999
01/20/2025 20:30,MOSES SOUTH,23319,474.26,2650,-1600
01/20/2025 20:30,SCH - HQ - NY,23324,150,1300,-980
01/20/2025 20:30,SCH - HQ_CEDARS,325274,-100,200,-100
01/20/2025 20:30,SCH - HQ_IMPORT_EXPORT,325376,150,1310,-9999
01/20/2025 20:30,SCH - NE - NY,23318,-643.12,1400,-1800
01/20/2025 20:30,SCH - NPX_1385,325277,-70,200,-200
01/20/2025 20:30,SCH - NPX_CSC,325154,0,330,-330
01/20/2025 20:30,SCH - OH - NY,23317,1483.83,2200,-1850
01/20/2025 20:30,SCH - PJ - NY,23316,1411.08,1700,-2400
01/20/2025 20:30,SCH - PJM_HTP,325905,200,660,-660
01/20/2025 20:30,SCH - PJM_NEPTUNE,325305,660,660,-660
01/20/2025 20:30,SCH - PJM_VFT,325658,315,315,-315
01/20/2025 20:30,SPR/DUN-SOUTH,23320,2482,4600,-9999
01/20/2025 20:30,TOTAL EAST,23314,4792.01,7550,-9999
01/20/2025 20:30,UPNY CONED,23315,4085.93,7055,-9999
01/20/2025 20:30,WEST CENTRAL,23312,1279.96,9999,-9999
01/20/2025 20:35,CENTRAL EAST - VC,23330,2745.29,3205,-9999
01/20/2025 20:35,DYSINGER EAST,23326,2120.16,3200,-9999
01/20/2025 20:35,MOSES SOUTH,23319,458.2,2650,-1600
01/20/2025 20:35,SCH - HQ - NY,23324,150,1300,-980
01/20/2025 20:35,SCH - HQ_CEDARS,325274,-100,200,-100
01/20/2025 20:35,SCH - HQ_IMPORT_EXPORT,325376,150,1310,-9999
01/20/2025 20:35,SCH - NE - NY,23318,-572.03,1400,-1800
01/20/2025 20:35,SCH - NPX_1385,325277,-70,200,-200
01/20/2025 20:35,SCH - NPX_CSC,325154,0,330,-330
01/20/2025 20:35,SCH - OH - NY,23317,1483.9,2200,-1850
01/20/2025 20:35,SCH - PJ - NY,23316,1408.97,1700,-2400
01/20/2025 20:35,SCH - PJM_HTP,325905,200,660,-660
01/20/2025 20:35,SCH - PJM_NEPTUNE,325305,660,660,-660
01/20/2025 20:35,SCH - PJM_VFT,325658,315,315,-315
01/20/2025 20:35,SPR/DUN-SOUTH,23320,2557.62,4600,-9999
01/20/2025 20:35,TOTAL EAST,23314,4828.4,7550,-9999
01/20/2025 20:35,UPNY CONED,23315,4161.17,7055,-9999
01/20/2025 20:35,WEST CENTRAL,23312,1293.59,9999,-9999
01/20/2025 20:40,CENTRAL EAST - VC,23330,2771.41,3205,-9999
01/20/2025 20:40,DYSINGER EAST,23326,2145.12,3200,-9999
01/20/2025 20:40,MOSES SOUTH,23319,473.51,2650,-1600
01/20/2025 20:40,SCH - HQ - NY,23324,150,1300,-980
01/20/2025 20:40,SCH - HQ_CEDARS,325274,-100,200,-100
01/20/2025 20:40,SCH - HQ_IMPORT_EXPORT,325376,150,1310,-9999
01/20/2025 20:40,SCH - NE - NY,23318,-572.04,1400,-1800
01/20/2025 20:40,SCH - NPX_1385,325277,-70,200,-200
01/20/2025 20:40,SCH - NPX_CSC,325154,0,330,-330
01/20/2025 20:40,SCH - OH - NY,23317,1483.9,2200,-1850
01/20/2025 20:40,SCH - PJ - NY,23316,1409.95,1700,-2400
01/20/2025 20:40,SCH - PJM_HTP,325905,200,660,-660
01/20/2025 20:40,SCH - PJM_NEPTUNE,325305,660,660,-660
01/20/2025 20:40,SCH - PJM_VFT,325658,315,315,-315
01/20/2025 20:40,SPR/DUN-SOUTH,23320,2601.45,4600,-9999
01/20/2025 20:40,TOTAL EAST,23314,4874.65,7550,-9999
01/20/2025 20:40,UPNY CONED,23315,4200.13,7055,-9999
01/20/2025 20:40,WEST CENTRAL,23312,1323.04,9999,-9999
01/20/2025 20:45,CENTRAL EAST - VC,23330,2792.04,3205,-9999
01/20/2025 20:45,DYSINGER EAST,23326,2124.81,3200,-9999
01/20/2025 20:45,MOSES SOUTH,23319,473.58,2650,-1600
01/20/2025 20:45,SCH - HQ - NY,23324,150,1300,-980
01/20/2025 20:45,SCH - HQ_CEDARS,325274,-100,200,-100
01/20/2025 20:45,SCH - HQ_IMPORT_EXPORT,325376,150,1310,-9999
01/20/2025 20:45,SCH - NE - NY,23318,-492.01,1400,-1800
01/20/2025 20:45,SCH - NPX_1385,325277,-70,200,-200
01/20/2025 20:45,SCH - NPX_CSC,325154,0,330,-330
01/20/2025 20:45,SCH - OH - NY,23317,1483.91,2200,-1850
01/20/2025 20:45,SCH - PJ - NY,23316,1409.92,1700,-2400
01/20/2025 20:45,SCH - PJM_HTP,325905,200,660,-660
01/20/2025 20:45,SCH - PJM_NEPTUNE,325305,660,660,-660
01/20/2025 20:45,SCH - PJM_VFT,325658,315,315,-315
01/20/2025 20:45,SPR/DUN-SOUTH,23320,2734.58,4600,-9999
01/20/2025 20:45,TOTAL EAST,23314,4952.55,7550,-9999
01/20/2025 20:45,UPNY CONED,23315,4336.46,7055,-9999
01/20/2025 20:45,WEST CENTRAL,23312,1309.66,9999,-9999
01/20/2025 20:50,CENTRAL EAST - VC,23330,2789.71,3205,-9999
01/20/2025 20:50,DYSINGER EAST,23326,2101.43,3200,-9999
01/20/2025 20:50,MOSES SOUTH,23319,471.84,2650,-1600
01/20/2025 20:50,SCH - HQ - NY,23324,150,1300,-980
01/20/2025 20:50,SCH - HQ_CEDARS,325274,-100,200,-100
01/20/2025 20:50,SCH - HQ_IMPORT_EXPORT,325376,150,1310,-9999
01/20/2025 20:50,SCH - NE - NY,23318,-407.48,1400,-1800
01/20/2025 20:50,SCH - NPX_1385,325277,-70,200,-200
01/20/2025 20:50,SCH - NPX_CSC,325154,0,330,-330
01/20/2025 20:50,SCH - OH - NY,23317,1483.95,2200,-1850
01/20/2025 20:50,SCH - PJ - NY,23316,1405.09,1700,-2400
01/20/2025 20:50,SCH - PJM_HTP,325905,200,660,-660
01/20/2025 20:50,SCH - PJM_NEPTUNE,325305,660,660,-660
01/20/2025 20:50,SCH - PJM_VFT,325658,315,315,-315
01/20/2025 20:50,SPR/DUN-SOUTH,23320,2805.39,4600,-9999
01/20/2025 20:50,TOTAL EAST,23314,4970.19,7550,-9999
01/20/2025 20:50,UPNY CONED,23315,4390.77,6720,-9999
01/20/2025 20:50,WEST CENTRAL,23312,1289.95,9999,-9999
01/20/2025 20:55,CENTRAL EAST - VC,23330,2833.59,3205,-9999
01/20/2025 20:55,DYSINGER EAST,23326,2156.04,3200,-9999
01/20/2025 20:55,MOSES SOUTH,23319,478.24,2650,-1600
01/20/2025 20:55,SCH - HQ - NY,23324,150,1300,-980
01/20/2025 20:55,SCH - HQ_CEDARS,325274,-100,200,-100
01/20/2025 20:55,SCH - HQ_IMPORT_EXPORT,325376,150,1310,-9999
01/20/2025 20:55,SCH - NE - NY,23318,-412.18,1400,-1800
01/20/2025 20:55,SCH - NPX_1385,325277,-70,200,-200
01/20/2025 20:55,SCH - NPX_CSC,325154,0,330,-330
01/20/2025 20:55,SCH - OH - NY,23317,1483.96,2200,-1850
01/20/2025 20:55,SCH - PJ - NY,23316,1410.14,1700,-2400
01/20/2025 20:55,SCH - PJM_HTP,325905,200,660,-660
01/20/2025 20:55,SCH - PJM_NEPTUNE,325305,660,660,-660
01/20/2025 20:55,SCH - PJM_VFT,325658,315,315,-315
01/20/2025 20:55,SPR/DUN-SOUTH,23320,2808.19,4600,-9999
01/20/2025 20:55,TOTAL EAST,23314,4978.98,7550,-9999
01/20/2025 20:55,UPNY CONED,23315,4400.67,6720,-9999
01/20/2025 20:55,WEST CENTRAL,23312,1346.47,9999,-9999
01/20/2025 21:00,CENTRAL EAST - VC,23330,2851.27,3205,-9999
01/20/2025 21:00,DYSINGER EAST,23326,2198.18,3200,-9999
01/20/2025 21:00,MOSES SOUTH,23319,393.92,2650,-1600
01/20/2025 21:00,SCH - HQ - NY,23324,54,1300,-980
01/20/2025 21:00,SCH - HQ_CEDARS,325274,-100,200,-100
01/20/2025 21:00,SCH - HQ_IMPORT_EXPORT,325376,54,1310,-9999
01/20/2025 21:00,SCH - NE - NY,23318,-500.04,1400,-1800
01/20/2025 21:00,SCH - NPX_1385,325277,-63,200,-200
01/20/2025 21:00,SCH - NPX_CSC,325154,0,330,-330
01/20/2025 21:00,SCH - OH - NY,23317,1590.95,2200,-1850
01/20/2025 21:00,SCH - PJ - NY,23316,1411.93,1700,-2400
01/20/2025 21:00,SCH - PJM_HTP,325905,200,660,-660
01/20/2025 21:00,SCH - PJM_NEPTUNE,325305,630,660,-660
01/20/2025 21:00,SCH - PJM_VFT,325658,315,315,-315
01/20/2025 21:00,SPR/DUN-SOUTH,23320,2617.2,4600,-9999
01/20/2025 21:00,TOTAL EAST,23314,5019.56,7550,-9999
01/20/2025 21:00,UPNY CONED,23315,4200.9,6720,-9999
01/20/2025 21:00,WEST CENTRAL,23312,1389.31,9999,-9999
01/20/2025 21:05,CENTRAL EAST - VC,23330,2845.01,3205,-9999
01/20/2025 21:05,DYSINGER EAST,23326,2245.64,3200,-9999
01/20/2025 21:05,MOSES SOUTH,23319,308.43,2650,-1600
01/20/2025 21:05,SCH - HQ - NY,23324,-41,1300,-980
01/20/2025 21:05,SCH - HQ_CEDARS,325274,-100,200,-100
01/20/2025 21:05,SCH - HQ_IMPORT_EXPORT,325376,-41,1310,-9999
01/20/2025 21:05,SCH - NE - NY,23318,-589.09,1400,-1800
01/20/2025 21:05,SCH - NPX_1385,325277,-55,200,-200
01/20/2025 21:05,SCH - NPX_CSC,325154,0,330,-330
01/20/2025 21:05,SCH - OH - NY,23317,1698.93,2200,-1850
01/20/2025 21:05,SCH - PJ - NY,23316,1407.99,1700,-2400
01/20/2025 21:05,SCH - PJM_HTP,325905,200,660,-660
01/20/2025 21:05,SCH - PJM_NEPTUNE,325305,600,660,-660
01/20/2025 21:05,SCH - PJM_VFT,325658,315,315,-315
01/20/2025 21:05,SPR/DUN-SOUTH,23320,2449.6,4600,-9999
01/20/2025 21:05,TOTAL EAST,23314,4987.45,7550,-9999
01/20/2025 21:05,UPNY CONED,23315,4035.91,7055,-9999
01/20/2025 21:05,WEST CENTRAL,23312,1445.52,9999,-9999
01/20/2025 21:10,CENTRAL EAST - VC,23330,2769.54,3205,-9999
01/20/2025 21:10,DYSINGER EAST,23326,2217.22,3200,-9999
01/20/2025 21:10,MOSES SOUTH,23319,344.61,2650,-1600
01/20/2025 21:10,SCH - HQ - NY,23324,-41,1300,-980
01/20/2025 21:10,SCH - HQ_CEDARS,325274,-100,200,-100
01/20/2025 21:10,SCH - HQ_IMPORT_EXPORT,325376,-41,1310,-9999
01/20/2025 21:10,SCH - NE - NY,23318,-589.21,1400,-1800
01/20/2025 21:10,SCH - NPX_1385,325277,-55,200,-200
01/20/2025 21:10,SCH - NPX_CSC,325154,0,330,-330
01/20/2025 21:10,SCH - OH - NY,23317,1698.83,2200,-1850
01/20/2025 21:10,SCH - PJ - NY,23316,1428.98,1700,-2400
01/20/2025 21:10,SCH - PJM_HTP,325905,200,660,-660
01/20/2025 21:10,SCH - PJM_NEPTUNE,325305,600,660,-660
01/20/2025 21:10,SCH - PJM_VFT,325658,315,315,-315
01/20/2025 21:10,SPR/DUN-SOUTH,23320,2360.03,4600,-9999
01/20/2025 21:10,TOTAL EAST,23314,5003.28,7550,-9999
01/20/2025 21:10,UPNY CONED,23315,3956.21,6720,-9999
01/20/2025 21:10,WEST CENTRAL,23312,1427.42,9999,-9999
01/20/2025 21:15,CENTRAL EAST - VC,23330,2821.6,3205,-9999
01/20/2025 21:15,DYSINGER EAST,23326,2212.7,3200,-9999
01/20/2025 21:15,MOSES SOUTH,23319,343.14,2650,-1600
01/20/2025 21:15,SCH - HQ - NY,23324,-41,1300,-980
01/20/2025 21:15,SCH - HQ_CEDARS,325274,-100,200,-100
01/20/2025 21:15,SCH - HQ_IMPORT_EXPORT,325376,-41,1310,-9999
01/20/2025 21:15,SCH - NE - NY,23318,-601.07,1400,-1800
01/20/2025 21:15,SCH - NPX_1385,325277,-55,200,-200
01/20/2025 21:15,SCH - NPX_CSC,325154,0,330,-330
01/20/2025 21:15,SCH - OH - NY,23317,1699.09,2200,-1850
01/20/2025 21:15,SCH - PJ - NY,23316,1409.2,1700,-2400
01/20/2025 21:15,SCH - PJM_HTP,325905,200,660,-660
01/20/2025 21:15,SCH - PJM_NEPTUNE,325305,630,660,-660
01/20/2025 21:15,SCH - PJM_VFT,325658,315,315,-315
01/20/2025 21:15,SPR/DUN-SOUTH,23320,2483.91,4600,-9999
01/20/2025 21:15,TOTAL EAST,23314,5134.55,7550,-9999
01/20/2025 21:15,UPNY CONED,23315,4064.18,6720,-9999
01/20/2025 21:15,WEST CENTRAL,23312,1429.36,9999,-9999
01/20/2025 21:20,CENTRAL EAST - VC,23330,2808.93,3205,-9999
01/20/2025 21:20,DYSINGER EAST,23326,2111.88,3200,-9999
01/20/2025 21:20,MOSES SOUTH,23319,348.61,2650,-1600
01/20/2025 21:20,SCH - HQ - NY,23324,-41,1300,-980
01/20/2025 21:20,SCH - HQ_CEDARS,325274,-100,200,-100
01/20/2025 21:20,SCH - HQ_IMPORT_EXPORT,325376,-41,1310,-9999
01/20/2025 21:20,SCH - NE - NY,23318,-614.04,1400,-1800
01/20/2025 21:20,SCH - NPX_1385,325277,-55,200,-200
01/20/2025 21:20,SCH - NPX_CSC,325154,0,330,-330
01/20/2025 21:20,SCH - OH - NY,23317,1699.28,2200,-1850
01/20/2025 21:20,SCH - PJ - NY,23316,1409.14,1700,-2400
01/20/2025 21:20,SCH - PJM_HTP,325905,200,660,-660
01/20/2025 21:20,SCH - PJM_NEPTUNE,325305,660,660,-660
01/20/2025 21:20,SCH - PJM_VFT,325658,315,315,-315
01/20/2025 21:20,SPR/DUN-SOUTH,23320,2571.32,4600,-9999
01/20/2025 21:20,TOTAL EAST,23314,5180.87,7550,-9999
01/20/2025 21:20,UPNY CONED,23315,4122.41,7055,-9999
01/20/2025 21:20,WEST CENTRAL,23312,1344.24,9999,-9999
01/20/2025 21:25,CENTRAL EAST - VC,23330,2781.81,3205,-9999
01/20/2025 21:25,DYSINGER EAST,23326,2106.08,3200,-9999
01/20/2025 21:25,MOSES SOUTH,23319,344.68,2650,-1600
01/20/2025 21:25,SCH - HQ - NY,23324,-41,1300,-980
01/20/2025 21:25,SCH - HQ_CEDARS,325274,-100,200,-100
01/20/2025 21:25,SCH - HQ_IMPORT_EXPORT,325376,-41,1310,-9999
01/20/2025 21:25,SCH - NE - NY,23318,-614.05,1400,-1800
01/20/2025 21:25,SCH - NPX_1385,325277,-55,200,-200
01/20/2025 21:25,SCH - NPX_CSC,325154,0,330,-330
01/20/2025 21:25,SCH - OH - NY,23317,1699.31,2200,-1850
01/20/2025 21:25,SCH - PJ - NY,23316,1407.09,1700,-2400
01/20/2025 21:25,SCH - PJM_HTP,325905,200,660,-660
01/20/2025 21:25,SCH - PJM_NEPTUNE,325305,660,660,-660
01/20/2025 21:25,SCH - PJM_VFT,325658,315,315,-315
01/20/2025 21:25,SPR/DUN-SOUTH,23320,2559.7,4600,-9999
01/20/2025 21:25,TOTAL EAST,23314,5186.85,7550,-9999
01/20/2025 21:25,UPNY CONED,23315,4093.94,6720,-9999
01/20/2025 21:25,WEST CENTRAL,23312,1342.9,9999,-9999
01/20/2025 21:30,CENTRAL EAST - VC,23330,2792.39,3205,-9999
01/20/2025 21:30,DYSINGER EAST,23326,2034.74,3200,-9999
01/20/2025 21:30,MOSES SOUTH,23319,335.2,2650,-1600
01/20/2025 21:30,SCH - HQ - NY,23324,-41,1300,-980
01/20/2025 21:30,SCH - HQ_CEDARS,325274,-100,200,-100
01/20/2025 21:30,SCH - HQ_IMPORT_EXPORT,325376,-41,1310,-9999
01/20/2025 21:30,SCH - NE - NY,23318,-530.27,1400,-1800
01/20/2025 21:30,SCH - NPX_1385,325277,-55,200,-200
01/20/2025 21:30,SCH - NPX_CSC,325154,0,330,-330
01/20/2025 21:30,SCH - OH - NY,23317,1699.44,2200,-1850
01/20/2025 21:30,SCH - PJ - NY,23316,1401.83,1700,-2400
01/20/2025 21:30,SCH - PJM_HTP,325905,200,660,-660
01/20/2025 21:30,SCH - PJM_NEPTUNE,325305,660,660,-660
01/20/2025 21:30,SCH - PJM_VFT,325658,315,315,-315
01/20/2025 21:30,SPR/DUN-SOUTH,23320,2668.35,4600,-9999
01/20/2025 21:30,TOTAL EAST,23314,5201.69,7550,-9999
01/20/2025 21:30,UPNY CONED,23315,4206.3,6720,-9999
01/20/2025 21:30,WEST CENTRAL,23312,1274.11,9999,-9999
01/20/2025 21:35,CENTRAL EAST - VC,23330,2757.92,3205,-9999
01/20/2025 21:35,DYSINGER EAST,23326,2038.43,3200,-9999
01/20/2025 21:35,MOSES SOUTH,23319,328.58,2650,-1600
01/20/2025 21:35,SCH - HQ - NY,23324,-41,1300,-980
01/20/2025 21:35,SCH - HQ_CEDARS,325274,-100,200,-100
01/20/2025 21:35,SCH - HQ_IMPORT_EXPORT,325376,-41,1310,-9999
01/20/2025 21:35,SCH - NE - NY,23318,-453.07,1400,-1800
01/20/2025 21:35,SCH - NPX_1385,325277,-55,200,-200
01/20/2025 21:35,SCH - NPX_CSC,325154,0,330,-330
01/20/2025 21:35,SCH - OH - NY,23317,1699.26,2200,-1850
01/20/2025 21:35,SCH - PJ - NY,23316,1403.88,1700,-2400
01/20/2025 21:35,SCH - PJM_HTP,325905,200,660,-660
01/20/2025 21:35,SCH - PJM_NEPTUNE,325305,660,660,-660
01/20/2025 21:35,SCH - PJM_VFT,325658,315,315,-315
01/20/2025 21:35,SPR/DUN-SOUTH,23320,2627.44,4600,-9999
01/20/2025 21:35,TOTAL EAST,23314,5126.92,7550,-9999
01/20/2025 21:35,UPNY CONED,23315,4177.55,6720,-9999
01/20/2025 21:35,WEST CENTRAL,23312,1277.57,9999,-9999
01/20/2025 21:40,CENTRAL EAST - VC,23330,2746.52,3205,-9999
01/20/2025 21:40,DYSINGER EAST,23326,2023.39,3200,-9999
01/20/2025 21:40,MOSES SOUTH,23319,325.31,2650,-1600
01/20/2025 21:40,SCH - HQ - NY,23324,-41,1300,-980
01/20/2025 21:40,SCH - HQ_CEDARS,325274,-100,200,-100
01/20/2025 21:40,SCH - HQ_IMPORT_EXPORT,325376,-41,1310,-9999
01/20/2025 21:40,SCH - NE - NY,23318,-453.27,1400,-1800
01/20/2025 21:40,SCH - NPX_1385,325277,-55,200,-200
01/20/2025 21:40,SCH - NPX_CSC,325154,0,330,-330
01/20/2025 21:40,SCH - OH - NY,23317,1699.25,2200,-1850
01/20/2025 21:40,SCH - PJ - NY,23316,1408.08,1700,-2400
01/20/2025 21:40,SCH - PJM_HTP,325905,200,660,-660
01/20/2025 21:40,SCH - PJM_NEPTUNE,325305,660,660,-660
01/20/2025 21:40,SCH - PJM_VFT,325658,315,315,-315
01/20/2025 21:40,SPR/DUN-SOUTH,23320,2617.61,4600,-9999
01/20/2025 21:40,TOTAL EAST,23314,5093.02,7550,-9999
01/20/2025 21:40,UPNY CONED,23315,4157.86,6720,-9999
01/20/2025 21:40,WEST CENTRAL,23312,1263.39,9999,-9999
01/20/2025 21:45,CENTRAL EAST - VC,23330,2798.14,3205,-9999
01/20/2025 21:45,DYSINGER EAST,23326,2133.74,3200,-9999
01/20/2025 21:45,MOSES SOUTH,23319,335.13,2650,-1600
01/20/2025 21:45,SCH - HQ - NY,23324,-41,1300,-980
01/20/2025 21:45,SCH - HQ_CEDARS,325274,-100,200,-100
01/20/2025 21:45,SCH - HQ_IMPORT_EXPORT,325376,-41,1310,-9999
01/20/2025 21:45,SCH - NE - NY,23318,-419.26,1400,-1800
01/20/2025 21:45,SCH - NPX_1385,325277,-55,200,-200
01/20/2025 21:45,SCH - NPX_CSC,325154,0,330,-330
01/20/2025 21:45,SCH - OH - NY,23317,1699.14,2200,-1850
01/20/2025 21:45,SCH - PJ - NY,23316,1408.14,1700,-2400
01/20/2025 21:45,SCH - PJM_HTP,325905,200,660,-660
01/20/2025 21:45,SCH - PJM_NEPTUNE,325305,630,660,-660
01/20/2025 21:45,SCH - PJM_VFT,325658,315,315,-315
01/20/2025 21:45,SPR/DUN-SOUTH,23320,2693.38,4600,-9999
01/20/2025 21:45,TOTAL EAST,23314,5173.12,7550,-9999
01/20/2025 21:45,UPNY CONED,23315,4234.2,6720,-9999
01/20/2025 21:45,WEST CENTRAL,23312,1370.76,9999,-9999
01/20/2025 21:50,CENTRAL EAST - VC,23330,2794.29,3205,-9999
01/20/2025 21:50,DYSINGER EAST,23326,2147.8,3200,-9999
01/20/2025 21:50,MOSES SOUTH,23319,329.61,2650,-1600
01/20/2025 21:50,SCH - HQ - NY,23324,-41,1300,-980
01/20/2025 21:50,SCH - HQ_CEDARS,325274,-100,200,-100
01/20/2025 21:50,SCH - HQ_IMPORT_EXPORT,325376,-41,1310,-9999
01/20/2025 21:50,SCH - NE - NY,23318,-386.51,1400,-1800
01/20/2025 21:50,SCH - NPX_1385,325277,-55,200,-200
01/20/2025 21:50,SCH - NPX_CSC,325154,0,330,-330
01/20/2025 21:50,SCH - OH - NY,23317,1699.28,2200,-1850
01/20/2025 21:50,SCH - PJ - NY,23316,1404.3,1700,-2400
01/20/2025 21:50,SCH - PJM_HTP,325905,200,660,-660
01/20/2025 21:50,SCH - PJM_NEPTUNE,325305,601,660,-660
01/20/2025 21:50,SCH - PJM_VFT,325658,315,315,-315
01/20/2025 21:50,SPR/DUN-SOUTH,23320,2745.97,4600,-9999
01/20/2025 21:50,TOTAL EAST,23314,5238.84,7550,-9999
01/20/2025 21:50,UPNY CONED,23315,4287.5,6720,-9999
01/20/2025 21:50,WEST CENTRAL,23312,1391.55,9999,-9999
01/20/2025 21:55,CENTRAL EAST - VC,23330,2805.89,3205,-9999
01/20/2025 21:55,DYSINGER EAST,23326,2171.97,3200,-9999
01/20/2025 21:55,MOSES SOUTH,23319,342.05,2650,-1600
01/20/2025 21:55,SCH - HQ - NY,23324,-41,1300,-980
01/20/2025 21:55,SCH - HQ_CEDARS,325274,-100,200,-100
01/20/2025 21:55,SCH - HQ_IMPORT_EXPORT,325376,-41,1310,-9999
01/20/2025 21:55,SCH - NE - NY,23318,-386.57,1400,-1800
01/20/2025 21:55,SCH - NPX_1385,325277,-55,200,-200
01/20/2025 21:55,SCH - NPX_CSC,325154,0,330,-330
01/20/2025 21:55,SCH - OH - NY,23317,1699.27,2200,-1850
01/20/2025 21:55,SCH - PJ - NY,23316,1406.33,1700,-2400
01/20/2025 21:55,SCH - PJM_HTP,325905,200,660,-660
01/20/2025 21:55,SCH - PJM_NEPTUNE,325305,601,660,-660
01/20/2025 21:55,SCH - PJM_VFT,325658,315,315,-315
01/20/2025 21:55,SPR/DUN-SOUTH,23320,2715.87,4600,-9999
01/20/2025 21:55,TOTAL EAST,23314,5262.72,7550,-9999
01/20/2025 21:55,UPNY CONED,23315,4263.55,6720,-9999
01/20/2025 21:55,WEST CENTRAL,23312,1425.1,9999,-9999
01/20/2025 22:00,CENTRAL EAST - VC,23330,2843.27,3205,-9999
01/20/2025 22:00,DYSINGER EAST,23326,2100.89,3200,-9999
01/20/2025 22:00,MOSES SOUTH,23319,372.88,2650,-1600
01/20/2025 22:00,SCH - HQ - NY,23324,-31,1300,-980
01/20/2025 22:00,SCH - HQ_CEDARS,325274,-100,200,-100
01/20/2025 22:00,SCH - HQ_IMPORT_EXPORT,325376,-31,1310,-9999
01/20/2025 22:00,SCH - NE - NY,23318,-442.83,1400,-1800
01/20/2025 22:00,SCH - NPX_1385,325277,-15,200,-200
01/20/2025 22:00,SCH - NPX_CSC,325154,0,330,-330
01/20/2025 22:00,SCH - OH - NY,23317,1649.19,2200,-1850
01/20/2025 22:00,SCH - PJ - NY,23316,1403.5,1700,-2400
01/20/2025 22:00,SCH - PJM_HTP,325905,200,660,-660
01/20/2025 22:00,SCH - PJM_NEPTUNE,325305,617,660,-660
01/20/2025 22:00,SCH - PJM_VFT,325658,315,315,-315
01/20/2025 22:00,SPR/DUN-SOUTH,23320,2500.45,4600,-9999
01/20/2025 22:00,TOTAL EAST,23314,5233.29,7550,-9999
01/20/2025 22:00,UPNY CONED,23315,3979.21,7055,-9999
01/20/2025 22:00,WEST CENTRAL,23312,1382.8,9999,-9999
01/20/2025 22:05,CENTRAL EAST - VC,23330,2846.28,3205,-9999
01/20/2025 22:05,DYSINGER EAST,23326,2020.93,3200,-9999
01/20/2025 22:05,MOSES SOUTH,23319,369.33,2650,-1600
01/20/2025 22:05,SCH - HQ - NY,23324,-21,1300,-980
01/20/2025 22:05,SCH - HQ_CEDARS,325274,-100,200,-100
01/20/2025 22:05,SCH - HQ_IMPORT_EXPORT,325376,-21,1310,-9999
01/20/2025 22:05,SCH - NE - NY,23318,-504.23,1400,-1800
01/20/2025 22:05,SCH - NPX_1385,325277,25,200,-200
01/20/2025 22:05,SCH - NPX_CSC,325154,0,330,-330
01/20/2025 22:05,SCH - OH - NY,23317,1600.36,2200,-1850
01/20/2025 22:05,SCH - PJ - NY,23316,1406.23,1700,-2400
01/20/2025 22:05,SCH - PJM_HTP,325905,200,660,-660
01/20/2025 22:05,SCH - PJM_NEPTUNE,325305,634,660,-660
01/20/2025 22:05,SCH - PJM_VFT,325658,315,315,-315
01/20/2025 22:05,SPR/DUN-SOUTH,23320,2527.56,4600,-9999
01/20/2025 22:05,TOTAL EAST,23314,5269.25,7550,-9999
01/20/2025 22:05,UPNY CONED,23315,3961.55,6720,-9999
01/20/2025 22:05,WEST CENTRAL,23312,1315.33,9999,-9999
01/20/2025 22:10,CENTRAL EAST - VC,23330,2870.26,3205,-9999
01/20/2025 22:10,DYSINGER EAST,23326,2068.11,3200,-9999
01/20/2025 22:10,MOSES SOUTH,23319,384.89,2650,-1600
01/20/2025 22:10,SCH - HQ - NY,23324,-21,1300,-980
01/20/2025 22:10,SCH - HQ_CEDARS,325274,-100,200,-100
01/20/2025 22:10,SCH - HQ_IMPORT_EXPORT,325376,-21,1310,-9999
01/20/2025 22:10,SCH - NE - NY,23318,-500.51,1400,-1800
01/20/2025 22:10,SCH - NPX_1385,325277,25,200,-200
01/20/2025 22:10,SCH - NPX_CSC,325154,0,330,-330
01/20/2025 22:10,SCH - OH - NY,23317,1600.15,2200,-1850
01/20/2025 22:10,SCH - PJ - NY,23316,1404.64,1700,-2400
01/20/2025 22:10,SCH - PJM_HTP,325905,200,660,-660
01/20/2025 22:10,SCH - PJM_NEPTUNE,325305,634,660,-660
01/20/2025 22:10,SCH - PJM_VFT,325658,315,315,-315
01/20/2025 22:10,SPR/DUN-SOUTH,23320,2591.09,4600,-9999
01/20/2025 22:10,TOTAL EAST,23314,5260.4,7550,-9999
01/20/2025 22:10,UPNY CONED,23315,3997.11,6720,-9999
01/20/2025 22:10,WEST CENTRAL,23312,1360.32,9999,-9999
01/20/2025 22:15,CENTRAL EAST - VC,23330,2859.32,3205,-9999
01/20/2025 22:15,DYSINGER EAST,23326,1991.08,3200,-9999
01/20/2025 22:15,MOSES SOUTH,23319,390.15,2650,-1600
01/20/2025 22:15,SCH - HQ - NY,23324,-21,1300,-980
01/20/2025 22:15,SCH - HQ_CEDARS,325274,-100,200,-100
01/20/2025 22:15,SCH - HQ_IMPORT_EXPORT,325376,-21,1310,-9999
01/20/2025 22:15,SCH - NE - NY,23318,-452.13,1400,-1800
01/20/2025 22:15,SCH - NPX_1385,325277,25,200,-200
01/20/2025 22:15,SCH - NPX_CSC,325154,0,330,-330
01/20/2025 22:15,SCH - OH - NY,23317,1600.11,2200,-1850
01/20/2025 22:15,SCH - PJ - NY,23316,1407.38,1700,-2400
01/20/2025 22:15,SCH - PJM_HTP,325905,200,660,-660
01/20/2025 22:15,SCH - PJM_NEPTUNE,325305,617,660,-660
01/20/2025 22:15,SCH - PJM_VFT,325658,315,315,-315
01/20/2025 22:15,SPR/DUN-SOUTH,23320,2572.29,4600,-9999
01/20/2025 22:15,TOTAL EAST,23314,5238.17,7550,-9999
01/20/2025 22:15,UPNY CONED,23315,4064.8,6720,-9999
01/20/2025 22:15,WEST CENTRAL,23312,1288.23,9999,-9999
01/20/2025 22:20,CENTRAL EAST - VC,23330,2859.11,3205,-9999
01/20/2025 22:20,DYSINGER EAST,23326,2171.15,3200,-9999
01/20/2025 22:20,MOSES SOUTH,23319,417.27,2650,-1600
01/20/2025 22:20,SCH - HQ - NY,23324,-21,1300,-980
01/20/2025 22:20,SCH - HQ_CEDARS,325274,-100,200,-100
01/20/2025 22:20,SCH - HQ_IMPORT_EXPORT,325376,-21,1310,-9999
01/20/2025 22:20,SCH - NE - NY,23318,-403.87,1400,-1800
01/20/2025 22:20,SCH - NPX_1385,325277,25,200,-200
01/20/2025 22:20,SCH - NPX_CSC,325154,0,330,-330
01/20/2025 22:20,SCH - OH - NY,23317,1599.85,2200,-1850
01/20/2025 22:20,SCH - PJ - NY,23316,1403.48,1700,-2400
01/20/2025 22:20,SCH - PJM_HTP,325905,200,660,-660
01/20/2025 22:20,SCH - PJM_NEPTUNE,325305,600,660,-660
01/20/2025 22:20,SCH - PJM_VFT,325658,315,315,-315
01/20/2025 22:20,SPR/DUN-SOUTH,23320,2583.91,4600,-9999
01/20/2025 22:20,TOTAL EAST,23314,5266.85,7550,-9999
01/20/2025 22:20,UPNY CONED,23315,4078.14,6720,-9999
01/20/2025 22:20,WEST CENTRAL,23312,1464.15,9999,-9999
01/20/2025 22:25,CENTRAL EAST - VC,23330,2915.39,3205,-9999
01/20/2025 22:25,DYSINGER EAST,23326,2206.17,3200,-9999
01/20/2025 22:25,MOSES SOUTH,23319,444.36,2650,-1600
01/20/2025 22:25,SCH - HQ - NY,23324,-21,1300,-980
01/20/2025 22:25,SCH - HQ_CEDARS,325274,-100,200,-100
01/20/2025 22:25,SCH - HQ_IMPORT_EXPORT,325376,-21,1310,-9999
01/20/2025 22:25,SCH - NE - NY,23318,-403.79,1400,-1800
01/20/2025 22:25,SCH - NPX_1385,325277,25,200,-200
01/20/2025 22:25,SCH - NPX_CSC,325154,0,330,-330
01/20/2025 22:25,SCH - OH - NY,23317,1599.75,2200,-1850
01/20/2025 22:25,SCH - PJ - NY,23316,1407.26,1700,-2400
01/20/2025 22:25,SCH - PJM_HTP,325905,200,660,-660
01/20/2025 22:25,SCH - PJM_NEPTUNE,325305,600,660,-660
01/20/2025 22:25,SCH - PJM_VFT,325658,315,315,-315
01/20/2025 22:25,SPR/DUN-SOUTH,23320,2563.58,4600,-9999
01/20/2025 22:25,TOTAL EAST,23314,5260,7550,-9999
01/20/2025 22:25,UPNY CONED,23315,4079.34,6720,-9999
01/20/2025 22:25,WEST CENTRAL,23312,1494.68,9999,-9999
01/20/2025 22:30,CENTRAL EAST - VC,23330,2916.84,3205,-9999
01/20/2025 22:30,DYSINGER EAST,23326,2175.54,3200,-9999
01/20/2025 22:30,MOSES SOUTH,23319,443.48,2650,-1600
01/20/2025 22:30,SCH - HQ - NY,23324,-21,1300,-980
01/20/2025 22:30,SCH - HQ_CEDARS,325274,-100,200,-100
01/20/2025 22:30,SCH - HQ_IMPORT_EXPORT,325376,-21,1310,-9999
01/20/2025 22:30,SCH - NE - NY,23318,-335.98,1400,-1800
01/20/2025 22:30,SCH - NPX_1385,325277,25,200,-200
01/20/2025 22:30,SCH - NPX_CSC,325154,0,330,-330
01/20/2025 22:30,SCH - OH - NY,23317,1599.83,2200,-1850
01/20/2025 22:30,SCH - PJ - NY,23316,1410.44,1700,-2400
01/20/2025 22:30,SCH - PJM_HTP,325905,200,660,-660
01/20/2025 22:30,SCH - PJM_NEPTUNE,325305,600,660,-660
01/20/2025 22:30,SCH - PJM_VFT,325658,315,315,-315
01/20/2025 22:30,SPR/DUN-SOUTH,23320,2560.92,4600,-9999
01/20/2025 22:30,TOTAL EAST,23314,5257.11,7550,-9999
01/20/2025 22:30,UPNY CONED,23315,4120.12,6720,-9999
01/20/2025 22:30,WEST CENTRAL,23312,1472.44,9999,-9999
01/20/2025 22:35,CENTRAL EAST - VC,23330,2869.82,3205,-9999
01/20/2025 22:35,DYSINGER EAST,23326,1999.15,3200,-9999
01/20/2025 22:35,MOSES SOUTH,23319,481.71,2650,-1600
01/20/2025 22:35,SCH - HQ - NY,23324,-21,1300,-980
01/20/2025 22:35,SCH - HQ_CEDARS,325274,-100,200,-100
01/20/2025 22:35,SCH - HQ_IMPORT_EXPORT,325376,-21,1310,-9999
01/20/2025 22:35,SCH - NE - NY,23318,-268.59,1400,-1800
01/20/2025 22:35,SCH - NPX_1385,325277,25,200,-200
01/20/2025 22:35,SCH - NPX_CSC,325154,0,330,-330
01/20/2025 22:35,SCH - OH - NY,23317,1599.73,2200,-1850
01/20/2025 22:35,SCH - PJ - NY,23316,1416.27,1700,-2400
01/20/2025 22:35,SCH - PJM_HTP,325905,200,660,-660
01/20/2025 22:35,SCH - PJM_NEPTUNE,325305,600,660,-660
01/20/2025 22:35,SCH - PJM_VFT,325658,315,315,-315
01/20/2025 22:35,SPR/DUN-SOUTH,23320,2507.6,4600,-9999
01/20/2025 22:35,TOTAL EAST,23314,5175.1,7550,-9999
01/20/2025 22:35,UPNY CONED,23315,4071.79,6720,-9999
01/20/2025 22:35,WEST CENTRAL,23312,1312.58,9999,-9999
01/20/2025 22:40,CENTRAL EAST - VC,23330,2828.45,3205,-9999
01/20/2025 22:40,DYSINGER EAST,23326,2072.12,3200,-9999
01/20/2025 22:40,MOSES SOUTH,23319,475.62,2650,-1600
01/20/2025 22:40,SCH - HQ - NY,23324,-21,1300,-980
01/20/2025 22:40,SCH - HQ_CEDARS,325274,-100,200,-100
01/20/2025 22:40,SCH - HQ_IMPORT_EXPORT,325376,-21,1310,-9999
01/20/2025 22:40,SCH - NE - NY,23318,-268.59,1400,-1800
01/20/2025 22:40,SCH - NPX_1385,325277,25,200,-200
01/20/2025 22:40,SCH - NPX_CSC,325154,0,330,-330
01/20/2025 22:40,SCH - OH - NY,23317,1599.75,2200,-1850
01/20/2025 22:40,SCH - PJ - NY,23316,1402.97,1700,-2400
01/20/2025 22:40,SCH - PJM_HTP,325905,200,660,-660
01/20/2025 22:40,SCH - PJM_NEPTUNE,325305,600,660,-660
01/20/2025 22:40,SCH - PJM_VFT,325658,315,315,-315
01/20/2025 22:40,SPR/DUN-SOUTH,23320,2507.64,4600,-9999
01/20/2025 22:40,TOTAL EAST,23314,5146.92,7550,-9999
01/20/2025 22:40,UPNY CONED,23315,4025.64,6720,-9999
01/20/2025 22:40,WEST CENTRAL,23312,1387.05,9999,-9999
01/20/2025 22:45,CENTRAL EAST - VC,23330,2765.72,3205,-9999
01/20/2025 22:45,DYSINGER EAST,23326,1983.14,3200,-9999
01/20/2025 22:45,MOSES SOUTH,23319,493.21,2650,-1600
01/20/2025 22:45,SCH - HQ - NY,23324,-21,1300,-980
01/20/2025 22:45,SCH - HQ_CEDARS,325274,-100,200,-100
01/20/2025 22:45,SCH - HQ_IMPORT_EXPORT,325376,-21,1310,-9999
01/20/2025 22:45,SCH - NE - NY,23318,-243.46,1400,-1800
01/20/2025 22:45,SCH - NPX_1385,325277,25,200,-200
01/20/2025 22:45,SCH - NPX_CSC,325154,0,330,-330
01/20/2025 22:45,SCH - OH - NY,23317,1599.63,2200,-1850
01/20/2025 22:45,SCH - PJ - NY,23316,1400.47,1700,-2400
01/20/2025 22:45,SCH - PJM_HTP,325905,200,660,-660
01/20/2025 22:45,SCH - PJM_NEPTUNE,325305,600,660,-660
01/20/2025 22:45,SCH - PJM_VFT,325658,315,315,-315
01/20/2025 22:45,SPR/DUN-SOUTH,23320,2434,4600,-9999
01/20/2025 22:45,TOTAL EAST,23314,5026.23,7550,-9999
01/20/2025 22:45,UPNY CONED,23315,4000.25,6720,-9999
01/20/2025 22:45,WEST CENTRAL,23312,1302.29,9999,-9999
01/20/2025 22:50,CENTRAL EAST - VC,23330,2722.45,3205,-9999
01/20/2025 22:50,DYSINGER EAST,23326,1864.04,3200,-9999
01/20/2025 22:50,MOSES SOUTH,23319,490.62,2650,-1600
01/20/2025 22:50,SCH - HQ - NY,23324,-21,1300,-980
01/20/2025 22:50,SCH - HQ_CEDARS,325274,-100,200,-100
01/20/2025 22:50,SCH - HQ_IMPORT_EXPORT,325376,-21,1310,-9999
01/20/2025 22:50,SCH - NE - NY,23318,-218.56,1400,-1800
01/20/2025 22:50,SCH - NPX_1385,325277,25,200,-200
01/20/2025 22:50,SCH - NPX_CSC,325154,0,330,-330
01/20/2025 22:50,SCH - OH - NY,23317,1599.78,2200,-1850
01/20/2025 22:50,SCH - PJ - NY,23316,1402.92,1700,-2400
01/20/2025 22:50,SCH - PJM_HTP,325905,200,660,-660
01/20/2025 22:50,SCH - PJM_NEPTUNE,325305,600,660,-660
01/20/2025 22:50,SCH - PJM_VFT,325658,315,315,-315
01/20/2025 22:50,SPR/DUN-SOUTH,23320,2463.03,4600,-9999
01/20/2025 22:50,TOTAL EAST,23314,4993.31,7550,-9999
01/20/2025 22:50,UPNY CONED,23315,4057.55,6720,-9999
01/20/2025 22:50,WEST CENTRAL,23312,1191.94,9999,-9999
01/20/2025 22:55,CENTRAL EAST - VC,23330,2685.04,3205,-9999
01/20/2025 22:55,DYSINGER EAST,23326,1821.36,3200,-9999
01/20/2025 22:55,MOSES SOUTH,23319,458.07,2650,-1600
01/20/2025 22:55,SCH - HQ - NY,23324,-21,1300,-980
01/20/2025 22:55,SCH - HQ_CEDARS,325274,-100,200,-100
01/20/2025 22:55,SCH - HQ_IMPORT_EXPORT,325376,-21,1310,-9999
01/20/2025 22:55,SCH - NE - NY,23318,-218.6,1400,-1800
01/20/2025 22:55,SCH - NPX_1385,325277,25,200,-200
01/20/2025 22:55,SCH - NPX_CSC,325154,0,330,-330
01/20/2025 22:55,SCH - OH - NY,23317,1599.82,2200,-1850
01/20/2025 22:55,SCH - PJ - NY,23316,1398.23,1700,-2400
01/20/2025 22:55,SCH - PJM_HTP,325905,200,660,-660
01/20/2025 22:55,SCH - PJM_NEPTUNE,325305,600,660,-660
01/20/2025 22:55,SCH - PJM_VFT,325658,315,315,-315
01/20/2025 22:55,SPR/DUN-SOUTH,23320,2490.44,4600,-9999
01/20/2025 22:55,TOTAL EAST,23314,4891.35,7550,-9999
01/20/2025 22:55,UPNY CONED,23315,4007.11,6720,-9999
01/20/2025 22:55,WEST CENTRAL,23312,1149.55,9999,-9999
01/20/2025 23:00,CENTRAL EAST - VC,23330,2495.23,3205,-9999
01/20/2025 23:00,DYSINGER EAST,23326,1714.51,3200,-9999
01/20/2025 23:00,MOSES SOUTH,23319,229,2650,-1600
01/20/2025 23:00,SCH - HQ - NY,23324,-240,1300,-980
01/20/2025 23:00,SCH - HQ_CEDARS,325274,-100,200,-100
01/20/2025 23:00,SCH - HQ_IMPORT_EXPORT,325376,-240,1310,-9999
01/20/2025 23:00,SCH - NE - NY,23318,-331.82,1400,-1800
01/20/2025 23:00,SCH - NPX_1385,325277,40,200,-200
01/20/2025 23:00,SCH - NPX_CSC,325154,0,330,-330
01/20/2025 23:00,SCH - OH - NY,23317,1599.84,2200,-1850
01/20/2025 23:00,SCH - PJ - NY,23316,1406.69,1700,-2400
01/20/2025 23:00,SCH - PJM_HTP,325905,200,660,-660
01/20/2025 23:00,SCH - PJM_NEPTUNE,325305,630,660,-660
01/20/2025 23:00,SCH - PJM_VFT,325658,315,315,-315
01/20/2025 23:00,SPR/DUN-SOUTH,23320,2266.9,4600,-9999
01/20/2025 23:00,TOTAL EAST,23314,4497.64,7550,-9999
01/20/2025 23:00,UPNY CONED,23315,3667.16,7055,-9999
01/20/2025 23:00,WEST CENTRAL,23312,1050.24,9999,-9999
01/20/2025 23:05,CENTRAL EAST - VC,23330,2284.36,3205,-9999
01/20/2025 23:05,DYSINGER EAST,23326,1581.73,3200,-9999
01/20/2025 23:05,MOSES SOUTH,23319,-16.08,2650,-1600
01/20/2025 23:05,SCH - HQ - NY,23324,-458,1300,-980
01/20/2025 23:05,SCH - HQ_CEDARS,325274,-100,200,-100
01/20/2025 23:05,SCH - HQ_IMPORT_EXPORT,325376,-458,1310,-9999
01/20/2025 23:05,SCH - NE - NY,23318,-445.85,1400,-1800
01/20/2025 23:05,SCH - NPX_1385,325277,55,200,-200
01/20/2025 23:05,SCH - NPX_CSC,325154,0,330,-330
01/20/2025 23:05,SCH - OH - NY,23317,1600,2200,-1850
01/20/2025 23:05,SCH - PJ - NY,23316,1406.55,1700,-2400
01/20/2025 23:05,SCH - PJM_HTP,325905,200,660,-660
01/20/2025 23:05,SCH - PJM_NEPTUNE,325305,660,660,-660
01/20/2025 23:05,SCH - PJM_VFT,325658,315,315,-315
01/20/2025 23:05,SPR/DUN-SOUTH,23320,2030.28,4600,-9999
01/20/2025 23:05,TOTAL EAST,23314,4203.19,7550,-9999
01/20/2025 23:05,UPNY CONED,23315,3311.36,7055,-9999
01/20/2025 23:05,WEST CENTRAL,23312,929.26,9999,-9999
01/20/2025 23:10,CENTRAL EAST - VC,23330,2290.63,3165,-9999
01/20/2025 23:10,DYSINGER EAST,23326,1592.96,3200,-9999
01/20/2025 23:10,MOSES SOUTH,23319,79.38,2650,-1600
01/20/2025 23:10,SCH - HQ - NY,23324,-458,1300,-980
01/20/2025 23:10,SCH - HQ_CEDARS,325274,-100,200,-100
01/20/2025 23:10,SCH - HQ_IMPORT_EXPORT,325376,-458,1310,-9999
01/20/2025 23:10,SCH - NE - NY,23318,-446.28,1400,-1800
01/20/2025 23:10,SCH - NPX_1385,325277,55,200,-200
01/20/2025 23:10,SCH - NPX_CSC,325154,0,330,-330
01/20/2025 23:10,SCH - OH - NY,23317,1599.8,2200,-1850
01/20/2025 23:10,SCH - PJ - NY,23316,1408.02,1700,-2400
01/20/2025 23:10,SCH - PJM_HTP,325905,200,660,-660
01/20/2025 23:10,SCH - PJM_NEPTUNE,325305,660,660,-660
01/20/2025 23:10,SCH - PJM_VFT,325658,315,315,-315
01/20/2025 23:10,SPR/DUN-SOUTH,23320,1990.27,4600,-9999
01/20/2025 23:10,TOTAL EAST,23314,4179.48,7550,-9999
01/20/2025 23:10,UPNY CONED,23315,3236.34,7055,-9999
01/20/2025 23:10,WEST CENTRAL,23312,949.05,9999,-9999
01/20/2025 23:15,CENTRAL EAST - VC,23330,2252.16,3165,-9999
01/20/2025 23:15,DYSINGER EAST,23326,1540.02,3200,-9999
01/20/2025 23:15,MOSES SOUTH,23319,23.16,2650,-1600
01/20/2025 23:15,SCH - HQ - NY,23324,-458,1300,-980
01/20/2025 23:15,SCH - HQ_CEDARS,325274,-100,200,-100
01/20/2025 23:15,SCH - HQ_IMPORT_EXPORT,325376,-458,1310,-9999
01/20/2025 23:15,SCH - NE - NY,23318,-436.53,1400,-1800
01/20/2025 23:15,SCH - NPX_1385,325277,55,200,-200
01/20/2025 23:15,SCH - NPX_CSC,325154,0,330,-330
01/20/2025 23:15,SCH - OH - NY,23317,1599.9,2200,-1850
01/20/2025 23:15,SCH - PJ - NY,23316,1403.58,1700,-2400
01/20/2025 23:15,SCH - PJM_HTP,325905,200,660,-660
01/20/2025 23:15,SCH - PJM_NEPTUNE,325305,660,660,-660
01/20/2025 23:15,SCH - PJM_VFT,325658,315,315,-315
01/20/2025 23:15,SPR/DUN-SOUTH,23320,1993.29,4600,-9999
01/20/2025 23:15,TOTAL EAST,23314,4097.98,7550,-9999
01/20/2025 23:15,UPNY CONED,23315,3167.75,7055,-9999
01/20/2025 23:15,WEST CENTRAL,23312,902.97,9999,-9999
01/20/2025 23:20,CENTRAL EAST - VC,23330,2237.52,3100,-9999
01/20/2025 23:20,DYSINGER EAST,23326,1496.4,3200,-9999
01/20/2025 23:20,MOSES SOUTH,23319,41.75,2650,-1600
01/20/2025 23:20,SCH - HQ - NY,23324,-458,1300,-980
01/20/2025 23:20,SCH - HQ_CEDARS,325274,-100,200,-100
01/20/2025 23:20,SCH - HQ_IMPORT_EXPORT,325376,-458,1310,-9999
01/20/2025 23:20,SCH - NE - NY,23318,-427.16,1400,-1800
01/20/2025 23:20,SCH - NPX_1385,325277,55,200,-200
01/20/2025 23:20,SCH - NPX_CSC,325154,0,330,-330
01/20/2025 23:20,SCH - OH - NY,23317,1599.74,2200,-1850
01/20/2025 23:20,SCH - PJ - NY,23316,1407.15,1700,-2400
01/20/2025 23:20,SCH - PJM_HTP,325905,200,660,-660
01/20/2025 23:20,SCH - PJM_NEPTUNE,325305,660,660,-660
01/20/2025 23:20,SCH - PJM_VFT,325658,315,315,-315
01/20/2025 23:20,SPR/DUN-SOUTH,23320,1956.94,4600,-9999
01/20/2025 23:20,TOTAL EAST,23314,3995.31,7550,-9999
01/20/2025 23:20,UPNY CONED,23315,3117.76,7055,-9999
01/20/2025 23:20,WEST CENTRAL,23312,866.7,9999,-9999
01/20/2025 23:25,CENTRAL EAST - VC,23330,2181.92,3100,-9999
01/20/2025 23:25,DYSINGER EAST,23326,1508.67,3200,-9999
01/20/2025 23:25,MOSES SOUTH,23319,-25.19,2650,-1600
01/20/2025 23:25,SCH - HQ - NY,23324,-458,1300,-980
01/20/2025 23:25,SCH - HQ_CEDARS,325274,-100,200,-100
01/20/2025 23:25,SCH - HQ_IMPORT_EXPORT,325376,-458,1310,-9999
01/20/2025 23:25,SCH - NE - NY,23318,-426.9,1400,-1800
01/20/2025 23:25,SCH - NPX_1385,325277,55,200,-200
01/20/2025 23:25,SCH - NPX_CSC,325154,0,330,-330
01/20/2025 23:25,SCH - OH - NY,23317,1600.02,2200,-1850
01/20/2025 23:25,SCH - PJ - NY,23316,1405.72,1700,-2400
01/20/2025 23:25,SCH - PJM_HTP,325905,200,660,-660
01/20/2025 23:25,SCH - PJM_NEPTUNE,325305,660,660,-660
01/20/2025 23:25,SCH - PJM_VFT,325658,315,315,-315
01/20/2025 23:25,SPR/DUN-SOUTH,23320,1992.07,4600,-9999
01/20/2025 23:25,TOTAL EAST,23314,4005.5,7550,-9999
01/20/2025 23:25,UPNY CONED,23315,3125.42,7055,-9999
01/20/2025 23:25,WEST CENTRAL,23312,878.62,9999,-9999
01/20/2025 23:30,CENTRAL EAST - VC,23330,2186.16,3100,-9999
01/20/2025 23:30,DYSINGER EAST,23326,1473.19,3200,-9999
01/20/2025 23:30,MOSES SOUTH,23319,-74.89,2650,-1600
01/20/2025 23:30,SCH - HQ - NY,23324,-458,1300,-980
01/20/2025 23:30,SCH - HQ_CEDARS,325274,-100,200,-100
01/20/2025 23:30,SCH - HQ_IMPORT_EXPORT,325376,-458,1310,-9999
01/20/2025 23:30,SCH - NE - NY,23318,-436.8,1400,-1800
01/20/2025 23:30,SCH - NPX_1385,325277,55,200,-200
01/20/2025 23:30,SCH - NPX_CSC,325154,0,330,-330
01/20/2025 23:30,SCH - OH - NY,23317,1600.33,2200,-1850
01/20/2025 23:30,SCH - PJ - NY,23316,1404.55,1700,-2400
01/20/2025 23:30,SCH - PJM_HTP,325905,200,660,-660
01/20/2025 23:30,SCH - PJM_NEPTUNE,325305,630,660,-660
01/20/2025 23:30,SCH - PJM_VFT,325658,315,315,-315
01/20/2025 23:30,SPR/DUN-SOUTH,23320,1918.42,4600,-9999
01/20/2025 23:30,TOTAL EAST,23314,4030.57,7550,-9999
01/20/2025 23:30,UPNY CONED,23315,3147.98,7055,-9999
01/20/2025 23:30,WEST CENTRAL,23312,845.98,9999,-9999
01/20/2025 23:35,CENTRAL EAST - VC,23330,2207.51,2985,-9999
01/20/2025 23:35,DYSINGER EAST,23326,1539.93,3200,-9999
01/20/2025 23:35,MOSES SOUTH,23319,-98.86,2650,-1600
01/20/2025 23:35,SCH - HQ - NY,23324,-458,1300,-980
01/20/2025 23:35,SCH - HQ_CEDARS,325274,-100,200,-100
01/20/2025 23:35,SCH - HQ_IMPORT_EXPORT,325376,-458,1310,-9999
01/20/2025 23:35,SCH - NE - NY,23318,-446.67,1400,-1800
01/20/2025 23:35,SCH - NPX_1385,325277,55,200,-200
01/20/2025 23:35,SCH - NPX_CSC,325154,0,330,-330
01/20/2025 23:35,SCH - OH - NY,23317,1600.26,2200,-1850
01/20/2025 23:35,SCH - PJ - NY,23316,1406.51,1700,-2400
01/20/2025 23:35,SCH - PJM_HTP,325905,200,660,-660
01/20/2025 23:35,SCH - PJM_NEPTUNE,325305,600,660,-660
01/20/2025 23:35,SCH - PJM_VFT,325658,315,315,-315
01/20/2025 23:35,SPR/DUN-SOUTH,23320,1974.1,4600,-9999
01/20/2025 23:35,TOTAL EAST,23314,4054.41,7550,-9999
01/20/2025 23:35,UPNY CONED,23315,3169,7055,-9999
01/20/2025 23:35,WEST CENTRAL,23312,914.56,9999,-9999
01/20/2025 23:40,CENTRAL EAST - VC,23330,2236.41,2985,-9999
01/20/2025 23:40,DYSINGER EAST,23326,1496.74,3200,-9999
01/20/2025 23:40,MOSES SOUTH,23319,-102.57,2650,-1600
01/20/2025 23:40,SCH - HQ - NY,23324,-458,1300,-980
01/20/2025 23:40,SCH - HQ_CEDARS,325274,-100,200,-100
01/20/2025 23:40,SCH - HQ_IMPORT_EXPORT,325376,-458,1310,-9999
01/20/2025 23:40,SCH - NE - NY,23318,-446.81,1400,-1800
01/20/2025 23:40,SCH - NPX_1385,325277,55,200,-200
01/20/2025 23:40,SCH - NPX_CSC,325154,0,330,-330
01/20/2025 23:40,SCH - OH - NY,23317,1600.3,2200,-1850
01/20/2025 23:40,SCH - PJ - NY,23316,1405.6,1700,-2400
01/20/2025 23:40,SCH - PJM_HTP,325905,200,660,-660
01/20/2025 23:40,SCH - PJM_NEPTUNE,325305,600,660,-660
01/20/2025 23:40,SCH - PJM_VFT,325658,315,315,-315
01/20/2025 23:40,SPR/DUN-SOUTH,23320,2034.35,4600,-9999
01/20/2025 23:40,TOTAL EAST,23314,4147.19,7550,-9999
01/20/2025 23:40,UPNY CONED,23315,3248.92,7055,-9999
01/20/2025 23:40,WEST CENTRAL,23312,879.33,9999,-9999
01/20/2025 23:45,CENTRAL EAST - VC,23330,2235.37,2985,-9999
01/20/2025 23:45,DYSINGER EAST,23326,1558.15,3200,-9999
01/20/2025 23:45,MOSES SOUTH,23319,-81.56,2650,-1600
01/20/2025 23:45,SCH - HQ - NY,23324,-458,1300,-980
01/20/2025 23:45,SCH - HQ_CEDARS,325274,-100,200,-100
01/20/2025 23:45,SCH - HQ_IMPORT_EXPORT,325376,-458,1310,-9999
01/20/2025 23:45,SCH - NE - NY,23318,-422.18,1400,-1800
01/20/2025 23:45,SCH - NPX_1385,325277,55,200,-200
01/20/2025 23:45,SCH - NPX_CSC,325154,0,330,-330
01/20/2025 23:45,SCH - OH - NY,23317,1600.19,2200,-1850
01/20/2025 23:45,SCH - PJ - NY,23316,1407.33,1700,-2400
01/20/2025 23:45,SCH - PJM_HTP,325905,200,660,-660
01/20/2025 23:45,SCH - PJM_NEPTUNE,325305,605,660,-660
01/20/2025 23:45,SCH - PJM_VFT,325658,315,315,-315
01/20/2025 23:45,SPR/DUN-SOUTH,23320,2012.74,4600,-9999
01/20/2025 23:45,TOTAL EAST,23314,4173.63,7550,-9999
01/20/2025 23:45,UPNY CONED,23315,3264.55,7055,-9999
01/20/2025 23:45,WEST CENTRAL,23312,952.29,9999,-9999
01/20/2025 23:50,CENTRAL EAST - VC,23330,2211.27,2985,-9999
01/20/2025 23:50,DYSINGER EAST,23326,1607.61,3200,-9999
01/20/2025 23:50,MOSES SOUTH,23319,-56.95,2650,-1600
01/20/2025 23:50,SCH - HQ - NY,23324,-458,1300,-980
01/20/2025 23:50,SCH - HQ_CEDARS,325274,-100,200,-100
01/20/2025 23:50,SCH - HQ_IMPORT_EXPORT,325376,-458,1310,-9999
01/20/2025 23:50,SCH - NE - NY,23318,-397.61,1400,-1800
01/20/2025 23:50,SCH - NPX_1385,325277,55,200,-200
01/20/2025 23:50,SCH - NPX_CSC,325154,0,330,-330
01/20/2025 23:50,SCH - OH - NY,23317,1600.02,2200,-1850
01/20/2025 23:50,SCH - PJ - NY,23316,1406.67,1700,-2400
01/20/2025 23:50,SCH - PJM_HTP,325905,200,660,-660
01/20/2025 23:50,SCH - PJM_NEPTUNE,325305,610,660,-660
01/20/2025 23:50,SCH - PJM_VFT,325658,315,315,-315
01/20/2025 23:50,SPR/DUN-SOUTH,23320,2031.88,4600,-9999
01/20/2025 23:50,TOTAL EAST,23314,4171.44,7550,-9999
01/20/2025 23:50,UPNY CONED,23315,3264.31,7055,-9999
01/20/2025 23:50,WEST CENTRAL,23312,1004.6,9999,-9999
01/20/2025 23:55,CENTRAL EAST - VC,23330,2205.6,2985,-9999
01/20/2025 23:55,DYSINGER EAST,23326,1552.69,3200,-9999
01/20/2025 23:55,MOSES SOUTH,23319,-68.98,2650,-1600
01/20/2025 23:55,SCH - HQ - NY,23324,-458,1300,-980
01/20/2025 23:55,SCH - HQ_CEDARS,325274,-100,200,-100
01/20/2025 23:55,SCH - HQ_IMPORT_EXPORT,325376,-458,1310,-9999
01/20/2025 23:55,SCH - NE - NY,23318,-397.48,1400,-1800
01/20/2025 23:55,SCH - NPX_1385,325277,55,200,-200
01/20/2025 23:55,SCH - NPX_CSC,325154,0,330,-330
01/20/2025 23:55,SCH - OH - NY,23317,1600.08,2200,-1850
01/20/2025 23:55,SCH - PJ - NY,23316,1406.6,1700,-2400
01/20/2025 23:55,SCH - PJM_HTP,325905,200,660,-660
01/20/2025 23:55,SCH - PJM_NEPTUNE,325305,610,660,-660
01/20/2025 23:55,SCH - PJM_VFT,325658,315,315,-315
01/20/2025 23:55,SPR/DUN-SOUTH,23320,1994.64,4600,-9999
01/20/2025 23:55,TOTAL EAST,23314,4146.11,7550,-9999
01/20/2025 23:55,UPNY CONED,23315,3262.8,7055,-9999
01/20/2025 23:55,WEST CENTRAL,23312,953.71,9999,-9999
