Timestamp,Interface Name,Point ID,Flow (MWH),Positive Limit (MWH),Negative Limit (MWH)
07/31/2025 00:00,CENTRAL EAST - VC,23330,1335.26,3190,-9999
07/31/2025 00:00,DYSINGER EAST,23326,561.26,3200,-9999
07/31/2025 00:00,MOSES SOUTH,23319,187.13,3150,-1600
07/31/2025 00:00,SCH - HQ - NY,23324,-189,1450,-275
07/31/2025 00:00,SCH - HQ_CEDARS,325274,0,270,-40
07/31/2025 00:00,SCH - HQ_IMPORT_EXPORT,325376,-189,1310,-9999
07/31/2025 00:00,SCH - NE - NY,23318,-636.86,1400,-1600
07/31/2025 00:00,SCH - NPX_1385,325277,0,125,-125
07/31/2025 00:00,SCH - NPX_CSC,325154,330,330,-330
07/31/2025 00:00,SCH - OH - NY,23317,1237.84,2000,-1600
07/31/2025 00:00,SCH - PJ - NY,23316,679.55,2000,-1050
07/31/2025 00:00,SCH - PJM_HTP,325905,540,660,-660
07/31/2025 00:00,SCH - PJM_NEPTUNE,325305,660,660,-660
07/31/2025 00:00,SCH - PJM_VFT,325658,270,315,-315
07/31/2025 00:00,SPR/DUN-SOUTH,23320,1602.96,4600,-9999
07/31/2025 00:00,TOTAL EAST,23314,1736.23,7550,-9999
07/31/2025 00:00,UPNY CONED,23315,3347.89,7320,-9999
07/31/2025 00:00,WEST CENTRAL,23312,-185.04,9999,-9999
07/31/2025 00:05,CENTRAL EAST - VC,23330,1255.57,3190,-9999
07/31/2025 00:05,DYSINGER EAST,23326,569.4,3200,-9999
07/31/2025 00:05,MOSES SOUTH,23319,100.65,3150,-1600
07/31/2025 00:05,SCH - HQ - NY,23324,-276,1450,-275
07/31/2025 00:05,SCH - HQ_CEDARS,325274,0,270,-40
07/31/2025 00:05,SCH - HQ_IMPORT_EXPORT,325376,-276,1310,-9999
07/31/2025 00:05,SCH - NE - NY,23318,-777.92,1400,-1600
07/31/2025 00:05,SCH - NPX_1385,325277,101,125,-125
07/31/2025 00:05,SCH - NPX_CSC,325154,330,330,-330
07/31/2025 00:05,SCH - OH - NY,23317,1399.83,2000,-1600
07/31/2025 00:05,SCH - PJ - NY,23316,831,2000,-1050
07/31/2025 00:05,SCH - PJM_HTP,325905,660,660,-660
07/31/2025 00:05,SCH - PJM_NEPTUNE,325305,660,660,-660
07/31/2025 00:05,SCH - PJM_VFT,325658,315,315,-315
07/31/2025 00:05,SPR/DUN-SOUTH,23320,1460.84,4600,-9999
07/31/2025 00:05,TOTAL EAST,23314,1762.07,7550,-9999
07/31/2025 00:05,UPNY CONED,23315,3154.23,7320,-9999
07/31/2025 00:05,WEST CENTRAL,23312,-168.91,9999,-9999
07/31/2025 00:10,CENTRAL EAST - VC,23330,1246.27,3190,-9999
07/31/2025 00:10,DYSINGER EAST,23326,420.1,3200,-9999
07/31/2025 00:10,MOSES SOUTH,23319,63.4,3150,-1600
07/31/2025 00:10,SCH - HQ - NY,23324,-276,1450,-275
07/31/2025 00:10,SCH - HQ_CEDARS,325274,0,270,-40
07/31/2025 00:10,SCH - HQ_IMPORT_EXPORT,325376,-276,1310,-9999
07/31/2025 00:10,SCH - NE - NY,23318,-774.03,1400,-1600
07/31/2025 00:10,SCH - NPX_1385,325277,101,125,-125
07/31/2025 00:10,SCH - NPX_CSC,325154,330,330,-330
07/31/2025 00:10,SCH - OH - NY,23317,1397.12,2000,-1600
07/31/2025 00:10,SCH - PJ - NY,23316,827.07,2000,-1050
07/31/2025 00:10,SCH - PJM_HTP,325905,660,660,-660
07/31/2025 00:10,SCH - PJM_NEPTUNE,325305,660,660,-660
07/31/2025 00:10,SCH - PJM_VFT,325658,315,315,-315
07/31/2025 00:10,SPR/DUN-SOUTH,23320,1392.57,4600,-9999
07/31/2025 00:10,TOTAL EAST,23314,1702.57,7550,-9999
07/31/2025 00:10,UPNY CONED,23315,3130.24,7320,-9999
07/31/2025 00:10,WEST CENTRAL,23312,-309.29,9999,-9999
07/31/2025 00:15,CENTRAL EAST - VC,23330,1406.33,3190,-9999
07/31/2025 00:15,DYSINGER EAST,23326,390.96,3200,-9999
07/31/2025 00:15,MOSES SOUTH,23319,80.58,3150,-1600
07/31/2025 00:15,SCH - HQ - NY,23324,-275,1450,-275
07/31/2025 00:15,SCH - HQ_CEDARS,325274,0,270,-40
07/31/2025 00:15,SCH - HQ_IMPORT_EXPORT,325376,-275,1310,-9999
07/31/2025 00:15,SCH - NE - NY,23318,-837.32,1400,-1600
07/31/2025 00:15,SCH - NPX_1385,325277,101,125,-125
07/31/2025 00:15,SCH - NPX_CSC,325154,330,330,-330
07/31/2025 00:15,SCH - OH - NY,23317,1399.97,2000,-1600
07/31/2025 00:15,SCH - PJ - NY,23316,936.47,2000,-1050
07/31/2025 00:15,SCH - PJM_HTP,325905,660,660,-660
07/31/2025 00:15,SCH - PJM_NEPTUNE,325305,660,660,-660
07/31/2025 00:15,SCH - PJM_VFT,325658,315,315,-315
07/31/2025 00:15,SPR/DUN-SOUTH,23320,1468.29,4600,-9999
07/31/2025 00:15,TOTAL EAST,23314,1967,7550,-9999
07/31/2025 00:15,UPNY CONED,23315,3303.29,7320,-9999
07/31/2025 00:15,WEST CENTRAL,23312,-294.87,9999,-9999
07/31/2025 00:20,CENTRAL EAST - VC,23330,1352.92,3190,-9999
07/31/2025 00:20,DYSINGER EAST,23326,381.4,3200,-9999
07/31/2025 00:20,MOSES SOUTH,23319,60.41,3150,-1600
07/31/2025 00:20,SCH - HQ - NY,23324,-275,1450,-275
07/31/2025 00:20,SCH - HQ_CEDARS,325274,0,270,-40
07/31/2025 00:20,SCH - HQ_IMPORT_EXPORT,325376,-275,1310,-9999
07/31/2025 00:20,SCH - NE - NY,23318,-901.34,1400,-1600
07/31/2025 00:20,SCH - NPX_1385,325277,101,125,-125
07/31/2025 00:20,SCH - NPX_CSC,325154,330,330,-330
07/31/2025 00:20,SCH - OH - NY,23317,1400.07,2000,-1600
07/31/2025 00:20,SCH - PJ - NY,23316,1043.51,2000,-1050
07/31/2025 00:20,SCH - PJM_HTP,325905,660,660,-660
07/31/2025 00:20,SCH - PJM_NEPTUNE,325305,660,660,-660
07/31/2025 00:20,SCH - PJM_VFT,325658,315,315,-315
07/31/2025 00:20,SPR/DUN-SOUTH,23320,1449.95,4600,-9999
07/31/2025 00:20,TOTAL EAST,23314,2078.81,7550,-9999
07/31/2025 00:20,UPNY CONED,23315,3333.91,7320,-9999
07/31/2025 00:20,WEST CENTRAL,23312,-316.28,9999,-9999
07/31/2025 00:25,CENTRAL EAST - VC,23330,1320.5,3190,-9999
07/31/2025 00:25,DYSINGER EAST,23326,402.76,3200,-9999
07/31/2025 00:25,MOSES SOUTH,23319,72.17,3150,-1600
07/31/2025 00:25,SCH - HQ - NY,23324,-275,1450,-275
07/31/2025 00:25,SCH - HQ_CEDARS,325274,0,270,-40
07/31/2025 00:25,SCH - HQ_IMPORT_EXPORT,325376,-275,1310,-9999
07/31/2025 00:25,SCH - NE - NY,23318,-901.88,1400,-1600
07/31/2025 00:25,SCH - NPX_1385,325277,101,125,-125
07/31/2025 00:25,SCH - NPX_CSC,325154,330,330,-330
07/31/2025 00:25,SCH - OH - NY,23317,1400,2000,-1600
07/31/2025 00:25,SCH - PJ - NY,23316,1048.2,2000,-1050
07/31/2025 00:25,SCH - PJM_HTP,325905,660,660,-660
07/31/2025 00:25,SCH - PJM_NEPTUNE,325305,660,660,-660
07/31/2025 00:25,SCH - PJM_VFT,325658,315,315,-315
07/31/2025 00:25,SPR/DUN-SOUTH,23320,1449.35,4600,-9999
07/31/2025 00:25,TOTAL EAST,23314,2066.01,7550,-9999
07/31/2025 00:25,UPNY CONED,23315,3310.38,7320,-9999
07/31/2025 00:25,WEST CENTRAL,23312,-301.81,9999,-9999
07/31/2025 00:30,CENTRAL EAST - VC,23330,1350.51,3190,-9999
07/31/2025 00:30,DYSINGER EAST,23326,412.44,3200,-9999
07/31/2025 00:30,MOSES SOUTH,23319,62.55,3150,-1600
07/31/2025 00:30,SCH - HQ - NY,23324,-275,1450,-275
07/31/2025 00:30,SCH - HQ_CEDARS,325274,0,270,-40
07/31/2025 00:30,SCH - HQ_IMPORT_EXPORT,325376,-275,1310,-9999
07/31/2025 00:30,SCH - NE - NY,23318,-957.99,1400,-1600
07/31/2025 00:30,SCH - NPX_1385,325277,101,125,-125
07/31/2025 00:30,SCH - NPX_CSC,325154,330,330,-330
07/31/2025 00:30,SCH - OH - NY,23317,1400,2000,-1600
07/31/2025 00:30,SCH - PJ - NY,23316,1046.1,2000,-1050
07/31/2025 00:30,SCH - PJM_HTP,325905,660,660,-660
07/31/2025 00:30,SCH - PJM_NEPTUNE,325305,660,660,-660
07/31/2025 00:30,SCH - PJM_VFT,325658,315,315,-315
07/31/2025 00:30,SPR/DUN-SOUTH,23320,1364.7,4600,-9999
07/31/2025 00:30,TOTAL EAST,23314,2101.94,7550,-9999
07/31/2025 00:30,UPNY CONED,23315,3281.52,7320,-9999
07/31/2025 00:30,WEST CENTRAL,23312,-283.93,9999,-9999
07/31/2025 00:35,CENTRAL EAST - VC,23330,1378.24,3190,-9999
07/31/2025 00:35,DYSINGER EAST,23326,463.26,3200,-9999
07/31/2025 00:35,MOSES SOUTH,23319,51.65,3150,-1600
07/31/2025 00:35,SCH - HQ - NY,23324,-275,1450,-275
07/31/2025 00:35,SCH - HQ_CEDARS,325274,0,270,-40
07/31/2025 00:35,SCH - HQ_IMPORT_EXPORT,325376,-275,1310,-9999
07/31/2025 00:35,SCH - NE - NY,23318,-1013.97,1400,-1600
07/31/2025 00:35,SCH - NPX_1385,325277,101,125,-125
07/31/2025 00:35,SCH - NPX_CSC,325154,330,330,-330
07/31/2025 00:35,SCH - OH - NY,23317,1395.08,2000,-1600
07/31/2025 00:35,SCH - PJ - NY,23316,1051.06,2000,-1050
07/31/2025 00:35,SCH - PJM_HTP,325905,660,660,-660
07/31/2025 00:35,SCH - PJM_NEPTUNE,325305,660,660,-660
07/31/2025 00:35,SCH - PJM_VFT,325658,315,315,-315
07/31/2025 00:35,SPR/DUN-SOUTH,23320,1367.63,4600,-9999
07/31/2025 00:35,TOTAL EAST,23314,2127.75,7550,-9999
07/31/2025 00:35,UPNY CONED,23315,3272.18,7320,-9999
07/31/2025 00:35,WEST CENTRAL,23312,-229.71,9999,-9999
07/31/2025 00:40,CENTRAL EAST - VC,23330,1360.46,3190,-9999
07/31/2025 00:40,DYSINGER EAST,23326,440.63,3200,-9999
07/31/2025 00:40,MOSES SOUTH,23319,64.07,3150,-1600
07/31/2025 00:40,SCH - HQ - NY,23324,-275,1450,-275
07/31/2025 00:40,SCH - HQ_CEDARS,325274,0,270,-40
07/31/2025 00:40,SCH - HQ_IMPORT_EXPORT,325376,-275,1310,-9999
07/31/2025 00:40,SCH - NE - NY,23318,-1013.97,1400,-1600
07/31/2025 00:40,SCH - NPX_1385,325277,101,125,-125
07/31/2025 00:40,SCH - NPX_CSC,325154,330,330,-330
07/31/2025 00:40,SCH - OH - NY,23317,1397.07,2000,-1600
07/31/2025 00:40,SCH - PJ - NY,23316,1050.04,2000,-1050
07/31/2025 00:40,SCH - PJM_HTP,325905,660,660,-660
07/31/2025 00:40,SCH - PJM_NEPTUNE,325305,660,660,-660
07/31/2025 00:40,SCH - PJM_VFT,325658,315,315,-315
07/31/2025 00:40,SPR/DUN-SOUTH,23320,1351.49,4600,-9999
07/31/2025 00:40,TOTAL EAST,23314,2053.25,7550,-9999
07/31/2025 00:40,UPNY CONED,23315,3237.65,7320,-9999
07/31/2025 00:40,WEST CENTRAL,23312,-227.23,9999,-9999
07/31/2025 00:45,CENTRAL EAST - VC,23330,1299.76,3190,-9999
07/31/2025 00:45,DYSINGER EAST,23326,386.63,3200,-9999
07/31/2025 00:45,MOSES SOUTH,23319,75.59,3150,-1600
07/31/2025 00:45,SCH - HQ - NY,23324,-275,1450,-275
07/31/2025 00:45,SCH - HQ_CEDARS,325274,0,270,-40
07/31/2025 00:45,SCH - HQ_IMPORT_EXPORT,325376,-275,1310,-9999
07/31/2025 00:45,SCH - NE - NY,23318,-876.93,1400,-1600
07/31/2025 00:45,SCH - NPX_1385,325277,101,125,-125
07/31/2025 00:45,SCH - NPX_CSC,325154,330,330,-330
07/31/2025 00:45,SCH - OH - NY,23317,1399.98,2000,-1600
07/31/2025 00:45,SCH - PJ - NY,23316,1048.28,2000,-1050
07/31/2025 00:45,SCH - PJM_HTP,325905,660,660,-660
07/31/2025 00:45,SCH - PJM_NEPTUNE,325305,660,660,-660
07/31/2025 00:45,SCH - PJM_VFT,325658,315,315,-315
07/31/2025 00:45,SPR/DUN-SOUTH,23320,1481.47,4600,-9999
07/31/2025 00:45,TOTAL EAST,23314,2039.76,7550,-9999
07/31/2025 00:45,UPNY CONED,23315,3346.22,7320,-9999
07/31/2025 00:45,WEST CENTRAL,23312,-265.56,9999,-9999
07/31/2025 00:50,CENTRAL EAST - VC,23330,1315.79,3190,-9999
07/31/2025 00:50,DYSINGER EAST,23326,389.86,3200,-9999
07/31/2025 00:50,MOSES SOUTH,23319,48.31,3150,-1600
07/31/2025 00:50,SCH - HQ - NY,23324,-275,1450,-275
07/31/2025 00:50,SCH - HQ_CEDARS,325274,0,270,-40
07/31/2025 00:50,SCH - HQ_IMPORT_EXPORT,325376,-275,1310,-9999
07/31/2025 00:50,SCH - NE - NY,23318,-740.03,1400,-1600
07/31/2025 00:50,SCH - NPX_1385,325277,101,125,-125
07/31/2025 00:50,SCH - NPX_CSC,325154,330,330,-330
07/31/2025 00:50,SCH - OH - NY,23317,1399.98,2000,-1600
07/31/2025 00:50,SCH - PJ - NY,23316,1044.17,2000,-1050
07/31/2025 00:50,SCH - PJM_HTP,325905,660,660,-660
07/31/2025 00:50,SCH - PJM_NEPTUNE,325305,660,660,-660
07/31/2025 00:50,SCH - PJM_VFT,325658,315,315,-315
07/31/2025 00:50,SPR/DUN-SOUTH,23320,1631.66,4600,-9999
07/31/2025 00:50,TOTAL EAST,23314,2069.93,7550,-9999
07/31/2025 00:50,UPNY CONED,23315,3523.97,7320,-9999
07/31/2025 00:50,WEST CENTRAL,23312,-250.92,9999,-9999
07/31/2025 00:55,CENTRAL EAST - VC,23330,1270.18,3190,-9999
07/31/2025 00:55,DYSINGER EAST,23326,385.65,3200,-9999
07/31/2025 00:55,MOSES SOUTH,23319,67,3150,-1600
07/31/2025 00:55,SCH - HQ - NY,23324,-275,1450,-275
07/31/2025 00:55,SCH - HQ_CEDARS,325274,0,270,-40
07/31/2025 00:55,SCH - HQ_IMPORT_EXPORT,325376,-275,1310,-9999
07/31/2025 00:55,SCH - NE - NY,23318,-739.96,1400,-1600
07/31/2025 00:55,SCH - NPX_1385,325277,101,125,-125
07/31/2025 00:55,SCH - NPX_CSC,325154,330,330,-330
07/31/2025 00:55,SCH - OH - NY,23317,1395.17,2000,-1600
07/31/2025 00:55,SCH - PJ - NY,23316,1052.34,2000,-1050
07/31/2025 00:55,SCH - PJM_HTP,325905,660,660,-660
07/31/2025 00:55,SCH - PJM_NEPTUNE,325305,660,660,-660
07/31/2025 00:55,SCH - PJM_VFT,325658,315,315,-315
07/31/2025 00:55,SPR/DUN-SOUTH,23320,1574.04,4600,-9999
07/31/2025 00:55,TOTAL EAST,23314,2086.4,7550,-9999
07/31/2025 00:55,UPNY CONED,23315,3487.77,7320,-9999
07/31/2025 00:55,WEST CENTRAL,23312,-254.58,9999,-9999
07/31/2025 01:00,CENTRAL EAST - VC,23330,1423.87,3190,-9999
07/31/2025 01:00,DYSINGER EAST,23326,435.37,3200,-9999
07/31/2025 01:00,MOSES SOUTH,23319,107.94,3150,-1600
07/31/2025 01:00,SCH - HQ - NY,23324,-234,1450,-275
07/31/2025 01:00,SCH - HQ_CEDARS,325274,0,270,-40
07/31/2025 01:00,SCH - HQ_IMPORT_EXPORT,325376,-234,1310,-9999
07/31/2025 01:00,SCH - NE - NY,23318,-783.02,1400,-1600
07/31/2025 01:00,SCH - NPX_1385,325277,91,125,-125
07/31/2025 01:00,SCH - NPX_CSC,325154,330,330,-330
07/31/2025 01:00,SCH - OH - NY,23317,1396.62,2000,-1600
07/31/2025 01:00,SCH - PJ - NY,23316,1189.48,2000,-1050
07/31/2025 01:00,SCH - PJM_HTP,325905,660,660,-660
07/31/2025 01:00,SCH - PJM_NEPTUNE,325305,660,660,-660
07/31/2025 01:00,SCH - PJM_VFT,325658,315,315,-315
07/31/2025 01:00,SPR/DUN-SOUTH,23320,1630.63,4600,-9999
07/31/2025 01:00,TOTAL EAST,23314,2346.96,7550,-9999
07/31/2025 01:00,UPNY CONED,23315,3637.43,7320,-9999
07/31/2025 01:00,WEST CENTRAL,23312,-198.14,9999,-9999
07/31/2025 01:05,CENTRAL EAST - VC,23330,1538.89,3190,-9999
07/31/2025 01:05,DYSINGER EAST,23326,453.27,3200,-9999
07/31/2025 01:05,MOSES SOUTH,23319,143.01,3150,-1600
07/31/2025 01:05,SCH - HQ - NY,23324,-194,1450,-275
07/31/2025 01:05,SCH - HQ_CEDARS,325274,0,270,-40
07/31/2025 01:05,SCH - HQ_IMPORT_EXPORT,325376,-194,1310,-9999
07/31/2025 01:05,SCH - NE - NY,23318,-825.32,1400,-1600
07/31/2025 01:05,SCH - NPX_1385,325277,81,125,-125
07/31/2025 01:05,SCH - NPX_CSC,325154,330,330,-330
07/31/2025 01:05,SCH - OH - NY,23317,1395.96,2000,-1600
07/31/2025 01:05,SCH - PJ - NY,23316,1328.51,2000,-1050
07/31/2025 01:05,SCH - PJM_HTP,325905,660,660,-660
07/31/2025 01:05,SCH - PJM_NEPTUNE,325305,660,660,-660
07/31/2025 01:05,SCH - PJM_VFT,325658,315,315,-315
07/31/2025 01:05,SPR/DUN-SOUTH,23320,1713.71,4600,-9999
07/31/2025 01:05,TOTAL EAST,23314,2536.16,7550,-9999
07/31/2025 01:05,UPNY CONED,23315,3757.58,7320,-9999
07/31/2025 01:05,WEST CENTRAL,23312,-172.68,9999,-9999
07/31/2025 01:10,CENTRAL EAST - VC,23330,1561.17,3190,-9999
07/31/2025 01:10,DYSINGER EAST,23326,436.92,3200,-9999
07/31/2025 01:10,MOSES SOUTH,23319,148.04,3150,-1600
07/31/2025 01:10,SCH - HQ - NY,23324,-194,1450,-275
07/31/2025 01:10,SCH - HQ_CEDARS,325274,0,270,-40
07/31/2025 01:10,SCH - HQ_IMPORT_EXPORT,325376,-194,1310,-9999
07/31/2025 01:10,SCH - NE - NY,23318,-825.06,1400,-1600
07/31/2025 01:10,SCH - NPX_1385,325277,81,125,-125
07/31/2025 01:10,SCH - NPX_CSC,325154,330,330,-330
07/31/2025 01:10,SCH - OH - NY,23317,1397.27,2000,-1600
07/31/2025 01:10,SCH - PJ - NY,23316,1326.64,2000,-1050
07/31/2025 01:10,SCH - PJM_HTP,325905,660,660,-660
07/31/2025 01:10,SCH - PJM_NEPTUNE,325305,660,660,-660
07/31/2025 01:10,SCH - PJM_VFT,325658,315,315,-315
07/31/2025 01:10,SPR/DUN-SOUTH,23320,1741.15,4600,-9999
07/31/2025 01:10,TOTAL EAST,23314,2547.82,7550,-9999
07/31/2025 01:10,UPNY CONED,23315,3771.67,7320,-9999
07/31/2025 01:10,WEST CENTRAL,23312,-183.11,9999,-9999
07/31/2025 01:15,CENTRAL EAST - VC,23330,1411.6,3190,-9999
07/31/2025 01:15,DYSINGER EAST,23326,347.89,3200,-9999
07/31/2025 01:15,MOSES SOUTH,23319,140.7,3150,-1600
07/31/2025 01:15,SCH - HQ - NY,23324,-194,1450,-275
07/31/2025 01:15,SCH - HQ_CEDARS,325274,0,270,-40
07/31/2025 01:15,SCH - HQ_IMPORT_EXPORT,325376,-194,1310,-9999
07/31/2025 01:15,SCH - NE - NY,23318,-818.9,1400,-1600
07/31/2025 01:15,SCH - NPX_1385,325277,81,125,-125
07/31/2025 01:15,SCH - NPX_CSC,325154,330,330,-330
07/31/2025 01:15,SCH - OH - NY,23317,1395.81,2000,-1600
07/31/2025 01:15,SCH - PJ - NY,23316,1180.4,2000,-1050
07/31/2025 01:15,SCH - PJM_HTP,325905,660,660,-660
07/31/2025 01:15,SCH - PJM_NEPTUNE,325305,660,660,-660
07/31/2025 01:15,SCH - PJM_VFT,325658,315,315,-315
07/31/2025 01:15,SPR/DUN-SOUTH,23320,1615.79,4600,-9999
07/31/2025 01:15,TOTAL EAST,23314,2426.3,7550,-9999
07/31/2025 01:15,UPNY CONED,23315,3623.82,7320,-9999
07/31/2025 01:15,WEST CENTRAL,23312,-267.5,9999,-9999
07/31/2025 01:20,CENTRAL EAST - VC,23330,1346.95,3190,-9999
07/31/2025 01:20,DYSINGER EAST,23326,307.46,3200,-9999
07/31/2025 01:20,MOSES SOUTH,23319,159.57,3150,-1600
07/31/2025 01:20,SCH - HQ - NY,23324,-194,1450,-275
07/31/2025 01:20,SCH - HQ_CEDARS,325274,0,270,-40
07/31/2025 01:20,SCH - HQ_IMPORT_EXPORT,325376,-194,1310,-9999
07/31/2025 01:20,SCH - NE - NY,23318,-812.9,1400,-1600
07/31/2025 01:20,SCH - NPX_1385,325277,81,125,-125
07/31/2025 01:20,SCH - NPX_CSC,325154,330,330,-330
07/31/2025 01:20,SCH - OH - NY,23317,1396.48,2000,-1600
07/31/2025 01:20,SCH - PJ - NY,23316,1030.02,2000,-1050
07/31/2025 01:20,SCH - PJM_HTP,325905,660,660,-660
07/31/2025 01:20,SCH - PJM_NEPTUNE,325305,660,660,-660
07/31/2025 01:20,SCH - PJM_VFT,325658,315,315,-315
07/31/2025 01:20,SPR/DUN-SOUTH,23320,1554.54,4600,-9999
07/31/2025 01:20,TOTAL EAST,23314,2333.78,7550,-9999
07/31/2025 01:20,UPNY CONED,23315,3521.52,7320,-9999
07/31/2025 01:20,WEST CENTRAL,23312,-304.11,9999,-9999
07/31/2025 01:25,CENTRAL EAST - VC,23330,1354.45,3190,-9999
07/31/2025 01:25,DYSINGER EAST,23326,299.72,3200,-9999
07/31/2025 01:25,MOSES SOUTH,23319,122.98,3150,-1600
07/31/2025 01:25,SCH - HQ - NY,23324,-194,1450,-275
07/31/2025 01:25,SCH - HQ_CEDARS,325274,0,270,-40
07/31/2025 01:25,SCH - HQ_IMPORT_EXPORT,325376,-194,1310,-9999
07/31/2025 01:25,SCH - NE - NY,23318,-812.97,1400,-1600
07/31/2025 01:25,SCH - NPX_1385,325277,81,125,-125
07/31/2025 01:25,SCH - NPX_CSC,325154,330,330,-330
07/31/2025 01:25,SCH - OH - NY,23317,1399.96,2000,-1600
07/31/2025 01:25,SCH - PJ - NY,23316,1025.61,2000,-1050
07/31/2025 01:25,SCH - PJM_HTP,325905,660,660,-660
07/31/2025 01:25,SCH - PJM_NEPTUNE,325305,660,660,-660
07/31/2025 01:25,SCH - PJM_VFT,325658,315,315,-315
07/31/2025 01:25,SPR/DUN-SOUTH,23320,1579.84,4600,-9999
07/31/2025 01:25,TOTAL EAST,23314,2353.05,7550,-9999
07/31/2025 01:25,UPNY CONED,23315,3549.21,7320,-9999
07/31/2025 01:25,WEST CENTRAL,23312,-313.52,9999,-9999
07/31/2025 01:30,CENTRAL EAST - VC,23330,1419.53,3190,-9999
07/31/2025 01:30,DYSINGER EAST,23326,326.53,3200,-9999
07/31/2025 01:30,MOSES SOUTH,23319,131.04,3150,-1600
07/31/2025 01:30,SCH - HQ - NY,23324,-194,1450,-275
07/31/2025 01:30,SCH - HQ_CEDARS,325274,0,270,-40
07/31/2025 01:30,SCH - HQ_IMPORT_EXPORT,325376,-194,1310,-9999
07/31/2025 01:30,SCH - NE - NY,23318,-833.34,1400,-1600
07/31/2025 01:30,SCH - NPX_1385,325277,81,125,-125
07/31/2025 01:30,SCH - NPX_CSC,325154,330,330,-330
07/31/2025 01:30,SCH - OH - NY,23317,1399.96,2000,-1600
07/31/2025 01:30,SCH - PJ - NY,23316,1038.73,2000,-1050
07/31/2025 01:30,SCH - PJM_HTP,325905,660,660,-660
07/31/2025 01:30,SCH - PJM_NEPTUNE,325305,660,660,-660
07/31/2025 01:30,SCH - PJM_VFT,325658,315,315,-315
07/31/2025 01:30,SPR/DUN-SOUTH,23320,1577.13,4600,-9999
07/31/2025 01:30,TOTAL EAST,23314,2360,7550,-9999
07/31/2025 01:30,UPNY CONED,23315,3541.15,7320,-9999
07/31/2025 01:30,WEST CENTRAL,23312,-288.88,9999,-9999
07/31/2025 01:35,CENTRAL EAST - VC,23330,1460.07,3190,-9999
07/31/2025 01:35,DYSINGER EAST,23326,350.14,3200,-9999
07/31/2025 01:35,MOSES SOUTH,23319,124.95,3150,-1600
07/31/2025 01:35,SCH - HQ - NY,23324,-194,1450,-275
07/31/2025 01:35,SCH - HQ_CEDARS,325274,0,270,-40
07/31/2025 01:35,SCH - HQ_IMPORT_EXPORT,325376,-194,1310,-9999
07/31/2025 01:35,SCH - NE - NY,23318,-855.31,1400,-1600
07/31/2025 01:35,SCH - NPX_1385,325277,81,125,-125
07/31/2025 01:35,SCH - NPX_CSC,325154,330,330,-330
07/31/2025 01:35,SCH - OH - NY,23317,1399.94,2000,-1600
07/31/2025 01:35,SCH - PJ - NY,23316,1049.72,2000,-1050
07/31/2025 01:35,SCH - PJM_HTP,325905,660,660,-660
07/31/2025 01:35,SCH - PJM_NEPTUNE,325305,660,660,-660
07/31/2025 01:35,SCH - PJM_VFT,325658,315,315,-315
07/31/2025 01:35,SPR/DUN-SOUTH,23320,1611.5,4600,-9999
07/31/2025 01:35,TOTAL EAST,23314,2381.69,7550,-9999
07/31/2025 01:35,UPNY CONED,23315,3552.04,7320,-9999
07/31/2025 01:35,WEST CENTRAL,23312,-259.78,9999,-9999
07/31/2025 01:40,CENTRAL EAST - VC,23330,1487.87,3190,-9999
07/31/2025 01:40,DYSINGER EAST,23326,320.27,3200,-9999
07/31/2025 01:40,MOSES SOUTH,23319,109.03,3150,-1600
07/31/2025 01:40,SCH - HQ - NY,23324,-194,1450,-275
07/31/2025 01:40,SCH - HQ_CEDARS,325274,0,270,-40
07/31/2025 01:40,SCH - HQ_IMPORT_EXPORT,325376,-194,1310,-9999
07/31/2025 01:40,SCH - NE - NY,23318,-855.27,1400,-1600
07/31/2025 01:40,SCH - NPX_1385,325277,81,125,-125
07/31/2025 01:40,SCH - NPX_CSC,325154,330,330,-330
07/31/2025 01:40,SCH - OH - NY,23317,1400.04,2000,-1600
07/31/2025 01:40,SCH - PJ - NY,23316,1051.65,2000,-1050
07/31/2025 01:40,SCH - PJM_HTP,325905,660,660,-660
07/31/2025 01:40,SCH - PJM_NEPTUNE,325305,660,660,-660
07/31/2025 01:40,SCH - PJM_VFT,325658,315,315,-315
07/31/2025 01:40,SPR/DUN-SOUTH,23320,1658.88,4600,-9999
07/31/2025 01:40,TOTAL EAST,23314,2411.88,7550,-9999
07/31/2025 01:40,UPNY CONED,23315,3575.17,7320,-9999
07/31/2025 01:40,WEST CENTRAL,23312,-283.33,9999,-9999
07/31/2025 01:45,CENTRAL EAST - VC,23330,1476.54,3190,-9999
07/31/2025 01:45,DYSINGER EAST,23326,241.64,3200,-9999
07/31/2025 01:45,MOSES SOUTH,23319,95.1,3150,-1600
07/31/2025 01:45,SCH - HQ - NY,23324,-194,1450,-275
07/31/2025 01:45,SCH - HQ_CEDARS,325274,0,270,-40
07/31/2025 01:45,SCH - HQ_IMPORT_EXPORT,325376,-194,1310,-9999
07/31/2025 01:45,SCH - NE - NY,23318,-805.27,1400,-1600
07/31/2025 01:45,SCH - NPX_1385,325277,81,125,-125
07/31/2025 01:45,SCH - NPX_CSC,325154,330,330,-330
07/31/2025 01:45,SCH - OH - NY,23317,1400.21,2000,-1600
07/31/2025 01:45,SCH - PJ - NY,23316,962.54,2000,-1050
07/31/2025 01:45,SCH - PJM_HTP,325905,660,660,-660
07/31/2025 01:45,SCH - PJM_NEPTUNE,325305,660,660,-660
07/31/2025 01:45,SCH - PJM_VFT,325658,315,315,-315
07/31/2025 01:45,SPR/DUN-SOUTH,23320,1712.68,4600,-9999
07/31/2025 01:45,TOTAL EAST,23314,2369.55,7550,-9999
07/31/2025 01:45,UPNY CONED,23315,3608.6,7320,-9999
07/31/2025 01:45,WEST CENTRAL,23312,-354.38,9999,-9999
07/31/2025 01:50,CENTRAL EAST - VC,23330,1398.94,3190,-9999
07/31/2025 01:50,DYSINGER EAST,23326,199.17,3200,-9999
07/31/2025 01:50,MOSES SOUTH,23319,73.44,3150,-1600
07/31/2025 01:50,SCH - HQ - NY,23324,-194,1450,-275
07/31/2025 01:50,SCH - HQ_CEDARS,325274,0,270,-40
07/31/2025 01:50,SCH - HQ_IMPORT_EXPORT,325376,-194,1310,-9999
07/31/2025 01:50,SCH - NE - NY,23318,-755.36,1400,-1600
07/31/2025 01:50,SCH - NPX_1385,325277,81,125,-125
07/31/2025 01:50,SCH - NPX_CSC,325154,330,330,-330
07/31/2025 01:50,SCH - OH - NY,23317,1400.39,2000,-1600
07/31/2025 01:50,SCH - PJ - NY,23316,874.44,2000,-1050
07/31/2025 01:50,SCH - PJM_HTP,325905,660,660,-660
07/31/2025 01:50,SCH - PJM_NEPTUNE,325305,660,660,-660
07/31/2025 01:50,SCH - PJM_VFT,325658,315,315,-315
07/31/2025 01:50,SPR/DUN-SOUTH,23320,1727.39,4600,-9999
07/31/2025 01:50,TOTAL EAST,23314,2330.88,7550,-9999
07/31/2025 01:50,UPNY CONED,23315,3606.07,7320,-9999
07/31/2025 01:50,WEST CENTRAL,23312,-390.83,9999,-9999
07/31/2025 01:55,CENTRAL EAST - VC,23330,1390.23,3150,-9999
07/31/2025 01:55,DYSINGER EAST,23326,174.49,3200,-9999
07/31/2025 01:55,MOSES SOUTH,23319,78.45,3150,-1600
07/31/2025 01:55,SCH - HQ - NY,23324,-194,1450,-275
07/31/2025 01:55,SCH - HQ_CEDARS,325274,0,270,-40
07/31/2025 01:55,SCH - HQ_IMPORT_EXPORT,325376,-194,1310,-9999
07/31/2025 01:55,SCH - NE - NY,23318,-755.41,1400,-1600
07/31/2025 01:55,SCH - NPX_1385,325277,81,125,-125
07/31/2025 01:55,SCH - NPX_CSC,325154,330,330,-330
07/31/2025 01:55,SCH - OH - NY,23317,1400.44,2000,-1600
07/31/2025 01:55,SCH - PJ - NY,23316,876.43,2000,-1050
07/31/2025 01:55,SCH - PJM_HTP,325905,660,660,-660
07/31/2025 01:55,SCH - PJM_NEPTUNE,325305,660,660,-660
07/31/2025 01:55,SCH - PJM_VFT,325658,315,315,-315
07/31/2025 01:55,SPR/DUN-SOUTH,23320,1746.33,4600,-9999
07/31/2025 01:55,TOTAL EAST,23314,2423.3,7550,-9999
07/31/2025 01:55,UPNY CONED,23315,3611.8,7320,-9999
07/31/2025 01:55,WEST CENTRAL,23312,-411.91,9999,-9999
07/31/2025 02:00,CENTRAL EAST - VC,23330,1627.21,3150,-9999
07/31/2025 02:00,DYSINGER EAST,23326,247.48,3200,-9999
07/31/2025 02:00,MOSES SOUTH,23319,164.23,3150,-1600
07/31/2025 02:00,SCH - HQ - NY,23324,-144,1450,-275
07/31/2025 02:00,SCH - HQ_CEDARS,325274,0,270,-40
07/31/2025 02:00,SCH - HQ_IMPORT_EXPORT,325376,-144,1310,-9999
07/31/2025 02:00,SCH - NE - NY,23318,-876.09,1400,-1600
07/31/2025 02:00,SCH - NPX_1385,325277,53,125,-125
07/31/2025 02:00,SCH - NPX_CSC,325154,330,330,-330
07/31/2025 02:00,SCH - OH - NY,23317,1400.24,2000,-1600
07/31/2025 02:00,SCH - PJ - NY,23316,1123.89,2000,-1050
07/31/2025 02:00,SCH - PJM_HTP,325905,660,660,-660
07/31/2025 02:00,SCH - PJM_NEPTUNE,325305,660,660,-660
07/31/2025 02:00,SCH - PJM_VFT,325658,315,315,-315
07/31/2025 02:00,SPR/DUN-SOUTH,23320,1662.76,4600,-9999
07/31/2025 02:00,TOTAL EAST,23314,2851.28,7550,-9999
07/31/2025 02:00,UPNY CONED,23315,3578.23,7320,-9999
07/31/2025 02:00,WEST CENTRAL,23312,-330.44,9999,-9999
07/31/2025 02:05,CENTRAL EAST - VC,23330,1790.87,3150,-9999
07/31/2025 02:05,DYSINGER EAST,23326,299.04,3200,-9999
07/31/2025 02:05,MOSES SOUTH,23319,215.59,3150,-1600
07/31/2025 02:05,SCH - HQ - NY,23324,-94,1450,-275
07/31/2025 02:05,SCH - HQ_CEDARS,325274,0,270,-40
07/31/2025 02:05,SCH - HQ_IMPORT_EXPORT,325376,-94,1310,-9999
07/31/2025 02:05,SCH - NE - NY,23318,-997.93,1400,-1600
07/31/2025 02:05,SCH - NPX_1385,325277,25,125,-125
07/31/2025 02:05,SCH - NPX_CSC,325154,330,330,-330
07/31/2025 02:05,SCH - OH - NY,23317,1400.21,2000,-1600
07/31/2025 02:05,SCH - PJ - NY,23316,1374.26,2000,-1050
07/31/2025 02:05,SCH - PJM_HTP,325905,660,660,-660
07/31/2025 02:05,SCH - PJM_NEPTUNE,325305,660,660,-660
07/31/2025 02:05,SCH - PJM_VFT,325658,315,315,-315
07/31/2025 02:05,SPR/DUN-SOUTH,23320,1732.91,4600,-9999
07/31/2025 02:05,TOTAL EAST,23314,3108.9,7550,-9999
07/31/2025 02:05,UPNY CONED,23315,3643.65,7320,-9999
07/31/2025 02:05,WEST CENTRAL,23312,-271.53,9999,-9999
07/31/2025 02:10,CENTRAL EAST - VC,23330,1783.6,3150,-9999
07/31/2025 02:10,DYSINGER EAST,23326,258.4,3200,-9999
07/31/2025 02:10,MOSES SOUTH,23319,226.08,3150,-1600
07/31/2025 02:10,SCH - HQ - NY,23324,-94,1450,-275
07/31/2025 02:10,SCH - HQ_CEDARS,325274,0,270,-40
07/31/2025 02:10,SCH - HQ_IMPORT_EXPORT,325376,-94,1310,-9999
07/31/2025 02:10,SCH - NE - NY,23318,-997.73,1400,-1600
07/31/2025 02:10,SCH - NPX_1385,325277,25,125,-125
07/31/2025 02:10,SCH - NPX_CSC,325154,330,330,-330
07/31/2025 02:10,SCH - OH - NY,23317,1400.27,2000,-1600
07/31/2025 02:10,SCH - PJ - NY,23316,1373.63,2000,-1050
07/31/2025 02:10,SCH - PJM_HTP,325905,660,660,-660
07/31/2025 02:10,SCH - PJM_NEPTUNE,325305,660,660,-660
07/31/2025 02:10,SCH - PJM_VFT,325658,315,315,-315
07/31/2025 02:10,SPR/DUN-SOUTH,23320,1753.85,4600,-9999
07/31/2025 02:10,TOTAL EAST,23314,3151.19,7550,-9999
07/31/2025 02:10,UPNY CONED,23315,3643.71,7320,-9999
07/31/2025 02:10,WEST CENTRAL,23312,-306.48,9999,-9999
07/31/2025 02:15,CENTRAL EAST - VC,23330,1742.2,3150,-9999
07/31/2025 02:15,DYSINGER EAST,23326,202.57,3200,-9999
07/31/2025 02:15,MOSES SOUTH,23319,212.94,3150,-1600
07/31/2025 02:15,SCH - HQ - NY,23324,-94,1450,-275
07/31/2025 02:15,SCH - HQ_CEDARS,325274,0,270,-40
07/31/2025 02:15,SCH - HQ_IMPORT_EXPORT,325376,-94,1310,-9999
07/31/2025 02:15,SCH - NE - NY,23318,-983.99,1400,-1600
07/31/2025 02:15,SCH - NPX_1385,325277,25,125,-125
07/31/2025 02:15,SCH - NPX_CSC,325154,330,330,-330
07/31/2025 02:15,SCH - OH - NY,23317,1400.37,2000,-1600
07/31/2025 02:15,SCH - PJ - NY,23316,1377.01,2000,-1050
07/31/2025 02:15,SCH - PJM_HTP,325905,660,660,-660
07/31/2025 02:15,SCH - PJM_NEPTUNE,325305,660,660,-660
07/31/2025 02:15,SCH - PJM_VFT,325658,315,315,-315
07/31/2025 02:15,SPR/DUN-SOUTH,23320,1755.15,4600,-9999
07/31/2025 02:15,TOTAL EAST,23314,3194.91,7550,-9999
07/31/2025 02:15,UPNY CONED,23315,3643.98,7320,-9999
07/31/2025 02:15,WEST CENTRAL,23312,-359.84,9999,-9999
07/31/2025 02:20,CENTRAL EAST - VC,23330,1728.9,3150,-9999
07/31/2025 02:20,DYSINGER EAST,23326,215.48,3200,-9999
07/31/2025 02:20,MOSES SOUTH,23319,248.7,3150,-1600
07/31/2025 02:20,SCH - HQ - NY,23324,-94,1450,-275
07/31/2025 02:20,SCH - HQ_CEDARS,325274,0,270,-40
07/31/2025 02:20,SCH - HQ_IMPORT_EXPORT,325376,-94,1310,-9999
07/31/2025 02:20,SCH - NE - NY,23318,-971.03,1400,-1600
07/31/2025 02:20,SCH - NPX_1385,325277,25,125,-125
07/31/2025 02:20,SCH - NPX_CSC,325154,330,330,-330
07/31/2025 02:20,SCH - OH - NY,23317,1400.19,2000,-1600
07/31/2025 02:20,SCH - PJ - NY,23316,1376.02,2000,-1050
07/31/2025 02:20,SCH - PJM_HTP,325905,660,660,-660
07/31/2025 02:20,SCH - PJM_NEPTUNE,325305,660,660,-660
07/31/2025 02:20,SCH - PJM_VFT,325658,315,315,-315
07/31/2025 02:20,SPR/DUN-SOUTH,23320,1788.44,4600,-9999
07/31/2025 02:20,TOTAL EAST,23314,3224.96,7550,-9999
07/31/2025 02:20,UPNY CONED,23315,3658.09,7320,-9999
07/31/2025 02:20,WEST CENTRAL,23312,-341.16,9999,-9999
07/31/2025 02:25,CENTRAL EAST - VC,23330,1745.96,3150,-9999
07/31/2025 02:25,DYSINGER EAST,23326,224.45,3200,-9999
07/31/2025 02:25,MOSES SOUTH,23319,239.13,3150,-1600
07/31/2025 02:25,SCH - HQ - NY,23324,-94,1450,-275
07/31/2025 02:25,SCH - HQ_CEDARS,325274,0,270,-40
07/31/2025 02:25,SCH - HQ_IMPORT_EXPORT,325376,-94,1310,-9999
07/31/2025 02:25,SCH - NE - NY,23318,-971.07,1400,-1600
07/31/2025 02:25,SCH - NPX_1385,325277,25,125,-125
07/31/2025 02:25,SCH - NPX_CSC,325154,330,330,-330
07/31/2025 02:25,SCH - OH - NY,23317,1400.25,2000,-1600
07/31/2025 02:25,SCH - PJ - NY,23316,1379.05,2000,-1050
07/31/2025 02:25,SCH - PJM_HTP,325905,660,660,-660
07/31/2025 02:25,SCH - PJM_NEPTUNE,325305,660,660,-660
07/31/2025 02:25,SCH - PJM_VFT,325658,315,315,-315
07/31/2025 02:25,SPR/DUN-SOUTH,23320,1847.78,4600,-9999
07/31/2025 02:25,TOTAL EAST,23314,3259.68,7550,-9999
07/31/2025 02:25,UPNY CONED,23315,3711.94,7320,-9999
07/31/2025 02:25,WEST CENTRAL,23312,-325.74,9999,-9999
07/31/2025 02:30,CENTRAL EAST - VC,23330,1771.82,3150,-9999
07/31/2025 02:30,DYSINGER EAST,23326,219.28,3200,-9999
07/31/2025 02:30,MOSES SOUTH,23319,261.26,3150,-1600
07/31/2025 02:30,SCH - HQ - NY,23324,-94,1450,-275
07/31/2025 02:30,SCH - HQ_CEDARS,325274,0,270,-40
07/31/2025 02:30,SCH - HQ_IMPORT_EXPORT,325376,-94,1310,-9999
07/31/2025 02:30,SCH - NE - NY,23318,-982.04,1400,-1600
07/31/2025 02:30,SCH - NPX_1385,325277,25,125,-125
07/31/2025 02:30,SCH - NPX_CSC,325154,330,330,-330
07/31/2025 02:30,SCH - OH - NY,23317,1400.12,2000,-1600
07/31/2025 02:30,SCH - PJ - NY,23316,1377.08,2000,-1050
07/31/2025 02:30,SCH - PJM_HTP,325905,660,660,-660
07/31/2025 02:30,SCH - PJM_NEPTUNE,325305,660,660,-660
07/31/2025 02:30,SCH - PJM_VFT,325658,315,315,-315
07/31/2025 02:30,SPR/DUN-SOUTH,23320,1844.52,4600,-9999
07/31/2025 02:30,TOTAL EAST,23314,3290.84,7550,-9999
07/31/2025 02:30,UPNY CONED,23315,3700.39,7320,-9999
07/31/2025 02:30,WEST CENTRAL,23312,-324.58,9999,-9999
07/31/2025 02:35,CENTRAL EAST - VC,23330,1758.34,3150,-9999
07/31/2025 02:35,DYSINGER EAST,23326,222.89,3200,-9999
07/31/2025 02:35,MOSES SOUTH,23319,261.78,3150,-1600
07/31/2025 02:35,SCH - HQ - NY,23324,-94,1450,-275
07/31/2025 02:35,SCH - HQ_CEDARS,325274,0,270,-40
07/31/2025 02:35,SCH - HQ_IMPORT_EXPORT,325376,-94,1310,-9999
07/31/2025 02:35,SCH - NE - NY,23318,-994.13,1400,-1600
07/31/2025 02:35,SCH - NPX_1385,325277,25,125,-125
07/31/2025 02:35,SCH - NPX_CSC,325154,330,330,-330
07/31/2025 02:35,SCH - OH - NY,23317,1400.09,2000,-1600
07/31/2025 02:35,SCH - PJ - NY,23316,1375.2,2000,-1050
07/31/2025 02:35,SCH - PJM_HTP,325905,660,660,-660
07/31/2025 02:35,SCH - PJM_NEPTUNE,325305,660,660,-660
07/31/2025 02:35,SCH - PJM_VFT,325658,315,315,-315
07/31/2025 02:35,SPR/DUN-SOUTH,23320,1861.96,4600,-9999
07/31/2025 02:35,TOTAL EAST,23314,3280.94,7550,-9999
07/31/2025 02:35,UPNY CONED,23315,3700.55,7320,-9999
07/31/2025 02:35,WEST CENTRAL,23312,-317.11,9999,-9999
07/31/2025 02:40,CENTRAL EAST - VC,23330,1780.43,3150,-9999
07/31/2025 02:40,DYSINGER EAST,23326,226.28,3200,-9999
07/31/2025 02:40,MOSES SOUTH,23319,280.43,3150,-1600
07/31/2025 02:40,SCH - HQ - NY,23324,-94,1450,-275
07/31/2025 02:40,SCH - HQ_CEDARS,325274,0,270,-40
07/31/2025 02:40,SCH - HQ_IMPORT_EXPORT,325376,-94,1310,-9999
07/31/2025 02:40,SCH - NE - NY,23318,-994.08,1400,-1600
07/31/2025 02:40,SCH - NPX_1385,325277,25,125,-125
07/31/2025 02:40,SCH - NPX_CSC,325154,330,330,-330
07/31/2025 02:40,SCH - OH - NY,23317,1400.03,2000,-1600
07/31/2025 02:40,SCH - PJ - NY,23316,1378.15,2000,-1050
07/31/2025 02:40,SCH - PJM_HTP,325905,660,660,-660
07/31/2025 02:40,SCH - PJM_NEPTUNE,325305,660,660,-660
07/31/2025 02:40,SCH - PJM_VFT,325658,315,315,-315
07/31/2025 02:40,SPR/DUN-SOUTH,23320,1881.77,4600,-9999
07/31/2025 02:40,TOTAL EAST,23314,3305.68,7550,-9999
07/31/2025 02:40,UPNY CONED,23315,3705.23,7320,-9999
07/31/2025 02:40,WEST CENTRAL,23312,-305.59,9999,-9999
07/31/2025 02:45,CENTRAL EAST - VC,23330,1792.29,3150,-9999
07/31/2025 02:45,DYSINGER EAST,23326,248.66,3200,-9999
07/31/2025 02:45,MOSES SOUTH,23319,275.77,3150,-1600
07/31/2025 02:45,SCH - HQ - NY,23324,-94,1450,-275
07/31/2025 02:45,SCH - HQ_CEDARS,325274,0,270,-40
07/31/2025 02:45,SCH - HQ_IMPORT_EXPORT,325376,-94,1310,-9999
07/31/2025 02:45,SCH - NE - NY,23318,-945.1,1400,-1600
07/31/2025 02:45,SCH - NPX_1385,325277,25,125,-125
07/31/2025 02:45,SCH - NPX_CSC,325154,330,330,-330
07/31/2025 02:45,SCH - OH - NY,23317,1400.02,2000,-1600
07/31/2025 02:45,SCH - PJ - NY,23316,1376.23,2000,-1050
07/31/2025 02:45,SCH - PJM_HTP,325905,660,660,-660
07/31/2025 02:45,SCH - PJM_NEPTUNE,325305,660,660,-660
07/31/2025 02:45,SCH - PJM_VFT,325658,315,315,-315
07/31/2025 02:45,SPR/DUN-SOUTH,23320,1950.24,4600,-9999
07/31/2025 02:45,TOTAL EAST,23314,3332.72,7550,-9999
07/31/2025 02:45,UPNY CONED,23315,3757.1,7320,-9999
07/31/2025 02:45,WEST CENTRAL,23312,-282,9999,-9999
07/31/2025 02:50,CENTRAL EAST - VC,23330,1765.68,3150,-9999
07/31/2025 02:50,DYSINGER EAST,23326,250.61,3200,-9999
07/31/2025 02:50,MOSES SOUTH,23319,288.64,3150,-1600
07/31/2025 02:50,SCH - HQ - NY,23324,-94,1450,-275
07/31/2025 02:50,SCH - HQ_CEDARS,325274,0,270,-40
07/31/2025 02:50,SCH - HQ_IMPORT_EXPORT,325376,-94,1310,-9999
07/31/2025 02:50,SCH - NE - NY,23318,-897.2,1400,-1600
07/31/2025 02:50,SCH - NPX_1385,325277,25,125,-125
07/31/2025 02:50,SCH - NPX_CSC,325154,330,330,-330
07/31/2025 02:50,SCH - OH - NY,23317,1400.01,2000,-1600
07/31/2025 02:50,SCH - PJ - NY,23316,1376.34,2000,-1050
07/31/2025 02:50,SCH - PJM_HTP,325905,660,660,-660
07/31/2025 02:50,SCH - PJM_NEPTUNE,325305,660,660,-660
07/31/2025 02:50,SCH - PJM_VFT,325658,315,315,-315
07/31/2025 02:50,SPR/DUN-SOUTH,23320,1989.15,4600,-9999
07/31/2025 02:50,TOTAL EAST,23314,3320.34,7550,-9999
07/31/2025 02:50,UPNY CONED,23315,3772.77,7320,-9999
07/31/2025 02:50,WEST CENTRAL,23312,-276.17,9999,-9999
07/31/2025 02:55,CENTRAL EAST - VC,23330,1836.25,3150,-9999
07/31/2025 02:55,DYSINGER EAST,23326,288.22,3200,-9999
07/31/2025 02:55,MOSES SOUTH,23319,289.32,3150,-1600
07/31/2025 02:55,SCH - HQ - NY,23324,-94,1450,-275
07/31/2025 02:55,SCH - HQ_CEDARS,325274,0,270,-40
07/31/2025 02:55,SCH - HQ_IMPORT_EXPORT,325376,-94,1310,-9999
07/31/2025 02:55,SCH - NE - NY,23318,-897.18,1400,-1600
07/31/2025 02:55,SCH - NPX_1385,325277,25,125,-125
07/31/2025 02:55,SCH - NPX_CSC,325154,330,330,-330
07/31/2025 02:55,SCH - OH - NY,23317,1399.94,2000,-1600
07/31/2025 02:55,SCH - PJ - NY,23316,1376.43,2000,-1050
07/31/2025 02:55,SCH - PJM_HTP,325905,660,660,-660
07/31/2025 02:55,SCH - PJM_NEPTUNE,325305,660,660,-660
07/31/2025 02:55,SCH - PJM_VFT,325658,315,315,-315
07/31/2025 02:55,SPR/DUN-SOUTH,23320,2081.23,4600,-9999
07/31/2025 02:55,TOTAL EAST,23314,3391.86,7550,-9999
07/31/2025 02:55,UPNY CONED,23315,3853.77,7320,-9999
07/31/2025 02:55,WEST CENTRAL,23312,-236.25,9999,-9999
07/31/2025 03:00,CENTRAL EAST - VC,23330,1813.6,3150,-9999
07/31/2025 03:00,DYSINGER EAST,23326,255.91,3200,-9999
07/31/2025 03:00,MOSES SOUTH,23319,286.13,3150,-1600
07/31/2025 03:00,SCH - HQ - NY,23324,-94,1450,-275
07/31/2025 03:00,SCH - HQ_CEDARS,325274,0,270,-40
07/31/2025 03:00,SCH - HQ_IMPORT_EXPORT,325376,-94,1310,-9999
07/31/2025 03:00,SCH - NE - NY,23318,-937.14,1400,-1600
07/31/2025 03:00,SCH - NPX_1385,325277,16,125,-125
07/31/2025 03:00,SCH - NPX_CSC,325154,330,330,-330
07/31/2025 03:00,SCH - OH - NY,23317,1399.98,2000,-1600
07/31/2025 03:00,SCH - PJ - NY,23316,1341.32,2000,-1050
07/31/2025 03:00,SCH - PJM_HTP,325905,660,660,-660
07/31/2025 03:00,SCH - PJM_NEPTUNE,325305,660,660,-660
07/31/2025 03:00,SCH - PJM_VFT,325658,315,315,-315
07/31/2025 03:00,SPR/DUN-SOUTH,23320,1722.36,4600,-9999
07/31/2025 03:00,TOTAL EAST,23314,3460.6,7550,-9999
07/31/2025 03:00,UPNY CONED,23315,3501.4,7320,-9999
07/31/2025 03:00,WEST CENTRAL,23312,-262.93,9999,-9999
07/31/2025 03:05,CENTRAL EAST - VC,23330,1827.66,3150,-9999
07/31/2025 03:05,DYSINGER EAST,23326,279.33,3200,-9999
07/31/2025 03:05,MOSES SOUTH,23319,343.18,3150,-1600
07/31/2025 03:05,SCH - HQ - NY,23324,-94,1450,-275
07/31/2025 03:05,SCH - HQ_CEDARS,325274,0,270,-40
07/31/2025 03:05,SCH - HQ_IMPORT_EXPORT,325376,-94,1310,-9999
07/31/2025 03:05,SCH - NE - NY,23318,-978.04,1400,-1600
07/31/2025 03:05,SCH - NPX_1385,325277,7,125,-125
07/31/2025 03:05,SCH - NPX_CSC,325154,330,330,-330
07/31/2025 03:05,SCH - OH - NY,23317,1399.76,2000,-1600
07/31/2025 03:05,SCH - PJ - NY,23316,1306.33,2000,-1050
07/31/2025 03:05,SCH - PJM_HTP,325905,660,660,-660
07/31/2025 03:05,SCH - PJM_NEPTUNE,325305,660,660,-660
07/31/2025 03:05,SCH - PJM_VFT,325658,315,315,-315
07/31/2025 03:05,SPR/DUN-SOUTH,23320,1596.17,4600,-9999
07/31/2025 03:05,TOTAL EAST,23314,3473.77,7550,-9999
07/31/2025 03:05,UPNY CONED,23315,3363.72,7320,-9999
07/31/2025 03:05,WEST CENTRAL,23312,-239.08,9999,-9999
07/31/2025 03:10,CENTRAL EAST - VC,23330,1926,3150,-9999
07/31/2025 03:10,DYSINGER EAST,23326,293.18,3200,-9999
07/31/2025 03:10,MOSES SOUTH,23319,320.9,3150,-1600
07/31/2025 03:10,SCH - HQ - NY,23324,-94,1450,-275
07/31/2025 03:10,SCH - HQ_CEDARS,325274,0,270,-40
07/31/2025 03:10,SCH - HQ_IMPORT_EXPORT,325376,-94,1310,-9999
07/31/2025 03:10,SCH - NE - NY,23318,-978.08,1400,-1600
07/31/2025 03:10,SCH - NPX_1385,325277,7,125,-125
07/31/2025 03:10,SCH - NPX_CSC,325154,330,330,-330
07/31/2025 03:10,SCH - OH - NY,23317,1399.85,2000,-1600
07/31/2025 03:10,SCH - PJ - NY,23316,1309.32,2000,-1050
07/31/2025 03:10,SCH - PJM_HTP,325905,660,660,-660
07/31/2025 03:10,SCH - PJM_NEPTUNE,325305,660,660,-660
07/31/2025 03:10,SCH - PJM_VFT,325658,315,315,-315
07/31/2025 03:10,SPR/DUN-SOUTH,23320,1605.45,4600,-9999
07/31/2025 03:10,TOTAL EAST,23314,3484.46,7550,-9999
07/31/2025 03:10,UPNY CONED,23315,3363.79,7320,-9999
07/31/2025 03:10,WEST CENTRAL,23312,-218.84,9999,-9999
07/31/2025 03:15,CENTRAL EAST - VC,23330,1986.5,3150,-9999
07/31/2025 03:15,DYSINGER EAST,23326,294.54,3200,-9999
07/31/2025 03:15,MOSES SOUTH,23319,323.12,3150,-1600
07/31/2025 03:15,SCH - HQ - NY,23324,-94,1450,-275
07/31/2025 03:15,SCH - HQ_CEDARS,325274,0,270,-40
07/31/2025 03:15,SCH - HQ_IMPORT_EXPORT,325376,-94,1310,-9999
07/31/2025 03:15,SCH - NE - NY,23318,-937.07,1400,-1600
07/31/2025 03:15,SCH - NPX_1385,325277,7,125,-125
07/31/2025 03:15,SCH - NPX_CSC,325154,330,330,-330
07/31/2025 03:15,SCH - OH - NY,23317,1399.84,2000,-1600
07/31/2025 03:15,SCH - PJ - NY,23316,1306.36,2000,-1050
07/31/2025 03:15,SCH - PJM_HTP,325905,660,660,-660
07/31/2025 03:15,SCH - PJM_NEPTUNE,325305,660,660,-660
07/31/2025 03:15,SCH - PJM_VFT,325658,315,315,-315
07/31/2025 03:15,SPR/DUN-SOUTH,23320,1645.43,4600,-9999
07/31/2025 03:15,TOTAL EAST,23314,3490.84,7550,-9999
07/31/2025 03:15,UPNY CONED,23315,3395.06,7320,-9999
07/31/2025 03:15,WEST CENTRAL,23312,-214.14,9999,-9999
07/31/2025 03:20,CENTRAL EAST - VC,23330,1971.85,3150,-9999
07/31/2025 03:20,DYSINGER EAST,23326,306.98,3200,-9999
07/31/2025 03:20,MOSES SOUTH,23319,344.35,3150,-1600
07/31/2025 03:20,SCH - HQ - NY,23324,-94,1450,-275
07/31/2025 03:20,SCH - HQ_CEDARS,325274,0,270,-40
07/31/2025 03:20,SCH - HQ_IMPORT_EXPORT,325376,-94,1310,-9999
07/31/2025 03:20,SCH - NE - NY,23318,-897.11,1400,-1600
07/31/2025 03:20,SCH - NPX_1385,325277,7,125,-125
07/31/2025 03:20,SCH - NPX_CSC,325154,330,330,-330
07/31/2025 03:20,SCH - OH - NY,23317,1399.77,2000,-1600
07/31/2025 03:20,SCH - PJ - NY,23316,1309.44,2000,-1050
07/31/2025 03:20,SCH - PJM_HTP,325905,660,660,-660
07/31/2025 03:20,SCH - PJM_NEPTUNE,325305,660,660,-660
07/31/2025 03:20,SCH - PJM_VFT,325658,315,315,-315
07/31/2025 03:20,SPR/DUN-SOUTH,23320,1684.87,4600,-9999
07/31/2025 03:20,TOTAL EAST,23314,3502.24,7550,-9999
07/31/2025 03:20,UPNY CONED,23315,3421.52,7320,-9999
07/31/2025 03:20,WEST CENTRAL,23312,-199.84,9999,-9999
07/31/2025 03:25,CENTRAL EAST - VC,23330,1958.96,3150,-9999
07/31/2025 03:25,DYSINGER EAST,23326,260.82,3200,-9999
07/31/2025 03:25,MOSES SOUTH,23319,319.02,3150,-1600
07/31/2025 03:25,SCH - HQ - NY,23324,-94,1450,-275
07/31/2025 03:25,SCH - HQ_CEDARS,325274,0,270,-40
07/31/2025 03:25,SCH - HQ_IMPORT_EXPORT,325376,-94,1310,-9999
07/31/2025 03:25,SCH - NE - NY,23318,-897.13,1400,-1600
07/31/2025 03:25,SCH - NPX_1385,325277,7,125,-125
07/31/2025 03:25,SCH - NPX_CSC,325154,330,330,-330
07/31/2025 03:25,SCH - OH - NY,23317,1399.97,2000,-1600
07/31/2025 03:25,SCH - PJ - NY,23316,1307.32,2000,-1050
07/31/2025 03:25,SCH - PJM_HTP,325905,660,660,-660
07/31/2025 03:25,SCH - PJM_NEPTUNE,325305,660,660,-660
07/31/2025 03:25,SCH - PJM_VFT,325658,315,315,-315
07/31/2025 03:25,SPR/DUN-SOUTH,23320,1724.84,4600,-9999
07/31/2025 03:25,TOTAL EAST,23314,3529.64,7550,-9999
07/31/2025 03:25,UPNY CONED,23315,3446.63,7320,-9999
07/31/2025 03:25,WEST CENTRAL,23312,-244,9999,-9999
07/31/2025 03:30,CENTRAL EAST - VC,23330,1951.78,3150,-9999
07/31/2025 03:30,DYSINGER EAST,23326,305.9,3200,-9999
07/31/2025 03:30,MOSES SOUTH,23319,340.37,3150,-1600
07/31/2025 03:30,SCH - HQ - NY,23324,-94,1450,-275
07/31/2025 03:30,SCH - HQ_CEDARS,325274,0,270,-40
07/31/2025 03:30,SCH - HQ_IMPORT_EXPORT,325376,-94,1310,-9999
07/31/2025 03:30,SCH - NE - NY,23318,-882.14,1400,-1600
07/31/2025 03:30,SCH - NPX_1385,325277,7,125,-125
07/31/2025 03:30,SCH - NPX_CSC,325154,330,330,-330
07/31/2025 03:30,SCH - OH - NY,23317,1399.78,2000,-1600
07/31/2025 03:30,SCH - PJ - NY,23316,1308.48,2000,-1050
07/31/2025 03:30,SCH - PJM_HTP,325905,660,660,-660
07/31/2025 03:30,SCH - PJM_NEPTUNE,325305,660,660,-660
07/31/2025 03:30,SCH - PJM_VFT,325658,315,315,-315
07/31/2025 03:30,SPR/DUN-SOUTH,23320,1753.42,4600,-9999
07/31/2025 03:30,TOTAL EAST,23314,3517.69,7550,-9999
07/31/2025 03:30,UPNY CONED,23315,3449.89,7320,-9999
07/31/2025 03:30,WEST CENTRAL,23312,-198.98,9999,-9999
07/31/2025 03:35,CENTRAL EAST - VC,23330,1991.68,3150,-9999
07/31/2025 03:35,DYSINGER EAST,23326,302.89,3200,-9999
07/31/2025 03:35,MOSES SOUTH,23319,353.74,3150,-1600
07/31/2025 03:35,SCH - HQ - NY,23324,-94,1450,-275
07/31/2025 03:35,SCH - HQ_CEDARS,325274,0,270,-40
07/31/2025 03:35,SCH - HQ_IMPORT_EXPORT,325376,-94,1310,-9999
07/31/2025 03:35,SCH - NE - NY,23318,-867.13,1400,-1600
07/31/2025 03:35,SCH - NPX_1385,325277,7,125,-125
07/31/2025 03:35,SCH - NPX_CSC,325154,330,330,-330
07/31/2025 03:35,SCH - OH - NY,23317,1399.74,2000,-1600
07/31/2025 03:35,SCH - PJ - NY,23316,1307.52,2000,-1050
07/31/2025 03:35,SCH - PJM_HTP,325905,660,660,-660
07/31/2025 03:35,SCH - PJM_NEPTUNE,325305,660,660,-660
07/31/2025 03:35,SCH - PJM_VFT,325658,315,315,-315
07/31/2025 03:35,SPR/DUN-SOUTH,23320,1821.08,4600,-9999
07/31/2025 03:35,TOTAL EAST,23314,3527.23,7550,-9999
07/31/2025 03:35,UPNY CONED,23315,3504.94,7320,-9999
07/31/2025 03:35,WEST CENTRAL,23312,-200.8,9999,-9999
07/31/2025 03:40,CENTRAL EAST - VC,23330,1949.72,3150,-9999
07/31/2025 03:40,DYSINGER EAST,23326,291.05,3200,-9999
07/31/2025 03:40,MOSES SOUTH,23319,350.25,3150,-1600
07/31/2025 03:40,SCH - HQ - NY,23324,-94,1450,-275
07/31/2025 03:40,SCH - HQ_CEDARS,325274,0,270,-40
07/31/2025 03:40,SCH - HQ_IMPORT_EXPORT,325376,-94,1310,-9999
07/31/2025 03:40,SCH - NE - NY,23318,-867.15,1400,-1600
07/31/2025 03:40,SCH - NPX_1385,325277,7,125,-125
07/31/2025 03:40,SCH - NPX_CSC,325154,330,330,-330
07/31/2025 03:40,SCH - OH - NY,23317,1399.79,2000,-1600
07/31/2025 03:40,SCH - PJ - NY,23316,1308.48,2000,-1050
07/31/2025 03:40,SCH - PJM_HTP,325905,660,660,-660
07/31/2025 03:40,SCH - PJM_NEPTUNE,325305,660,660,-660
07/31/2025 03:40,SCH - PJM_VFT,325658,315,315,-315
07/31/2025 03:40,SPR/DUN-SOUTH,23320,1781.8,4600,-9999
07/31/2025 03:40,TOTAL EAST,23314,3508.87,7550,-9999
07/31/2025 03:40,UPNY CONED,23315,3458.22,7320,-9999
07/31/2025 03:40,WEST CENTRAL,23312,-208.82,9999,-9999
07/31/2025 03:45,CENTRAL EAST - VC,23330,2013.61,3150,-9999
07/31/2025 03:45,DYSINGER EAST,23326,348.02,3200,-9999
07/31/2025 03:45,MOSES SOUTH,23319,357.95,3150,-1600
07/31/2025 03:45,SCH - HQ - NY,23324,-94,1450,-275
07/31/2025 03:45,SCH - HQ_CEDARS,325274,0,270,-40
07/31/2025 03:45,SCH - HQ_IMPORT_EXPORT,325376,-94,1310,-9999
07/31/2025 03:45,SCH - NE - NY,23318,-867.16,1400,-1600
07/31/2025 03:45,SCH - NPX_1385,325277,7,125,-125
07/31/2025 03:45,SCH - NPX_CSC,325154,330,330,-330
07/31/2025 03:45,SCH - OH - NY,23317,1395.07,2000,-1600
07/31/2025 03:45,SCH - PJ - NY,23316,1312.21,2000,-1050
07/31/2025 03:45,SCH - PJM_HTP,325905,660,660,-660
07/31/2025 03:45,SCH - PJM_NEPTUNE,325305,660,660,-660
07/31/2025 03:45,SCH - PJM_VFT,325658,315,315,-315
07/31/2025 03:45,SPR/DUN-SOUTH,23320,1912.2,4600,-9999
07/31/2025 03:45,TOTAL EAST,23314,3582.46,7550,-9999
07/31/2025 03:45,UPNY CONED,23315,3580.85,7320,-9999
07/31/2025 03:45,WEST CENTRAL,23312,-147.77,9999,-9999
07/31/2025 03:50,CENTRAL EAST - VC,23330,2005.43,3150,-9999
07/31/2025 03:50,DYSINGER EAST,23326,356.33,3200,-9999
07/31/2025 03:50,MOSES SOUTH,23319,384.01,3150,-1600
07/31/2025 03:50,SCH - HQ - NY,23324,-94,1450,-275
07/31/2025 03:50,SCH - HQ_CEDARS,325274,0,270,-40
07/31/2025 03:50,SCH - HQ_IMPORT_EXPORT,325376,-94,1310,-9999
07/31/2025 03:50,SCH - NE - NY,23318,-867.17,1400,-1600
07/31/2025 03:50,SCH - NPX_1385,325277,7,125,-125
07/31/2025 03:50,SCH - NPX_CSC,325154,330,330,-330
07/31/2025 03:50,SCH - OH - NY,23317,1396.41,2000,-1600
07/31/2025 03:50,SCH - PJ - NY,23316,1311.84,2000,-1050
07/31/2025 03:50,SCH - PJM_HTP,325905,660,660,-660
07/31/2025 03:50,SCH - PJM_NEPTUNE,325305,660,660,-660
07/31/2025 03:50,SCH - PJM_VFT,325658,315,315,-315
07/31/2025 03:50,SPR/DUN-SOUTH,23320,1901.38,4600,-9999
07/31/2025 03:50,TOTAL EAST,23314,3594.97,7550,-9999
07/31/2025 03:50,UPNY CONED,23315,3553.22,7320,-9999
07/31/2025 03:50,WEST CENTRAL,23312,-135.64,9999,-9999
07/31/2025 03:55,CENTRAL EAST - VC,23330,2031.69,3150,-9999
07/31/2025 03:55,DYSINGER EAST,23326,348.83,3200,-9999
07/31/2025 03:55,MOSES SOUTH,23319,388.14,3150,-1600
07/31/2025 03:55,SCH - HQ - NY,23324,-94,1450,-275
07/31/2025 03:55,SCH - HQ_CEDARS,325274,0,270,-40
07/31/2025 03:55,SCH - HQ_IMPORT_EXPORT,325376,-94,1310,-9999
07/31/2025 03:55,SCH - NE - NY,23318,-867.14,1400,-1600
07/31/2025 03:55,SCH - NPX_1385,325277,7,125,-125
07/31/2025 03:55,SCH - NPX_CSC,325154,330,330,-330
07/31/2025 03:55,SCH - OH - NY,23317,1395.74,2000,-1600
07/31/2025 03:55,SCH - PJ - NY,23316,1311.46,2000,-1050
07/31/2025 03:55,SCH - PJM_HTP,325905,660,660,-660
07/31/2025 03:55,SCH - PJM_NEPTUNE,325305,660,660,-660
07/31/2025 03:55,SCH - PJM_VFT,325658,315,315,-315
07/31/2025 03:55,SPR/DUN-SOUTH,23320,1915.39,4600,-9999
07/31/2025 03:55,TOTAL EAST,23314,3635.47,7550,-9999
07/31/2025 03:55,UPNY CONED,23315,3557.07,7320,-9999
07/31/2025 03:55,WEST CENTRAL,23312,-139.06,9999,-9999
07/31/2025 04:00,CENTRAL EAST - VC,23330,2034.73,3150,-9999
07/31/2025 04:00,DYSINGER EAST,23326,373.65,3200,-9999
07/31/2025 04:00,MOSES SOUTH,23319,381.79,3150,-1600
07/31/2025 04:00,SCH - HQ - NY,23324,-94,1450,-275
07/31/2025 04:00,SCH - HQ_CEDARS,325274,0,270,-40
07/31/2025 04:00,SCH - HQ_IMPORT_EXPORT,325376,-94,1310,-9999
07/31/2025 04:00,SCH - NE - NY,23318,-867.12,1400,-1600
07/31/2025 04:00,SCH - NPX_1385,325277,3,125,-125
07/31/2025 04:00,SCH - NPX_CSC,325154,330,330,-330
07/31/2025 04:00,SCH - OH - NY,23317,1399.62,2000,-1600
07/31/2025 04:00,SCH - PJ - NY,23316,1394.62,2000,-1050
07/31/2025 04:00,SCH - PJM_HTP,325905,660,660,-660
07/31/2025 04:00,SCH - PJM_NEPTUNE,325305,660,660,-660
07/31/2025 04:00,SCH - PJM_VFT,325658,315,315,-315
07/31/2025 04:00,SPR/DUN-SOUTH,23320,1973.4,4600,-9999
07/31/2025 04:00,TOTAL EAST,23314,3680.95,7550,-9999
07/31/2025 04:00,UPNY CONED,23315,3597,7320,-9999
07/31/2025 04:00,WEST CENTRAL,23312,-113.08,9999,-9999
07/31/2025 04:05,CENTRAL EAST - VC,23330,2032.39,3150,-9999
07/31/2025 04:05,DYSINGER EAST,23326,411.93,3200,-9999
07/31/2025 04:05,MOSES SOUTH,23319,385.75,3150,-1600
07/31/2025 04:05,SCH - HQ - NY,23324,-94,1450,-275
07/31/2025 04:05,SCH - HQ_CEDARS,325274,0,270,-40
07/31/2025 04:05,SCH - HQ_IMPORT_EXPORT,325376,-94,1310,-9999
07/31/2025 04:05,SCH - NE - NY,23318,-868.17,1400,-1600
07/31/2025 04:05,SCH - NPX_1385,325277,-1,125,-125
07/31/2025 04:05,SCH - NPX_CSC,325154,330,330,-330
07/31/2025 04:05,SCH - OH - NY,23317,1395.66,2000,-1600
07/31/2025 04:05,SCH - PJ - NY,23316,1485.62,2000,-1050
07/31/2025 04:05,SCH - PJM_HTP,325905,660,660,-660
07/31/2025 04:05,SCH - PJM_NEPTUNE,325305,660,660,-660
07/31/2025 04:05,SCH - PJM_VFT,325658,315,315,-315
07/31/2025 04:05,SPR/DUN-SOUTH,23320,1999.11,4600,-9999
07/31/2025 04:05,TOTAL EAST,23314,3732.39,7550,-9999
07/31/2025 04:05,UPNY CONED,23315,3625.95,7320,-9999
07/31/2025 04:05,WEST CENTRAL,23312,-74.91,9999,-9999
07/31/2025 04:10,CENTRAL EAST - VC,23330,2046.88,3150,-9999
07/31/2025 04:10,DYSINGER EAST,23326,417,3200,-9999
07/31/2025 04:10,MOSES SOUTH,23319,381.04,3150,-1600
07/31/2025 04:10,SCH - HQ - NY,23324,-94,1450,-275
07/31/2025 04:10,SCH - HQ_CEDARS,325274,0,270,-40
07/31/2025 04:10,SCH - HQ_IMPORT_EXPORT,325376,-94,1310,-9999
07/31/2025 04:10,SCH - NE - NY,23318,-868.22,1400,-1600
07/31/2025 04:10,SCH - NPX_1385,325277,-1,125,-125
07/31/2025 04:10,SCH - NPX_CSC,325154,330,330,-330
07/31/2025 04:10,SCH - OH - NY,23317,1396,2000,-1600
07/31/2025 04:10,SCH - PJ - NY,23316,1484.37,2000,-1050
07/31/2025 04:10,SCH - PJM_HTP,325905,660,660,-660
07/31/2025 04:10,SCH - PJM_NEPTUNE,325305,660,660,-660
07/31/2025 04:10,SCH - PJM_VFT,325658,315,315,-315
07/31/2025 04:10,SPR/DUN-SOUTH,23320,2002.4,4600,-9999
07/31/2025 04:10,TOTAL EAST,23314,3710.67,7550,-9999
07/31/2025 04:10,UPNY CONED,23315,3615.75,7320,-9999
07/31/2025 04:10,WEST CENTRAL,23312,-69.85,9999,-9999
07/31/2025 04:15,CENTRAL EAST - VC,23330,2041.95,3150,-9999
07/31/2025 04:15,DYSINGER EAST,23326,475.64,3200,-9999
07/31/2025 04:15,MOSES SOUTH,23319,410.88,3150,-1600
07/31/2025 04:15,SCH - HQ - NY,23324,-94,1450,-275
07/31/2025 04:15,SCH - HQ_CEDARS,325274,0,270,-40
07/31/2025 04:15,SCH - HQ_IMPORT_EXPORT,325376,-94,1310,-9999
07/31/2025 04:15,SCH - NE - NY,23318,-875.21,1400,-1600
07/31/2025 04:15,SCH - NPX_1385,325277,-1,125,-125
07/31/2025 04:15,SCH - NPX_CSC,325154,330,330,-330
07/31/2025 04:15,SCH - OH - NY,23317,1400.28,2000,-1600
07/31/2025 04:15,SCH - PJ - NY,23316,1481.97,2000,-1050
07/31/2025 04:15,SCH - PJM_HTP,325905,660,660,-660
07/31/2025 04:15,SCH - PJM_NEPTUNE,325305,660,660,-660
07/31/2025 04:15,SCH - PJM_VFT,325658,315,315,-315
07/31/2025 04:15,SPR/DUN-SOUTH,23320,1959.75,4600,-9999
07/31/2025 04:15,TOTAL EAST,23314,3695.34,7550,-9999
07/31/2025 04:15,UPNY CONED,23315,3569.42,7320,-9999
07/31/2025 04:15,WEST CENTRAL,23312,-12.62,9999,-9999
07/31/2025 04:20,CENTRAL EAST - VC,23330,2037.73,3150,-9999
07/31/2025 04:20,DYSINGER EAST,23326,493.94,3200,-9999
07/31/2025 04:20,MOSES SOUTH,23319,404.6,3150,-1600
07/31/2025 04:20,SCH - HQ - NY,23324,-94,1450,-275
07/31/2025 04:20,SCH - HQ_CEDARS,325274,0,270,-40
07/31/2025 04:20,SCH - HQ_IMPORT_EXPORT,325376,-94,1310,-9999
07/31/2025 04:20,SCH - NE - NY,23318,-882.18,1400,-1600
07/31/2025 04:20,SCH - NPX_1385,325277,-1,125,-125
07/31/2025 04:20,SCH - NPX_CSC,325154,330,330,-330
07/31/2025 04:20,SCH - OH - NY,23317,1400.38,2000,-1600
07/31/2025 04:20,SCH - PJ - NY,23316,1479.9,2000,-1050
07/31/2025 04:20,SCH - PJM_HTP,325905,660,660,-660
07/31/2025 04:20,SCH - PJM_NEPTUNE,325305,660,660,-660
07/31/2025 04:20,SCH - PJM_VFT,325658,315,315,-315
07/31/2025 04:20,SPR/DUN-SOUTH,23320,1960.31,4600,-9999
07/31/2025 04:20,TOTAL EAST,23314,3709.34,7550,-9999
07/31/2025 04:20,UPNY CONED,23315,3567.02,7320,-9999
07/31/2025 04:20,WEST CENTRAL,23312,5.48,9999,-9999
07/31/2025 04:25,CENTRAL EAST - VC,23330,2040.97,3150,-9999
07/31/2025 04:25,DYSINGER EAST,23326,454.87,3200,-9999
07/31/2025 04:25,MOSES SOUTH,23319,394.25,3150,-1600
07/31/2025 04:25,SCH - HQ - NY,23324,-94,1450,-275
07/31/2025 04:25,SCH - HQ_CEDARS,325274,0,270,-40
07/31/2025 04:25,SCH - HQ_IMPORT_EXPORT,325376,-94,1310,-9999
07/31/2025 04:25,SCH - NE - NY,23318,-882.14,1400,-1600
07/31/2025 04:25,SCH - NPX_1385,325277,-1,125,-125
07/31/2025 04:25,SCH - NPX_CSC,325154,330,330,-330
07/31/2025 04:25,SCH - OH - NY,23317,1398.53,2000,-1600
07/31/2025 04:25,SCH - PJ - NY,23316,1481.72,2000,-1050
07/31/2025 04:25,SCH - PJM_HTP,325905,660,660,-660
07/31/2025 04:25,SCH - PJM_NEPTUNE,325305,660,660,-660
07/31/2025 04:25,SCH - PJM_VFT,325658,315,315,-315
07/31/2025 04:25,SPR/DUN-SOUTH,23320,1974.24,4600,-9999
07/31/2025 04:25,TOTAL EAST,23314,3713.34,7550,-9999
07/31/2025 04:25,UPNY CONED,23315,3571.69,7320,-9999
07/31/2025 04:25,WEST CENTRAL,23312,-33.45,9999,-9999
07/31/2025 04:30,CENTRAL EAST - VC,23330,2059.13,3150,-9999
07/31/2025 04:30,DYSINGER EAST,23326,447.57,3200,-9999
07/31/2025 04:30,MOSES SOUTH,23319,401.05,3150,-1600
07/31/2025 04:30,SCH - HQ - NY,23324,-94,1450,-275
07/31/2025 04:30,SCH - HQ_CEDARS,325274,0,270,-40
07/31/2025 04:30,SCH - HQ_IMPORT_EXPORT,325376,-94,1310,-9999
07/31/2025 04:30,SCH - NE - NY,23318,-885.13,1400,-1600
07/31/2025 04:30,SCH - NPX_1385,325277,-1,125,-125
07/31/2025 04:30,SCH - NPX_CSC,325154,330,330,-330
07/31/2025 04:30,SCH - OH - NY,23317,1398.03,2000,-1600
07/31/2025 04:30,SCH - PJ - NY,23316,1479.19,2000,-1050
07/31/2025 04:30,SCH - PJM_HTP,325905,660,660,-660
07/31/2025 04:30,SCH - PJM_NEPTUNE,325305,660,660,-660
07/31/2025 04:30,SCH - PJM_VFT,325658,315,315,-315
07/31/2025 04:30,SPR/DUN-SOUTH,23320,2002.31,4600,-9999
07/31/2025 04:30,TOTAL EAST,23314,3743.59,7550,-9999
07/31/2025 04:30,UPNY CONED,23315,3592.81,7320,-9999
07/31/2025 04:30,WEST CENTRAL,23312,-38.72,9999,-9999
07/31/2025 04:35,CENTRAL EAST - VC,23330,2054.97,3150,-9999
07/31/2025 04:35,DYSINGER EAST,23326,477.88,3200,-9999
07/31/2025 04:35,MOSES SOUTH,23319,394.38,3150,-1600
07/31/2025 04:35,SCH - HQ - NY,23324,-94,1450,-275
07/31/2025 04:35,SCH - HQ_CEDARS,325274,0,270,-40
07/31/2025 04:35,SCH - HQ_IMPORT_EXPORT,325376,-94,1310,-9999
07/31/2025 04:35,SCH - NE - NY,23318,-888.12,1400,-1600
07/31/2025 04:35,SCH - NPX_1385,325277,-1,125,-125
07/31/2025 04:35,SCH - NPX_CSC,325154,330,330,-330
07/31/2025 04:35,SCH - OH - NY,23317,1399.81,2000,-1600
07/31/2025 04:35,SCH - PJ - NY,23316,1478.47,2000,-1050
07/31/2025 04:35,SCH - PJM_HTP,325905,660,660,-660
07/31/2025 04:35,SCH - PJM_NEPTUNE,325305,660,660,-660
07/31/2025 04:35,SCH - PJM_VFT,325658,315,315,-315
07/31/2025 04:35,SPR/DUN-SOUTH,23320,2003.69,4600,-9999
07/31/2025 04:35,TOTAL EAST,23314,3732.5,7550,-9999
07/31/2025 04:35,UPNY CONED,23315,3585.84,7320,-9999
07/31/2025 04:35,WEST CENTRAL,23312,-7.54,9999,-9999
07/31/2025 04:40,CENTRAL EAST - VC,23330,1968.2,3150,-9999
07/31/2025 04:40,DYSINGER EAST,23326,433.82,3200,-9999
07/31/2025 04:40,MOSES SOUTH,23319,313.81,3150,-1600
07/31/2025 04:40,SCH - HQ - NY,23324,-94,1450,-275
07/31/2025 04:40,SCH - HQ_CEDARS,325274,0,270,-40
07/31/2025 04:40,SCH - HQ_IMPORT_EXPORT,325376,-94,1310,-9999
07/31/2025 04:40,SCH - NE - NY,23318,-888.14,1400,-1600
07/31/2025 04:40,SCH - NPX_1385,325277,-1,125,-125
07/31/2025 04:40,SCH - NPX_CSC,325154,330,330,-330
07/31/2025 04:40,SCH - OH - NY,23317,1394.94,2000,-1600
07/31/2025 04:40,SCH - PJ - NY,23316,1487.49,2000,-1050
07/31/2025 04:40,SCH - PJM_HTP,325905,660,660,-660
07/31/2025 04:40,SCH - PJM_NEPTUNE,325305,660,660,-660
07/31/2025 04:40,SCH - PJM_VFT,325658,315,315,-315
07/31/2025 04:40,SPR/DUN-SOUTH,23320,1971.83,4600,-9999
07/31/2025 04:40,TOTAL EAST,23314,3743.58,7550,-9999
07/31/2025 04:40,UPNY CONED,23315,3552.48,7320,-9999
07/31/2025 04:40,WEST CENTRAL,23312,-43.43,9999,-9999
07/31/2025 04:45,CENTRAL EAST - VC,23330,1913.56,3150,-9999
07/31/2025 04:45,DYSINGER EAST,23326,272.09,3200,-9999
07/31/2025 04:45,MOSES SOUTH,23319,279.7,3150,-1600
07/31/2025 04:45,SCH - HQ - NY,23324,-94,1450,-275
07/31/2025 04:45,SCH - HQ_CEDARS,325274,0,270,-40
07/31/2025 04:45,SCH - HQ_IMPORT_EXPORT,325376,-94,1310,-9999
07/31/2025 04:45,SCH - NE - NY,23318,-936.87,1400,-1600
07/31/2025 04:45,SCH - NPX_1385,325277,-1,125,-125
07/31/2025 04:45,SCH - NPX_CSC,325154,330,330,-330
07/31/2025 04:45,SCH - OH - NY,23317,1400.37,2000,-1600
07/31/2025 04:45,SCH - PJ - NY,23316,1476.08,2000,-1050
07/31/2025 04:45,SCH - PJM_HTP,325905,660,660,-660
07/31/2025 04:45,SCH - PJM_NEPTUNE,325305,660,660,-660
07/31/2025 04:45,SCH - PJM_VFT,325658,315,315,-315
07/31/2025 04:45,SPR/DUN-SOUTH,23320,1929.96,4600,-9999
07/31/2025 04:45,TOTAL EAST,23314,3777.61,7550,-9999
07/31/2025 04:45,UPNY CONED,23315,3510.04,7320,-9999
07/31/2025 04:45,WEST CENTRAL,23312,-212.98,9999,-9999
07/31/2025 04:50,CENTRAL EAST - VC,23330,1921.35,3150,-9999
07/31/2025 04:50,DYSINGER EAST,23326,259.49,3200,-9999
07/31/2025 04:50,MOSES SOUTH,23319,287.7,3150,-1600
07/31/2025 04:50,SCH - HQ - NY,23324,-94,1450,-275
07/31/2025 04:50,SCH - HQ_CEDARS,325274,0,270,-40
07/31/2025 04:50,SCH - HQ_IMPORT_EXPORT,325376,-94,1310,-9999
07/31/2025 04:50,SCH - NE - NY,23318,-986.77,1400,-1600
07/31/2025 04:50,SCH - NPX_1385,325277,-1,125,-125
07/31/2025 04:50,SCH - NPX_CSC,325154,330,330,-330
07/31/2025 04:50,SCH - OH - NY,23317,1400.47,2000,-1600
07/31/2025 04:50,SCH - PJ - NY,23316,1476.75,2000,-1050
07/31/2025 04:50,SCH - PJM_HTP,325905,660,660,-660
07/31/2025 04:50,SCH - PJM_NEPTUNE,325305,660,660,-660
07/31/2025 04:50,SCH - PJM_VFT,325658,315,315,-315
07/31/2025 04:50,SPR/DUN-SOUTH,23320,1911.63,4600,-9999
07/31/2025 04:50,TOTAL EAST,23314,3787.61,7550,-9999
07/31/2025 04:50,UPNY CONED,23315,3478.01,7320,-9999
07/31/2025 04:50,WEST CENTRAL,23312,-229.71,9999,-9999
07/31/2025 04:55,CENTRAL EAST - VC,23330,1940.23,3150,-9999
07/31/2025 04:55,DYSINGER EAST,23326,306.75,3200,-9999
07/31/2025 04:55,MOSES SOUTH,23319,297.45,3150,-1600
07/31/2025 04:55,SCH - HQ - NY,23324,-94,1450,-275
07/31/2025 04:55,SCH - HQ_CEDARS,325274,0,270,-40
07/31/2025 04:55,SCH - HQ_IMPORT_EXPORT,325376,-94,1310,-9999
07/31/2025 04:55,SCH - NE - NY,23318,-986.8,1400,-1600
07/31/2025 04:55,SCH - NPX_1385,325277,-1,125,-125
07/31/2025 04:55,SCH - NPX_CSC,325154,330,330,-330
07/31/2025 04:55,SCH - OH - NY,23317,1400.24,2000,-1600
07/31/2025 04:55,SCH - PJ - NY,23316,1478.09,2000,-1050
07/31/2025 04:55,SCH - PJM_HTP,325905,660,660,-660
07/31/2025 04:55,SCH - PJM_NEPTUNE,325305,660,660,-660
07/31/2025 04:55,SCH - PJM_VFT,325658,315,315,-315
07/31/2025 04:55,SPR/DUN-SOUTH,23320,1901.85,4600,-9999
07/31/2025 04:55,TOTAL EAST,23314,3798.42,7550,-9999
07/31/2025 04:55,UPNY CONED,23315,3492.57,7320,-9999
07/31/2025 04:55,WEST CENTRAL,23312,-186.43,9999,-9999
07/31/2025 05:00,CENTRAL EAST - VC,23330,1921.48,3150,-9999
07/31/2025 05:00,DYSINGER EAST,23326,270.41,2850,-9999
07/31/2025 05:00,MOSES SOUTH,23319,298.61,3150,-1600
07/31/2025 05:00,SCH - HQ - NY,23324,-94,1450,-275
07/31/2025 05:00,SCH - HQ_CEDARS,325274,0,270,-40
07/31/2025 05:00,SCH - HQ_IMPORT_EXPORT,325376,-94,1310,-9999
07/31/2025 05:00,SCH - NE - NY,23318,-997.8,1400,-1600
07/31/2025 05:00,SCH - NPX_1385,325277,12,125,-125
07/31/2025 05:00,SCH - NPX_CSC,325154,330,330,-330
07/31/2025 05:00,SCH - OH - NY,23317,1400.36,2000,-1600
07/31/2025 05:00,SCH - PJ - NY,23316,1479.9,2000,-1050
07/31/2025 05:00,SCH - PJM_HTP,325905,660,660,-660
07/31/2025 05:00,SCH - PJM_NEPTUNE,325305,660,660,-660
07/31/2025 05:00,SCH - PJM_VFT,325658,315,315,-315
07/31/2025 05:00,SPR/DUN-SOUTH,23320,1855.28,4600,-9999
07/31/2025 05:00,TOTAL EAST,23314,3742.65,7550,-9999
07/31/2025 05:00,UPNY CONED,23315,3423.15,7320,-9999
07/31/2025 05:00,WEST CENTRAL,23312,-228.54,9999,-9999
07/31/2025 05:05,CENTRAL EAST - VC,23330,1917.18,3150,-9999
07/31/2025 05:05,DYSINGER EAST,23326,275.02,2850,-9999
07/31/2025 05:05,MOSES SOUTH,23319,285.52,3150,-1600
07/31/2025 05:05,SCH - HQ - NY,23324,-94,1450,-275
07/31/2025 05:05,SCH - HQ_CEDARS,325274,0,270,-40
07/31/2025 05:05,SCH - HQ_IMPORT_EXPORT,325376,-94,1310,-9999
07/31/2025 05:05,SCH - NE - NY,23318,-1009.78,1400,-1600
07/31/2025 05:05,SCH - NPX_1385,325277,25,125,-125
07/31/2025 05:05,SCH - NPX_CSC,325154,330,330,-330
07/31/2025 05:05,SCH - OH - NY,23317,1400.43,2000,-1600
07/31/2025 05:05,SCH - PJ - NY,23316,1485.88,2000,-1050
07/31/2025 05:05,SCH - PJM_HTP,325905,660,660,-660
07/31/2025 05:05,SCH - PJM_NEPTUNE,325305,660,660,-660
07/31/2025 05:05,SCH - PJM_VFT,325658,315,315,-315
07/31/2025 05:05,SPR/DUN-SOUTH,23320,1860.31,4600,-9999
07/31/2025 05:05,TOTAL EAST,23314,3774.52,7550,-9999
07/31/2025 05:05,UPNY CONED,23315,3425.42,7320,-9999
07/31/2025 05:05,WEST CENTRAL,23312,-227.9,9999,-9999
07/31/2025 05:10,CENTRAL EAST - VC,23330,1969.8,3150,-9999
07/31/2025 05:10,DYSINGER EAST,23326,294.77,2850,-9999
07/31/2025 05:10,MOSES SOUTH,23319,287.27,3150,-1600
07/31/2025 05:10,SCH - HQ - NY,23324,-94,1450,-275
07/31/2025 05:10,SCH - HQ_CEDARS,325274,0,270,-40
07/31/2025 05:10,SCH - HQ_IMPORT_EXPORT,325376,-94,1310,-9999
07/31/2025 05:10,SCH - NE - NY,23318,-1010.18,1400,-1600
07/31/2025 05:10,SCH - NPX_1385,325277,25,125,-125
07/31/2025 05:10,SCH - NPX_CSC,325154,330,330,-330
07/31/2025 05:10,SCH - OH - NY,23317,1400.3,2000,-1600
07/31/2025 05:10,SCH - PJ - NY,23316,1486.68,2000,-1050
07/31/2025 05:10,SCH - PJM_HTP,325905,660,660,-660
07/31/2025 05:10,SCH - PJM_NEPTUNE,325305,660,660,-660
07/31/2025 05:10,SCH - PJM_VFT,325658,315,315,-315
07/31/2025 05:10,SPR/DUN-SOUTH,23320,1883.67,4600,-9999
07/31/2025 05:10,TOTAL EAST,23314,3743.07,7550,-9999
07/31/2025 05:10,UPNY CONED,23315,3449.72,7320,-9999
07/31/2025 05:10,WEST CENTRAL,23312,-211.42,9999,-9999
07/31/2025 05:15,CENTRAL EAST - VC,23330,1946.93,3150,-9999
07/31/2025 05:15,DYSINGER EAST,23326,285.23,2850,-9999
07/31/2025 05:15,MOSES SOUTH,23319,309.71,3150,-1600
07/31/2025 05:15,SCH - HQ - NY,23324,-94,1450,-275
07/31/2025 05:15,SCH - HQ_CEDARS,325274,0,270,-40
07/31/2025 05:15,SCH - HQ_IMPORT_EXPORT,325376,-94,1310,-9999
07/31/2025 05:15,SCH - NE - NY,23318,-1039.2,1400,-1600
07/31/2025 05:15,SCH - NPX_1385,325277,25,125,-125
07/31/2025 05:15,SCH - NPX_CSC,325154,330,330,-330
07/31/2025 05:15,SCH - OH - NY,23317,1400.08,2000,-1600
07/31/2025 05:15,SCH - PJ - NY,23316,1485.94,2000,-1050
07/31/2025 05:15,SCH - PJM_HTP,325905,660,660,-660
07/31/2025 05:15,SCH - PJM_NEPTUNE,325305,660,660,-660
07/31/2025 05:15,SCH - PJM_VFT,325658,315,315,-315
07/31/2025 05:15,SPR/DUN-SOUTH,23320,1764.96,4600,-9999
07/31/2025 05:15,TOTAL EAST,23314,3663.12,7550,-9999
07/31/2025 05:15,UPNY CONED,23315,3325.79,7320,-9999
07/31/2025 05:15,WEST CENTRAL,23312,-224.17,9999,-9999
07/31/2025 05:20,CENTRAL EAST - VC,23330,1916.68,3150,-9999
07/31/2025 05:20,DYSINGER EAST,23326,267.09,2850,-9999
07/31/2025 05:20,MOSES SOUTH,23319,279.91,3150,-1600
07/31/2025 05:20,SCH - HQ - NY,23324,-94,1450,-275
07/31/2025 05:20,SCH - HQ_CEDARS,325274,0,270,-40
07/31/2025 05:20,SCH - HQ_IMPORT_EXPORT,325376,-94,1310,-9999
07/31/2025 05:20,SCH - NE - NY,23318,-1068.98,1400,-1600
07/31/2025 05:20,SCH - NPX_1385,325277,25,125,-125
07/31/2025 05:20,SCH - NPX_CSC,325154,330,330,-330
07/31/2025 05:20,SCH - OH - NY,23317,1400.1,2000,-1600
07/31/2025 05:20,SCH - PJ - NY,23316,1491.04,2000,-1050
07/31/2025 05:20,SCH - PJM_HTP,325905,660,660,-660
07/31/2025 05:20,SCH - PJM_NEPTUNE,325305,660,660,-660
07/31/2025 05:20,SCH - PJM_VFT,325658,315,315,-315
07/31/2025 05:20,SPR/DUN-SOUTH,23320,1714.41,4600,-9999
07/31/2025 05:20,TOTAL EAST,23314,3652.37,7550,-9999
07/31/2025 05:20,UPNY CONED,23315,3275.82,7320,-9999
07/31/2025 05:20,WEST CENTRAL,23312,-242.41,9999,-9999
07/31/2025 05:25,CENTRAL EAST - VC,23330,1932.37,3150,-9999
07/31/2025 05:25,DYSINGER EAST,23326,280.73,2850,-9999
07/31/2025 05:25,MOSES SOUTH,23319,271.85,3150,-1600
07/31/2025 05:25,SCH - HQ - NY,23324,-94,1450,-275
07/31/2025 05:25,SCH - HQ_CEDARS,325274,0,270,-40
07/31/2025 05:25,SCH - HQ_IMPORT_EXPORT,325376,-94,1310,-9999
07/31/2025 05:25,SCH - NE - NY,23318,-1068.11,1400,-1600
07/31/2025 05:25,SCH - NPX_1385,325277,25,125,-125
07/31/2025 05:25,SCH - NPX_CSC,325154,330,330,-330
07/31/2025 05:25,SCH - OH - NY,23317,1400.09,2000,-1600
07/31/2025 05:25,SCH - PJ - NY,23316,1487.87,2000,-1050
07/31/2025 05:25,SCH - PJM_HTP,325905,660,660,-660
07/31/2025 05:25,SCH - PJM_NEPTUNE,325305,660,660,-660
07/31/2025 05:25,SCH - PJM_VFT,325658,315,315,-315
07/31/2025 05:25,SPR/DUN-SOUTH,23320,1664.55,4600,-9999
07/31/2025 05:25,TOTAL EAST,23314,3605.96,7550,-9999
07/31/2025 05:25,UPNY CONED,23315,3283.18,7320,-9999
07/31/2025 05:25,WEST CENTRAL,23312,-226.53,9999,-9999
07/31/2025 05:30,CENTRAL EAST - VC,23330,1904.52,3150,-9999
07/31/2025 05:30,DYSINGER EAST,23326,262.21,2850,-9999
07/31/2025 05:30,MOSES SOUTH,23319,262.02,3150,-1600
07/31/2025 05:30,SCH - HQ - NY,23324,-94,1450,-275
07/31/2025 05:30,SCH - HQ_CEDARS,325274,0,270,-40
07/31/2025 05:30,SCH - HQ_IMPORT_EXPORT,325376,-94,1310,-9999
07/31/2025 05:30,SCH - NE - NY,23318,-1070.13,1400,-1600
07/31/2025 05:30,SCH - NPX_1385,325277,25,125,-125
07/31/2025 05:30,SCH - NPX_CSC,325154,330,330,-330
07/31/2025 05:30,SCH - OH - NY,23317,1400.27,2000,-1600
07/31/2025 05:30,SCH - PJ - NY,23316,1485.7,2000,-1050
07/31/2025 05:30,SCH - PJM_HTP,325905,660,660,-660
07/31/2025 05:30,SCH - PJM_NEPTUNE,325305,660,660,-660
07/31/2025 05:30,SCH - PJM_VFT,325658,315,315,-315
07/31/2025 05:30,SPR/DUN-SOUTH,23320,1629.92,4600,-9999
07/31/2025 05:30,TOTAL EAST,23314,3602.46,7550,-9999
07/31/2025 05:30,UPNY CONED,23315,3251.34,7320,-9999
07/31/2025 05:30,WEST CENTRAL,23312,-246,9999,-9999
07/31/2025 05:35,CENTRAL EAST - VC,23330,1878.32,3150,-9999
07/31/2025 05:35,DYSINGER EAST,23326,278.61,2850,-9999
07/31/2025 05:35,MOSES SOUTH,23319,258.49,3150,-1600
07/31/2025 05:35,SCH - HQ - NY,23324,-94,1450,-275
07/31/2025 05:35,SCH - HQ_CEDARS,325274,0,270,-40
07/31/2025 05:35,SCH - HQ_IMPORT_EXPORT,325376,-94,1310,-9999
07/31/2025 05:35,SCH - NE - NY,23318,-1072.98,1400,-1600
07/31/2025 05:35,SCH - NPX_1385,325277,25,125,-125
07/31/2025 05:35,SCH - NPX_CSC,325154,330,330,-330
07/31/2025 05:35,SCH - OH - NY,23317,1400.21,2000,-1600
07/31/2025 05:35,SCH - PJ - NY,23316,1488.01,2000,-1050
07/31/2025 05:35,SCH - PJM_HTP,325905,660,660,-660
07/31/2025 05:35,SCH - PJM_NEPTUNE,325305,660,660,-660
07/31/2025 05:35,SCH - PJM_VFT,325658,315,315,-315
07/31/2025 05:35,SPR/DUN-SOUTH,23320,1633.02,4600,-9999
07/31/2025 05:35,TOTAL EAST,23314,3606.9,7550,-9999
07/31/2025 05:35,UPNY CONED,23315,3244.43,7320,-9999
07/31/2025 05:35,WEST CENTRAL,23312,-233.8,9999,-9999
07/31/2025 05:40,CENTRAL EAST - VC,23330,1891.14,3150,-9999
07/31/2025 05:40,DYSINGER EAST,23326,278.19,2850,-9999
07/31/2025 05:40,MOSES SOUTH,23319,262.41,3150,-1600
07/31/2025 05:40,SCH - HQ - NY,23324,-94,1450,-275
07/31/2025 05:40,SCH - HQ_CEDARS,325274,0,270,-40
07/31/2025 05:40,SCH - HQ_IMPORT_EXPORT,325376,-94,1310,-9999
07/31/2025 05:40,SCH - NE - NY,23318,-1072.14,1400,-1600
07/31/2025 05:40,SCH - NPX_1385,325277,25,125,-125
07/31/2025 05:40,SCH - NPX_CSC,325154,330,330,-330
07/31/2025 05:40,SCH - OH - NY,23317,1400.26,2000,-1600
07/31/2025 05:40,SCH - PJ - NY,23316,1486.73,2000,-1050
07/31/2025 05:40,SCH - PJM_HTP,325905,660,660,-660
07/31/2025 05:40,SCH - PJM_NEPTUNE,325305,660,660,-660
07/31/2025 05:40,SCH - PJM_VFT,325658,315,315,-315
07/31/2025 05:40,SPR/DUN-SOUTH,23320,1643.86,4600,-9999
07/31/2025 05:40,TOTAL EAST,23314,3604.86,7550,-9999
07/31/2025 05:40,UPNY CONED,23315,3245.09,7320,-9999
07/31/2025 05:40,WEST CENTRAL,23312,-232.13,9999,-9999
07/31/2025 05:45,CENTRAL EAST - VC,23330,1877.93,3150,-9999
07/31/2025 05:45,DYSINGER EAST,23326,296.52,2850,-9999
07/31/2025 05:45,MOSES SOUTH,23319,283.88,3150,-1600
07/31/2025 05:45,SCH - HQ - NY,23324,-94,1450,-275
07/31/2025 05:45,SCH - HQ_CEDARS,325274,0,270,-40
07/31/2025 05:45,SCH - HQ_IMPORT_EXPORT,325376,-94,1310,-9999
07/31/2025 05:45,SCH - NE - NY,23318,-1142.98,1400,-1600
07/31/2025 05:45,SCH - NPX_1385,325277,25,125,-125
07/31/2025 05:45,SCH - NPX_CSC,325154,330,330,-330
07/31/2025 05:45,SCH - OH - NY,23317,1400.1,2000,-1600
07/31/2025 05:45,SCH - PJ - NY,23316,1485.03,2000,-1050
07/31/2025 05:45,SCH - PJM_HTP,325905,660,660,-660
07/31/2025 05:45,SCH - PJM_NEPTUNE,325305,660,660,-660
07/31/2025 05:45,SCH - PJM_VFT,325658,315,315,-315
07/31/2025 05:45,SPR/DUN-SOUTH,23320,1555.53,4600,-9999
07/31/2025 05:45,TOTAL EAST,23314,3581.66,7550,-9999
07/31/2025 05:45,UPNY CONED,23315,3153.8,7320,-9999
07/31/2025 05:45,WEST CENTRAL,23312,-212.14,9999,-9999
07/31/2025 05:50,CENTRAL EAST - VC,23330,1914.45,3150,-9999
07/31/2025 05:50,DYSINGER EAST,23326,331.13,2850,-9999
07/31/2025 05:50,MOSES SOUTH,23319,288.75,3150,-1600
07/31/2025 05:50,SCH - HQ - NY,23324,-94,1450,-275
07/31/2025 05:50,SCH - HQ_CEDARS,325274,0,270,-40
07/31/2025 05:50,SCH - HQ_IMPORT_EXPORT,325376,-94,1310,-9999
07/31/2025 05:50,SCH - NE - NY,23318,-1212.97,1400,-1600
07/31/2025 05:50,SCH - NPX_1385,325277,25,125,-125
07/31/2025 05:50,SCH - NPX_CSC,325154,330,330,-330
07/31/2025 05:50,SCH - OH - NY,23317,1400.03,2000,-1600
07/31/2025 05:50,SCH - PJ - NY,23316,1486.12,2000,-1050
07/31/2025 05:50,SCH - PJM_HTP,325905,660,660,-660
07/31/2025 05:50,SCH - PJM_NEPTUNE,325305,660,660,-660
07/31/2025 05:50,SCH - PJM_VFT,325658,315,315,-315
07/31/2025 05:50,SPR/DUN-SOUTH,23320,1517.75,4600,-9999
07/31/2025 05:50,TOTAL EAST,23314,3567.88,7550,-9999
07/31/2025 05:50,UPNY CONED,23315,3122.74,7320,-9999
07/31/2025 05:50,WEST CENTRAL,23312,-173.4,9999,-9999
07/31/2025 05:55,CENTRAL EAST - VC,23330,1970.24,3150,-9999
07/31/2025 05:55,DYSINGER EAST,23326,417.27,2850,-9999
07/31/2025 05:55,MOSES SOUTH,23319,308.08,3150,-1600
07/31/2025 05:55,SCH - HQ - NY,23324,-94,1450,-275
07/31/2025 05:55,SCH - HQ_CEDARS,325274,0,270,-40
07/31/2025 05:55,SCH - HQ_IMPORT_EXPORT,325376,-94,1310,-9999
07/31/2025 05:55,SCH - NE - NY,23318,-1212.06,1400,-1600
07/31/2025 05:55,SCH - NPX_1385,325277,25,125,-125
07/31/2025 05:55,SCH - NPX_CSC,325154,330,330,-330
07/31/2025 05:55,SCH - OH - NY,23317,1399.86,2000,-1600
07/31/2025 05:55,SCH - PJ - NY,23316,1487,2000,-1050
07/31/2025 05:55,SCH - PJM_HTP,325905,660,660,-660
07/31/2025 05:55,SCH - PJM_NEPTUNE,325305,660,660,-660
07/31/2025 05:55,SCH - PJM_VFT,325658,315,315,-315
07/31/2025 05:55,SPR/DUN-SOUTH,23320,1552.56,4600,-9999
07/31/2025 05:55,TOTAL EAST,23314,3593.46,7550,-9999
07/31/2025 05:55,UPNY CONED,23315,3159.97,7320,-9999
07/31/2025 05:55,WEST CENTRAL,23312,-90.29,9999,-9999
07/31/2025 06:00,CENTRAL EAST - VC,23330,1870.67,3150,-9999
07/31/2025 06:00,DYSINGER EAST,23326,476.78,2850,-9999
07/31/2025 06:00,MOSES SOUTH,23319,215.33,3150,-1600
07/31/2025 06:00,SCH - HQ - NY,23324,-184,1450,-275
07/31/2025 06:00,SCH - HQ_CEDARS,325274,0,270,-40
07/31/2025 06:00,SCH - HQ_IMPORT_EXPORT,325376,-184,1310,-9999
07/31/2025 06:00,SCH - NE - NY,23318,-1072.97,1400,-1600
07/31/2025 06:00,SCH - NPX_1385,325277,3,125,-125
07/31/2025 06:00,SCH - NPX_CSC,325154,330,330,-330
07/31/2025 06:00,SCH - OH - NY,23317,1392.95,2000,-1600
07/31/2025 06:00,SCH - PJ - NY,23316,1283.36,2000,-1050
07/31/2025 06:00,SCH - PJM_HTP,325905,660,660,-660
07/31/2025 06:00,SCH - PJM_NEPTUNE,325305,660,660,-660
07/31/2025 06:00,SCH - PJM_VFT,325658,315,315,-315
07/31/2025 06:00,SPR/DUN-SOUTH,23320,1997.26,4600,-9999
07/31/2025 06:00,TOTAL EAST,23314,3375.82,7550,-9999
07/31/2025 06:00,UPNY CONED,23315,3604.46,7320,-9999
07/31/2025 06:00,WEST CENTRAL,23312,-36.14,9999,-9999
07/31/2025 06:05,CENTRAL EAST - VC,23330,1768.18,3150,-9999
07/31/2025 06:05,DYSINGER EAST,23326,472.96,2850,-9999
07/31/2025 06:05,MOSES SOUTH,23319,128.61,3150,-1600
07/31/2025 06:05,SCH - HQ - NY,23324,-275,1450,-275
07/31/2025 06:05,SCH - HQ_CEDARS,325274,0,270,-40
07/31/2025 06:05,SCH - HQ_IMPORT_EXPORT,325376,-275,1310,-9999
07/31/2025 06:05,SCH - NE - NY,23318,-932.47,1400,-1600
07/31/2025 06:05,SCH - NPX_1385,325277,-18,125,-125
07/31/2025 06:05,SCH - NPX_CSC,325154,330,330,-330
07/31/2025 06:05,SCH - OH - NY,23317,1386.94,2000,-1600
07/31/2025 06:05,SCH - PJ - NY,23316,1074.88,2000,-1050
07/31/2025 06:05,SCH - PJM_HTP,325905,660,660,-660
07/31/2025 06:05,SCH - PJM_NEPTUNE,325305,660,660,-660
07/31/2025 06:05,SCH - PJM_VFT,325658,315,315,-315
07/31/2025 06:05,SPR/DUN-SOUTH,23320,1964.07,4600,-9999
07/31/2025 06:05,TOTAL EAST,23314,3217.12,7550,-9999
07/31/2025 06:05,UPNY CONED,23315,3574.18,7320,-9999
07/31/2025 06:05,WEST CENTRAL,23312,-51.08,9999,-9999
07/31/2025 06:10,CENTRAL EAST - VC,23330,1796.2,3150,-9999
07/31/2025 06:10,DYSINGER EAST,23326,449.46,2850,-9999
07/31/2025 06:10,MOSES SOUTH,23319,89.98,3150,-1600
07/31/2025 06:10,SCH - HQ - NY,23324,-275,1450,-275
07/31/2025 06:10,SCH - HQ_CEDARS,325274,0,270,-40
07/31/2025 06:10,SCH - HQ_IMPORT_EXPORT,325376,-275,1310,-9999
07/31/2025 06:10,SCH - NE - NY,23318,-936.39,1400,-1600
07/31/2025 06:10,SCH - NPX_1385,325277,-18,125,-125
07/31/2025 06:10,SCH - NPX_CSC,325154,330,330,-330
07/31/2025 06:10,SCH - OH - NY,23317,1387.25,2000,-1600
07/31/2025 06:10,SCH - PJ - NY,23316,1080.11,2000,-1050
07/31/2025 06:10,SCH - PJM_HTP,325905,660,660,-660
07/31/2025 06:10,SCH - PJM_NEPTUNE,325305,660,660,-660
07/31/2025 06:10,SCH - PJM_VFT,325658,315,315,-315
07/31/2025 06:10,SPR/DUN-SOUTH,23320,1989.87,4600,-9999
07/31/2025 06:10,TOTAL EAST,23314,3226.96,7550,-9999
07/31/2025 06:10,UPNY CONED,23315,3571.01,7320,-9999
07/31/2025 06:10,WEST CENTRAL,23312,-80.5,9999,-9999
07/31/2025 06:15,CENTRAL EAST - VC,23330,1721.63,3150,-9999
07/31/2025 06:15,DYSINGER EAST,23326,392.34,2850,-9999
07/31/2025 06:15,MOSES SOUTH,23319,118.63,3150,-1600
07/31/2025 06:15,SCH - HQ - NY,23324,-275,1450,-275
07/31/2025 06:15,SCH - HQ_CEDARS,325274,0,270,-40
07/31/2025 06:15,SCH - HQ_IMPORT_EXPORT,325376,-275,1310,-9999
07/31/2025 06:15,SCH - NE - NY,23318,-936.26,1400,-1600
07/31/2025 06:15,SCH - NPX_1385,325277,-18,125,-125
07/31/2025 06:15,SCH - NPX_CSC,325154,330,330,-330
07/31/2025 06:15,SCH - OH - NY,23317,1387.34,2000,-1600
07/31/2025 06:15,SCH - PJ - NY,23316,1191.28,2000,-1050
07/31/2025 06:15,SCH - PJM_HTP,325905,660,660,-660
07/31/2025 06:15,SCH - PJM_NEPTUNE,325305,660,660,-660
07/31/2025 06:15,SCH - PJM_VFT,325658,315,315,-315
07/31/2025 06:15,SPR/DUN-SOUTH,23320,2003.13,4600,-9999
07/31/2025 06:15,TOTAL EAST,23314,3299.53,7550,-9999
07/31/2025 06:15,UPNY CONED,23315,3579.24,7320,-9999
07/31/2025 06:15,WEST CENTRAL,23312,-144.38,9999,-9999
07/31/2025 06:20,CENTRAL EAST - VC,23330,1776.67,3150,-9999
07/31/2025 06:20,DYSINGER EAST,23326,423.82,2850,-9999
07/31/2025 06:20,MOSES SOUTH,23319,108.3,3150,-1600
07/31/2025 06:20,SCH - HQ - NY,23324,-275,1450,-275
07/31/2025 06:20,SCH - HQ_CEDARS,325274,0,270,-40
07/31/2025 06:20,SCH - HQ_IMPORT_EXPORT,325376,-275,1310,-9999
07/31/2025 06:20,SCH - NE - NY,23318,-936.4,1400,-1600
07/31/2025 06:20,SCH - NPX_1385,325277,-18,125,-125
07/31/2025 06:20,SCH - NPX_CSC,325154,330,330,-330
07/31/2025 06:20,SCH - OH - NY,23317,1387.23,2000,-1600
07/31/2025 06:20,SCH - PJ - NY,23316,1303.76,2000,-1050
07/31/2025 06:20,SCH - PJM_HTP,325905,660,660,-660
07/31/2025 06:20,SCH - PJM_NEPTUNE,325305,660,660,-660
07/31/2025 06:20,SCH - PJM_VFT,325658,315,315,-315
07/31/2025 06:20,SPR/DUN-SOUTH,23320,2055.93,4600,-9999
07/31/2025 06:20,TOTAL EAST,23314,3379.97,7550,-9999
07/31/2025 06:20,UPNY CONED,23315,3639.88,7320,-9999
07/31/2025 06:20,WEST CENTRAL,23312,-120.02,9999,-9999
07/31/2025 06:25,CENTRAL EAST - VC,23330,1761.35,3150,-9999
07/31/2025 06:25,DYSINGER EAST,23326,352.12,2850,-9999
07/31/2025 06:25,MOSES SOUTH,23319,88.32,3150,-1600
07/31/2025 06:25,SCH - HQ - NY,23324,-275,1450,-275
07/31/2025 06:25,SCH - HQ_CEDARS,325274,0,270,-40
07/31/2025 06:25,SCH - HQ_IMPORT_EXPORT,325376,-275,1310,-9999
07/31/2025 06:25,SCH - NE - NY,23318,-936.36,1400,-1600
07/31/2025 06:25,SCH - NPX_1385,325277,-18,125,-125
07/31/2025 06:25,SCH - NPX_CSC,325154,330,330,-330
07/31/2025 06:25,SCH - OH - NY,23317,1387.58,2000,-1600
07/31/2025 06:25,SCH - PJ - NY,23316,1302.16,2000,-1050
07/31/2025 06:25,SCH - PJM_HTP,325905,660,660,-660
07/31/2025 06:25,SCH - PJM_NEPTUNE,325305,660,660,-660
07/31/2025 06:25,SCH - PJM_VFT,325658,315,315,-315
07/31/2025 06:25,SPR/DUN-SOUTH,23320,2056.91,4600,-9999
07/31/2025 06:25,TOTAL EAST,23314,3396.48,7550,-9999
07/31/2025 06:25,UPNY CONED,23315,3641.9,7320,-9999
07/31/2025 06:25,WEST CENTRAL,23312,-193.1,9999,-9999
07/31/2025 06:30,CENTRAL EAST - VC,23330,1707.01,3150,-9999
07/31/2025 06:30,DYSINGER EAST,23326,305.06,2850,-9999
07/31/2025 06:30,MOSES SOUTH,23319,90.34,3150,-1600
07/31/2025 06:30,SCH - HQ - NY,23324,-275,1450,-275
07/31/2025 06:30,SCH - HQ_CEDARS,325274,0,270,-40
07/31/2025 06:30,SCH - HQ_IMPORT_EXPORT,325376,-275,1310,-9999
07/31/2025 06:30,SCH - NE - NY,23318,-836.8,1400,-1600
07/31/2025 06:30,SCH - NPX_1385,325277,-18,125,-125
07/31/2025 06:30,SCH - NPX_CSC,325154,330,330,-330
07/31/2025 06:30,SCH - OH - NY,23317,1387.66,2000,-1600
07/31/2025 06:30,SCH - PJ - NY,23316,1050.46,2000,-1050
07/31/2025 06:30,SCH - PJM_HTP,325905,660,660,-660
07/31/2025 06:30,SCH - PJM_NEPTUNE,325305,660,660,-660
07/31/2025 06:30,SCH - PJM_VFT,325658,315,315,-315
07/31/2025 06:30,SPR/DUN-SOUTH,23320,1957.81,4600,-9999
07/31/2025 06:30,TOTAL EAST,23314,3190.78,7550,-9999
07/31/2025 06:30,UPNY CONED,23315,3548.92,7320,-9999
07/31/2025 06:30,WEST CENTRAL,23312,-239.14,9999,-9999
07/31/2025 06:35,CENTRAL EAST - VC,23330,1587.16,3150,-9999
07/31/2025 06:35,DYSINGER EAST,23326,234.28,2850,-9999
07/31/2025 06:35,MOSES SOUTH,23319,98.44,3150,-1600
07/31/2025 06:35,SCH - HQ - NY,23324,-275,1450,-275
07/31/2025 06:35,SCH - HQ_CEDARS,325274,0,270,-40
07/31/2025 06:35,SCH - HQ_IMPORT_EXPORT,325376,-275,1310,-9999
07/31/2025 06:35,SCH - NE - NY,23318,-736.82,1400,-1600
07/31/2025 06:35,SCH - NPX_1385,325277,-18,125,-125
07/31/2025 06:35,SCH - NPX_CSC,325154,330,330,-330
07/31/2025 06:35,SCH - OH - NY,23317,1387.71,2000,-1600
07/31/2025 06:35,SCH - PJ - NY,23316,801.98,2000,-1050
07/31/2025 06:35,SCH - PJM_HTP,325905,660,660,-660
07/31/2025 06:35,SCH - PJM_NEPTUNE,325305,660,660,-660
07/31/2025 06:35,SCH - PJM_VFT,325658,315,315,-315
07/31/2025 06:35,SPR/DUN-SOUTH,23320,1860.88,4600,-9999
07/31/2025 06:35,TOTAL EAST,23314,2981.11,7550,-9999
07/31/2025 06:35,UPNY CONED,23315,3456.23,7320,-9999
07/31/2025 06:35,WEST CENTRAL,23312,-311.61,9999,-9999
07/31/2025 06:40,CENTRAL EAST - VC,23330,1511.76,3150,-9999
07/31/2025 06:40,DYSINGER EAST,23326,227.69,2850,-9999
07/31/2025 06:40,MOSES SOUTH,23319,92.86,3150,-1600
07/31/2025 06:40,SCH - HQ - NY,23324,-275,1450,-275
07/31/2025 06:40,SCH - HQ_CEDARS,325274,0,270,-40
07/31/2025 06:40,SCH - HQ_IMPORT_EXPORT,325376,-275,1310,-9999
07/31/2025 06:40,SCH - NE - NY,23318,-736.62,1400,-1600
07/31/2025 06:40,SCH - NPX_1385,325277,-18,125,-125
07/31/2025 06:40,SCH - NPX_CSC,325154,330,330,-330
07/31/2025 06:40,SCH - OH - NY,23317,1387.69,2000,-1600
07/31/2025 06:40,SCH - PJ - NY,23316,802.88,2000,-1050
07/31/2025 06:40,SCH - PJM_HTP,325905,660,660,-660
07/31/2025 06:40,SCH - PJM_NEPTUNE,325305,660,660,-660
07/31/2025 06:40,SCH - PJM_VFT,325658,315,315,-315
07/31/2025 06:40,SPR/DUN-SOUTH,23320,1811.95,4600,-9999
07/31/2025 06:40,TOTAL EAST,23314,2959.74,7550,-9999
07/31/2025 06:40,UPNY CONED,23315,3417.13,7320,-9999
07/31/2025 06:40,WEST CENTRAL,23312,-319.82,9999,-9999
07/31/2025 06:45,CENTRAL EAST - VC,23330,1597.07,3150,-9999
07/31/2025 06:45,DYSINGER EAST,23326,251.3,2850,-9999
07/31/2025 06:45,MOSES SOUTH,23319,83.72,3150,-1600
07/31/2025 06:45,SCH - HQ - NY,23324,-275,1450,-275
07/31/2025 06:45,SCH - HQ_CEDARS,325274,0,270,-40
07/31/2025 06:45,SCH - HQ_IMPORT_EXPORT,325376,-275,1310,-9999
07/31/2025 06:45,SCH - NE - NY,23318,-836.63,1400,-1600
07/31/2025 06:45,SCH - NPX_1385,325277,-18,125,-125
07/31/2025 06:45,SCH - NPX_CSC,325154,330,330,-330
07/31/2025 06:45,SCH - OH - NY,23317,1387.66,2000,-1600
07/31/2025 06:45,SCH - PJ - NY,23316,791.86,2000,-1050
07/31/2025 06:45,SCH - PJM_HTP,325905,660,660,-660
07/31/2025 06:45,SCH - PJM_NEPTUNE,325305,660,660,-660
07/31/2025 06:45,SCH - PJM_VFT,325658,315,315,-315
07/31/2025 06:45,SPR/DUN-SOUTH,23320,1723.69,4600,-9999
07/31/2025 06:45,TOTAL EAST,23314,2908.48,7550,-9999
07/31/2025 06:45,UPNY CONED,23315,3334.28,7320,-9999
07/31/2025 06:45,WEST CENTRAL,23312,-296.59,9999,-9999
07/31/2025 06:50,CENTRAL EAST - VC,23330,1646.44,3150,-9999
07/31/2025 06:50,DYSINGER EAST,23326,266.24,2850,-9999
07/31/2025 06:50,MOSES SOUTH,23319,81.45,3150,-1600
07/31/2025 06:50,SCH - HQ - NY,23324,-275,1450,-275
07/31/2025 06:50,SCH - HQ_CEDARS,325274,0,270,-40
07/31/2025 06:50,SCH - HQ_IMPORT_EXPORT,325376,-275,1310,-9999
07/31/2025 06:50,SCH - NE - NY,23318,-936.51,1400,-1600
07/31/2025 06:50,SCH - NPX_1385,325277,-18,125,-125
07/31/2025 06:50,SCH - NPX_CSC,325154,330,330,-330
07/31/2025 06:50,SCH - OH - NY,23317,1387.73,2000,-1600
07/31/2025 06:50,SCH - PJ - NY,23316,782.53,2000,-1050
07/31/2025 06:50,SCH - PJM_HTP,325905,660,660,-660
07/31/2025 06:50,SCH - PJM_NEPTUNE,325305,660,660,-660
07/31/2025 06:50,SCH - PJM_VFT,325658,315,315,-315
07/31/2025 06:50,SPR/DUN-SOUTH,23320,1704.59,4600,-9999
07/31/2025 06:50,TOTAL EAST,23314,2947.31,7550,-9999
07/31/2025 06:50,UPNY CONED,23315,3321.89,7320,-9999
07/31/2025 06:50,WEST CENTRAL,23312,-287.49,9999,-9999
07/31/2025 06:55,CENTRAL EAST - VC,23330,1664.6,3150,-9999
07/31/2025 06:55,DYSINGER EAST,23326,307.28,2850,-9999
07/31/2025 06:55,MOSES SOUTH,23319,42.73,3150,-1600
07/31/2025 06:55,SCH - HQ - NY,23324,-275,1450,-275
07/31/2025 06:55,SCH - HQ_CEDARS,325274,0,270,-40
07/31/2025 06:55,SCH - HQ_IMPORT_EXPORT,325376,-275,1310,-9999
07/31/2025 06:55,SCH - NE - NY,23318,-936.65,1400,-1600
07/31/2025 06:55,SCH - NPX_1385,325277,-18,125,-125
07/31/2025 06:55,SCH - NPX_CSC,325154,330,330,-330
07/31/2025 06:55,SCH - OH - NY,23317,1387.94,2000,-1600
07/31/2025 06:55,SCH - PJ - NY,23316,782.23,2000,-1050
07/31/2025 06:55,SCH - PJM_HTP,325905,660,660,-660
07/31/2025 06:55,SCH - PJM_NEPTUNE,325305,660,660,-660
07/31/2025 06:55,SCH - PJM_VFT,325658,315,315,-315
07/31/2025 06:55,SPR/DUN-SOUTH,23320,1755.36,4600,-9999
07/31/2025 06:55,TOTAL EAST,23314,2948.29,7550,-9999
07/31/2025 06:55,UPNY CONED,23315,3364.34,7320,-9999
07/31/2025 06:55,WEST CENTRAL,23312,-250.2,9999,-9999
07/31/2025 07:00,CENTRAL EAST - VC,23330,1800.56,3150,-9999
07/31/2025 07:00,DYSINGER EAST,23326,470.23,2850,-9999
07/31/2025 07:00,MOSES SOUTH,23319,91.53,3150,-1600
07/31/2025 07:00,SCH - HQ - NY,23324,-275,1450,-715
07/31/2025 07:00,SCH - HQ_CEDARS,325274,-20,270,-40
07/31/2025 07:00,SCH - HQ_IMPORT_EXPORT,325376,-275,1310,-9999
07/31/2025 07:00,SCH - NE - NY,23318,-1085.76,1400,-1600
07/31/2025 07:00,SCH - NPX_1385,325277,-36,125,-125
07/31/2025 07:00,SCH - NPX_CSC,325154,330,330,-330
07/31/2025 07:00,SCH - OH - NY,23317,1393.9,2000,-1600
07/31/2025 07:00,SCH - PJ - NY,23316,742.02,2000,-1050
07/31/2025 07:00,SCH - PJM_HTP,325905,660,660,-660
07/31/2025 07:00,SCH - PJM_NEPTUNE,325305,660,660,-660
07/31/2025 07:00,SCH - PJM_VFT,325658,315,315,-315
07/31/2025 07:00,SPR/DUN-SOUTH,23320,2059,4600,-9999
07/31/2025 07:00,TOTAL EAST,23314,2951.03,7550,-9999
07/31/2025 07:00,UPNY CONED,23315,3723.03,7320,-9999
07/31/2025 07:00,WEST CENTRAL,23312,-92.93,9999,-9999
07/31/2025 07:05,CENTRAL EAST - VC,23330,1881.86,3150,-9999
07/31/2025 07:05,DYSINGER EAST,23326,548.23,2850,-9999
07/31/2025 07:05,MOSES SOUTH,23319,18.65,3150,-1600
07/31/2025 07:05,SCH - HQ - NY,23324,-275,1450,-715
07/31/2025 07:05,SCH - HQ_CEDARS,325274,-40,270,-40
07/31/2025 07:05,SCH - HQ_IMPORT_EXPORT,325376,-275,1310,-9999
07/31/2025 07:05,SCH - NE - NY,23318,-1234.67,1400,-1600
07/31/2025 07:05,SCH - NPX_1385,325277,-53,125,-125
07/31/2025 07:05,SCH - NPX_CSC,325154,330,330,-330
07/31/2025 07:05,SCH - OH - NY,23317,1401.38,2000,-1600
07/31/2025 07:05,SCH - PJ - NY,23316,699.64,2000,-1050
07/31/2025 07:05,SCH - PJM_HTP,325905,660,660,-660
07/31/2025 07:05,SCH - PJM_NEPTUNE,325305,660,660,-660
07/31/2025 07:05,SCH - PJM_VFT,325658,315,315,-315
07/31/2025 07:05,SPR/DUN-SOUTH,23320,1982.09,4600,-9999
07/31/2025 07:05,TOTAL EAST,23314,3014.32,7550,-9999
07/31/2025 07:05,UPNY CONED,23315,3627.63,7320,-9999
07/31/2025 07:05,WEST CENTRAL,23312,-25.54,9999,-9999
07/31/2025 07:10,CENTRAL EAST - VC,23330,1924.54,3150,-9999
07/31/2025 07:10,DYSINGER EAST,23326,505.45,2850,-9999
07/31/2025 07:10,MOSES SOUTH,23319,6.43,3150,-1600
07/31/2025 07:10,SCH - HQ - NY,23324,-275,1450,-715
07/31/2025 07:10,SCH - HQ_CEDARS,325274,-40,270,-40
07/31/2025 07:10,SCH - HQ_IMPORT_EXPORT,325376,-275,1310,-9999
07/31/2025 07:10,SCH - NE - NY,23318,-1234.34,1400,-1600
07/31/2025 07:10,SCH - NPX_1385,325277,-53,125,-125
07/31/2025 07:10,SCH - NPX_CSC,325154,330,330,-330
07/31/2025 07:10,SCH - OH - NY,23317,1401.56,2000,-1600
07/31/2025 07:10,SCH - PJ - NY,23316,699.59,2000,-1050
07/31/2025 07:10,SCH - PJM_HTP,325905,660,660,-660
07/31/2025 07:10,SCH - PJM_NEPTUNE,325305,660,660,-660
07/31/2025 07:10,SCH - PJM_VFT,325658,315,315,-315
07/31/2025 07:10,SPR/DUN-SOUTH,23320,2021.93,4600,-9999
07/31/2025 07:10,TOTAL EAST,23314,3042.06,7550,-9999
07/31/2025 07:10,UPNY CONED,23315,3654.51,7320,-9999
07/31/2025 07:10,WEST CENTRAL,23312,-69.89,9999,-9999
07/31/2025 07:15,CENTRAL EAST - VC,23330,1947.06,3150,-9999
07/31/2025 07:15,DYSINGER EAST,23326,395.12,2850,-9999
07/31/2025 07:15,MOSES SOUTH,23319,20.73,3150,-1600
07/31/2025 07:15,SCH - HQ - NY,23324,-275,1450,-715
07/31/2025 07:15,SCH - HQ_CEDARS,325274,-40,270,-40
07/31/2025 07:15,SCH - HQ_IMPORT_EXPORT,325376,-275,1310,-9999
07/31/2025 07:15,SCH - NE - NY,23318,-1281.91,1400,-1600
07/31/2025 07:15,SCH - NPX_1385,325277,-53,125,-125
07/31/2025 07:15,SCH - NPX_CSC,325154,330,330,-330
07/31/2025 07:15,SCH - OH - NY,23317,1402.42,2000,-1600
07/31/2025 07:15,SCH - PJ - NY,23316,633.27,2000,-1050
07/31/2025 07:15,SCH - PJM_HTP,325905,660,660,-660
07/31/2025 07:15,SCH - PJM_NEPTUNE,325305,660,660,-660
07/31/2025 07:15,SCH - PJM_VFT,325658,315,315,-315
07/31/2025 07:15,SPR/DUN-SOUTH,23320,1980.52,4600,-9999
07/31/2025 07:15,TOTAL EAST,23314,3009.26,7550,-9999
07/31/2025 07:15,UPNY CONED,23315,3587.85,7320,-9999
07/31/2025 07:15,WEST CENTRAL,23312,-183.81,9999,-9999
07/31/2025 07:20,CENTRAL EAST - VC,23330,1842.89,3150,-9999
07/31/2025 07:20,DYSINGER EAST,23326,302.93,2850,-9999
07/31/2025 07:20,MOSES SOUTH,23319,-8.06,3150,-1600
07/31/2025 07:20,SCH - HQ - NY,23324,-275,1450,-715
07/31/2025 07:20,SCH - HQ_CEDARS,325274,-40,270,-40
07/31/2025 07:20,SCH - HQ_IMPORT_EXPORT,325376,-275,1310,-9999
07/31/2025 07:20,SCH - NE - NY,23318,-1327.09,1400,-1600
07/31/2025 07:20,SCH - NPX_1385,325277,-53,125,-125
07/31/2025 07:20,SCH - NPX_CSC,325154,330,330,-330
07/31/2025 07:20,SCH - OH - NY,23317,1403.44,2000,-1600
07/31/2025 07:20,SCH - PJ - NY,23316,564.57,2000,-1050
07/31/2025 07:20,SCH - PJM_HTP,325905,660,660,-660
07/31/2025 07:20,SCH - PJM_NEPTUNE,325305,660,660,-660
07/31/2025 07:20,SCH - PJM_VFT,325658,315,315,-315
07/31/2025 07:20,SPR/DUN-SOUTH,23320,1906.74,4600,-9999
07/31/2025 07:20,TOTAL EAST,23314,2990.52,7550,-9999
07/31/2025 07:20,UPNY CONED,23315,3513.51,7320,-9999
07/31/2025 07:20,WEST CENTRAL,23312,-275.86,9999,-9999
07/31/2025 07:25,CENTRAL EAST - VC,23330,1723.45,3150,-9999
07/31/2025 07:25,DYSINGER EAST,23326,295.01,2850,-9999
07/31/2025 07:25,MOSES SOUTH,23319,-17.06,3150,-1600
07/31/2025 07:25,SCH - HQ - NY,23324,-275,1450,-715
07/31/2025 07:25,SCH - HQ_CEDARS,325274,-40,270,-40
07/31/2025 07:25,SCH - HQ_IMPORT_EXPORT,325376,-275,1310,-9999
07/31/2025 07:25,SCH - NE - NY,23318,-1325.19,1400,-1600
07/31/2025 07:25,SCH - NPX_1385,325277,-53,125,-125
07/31/2025 07:25,SCH - NPX_CSC,325154,330,330,-330
07/31/2025 07:25,SCH - OH - NY,23317,1403.25,2000,-1600
07/31/2025 07:25,SCH - PJ - NY,23316,560.47,2000,-1050
07/31/2025 07:25,SCH - PJM_HTP,325905,660,660,-660
07/31/2025 07:25,SCH - PJM_NEPTUNE,325305,660,660,-660
07/31/2025 07:25,SCH - PJM_VFT,325658,315,315,-315
07/31/2025 07:25,SPR/DUN-SOUTH,23320,1866.41,4600,-9999
07/31/2025 07:25,TOTAL EAST,23314,2962.75,7550,-9999
07/31/2025 07:25,UPNY CONED,23315,3467.17,7320,-9999
07/31/2025 07:25,WEST CENTRAL,23312,-284.28,9999,-9999
07/31/2025 07:30,CENTRAL EAST - VC,23330,1857.82,3150,-9999
07/31/2025 07:30,DYSINGER EAST,23326,390.55,2850,-9999
07/31/2025 07:30,MOSES SOUTH,23319,23.56,3150,-1600
07/31/2025 07:30,SCH - HQ - NY,23324,-275,1450,-715
07/31/2025 07:30,SCH - HQ_CEDARS,325274,-40,270,-40
07/31/2025 07:30,SCH - HQ_IMPORT_EXPORT,325376,-275,1310,-9999
07/31/2025 07:30,SCH - NE - NY,23318,-1271.99,1400,-1600
07/31/2025 07:30,SCH - NPX_1385,325277,-53,125,-125
07/31/2025 07:30,SCH - NPX_CSC,325154,330,330,-330
07/31/2025 07:30,SCH - OH - NY,23317,1401.82,2000,-1600
07/31/2025 07:30,SCH - PJ - NY,23316,624.19,2000,-1050
07/31/2025 07:30,SCH - PJM_HTP,325905,660,660,-660
07/31/2025 07:30,SCH - PJM_NEPTUNE,325305,660,660,-660
07/31/2025 07:30,SCH - PJM_VFT,325658,315,315,-315
07/31/2025 07:30,SPR/DUN-SOUTH,23320,1996.69,4600,-9999
07/31/2025 07:30,TOTAL EAST,23314,3028.21,7550,-9999
07/31/2025 07:30,UPNY CONED,23315,3584.43,7320,-9999
07/31/2025 07:30,WEST CENTRAL,23312,-190.49,9999,-9999
07/31/2025 07:35,CENTRAL EAST - VC,23330,1968.39,3150,-9999
07/31/2025 07:35,DYSINGER EAST,23326,421.19,2850,-9999
07/31/2025 07:35,MOSES SOUTH,23319,106.26,3150,-1600
07/31/2025 07:35,SCH - HQ - NY,23324,-275,1450,-715
07/31/2025 07:35,SCH - HQ_CEDARS,325274,-40,270,-40
07/31/2025 07:35,SCH - HQ_IMPORT_EXPORT,325376,-275,1310,-9999
07/31/2025 07:35,SCH - NE - NY,23318,-1215.54,1400,-1600
07/31/2025 07:35,SCH - NPX_1385,325277,-53,125,-125
07/31/2025 07:35,SCH - NPX_CSC,325154,330,330,-330
07/31/2025 07:35,SCH - OH - NY,23317,1401.02,2000,-1600
07/31/2025 07:35,SCH - PJ - NY,23316,686.24,2000,-1050
07/31/2025 07:35,SCH - PJM_HTP,325905,660,660,-660
07/31/2025 07:35,SCH - PJM_NEPTUNE,325305,660,660,-660
07/31/2025 07:35,SCH - PJM_VFT,325658,315,315,-315
07/31/2025 07:35,SPR/DUN-SOUTH,23320,2102.94,4600,-9999
07/31/2025 07:35,TOTAL EAST,23314,3085.06,7550,-9999
07/31/2025 07:35,UPNY CONED,23315,3719.03,7320,-9999
07/31/2025 07:35,WEST CENTRAL,23312,-162.01,9999,-9999
07/31/2025 07:40,CENTRAL EAST - VC,23330,1963.85,3150,-9999
07/31/2025 07:40,DYSINGER EAST,23326,453.41,2850,-9999
07/31/2025 07:40,MOSES SOUTH,23319,103.99,3150,-1600
07/31/2025 07:40,SCH - HQ - NY,23324,-275,1450,-715
07/31/2025 07:40,SCH - HQ_CEDARS,325274,-40,270,-40
07/31/2025 07:40,SCH - HQ_IMPORT_EXPORT,325376,-275,1310,-9999
07/31/2025 07:40,SCH - NE - NY,23318,-1215.5,1400,-1600
07/31/2025 07:40,SCH - NPX_1385,325277,-53,125,-125
07/31/2025 07:40,SCH - NPX_CSC,325154,330,330,-330
07/31/2025 07:40,SCH - OH - NY,23317,1400.75,2000,-1600
07/31/2025 07:40,SCH - PJ - NY,23316,682.96,2000,-1050
07/31/2025 07:40,SCH - PJM_HTP,325905,660,660,-660
07/31/2025 07:40,SCH - PJM_NEPTUNE,325305,660,660,-660
07/31/2025 07:40,SCH - PJM_VFT,325658,315,315,-315
07/31/2025 07:40,SPR/DUN-SOUTH,23320,2071.27,4600,-9999
07/31/2025 07:40,TOTAL EAST,23314,3082.71,7550,-9999
07/31/2025 07:40,UPNY CONED,23315,3711.3,7320,-9999
07/31/2025 07:40,WEST CENTRAL,23312,-128.07,9999,-9999
07/31/2025 07:45,CENTRAL EAST - VC,23330,1959.28,3150,-9999
07/31/2025 07:45,DYSINGER EAST,23326,473.31,2850,-9999
07/31/2025 07:45,MOSES SOUTH,23319,98.33,3150,-1600
07/31/2025 07:45,SCH - HQ - NY,23324,-275,1450,-715
07/31/2025 07:45,SCH - HQ_CEDARS,325274,-40,270,-40
07/31/2025 07:45,SCH - HQ_IMPORT_EXPORT,325376,-275,1310,-9999
07/31/2025 07:45,SCH - NE - NY,23318,-1101.29,1400,-1600
07/31/2025 07:45,SCH - NPX_1385,325277,-53,125,-125
07/31/2025 07:45,SCH - NPX_CSC,325154,330,330,-330
07/31/2025 07:45,SCH - OH - NY,23317,1400.7,2000,-1600
07/31/2025 07:45,SCH - PJ - NY,23316,692.9,2000,-1050
07/31/2025 07:45,SCH - PJM_HTP,325905,660,660,-660
07/31/2025 07:45,SCH - PJM_NEPTUNE,325305,660,660,-660
07/31/2025 07:45,SCH - PJM_VFT,325658,315,315,-315
07/31/2025 07:45,SPR/DUN-SOUTH,23320,2166.49,4600,-9999
07/31/2025 07:45,TOTAL EAST,23314,3099.5,7550,-9999
07/31/2025 07:45,UPNY CONED,23315,3835.07,7320,-9999
07/31/2025 07:45,WEST CENTRAL,23312,-110.28,9999,-9999
07/31/2025 07:50,CENTRAL EAST - VC,23330,1955.95,3150,-9999
07/31/2025 07:50,DYSINGER EAST,23326,479.72,2850,-9999
07/31/2025 07:50,MOSES SOUTH,23319,124.95,3150,-1600
07/31/2025 07:50,SCH - HQ - NY,23324,-275,1450,-715
07/31/2025 07:50,SCH - HQ_CEDARS,325274,-40,270,-40
07/31/2025 07:50,SCH - HQ_IMPORT_EXPORT,325376,-275,1310,-9999
07/31/2025 07:50,SCH - NE - NY,23318,-987.82,1400,-1600
07/31/2025 07:50,SCH - NPX_1385,325277,-53,125,-125
07/31/2025 07:50,SCH - NPX_CSC,325154,330,330,-330
07/31/2025 07:50,SCH - OH - NY,23317,1400.69,2000,-1600
07/31/2025 07:50,SCH - PJ - NY,23316,702.1,2000,-1050
07/31/2025 07:50,SCH - PJM_HTP,325905,660,660,-660
07/31/2025 07:50,SCH - PJM_NEPTUNE,325305,660,660,-660
07/31/2025 07:50,SCH - PJM_VFT,325658,315,315,-315
07/31/2025 07:50,SPR/DUN-SOUTH,23320,2294.82,4600,-9999
07/31/2025 07:50,TOTAL EAST,23314,3122.87,7550,-9999
07/31/2025 07:50,UPNY CONED,23315,3989.06,7320,-9999
07/31/2025 07:50,WEST CENTRAL,23312,-108.97,9999,-9999
07/31/2025 07:55,CENTRAL EAST - VC,23330,1890.97,3150,-9999
07/31/2025 07:55,DYSINGER EAST,23326,459.42,2850,-9999
07/31/2025 07:55,MOSES SOUTH,23319,121.67,3150,-1600
07/31/2025 07:55,SCH - HQ - NY,23324,-275,1450,-715
07/31/2025 07:55,SCH - HQ_CEDARS,325274,-40,270,-40
07/31/2025 07:55,SCH - HQ_IMPORT_EXPORT,325376,-275,1310,-9999
07/31/2025 07:55,SCH - NE - NY,23318,-987.76,1400,-1600
07/31/2025 07:55,SCH - NPX_1385,325277,-53,125,-125
07/31/2025 07:55,SCH - NPX_CSC,325154,330,330,-330
07/31/2025 07:55,SCH - OH - NY,23317,1400.82,2000,-1600
07/31/2025 07:55,SCH - PJ - NY,23316,700.51,2000,-1050
07/31/2025 07:55,SCH - PJM_HTP,325905,660,660,-660
07/31/2025 07:55,SCH - PJM_NEPTUNE,325305,660,660,-660
07/31/2025 07:55,SCH - PJM_VFT,325658,315,315,-315
07/31/2025 07:55,SPR/DUN-SOUTH,23320,2252.99,4600,-9999
07/31/2025 07:55,TOTAL EAST,23314,3101.66,7550,-9999
07/31/2025 07:55,UPNY CONED,23315,3924.55,7320,-9999
07/31/2025 07:55,WEST CENTRAL,23312,-139.22,9999,-9999
07/31/2025 08:00,CENTRAL EAST - VC,23330,1841.82,3150,-9999
07/31/2025 08:00,DYSINGER EAST,23326,553.7,2850,-9999
07/31/2025 08:00,MOSES SOUTH,23319,-62.29,3150,-1600
07/31/2025 08:00,SCH - HQ - NY,23324,-495,1450,-715
07/31/2025 08:00,SCH - HQ_CEDARS,325274,-40,270,-40
07/31/2025 08:00,SCH - HQ_IMPORT_EXPORT,325376,-495,1310,-9999
07/31/2025 08:00,SCH - NE - NY,23318,-981.96,1400,-1600
07/31/2025 08:00,SCH - NPX_1385,325277,-27,125,-125
07/31/2025 08:00,SCH - NPX_CSC,325154,330,330,-330
07/31/2025 08:00,SCH - OH - NY,23317,1468.09,2000,-1600
07/31/2025 08:00,SCH - PJ - NY,23316,610.49,2000,-1050
07/31/2025 08:00,SCH - PJM_HTP,325905,660,660,-660
07/31/2025 08:00,SCH - PJM_NEPTUNE,325305,660,660,-660
07/31/2025 08:00,SCH - PJM_VFT,325658,315,315,-315
07/31/2025 08:00,SPR/DUN-SOUTH,23320,2216.63,4600,-9999
07/31/2025 08:00,TOTAL EAST,23314,3016.55,7550,-9999
07/31/2025 08:00,UPNY CONED,23315,3794.01,7320,-9999
07/31/2025 08:00,WEST CENTRAL,23312,-47.28,9999,-9999
07/31/2025 08:05,CENTRAL EAST - VC,23330,1815.59,3150,-9999
07/31/2025 08:05,DYSINGER EAST,23326,652.8,2850,-9999
07/31/2025 08:05,MOSES SOUTH,23319,-309.55,3150,-1600
07/31/2025 08:05,SCH - HQ - NY,23324,-715,1450,-715
07/31/2025 08:05,SCH - HQ_CEDARS,325274,-40,270,-40
07/31/2025 08:05,SCH - HQ_IMPORT_EXPORT,325376,-715,1310,-9999
07/31/2025 08:05,SCH - NE - NY,23318,-976.89,1400,-1600
07/31/2025 08:05,SCH - NPX_1385,325277,0,125,-125
07/31/2025 08:05,SCH - NPX_CSC,325154,330,330,-330
07/31/2025 08:05,SCH - OH - NY,23317,1535.11,2000,-1600
07/31/2025 08:05,SCH - PJ - NY,23316,517.8,2000,-1050
07/31/2025 08:05,SCH - PJM_HTP,325905,660,660,-660
07/31/2025 08:05,SCH - PJM_NEPTUNE,325305,660,660,-660
07/31/2025 08:05,SCH - PJM_VFT,325658,315,315,-315
07/31/2025 08:05,SPR/DUN-SOUTH,23320,2202.72,4600,-9999
07/31/2025 08:05,TOTAL EAST,23314,2858.78,7550,-9999
07/31/2025 08:05,UPNY CONED,23315,3738.27,7320,-9999
07/31/2025 08:05,WEST CENTRAL,23312,49.11,9999,-9999
07/31/2025 08:10,CENTRAL EAST - VC,23330,1689.57,3150,-9999
07/31/2025 08:10,DYSINGER EAST,23326,521.84,2850,-9999
07/31/2025 08:10,MOSES SOUTH,23319,-225.8,3150,-1600
07/31/2025 08:10,SCH - HQ - NY,23324,-715,1450,-715
07/31/2025 08:10,SCH - HQ_CEDARS,325274,-40,270,-40
07/31/2025 08:10,SCH - HQ_IMPORT_EXPORT,325376,-715,1310,-9999
07/31/2025 08:10,SCH - NE - NY,23318,-973.64,1400,-1600
07/31/2025 08:10,SCH - NPX_1385,325277,0,125,-125
07/31/2025 08:10,SCH - NPX_CSC,325154,330,330,-330
07/31/2025 08:10,SCH - OH - NY,23317,1535.14,2000,-1600
07/31/2025 08:10,SCH - PJ - NY,23316,519.75,2000,-1050
07/31/2025 08:10,SCH - PJM_HTP,325905,660,660,-660
07/31/2025 08:10,SCH - PJM_NEPTUNE,325305,660,660,-660
07/31/2025 08:10,SCH - PJM_VFT,325658,315,315,-315
07/31/2025 08:10,SPR/DUN-SOUTH,23320,2153.94,4600,-9999
07/31/2025 08:10,TOTAL EAST,23314,2863.29,7550,-9999
07/31/2025 08:10,UPNY CONED,23315,3693.67,7320,-9999
07/31/2025 08:10,WEST CENTRAL,23312,-77.86,9999,-9999
07/31/2025 08:15,CENTRAL EAST - VC,23330,1711.51,3150,-9999
07/31/2025 08:15,DYSINGER EAST,23326,466.8,2850,-9999
07/31/2025 08:15,MOSES SOUTH,23319,-212.57,3150,-1600
07/31/2025 08:15,SCH - HQ - NY,23324,-715,1450,-715
07/31/2025 08:15,SCH - HQ_CEDARS,325274,-40,270,-40
07/31/2025 08:15,SCH - HQ_IMPORT_EXPORT,325376,-715,1310,-9999
07/31/2025 08:15,SCH - NE - NY,23318,-1102.98,1400,-1600
07/31/2025 08:15,SCH - NPX_1385,325277,0,125,-125
07/31/2025 08:15,SCH - NPX_CSC,325154,330,330,-330
07/31/2025 08:15,SCH - OH - NY,23317,1535.64,2000,-1600
07/31/2025 08:15,SCH - PJ - NY,23316,509.34,2000,-1050
07/31/2025 08:15,SCH - PJM_HTP,325905,660,660,-660
07/31/2025 08:15,SCH - PJM_NEPTUNE,325305,660,660,-660
07/31/2025 08:15,SCH - PJM_VFT,325658,315,315,-315
07/31/2025 08:15,SPR/DUN-SOUTH,23320,2133.14,4600,-9999
07/31/2025 08:15,TOTAL EAST,23314,2937.77,7550,-9999
07/31/2025 08:15,UPNY CONED,23315,3687.68,7320,-9999
07/31/2025 08:15,WEST CENTRAL,23312,-127.25,9999,-9999
07/31/2025 08:20,CENTRAL EAST - VC,23330,1828.52,3150,-9999
07/31/2025 08:20,DYSINGER EAST,23326,546.07,2850,-9999
07/31/2025 08:20,MOSES SOUTH,23319,-248.29,3150,-1600
07/31/2025 08:20,SCH - HQ - NY,23324,-715,1450,-715
07/31/2025 08:20,SCH - HQ_CEDARS,325274,-40,270,-40
07/31/2025 08:20,SCH - HQ_IMPORT_EXPORT,325376,-715,1310,-9999
07/31/2025 08:20,SCH - NE - NY,23318,-1228.76,1400,-1600
07/31/2025 08:20,SCH - NPX_1385,325277,0,125,-125
07/31/2025 08:20,SCH - NPX_CSC,325154,330,330,-330
07/31/2025 08:20,SCH - OH - NY,23317,1535.69,2000,-1600
07/31/2025 08:20,SCH - PJ - NY,23316,499.15,2000,-1050
07/31/2025 08:20,SCH - PJM_HTP,325905,660,660,-660
07/31/2025 08:20,SCH - PJM_NEPTUNE,325305,660,660,-660
07/31/2025 08:20,SCH - PJM_VFT,325658,315,315,-315
07/31/2025 08:20,SPR/DUN-SOUTH,23320,2050.3,4600,-9999
07/31/2025 08:20,TOTAL EAST,23314,2974,7550,-9999
07/31/2025 08:20,UPNY CONED,23315,3626.61,7320,-9999
07/31/2025 08:20,WEST CENTRAL,23312,-53.59,9999,-9999
07/31/2025 08:25,CENTRAL EAST - VC,23330,1861.39,3150,-9999
07/31/2025 08:25,DYSINGER EAST,23326,551.4,2850,-9999
07/31/2025 08:25,MOSES SOUTH,23319,-251.38,3150,-1600
07/31/2025 08:25,SCH - HQ - NY,23324,-715,1450,-715
07/31/2025 08:25,SCH - HQ_CEDARS,325274,-40,270,-40
07/31/2025 08:25,SCH - HQ_IMPORT_EXPORT,325376,-715,1310,-9999
07/31/2025 08:25,SCH - NE - NY,23318,-1229.03,1400,-1600
07/31/2025 08:25,SCH - NPX_1385,325277,0,125,-125
07/31/2025 08:25,SCH - NPX_CSC,325154,330,330,-330
07/31/2025 08:25,SCH - OH - NY,23317,1535.81,2000,-1600
07/31/2025 08:25,SCH - PJ - NY,23316,500.1,2000,-1050
07/31/2025 08:25,SCH - PJM_HTP,325905,660,660,-660
07/31/2025 08:25,SCH - PJM_NEPTUNE,325305,660,660,-660
07/31/2025 08:25,SCH - PJM_VFT,325658,315,315,-315
07/31/2025 08:25,SPR/DUN-SOUTH,23320,2021.43,4600,-9999
07/31/2025 08:25,TOTAL EAST,23314,2926.81,7550,-9999
07/31/2025 08:25,UPNY CONED,23315,3607.62,7320,-9999
07/31/2025 08:25,WEST CENTRAL,23312,-54.24,9999,-9999
07/31/2025 08:30,CENTRAL EAST - VC,23330,1830.32,3150,-9999
07/31/2025 08:30,DYSINGER EAST,23326,460.12,2850,-9999
07/31/2025 08:30,MOSES SOUTH,23319,-250.22,3150,-1600
07/31/2025 08:30,SCH - HQ - NY,23324,-715,1450,-715
07/31/2025 08:30,SCH - HQ_CEDARS,325274,-40,270,-40
07/31/2025 08:30,SCH - HQ_IMPORT_EXPORT,325376,-715,1310,-9999
07/31/2025 08:30,SCH - NE - NY,23318,-1208.03,1400,-1600
07/31/2025 08:30,SCH - NPX_1385,325277,0,125,-125
07/31/2025 08:30,SCH - NPX_CSC,325154,330,330,-330
07/31/2025 08:30,SCH - OH - NY,23317,1536.02,2000,-1600
07/31/2025 08:30,SCH - PJ - NY,23316,609.2,2000,-1050
07/31/2025 08:30,SCH - PJM_HTP,325905,660,660,-660
07/31/2025 08:30,SCH - PJM_NEPTUNE,325305,660,660,-660
07/31/2025 08:30,SCH - PJM_VFT,325658,315,315,-315
07/31/2025 08:30,SPR/DUN-SOUTH,23320,2026.15,4600,-9999
07/31/2025 08:30,TOTAL EAST,23314,2929.6,7550,-9999
07/31/2025 08:30,UPNY CONED,23315,3632.96,7320,-9999
07/31/2025 08:30,WEST CENTRAL,23312,-145.53,9999,-9999
07/31/2025 08:35,CENTRAL EAST - VC,23330,1913.91,3150,-9999
07/31/2025 08:35,DYSINGER EAST,23326,497.83,2850,-9999
07/31/2025 08:35,MOSES SOUTH,23319,-267.17,3150,-1600
07/31/2025 08:35,SCH - HQ - NY,23324,-715,1450,-715
07/31/2025 08:35,SCH - HQ_CEDARS,325274,-40,270,-40
07/31/2025 08:35,SCH - HQ_IMPORT_EXPORT,325376,-715,1310,-9999
07/31/2025 08:35,SCH - NE - NY,23318,-1188.08,1400,-1600
07/31/2025 08:35,SCH - NPX_1385,325277,0,125,-125
07/31/2025 08:35,SCH - NPX_CSC,325154,330,330,-330
07/31/2025 08:35,SCH - OH - NY,23317,1536.1,2000,-1600
07/31/2025 08:35,SCH - PJ - NY,23316,718.56,2000,-1050
07/31/2025 08:35,SCH - PJM_HTP,325905,660,660,-660
07/31/2025 08:35,SCH - PJM_NEPTUNE,325305,660,660,-660
07/31/2025 08:35,SCH - PJM_VFT,325658,315,315,-315
07/31/2025 08:35,SPR/DUN-SOUTH,23320,2073.33,4600,-9999
07/31/2025 08:35,TOTAL EAST,23314,2987.69,7550,-9999
07/31/2025 08:35,UPNY CONED,23315,3693.35,7320,-9999
07/31/2025 08:35,WEST CENTRAL,23312,-106.03,9999,-9999
07/31/2025 08:40,CENTRAL EAST - VC,23330,1837.6,3150,-9999
07/31/2025 08:40,DYSINGER EAST,23326,517.12,2850,-9999
07/31/2025 08:40,MOSES SOUTH,23319,-269.29,3150,-1600
07/31/2025 08:40,SCH - HQ - NY,23324,-715,1450,-715
07/31/2025 08:40,SCH - HQ_CEDARS,325274,-40,270,-40
07/31/2025 08:40,SCH - HQ_IMPORT_EXPORT,325376,-715,1310,-9999
07/31/2025 08:40,SCH - NE - NY,23318,-1187.97,1400,-1600
07/31/2025 08:40,SCH - NPX_1385,325277,0,125,-125
07/31/2025 08:40,SCH - NPX_CSC,325154,330,330,-330
07/31/2025 08:40,SCH - OH - NY,23317,1535.79,2000,-1600
07/31/2025 08:40,SCH - PJ - NY,23316,717.87,2000,-1050
07/31/2025 08:40,SCH - PJM_HTP,325905,660,660,-660
07/31/2025 08:40,SCH - PJM_NEPTUNE,325305,660,660,-660
07/31/2025 08:40,SCH - PJM_VFT,325658,315,315,-315
07/31/2025 08:40,SPR/DUN-SOUTH,23320,2054.26,4600,-9999
07/31/2025 08:40,TOTAL EAST,23314,2933.3,7550,-9999
07/31/2025 08:40,UPNY CONED,23315,3663.64,7320,-9999
07/31/2025 08:40,WEST CENTRAL,23312,-86.57,9999,-9999
07/31/2025 08:45,CENTRAL EAST - VC,23330,1796.49,3150,-9999
07/31/2025 08:45,DYSINGER EAST,23326,494.68,2850,-9999
07/31/2025 08:45,MOSES SOUTH,23319,-266.62,3150,-1600
07/31/2025 08:45,SCH - HQ - NY,23324,-715,1450,-715
07/31/2025 08:45,SCH - HQ_CEDARS,325274,-40,270,-40
07/31/2025 08:45,SCH - HQ_IMPORT_EXPORT,325376,-715,1310,-9999
07/31/2025 08:45,SCH - NE - NY,23318,-1152.23,1400,-1600
07/31/2025 08:45,SCH - NPX_1385,325277,0,125,-125
07/31/2025 08:45,SCH - NPX_CSC,325154,330,330,-330
07/31/2025 08:45,SCH - OH - NY,23317,1536.07,2000,-1600
07/31/2025 08:45,SCH - PJ - NY,23316,559.02,2000,-1050
07/31/2025 08:45,SCH - PJM_HTP,325905,660,660,-660
07/31/2025 08:45,SCH - PJM_NEPTUNE,325305,660,660,-660
07/31/2025 08:45,SCH - PJM_VFT,325658,315,315,-315
07/31/2025 08:45,SPR/DUN-SOUTH,23320,2060.99,4600,-9999
07/31/2025 08:45,TOTAL EAST,23314,2886.57,7550,-9999
07/31/2025 08:45,UPNY CONED,23315,3687.98,7320,-9999
07/31/2025 08:45,WEST CENTRAL,23312,-107.87,9999,-9999
07/31/2025 08:50,CENTRAL EAST - VC,23330,1748.32,3150,-9999
07/31/2025 08:50,DYSINGER EAST,23326,502.3,2850,-9999
07/31/2025 08:50,MOSES SOUTH,23319,-272.01,3150,-1600
07/31/2025 08:50,SCH - HQ - NY,23324,-715,1450,-715
07/31/2025 08:50,SCH - HQ_CEDARS,325274,-40,270,-40
07/31/2025 08:50,SCH - HQ_IMPORT_EXPORT,325376,-715,1310,-9999
07/31/2025 08:50,SCH - NE - NY,23318,-1116.22,1400,-1600
07/31/2025 08:50,SCH - NPX_1385,325277,0,125,-125
07/31/2025 08:50,SCH - NPX_CSC,325154,330,330,-330
07/31/2025 08:50,SCH - OH - NY,23317,1535.94,2000,-1600
07/31/2025 08:50,SCH - PJ - NY,23316,402.6,2000,-1050
07/31/2025 08:50,SCH - PJM_HTP,325905,660,660,-660
07/31/2025 08:50,SCH - PJM_NEPTUNE,325305,660,660,-660
07/31/2025 08:50,SCH - PJM_VFT,325658,315,315,-315
07/31/2025 08:50,SPR/DUN-SOUTH,23320,2035.91,4600,-9999
07/31/2025 08:50,TOTAL EAST,23314,2810.58,7550,-9999
07/31/2025 08:50,UPNY CONED,23315,3659.14,7320,-9999
07/31/2025 08:50,WEST CENTRAL,23312,-100.46,9999,-9999
07/31/2025 08:55,CENTRAL EAST - VC,23330,1698.8,3150,-9999
07/31/2025 08:55,DYSINGER EAST,23326,497.64,2850,-9999
07/31/2025 08:55,MOSES SOUTH,23319,-316.9,3150,-1600
07/31/2025 08:55,SCH - HQ - NY,23324,-715,1450,-715
07/31/2025 08:55,SCH - HQ_CEDARS,325274,-40,270,-40
07/31/2025 08:55,SCH - HQ_IMPORT_EXPORT,325376,-715,1310,-9999
07/31/2025 08:55,SCH - NE - NY,23318,-1116.06,1400,-1600
07/31/2025 08:55,SCH - NPX_1385,325277,0,125,-125
07/31/2025 08:55,SCH - NPX_CSC,325154,330,330,-330
07/31/2025 08:55,SCH - OH - NY,23317,1536,2000,-1600
07/31/2025 08:55,SCH - PJ - NY,23316,407.67,2000,-1050
07/31/2025 08:55,SCH - PJM_HTP,325905,660,660,-660
07/31/2025 08:55,SCH - PJM_NEPTUNE,325305,660,660,-660
07/31/2025 08:55,SCH - PJM_VFT,325658,315,315,-315
07/31/2025 08:55,SPR/DUN-SOUTH,23320,2006.81,4600,-9999
07/31/2025 08:55,TOTAL EAST,23314,2808.49,7550,-9999
07/31/2025 08:55,UPNY CONED,23315,3649.79,7320,-9999
07/31/2025 08:55,WEST CENTRAL,23312,-106.28,9999,-9999
07/31/2025 09:00,CENTRAL EAST - VC,23330,1775.41,3150,-9999
07/31/2025 09:00,DYSINGER EAST,23326,501.17,2850,-9999
07/31/2025 09:00,MOSES SOUTH,23319,-295.49,3150,-1600
07/31/2025 09:00,SCH - HQ - NY,23324,-715,1450,-715
07/31/2025 09:00,SCH - HQ_CEDARS,325274,-40,270,-40
07/31/2025 09:00,SCH - HQ_IMPORT_EXPORT,325376,-715,1310,-9999
07/31/2025 09:00,SCH - NE - NY,23318,-1259.25,1400,-1600
07/31/2025 09:00,SCH - NPX_1385,325277,-17,125,-125
07/31/2025 09:00,SCH - NPX_CSC,325154,330,330,-330
07/31/2025 09:00,SCH - OH - NY,23317,1543.78,2000,-1600
07/31/2025 09:00,SCH - PJ - NY,23316,373.36,2000,-1050
07/31/2025 09:00,SCH - PJM_HTP,325905,660,660,-660
07/31/2025 09:00,SCH - PJM_NEPTUNE,325305,660,660,-660
07/31/2025 09:00,SCH - PJM_VFT,325658,313,315,-315
07/31/2025 09:00,SPR/DUN-SOUTH,23320,1862.45,4600,-9999
07/31/2025 09:00,TOTAL EAST,23314,2894.06,7550,-9999
07/31/2025 09:00,UPNY CONED,23315,3610.57,7320,-9999
07/31/2025 09:00,WEST CENTRAL,23312,-97.83,9999,-9999
07/31/2025 09:05,CENTRAL EAST - VC,23330,1870.59,3150,-9999
07/31/2025 09:05,DYSINGER EAST,23326,581.73,2850,-9999
07/31/2025 09:05,MOSES SOUTH,23319,-304.36,3150,-1600
07/31/2025 09:05,SCH - HQ - NY,23324,-715,1450,-715
07/31/2025 09:05,SCH - HQ_CEDARS,325274,-40,270,-40
07/31/2025 09:05,SCH - HQ_IMPORT_EXPORT,325376,-715,1310,-9999
07/31/2025 09:05,SCH - NE - NY,23318,-1402.46,1400,-1600
07/31/2025 09:05,SCH - NPX_1385,325277,-33,125,-125
07/31/2025 09:05,SCH - NPX_CSC,325154,330,330,-330
07/31/2025 09:05,SCH - OH - NY,23317,1552.99,2000,-1600
07/31/2025 09:05,SCH - PJ - NY,23316,340.56,2000,-1050
07/31/2025 09:05,SCH - PJM_HTP,325905,660,660,-660
07/31/2025 09:05,SCH - PJM_NEPTUNE,325305,660,660,-660
07/31/2025 09:05,SCH - PJM_VFT,325658,311,315,-315
07/31/2025 09:05,SPR/DUN-SOUTH,23320,1779.52,4600,-9999
07/31/2025 09:05,TOTAL EAST,23314,2994.82,7550,-9999
07/31/2025 09:05,UPNY CONED,23315,3590.93,7320,-9999
07/31/2025 09:05,WEST CENTRAL,23312,-13.06,9999,-9999
07/31/2025 09:10,CENTRAL EAST - VC,23330,1874.06,3150,-9999
07/31/2025 09:10,DYSINGER EAST,23326,476.72,2850,-9999
07/31/2025 09:10,MOSES SOUTH,23319,-326.08,3150,-1600
07/31/2025 09:10,SCH - HQ - NY,23324,-715,1450,-715
07/31/2025 09:10,SCH - HQ_CEDARS,325274,-40,270,-40
07/31/2025 09:10,SCH - HQ_IMPORT_EXPORT,325376,-715,1310,-9999
07/31/2025 09:10,SCH - NE - NY,23318,-1398.66,1400,-1600
07/31/2025 09:10,SCH - NPX_1385,325277,-33,125,-125
07/31/2025 09:10,SCH - NPX_CSC,325154,330,330,-330
07/31/2025 09:10,SCH - OH - NY,23317,1554.05,2000,-1600
07/31/2025 09:10,SCH - PJ - NY,23316,335.04,2000,-1050
07/31/2025 09:10,SCH - PJM_HTP,325905,660,660,-660
07/31/2025 09:10,SCH - PJM_NEPTUNE,325305,660,660,-660
07/31/2025 09:10,SCH - PJM_VFT,325658,311,315,-315
07/31/2025 09:10,SPR/DUN-SOUTH,23320,1682,4600,-9999
07/31/2025 09:10,TOTAL EAST,23314,2939.02,7550,-9999
07/31/2025 09:10,UPNY CONED,23315,3550.92,7320,-9999
07/31/2025 09:10,WEST CENTRAL,23312,-117.63,9999,-9999
07/31/2025 09:15,CENTRAL EAST - VC,23330,1867.36,3150,-9999
07/31/2025 09:15,DYSINGER EAST,23326,452.14,2850,-9999
07/31/2025 09:15,MOSES SOUTH,23319,-295.39,3150,-1600
07/31/2025 09:15,SCH - HQ - NY,23324,-715,1450,-715
07/31/2025 09:15,SCH - HQ_CEDARS,325274,-40,270,-40
07/31/2025 09:15,SCH - HQ_IMPORT_EXPORT,325376,-715,1310,-9999
07/31/2025 09:15,SCH - NE - NY,23318,-1388.02,1400,-1600
07/31/2025 09:15,SCH - NPX_1385,325277,-33,125,-125
07/31/2025 09:15,SCH - NPX_CSC,325154,330,330,-330
07/31/2025 09:15,SCH - OH - NY,23317,1554.07,2000,-1600
07/31/2025 09:15,SCH - PJ - NY,23316,333.76,2000,-1050
07/31/2025 09:15,SCH - PJM_HTP,325905,660,660,-660
07/31/2025 09:15,SCH - PJM_NEPTUNE,325305,660,660,-660
07/31/2025 09:15,SCH - PJM_VFT,325658,311,315,-315
07/31/2025 09:15,SPR/DUN-SOUTH,23320,1657.55,4600,-9999
07/31/2025 09:15,TOTAL EAST,23314,2953.16,7550,-9999
07/31/2025 09:15,UPNY CONED,23315,3559.13,7320,-9999
07/31/2025 09:15,WEST CENTRAL,23312,-148.11,9999,-9999
07/31/2025 09:20,CENTRAL EAST - VC,23330,1847.69,3150,-9999
07/31/2025 09:20,DYSINGER EAST,23326,463.39,2850,-9999
07/31/2025 09:20,MOSES SOUTH,23319,-289.64,3150,-1600
07/31/2025 09:20,SCH - HQ - NY,23324,-715,1450,-715
07/31/2025 09:20,SCH - HQ_CEDARS,325274,-40,270,-40
07/31/2025 09:20,SCH - HQ_IMPORT_EXPORT,325376,-715,1310,-9999
07/31/2025 09:20,SCH - NE - NY,23318,-1378.08,1400,-1600
07/31/2025 09:20,SCH - NPX_1385,325277,-33,125,-125
07/31/2025 09:20,SCH - NPX_CSC,325154,330,330,-330
07/31/2025 09:20,SCH - OH - NY,23317,1554.28,2000,-1600
07/31/2025 09:20,SCH - PJ - NY,23316,332.99,2000,-1050
07/31/2025 09:20,SCH - PJM_HTP,325905,660,660,-660
07/31/2025 09:20,SCH - PJM_NEPTUNE,325305,660,660,-660
07/31/2025 09:20,SCH - PJM_VFT,325658,311,315,-315
07/31/2025 09:20,SPR/DUN-SOUTH,23320,1640.63,4600,-9999
07/31/2025 09:20,TOTAL EAST,23314,2973.07,7550,-9999
07/31/2025 09:20,UPNY CONED,23315,3583.3,7320,-9999
07/31/2025 09:20,WEST CENTRAL,23312,-146,9999,-9999
07/31/2025 09:25,CENTRAL EAST - VC,23330,1873.88,3150,-9999
07/31/2025 09:25,DYSINGER EAST,23326,496.33,2850,-9999
07/31/2025 09:25,MOSES SOUTH,23319,-278.64,3150,-1600
07/31/2025 09:25,SCH - HQ - NY,23324,-715,1450,-715
07/31/2025 09:25,SCH - HQ_CEDARS,325274,-40,270,-40
07/31/2025 09:25,SCH - HQ_IMPORT_EXPORT,325376,-715,1310,-9999
07/31/2025 09:25,SCH - NE - NY,23318,-1378.11,1400,-1600
07/31/2025 09:25,SCH - NPX_1385,325277,-33,125,-125
07/31/2025 09:25,SCH - NPX_CSC,325154,330,330,-330
07/31/2025 09:25,SCH - OH - NY,23317,1553.9,2000,-1600
07/31/2025 09:25,SCH - PJ - NY,23316,336.01,2000,-1050
07/31/2025 09:25,SCH - PJM_HTP,325905,660,660,-660
07/31/2025 09:25,SCH - PJM_NEPTUNE,325305,660,660,-660
07/31/2025 09:25,SCH - PJM_VFT,325658,311,315,-315
07/31/2025 09:25,SPR/DUN-SOUTH,23320,1601.95,4600,-9999
07/31/2025 09:25,TOTAL EAST,23314,2938.81,7550,-9999
07/31/2025 09:25,UPNY CONED,23315,3567.89,7320,-9999
07/31/2025 09:25,WEST CENTRAL,23312,-112.09,9999,-9999
07/31/2025 09:30,CENTRAL EAST - VC,23330,1783.79,3185,-9999
07/31/2025 09:30,DYSINGER EAST,23326,396.74,2850,-9999
07/31/2025 09:30,MOSES SOUTH,23319,-249.6,3150,-1600
07/31/2025 09:30,SCH - HQ - NY,23324,-715,1450,-715
07/31/2025 09:30,SCH - HQ_CEDARS,325274,-40,270,-40
07/31/2025 09:30,SCH - HQ_IMPORT_EXPORT,325376,-715,1310,-9999
07/31/2025 09:30,SCH - NE - NY,23318,-1358.19,1400,-1600
07/31/2025 09:30,SCH - NPX_1385,325277,-33,125,-125
07/31/2025 09:30,SCH - NPX_CSC,325154,330,330,-330
07/31/2025 09:30,SCH - OH - NY,23317,1553.69,2000,-1600
07/31/2025 09:30,SCH - PJ - NY,23316,335.84,2000,-1050
07/31/2025 09:30,SCH - PJM_HTP,325905,660,660,-660
07/31/2025 09:30,SCH - PJM_NEPTUNE,325305,660,660,-660
07/31/2025 09:30,SCH - PJM_VFT,325658,311,315,-315
07/31/2025 09:30,SPR/DUN-SOUTH,23320,1544.85,4600,-9999
07/31/2025 09:30,TOTAL EAST,23314,2824.58,7550,-9999
07/31/2025 09:30,UPNY CONED,23315,3460.69,7320,-9999
07/31/2025 09:30,WEST CENTRAL,23312,-204.49,9999,-9999
07/31/2025 09:35,CENTRAL EAST - VC,23330,1903.77,3185,-9999
07/31/2025 09:35,DYSINGER EAST,23326,398.1,2850,-9999
07/31/2025 09:35,MOSES SOUTH,23319,-143.93,3150,-1600
07/31/2025 09:35,SCH - HQ - NY,23324,-715,1450,-715
07/31/2025 09:35,SCH - HQ_CEDARS,325274,-40,270,-40
07/31/2025 09:35,SCH - HQ_IMPORT_EXPORT,325376,-715,1310,-9999
07/31/2025 09:35,SCH - NE - NY,23318,-1339.57,1400,-1600
07/31/2025 09:35,SCH - NPX_1385,325277,-33,125,-125
07/31/2025 09:35,SCH - NPX_CSC,325154,330,330,-330
07/31/2025 09:35,SCH - OH - NY,23317,1552.62,2000,-1600
07/31/2025 09:35,SCH - PJ - NY,23316,338.96,2000,-1050
07/31/2025 09:35,SCH - PJM_HTP,325905,660,660,-660
07/31/2025 09:35,SCH - PJM_NEPTUNE,325305,660,660,-660
07/31/2025 09:35,SCH - PJM_VFT,325658,311,315,-315
07/31/2025 09:35,SPR/DUN-SOUTH,23320,1525.14,4600,-9999
07/31/2025 09:35,TOTAL EAST,23314,2790.64,7550,-9999
07/31/2025 09:35,UPNY CONED,23315,3457.61,7320,-9999
07/31/2025 09:35,WEST CENTRAL,23312,-194.05,9999,-9999
07/31/2025 09:40,CENTRAL EAST - VC,23330,1881.84,3185,-9999
07/31/2025 09:40,DYSINGER EAST,23326,545.41,2850,-9999
07/31/2025 09:40,MOSES SOUTH,23319,-119.65,3150,-1600
07/31/2025 09:40,SCH - HQ - NY,23324,-715,1450,-715
07/31/2025 09:40,SCH - HQ_CEDARS,325274,-40,270,-40
07/31/2025 09:40,SCH - HQ_IMPORT_EXPORT,325376,-715,1310,-9999
07/31/2025 09:40,SCH - NE - NY,23318,-1339.47,1400,-1600
07/31/2025 09:40,SCH - NPX_1385,325277,-33,125,-125
07/31/2025 09:40,SCH - NPX_CSC,325154,330,330,-330
07/31/2025 09:40,SCH - OH - NY,23317,1551.25,2000,-1600
07/31/2025 09:40,SCH - PJ - NY,23316,341.5,2000,-1050
07/31/2025 09:40,SCH - PJM_HTP,325905,660,660,-660
07/31/2025 09:40,SCH - PJM_NEPTUNE,325305,660,660,-660
07/31/2025 09:40,SCH - PJM_VFT,325658,311,315,-315
07/31/2025 09:40,SPR/DUN-SOUTH,23320,1480.03,4600,-9999
07/31/2025 09:40,TOTAL EAST,23314,2756.6,7550,-9999
07/31/2025 09:40,UPNY CONED,23315,3452.66,7320,-9999
07/31/2025 09:40,WEST CENTRAL,23312,-44.7,9999,-9999
07/31/2025 09:45,CENTRAL EAST - VC,23330,1776.03,3185,-9999
07/31/2025 09:45,DYSINGER EAST,23326,729.89,2850,-9999
07/31/2025 09:45,MOSES SOUTH,23319,-425.23,3150,-1600
07/31/2025 09:45,SCH - HQ - NY,23324,-715,1450,-715
07/31/2025 09:45,SCH - HQ_CEDARS,325274,-40,270,-40
07/31/2025 09:45,SCH - HQ_IMPORT_EXPORT,325376,-715,1310,-9999
07/31/2025 09:45,SCH - NE - NY,23318,-1321.29,1400,-1600
07/31/2025 09:45,SCH - NPX_1385,325277,-33,125,-125
07/31/2025 09:45,SCH - NPX_CSC,325154,330,330,-330
07/31/2025 09:45,SCH - OH - NY,23317,1551.44,2000,-1600
07/31/2025 09:45,SCH - PJ - NY,23316,341.14,2000,-1050
07/31/2025 09:45,SCH - PJM_HTP,325905,660,660,-660
07/31/2025 09:45,SCH - PJM_NEPTUNE,325305,660,660,-660
07/31/2025 09:45,SCH - PJM_VFT,325658,311,315,-315
07/31/2025 09:45,SPR/DUN-SOUTH,23320,1573.05,4600,-9999
07/31/2025 09:45,TOTAL EAST,23314,2718.24,7550,-9999
07/31/2025 09:45,UPNY CONED,23315,3594.27,7320,-9999
07/31/2025 09:45,WEST CENTRAL,23312,142.57,9999,-9999
07/31/2025 09:50,CENTRAL EAST - VC,23330,1792.76,3185,-9999
07/31/2025 09:50,DYSINGER EAST,23326,829.05,2850,-9999
07/31/2025 09:50,MOSES SOUTH,23319,-423.71,3150,-1600
07/31/2025 09:50,SCH - HQ - NY,23324,-715,1450,-715
07/31/2025 09:50,SCH - HQ_CEDARS,325274,-40,270,-40
07/31/2025 09:50,SCH - HQ_IMPORT_EXPORT,325376,-715,1310,-9999
07/31/2025 09:50,SCH - NE - NY,23318,-1303.44,1400,-1600
07/31/2025 09:50,SCH - NPX_1385,325277,-33,125,-125
07/31/2025 09:50,SCH - NPX_CSC,325154,330,330,-330
07/31/2025 09:50,SCH - OH - NY,23317,1551.47,2000,-1600
07/31/2025 09:50,SCH - PJ - NY,23316,340.07,2000,-1050
07/31/2025 09:50,SCH - PJM_HTP,325905,660,660,-660
07/31/2025 09:50,SCH - PJM_NEPTUNE,325305,660,660,-660
07/31/2025 09:50,SCH - PJM_VFT,325658,311,315,-315
07/31/2025 09:50,SPR/DUN-SOUTH,23320,1648.23,4600,-9999
07/31/2025 09:50,TOTAL EAST,23314,2800.73,7550,-9999
07/31/2025 09:50,UPNY CONED,23315,3735.36,7320,-9999
07/31/2025 09:50,WEST CENTRAL,23312,242.81,9999,-9999
07/31/2025 09:55,CENTRAL EAST - VC,23330,1895.92,3185,-9999
07/31/2025 09:55,DYSINGER EAST,23326,899.75,2850,-9999
07/31/2025 09:55,MOSES SOUTH,23319,-408.22,3150,-1600
07/31/2025 09:55,SCH - HQ - NY,23324,-715,1450,-715
07/31/2025 09:55,SCH - HQ_CEDARS,325274,-40,270,-40
07/31/2025 09:55,SCH - HQ_IMPORT_EXPORT,325376,-715,1310,-9999
07/31/2025 09:55,SCH - NE - NY,23318,-1303.39,1400,-1600
07/31/2025 09:55,SCH - NPX_1385,325277,-33,125,-125
07/31/2025 09:55,SCH - NPX_CSC,325154,330,330,-330
07/31/2025 09:55,SCH - OH - NY,23317,1551.44,2000,-1600
07/31/2025 09:55,SCH - PJ - NY,23316,341.31,2000,-1050
07/31/2025 09:55,SCH - PJM_HTP,325905,660,660,-660
07/31/2025 09:55,SCH - PJM_NEPTUNE,325305,660,660,-660
07/31/2025 09:55,SCH - PJM_VFT,325658,311,315,-315
07/31/2025 09:55,SPR/DUN-SOUTH,23320,1750.12,4600,-9999
07/31/2025 09:55,TOTAL EAST,23314,2830.81,7550,-9999
07/31/2025 09:55,UPNY CONED,23315,3838.55,7320,-9999
07/31/2025 09:55,WEST CENTRAL,23312,316.53,9999,-9999
07/31/2025 10:00,CENTRAL EAST - VC,23330,1888.24,3185,-9999
07/31/2025 10:00,DYSINGER EAST,23326,881.09,2850,-9999
07/31/2025 10:00,MOSES SOUTH,23319,-347.84,3150,-1600
07/31/2025 10:00,SCH - HQ - NY,23324,-715,1450,-715
07/31/2025 10:00,SCH - HQ_CEDARS,325274,-40,270,-40
07/31/2025 10:00,SCH - HQ_IMPORT_EXPORT,325376,-715,1310,-9999
07/31/2025 10:00,SCH - NE - NY,23318,-1151.24,1400,-1600
07/31/2025 10:00,SCH - NPX_1385,325277,-24,125,-125
07/31/2025 10:00,SCH - NPX_CSC,325154,330,330,-330
07/31/2025 10:00,SCH - OH - NY,23317,1537.45,2000,-1600
07/31/2025 10:00,SCH - PJ - NY,23316,298,2000,-1050
07/31/2025 10:00,SCH - PJM_HTP,325905,595,660,-660
07/31/2025 10:00,SCH - PJM_NEPTUNE,325305,660,660,-660
07/31/2025 10:00,SCH - PJM_VFT,325658,293,315,-315
07/31/2025 10:00,SPR/DUN-SOUTH,23320,1911.43,4600,-9999
07/31/2025 10:00,TOTAL EAST,23314,2772.27,7550,-9999
07/31/2025 10:00,UPNY CONED,23315,4008.86,7320,-9999
07/31/2025 10:00,WEST CENTRAL,23312,302.29,9999,-9999
07/31/2025 10:05,CENTRAL EAST - VC,23330,1857.25,3185,-9999
07/31/2025 10:05,DYSINGER EAST,23326,822.14,2850,-9999
07/31/2025 10:05,MOSES SOUTH,23319,-346.13,3150,-1600
07/31/2025 10:05,SCH - HQ - NY,23324,-715,1450,-715
07/31/2025 10:05,SCH - HQ_CEDARS,325274,-40,270,-40
07/31/2025 10:05,SCH - HQ_IMPORT_EXPORT,325376,-715,1310,-9999
07/31/2025 10:05,SCH - NE - NY,23318,-1005.17,1400,-1600
07/31/2025 10:05,SCH - NPX_1385,325277,-15,125,-125
07/31/2025 10:05,SCH - NPX_CSC,325154,330,330,-330
07/31/2025 10:05,SCH - OH - NY,23317,1523.55,2000,-1600
07/31/2025 10:05,SCH - PJ - NY,23316,266.28,2000,-1050
07/31/2025 10:05,SCH - PJM_HTP,325905,530,660,-660
07/31/2025 10:05,SCH - PJM_NEPTUNE,325305,660,660,-660
07/31/2025 10:05,SCH - PJM_VFT,325658,275,315,-315
07/31/2025 10:05,SPR/DUN-SOUTH,23320,2067.95,4600,-9999
07/31/2025 10:05,TOTAL EAST,23314,2767.51,7550,-9999
07/31/2025 10:05,UPNY CONED,23315,4172.64,7320,-9999
07/31/2025 10:05,WEST CENTRAL,23312,241.73,9999,-9999
07/31/2025 10:10,CENTRAL EAST - VC,23330,1970.44,3185,-9999
07/31/2025 10:10,DYSINGER EAST,23326,865.75,2850,-9999
07/31/2025 10:10,MOSES SOUTH,23319,-355.05,3150,-1600
07/31/2025 10:10,SCH - HQ - NY,23324,-715,1450,-715
07/31/2025 10:10,SCH - HQ_CEDARS,325274,-40,270,-40
07/31/2025 10:10,SCH - HQ_IMPORT_EXPORT,325376,-715,1310,-9999
07/31/2025 10:10,SCH - NE - NY,23318,-1004.94,1400,-1600
07/31/2025 10:10,SCH - NPX_1385,325277,-15,125,-125
07/31/2025 10:10,SCH - NPX_CSC,325154,330,330,-330
07/31/2025 10:10,SCH - OH - NY,23317,1523.54,2000,-1600
07/31/2025 10:10,SCH - PJ - NY,23316,264.54,2000,-1050
07/31/2025 10:10,SCH - PJM_HTP,325905,530,660,-660
07/31/2025 10:10,SCH - PJM_NEPTUNE,325305,660,660,-660
07/31/2025 10:10,SCH - PJM_VFT,325658,275,315,-315
07/31/2025 10:10,SPR/DUN-SOUTH,23320,2167.82,4600,-9999
07/31/2025 10:10,TOTAL EAST,23314,2873.64,7550,-9999
07/31/2025 10:10,UPNY CONED,23315,4294.1,7320,-9999
07/31/2025 10:10,WEST CENTRAL,23312,283.47,9999,-9999
07/31/2025 10:15,CENTRAL EAST - VC,23330,1928.05,3185,-9999
07/31/2025 10:15,DYSINGER EAST,23326,891.27,2850,-9999
07/31/2025 10:15,MOSES SOUTH,23319,-348.82,3150,-1600
07/31/2025 10:15,SCH - HQ - NY,23324,-715,1450,-715
07/31/2025 10:15,SCH - HQ_CEDARS,325274,-40,270,-40
07/31/2025 10:15,SCH - HQ_IMPORT_EXPORT,325376,-715,1310,-9999
07/31/2025 10:15,SCH - NE - NY,23318,-979.09,1400,-1600
07/31/2025 10:15,SCH - NPX_1385,325277,-15,125,-125
07/31/2025 10:15,SCH - NPX_CSC,325154,330,330,-330
07/31/2025 10:15,SCH - OH - NY,23317,1523.32,2000,-1600
07/31/2025 10:15,SCH - PJ - NY,23316,265.87,2000,-1050
07/31/2025 10:15,SCH - PJM_HTP,325905,530,660,-660
07/31/2025 10:15,SCH - PJM_NEPTUNE,325305,660,660,-660
07/31/2025 10:15,SCH - PJM_VFT,325658,275,315,-315
07/31/2025 10:15,SPR/DUN-SOUTH,23320,2267.15,4600,-9999
07/31/2025 10:15,TOTAL EAST,23314,2889.97,7550,-9999
07/31/2025 10:15,UPNY CONED,23315,4347.72,7320,-9999
07/31/2025 10:15,WEST CENTRAL,23312,305.42,9999,-9999
07/31/2025 10:20,CENTRAL EAST - VC,23330,1891.51,3210,-9999
07/31/2025 10:20,DYSINGER EAST,23326,847.11,2850,-9999
07/31/2025 10:20,MOSES SOUTH,23319,-353.62,3150,-1600
07/31/2025 10:20,SCH - HQ - NY,23324,-715,1450,-715
07/31/2025 10:20,SCH - HQ_CEDARS,325274,-40,270,-40
07/31/2025 10:20,SCH - HQ_IMPORT_EXPORT,325376,-715,1310,-9999
07/31/2025 10:20,SCH - NE - NY,23318,-953.26,1400,-1600
07/31/2025 10:20,SCH - NPX_1385,325277,-15,125,-125
07/31/2025 10:20,SCH - NPX_CSC,325154,330,330,-330
07/31/2025 10:20,SCH - OH - NY,23317,1523.42,2000,-1600
07/31/2025 10:20,SCH - PJ - NY,23316,269.14,2000,-1050
07/31/2025 10:20,SCH - PJM_HTP,325905,530,660,-660
07/31/2025 10:20,SCH - PJM_NEPTUNE,325305,660,660,-660
07/31/2025 10:20,SCH - PJM_VFT,325658,275,315,-315
07/31/2025 10:20,SPR/DUN-SOUTH,23320,2332.06,4600,-9999
07/31/2025 10:20,TOTAL EAST,23314,2876.86,7550,-9999
07/31/2025 10:20,UPNY CONED,23315,4385.35,7320,-9999
07/31/2025 10:20,WEST CENTRAL,23312,262.28,9999,-9999
07/31/2025 10:25,CENTRAL EAST - VC,23330,1907.55,3210,-9999
07/31/2025 10:25,DYSINGER EAST,23326,836.57,2850,-9999
07/31/2025 10:25,MOSES SOUTH,23319,-332.52,3150,-1600
07/31/2025 10:25,SCH - HQ - NY,23324,-715,1450,-715
07/31/2025 10:25,SCH - HQ_CEDARS,325274,-40,270,-40
07/31/2025 10:25,SCH - HQ_IMPORT_EXPORT,325376,-715,1310,-9999
07/31/2025 10:25,SCH - NE - NY,23318,-953.27,1400,-1600
07/31/2025 10:25,SCH - NPX_1385,325277,-15,125,-125
07/31/2025 10:25,SCH - NPX_CSC,325154,330,330,-330
07/31/2025 10:25,SCH - OH - NY,23317,1523.43,2000,-1600
07/31/2025 10:25,SCH - PJ - NY,23316,268.19,2000,-1050
07/31/2025 10:25,SCH - PJM_HTP,325905,530,660,-660
07/31/2025 10:25,SCH - PJM_NEPTUNE,325305,660,660,-660
07/31/2025 10:25,SCH - PJM_VFT,325658,275,315,-315
07/31/2025 10:25,SPR/DUN-SOUTH,23320,2350.93,4600,-9999
07/31/2025 10:25,TOTAL EAST,23314,2905.64,7550,-9999
07/31/2025 10:25,UPNY CONED,23315,4395.77,7320,-9999
07/31/2025 10:25,WEST CENTRAL,23312,243.94,9999,-9999
07/31/2025 10:30,CENTRAL EAST - VC,23330,1910.59,3210,-9999
07/31/2025 10:30,DYSINGER EAST,23326,857.05,2850,-9999
07/31/2025 10:30,MOSES SOUTH,23319,-328.38,3150,-1600
07/31/2025 10:30,SCH - HQ - NY,23324,-715,1450,-715
07/31/2025 10:30,SCH - HQ_CEDARS,325274,-40,270,-40
07/31/2025 10:30,SCH - HQ_IMPORT_EXPORT,325376,-715,1310,-9999
07/31/2025 10:30,SCH - NE - NY,23318,-953.27,1400,-1600
07/31/2025 10:30,SCH - NPX_1385,325277,-15,125,-125
07/31/2025 10:30,SCH - NPX_CSC,325154,330,330,-330
07/31/2025 10:30,SCH - OH - NY,23317,1523.43,2000,-1600
07/31/2025 10:30,SCH - PJ - NY,23316,303.08,2000,-1050
07/31/2025 10:30,SCH - PJM_HTP,325905,530,660,-660
07/31/2025 10:30,SCH - PJM_NEPTUNE,325305,660,660,-660
07/31/2025 10:30,SCH - PJM_VFT,325658,275,315,-315
07/31/2025 10:30,SPR/DUN-SOUTH,23320,2367.81,4600,-9999
07/31/2025 10:30,TOTAL EAST,23314,2933.49,7550,-9999
07/31/2025 10:30,UPNY CONED,23315,4403.29,7320,-9999
07/31/2025 10:30,WEST CENTRAL,23312,250.9,9999,-9999
07/31/2025 10:35,CENTRAL EAST - VC,23330,1915.37,3185,-9999
07/31/2025 10:35,DYSINGER EAST,23326,884.89,2850,-9999
07/31/2025 10:35,MOSES SOUTH,23319,-311.44,3150,-1600
07/31/2025 10:35,SCH - HQ - NY,23324,-715,1450,-715
07/31/2025 10:35,SCH - HQ_CEDARS,325274,-40,270,-40
07/31/2025 10:35,SCH - HQ_IMPORT_EXPORT,325376,-715,1310,-9999
07/31/2025 10:35,SCH - NE - NY,23318,-953.19,1400,-1600
07/31/2025 10:35,SCH - NPX_1385,325277,-15,125,-125
07/31/2025 10:35,SCH - NPX_CSC,325154,330,330,-330
07/31/2025 10:35,SCH - OH - NY,23317,1523.37,2000,-1600
07/31/2025 10:35,SCH - PJ - NY,23316,334.28,2000,-1050
07/31/2025 10:35,SCH - PJM_HTP,325905,530,660,-660
07/31/2025 10:35,SCH - PJM_NEPTUNE,325305,660,660,-660
07/31/2025 10:35,SCH - PJM_VFT,325658,275,315,-315
07/31/2025 10:35,SPR/DUN-SOUTH,23320,2308.52,4600,-9999
07/31/2025 10:35,TOTAL EAST,23314,2964.83,7550,-9999
07/31/2025 10:35,UPNY CONED,23315,4405.8,7320,-9999
07/31/2025 10:35,WEST CENTRAL,23312,267.17,9999,-9999
07/31/2025 10:40,CENTRAL EAST - VC,23330,1944.31,3185,-9999
07/31/2025 10:40,DYSINGER EAST,23326,874.24,2850,-9999
07/31/2025 10:40,MOSES SOUTH,23319,-320.96,3150,-1600
07/31/2025 10:40,SCH - HQ - NY,23324,-715,1450,-715
07/31/2025 10:40,SCH - HQ_CEDARS,325274,-40,270,-40
07/31/2025 10:40,SCH - HQ_IMPORT_EXPORT,325376,-715,1310,-9999
07/31/2025 10:40,SCH - NE - NY,23318,-953.23,1400,-1600
07/31/2025 10:40,SCH - NPX_1385,325277,-15,125,-125
07/31/2025 10:40,SCH - NPX_CSC,325154,330,330,-330
07/31/2025 10:40,SCH - OH - NY,23317,1523.43,2000,-1600
07/31/2025 10:40,SCH - PJ - NY,23316,337.93,2000,-1050
07/31/2025 10:40,SCH - PJM_HTP,325905,530,660,-660
07/31/2025 10:40,SCH - PJM_NEPTUNE,325305,660,660,-660
07/31/2025 10:40,SCH - PJM_VFT,325658,275,315,-315
07/31/2025 10:40,SPR/DUN-SOUTH,23320,2277.09,4600,-9999
07/31/2025 10:40,TOTAL EAST,23314,2979.34,7550,-9999
07/31/2025 10:40,UPNY CONED,23315,4421.89,7320,-9999
07/31/2025 10:40,WEST CENTRAL,23312,255.59,9999,-9999
07/31/2025 10:45,CENTRAL EAST - VC,23330,1851.56,3210,-9999
07/31/2025 10:45,DYSINGER EAST,23326,799.1,2850,-9999
07/31/2025 10:45,MOSES SOUTH,23319,-335.78,3150,-1600
07/31/2025 10:45,SCH - HQ - NY,23324,-715,1450,-715
07/31/2025 10:45,SCH - HQ_CEDARS,325274,-40,270,-40
07/31/2025 10:45,SCH - HQ_IMPORT_EXPORT,325376,-715,1310,-9999
07/31/2025 10:45,SCH - NE - NY,23318,-953.21,1400,-1600
07/31/2025 10:45,SCH - NPX_1385,325277,-15,125,-125
07/31/2025 10:45,SCH - NPX_CSC,325154,330,330,-330
07/31/2025 10:45,SCH - OH - NY,23317,1523.6,2000,-1600
07/31/2025 10:45,SCH - PJ - NY,23316,301.33,2000,-1050
07/31/2025 10:45,SCH - PJM_HTP,325905,530,660,-660
07/31/2025 10:45,SCH - PJM_NEPTUNE,325305,660,660,-660
07/31/2025 10:45,SCH - PJM_VFT,325658,275,315,-315
07/31/2025 10:45,SPR/DUN-SOUTH,23320,2211.47,4600,-9999
07/31/2025 10:45,TOTAL EAST,23314,2920.77,7550,-9999
07/31/2025 10:45,UPNY CONED,23315,4353.67,7320,-9999
07/31/2025 10:45,WEST CENTRAL,23312,180.41,9999,-9999
07/31/2025 10:50,CENTRAL EAST - VC,23330,1853.18,3185,-9999
07/31/2025 10:50,DYSINGER EAST,23326,781.65,2850,-9999
07/31/2025 10:50,MOSES SOUTH,23319,-335.85,3150,-1600
07/31/2025 10:50,SCH - HQ - NY,23324,-715,1450,-715
07/31/2025 10:50,SCH - HQ_CEDARS,325274,-40,270,-40
07/31/2025 10:50,SCH - HQ_IMPORT_EXPORT,325376,-715,1310,-9999
07/31/2025 10:50,SCH - NE - NY,23318,-953.2,1400,-1600
07/31/2025 10:50,SCH - NPX_1385,325277,-15,125,-125
07/31/2025 10:50,SCH - NPX_CSC,325154,330,330,-330
07/31/2025 10:50,SCH - OH - NY,23317,1523.59,2000,-1600
07/31/2025 10:50,SCH - PJ - NY,23316,267,2000,-1050
07/31/2025 10:50,SCH - PJM_HTP,325905,530,660,-660
07/31/2025 10:50,SCH - PJM_NEPTUNE,325305,660,660,-660
07/31/2025 10:50,SCH - PJM_VFT,325658,275,315,-315
07/31/2025 10:50,SPR/DUN-SOUTH,23320,2107.85,4600,-9999
07/31/2025 10:50,TOTAL EAST,23314,2858.06,7550,-9999
07/31/2025 10:50,UPNY CONED,23315,4241.07,7320,-9999
07/31/2025 10:50,WEST CENTRAL,23312,163.09,9999,-9999
07/31/2025 10:55,CENTRAL EAST - VC,23330,1919.31,3185,-9999
07/31/2025 10:55,DYSINGER EAST,23326,812.06,2850,-9999
07/31/2025 10:55,MOSES SOUTH,23319,-342.63,3150,-1600
07/31/2025 10:55,SCH - HQ - NY,23324,-715,1450,-715
07/31/2025 10:55,SCH - HQ_CEDARS,325274,-40,270,-40
07/31/2025 10:55,SCH - HQ_IMPORT_EXPORT,325376,-715,1310,-9999
07/31/2025 10:55,SCH - NE - NY,23318,-953.22,1400,-1600
07/31/2025 10:55,SCH - NPX_1385,325277,-15,125,-125
07/31/2025 10:55,SCH - NPX_CSC,325154,330,330,-330
07/31/2025 10:55,SCH - OH - NY,23317,1523.51,2000,-1600
07/31/2025 10:55,SCH - PJ - NY,23316,267.09,2000,-1050
07/31/2025 10:55,SCH - PJM_HTP,325905,530,660,-660
07/31/2025 10:55,SCH - PJM_NEPTUNE,325305,660,660,-660
07/31/2025 10:55,SCH - PJM_VFT,325658,275,315,-315
07/31/2025 10:55,SPR/DUN-SOUTH,23320,2187.84,4600,-9999
07/31/2025 10:55,TOTAL EAST,23314,2873.86,7550,-9999
07/31/2025 10:55,UPNY CONED,23315,4340.3,7320,-9999
07/31/2025 10:55,WEST CENTRAL,23312,195.5,9999,-9999
07/31/2025 11:00,CENTRAL EAST - VC,23330,1815.25,3185,-9999
07/31/2025 11:00,DYSINGER EAST,23326,667.26,2850,-9999
07/31/2025 11:00,MOSES SOUTH,23319,-335.35,3150,-1600
07/31/2025 11:00,SCH - HQ - NY,23324,-715,1450,-715
07/31/2025 11:00,SCH - HQ_CEDARS,325274,-40,270,-40
07/31/2025 11:00,SCH - HQ_IMPORT_EXPORT,325376,-715,1310,-9999
07/31/2025 11:00,SCH - NE - NY,23318,-947.16,1400,-1600
07/31/2025 11:00,SCH - NPX_1385,325277,18,125,-125
07/31/2025 11:00,SCH - NPX_CSC,325154,330,330,-330
07/31/2025 11:00,SCH - OH - NY,23317,1298.36,2000,-1600
07/31/2025 11:00,SCH - PJ - NY,23316,203.79,2000,-1050
07/31/2025 11:00,SCH - PJM_HTP,325905,491,660,-660
07/31/2025 11:00,SCH - PJM_NEPTUNE,325305,660,660,-660
07/31/2025 11:00,SCH - PJM_VFT,325658,264,315,-315
07/31/2025 11:00,SPR/DUN-SOUTH,23320,2117.65,4600,-9999
07/31/2025 11:00,TOTAL EAST,23314,2647.96,7550,-9999
07/31/2025 11:00,UPNY CONED,23315,4134.6,7320,-9999
07/31/2025 11:00,WEST CENTRAL,23312,56.66,9999,-9999
07/31/2025 11:05,CENTRAL EAST - VC,23330,1631.57,3185,-9999
07/31/2025 11:05,DYSINGER EAST,23326,463.58,2850,-9999
07/31/2025 11:05,MOSES SOUTH,23319,-333.68,3150,-1600
07/31/2025 11:05,SCH - HQ - NY,23324,-715,1450,-715
07/31/2025 11:05,SCH - HQ_CEDARS,325274,-40,270,-40
07/31/2025 11:05,SCH - HQ_IMPORT_EXPORT,325376,-715,1310,-9999
07/31/2025 11:05,SCH - NE - NY,23318,-942.24,1400,-1600
07/31/2025 11:05,SCH - NPX_1385,325277,51,125,-125
07/31/2025 11:05,SCH - NPX_CSC,325154,330,330,-330
07/31/2025 11:05,SCH - OH - NY,23317,1073.38,2000,-1600
07/31/2025 11:05,SCH - PJ - NY,23316,140.4,2000,-1050
07/31/2025 11:05,SCH - PJM_HTP,325905,452,660,-660
07/31/2025 11:05,SCH - PJM_NEPTUNE,325305,660,660,-660
07/31/2025 11:05,SCH - PJM_VFT,325658,254,315,-315
07/31/2025 11:05,SPR/DUN-SOUTH,23320,2027.44,4600,-9999
07/31/2025 11:05,TOTAL EAST,23314,2410.05,7550,-9999
07/31/2025 11:05,UPNY CONED,23315,3968.86,7320,-9999
07/31/2025 11:05,WEST CENTRAL,23312,-146.07,9999,-9999
07/31/2025 11:10,CENTRAL EAST - VC,23330,1692.98,3185,-9999
07/31/2025 11:10,DYSINGER EAST,23326,494.87,2850,-9999
07/31/2025 11:10,MOSES SOUTH,23319,-357.1,3150,-1600
07/31/2025 11:10,SCH - HQ - NY,23324,-715,1450,-715
07/31/2025 11:10,SCH - HQ_CEDARS,325274,-40,270,-40
07/31/2025 11:10,SCH - HQ_IMPORT_EXPORT,325376,-715,1310,-9999
07/31/2025 11:10,SCH - NE - NY,23318,-942.19,1400,-1600
07/31/2025 11:10,SCH - NPX_1385,325277,51,125,-125
07/31/2025 11:10,SCH - NPX_CSC,325154,330,330,-330
07/31/2025 11:10,SCH - OH - NY,23317,1073.4,2000,-1600
07/31/2025 11:10,SCH - PJ - NY,23316,140.91,2000,-1050
07/31/2025 11:10,SCH - PJM_HTP,325905,452,660,-660
07/31/2025 11:10,SCH - PJM_NEPTUNE,325305,660,660,-660
07/31/2025 11:10,SCH - PJM_VFT,325658,254,315,-315
07/31/2025 11:10,SPR/DUN-SOUTH,23320,2039.61,4600,-9999
07/31/2025 11:10,TOTAL EAST,23314,2440.18,7550,-9999
07/31/2025 11:10,UPNY CONED,23315,4009.02,7320,-9999
07/31/2025 11:10,WEST CENTRAL,23312,-121.18,9999,-9999
07/31/2025 11:15,CENTRAL EAST - VC,23330,1725.94,3185,-9999
07/31/2025 11:15,DYSINGER EAST,23326,602.85,2850,-9999
07/31/2025 11:15,MOSES SOUTH,23319,-367.19,3150,-1600
07/31/2025 11:15,SCH - HQ - NY,23324,-715,1450,-715
07/31/2025 11:15,SCH - HQ_CEDARS,325274,-40,270,-40
07/31/2025 11:15,SCH - HQ_IMPORT_EXPORT,325376,-715,1310,-9999
07/31/2025 11:15,SCH - NE - NY,23318,-942.16,1400,-1600
07/31/2025 11:15,SCH - NPX_1385,325277,51,125,-125
07/31/2025 11:15,SCH - NPX_CSC,325154,330,330,-330
07/31/2025 11:15,SCH - OH - NY,23317,1073.1,2000,-1600
07/31/2025 11:15,SCH - PJ - NY,23316,94.28,2000,-1050
07/31/2025 11:15,SCH - PJM_HTP,325905,452,660,-660
07/31/2025 11:15,SCH - PJM_NEPTUNE,325305,660,660,-660
07/31/2025 11:15,SCH - PJM_VFT,325658,254,315,-315
07/31/2025 11:15,SPR/DUN-SOUTH,23320,2015.22,4600,-9999
07/31/2025 11:15,TOTAL EAST,23314,2393.71,7550,-9999
07/31/2025 11:15,UPNY CONED,23315,3970.24,7320,-9999
07/31/2025 11:15,WEST CENTRAL,23312,-25.2,9999,-9999
07/31/2025 11:20,CENTRAL EAST - VC,23330,1724.15,3185,-9999
07/31/2025 11:20,DYSINGER EAST,23326,619.71,2850,-9999
07/31/2025 11:20,MOSES SOUTH,23319,-377.87,3150,-1600
07/31/2025 11:20,SCH - HQ - NY,23324,-715,1450,-715
07/31/2025 11:20,SCH - HQ_CEDARS,325274,-40,270,-40
07/31/2025 11:20,SCH - HQ_IMPORT_EXPORT,325376,-715,1310,-9999
07/31/2025 11:20,SCH - NE - NY,23318,-942.19,1400,-1600
07/31/2025 11:20,SCH - NPX_1385,325277,51,125,-125
07/31/2025 11:20,SCH - NPX_CSC,325154,330,330,-330
07/31/2025 11:20,SCH - OH - NY,23317,1073.1,2000,-1600
07/31/2025 11:20,SCH - PJ - NY,23316,40.36,2000,-1050
07/31/2025 11:20,SCH - PJM_HTP,325905,452,660,-660
07/31/2025 11:20,SCH - PJM_NEPTUNE,325305,660,660,-660
07/31/2025 11:20,SCH - PJM_VFT,325658,254,315,-315
07/31/2025 11:20,SPR/DUN-SOUTH,23320,2009.66,4600,-9999
07/31/2025 11:20,TOTAL EAST,23314,2376.63,7550,-9999
07/31/2025 11:20,UPNY CONED,23315,3953.24,7320,-9999
07/31/2025 11:20,WEST CENTRAL,23312,-10.58,9999,-9999
07/31/2025 11:25,CENTRAL EAST - VC,23330,1713.04,3185,-9999
07/31/2025 11:25,DYSINGER EAST,23326,629.72,2850,-9999
07/31/2025 11:25,MOSES SOUTH,23319,-371.2,3150,-1600
07/31/2025 11:25,SCH - HQ - NY,23324,-715,1450,-715
07/31/2025 11:25,SCH - HQ_CEDARS,325274,-40,270,-40
07/31/2025 11:25,SCH - HQ_IMPORT_EXPORT,325376,-715,1310,-9999
07/31/2025 11:25,SCH - NE - NY,23318,-942.11,1400,-1600
07/31/2025 11:25,SCH - NPX_1385,325277,51,125,-125
07/31/2025 11:25,SCH - NPX_CSC,325154,330,330,-330
07/31/2025 11:25,SCH - OH - NY,23317,1073.13,2000,-1600
07/31/2025 11:25,SCH - PJ - NY,23316,42.66,2000,-1050
07/31/2025 11:25,SCH - PJM_HTP,325905,452,660,-660
07/31/2025 11:25,SCH - PJM_NEPTUNE,325305,660,660,-660
07/31/2025 11:25,SCH - PJM_VFT,325658,254,315,-315
07/31/2025 11:25,SPR/DUN-SOUTH,23320,1988.01,4600,-9999
07/31/2025 11:25,TOTAL EAST,23314,2354.43,7550,-9999
07/31/2025 11:25,UPNY CONED,23315,3940.85,7320,-9999
07/31/2025 11:25,WEST CENTRAL,23312,6.36,9999,-9999
07/31/2025 11:30,CENTRAL EAST - VC,23330,1904.06,3185,-9999
07/31/2025 11:30,DYSINGER EAST,23326,713.66,2850,-9999
07/31/2025 11:30,MOSES SOUTH,23319,-365.83,3150,-1600
07/31/2025 11:30,SCH - HQ - NY,23324,-715,1450,-715
07/31/2025 11:30,SCH - HQ_CEDARS,325274,-40,270,-40
07/31/2025 11:30,SCH - HQ_IMPORT_EXPORT,325376,-715,1310,-9999
07/31/2025 11:30,SCH - NE - NY,23318,-976.97,1400,-1600
07/31/2025 11:30,SCH - NPX_1385,325277,51,125,-125
07/31/2025 11:30,SCH - NPX_CSC,325154,330,330,-330
07/31/2025 11:30,SCH - OH - NY,23317,1073.15,2000,-1600
07/31/2025 11:30,SCH - PJ - NY,23316,-9.03,2000,-1050
07/31/2025 11:30,SCH - PJM_HTP,325905,452,660,-660
07/31/2025 11:30,SCH - PJM_NEPTUNE,325305,660,660,-660
07/31/2025 11:30,SCH - PJM_VFT,325658,254,315,-315
07/31/2025 11:30,SPR/DUN-SOUTH,23320,1917.55,4600,-9999
07/31/2025 11:30,TOTAL EAST,23314,2423.55,7550,-9999
07/31/2025 11:30,UPNY CONED,23315,3866.86,7320,-9999
07/31/2025 11:30,WEST CENTRAL,23312,93.16,9999,-9999
07/31/2025 11:35,CENTRAL EAST - VC,23330,1884.22,3185,-9999
07/31/2025 11:35,DYSINGER EAST,23326,728.69,2850,-9999
07/31/2025 11:35,MOSES SOUTH,23319,-375.43,3150,-1600
07/31/2025 11:35,SCH - HQ - NY,23324,-715,1450,-715
07/31/2025 11:35,SCH - HQ_CEDARS,325274,-40,270,-40
07/31/2025 11:35,SCH - HQ_IMPORT_EXPORT,325376,-715,1310,-9999
07/31/2025 11:35,SCH - NE - NY,23318,-1012.77,1400,-1600
07/31/2025 11:35,SCH - NPX_1385,325277,51,125,-125
07/31/2025 11:35,SCH - NPX_CSC,325154,330,330,-330
07/31/2025 11:35,SCH - OH - NY,23317,1073.11,2000,-1600
07/31/2025 11:35,SCH - PJ - NY,23316,-61.28,2000,-1050
07/31/2025 11:35,SCH - PJM_HTP,325905,452,660,-660
07/31/2025 11:35,SCH - PJM_NEPTUNE,325305,660,660,-660
07/31/2025 11:35,SCH - PJM_VFT,325658,254,315,-315
07/31/2025 11:35,SPR/DUN-SOUTH,23320,1860.11,4600,-9999
07/31/2025 11:35,TOTAL EAST,23314,2421.87,7550,-9999
07/31/2025 11:35,UPNY CONED,23315,3837.97,7320,-9999
07/31/2025 11:35,WEST CENTRAL,23312,104.04,9999,-9999
07/31/2025 11:40,CENTRAL EAST - VC,23330,1881.92,3185,-9999
07/31/2025 11:40,DYSINGER EAST,23326,731.93,2850,-9999
07/31/2025 11:40,MOSES SOUTH,23319,-368.19,3150,-1600
07/31/2025 11:40,SCH - HQ - NY,23324,-715,1450,-715
07/31/2025 11:40,SCH - HQ_CEDARS,325274,-40,270,-40
07/31/2025 11:40,SCH - HQ_IMPORT_EXPORT,325376,-715,1310,-9999
07/31/2025 11:40,SCH - NE - NY,23318,-1012.84,1400,-1600
07/31/2025 11:40,SCH - NPX_1385,325277,51,125,-125
07/31/2025 11:40,SCH - NPX_CSC,325154,330,330,-330
07/31/2025 11:40,SCH - OH - NY,23317,1073.1,2000,-1600
07/31/2025 11:40,SCH - PJ - NY,23316,-57.71,2000,-1050
07/31/2025 11:40,SCH - PJM_HTP,325905,452,660,-660
07/31/2025 11:40,SCH - PJM_NEPTUNE,325305,660,660,-660
07/31/2025 11:40,SCH - PJM_VFT,325658,254,315,-315
07/31/2025 11:40,SPR/DUN-SOUTH,23320,1826.11,4600,-9999
07/31/2025 11:40,TOTAL EAST,23314,2407.02,7550,-9999
07/31/2025 11:40,UPNY CONED,23315,3822.8,7320,-9999
07/31/2025 11:40,WEST CENTRAL,23312,105.06,9999,-9999
07/31/2025 11:45,CENTRAL EAST - VC,23330,1872.82,3185,-9999
07/31/2025 11:45,DYSINGER EAST,23326,681.1,2850,-9999
07/31/2025 11:45,MOSES SOUTH,23319,-367.07,3150,-1600
07/31/2025 11:45,SCH - HQ - NY,23324,-715,1450,-715
07/31/2025 11:45,SCH - HQ_CEDARS,325274,-40,270,-40
07/31/2025 11:45,SCH - HQ_IMPORT_EXPORT,325376,-715,1310,-9999
07/31/2025 11:45,SCH - NE - NY,23318,-995.98,1400,-1600
07/31/2025 11:45,SCH - NPX_1385,325277,51,125,-125
07/31/2025 11:45,SCH - NPX_CSC,325154,330,330,-330
07/31/2025 11:45,SCH - OH - NY,23317,1073.12,2000,-1600
07/31/2025 11:45,SCH - PJ - NY,23316,-7.43,2000,-1050
07/31/2025 11:45,SCH - PJM_HTP,325905,452,660,-660
07/31/2025 11:45,SCH - PJM_NEPTUNE,325305,660,660,-660
07/31/2025 11:45,SCH - PJM_VFT,325658,283,315,-315
07/31/2025 11:45,SPR/DUN-SOUTH,23320,1850.55,4600,-9999
07/31/2025 11:45,TOTAL EAST,23314,2444.86,7550,-9999
07/31/2025 11:45,UPNY CONED,23315,3860.63,7320,-9999
07/31/2025 11:45,WEST CENTRAL,23312,58.04,9999,-9999
07/31/2025 11:50,CENTRAL EAST - VC,23330,1928.68,3185,-9999
07/31/2025 11:50,DYSINGER EAST,23326,723.97,2850,-9999
07/31/2025 11:50,MOSES SOUTH,23319,-357.07,3150,-1600
07/31/2025 11:50,SCH - HQ - NY,23324,-715,1450,-715
07/31/2025 11:50,SCH - HQ_CEDARS,325274,-40,270,-40
07/31/2025 11:50,SCH - HQ_IMPORT_EXPORT,325376,-715,1310,-9999
07/31/2025 11:50,SCH - NE - NY,23318,-979.08,1400,-1600
07/31/2025 11:50,SCH - NPX_1385,325277,51,125,-125
07/31/2025 11:50,SCH - NPX_CSC,325154,330,330,-330
07/31/2025 11:50,SCH - OH - NY,23317,1068.15,2000,-1600
07/31/2025 11:50,SCH - PJ - NY,23316,46.37,2000,-1050
07/31/2025 11:50,SCH - PJM_HTP,325905,452,660,-660
07/31/2025 11:50,SCH - PJM_NEPTUNE,325305,660,660,-660
07/31/2025 11:50,SCH - PJM_VFT,325658,313,315,-315
07/31/2025 11:50,SPR/DUN-SOUTH,23320,1900.2,4600,-9999
07/31/2025 11:50,TOTAL EAST,23314,2492.44,7550,-9999
07/31/2025 11:50,UPNY CONED,23315,3920.9,7320,-9999
07/31/2025 11:50,WEST CENTRAL,23312,102.04,9999,-9999
07/31/2025 11:55,CENTRAL EAST - VC,23330,1877.01,3185,-9999
07/31/2025 11:55,DYSINGER EAST,23326,741.94,2850,-9999
07/31/2025 11:55,MOSES SOUTH,23319,-360.5,3150,-1600
07/31/2025 11:55,SCH - HQ - NY,23324,-715,1450,-715
07/31/2025 11:55,SCH - HQ_CEDARS,325274,-40,270,-40
07/31/2025 11:55,SCH - HQ_IMPORT_EXPORT,325376,-715,1310,-9999
07/31/2025 11:55,SCH - NE - NY,23318,-979.02,1400,-1600
07/31/2025 11:55,SCH - NPX_1385,325277,51,125,-125
07/31/2025 11:55,SCH - NPX_CSC,325154,330,330,-330
07/31/2025 11:55,SCH - OH - NY,23317,1069.41,2000,-1600
07/31/2025 11:55,SCH - PJ - NY,23316,47.07,2000,-1050
07/31/2025 11:55,SCH - PJM_HTP,325905,452,660,-660
07/31/2025 11:55,SCH - PJM_NEPTUNE,325305,660,660,-660
07/31/2025 11:55,SCH - PJM_VFT,325658,313,315,-315
07/31/2025 11:55,SPR/DUN-SOUTH,23320,1880.55,4600,-9999
07/31/2025 11:55,TOTAL EAST,23314,2496.12,7550,-9999
07/31/2025 11:55,UPNY CONED,23315,3910.67,7320,-9999
07/31/2025 11:55,WEST CENTRAL,23312,117.71,9999,-9999
07/31/2025 12:00,CENTRAL EAST - VC,23330,1954.05,3185,-9999
07/31/2025 12:00,DYSINGER EAST,23326,806.73,2850,-9999
07/31/2025 12:00,MOSES SOUTH,23319,-335.63,3150,-1600
07/31/2025 12:00,SCH - HQ - NY,23324,-715,1450,-715
07/31/2025 12:00,SCH - HQ_CEDARS,325274,-40,270,-40
07/31/2025 12:00,SCH - HQ_IMPORT_EXPORT,325376,-715,1310,-9999
07/31/2025 12:00,SCH - NE - NY,23318,-1026.74,1400,-1600
07/31/2025 12:00,SCH - NPX_1385,325277,57,125,-125
07/31/2025 12:00,SCH - NPX_CSC,325154,330,330,-330
07/31/2025 12:00,SCH - OH - NY,23317,1134.79,2000,-1600
07/31/2025 12:00,SCH - PJ - NY,23316,-7.12,2000,-1050
07/31/2025 12:00,SCH - PJM_HTP,325905,491,660,-660
07/31/2025 12:00,SCH - PJM_NEPTUNE,325305,660,660,-660
07/31/2025 12:00,SCH - PJM_VFT,325658,269,315,-315
07/31/2025 12:00,SPR/DUN-SOUTH,23320,1901.92,4600,-9999
07/31/2025 12:00,TOTAL EAST,23314,2511.38,7550,-9999
07/31/2025 12:00,UPNY CONED,23315,3880.85,7320,-9999
07/31/2025 12:00,WEST CENTRAL,23312,184,9999,-9999
07/31/2025 12:05,CENTRAL EAST - VC,23330,1980.23,3185,-9999
07/31/2025 12:05,DYSINGER EAST,23326,850.66,2850,-9999
07/31/2025 12:05,MOSES SOUTH,23319,-321.39,3150,-1600
07/31/2025 12:05,SCH - HQ - NY,23324,-715,1450,-715
07/31/2025 12:05,SCH - HQ_CEDARS,325274,-40,270,-40
07/31/2025 12:05,SCH - HQ_IMPORT_EXPORT,325376,-715,1310,-9999
07/31/2025 12:05,SCH - NE - NY,23318,-1071.19,1400,-1600
07/31/2025 12:05,SCH - NPX_1385,325277,63,125,-125
07/31/2025 12:05,SCH - NPX_CSC,325154,330,330,-330
07/31/2025 12:05,SCH - OH - NY,23317,1198.34,2000,-1600
07/31/2025 12:05,SCH - PJ - NY,23316,-67.3,2000,-1050
07/31/2025 12:05,SCH - PJM_HTP,325905,530,660,-660
07/31/2025 12:05,SCH - PJM_NEPTUNE,325305,660,660,-660
07/31/2025 12:05,SCH - PJM_VFT,325658,225,315,-315
07/31/2025 12:05,SPR/DUN-SOUTH,23320,1959.63,4600,-9999
07/31/2025 12:05,TOTAL EAST,23314,2563.99,7550,-9999
07/31/2025 12:05,UPNY CONED,23315,3947.62,7320,-9999
07/31/2025 12:05,WEST CENTRAL,23312,230.72,9999,-9999
07/31/2025 12:10,CENTRAL EAST - VC,23330,2065.33,3185,-9999
07/31/2025 12:10,DYSINGER EAST,23326,891.84,2850,-9999
07/31/2025 12:10,MOSES SOUTH,23319,-343.14,3150,-1600
07/31/2025 12:10,SCH - HQ - NY,23324,-715,1450,-715
07/31/2025 12:10,SCH - HQ_CEDARS,325274,-40,270,-40
07/31/2025 12:10,SCH - HQ_IMPORT_EXPORT,325376,-715,1310,-9999
07/31/2025 12:10,SCH - NE - NY,23318,-1076.76,1400,-1600
07/31/2025 12:10,SCH - NPX_1385,325277,63,125,-125
07/31/2025 12:10,SCH - NPX_CSC,325154,330,330,-330
07/31/2025 12:10,SCH - OH - NY,23317,1199.48,2000,-1600
07/31/2025 12:10,SCH - PJ - NY,23316,-64.03,2000,-1050
07/31/2025 12:10,SCH - PJM_HTP,325905,530,660,-660
07/31/2025 12:10,SCH - PJM_NEPTUNE,325305,660,660,-660
07/31/2025 12:10,SCH - PJM_VFT,325658,225,315,-315
07/31/2025 12:10,SPR/DUN-SOUTH,23320,1969.92,4600,-9999
07/31/2025 12:10,TOTAL EAST,23314,2606.99,7550,-9999
07/31/2025 12:10,UPNY CONED,23315,4008.24,7320,-9999
07/31/2025 12:10,WEST CENTRAL,23312,271.41,9999,-9999
07/31/2025 12:13,CENTRAL EAST - VC,23330,2202.87,3185,-9999
07/31/2025 12:13,DYSINGER EAST,23326,830.23,2850,-9999
07/31/2025 12:13,MOSES SOUTH,23319,-57.94,3150,-1600
07/31/2025 12:13,SCH - HQ - NY,23324,-715,1450,-715
07/31/2025 12:13,SCH - HQ_CEDARS,325274,-40,270,-40
07/31/2025 12:13,SCH - HQ_IMPORT_EXPORT,325376,-715,1310,-9999
07/31/2025 12:13,SCH - NE - NY,23318,-1076.68,1400,-1600
07/31/2025 12:13,SCH - NPX_1385,325277,63,125,-125
07/31/2025 12:13,SCH - NPX_CSC,325154,330,330,-330
07/31/2025 12:13,SCH - OH - NY,23317,1199.03,2000,-1600
07/31/2025 12:13,SCH - PJ - NY,23316,-2.38,2000,-1050
07/31/2025 12:13,SCH - PJM_HTP,325905,530,660,-660
07/31/2025 12:13,SCH - PJM_NEPTUNE,325305,660,660,-660
07/31/2025 12:13,SCH - PJM_VFT,325658,225,315,-315
07/31/2025 12:13,SPR/DUN-SOUTH,23320,2069.7,4600,-9999
07/31/2025 12:13,TOTAL EAST,23314,2864.68,7550,-9999
07/31/2025 12:13,UPNY CONED,23315,4116.12,7320,-9999
07/31/2025 12:13,WEST CENTRAL,23312,227.32,9999,-9999
07/31/2025 12:15,CENTRAL EAST - VC,23330,2218.07,3185,-9999
07/31/2025 12:15,DYSINGER EAST,23326,886.59,2850,-9999
07/31/2025 12:15,MOSES SOUTH,23319,-123.06,3150,-1600
07/31/2025 12:15,SCH - HQ - NY,23324,-715,1450,-715
07/31/2025 12:15,SCH - HQ_CEDARS,325274,-40,270,-40
07/31/2025 12:15,SCH - HQ_IMPORT_EXPORT,325376,-715,1310,-9999
07/31/2025 12:15,SCH - NE - NY,23318,-1076.75,1400,-1600
07/31/2025 12:15,SCH - NPX_1385,325277,63,125,-125
07/31/2025 12:15,SCH - NPX_CSC,325154,330,330,-330
07/31/2025 12:15,SCH - OH - NY,23317,1201.72,2000,-1600
07/31/2025 12:15,SCH - PJ - NY,23316,34.56,2000,-1050
07/31/2025 12:15,SCH - PJM_HTP,325905,530,660,-660
07/31/2025 12:15,SCH - PJM_NEPTUNE,325305,660,660,-660
07/31/2025 12:15,SCH - PJM_VFT,325658,225,315,-315
07/31/2025 12:15,SPR/DUN-SOUTH,23320,2060.67,4600,-9999
07/31/2025 12:15,TOTAL EAST,23314,2838.41,7550,-9999
07/31/2025 12:15,UPNY CONED,23315,4144.25,7320,-9999
07/31/2025 12:15,WEST CENTRAL,23312,276.4,9999,-9999
07/31/2025 12:18,CENTRAL EAST - VC,23330,2173.84,3185,-9999
07/31/2025 12:18,DYSINGER EAST,23326,810.64,2850,-9999
07/31/2025 12:18,MOSES SOUTH,23319,-78.41,3150,-1600
07/31/2025 12:18,SCH - HQ - NY,23324,-715,1450,-715
07/31/2025 12:18,SCH - HQ_CEDARS,325274,-40,270,-40
07/31/2025 12:18,SCH - HQ_IMPORT_EXPORT,325376,-715,1310,-9999
07/31/2025 12:18,SCH - NE - NY,23318,-1076.67,1400,-1600
07/31/2025 12:18,SCH - NPX_1385,325277,63,125,-125
07/31/2025 12:18,SCH - NPX_CSC,325154,330,330,-330
07/31/2025 12:18,SCH - OH - NY,23317,1199.91,2000,-1600
07/31/2025 12:18,SCH - PJ - NY,23316,96.19,2000,-1050
07/31/2025 12:18,SCH - PJM_HTP,325905,530,660,-660
07/31/2025 12:18,SCH - PJM_NEPTUNE,325305,660,660,-660
07/31/2025 12:18,SCH - PJM_VFT,325658,225,315,-315
07/31/2025 12:18,SPR/DUN-SOUTH,23320,2035.6,4600,-9999
07/31/2025 12:18,TOTAL EAST,23314,2911.78,7550,-9999
07/31/2025 12:18,UPNY CONED,23315,4130.87,7320,-9999
07/31/2025 12:18,WEST CENTRAL,23312,205.96,9999,-9999
07/31/2025 12:25,CENTRAL EAST - VC,23330,2202.3,3185,-9999
07/31/2025 12:25,DYSINGER EAST,23326,817.02,2850,-9999
07/31/2025 12:25,MOSES SOUTH,23319,-92.39,3150,-1600
07/31/2025 12:25,SCH - HQ - NY,23324,-715,1450,-715
07/31/2025 12:25,SCH - HQ_CEDARS,325274,-40,270,-40
07/31/2025 12:25,SCH - HQ_IMPORT_EXPORT,325376,-715,1310,-9999
07/31/2025 12:25,SCH - NE - NY,23318,-1076.63,1400,-1600
07/31/2025 12:25,SCH - NPX_1385,325277,63,125,-125
07/31/2025 12:25,SCH - NPX_CSC,325154,330,330,-330
07/31/2025 12:25,SCH - OH - NY,23317,1199.17,2000,-1600
07/31/2025 12:25,SCH - PJ - NY,23316,136.37,2000,-1050
07/31/2025 12:25,SCH - PJM_HTP,325905,530,660,-660
07/31/2025 12:25,SCH - PJM_NEPTUNE,325305,660,660,-660
07/31/2025 12:25,SCH - PJM_VFT,325658,225,315,-315
07/31/2025 12:25,SPR/DUN-SOUTH,23320,2086.09,4600,-9999
07/31/2025 12:25,TOTAL EAST,23314,2991.88,7550,-9999
07/31/2025 12:25,UPNY CONED,23315,4216.9,7320,-9999
07/31/2025 12:25,WEST CENTRAL,23312,213.16,9999,-9999
07/31/2025 12:30,CENTRAL EAST - VC,23330,2131.62,3185,-9999
07/31/2025 12:30,DYSINGER EAST,23326,825.41,2850,-9999
07/31/2025 12:30,MOSES SOUTH,23319,-128.59,3150,-1600
07/31/2025 12:30,SCH - HQ - NY,23324,-715,1450,-715
07/31/2025 12:30,SCH - HQ_CEDARS,325274,-40,270,-40
07/31/2025 12:30,SCH - HQ_IMPORT_EXPORT,325376,-715,1310,-9999
07/31/2025 12:30,SCH - NE - NY,23318,-1044.76,1400,-1600
07/31/2025 12:30,SCH - NPX_1385,325277,63,125,-125
07/31/2025 12:30,SCH - NPX_CSC,325154,330,330,-330
07/31/2025 12:30,SCH - OH - NY,23317,1201.25,2000,-1600
07/31/2025 12:30,SCH - PJ - NY,23316,86.22,2000,-1050
07/31/2025 12:30,SCH - PJM_HTP,325905,530,660,-660
07/31/2025 12:30,SCH - PJM_NEPTUNE,325305,660,660,-660
07/31/2025 12:30,SCH - PJM_VFT,325658,225,315,-315
07/31/2025 12:30,SPR/DUN-SOUTH,23320,2015.09,4600,-9999
07/31/2025 12:30,TOTAL EAST,23314,2862.37,7550,-9999
07/31/2025 12:30,UPNY CONED,23315,4188.69,7320,-9999
07/31/2025 12:30,WEST CENTRAL,23312,220.79,9999,-9999
07/31/2025 12:35,CENTRAL EAST - VC,23330,2065.84,3265,-9999
07/31/2025 12:35,DYSINGER EAST,23326,810.28,2850,-9999
07/31/2025 12:35,MOSES SOUTH,23319,-165.38,3150,-1600
07/31/2025 12:35,SCH - HQ - NY,23324,-715,1450,-715
07/31/2025 12:35,SCH - HQ_CEDARS,325274,-40,270,-40
07/31/2025 12:35,SCH - HQ_IMPORT_EXPORT,325376,-715,1310,-9999
07/31/2025 12:35,SCH - NE - NY,23318,-1012.82,1400,-1600
07/31/2025 12:35,SCH - NPX_1385,325277,63,125,-125
07/31/2025 12:35,SCH - NPX_CSC,325154,330,330,-330
07/31/2025 12:35,SCH - OH - NY,23317,1198.45,2000,-1600
07/31/2025 12:35,SCH - PJ - NY,23316,37.33,2000,-1050
07/31/2025 12:35,SCH - PJM_HTP,325905,530,660,-660
07/31/2025 12:35,SCH - PJM_NEPTUNE,325305,660,660,-660
07/31/2025 12:35,SCH - PJM_VFT,325658,225,315,-315
07/31/2025 12:35,SPR/DUN-SOUTH,23320,1973.92,4600,-9999
07/31/2025 12:35,TOTAL EAST,23314,2835.13,7550,-9999
07/31/2025 12:35,UPNY CONED,23315,4191.71,7320,-9999
07/31/2025 12:35,WEST CENTRAL,23312,207.07,9999,-9999
07/31/2025 12:40,CENTRAL EAST - VC,23330,2062.68,3265,-9999
07/31/2025 12:40,DYSINGER EAST,23326,781.09,2850,-9999
07/31/2025 12:40,MOSES SOUTH,23319,-175.11,3150,-1600
07/31/2025 12:40,SCH - HQ - NY,23324,-715,1450,-715
07/31/2025 12:40,SCH - HQ_CEDARS,325274,-40,270,-40
07/31/2025 12:40,SCH - HQ_IMPORT_EXPORT,325376,-715,1310,-9999
07/31/2025 12:40,SCH - NE - NY,23318,-1012.87,1400,-1600
07/31/2025 12:40,SCH - NPX_1385,325277,63,125,-125
07/31/2025 12:40,SCH - NPX_CSC,325154,330,330,-330
07/31/2025 12:40,SCH - OH - NY,23317,1197.89,2000,-1600
07/31/2025 12:40,SCH - PJ - NY,23316,40.63,2000,-1050
07/31/2025 12:40,SCH - PJM_HTP,325905,530,660,-660
07/31/2025 12:40,SCH - PJM_NEPTUNE,325305,660,660,-660
07/31/2025 12:40,SCH - PJM_VFT,325658,225,315,-315
07/31/2025 12:40,SPR/DUN-SOUTH,23320,1952.53,4600,-9999
07/31/2025 12:40,TOTAL EAST,23314,2815.93,7550,-9999
07/31/2025 12:40,UPNY CONED,23315,4166.22,7320,-9999
07/31/2025 12:40,WEST CENTRAL,23312,177.17,9999,-9999
07/31/2025 12:45,CENTRAL EAST - VC,23330,1944.63,3265,-9999
07/31/2025 12:45,DYSINGER EAST,23326,723.72,2850,-9999
07/31/2025 12:45,MOSES SOUTH,23319,-176.48,3150,-1600
07/31/2025 12:45,SCH - HQ - NY,23324,-715,1450,-715
07/31/2025 12:45,SCH - HQ_CEDARS,325274,-40,270,-40
07/31/2025 12:45,SCH - HQ_IMPORT_EXPORT,325376,-715,1310,-9999
07/31/2025 12:45,SCH - NE - NY,23318,-965.06,1400,-1600
07/31/2025 12:45,SCH - NPX_1385,325277,63,125,-125
07/31/2025 12:45,SCH - NPX_CSC,325154,330,330,-330
07/31/2025 12:45,SCH - OH - NY,23317,1198.77,2000,-1600
07/31/2025 12:45,SCH - PJ - NY,23316,39.58,2000,-1050
07/31/2025 12:45,SCH - PJM_HTP,325905,530,660,-660
07/31/2025 12:45,SCH - PJM_NEPTUNE,325305,660,660,-660
07/31/2025 12:45,SCH - PJM_VFT,325658,225,315,-315
07/31/2025 12:45,SPR/DUN-SOUTH,23320,1995.22,4600,-9999
07/31/2025 12:45,TOTAL EAST,23314,2711.64,7550,-9999
07/31/2025 12:45,UPNY CONED,23315,4260.21,7320,-9999
07/31/2025 12:45,WEST CENTRAL,23312,111.89,9999,-9999
07/31/2025 12:50,CENTRAL EAST - VC,23330,1951.22,3265,-9999
07/31/2025 12:50,DYSINGER EAST,23326,693.75,2850,-9999
07/31/2025 12:50,MOSES SOUTH,23319,-186.9,3150,-1600
07/31/2025 12:50,SCH - HQ - NY,23324,-715,1450,-715
07/31/2025 12:50,SCH - HQ_CEDARS,325274,-40,270,-40
07/31/2025 12:50,SCH - HQ_IMPORT_EXPORT,325376,-715,1310,-9999
07/31/2025 12:50,SCH - NE - NY,23318,-917.2,1400,-1600
07/31/2025 12:50,SCH - NPX_1385,325277,63,125,-125
07/31/2025 12:50,SCH - NPX_CSC,325154,330,330,-330
07/31/2025 12:50,SCH - OH - NY,23317,1198.11,2000,-1600
07/31/2025 12:50,SCH - PJ - NY,23316,39.47,2000,-1050
07/31/2025 12:50,SCH - PJM_HTP,325905,530,660,-660
07/31/2025 12:50,SCH - PJM_NEPTUNE,325305,660,660,-660
07/31/2025 12:50,SCH - PJM_VFT,325658,225,315,-315
07/31/2025 12:50,SPR/DUN-SOUTH,23320,1982.83,4600,-9999
07/31/2025 12:50,TOTAL EAST,23314,2664.8,7550,-9999
07/31/2025 12:50,UPNY CONED,23315,4294.18,7320,-9999
07/31/2025 12:50,WEST CENTRAL,23312,81.33,9999,-9999
07/31/2025 12:55,CENTRAL EAST - VC,23330,1967.99,3265,-9999
07/31/2025 12:55,DYSINGER EAST,23326,780.52,2850,-9999
07/31/2025 12:55,MOSES SOUTH,23319,-202.24,3150,-1600
07/31/2025 12:55,SCH - HQ - NY,23324,-715,1450,-715
07/31/2025 12:55,SCH - HQ_CEDARS,325274,-40,270,-40
07/31/2025 12:55,SCH - HQ_IMPORT_EXPORT,325376,-715,1310,-9999
07/31/2025 12:55,SCH - NE - NY,23318,-917.04,1400,-1600
07/31/2025 12:55,SCH - NPX_1385,325277,63,125,-125
07/31/2025 12:55,SCH - NPX_CSC,325154,330,330,-330
07/31/2025 12:55,SCH - OH - NY,23317,1200.15,2000,-1600
07/31/2025 12:55,SCH - PJ - NY,23316,36.85,2000,-1050
07/31/2025 12:55,SCH - PJM_HTP,325905,530,660,-660
07/31/2025 12:55,SCH - PJM_NEPTUNE,325305,660,660,-660
07/31/2025 12:55,SCH - PJM_VFT,325658,225,315,-315
07/31/2025 12:55,SPR/DUN-SOUTH,23320,1979.35,4600,-9999
07/31/2025 12:55,TOTAL EAST,23314,2664.37,7550,-9999
07/31/2025 12:55,UPNY CONED,23315,4296.68,7320,-9999
07/31/2025 12:55,WEST CENTRAL,23312,163.18,9999,-9999
07/31/2025 13:00,CENTRAL EAST - VC,23330,1807.96,3265,-9999
07/31/2025 13:00,DYSINGER EAST,23326,662.3,2850,-9999
07/31/2025 13:00,MOSES SOUTH,23319,-217.36,3150,-1600
07/31/2025 13:00,SCH - HQ - NY,23324,-715,1450,-715
07/31/2025 13:00,SCH - HQ_CEDARS,325274,-40,270,-40
07/31/2025 13:00,SCH - HQ_IMPORT_EXPORT,325376,-715,1310,-9999
07/31/2025 13:00,SCH - NE - NY,23318,-767.41,1400,-1600
07/31/2025 13:00,SCH - NPX_1385,325277,75,125,-125
07/31/2025 13:00,SCH - NPX_CSC,325154,330,330,-330
07/31/2025 13:00,SCH - OH - NY,23317,1000.6,2000,-1600
07/31/2025 13:00,SCH - PJ - NY,23316,-62.88,2000,-1050
07/31/2025 13:00,SCH - PJM_HTP,325905,455,660,-660
07/31/2025 13:00,SCH - PJM_NEPTUNE,325305,660,660,-660
07/31/2025 13:00,SCH - PJM_VFT,325658,225,315,-315
07/31/2025 13:00,SPR/DUN-SOUTH,23320,2053.85,4600,-9999
07/31/2025 13:00,TOTAL EAST,23314,2417.1,7550,-9999
07/31/2025 13:00,UPNY CONED,23315,4228.98,7320,-9999
07/31/2025 13:00,WEST CENTRAL,23312,42.79,9999,-9999
07/31/2025 13:05,CENTRAL EAST - VC,23330,1618.38,3265,-9999
07/31/2025 13:05,DYSINGER EAST,23326,459.19,2850,-9999
07/31/2025 13:05,MOSES SOUTH,23319,-230.52,3150,-1600
07/31/2025 13:05,SCH - HQ - NY,23324,-715,1450,-715
07/31/2025 13:05,SCH - HQ_CEDARS,325274,-40,270,-40
07/31/2025 13:05,SCH - HQ_IMPORT_EXPORT,325376,-715,1310,-9999
07/31/2025 13:05,SCH - NE - NY,23318,-617.32,1400,-1600
07/31/2025 13:05,SCH - NPX_1385,325277,86,125,-125
07/31/2025 13:05,SCH - NPX_CSC,325154,330,330,-330
07/31/2025 13:05,SCH - OH - NY,23317,799.53,2000,-1600
07/31/2025 13:05,SCH - PJ - NY,23316,-160.49,2000,-1050
07/31/2025 13:05,SCH - PJM_HTP,325905,380,660,-660
07/31/2025 13:05,SCH - PJM_NEPTUNE,325305,660,660,-660
07/31/2025 13:05,SCH - PJM_VFT,325658,225,315,-315
07/31/2025 13:05,SPR/DUN-SOUTH,23320,2041.88,4600,-9999
07/31/2025 13:05,TOTAL EAST,23314,2157.14,7550,-9999
07/31/2025 13:05,UPNY CONED,23315,4157.72,7320,-9999
07/31/2025 13:05,WEST CENTRAL,23312,-158.18,9999,-9999
07/31/2025 13:10,CENTRAL EAST - VC,23330,1612.39,3265,-9999
07/31/2025 13:10,DYSINGER EAST,23326,523.37,2850,-9999
07/31/2025 13:10,MOSES SOUTH,23319,-273.15,3150,-1600
07/31/2025 13:10,SCH - HQ - NY,23324,-715,1450,-715
07/31/2025 13:10,SCH - HQ_CEDARS,325274,-40,270,-40
07/31/2025 13:10,SCH - HQ_IMPORT_EXPORT,325376,-715,1310,-9999
07/31/2025 13:10,SCH - NE - NY,23318,-617.25,1400,-1600
07/31/2025 13:10,SCH - NPX_1385,325277,86,125,-125
07/31/2025 13:10,SCH - NPX_CSC,325154,330,330,-330
07/31/2025 13:10,SCH - OH - NY,23317,800.04,2000,-1600
07/31/2025 13:10,SCH - PJ - NY,23316,-160.55,2000,-1050
07/31/2025 13:10,SCH - PJM_HTP,325905,380,660,-660
07/31/2025 13:10,SCH - PJM_NEPTUNE,325305,660,660,-660
07/31/2025 13:10,SCH - PJM_VFT,325658,225,315,-315
07/31/2025 13:10,SPR/DUN-SOUTH,23320,2019.33,4600,-9999
07/31/2025 13:10,TOTAL EAST,23314,2103.93,7550,-9999
07/31/2025 13:10,UPNY CONED,23315,4119.78,7320,-9999
07/31/2025 13:10,WEST CENTRAL,23312,-95.65,9999,-9999
07/31/2025 13:15,CENTRAL EAST - VC,23330,1619.4,3265,-9999
07/31/2025 13:15,DYSINGER EAST,23326,586.91,2850,-9999
07/31/2025 13:15,MOSES SOUTH,23319,-295.86,3150,-1600
07/31/2025 13:15,SCH - HQ - NY,23324,-715,1450,-715
07/31/2025 13:15,SCH - HQ_CEDARS,325274,-40,270,-40
07/31/2025 13:15,SCH - HQ_IMPORT_EXPORT,325376,-715,1310,-9999
07/31/2025 13:15,SCH - NE - NY,23318,-467.3,1400,-1600
07/31/2025 13:15,SCH - NPX_1385,325277,86,125,-125
07/31/2025 13:15,SCH - NPX_CSC,325154,330,330,-330
07/31/2025 13:15,SCH - OH - NY,23317,795.95,2000,-1600
07/31/2025 13:15,SCH - PJ - NY,23316,-250.74,2000,-1050
07/31/2025 13:15,SCH - PJM_HTP,325905,380,660,-660
07/31/2025 13:15,SCH - PJM_NEPTUNE,325305,660,660,-660
07/31/2025 13:15,SCH - PJM_VFT,325658,246,315,-315
07/31/2025 13:15,SPR/DUN-SOUTH,23320,2063.9,4600,-9999
07/31/2025 13:15,TOTAL EAST,23314,1971.72,7550,-9999
07/31/2025 13:15,UPNY CONED,23315,4170.93,7320,-9999
07/31/2025 13:15,WEST CENTRAL,23312,-39.99,9999,-9999
07/31/2025 13:20,CENTRAL EAST - VC,23330,1613.04,3265,-9999
07/31/2025 13:20,DYSINGER EAST,23326,594.31,2850,-9999
07/31/2025 13:20,MOSES SOUTH,23319,-303.57,3150,-1600
07/31/2025 13:20,SCH - HQ - NY,23324,-715,1450,-715
07/31/2025 13:20,SCH - HQ_CEDARS,325274,-40,270,-40
07/31/2025 13:20,SCH - HQ_IMPORT_EXPORT,325376,-715,1310,-9999
07/31/2025 13:20,SCH - NE - NY,23318,-317.14,1400,-1600
07/31/2025 13:20,SCH - NPX_1385,325277,86,125,-125
07/31/2025 13:20,SCH - NPX_CSC,325154,330,330,-330
07/31/2025 13:20,SCH - OH - NY,23317,795.95,2000,-1600
07/31/2025 13:20,SCH - PJ - NY,23316,-342.77,2000,-1050
07/31/2025 13:20,SCH - PJM_HTP,325905,380,660,-660
07/31/2025 13:20,SCH - PJM_NEPTUNE,325305,660,660,-660
07/31/2025 13:20,SCH - PJM_VFT,325658,267,315,-315
07/31/2025 13:20,SPR/DUN-SOUTH,23320,2113.84,4600,-9999
07/31/2025 13:20,TOTAL EAST,23314,1867.83,7550,-9999
07/31/2025 13:20,UPNY CONED,23315,4242.02,7320,-9999
07/31/2025 13:20,WEST CENTRAL,23312,-31.67,9999,-9999
07/31/2025 13:25,CENTRAL EAST - VC,23330,1613.16,3265,-9999
07/31/2025 13:25,DYSINGER EAST,23326,588.02,2850,-9999
07/31/2025 13:25,MOSES SOUTH,23319,-334.81,3150,-1600
07/31/2025 13:25,SCH - HQ - NY,23324,-715,1450,-715
07/31/2025 13:25,SCH - HQ_CEDARS,325274,-40,270,-40
07/31/2025 13:25,SCH - HQ_IMPORT_EXPORT,325376,-715,1310,-9999
07/31/2025 13:25,SCH - NE - NY,23318,-317.2,1400,-1600
07/31/2025 13:25,SCH - NPX_1385,325277,86,125,-125
07/31/2025 13:25,SCH - NPX_CSC,325154,330,330,-330
07/31/2025 13:25,SCH - OH - NY,23317,800.64,2000,-1600
07/31/2025 13:25,SCH - PJ - NY,23316,-349.92,2000,-1050
07/31/2025 13:25,SCH - PJM_HTP,325905,380,660,-660
07/31/2025 13:25,SCH - PJM_NEPTUNE,325305,660,660,-660
07/31/2025 13:25,SCH - PJM_VFT,325658,267,315,-315
07/31/2025 13:25,SPR/DUN-SOUTH,23320,2095.82,4600,-9999
07/31/2025 13:25,TOTAL EAST,23314,1859.91,7550,-9999
07/31/2025 13:25,UPNY CONED,23315,4239.24,7320,-9999
07/31/2025 13:25,WEST CENTRAL,23312,-38.71,9999,-9999
07/31/2025 13:30,CENTRAL EAST - VC,23330,1657.88,3265,-9999
07/31/2025 13:30,DYSINGER EAST,23326,621.35,2850,-9999
07/31/2025 13:30,MOSES SOUTH,23319,-346.25,3150,-1600
07/31/2025 13:30,SCH - HQ - NY,23324,-715,1450,-715
07/31/2025 13:30,SCH - HQ_CEDARS,325274,-40,270,-40
07/31/2025 13:30,SCH - HQ_IMPORT_EXPORT,325376,-715,1310,-9999
07/31/2025 13:30,SCH - NE - NY,23318,-352.53,1400,-1600
07/31/2025 13:30,SCH - NPX_1385,325277,86,125,-125
07/31/2025 13:30,SCH - NPX_CSC,325154,330,330,-330
07/31/2025 13:30,SCH - OH - NY,23317,795.96,2000,-1600
07/31/2025 13:30,SCH - PJ - NY,23316,-295.98,2000,-1050
07/31/2025 13:30,SCH - PJM_HTP,325905,380,660,-660
07/31/2025 13:30,SCH - PJM_NEPTUNE,325305,660,660,-660
07/31/2025 13:30,SCH - PJM_VFT,325658,246,315,-315
07/31/2025 13:30,SPR/DUN-SOUTH,23320,2109.65,4600,-9999
07/31/2025 13:30,TOTAL EAST,23314,1905.3,7550,-9999
07/31/2025 13:30,UPNY CONED,23315,4271.29,7320,-9999
07/31/2025 13:30,WEST CENTRAL,23312,2.29,9999,-9999
07/31/2025 13:35,CENTRAL EAST - VC,23330,1714.16,3265,-9999
07/31/2025 13:35,DYSINGER EAST,23326,704.04,2850,-9999
07/31/2025 13:35,MOSES SOUTH,23319,-342.26,3150,-1600
07/31/2025 13:35,SCH - HQ - NY,23324,-715,1450,-715
07/31/2025 13:35,SCH - HQ_CEDARS,325274,-40,270,-40
07/31/2025 13:35,SCH - HQ_IMPORT_EXPORT,325376,-715,1310,-9999
07/31/2025 13:35,SCH - NE - NY,23318,-387.56,1400,-1600
07/31/2025 13:35,SCH - NPX_1385,325277,86,125,-125
07/31/2025 13:35,SCH - NPX_CSC,325154,330,330,-330
07/31/2025 13:35,SCH - OH - NY,23317,795.96,2000,-1600
07/31/2025 13:35,SCH - PJ - NY,23316,-249.56,2000,-1050
07/31/2025 13:35,SCH - PJM_HTP,325905,380,660,-660
07/31/2025 13:35,SCH - PJM_NEPTUNE,325305,660,660,-660
07/31/2025 13:35,SCH - PJM_VFT,325658,225,315,-315
07/31/2025 13:35,SPR/DUN-SOUTH,23320,2156.39,4600,-9999
07/31/2025 13:35,TOTAL EAST,23314,1995.7,7550,-9999
07/31/2025 13:35,UPNY CONED,23315,4369.24,7320,-9999
07/31/2025 13:35,WEST CENTRAL,23312,88.95,9999,-9999
07/31/2025 13:40,CENTRAL EAST - VC,23330,1734.48,3265,-9999
07/31/2025 13:40,DYSINGER EAST,23326,691.37,2850,-9999
07/31/2025 13:40,MOSES SOUTH,23319,-349,3150,-1600
07/31/2025 13:40,SCH - HQ - NY,23324,-715,1450,-715
07/31/2025 13:40,SCH - HQ_CEDARS,325274,-40,270,-40
07/31/2025 13:40,SCH - HQ_IMPORT_EXPORT,325376,-715,1310,-9999
07/31/2025 13:40,SCH - NE - NY,23318,-387.76,1400,-1600
07/31/2025 13:40,SCH - NPX_1385,325277,86,125,-125
07/31/2025 13:40,SCH - NPX_CSC,325154,330,330,-330
07/31/2025 13:40,SCH - OH - NY,23317,795.96,2000,-1600
07/31/2025 13:40,SCH - PJ - NY,23316,-246.67,2000,-1050
07/31/2025 13:40,SCH - PJM_HTP,325905,380,660,-660
07/31/2025 13:40,SCH - PJM_NEPTUNE,325305,660,660,-660
07/31/2025 13:40,SCH - PJM_VFT,325658,225,315,-315
07/31/2025 13:40,SPR/DUN-SOUTH,23320,2182.2,4600,-9999
07/31/2025 13:40,TOTAL EAST,23314,1993.81,7550,-9999
07/31/2025 13:40,UPNY CONED,23315,4343.97,7320,-9999
07/31/2025 13:40,WEST CENTRAL,23312,86.27,9999,-9999
07/31/2025 13:45,CENTRAL EAST - VC,23330,1740.79,3265,-9999
07/31/2025 13:45,DYSINGER EAST,23326,655.81,2850,-9999
07/31/2025 13:45,MOSES SOUTH,23319,-347.67,3150,-1600
07/31/2025 13:45,SCH - HQ - NY,23324,-715,1450,-715
07/31/2025 13:45,SCH - HQ_CEDARS,325274,-40,270,-40
07/31/2025 13:45,SCH - HQ_IMPORT_EXPORT,325376,-715,1310,-9999
07/31/2025 13:45,SCH - NE - NY,23318,-473.01,1400,-1600
07/31/2025 13:45,SCH - NPX_1385,325277,86,125,-125
07/31/2025 13:45,SCH - NPX_CSC,325154,330,330,-330
07/31/2025 13:45,SCH - OH - NY,23317,795.96,2000,-1600
07/31/2025 13:45,SCH - PJ - NY,23316,-247.66,2000,-1050
07/31/2025 13:45,SCH - PJM_HTP,325905,455,660,-660
07/31/2025 13:45,SCH - PJM_NEPTUNE,325305,660,660,-660
07/31/2025 13:45,SCH - PJM_VFT,325658,270,315,-315
07/31/2025 13:45,SPR/DUN-SOUTH,23320,1954.89,4600,-9999
07/31/2025 13:45,TOTAL EAST,23314,1952.09,7550,-9999
07/31/2025 13:45,UPNY CONED,23315,4086.31,7320,-9999
07/31/2025 13:45,WEST CENTRAL,23312,53.65,9999,-9999
07/31/2025 13:50,CENTRAL EAST - VC,23330,1775.91,3265,-9999
07/31/2025 13:50,DYSINGER EAST,23326,713.88,2850,-9999
07/31/2025 13:50,MOSES SOUTH,23319,-348.06,3150,-1600
07/31/2025 13:50,SCH - HQ - NY,23324,-715,1450,-715
07/31/2025 13:50,SCH - HQ_CEDARS,325274,-40,270,-40
07/31/2025 13:50,SCH - HQ_IMPORT_EXPORT,325376,-715,1310,-9999
07/31/2025 13:50,SCH - NE - NY,23318,-558.27,1400,-1600
07/31/2025 13:50,SCH - NPX_1385,325277,86,125,-125
07/31/2025 13:50,SCH - NPX_CSC,325154,330,330,-330
07/31/2025 13:50,SCH - OH - NY,23317,795.96,2000,-1600
07/31/2025 13:50,SCH - PJ - NY,23316,-244.94,2000,-1050
07/31/2025 13:50,SCH - PJM_HTP,325905,530,660,-660
07/31/2025 13:50,SCH - PJM_NEPTUNE,325305,660,660,-660
07/31/2025 13:50,SCH - PJM_VFT,325658,315,315,-315
07/31/2025 13:50,SPR/DUN-SOUTH,23320,1843.78,4600,-9999
07/31/2025 13:50,TOTAL EAST,23314,1922.64,7550,-9999
07/31/2025 13:50,UPNY CONED,23315,4026.2,7320,-9999
07/31/2025 13:50,WEST CENTRAL,23312,109.76,9999,-9999
07/31/2025 13:55,CENTRAL EAST - VC,23330,1805.4,3265,-9999
07/31/2025 13:55,DYSINGER EAST,23326,730.53,2850,-9999
07/31/2025 13:55,MOSES SOUTH,23319,-371.77,3150,-1600
07/31/2025 13:55,SCH - HQ - NY,23324,-715,1450,-715
07/31/2025 13:55,SCH - HQ_CEDARS,325274,-40,270,-40
07/31/2025 13:55,SCH - HQ_IMPORT_EXPORT,325376,-715,1310,-9999
07/31/2025 13:55,SCH - NE - NY,23318,-558.28,1400,-1600
07/31/2025 13:55,SCH - NPX_1385,325277,86,125,-125
07/31/2025 13:55,SCH - NPX_CSC,325154,330,330,-330
07/31/2025 13:55,SCH - OH - NY,23317,795.96,2000,-1600
07/31/2025 13:55,SCH - PJ - NY,23316,-244.66,2000,-1050
07/31/2025 13:55,SCH - PJM_HTP,325905,530,660,-660
07/31/2025 13:55,SCH - PJM_NEPTUNE,325305,660,660,-660
07/31/2025 13:55,SCH - PJM_VFT,325658,315,315,-315
07/31/2025 13:55,SPR/DUN-SOUTH,23320,1828.79,4600,-9999
07/31/2025 13:55,TOTAL EAST,23314,1917.88,7550,-9999
07/31/2025 13:55,UPNY CONED,23315,4030.01,7320,-9999
07/31/2025 13:55,WEST CENTRAL,23312,118.58,9999,-9999
07/31/2025 14:00,CENTRAL EAST - VC,23330,1873.13,3265,-9999
07/31/2025 14:00,DYSINGER EAST,23326,852.91,2850,-9999
07/31/2025 14:00,MOSES SOUTH,23319,-429.73,3150,-1600
07/31/2025 14:00,SCH - HQ - NY,23324,-715,1450,-715
07/31/2025 14:00,SCH - HQ_CEDARS,325274,-40,270,-40
07/31/2025 14:00,SCH - HQ_IMPORT_EXPORT,325376,-715,1310,-9999
07/31/2025 14:00,SCH - NE - NY,23318,-707.89,1400,-1600
07/31/2025 14:00,SCH - NPX_1385,325277,96,125,-125
07/31/2025 14:00,SCH - NPX_CSC,325154,330,330,-330
07/31/2025 14:00,SCH - OH - NY,23317,919.95,2000,-1600
07/31/2025 14:00,SCH - PJ - NY,23316,-254.72,2000,-1050
07/31/2025 14:00,SCH - PJM_HTP,325905,480,660,-660
07/31/2025 14:00,SCH - PJM_NEPTUNE,325305,660,660,-660
07/31/2025 14:00,SCH - PJM_VFT,325658,275,315,-315
07/31/2025 14:00,SPR/DUN-SOUTH,23320,1748.15,4600,-9999
07/31/2025 14:00,TOTAL EAST,23314,2042.97,7550,-9999
07/31/2025 14:00,UPNY CONED,23315,3954.78,7320,-9999
07/31/2025 14:00,WEST CENTRAL,23312,230.59,9999,-9999
07/31/2025 14:05,CENTRAL EAST - VC,23330,2001.56,3265,-9999
07/31/2025 14:05,DYSINGER EAST,23326,974.93,2850,-9999
07/31/2025 14:05,MOSES SOUTH,23319,-399.39,3150,-1600
07/31/2025 14:05,SCH - HQ - NY,23324,-715,1450,-715
07/31/2025 14:05,SCH - HQ_CEDARS,325274,-40,270,-40
07/31/2025 14:05,SCH - HQ_IMPORT_EXPORT,325376,-715,1310,-9999
07/31/2025 14:05,SCH - NE - NY,23318,-857.74,1400,-1600
07/31/2025 14:05,SCH - NPX_1385,325277,106,125,-125
07/31/2025 14:05,SCH - NPX_CSC,325154,330,330,-330
07/31/2025 14:05,SCH - OH - NY,23317,1044.95,2000,-1600
07/31/2025 14:05,SCH - PJ - NY,23316,-264.36,2000,-1050
07/31/2025 14:05,SCH - PJM_HTP,325905,431,660,-660
07/31/2025 14:05,SCH - PJM_NEPTUNE,325305,660,660,-660
07/31/2025 14:05,SCH - PJM_VFT,325658,235,315,-315
07/31/2025 14:05,SPR/DUN-SOUTH,23320,1770.73,4600,-9999
07/31/2025 14:05,TOTAL EAST,23314,2170.95,7550,-9999
07/31/2025 14:05,UPNY CONED,23315,3948.07,7320,-9999
07/31/2025 14:05,WEST CENTRAL,23312,342.33,9999,-9999
07/31/2025 14:10,CENTRAL EAST - VC,23330,2030.43,3265,-9999
07/31/2025 14:10,DYSINGER EAST,23326,913.72,2850,-9999
07/31/2025 14:10,MOSES SOUTH,23319,-303.17,3150,-1600
07/31/2025 14:10,SCH - HQ - NY,23324,-715,1450,-715
07/31/2025 14:10,SCH - HQ_CEDARS,325274,-40,270,-40
07/31/2025 14:10,SCH - HQ_IMPORT_EXPORT,325376,-715,1310,-9999
07/31/2025 14:10,SCH - NE - NY,23318,-856.7,1400,-1600
07/31/2025 14:10,SCH - NPX_1385,325277,106,125,-125
07/31/2025 14:10,SCH - NPX_CSC,325154,330,330,-330
07/31/2025 14:10,SCH - OH - NY,23317,1044.96,2000,-1600
07/31/2025 14:10,SCH - PJ - NY,23316,-266.69,2000,-1050
07/31/2025 14:10,SCH - PJM_HTP,325905,431,660,-660
07/31/2025 14:10,SCH - PJM_NEPTUNE,325305,660,660,-660
07/31/2025 14:10,SCH - PJM_VFT,325658,235,315,-315
07/31/2025 14:10,SPR/DUN-SOUTH,23320,1787.79,4600,-9999
07/31/2025 14:10,TOTAL EAST,23314,2189.5,7550,-9999
07/31/2025 14:10,UPNY CONED,23315,3941.82,7320,-9999
07/31/2025 14:10,WEST CENTRAL,23312,280.09,9999,-9999
07/31/2025 14:15,CENTRAL EAST - VC,23330,1880.19,3265,-9999
07/31/2025 14:15,DYSINGER EAST,23326,724.95,2850,-9999
07/31/2025 14:15,MOSES SOUTH,23319,-251.89,3150,-1600
07/31/2025 14:15,SCH - HQ - NY,23324,-715,1450,-715
07/31/2025 14:15,SCH - HQ_CEDARS,325274,-40,270,-40
07/31/2025 14:15,SCH - HQ_IMPORT_EXPORT,325376,-715,1310,-9999
07/31/2025 14:15,SCH - NE - NY,23318,-708.19,1400,-1600
07/31/2025 14:15,SCH - NPX_1385,325277,106,125,-125
07/31/2025 14:15,SCH - NPX_CSC,325154,330,330,-330
07/31/2025 14:15,SCH - OH - NY,23317,1047.08,2000,-1600
07/31/2025 14:15,SCH - PJ - NY,23316,-384.84,2000,-1050
07/31/2025 14:15,SCH - PJM_HTP,325905,405,660,-660
07/31/2025 14:15,SCH - PJM_NEPTUNE,325305,660,660,-660
07/31/2025 14:15,SCH - PJM_VFT,325658,230,315,-315
07/31/2025 14:15,SPR/DUN-SOUTH,23320,1740.2,4600,-9999
07/31/2025 14:15,TOTAL EAST,23314,1981.72,7550,-9999
07/31/2025 14:15,UPNY CONED,23315,3863.51,7320,-9999
07/31/2025 14:15,WEST CENTRAL,23312,93.9,9999,-9999
07/31/2025 14:20,CENTRAL EAST - VC,23330,1775.83,3265,-9999
07/31/2025 14:20,DYSINGER EAST,23326,664.69,2850,-9999
07/31/2025 14:20,MOSES SOUTH,23319,-257.88,3150,-1600
07/31/2025 14:20,SCH - HQ - NY,23324,-715,1450,-715
07/31/2025 14:20,SCH - HQ_CEDARS,325274,-40,270,-40
07/31/2025 14:20,SCH - HQ_IMPORT_EXPORT,325376,-715,1310,-9999
07/31/2025 14:20,SCH - NE - NY,23318,-559.2,1400,-1600
07/31/2025 14:20,SCH - NPX_1385,325277,106,125,-125
07/31/2025 14:20,SCH - NPX_CSC,325154,330,330,-330
07/31/2025 14:20,SCH - OH - NY,23317,1044.07,2000,-1600
07/31/2025 14:20,SCH - PJ - NY,23316,-500.12,2000,-1050
07/31/2025 14:20,SCH - PJM_HTP,325905,380,660,-660
07/31/2025 14:20,SCH - PJM_NEPTUNE,325305,660,660,-660
07/31/2025 14:20,SCH - PJM_VFT,325658,225,315,-315
07/31/2025 14:20,SPR/DUN-SOUTH,23320,1780.92,4600,-9999
07/31/2025 14:20,TOTAL EAST,23314,1903.46,7550,-9999
07/31/2025 14:20,UPNY CONED,23315,3888.95,7320,-9999
07/31/2025 14:20,WEST CENTRAL,23312,29.41,9999,-9999
07/31/2025 14:25,CENTRAL EAST - VC,23330,1738.96,3265,-9999
07/31/2025 14:25,DYSINGER EAST,23326,702.09,2850,-9999
07/31/2025 14:25,MOSES SOUTH,23319,-251.56,3150,-1600
07/31/2025 14:25,SCH - HQ - NY,23324,-715,1450,-715
07/31/2025 14:25,SCH - HQ_CEDARS,325274,-40,270,-40
07/31/2025 14:25,SCH - HQ_IMPORT_EXPORT,325376,-715,1310,-9999
07/31/2025 14:25,SCH - NE - NY,23318,-558.94,1400,-1600
07/31/2025 14:25,SCH - NPX_1385,325277,106,125,-125
07/31/2025 14:25,SCH - NPX_CSC,325154,330,330,-330
07/31/2025 14:25,SCH - OH - NY,23317,1046.98,2000,-1600
07/31/2025 14:25,SCH - PJ - NY,23316,-504.18,2000,-1050
07/31/2025 14:25,SCH - PJM_HTP,325905,380,660,-660
07/31/2025 14:25,SCH - PJM_NEPTUNE,325305,660,660,-660
07/31/2025 14:25,SCH - PJM_VFT,325658,225,315,-315
07/31/2025 14:25,SPR/DUN-SOUTH,23320,1781.62,4600,-9999
07/31/2025 14:25,TOTAL EAST,23314,1868.06,7550,-9999
07/31/2025 14:25,UPNY CONED,23315,3880.6,7320,-9999
07/31/2025 14:25,WEST CENTRAL,23312,51.99,9999,-9999
07/31/2025 14:30,CENTRAL EAST - VC,23330,1714.97,3265,-9999
07/31/2025 14:30,DYSINGER EAST,23326,656.16,2850,-9999
07/31/2025 14:30,MOSES SOUTH,23319,-260.3,3150,-1600
07/31/2025 14:30,SCH - HQ - NY,23324,-715,1450,-715
07/31/2025 14:30,SCH - HQ_CEDARS,325274,-40,270,-40
07/31/2025 14:30,SCH - HQ_IMPORT_EXPORT,325376,-715,1310,-9999
07/31/2025 14:30,SCH - NE - NY,23318,-587.91,1400,-1600
07/31/2025 14:30,SCH - NPX_1385,325277,106,125,-125
07/31/2025 14:30,SCH - NPX_CSC,325154,330,330,-330
07/31/2025 14:30,SCH - OH - NY,23317,1045.9,2000,-1600
07/31/2025 14:30,SCH - PJ - NY,23316,-488.65,2000,-1050
07/31/2025 14:30,SCH - PJM_HTP,325905,380,660,-660
07/31/2025 14:30,SCH - PJM_NEPTUNE,325305,660,660,-660
07/31/2025 14:30,SCH - PJM_VFT,325658,225,315,-315
07/31/2025 14:30,SPR/DUN-SOUTH,23320,1774.71,4600,-9999
07/31/2025 14:30,TOTAL EAST,23314,1867.68,7550,-9999
07/31/2025 14:30,UPNY CONED,23315,3864.61,7320,-9999
07/31/2025 14:30,WEST CENTRAL,23312,-1.43,9999,-9999
07/31/2025 14:35,CENTRAL EAST - VC,23330,1767.87,3265,-9999
07/31/2025 14:35,DYSINGER EAST,23326,688.07,2850,-9999
07/31/2025 14:35,MOSES SOUTH,23319,-270.29,3150,-1600
07/31/2025 14:35,SCH - HQ - NY,23324,-715,1450,-715
07/31/2025 14:35,SCH - HQ_CEDARS,325274,-40,270,-40
07/31/2025 14:35,SCH - HQ_IMPORT_EXPORT,325376,-715,1310,-9999
07/31/2025 14:35,SCH - NE - NY,23318,-616.98,1400,-1600
07/31/2025 14:35,SCH - NPX_1385,325277,106,125,-125
07/31/2025 14:35,SCH - NPX_CSC,325154,330,330,-330
07/31/2025 14:35,SCH - OH - NY,23317,1047.45,2000,-1600
07/31/2025 14:35,SCH - PJ - NY,23316,-490.88,2000,-1050
07/31/2025 14:35,SCH - PJM_HTP,325905,380,660,-660
07/31/2025 14:35,SCH - PJM_NEPTUNE,325305,660,660,-660
07/31/2025 14:35,SCH - PJM_VFT,325658,225,315,-315
07/31/2025 14:35,SPR/DUN-SOUTH,23320,1798.52,4600,-9999
07/31/2025 14:35,TOTAL EAST,23314,1883.04,7550,-9999
07/31/2025 14:35,UPNY CONED,23315,3873.98,7320,-9999
07/31/2025 14:35,WEST CENTRAL,23312,40.16,9999,-9999
07/31/2025 14:40,CENTRAL EAST - VC,23330,1757.54,3265,-9999
07/31/2025 14:40,DYSINGER EAST,23326,615.58,2850,-9999
07/31/2025 14:40,MOSES SOUTH,23319,-320.79,3150,-1600
07/31/2025 14:40,SCH - HQ - NY,23324,-715,1450,-715
07/31/2025 14:40,SCH - HQ_CEDARS,325274,-40,270,-40
07/31/2025 14:40,SCH - HQ_IMPORT_EXPORT,325376,-715,1310,-9999
07/31/2025 14:40,SCH - NE - NY,23318,-617.08,1400,-1600
07/31/2025 14:40,SCH - NPX_1385,325277,106,125,-125
07/31/2025 14:40,SCH - NPX_CSC,325154,330,330,-330
07/31/2025 14:40,SCH - OH - NY,23317,1045.07,2000,-1600
07/31/2025 14:40,SCH - PJ - NY,23316,-490.42,2000,-1050
07/31/2025 14:40,SCH - PJM_HTP,325905,380,660,-660
07/31/2025 14:40,SCH - PJM_NEPTUNE,325305,660,660,-660
07/31/2025 14:40,SCH - PJM_VFT,325658,225,315,-315
07/31/2025 14:40,SPR/DUN-SOUTH,23320,1842.11,4600,-9999
07/31/2025 14:40,TOTAL EAST,23314,1920.81,7550,-9999
07/31/2025 14:40,UPNY CONED,23315,3917.05,7320,-9999
07/31/2025 14:40,WEST CENTRAL,23312,-22.29,9999,-9999
07/31/2025 14:45,CENTRAL EAST - VC,23330,1750.88,3265,-9999
07/31/2025 14:45,DYSINGER EAST,23326,638.32,2850,-9999
07/31/2025 14:45,MOSES SOUTH,23319,-344.66,3150,-1600
07/31/2025 14:45,SCH - HQ - NY,23324,-715,1450,-715
07/31/2025 14:45,SCH - HQ_CEDARS,325274,-40,270,-40
07/31/2025 14:45,SCH - HQ_IMPORT_EXPORT,325376,-715,1310,-9999
07/31/2025 14:45,SCH - NE - NY,23318,-691.86,1400,-1600
07/31/2025 14:45,SCH - NPX_1385,325277,106,125,-125
07/31/2025 14:45,SCH - NPX_CSC,325154,330,330,-330
07/31/2025 14:45,SCH - OH - NY,23317,1045.1,2000,-1600
07/31/2025 14:45,SCH - PJ - NY,23316,-527.87,2000,-1050
07/31/2025 14:45,SCH - PJM_HTP,325905,380,660,-660
07/31/2025 14:45,SCH - PJM_NEPTUNE,325305,660,660,-660
07/31/2025 14:45,SCH - PJM_VFT,325658,225,315,-315
07/31/2025 14:45,SPR/DUN-SOUTH,23320,1793.63,4600,-9999
07/31/2025 14:45,TOTAL EAST,23314,1967.4,7550,-9999
07/31/2025 14:45,UPNY CONED,23315,3868.65,7320,-9999
07/31/2025 14:45,WEST CENTRAL,23312,6.28,9999,-9999
07/31/2025 14:50,CENTRAL EAST - VC,23330,1688.98,3265,-9999
07/31/2025 14:50,DYSINGER EAST,23326,599.66,2850,-9999
07/31/2025 14:50,MOSES SOUTH,23319,-346.04,3150,-1600
07/31/2025 14:50,SCH - HQ - NY,23324,-715,1450,-715
07/31/2025 14:50,SCH - HQ_CEDARS,325274,-40,270,-40
07/31/2025 14:50,SCH - HQ_IMPORT_EXPORT,325376,-715,1310,-9999
07/31/2025 14:50,SCH - NE - NY,23318,-766.59,1400,-1600
07/31/2025 14:50,SCH - NPX_1385,325277,106,125,-125
07/31/2025 14:50,SCH - NPX_CSC,325154,330,330,-330
07/31/2025 14:50,SCH - OH - NY,23317,1045.13,2000,-1600
07/31/2025 14:50,SCH - PJ - NY,23316,-563.31,2000,-1050
07/31/2025 14:50,SCH - PJM_HTP,325905,380,660,-660
07/31/2025 14:50,SCH - PJM_NEPTUNE,325305,660,660,-660
07/31/2025 14:50,SCH - PJM_VFT,325658,225,315,-315
07/31/2025 14:50,SPR/DUN-SOUTH,23320,1694.52,4600,-9999
07/31/2025 14:50,TOTAL EAST,23314,1972.48,7550,-9999
07/31/2025 14:50,UPNY CONED,23315,3744.18,7320,-9999
07/31/2025 14:50,WEST CENTRAL,23312,-35.2,9999,-9999
07/31/2025 14:55,CENTRAL EAST - VC,23330,1681.48,3265,-9999
07/31/2025 14:55,DYSINGER EAST,23326,598.65,2850,-9999
07/31/2025 14:55,MOSES SOUTH,23319,-378.45,3150,-1600
07/31/2025 14:55,SCH - HQ - NY,23324,-715,1450,-715
07/31/2025 14:55,SCH - HQ_CEDARS,325274,-40,270,-40
07/31/2025 14:55,SCH - HQ_IMPORT_EXPORT,325376,-715,1310,-9999
07/31/2025 14:55,SCH - NE - NY,23318,-766.66,1400,-1600
07/31/2025 14:55,SCH - NPX_1385,325277,106,125,-125
07/31/2025 14:55,SCH - NPX_CSC,325154,330,330,-330
07/31/2025 14:55,SCH - OH - NY,23317,1045.1,2000,-1600
07/31/2025 14:55,SCH - PJ - NY,23316,-561.98,2000,-1050
07/31/2025 14:55,SCH - PJM_HTP,325905,380,660,-660
07/31/2025 14:55,SCH - PJM_NEPTUNE,325305,660,660,-660
07/31/2025 14:55,SCH - PJM_VFT,325658,225,315,-315
07/31/2025 14:55,SPR/DUN-SOUTH,23320,1696.47,4600,-9999
07/31/2025 14:55,TOTAL EAST,23314,1964.76,7550,-9999
07/31/2025 14:55,UPNY CONED,23315,3746.78,7320,-9999
07/31/2025 14:55,WEST CENTRAL,23312,-32.3,9999,-9999
07/31/2025 15:00,CENTRAL EAST - VC,23330,1733.4,3265,-9999
07/31/2025 15:00,DYSINGER EAST,23326,692.1,2850,-9999
07/31/2025 15:00,MOSES SOUTH,23319,-433.41,3150,-1600
07/31/2025 15:00,SCH - HQ - NY,23324,-715,1450,-715
07/31/2025 15:00,SCH - HQ_CEDARS,325274,-40,270,-40
07/31/2025 15:00,SCH - HQ_IMPORT_EXPORT,325376,-715,1310,-9999
07/31/2025 15:00,SCH - NE - NY,23318,-869.25,1400,-1600
07/31/2025 15:00,SCH - NPX_1385,325277,115,125,-125
07/31/2025 15:00,SCH - NPX_CSC,325154,330,330,-330
07/31/2025 15:00,SCH - OH - NY,23317,1066.27,2000,-1600
07/31/2025 15:00,SCH - PJ - NY,23316,-495.4,2000,-1050
07/31/2025 15:00,SCH - PJM_HTP,325905,305,660,-660
07/31/2025 15:00,SCH - PJM_NEPTUNE,325305,660,660,-660
07/31/2025 15:00,SCH - PJM_VFT,325658,225,315,-315
07/31/2025 15:00,SPR/DUN-SOUTH,23320,1716.94,4600,-9999
07/31/2025 15:00,TOTAL EAST,23314,2110.27,7550,-9999
07/31/2025 15:00,UPNY CONED,23315,3822.46,7320,-9999
07/31/2025 15:00,WEST CENTRAL,23312,60.03,9999,-9999
07/31/2025 15:05,CENTRAL EAST - VC,23330,1763.91,3265,-9999
07/31/2025 15:05,DYSINGER EAST,23326,732.97,2850,-9999
07/31/2025 15:05,MOSES SOUTH,23319,-455.88,3150,-1600
07/31/2025 15:05,SCH - HQ - NY,23324,-715,1450,-715
07/31/2025 15:05,SCH - HQ_CEDARS,325274,-40,270,-40
07/31/2025 15:05,SCH - HQ_IMPORT_EXPORT,325376,-715,1310,-9999
07/31/2025 15:05,SCH - NE - NY,23318,-971.87,1400,-1600
07/31/2025 15:05,SCH - NPX_1385,325277,125,125,-125
07/31/2025 15:05,SCH - NPX_CSC,325154,330,330,-330
07/31/2025 15:05,SCH - OH - NY,23317,1088.21,2000,-1600
07/31/2025 15:05,SCH - PJ - NY,23316,-428.61,2000,-1050
07/31/2025 15:05,SCH - PJM_HTP,325905,230,660,-660
07/31/2025 15:05,SCH - PJM_NEPTUNE,325305,660,660,-660
07/31/2025 15:05,SCH - PJM_VFT,325658,225,315,-315
07/31/2025 15:05,SPR/DUN-SOUTH,23320,1739.36,4600,-9999
07/31/2025 15:05,TOTAL EAST,23314,2131.32,7550,-9999
07/31/2025 15:05,UPNY CONED,23315,3761.8,7320,-9999
07/31/2025 15:05,WEST CENTRAL,23312,100.25,9999,-9999
07/31/2025 15:10,CENTRAL EAST - VC,23330,1755.4,3265,-9999
07/31/2025 15:10,DYSINGER EAST,23326,637.41,2850,-9999
07/31/2025 15:10,MOSES SOUTH,23319,-486.62,3150,-1600
07/31/2025 15:10,SCH - HQ - NY,23324,-715,1450,-715
07/31/2025 15:10,SCH - HQ_CEDARS,325274,-40,270,-40
07/31/2025 15:10,SCH - HQ_IMPORT_EXPORT,325376,-715,1310,-9999
07/31/2025 15:10,SCH - NE - NY,23318,-971.98,1400,-1600
07/31/2025 15:10,SCH - NPX_1385,325277,125,125,-125
07/31/2025 15:10,SCH - NPX_CSC,325154,330,330,-330
07/31/2025 15:10,SCH - OH - NY,23317,1088.47,2000,-1600
07/31/2025 15:10,SCH - PJ - NY,23316,-425.98,2000,-1050
07/31/2025 15:10,SCH - PJM_HTP,325905,230,660,-660
07/31/2025 15:10,SCH - PJM_NEPTUNE,325305,660,660,-660
07/31/2025 15:10,SCH - PJM_VFT,325658,225,315,-315
07/31/2025 15:10,SPR/DUN-SOUTH,23320,1739.11,4600,-9999
07/31/2025 15:10,TOTAL EAST,23314,2085.32,7550,-9999
07/31/2025 15:10,UPNY CONED,23315,3713.23,7320,-9999
07/31/2025 15:10,WEST CENTRAL,23312,3.77,9999,-9999
07/31/2025 15:15,CENTRAL EAST - VC,23330,1754.36,3265,-9999
07/31/2025 15:15,DYSINGER EAST,23326,657.87,2850,-9999
07/31/2025 15:15,MOSES SOUTH,23319,-465.42,3150,-1600
07/31/2025 15:15,SCH - HQ - NY,23324,-715,1450,-715
07/31/2025 15:15,SCH - HQ_CEDARS,325274,-40,270,-40
07/31/2025 15:15,SCH - HQ_IMPORT_EXPORT,325376,-715,1310,-9999
07/31/2025 15:15,SCH - NE - NY,23318,-922.25,1400,-1600
07/31/2025 15:15,SCH - NPX_1385,325277,125,125,-125
07/31/2025 15:15,SCH - NPX_CSC,325154,330,330,-330
07/31/2025 15:15,SCH - OH - NY,23317,1088.33,2000,-1600
07/31/2025 15:15,SCH - PJ - NY,23316,-326.29,2000,-1050
07/31/2025 15:15,SCH - PJM_HTP,325905,230,660,-660
07/31/2025 15:15,SCH - PJM_NEPTUNE,325305,660,660,-660
07/31/2025 15:15,SCH - PJM_VFT,325658,225,315,-315
07/31/2025 15:15,SPR/DUN-SOUTH,23320,1834.27,4600,-9999
07/31/2025 15:15,TOTAL EAST,23314,2161.1,7550,-9999
07/31/2025 15:15,UPNY CONED,23315,3791.83,7320,-9999
07/31/2025 15:15,WEST CENTRAL,23312,33.63,9999,-9999
07/31/2025 15:20,CENTRAL EAST - VC,23330,1745.97,3265,-9999
07/31/2025 15:20,DYSINGER EAST,23326,600.68,2850,-9999
07/31/2025 15:20,MOSES SOUTH,23319,-488.48,3150,-1600
07/31/2025 15:20,SCH - HQ - NY,23324,-715,1450,-715
07/31/2025 15:20,SCH - HQ_CEDARS,325274,-40,270,-40
07/31/2025 15:20,SCH - HQ_IMPORT_EXPORT,325376,-715,1310,-9999
07/31/2025 15:20,SCH - NE - NY,23318,-872.39,1400,-1600
07/31/2025 15:20,SCH - NPX_1385,325277,125,125,-125
07/31/2025 15:20,SCH - NPX_CSC,325154,330,330,-330
07/31/2025 15:20,SCH - OH - NY,23317,1088.49,2000,-1600
07/31/2025 15:20,SCH - PJ - NY,23316,-224.18,2000,-1050
07/31/2025 15:20,SCH - PJM_HTP,325905,230,660,-660
07/31/2025 15:20,SCH - PJM_NEPTUNE,325305,660,660,-660
07/31/2025 15:20,SCH - PJM_VFT,325658,225,315,-315
07/31/2025 15:20,SPR/DUN-SOUTH,23320,1898.59,4600,-9999
07/31/2025 15:20,TOTAL EAST,23314,2167.84,7550,-9999
07/31/2025 15:20,UPNY CONED,23315,3844.19,7320,-9999
07/31/2025 15:20,WEST CENTRAL,23312,-18.68,9999,-9999
07/31/2025 15:25,CENTRAL EAST - VC,23330,1693.86,3185,-9999
07/31/2025 15:25,DYSINGER EAST,23326,616.07,2850,-9999
07/31/2025 15:25,MOSES SOUTH,23319,-495.98,3150,-1600
07/31/2025 15:25,SCH - HQ - NY,23324,-715,1450,-715
07/31/2025 15:25,SCH - HQ_CEDARS,325274,-40,270,-40
07/31/2025 15:25,SCH - HQ_IMPORT_EXPORT,325376,-715,1310,-9999
07/31/2025 15:25,SCH - NE - NY,23318,-872.33,1400,-1600
07/31/2025 15:25,SCH - NPX_1385,325277,125,125,-125
07/31/2025 15:25,SCH - NPX_CSC,325154,330,330,-330
07/31/2025 15:25,SCH - OH - NY,23317,1088.46,2000,-1600
07/31/2025 15:25,SCH - PJ - NY,23316,-225.52,2000,-1050
07/31/2025 15:25,SCH - PJM_HTP,325905,230,660,-660
07/31/2025 15:25,SCH - PJM_NEPTUNE,325305,660,660,-660
07/31/2025 15:25,SCH - PJM_VFT,325658,225,315,-315
07/31/2025 15:25,SPR/DUN-SOUTH,23320,1866.88,4600,-9999
07/31/2025 15:25,TOTAL EAST,23314,2203.86,7550,-9999
07/31/2025 15:25,UPNY CONED,23315,3823.46,7320,-9999
07/31/2025 15:25,WEST CENTRAL,23312,-7.51,9999,-9999
07/31/2025 15:28,CENTRAL EAST - VC,23330,1598.16,3185,-9999
07/31/2025 15:28,DYSINGER EAST,23326,574.35,2850,-9999
07/31/2025 15:28,MOSES SOUTH,23319,-496.82,3150,-1600
07/31/2025 15:28,SCH - HQ - NY,23324,-715,1450,-715
07/31/2025 15:28,SCH - HQ_CEDARS,325274,-40,270,-40
07/31/2025 15:28,SCH - HQ_IMPORT_EXPORT,325376,-715,1310,-9999
07/31/2025 15:28,SCH - NE - NY,23318,-830.5,1400,-1600
07/31/2025 15:28,SCH - NPX_1385,325277,125,125,-125
07/31/2025 15:28,SCH - NPX_CSC,325154,330,330,-330
07/31/2025 15:28,SCH - OH - NY,23317,1088.4,2000,-1600
07/31/2025 15:28,SCH - PJ - NY,23316,-228.67,2000,-1050
07/31/2025 15:28,SCH - PJM_HTP,325905,230,660,-660
07/31/2025 15:28,SCH - PJM_NEPTUNE,325305,660,660,-660
07/31/2025 15:28,SCH - PJM_VFT,325658,225,315,-315
07/31/2025 15:28,SPR/DUN-SOUTH,23320,1893.46,4600,-9999
07/31/2025 15:28,TOTAL EAST,23314,2103.25,7550,-9999
07/31/2025 15:28,UPNY CONED,23315,3742.25,7320,-9999
07/31/2025 15:28,WEST CENTRAL,23312,-45.53,9999,-9999
07/31/2025 15:30,CENTRAL EAST - VC,23330,1620.47,3185,-9999
07/31/2025 15:30,DYSINGER EAST,23326,610.11,2850,-9999
07/31/2025 15:30,MOSES SOUTH,23319,-479.72,3150,-1600
07/31/2025 15:30,SCH - HQ - NY,23324,-715,1450,-715
07/31/2025 15:30,SCH - HQ_CEDARS,325274,-40,270,-40
07/31/2025 15:30,SCH - HQ_IMPORT_EXPORT,325376,-715,1310,-9999
07/31/2025 15:30,SCH - NE - NY,23318,-802.7,1400,-1600
07/31/2025 15:30,SCH - NPX_1385,325277,125,125,-125
07/31/2025 15:30,SCH - NPX_CSC,325154,330,330,-330
07/31/2025 15:30,SCH - OH - NY,23317,1088.32,2000,-1600
07/31/2025 15:30,SCH - PJ - NY,23316,-225.5,2000,-1050
07/31/2025 15:30,SCH - PJM_HTP,325905,230,660,-660
07/31/2025 15:30,SCH - PJM_NEPTUNE,325305,660,660,-660
07/31/2025 15:30,SCH - PJM_VFT,325658,225,315,-315
07/31/2025 15:30,SPR/DUN-SOUTH,23320,1852.91,4600,-9999
07/31/2025 15:30,TOTAL EAST,23314,2156.56,7550,-9999
07/31/2025 15:30,UPNY CONED,23315,3822.36,7320,-9999
07/31/2025 15:30,WEST CENTRAL,23312,-16.21,9999,-9999
07/31/2025 15:33,CENTRAL EAST - VC,23330,1618.9,3185,-9999
07/31/2025 15:33,DYSINGER EAST,23326,558.88,2850,-9999
07/31/2025 15:33,MOSES SOUTH,23319,-485.27,3150,-1600
07/31/2025 15:33,SCH - HQ - NY,23324,-715,1450,-715
07/31/2025 15:33,SCH - HQ_CEDARS,325274,-40,270,-40
07/31/2025 15:33,SCH - HQ_IMPORT_EXPORT,325376,-715,1310,-9999
07/31/2025 15:33,SCH - NE - NY,23318,-760.87,1400,-1600
07/31/2025 15:33,SCH - NPX_1385,325277,125,125,-125
07/31/2025 15:33,SCH - NPX_CSC,325154,330,330,-330
07/31/2025 15:33,SCH - OH - NY,23317,1088.39,2000,-1600
07/31/2025 15:33,SCH - PJ - NY,23316,-228.34,2000,-1050
07/31/2025 15:33,SCH - PJM_HTP,325905,230,660,-660
07/31/2025 15:33,SCH - PJM_NEPTUNE,325305,660,660,-660
07/31/2025 15:33,SCH - PJM_VFT,325658,225,315,-315
07/31/2025 15:33,SPR/DUN-SOUTH,23320,1942.13,4600,-9999
07/31/2025 15:33,TOTAL EAST,23314,2115.09,7550,-9999
07/31/2025 15:33,UPNY CONED,23315,3825.58,7320,-9999
07/31/2025 15:33,WEST CENTRAL,23312,-50.86,9999,-9999
07/31/2025 15:40,CENTRAL EAST - VC,23330,1590.55,3185,-9999
07/31/2025 15:40,DYSINGER EAST,23326,598,2850,-9999
07/31/2025 15:40,MOSES SOUTH,23319,-479.45,3150,-1600
07/31/2025 15:40,SCH - HQ - NY,23324,-715,1450,-715
07/31/2025 15:40,SCH - HQ_CEDARS,325274,-40,270,-40
07/31/2025 15:40,SCH - HQ_IMPORT_EXPORT,325376,-715,1310,-9999
07/31/2025 15:40,SCH - NE - NY,23318,-732.75,1400,-1600
07/31/2025 15:40,SCH - NPX_1385,325277,125,125,-125
07/31/2025 15:40,SCH - NPX_CSC,325154,330,330,-330
07/31/2025 15:40,SCH - OH - NY,23317,1088.27,2000,-1600
07/31/2025 15:40,SCH - PJ - NY,23316,-230.19,2000,-1050
07/31/2025 15:40,SCH - PJM_HTP,325905,230,660,-660
07/31/2025 15:40,SCH - PJM_NEPTUNE,325305,660,660,-660
07/31/2025 15:40,SCH - PJM_VFT,325658,225,315,-315
07/31/2025 15:40,SPR/DUN-SOUTH,23320,1994.17,4600,-9999
07/31/2025 15:40,TOTAL EAST,23314,2132.29,7550,-9999
07/31/2025 15:40,UPNY CONED,23315,3861.71,7320,-9999
07/31/2025 15:40,WEST CENTRAL,23312,-11.07,9999,-9999
07/31/2025 15:45,CENTRAL EAST - VC,23330,1632.59,3185,-9999
07/31/2025 15:45,DYSINGER EAST,23326,620.98,2850,-9999
07/31/2025 15:45,MOSES SOUTH,23319,-465.66,3150,-1600
07/31/2025 15:45,SCH - HQ - NY,23324,-715,1450,-715
07/31/2025 15:45,SCH - HQ_CEDARS,325274,-40,270,-40
07/31/2025 15:45,SCH - HQ_IMPORT_EXPORT,325376,-715,1310,-9999
07/31/2025 15:45,SCH - NE - NY,23318,-686.97,1400,-1600
07/31/2025 15:45,SCH - NPX_1385,325277,125,125,-125
07/31/2025 15:45,SCH - NPX_CSC,325154,330,330,-330
07/31/2025 15:45,SCH - OH - NY,23317,1088.27,2000,-1600
07/31/2025 15:45,SCH - PJ - NY,23316,-226.95,2000,-1050
07/31/2025 15:45,SCH - PJM_HTP,325905,230,660,-660
07/31/2025 15:45,SCH - PJM_NEPTUNE,325305,660,660,-660
07/31/2025 15:45,SCH - PJM_VFT,325658,225,315,-315
07/31/2025 15:45,SPR/DUN-SOUTH,23320,2042.01,4600,-9999
07/31/2025 15:45,TOTAL EAST,23314,2083.41,7550,-9999
07/31/2025 15:45,UPNY CONED,23315,3888.23,7320,-9999
07/31/2025 15:45,WEST CENTRAL,23312,21.59,9999,-9999
07/31/2025 15:50,CENTRAL EAST - VC,23330,1598.63,3185,-9999
07/31/2025 15:50,DYSINGER EAST,23326,626.11,2850,-9999
07/31/2025 15:50,MOSES SOUTH,23319,-447.31,3150,-1600
07/31/2025 15:50,SCH - HQ - NY,23324,-715,1450,-715
07/31/2025 15:50,SCH - HQ_CEDARS,325274,-40,270,-40
07/31/2025 15:50,SCH - HQ_IMPORT_EXPORT,325376,-715,1310,-9999
07/31/2025 15:50,SCH - NE - NY,23318,-642.09,1400,-1600
07/31/2025 15:50,SCH - NPX_1385,325277,125,125,-125
07/31/2025 15:50,SCH - NPX_CSC,325154,330,330,-330
07/31/2025 15:50,SCH - OH - NY,23317,1088.2,2000,-1600
07/31/2025 15:50,SCH - PJ - NY,23316,-227.27,2000,-1050
07/31/2025 15:50,SCH - PJM_HTP,325905,230,660,-660
07/31/2025 15:50,SCH - PJM_NEPTUNE,325305,660,660,-660
07/31/2025 15:50,SCH - PJM_VFT,325658,225,315,-315
07/31/2025 15:50,SPR/DUN-SOUTH,23320,2037.79,4600,-9999
07/31/2025 15:50,TOTAL EAST,23314,2023.69,7550,-9999
07/31/2025 15:50,UPNY CONED,23315,3881.87,7320,-9999
07/31/2025 15:50,WEST CENTRAL,23312,37.73,9999,-9999
07/31/2025 15:55,CENTRAL EAST - VC,23330,1642.02,3185,-9999
07/31/2025 15:55,DYSINGER EAST,23326,646.96,2850,-9999
07/31/2025 15:55,MOSES SOUTH,23319,-428.17,3150,-1600
07/31/2025 15:55,SCH - HQ - NY,23324,-715,1450,-715
07/31/2025 15:55,SCH - HQ_CEDARS,325274,-40,270,-40
07/31/2025 15:55,SCH - HQ_IMPORT_EXPORT,325376,-715,1310,-9999
07/31/2025 15:55,SCH - NE - NY,23318,-642.11,1400,-1600
07/31/2025 15:55,SCH - NPX_1385,325277,125,125,-125
07/31/2025 15:55,SCH - NPX_CSC,325154,330,330,-330
07/31/2025 15:55,SCH - OH - NY,23317,1088.13,2000,-1600
07/31/2025 15:55,SCH - PJ - NY,23316,-228.75,2000,-1050
07/31/2025 15:55,SCH - PJM_HTP,325905,230,660,-660
07/31/2025 15:55,SCH - PJM_NEPTUNE,325305,660,660,-660
07/31/2025 15:55,SCH - PJM_VFT,325658,225,315,-315
07/31/2025 15:55,SPR/DUN-SOUTH,23320,2032.85,4600,-9999
07/31/2025 15:55,TOTAL EAST,23314,1974.6,7550,-9999
07/31/2025 15:55,UPNY CONED,23315,3844.7,7320,-9999
07/31/2025 15:55,WEST CENTRAL,23312,57.15,9999,-9999
07/31/2025 16:00,CENTRAL EAST - VC,23330,1740.25,3185,-9999
07/31/2025 16:00,DYSINGER EAST,23326,934.17,2850,-9999
07/31/2025 16:00,MOSES SOUTH,23319,-422.62,3150,-1600
07/31/2025 16:00,SCH - HQ - NY,23324,-715,1450,-715
07/31/2025 16:00,SCH - HQ_CEDARS,325274,-40,270,-40
07/31/2025 16:00,SCH - HQ_IMPORT_EXPORT,325376,-715,1310,-9999
07/31/2025 16:00,SCH - NE - NY,23318,-567.25,1400,-1600
07/31/2025 16:00,SCH - NPX_1385,325277,125,125,-125
07/31/2025 16:00,SCH - NPX_CSC,325154,330,330,-330
07/31/2025 16:00,SCH - OH - NY,23317,1263.2,2000,-1600
07/31/2025 16:00,SCH - PJ - NY,23316,-294.24,2000,-1050
07/31/2025 16:00,SCH - PJM_HTP,325905,157,660,-660
07/31/2025 16:00,SCH - PJM_NEPTUNE,325305,660,660,-660
07/31/2025 16:00,SCH - PJM_VFT,325658,200,315,-315
07/31/2025 16:00,SPR/DUN-SOUTH,23320,2070.85,4600,-9999
07/31/2025 16:00,TOTAL EAST,23314,2108.77,7550,-9999
07/31/2025 16:00,UPNY CONED,23315,3902.02,7320,-9999
07/31/2025 16:00,WEST CENTRAL,23312,341.99,9999,-9999
07/31/2025 16:05,CENTRAL EAST - VC,23330,1753.1,3185,-9999
07/31/2025 16:05,DYSINGER EAST,23326,1116.55,2850,-9999
07/31/2025 16:05,MOSES SOUTH,23319,-410.05,3150,-1600
07/31/2025 16:05,SCH - HQ - NY,23324,-715,1450,-715
07/31/2025 16:05,SCH - HQ_CEDARS,325274,-40,270,-40
07/31/2025 16:05,SCH - HQ_IMPORT_EXPORT,325376,-715,1310,-9999
07/31/2025 16:05,SCH - NE - NY,23318,-493.19,1400,-1600
07/31/2025 16:05,SCH - NPX_1385,325277,125,125,-125
07/31/2025 16:05,SCH - NPX_CSC,325154,330,330,-330
07/31/2025 16:05,SCH - OH - NY,23317,1439.12,2000,-1600
07/31/2025 16:05,SCH - PJ - NY,23316,-357.67,2000,-1050
07/31/2025 16:05,SCH - PJM_HTP,325905,84,660,-660
07/31/2025 16:05,SCH - PJM_NEPTUNE,325305,660,660,-660
07/31/2025 16:05,SCH - PJM_VFT,325658,175,315,-315
07/31/2025 16:05,SPR/DUN-SOUTH,23320,2168.52,4600,-9999
07/31/2025 16:05,TOTAL EAST,23314,2177.07,7550,-9999
07/31/2025 16:05,UPNY CONED,23315,3897.41,7320,-9999
07/31/2025 16:05,WEST CENTRAL,23312,519.02,9999,-9999
07/31/2025 16:10,CENTRAL EAST - VC,23330,1739.04,3185,-9999
07/31/2025 16:10,DYSINGER EAST,23326,1002.65,2850,-9999
07/31/2025 16:10,MOSES SOUTH,23319,-408.24,3150,-1600
07/31/2025 16:10,SCH - HQ - NY,23324,-715,1450,-715
07/31/2025 16:10,SCH - HQ_CEDARS,325274,-40,270,-40
07/31/2025 16:10,SCH - HQ_IMPORT_EXPORT,325376,-715,1310,-9999
07/31/2025 16:10,SCH - NE - NY,23318,-493.1,1400,-1600
07/31/2025 16:10,SCH - NPX_1385,325277,125,125,-125
07/31/2025 16:10,SCH - NPX_CSC,325154,330,330,-330
07/31/2025 16:10,SCH - OH - NY,23317,1439.32,2000,-1600
07/31/2025 16:10,SCH - PJ - NY,23316,-350.32,2000,-1050
07/31/2025 16:10,SCH - PJM_HTP,325905,84,660,-660
07/31/2025 16:10,SCH - PJM_NEPTUNE,325305,660,660,-660
07/31/2025 16:10,SCH - PJM_VFT,325658,175,315,-315
07/31/2025 16:10,SPR/DUN-SOUTH,23320,2193.48,4600,-9999
07/31/2025 16:10,TOTAL EAST,23314,2186.58,7550,-9999
07/31/2025 16:10,UPNY CONED,23315,3886.25,7320,-9999
07/31/2025 16:10,WEST CENTRAL,23312,414.08,9999,-9999
07/31/2025 16:15,CENTRAL EAST - VC,23330,1754.61,3185,-9999
07/31/2025 16:15,DYSINGER EAST,23326,900.41,2850,-9999
07/31/2025 16:15,MOSES SOUTH,23319,-351.88,3150,-1600
07/31/2025 16:15,SCH - HQ - NY,23324,-715,1450,-715
07/31/2025 16:15,SCH - HQ_CEDARS,325274,-40,270,-40
07/31/2025 16:15,SCH - HQ_IMPORT_EXPORT,325376,-715,1310,-9999
07/31/2025 16:15,SCH - NE - NY,23318,-549.1,1400,-1600
07/31/2025 16:15,SCH - NPX_1385,325277,125,125,-125
07/31/2025 16:15,SCH - NPX_CSC,325154,330,330,-330
07/31/2025 16:15,SCH - OH - NY,23317,1439.81,2000,-1600
07/31/2025 16:15,SCH - PJ - NY,23316,-357.42,2000,-1050
07/31/2025 16:15,SCH - PJM_HTP,325905,84,660,-660
07/31/2025 16:15,SCH - PJM_NEPTUNE,325305,660,660,-660
07/31/2025 16:15,SCH - PJM_VFT,325658,175,315,-315
07/31/2025 16:15,SPR/DUN-SOUTH,23320,2190,4600,-9999
07/31/2025 16:15,TOTAL EAST,23314,2218.69,7550,-9999
07/31/2025 16:15,UPNY CONED,23315,3885.68,7320,-9999
07/31/2025 16:15,WEST CENTRAL,23312,315.81,9999,-9999
07/31/2025 16:20,CENTRAL EAST - VC,23330,1696.74,3185,-9999
07/31/2025 16:20,DYSINGER EAST,23326,884.35,2850,-9999
07/31/2025 16:20,MOSES SOUTH,23319,-374.51,3150,-1600
07/31/2025 16:20,SCH - HQ - NY,23324,-715,1450,-715
07/31/2025 16:20,SCH - HQ_CEDARS,325274,-40,270,-40
07/31/2025 16:20,SCH - HQ_IMPORT_EXPORT,325376,-715,1310,-9999
07/31/2025 16:20,SCH - NE - NY,23318,-605.23,1400,-1600
07/31/2025 16:20,SCH - NPX_1385,325277,125,125,-125
07/31/2025 16:20,SCH - NPX_CSC,325154,330,330,-330
07/31/2025 16:20,SCH - OH - NY,23317,1439.81,2000,-1600
07/31/2025 16:20,SCH - PJ - NY,23316,-360.5,2000,-1050
07/31/2025 16:20,SCH - PJM_HTP,325905,84,660,-660
07/31/2025 16:20,SCH - PJM_NEPTUNE,325305,660,660,-660
07/31/2025 16:20,SCH - PJM_VFT,325658,175,315,-315
07/31/2025 16:20,SPR/DUN-SOUTH,23320,2187.94,4600,-9999
07/31/2025 16:20,TOTAL EAST,23314,2200.37,7550,-9999
07/31/2025 16:20,UPNY CONED,23315,3870.68,7320,-9999
07/31/2025 16:20,WEST CENTRAL,23312,293.05,9999,-9999
07/31/2025 16:25,CENTRAL EAST - VC,23330,1679.51,3185,-9999
07/31/2025 16:25,DYSINGER EAST,23326,828.75,2850,-9999
07/31/2025 16:25,MOSES SOUTH,23319,-375.66,3150,-1600
07/31/2025 16:25,SCH - HQ - NY,23324,-715,1450,-715
07/31/2025 16:25,SCH - HQ_CEDARS,325274,-40,270,-40
07/31/2025 16:25,SCH - HQ_IMPORT_EXPORT,325376,-715,1310,-9999
07/31/2025 16:25,SCH - NE - NY,23318,-605.22,1400,-1600
07/31/2025 16:25,SCH - NPX_1385,325277,125,125,-125
07/31/2025 16:25,SCH - NPX_CSC,325154,330,330,-330
07/31/2025 16:25,SCH - OH - NY,23317,1439.91,2000,-1600
07/31/2025 16:25,SCH - PJ - NY,23316,-359.98,2000,-1050
07/31/2025 16:25,SCH - PJM_HTP,325905,84,660,-660
07/31/2025 16:25,SCH - PJM_NEPTUNE,325305,660,660,-660
07/31/2025 16:25,SCH - PJM_VFT,325658,175,315,-315
07/31/2025 16:25,SPR/DUN-SOUTH,23320,2202.75,4600,-9999
07/31/2025 16:25,TOTAL EAST,23314,2177.53,7550,-9999
07/31/2025 16:25,UPNY CONED,23315,3864.04,7320,-9999
07/31/2025 16:25,WEST CENTRAL,23312,227.5,9999,-9999
07/31/2025 16:30,CENTRAL EAST - VC,23330,1679.4,3150,-9999
07/31/2025 16:30,DYSINGER EAST,23326,829.95,2850,-9999
07/31/2025 16:30,MOSES SOUTH,23319,-385.03,3150,-1600
07/31/2025 16:30,SCH - HQ - NY,23324,-715,1450,-715
07/31/2025 16:30,SCH - HQ_CEDARS,325274,-40,270,-40
07/31/2025 16:30,SCH - HQ_IMPORT_EXPORT,325376,-715,1310,-9999
07/31/2025 16:30,SCH - NE - NY,23318,-530.29,1400,-1600
07/31/2025 16:30,SCH - NPX_1385,325277,125,125,-125
07/31/2025 16:30,SCH - NPX_CSC,325154,330,330,-330
07/31/2025 16:30,SCH - OH - NY,23317,1439.91,2000,-1600
07/31/2025 16:30,SCH - PJ - NY,23316,-359.91,2000,-1050
07/31/2025 16:30,SCH - PJM_HTP,325905,84,660,-660
07/31/2025 16:30,SCH - PJM_NEPTUNE,325305,660,660,-660
07/31/2025 16:30,SCH - PJM_VFT,325658,175,315,-315
07/31/2025 16:30,SPR/DUN-SOUTH,23320,2247.09,4600,-9999
07/31/2025 16:30,TOTAL EAST,23314,2182.74,7550,-9999
07/31/2025 16:30,UPNY CONED,23315,3866.74,7320,-9999
07/31/2025 16:30,WEST CENTRAL,23312,223.74,9999,-9999
07/31/2025 16:35,CENTRAL EAST - VC,23330,1634.62,3150,-9999
07/31/2025 16:35,DYSINGER EAST,23326,769.93,2850,-9999
07/31/2025 16:35,MOSES SOUTH,23319,-390.35,3150,-1600
07/31/2025 16:35,SCH - HQ - NY,23324,-715,1450,-715
07/31/2025 16:35,SCH - HQ_CEDARS,325274,-40,270,-40
07/31/2025 16:35,SCH - HQ_IMPORT_EXPORT,325376,-715,1310,-9999
07/31/2025 16:35,SCH - NE - NY,23318,-455.17,1400,-1600
07/31/2025 16:35,SCH - NPX_1385,325277,125,125,-125
07/31/2025 16:35,SCH - NPX_CSC,325154,330,330,-330
07/31/2025 16:35,SCH - OH - NY,23317,1439.99,2000,-1600
07/31/2025 16:35,SCH - PJ - NY,23316,-361.67,2000,-1050
07/31/2025 16:35,SCH - PJM_HTP,325905,84,660,-660
07/31/2025 16:35,SCH - PJM_NEPTUNE,325305,660,660,-660
07/31/2025 16:35,SCH - PJM_VFT,325658,175,315,-315
07/31/2025 16:35,SPR/DUN-SOUTH,23320,2257.08,4600,-9999
07/31/2025 16:35,TOTAL EAST,23314,2203.58,7550,-9999
07/31/2025 16:35,UPNY CONED,23315,3855.83,7320,-9999
07/31/2025 16:35,WEST CENTRAL,23312,164.82,9999,-9999
07/31/2025 16:40,CENTRAL EAST - VC,23330,1719.66,3150,-9999
07/31/2025 16:40,DYSINGER EAST,23326,876.59,2850,-9999
07/31/2025 16:40,MOSES SOUTH,23319,-385.43,3150,-1600
07/31/2025 16:40,SCH - HQ - NY,23324,-715,1450,-715
07/31/2025 16:40,SCH - HQ_CEDARS,325274,-40,270,-40
07/31/2025 16:40,SCH - HQ_IMPORT_EXPORT,325376,-715,1310,-9999
07/31/2025 16:40,SCH - NE - NY,23318,-454.94,1400,-1600
07/31/2025 16:40,SCH - NPX_1385,325277,125,125,-125
07/31/2025 16:40,SCH - NPX_CSC,325154,330,330,-330
07/31/2025 16:40,SCH - OH - NY,23317,1439.52,2000,-1600
07/31/2025 16:40,SCH - PJ - NY,23316,-360.03,2000,-1050
07/31/2025 16:40,SCH - PJM_HTP,325905,84,660,-660
07/31/2025 16:40,SCH - PJM_NEPTUNE,325305,660,660,-660
07/31/2025 16:40,SCH - PJM_VFT,325658,175,315,-315
07/31/2025 16:40,SPR/DUN-SOUTH,23320,2279.03,4600,-9999
07/31/2025 16:40,TOTAL EAST,23314,2226.78,7550,-9999
07/31/2025 16:40,UPNY CONED,23315,3871.13,7320,-9999
07/31/2025 16:40,WEST CENTRAL,23312,273.83,9999,-9999
07/31/2025 16:45,CENTRAL EAST - VC,23330,1688.06,3150,-9999
07/31/2025 16:45,DYSINGER EAST,23326,831.26,2850,-9999
07/31/2025 16:45,MOSES SOUTH,23319,-385.98,3150,-1600
07/31/2025 16:45,SCH - HQ - NY,23324,-715,1450,-715
07/31/2025 16:45,SCH - HQ_CEDARS,325274,-40,270,-40
07/31/2025 16:45,SCH - HQ_IMPORT_EXPORT,325376,-715,1310,-9999
07/31/2025 16:45,SCH - NE - NY,23318,-454.99,1400,-1600
07/31/2025 16:45,SCH - NPX_1385,325277,125,125,-125
07/31/2025 16:45,SCH - NPX_CSC,325154,330,330,-330
07/31/2025 16:45,SCH - OH - NY,23317,1439.86,2000,-1600
07/31/2025 16:45,SCH - PJ - NY,23316,-359.75,2000,-1050
07/31/2025 16:45,SCH - PJM_HTP,325905,84,660,-660
07/31/2025 16:45,SCH - PJM_NEPTUNE,325305,660,660,-660
07/31/2025 16:45,SCH - PJM_VFT,325658,175,315,-315
07/31/2025 16:45,SPR/DUN-SOUTH,23320,2246.03,4600,-9999
07/31/2025 16:45,TOTAL EAST,23314,2272.63,7550,-9999
07/31/2025 16:45,UPNY CONED,23315,3866.12,7320,-9999
07/31/2025 16:45,WEST CENTRAL,23312,229.86,9999,-9999
07/31/2025 16:50,CENTRAL EAST - VC,23330,1659.93,3150,-9999
07/31/2025 16:50,DYSINGER EAST,23326,865.62,2850,-9999
07/31/2025 16:50,MOSES SOUTH,23319,-372.33,3150,-1600
07/31/2025 16:50,SCH - HQ - NY,23324,-715,1450,-715
07/31/2025 16:50,SCH - HQ_CEDARS,325274,-40,270,-40
07/31/2025 16:50,SCH - HQ_IMPORT_EXPORT,325376,-715,1310,-9999
07/31/2025 16:50,SCH - NE - NY,23318,-454.83,1400,-1600
07/31/2025 16:50,SCH - NPX_1385,325277,125,125,-125
07/31/2025 16:50,SCH - NPX_CSC,325154,330,330,-330
07/31/2025 16:50,SCH - OH - NY,23317,1439.78,2000,-1600
07/31/2025 16:50,SCH - PJ - NY,23316,-360.38,2000,-1050
07/31/2025 16:50,SCH - PJM_HTP,325905,84,660,-660
07/31/2025 16:50,SCH - PJM_NEPTUNE,325305,660,660,-660
07/31/2025 16:50,SCH - PJM_VFT,325658,175,315,-315
07/31/2025 16:50,SPR/DUN-SOUTH,23320,2282.72,4600,-9999
07/31/2025 16:50,TOTAL EAST,23314,2295.4,7550,-9999
07/31/2025 16:50,UPNY CONED,23315,3861.93,7320,-9999
07/31/2025 16:50,WEST CENTRAL,23312,269.61,9999,-9999
07/31/2025 16:55,CENTRAL EAST - VC,23330,1739.93,3150,-9999
07/31/2025 16:55,DYSINGER EAST,23326,923.55,2850,-9999
07/31/2025 16:55,MOSES SOUTH,23319,-357.79,3150,-1600
07/31/2025 16:55,SCH - HQ - NY,23324,-715,1450,-715
07/31/2025 16:55,SCH - HQ_CEDARS,325274,-40,270,-40
07/31/2025 16:55,SCH - HQ_IMPORT_EXPORT,325376,-715,1310,-9999
07/31/2025 16:55,SCH - NE - NY,23318,-454.85,1400,-1600
07/31/2025 16:55,SCH - NPX_1385,325277,125,125,-125
07/31/2025 16:55,SCH - NPX_CSC,325154,330,330,-330
07/31/2025 16:55,SCH - OH - NY,23317,1439.68,2000,-1600
07/31/2025 16:55,SCH - PJ - NY,23316,-358.06,2000,-1050
07/31/2025 16:55,SCH - PJM_HTP,325905,84,660,-660
07/31/2025 16:55,SCH - PJM_NEPTUNE,325305,660,660,-660
07/31/2025 16:55,SCH - PJM_VFT,325658,175,315,-315
07/31/2025 16:55,SPR/DUN-SOUTH,23320,2317.38,4600,-9999
07/31/2025 16:55,TOTAL EAST,23314,2343.3,7550,-9999
07/31/2025 16:55,UPNY CONED,23315,3878.44,7320,-9999
07/31/2025 16:55,WEST CENTRAL,23312,327.65,9999,-9999
07/31/2025 17:00,CENTRAL EAST - VC,23330,1602.05,3150,-9999
07/31/2025 17:00,DYSINGER EAST,23326,753.21,2850,-9999
07/31/2025 17:00,MOSES SOUTH,23319,-375.07,3150,-1600
07/31/2025 17:00,SCH - HQ - NY,23324,-715,1450,-715
07/31/2025 17:00,SCH - HQ_CEDARS,325274,-40,270,-40
07/31/2025 17:00,SCH - HQ_IMPORT_EXPORT,325376,-715,1310,-9999
07/31/2025 17:00,SCH - NE - NY,23318,-508.97,1400,-1600
07/31/2025 17:00,SCH - NPX_1385,325277,118,125,-125
07/31/2025 17:00,SCH - NPX_CSC,325154,330,330,-330
07/31/2025 17:00,SCH - OH - NY,23317,1183.54,2000,-1600
07/31/2025 17:00,SCH - PJ - NY,23316,-119.95,2000,-1050
07/31/2025 17:00,SCH - PJM_HTP,325905,157,660,-660
07/31/2025 17:00,SCH - PJM_NEPTUNE,325305,660,660,-660
07/31/2025 17:00,SCH - PJM_VFT,325658,210,315,-315
07/31/2025 17:00,SPR/DUN-SOUTH,23320,2318.79,4600,-9999
07/31/2025 17:00,TOTAL EAST,23314,2312.37,7550,-9999
07/31/2025 17:00,UPNY CONED,23315,3855.81,7320,-9999
07/31/2025 17:00,WEST CENTRAL,23312,168.36,9999,-9999
07/31/2025 17:05,CENTRAL EAST - VC,23330,1618.68,3150,-9999
07/31/2025 17:05,DYSINGER EAST,23326,601.66,2850,-9999
07/31/2025 17:05,MOSES SOUTH,23319,-375.29,3150,-1600
07/31/2025 17:05,SCH - HQ - NY,23324,-715,1450,-715
07/31/2025 17:05,SCH - HQ_CEDARS,325274,-40,270,-40
07/31/2025 17:05,SCH - HQ_IMPORT_EXPORT,325376,-715,1310,-9999
07/31/2025 17:05,SCH - NE - NY,23318,-564.02,1400,-1600
07/31/2025 17:05,SCH - NPX_1385,325277,113,125,-125
07/31/2025 17:05,SCH - NPX_CSC,325154,330,330,-330
07/31/2025 17:05,SCH - OH - NY,23317,927.47,2000,-1600
07/31/2025 17:05,SCH - PJ - NY,23316,115.28,2000,-1050
07/31/2025 17:05,SCH - PJM_HTP,325905,230,660,-660
07/31/2025 17:05,SCH - PJM_NEPTUNE,325305,660,660,-660
07/31/2025 17:05,SCH - PJM_VFT,325658,245,315,-315
07/31/2025 17:05,SPR/DUN-SOUTH,23320,2312.16,4600,-9999
07/31/2025 17:05,TOTAL EAST,23314,2304.12,7550,-9999
07/31/2025 17:05,UPNY CONED,23315,3847.58,7320,-9999
07/31/2025 17:05,WEST CENTRAL,23312,22.39,9999,-9999
07/31/2025 17:10,CENTRAL EAST - VC,23330,1608.6,3150,-9999
07/31/2025 17:10,DYSINGER EAST,23326,624.65,2850,-9999
07/31/2025 17:10,MOSES SOUTH,23319,-410.74,3150,-1600
07/31/2025 17:10,SCH - HQ - NY,23324,-715,1450,-715
07/31/2025 17:10,SCH - HQ_CEDARS,325274,-40,270,-40
07/31/2025 17:10,SCH - HQ_IMPORT_EXPORT,325376,-715,1310,-9999
07/31/2025 17:10,SCH - NE - NY,23318,-563.88,1400,-1600
07/31/2025 17:10,SCH - NPX_1385,325277,112,125,-125
07/31/2025 17:10,SCH - NPX_CSC,325154,330,330,-330
07/31/2025 17:10,SCH - OH - NY,23317,927.57,2000,-1600
07/31/2025 17:10,SCH - PJ - NY,23316,116.57,2000,-1050
07/31/2025 17:10,SCH - PJM_HTP,325905,230,660,-660
07/31/2025 17:10,SCH - PJM_NEPTUNE,325305,660,660,-660
07/31/2025 17:10,SCH - PJM_VFT,325658,245,315,-315
07/31/2025 17:10,SPR/DUN-SOUTH,23320,2287.65,4600,-9999
07/31/2025 17:10,TOTAL EAST,23314,2271.65,7550,-9999
07/31/2025 17:10,UPNY CONED,23315,3851.2,7320,-9999
07/31/2025 17:10,WEST CENTRAL,23312,42.72,9999,-9999
07/31/2025 17:15,CENTRAL EAST - VC,23330,1601.96,3150,-9999
07/31/2025 17:15,DYSINGER EAST,23326,766.47,2850,-9999
07/31/2025 17:15,MOSES SOUTH,23319,-456.29,3150,-1600
07/31/2025 17:15,SCH - HQ - NY,23324,-715,1450,-715
07/31/2025 17:15,SCH - HQ_CEDARS,325274,-40,270,-40
07/31/2025 17:15,SCH - HQ_IMPORT_EXPORT,325376,-715,1310,-9999
07/31/2025 17:15,SCH - NE - NY,23318,-558.78,1400,-1600
07/31/2025 17:15,SCH - NPX_1385,325277,112,125,-125
07/31/2025 17:15,SCH - NPX_CSC,325154,330,330,-330
07/31/2025 17:15,SCH - OH - NY,23317,927.14,2000,-1600
07/31/2025 17:15,SCH - PJ - NY,23316,117.1,2000,-1050
07/31/2025 17:15,SCH - PJM_HTP,325905,230,660,-660
07/31/2025 17:15,SCH - PJM_NEPTUNE,325305,660,660,-660
07/31/2025 17:15,SCH - PJM_VFT,325658,245,315,-315
07/31/2025 17:15,SPR/DUN-SOUTH,23320,2310.69,4600,-9999
07/31/2025 17:15,TOTAL EAST,23314,2274.06,7550,-9999
07/31/2025 17:15,UPNY CONED,23315,3854.2,7320,-9999
07/31/2025 17:15,WEST CENTRAL,23312,188.04,9999,-9999
07/31/2025 17:20,CENTRAL EAST - VC,23330,1577.43,3150,-9999
07/31/2025 17:20,DYSINGER EAST,23326,799.95,2850,-9999
07/31/2025 17:20,MOSES SOUTH,23319,-476.62,3150,-1600
07/31/2025 17:20,SCH - HQ - NY,23324,-715,1450,-715
07/31/2025 17:20,SCH - HQ_CEDARS,325274,-40,270,-40
07/31/2025 17:20,SCH - HQ_IMPORT_EXPORT,325376,-715,1310,-9999
07/31/2025 17:20,SCH - NE - NY,23318,-553.82,1400,-1600
07/31/2025 17:20,SCH - NPX_1385,325277,112,125,-125
07/31/2025 17:20,SCH - NPX_CSC,325154,330,330,-330
07/31/2025 17:20,SCH - OH - NY,23317,927.13,2000,-1600
07/31/2025 17:20,SCH - PJ - NY,23316,116.61,2000,-1050
07/31/2025 17:20,SCH - PJM_HTP,325905,230,660,-660
07/31/2025 17:20,SCH - PJM_NEPTUNE,325305,660,660,-660
07/31/2025 17:20,SCH - PJM_VFT,325658,245,315,-315
07/31/2025 17:20,SPR/DUN-SOUTH,23320,2326.59,4600,-9999
07/31/2025 17:20,TOTAL EAST,23314,2246.27,7550,-9999
07/31/2025 17:20,UPNY CONED,23315,3848.48,7320,-9999
07/31/2025 17:20,WEST CENTRAL,23312,225.99,9999,-9999
07/31/2025 17:25,CENTRAL EAST - VC,23330,1615.48,3150,-9999
07/31/2025 17:25,DYSINGER EAST,23326,872.99,2850,-9999
07/31/2025 17:25,MOSES SOUTH,23319,-456.31,3150,-1600
07/31/2025 17:25,SCH - HQ - NY,23324,-715,1450,-715
07/31/2025 17:25,SCH - HQ_CEDARS,325274,-40,270,-40
07/31/2025 17:25,SCH - HQ_IMPORT_EXPORT,325376,-715,1310,-9999
07/31/2025 17:25,SCH - NE - NY,23318,-553.85,1400,-1600
07/31/2025 17:25,SCH - NPX_1385,325277,112,125,-125
07/31/2025 17:25,SCH - NPX_CSC,325154,330,330,-330
07/31/2025 17:25,SCH - OH - NY,23317,925.44,2000,-1600
07/31/2025 17:25,SCH - PJ - NY,23316,119.58,2000,-1050
07/31/2025 17:25,SCH - PJM_HTP,325905,230,660,-660
07/31/2025 17:25,SCH - PJM_NEPTUNE,325305,660,660,-660
07/31/2025 17:25,SCH - PJM_VFT,325658,245,315,-315
07/31/2025 17:25,SPR/DUN-SOUTH,23320,2367.41,4600,-9999
07/31/2025 17:25,TOTAL EAST,23314,2249.34,7550,-9999
07/31/2025 17:25,UPNY CONED,23315,3856.53,7320,-9999
07/31/2025 17:25,WEST CENTRAL,23312,314.51,9999,-9999
07/31/2025 17:30,CENTRAL EAST - VC,23330,1563.73,3150,-9999
07/31/2025 17:30,DYSINGER EAST,23326,779.45,2850,-9999
07/31/2025 17:30,MOSES SOUTH,23319,-502.23,3150,-1600
07/31/2025 17:30,SCH - HQ - NY,23324,-715,1450,-715
07/31/2025 17:30,SCH - HQ_CEDARS,325274,-40,270,-40
07/31/2025 17:30,SCH - HQ_IMPORT_EXPORT,325376,-715,1310,-9999
07/31/2025 17:30,SCH - NE - NY,23318,-558.71,1400,-1600
07/31/2025 17:30,SCH - NPX_1385,325277,112,125,-125
07/31/2025 17:30,SCH - NPX_CSC,325154,330,330,-330
07/31/2025 17:30,SCH - OH - NY,23317,927.15,2000,-1600
07/31/2025 17:30,SCH - PJ - NY,23316,115.85,2000,-1050
07/31/2025 17:30,SCH - PJM_HTP,325905,230,660,-660
07/31/2025 17:30,SCH - PJM_NEPTUNE,325305,660,660,-660
07/31/2025 17:30,SCH - PJM_VFT,325658,245,315,-315
07/31/2025 17:30,SPR/DUN-SOUTH,23320,2365.47,4600,-9999
07/31/2025 17:30,TOTAL EAST,23314,2251.92,7550,-9999
07/31/2025 17:30,UPNY CONED,23315,3845.93,7320,-9999
07/31/2025 17:30,WEST CENTRAL,23312,238.06,9999,-9999
07/31/2025 17:35,CENTRAL EAST - VC,23330,1670.34,3150,-9999
07/31/2025 17:35,DYSINGER EAST,23326,860.65,2850,-9999
07/31/2025 17:35,MOSES SOUTH,23319,-506.86,3150,-1600
07/31/2025 17:35,SCH - HQ - NY,23324,-715,1450,-715
07/31/2025 17:35,SCH - HQ_CEDARS,325274,-40,270,-40
07/31/2025 17:35,SCH - HQ_IMPORT_EXPORT,325376,-715,1310,-9999
07/31/2025 17:35,SCH - NE - NY,23318,-563.7,1400,-1600
07/31/2025 17:35,SCH - NPX_1385,325277,112,125,-125
07/31/2025 17:35,SCH - NPX_CSC,325154,330,330,-330
07/31/2025 17:35,SCH - OH - NY,23317,927.13,2000,-1600
07/31/2025 17:35,SCH - PJ - NY,23316,115.69,2000,-1050
07/31/2025 17:35,SCH - PJM_HTP,325905,230,660,-660
07/31/2025 17:35,SCH - PJM_NEPTUNE,325305,660,660,-660
07/31/2025 17:35,SCH - PJM_VFT,325658,245,315,-315
07/31/2025 17:35,SPR/DUN-SOUTH,23320,2512.51,4600,-9999
07/31/2025 17:35,TOTAL EAST,23314,2416.44,7550,-9999
07/31/2025 17:35,UPNY CONED,23315,3989.5,7320,-9999
07/31/2025 17:35,WEST CENTRAL,23312,313.36,9999,-9999
07/31/2025 17:40,CENTRAL EAST - VC,23330,1653.73,3150,-9999
07/31/2025 17:40,DYSINGER EAST,23326,804.98,2850,-9999
07/31/2025 17:40,MOSES SOUTH,23319,-518.49,3150,-1600
07/31/2025 17:40,SCH - HQ - NY,23324,-715,1450,-715
07/31/2025 17:40,SCH - HQ_CEDARS,325274,-40,270,-40
07/31/2025 17:40,SCH - HQ_IMPORT_EXPORT,325376,-715,1310,-9999
07/31/2025 17:40,SCH - NE - NY,23318,-563.72,1400,-1600
07/31/2025 17:40,SCH - NPX_1385,325277,112,125,-125
07/31/2025 17:40,SCH - NPX_CSC,325154,330,330,-330
07/31/2025 17:40,SCH - OH - NY,23317,927.13,2000,-1600
07/31/2025 17:40,SCH - PJ - NY,23316,117.28,2000,-1050
07/31/2025 17:40,SCH - PJM_HTP,325905,230,660,-660
07/31/2025 17:40,SCH - PJM_NEPTUNE,325305,660,660,-660
07/31/2025 17:40,SCH - PJM_VFT,325658,245,315,-315
07/31/2025 17:40,SPR/DUN-SOUTH,23320,2541.79,4600,-9999
07/31/2025 17:40,TOTAL EAST,23314,2363.42,7550,-9999
07/31/2025 17:40,UPNY CONED,23315,3961.78,7320,-9999
07/31/2025 17:40,WEST CENTRAL,23312,264.11,9999,-9999
07/31/2025 17:45,CENTRAL EAST - VC,23330,1685.24,3150,-9999
07/31/2025 17:45,DYSINGER EAST,23326,782.25,2850,-9999
07/31/2025 17:45,MOSES SOUTH,23319,-496.07,3150,-1600
07/31/2025 17:45,SCH - HQ - NY,23324,-715,1450,-715
07/31/2025 17:45,SCH - HQ_CEDARS,325274,-40,270,-40
07/31/2025 17:45,SCH - HQ_IMPORT_EXPORT,325376,-715,1310,-9999
07/31/2025 17:45,SCH - NE - NY,23318,-550.81,1400,-1600
07/31/2025 17:45,SCH - NPX_1385,325277,112,125,-125
07/31/2025 17:45,SCH - NPX_CSC,325154,330,330,-330
07/31/2025 17:45,SCH - OH - NY,23317,927.17,2000,-1600
07/31/2025 17:45,SCH - PJ - NY,23316,118.19,2000,-1050
07/31/2025 17:45,SCH - PJM_HTP,325905,230,660,-660
07/31/2025 17:45,SCH - PJM_NEPTUNE,325305,660,660,-660
07/31/2025 17:45,SCH - PJM_VFT,325658,245,315,-315
07/31/2025 17:45,SPR/DUN-SOUTH,23320,2571.38,4600,-9999
07/31/2025 17:45,TOTAL EAST,23314,2378.24,7550,-9999
07/31/2025 17:45,UPNY CONED,23315,3975.48,7320,-9999
07/31/2025 17:45,WEST CENTRAL,23312,258.44,9999,-9999
07/31/2025 17:50,CENTRAL EAST - VC,23330,1654.49,3150,-9999
07/31/2025 17:50,DYSINGER EAST,23326,752.1,2850,-9999
07/31/2025 17:50,MOSES SOUTH,23319,-489.31,3150,-1600
07/31/2025 17:50,SCH - HQ - NY,23324,-715,1450,-715
07/31/2025 17:50,SCH - HQ_CEDARS,325274,-40,270,-40
07/31/2025 17:50,SCH - HQ_IMPORT_EXPORT,325376,-715,1310,-9999
07/31/2025 17:50,SCH - NE - NY,23318,-537.78,1400,-1600
07/31/2025 17:50,SCH - NPX_1385,325277,112,125,-125
07/31/2025 17:50,SCH - NPX_CSC,325154,330,330,-330
07/31/2025 17:50,SCH - OH - NY,23317,927.23,2000,-1600
07/31/2025 17:50,SCH - PJ - NY,23316,113.16,2000,-1050
07/31/2025 17:50,SCH - PJM_HTP,325905,230,660,-660
07/31/2025 17:50,SCH - PJM_NEPTUNE,325305,660,660,-660
07/31/2025 17:50,SCH - PJM_VFT,325658,245,315,-315
07/31/2025 17:50,SPR/DUN-SOUTH,23320,2624.23,4600,-9999
07/31/2025 17:50,TOTAL EAST,23314,2406.36,7550,-9999
07/31/2025 17:50,UPNY CONED,23315,4002.36,7320,-9999
07/31/2025 17:50,WEST CENTRAL,23312,258.32,9999,-9999
07/31/2025 17:55,CENTRAL EAST - VC,23330,1715.36,3150,-9999
07/31/2025 17:55,DYSINGER EAST,23326,800.06,2850,-9999
07/31/2025 17:55,MOSES SOUTH,23319,-469.28,3150,-1600
07/31/2025 17:55,SCH - HQ - NY,23324,-715,1450,-715
07/31/2025 17:55,SCH - HQ_CEDARS,325274,-40,270,-40
07/31/2025 17:55,SCH - HQ_IMPORT_EXPORT,325376,-715,1310,-9999
07/31/2025 17:55,SCH - NE - NY,23318,-537.77,1400,-1600
07/31/2025 17:55,SCH - NPX_1385,325277,112,125,-125
07/31/2025 17:55,SCH - NPX_CSC,325154,330,330,-330
07/31/2025 17:55,SCH - OH - NY,23317,927.11,2000,-1600
07/31/2025 17:55,SCH - PJ - NY,23316,115.29,2000,-1050
07/31/2025 17:55,SCH - PJM_HTP,325905,230,660,-660
07/31/2025 17:55,SCH - PJM_NEPTUNE,325305,660,660,-660
07/31/2025 17:55,SCH - PJM_VFT,325658,245,315,-315
07/31/2025 17:55,SPR/DUN-SOUTH,23320,2635.24,4600,-9999
07/31/2025 17:55,TOTAL EAST,23314,2449.42,7550,-9999
07/31/2025 17:55,UPNY CONED,23315,4031.59,7320,-9999
07/31/2025 17:55,WEST CENTRAL,23312,321.87,9999,-9999
07/31/2025 18:00,CENTRAL EAST - VC,23330,1707.6,3150,-9999
07/31/2025 18:00,DYSINGER EAST,23326,764.93,2850,-9999
07/31/2025 18:00,MOSES SOUTH,23319,-475.61,3150,-1600
07/31/2025 18:00,SCH - HQ - NY,23324,-715,1450,-715
07/31/2025 18:00,SCH - HQ_CEDARS,325274,-40,270,-40
07/31/2025 18:00,SCH - HQ_IMPORT_EXPORT,325376,-715,1310,-9999
07/31/2025 18:00,SCH - NE - NY,23318,-548.77,1400,-1600
07/31/2025 18:00,SCH - NPX_1385,325277,77,125,-125
07/31/2025 18:00,SCH - NPX_CSC,325154,330,330,-330
07/31/2025 18:00,SCH - OH - NY,23317,856.08,2000,-1600
07/31/2025 18:00,SCH - PJ - NY,23316,193.03,2000,-1050
07/31/2025 18:00,SCH - PJM_HTP,325905,305,660,-660
07/31/2025 18:00,SCH - PJM_NEPTUNE,325305,660,660,-660
07/31/2025 18:00,SCH - PJM_VFT,325658,280,315,-315
07/31/2025 18:00,SPR/DUN-SOUTH,23320,2650.7,4600,-9999
07/31/2025 18:00,TOTAL EAST,23314,2565.6,7550,-9999
07/31/2025 18:00,UPNY CONED,23315,4168.29,7320,-9999
07/31/2025 18:00,WEST CENTRAL,23312,309.25,9999,-9999
07/31/2025 18:05,CENTRAL EAST - VC,23330,1602.09,3150,-9999
07/31/2025 18:05,DYSINGER EAST,23326,710.64,2850,-9999
07/31/2025 18:05,MOSES SOUTH,23319,-491.48,3150,-1600
07/31/2025 18:05,SCH - HQ - NY,23324,-715,1450,-715
07/31/2025 18:05,SCH - HQ_CEDARS,325274,-40,270,-40
07/31/2025 18:05,SCH - HQ_IMPORT_EXPORT,325376,-715,1310,-9999
07/31/2025 18:05,SCH - NE - NY,23318,-560.8,1400,-1600
07/31/2025 18:05,SCH - NPX_1385,325277,41,125,-125
07/31/2025 18:05,SCH - NPX_CSC,325154,330,330,-330
07/31/2025 18:05,SCH - OH - NY,23317,785.09,2000,-1600
07/31/2025 18:05,SCH - PJ - NY,23316,277.02,2000,-1050
07/31/2025 18:05,SCH - PJM_HTP,325905,380,660,-660
07/31/2025 18:05,SCH - PJM_NEPTUNE,325305,660,660,-660
07/31/2025 18:05,SCH - PJM_VFT,325658,315,315,-315
07/31/2025 18:05,SPR/DUN-SOUTH,23320,2522.66,4600,-9999
07/31/2025 18:05,TOTAL EAST,23314,2477.81,7550,-9999
07/31/2025 18:05,UPNY CONED,23315,4041.2,7320,-9999
07/31/2025 18:05,WEST CENTRAL,23312,272.7,9999,-9999
07/31/2025 18:10,CENTRAL EAST - VC,23330,1602.62,3150,-9999
07/31/2025 18:10,DYSINGER EAST,23326,655.15,2850,-9999
07/31/2025 18:10,MOSES SOUTH,23319,-514.95,3150,-1600
07/31/2025 18:10,SCH - HQ - NY,23324,-715,1450,-715
07/31/2025 18:10,SCH - HQ_CEDARS,325274,-40,270,-40
07/31/2025 18:10,SCH - HQ_IMPORT_EXPORT,325376,-715,1310,-9999
07/31/2025 18:10,SCH - NE - NY,23318,-563.01,1400,-1600
07/31/2025 18:10,SCH - NPX_1385,325277,41,125,-125
07/31/2025 18:10,SCH - NPX_CSC,325154,330,330,-330
07/31/2025 18:10,SCH - OH - NY,23317,785.24,2000,-1600
07/31/2025 18:10,SCH - PJ - NY,23316,277.28,2000,-1050
07/31/2025 18:10,SCH - PJM_HTP,325905,380,660,-660
07/31/2025 18:10,SCH - PJM_NEPTUNE,325305,660,660,-660
07/31/2025 18:10,SCH - PJM_VFT,325658,315,315,-315
07/31/2025 18:10,SPR/DUN-SOUTH,23320,2499.68,4600,-9999
07/31/2025 18:10,TOTAL EAST,23314,2512.96,7550,-9999
07/31/2025 18:10,UPNY CONED,23315,4006.3,7320,-9999
07/31/2025 18:10,WEST CENTRAL,23312,227.6,9999,-9999
07/31/2025 18:15,CENTRAL EAST - VC,23330,1702.47,3150,-9999
07/31/2025 18:15,DYSINGER EAST,23326,788.55,2850,-9999
07/31/2025 18:15,MOSES SOUTH,23319,-529.86,3150,-1600
07/31/2025 18:15,SCH - HQ - NY,23324,-715,1450,-715
07/31/2025 18:15,SCH - HQ_CEDARS,325274,-40,270,-40
07/31/2025 18:15,SCH - HQ_IMPORT_EXPORT,325376,-715,1310,-9999
07/31/2025 18:15,SCH - NE - NY,23318,-516.13,1400,-1600
07/31/2025 18:15,SCH - NPX_1385,325277,41,125,-125
07/31/2025 18:15,SCH - NPX_CSC,325154,330,330,-330
07/31/2025 18:15,SCH - OH - NY,23317,785.12,2000,-1600
07/31/2025 18:15,SCH - PJ - NY,23316,252.89,2000,-1050
07/31/2025 18:15,SCH - PJM_HTP,325905,380,660,-660
07/31/2025 18:15,SCH - PJM_NEPTUNE,325305,660,660,-660
07/31/2025 18:15,SCH - PJM_VFT,325658,280,315,-315
07/31/2025 18:15,SPR/DUN-SOUTH,23320,2714.08,4600,-9999
07/31/2025 18:15,TOTAL EAST,23314,2596.21,7550,-9999
07/31/2025 18:15,UPNY CONED,23315,4195.72,7320,-9999
07/31/2025 18:15,WEST CENTRAL,23312,343.29,9999,-9999
07/31/2025 18:20,CENTRAL EAST - VC,23330,1637.24,3150,-9999
07/31/2025 18:20,DYSINGER EAST,23326,793.04,2850,-9999
07/31/2025 18:20,MOSES SOUTH,23319,-532.59,3150,-1600
07/31/2025 18:20,SCH - HQ - NY,23324,-715,1450,-715
07/31/2025 18:20,SCH - HQ_CEDARS,325274,-40,270,-40
07/31/2025 18:20,SCH - HQ_IMPORT_EXPORT,325376,-715,1310,-9999
07/31/2025 18:20,SCH - NE - NY,23318,-468.78,1400,-1600
07/31/2025 18:20,SCH - NPX_1385,325277,41,125,-125
07/31/2025 18:20,SCH - NPX_CSC,325154,330,330,-330
07/31/2025 18:20,SCH - OH - NY,23317,785.1,2000,-1600
07/31/2025 18:20,SCH - PJ - NY,23316,223.28,2000,-1050
07/31/2025 18:20,SCH - PJM_HTP,325905,380,660,-660
07/31/2025 18:20,SCH - PJM_NEPTUNE,325305,660,660,-660
07/31/2025 18:20,SCH - PJM_VFT,325658,245,315,-315
07/31/2025 18:20,SPR/DUN-SOUTH,23320,2666.66,4600,-9999
07/31/2025 18:20,TOTAL EAST,23314,2573.89,7550,-9999
07/31/2025 18:20,UPNY CONED,23315,4197.04,7320,-9999
07/31/2025 18:20,WEST CENTRAL,23312,332.18,9999,-9999
07/31/2025 18:25,CENTRAL EAST - VC,23330,1651.76,3150,-9999
07/31/2025 18:25,DYSINGER EAST,23326,763.57,2850,-9999
07/31/2025 18:25,MOSES SOUTH,23319,-513.06,3150,-1600
07/31/2025 18:25,SCH - HQ - NY,23324,-715,1450,-715
07/31/2025 18:25,SCH - HQ_CEDARS,325274,-40,270,-40
07/31/2025 18:25,SCH - HQ_IMPORT_EXPORT,325376,-715,1310,-9999
07/31/2025 18:25,SCH - NE - NY,23318,-468.58,1400,-1600
07/31/2025 18:25,SCH - NPX_1385,325277,41,125,-125
07/31/2025 18:25,SCH - NPX_CSC,325154,330,330,-330
07/31/2025 18:25,SCH - OH - NY,23317,785.07,2000,-1600
07/31/2025 18:25,SCH - PJ - NY,23316,224.5,2000,-1050
07/31/2025 18:25,SCH - PJM_HTP,325905,380,660,-660
07/31/2025 18:25,SCH - PJM_NEPTUNE,325305,660,660,-660
07/31/2025 18:25,SCH - PJM_VFT,325658,245,315,-315
07/31/2025 18:25,SPR/DUN-SOUTH,23320,2648.6,4600,-9999
07/31/2025 18:25,TOTAL EAST,23314,2538.4,7550,-9999
07/31/2025 18:25,UPNY CONED,23315,4164.55,7320,-9999
07/31/2025 18:25,WEST CENTRAL,23312,288.29,9999,-9999
07/31/2025 18:30,CENTRAL EAST - VC,23330,1619.11,3150,-9999
07/31/2025 18:30,DYSINGER EAST,23326,787.82,2850,-9999
07/31/2025 18:30,MOSES SOUTH,23319,-554.57,3150,-1600
07/31/2025 18:30,SCH - HQ - NY,23324,-715,1450,-715
07/31/2025 18:30,SCH - HQ_CEDARS,325274,-40,270,-40
07/31/2025 18:30,SCH - HQ_IMPORT_EXPORT,325376,-715,1310,-9999
07/31/2025 18:30,SCH - NE - NY,23318,-511.44,1400,-1600
07/31/2025 18:30,SCH - NPX_1385,325277,41,125,-125
07/31/2025 18:30,SCH - NPX_CSC,325154,330,330,-330
07/31/2025 18:30,SCH - OH - NY,23317,785.18,2000,-1600
07/31/2025 18:30,SCH - PJ - NY,23316,246.42,2000,-1050
07/31/2025 18:30,SCH - PJM_HTP,325905,380,660,-660
07/31/2025 18:30,SCH - PJM_NEPTUNE,325305,660,660,-660
07/31/2025 18:30,SCH - PJM_VFT,325658,245,315,-315
07/31/2025 18:30,SPR/DUN-SOUTH,23320,2686.42,4600,-9999
07/31/2025 18:30,TOTAL EAST,23314,2601.07,7550,-9999
07/31/2025 18:30,UPNY CONED,23315,4171.89,7320,-9999
07/31/2025 18:30,WEST CENTRAL,23312,303.97,9999,-9999
07/31/2025 18:35,CENTRAL EAST - VC,23330,1614.15,3150,-9999
07/31/2025 18:35,DYSINGER EAST,23326,819.87,2850,-9999
07/31/2025 18:35,MOSES SOUTH,23319,-566.63,3150,-1600
07/31/2025 18:35,SCH - HQ - NY,23324,-715,1450,-715
07/31/2025 18:35,SCH - HQ_CEDARS,325274,-40,270,-40
07/31/2025 18:35,SCH - HQ_IMPORT_EXPORT,325376,-715,1310,-9999
07/31/2025 18:35,SCH - NE - NY,23318,-555.2,1400,-1600
07/31/2025 18:35,SCH - NPX_1385,325277,41,125,-125
07/31/2025 18:35,SCH - NPX_CSC,325154,330,330,-330
07/31/2025 18:35,SCH - OH - NY,23317,785.15,2000,-1600
07/31/2025 18:35,SCH - PJ - NY,23316,266.93,2000,-1050
07/31/2025 18:35,SCH - PJM_HTP,325905,380,660,-660
07/31/2025 18:35,SCH - PJM_NEPTUNE,325305,660,660,-660
07/31/2025 18:35,SCH - PJM_VFT,325658,245,315,-315
07/31/2025 18:35,SPR/DUN-SOUTH,23320,2697.4,4600,-9999
07/31/2025 18:35,TOTAL EAST,23314,2640.13,7550,-9999
07/31/2025 18:35,UPNY CONED,23315,4164.83,7320,-9999
07/31/2025 18:35,WEST CENTRAL,23312,333.48,9999,-9999
07/31/2025 18:40,CENTRAL EAST - VC,23330,1617.67,3150,-9999
07/31/2025 18:40,DYSINGER EAST,23326,676.14,2850,-9999
07/31/2025 18:40,MOSES SOUTH,23319,-583.89,3150,-1600
07/31/2025 18:40,SCH - HQ - NY,23324,-715,1450,-715
07/31/2025 18:40,SCH - HQ_CEDARS,325274,-40,270,-40
07/31/2025 18:40,SCH - HQ_IMPORT_EXPORT,325376,-715,1310,-9999
07/31/2025 18:40,SCH - NE - NY,23318,-554.65,1400,-1600
07/31/2025 18:40,SCH - NPX_1385,325277,41,125,-125
07/31/2025 18:40,SCH - NPX_CSC,325154,330,330,-330
07/31/2025 18:40,SCH - OH - NY,23317,785.31,2000,-1600
07/31/2025 18:40,SCH - PJ - NY,23316,266.48,2000,-1050
07/31/2025 18:40,SCH - PJM_HTP,325905,380,660,-660
07/31/2025 18:40,SCH - PJM_NEPTUNE,325305,660,660,-660
07/31/2025 18:40,SCH - PJM_VFT,325658,245,315,-315
07/31/2025 18:40,SPR/DUN-SOUTH,23320,2685.49,4600,-9999
07/31/2025 18:40,TOTAL EAST,23314,2574.18,7550,-9999
07/31/2025 18:40,UPNY CONED,23315,4121.26,7320,-9999
07/31/2025 18:40,WEST CENTRAL,23312,192.27,9999,-9999
07/31/2025 18:45,CENTRAL EAST - VC,23330,1662.55,3150,-9999
07/31/2025 18:45,DYSINGER EAST,23326,677.14,2850,-9999
07/31/2025 18:45,MOSES SOUTH,23319,-574.48,3150,-1600
07/31/2025 18:45,SCH - HQ - NY,23324,-715,1450,-715
07/31/2025 18:45,SCH - HQ_CEDARS,325274,-40,270,-40
07/31/2025 18:45,SCH - HQ_IMPORT_EXPORT,325376,-715,1310,-9999
07/31/2025 18:45,SCH - NE - NY,23318,-511.72,1400,-1600
07/31/2025 18:45,SCH - NPX_1385,325277,41,125,-125
07/31/2025 18:45,SCH - NPX_CSC,325154,330,330,-330
07/31/2025 18:45,SCH - OH - NY,23317,785.33,2000,-1600
07/31/2025 18:45,SCH - PJ - NY,23316,270.77,2000,-1050
07/31/2025 18:45,SCH - PJM_HTP,325905,380,660,-660
07/31/2025 18:45,SCH - PJM_NEPTUNE,325305,660,660,-660
07/31/2025 18:45,SCH - PJM_VFT,325658,280,315,-315
07/31/2025 18:45,SPR/DUN-SOUTH,23320,2724.46,4600,-9999
07/31/2025 18:45,TOTAL EAST,23314,2567.1,7550,-9999
07/31/2025 18:45,UPNY CONED,23315,4186.01,7320,-9999
07/31/2025 18:45,WEST CENTRAL,23312,190.35,9999,-9999
07/31/2025 18:50,CENTRAL EAST - VC,23330,1589.84,3150,-9999
07/31/2025 18:50,DYSINGER EAST,23326,657.39,2850,-9999
07/31/2025 18:50,MOSES SOUTH,23319,-568.91,3150,-1600
07/31/2025 18:50,SCH - HQ - NY,23324,-715,1450,-715
07/31/2025 18:50,SCH - HQ_CEDARS,325274,-40,270,-40
07/31/2025 18:50,SCH - HQ_IMPORT_EXPORT,325376,-715,1310,-9999
07/31/2025 18:50,SCH - NE - NY,23318,-468.89,1400,-1600
07/31/2025 18:50,SCH - NPX_1385,325277,41,125,-125
07/31/2025 18:50,SCH - NPX_CSC,325154,330,330,-330
07/31/2025 18:50,SCH - OH - NY,23317,785.26,2000,-1600
07/31/2025 18:50,SCH - PJ - NY,23316,273.13,2000,-1050
07/31/2025 18:50,SCH - PJM_HTP,325905,380,660,-660
07/31/2025 18:50,SCH - PJM_NEPTUNE,325305,660,660,-660
07/31/2025 18:50,SCH - PJM_VFT,325658,315,315,-315
07/31/2025 18:50,SPR/DUN-SOUTH,23320,2723.95,4600,-9999
07/31/2025 18:50,TOTAL EAST,23314,2547.05,7550,-9999
07/31/2025 18:50,UPNY CONED,23315,4193.52,7320,-9999
07/31/2025 18:50,WEST CENTRAL,23312,166.47,9999,-9999
07/31/2025 18:55,CENTRAL EAST - VC,23330,1508.03,3150,-9999
07/31/2025 18:55,DYSINGER EAST,23326,606.77,2850,-9999
07/31/2025 18:55,MOSES SOUTH,23319,-553.86,3150,-1600
07/31/2025 18:55,SCH - HQ - NY,23324,-715,1450,-715
07/31/2025 18:55,SCH - HQ_CEDARS,325274,-40,270,-40
07/31/2025 18:55,SCH - HQ_IMPORT_EXPORT,325376,-715,1310,-9999
07/31/2025 18:55,SCH - NE - NY,23318,-469.02,1400,-1600
07/31/2025 18:55,SCH - NPX_1385,325277,41,125,-125
07/31/2025 18:55,SCH - NPX_CSC,325154,330,330,-330
07/31/2025 18:55,SCH - OH - NY,23317,785.2,2000,-1600
07/31/2025 18:55,SCH - PJ - NY,23316,273.61,2000,-1050
07/31/2025 18:55,SCH - PJM_HTP,325905,380,660,-660
07/31/2025 18:55,SCH - PJM_NEPTUNE,325305,660,660,-660
07/31/2025 18:55,SCH - PJM_VFT,325658,315,315,-315
07/31/2025 18:55,SPR/DUN-SOUTH,23320,2710.52,4600,-9999
07/31/2025 18:55,TOTAL EAST,23314,2483.37,7550,-9999
07/31/2025 18:55,UPNY CONED,23315,4114.7,7320,-9999
07/31/2025 18:55,WEST CENTRAL,23312,122.09,9999,-9999
07/31/2025 19:00,CENTRAL EAST - VC,23330,1515.39,3150,-9999
07/31/2025 19:00,DYSINGER EAST,23326,573.94,2850,-9999
07/31/2025 19:00,MOSES SOUTH,23319,-578.07,3150,-1600
07/31/2025 19:00,SCH - HQ - NY,23324,-715,1450,-715
07/31/2025 19:00,SCH - HQ_CEDARS,325274,-40,270,-40
07/31/2025 19:00,SCH - HQ_IMPORT_EXPORT,325376,-715,1310,-9999
07/31/2025 19:00,SCH - NE - NY,23318,-492.63,1400,-1600
07/31/2025 19:00,SCH - NPX_1385,325277,11,125,-125
07/31/2025 19:00,SCH - NPX_CSC,325154,330,330,-330
07/31/2025 19:00,SCH - OH - NY,23317,584.09,2000,-1600
07/31/2025 19:00,SCH - PJ - NY,23316,438.9,2000,-1050
07/31/2025 19:00,SCH - PJM_HTP,325905,455,660,-660
07/31/2025 19:00,SCH - PJM_NEPTUNE,325305,660,660,-660
07/31/2025 19:00,SCH - PJM_VFT,325658,315,315,-315
07/31/2025 19:00,SPR/DUN-SOUTH,23320,2595.92,4600,-9999
07/31/2025 19:00,TOTAL EAST,23314,2481.6,7550,-9999
07/31/2025 19:00,UPNY CONED,23315,3973.07,7320,-9999
07/31/2025 19:00,WEST CENTRAL,23312,77.73,9999,-9999
07/31/2025 19:05,CENTRAL EAST - VC,23330,1487.97,3150,-9999
07/31/2025 19:05,DYSINGER EAST,23326,434.52,2850,-9999
07/31/2025 19:05,MOSES SOUTH,23319,-578.31,3150,-1600
07/31/2025 19:05,SCH - HQ - NY,23324,-715,1450,-715
07/31/2025 19:05,SCH - HQ_CEDARS,325274,-40,270,-40
07/31/2025 19:05,SCH - HQ_IMPORT_EXPORT,325376,-715,1310,-9999
07/31/2025 19:05,SCH - NE - NY,23318,-517.61,1400,-1600
07/31/2025 19:05,SCH - NPX_1385,325277,-19,125,-125
07/31/2025 19:05,SCH - NPX_CSC,325154,330,330,-330
07/31/2025 19:05,SCH - OH - NY,23317,384.03,2000,-1600
07/31/2025 19:05,SCH - PJ - NY,23316,599.61,2000,-1050
07/31/2025 19:05,SCH - PJM_HTP,325905,530,660,-660
07/31/2025 19:05,SCH - PJM_NEPTUNE,325305,660,660,-660
07/31/2025 19:05,SCH - PJM_VFT,325658,315,315,-315
07/31/2025 19:05,SPR/DUN-SOUTH,23320,2467.41,4600,-9999
07/31/2025 19:05,TOTAL EAST,23314,2384.25,7550,-9999
07/31/2025 19:05,UPNY CONED,23315,3851.75,7320,-9999
07/31/2025 19:05,WEST CENTRAL,23312,-74.78,9999,-9999
07/31/2025 19:10,CENTRAL EAST - VC,23330,1477.34,3150,-9999
07/31/2025 19:10,DYSINGER EAST,23326,461.07,2850,-9999
07/31/2025 19:10,MOSES SOUTH,23319,-637.29,3150,-1600
07/31/2025 19:10,SCH - HQ - NY,23324,-715,1450,-715
07/31/2025 19:10,SCH - HQ_CEDARS,325274,-40,270,-40
07/31/2025 19:10,SCH - HQ_IMPORT_EXPORT,325376,-715,1310,-9999
07/31/2025 19:10,SCH - NE - NY,23318,-515.14,1400,-1600
07/31/2025 19:10,SCH - NPX_1385,325277,-19,125,-125
07/31/2025 19:10,SCH - NPX_CSC,325154,330,330,-330
07/31/2025 19:10,SCH - OH - NY,23317,383.95,2000,-1600
07/31/2025 19:10,SCH - PJ - NY,23316,597.1,2000,-1050
07/31/2025 19:10,SCH - PJM_HTP,325905,530,660,-660
07/31/2025 19:10,SCH - PJM_NEPTUNE,325305,660,660,-660
07/31/2025 19:10,SCH - PJM_VFT,325658,315,315,-315
07/31/2025 19:10,SPR/DUN-SOUTH,23320,2436.39,4600,-9999
07/31/2025 19:10,TOTAL EAST,23314,2367.65,7550,-9999
07/31/2025 19:10,UPNY CONED,23315,3815.3,7320,-9999
07/31/2025 19:10,WEST CENTRAL,23312,-56.69,9999,-9999
07/31/2025 19:15,CENTRAL EAST - VC,23330,1478.29,3150,-9999
07/31/2025 19:15,DYSINGER EAST,23326,642.58,2850,-9999
07/31/2025 19:15,MOSES SOUTH,23319,-693.06,3150,-1600
07/31/2025 19:15,SCH - HQ - NY,23324,-715,1450,-715
07/31/2025 19:15,SCH - HQ_CEDARS,325274,-40,270,-40
07/31/2025 19:15,SCH - HQ_IMPORT_EXPORT,325376,-715,1310,-9999
07/31/2025 19:15,SCH - NE - NY,23318,-507.46,1400,-1600
07/31/2025 19:15,SCH - NPX_1385,325277,-19,125,-125
07/31/2025 19:15,SCH - NPX_CSC,325154,330,330,-330
07/31/2025 19:15,SCH - OH - NY,23317,380.36,2000,-1600
07/31/2025 19:15,SCH - PJ - NY,23316,604.83,2000,-1050
07/31/2025 19:15,SCH - PJM_HTP,325905,530,660,-660
07/31/2025 19:15,SCH - PJM_NEPTUNE,325305,660,660,-660
07/31/2025 19:15,SCH - PJM_VFT,325658,290,315,-315
07/31/2025 19:15,SPR/DUN-SOUTH,23320,2420.17,4600,-9999
07/31/2025 19:15,TOTAL EAST,23314,2367.69,7550,-9999
07/31/2025 19:15,UPNY CONED,23315,3807.3,7320,-9999
07/31/2025 19:15,WEST CENTRAL,23312,115.54,9999,-9999
07/31/2025 19:20,CENTRAL EAST - VC,23330,1489.24,3150,-9999
07/31/2025 19:20,DYSINGER EAST,23326,682.21,2850,-9999
07/31/2025 19:20,MOSES SOUTH,23319,-645.51,3150,-1600
07/31/2025 19:20,SCH - HQ - NY,23324,-715,1450,-715
07/31/2025 19:20,SCH - HQ_CEDARS,325274,-40,270,-40
07/31/2025 19:20,SCH - HQ_IMPORT_EXPORT,325376,-715,1310,-9999
07/31/2025 19:20,SCH - NE - NY,23318,-495.03,1400,-1600
07/31/2025 19:20,SCH - NPX_1385,325277,-19,125,-125
07/31/2025 19:20,SCH - NPX_CSC,325154,330,330,-330
07/31/2025 19:20,SCH - OH - NY,23317,384.14,2000,-1600
07/31/2025 19:20,SCH - PJ - NY,23316,596.84,2000,-1050
07/31/2025 19:20,SCH - PJM_HTP,325905,530,660,-660
07/31/2025 19:20,SCH - PJM_NEPTUNE,325305,660,660,-660
07/31/2025 19:20,SCH - PJM_VFT,325658,266,315,-315
07/31/2025 19:20,SPR/DUN-SOUTH,23320,2385.91,4600,-9999
07/31/2025 19:20,TOTAL EAST,23314,2353.77,7550,-9999
07/31/2025 19:20,UPNY CONED,23315,3821.38,7320,-9999
07/31/2025 19:20,WEST CENTRAL,23312,141.71,9999,-9999
07/31/2025 19:25,CENTRAL EAST - VC,23330,1504.06,3150,-9999
07/31/2025 19:25,DYSINGER EAST,23326,707.39,2850,-9999
07/31/2025 19:25,MOSES SOUTH,23319,-665.25,3150,-1600
07/31/2025 19:25,SCH - HQ - NY,23324,-715,1450,-715
07/31/2025 19:25,SCH - HQ_CEDARS,325274,-40,270,-40
07/31/2025 19:25,SCH - HQ_IMPORT_EXPORT,325376,-715,1310,-9999
07/31/2025 19:25,SCH - NE - NY,23318,-495.73,1400,-1600
07/31/2025 19:25,SCH - NPX_1385,325277,-19,125,-125
07/31/2025 19:25,SCH - NPX_CSC,325154,330,330,-330
07/31/2025 19:25,SCH - OH - NY,23317,380.92,2000,-1600
07/31/2025 19:25,SCH - PJ - NY,23316,600.39,2000,-1050
07/31/2025 19:25,SCH - PJM_HTP,325905,530,660,-660
07/31/2025 19:25,SCH - PJM_NEPTUNE,325305,660,660,-660
07/31/2025 19:25,SCH - PJM_VFT,325658,266,315,-315
07/31/2025 19:25,SPR/DUN-SOUTH,23320,2356.64,4600,-9999
07/31/2025 19:25,TOTAL EAST,23314,2294.24,7550,-9999
07/31/2025 19:25,UPNY CONED,23315,3797.25,7320,-9999
07/31/2025 19:25,WEST CENTRAL,23312,155.31,9999,-9999
07/31/2025 19:30,CENTRAL EAST - VC,23330,1501.37,3150,-9999
07/31/2025 19:30,DYSINGER EAST,23326,743.08,2850,-9999
07/31/2025 19:30,MOSES SOUTH,23319,-647.01,3150,-1600
07/31/2025 19:30,SCH - HQ - NY,23324,-715,1450,-715
07/31/2025 19:30,SCH - HQ_CEDARS,325274,-40,270,-40
07/31/2025 19:30,SCH - HQ_IMPORT_EXPORT,325376,-715,1310,-9999
07/31/2025 19:30,SCH - NE - NY,23318,-550.97,1400,-1600
07/31/2025 19:30,SCH - NPX_1385,325277,-19,125,-125
07/31/2025 19:30,SCH - NPX_CSC,325154,330,330,-330
07/31/2025 19:30,SCH - OH - NY,23317,385.7,2000,-1600
07/31/2025 19:30,SCH - PJ - NY,23316,601.08,2000,-1050
07/31/2025 19:30,SCH - PJM_HTP,325905,530,660,-660
07/31/2025 19:30,SCH - PJM_NEPTUNE,325305,660,660,-660
07/31/2025 19:30,SCH - PJM_VFT,325658,255,315,-315
07/31/2025 19:30,SPR/DUN-SOUTH,23320,2324.64,4600,-9999
07/31/2025 19:30,TOTAL EAST,23314,2260.78,7550,-9999
07/31/2025 19:30,UPNY CONED,23315,3722.84,7320,-9999
07/31/2025 19:30,WEST CENTRAL,23312,181.5,9999,-9999
07/31/2025 19:35,CENTRAL EAST - VC,23330,1499.55,3150,-9999
07/31/2025 19:35,DYSINGER EAST,23326,720.76,2850,-9999
07/31/2025 19:35,MOSES SOUTH,23319,-665.15,3150,-1600
07/31/2025 19:35,SCH - HQ - NY,23324,-715,1450,-715
07/31/2025 19:35,SCH - HQ_CEDARS,325274,-40,270,-40
07/31/2025 19:35,SCH - HQ_IMPORT_EXPORT,325376,-715,1310,-9999
07/31/2025 19:35,SCH - NE - NY,23318,-600.89,1400,-1600
07/31/2025 19:35,SCH - NPX_1385,325277,-19,125,-125
07/31/2025 19:35,SCH - NPX_CSC,325154,330,330,-330
07/31/2025 19:35,SCH - OH - NY,23317,381.82,2000,-1600
07/31/2025 19:35,SCH - PJ - NY,23316,601.83,2000,-1050
07/31/2025 19:35,SCH - PJM_HTP,325905,530,660,-660
07/31/2025 19:35,SCH - PJM_NEPTUNE,325305,660,660,-660
07/31/2025 19:35,SCH - PJM_VFT,325658,245,315,-315
07/31/2025 19:35,SPR/DUN-SOUTH,23320,2314.71,4600,-9999
07/31/2025 19:35,TOTAL EAST,23314,2249.19,7550,-9999
07/31/2025 19:35,UPNY CONED,23315,3673,7320,-9999
07/31/2025 19:35,WEST CENTRAL,23312,156.83,9999,-9999
07/31/2025 19:40,CENTRAL EAST - VC,23330,1500.8,3150,-9999
07/31/2025 19:40,DYSINGER EAST,23326,728.34,2850,-9999
07/31/2025 19:40,MOSES SOUTH,23319,-672.95,3150,-1600
07/31/2025 19:40,SCH - HQ - NY,23324,-715,1450,-715
07/31/2025 19:40,SCH - HQ_CEDARS,325274,-40,270,-40
07/31/2025 19:40,SCH - HQ_IMPORT_EXPORT,325376,-715,1310,-9999
07/31/2025 19:40,SCH - NE - NY,23318,-600.73,1400,-1600
07/31/2025 19:40,SCH - NPX_1385,325277,-19,125,-125
07/31/2025 19:40,SCH - NPX_CSC,325154,330,330,-330
07/31/2025 19:40,SCH - OH - NY,23317,381.07,2000,-1600
07/31/2025 19:40,SCH - PJ - NY,23316,602.44,2000,-1050
07/31/2025 19:40,SCH - PJM_HTP,325905,530,660,-660
07/31/2025 19:40,SCH - PJM_NEPTUNE,325305,660,660,-660
07/31/2025 19:40,SCH - PJM_VFT,325658,245,315,-315
07/31/2025 19:40,SPR/DUN-SOUTH,23320,2336.83,4600,-9999
07/31/2025 19:40,TOTAL EAST,23314,2227.06,7550,-9999
07/31/2025 19:40,UPNY CONED,23315,3658.63,7320,-9999
07/31/2025 19:40,WEST CENTRAL,23312,161.21,9999,-9999
07/31/2025 19:45,CENTRAL EAST - VC,23330,1439.16,3150,-9999
07/31/2025 19:45,DYSINGER EAST,23326,738.01,2850,-9999
07/31/2025 19:45,MOSES SOUTH,23319,-654.03,3150,-1600
07/31/2025 19:45,SCH - HQ - NY,23324,-715,1450,-715
07/31/2025 19:45,SCH - HQ_CEDARS,325274,-40,270,-40
07/31/2025 19:45,SCH - HQ_IMPORT_EXPORT,325376,-715,1310,-9999
07/31/2025 19:45,SCH - NE - NY,23318,-648.84,1400,-1600
07/31/2025 19:45,SCH - NPX_1385,325277,-19,125,-125
07/31/2025 19:45,SCH - NPX_CSC,325154,330,330,-330
07/31/2025 19:45,SCH - OH - NY,23317,384.09,2000,-1600
07/31/2025 19:45,SCH - PJ - NY,23316,597.79,2000,-1050
07/31/2025 19:45,SCH - PJM_HTP,325905,530,660,-660
07/31/2025 19:45,SCH - PJM_NEPTUNE,325305,660,660,-660
07/31/2025 19:45,SCH - PJM_VFT,325658,280,315,-315
07/31/2025 19:45,SPR/DUN-SOUTH,23320,2242.44,4600,-9999
07/31/2025 19:45,TOTAL EAST,23314,2151.87,7550,-9999
07/31/2025 19:45,UPNY CONED,23315,3533.28,7320,-9999
07/31/2025 19:45,WEST CENTRAL,23312,169.1,9999,-9999
07/31/2025 19:50,CENTRAL EAST - VC,23330,1470.21,3150,-9999
07/31/2025 19:50,DYSINGER EAST,23326,733.87,2850,-9999
07/31/2025 19:50,MOSES SOUTH,23319,-654.25,3150,-1600
07/31/2025 19:50,SCH - HQ - NY,23324,-715,1450,-715
07/31/2025 19:50,SCH - HQ_CEDARS,325274,-40,270,-40
07/31/2025 19:50,SCH - HQ_IMPORT_EXPORT,325376,-715,1310,-9999
07/31/2025 19:50,SCH - NE - NY,23318,-697.71,1400,-1600
07/31/2025 19:50,SCH - NPX_1385,325277,-19,125,-125
07/31/2025 19:50,SCH - NPX_CSC,325154,330,330,-330
07/31/2025 19:50,SCH - OH - NY,23317,383.1,2000,-1600
07/31/2025 19:50,SCH - PJ - NY,23316,599.74,2000,-1050
07/31/2025 19:50,SCH - PJM_HTP,325905,530,660,-660
07/31/2025 19:50,SCH - PJM_NEPTUNE,325305,660,660,-660
07/31/2025 19:50,SCH - PJM_VFT,325658,315,315,-315
07/31/2025 19:50,SPR/DUN-SOUTH,23320,2215.05,4600,-9999
07/31/2025 19:50,TOTAL EAST,23314,2140.84,7550,-9999
07/31/2025 19:50,UPNY CONED,23315,3482.07,7320,-9999
07/31/2025 19:50,WEST CENTRAL,23312,164.96,9999,-9999
07/31/2025 19:55,CENTRAL EAST - VC,23330,1468.27,3150,-9999
07/31/2025 19:55,DYSINGER EAST,23326,770.28,2850,-9999
07/31/2025 19:55,MOSES SOUTH,23319,-635.85,3150,-1600
07/31/2025 19:55,SCH - HQ - NY,23324,-715,1450,-715
07/31/2025 19:55,SCH - HQ_CEDARS,325274,-40,270,-40
07/31/2025 19:55,SCH - HQ_IMPORT_EXPORT,325376,-715,1310,-9999
07/31/2025 19:55,SCH - NE - NY,23318,-697.8,1400,-1600
07/31/2025 19:55,SCH - NPX_1385,325277,-19,125,-125
07/31/2025 19:55,SCH - NPX_CSC,325154,330,330,-330
07/31/2025 19:55,SCH - OH - NY,23317,384.71,2000,-1600
07/31/2025 19:55,SCH - PJ - NY,23316,598.91,2000,-1050
07/31/2025 19:55,SCH - PJM_HTP,325905,530,660,-660
07/31/2025 19:55,SCH - PJM_NEPTUNE,325305,660,660,-660
07/31/2025 19:55,SCH - PJM_VFT,325658,315,315,-315
07/31/2025 19:55,SPR/DUN-SOUTH,23320,2269.03,4600,-9999
07/31/2025 19:55,TOTAL EAST,23314,2182.54,7550,-9999
07/31/2025 19:55,UPNY CONED,23315,3515.99,7320,-9999
07/31/2025 19:55,WEST CENTRAL,23312,199.81,9999,-9999
07/31/2025 20:00,CENTRAL EAST - VC,23330,1537.96,3150,-9999
07/31/2025 20:00,DYSINGER EAST,23326,708.72,2850,-9999
07/31/2025 20:00,MOSES SOUTH,23319,-402.94,3150,-1600
07/31/2025 20:00,SCH - HQ - NY,23324,-495,1450,-275
07/31/2025 20:00,SCH - HQ_CEDARS,325274,-40,270,-40
07/31/2025 20:00,SCH - HQ_IMPORT_EXPORT,325376,-495,1310,-9999
07/31/2025 20:00,SCH - NE - NY,23318,-686.88,1400,-1600
07/31/2025 20:00,SCH - NPX_1385,325277,-37,125,-125
07/31/2025 20:00,SCH - NPX_CSC,325154,330,330,-330
07/31/2025 20:00,SCH - OH - NY,23317,456.42,2000,-1600
07/31/2025 20:00,SCH - PJ - NY,23316,436.84,2000,-1050
07/31/2025 20:00,SCH - PJM_HTP,325905,595,660,-660
07/31/2025 20:00,SCH - PJM_NEPTUNE,325305,660,660,-660
07/31/2025 20:00,SCH - PJM_VFT,325658,315,315,-315
07/31/2025 20:00,SPR/DUN-SOUTH,23320,2196.54,4600,-9999
07/31/2025 20:00,TOTAL EAST,23314,2196.59,7550,-9999
07/31/2025 20:00,UPNY CONED,23315,3528.58,7320,-9999
07/31/2025 20:00,WEST CENTRAL,23312,143.7,9999,-9999
07/31/2025 20:05,CENTRAL EAST - VC,23330,1578.97,3150,-9999
07/31/2025 20:05,DYSINGER EAST,23326,722.58,2850,-9999
07/31/2025 20:05,MOSES SOUTH,23319,-187.16,3150,-1600
07/31/2025 20:05,SCH - HQ - NY,23324,-275,1450,-275
07/31/2025 20:05,SCH - HQ_CEDARS,325274,-40,270,-40
07/31/2025 20:05,SCH - HQ_IMPORT_EXPORT,325376,-275,1310,-9999
07/31/2025 20:05,SCH - NE - NY,23318,-675.88,1400,-1600
07/31/2025 20:05,SCH - NPX_1385,325277,-56,125,-125
07/31/2025 20:05,SCH - NPX_CSC,325154,330,330,-330
07/31/2025 20:05,SCH - OH - NY,23317,526.46,2000,-1600
07/31/2025 20:05,SCH - PJ - NY,23316,257.63,2000,-1050
07/31/2025 20:05,SCH - PJM_HTP,325905,660,660,-660
07/31/2025 20:05,SCH - PJM_NEPTUNE,325305,660,660,-660
07/31/2025 20:05,SCH - PJM_VFT,325658,315,315,-315
07/31/2025 20:05,SPR/DUN-SOUTH,23320,2235.4,4600,-9999
07/31/2025 20:05,TOTAL EAST,23314,2244.14,7550,-9999
07/31/2025 20:05,UPNY CONED,23315,3585.89,7320,-9999
07/31/2025 20:05,WEST CENTRAL,23312,156.27,9999,-9999
07/31/2025 20:10,CENTRAL EAST - VC,23330,1585.16,3150,-9999
07/31/2025 20:10,DYSINGER EAST,23326,809.33,2850,-9999
07/31/2025 20:10,MOSES SOUTH,23319,-232.74,3150,-1600
07/31/2025 20:10,SCH - HQ - NY,23324,-275,1450,-275
07/31/2025 20:10,SCH - HQ_CEDARS,325274,-40,270,-40
07/31/2025 20:10,SCH - HQ_IMPORT_EXPORT,325376,-275,1310,-9999
07/31/2025 20:10,SCH - NE - NY,23318,-675.74,1400,-1600
07/31/2025 20:10,SCH - NPX_1385,325277,-56,125,-125
07/31/2025 20:10,SCH - NPX_CSC,325154,330,330,-330
07/31/2025 20:10,SCH - OH - NY,23317,528.92,2000,-1600
07/31/2025 20:10,SCH - PJ - NY,23316,256.26,2000,-1050
07/31/2025 20:10,SCH - PJM_HTP,325905,660,660,-660
07/31/2025 20:10,SCH - PJM_NEPTUNE,325305,660,660,-660
07/31/2025 20:10,SCH - PJM_VFT,325658,315,315,-315
07/31/2025 20:10,SPR/DUN-SOUTH,23320,2267.1,4600,-9999
07/31/2025 20:10,TOTAL EAST,23314,2217.69,7550,-9999
07/31/2025 20:10,UPNY CONED,23315,3601.8,7320,-9999
07/31/2025 20:10,WEST CENTRAL,23312,241.78,9999,-9999
07/31/2025 20:15,CENTRAL EAST - VC,23330,1572.09,3150,-9999
07/31/2025 20:15,DYSINGER EAST,23326,746.2,2850,-9999
07/31/2025 20:15,MOSES SOUTH,23319,-282.45,3150,-1600
07/31/2025 20:15,SCH - HQ - NY,23324,-275,1450,-275
07/31/2025 20:15,SCH - HQ_CEDARS,325274,-40,270,-40
07/31/2025 20:15,SCH - HQ_IMPORT_EXPORT,325376,-275,1310,-9999
07/31/2025 20:15,SCH - NE - NY,23318,-675.87,1400,-1600
07/31/2025 20:15,SCH - NPX_1385,325277,-56,125,-125
07/31/2025 20:15,SCH - NPX_CSC,325154,330,330,-330
07/31/2025 20:15,SCH - OH - NY,23317,525.64,2000,-1600
07/31/2025 20:15,SCH - PJ - NY,23316,235.95,2000,-1050
07/31/2025 20:15,SCH - PJM_HTP,325905,660,660,-660
07/31/2025 20:15,SCH - PJM_NEPTUNE,325305,660,660,-660
07/31/2025 20:15,SCH - PJM_VFT,325658,315,315,-315
07/31/2025 20:15,SPR/DUN-SOUTH,23320,2239.88,4600,-9999
07/31/2025 20:15,TOTAL EAST,23314,2159.22,7550,-9999
07/31/2025 20:15,UPNY CONED,23315,3567.53,7320,-9999
07/31/2025 20:15,WEST CENTRAL,23312,179.08,9999,-9999
07/31/2025 20:20,CENTRAL EAST - VC,23330,1580.67,3150,-9999
07/31/2025 20:20,DYSINGER EAST,23326,768.9,2850,-9999
07/31/2025 20:20,MOSES SOUTH,23319,-273.77,3150,-1600
07/31/2025 20:20,SCH - HQ - NY,23324,-275,1450,-275
07/31/2025 20:20,SCH - HQ_CEDARS,325274,-40,270,-40
07/31/2025 20:20,SCH - HQ_IMPORT_EXPORT,325376,-275,1310,-9999
07/31/2025 20:20,SCH - NE - NY,23318,-680.64,1400,-1600
07/31/2025 20:20,SCH - NPX_1385,325277,-56,125,-125
07/31/2025 20:20,SCH - NPX_CSC,325154,330,330,-330
07/31/2025 20:20,SCH - OH - NY,23317,522.07,2000,-1600
07/31/2025 20:20,SCH - PJ - NY,23316,224.18,2000,-1050
07/31/2025 20:20,SCH - PJM_HTP,325905,660,660,-660
07/31/2025 20:20,SCH - PJM_NEPTUNE,325305,660,660,-660
07/31/2025 20:20,SCH - PJM_VFT,325658,315,315,-315
07/31/2025 20:20,SPR/DUN-SOUTH,23320,2233.34,4600,-9999
07/31/2025 20:20,TOTAL EAST,23314,2107.69,7550,-9999
07/31/2025 20:20,UPNY CONED,23315,3542.7,7320,-9999
07/31/2025 20:20,WEST CENTRAL,23312,202.33,9999,-9999
07/31/2025 20:25,CENTRAL EAST - VC,23330,1557.49,3150,-9999
07/31/2025 20:25,DYSINGER EAST,23326,753.94,2850,-9999
07/31/2025 20:25,MOSES SOUTH,23319,-299.17,3150,-1600
07/31/2025 20:25,SCH - HQ - NY,23324,-275,1450,-275
07/31/2025 20:25,SCH - HQ_CEDARS,325274,-40,270,-40
07/31/2025 20:25,SCH - HQ_IMPORT_EXPORT,325376,-275,1310,-9999
07/31/2025 20:25,SCH - NE - NY,23318,-680.6,1400,-1600
07/31/2025 20:25,SCH - NPX_1385,325277,-56,125,-125
07/31/2025 20:25,SCH - NPX_CSC,325154,330,330,-330
07/31/2025 20:25,SCH - OH - NY,23317,525.59,2000,-1600
07/31/2025 20:25,SCH - PJ - NY,23316,219.56,2000,-1050
07/31/2025 20:25,SCH - PJM_HTP,325905,660,660,-660
07/31/2025 20:25,SCH - PJM_NEPTUNE,325305,660,660,-660
07/31/2025 20:25,SCH - PJM_VFT,325658,315,315,-315
07/31/2025 20:25,SPR/DUN-SOUTH,23320,2231.64,4600,-9999
07/31/2025 20:25,TOTAL EAST,23314,2111.39,7550,-9999
07/31/2025 20:25,UPNY CONED,23315,3526.41,7320,-9999
07/31/2025 20:25,WEST CENTRAL,23312,186.68,9999,-9999
07/31/2025 20:30,CENTRAL EAST - VC,23330,1573.75,3150,-9999
07/31/2025 20:30,DYSINGER EAST,23326,747.03,2850,-9999
07/31/2025 20:30,MOSES SOUTH,23319,-298.43,3150,-1600
07/31/2025 20:30,SCH - HQ - NY,23324,-275,1450,-275
07/31/2025 20:30,SCH - HQ_CEDARS,325274,-40,270,-40
07/31/2025 20:30,SCH - HQ_IMPORT_EXPORT,325376,-275,1310,-9999
07/31/2025 20:30,SCH - NE - NY,23318,-653.96,1400,-1600
07/31/2025 20:30,SCH - NPX_1385,325277,-56,125,-125
07/31/2025 20:30,SCH - NPX_CSC,325154,330,330,-330
07/31/2025 20:30,SCH - OH - NY,23317,525.61,2000,-1600
07/31/2025 20:30,SCH - PJ - NY,23316,241.23,2000,-1050
07/31/2025 20:30,SCH - PJM_HTP,325905,660,660,-660
07/31/2025 20:30,SCH - PJM_NEPTUNE,325305,660,660,-660
07/31/2025 20:30,SCH - PJM_VFT,325658,315,315,-315
07/31/2025 20:30,SPR/DUN-SOUTH,23320,2234.18,4600,-9999
07/31/2025 20:30,TOTAL EAST,23314,2125.31,7550,-9999
07/31/2025 20:30,UPNY CONED,23315,3572.52,7320,-9999
07/31/2025 20:30,WEST CENTRAL,23312,182.95,9999,-9999
07/31/2025 20:35,CENTRAL EAST - VC,23330,1567.53,3150,-9999
07/31/2025 20:35,DYSINGER EAST,23326,764.56,2850,-9999
07/31/2025 20:35,MOSES SOUTH,23319,-274.52,3150,-1600
07/31/2025 20:35,SCH - HQ - NY,23324,-275,1450,-275
07/31/2025 20:35,SCH - HQ_CEDARS,325274,-40,270,-40
07/31/2025 20:35,SCH - HQ_IMPORT_EXPORT,325376,-275,1310,-9999
07/31/2025 20:35,SCH - NE - NY,23318,-626.91,1400,-1600
07/31/2025 20:35,SCH - NPX_1385,325277,-56,125,-125
07/31/2025 20:35,SCH - NPX_CSC,325154,330,330,-330
07/31/2025 20:35,SCH - OH - NY,23317,520.66,2000,-1600
07/31/2025 20:35,SCH - PJ - NY,23316,265.33,2000,-1050
07/31/2025 20:35,SCH - PJM_HTP,325905,660,660,-660
07/31/2025 20:35,SCH - PJM_NEPTUNE,325305,660,660,-660
07/31/2025 20:35,SCH - PJM_VFT,325658,315,315,-315
07/31/2025 20:35,SPR/DUN-SOUTH,23320,2270.89,4600,-9999
07/31/2025 20:35,TOTAL EAST,23314,2107.34,7550,-9999
07/31/2025 20:35,UPNY CONED,23315,3595.18,7320,-9999
07/31/2025 20:35,WEST CENTRAL,23312,200.06,9999,-9999
07/31/2025 20:40,CENTRAL EAST - VC,23330,1563.74,3150,-9999
07/31/2025 20:40,DYSINGER EAST,23326,764.92,2850,-9999
07/31/2025 20:40,MOSES SOUTH,23319,-282.66,3150,-1600
07/31/2025 20:40,SCH - HQ - NY,23324,-275,1450,-275
07/31/2025 20:40,SCH - HQ_CEDARS,325274,-40,270,-40
07/31/2025 20:40,SCH - HQ_IMPORT_EXPORT,325376,-275,1310,-9999
07/31/2025 20:40,SCH - NE - NY,23318,-627.45,1400,-1600
07/31/2025 20:40,SCH - NPX_1385,325277,-56,125,-125
07/31/2025 20:40,SCH - NPX_CSC,325154,330,330,-330
07/31/2025 20:40,SCH - OH - NY,23317,525.65,2000,-1600
07/31/2025 20:40,SCH - PJ - NY,23316,260.31,2000,-1050
07/31/2025 20:40,SCH - PJM_HTP,325905,660,660,-660
07/31/2025 20:40,SCH - PJM_NEPTUNE,325305,660,660,-660
07/31/2025 20:40,SCH - PJM_VFT,325658,315,315,-315
07/31/2025 20:40,SPR/DUN-SOUTH,23320,2277.76,4600,-9999
07/31/2025 20:40,TOTAL EAST,23314,2087.21,7550,-9999
07/31/2025 20:40,UPNY CONED,23315,3586.42,7320,-9999
07/31/2025 20:40,WEST CENTRAL,23312,199.21,9999,-9999
07/31/2025 20:45,CENTRAL EAST - VC,23330,1514.13,3150,-9999
07/31/2025 20:45,DYSINGER EAST,23326,753.95,2850,-9999
07/31/2025 20:45,MOSES SOUTH,23319,-276.27,3150,-1600
07/31/2025 20:45,SCH - HQ - NY,23324,-275,1450,-275
07/31/2025 20:45,SCH - HQ_CEDARS,325274,-40,270,-40
07/31/2025 20:45,SCH - HQ_IMPORT_EXPORT,325376,-275,1310,-9999
07/31/2025 20:45,SCH - NE - NY,23318,-621.73,1400,-1600
07/31/2025 20:45,SCH - NPX_1385,325277,-56,125,-125
07/31/2025 20:45,SCH - NPX_CSC,325154,330,330,-330
07/31/2025 20:45,SCH - OH - NY,23317,525.67,2000,-1600
07/31/2025 20:45,SCH - PJ - NY,23316,257.18,2000,-1050
07/31/2025 20:45,SCH - PJM_HTP,325905,660,660,-660
07/31/2025 20:45,SCH - PJM_NEPTUNE,325305,660,660,-660
07/31/2025 20:45,SCH - PJM_VFT,325658,315,315,-315
07/31/2025 20:45,SPR/DUN-SOUTH,23320,2272.05,4600,-9999
07/31/2025 20:45,TOTAL EAST,23314,2030.66,7550,-9999
07/31/2025 20:45,UPNY CONED,23315,3552.52,7320,-9999
07/31/2025 20:45,WEST CENTRAL,23312,184.59,9999,-9999
07/31/2025 20:50,CENTRAL EAST - VC,23330,1455.86,3150,-9999
07/31/2025 20:50,DYSINGER EAST,23326,706.36,2850,-9999
07/31/2025 20:50,MOSES SOUTH,23319,-282.55,3150,-1600
07/31/2025 20:50,SCH - HQ - NY,23324,-275,1450,-275
07/31/2025 20:50,SCH - HQ_CEDARS,325274,-40,270,-40
07/31/2025 20:50,SCH - HQ_IMPORT_EXPORT,325376,-275,1310,-9999
07/31/2025 20:50,SCH - NE - NY,23318,-616.11,1400,-1600
07/31/2025 20:50,SCH - NPX_1385,325277,-56,125,-125
07/31/2025 20:50,SCH - NPX_CSC,325154,330,330,-330
07/31/2025 20:50,SCH - OH - NY,23317,525.68,2000,-1600
07/31/2025 20:50,SCH - PJ - NY,23316,257.47,2000,-1050
07/31/2025 20:50,SCH - PJM_HTP,325905,660,660,-660
07/31/2025 20:50,SCH - PJM_NEPTUNE,325305,660,660,-660
07/31/2025 20:50,SCH - PJM_VFT,325658,315,315,-315
07/31/2025 20:50,SPR/DUN-SOUTH,23320,2210.37,4600,-9999
07/31/2025 20:50,TOTAL EAST,23314,1965.89,7550,-9999
07/31/2025 20:50,UPNY CONED,23315,3467.46,7320,-9999
07/31/2025 20:50,WEST CENTRAL,23312,133.84,9999,-9999
07/31/2025 20:55,CENTRAL EAST - VC,23330,1498.96,3065,-9999
07/31/2025 20:55,DYSINGER EAST,23326,781.49,2850,-9999
07/31/2025 20:55,MOSES SOUTH,23319,-282.64,3150,-1600
07/31/2025 20:55,SCH - HQ - NY,23324,-275,1450,-275
07/31/2025 20:55,SCH - HQ_CEDARS,325274,-40,270,-40
07/31/2025 20:55,SCH - HQ_IMPORT_EXPORT,325376,-275,1310,-9999
07/31/2025 20:55,SCH - NE - NY,23318,-616.86,1400,-1600
07/31/2025 20:55,SCH - NPX_1385,325277,-56,125,-125
07/31/2025 20:55,SCH - NPX_CSC,325154,330,330,-330
07/31/2025 20:55,SCH - OH - NY,23317,525.66,2000,-1600
07/31/2025 20:55,SCH - PJ - NY,23316,260.88,2000,-1050
07/31/2025 20:55,SCH - PJM_HTP,325905,660,660,-660
07/31/2025 20:55,SCH - PJM_NEPTUNE,325305,660,660,-660
07/31/2025 20:55,SCH - PJM_VFT,325658,315,315,-315
07/31/2025 20:55,SPR/DUN-SOUTH,23320,2274.96,4600,-9999
07/31/2025 20:55,TOTAL EAST,23314,1993.96,7550,-9999
07/31/2025 20:55,UPNY CONED,23315,3505.59,7320,-9999
07/31/2025 20:55,WEST CENTRAL,23312,203.39,9999,-9999
07/31/2025 21:00,CENTRAL EAST - VC,23330,1541.19,3065,-9999
07/31/2025 21:00,DYSINGER EAST,23326,898.41,2850,-9999
07/31/2025 21:00,MOSES SOUTH,23319,-349.78,3150,-1600
07/31/2025 21:00,SCH - HQ - NY,23324,-275,1450,-275
07/31/2025 21:00,SCH - HQ_CEDARS,325274,-40,270,-40
07/31/2025 21:00,SCH - HQ_IMPORT_EXPORT,325376,-275,1310,-9999
07/31/2025 21:00,SCH - NE - NY,23318,-651.64,1400,-1600
07/31/2025 21:00,SCH - NPX_1385,325277,-48,125,-125
07/31/2025 21:00,SCH - NPX_CSC,325154,330,330,-330
07/31/2025 21:00,SCH - OH - NY,23317,694.58,2000,-1600
07/31/2025 21:00,SCH - PJ - NY,23316,467.55,2000,-1050
07/31/2025 21:00,SCH - PJM_HTP,325905,660,660,-660
07/31/2025 21:00,SCH - PJM_NEPTUNE,325305,660,660,-660
07/31/2025 21:00,SCH - PJM_VFT,325658,315,315,-315
07/31/2025 21:00,SPR/DUN-SOUTH,23320,2354.77,4600,-9999
07/31/2025 21:00,TOTAL EAST,23314,2162.72,7550,-9999
07/31/2025 21:00,UPNY CONED,23315,3646.82,7320,-9999
07/31/2025 21:00,WEST CENTRAL,23312,320.19,9999,-9999
07/31/2025 21:05,CENTRAL EAST - VC,23330,1586.04,3065,-9999
07/31/2025 21:05,DYSINGER EAST,23326,816.75,2850,-9999
07/31/2025 21:05,MOSES SOUTH,23319,-149.21,3150,-1600
07/31/2025 21:05,SCH - HQ - NY,23324,-275,1450,-275
07/31/2025 21:05,SCH - HQ_CEDARS,325274,-40,270,-40
07/31/2025 21:05,SCH - HQ_IMPORT_EXPORT,325376,-275,1310,-9999
07/31/2025 21:05,SCH - NE - NY,23318,-683.52,1400,-1600
07/31/2025 21:05,SCH - NPX_1385,325277,-40,125,-125
07/31/2025 21:05,SCH - NPX_CSC,325154,330,330,-330
07/31/2025 21:05,SCH - OH - NY,23317,859.73,2000,-1600
07/31/2025 21:05,SCH - PJ - NY,23316,675.86,2000,-1050
07/31/2025 21:05,SCH - PJM_HTP,325905,660,660,-660
07/31/2025 21:05,SCH - PJM_NEPTUNE,325305,660,660,-660
07/31/2025 21:05,SCH - PJM_VFT,325658,315,315,-315
07/31/2025 21:05,SPR/DUN-SOUTH,23320,2397.9,4600,-9999
07/31/2025 21:05,TOTAL EAST,23314,2239.05,7550,-9999
07/31/2025 21:05,UPNY CONED,23315,3684.81,7320,-9999
07/31/2025 21:05,WEST CENTRAL,23312,242.56,9999,-9999
07/31/2025 21:10,CENTRAL EAST - VC,23330,1521.73,3065,-9999
07/31/2025 21:10,DYSINGER EAST,23326,709.92,2850,-9999
07/31/2025 21:10,MOSES SOUTH,23319,-119.65,3150,-1600
07/31/2025 21:10,SCH - HQ - NY,23324,-275,1450,-275
07/31/2025 21:10,SCH - HQ_CEDARS,325274,-40,270,-40
07/31/2025 21:10,SCH - HQ_IMPORT_EXPORT,325376,-275,1310,-9999
07/31/2025 21:10,SCH - NE - NY,23318,-681.51,1400,-1600
07/31/2025 21:10,SCH - NPX_1385,325277,-40,125,-125
07/31/2025 21:10,SCH - NPX_CSC,325154,330,330,-330
07/31/2025 21:10,SCH - OH - NY,23317,864.06,2000,-1600
07/31/2025 21:10,SCH - PJ - NY,23316,667.59,2000,-1050
07/31/2025 21:10,SCH - PJM_HTP,325905,660,660,-660
07/31/2025 21:10,SCH - PJM_NEPTUNE,325305,660,660,-660
07/31/2025 21:10,SCH - PJM_VFT,325658,315,315,-315
07/31/2025 21:10,SPR/DUN-SOUTH,23320,2362.68,4600,-9999
07/31/2025 21:10,TOTAL EAST,23314,2215.8,7550,-9999
07/31/2025 21:10,UPNY CONED,23315,3646.55,7320,-9999
07/31/2025 21:10,WEST CENTRAL,23312,145.51,9999,-9999
07/31/2025 21:15,CENTRAL EAST - VC,23330,1561.34,3065,-9999
07/31/2025 21:15,DYSINGER EAST,23326,696.12,2850,-9999
07/31/2025 21:15,MOSES SOUTH,23319,-67.9,3150,-1600
07/31/2025 21:15,SCH - HQ - NY,23324,-275,1450,-275
07/31/2025 21:15,SCH - HQ_CEDARS,325274,-40,270,-40
07/31/2025 21:15,SCH - HQ_IMPORT_EXPORT,325376,-275,1310,-9999
07/31/2025 21:15,SCH - NE - NY,23318,-637.4,1400,-1600
07/31/2025 21:15,SCH - NPX_1385,325277,-40,125,-125
07/31/2025 21:15,SCH - NPX_CSC,325154,330,330,-330
07/31/2025 21:15,SCH - OH - NY,23317,863.07,2000,-1600
07/31/2025 21:15,SCH - PJ - NY,23316,718.62,2000,-1050
07/31/2025 21:15,SCH - PJM_HTP,325905,660,660,-660
07/31/2025 21:15,SCH - PJM_NEPTUNE,325305,660,660,-660
07/31/2025 21:15,SCH - PJM_VFT,325658,315,315,-315
07/31/2025 21:15,SPR/DUN-SOUTH,23320,2339.09,4600,-9999
07/31/2025 21:15,TOTAL EAST,23314,2424.28,7550,-9999
07/31/2025 21:15,UPNY CONED,23315,3633.15,7320,-9999
07/31/2025 21:15,WEST CENTRAL,23312,135.2,9999,-9999
07/31/2025 21:20,CENTRAL EAST - VC,23330,1642.91,3065,-9999
07/31/2025 21:20,DYSINGER EAST,23326,694.15,2850,-9999
07/31/2025 21:20,MOSES SOUTH,23319,-72.93,3150,-1600
07/31/2025 21:20,SCH - HQ - NY,23324,-275,1450,-275
07/31/2025 21:20,SCH - HQ_CEDARS,325274,-40,270,-40
07/31/2025 21:20,SCH - HQ_IMPORT_EXPORT,325376,-275,1310,-9999
07/31/2025 21:20,SCH - NE - NY,23318,-593.61,1400,-1600
07/31/2025 21:20,SCH - NPX_1385,325277,-40,125,-125
07/31/2025 21:20,SCH - NPX_CSC,325154,330,330,-330
07/31/2025 21:20,SCH - OH - NY,23317,860.56,2000,-1600
07/31/2025 21:20,SCH - PJ - NY,23316,769,2000,-1050
07/31/2025 21:20,SCH - PJM_HTP,325905,660,660,-660
07/31/2025 21:20,SCH - PJM_NEPTUNE,325305,660,660,-660
07/31/2025 21:20,SCH - PJM_VFT,325658,315,315,-315
07/31/2025 21:20,SPR/DUN-SOUTH,23320,2402.83,4600,-9999
07/31/2025 21:20,TOTAL EAST,23314,2486.12,7550,-9999
07/31/2025 21:20,UPNY CONED,23315,3674.1,7320,-9999
07/31/2025 21:20,WEST CENTRAL,23312,134.75,9999,-9999
07/31/2025 21:25,CENTRAL EAST - VC,23330,1719.04,3065,-9999
07/31/2025 21:25,DYSINGER EAST,23326,691.97,2850,-9999
07/31/2025 21:25,MOSES SOUTH,23319,-74.07,3150,-1600
07/31/2025 21:25,SCH - HQ - NY,23324,-275,1450,-275
07/31/2025 21:25,SCH - HQ_CEDARS,325274,-40,270,-40
07/31/2025 21:25,SCH - HQ_IMPORT_EXPORT,325376,-275,1310,-9999
07/31/2025 21:25,SCH - NE - NY,23318,-593.63,1400,-1600
07/31/2025 21:25,SCH - NPX_1385,325277,-40,125,-125
07/31/2025 21:25,SCH - NPX_CSC,325154,330,330,-330
07/31/2025 21:25,SCH - OH - NY,23317,864.09,2000,-1600
07/31/2025 21:25,SCH - PJ - NY,23316,767.62,2000,-1050
07/31/2025 21:25,SCH - PJM_HTP,325905,660,660,-660
07/31/2025 21:25,SCH - PJM_NEPTUNE,325305,660,660,-660
07/31/2025 21:25,SCH - PJM_VFT,325658,315,315,-315
07/31/2025 21:25,SPR/DUN-SOUTH,23320,2441.26,4600,-9999
07/31/2025 21:25,TOTAL EAST,23314,2560.71,7550,-9999
07/31/2025 21:25,UPNY CONED,23315,3698.91,7320,-9999
07/31/2025 21:25,WEST CENTRAL,23312,134.35,9999,-9999
07/31/2025 21:30,CENTRAL EAST - VC,23330,1630.49,3065,-9999
07/31/2025 21:30,DYSINGER EAST,23326,640.78,2850,-9999
07/31/2025 21:30,MOSES SOUTH,23319,-59.21,3150,-1600
07/31/2025 21:30,SCH - HQ - NY,23324,-275,1450,-275
07/31/2025 21:30,SCH - HQ_CEDARS,325274,-40,270,-40
07/31/2025 21:30,SCH - HQ_IMPORT_EXPORT,325376,-275,1310,-9999
07/31/2025 21:30,SCH - NE - NY,23318,-560.67,1400,-1600
07/31/2025 21:30,SCH - NPX_1385,325277,-40,125,-125
07/31/2025 21:30,SCH - NPX_CSC,325154,330,330,-330
07/31/2025 21:30,SCH - OH - NY,23317,864.08,2000,-1600
07/31/2025 21:30,SCH - PJ - NY,23316,668.3,2000,-1050
07/31/2025 21:30,SCH - PJM_HTP,325905,660,660,-660
07/31/2025 21:30,SCH - PJM_NEPTUNE,325305,660,660,-660
07/31/2025 21:30,SCH - PJM_VFT,325658,315,315,-315
07/31/2025 21:30,SPR/DUN-SOUTH,23320,2351.88,4600,-9999
07/31/2025 21:30,TOTAL EAST,23314,2531.76,7550,-9999
07/31/2025 21:30,UPNY CONED,23315,3678.19,7320,-9999
07/31/2025 21:30,WEST CENTRAL,23312,90.15,9999,-9999
07/31/2025 21:35,CENTRAL EAST - VC,23330,1553.24,3065,-9999
07/31/2025 21:35,DYSINGER EAST,23326,619.82,2850,-9999
07/31/2025 21:35,MOSES SOUTH,23319,-63.02,3150,-1600
07/31/2025 21:35,SCH - HQ - NY,23324,-275,1450,-275
07/31/2025 21:35,SCH - HQ_CEDARS,325274,-40,270,-40
07/31/2025 21:35,SCH - HQ_IMPORT_EXPORT,325376,-275,1310,-9999
07/31/2025 21:35,SCH - NE - NY,23318,-528.68,1400,-1600
07/31/2025 21:35,SCH - NPX_1385,325277,-40,125,-125
07/31/2025 21:35,SCH - NPX_CSC,325154,330,330,-330
07/31/2025 21:35,SCH - OH - NY,23317,864.07,2000,-1600
07/31/2025 21:35,SCH - PJ - NY,23316,568.12,2000,-1050
07/31/2025 21:35,SCH - PJM_HTP,325905,660,660,-660
07/31/2025 21:35,SCH - PJM_NEPTUNE,325305,660,660,-660
07/31/2025 21:35,SCH - PJM_VFT,325658,315,315,-315
07/31/2025 21:35,SPR/DUN-SOUTH,23320,2372.89,4600,-9999
07/31/2025 21:35,TOTAL EAST,23314,2456.54,7550,-9999
07/31/2025 21:35,UPNY CONED,23315,3688.71,7320,-9999
07/31/2025 21:35,WEST CENTRAL,23312,76.45,9999,-9999
07/31/2025 21:40,CENTRAL EAST - VC,23330,1559.45,3065,-9999
07/31/2025 21:40,DYSINGER EAST,23326,606.83,2850,-9999
07/31/2025 21:40,MOSES SOUTH,23319,-51.3,3150,-1600
07/31/2025 21:40,SCH - HQ - NY,23324,-275,1450,-275
07/31/2025 21:40,SCH - HQ_CEDARS,325274,-40,270,-40
07/31/2025 21:40,SCH - HQ_IMPORT_EXPORT,325376,-275,1310,-9999
07/31/2025 21:40,SCH - NE - NY,23318,-528.77,1400,-1600
07/31/2025 21:40,SCH - NPX_1385,325277,-40,125,-125
07/31/2025 21:40,SCH - NPX_CSC,325154,330,330,-330
07/31/2025 21:40,SCH - OH - NY,23317,864.08,2000,-1600
07/31/2025 21:40,SCH - PJ - NY,23316,570.41,2000,-1050
07/31/2025 21:40,SCH - PJM_HTP,325905,660,660,-660
07/31/2025 21:40,SCH - PJM_NEPTUNE,325305,660,660,-660
07/31/2025 21:40,SCH - PJM_VFT,325658,315,315,-315
07/31/2025 21:40,SPR/DUN-SOUTH,23320,2361.64,4600,-9999
07/31/2025 21:40,TOTAL EAST,23314,2430.61,7550,-9999
07/31/2025 21:40,UPNY CONED,23315,3655.89,7320,-9999
07/31/2025 21:40,WEST CENTRAL,23312,69.62,9999,-9999
07/31/2025 21:45,CENTRAL EAST - VC,23330,1590.64,3065,-9999
07/31/2025 21:45,DYSINGER EAST,23326,623.78,2850,-9999
07/31/2025 21:45,MOSES SOUTH,23319,-57.82,3150,-1600
07/31/2025 21:45,SCH - HQ - NY,23324,-275,1450,-275
07/31/2025 21:45,SCH - HQ_CEDARS,325274,-40,270,-40
07/31/2025 21:45,SCH - HQ_IMPORT_EXPORT,325376,-275,1310,-9999
07/31/2025 21:45,SCH - NE - NY,23318,-612.64,1400,-1600
07/31/2025 21:45,SCH - NPX_1385,325277,-40,125,-125
07/31/2025 21:45,SCH - NPX_CSC,325154,330,330,-330
07/31/2025 21:45,SCH - OH - NY,23317,864.06,2000,-1600
07/31/2025 21:45,SCH - PJ - NY,23316,609.08,2000,-1050
07/31/2025 21:45,SCH - PJM_HTP,325905,611,660,-660
07/31/2025 21:45,SCH - PJM_NEPTUNE,325305,660,660,-660
07/31/2025 21:45,SCH - PJM_VFT,325658,315,315,-315
07/31/2025 21:45,SPR/DUN-SOUTH,23320,2366.92,4600,-9999
07/31/2025 21:45,TOTAL EAST,23314,2492.31,7550,-9999
07/31/2025 21:45,UPNY CONED,23315,3678.09,7320,-9999
07/31/2025 21:45,WEST CENTRAL,23312,91.18,9999,-9999
07/31/2025 21:50,CENTRAL EAST - VC,23330,1638.15,3065,-9999
07/31/2025 21:50,DYSINGER EAST,23326,666.36,2850,-9999
07/31/2025 21:50,MOSES SOUTH,23319,-62.74,3150,-1600
07/31/2025 21:50,SCH - HQ - NY,23324,-275,1450,-275
07/31/2025 21:50,SCH - HQ_CEDARS,325274,-40,270,-40
07/31/2025 21:50,SCH - HQ_IMPORT_EXPORT,325376,-275,1310,-9999
07/31/2025 21:50,SCH - NE - NY,23318,-696.48,1400,-1600
07/31/2025 21:50,SCH - NPX_1385,325277,-40,125,-125
07/31/2025 21:50,SCH - NPX_CSC,325154,330,330,-330
07/31/2025 21:50,SCH - OH - NY,23317,860.9,2000,-1600
07/31/2025 21:50,SCH - PJ - NY,23316,656.56,2000,-1050
07/31/2025 21:50,SCH - PJM_HTP,325905,562,660,-660
07/31/2025 21:50,SCH - PJM_NEPTUNE,325305,660,660,-660
07/31/2025 21:50,SCH - PJM_VFT,325658,315,315,-315
07/31/2025 21:50,SPR/DUN-SOUTH,23320,2323.75,4600,-9999
07/31/2025 21:50,TOTAL EAST,23314,2530.96,7550,-9999
07/31/2025 21:50,UPNY CONED,23315,3679.87,7320,-9999
07/31/2025 21:50,WEST CENTRAL,23312,139.04,9999,-9999
07/31/2025 21:55,CENTRAL EAST - VC,23330,1504.92,3065,-9999
07/31/2025 21:55,DYSINGER EAST,23326,491.9,2850,-9999
07/31/2025 21:55,MOSES SOUTH,23319,-75.07,3150,-1600
07/31/2025 21:55,SCH - HQ - NY,23324,-275,1450,-275
07/31/2025 21:55,SCH - HQ_CEDARS,325274,-40,270,-40
07/31/2025 21:55,SCH - HQ_IMPORT_EXPORT,325376,-275,1310,-9999
07/31/2025 21:55,SCH - NE - NY,23318,-696.39,1400,-1600
07/31/2025 21:55,SCH - NPX_1385,325277,-40,125,-125
07/31/2025 21:55,SCH - NPX_CSC,325154,330,330,-330
07/31/2025 21:55,SCH - OH - NY,23317,864.13,2000,-1600
07/31/2025 21:55,SCH - PJ - NY,23316,650.55,2000,-1050
07/31/2025 21:55,SCH - PJM_HTP,325905,562,660,-660
07/31/2025 21:55,SCH - PJM_NEPTUNE,325305,660,660,-660
07/31/2025 21:55,SCH - PJM_VFT,325658,315,315,-315
07/31/2025 21:55,SPR/DUN-SOUTH,23320,2282.82,4600,-9999
07/31/2025 21:55,TOTAL EAST,23314,2410.67,7550,-9999
07/31/2025 21:55,UPNY CONED,23315,3669.6,7320,-9999
07/31/2025 21:55,WEST CENTRAL,23312,-26.9,9999,-9999
07/31/2025 22:00,CENTRAL EAST - VC,23330,1457.32,3065,-9999
07/31/2025 22:00,DYSINGER EAST,23326,479.59,2850,-9999
07/31/2025 22:00,MOSES SOUTH,23319,-123.53,3150,-1600
07/31/2025 22:00,SCH - HQ - NY,23324,-275,1450,-275
07/31/2025 22:00,SCH - HQ_CEDARS,325274,-40,270,-40
07/31/2025 22:00,SCH - HQ_IMPORT_EXPORT,325376,-275,1310,-9999
07/31/2025 22:00,SCH - NE - NY,23318,-721.33,1400,-1600
07/31/2025 22:00,SCH - NPX_1385,325277,16,125,-125
07/31/2025 22:00,SCH - NPX_CSC,325154,330,330,-330
07/31/2025 22:00,SCH - OH - NY,23317,1012.14,2000,-1600
07/31/2025 22:00,SCH - PJ - NY,23316,606.06,2000,-1050
07/31/2025 22:00,SCH - PJM_HTP,325905,611,660,-660
07/31/2025 22:00,SCH - PJM_NEPTUNE,325305,660,660,-660
07/31/2025 22:00,SCH - PJM_VFT,325658,315,315,-315
07/31/2025 22:00,SPR/DUN-SOUTH,23320,2191.07,4600,-9999
07/31/2025 22:00,TOTAL EAST,23314,2294.47,7550,-9999
07/31/2025 22:00,UPNY CONED,23315,3578.94,7320,-9999
07/31/2025 22:00,WEST CENTRAL,23312,-30.06,9999,-9999
07/31/2025 22:05,CENTRAL EAST - VC,23330,1541.84,3065,-9999
07/31/2025 22:05,DYSINGER EAST,23326,651.48,2850,-9999
07/31/2025 22:05,MOSES SOUTH,23319,-141.67,3150,-1600
07/31/2025 22:05,SCH - HQ - NY,23324,-275,1450,-275
07/31/2025 22:05,SCH - HQ_CEDARS,325274,-40,270,-40
07/31/2025 22:05,SCH - HQ_IMPORT_EXPORT,325376,-275,1310,-9999
07/31/2025 22:05,SCH - NE - NY,23318,-747.25,1400,-1600
07/31/2025 22:05,SCH - NPX_1385,325277,71,125,-125
07/31/2025 22:05,SCH - NPX_CSC,325154,330,330,-330
07/31/2025 22:05,SCH - OH - NY,23317,1160.12,2000,-1600
07/31/2025 22:05,SCH - PJ - NY,23316,562.64,2000,-1050
07/31/2025 22:05,SCH - PJM_HTP,325905,660,660,-660
07/31/2025 22:05,SCH - PJM_NEPTUNE,325305,660,660,-660
07/31/2025 22:05,SCH - PJM_VFT,325658,315,315,-315
07/31/2025 22:05,SPR/DUN-SOUTH,23320,2234.09,4600,-9999
07/31/2025 22:05,TOTAL EAST,23314,2426.61,7550,-9999
07/31/2025 22:05,UPNY CONED,23315,3570.82,7320,-9999
07/31/2025 22:05,WEST CENTRAL,23312,144.7,9999,-9999
07/31/2025 22:10,CENTRAL EAST - VC,23330,1616.52,3065,-9999
07/31/2025 22:10,DYSINGER EAST,23326,686.05,2850,-9999
07/31/2025 22:10,MOSES SOUTH,23319,-107.43,3150,-1600
07/31/2025 22:10,SCH - HQ - NY,23324,-275,1450,-275
07/31/2025 22:10,SCH - HQ_CEDARS,325274,-40,270,-40
07/31/2025 22:10,SCH - HQ_IMPORT_EXPORT,325376,-275,1310,-9999
07/31/2025 22:10,SCH - NE - NY,23318,-748.65,1400,-1600
07/31/2025 22:10,SCH - NPX_1385,325277,71,125,-125
07/31/2025 22:10,SCH - NPX_CSC,325154,330,330,-330
07/31/2025 22:10,SCH - OH - NY,23317,1156.74,2000,-1600
07/31/2025 22:10,SCH - PJ - NY,23316,563.5,2000,-1050
07/31/2025 22:10,SCH - PJM_HTP,325905,660,660,-660
07/31/2025 22:10,SCH - PJM_NEPTUNE,325305,660,660,-660
07/31/2025 22:10,SCH - PJM_VFT,325658,315,315,-315
07/31/2025 22:10,SPR/DUN-SOUTH,23320,2194.49,4600,-9999
07/31/2025 22:10,TOTAL EAST,23314,2442.52,7550,-9999
07/31/2025 22:10,UPNY CONED,23315,3548.85,7320,-9999
07/31/2025 22:10,WEST CENTRAL,23312,183.62,9999,-9999
07/31/2025 22:15,CENTRAL EAST - VC,23330,1681.44,3065,-9999
07/31/2025 22:15,DYSINGER EAST,23326,650.19,2850,-9999
07/31/2025 22:15,MOSES SOUTH,23319,-102.96,3150,-1600
07/31/2025 22:15,SCH - HQ - NY,23324,-275,1450,-275
07/31/2025 22:15,SCH - HQ_CEDARS,325274,-40,270,-40
07/31/2025 22:15,SCH - HQ_IMPORT_EXPORT,325376,-275,1310,-9999
07/31/2025 22:15,SCH - NE - NY,23318,-748.65,1400,-1600
07/31/2025 22:15,SCH - NPX_1385,325277,71,125,-125
07/31/2025 22:15,SCH - NPX_CSC,325154,330,330,-330
07/31/2025 22:15,SCH - OH - NY,23317,1160.06,2000,-1600
07/31/2025 22:15,SCH - PJ - NY,23316,560.58,2000,-1050
07/31/2025 22:15,SCH - PJM_HTP,325905,660,660,-660
07/31/2025 22:15,SCH - PJM_NEPTUNE,325305,660,660,-660
07/31/2025 22:15,SCH - PJM_VFT,325658,315,315,-315
07/31/2025 22:15,SPR/DUN-SOUTH,23320,2229.5,4600,-9999
07/31/2025 22:15,TOTAL EAST,23314,2480.94,7550,-9999
07/31/2025 22:15,UPNY CONED,23315,3588.11,7320,-9999
07/31/2025 22:15,WEST CENTRAL,23312,155.43,9999,-9999
07/31/2025 22:20,CENTRAL EAST - VC,23330,1660.74,3065,-9999
07/31/2025 22:20,DYSINGER EAST,23326,643.63,2850,-9999
07/31/2025 22:20,MOSES SOUTH,23319,-75.74,3150,-1600
07/31/2025 22:20,SCH - HQ - NY,23324,-275,1450,-275
07/31/2025 22:20,SCH - HQ_CEDARS,325274,-40,270,-40
07/31/2025 22:20,SCH - HQ_IMPORT_EXPORT,325376,-275,1310,-9999
07/31/2025 22:20,SCH - NE - NY,23318,-748.58,1400,-1600
07/31/2025 22:20,SCH - NPX_1385,325277,71,125,-125
07/31/2025 22:20,SCH - NPX_CSC,325154,330,330,-330
07/31/2025 22:20,SCH - OH - NY,23317,1158.77,2000,-1600
07/31/2025 22:20,SCH - PJ - NY,23316,560.18,2000,-1050
07/31/2025 22:20,SCH - PJM_HTP,325905,660,660,-660
07/31/2025 22:20,SCH - PJM_NEPTUNE,325305,660,660,-660
07/31/2025 22:20,SCH - PJM_VFT,325658,315,315,-315
07/31/2025 22:20,SPR/DUN-SOUTH,23320,2266.84,4600,-9999
07/31/2025 22:20,TOTAL EAST,23314,2514.13,7550,-9999
07/31/2025 22:20,UPNY CONED,23315,3631.4,7320,-9999
07/31/2025 22:20,WEST CENTRAL,23312,157.9,9999,-9999
07/31/2025 22:25,CENTRAL EAST - VC,23330,1697.01,3065,-9999
07/31/2025 22:25,DYSINGER EAST,23326,599.57,2850,-9999
07/31/2025 22:25,MOSES SOUTH,23319,-44.39,3150,-1600
07/31/2025 22:25,SCH - HQ - NY,23324,-275,1450,-275
07/31/2025 22:25,SCH - HQ_CEDARS,325274,-40,270,-40
07/31/2025 22:25,SCH - HQ_IMPORT_EXPORT,325376,-275,1310,-9999
07/31/2025 22:25,SCH - NE - NY,23318,-748.61,1400,-1600
07/31/2025 22:25,SCH - NPX_1385,325277,71,125,-125
07/31/2025 22:25,SCH - NPX_CSC,325154,330,330,-330
07/31/2025 22:25,SCH - OH - NY,23317,1155.29,2000,-1600
07/31/2025 22:25,SCH - PJ - NY,23316,564.68,2000,-1050
07/31/2025 22:25,SCH - PJM_HTP,325905,660,660,-660
07/31/2025 22:25,SCH - PJM_NEPTUNE,325305,660,660,-660
07/31/2025 22:25,SCH - PJM_VFT,325658,315,315,-315
07/31/2025 22:25,SPR/DUN-SOUTH,23320,2338.78,4600,-9999
07/31/2025 22:25,TOTAL EAST,23314,2570.39,7550,-9999
07/31/2025 22:25,UPNY CONED,23315,3686.45,7320,-9999
07/31/2025 22:25,WEST CENTRAL,23312,119.58,9999,-9999
07/31/2025 22:30,CENTRAL EAST - VC,23330,1728.99,3065,-9999
07/31/2025 22:30,DYSINGER EAST,23326,609.73,2850,-9999
07/31/2025 22:30,MOSES SOUTH,23319,-49.94,3150,-1600
07/31/2025 22:30,SCH - HQ - NY,23324,-275,1450,-275
07/31/2025 22:30,SCH - HQ_CEDARS,325274,-40,270,-40
07/31/2025 22:30,SCH - HQ_IMPORT_EXPORT,325376,-275,1310,-9999
07/31/2025 22:30,SCH - NE - NY,23318,-748.76,1400,-1600
07/31/2025 22:30,SCH - NPX_1385,325277,71,125,-125
07/31/2025 22:30,SCH - NPX_CSC,325154,330,330,-330
07/31/2025 22:30,SCH - OH - NY,23317,1160.12,2000,-1600
07/31/2025 22:30,SCH - PJ - NY,23316,560.55,2000,-1050
07/31/2025 22:30,SCH - PJM_HTP,325905,660,660,-660
07/31/2025 22:30,SCH - PJM_NEPTUNE,325305,660,660,-660
07/31/2025 22:30,SCH - PJM_VFT,325658,315,315,-315
07/31/2025 22:30,SPR/DUN-SOUTH,23320,2362.52,4600,-9999
07/31/2025 22:30,TOTAL EAST,23314,2602.66,7550,-9999
07/31/2025 22:30,UPNY CONED,23315,3735.13,7320,-9999
07/31/2025 22:30,WEST CENTRAL,23312,136.43,9999,-9999
07/31/2025 22:35,CENTRAL EAST - VC,23330,1761.25,3065,-9999
07/31/2025 22:35,DYSINGER EAST,23326,625.4,2850,-9999
07/31/2025 22:35,MOSES SOUTH,23319,-49.16,3150,-1600
07/31/2025 22:35,SCH - HQ - NY,23324,-275,1450,-275
07/31/2025 22:35,SCH - HQ_CEDARS,325274,-40,270,-40
07/31/2025 22:35,SCH - HQ_IMPORT_EXPORT,325376,-275,1310,-9999
07/31/2025 22:35,SCH - NE - NY,23318,-748.76,1400,-1600
07/31/2025 22:35,SCH - NPX_1385,325277,71,125,-125
07/31/2025 22:35,SCH - NPX_CSC,325154,330,330,-330
07/31/2025 22:35,SCH - OH - NY,23317,1160.11,2000,-1600
07/31/2025 22:35,SCH - PJ - NY,23316,560.56,2000,-1050
07/31/2025 22:35,SCH - PJM_HTP,325905,660,660,-660
07/31/2025 22:35,SCH - PJM_NEPTUNE,325305,660,660,-660
07/31/2025 22:35,SCH - PJM_VFT,325658,315,315,-315
07/31/2025 22:35,SPR/DUN-SOUTH,23320,2459.18,4600,-9999
07/31/2025 22:35,TOTAL EAST,23314,2654.24,7550,-9999
07/31/2025 22:35,UPNY CONED,23315,3807.77,7320,-9999
07/31/2025 22:35,WEST CENTRAL,23312,156.68,9999,-9999
07/31/2025 22:40,CENTRAL EAST - VC,23330,1702.3,3065,-9999
07/31/2025 22:40,DYSINGER EAST,23326,607.25,2850,-9999
07/31/2025 22:40,MOSES SOUTH,23319,-42.59,3150,-1600
07/31/2025 22:40,SCH - HQ - NY,23324,-275,1450,-275
07/31/2025 22:40,SCH - HQ_CEDARS,325274,-40,270,-40
07/31/2025 22:40,SCH - HQ_IMPORT_EXPORT,325376,-275,1310,-9999
07/31/2025 22:40,SCH - NE - NY,23318,-748.71,1400,-1600
07/31/2025 22:40,SCH - NPX_1385,325277,71,125,-125
07/31/2025 22:40,SCH - NPX_CSC,325154,330,330,-330
07/31/2025 22:40,SCH - OH - NY,23317,1160.08,2000,-1600
07/31/2025 22:40,SCH - PJ - NY,23316,561.32,2000,-1050
07/31/2025 22:40,SCH - PJM_HTP,325905,660,660,-660
07/31/2025 22:40,SCH - PJM_NEPTUNE,325305,660,660,-660
07/31/2025 22:40,SCH - PJM_VFT,325658,315,315,-315
07/31/2025 22:40,SPR/DUN-SOUTH,23320,2509.64,4600,-9999
07/31/2025 22:40,TOTAL EAST,23314,2691.23,7550,-9999
07/31/2025 22:40,UPNY CONED,23315,3816.87,7320,-9999
07/31/2025 22:40,WEST CENTRAL,23312,144.99,9999,-9999
07/31/2025 22:45,CENTRAL EAST - VC,23330,1704.22,3065,-9999
07/31/2025 22:45,DYSINGER EAST,23326,587.25,2850,-9999
07/31/2025 22:45,MOSES SOUTH,23319,-67.05,3150,-1600
07/31/2025 22:45,SCH - HQ - NY,23324,-275,1450,-275
07/31/2025 22:45,SCH - HQ_CEDARS,325274,-40,270,-40
07/31/2025 22:45,SCH - HQ_IMPORT_EXPORT,325376,-275,1310,-9999
07/31/2025 22:45,SCH - NE - NY,23318,-748.64,1400,-1600
07/31/2025 22:45,SCH - NPX_1385,325277,71,125,-125
07/31/2025 22:45,SCH - NPX_CSC,325154,330,330,-330
07/31/2025 22:45,SCH - OH - NY,23317,1160.16,2000,-1600
07/31/2025 22:45,SCH - PJ - NY,23316,560.67,2000,-1050
07/31/2025 22:45,SCH - PJM_HTP,325905,660,660,-660
07/31/2025 22:45,SCH - PJM_NEPTUNE,325305,660,660,-660
07/31/2025 22:45,SCH - PJM_VFT,325658,315,315,-315
07/31/2025 22:45,SPR/DUN-SOUTH,23320,2493.32,4600,-9999
07/31/2025 22:45,TOTAL EAST,23314,2747.19,7550,-9999
07/31/2025 22:45,UPNY CONED,23315,3811.89,7320,-9999
07/31/2025 22:45,WEST CENTRAL,23312,133.27,9999,-9999
07/31/2025 22:50,CENTRAL EAST - VC,23330,1648.73,3065,-9999
07/31/2025 22:50,DYSINGER EAST,23326,501.98,2850,-9999
07/31/2025 22:50,MOSES SOUTH,23319,-64.49,3150,-1600
07/31/2025 22:50,SCH - HQ - NY,23324,-275,1450,-275
07/31/2025 22:50,SCH - HQ_CEDARS,325274,-40,270,-40
07/31/2025 22:50,SCH - HQ_IMPORT_EXPORT,325376,-275,1310,-9999
07/31/2025 22:50,SCH - NE - NY,23318,-748.74,1400,-1600
07/31/2025 22:50,SCH - NPX_1385,325277,71,125,-125
07/31/2025 22:50,SCH - NPX_CSC,325154,330,330,-330
07/31/2025 22:50,SCH - OH - NY,23317,1160.17,2000,-1600
07/31/2025 22:50,SCH - PJ - NY,23316,560.08,2000,-1050
07/31/2025 22:50,SCH - PJM_HTP,325905,660,660,-660
07/31/2025 22:50,SCH - PJM_NEPTUNE,325305,660,660,-660
07/31/2025 22:50,SCH - PJM_VFT,325658,315,315,-315
07/31/2025 22:50,SPR/DUN-SOUTH,23320,2469.52,4600,-9999
07/31/2025 22:50,TOTAL EAST,23314,2678.47,7550,-9999
07/31/2025 22:50,UPNY CONED,23315,3788.33,7320,-9999
07/31/2025 22:50,WEST CENTRAL,23312,57.22,9999,-9999
07/31/2025 22:55,CENTRAL EAST - VC,23330,1631.17,3065,-9999
07/31/2025 22:55,DYSINGER EAST,23326,421.8,2850,-9999
07/31/2025 22:55,MOSES SOUTH,23319,-72.47,3150,-1600
07/31/2025 22:55,SCH - HQ - NY,23324,-275,1450,-275
07/31/2025 22:55,SCH - HQ_CEDARS,325274,-40,270,-40
07/31/2025 22:55,SCH - HQ_IMPORT_EXPORT,325376,-275,1310,-9999
07/31/2025 22:55,SCH - NE - NY,23318,-748.8,1400,-1600
07/31/2025 22:55,SCH - NPX_1385,325277,71,125,-125
07/31/2025 22:55,SCH - NPX_CSC,325154,330,330,-330
07/31/2025 22:55,SCH - OH - NY,23317,1160.11,2000,-1600
07/31/2025 22:55,SCH - PJ - NY,23316,562.2,2000,-1050
07/31/2025 22:55,SCH - PJM_HTP,325905,660,660,-660
07/31/2025 22:55,SCH - PJM_NEPTUNE,325305,660,660,-660
07/31/2025 22:55,SCH - PJM_VFT,325658,315,315,-315
07/31/2025 22:55,SPR/DUN-SOUTH,23320,2366.21,4600,-9999
07/31/2025 22:55,TOTAL EAST,23314,2570.97,7550,-9999
07/31/2025 22:55,UPNY CONED,23315,3715.95,7320,-9999
07/31/2025 22:55,WEST CENTRAL,23312,-19.09,9999,-9999
07/31/2025 22:59,CENTRAL EAST - VC,23330,1676.38,3065,-9999
07/31/2025 22:59,DYSINGER EAST,23326,758.24,2850,-9999
07/31/2025 22:59,MOSES SOUTH,23319,-136.5,3150,-1600
07/31/2025 22:59,SCH - HQ - NY,23324,-275,1450,-275
07/31/2025 22:59,SCH - HQ_CEDARS,325274,-40,270,-40
07/31/2025 22:59,SCH - HQ_IMPORT_EXPORT,325376,-275,1310,-9999
07/31/2025 22:59,SCH - NE - NY,23318,-651.73,1400,-1600
07/31/2025 22:59,SCH - NPX_1385,325277,71,125,-125
07/31/2025 22:59,SCH - NPX_CSC,325154,330,330,-330
07/31/2025 22:59,SCH - OH - NY,23317,1256.07,2000,-1600
07/31/2025 22:59,SCH - PJ - NY,23316,625.98,2000,-1050
07/31/2025 22:59,SCH - PJM_HTP,325905,660,660,-660
07/31/2025 22:59,SCH - PJM_NEPTUNE,325305,660,660,-660
07/31/2025 22:59,SCH - PJM_VFT,325658,315,315,-315
07/31/2025 22:59,SPR/DUN-SOUTH,23320,2555.06,4600,-9999
07/31/2025 22:59,TOTAL EAST,23314,2737.09,7550,-9999
07/31/2025 22:59,UPNY CONED,23315,3833.86,7320,-9999
07/31/2025 22:59,WEST CENTRAL,23312,312.71,9999,-9999
07/31/2025 23:00,CENTRAL EAST - VC,23330,1565.34,3065,-9999
07/31/2025 23:00,CENTRAL EAST - VC,23330,1586.17,3065,-9999
07/31/2025 23:00,DYSINGER EAST,23326,511.46,2850,-9999
07/31/2025 23:00,DYSINGER EAST,23326,454.76,2850,-9999
07/31/2025 23:00,MOSES SOUTH,23319,-141.16,3150,-1600
07/31/2025 23:00,MOSES SOUTH,23319,-138.11,3150,-1600
07/31/2025 23:00,SCH - HQ - NY,23324,-275,1450,-275
07/31/2025 23:00,SCH - HQ - NY,23324,-275,1450,-275
07/31/2025 23:00,SCH - HQ_CEDARS,325274,-40,270,-40
07/31/2025 23:00,SCH - HQ_CEDARS,325274,-40,270,-40
07/31/2025 23:00,SCH - HQ_IMPORT_EXPORT,325376,-275,1310,-9999
07/31/2025 23:00,SCH - HQ_IMPORT_EXPORT,325376,-275,1310,-9999
07/31/2025 23:00,SCH - NE - NY,23318,-627.84,1400,-1600
07/31/2025 23:00,SCH - NE - NY,23318,-627.88,1400,-1600
07/31/2025 23:00,SCH - NPX_1385,325277,71,125,-125
07/31/2025 23:00,SCH - NPX_1385,325277,71,125,-125
07/31/2025 23:00,SCH - NPX_CSC,325154,330,330,-330
07/31/2025 23:00,SCH - NPX_CSC,325154,330,330,-330
07/31/2025 23:00,SCH - OH - NY,23317,1280.09,2000,-1600
07/31/2025 23:00,SCH - OH - NY,23317,1280.07,2000,-1600
07/31/2025 23:00,SCH - PJ - NY,23316,640.67,2000,-1050
07/31/2025 23:00,SCH - PJ - NY,23316,641.29,2000,-1050
07/31/2025 23:00,SCH - PJM_HTP,325905,660,660,-660
07/31/2025 23:00,SCH - PJM_HTP,325905,660,660,-660
07/31/2025 23:00,SCH - PJM_NEPTUNE,325305,660,660,-660
07/31/2025 23:00,SCH - PJM_NEPTUNE,325305,660,660,-660
07/31/2025 23:00,SCH - PJM_VFT,325658,315,315,-315
07/31/2025 23:00,SCH - PJM_VFT,325658,315,315,-315
07/31/2025 23:00,SPR/DUN-SOUTH,23320,2553.12,4600,-9999
07/31/2025 23:00,SPR/DUN-SOUTH,23320,2458,4600,-9999
07/31/2025 23:00,TOTAL EAST,23314,2573.42,7550,-9999
07/31/2025 23:00,TOTAL EAST,23314,2548.52,7550,-9999
07/31/2025 23:00,UPNY CONED,23315,3847.42,7320,-9999
07/31/2025 23:00,UPNY CONED,23315,3924.97,7320,-9999
07/31/2025 23:00,WEST CENTRAL,23312,72.8,9999,-9999
07/31/2025 23:00,WEST CENTRAL,23312,20.61,9999,-9999
07/31/2025 23:10,CENTRAL EAST - VC,23330,1657.08,3065,-9999
07/31/2025 23:10,DYSINGER EAST,23326,541.54,2850,-9999
07/31/2025 23:10,MOSES SOUTH,23319,-123.11,3150,-1600
07/31/2025 23:10,SCH - HQ - NY,23324,-275,1450,-275
07/31/2025 23:10,SCH - HQ_CEDARS,325274,-40,270,-40
07/31/2025 23:10,SCH - HQ_IMPORT_EXPORT,325376,-275,1310,-9999
07/31/2025 23:10,SCH - NE - NY,23318,-508.05,1400,-1600
07/31/2025 23:10,SCH - NPX_1385,325277,70,125,-125
07/31/2025 23:10,SCH - NPX_CSC,325154,330,330,-330
07/31/2025 23:10,SCH - OH - NY,23317,1400.07,2000,-1600
07/31/2025 23:10,SCH - PJ - NY,23316,728.67,2000,-1050
07/31/2025 23:10,SCH - PJM_HTP,325905,660,660,-660
07/31/2025 23:10,SCH - PJM_NEPTUNE,325305,660,660,-660
07/31/2025 23:10,SCH - PJM_VFT,325658,315,315,-315
07/31/2025 23:10,SPR/DUN-SOUTH,23320,2758.37,4600,-9999
07/31/2025 23:10,TOTAL EAST,23314,2705.68,7550,-9999
07/31/2025 23:10,UPNY CONED,23315,4117.17,7320,-9999
07/31/2025 23:10,WEST CENTRAL,23312,117.25,9999,-9999
07/31/2025 23:15,CENTRAL EAST - VC,23330,1550.57,3065,-9999
07/31/2025 23:15,DYSINGER EAST,23326,520.49,2850,-9999
07/31/2025 23:15,MOSES SOUTH,23319,-149.73,3150,-1600
07/31/2025 23:15,SCH - HQ - NY,23324,-275,1450,-275
07/31/2025 23:15,SCH - HQ_CEDARS,325274,-40,270,-40
07/31/2025 23:15,SCH - HQ_IMPORT_EXPORT,325376,-275,1310,-9999
07/31/2025 23:15,SCH - NE - NY,23318,-495.38,1400,-1600
07/31/2025 23:15,SCH - NPX_1385,325277,70,125,-125
07/31/2025 23:15,SCH - NPX_CSC,325154,330,330,-330
07/31/2025 23:15,SCH - OH - NY,23317,1400.14,2000,-1600
07/31/2025 23:15,SCH - PJ - NY,23316,727.31,2000,-1050
07/31/2025 23:15,SCH - PJM_HTP,325905,660,660,-660
07/31/2025 23:15,SCH - PJM_NEPTUNE,325305,660,660,-660
07/31/2025 23:15,SCH - PJM_VFT,325658,315,315,-315
07/31/2025 23:15,SPR/DUN-SOUTH,23320,2550.24,4600,-9999
07/31/2025 23:15,TOTAL EAST,23314,2650.42,7550,-9999
07/31/2025 23:15,UPNY CONED,23315,3909.04,7320,-9999
07/31/2025 23:15,WEST CENTRAL,23312,102.55,9999,-9999
07/31/2025 23:20,CENTRAL EAST - VC,23330,1627.97,3065,-9999
07/31/2025 23:20,DYSINGER EAST,23326,551.28,2850,-9999
07/31/2025 23:20,MOSES SOUTH,23319,-126.16,3150,-1600
07/31/2025 23:20,SCH - HQ - NY,23324,-275,1450,-275
07/31/2025 23:20,SCH - HQ_CEDARS,325274,-40,270,-40
07/31/2025 23:20,SCH - HQ_IMPORT_EXPORT,325376,-275,1310,-9999
07/31/2025 23:20,SCH - NE - NY,23318,-482.61,1400,-1600
07/31/2025 23:20,SCH - NPX_1385,325277,70,125,-125
07/31/2025 23:20,SCH - NPX_CSC,325154,330,330,-330
07/31/2025 23:20,SCH - OH - NY,23317,1395.72,2000,-1600
07/31/2025 23:20,SCH - PJ - NY,23316,733.97,2000,-1050
07/31/2025 23:20,SCH - PJM_HTP,325905,660,660,-660
07/31/2025 23:20,SCH - PJM_NEPTUNE,325305,660,660,-660
07/31/2025 23:20,SCH - PJM_VFT,325658,315,315,-315
07/31/2025 23:20,SPR/DUN-SOUTH,23320,2554.05,4600,-9999
07/31/2025 23:20,TOTAL EAST,23314,2699.96,7550,-9999
07/31/2025 23:20,UPNY CONED,23315,3920.9,7320,-9999
07/31/2025 23:20,WEST CENTRAL,23312,140.79,9999,-9999
07/31/2025 23:25,CENTRAL EAST - VC,23330,1544.84,3065,-9999
07/31/2025 23:25,DYSINGER EAST,23326,480.23,2850,-9999
07/31/2025 23:25,MOSES SOUTH,23319,-91.16,3150,-1600
07/31/2025 23:25,SCH - HQ - NY,23324,-275,1450,-275
07/31/2025 23:25,SCH - HQ_CEDARS,325274,-40,270,-40
07/31/2025 23:25,SCH - HQ_IMPORT_EXPORT,325376,-275,1310,-9999
07/31/2025 23:25,SCH - NE - NY,23318,-482.37,1400,-1600
07/31/2025 23:25,SCH - NPX_1385,325277,70,125,-125
07/31/2025 23:25,SCH - NPX_CSC,325154,330,330,-330
07/31/2025 23:25,SCH - OH - NY,23317,1396.83,2000,-1600
07/31/2025 23:25,SCH - PJ - NY,23316,731.92,2000,-1050
07/31/2025 23:25,SCH - PJM_HTP,325905,660,660,-660
07/31/2025 23:25,SCH - PJM_NEPTUNE,325305,660,660,-660
07/31/2025 23:25,SCH - PJM_VFT,325658,315,315,-315
07/31/2025 23:25,SPR/DUN-SOUTH,23320,2336.8,4600,-9999
07/31/2025 23:25,TOTAL EAST,23314,2676.32,7550,-9999
07/31/2025 23:25,UPNY CONED,23315,3657.76,7320,-9999
07/31/2025 23:25,WEST CENTRAL,23312,75.77,9999,-9999
07/31/2025 23:30,CENTRAL EAST - VC,23330,1584.75,3065,-9999
07/31/2025 23:30,DYSINGER EAST,23326,488.86,2850,-9999
07/31/2025 23:30,MOSES SOUTH,23319,-96.63,3150,-1600
07/31/2025 23:30,SCH - HQ - NY,23324,-275,1450,-275
07/31/2025 23:30,SCH - HQ_CEDARS,325274,-40,270,-40
07/31/2025 23:30,SCH - HQ_IMPORT_EXPORT,325376,-275,1310,-9999
07/31/2025 23:30,SCH - NE - NY,23318,-490.43,1400,-1600
07/31/2025 23:30,SCH - NPX_1385,325277,70,125,-125
07/31/2025 23:30,SCH - NPX_CSC,325154,330,330,-330
07/31/2025 23:30,SCH - OH - NY,23317,1400.06,2000,-1600
07/31/2025 23:30,SCH - PJ - NY,23316,727.75,2000,-1050
07/31/2025 23:30,SCH - PJM_HTP,325905,660,660,-660
07/31/2025 23:30,SCH - PJM_NEPTUNE,325305,660,660,-660
07/31/2025 23:30,SCH - PJM_VFT,325658,315,315,-315
07/31/2025 23:30,SPR/DUN-SOUTH,23320,2261.21,4600,-9999
07/31/2025 23:30,TOTAL EAST,23314,2728.5,7550,-9999
07/31/2025 23:30,UPNY CONED,23315,3622.92,6950,-9999
07/31/2025 23:30,WEST CENTRAL,23312,90.29,9999,-9999
07/31/2025 23:35,CENTRAL EAST - VC,23330,1662.8,3065,-9999
07/31/2025 23:35,DYSINGER EAST,23326,533.4,2850,-9999
07/31/2025 23:35,MOSES SOUTH,23319,-87.09,3150,-1600
07/31/2025 23:35,SCH - HQ - NY,23324,-275,1450,-275
07/31/2025 23:35,SCH - HQ_CEDARS,325274,-40,270,-40
07/31/2025 23:35,SCH - HQ_IMPORT_EXPORT,325376,-275,1310,-9999
07/31/2025 23:35,SCH - NE - NY,23318,-498.63,1400,-1600
07/31/2025 23:35,SCH - NPX_1385,325277,70,125,-125
07/31/2025 23:35,SCH - NPX_CSC,325154,330,330,-330
07/31/2025 23:35,SCH - OH - NY,23317,1395.16,2000,-1600
07/31/2025 23:35,SCH - PJ - NY,23316,735.52,2000,-1050
07/31/2025 23:35,SCH - PJM_HTP,325905,660,660,-660
07/31/2025 23:35,SCH - PJM_NEPTUNE,325305,660,660,-660
07/31/2025 23:35,SCH - PJM_VFT,325658,315,315,-315
07/31/2025 23:35,SPR/DUN-SOUTH,23320,2484.62,4600,-9999
07/31/2025 23:35,TOTAL EAST,23314,2796.6,7550,-9999
07/31/2025 23:35,UPNY CONED,23315,3835.62,6950,-9999
07/31/2025 23:35,WEST CENTRAL,23312,140.21,9999,-9999
07/31/2025 23:40,CENTRAL EAST - VC,23330,1640.32,3065,-9999
07/31/2025 23:40,DYSINGER EAST,23326,511.37,2850,-9999
07/31/2025 23:40,MOSES SOUTH,23319,-69.8,3150,-1600
07/31/2025 23:40,SCH - HQ - NY,23324,-275,1450,-275
07/31/2025 23:40,SCH - HQ_CEDARS,325274,-40,270,-40
07/31/2025 23:40,SCH - HQ_IMPORT_EXPORT,325376,-275,1310,-9999
07/31/2025 23:40,SCH - NE - NY,23318,-498.62,1400,-1600
07/31/2025 23:40,SCH - NPX_1385,325277,70,125,-125
07/31/2025 23:40,SCH - NPX_CSC,325154,330,330,-330
07/31/2025 23:40,SCH - OH - NY,23317,1400.04,2000,-1600
07/31/2025 23:40,SCH - PJ - NY,23316,731.61,2000,-1050
07/31/2025 23:40,SCH - PJM_HTP,325905,660,660,-660
07/31/2025 23:40,SCH - PJM_NEPTUNE,325305,660,660,-660
07/31/2025 23:40,SCH - PJM_VFT,325658,315,315,-315
07/31/2025 23:40,SPR/DUN-SOUTH,23320,2578.61,4600,-9999
07/31/2025 23:40,TOTAL EAST,23314,2804.01,7550,-9999
07/31/2025 23:40,UPNY CONED,23315,3923.36,6950,-9999
07/31/2025 23:40,WEST CENTRAL,23312,120.38,9999,-9999
07/31/2025 23:45,CENTRAL EAST - VC,23330,1619.07,3065,-9999
07/31/2025 23:45,DYSINGER EAST,23326,479.61,2850,-9999
07/31/2025 23:45,MOSES SOUTH,23319,-55.32,3150,-1600
07/31/2025 23:45,SCH - HQ - NY,23324,-275,1450,-275
07/31/2025 23:45,SCH - HQ_CEDARS,325274,-40,270,-40
07/31/2025 23:45,SCH - HQ_IMPORT_EXPORT,325376,-275,1310,-9999
07/31/2025 23:45,SCH - NE - NY,23318,-498.44,1400,-1600
07/31/2025 23:45,SCH - NPX_1385,325277,70,125,-125
07/31/2025 23:45,SCH - NPX_CSC,325154,330,330,-330
07/31/2025 23:45,SCH - OH - NY,23317,1400.05,2000,-1600
07/31/2025 23:45,SCH - PJ - NY,23316,668.37,2000,-1050
07/31/2025 23:45,SCH - PJM_HTP,325905,660,660,-660
07/31/2025 23:45,SCH - PJM_NEPTUNE,325305,660,660,-660
07/31/2025 23:45,SCH - PJM_VFT,325658,315,315,-315
07/31/2025 23:45,SPR/DUN-SOUTH,23320,2558.85,4600,-9999
07/31/2025 23:45,TOTAL EAST,23314,2773.16,7550,-9999
07/31/2025 23:45,UPNY CONED,23315,3874.87,6950,-9999
07/31/2025 23:45,WEST CENTRAL,23312,94.91,9999,-9999
07/31/2025 23:50,CENTRAL EAST - VC,23330,1585.59,3065,-9999
07/31/2025 23:50,DYSINGER EAST,23326,466.24,2850,-9999
07/31/2025 23:50,MOSES SOUTH,23319,-51.18,3150,-1600
07/31/2025 23:50,SCH - HQ - NY,23324,-275,1450,-275
07/31/2025 23:50,SCH - HQ_CEDARS,325274,-40,270,-40
07/31/2025 23:50,SCH - HQ_IMPORT_EXPORT,325376,-275,1310,-9999
07/31/2025 23:50,SCH - NE - NY,23318,-498.49,1400,-1600
07/31/2025 23:50,SCH - NPX_1385,325277,70,125,-125
07/31/2025 23:50,SCH - NPX_CSC,325154,330,330,-330
07/31/2025 23:50,SCH - OH - NY,23317,1400.03,2000,-1600
07/31/2025 23:50,SCH - PJ - NY,23316,609.31,2000,-1050
07/31/2025 23:50,SCH - PJM_HTP,325905,660,660,-660
07/31/2025 23:50,SCH - PJM_NEPTUNE,325305,660,660,-660
07/31/2025 23:50,SCH - PJM_VFT,325658,315,315,-315
07/31/2025 23:50,SPR/DUN-SOUTH,23320,2537.58,4600,-9999
07/31/2025 23:50,TOTAL EAST,23314,2715.48,7550,-9999
07/31/2025 23:50,UPNY CONED,23315,3862.52,6950,-9999
07/31/2025 23:50,WEST CENTRAL,23312,86.62,9999,-9999
07/31/2025 23:55,CENTRAL EAST - VC,23330,1540.34,3065,-9999
07/31/2025 23:55,DYSINGER EAST,23326,384.95,2850,-9999
07/31/2025 23:55,MOSES SOUTH,23319,-45.79,3150,-1600
07/31/2025 23:55,SCH - HQ - NY,23324,-275,1450,-275
07/31/2025 23:55,SCH - HQ_CEDARS,325274,-40,270,-40
07/31/2025 23:55,SCH - HQ_IMPORT_EXPORT,325376,-275,1310,-9999
07/31/2025 23:55,SCH - NE - NY,23318,-498.37,1400,-1600
07/31/2025 23:55,SCH - NPX_1385,325277,70,125,-125
07/31/2025 23:55,SCH - NPX_CSC,325154,330,330,-330
07/31/2025 23:55,SCH - OH - NY,23317,1400.01,2000,-1600
07/31/2025 23:55,SCH - PJ - NY,23316,610.4,2000,-1050
07/31/2025 23:55,SCH - PJM_HTP,325905,660,660,-660
07/31/2025 23:55,SCH - PJM_NEPTUNE,325305,660,660,-660
07/31/2025 23:55,SCH - PJM_VFT,325658,315,315,-315
07/31/2025 23:55,SPR/DUN-SOUTH,23320,2347.67,4600,-9999
07/31/2025 23:55,TOTAL EAST,23314,2664.53,7550,-9999
07/31/2025 23:55,UPNY CONED,23315,3654.61,6950,-9999
07/31/2025 23:55,WEST CENTRAL,23312,13.1,9999,-9999
